hour,category,product_code,product_name,crawled_price,fixed_price,baseline,removed
08,gpu,76331279,MANLI 지포스 RTX 5090 Stellar OC D7 32GB 인텍앤컴퍼니,6211050,13000000,13000000,TH201:6211060
08,gpu,99896525,갤럭시 GALAX 지포스 RTX 5060 BLACK OC V2 D7 8GB DUAL HDMI,576000,1061000,1061000,TH201:576000
08,gpu,99896534,갤럭시 GALAZ 지포스 RTX 5060 BLACK OC V2 D7 8GB DUAL HDMI,576000,1061000,1061000,TH201:576000
08,gpu,78842921,MSI 지포스 RTX 5070 Ti 쉐도우 3X OC D7 16GB,1486900,2733500,2733500,TH201:1486900
08,gpu,75373796,ASUS PRIME 지포스 RTX 5080 OC D7 16GB 인텍앤컴퍼니,1554550,2803740,2803740,TH201:1554550
08,gpu,93446051,ASUS DUAL 지포스 RTX 5070 OC D7 12GB 대원씨티에스,821070,1479000,1479000,TH201:821070
08,gpu,75375185,ASUS ROG Astral 지포스 RTX 5080 OC D7 16GB 대원씨티에스,2303990,4018000,4018000,TH201:2303990
08,gpu,92678951,ASUS DUAL 지포스 RTX 5070 OC D7 12GB 인텍앤컴퍼니,812790,1367220,1367220,TH201:812790
08,gpu,90956117,MSI 지포스 RTX 5060 게이밍 OC D7 8GB 트윈프로져,1849110,3091980,3091980,TH201:1849110
08,gpu,75373694,ASUS ROG Astral 지포스 RTX 5080 OC D7 16GB 인텍앤컴퍼니,2311150,3860430,3860430,TH201:2311150
08,gpu,76508576,COLORFUL iGame 지포스 RTX 5080 Vulcan OC D7 16GB 피씨디렉트,2127200,3540000,3540000,TH201:2127200
08,gpu,77382896,GIGABYTE 라데온 RX 9070 XT GAMING OC D6 16GB 제이씨현,878430,1455860,1455860,TH201:878430
08,gpu,77461619,ASUS PRIME 지포스 RTX 5070 OC D7 12GB 인텍앤컴퍼니,847420,1396500,1381130,TH201:847420
08,gpu,90701579,ASRock 라데온 RX 9070 XT 스틸레전드 DARK D6 16GB 대원씨티에스,934390,1518630,1518630,TH201:934390
08,gpu,91909781,ASRock 라데온 RX 9060 XT 스틸레전드 OC D6 16GB 대원씨티에스,546030,884670,884670,TH201:546030
08,gpu,92153132,갤럭시 GALAZ 지포스 RTX 5060 WHITE OC D7 8GB,656000,1061000,1061000,TH201:656000
08,gpu,90956867,MANLI 지포스 RTX 5060 Polar Fox D7 OC 8GB 대원씨티에스,425870,688200,688200,TH201:425870
08,gpu,92892671,XFX 라데온 RX 9060 XT SWIFT DUAL WHITE OC D6 16GB,519530,833860,833860,TH201:519530
08,gpu,76550837,MSI 지포스 RTX 5070 Ti 벤투스 3X OC D7 16GB,1189750,1899000,1899000,TH201:1189750
08,gpu,95985854,ASUS DUAL 라데온 RX 9060 D6 8GB 대원씨티에스,364700,581510,581510,TH201:364700
08,gpu,75184271,GIGABYTE 지포스 RTX 5080 WINDFORCE OC SFF D7 16GB 제이씨현,1534160,2445900,2445900,TH201:1534160
08,gpu,79578347,XFX 라데온 RX 9070 XT QUICKSILVER D6 16GB,928820,1454830,1454830,TH201:928820
08,gpu,122709552,COLORFUL iGame 지포스 RTX 5060 ULTRA DUO OC D7 8GB 도우정보,486080,759990,759990,TH201:486080
08,gpu,77020520,이엠텍 지포스 RTX 5070 Ti MIRACLE WHITE D7 16GB,1343990,2100000,2100000,TH201:1343990
08,gpu,75536942,MANLI 지포스 RTX 5080 Polar Fox OC D7 16GB 인텍앤컴퍼니,1566720,2448000,2448000,TH201:1566720
08,gpu,77379233,MANLI 지포스 RTX 5070 Nebula D7 12GB 대원씨티에스,825600,1290000,1290000,TH201:825600
08,gpu,108418766,COLORFUL 지포스 RTX 5060 Ti GAMING DUO D7 16GB 도우정보,755200,1179990,1179990,TH201:755200
08,gpu,122709701,COLORFUL iGame 지포스 RTX 5060 ULTRA OC D7 8GB 도우정보,496000,774990,774990,TH201:496000
08,gpu,91909511,SAPPHIRE 라데온 RX 9060 XT PURE OC D6 16GB,548150,851500,851500,TH201:548150
08,gpu,99288146,GIGABYTE 라데온 RX 9070 XT GAMING OC ICE D6 16GB 피씨디렉트,933740,1448600,1448600,TH201:933740
08,gpu,91909763,ASRock 라데온 RX 9060 XT CHALLENGER OC D6 16GB 대원씨티에스,510690,790040,790040,TH201:510690
08,gpu,81716594,GAINWARD 지포스 RTX 5060 Ti 고스트 D7 8GB,504950,778930,778930,TH201:504950
08,gpu,122684820,SAPPHIRE 라데온 RX 9070 GRE PULSE OC D6 12GB,629710,968840,968840,TH201:629710
08,gpu,91909427,SAPPHIRE 라데온 RX 9060 XT NITRO+ OC D6 16GB,591310,909000,909000,TH201:591310
08,gpu,91909166,XFX 라데온 RX 9060 XT SWIFT DUAL WHITE OC D6 8GB,418090,641750,641750,TH201:418090
08,gpu,106736336,COLORFUL 지포스 RTX 5060 Ti GAMING DUO D7 8GB 도우정보,512000,784130,784130,TH201:512000
08,gpu,92889065,ZOTAC GAMING 지포스 RTX 5070 Ti SOLID CORE OC White D7 16GB,1567200,2399000,2399000,TH201:1567200
08,gpu,77015564,MANLI 지포스 RTX 5070 Ti Nebula D7 16GB 대원씨티에스,1203190,1839000,1839000,TH201:1203190
08,gpu,77312543,GIGABYTE 지포스 RTX 5070 EAGLE OC ICE SFF D7 12GB 피씨디렉트,869760,1329180,1329180,TH201:869760
08,gpu,75184262,GIGABYTE AORUS 지포스 RTX 5080 MASTER ICE D7 16GB 제이씨현,2439970,3720000,3720000,TH201:2439970
08,gpu,92358173,ZOTAC GAMING 지포스 RTX 5070 Ti SOLID CORE OC D7 16GB,1567200,2389000,2389000,TH201:1567200
08,gpu,106694891,SAPPHIRE 라데온 RX 9070 XT NITRO+ OC D6 16GB 붉은사막 에디션,1052780,1597090,1597090,TH201:1052780
08,gpu,99128543,GIGABYTE 라데온 RX 9070 XT GAMING OC ICE D6 16GB 제이씨현,959340,1447250,1447250,TH201:959340
08,gpu,122700116,ASUS PRIME 지포스 RTX 5080 EVO OC D7 16GB 대원씨티에스,1919200,2890930,2890930,TH201:1919200
08,gpu,77380787,MANLI 지포스 RTX 5070 Stellar OC D7 12GB 인텍앤컴퍼니,979200,1469000,1469000,TH201:979200
08,gpu,75375293,ASUS TUF Gaming 지포스 RTX 5080 OC D7 16GB 대원씨티에스,2559180,3799000,3799000,TH201:2559180
08,gpu,75184280,GIGABYTE 지포스 RTX 5090 GAMING OC D7 32GB 제이씨현,6255810,9284900,9284900,TH201:6255810
08,gpu,75184277,GIGABYTE AORUS 지포스 RTX 5090 MASTER ICE D7 32GB 제이씨현,6399180,9439500,9439500,TH201:6399180
08,gpu,75375560,ASUS TUF Gaming 지포스 RTX 5090 D7 32GB 대원씨티에스,6359990,9290000,9290000,TH201:6359990
08,gpu,77318285,ASRock 라데온 RX 9070 XT 스틸레전드 D6 16GB 대원씨티에스,959330,1381150,1381150,TH201:959330
08,gpu,122829866,PNY 지포스 RTX 5060 D7 8GB Dual Fan 제이씨현,509200,729000,729000,TH201:509200
08,gpu,93382082,MANLI 지포스 RTX 5050 Nebula D6 8GB 대원씨티에스,419870,599000,599000,TH201:419870
08,gpu,95206529,PNY 지포스 RTX 5060 Ti OC D7 8GB Dual Fan 제이씨현,485440,690000,690000,TH201:485440
08,gpu,91769021,PALIT 지포스 RTX 5070 GAMINGPRO-S D7 12GB 이엠텍,982880,1391760,1391760,TH201:982880
08,gpu,75184283,GIGABYTE 지포스 RTX 5090 WINDFORCE OC D7 32GB 제이씨현,6363620,8990000,8990000,TH201:6363620
08,gpu,95423255,MANLI 지포스 RTX 5070 Polar Fox OC V2 D7 12GB 대원씨티에스,1063150,1501920,1501920,TH201:1063150
08,gpu,75536696,GIGABYTE AORUS 지포스 RTX 5090 XTREME 워터포스 D7 32GB 제이씨현,6336400,8930430,8930430,TH201:6336400
08,gpu,95423684,갤럭시 GALAZ 지포스 RTX 5070 Ti HOF GAMING BLACK D7 16GB,1831990,2581500,2581500,TH201:1831990
08,gpu,93704759,GIGABYTE 지포스 RTX 5060 Ti WINDFORCE MAX OC D7 8GB 피씨디렉트,543190,761370,761370,TH201:543190
08,gpu,122726759,ASUS DUAL 지포스 RTX 5060 Ti OC D7 8GB 코잇,658800,920980,920980,TH201:658800
08,gpu,91871504,ASUS DUAL 라데온 RX 9060 XT D6 8GB 대원씨티에스,499010,697500,697500,TH201:499010
08,gpu,75374105,ASUS TUF Gaming 지포스 RTX 5080 OC D7 16GB 인텍앤컴퍼니,2719190,3799000,3799000,TH201:2719190
08,gpu,75074258,GIGABYTE AORUS 지포스 RTX 5080 MASTER ICE D7 16GB 피씨디렉트,2371150,3299370,3299370,TH201:2371150
08,gpu,85674647,갤럭시 GALAX 지포스 RTX 5060 Ti WHITE OC D7 8GB,670390,931990,931990,TH201:670390
08,gpu,94521011,갤럭시 GALAX 지포스 RTX 5070 Ti HOF GAMING D7 16GB,1784000,2478700,2478700,TH201:1784000
08,gpu,93698783,GIGABYTE 지포스 RTX 5050 GAMING OC D6 8GB 제이씨현,466650,643000,643000,TH201:466650
08,gpu,77319749,갤럭시 GALAX 지포스 RTX 5070 WHITE OC D7 12GB,1062390,1455600,1455600,TH201:1062390
08,gpu,92971433,PNY 지포스 RTX 5060 OC D7 8GB Dual Fan 제이씨현,515980,705090,705090,TH201:515980
08,gpu,93382217,MANLI 지포스 RTX 5050 Polar Fox OC D6 8GB 대원씨티에스,442000,600000,600000,TH201:442000
08,gpu,75074405,GIGABYTE AORUS 지포스 RTX 5080 XTREME 워터포스 D7 16GB 피씨디렉트,2311190,3127410,3127410,TH201:2311190
08,gpu,82443086,ASUS DUAL 지포스 RTX 5060 TI OC D7 16GB 인텍앤컴퍼니,992900,1328150,1328150,TH201:992900
08,gpu,93861539,ASUS DUAL 지포스 RTX 5060 D7 8GB 인텍앤컴퍼니,574260,765000,765000,TH201:574260
08,gpu,90644597,MANLI 지포스 RTX 5060 Polar Fox D7 OC 8GB 인텍앤컴퍼니,544100,723800,723800,TH201:544100
08,gpu,100270736,INNO3D 지포스 RTX 5060 OC V2 D7 8GB TWIN X2,519190,688900,688900,TH201:519190
08,gpu,99742778,갤럭시 GALAX 지포스 RTX 5050 WHITE OC D6 8GB DUAL HDMI,433600,575000,575000,TH201:433600
08,gpu,99128558,GIGABYTE 라데온 RX 9060 XT Gaming OC ICE D6 16GB 제이씨현,631990,837000,837000,TH201:631990
08,gpu,77380469,MANLI 지포스 RTX 5070 Nebula D7 12GB 인텍앤컴퍼니,1025470,1352240,1352240,TH201:1025470
08,gpu,75074732,GIGABYTE 지포스 RTX 5080 WINDFORCE OC SFF D7 16GB 피씨디렉트,1852280,2440290,2440290,TH201:1852280
08,gpu,90957326,ASUS DUAL 지포스 RTX 5060 OC D7 8GB 대원씨티에스,574230,756080,756080,TH201:574230
08,gpu,77319458,GIGABYTE AORUS 지포스 RTX 5070 MASTER D7 12GB 제이씨현,1104000,1450000,1450000,TH201:1104000
08,gpu,76550489,ASUS PRIME 지포스 RTX 5080 D7 16GB 대원씨티에스,2399200,3139940,3139940,TH201:2399200
08,gpu,77319536,GIGABYTE 지포스 RTX 5070 EAGLE OC SFF D7 12GB 제이씨현,1024000,1339200,1339200,TH201:1024000
08,gpu,82433444,ASUS PRIME 지포스 RTX 5060 TI D7 8GB 인텍앤컴퍼니,664000,868000,868000,TH201:664000
08,gpu,77465798,INNO3D 지포스 RTX 5070 OC D7 12GB TWIN X2,1000000,1304260,1304260,TH201:1000000
08,gpu,76509074,PNY 지포스 RTX 5080 EPIC-X RGB OC D7 16GB Triple Fan 제이씨현,1896000,2468000,2468000,TH201:1896000
08,gpu,96369578,MSI 지포스 RTX 5070 쉐도우 2X OC D7 12GB,999200,1298000,1298000,TH201:999200
08,gpu,91908821,PowerColor 라데온 RX 9060 XT Hellhound OC D6 16GB 대원씨티에스,639980,829800,829800,TH201:639980
08,gpu,122692119,COLORFUL iGame 지포스 RTX 5080 ULTRA OC V2 D7 16GB 피씨디렉트,1841840,2382000,2381990,TH201:1841840
08,gpu,90892955,GIGABYTE 지포스 RTX 5060 EAGLE OC ICE D7 8GB 제이씨현,547980,707660,707660,TH201:547980
08,gpu,76510547,GIGABYTE 지포스 RTX 5070 Ti EAGLE OC ICE SFF D7 16GB 피씨디렉트,1479980,1910690,1910690,TH201:1479980
08,gpu,90889817,GIGABYTE 지포스 RTX 5060 EAGLE OC D7 8GB 피씨디렉트,534960,689520,689520,TH201:534960
08,gpu,81716264,GIGABYTE 지포스 RTX 5060 Ti WINDFORCE D7 8GB 피씨디렉트,641520,826650,826650,TH201:641520
08,gpu,93697997,ASUS DUAL 지포스 RTX 5050 OC D6 8GB 인텍앤컴퍼니,463190,595840,595840,TH201:463190
08,gpu,86649593,INNO3D 지포스 RTX 5060 Ti OC D7 8GB TWIN X2,582550,748700,748700,TH201:582550
08,gpu,123981255,GIGABYTE 지포스 RTX 5080 WINDFORCE OC V2 SFF D7 16GB 피씨디렉트,1884720,2419530,2419530,TH201:1884720
08,gpu,75536255,COLORFUL iGame 지포스 RTX 5080 ULTRA OC White D7 16GB 피씨디렉트,1856000,2382000,2382000,TH201:1856000
08,gpu,94524596,ASUS DUAL 지포스 RTX 5050 D6 8GB 대원씨티에스,459990,590000,590000,TH201:459990
08,gpu,91909010,PowerColor 라데온 RX 9060 XT Reaper White D6 16GB 대원씨티에스,664720,851510,851510,TH201:664720
08,gpu,93501725,갤럭시 GALAX 지포스 RTX 5050 BLACK OC D6 8GB DUAL HDMI,435590,556990,556990,TH201:435590
08,gpu,82258553,PNY 지포스 RTX 5070 OC D7 12GB Triple Fan STCOM,1016000,1299000,1299000,TH201:1016000
08,gpu,76551065,GIGABYTE 지포스 RTX 5070 Ti WINDFORCE OC SFF D7 16GB 제이씨현,1482980,1895490,1895490,TH201:1482980
08,gpu,77964722,COLORFUL iGame 지포스 RTX 5070 ULTRA OC White D7 12GB 피씨디렉트,1033340,1320600,1320600,TH201:1033340
08,gpu,90892949,GIGABYTE 지포스 RTX 5060 EAGLE OC D7 8GB 제이씨현,551190,704110,704110,TH201:551190
08,gpu,98227514,MANLI 지포스 RTX 5070 Nebula D7 12GB Dual Fan 대원씨티에스,1039740,1327550,1327550,TH201:1039740
08,gpu,78712517,갤럭시 GALAX 지포스 RTX 5070 EX GAMER BLACK OC D7 12GB,1033360,1318980,1318980,TH201:1033360
08,gpu,75931502,PNY 지포스 RTX 5080 D7 16GB Triple Fan 제이씨현,1807190,2306330,2306330,TH201:1807190
08,gpu,91908686,PowerColor 라데온 RX 9060 XT Hellhound Spectral White OC D6 16GB 대원씨티에스,704060,898380,898380,TH201:704060
08,gpu,90892928,GAINWARD 지포스 RTX 5060 고스트 D7 8GB,559920,713980,713980,TH201:559920
08,gpu,77465819,INNO3D 지포스 RTX 5070 OC D7 12GB TWIN X2 WHITE,1034390,1318000,1318000,TH201:1034390
08,gpu,122678887,GIGABYTE 지포스 RTX 5060 GAMING OC V2 D7 8GB 피씨디렉트,563340,715760,715760,TH201:563340
08,gpu,103481879,GIGABYTE 지포스 RTX 5060 Ti EAGLE MAX OC D7 8GB 제이씨현,639200,812000,812000,TH201:639200
08,gpu,77704514,MANLI 지포스 RTX 5070 Ti Polar Fox OC D7 16GB 대원씨티에스,1519290,1929990,1929990,TH201:1519290
08,gpu,76510754,GIGABYTE 지포스 RTX 5070 Ti WINDFORCE OC SFF D7 16GB 피씨디렉트,1482860,1878940,1878940,TH201:1482860
08,gpu,77312477,GIGABYTE 지포스 RTX 5070 WINDFORCE OC SFF D7 12GB 피씨디렉트,1006380,1275030,1275030,TH201:1006380
08,gpu,122692535,ASUS PRIME 라데온 RX 9070 GRE EVO OC D6 12GB 대원씨티에스,768410,972100,972100,TH201:768410
08,gpu,90892964,GIGABYTE 지포스 RTX 5060 UD2 OC D7 8GB Nano LP 제이씨현,568000,718150,718150,TH201:568000
08,gpu,76464395,ZOTAC GAMING 지포스 RTX 5070 Ti AMP Extreme Infinity D7 16GB,1793090,2265350,2265350,TH201:1793090
08,gpu,122709575,COLORFUL iGame 지포스 RTX 5060 ULTRA DUO OC White D7 8GB 도우정보,592810,748910,748910,TH201:592810
08,gpu,76329767,MSI 지포스 RTX 5080 게이밍 트리오 OC 화이트 D7 16GB 트라이프로져4,4560000,5580000,5760000,TH201:4560000
08,gpu,123802191,COLORFUL 지포스 RTX 5060 Ti GAMING DUO V2 D7 16GB 피씨디렉트,846360,1069000,1069000,TH201:846360
08,gpu,90889790,GIGABYTE 지포스 RTX 5060 EAGLE OC ICE D7 8GB 피씨디렉트,545970,689520,689520,TH201:545970
08,gpu,75931508,PNY 지포스 RTX 5080 OC D7 16GB Triple Fan 제이씨현,1825570,2304990,2304990,TH201:1825570
08,gpu,106712144,COLORFUL 지포스 RTX 5060 GAMING DUO D7 8GB 도우정보,556800,703010,703010,TH201:556800
08,gpu,76511060,COLORFUL iGame 지포스 RTX 5070 Ti ULTRA OC White D7 16GB 피씨디렉트,1488000,1878530,1878530,TH201:1488000
08,gpu,97837304,ASUS DUAL 지포스 RTX 5060 WHITE OC D7 8GB 인텍앤컴퍼니,572000,722000,722000,TH201:572000
08,gpu,90955808,갤럭시 GALAX 지포스 RTX 5060 EX WHITE OC D7 8GB,549980,693670,693670,TH201:549980
08,gpu,90955853,갤럭시 GALAZ 지포스 RTX 5060 EX BLACK OC D7 8GB,567200,715000,715000,TH201:567200
08,gpu,90955670,갤럭시 GALAX 지포스 RTX 5060 EX BLACK OC D7 8GB,546180,688480,688480,TH201:546180
08,gpu,94028864,GIGABYTE 지포스 RTX 5060 Ti WINDFORCE MAX OC D7 8GB 제이씨현,610320,768830,768830,TH201:610320
08,gpu,122726650,GIGABYTE 지포스 RTX 5060 WINDFORCE MAX OC V2 D7 8GB 제이씨현,559920,705080,705080,TH201:559920
08,gpu,99288071,GIGABYTE 라데온 RX 9060 XT Gaming OC ICE D6 16GB 피씨디렉트,674030,848630,848630,TH201:674030
08,gpu,74971838,ZOTAC GAMING 지포스 RTX 5080 AMP EXTREME INFINITY D7 16GB,1925250,2419930,2419930,TH201:1925250
08,gpu,76551551,ASUS PRIME 지포스 RTX 5070 Ti D7 16GB 인텍앤컴퍼니,1480620,1858000,1858000,TH201:1480620
08,gpu,123805994,GIGABYTE 지포스 RTX 5060 WINDFORCE MAX OC V2 D7 8GB 피씨디렉트,541140,678980,678980,TH201:541140
08,gpu,93381587,PALIT 지포스 RTX 5050 DUAL D6 8GB 이엠텍,459360,576330,576330,TH201:459360
08,gpu,99896006,PNY 지포스 RTX 5070 Ti OC D7 16GB Triple Fan 제이씨현,1434800,1799000,1799000,TH201:1434800
08,gpu,82225754,PNY 지포스 RTX 5070 Ti OC D7 16GB Triple Fan STCOM,1436360,1800820,1800820,TH201:1436360
08,gpu,77379299,MANLI 지포스 RTX 5070 Polar Fox OC D7 12GB 대원씨티에스,1144070,1434000,1434000,TH201:1144070
08,gpu,122687822,XFX 라데온 RX 9070 GRE SWIFT D6 12GB,774400,969890,969890,TH201:774400
08,gpu,104628866,ASUS DUAL 지포스 RTX 5060 EVO OC D7 8GB 인텍앤컴퍼니,558140,699000,699000,TH201:558140
08,gpu,122687833,XFX 라데온 RX 9070 GRE SWIFT WHITE D6 12GB,792000,991700,991700,TH201:792000
08,gpu,124021618,COLORFUL iGame 지포스 RTX 5060 Ti ULTRA DUO OC White D7 16GB 도우정보,975200,1219980,1219980,TH201:975200
08,gpu,91496327,ASUS DUAL 지포스 RTX 5060 OC D7 8GB 인텍앤컴퍼니,566790,709000,709000,TH201:566790
08,gpu,75600824,INNO3D 지포스 RTX 5080 OC D7 16GB X3,1963700,2455200,2455200,TH201:1963700
08,gpu,77705996,MSI 지포스 RTX 5070 Ti 뱅가드 SOC D7 16GB 하이퍼프로져,4463130,5580000,5580000,TH201:4463130
08,gpu,85664150,갤럭시 GALAX 지포스 RTX 5060 Ti BLACK OC D7 8GB,639200,799100,799100,TH201:639200
08,gpu,90957422,ASUS PRIME 지포스 RTX 5060 OC D7 8GB 대원씨티에스,591980,740000,740000,TH201:591980
08,gpu,123589439,ASUS 지포스 RTX 5060 Ti OC D7 8GB T1 Edition 대원씨티에스,663180,829000,829000,TH201:663180
08,gpu,90961244,INNO3D 지포스 RTX 5060 OC D7 8GB TWIN X2,602630,753300,753300,TH201:602630
08,gpu,82047602,MSI 지포스 RTX 5060 Ti 게이밍 OC D7 16GB 트윈프로져,959170,1198980,1198980,TH201:959170
08,gpu,123589443,ASUS 지포스 RTX 5070 OC D7 12GB T1 Edition 대원씨티에스,1039190,1299000,1299000,TH201:1039190
08,gpu,77791169,MSI 지포스 RTX 5080 벤투스 3X OC 화이트 D7 16GB,2639020,3298800,3298800,TH201:2639020
08,gpu,78842858,MSI 지포스 RTX 5080 쉐도우 3X OC D7 16GB,2059190,2574000,2574000,TH201:2059190
08,gpu,106712105,COLORFUL 지포스 RTX 5070 GAMING D7 12GB 도우정보,1087980,1359980,1359980,TH201:1087980
08,gpu,82717634,MANLI 지포스 RTX 5060 TI Polar Fox OC D7 8GB 인텍앤컴퍼니,742190,927740,927740,TH201:742190
08,gpu,100273427,MANLI 지포스 RTX 5080 Polar Fox OC V2 D7 16GB 대원씨티에스,1958400,2448000,2448000,TH201:1958400
08,gpu,106711598,COLORFUL iGame 지포스 RTX 5070 Ti ULTRA OC White D7 16GB 도우정보,1544000,1930000,1930000,TH201:1544000
08,gpu,12204407,ASUS ROG STRIX 지포스 RTX 3080 O10G GAMING OC D6X 10GB,3071200,3839000,3839000,TH201:3071200
08,gpu,76875332,MANLI 지포스 RTX 5070 Ti Nebula D7 16GB 인텍앤컴퍼니,1566400,1958000,1958000,TH201:1566400
08,gpu,77086862,갤럭시 GALAX 지포스 RTX 5070 Ti EX GAMER BLACK OC D7 16GB,1512800,1891000,1891000,TH201:1512800
08,gpu,81750227,MANLI 지포스 RTX 5060 Ti Polar Fox OC D7 16GB 인텍앤컴퍼니,1094400,1368000,1368000,TH201:1094400
08,gpu,93916847,갤럭시 GALAX 지포스 RTX 5080 HOF GAMING D7 16GB,2916000,3645000,3645000,TH201:2916000
08,gpu,97476629,ASUS ProArt 지포스 RTX 5080 OC D7 16GB 대원씨티에스,3048000,3810000,3810000,TH201:3048000
08,gpu,99895865,갤럭시 GALAZ 지포스 RTX 5060 WHITE OC V2 D7 8GB,848800,1061000,1061000,TH201:848800
08,gpu,108418784,COLORFUL iGame 지포스 RTX 5050 ULTRA DUO OC White D6 8GB 도우정보,484000,604990,604990,TH201:484000
08,gpu,108418823,COLORFUL 지포스 RTX 5050 GAMING DUO D6 8GB 도우정보,472000,589990,589990,TH201:472000
08,gpu,106711547,COLORFUL iGame 지포스 RTX 5060 Ti ULTRA DUO OC White D7 8GB 도우정보,684000,854980,854980,TH201:684000
08,gpu,123588932,ASUS 지포스 RTX 5060 Ti OC D7 8GB T1 Edition 인텍앤컴퍼니,663200,828900,828900,TH201:663200
08,gpu,123743015,GIGABYTE 지포스 RTX 5060 GAMING OC V2 D7 8GB 제이씨현,588000,734600,734600,TH201:588000
08,gpu,123588962,ASUS 지포스 RTX 5070 OC D7 12GB T1 Edition 인텍앤컴퍼니,1039190,1298000,1297990,TH201:1039190
08,gpu,95423621,갤럭시 GALAX 지포스 RTX 5070 Ti HOF GAMING BLACK D7 16GB,1751980,2186100,2186100,TH201:1751980
08,gpu,93386549,GIGABYTE 지포스 RTX 5050 GAMING OC D6 8GB 피씨디렉트,500980,625050,625050,TH201:500980
08,gpu,104359454,갤럭시 GALAX 지포스 RTX 5050 BLACK OC V2 D6 8GB DUAL HDMI,433350,540000,540000,TH201:433350
08,gpu,93318653,ASUS DUAL 지포스 RTX 5050 OC D6 8GB 대원씨티에스,463200,577000,577000,TH201:463200
08,gpu,90960104,COLORFUL iGame 지포스 RTX 5060 ULTRA DUO OC White D7 8GB 피씨디렉트,550690,685360,685360,TH201:550690
08,gpu,123743494,GIGABYTE AORUS 지포스 RTX 5070 Ti INFINITY D7 16GB 제이씨현,1695980,2108260,2108260,TH201:1695980
08,gpu,89862188,COLORFUL iGame 지포스 RTX 5060 Ti ULTRA DUO OC White D7 8GB 피씨디렉트,628570,781200,781200,TH201:628570
08,gpu,101956631,MANLI 지포스 RTX 5060 Ti Nebula V2 D7 8GB 대원씨티에스,729610,905990,905990,TH201:729610
08,gpu,76551041,GIGABYTE 지포스 RTX 5070 Ti EAGLE OC SFF D7 16GB 제이씨현,1543750,1914030,1914030,TH201:1543750
08,gpu,88132232,GIGABYTE 지포스 RTX 5060 Ti EAGLE OC D7 8GB 제이씨현,619990,768020,768020,TH201:619990
08,gpu,123590266,GIGABYTE AORUS 지포스 RTX 5080 INFINITY WOOD D7 16GB 제이씨현,2343590,2901160,2901160,TH201:2343590
08,gpu,77465882,INNO3D 지포스 RTX 5070 OC D7 12GB X3,1110400,1373980,1373980,TH201:1110400
08,gpu,122692149,COLORFUL iGame 지포스 RTX 5070 Ti ULTRA OC SFF D7 16GB 피씨디렉트,1487990,1836970,1836970,TH201:1487990
08,gpu,123802262,COLORFUL 지포스 RTX 5070 Ti BATTLE AX SFF D7 16GB 피씨디렉트,1455480,1795100,1795100,TH201:1455480
08,gpu,77379575,ASUS PRIME 지포스 RTX 5070 OC D7 12GB 대원씨티에스,1186790,1461980,1461980,TH201:1186790
08,gpu,122676813,MSI 지포스 RTX 5060 벤투스 2X OC V1 D7 8GB,543180,669000,669000,TH201:543180
08,gpu,122726547,GIGABYTE AORUS 지포스 RTX 5080 INFINITY WOOD D7 16GB 피씨디렉트,2359840,2905500,2905500,TH201:2359840
08,gpu,95001017,갤럭시 GALAX 지포스 RTX 5080 HOF GAMING BLACK D7 16GB,2093430,2575290,2575290,TH201:2093430
08,gpu,123981276,GIGABYTE 지포스 RTX 5080 WINDFORCE OC V2 SFF D7 16GB 제이씨현,2031200,2498010,2498010,TH201:2031200
08,gpu,76466114,INNO3D 지포스 RTX 5080 OC D7 16GB X3 WHITE,1943910,2387860,2387860,TH201:1943910
08,gpu,75075494,갤럭시 GALAX 지포스 RTX 5080 BLACK OC D7 16GB,1888000,2318430,2318430,TH201:1888000
08,gpu,90892970,GIGABYTE 지포스 RTX 5060 WINDFORCE OC D7 8GB 제이씨현,543180,666810,666810,TH201:543180
08,gpu,122726535,GIGABYTE AORUS 지포스 RTX 5080 INFINITY D7 16GB 피씨디렉트,2331330,2861870,2861870,TH201:2331330
08,gpu,90887702,PNY 지포스 RTX 5060 OC D7 8GB Dual Fan STCOM,537580,659840,659840,TH201:537580
08,gpu,77319527,GIGABYTE 지포스 RTX 5070 EAGLE OC ICE SFF D7 12GB 제이씨현,1087180,1333870,1333870,TH201:1087180
08,gpu,99896039,갤럭시 GALAX 지포스 RTX 5060 BLACK OC V2 D7 8GB,535750,657170,657170,TH201:535750
08,gpu,88132187,GIGABYTE 지포스 RTX 5060 Ti AERO OC D7 8GB 제이씨현,681590,836010,836010,TH201:681590
08,gpu,123802150,GIGABYTE AORUS 지포스 RTX 5070 INFINITY D7 12GB 피씨디렉트,1230110,1508310,1508310,TH201:1230110
08,gpu,122829828,GIGABYTE AORUS 지포스 RTX 5070 Ti INFINITY D7 16GB 피씨디렉트,1722110,2111110,2111110,TH201:1722110
08,gpu,106754483,갤럭시 GALAX 지포스 RTX 5060 Ti BLACK OC V2 D7 8GB,614280,752860,752860,TH201:614280
08,gpu,93386588,GIGABYTE 지포스 RTX 5050 UD2 OC D6 8GB Nano LP 피씨디렉트,498380,610590,610590,TH201:498380
08,gpu,88132310,GIGABYTE 지포스 RTX 5060 Ti WINDFORCE OC D7 8GB 제이씨현,629430,770840,770840,TH201:629430
08,gpu,20740013,MSI 지포스 RTX 4060 벤투스 2X 블랙 OC D6 8GB,2135140,2612750,2612750,TH201:2135140
08,gpu,32861312,MSI 지포스 RTX 4070 SUPER 게이밍 X 슬림 D6X 12GB 트라이프로져3,2135140,2612750,2612750,TH201:2135140
08,gpu,91908533,GIGABYTE 라데온 RX 9060 XT Gaming D6 8GB 피씨디렉트,1271670,1556130,1556130,TH201:1271670
08,gpu,122726726,ASUS DUAL 지포스 RTX 5060 EVO OC D7 8GB 코잇,554040,677970,677970,TH201:554040
08,gpu,122726733,ASUS DUAL 지포스 RTX 5060 WHITE OC D7 8GB 코잇,576840,705870,705870,TH201:576840
08,gpu,122726777,ASUS DUAL 지포스 RTX 5060 Ti WHITE OC D7 8GB 코잇,728840,891870,891870,TH201:728840
08,gpu,122726864,ASUS PRIME 지포스 RTX 5070 OC D7 12GB 코잇,1010040,1235970,1235970,TH201:1010040
08,gpu,76551029,GIGABYTE AORUS 지포스 RTX 5070 Ti MASTER D7 16GB 제이씨현,3800000,4650000,4650000,TH201:3800000
08,gpu,96259277,MSI 지포스 RTX 5080 엑스퍼트 OC D7 16GB 플로우프로져2,4940000,6045000,6045000,TH201:4940000
08,gpu,122724158,COLORFUL iGame 지포스 RTX 5060 ULTRA DUO OC D7 8GB 피씨디렉트,556780,681210,681210,TH201:556780
08,gpu,123537806,COLORFUL iGame 지포스 RTX 5070 Ti ULTRA OC SFF White D7 16GB 도우정보,1543980,1885100,1885100,TH201:1543980
08,gpu,75600731,INNO3D 지포스 RTX 5080 D7 16GB X3,1962810,2395640,2395640,TH201:1962810
08,gpu,123981266,GIGABYTE AORUS 지포스 RTX 5070 INFINITY D7 12GB 제이씨현,1237590,1507140,1507140,TH201:1237590
08,gpu,90889937,GIGABYTE 지포스 RTX 5060 UD2 OC D7 8GB Nano LP 피씨디렉트,567200,690550,690550,TH201:567200
08,gpu,90961373,INNO3D 지포스 RTX 5060 OC D7 8GB TWIN X2 WHITE,589060,716490,716490,TH201:589060
08,gpu,88133213,ASUS DUAL 지포스 RTX 5060 TI OC D7 8GB 대원씨티에스,639080,776550,776550,TH201:639080
08,gpu,75375797,MANLI 지포스 RTX 5080 Nebula D7 16GB 대원씨티에스,1916210,2326060,2326060,TH201:1916210
08,gpu,76466054,INNO3D 지포스 RTX 5070 Ti OC D7 16GB X3,1590150,1929000,1929000,TH201:1590150
08,gpu,99742721,갤럭시 GALAX 지포스 RTX 5060 Ti BLACK 3X D7 16GB DUAL HDMI,980800,1189000,1189000,TH201:980800
08,gpu,123802213,COLORFUL iGame 지포스 RTX 5060 Ti ULTRA DUO OC D7 16GB 피씨디렉트,890390,1079000,1079000,TH201:890390
08,gpu,90892967,GIGABYTE 지포스 RTX 5060 WINDFORCE D7 8GB 제이씨현,662510,802530,802530,TH201:662510
08,gpu,75075386,갤럭시 GALAX 지포스 RTX 5080 WHITE OC D7 16GB,4170510,5051910,5051910,TH201:4170510
08,gpu,78102347,MSI 지포스 RTX 5070 게이밍 트리오 OC 화이트 D7 12GB 트라이프로져4,1482590,1795920,1795920,TH201:1482590
08,gpu,88233542,COLORFUL iGame 지포스 RTX 5060 Ti ULTRA DUO OC White D7 16GB 피씨디렉트,883180,1069580,1069580,TH201:883180
08,gpu,81716255,GIGABYTE 지포스 RTX 5060 Ti WINDFORCE OC D7 8GB 피씨디렉트,639110,770840,770840,TH201:639110
08,gpu,89862281,COLORFUL 지포스 RTX 5060 Ti 토마호크 DUO D7 8GB 피씨디렉트,635200,764000,764000,TH201:635200
08,gpu,79578482,갤럭시 GALAX 지포스 RTX 5080 EX GAMER BLACK OC D7 16GB,2045880,2460480,2460480,TH201:2045880
08,gpu,88132295,GIGABYTE 지포스 RTX 5060 Ti GAMING OC D7 8GB 제이씨현,685930,823780,823780,TH201:685930
08,gpu,90955439,COLORFUL iGame 지포스 RTX 5060 ULTRA OC White D7 8GB 피씨디렉트,620830,745000,745000,TH201:620830
08,gpu,78235484,갤럭시 GALAX 지포스 RTX 5070 EX GAMER WHITE OC D7 12GB,2658960,3220910,3190060,TH201:2658960
08,gpu,122663332,COLORFUL iGame 지포스 RTX 5070 ULTRA OC D7 12GB 도우정보,1104000,1323070,1323070,TH201:1104000
08,gpu,81716102,GIGABYTE 지포스 RTX 5060 Ti EAGLE OC D7 8GB 피씨디렉트,648010,775000,775000,TH201:648010
08,gpu,86560166,INNO3D 지포스 RTX 5060 Ti OC D7 8GB X3,718690,851510,851510,TH201:718690
08,gpu,82697921,MANLI 지포스 RTX 5060 Ti Nebula D7 8GB 인텍앤컴퍼니,608790,720980,720980,TH201:608790
08,gpu,92187056,갤럭시 GALAX 지포스 RTX 5060 Ti EX BLACK OC D7 8GB,651590,770510,770510,TH201:651590
08,gpu,94261262,INNO3D 지포스 RTX 5050 D6 8GB TWIN X2,480370,565430,565430,TH201:480370
08,gpu,78977732,XFX 라데온 RX 9070 XT SWIFT WHITE D6 16GB,931180,,1290000,"TH201:931180 (의심 쇼핑몰 단독, 같은 스펙 중간값 1454830)"
08,gpu,86449373,INNO3D 지포스 RTX 5060 Ti OC D7 16GB TWIN X2 WHITE,917200,,1239000,"TH201:917200 (의심 쇼핑몰 단독, 같은 스펙 중간값 1097650)"
08,gpu,105968504,GAINWARD 지포스 RTX 5070 파이썬 III OC D7 12GB,1015200,,1329000,"TH201:1015200 (의심 쇼핑몰 단독, 같은 스펙 중간값 1333870)"
08,gpu,94201541,MANLI 지포스 RTX 5080 Gallardo OC D7 16GB White 인텍앤컴퍼니,2129250,,2726000,"TH201:2129250 (의심 쇼핑몰 단독, 같은 스펙 중간값 2513960)"
08,gpu,91909775,ASRock 라데온 RX 9060 XT 스틸레전드 OC D6 8GB 대원씨티에스,504000,,630000,"TH201:504000 (의심 쇼핑몰 단독, 같은 스펙 중간값 658000)"
08,gpu,122726879,ASUS PRIME 지포스 RTX 5070 Ti OC D7 16GB 코잇,1607200,,2008990,"TH201:1607200 (의심 쇼핑몰 단독, 같은 스펙 중간값 1921080)"
08,gpu,100618931,갤럭시 GALAX 지포스 RTX 5060 BLACK D7 8GB LP,583200,,,TH201:583200 (의심 쇼핑몰 단독 신규 상품)
08,gpu,104615543,ASUS ProArt 지포스 RTX 5070 Ti OC D7 16GB 인텍앤컴퍼니,1663200,,,TH201:1663200 (의심 쇼핑몰 단독 신규 상품)
08,gpu,108176363,GIGABYTE 지포스 RTX 5070 Ti WINDFORCE OC V2 D7 16GB 제이씨현,1487190,,,TH201:1487190 (의심 쇼핑몰 단독 신규 상품)
08,gpu,122726926,ASUS ROG Astral 지포스 RTX 5080 OC D7 16GB 코잇,2572430,,,TH201:2572430 (의심 쇼핑몰 단독 신규 상품)
08,gpu,18493601,ASUS TUF Gaming 라데온 RX 7900 XTX O24G OC D6 24GB 대원씨티에스,1489190,,,TH201:1489190 (의심 쇼핑몰 단독 신규 상품)
08,gpu,34816340,MSI 지포스 RTX 3050 벤투스 2X OC D6 6GB,303200,,,TH201:303200 (의심 쇼핑몰 단독 신규 상품)
08,gpu,75184247,PALIT 지포스 RTX 5080 GAMEROCK D7 16GB 이엠텍,2216000,,,TH201:2216000 (의심 쇼핑몰 단독 신규 상품)
08,gpu,75536588,GIGABYTE AORUS 지포스 RTX 5080 XTREME 워터포스 D7 16GB 제이씨현,2079200,,,TH201:2079200 (의심 쇼핑몰 단독 신규 상품)
08,gpu,75656861,MANLI 지포스 RTX 5090 Gallardo OC D7 32GB 인텍앤컴퍼니,6344790,,,TH201:6344790 (의심 쇼핑몰 단독 신규 상품)
08,gpu,75991625,GAINWARD 지포스 RTX 5090 팬텀 D7 32GB,6316000,,,TH201:6316000 (의심 쇼핑몰 단독 신규 상품)
08,gpu,76463408,갤럭시 GALAZ 지포스 RTX 5070 Ti BLACK OC D7 16GB,1600000,,,TH201:1600000 (의심 쇼핑몰 단독 신규 상품)
08,gpu,77318354,ASRock 라데온 RX 9070 스틸레전드 OC D6 16GB 대원씨티에스,838730,,,TH201:838730 (의심 쇼핑몰 단독 신규 상품)
08,gpu,77319857,갤럭시 GALAZ 지포스 RTX 5070 BLACK OC D7 12GB,1030810,,,TH201:1030810 (의심 쇼핑몰 단독 신규 상품)
08,gpu,77380763,MANLI 지포스 RTX 5070 Polar Fox OC D7 12GB 인텍앤컴퍼니,1063200,,,TH201:1063200 (의심 쇼핑몰 단독 신규 상품)
08,gpu,77381207,PowerColor 라데온 RX 9070 XT Hellhound Spectral White D6 16GB 대원씨티에스,1040000,,,TH201:1040000 (의심 쇼핑몰 단독 신규 상품)
08,gpu,77382785,GAINWARD 지포스 RTX 5070 피닉스 D7 12GB,1043890,,,TH201:1043890 (의심 쇼핑몰 단독 신규 상품)
08,gpu,77461214,ASUS PRIME 라데온 RX 9070 OC D6 16GB 대원씨티에스,847200,,,TH201:847200 (의심 쇼핑몰 단독 신규 상품)
08,gpu,77791202,MSI 지포스 RTX 5070 벤투스 2X OC 화이트 D7 12GB,1279200,,,TH201:1279200 (의심 쇼핑몰 단독 신규 상품)
08,gpu,77961743,갤럭시 GALAZ 지포스 RTX 5070 Ti EX GAMER BLACK OC D7 16GB,1512460,,,TH201:1512460 (의심 쇼핑몰 단독 신규 상품)
08,gpu,78843224,PNY 지포스 RTX 5070 OC D7 12GB Triple Fan 제이씨현,1006650,,,TH201:1006650 (의심 쇼핑몰 단독 신규 상품)
08,gpu,79578449,XFX 라데온 RX 9070 XT MERCURY RGB OC WHITE D6 16GB,1281600,,,TH201:1281600 (의심 쇼핑몰 단독 신규 상품)
08,gpu,79578539,갤럭시 GALAX 지포스 RTX 5080 EX GAMER WHITE OC D7 16GB,1872000,,,TH201:1872000 (의심 쇼핑몰 단독 신규 상품)
08,gpu,80903570,MANLI 지포스 RTX 5060 Ti Nebula D7 16GB 대원씨티에스,880000,,,TH201:880000 (의심 쇼핑몰 단독 신규 상품)
08,gpu,81715421,갤럭시 GALAX 지포스 RTX 5060 Ti BLACK OC D7 16GB,944000,,,TH201:944000 (의심 쇼핑몰 단독 신규 상품)
08,gpu,81715478,갤럭시 GALAZ 지포스 RTX 5060 Ti BLACK OC D7 16GB,840000,,,TH201:840000 (의심 쇼핑몰 단독 신규 상품)
08,gpu,81716585,GAINWARD 지포스 RTX 5060 Ti 파이썬 III D7 16GB,634300,,,TH201:634300 (의심 쇼핑몰 단독 신규 상품)
08,gpu,82179890,PNY 지포스 RTX 5080 EPIC-X RGB OC D7 16GB Triple Fan STCOM,1760000,,,TH201:1760000 (의심 쇼핑몰 단독 신규 상품)
08,gpu,85668698,갤럭시 GALAZ 지포스 RTX 5060 Ti BLACK OC D7 8GB,704000,,,TH201:704000 (의심 쇼핑몰 단독 신규 상품)
08,gpu,88132265,GIGABYTE 지포스 RTX 5060 Ti EAGLE OC ICE D7 8GB 제이씨현,669200,,,TH201:669200 (의심 쇼핑몰 단독 신규 상품)
08,gpu,88132328,GIGABYTE 지포스 RTX 5060 Ti WINDFORCE D7 8GB 제이씨현,711480,,,TH201:711480 (의심 쇼핑몰 단독 신규 상품)
08,gpu,88205957,ASUS PRIME 지포스 RTX 5060 TI OC D7 8GB 인텍앤컴퍼니,672000,,,TH201:672000 (의심 쇼핑몰 단독 신규 상품)
08,gpu,89605799,ASUS TUF Gaming 지포스 RTX 5060 TI OC D7 8GB 인텍앤컴퍼니,606320,,,TH201:606320 (의심 쇼핑몰 단독 신규 상품)
08,gpu,90435884,MSI 지포스 RTX 5070 Ti 게이밍 트리오 OC 화이트 D7 16GB 트라이프로져4,2431360,,,TH201:2431360 (의심 쇼핑몰 단독 신규 상품)
08,gpu,90436100,MSI 지포스 RTX 5060 Ti 벤투스 2X 플러스 D7 8GB,1119200,,,TH201:1119200 (의심 쇼핑몰 단독 신규 상품)
08,gpu,90642689,PALIT 지포스 RTX 5060 Ti DUAL OC D7 8GB 이엠텍,640000,,,TH201:640000 (의심 쇼핑몰 단독 신규 상품)
08,gpu,90889865,GIGABYTE 지포스 RTX 5060 WINDFORCE OC D7 8GB 피씨디렉트,536860,,,TH201:536860 (의심 쇼핑몰 단독 신규 상품)
08,gpu,90889892,GIGABYTE 지포스 RTX 5060 WINDFORCE D7 8GB 피씨디렉트,680000,,,TH201:680000 (의심 쇼핑몰 단독 신규 상품)
08,gpu,90955895,갤럭시 GALAZ 지포스 RTX 5060 EX WHITE OC D7 8GB,582400,,,TH201:582400 (의심 쇼핑몰 단독 신규 상품)
08,gpu,91426661,갤럭시 GALAX 지포스 RTX 5060 BLACK OC D7 8GB,600000,,,TH201:600000 (의심 쇼핑몰 단독 신규 상품)
08,gpu,91867850,GIGABYTE 라데온 RX 9060 XT Gaming D6 8GB 제이씨현,519990,,,TH201:519990 (의심 쇼핑몰 단독 신규 상품)
08,gpu,91910630,갤럭시 GALAZ 지포스 RTX 5060 Ti EX WHITE OC D7 8GB,716000,,,TH201:716000 (의심 쇼핑몰 단독 신규 상품)
08,gpu,92046863,PNY 지포스 RTX 5070 EPIC-X RGB OC D7 12GB Triple Fan STCOM,645760,,,TH201:645760 (의심 쇼핑몰 단독 신규 상품)
08,gpu,92046968,PNY 지포스 RTX 5060 Ti EPIC-X RGB OC D7 16GB Triple Fan STCOM,841400,,,TH201:841400 (의심 쇼핑몰 단독 신규 상품)
08,gpu,92153012,갤럭시 GALAX 지포스 RTX 5060 WHITE OC D7 8GB,574320,,,TH201:574320 (의심 쇼핑몰 단독 신규 상품)
08,gpu,92187074,갤럭시 GALAZ 지포스 RTX 5060 Ti EX BLACK OC D7 8GB,704000,,,TH201:704000 (의심 쇼핑몰 단독 신규 상품)
08,gpu,93501767,갤럭시 GALAZ 지포스 RTX 5050 BLACK OC D6 8GB DUAL HDMI,372800,,,TH201:372800 (의심 쇼핑몰 단독 신규 상품)
08,gpu,93629129,MANLI 지포스 RTX 5050 Nebula D6 8GB 인텍앤컴퍼니,390400,,,TH201:390400 (의심 쇼핑몰 단독 신규 상품)
08,gpu,93629741,MANLI 지포스 RTX 5050 Polar Fox OC D6 8GB 인텍앤컴퍼니,528000,,,TH201:528000 (의심 쇼핑몰 단독 신규 상품)
08,gpu,93698225,COLORFUL iGame 지포스 RTX 5050 ULTRA DUO OC White D6 8GB 피씨디렉트,454400,,,TH201:454400 (의심 쇼핑몰 단독 신규 상품)
08,gpu,93698933,GIGABYTE 지포스 RTX 5050 UD2 OC D6 8GB Nano LP 제이씨현,412000,,,TH201:412000 (의심 쇼핑몰 단독 신규 상품)
08,gpu,93704792,GIGABYTE 지포스 RTX 5060 Ti WINDFORCE MAX OC D7 16GB 피씨디렉트,719200,,,TH201:719200 (의심 쇼핑몰 단독 신규 상품)
08,gpu,94028903,GIGABYTE 지포스 RTX 5060 Ti WINDFORCE MAX OC D7 16GB 제이씨현,705600,,,TH201:705600 (의심 쇼핑몰 단독 신규 상품)
08,gpu,94520921,갤럭시 GALAZ 지포스 RTX 5070 Ti HOF GAMING D7 16GB,1872880,,,TH201:1872880 (의심 쇼핑몰 단독 신규 상품)
08,gpu,94570298,ASUS ROG Astral 지포스 RTX 5080 WHITE OC D7 16GB 인텍앤컴퍼니,2312000,,,TH201:2312000 (의심 쇼핑몰 단독 신규 상품)
08,gpu,94692245,ASUS DUAL 지포스 RTX 5050 D6 8GB 인텍앤컴퍼니,472000,,,TH201:472000 (의심 쇼핑몰 단독 신규 상품)
08,gpu,95001035,갤럭시 GALAZ 지포스 RTX 5080 HOF GAMING BLACK D7 16GB,1895590,,,TH201:1895590 (의심 쇼핑몰 단독 신규 상품)
08,gpu,95206559,PNY 지포스 RTX 5060 Ti D7 8GB Dual Fan 제이씨현,654610,,,TH201:654610 (의심 쇼핑몰 단독 신규 상품)
08,gpu,97476458,ASUS 지포스 RTX 5080 OC D7 16GB NOCTUA 대원씨티에스,2180000,,,TH201:2180000 (의심 쇼핑몰 단독 신규 상품)
08,gpu,98184494,갤럭시 GALAZ 지포스 RTX 5060 Ti BLACK 3X D7 16GB DUAL HDMI,825600,,,TH201:825600 (의심 쇼핑몰 단독 신규 상품)
08,gpu,98412050,PNY 지포스 RTX 5050 D6 8GB Dual Fan 제이씨현,495200,,,TH201:495200 (의심 쇼핑몰 단독 신규 상품)
08,gpu,98484845,갤럭시 GALAZ 지포스 RTX 5050 BLACK OC V2 D6 8GB DUAL HDMI,436000,,,TH201:436000 (의심 쇼핑몰 단독 신규 상품)
08,gpu,98771447,갤럭시 GALAX 지포스 RTX 5060 Ti BLACK OC Classic D7 8GB,640000,,,TH201:640000 (의심 쇼핑몰 단독 신규 상품)
08,gpu,98779298,갤럭시 GALAZ 지포스 RTX 5060 Ti BLACK OC Classic D7 8GB,536000,,,TH201:536000 (의심 쇼핑몰 단독 신규 상품)
08,gpu,99892193,갤럭시 GALAZ 지포스 RTX 5070 Ti BLACK 2X OC D7 16GB,1513930,,,TH201:1513930 (의심 쇼핑몰 단독 신규 상품)
08,ssd,98484449,Western Digital WD Blue SN5000 M.2 NVMe 중고 (500GB),139000,1096570,1096570,TV7C1:139000
08,ssd,14275913,킹스톤 KC600 해외구매 (256GB),83150,153430,153430,TH201:83150
08,ssd,17397623,SK하이닉스 Platinum P41 M.2 NVMe 해외구매 (500GB),283310,675960,459070,TH201:283310
08,ssd,49829600,에이서 프레데터 GM7 M.2 NVMe 해외구매 (2TB),418720,504800,504800,EE128:418720
08,ssd,108408740,GIGABYTE Gen3 M.2 NVMe 피씨디렉트 (512GB),134000,158000,158000,TJ918:134000
10,gpu,76331279,MANLI 지포스 RTX 5090 Stellar OC D7 32GB 인텍앤컴퍼니,6211050,13000000,13000000,TH201:6211060
10,gpu,99896525,갤럭시 GALAX 지포스 RTX 5060 BLACK OC V2 D7 8GB DUAL HDMI,576000,1061000,1061000,TH201:576000
10,gpu,99896534,갤럭시 GALAZ 지포스 RTX 5060 BLACK OC V2 D7 8GB DUAL HDMI,576000,1061000,1061000,TH201:576000
10,gpu,78842921,MSI 지포스 RTX 5070 Ti 쉐도우 3X OC D7 16GB,1486900,2733500,2733500,TH201:1486900
10,gpu,75373796,ASUS PRIME 지포스 RTX 5080 OC D7 16GB 인텍앤컴퍼니,1554550,2803740,2803740,TH201:1554550
10,gpu,93446051,ASUS DUAL 지포스 RTX 5070 OC D7 12GB 대원씨티에스,821070,1479000,1479000,TH201:821070
10,gpu,75375185,ASUS ROG Astral 지포스 RTX 5080 OC D7 16GB 대원씨티에스,2303990,4018000,4018000,TH201:2303990
10,gpu,92678951,ASUS DUAL 지포스 RTX 5070 OC D7 12GB 인텍앤컴퍼니,812790,1367220,1367220,TH201:812790
10,gpu,90956117,MSI 지포스 RTX 5060 게이밍 OC D7 8GB 트윈프로져,1849110,3091980,3091980,TH201:1849110
10,gpu,75373694,ASUS ROG Astral 지포스 RTX 5080 OC D7 16GB 인텍앤컴퍼니,2311150,3860430,3860430,TH201:2311150
10,gpu,76508576,COLORFUL iGame 지포스 RTX 5080 Vulcan OC D7 16GB 피씨디렉트,2127200,3540000,3540000,TH201:2127200
10,gpu,77382896,GIGABYTE 라데온 RX 9070 XT GAMING OC D6 16GB 제이씨현,878430,1455860,1455860,TH201:878430
10,gpu,77461619,ASUS PRIME 지포스 RTX 5070 OC D7 12GB 인텍앤컴퍼니,847420,1396500,1396500,TH201:847420
10,gpu,90701579,ASRock 라데온 RX 9070 XT 스틸레전드 DARK D6 16GB 대원씨티에스,934390,1518630,1518630,TH201:934390
10,gpu,91909781,ASRock 라데온 RX 9060 XT 스틸레전드 OC D6 16GB 대원씨티에스,546030,884670,884670,TH201:546030
10,gpu,92153132,갤럭시 GALAZ 지포스 RTX 5060 WHITE OC D7 8GB,656000,1061000,1061000,TH201:656000
10,gpu,90956867,MANLI 지포스 RTX 5060 Polar Fox D7 OC 8GB 대원씨티에스,425870,688200,688200,TH201:425870
10,gpu,92892671,XFX 라데온 RX 9060 XT SWIFT DUAL WHITE OC D6 16GB,519530,833860,833860,TH201:519530
10,gpu,76550837,MSI 지포스 RTX 5070 Ti 벤투스 3X OC D7 16GB,1189750,1899000,1899000,TH201:1189750
10,gpu,95985854,ASUS DUAL 라데온 RX 9060 D6 8GB 대원씨티에스,364700,581510,581510,TH201:364700
10,gpu,75184271,GIGABYTE 지포스 RTX 5080 WINDFORCE OC SFF D7 16GB 제이씨현,1534160,2445900,2445900,TH201:1534160
10,gpu,79578347,XFX 라데온 RX 9070 XT QUICKSILVER D6 16GB,928820,1454830,1454830,TH201:928820
10,gpu,122709552,COLORFUL iGame 지포스 RTX 5060 ULTRA DUO OC D7 8GB 도우정보,486080,759990,759990,TH201:486080
10,gpu,77020520,이엠텍 지포스 RTX 5070 Ti MIRACLE WHITE D7 16GB,1343990,2100000,2100000,TH201:1343990
10,gpu,75536942,MANLI 지포스 RTX 5080 Polar Fox OC D7 16GB 인텍앤컴퍼니,1566720,2448000,2448000,TH201:1566720
10,gpu,77379233,MANLI 지포스 RTX 5070 Nebula D7 12GB 대원씨티에스,825600,1290000,1290000,TH201:825600
10,gpu,108418766,COLORFUL 지포스 RTX 5060 Ti GAMING DUO D7 16GB 도우정보,755200,1179990,1179990,TH201:755200
10,gpu,122709701,COLORFUL iGame 지포스 RTX 5060 ULTRA OC D7 8GB 도우정보,496000,774990,774990,TH201:496000
10,gpu,91909511,SAPPHIRE 라데온 RX 9060 XT PURE OC D6 16GB,548150,851500,851500,TH201:548150
10,gpu,99288146,GIGABYTE 라데온 RX 9070 XT GAMING OC ICE D6 16GB 피씨디렉트,933740,1448600,1448600,TH201:933740
10,gpu,91909763,ASRock 라데온 RX 9060 XT CHALLENGER OC D6 16GB 대원씨티에스,510690,790040,790040,TH201:510690
10,gpu,81716594,GAINWARD 지포스 RTX 5060 Ti 고스트 D7 8GB,504950,778930,778930,TH201:504950
10,gpu,122684820,SAPPHIRE 라데온 RX 9070 GRE PULSE OC D6 12GB,629710,968840,968840,TH201:629710
10,gpu,91909427,SAPPHIRE 라데온 RX 9060 XT NITRO+ OC D6 16GB,591310,909000,909000,TH201:591310
10,gpu,91909166,XFX 라데온 RX 9060 XT SWIFT DUAL WHITE OC D6 8GB,418090,641750,641750,TH201:418090
10,gpu,106736336,COLORFUL 지포스 RTX 5060 Ti GAMING DUO D7 8GB 도우정보,512000,784130,784130,TH201:512000
10,gpu,92889065,ZOTAC GAMING 지포스 RTX 5070 Ti SOLID CORE OC White D7 16GB,1567200,2399000,2399000,TH201:1567200
10,gpu,77015564,MANLI 지포스 RTX 5070 Ti Nebula D7 16GB 대원씨티에스,1203190,1839000,1839000,TH201:1203190
10,gpu,77312543,GIGABYTE 지포스 RTX 5070 EAGLE OC ICE SFF D7 12GB 피씨디렉트,869760,1329180,1329180,TH201:869760
10,gpu,75184262,GIGABYTE AORUS 지포스 RTX 5080 MASTER ICE D7 16GB 제이씨현,2439970,3720000,3720000,TH201:2439970
10,gpu,92358173,ZOTAC GAMING 지포스 RTX 5070 Ti SOLID CORE OC D7 16GB,1567200,2389000,2389000,TH201:1567200
10,gpu,106694891,SAPPHIRE 라데온 RX 9070 XT NITRO+ OC D6 16GB 붉은사막 에디션,1052780,1597090,1597090,TH201:1052780
10,gpu,99128543,GIGABYTE 라데온 RX 9070 XT GAMING OC ICE D6 16GB 제이씨현,959340,1447250,1447250,TH201:959340
10,gpu,122700116,ASUS PRIME 지포스 RTX 5080 EVO OC D7 16GB 대원씨티에스,1919200,2890930,2890930,TH201:1919200
10,gpu,77380787,MANLI 지포스 RTX 5070 Stellar OC D7 12GB 인텍앤컴퍼니,979200,1469000,1469000,TH201:979200
10,gpu,75375293,ASUS TUF Gaming 지포스 RTX 5080 OC D7 16GB 대원씨티에스,2559180,3799000,3799000,TH201:2559180
10,gpu,75184280,GIGABYTE 지포스 RTX 5090 GAMING OC D7 32GB 제이씨현,6255810,9284900,9284900,TH201:6255810
10,gpu,75184277,GIGABYTE AORUS 지포스 RTX 5090 MASTER ICE D7 32GB 제이씨현,6399180,9439500,9439500,TH201:6399180
10,gpu,75375560,ASUS TUF Gaming 지포스 RTX 5090 D7 32GB 대원씨티에스,6359990,9290000,9290000,TH201:6359990
10,gpu,77318285,ASRock 라데온 RX 9070 XT 스틸레전드 D6 16GB 대원씨티에스,959330,1381150,1381150,TH201:959330
10,gpu,122829866,PNY 지포스 RTX 5060 D7 8GB Dual Fan 제이씨현,509200,729000,729000,TH201:509200
10,gpu,93382082,MANLI 지포스 RTX 5050 Nebula D6 8GB 대원씨티에스,419870,599000,599000,TH201:419870
10,gpu,95206529,PNY 지포스 RTX 5060 Ti OC D7 8GB Dual Fan 제이씨현,485440,690000,690000,TH201:485440
10,gpu,91769021,PALIT 지포스 RTX 5070 GAMINGPRO-S D7 12GB 이엠텍,982880,1391760,1391760,TH201:982880
10,gpu,75184283,GIGABYTE 지포스 RTX 5090 WINDFORCE OC D7 32GB 제이씨현,6363620,8990000,8990000,TH201:6363620
10,gpu,95423255,MANLI 지포스 RTX 5070 Polar Fox OC V2 D7 12GB 대원씨티에스,1063150,1501920,1501920,TH201:1063150
10,gpu,75536696,GIGABYTE AORUS 지포스 RTX 5090 XTREME 워터포스 D7 32GB 제이씨현,6336400,8930430,8930430,TH201:6336400
10,gpu,95423684,갤럭시 GALAZ 지포스 RTX 5070 Ti HOF GAMING BLACK D7 16GB,1831990,2581500,2581500,TH201:1831990
10,gpu,93704759,GIGABYTE 지포스 RTX 5060 Ti WINDFORCE MAX OC D7 8GB 피씨디렉트,543190,761370,761370,TH201:543190
10,gpu,122726759,ASUS DUAL 지포스 RTX 5060 Ti OC D7 8GB 코잇,658800,920980,920980,TH201:658800
10,gpu,91871504,ASUS DUAL 라데온 RX 9060 XT D6 8GB 대원씨티에스,499010,697500,697500,TH201:499010
10,gpu,75374105,ASUS TUF Gaming 지포스 RTX 5080 OC D7 16GB 인텍앤컴퍼니,2719190,3799000,3799000,TH201:2719190
10,gpu,75074258,GIGABYTE AORUS 지포스 RTX 5080 MASTER ICE D7 16GB 피씨디렉트,2371150,3299370,3299370,TH201:2371150
10,gpu,85674647,갤럭시 GALAX 지포스 RTX 5060 Ti WHITE OC D7 8GB,670390,931990,931990,TH201:670390
10,gpu,94521011,갤럭시 GALAX 지포스 RTX 5070 Ti HOF GAMING D7 16GB,1784000,2478700,2478700,TH201:1784000
10,gpu,93698783,GIGABYTE 지포스 RTX 5050 GAMING OC D6 8GB 제이씨현,466650,643000,643000,TH201:466650
10,gpu,77319749,갤럭시 GALAX 지포스 RTX 5070 WHITE OC D7 12GB,1062390,1455600,1455600,TH201:1062390
10,gpu,92971433,PNY 지포스 RTX 5060 OC D7 8GB Dual Fan 제이씨현,515980,705090,705090,TH201:515980
10,gpu,93382217,MANLI 지포스 RTX 5050 Polar Fox OC D6 8GB 대원씨티에스,442000,600000,600000,TH201:442000
10,gpu,75074405,GIGABYTE AORUS 지포스 RTX 5080 XTREME 워터포스 D7 16GB 피씨디렉트,2311190,3127410,3127410,TH201:2311190
10,gpu,82443086,ASUS DUAL 지포스 RTX 5060 TI OC D7 16GB 인텍앤컴퍼니,992900,1328150,1328150,TH201:992900
10,gpu,93861539,ASUS DUAL 지포스 RTX 5060 D7 8GB 인텍앤컴퍼니,574260,765000,765000,TH201:574260
10,gpu,90644597,MANLI 지포스 RTX 5060 Polar Fox D7 OC 8GB 인텍앤컴퍼니,544100,723800,723800,TH201:544100
10,gpu,100270736,INNO3D 지포스 RTX 5060 OC V2 D7 8GB TWIN X2,519190,688900,688900,TH201:519190
10,gpu,99742778,갤럭시 GALAX 지포스 RTX 5050 WHITE OC D6 8GB DUAL HDMI,433600,575000,575000,TH201:433600
10,gpu,99128558,GIGABYTE 라데온 RX 9060 XT Gaming OC ICE D6 16GB 제이씨현,631990,837000,837000,TH201:631990
10,gpu,77380469,MANLI 지포스 RTX 5070 Nebula D7 12GB 인텍앤컴퍼니,1025470,1352240,1352240,TH201:1025470
10,gpu,75074732,GIGABYTE 지포스 RTX 5080 WINDFORCE OC SFF D7 16GB 피씨디렉트,1852280,2440290,2440290,TH201:1852280
10,gpu,90957326,ASUS DUAL 지포스 RTX 5060 OC D7 8GB 대원씨티에스,574230,756080,756080,TH201:574230
10,gpu,77319458,GIGABYTE AORUS 지포스 RTX 5070 MASTER D7 12GB 제이씨현,1104000,1450000,1450000,TH201:1104000
10,gpu,76550489,ASUS PRIME 지포스 RTX 5080 D7 16GB 대원씨티에스,2399200,3139940,3139940,TH201:2399200
10,gpu,77319536,GIGABYTE 지포스 RTX 5070 EAGLE OC SFF D7 12GB 제이씨현,1024000,1339200,1339200,TH201:1024000
10,gpu,82433444,ASUS PRIME 지포스 RTX 5060 TI D7 8GB 인텍앤컴퍼니,664000,868000,868000,TH201:664000
10,gpu,77465798,INNO3D 지포스 RTX 5070 OC D7 12GB TWIN X2,1000000,1304260,1304260,TH201:1000000
10,gpu,76509074,PNY 지포스 RTX 5080 EPIC-X RGB OC D7 16GB Triple Fan 제이씨현,1896000,2468000,2468000,TH201:1896000
10,gpu,96369578,MSI 지포스 RTX 5070 쉐도우 2X OC D7 12GB,999200,1298000,1298000,TH201:999200
10,gpu,91908821,PowerColor 라데온 RX 9060 XT Hellhound OC D6 16GB 대원씨티에스,639980,829800,829800,TH201:639980
10,gpu,122692119,COLORFUL iGame 지포스 RTX 5080 ULTRA OC V2 D7 16GB 피씨디렉트,1841840,2382000,2382000,TH201:1841840
10,gpu,90892955,GIGABYTE 지포스 RTX 5060 EAGLE OC ICE D7 8GB 제이씨현,547980,707660,707660,TH201:547980
10,gpu,76510547,GIGABYTE 지포스 RTX 5070 Ti EAGLE OC ICE SFF D7 16GB 피씨디렉트,1479980,1910690,1910690,TH201:1479980
10,gpu,90889817,GIGABYTE 지포스 RTX 5060 EAGLE OC D7 8GB 피씨디렉트,534960,689520,689520,TH201:534960
10,gpu,81716264,GIGABYTE 지포스 RTX 5060 Ti WINDFORCE D7 8GB 피씨디렉트,641520,826650,826650,TH201:641520
10,gpu,93697997,ASUS DUAL 지포스 RTX 5050 OC D6 8GB 인텍앤컴퍼니,463190,595840,595840,TH201:463190
10,gpu,86649593,INNO3D 지포스 RTX 5060 Ti OC D7 8GB TWIN X2,582550,748700,748700,TH201:582550
10,gpu,123981255,GIGABYTE 지포스 RTX 5080 WINDFORCE OC V2 SFF D7 16GB 피씨디렉트,1884720,2419530,2419530,TH201:1884720
10,gpu,75536255,COLORFUL iGame 지포스 RTX 5080 ULTRA OC White D7 16GB 피씨디렉트,1856000,2382000,2382000,TH201:1856000
10,gpu,94524596,ASUS DUAL 지포스 RTX 5050 D6 8GB 대원씨티에스,459990,590000,590000,TH201:459990
10,gpu,91909010,PowerColor 라데온 RX 9060 XT Reaper White D6 16GB 대원씨티에스,664720,851510,851510,TH201:664720
10,gpu,93501725,갤럭시 GALAX 지포스 RTX 5050 BLACK OC D6 8GB DUAL HDMI,435590,556990,556990,TH201:435590
10,gpu,82258553,PNY 지포스 RTX 5070 OC D7 12GB Triple Fan STCOM,1016000,1299000,1299000,TH201:1016000
10,gpu,76551065,GIGABYTE 지포스 RTX 5070 Ti WINDFORCE OC SFF D7 16GB 제이씨현,1482980,1895490,1895490,TH201:1482980
10,gpu,77964722,COLORFUL iGame 지포스 RTX 5070 ULTRA OC White D7 12GB 피씨디렉트,1033340,1320600,1320600,TH201:1033340
10,gpu,90892949,GIGABYTE 지포스 RTX 5060 EAGLE OC D7 8GB 제이씨현,551190,704110,704110,TH201:551190
10,gpu,98227514,MANLI 지포스 RTX 5070 Nebula D7 12GB Dual Fan 대원씨티에스,1039740,1327550,1327550,TH201:1039740
10,gpu,78712517,갤럭시 GALAX 지포스 RTX 5070 EX GAMER BLACK OC D7 12GB,1033360,1318980,1318980,TH201:1033360
10,gpu,75931502,PNY 지포스 RTX 5080 D7 16GB Triple Fan 제이씨현,1807190,2306330,2306330,TH201:1807190
10,gpu,91908686,PowerColor 라데온 RX 9060 XT Hellhound Spectral White OC D6 16GB 대원씨티에스,704060,898380,898380,TH201:704060
10,gpu,90892928,GAINWARD 지포스 RTX 5060 고스트 D7 8GB,559920,713980,713980,TH201:559920
10,gpu,77465819,INNO3D 지포스 RTX 5070 OC D7 12GB TWIN X2 WHITE,1034390,1318000,1318000,TH201:1034390
10,gpu,122678887,GIGABYTE 지포스 RTX 5060 GAMING OC V2 D7 8GB 피씨디렉트,563340,715760,715760,TH201:563340
10,gpu,103481879,GIGABYTE 지포스 RTX 5060 Ti EAGLE MAX OC D7 8GB 제이씨현,639200,812000,812000,TH201:639200
10,gpu,77704514,MANLI 지포스 RTX 5070 Ti Polar Fox OC D7 16GB 대원씨티에스,1519290,1929990,1929990,TH201:1519290
10,gpu,76510754,GIGABYTE 지포스 RTX 5070 Ti WINDFORCE OC SFF D7 16GB 피씨디렉트,1482860,1878940,1878940,TH201:1482860
10,gpu,77312477,GIGABYTE 지포스 RTX 5070 WINDFORCE OC SFF D7 12GB 피씨디렉트,1006380,1275030,1275030,TH201:1006380
10,gpu,122692535,ASUS PRIME 라데온 RX 9070 GRE EVO OC D6 12GB 대원씨티에스,768410,972100,972100,TH201:768410
10,gpu,90892964,GIGABYTE 지포스 RTX 5060 UD2 OC D7 8GB Nano LP 제이씨현,568000,718150,718150,TH201:568000
10,gpu,76464395,ZOTAC GAMING 지포스 RTX 5070 Ti AMP Extreme Infinity D7 16GB,1793090,2265350,2265350,TH201:1793090
10,gpu,122709575,COLORFUL iGame 지포스 RTX 5060 ULTRA DUO OC White D7 8GB 도우정보,592810,748910,748910,TH201:592810
10,gpu,123802191,COLORFUL 지포스 RTX 5060 Ti GAMING DUO V2 D7 16GB 피씨디렉트,846360,1069000,1069000,TH201:846360
10,gpu,90889790,GIGABYTE 지포스 RTX 5060 EAGLE OC ICE D7 8GB 피씨디렉트,545970,689520,689520,TH201:545970
10,gpu,75931508,PNY 지포스 RTX 5080 OC D7 16GB Triple Fan 제이씨현,1825570,2304990,2304990,TH201:1825570
10,gpu,106712144,COLORFUL 지포스 RTX 5060 GAMING DUO D7 8GB 도우정보,556800,703010,703010,TH201:556800
10,gpu,76511060,COLORFUL iGame 지포스 RTX 5070 Ti ULTRA OC White D7 16GB 피씨디렉트,1488000,1878530,1878530,TH201:1488000
10,gpu,97837304,ASUS DUAL 지포스 RTX 5060 WHITE OC D7 8GB 인텍앤컴퍼니,572000,722000,722000,TH201:572000
10,gpu,90955808,갤럭시 GALAX 지포스 RTX 5060 EX WHITE OC D7 8GB,549980,693670,693670,TH201:549980
10,gpu,90955853,갤럭시 GALAZ 지포스 RTX 5060 EX BLACK OC D7 8GB,567200,715000,715000,TH201:567200
10,gpu,90955670,갤럭시 GALAX 지포스 RTX 5060 EX BLACK OC D7 8GB,546180,688480,688480,TH201:546180
10,gpu,94028864,GIGABYTE 지포스 RTX 5060 Ti WINDFORCE MAX OC D7 8GB 제이씨현,610320,764870,768830,TH201:610320
10,gpu,122726650,GIGABYTE 지포스 RTX 5060 WINDFORCE MAX OC V2 D7 8GB 제이씨현,559920,705080,705080,TH201:559920
10,gpu,99288071,GIGABYTE 라데온 RX 9060 XT Gaming OC ICE D6 16GB 피씨디렉트,674030,848630,848630,TH201:674030
10,gpu,74971838,ZOTAC GAMING 지포스 RTX 5080 AMP EXTREME INFINITY D7 16GB,1925250,2419930,2419930,TH201:1925250
10,gpu,76551551,ASUS PRIME 지포스 RTX 5070 Ti D7 16GB 인텍앤컴퍼니,1480620,1858000,1858000,TH201:1480620
10,gpu,123805994,GIGABYTE 지포스 RTX 5060 WINDFORCE MAX OC V2 D7 8GB 피씨디렉트,541140,678980,678980,TH201:541140
10,gpu,93381587,PALIT 지포스 RTX 5050 DUAL D6 8GB 이엠텍,459360,576330,576330,TH201:459360
10,gpu,99896006,PNY 지포스 RTX 5070 Ti OC D7 16GB Triple Fan 제이씨현,1434800,1799000,1799000,TH201:1434800
10,gpu,82225754,PNY 지포스 RTX 5070 Ti OC D7 16GB Triple Fan STCOM,1436360,1800820,1800820,TH201:1436360
10,gpu,77379299,MANLI 지포스 RTX 5070 Polar Fox OC D7 12GB 대원씨티에스,1144070,1434000,1434000,TH201:1144070
10,gpu,122687822,XFX 라데온 RX 9070 GRE SWIFT D6 12GB,774400,969890,969890,TH201:774400
10,gpu,104628866,ASUS DUAL 지포스 RTX 5060 EVO OC D7 8GB 인텍앤컴퍼니,558140,699000,699000,TH201:558140
10,gpu,122687833,XFX 라데온 RX 9070 GRE SWIFT WHITE D6 12GB,792000,991700,991700,TH201:792000
10,gpu,124021618,COLORFUL iGame 지포스 RTX 5060 Ti ULTRA DUO OC White D7 16GB 도우정보,975200,1219980,1219980,TH201:975200
10,gpu,91496327,ASUS DUAL 지포스 RTX 5060 OC D7 8GB 인텍앤컴퍼니,566790,709000,709000,TH201:566790
10,gpu,75600824,INNO3D 지포스 RTX 5080 OC D7 16GB X3,1963700,2455200,2455200,TH201:1963700
10,gpu,77705996,MSI 지포스 RTX 5070 Ti 뱅가드 SOC D7 16GB 하이퍼프로져,4463130,5580000,5580000,TH201:4463130
10,gpu,85664150,갤럭시 GALAX 지포스 RTX 5060 Ti BLACK OC D7 8GB,639200,799100,799100,TH201:639200
10,gpu,90957422,ASUS PRIME 지포스 RTX 5060 OC D7 8GB 대원씨티에스,591980,740000,740000,TH201:591980
10,gpu,123589439,ASUS 지포스 RTX 5060 Ti OC D7 8GB T1 Edition 대원씨티에스,663180,829000,829000,TH201:663180
10,gpu,90961244,INNO3D 지포스 RTX 5060 OC D7 8GB TWIN X2,602630,753300,753300,TH201:602630
10,gpu,82047602,MSI 지포스 RTX 5060 Ti 게이밍 OC D7 16GB 트윈프로져,959170,1198980,1198980,TH201:959170
10,gpu,123589443,ASUS 지포스 RTX 5070 OC D7 12GB T1 Edition 대원씨티에스,1039190,1299000,1299000,TH201:1039190
10,gpu,77791169,MSI 지포스 RTX 5080 벤투스 3X OC 화이트 D7 16GB,2639020,3298800,3298800,TH201:2639020
10,gpu,78842858,MSI 지포스 RTX 5080 쉐도우 3X OC D7 16GB,2059190,2574000,2574000,TH201:2059190
10,gpu,106712105,COLORFUL 지포스 RTX 5070 GAMING D7 12GB 도우정보,1087980,1359980,1359980,TH201:1087980
10,gpu,82717634,MANLI 지포스 RTX 5060 TI Polar Fox OC D7 8GB 인텍앤컴퍼니,742190,927740,927740,TH201:742190
10,gpu,100273427,MANLI 지포스 RTX 5080 Polar Fox OC V2 D7 16GB 대원씨티에스,1958400,2448000,2448000,TH201:1958400
10,gpu,106711598,COLORFUL iGame 지포스 RTX 5070 Ti ULTRA OC White D7 16GB 도우정보,1544000,1930000,1930000,TH201:1544000
10,gpu,12204407,ASUS ROG STRIX 지포스 RTX 3080 O10G GAMING OC D6X 10GB,3071200,3839000,3839000,TH201:3071200
10,gpu,76875332,MANLI 지포스 RTX 5070 Ti Nebula D7 16GB 인텍앤컴퍼니,1566400,1958000,1958000,TH201:1566400
10,gpu,77086862,갤럭시 GALAX 지포스 RTX 5070 Ti EX GAMER BLACK OC D7 16GB,1512800,1891000,1891000,TH201:1512800
10,gpu,81750227,MANLI 지포스 RTX 5060 Ti Polar Fox OC D7 16GB 인텍앤컴퍼니,1094400,1368000,1368000,TH201:1094400
10,gpu,93916847,갤럭시 GALAX 지포스 RTX 5080 HOF GAMING D7 16GB,2916000,3645000,3645000,TH201:2916000
10,gpu,97476629,ASUS ProArt 지포스 RTX 5080 OC D7 16GB 대원씨티에스,3048000,3810000,3810000,TH201:3048000
10,gpu,99895865,갤럭시 GALAZ 지포스 RTX 5060 WHITE OC V2 D7 8GB,848800,1061000,1061000,TH201:848800
10,gpu,108418784,COLORFUL iGame 지포스 RTX 5050 ULTRA DUO OC White D6 8GB 도우정보,484000,604990,604990,TH201:484000
10,gpu,108418823,COLORFUL 지포스 RTX 5050 GAMING DUO D6 8GB 도우정보,472000,589990,589990,TH201:472000
10,gpu,106711547,COLORFUL iGame 지포스 RTX 5060 Ti ULTRA DUO OC White D7 8GB 도우정보,684000,854980,854980,TH201:684000
10,gpu,123588932,ASUS 지포스 RTX 5060 Ti OC D7 8GB T1 Edition 인텍앤컴퍼니,663200,828900,828900,TH201:663200
10,gpu,123743015,GIGABYTE 지포스 RTX 5060 GAMING OC V2 D7 8GB 제이씨현,588000,734600,734600,TH201:588000
10,gpu,123588962,ASUS 지포스 RTX 5070 OC D7 12GB T1 Edition 인텍앤컴퍼니,1039190,1298000,1298000,TH201:1039190
10,gpu,95423621,갤럭시 GALAX 지포스 RTX 5070 Ti HOF GAMING BLACK D7 16GB,1751980,2186100,2186100,TH201:1751980
10,gpu,93386549,GIGABYTE 지포스 RTX 5050 GAMING OC D6 8GB 피씨디렉트,500980,625050,625050,TH201:500980
10,gpu,104359454,갤럭시 GALAX 지포스 RTX 5050 BLACK OC V2 D6 8GB DUAL HDMI,433350,540000,540000,TH201:433350
10,gpu,93318653,ASUS DUAL 지포스 RTX 5050 OC D6 8GB 대원씨티에스,463200,577000,577000,TH201:463200
10,gpu,90960104,COLORFUL iGame 지포스 RTX 5060 ULTRA DUO OC White D7 8GB 피씨디렉트,550690,685360,685360,TH201:550690
10,gpu,123743494,GIGABYTE AORUS 지포스 RTX 5070 Ti INFINITY D7 16GB 제이씨현,1695980,2108260,2108260,TH201:1695980
10,gpu,89862188,COLORFUL iGame 지포스 RTX 5060 Ti ULTRA DUO OC White D7 8GB 피씨디렉트,628570,781200,781200,TH201:628570
10,gpu,101956631,MANLI 지포스 RTX 5060 Ti Nebula V2 D7 8GB 대원씨티에스,729610,905990,905990,TH201:729610
10,gpu,76551041,GIGABYTE 지포스 RTX 5070 Ti EAGLE OC SFF D7 16GB 제이씨현,1543750,1914030,1914030,TH201:1543750
10,gpu,88132232,GIGABYTE 지포스 RTX 5060 Ti EAGLE OC D7 8GB 제이씨현,619990,768020,768020,TH201:619990
10,gpu,123590266,GIGABYTE AORUS 지포스 RTX 5080 INFINITY WOOD D7 16GB 제이씨현,2343590,2901160,2901160,TH201:2343590
10,gpu,77465882,INNO3D 지포스 RTX 5070 OC D7 12GB X3,1110400,1373980,1373980,TH201:1110400
10,gpu,122692149,COLORFUL iGame 지포스 RTX 5070 Ti ULTRA OC SFF D7 16GB 피씨디렉트,1487990,1836970,1836970,TH201:1487990
10,gpu,123802262,COLORFUL 지포스 RTX 5070 Ti BATTLE AX SFF D7 16GB 피씨디렉트,1455480,1795100,1795100,TH201:1455480
10,gpu,77379575,ASUS PRIME 지포스 RTX 5070 OC D7 12GB 대원씨티에스,1186790,1461980,1461980,TH201:1186790
10,gpu,122676813,MSI 지포스 RTX 5060 벤투스 2X OC V1 D7 8GB,543180,669000,669000,TH201:543180
10,gpu,122726547,GIGABYTE AORUS 지포스 RTX 5080 INFINITY WOOD D7 16GB 피씨디렉트,2359840,2905500,2905500,TH201:2359840
10,gpu,95001017,갤럭시 GALAX 지포스 RTX 5080 HOF GAMING BLACK D7 16GB,2093430,2575290,2575290,TH201:2093430
10,gpu,123981276,GIGABYTE 지포스 RTX 5080 WINDFORCE OC V2 SFF D7 16GB 제이씨현,2031200,2498010,2498010,TH201:2031200
10,gpu,76466114,INNO3D 지포스 RTX 5080 OC D7 16GB X3 WHITE,1943910,2387860,2387860,TH201:1943910
10,gpu,75075494,갤럭시 GALAX 지포스 RTX 5080 BLACK OC D7 16GB,1888000,2338370,2318430,TH201:1888000
10,gpu,90892970,GIGABYTE 지포스 RTX 5060 WINDFORCE OC D7 8GB 제이씨현,543180,666810,666810,TH201:543180
10,gpu,122726535,GIGABYTE AORUS 지포스 RTX 5080 INFINITY D7 16GB 피씨디렉트,2331330,2861870,2861870,TH201:2331330
10,gpu,90887702,PNY 지포스 RTX 5060 OC D7 8GB Dual Fan STCOM,537580,659840,659840,TH201:537580
10,gpu,77319527,GIGABYTE 지포스 RTX 5070 EAGLE OC ICE SFF D7 12GB 제이씨현,1087180,1333870,1333870,TH201:1087180
10,gpu,99896039,갤럭시 GALAX 지포스 RTX 5060 BLACK OC V2 D7 8GB,535750,657170,657170,TH201:535750
10,gpu,88132187,GIGABYTE 지포스 RTX 5060 Ti AERO OC D7 8GB 제이씨현,681590,836010,836010,TH201:681590
10,gpu,123802150,GIGABYTE AORUS 지포스 RTX 5070 INFINITY D7 12GB 피씨디렉트,1230110,1508310,1508310,TH201:1230110
10,gpu,122829828,GIGABYTE AORUS 지포스 RTX 5070 Ti INFINITY D7 16GB 피씨디렉트,1722110,2111110,2111110,TH201:1722110
10,gpu,106754483,갤럭시 GALAX 지포스 RTX 5060 Ti BLACK OC V2 D7 8GB,614280,752860,752860,TH201:614280
10,gpu,93386588,GIGABYTE 지포스 RTX 5050 UD2 OC D6 8GB Nano LP 피씨디렉트,498380,610590,610590,TH201:498380
10,gpu,88132310,GIGABYTE 지포스 RTX 5060 Ti WINDFORCE OC D7 8GB 제이씨현,629430,770840,770840,TH201:629430
10,gpu,20740013,MSI 지포스 RTX 4060 벤투스 2X 블랙 OC D6 8GB,2135140,2612750,2612750,TH201:2135140
10,gpu,32861312,MSI 지포스 RTX 4070 SUPER 게이밍 X 슬림 D6X 12GB 트라이프로져3,2135140,2612750,2612750,TH201:2135140
10,gpu,91908533,GIGABYTE 라데온 RX 9060 XT Gaming D6 8GB 피씨디렉트,1271670,1556130,1556130,TH201:1271670
10,gpu,122726726,ASUS DUAL 지포스 RTX 5060 EVO OC D7 8GB 코잇,554040,677970,677970,TH201:554040
10,gpu,122726733,ASUS DUAL 지포스 RTX 5060 WHITE OC D7 8GB 코잇,576840,705870,705870,TH201:576840
10,gpu,122726777,ASUS DUAL 지포스 RTX 5060 Ti WHITE OC D7 8GB 코잇,728840,891870,891870,TH201:728840
10,gpu,122726864,ASUS PRIME 지포스 RTX 5070 OC D7 12GB 코잇,1010040,1235970,1235970,TH201:1010040
10,gpu,76329767,MSI 지포스 RTX 5080 게이밍 트리오 OC 화이트 D7 16GB 트라이프로져4,4560000,5580000,5580000,TH201:4560000
10,gpu,76551029,GIGABYTE AORUS 지포스 RTX 5070 Ti MASTER D7 16GB 제이씨현,3800000,4650000,4650000,TH201:3800000
10,gpu,96259277,MSI 지포스 RTX 5080 엑스퍼트 OC D7 16GB 플로우프로져2,4940000,6045000,6045000,TH201:4940000
10,gpu,122724158,COLORFUL iGame 지포스 RTX 5060 ULTRA DUO OC D7 8GB 피씨디렉트,556780,681210,681210,TH201:556780
10,gpu,123537806,COLORFUL iGame 지포스 RTX 5070 Ti ULTRA OC SFF White D7 16GB 도우정보,1543980,1885100,1885100,TH201:1543980
10,gpu,75600731,INNO3D 지포스 RTX 5080 D7 16GB X3,1962810,2395640,2395640,TH201:1962810
10,gpu,123981266,GIGABYTE AORUS 지포스 RTX 5070 INFINITY D7 12GB 제이씨현,1237590,1507140,1507140,TH201:1237590
10,gpu,90889937,GIGABYTE 지포스 RTX 5060 UD2 OC D7 8GB Nano LP 피씨디렉트,567200,690550,690550,TH201:567200
10,gpu,90961373,INNO3D 지포스 RTX 5060 OC D7 8GB TWIN X2 WHITE,589060,716490,716490,TH201:589060
10,gpu,88133213,ASUS DUAL 지포스 RTX 5060 TI OC D7 8GB 대원씨티에스,639080,776550,776550,TH201:639080
10,gpu,75375797,MANLI 지포스 RTX 5080 Nebula D7 16GB 대원씨티에스,1916210,2326060,2326060,TH201:1916210
10,gpu,76466054,INNO3D 지포스 RTX 5070 Ti OC D7 16GB X3,1590150,1929000,1929000,TH201:1590150
10,gpu,99742721,갤럭시 GALAX 지포스 RTX 5060 Ti BLACK 3X D7 16GB DUAL HDMI,980800,1189000,1189000,TH201:980800
10,gpu,123802213,COLORFUL iGame 지포스 RTX 5060 Ti ULTRA DUO OC D7 16GB 피씨디렉트,890390,1079000,1079000,TH201:890390
10,gpu,90892967,GIGABYTE 지포스 RTX 5060 WINDFORCE D7 8GB 제이씨현,662510,802530,802530,TH201:662510
10,gpu,78235484,갤럭시 GALAX 지포스 RTX 5070 EX GAMER WHITE OC D7 12GB,2658960,3220910,3220910,TH201:2658960
10,gpu,75075386,갤럭시 GALAX 지포스 RTX 5080 WHITE OC D7 16GB,4170510,5051910,5051910,TH201:4170510
10,gpu,78102347,MSI 지포스 RTX 5070 게이밍 트리오 OC 화이트 D7 12GB 트라이프로져4,1482590,1795920,1795920,TH201:1482590
10,gpu,88233542,COLORFUL iGame 지포스 RTX 5060 Ti ULTRA DUO OC White D7 16GB 피씨디렉트,883180,1069580,1069580,TH201:883180
10,gpu,81716255,GIGABYTE 지포스 RTX 5060 Ti WINDFORCE OC D7 8GB 피씨디렉트,639110,770840,770840,TH201:639110
10,gpu,89862281,COLORFUL 지포스 RTX 5060 Ti 토마호크 DUO D7 8GB 피씨디렉트,635200,764000,764000,TH201:635200
10,gpu,79578482,갤럭시 GALAX 지포스 RTX 5080 EX GAMER BLACK OC D7 16GB,2045880,2460480,2460480,TH201:2045880
10,gpu,88132295,GIGABYTE 지포스 RTX 5060 Ti GAMING OC D7 8GB 제이씨현,685930,823780,823780,TH201:685930
10,gpu,90955439,COLORFUL iGame 지포스 RTX 5060 ULTRA OC White D7 8GB 피씨디렉트,620830,745000,745000,TH201:620830
10,gpu,122663332,COLORFUL iGame 지포스 RTX 5070 ULTRA OC D7 12GB 도우정보,1104000,1323070,1323070,TH201:1104000
10,gpu,81716102,GIGABYTE 지포스 RTX 5060 Ti EAGLE OC D7 8GB 피씨디렉트,648010,775000,775000,TH201:648010
10,gpu,86560166,INNO3D 지포스 RTX 5060 Ti OC D7 8GB X3,718690,851510,851510,TH201:718690
10,gpu,82697921,MANLI 지포스 RTX 5060 Ti Nebula D7 8GB 인텍앤컴퍼니,608790,720980,720980,TH201:608790
10,gpu,92187056,갤럭시 GALAX 지포스 RTX 5060 Ti EX BLACK OC D7 8GB,651590,770510,770510,TH201:651590
10,gpu,94261262,INNO3D 지포스 RTX 5050 D6 8GB TWIN X2,480370,565430,565430,TH201:480370
10,gpu,78977732,XFX 라데온 RX 9070 XT SWIFT WHITE D6 16GB,931180,,1290000,"TH201:931180 (의심 쇼핑몰 단독, 같은 스펙 중간값 1454830)"
10,gpu,86449373,INNO3D 지포스 RTX 5060 Ti OC D7 16GB TWIN X2 WHITE,917200,,1239000,"TH201:917200 (의심 쇼핑몰 단독, 같은 스펙 중간값 1097640)"
10,gpu,105968504,GAINWARD 지포스 RTX 5070 파이썬 III OC D7 12GB,1015200,,1329000,"TH201:1015200 (의심 쇼핑몰 단독, 같은 스펙 중간값 1333870)"
10,gpu,94201541,MANLI 지포스 RTX 5080 Gallardo OC D7 16GB White 인텍앤컴퍼니,2129250,,2726000,"TH201:2129250 (의심 쇼핑몰 단독, 같은 스펙 중간값 2513960)"
10,gpu,91909775,ASRock 라데온 RX 9060 XT 스틸레전드 OC D6 8GB 대원씨티에스,504000,,630000,"TH201:504000 (의심 쇼핑몰 단독, 같은 스펙 중간값 658000)"
10,gpu,122726879,ASUS PRIME 지포스 RTX 5070 Ti OC D7 16GB 코잇,1607200,,2008990,"TH201:1607200 (의심 쇼핑몰 단독, 같은 스펙 중간값 1921080)"
10,gpu,100618931,갤럭시 GALAX 지포스 RTX 5060 BLACK D7 8GB LP,583200,,,TH201:583200 (의심 쇼핑몰 단독 신규 상품)
10,gpu,104615543,ASUS ProArt 지포스 RTX 5070 Ti OC D7 16GB 인텍앤컴퍼니,1663200,,,TH201:1663200 (의심 쇼핑몰 단독 신규 상품)
10,gpu,108176363,GIGABYTE 지포스 RTX 5070 Ti WINDFORCE OC V2 D7 16GB 제이씨현,1487190,,,TH201:1487190 (의심 쇼핑몰 단독 신규 상품)
10,gpu,122726926,ASUS ROG Astral 지포스 RTX 5080 OC D7 16GB 코잇,2572430,,,TH201:2572430 (의심 쇼핑몰 단독 신규 상품)
10,gpu,18493601,ASUS TUF Gaming 라데온 RX 7900 XTX O24G OC D6 24GB 대원씨티에스,1489190,,,TH201:1489190 (의심 쇼핑몰 단독 신규 상품)
10,gpu,34816340,MSI 지포스 RTX 3050 벤투스 2X OC D6 6GB,303200,,,TH201:303200 (의심 쇼핑몰 단독 신규 상품)
10,gpu,75184247,PALIT 지포스 RTX 5080 GAMEROCK D7 16GB 이엠텍,2216000,,,TH201:2216000 (의심 쇼핑몰 단독 신규 상품)
10,gpu,75536588,GIGABYTE AORUS 지포스 RTX 5080 XTREME 워터포스 D7 16GB 제이씨현,2079200,,,TH201:2079200 (의심 쇼핑몰 단독 신규 상품)
10,gpu,75656861,MANLI 지포스 RTX 5090 Gallardo OC D7 32GB 인텍앤컴퍼니,6344790,,,TH201:6344790 (의심 쇼핑몰 단독 신규 상품)
10,gpu,75991625,GAINWARD 지포스 RTX 5090 팬텀 D7 32GB,6316000,,,TH201:6316000 (의심 쇼핑몰 단독 신규 상품)
10,gpu,76463408,갤럭시 GALAZ 지포스 RTX 5070 Ti BLACK OC D7 16GB,1600000,,,TH201:1600000 (의심 쇼핑몰 단독 신규 상품)
10,gpu,77318354,ASRock 라데온 RX 9070 스틸레전드 OC D6 16GB 대원씨티에스,838730,,,TH201:838730 (의심 쇼핑몰 단독 신규 상품)
10,gpu,77319857,갤럭시 GALAZ 지포스 RTX 5070 BLACK OC D7 12GB,1030810,,,TH201:1030810 (의심 쇼핑몰 단독 신규 상품)
10,gpu,77380763,MANLI 지포스 RTX 5070 Polar Fox OC D7 12GB 인텍앤컴퍼니,1063200,,,TH201:1063200 (의심 쇼핑몰 단독 신규 상품)
10,gpu,77381207,PowerColor 라데온 RX 9070 XT Hellhound Spectral White D6 16GB 대원씨티에스,1040000,,,TH201:1040000 (의심 쇼핑몰 단독 신규 상품)
10,gpu,77382785,GAINWARD 지포스 RTX 5070 피닉스 D7 12GB,1043890,,,TH201:1043890 (의심 쇼핑몰 단독 신규 상품)
10,gpu,77461214,ASUS PRIME 라데온 RX 9070 OC D6 16GB 대원씨티에스,847200,,,TH201:847200 (의심 쇼핑몰 단독 신규 상품)
10,gpu,77791202,MSI 지포스 RTX 5070 벤투스 2X OC 화이트 D7 12GB,1279200,,,TH201:1279200 (의심 쇼핑몰 단독 신규 상품)
10,gpu,77961743,갤럭시 GALAZ 지포스 RTX 5070 Ti EX GAMER BLACK OC D7 16GB,1512460,,,TH201:1512460 (의심 쇼핑몰 단독 신규 상품)
10,gpu,78843224,PNY 지포스 RTX 5070 OC D7 12GB Triple Fan 제이씨현,1006650,,,TH201:1006650 (의심 쇼핑몰 단독 신규 상품)
10,gpu,79578449,XFX 라데온 RX 9070 XT MERCURY RGB OC WHITE D6 16GB,1281600,,,TH201:1281600 (의심 쇼핑몰 단독 신규 상품)
10,gpu,79578539,갤럭시 GALAX 지포스 RTX 5080 EX GAMER WHITE OC D7 16GB,1872000,,,TH201:1872000 (의심 쇼핑몰 단독 신규 상품)
10,gpu,80903570,MANLI 지포스 RTX 5060 Ti Nebula D7 16GB 대원씨티에스,880000,,,TH201:880000 (의심 쇼핑몰 단독 신규 상품)
10,gpu,81715421,갤럭시 GALAX 지포스 RTX 5060 Ti BLACK OC D7 16GB,944000,,,TH201:944000 (의심 쇼핑몰 단독 신규 상품)
10,gpu,81715478,갤럭시 GALAZ 지포스 RTX 5060 Ti BLACK OC D7 16GB,840000,,,TH201:840000 (의심 쇼핑몰 단독 신규 상품)
10,gpu,81716585,GAINWARD 지포스 RTX 5060 Ti 파이썬 III D7 16GB,634300,,,TH201:634300 (의심 쇼핑몰 단독 신규 상품)
10,gpu,82179890,PNY 지포스 RTX 5080 EPIC-X RGB OC D7 16GB Triple Fan STCOM,1760000,,,TH201:1760000 (의심 쇼핑몰 단독 신규 상품)
10,gpu,85668698,갤럭시 GALAZ 지포스 RTX 5060 Ti BLACK OC D7 8GB,704000,,,TH201:704000 (의심 쇼핑몰 단독 신규 상품)
10,gpu,88132265,GIGABYTE 지포스 RTX 5060 Ti EAGLE OC ICE D7 8GB 제이씨현,669200,,,TH201:669200 (의심 쇼핑몰 단독 신규 상품)
10,gpu,88132328,GIGABYTE 지포스 RTX 5060 Ti WINDFORCE D7 8GB 제이씨현,711480,,,TH201:711480 (의심 쇼핑몰 단독 신규 상품)
10,gpu,88205957,ASUS PRIME 지포스 RTX 5060 TI OC D7 8GB 인텍앤컴퍼니,672000,,,TH201:672000 (의심 쇼핑몰 단독 신규 상품)
10,gpu,89605799,ASUS TUF Gaming 지포스 RTX 5060 TI OC D7 8GB 인텍앤컴퍼니,606320,,,TH201:606320 (의심 쇼핑몰 단독 신규 상품)
10,gpu,90435884,MSI 지포스 RTX 5070 Ti 게이밍 트리오 OC 화이트 D7 16GB 트라이프로져4,2431360,,,TH201:2431360 (의심 쇼핑몰 단독 신규 상품)
10,gpu,90436100,MSI 지포스 RTX 5060 Ti 벤투스 2X 플러스 D7 8GB,1119200,,,TH201:1119200 (의심 쇼핑몰 단독 신규 상품)
10,gpu,90642689,PALIT 지포스 RTX 5060 Ti DUAL OC D7 8GB 이엠텍,640000,,,TH201:640000 (의심 쇼핑몰 단독 신규 상품)
10,gpu,90889865,GIGABYTE 지포스 RTX 5060 WINDFORCE OC D7 8GB 피씨디렉트,536860,,,TH201:536860 (의심 쇼핑몰 단독 신규 상품)
10,gpu,90889892,GIGABYTE 지포스 RTX 5060 WINDFORCE D7 8GB 피씨디렉트,680000,,,TH201:680000 (의심 쇼핑몰 단독 신규 상품)
10,gpu,90955895,갤럭시 GALAZ 지포스 RTX 5060 EX WHITE OC D7 8GB,582400,,,TH201:582400 (의심 쇼핑몰 단독 신규 상품)
10,gpu,91426661,갤럭시 GALAX 지포스 RTX 5060 BLACK OC D7 8GB,600000,,,TH201:600000 (의심 쇼핑몰 단독 신규 상품)
10,gpu,91867850,GIGABYTE 라데온 RX 9060 XT Gaming D6 8GB 제이씨현,519990,,,TH201:519990 (의심 쇼핑몰 단독 신규 상품)
10,gpu,91910630,갤럭시 GALAZ 지포스 RTX 5060 Ti EX WHITE OC D7 8GB,716000,,,TH201:716000 (의심 쇼핑몰 단독 신규 상품)
10,gpu,92046863,PNY 지포스 RTX 5070 EPIC-X RGB OC D7 12GB Triple Fan STCOM,645760,,,TH201:645760 (의심 쇼핑몰 단독 신규 상품)
10,gpu,92046968,PNY 지포스 RTX 5060 Ti EPIC-X RGB OC D7 16GB Triple Fan STCOM,841400,,,TH201:841400 (의심 쇼핑몰 단독 신규 상품)
10,gpu,92153012,갤럭시 GALAX 지포스 RTX 5060 WHITE OC D7 8GB,574320,,,TH201:574320 (의심 쇼핑몰 단독 신규 상품)
10,gpu,92187074,갤럭시 GALAZ 지포스 RTX 5060 Ti EX BLACK OC D7 8GB,704000,,,TH201:704000 (의심 쇼핑몰 단독 신규 상품)
10,gpu,93501767,갤럭시 GALAZ 지포스 RTX 5050 BLACK OC D6 8GB DUAL HDMI,372800,,,TH201:372800 (의심 쇼핑몰 단독 신규 상품)
10,gpu,93629129,MANLI 지포스 RTX 5050 Nebula D6 8GB 인텍앤컴퍼니,390400,,,TH201:390400 (의심 쇼핑몰 단독 신규 상품)
10,gpu,93629741,MANLI 지포스 RTX 5050 Polar Fox OC D6 8GB 인텍앤컴퍼니,528000,,,TH201:528000 (의심 쇼핑몰 단독 신규 상품)
10,gpu,93698225,COLORFUL iGame 지포스 RTX 5050 ULTRA DUO OC White D6 8GB 피씨디렉트,454400,,,TH201:454400 (의심 쇼핑몰 단독 신규 상품)
10,gpu,93698933,GIGABYTE 지포스 RTX 5050 UD2 OC D6 8GB Nano LP 제이씨현,412000,,,TH201:412000 (의심 쇼핑몰 단독 신규 상품)
10,gpu,93704792,GIGABYTE 지포스 RTX 5060 Ti WINDFORCE MAX OC D7 16GB 피씨디렉트,719200,,,TH201:719200 (의심 쇼핑몰 단독 신규 상품)
10,gpu,94028903,GIGABYTE 지포스 RTX 5060 Ti WINDFORCE MAX OC D7 16GB 제이씨현,705600,,,TH201:705600 (의심 쇼핑몰 단독 신규 상품)
10,gpu,94520921,갤럭시 GALAZ 지포스 RTX 5070 Ti HOF GAMING D7 16GB,1872880,,,TH201:1872880 (의심 쇼핑몰 단독 신규 상품)
10,gpu,94570298,ASUS ROG Astral 지포스 RTX 5080 WHITE OC D7 16GB 인텍앤컴퍼니,2312000,,,TH201:2312000 (의심 쇼핑몰 단독 신규 상품)
10,gpu,94692245,ASUS DUAL 지포스 RTX 5050 D6 8GB 인텍앤컴퍼니,472000,,,TH201:472000 (의심 쇼핑몰 단독 신규 상품)
10,gpu,95001035,갤럭시 GALAZ 지포스 RTX 5080 HOF GAMING BLACK D7 16GB,1895590,,,TH201:1895590 (의심 쇼핑몰 단독 신규 상품)
10,gpu,95206559,PNY 지포스 RTX 5060 Ti D7 8GB Dual Fan 제이씨현,654610,,,TH201:654610 (의심 쇼핑몰 단독 신규 상품)
10,gpu,97476458,ASUS 지포스 RTX 5080 OC D7 16GB NOCTUA 대원씨티에스,2180000,,,TH201:2180000 (의심 쇼핑몰 단독 신규 상품)
10,gpu,98184494,갤럭시 GALAZ 지포스 RTX 5060 Ti BLACK 3X D7 16GB DUAL HDMI,825600,,,TH201:825600 (의심 쇼핑몰 단독 신규 상품)
10,gpu,98412050,PNY 지포스 RTX 5050 D6 8GB Dual Fan 제이씨현,495200,,,TH201:495200 (의심 쇼핑몰 단독 신규 상품)
10,gpu,98484845,갤럭시 GALAZ 지포스 RTX 5050 BLACK OC V2 D6 8GB DUAL HDMI,436000,,,TH201:436000 (의심 쇼핑몰 단독 신규 상품)
10,gpu,98771447,갤럭시 GALAX 지포스 RTX 5060 Ti BLACK OC Classic D7 8GB,640000,,,TH201:640000 (의심 쇼핑몰 단독 신규 상품)
10,gpu,98779298,갤럭시 GALAZ 지포스 RTX 5060 Ti BLACK OC Classic D7 8GB,536000,,,TH201:536000 (의심 쇼핑몰 단독 신규 상품)
10,gpu,99892193,갤럭시 GALAZ 지포스 RTX 5070 Ti BLACK 2X OC D7 16GB,1513930,,,TH201:1513930 (의심 쇼핑몰 단독 신규 상품)
10,ssd,98484449,Western Digital WD Blue SN5000 M.2 NVMe 중고 (500GB),139000,1096570,1096570,TV7C1:139000
10,ssd,17397623,SK하이닉스 Platinum P41 M.2 NVMe 해외구매 (500GB),283310,675960,675960,TH201:283310
10,ssd,14275913,킹스톤 KC600 해외구매 (256GB),83150,153430,153430,TH201:83150
10,ssd,49829600,에이서 프레데터 GM7 M.2 NVMe 해외구매 (2TB),418720,504800,504800,EE128:418720
10,ssd,108408740,GIGABYTE Gen3 M.2 NVMe 피씨디렉트 (512GB),134000,158000,158000,TJ918:134000
11,gpu,76331279,MANLI 지포스 RTX 5090 Stellar OC D7 32GB 인텍앤컴퍼니,6211050,13000000,13000000,TH201:6211060
11,gpu,99896525,갤럭시 GALAX 지포스 RTX 5060 BLACK OC V2 D7 8GB DUAL HDMI,576000,1061000,1061000,TH201:576000
11,gpu,99896534,갤럭시 GALAZ 지포스 RTX 5060 BLACK OC V2 D7 8GB DUAL HDMI,576000,1061000,1061000,TH201:576000
11,gpu,78842921,MSI 지포스 RTX 5070 Ti 쉐도우 3X OC D7 16GB,1486900,2733500,2733500,TH201:1486900
11,gpu,75373796,ASUS PRIME 지포스 RTX 5080 OC D7 16GB 인텍앤컴퍼니,1554550,2803740,2803740,TH201:1554550
11,gpu,93446051,ASUS DUAL 지포스 RTX 5070 OC D7 12GB 대원씨티에스,821070,1479000,1479000,TH201:821070
11,gpu,75375185,ASUS ROG Astral 지포스 RTX 5080 OC D7 16GB 대원씨티에스,2303990,4018000,4018000,TH201:2303990
11,gpu,92678951,ASUS DUAL 지포스 RTX 5070 OC D7 12GB 인텍앤컴퍼니,812790,1367220,1367220,TH201:812790
11,gpu,90956117,MSI 지포스 RTX 5060 게이밍 OC D7 8GB 트윈프로져,1849110,3091980,3091980,TH201:1849110
11,gpu,75373694,ASUS ROG Astral 지포스 RTX 5080 OC D7 16GB 인텍앤컴퍼니,2311150,3860430,3860430,TH201:2311150
11,gpu,76508576,COLORFUL iGame 지포스 RTX 5080 Vulcan OC D7 16GB 피씨디렉트,2127200,3540000,3540000,TH201:2127200
11,gpu,77382896,GIGABYTE 라데온 RX 9070 XT GAMING OC D6 16GB 제이씨현,878430,1455860,1455860,TH201:878430
11,gpu,77461619,ASUS PRIME 지포스 RTX 5070 OC D7 12GB 인텍앤컴퍼니,847420,1396500,1396500,TH201:847420
11,gpu,90701579,ASRock 라데온 RX 9070 XT 스틸레전드 DARK D6 16GB 대원씨티에스,934390,1518630,1518630,TH201:934390
11,gpu,91909781,ASRock 라데온 RX 9060 XT 스틸레전드 OC D6 16GB 대원씨티에스,546030,884670,884670,TH201:546030
11,gpu,92153132,갤럭시 GALAZ 지포스 RTX 5060 WHITE OC D7 8GB,656000,1061000,1061000,TH201:656000
11,gpu,90956867,MANLI 지포스 RTX 5060 Polar Fox D7 OC 8GB 대원씨티에스,425870,688200,688200,TH201:425870
11,gpu,92892671,XFX 라데온 RX 9060 XT SWIFT DUAL WHITE OC D6 16GB,519530,833860,833860,TH201:519530
11,gpu,76550837,MSI 지포스 RTX 5070 Ti 벤투스 3X OC D7 16GB,1189750,1899000,1899000,TH201:1189750
11,gpu,95985854,ASUS DUAL 라데온 RX 9060 D6 8GB 대원씨티에스,364700,581510,581510,TH201:364700
11,gpu,75184271,GIGABYTE 지포스 RTX 5080 WINDFORCE OC SFF D7 16GB 제이씨현,1534160,2445900,2445900,TH201:1534160
11,gpu,79578347,XFX 라데온 RX 9070 XT QUICKSILVER D6 16GB,928820,1454830,1454830,TH201:928820
11,gpu,122709552,COLORFUL iGame 지포스 RTX 5060 ULTRA DUO OC D7 8GB 도우정보,486080,759990,759990,TH201:486080
11,gpu,77020520,이엠텍 지포스 RTX 5070 Ti MIRACLE WHITE D7 16GB,1343990,2100000,2100000,TH201:1343990
11,gpu,75536942,MANLI 지포스 RTX 5080 Polar Fox OC D7 16GB 인텍앤컴퍼니,1566720,2448000,2448000,TH201:1566720
11,gpu,77379233,MANLI 지포스 RTX 5070 Nebula D7 12GB 대원씨티에스,825600,1290000,1290000,TH201:825600
11,gpu,108418766,COLORFUL 지포스 RTX 5060 Ti GAMING DUO D7 16GB 도우정보,755200,1179990,1179990,TH201:755200
11,gpu,122709701,COLORFUL iGame 지포스 RTX 5060 ULTRA OC D7 8GB 도우정보,496000,774990,774990,TH201:496000
11,gpu,91909511,SAPPHIRE 라데온 RX 9060 XT PURE OC D6 16GB,548150,851500,851500,TH201:548150
11,gpu,99288146,GIGABYTE 라데온 RX 9070 XT GAMING OC ICE D6 16GB 피씨디렉트,933740,1448600,1448600,TH201:933740
11,gpu,91909763,ASRock 라데온 RX 9060 XT CHALLENGER OC D6 16GB 대원씨티에스,510690,790040,790040,TH201:510690
11,gpu,81716594,GAINWARD 지포스 RTX 5060 Ti 고스트 D7 8GB,504950,778930,778930,TH201:504950
11,gpu,122684820,SAPPHIRE 라데온 RX 9070 GRE PULSE OC D6 12GB,629710,968840,968840,TH201:629710
11,gpu,91909427,SAPPHIRE 라데온 RX 9060 XT NITRO+ OC D6 16GB,591310,909000,909000,TH201:591310
11,gpu,91909166,XFX 라데온 RX 9060 XT SWIFT DUAL WHITE OC D6 8GB,418090,641750,641750,TH201:418090
11,gpu,106736336,COLORFUL 지포스 RTX 5060 Ti GAMING DUO D7 8GB 도우정보,512000,784130,784130,TH201:512000
11,gpu,92889065,ZOTAC GAMING 지포스 RTX 5070 Ti SOLID CORE OC White D7 16GB,1567200,2399000,2399000,TH201:1567200
11,gpu,77015564,MANLI 지포스 RTX 5070 Ti Nebula D7 16GB 대원씨티에스,1203190,1839000,1839000,TH201:1203190
11,gpu,77312543,GIGABYTE 지포스 RTX 5070 EAGLE OC ICE SFF D7 12GB 피씨디렉트,869760,1329180,1329180,TH201:869760
11,gpu,75184262,GIGABYTE AORUS 지포스 RTX 5080 MASTER ICE D7 16GB 제이씨현,2439970,3720000,3720000,TH201:2439970
11,gpu,92358173,ZOTAC GAMING 지포스 RTX 5070 Ti SOLID CORE OC D7 16GB,1567200,2389000,2389000,TH201:1567200
11,gpu,106694891,SAPPHIRE 라데온 RX 9070 XT NITRO+ OC D6 16GB 붉은사막 에디션,1052780,1597090,1597090,TH201:1052780
11,gpu,99128543,GIGABYTE 라데온 RX 9070 XT GAMING OC ICE D6 16GB 제이씨현,959340,1447250,1447250,TH201:959340
11,gpu,122700116,ASUS PRIME 지포스 RTX 5080 EVO OC D7 16GB 대원씨티에스,1919200,2890930,2890930,TH201:1919200
11,gpu,77380787,MANLI 지포스 RTX 5070 Stellar OC D7 12GB 인텍앤컴퍼니,979200,1469000,1469000,TH201:979200
11,gpu,75375293,ASUS TUF Gaming 지포스 RTX 5080 OC D7 16GB 대원씨티에스,2559180,3799000,3799000,TH201:2559180
11,gpu,75184280,GIGABYTE 지포스 RTX 5090 GAMING OC D7 32GB 제이씨현,6255810,9284900,9284900,TH201:6255810
11,gpu,75184277,GIGABYTE AORUS 지포스 RTX 5090 MASTER ICE D7 32GB 제이씨현,6399180,9439500,9439500,TH201:6399180
11,gpu,75375560,ASUS TUF Gaming 지포스 RTX 5090 D7 32GB 대원씨티에스,6359990,9290000,9290000,TH201:6359990
11,gpu,77318285,ASRock 라데온 RX 9070 XT 스틸레전드 D6 16GB 대원씨티에스,959330,1381150,1381150,TH201:959330
11,gpu,122829866,PNY 지포스 RTX 5060 D7 8GB Dual Fan 제이씨현,509200,729000,729000,TH201:509200
11,gpu,93382082,MANLI 지포스 RTX 5050 Nebula D6 8GB 대원씨티에스,419870,599000,599000,TH201:419870
11,gpu,95206529,PNY 지포스 RTX 5060 Ti OC D7 8GB Dual Fan 제이씨현,485440,690000,690000,TH201:485440
11,gpu,91769021,PALIT 지포스 RTX 5070 GAMINGPRO-S D7 12GB 이엠텍,982880,1391760,1391760,TH201:982880
11,gpu,75184283,GIGABYTE 지포스 RTX 5090 WINDFORCE OC D7 32GB 제이씨현,6363620,8990000,8990000,TH201:6363620
11,gpu,95423255,MANLI 지포스 RTX 5070 Polar Fox OC V2 D7 12GB 대원씨티에스,1063150,1501920,1501920,TH201:1063150
11,gpu,75536696,GIGABYTE AORUS 지포스 RTX 5090 XTREME 워터포스 D7 32GB 제이씨현,6336400,8930430,8930430,TH201:6336400
11,gpu,95423684,갤럭시 GALAZ 지포스 RTX 5070 Ti HOF GAMING BLACK D7 16GB,1831990,2581500,2581500,TH201:1831990
11,gpu,93704759,GIGABYTE 지포스 RTX 5060 Ti WINDFORCE MAX OC D7 8GB 피씨디렉트,543190,761370,761370,TH201:543190
11,gpu,122726759,ASUS DUAL 지포스 RTX 5060 Ti OC D7 8GB 코잇,658800,920980,920980,TH201:658800
11,gpu,91871504,ASUS DUAL 라데온 RX 9060 XT D6 8GB 대원씨티에스,499010,697500,697500,TH201:499010
11,gpu,75374105,ASUS TUF Gaming 지포스 RTX 5080 OC D7 16GB 인텍앤컴퍼니,2719190,3799000,3799000,TH201:2719190
11,gpu,75074258,GIGABYTE AORUS 지포스 RTX 5080 MASTER ICE D7 16GB 피씨디렉트,2371150,3299370,3299370,TH201:2371150
11,gpu,85674647,갤럭시 GALAX 지포스 RTX 5060 Ti WHITE OC D7 8GB,670390,931990,931990,TH201:670390
11,gpu,94521011,갤럭시 GALAX 지포스 RTX 5070 Ti HOF GAMING D7 16GB,1784000,2478700,2478700,TH201:1784000
11,gpu,93698783,GIGABYTE 지포스 RTX 5050 GAMING OC D6 8GB 제이씨현,466650,643000,643000,TH201:466650
11,gpu,77319749,갤럭시 GALAX 지포스 RTX 5070 WHITE OC D7 12GB,1062390,1455600,1455600,TH201:1062390
11,gpu,92971433,PNY 지포스 RTX 5060 OC D7 8GB Dual Fan 제이씨현,515980,705090,705090,TH201:515980
11,gpu,93382217,MANLI 지포스 RTX 5050 Polar Fox OC D6 8GB 대원씨티에스,442000,600000,600000,TH201:442000
11,gpu,75074405,GIGABYTE AORUS 지포스 RTX 5080 XTREME 워터포스 D7 16GB 피씨디렉트,2311190,3127410,3127410,TH201:2311190
11,gpu,82443086,ASUS DUAL 지포스 RTX 5060 TI OC D7 16GB 인텍앤컴퍼니,992900,1328150,1328150,TH201:992900
11,gpu,93861539,ASUS DUAL 지포스 RTX 5060 D7 8GB 인텍앤컴퍼니,574260,765000,765000,TH201:574260
11,gpu,90644597,MANLI 지포스 RTX 5060 Polar Fox D7 OC 8GB 인텍앤컴퍼니,544100,723800,723800,TH201:544100
11,gpu,100270736,INNO3D 지포스 RTX 5060 OC V2 D7 8GB TWIN X2,519190,688900,688900,TH201:519190
11,gpu,99742778,갤럭시 GALAX 지포스 RTX 5050 WHITE OC D6 8GB DUAL HDMI,433600,575000,575000,TH201:433600
11,gpu,99128558,GIGABYTE 라데온 RX 9060 XT Gaming OC ICE D6 16GB 제이씨현,631990,837000,837000,TH201:631990
11,gpu,77380469,MANLI 지포스 RTX 5070 Nebula D7 12GB 인텍앤컴퍼니,1025470,1352240,1352240,TH201:1025470
11,gpu,75074732,GIGABYTE 지포스 RTX 5080 WINDFORCE OC SFF D7 16GB 피씨디렉트,1852280,2440290,2440290,TH201:1852280
11,gpu,90957326,ASUS DUAL 지포스 RTX 5060 OC D7 8GB 대원씨티에스,574230,756080,756080,TH201:574230
11,gpu,77319458,GIGABYTE AORUS 지포스 RTX 5070 MASTER D7 12GB 제이씨현,1104000,1450000,1450000,TH201:1104000
11,gpu,76550489,ASUS PRIME 지포스 RTX 5080 D7 16GB 대원씨티에스,2399200,3139940,3139940,TH201:2399200
11,gpu,77319536,GIGABYTE 지포스 RTX 5070 EAGLE OC SFF D7 12GB 제이씨현,1024000,1339200,1339200,TH201:1024000
11,gpu,82433444,ASUS PRIME 지포스 RTX 5060 TI D7 8GB 인텍앤컴퍼니,664000,868000,868000,TH201:664000
11,gpu,77465798,INNO3D 지포스 RTX 5070 OC D7 12GB TWIN X2,1000000,1304260,1304260,TH201:1000000
11,gpu,76509074,PNY 지포스 RTX 5080 EPIC-X RGB OC D7 16GB Triple Fan 제이씨현,1896000,2468000,2468000,TH201:1896000
11,gpu,96369578,MSI 지포스 RTX 5070 쉐도우 2X OC D7 12GB,999200,1298000,1298000,TH201:999200
11,gpu,91908821,PowerColor 라데온 RX 9060 XT Hellhound OC D6 16GB 대원씨티에스,639980,829800,829800,TH201:639980
11,gpu,122692119,COLORFUL iGame 지포스 RTX 5080 ULTRA OC V2 D7 16GB 피씨디렉트,1841840,2382000,2382000,TH201:1841840
11,gpu,90892955,GIGABYTE 지포스 RTX 5060 EAGLE OC ICE D7 8GB 제이씨현,547980,707660,707660,TH201:547980
11,gpu,76510547,GIGABYTE 지포스 RTX 5070 Ti EAGLE OC ICE SFF D7 16GB 피씨디렉트,1479980,1910690,1910690,TH201:1479980
11,gpu,90889817,GIGABYTE 지포스 RTX 5060 EAGLE OC D7 8GB 피씨디렉트,534960,689520,689520,TH201:534960
11,gpu,81716264,GIGABYTE 지포스 RTX 5060 Ti WINDFORCE D7 8GB 피씨디렉트,641520,826650,826650,TH201:641520
11,gpu,93697997,ASUS DUAL 지포스 RTX 5050 OC D6 8GB 인텍앤컴퍼니,463190,595840,595840,TH201:463190
11,gpu,86649593,INNO3D 지포스 RTX 5060 Ti OC D7 8GB TWIN X2,582550,748700,748700,TH201:582550
11,gpu,123981255,GIGABYTE 지포스 RTX 5080 WINDFORCE OC V2 SFF D7 16GB 피씨디렉트,1884720,2419530,2419530,TH201:1884720
11,gpu,75536255,COLORFUL iGame 지포스 RTX 5080 ULTRA OC White D7 16GB 피씨디렉트,1856000,2382000,2382000,TH201:1856000
11,gpu,94524596,ASUS DUAL 지포스 RTX 5050 D6 8GB 대원씨티에스,459990,590000,590000,TH201:459990
11,gpu,91909010,PowerColor 라데온 RX 9060 XT Reaper White D6 16GB 대원씨티에스,664720,851510,851510,TH201:664720
11,gpu,93501725,갤럭시 GALAX 지포스 RTX 5050 BLACK OC D6 8GB DUAL HDMI,435590,556990,556990,TH201:435590
11,gpu,82258553,PNY 지포스 RTX 5070 OC D7 12GB Triple Fan STCOM,1016000,1299000,1299000,TH201:1016000
11,gpu,76551065,GIGABYTE 지포스 RTX 5070 Ti WINDFORCE OC SFF D7 16GB 제이씨현,1482980,1895490,1895490,TH201:1482980
11,gpu,77964722,COLORFUL iGame 지포스 RTX 5070 ULTRA OC White D7 12GB 피씨디렉트,1033340,1320600,1320600,TH201:1033340
11,gpu,90892949,GIGABYTE 지포스 RTX 5060 EAGLE OC D7 8GB 제이씨현,551190,704110,704110,TH201:551190
11,gpu,98227514,MANLI 지포스 RTX 5070 Nebula D7 12GB Dual Fan 대원씨티에스,1039740,1327550,1327550,TH201:1039740
11,gpu,78712517,갤럭시 GALAX 지포스 RTX 5070 EX GAMER BLACK OC D7 12GB,1033360,1318980,1318980,TH201:1033360
11,gpu,75931502,PNY 지포스 RTX 5080 D7 16GB Triple Fan 제이씨현,1807190,2306330,2306330,TH201:1807190
11,gpu,91908686,PowerColor 라데온 RX 9060 XT Hellhound Spectral White OC D6 16GB 대원씨티에스,704060,898380,898380,TH201:704060
11,gpu,90892928,GAINWARD 지포스 RTX 5060 고스트 D7 8GB,559920,713980,713980,TH201:559920
11,gpu,77465819,INNO3D 지포스 RTX 5070 OC D7 12GB TWIN X2 WHITE,1034390,1318000,1318000,TH201:1034390
11,gpu,122678887,GIGABYTE 지포스 RTX 5060 GAMING OC V2 D7 8GB 피씨디렉트,563340,715760,715760,TH201:563340
11,gpu,103481879,GIGABYTE 지포스 RTX 5060 Ti EAGLE MAX OC D7 8GB 제이씨현,639200,812000,812000,TH201:639200
11,gpu,77704514,MANLI 지포스 RTX 5070 Ti Polar Fox OC D7 16GB 대원씨티에스,1519290,1929990,1929990,TH201:1519290
11,gpu,76510754,GIGABYTE 지포스 RTX 5070 Ti WINDFORCE OC SFF D7 16GB 피씨디렉트,1482860,1878940,1878940,TH201:1482860
11,gpu,77312477,GIGABYTE 지포스 RTX 5070 WINDFORCE OC SFF D7 12GB 피씨디렉트,1006380,1275030,1275030,TH201:1006380
11,gpu,122692535,ASUS PRIME 라데온 RX 9070 GRE EVO OC D6 12GB 대원씨티에스,768410,972100,972100,TH201:768410
11,gpu,90892964,GIGABYTE 지포스 RTX 5060 UD2 OC D7 8GB Nano LP 제이씨현,568000,718150,718150,TH201:568000
11,gpu,76464395,ZOTAC GAMING 지포스 RTX 5070 Ti AMP Extreme Infinity D7 16GB,1793090,2265350,2265350,TH201:1793090
11,gpu,122709575,COLORFUL iGame 지포스 RTX 5060 ULTRA DUO OC White D7 8GB 도우정보,592810,748910,748910,TH201:592810
11,gpu,123802191,COLORFUL 지포스 RTX 5060 Ti GAMING DUO V2 D7 16GB 피씨디렉트,846360,1069000,1069000,TH201:846360
11,gpu,90889790,GIGABYTE 지포스 RTX 5060 EAGLE OC ICE D7 8GB 피씨디렉트,545970,689520,689520,TH201:545970
11,gpu,75931508,PNY 지포스 RTX 5080 OC D7 16GB Triple Fan 제이씨현,1825570,2304990,2304990,TH201:1825570
11,gpu,106712144,COLORFUL 지포스 RTX 5060 GAMING DUO D7 8GB 도우정보,556800,703010,703010,TH201:556800
11,gpu,76511060,COLORFUL iGame 지포스 RTX 5070 Ti ULTRA OC White D7 16GB 피씨디렉트,1488000,1878530,1878530,TH201:1488000
11,gpu,97837304,ASUS DUAL 지포스 RTX 5060 WHITE OC D7 8GB 인텍앤컴퍼니,572000,722000,722000,TH201:572000
11,gpu,90955808,갤럭시 GALAX 지포스 RTX 5060 EX WHITE OC D7 8GB,549980,693670,693670,TH201:549980
11,gpu,90955853,갤럭시 GALAZ 지포스 RTX 5060 EX BLACK OC D7 8GB,567200,715000,715000,TH201:567200
11,gpu,90955670,갤럭시 GALAX 지포스 RTX 5060 EX BLACK OC D7 8GB,546180,688480,688480,TH201:546180
11,gpu,122726650,GIGABYTE 지포스 RTX 5060 WINDFORCE MAX OC V2 D7 8GB 제이씨현,559920,705080,705080,TH201:559920
11,gpu,99288071,GIGABYTE 라데온 RX 9060 XT Gaming OC ICE D6 16GB 피씨디렉트,674030,848630,848630,TH201:674030
11,gpu,74971838,ZOTAC GAMING 지포스 RTX 5080 AMP EXTREME INFINITY D7 16GB,1925250,2419930,2419930,TH201:1925250
11,gpu,76551551,ASUS PRIME 지포스 RTX 5070 Ti D7 16GB 인텍앤컴퍼니,1480620,1858000,1858000,TH201:1480620
11,gpu,123805994,GIGABYTE 지포스 RTX 5060 WINDFORCE MAX OC V2 D7 8GB 피씨디렉트,541140,678980,678980,TH201:541140
11,gpu,93381587,PALIT 지포스 RTX 5050 DUAL D6 8GB 이엠텍,459360,576330,576330,TH201:459360
11,gpu,99896006,PNY 지포스 RTX 5070 Ti OC D7 16GB Triple Fan 제이씨현,1434800,1799000,1799000,TH201:1434800
11,gpu,82225754,PNY 지포스 RTX 5070 Ti OC D7 16GB Triple Fan STCOM,1436360,1800820,1800820,TH201:1436360
11,gpu,77379299,MANLI 지포스 RTX 5070 Polar Fox OC D7 12GB 대원씨티에스,1144070,1434000,1434000,TH201:1144070
11,gpu,94028864,GIGABYTE 지포스 RTX 5060 Ti WINDFORCE MAX OC D7 8GB 제이씨현,610320,764870,764870,TH201:610320
11,gpu,122687822,XFX 라데온 RX 9070 GRE SWIFT D6 12GB,774400,969890,969890,TH201:774400
11,gpu,104628866,ASUS DUAL 지포스 RTX 5060 EVO OC D7 8GB 인텍앤컴퍼니,558140,699000,699000,TH201:558140
11,gpu,122687833,XFX 라데온 RX 9070 GRE SWIFT WHITE D6 12GB,792000,991700,991700,TH201:792000
11,gpu,124021618,COLORFUL iGame 지포스 RTX 5060 Ti ULTRA DUO OC White D7 16GB 도우정보,975200,1219980,1219980,TH201:975200
11,gpu,91496327,ASUS DUAL 지포스 RTX 5060 OC D7 8GB 인텍앤컴퍼니,566790,709000,709000,TH201:566790
11,gpu,75600824,INNO3D 지포스 RTX 5080 OC D7 16GB X3,1963700,2455200,2455200,TH201:1963700
11,gpu,77705996,MSI 지포스 RTX 5070 Ti 뱅가드 SOC D7 16GB 하이퍼프로져,4463130,5580000,5580000,TH201:4463130
11,gpu,85664150,갤럭시 GALAX 지포스 RTX 5060 Ti BLACK OC D7 8GB,639200,799100,799100,TH201:639200
11,gpu,90957422,ASUS PRIME 지포스 RTX 5060 OC D7 8GB 대원씨티에스,591980,740000,740000,TH201:591980
11,gpu,123589439,ASUS 지포스 RTX 5060 Ti OC D7 8GB T1 Edition 대원씨티에스,663180,829000,829000,TH201:663180
11,gpu,90961244,INNO3D 지포스 RTX 5060 OC D7 8GB TWIN X2,602630,753300,753300,TH201:602630
11,gpu,82047602,MSI 지포스 RTX 5060 Ti 게이밍 OC D7 16GB 트윈프로져,959170,1198980,1198980,TH201:959170
11,gpu,123589443,ASUS 지포스 RTX 5070 OC D7 12GB T1 Edition 대원씨티에스,1039190,1299000,1299000,TH201:1039190
11,gpu,77791169,MSI 지포스 RTX 5080 벤투스 3X OC 화이트 D7 16GB,2639020,3298800,3298800,TH201:2639020
11,gpu,78842858,MSI 지포스 RTX 5080 쉐도우 3X OC D7 16GB,2059190,2574000,2574000,TH201:2059190
11,gpu,106712105,COLORFUL 지포스 RTX 5070 GAMING D7 12GB 도우정보,1087980,1359980,1359980,TH201:1087980
11,gpu,82717634,MANLI 지포스 RTX 5060 TI Polar Fox OC D7 8GB 인텍앤컴퍼니,742190,927740,927740,TH201:742190
11,gpu,100273427,MANLI 지포스 RTX 5080 Polar Fox OC V2 D7 16GB 대원씨티에스,1958400,2448000,2448000,TH201:1958400
11,gpu,106711598,COLORFUL iGame 지포스 RTX 5070 Ti ULTRA OC White D7 16GB 도우정보,1544000,1930000,1930000,TH201:1544000
11,gpu,12204407,ASUS ROG STRIX 지포스 RTX 3080 O10G GAMING OC D6X 10GB,3071200,3839000,3839000,TH201:3071200
11,gpu,76875332,MANLI 지포스 RTX 5070 Ti Nebula D7 16GB 인텍앤컴퍼니,1566400,1958000,1958000,TH201:1566400
11,gpu,77086862,갤럭시 GALAX 지포스 RTX 5070 Ti EX GAMER BLACK OC D7 16GB,1512800,1891000,1891000,TH201:1512800
11,gpu,81750227,MANLI 지포스 RTX 5060 Ti Polar Fox OC D7 16GB 인텍앤컴퍼니,1094400,1368000,1368000,TH201:1094400
11,gpu,93916847,갤럭시 GALAX 지포스 RTX 5080 HOF GAMING D7 16GB,2916000,3645000,3645000,TH201:2916000
11,gpu,97476629,ASUS ProArt 지포스 RTX 5080 OC D7 16GB 대원씨티에스,3048000,3810000,3810000,TH201:3048000
11,gpu,99895865,갤럭시 GALAZ 지포스 RTX 5060 WHITE OC V2 D7 8GB,848800,1061000,1061000,TH201:848800
11,gpu,108418784,COLORFUL iGame 지포스 RTX 5050 ULTRA DUO OC White D6 8GB 도우정보,484000,604990,604990,TH201:484000
11,gpu,108418823,COLORFUL 지포스 RTX 5050 GAMING DUO D6 8GB 도우정보,472000,589990,589990,TH201:472000
11,gpu,106711547,COLORFUL iGame 지포스 RTX 5060 Ti ULTRA DUO OC White D7 8GB 도우정보,684000,854980,854980,TH201:684000
11,gpu,123588932,ASUS 지포스 RTX 5060 Ti OC D7 8GB T1 Edition 인텍앤컴퍼니,663200,828900,828900,TH201:663200
11,gpu,123743015,GIGABYTE 지포스 RTX 5060 GAMING OC V2 D7 8GB 제이씨현,588000,734600,734600,TH201:588000
11,gpu,123588962,ASUS 지포스 RTX 5070 OC D7 12GB T1 Edition 인텍앤컴퍼니,1039190,1298000,1298000,TH201:1039190
11,gpu,95423621,갤럭시 GALAX 지포스 RTX 5070 Ti HOF GAMING BLACK D7 16GB,1751980,2186100,2186100,TH201:1751980
11,gpu,93386549,GIGABYTE 지포스 RTX 5050 GAMING OC D6 8GB 피씨디렉트,500980,625050,625050,TH201:500980
11,gpu,104359454,갤럭시 GALAX 지포스 RTX 5050 BLACK OC V2 D6 8GB DUAL HDMI,433350,540000,540000,TH201:433350
11,gpu,93318653,ASUS DUAL 지포스 RTX 5050 OC D6 8GB 대원씨티에스,463200,577000,577000,TH201:463200
11,gpu,90960104,COLORFUL iGame 지포스 RTX 5060 ULTRA DUO OC White D7 8GB 피씨디렉트,550690,685360,685360,TH201:550690
11,gpu,123743494,GIGABYTE AORUS 지포스 RTX 5070 Ti INFINITY D7 16GB 제이씨현,1695980,2108260,2108260,TH201:1695980
11,gpu,89862188,COLORFUL iGame 지포스 RTX 5060 Ti ULTRA DUO OC White D7 8GB 피씨디렉트,628570,781200,781200,TH201:628570
11,gpu,101956631,MANLI 지포스 RTX 5060 Ti Nebula V2 D7 8GB 대원씨티에스,729610,905990,905990,TH201:729610
11,gpu,76551041,GIGABYTE 지포스 RTX 5070 Ti EAGLE OC SFF D7 16GB 제이씨현,1543750,1914030,1914030,TH201:1543750
11,gpu,88132232,GIGABYTE 지포스 RTX 5060 Ti EAGLE OC D7 8GB 제이씨현,619990,768020,768020,TH201:619990
11,gpu,75075494,갤럭시 GALAX 지포스 RTX 5080 BLACK OC D7 16GB,1888000,2338370,2338370,TH201:1888000
11,gpu,123590266,GIGABYTE AORUS 지포스 RTX 5080 INFINITY WOOD D7 16GB 제이씨현,2343590,2901160,2901160,TH201:2343590
11,gpu,77465882,INNO3D 지포스 RTX 5070 OC D7 12GB X3,1110400,1373980,1373980,TH201:1110400
11,gpu,122692149,COLORFUL iGame 지포스 RTX 5070 Ti ULTRA OC SFF D7 16GB 피씨디렉트,1487990,1836970,1836970,TH201:1487990
11,gpu,123802262,COLORFUL 지포스 RTX 5070 Ti BATTLE AX SFF D7 16GB 피씨디렉트,1455480,1795100,1795100,TH201:1455480
11,gpu,77379575,ASUS PRIME 지포스 RTX 5070 OC D7 12GB 대원씨티에스,1186790,1461980,1461980,TH201:1186790
11,gpu,122676813,MSI 지포스 RTX 5060 벤투스 2X OC V1 D7 8GB,543180,669000,669000,TH201:543180
11,gpu,122726547,GIGABYTE AORUS 지포스 RTX 5080 INFINITY WOOD D7 16GB 피씨디렉트,2359840,2905500,2905500,TH201:2359840
11,gpu,95001017,갤럭시 GALAX 지포스 RTX 5080 HOF GAMING BLACK D7 16GB,2093430,2575290,2575290,TH201:2093430
11,gpu,123981276,GIGABYTE 지포스 RTX 5080 WINDFORCE OC V2 SFF D7 16GB 제이씨현,2031200,2498010,2498010,TH201:2031200
11,gpu,76466114,INNO3D 지포스 RTX 5080 OC D7 16GB X3 WHITE,1943910,2387860,2387860,TH201:1943910
11,gpu,90892970,GIGABYTE 지포스 RTX 5060 WINDFORCE OC D7 8GB 제이씨현,543180,666810,666810,TH201:543180
11,gpu,122726535,GIGABYTE AORUS 지포스 RTX 5080 INFINITY D7 16GB 피씨디렉트,2331330,2861870,2861870,TH201:2331330
11,gpu,90887702,PNY 지포스 RTX 5060 OC D7 8GB Dual Fan STCOM,537580,659840,659840,TH201:537580
11,gpu,77319527,GIGABYTE 지포스 RTX 5070 EAGLE OC ICE SFF D7 12GB 제이씨현,1087180,1333870,1333870,TH201:1087180
11,gpu,99896039,갤럭시 GALAX 지포스 RTX 5060 BLACK OC V2 D7 8GB,535750,657170,657170,TH201:535750
11,gpu,88132187,GIGABYTE 지포스 RTX 5060 Ti AERO OC D7 8GB 제이씨현,681590,836010,836010,TH201:681590
11,gpu,123802150,GIGABYTE AORUS 지포스 RTX 5070 INFINITY D7 12GB 피씨디렉트,1230110,1508310,1508310,TH201:1230110
11,gpu,122829828,GIGABYTE AORUS 지포스 RTX 5070 Ti INFINITY D7 16GB 피씨디렉트,1722110,2111110,2111110,TH201:1722110
11,gpu,106754483,갤럭시 GALAX 지포스 RTX 5060 Ti BLACK OC V2 D7 8GB,614280,752860,752860,TH201:614280
11,gpu,93386588,GIGABYTE 지포스 RTX 5050 UD2 OC D6 8GB Nano LP 피씨디렉트,498380,610590,610590,TH201:498380
11,gpu,88132310,GIGABYTE 지포스 RTX 5060 Ti WINDFORCE OC D7 8GB 제이씨현,629430,770840,770840,TH201:629430
11,gpu,20740013,MSI 지포스 RTX 4060 벤투스 2X 블랙 OC D6 8GB,2135140,2612750,2612750,TH201:2135140
11,gpu,32861312,MSI 지포스 RTX 4070 SUPER 게이밍 X 슬림 D6X 12GB 트라이프로져3,2135140,2612750,2612750,TH201:2135140
11,gpu,91908533,GIGABYTE 라데온 RX 9060 XT Gaming D6 8GB 피씨디렉트,1271670,1556130,1556130,TH201:1271670
11,gpu,122726726,ASUS DUAL 지포스 RTX 5060 EVO OC D7 8GB 코잇,554040,677970,677970,TH201:554040
11,gpu,122726733,ASUS DUAL 지포스 RTX 5060 WHITE OC D7 8GB 코잇,576840,705870,705870,TH201:576840
11,gpu,122726777,ASUS DUAL 지포스 RTX 5060 Ti WHITE OC D7 8GB 코잇,728840,891870,891870,TH201:728840
11,gpu,122726864,ASUS PRIME 지포스 RTX 5070 OC D7 12GB 코잇,1010040,1235970,1235970,TH201:1010040
11,gpu,76329767,MSI 지포스 RTX 5080 게이밍 트리오 OC 화이트 D7 16GB 트라이프로져4,4560000,5580000,5580000,TH201:4560000
11,gpu,76551029,GIGABYTE AORUS 지포스 RTX 5070 Ti MASTER D7 16GB 제이씨현,3800000,4650000,4650000,TH201:3800000
11,gpu,96259277,MSI 지포스 RTX 5080 엑스퍼트 OC D7 16GB 플로우프로져2,4940000,6045000,6045000,TH201:4940000
11,gpu,122724158,COLORFUL iGame 지포스 RTX 5060 ULTRA DUO OC D7 8GB 피씨디렉트,556780,681210,681210,TH201:556780
11,gpu,123537806,COLORFUL iGame 지포스 RTX 5070 Ti ULTRA OC SFF White D7 16GB 도우정보,1543980,1885100,1885100,TH201:1543980
11,gpu,75600731,INNO3D 지포스 RTX 5080 D7 16GB X3,1962810,2395640,2395640,TH201:1962810
11,gpu,123981266,GIGABYTE AORUS 지포스 RTX 5070 INFINITY D7 12GB 제이씨현,1237590,1507140,1507140,TH201:1237590
11,gpu,90889937,GIGABYTE 지포스 RTX 5060 UD2 OC D7 8GB Nano LP 피씨디렉트,567200,690550,690550,TH201:567200
11,gpu,90961373,INNO3D 지포스 RTX 5060 OC D7 8GB TWIN X2 WHITE,589060,716490,716490,TH201:589060
11,gpu,88133213,ASUS DUAL 지포스 RTX 5060 TI OC D7 8GB 대원씨티에스,639080,776550,776550,TH201:639080
11,gpu,75375797,MANLI 지포스 RTX 5080 Nebula D7 16GB 대원씨티에스,1916210,2326060,2326060,TH201:1916210
11,gpu,76466054,INNO3D 지포스 RTX 5070 Ti OC D7 16GB X3,1590150,1929000,1929000,TH201:1590150
11,gpu,99742721,갤럭시 GALAX 지포스 RTX 5060 Ti BLACK 3X D7 16GB DUAL HDMI,980800,1189000,1189000,TH201:980800
11,gpu,123802213,COLORFUL iGame 지포스 RTX 5060 Ti ULTRA DUO OC D7 16GB 피씨디렉트,890390,1079000,1079000,TH201:890390
11,gpu,90892967,GIGABYTE 지포스 RTX 5060 WINDFORCE D7 8GB 제이씨현,662510,802530,802530,TH201:662510
11,gpu,78235484,갤럭시 GALAX 지포스 RTX 5070 EX GAMER WHITE OC D7 12GB,2658960,3220910,3220910,TH201:2658960
11,gpu,75075386,갤럭시 GALAX 지포스 RTX 5080 WHITE OC D7 16GB,4170510,5051910,5051910,TH201:4170510
11,gpu,78102347,MSI 지포스 RTX 5070 게이밍 트리오 OC 화이트 D7 12GB 트라이프로져4,1482590,1795920,1795920,TH201:1482590
11,gpu,88233542,COLORFUL iGame 지포스 RTX 5060 Ti ULTRA DUO OC White D7 16GB 피씨디렉트,883180,1069580,1069580,TH201:883180
11,gpu,81716255,GIGABYTE 지포스 RTX 5060 Ti WINDFORCE OC D7 8GB 피씨디렉트,639110,770840,770840,TH201:639110
11,gpu,89862281,COLORFUL 지포스 RTX 5060 Ti 토마호크 DUO D7 8GB 피씨디렉트,635200,764000,764000,TH201:635200
11,gpu,79578482,갤럭시 GALAX 지포스 RTX 5080 EX GAMER BLACK OC D7 16GB,2045880,2460480,2460480,TH201:2045880
11,gpu,88132295,GIGABYTE 지포스 RTX 5060 Ti GAMING OC D7 8GB 제이씨현,685930,823780,823780,TH201:685930
11,gpu,90955439,COLORFUL iGame 지포스 RTX 5060 ULTRA OC White D7 8GB 피씨디렉트,620830,745000,745000,TH201:620830
11,gpu,122663332,COLORFUL iGame 지포스 RTX 5070 ULTRA OC D7 12GB 도우정보,1104000,1323070,1323070,TH201:1104000
11,gpu,81716102,GIGABYTE 지포스 RTX 5060 Ti EAGLE OC D7 8GB 피씨디렉트,648010,775000,775000,TH201:648010
11,gpu,86560166,INNO3D 지포스 RTX 5060 Ti OC D7 8GB X3,718690,851510,851510,TH201:718690
11,gpu,82697921,MANLI 지포스 RTX 5060 Ti Nebula D7 8GB 인텍앤컴퍼니,608790,720980,720980,TH201:608790
11,gpu,92187056,갤럭시 GALAX 지포스 RTX 5060 Ti EX BLACK OC D7 8GB,651590,770510,770510,TH201:651590
11,gpu,94261262,INNO3D 지포스 RTX 5050 D6 8GB TWIN X2,480370,565430,565430,TH201:480370
11,gpu,78977732,XFX 라데온 RX 9070 XT SWIFT WHITE D6 16GB,931180,,1290000,"TH201:931180 (의심 쇼핑몰 단독, 같은 스펙 중간값 1454830)"
11,gpu,86449373,INNO3D 지포스 RTX 5060 Ti OC D7 16GB TWIN X2 WHITE,917200,,1239000,"TH201:917200 (의심 쇼핑몰 단독, 같은 스펙 중간값 1097640)"
11,gpu,105968504,GAINWARD 지포스 RTX 5070 파이썬 III OC D7 12GB,1015200,,1329000,"TH201:1015200 (의심 쇼핑몰 단독, 같은 스펙 중간값 1333870)"
11,gpu,94201541,MANLI 지포스 RTX 5080 Gallardo OC D7 16GB White 인텍앤컴퍼니,2129250,,2726000,"TH201:2129250 (의심 쇼핑몰 단독, 같은 스펙 중간값 2513960)"
11,gpu,91909775,ASRock 라데온 RX 9060 XT 스틸레전드 OC D6 8GB 대원씨티에스,504000,,630000,"TH201:504000 (의심 쇼핑몰 단독, 같은 스펙 중간값 658000)"
11,gpu,122726879,ASUS PRIME 지포스 RTX 5070 Ti OC D7 16GB 코잇,1607200,,2008990,"TH201:1607200 (의심 쇼핑몰 단독, 같은 스펙 중간값 1921080)"
11,gpu,100618931,갤럭시 GALAX 지포스 RTX 5060 BLACK D7 8GB LP,583200,,,TH201:583200 (의심 쇼핑몰 단독 신규 상품)
11,gpu,104615543,ASUS ProArt 지포스 RTX 5070 Ti OC D7 16GB 인텍앤컴퍼니,1663200,,,TH201:1663200 (의심 쇼핑몰 단독 신규 상품)
11,gpu,108176363,GIGABYTE 지포스 RTX 5070 Ti WINDFORCE OC V2 D7 16GB 제이씨현,1487190,,,TH201:1487190 (의심 쇼핑몰 단독 신규 상품)
11,gpu,122726926,ASUS ROG Astral 지포스 RTX 5080 OC D7 16GB 코잇,2572430,,,TH201:2572430 (의심 쇼핑몰 단독 신규 상품)
11,gpu,18493601,ASUS TUF Gaming 라데온 RX 7900 XTX O24G OC D6 24GB 대원씨티에스,1489190,,,TH201:1489190 (의심 쇼핑몰 단독 신규 상품)
11,gpu,34816340,MSI 지포스 RTX 3050 벤투스 2X OC D6 6GB,303200,,,TH201:303200 (의심 쇼핑몰 단독 신규 상품)
11,gpu,75184247,PALIT 지포스 RTX 5080 GAMEROCK D7 16GB 이엠텍,2216000,,,TH201:2216000 (의심 쇼핑몰 단독 신규 상품)
11,gpu,75536588,GIGABYTE AORUS 지포스 RTX 5080 XTREME 워터포스 D7 16GB 제이씨현,2079200,,,TH201:2079200 (의심 쇼핑몰 단독 신규 상품)
11,gpu,75656861,MANLI 지포스 RTX 5090 Gallardo OC D7 32GB 인텍앤컴퍼니,6344790,,,TH201:6344790 (의심 쇼핑몰 단독 신규 상품)
11,gpu,75991625,GAINWARD 지포스 RTX 5090 팬텀 D7 32GB,6316000,,,TH201:6316000 (의심 쇼핑몰 단독 신규 상품)
11,gpu,76463408,갤럭시 GALAZ 지포스 RTX 5070 Ti BLACK OC D7 16GB,1600000,,,TH201:1600000 (의심 쇼핑몰 단독 신규 상품)
11,gpu,77318354,ASRock 라데온 RX 9070 스틸레전드 OC D6 16GB 대원씨티에스,838730,,,TH201:838730 (의심 쇼핑몰 단독 신규 상품)
11,gpu,77319857,갤럭시 GALAZ 지포스 RTX 5070 BLACK OC D7 12GB,1030810,,,TH201:1030810 (의심 쇼핑몰 단독 신규 상품)
11,gpu,77380763,MANLI 지포스 RTX 5070 Polar Fox OC D7 12GB 인텍앤컴퍼니,1063200,,,TH201:1063200 (의심 쇼핑몰 단독 신규 상품)
11,gpu,77381207,PowerColor 라데온 RX 9070 XT Hellhound Spectral White D6 16GB 대원씨티에스,1040000,,,TH201:1040000 (의심 쇼핑몰 단독 신규 상품)
11,gpu,77382785,GAINWARD 지포스 RTX 5070 피닉스 D7 12GB,1043890,,,TH201:1043890 (의심 쇼핑몰 단독 신규 상품)
11,gpu,77461214,ASUS PRIME 라데온 RX 9070 OC D6 16GB 대원씨티에스,847200,,,TH201:847200 (의심 쇼핑몰 단독 신규 상품)
11,gpu,77791202,MSI 지포스 RTX 5070 벤투스 2X OC 화이트 D7 12GB,1279200,,,TH201:1279200 (의심 쇼핑몰 단독 신규 상품)
11,gpu,77961743,갤럭시 GALAZ 지포스 RTX 5070 Ti EX GAMER BLACK OC D7 16GB,1512460,,,TH201:1512460 (의심 쇼핑몰 단독 신규 상품)
11,gpu,78843224,PNY 지포스 RTX 5070 OC D7 12GB Triple Fan 제이씨현,1006650,,,TH201:1006650 (의심 쇼핑몰 단독 신규 상품)
11,gpu,79578449,XFX 라데온 RX 9070 XT MERCURY RGB OC WHITE D6 16GB,1281600,,,TH201:1281600 (의심 쇼핑몰 단독 신규 상품)
11,gpu,79578539,갤럭시 GALAX 지포스 RTX 5080 EX GAMER WHITE OC D7 16GB,1872000,,,TH201:1872000 (의심 쇼핑몰 단독 신규 상품)
11,gpu,80903570,MANLI 지포스 RTX 5060 Ti Nebula D7 16GB 대원씨티에스,880000,,,TH201:880000 (의심 쇼핑몰 단독 신규 상품)
11,gpu,81715421,갤럭시 GALAX 지포스 RTX 5060 Ti BLACK OC D7 16GB,944000,,,TH201:944000 (의심 쇼핑몰 단독 신규 상품)
11,gpu,81715478,갤럭시 GALAZ 지포스 RTX 5060 Ti BLACK OC D7 16GB,840000,,,TH201:840000 (의심 쇼핑몰 단독 신규 상품)
11,gpu,81716585,GAINWARD 지포스 RTX 5060 Ti 파이썬 III D7 16GB,634300,,,TH201:634300 (의심 쇼핑몰 단독 신규 상품)
11,gpu,82179890,PNY 지포스 RTX 5080 EPIC-X RGB OC D7 16GB Triple Fan STCOM,1760000,,,TH201:1760000 (의심 쇼핑몰 단독 신규 상품)
11,gpu,85668698,갤럭시 GALAZ 지포스 RTX 5060 Ti BLACK OC D7 8GB,704000,,,TH201:704000 (의심 쇼핑몰 단독 신규 상품)
11,gpu,88132265,GIGABYTE 지포스 RTX 5060 Ti EAGLE OC ICE D7 8GB 제이씨현,669200,,,TH201:669200 (의심 쇼핑몰 단독 신규 상품)
11,gpu,88132328,GIGABYTE 지포스 RTX 5060 Ti WINDFORCE D7 8GB 제이씨현,711480,,,TH201:711480 (의심 쇼핑몰 단독 신규 상품)
11,gpu,88205957,ASUS PRIME 지포스 RTX 5060 TI OC D7 8GB 인텍앤컴퍼니,672000,,,TH201:672000 (의심 쇼핑몰 단독 신규 상품)
11,gpu,89605799,ASUS TUF Gaming 지포스 RTX 5060 TI OC D7 8GB 인텍앤컴퍼니,606320,,,TH201:606320 (의심 쇼핑몰 단독 신규 상품)
11,gpu,90435884,MSI 지포스 RTX 5070 Ti 게이밍 트리오 OC 화이트 D7 16GB 트라이프로져4,2431360,,,TH201:2431360 (의심 쇼핑몰 단독 신규 상품)
11,gpu,90436100,MSI 지포스 RTX 5060 Ti 벤투스 2X 플러스 D7 8GB,1119200,,,TH201:1119200 (의심 쇼핑몰 단독 신규 상품)
11,gpu,90642689,PALIT 지포스 RTX 5060 Ti DUAL OC D7 8GB 이엠텍,640000,,,TH201:640000 (의심 쇼핑몰 단독 신규 상품)
11,gpu,90889865,GIGABYTE 지포스 RTX 5060 WINDFORCE OC D7 8GB 피씨디렉트,536860,,,TH201:536860 (의심 쇼핑몰 단독 신규 상품)
11,gpu,90889892,GIGABYTE 지포스 RTX 5060 WINDFORCE D7 8GB 피씨디렉트,680000,,,TH201:680000 (의심 쇼핑몰 단독 신규 상품)
11,gpu,90955895,갤럭시 GALAZ 지포스 RTX 5060 EX WHITE OC D7 8GB,582400,,,TH201:582400 (의심 쇼핑몰 단독 신규 상품)
11,gpu,91426661,갤럭시 GALAX 지포스 RTX 5060 BLACK OC D7 8GB,600000,,,TH201:600000 (의심 쇼핑몰 단독 신규 상품)
11,gpu,91867850,GIGABYTE 라데온 RX 9060 XT Gaming D6 8GB 제이씨현,519990,,,TH201:519990 (의심 쇼핑몰 단독 신규 상품)
11,gpu,91910630,갤럭시 GALAZ 지포스 RTX 5060 Ti EX WHITE OC D7 8GB,716000,,,TH201:716000 (의심 쇼핑몰 단독 신규 상품)
11,gpu,92046863,PNY 지포스 RTX 5070 EPIC-X RGB OC D7 12GB Triple Fan STCOM,645760,,,TH201:645760 (의심 쇼핑몰 단독 신규 상품)
11,gpu,92046968,PNY 지포스 RTX 5060 Ti EPIC-X RGB OC D7 16GB Triple Fan STCOM,841400,,,TH201:841400 (의심 쇼핑몰 단독 신규 상품)
11,gpu,92153012,갤럭시 GALAX 지포스 RTX 5060 WHITE OC D7 8GB,574320,,,TH201:574320 (의심 쇼핑몰 단독 신규 상품)
11,gpu,92187074,갤럭시 GALAZ 지포스 RTX 5060 Ti EX BLACK OC D7 8GB,704000,,,TH201:704000 (의심 쇼핑몰 단독 신규 상품)
11,gpu,93501767,갤럭시 GALAZ 지포스 RTX 5050 BLACK OC D6 8GB DUAL HDMI,372800,,,TH201:372800 (의심 쇼핑몰 단독 신규 상품)
11,gpu,93629129,MANLI 지포스 RTX 5050 Nebula D6 8GB 인텍앤컴퍼니,390400,,,TH201:390400 (의심 쇼핑몰 단독 신규 상품)
11,gpu,93629741,MANLI 지포스 RTX 5050 Polar Fox OC D6 8GB 인텍앤컴퍼니,528000,,,TH201:528000 (의심 쇼핑몰 단독 신규 상품)
11,gpu,93698225,COLORFUL iGame 지포스 RTX 5050 ULTRA DUO OC White D6 8GB 피씨디렉트,454400,,,TH201:454400 (의심 쇼핑몰 단독 신규 상품)
11,gpu,93698933,GIGABYTE 지포스 RTX 5050 UD2 OC D6 8GB Nano LP 제이씨현,412000,,,TH201:412000 (의심 쇼핑몰 단독 신규 상품)
11,gpu,93704792,GIGABYTE 지포스 RTX 5060 Ti WINDFORCE MAX OC D7 16GB 피씨디렉트,719200,,,TH201:719200 (의심 쇼핑몰 단독 신규 상품)
11,gpu,94028903,GIGABYTE 지포스 RTX 5060 Ti WINDFORCE MAX OC D7 16GB 제이씨현,705600,,,TH201:705600 (의심 쇼핑몰 단독 신규 상품)
11,gpu,94520921,갤럭시 GALAZ 지포스 RTX 5070 Ti HOF GAMING D7 16GB,1872880,,,TH201:1872880 (의심 쇼핑몰 단독 신규 상품)
11,gpu,94570298,ASUS ROG Astral 지포스 RTX 5080 WHITE OC D7 16GB 인텍앤컴퍼니,2312000,,,TH201:2312000 (의심 쇼핑몰 단독 신규 상품)
11,gpu,94692245,ASUS DUAL 지포스 RTX 5050 D6 8GB 인텍앤컴퍼니,472000,,,TH201:472000 (의심 쇼핑몰 단독 신규 상품)
11,gpu,95001035,갤럭시 GALAZ 지포스 RTX 5080 HOF GAMING BLACK D7 16GB,1895590,,,TH201:1895590 (의심 쇼핑몰 단독 신규 상품)
11,gpu,95206559,PNY 지포스 RTX 5060 Ti D7 8GB Dual Fan 제이씨현,654610,,,TH201:654610 (의심 쇼핑몰 단독 신규 상품)
11,gpu,97476458,ASUS 지포스 RTX 5080 OC D7 16GB NOCTUA 대원씨티에스,2180000,,,TH201:2180000 (의심 쇼핑몰 단독 신규 상품)
11,gpu,98184494,갤럭시 GALAZ 지포스 RTX 5060 Ti BLACK 3X D7 16GB DUAL HDMI,825600,,,TH201:825600 (의심 쇼핑몰 단독 신규 상품)
11,gpu,98412050,PNY 지포스 RTX 5050 D6 8GB Dual Fan 제이씨현,495200,,,TH201:495200 (의심 쇼핑몰 단독 신규 상품)
11,gpu,98484845,갤럭시 GALAZ 지포스 RTX 5050 BLACK OC V2 D6 8GB DUAL HDMI,436000,,,TH201:436000 (의심 쇼핑몰 단독 신규 상품)
11,gpu,98771447,갤럭시 GALAX 지포스 RTX 5060 Ti BLACK OC Classic D7 8GB,640000,,,TH201:640000 (의심 쇼핑몰 단독 신규 상품)
11,gpu,98779298,갤럭시 GALAZ 지포스 RTX 5060 Ti BLACK OC Classic D7 8GB,536000,,,TH201:536000 (의심 쇼핑몰 단독 신규 상품)
11,gpu,99892193,갤럭시 GALAZ 지포스 RTX 5070 Ti BLACK 2X OC D7 16GB,1513930,,,TH201:1513930 (의심 쇼핑몰 단독 신규 상품)
11,ssd,98484449,Western Digital WD Blue SN5000 M.2 NVMe 중고 (500GB),139000,1096570,1096570,TV7C1:139000
11,ssd,17397623,SK하이닉스 Platinum P41 M.2 NVMe 해외구매 (500GB),283310,675960,675960,TH201:283310
11,ssd,14275913,킹스톤 KC600 해외구매 (256GB),83150,153430,153430,TH201:83150
11,ssd,49829600,에이서 프레데터 GM7 M.2 NVMe 해외구매 (2TB),418720,504800,504800,EE128:418720
11,ssd,108408740,GIGABYTE Gen3 M.2 NVMe 피씨디렉트 (512GB),134000,158000,158000,TJ918:134000
12,gpu,76331279,MANLI 지포스 RTX 5090 Stellar OC D7 32GB 인텍앤컴퍼니,6211050,13000000,13000000,TH201:6211060
12,gpu,99896525,갤럭시 GALAX 지포스 RTX 5060 BLACK OC V2 D7 8GB DUAL HDMI,576000,1061000,1061000,TH201:576000
12,gpu,99896534,갤럭시 GALAZ 지포스 RTX 5060 BLACK OC V2 D7 8GB DUAL HDMI,576000,1061000,1061000,TH201:576000
12,gpu,78842921,MSI 지포스 RTX 5070 Ti 쉐도우 3X OC D7 16GB,1486900,2733500,2733500,TH201:1486900
12,gpu,75373796,ASUS PRIME 지포스 RTX 5080 OC D7 16GB 인텍앤컴퍼니,1554550,2803740,2803740,TH201:1554550
12,gpu,93446051,ASUS DUAL 지포스 RTX 5070 OC D7 12GB 대원씨티에스,821070,1479000,1479000,TH201:821070
12,gpu,75375185,ASUS ROG Astral 지포스 RTX 5080 OC D7 16GB 대원씨티에스,2303990,4018000,4018000,TH201:2303990
12,gpu,92678951,ASUS DUAL 지포스 RTX 5070 OC D7 12GB 인텍앤컴퍼니,812790,1367220,1367220,TH201:812790
12,gpu,90956117,MSI 지포스 RTX 5060 게이밍 OC D7 8GB 트윈프로져,1849110,3091980,3091980,TH201:1849110
12,gpu,75373694,ASUS ROG Astral 지포스 RTX 5080 OC D7 16GB 인텍앤컴퍼니,2311150,3860430,3860430,TH201:2311150
12,gpu,76508576,COLORFUL iGame 지포스 RTX 5080 Vulcan OC D7 16GB 피씨디렉트,2127200,3540000,3540000,TH201:2127200
12,gpu,77382896,GIGABYTE 라데온 RX 9070 XT GAMING OC D6 16GB 제이씨현,878430,1455860,1455860,TH201:878430
12,gpu,77461619,ASUS PRIME 지포스 RTX 5070 OC D7 12GB 인텍앤컴퍼니,847420,1396500,1396500,TH201:847420
12,gpu,90701579,ASRock 라데온 RX 9070 XT 스틸레전드 DARK D6 16GB 대원씨티에스,934390,1518630,1518630,TH201:934390
12,gpu,91909781,ASRock 라데온 RX 9060 XT 스틸레전드 OC D6 16GB 대원씨티에스,546030,884670,884670,TH201:546030
12,gpu,92153132,갤럭시 GALAZ 지포스 RTX 5060 WHITE OC D7 8GB,656000,1061000,1061000,TH201:656000
12,gpu,90956867,MANLI 지포스 RTX 5060 Polar Fox D7 OC 8GB 대원씨티에스,425870,688200,688200,TH201:425870
12,gpu,92892671,XFX 라데온 RX 9060 XT SWIFT DUAL WHITE OC D6 16GB,519530,833860,833860,TH201:519530
12,gpu,76550837,MSI 지포스 RTX 5070 Ti 벤투스 3X OC D7 16GB,1189750,1899000,1899000,TH201:1189750
12,gpu,95985854,ASUS DUAL 라데온 RX 9060 D6 8GB 대원씨티에스,364700,581510,581510,TH201:364700
12,gpu,75184271,GIGABYTE 지포스 RTX 5080 WINDFORCE OC SFF D7 16GB 제이씨현,1534160,2445900,2445900,TH201:1534160
12,gpu,79578347,XFX 라데온 RX 9070 XT QUICKSILVER D6 16GB,928820,1454830,1454830,TH201:928820
12,gpu,122709552,COLORFUL iGame 지포스 RTX 5060 ULTRA DUO OC D7 8GB 도우정보,486080,759990,759990,TH201:486080
12,gpu,77020520,이엠텍 지포스 RTX 5070 Ti MIRACLE WHITE D7 16GB,1343990,2100000,2100000,TH201:1343990
12,gpu,75536942,MANLI 지포스 RTX 5080 Polar Fox OC D7 16GB 인텍앤컴퍼니,1566720,2448000,2448000,TH201:1566720
12,gpu,77379233,MANLI 지포스 RTX 5070 Nebula D7 12GB 대원씨티에스,825600,1290000,1290000,TH201:825600
12,gpu,108418766,COLORFUL 지포스 RTX 5060 Ti GAMING DUO D7 16GB 도우정보,755200,1179990,1179990,TH201:755200
12,gpu,122709701,COLORFUL iGame 지포스 RTX 5060 ULTRA OC D7 8GB 도우정보,496000,774990,774990,TH201:496000
12,gpu,91909511,SAPPHIRE 라데온 RX 9060 XT PURE OC D6 16GB,548150,851500,851500,TH201:548150
12,gpu,99288146,GIGABYTE 라데온 RX 9070 XT GAMING OC ICE D6 16GB 피씨디렉트,933740,1448600,1448600,TH201:933740
12,gpu,91909763,ASRock 라데온 RX 9060 XT CHALLENGER OC D6 16GB 대원씨티에스,510690,790040,790040,TH201:510690
12,gpu,81716594,GAINWARD 지포스 RTX 5060 Ti 고스트 D7 8GB,504950,778930,778930,TH201:504950
12,gpu,122684820,SAPPHIRE 라데온 RX 9070 GRE PULSE OC D6 12GB,629710,968840,968840,TH201:629710
12,gpu,91909427,SAPPHIRE 라데온 RX 9060 XT NITRO+ OC D6 16GB,591310,909000,909000,TH201:591310
12,gpu,91909166,XFX 라데온 RX 9060 XT SWIFT DUAL WHITE OC D6 8GB,418090,641750,641750,TH201:418090
12,gpu,106736336,COLORFUL 지포스 RTX 5060 Ti GAMING DUO D7 8GB 도우정보,512000,784130,784130,TH201:512000
12,gpu,92889065,ZOTAC GAMING 지포스 RTX 5070 Ti SOLID CORE OC White D7 16GB,1567200,2399000,2399000,TH201:1567200
12,gpu,77015564,MANLI 지포스 RTX 5070 Ti Nebula D7 16GB 대원씨티에스,1203190,1839000,1839000,TH201:1203190
12,gpu,77312543,GIGABYTE 지포스 RTX 5070 EAGLE OC ICE SFF D7 12GB 피씨디렉트,869760,1329180,1329180,TH201:869760
12,gpu,75184262,GIGABYTE AORUS 지포스 RTX 5080 MASTER ICE D7 16GB 제이씨현,2439970,3720000,3720000,TH201:2439970
12,gpu,92358173,ZOTAC GAMING 지포스 RTX 5070 Ti SOLID CORE OC D7 16GB,1567200,2389000,2389000,TH201:1567200
12,gpu,106694891,SAPPHIRE 라데온 RX 9070 XT NITRO+ OC D6 16GB 붉은사막 에디션,1052780,1597090,1597090,TH201:1052780
12,gpu,99128543,GIGABYTE 라데온 RX 9070 XT GAMING OC ICE D6 16GB 제이씨현,959340,1447250,1447250,TH201:959340
12,gpu,122700116,ASUS PRIME 지포스 RTX 5080 EVO OC D7 16GB 대원씨티에스,1919200,2890930,2890930,TH201:1919200
12,gpu,77380787,MANLI 지포스 RTX 5070 Stellar OC D7 12GB 인텍앤컴퍼니,979200,1469000,1469000,TH201:979200
12,gpu,75375293,ASUS TUF Gaming 지포스 RTX 5080 OC D7 16GB 대원씨티에스,2559180,3799000,3799000,TH201:2559180
12,gpu,75184280,GIGABYTE 지포스 RTX 5090 GAMING OC D7 32GB 제이씨현,6255810,9284900,9284900,TH201:6255810
12,gpu,75184277,GIGABYTE AORUS 지포스 RTX 5090 MASTER ICE D7 32GB 제이씨현,6399180,9439500,9439500,TH201:6399180
12,gpu,75375560,ASUS TUF Gaming 지포스 RTX 5090 D7 32GB 대원씨티에스,6359990,9290000,9290000,TH201:6359990
12,gpu,77318285,ASRock 라데온 RX 9070 XT 스틸레전드 D6 16GB 대원씨티에스,959330,1381150,1381150,TH201:959330
12,gpu,122829866,PNY 지포스 RTX 5060 D7 8GB Dual Fan 제이씨현,509200,729000,729000,TH201:509200
12,gpu,93382082,MANLI 지포스 RTX 5050 Nebula D6 8GB 대원씨티에스,419870,599000,599000,TH201:419870
12,gpu,95206529,PNY 지포스 RTX 5060 Ti OC D7 8GB Dual Fan 제이씨현,485440,690000,690000,TH201:485440
12,gpu,91769021,PALIT 지포스 RTX 5070 GAMINGPRO-S D7 12GB 이엠텍,982880,1391760,1391760,TH201:982880
12,gpu,75184283,GIGABYTE 지포스 RTX 5090 WINDFORCE OC D7 32GB 제이씨현,6363620,8990000,8990000,TH201:6363620
12,gpu,95423255,MANLI 지포스 RTX 5070 Polar Fox OC V2 D7 12GB 대원씨티에스,1063150,1501920,1501920,TH201:1063150
12,gpu,75536696,GIGABYTE AORUS 지포스 RTX 5090 XTREME 워터포스 D7 32GB 제이씨현,6336400,8930430,8930430,TH201:6336400
12,gpu,95423684,갤럭시 GALAZ 지포스 RTX 5070 Ti HOF GAMING BLACK D7 16GB,1831990,2581500,2581500,TH201:1831990
12,gpu,93704759,GIGABYTE 지포스 RTX 5060 Ti WINDFORCE MAX OC D7 8GB 피씨디렉트,543190,761370,761370,TH201:543190
12,gpu,122726759,ASUS DUAL 지포스 RTX 5060 Ti OC D7 8GB 코잇,658800,920980,920980,TH201:658800
12,gpu,91871504,ASUS DUAL 라데온 RX 9060 XT D6 8GB 대원씨티에스,499010,697500,697500,TH201:499010
12,gpu,75374105,ASUS TUF Gaming 지포스 RTX 5080 OC D7 16GB 인텍앤컴퍼니,2719190,3799000,3799000,TH201:2719190
12,gpu,75074258,GIGABYTE AORUS 지포스 RTX 5080 MASTER ICE D7 16GB 피씨디렉트,2371150,3299370,3299370,TH201:2371150
12,gpu,85674647,갤럭시 GALAX 지포스 RTX 5060 Ti WHITE OC D7 8GB,670390,931990,931990,TH201:670390
12,gpu,94521011,갤럭시 GALAX 지포스 RTX 5070 Ti HOF GAMING D7 16GB,1784000,2478700,2478700,TH201:1784000
12,gpu,93698783,GIGABYTE 지포스 RTX 5050 GAMING OC D6 8GB 제이씨현,466650,643000,643000,TH201:466650
12,gpu,77319749,갤럭시 GALAX 지포스 RTX 5070 WHITE OC D7 12GB,1062390,1455600,1455600,TH201:1062390
12,gpu,92971433,PNY 지포스 RTX 5060 OC D7 8GB Dual Fan 제이씨현,515980,705090,705090,TH201:515980
12,gpu,93382217,MANLI 지포스 RTX 5050 Polar Fox OC D6 8GB 대원씨티에스,442000,600000,600000,TH201:442000
12,gpu,75074405,GIGABYTE AORUS 지포스 RTX 5080 XTREME 워터포스 D7 16GB 피씨디렉트,2311190,3127410,3127410,TH201:2311190
12,gpu,82443086,ASUS DUAL 지포스 RTX 5060 TI OC D7 16GB 인텍앤컴퍼니,992900,1328150,1328150,TH201:992900
12,gpu,93861539,ASUS DUAL 지포스 RTX 5060 D7 8GB 인텍앤컴퍼니,574260,765000,765000,TH201:574260
12,gpu,90644597,MANLI 지포스 RTX 5060 Polar Fox D7 OC 8GB 인텍앤컴퍼니,544100,723800,723800,TH201:544100
12,gpu,100270736,INNO3D 지포스 RTX 5060 OC V2 D7 8GB TWIN X2,519190,688900,688900,TH201:519190
12,gpu,99742778,갤럭시 GALAX 지포스 RTX 5050 WHITE OC D6 8GB DUAL HDMI,433600,575000,575000,TH201:433600
12,gpu,99128558,GIGABYTE 라데온 RX 9060 XT Gaming OC ICE D6 16GB 제이씨현,631990,837000,837000,TH201:631990
12,gpu,77380469,MANLI 지포스 RTX 5070 Nebula D7 12GB 인텍앤컴퍼니,1025470,1352240,1352240,TH201:1025470
12,gpu,75074732,GIGABYTE 지포스 RTX 5080 WINDFORCE OC SFF D7 16GB 피씨디렉트,1852280,2440290,2440290,TH201:1852280
12,gpu,90957326,ASUS DUAL 지포스 RTX 5060 OC D7 8GB 대원씨티에스,574230,756080,756080,TH201:574230
12,gpu,77319458,GIGABYTE AORUS 지포스 RTX 5070 MASTER D7 12GB 제이씨현,1104000,1450000,1450000,TH201:1104000
12,gpu,76550489,ASUS PRIME 지포스 RTX 5080 D7 16GB 대원씨티에스,2399200,3139940,3139940,TH201:2399200
12,gpu,77319536,GIGABYTE 지포스 RTX 5070 EAGLE OC SFF D7 12GB 제이씨현,1024000,1339200,1339200,TH201:1024000
12,gpu,82433444,ASUS PRIME 지포스 RTX 5060 TI D7 8GB 인텍앤컴퍼니,664000,868000,868000,TH201:664000
12,gpu,77465798,INNO3D 지포스 RTX 5070 OC D7 12GB TWIN X2,1000000,1304260,1304260,TH201:1000000
12,gpu,76509074,PNY 지포스 RTX 5080 EPIC-X RGB OC D7 16GB Triple Fan 제이씨현,1896000,2468000,2468000,TH201:1896000
12,gpu,96369578,MSI 지포스 RTX 5070 쉐도우 2X OC D7 12GB,999200,1298000,1298000,TH201:999200
12,gpu,91908821,PowerColor 라데온 RX 9060 XT Hellhound OC D6 16GB 대원씨티에스,639980,829800,829800,TH201:639980
12,gpu,122692119,COLORFUL iGame 지포스 RTX 5080 ULTRA OC V2 D7 16GB 피씨디렉트,1841840,2382000,2382000,TH201:1841840
12,gpu,90892955,GIGABYTE 지포스 RTX 5060 EAGLE OC ICE D7 8GB 제이씨현,547980,707660,707660,TH201:547980
12,gpu,76510547,GIGABYTE 지포스 RTX 5070 Ti EAGLE OC ICE SFF D7 16GB 피씨디렉트,1479980,1910690,1910690,TH201:1479980
12,gpu,90889817,GIGABYTE 지포스 RTX 5060 EAGLE OC D7 8GB 피씨디렉트,534960,689520,689520,TH201:534960
12,gpu,81716264,GIGABYTE 지포스 RTX 5060 Ti WINDFORCE D7 8GB 피씨디렉트,641520,826650,826650,TH201:641520
12,gpu,93697997,ASUS DUAL 지포스 RTX 5050 OC D6 8GB 인텍앤컴퍼니,463190,595840,595840,TH201:463190
12,gpu,86649593,INNO3D 지포스 RTX 5060 Ti OC D7 8GB TWIN X2,582550,748700,748700,TH201:582550
12,gpu,123981255,GIGABYTE 지포스 RTX 5080 WINDFORCE OC V2 SFF D7 16GB 피씨디렉트,1884720,2419530,2419530,TH201:1884720
12,gpu,75536255,COLORFUL iGame 지포스 RTX 5080 ULTRA OC White D7 16GB 피씨디렉트,1856000,2382000,2382000,TH201:1856000
12,gpu,94524596,ASUS DUAL 지포스 RTX 5050 D6 8GB 대원씨티에스,459990,590000,590000,TH201:459990
12,gpu,91909010,PowerColor 라데온 RX 9060 XT Reaper White D6 16GB 대원씨티에스,664720,851510,851510,TH201:664720
12,gpu,93501725,갤럭시 GALAX 지포스 RTX 5050 BLACK OC D6 8GB DUAL HDMI,435590,556990,556990,TH201:435590
12,gpu,82258553,PNY 지포스 RTX 5070 OC D7 12GB Triple Fan STCOM,1016000,1299000,1299000,TH201:1016000
12,gpu,76551065,GIGABYTE 지포스 RTX 5070 Ti WINDFORCE OC SFF D7 16GB 제이씨현,1482980,1895490,1895490,TH201:1482980
12,gpu,77964722,COLORFUL iGame 지포스 RTX 5070 ULTRA OC White D7 12GB 피씨디렉트,1033340,1320600,1320600,TH201:1033340
12,gpu,90892949,GIGABYTE 지포스 RTX 5060 EAGLE OC D7 8GB 제이씨현,551190,704110,704110,TH201:551190
12,gpu,98227514,MANLI 지포스 RTX 5070 Nebula D7 12GB Dual Fan 대원씨티에스,1039740,1327550,1327550,TH201:1039740
12,gpu,78712517,갤럭시 GALAX 지포스 RTX 5070 EX GAMER BLACK OC D7 12GB,1033360,1318980,1318980,TH201:1033360
12,gpu,75931502,PNY 지포스 RTX 5080 D7 16GB Triple Fan 제이씨현,1807190,2306330,2306330,TH201:1807190
12,gpu,91908686,PowerColor 라데온 RX 9060 XT Hellhound Spectral White OC D6 16GB 대원씨티에스,704060,898380,898380,TH201:704060
12,gpu,90892928,GAINWARD 지포스 RTX 5060 고스트 D7 8GB,559920,713980,713980,TH201:559920
12,gpu,77465819,INNO3D 지포스 RTX 5070 OC D7 12GB TWIN X2 WHITE,1034390,1318000,1318000,TH201:1034390
12,gpu,122678887,GIGABYTE 지포스 RTX 5060 GAMING OC V2 D7 8GB 피씨디렉트,563340,715760,715760,TH201:563340
12,gpu,103481879,GIGABYTE 지포스 RTX 5060 Ti EAGLE MAX OC D7 8GB 제이씨현,639200,812000,812000,TH201:639200
12,gpu,77704514,MANLI 지포스 RTX 5070 Ti Polar Fox OC D7 16GB 대원씨티에스,1519290,1929990,1929990,TH201:1519290
12,gpu,76510754,GIGABYTE 지포스 RTX 5070 Ti WINDFORCE OC SFF D7 16GB 피씨디렉트,1482860,1878940,1878940,TH201:1482860
12,gpu,77312477,GIGABYTE 지포스 RTX 5070 WINDFORCE OC SFF D7 12GB 피씨디렉트,1006380,1275030,1275030,TH201:1006380
12,gpu,122692535,ASUS PRIME 라데온 RX 9070 GRE EVO OC D6 12GB 대원씨티에스,768410,972100,972100,TH201:768410
12,gpu,90892964,GIGABYTE 지포스 RTX 5060 UD2 OC D7 8GB Nano LP 제이씨현,568000,718150,718150,TH201:568000
12,gpu,76464395,ZOTAC GAMING 지포스 RTX 5070 Ti AMP Extreme Infinity D7 16GB,1793090,2265350,2265350,TH201:1793090
12,gpu,122709575,COLORFUL iGame 지포스 RTX 5060 ULTRA DUO OC White D7 8GB 도우정보,592810,748910,748910,TH201:592810
12,gpu,123802191,COLORFUL 지포스 RTX 5060 Ti GAMING DUO V2 D7 16GB 피씨디렉트,846360,1069000,1069000,TH201:846360
12,gpu,90889790,GIGABYTE 지포스 RTX 5060 EAGLE OC ICE D7 8GB 피씨디렉트,545970,689520,689520,TH201:545970
12,gpu,75931508,PNY 지포스 RTX 5080 OC D7 16GB Triple Fan 제이씨현,1825570,2304990,2304990,TH201:1825570
12,gpu,106712144,COLORFUL 지포스 RTX 5060 GAMING DUO D7 8GB 도우정보,556800,703010,703010,TH201:556800
12,gpu,76511060,COLORFUL iGame 지포스 RTX 5070 Ti ULTRA OC White D7 16GB 피씨디렉트,1488000,1878530,1878530,TH201:1488000
12,gpu,97837304,ASUS DUAL 지포스 RTX 5060 WHITE OC D7 8GB 인텍앤컴퍼니,572000,722000,722000,TH201:572000
12,gpu,90955808,갤럭시 GALAX 지포스 RTX 5060 EX WHITE OC D7 8GB,549980,693670,693670,TH201:549980
12,gpu,90955853,갤럭시 GALAZ 지포스 RTX 5060 EX BLACK OC D7 8GB,567200,715000,715000,TH201:567200
12,gpu,90955670,갤럭시 GALAX 지포스 RTX 5060 EX BLACK OC D7 8GB,546180,688480,688480,TH201:546180
12,gpu,122726650,GIGABYTE 지포스 RTX 5060 WINDFORCE MAX OC V2 D7 8GB 제이씨현,559920,705080,705080,TH201:559920
12,gpu,99288071,GIGABYTE 라데온 RX 9060 XT Gaming OC ICE D6 16GB 피씨디렉트,674030,848630,848630,TH201:674030
12,gpu,74971838,ZOTAC GAMING 지포스 RTX 5080 AMP EXTREME INFINITY D7 16GB,1925250,2419930,2419930,TH201:1925250
12,gpu,76551551,ASUS PRIME 지포스 RTX 5070 Ti D7 16GB 인텍앤컴퍼니,1480620,1858000,1858000,TH201:1480620
12,gpu,123805994,GIGABYTE 지포스 RTX 5060 WINDFORCE MAX OC V2 D7 8GB 피씨디렉트,541140,678980,678980,TH201:541140
12,gpu,93381587,PALIT 지포스 RTX 5050 DUAL D6 8GB 이엠텍,459360,576330,576330,TH201:459360
12,gpu,99896006,PNY 지포스 RTX 5070 Ti OC D7 16GB Triple Fan 제이씨현,1434800,1799000,1799000,TH201:1434800
12,gpu,82225754,PNY 지포스 RTX 5070 Ti OC D7 16GB Triple Fan STCOM,1436360,1800820,1800820,TH201:1436360
12,gpu,77379299,MANLI 지포스 RTX 5070 Polar Fox OC D7 12GB 대원씨티에스,1144070,1434000,1434000,TH201:1144070
12,gpu,94028864,GIGABYTE 지포스 RTX 5060 Ti WINDFORCE MAX OC D7 8GB 제이씨현,610320,764870,764870,TH201:610320
12,gpu,122687822,XFX 라데온 RX 9070 GRE SWIFT D6 12GB,774400,969890,969890,TH201:774400
12,gpu,104628866,ASUS DUAL 지포스 RTX 5060 EVO OC D7 8GB 인텍앤컴퍼니,558140,699000,699000,TH201:558140
12,gpu,122687833,XFX 라데온 RX 9070 GRE SWIFT WHITE D6 12GB,792000,991700,991700,TH201:792000
12,gpu,124021618,COLORFUL iGame 지포스 RTX 5060 Ti ULTRA DUO OC White D7 16GB 도우정보,975200,1219980,1219980,TH201:975200
12,gpu,91496327,ASUS DUAL 지포스 RTX 5060 OC D7 8GB 인텍앤컴퍼니,566790,709000,709000,TH201:566790
12,gpu,75600824,INNO3D 지포스 RTX 5080 OC D7 16GB X3,1963700,2455200,2455200,TH201:1963700
12,gpu,77705996,MSI 지포스 RTX 5070 Ti 뱅가드 SOC D7 16GB 하이퍼프로져,4463130,5580000,5580000,TH201:4463130
12,gpu,85664150,갤럭시 GALAX 지포스 RTX 5060 Ti BLACK OC D7 8GB,639200,799100,799100,TH201:639200
12,gpu,90957422,ASUS PRIME 지포스 RTX 5060 OC D7 8GB 대원씨티에스,591980,740000,740000,TH201:591980
12,gpu,123589439,ASUS 지포스 RTX 5060 Ti OC D7 8GB T1 Edition 대원씨티에스,663180,829000,829000,TH201:663180
12,gpu,90961244,INNO3D 지포스 RTX 5060 OC D7 8GB TWIN X2,602630,753300,753300,TH201:602630
12,gpu,82047602,MSI 지포스 RTX 5060 Ti 게이밍 OC D7 16GB 트윈프로져,959170,1198980,1198980,TH201:959170
12,gpu,123589443,ASUS 지포스 RTX 5070 OC D7 12GB T1 Edition 대원씨티에스,1039190,1299000,1299000,TH201:1039190
12,gpu,77791169,MSI 지포스 RTX 5080 벤투스 3X OC 화이트 D7 16GB,2639020,3298800,3298800,TH201:2639020
12,gpu,78842858,MSI 지포스 RTX 5080 쉐도우 3X OC D7 16GB,2059190,2574000,2574000,TH201:2059190
12,gpu,106712105,COLORFUL 지포스 RTX 5070 GAMING D7 12GB 도우정보,1087980,1359980,1359980,TH201:1087980
12,gpu,82717634,MANLI 지포스 RTX 5060 TI Polar Fox OC D7 8GB 인텍앤컴퍼니,742190,927740,927740,TH201:742190
12,gpu,100273427,MANLI 지포스 RTX 5080 Polar Fox OC V2 D7 16GB 대원씨티에스,1958400,2448000,2448000,TH201:1958400
12,gpu,106711598,COLORFUL iGame 지포스 RTX 5070 Ti ULTRA OC White D7 16GB 도우정보,1544000,1930000,1930000,TH201:1544000
12,gpu,12204407,ASUS ROG STRIX 지포스 RTX 3080 O10G GAMING OC D6X 10GB,3071200,3839000,3839000,TH201:3071200
12,gpu,76875332,MANLI 지포스 RTX 5070 Ti Nebula D7 16GB 인텍앤컴퍼니,1566400,1958000,1958000,TH201:1566400
12,gpu,77086862,갤럭시 GALAX 지포스 RTX 5070 Ti EX GAMER BLACK OC D7 16GB,1512800,1891000,1891000,TH201:1512800
12,gpu,81750227,MANLI 지포스 RTX 5060 Ti Polar Fox OC D7 16GB 인텍앤컴퍼니,1094400,1368000,1368000,TH201:1094400
12,gpu,93916847,갤럭시 GALAX 지포스 RTX 5080 HOF GAMING D7 16GB,2916000,3645000,3645000,TH201:2916000
12,gpu,97476629,ASUS ProArt 지포스 RTX 5080 OC D7 16GB 대원씨티에스,3048000,3810000,3810000,TH201:3048000
12,gpu,99895865,갤럭시 GALAZ 지포스 RTX 5060 WHITE OC V2 D7 8GB,848800,1061000,1061000,TH201:848800
12,gpu,108418784,COLORFUL iGame 지포스 RTX 5050 ULTRA DUO OC White D6 8GB 도우정보,484000,604990,604990,TH201:484000
12,gpu,108418823,COLORFUL 지포스 RTX 5050 GAMING DUO D6 8GB 도우정보,472000,589990,589990,TH201:472000
12,gpu,106711547,COLORFUL iGame 지포스 RTX 5060 Ti ULTRA DUO OC White D7 8GB 도우정보,684000,854980,854980,TH201:684000
12,gpu,123588932,ASUS 지포스 RTX 5060 Ti OC D7 8GB T1 Edition 인텍앤컴퍼니,663200,828900,828900,TH201:663200
12,gpu,123743015,GIGABYTE 지포스 RTX 5060 GAMING OC V2 D7 8GB 제이씨현,588000,734600,734600,TH201:588000
12,gpu,123588962,ASUS 지포스 RTX 5070 OC D7 12GB T1 Edition 인텍앤컴퍼니,1039190,1298000,1298000,TH201:1039190
12,gpu,95423621,갤럭시 GALAX 지포스 RTX 5070 Ti HOF GAMING BLACK D7 16GB,1751980,2186100,2186100,TH201:1751980
12,gpu,93386549,GIGABYTE 지포스 RTX 5050 GAMING OC D6 8GB 피씨디렉트,500980,625050,625050,TH201:500980
12,gpu,104359454,갤럭시 GALAX 지포스 RTX 5050 BLACK OC V2 D6 8GB DUAL HDMI,433350,540000,540000,TH201:433350
12,gpu,93318653,ASUS DUAL 지포스 RTX 5050 OC D6 8GB 대원씨티에스,463200,577000,577000,TH201:463200
12,gpu,90960104,COLORFUL iGame 지포스 RTX 5060 ULTRA DUO OC White D7 8GB 피씨디렉트,550690,685360,685360,TH201:550690
12,gpu,123743494,GIGABYTE AORUS 지포스 RTX 5070 Ti INFINITY D7 16GB 제이씨현,1695980,2108260,2108260,TH201:1695980
12,gpu,89862188,COLORFUL iGame 지포스 RTX 5060 Ti ULTRA DUO OC White D7 8GB 피씨디렉트,628570,781200,781200,TH201:628570
12,gpu,101956631,MANLI 지포스 RTX 5060 Ti Nebula V2 D7 8GB 대원씨티에스,729610,905990,905990,TH201:729610
12,gpu,76551041,GIGABYTE 지포스 RTX 5070 Ti EAGLE OC SFF D7 16GB 제이씨현,1543750,1914030,1914030,TH201:1543750
12,gpu,88132232,GIGABYTE 지포스 RTX 5060 Ti EAGLE OC D7 8GB 제이씨현,619990,768020,768020,TH201:619990
12,gpu,75075494,갤럭시 GALAX 지포스 RTX 5080 BLACK OC D7 16GB,1888000,2338370,2338370,TH201:1888000
12,gpu,123590266,GIGABYTE AORUS 지포스 RTX 5080 INFINITY WOOD D7 16GB 제이씨현,2343590,2901160,2901160,TH201:2343590
12,gpu,77465882,INNO3D 지포스 RTX 5070 OC D7 12GB X3,1110400,1373980,1373980,TH201:1110400
12,gpu,122692149,COLORFUL iGame 지포스 RTX 5070 Ti ULTRA OC SFF D7 16GB 피씨디렉트,1487990,1836970,1836970,TH201:1487990
12,gpu,123802262,COLORFUL 지포스 RTX 5070 Ti BATTLE AX SFF D7 16GB 피씨디렉트,1455480,1795100,1795100,TH201:1455480
12,gpu,77379575,ASUS PRIME 지포스 RTX 5070 OC D7 12GB 대원씨티에스,1186790,1461980,1461980,TH201:1186790
12,gpu,122676813,MSI 지포스 RTX 5060 벤투스 2X OC V1 D7 8GB,543180,669000,669000,TH201:543180
12,gpu,122726547,GIGABYTE AORUS 지포스 RTX 5080 INFINITY WOOD D7 16GB 피씨디렉트,2359840,2905500,2905500,TH201:2359840
12,gpu,95001017,갤럭시 GALAX 지포스 RTX 5080 HOF GAMING BLACK D7 16GB,2093430,2575290,2575290,TH201:2093430
12,gpu,123981276,GIGABYTE 지포스 RTX 5080 WINDFORCE OC V2 SFF D7 16GB 제이씨현,2031200,2498010,2498010,TH201:2031200
12,gpu,76466114,INNO3D 지포스 RTX 5080 OC D7 16GB X3 WHITE,1943910,2387860,2387860,TH201:1943910
12,gpu,90892970,GIGABYTE 지포스 RTX 5060 WINDFORCE OC D7 8GB 제이씨현,543180,666810,666810,TH201:543180
12,gpu,122726535,GIGABYTE AORUS 지포스 RTX 5080 INFINITY D7 16GB 피씨디렉트,2331330,2861870,2861870,TH201:2331330
12,gpu,90887702,PNY 지포스 RTX 5060 OC D7 8GB Dual Fan STCOM,537580,659840,659840,TH201:537580
12,gpu,77319527,GIGABYTE 지포스 RTX 5070 EAGLE OC ICE SFF D7 12GB 제이씨현,1087180,1333870,1333870,TH201:1087180
12,gpu,99896039,갤럭시 GALAX 지포스 RTX 5060 BLACK OC V2 D7 8GB,535750,657170,657170,TH201:535750
12,gpu,88132187,GIGABYTE 지포스 RTX 5060 Ti AERO OC D7 8GB 제이씨현,681590,836010,836010,TH201:681590
12,gpu,123802150,GIGABYTE AORUS 지포스 RTX 5070 INFINITY D7 12GB 피씨디렉트,1230110,1508310,1508310,TH201:1230110
12,gpu,122829828,GIGABYTE AORUS 지포스 RTX 5070 Ti INFINITY D7 16GB 피씨디렉트,1722110,2111110,2111110,TH201:1722110
12,gpu,106754483,갤럭시 GALAX 지포스 RTX 5060 Ti BLACK OC V2 D7 8GB,614280,752860,752860,TH201:614280
12,gpu,93386588,GIGABYTE 지포스 RTX 5050 UD2 OC D6 8GB Nano LP 피씨디렉트,498380,610590,610590,TH201:498380
12,gpu,88132310,GIGABYTE 지포스 RTX 5060 Ti WINDFORCE OC D7 8GB 제이씨현,629430,770840,770840,TH201:629430
12,gpu,20740013,MSI 지포스 RTX 4060 벤투스 2X 블랙 OC D6 8GB,2135140,2612750,2612750,TH201:2135140
12,gpu,32861312,MSI 지포스 RTX 4070 SUPER 게이밍 X 슬림 D6X 12GB 트라이프로져3,2135140,2612750,2612750,TH201:2135140
12,gpu,91908533,GIGABYTE 라데온 RX 9060 XT Gaming D6 8GB 피씨디렉트,1271670,1556130,1556130,TH201:1271670
12,gpu,122726726,ASUS DUAL 지포스 RTX 5060 EVO OC D7 8GB 코잇,554040,677970,677970,TH201:554040
12,gpu,122726733,ASUS DUAL 지포스 RTX 5060 WHITE OC D7 8GB 코잇,576840,705870,705870,TH201:576840
12,gpu,122726777,ASUS DUAL 지포스 RTX 5060 Ti WHITE OC D7 8GB 코잇,728840,891870,891870,TH201:728840
12,gpu,122726864,ASUS PRIME 지포스 RTX 5070 OC D7 12GB 코잇,1010040,1235970,1235970,TH201:1010040
12,gpu,76329767,MSI 지포스 RTX 5080 게이밍 트리오 OC 화이트 D7 16GB 트라이프로져4,4560000,5580000,5580000,TH201:4560000
12,gpu,76551029,GIGABYTE AORUS 지포스 RTX 5070 Ti MASTER D7 16GB 제이씨현,3800000,4650000,4650000,TH201:3800000
12,gpu,96259277,MSI 지포스 RTX 5080 엑스퍼트 OC D7 16GB 플로우프로져2,4940000,6045000,6045000,TH201:4940000
12,gpu,122724158,COLORFUL iGame 지포스 RTX 5060 ULTRA DUO OC D7 8GB 피씨디렉트,556780,681210,681210,TH201:556780
12,gpu,123537806,COLORFUL iGame 지포스 RTX 5070 Ti ULTRA OC SFF White D7 16GB 도우정보,1543980,1885100,1885100,TH201:1543980
12,gpu,75600731,INNO3D 지포스 RTX 5080 D7 16GB X3,1962810,2395640,2395640,TH201:1962810
12,gpu,123981266,GIGABYTE AORUS 지포스 RTX 5070 INFINITY D7 12GB 제이씨현,1237590,1507140,1507140,TH201:1237590
12,gpu,90889937,GIGABYTE 지포스 RTX 5060 UD2 OC D7 8GB Nano LP 피씨디렉트,567200,690550,690550,TH201:567200
12,gpu,90961373,INNO3D 지포스 RTX 5060 OC D7 8GB TWIN X2 WHITE,589060,716490,716490,TH201:589060
12,gpu,88133213,ASUS DUAL 지포스 RTX 5060 TI OC D7 8GB 대원씨티에스,639080,776550,776550,TH201:639080
12,gpu,75375797,MANLI 지포스 RTX 5080 Nebula D7 16GB 대원씨티에스,1916210,2326060,2326060,TH201:1916210
12,gpu,76466054,INNO3D 지포스 RTX 5070 Ti OC D7 16GB X3,1590150,1929000,1929000,TH201:1590150
12,gpu,99742721,갤럭시 GALAX 지포스 RTX 5060 Ti BLACK 3X D7 16GB DUAL HDMI,980800,1189000,1189000,TH201:980800
12,gpu,123802213,COLORFUL iGame 지포스 RTX 5060 Ti ULTRA DUO OC D7 16GB 피씨디렉트,890390,1079000,1079000,TH201:890390
12,gpu,90892967,GIGABYTE 지포스 RTX 5060 WINDFORCE D7 8GB 제이씨현,662510,802530,802530,TH201:662510
12,gpu,78235484,갤럭시 GALAX 지포스 RTX 5070 EX GAMER WHITE OC D7 12GB,2658960,3220910,3220910,TH201:2658960
12,gpu,75075386,갤럭시 GALAX 지포스 RTX 5080 WHITE OC D7 16GB,4170510,5051910,5051910,TH201:4170510
12,gpu,78102347,MSI 지포스 RTX 5070 게이밍 트리오 OC 화이트 D7 12GB 트라이프로져4,1482590,1795920,1795920,TH201:1482590
12,gpu,88233542,COLORFUL iGame 지포스 RTX 5060 Ti ULTRA DUO OC White D7 16GB 피씨디렉트,883180,1069580,1069580,TH201:883180
12,gpu,81716255,GIGABYTE 지포스 RTX 5060 Ti WINDFORCE OC D7 8GB 피씨디렉트,639110,770840,770840,TH201:639110
12,gpu,89862281,COLORFUL 지포스 RTX 5060 Ti 토마호크 DUO D7 8GB 피씨디렉트,635200,764000,764000,TH201:635200
12,gpu,79578482,갤럭시 GALAX 지포스 RTX 5080 EX GAMER BLACK OC D7 16GB,2045880,2460480,2460480,TH201:2045880
12,gpu,88132295,GIGABYTE 지포스 RTX 5060 Ti GAMING OC D7 8GB 제이씨현,685930,823780,823780,TH201:685930
12,gpu,90955439,COLORFUL iGame 지포스 RTX 5060 ULTRA OC White D7 8GB 피씨디렉트,620830,745000,745000,TH201:620830
12,gpu,122663332,COLORFUL iGame 지포스 RTX 5070 ULTRA OC D7 12GB 도우정보,1104000,1323070,1323070,TH201:1104000
12,gpu,81716102,GIGABYTE 지포스 RTX 5060 Ti EAGLE OC D7 8GB 피씨디렉트,648010,775000,775000,TH201:648010
12,gpu,86560166,INNO3D 지포스 RTX 5060 Ti OC D7 8GB X3,718690,851510,851510,TH201:718690
12,gpu,82697921,MANLI 지포스 RTX 5060 Ti Nebula D7 8GB 인텍앤컴퍼니,608790,720980,720980,TH201:608790
12,gpu,92187056,갤럭시 GALAX 지포스 RTX 5060 Ti EX BLACK OC D7 8GB,651590,770510,770510,TH201:651590
12,gpu,94261262,INNO3D 지포스 RTX 5050 D6 8GB TWIN X2,480370,565430,565430,TH201:480370
12,gpu,78977732,XFX 라데온 RX 9070 XT SWIFT WHITE D6 16GB,931180,,1290000,"TH201:931180 (의심 쇼핑몰 단독, 같은 스펙 중간값 1454830)"
12,gpu,86449373,INNO3D 지포스 RTX 5060 Ti OC D7 16GB TWIN X2 WHITE,917200,,1239000,"TH201:917200 (의심 쇼핑몰 단독, 같은 스펙 중간값 1097630)"
12,gpu,105968504,GAINWARD 지포스 RTX 5070 파이썬 III OC D7 12GB,1015200,,1329000,"TH201:1015200 (의심 쇼핑몰 단독, 같은 스펙 중간값 1333870)"
12,gpu,94201541,MANLI 지포스 RTX 5080 Gallardo OC D7 16GB White 인텍앤컴퍼니,2129250,,2726000,"TH201:2129250 (의심 쇼핑몰 단독, 같은 스펙 중간값 2513960)"
12,gpu,91909775,ASRock 라데온 RX 9060 XT 스틸레전드 OC D6 8GB 대원씨티에스,504000,,630000,"TH201:504000 (의심 쇼핑몰 단독, 같은 스펙 중간값 658000)"
12,gpu,122726879,ASUS PRIME 지포스 RTX 5070 Ti OC D7 16GB 코잇,1607200,,2008990,"TH201:1607200 (의심 쇼핑몰 단독, 같은 스펙 중간값 1921080)"
12,gpu,100618931,갤럭시 GALAX 지포스 RTX 5060 BLACK D7 8GB LP,583200,,,TH201:583200 (의심 쇼핑몰 단독 신규 상품)
12,gpu,104615543,ASUS ProArt 지포스 RTX 5070 Ti OC D7 16GB 인텍앤컴퍼니,1663200,,,TH201:1663200 (의심 쇼핑몰 단독 신규 상품)
12,gpu,108176363,GIGABYTE 지포스 RTX 5070 Ti WINDFORCE OC V2 D7 16GB 제이씨현,1487190,,,TH201:1487190 (의심 쇼핑몰 단독 신규 상품)
12,gpu,122726926,ASUS ROG Astral 지포스 RTX 5080 OC D7 16GB 코잇,2572430,,,TH201:2572430 (의심 쇼핑몰 단독 신규 상품)
12,gpu,18493601,ASUS TUF Gaming 라데온 RX 7900 XTX O24G OC D6 24GB 대원씨티에스,1489190,,,TH201:1489190 (의심 쇼핑몰 단독 신규 상품)
12,gpu,34816340,MSI 지포스 RTX 3050 벤투스 2X OC D6 6GB,303200,,,TH201:303200 (의심 쇼핑몰 단독 신규 상품)
12,gpu,75184247,PALIT 지포스 RTX 5080 GAMEROCK D7 16GB 이엠텍,2216000,,,TH201:2216000 (의심 쇼핑몰 단독 신규 상품)
12,gpu,75536588,GIGABYTE AORUS 지포스 RTX 5080 XTREME 워터포스 D7 16GB 제이씨현,2079200,,,TH201:2079200 (의심 쇼핑몰 단독 신규 상품)
12,gpu,75656861,MANLI 지포스 RTX 5090 Gallardo OC D7 32GB 인텍앤컴퍼니,6344790,,,TH201:6344790 (의심 쇼핑몰 단독 신규 상품)
12,gpu,75991625,GAINWARD 지포스 RTX 5090 팬텀 D7 32GB,6316000,,,TH201:6316000 (의심 쇼핑몰 단독 신규 상품)
12,gpu,76463408,갤럭시 GALAZ 지포스 RTX 5070 Ti BLACK OC D7 16GB,1600000,,,TH201:1600000 (의심 쇼핑몰 단독 신규 상품)
12,gpu,77318354,ASRock 라데온 RX 9070 스틸레전드 OC D6 16GB 대원씨티에스,838730,,,TH201:838730 (의심 쇼핑몰 단독 신규 상품)
12,gpu,77319857,갤럭시 GALAZ 지포스 RTX 5070 BLACK OC D7 12GB,1030810,,,TH201:1030810 (의심 쇼핑몰 단독 신규 상품)
12,gpu,77380763,MANLI 지포스 RTX 5070 Polar Fox OC D7 12GB 인텍앤컴퍼니,1063200,,,TH201:1063200 (의심 쇼핑몰 단독 신규 상품)
12,gpu,77381207,PowerColor 라데온 RX 9070 XT Hellhound Spectral White D6 16GB 대원씨티에스,1040000,,,TH201:1040000 (의심 쇼핑몰 단독 신규 상품)
12,gpu,77382785,GAINWARD 지포스 RTX 5070 피닉스 D7 12GB,1043890,,,TH201:1043890 (의심 쇼핑몰 단독 신규 상품)
12,gpu,77461214,ASUS PRIME 라데온 RX 9070 OC D6 16GB 대원씨티에스,847200,,,TH201:847200 (의심 쇼핑몰 단독 신규 상품)
12,gpu,77791202,MSI 지포스 RTX 5070 벤투스 2X OC 화이트 D7 12GB,1279200,,,TH201:1279200 (의심 쇼핑몰 단독 신규 상품)
12,gpu,77961743,갤럭시 GALAZ 지포스 RTX 5070 Ti EX GAMER BLACK OC D7 16GB,1512460,,,TH201:1512460 (의심 쇼핑몰 단독 신규 상품)
12,gpu,78843224,PNY 지포스 RTX 5070 OC D7 12GB Triple Fan 제이씨현,1006650,,,TH201:1006650 (의심 쇼핑몰 단독 신규 상품)
12,gpu,79578449,XFX 라데온 RX 9070 XT MERCURY RGB OC WHITE D6 16GB,1281600,,,TH201:1281600 (의심 쇼핑몰 단독 신규 상품)
12,gpu,79578539,갤럭시 GALAX 지포스 RTX 5080 EX GAMER WHITE OC D7 16GB,1872000,,,TH201:1872000 (의심 쇼핑몰 단독 신규 상품)
12,gpu,80903570,MANLI 지포스 RTX 5060 Ti Nebula D7 16GB 대원씨티에스,880000,,,TH201:880000 (의심 쇼핑몰 단독 신규 상품)
12,gpu,81715421,갤럭시 GALAX 지포스 RTX 5060 Ti BLACK OC D7 16GB,944000,,,TH201:944000 (의심 쇼핑몰 단독 신규 상품)
12,gpu,81715478,갤럭시 GALAZ 지포스 RTX 5060 Ti BLACK OC D7 16GB,840000,,,TH201:840000 (의심 쇼핑몰 단독 신규 상품)
12,gpu,81716585,GAINWARD 지포스 RTX 5060 Ti 파이썬 III D7 16GB,634300,,,TH201:634300 (의심 쇼핑몰 단독 신규 상품)
12,gpu,82179890,PNY 지포스 RTX 5080 EPIC-X RGB OC D7 16GB Triple Fan STCOM,1760000,,,TH201:1760000 (의심 쇼핑몰 단독 신규 상품)
12,gpu,85668698,갤럭시 GALAZ 지포스 RTX 5060 Ti BLACK OC D7 8GB,704000,,,TH201:704000 (의심 쇼핑몰 단독 신규 상품)
12,gpu,88132265,GIGABYTE 지포스 RTX 5060 Ti EAGLE OC ICE D7 8GB 제이씨현,669200,,,TH201:669200 (의심 쇼핑몰 단독 신규 상품)
12,gpu,88132328,GIGABYTE 지포스 RTX 5060 Ti WINDFORCE D7 8GB 제이씨현,711480,,,TH201:711480 (의심 쇼핑몰 단독 신규 상품)
12,gpu,88205957,ASUS PRIME 지포스 RTX 5060 TI OC D7 8GB 인텍앤컴퍼니,672000,,,TH201:672000 (의심 쇼핑몰 단독 신규 상품)
12,gpu,89605799,ASUS TUF Gaming 지포스 RTX 5060 TI OC D7 8GB 인텍앤컴퍼니,606320,,,TH201:606320 (의심 쇼핑몰 단독 신규 상품)
12,gpu,90435884,MSI 지포스 RTX 5070 Ti 게이밍 트리오 OC 화이트 D7 16GB 트라이프로져4,2431360,,,TH201:2431360 (의심 쇼핑몰 단독 신규 상품)
12,gpu,90436100,MSI 지포스 RTX 5060 Ti 벤투스 2X 플러스 D7 8GB,1119200,,,TH201:1119200 (의심 쇼핑몰 단독 신규 상품)
12,gpu,90642689,PALIT 지포스 RTX 5060 Ti DUAL OC D7 8GB 이엠텍,640000,,,TH201:640000 (의심 쇼핑몰 단독 신규 상품)
12,gpu,90889865,GIGABYTE 지포스 RTX 5060 WINDFORCE OC D7 8GB 피씨디렉트,536860,,,TH201:536860 (의심 쇼핑몰 단독 신규 상품)
12,gpu,90889892,GIGABYTE 지포스 RTX 5060 WINDFORCE D7 8GB 피씨디렉트,680000,,,TH201:680000 (의심 쇼핑몰 단독 신규 상품)
12,gpu,90955895,갤럭시 GALAZ 지포스 RTX 5060 EX WHITE OC D7 8GB,582400,,,TH201:582400 (의심 쇼핑몰 단독 신규 상품)
12,gpu,91426661,갤럭시 GALAX 지포스 RTX 5060 BLACK OC D7 8GB,600000,,,TH201:600000 (의심 쇼핑몰 단독 신규 상품)
12,gpu,91867850,GIGABYTE 라데온 RX 9060 XT Gaming D6 8GB 제이씨현,519990,,,TH201:519990 (의심 쇼핑몰 단독 신규 상품)
12,gpu,91910630,갤럭시 GALAZ 지포스 RTX 5060 Ti EX WHITE OC D7 8GB,716000,,,TH201:716000 (의심 쇼핑몰 단독 신규 상품)
12,gpu,92046863,PNY 지포스 RTX 5070 EPIC-X RGB OC D7 12GB Triple Fan STCOM,645760,,,TH201:645760 (의심 쇼핑몰 단독 신규 상품)
12,gpu,92046968,PNY 지포스 RTX 5060 Ti EPIC-X RGB OC D7 16GB Triple Fan STCOM,841400,,,TH201:841400 (의심 쇼핑몰 단독 신규 상품)
12,gpu,92153012,갤럭시 GALAX 지포스 RTX 5060 WHITE OC D7 8GB,574320,,,TH201:574320 (의심 쇼핑몰 단독 신규 상품)
12,gpu,92187074,갤럭시 GALAZ 지포스 RTX 5060 Ti EX BLACK OC D7 8GB,704000,,,TH201:704000 (의심 쇼핑몰 단독 신규 상품)
12,gpu,93501767,갤럭시 GALAZ 지포스 RTX 5050 BLACK OC D6 8GB DUAL HDMI,372800,,,TH201:372800 (의심 쇼핑몰 단독 신규 상품)
12,gpu,93629129,MANLI 지포스 RTX 5050 Nebula D6 8GB 인텍앤컴퍼니,390400,,,TH201:390400 (의심 쇼핑몰 단독 신규 상품)
12,gpu,93629741,MANLI 지포스 RTX 5050 Polar Fox OC D6 8GB 인텍앤컴퍼니,528000,,,TH201:528000 (의심 쇼핑몰 단독 신규 상품)
12,gpu,93698225,COLORFUL iGame 지포스 RTX 5050 ULTRA DUO OC White D6 8GB 피씨디렉트,454400,,,TH201:454400 (의심 쇼핑몰 단독 신규 상품)
12,gpu,93698933,GIGABYTE 지포스 RTX 5050 UD2 OC D6 8GB Nano LP 제이씨현,412000,,,TH201:412000 (의심 쇼핑몰 단독 신규 상품)
12,gpu,93704792,GIGABYTE 지포스 RTX 5060 Ti WINDFORCE MAX OC D7 16GB 피씨디렉트,719200,,,TH201:719200 (의심 쇼핑몰 단독 신규 상품)
12,gpu,94028903,GIGABYTE 지포스 RTX 5060 Ti WINDFORCE MAX OC D7 16GB 제이씨현,705600,,,TH201:705600 (의심 쇼핑몰 단독 신규 상품)
12,gpu,94520921,갤럭시 GALAZ 지포스 RTX 5070 Ti HOF GAMING D7 16GB,1872880,,,TH201:1872880 (의심 쇼핑몰 단독 신규 상품)
12,gpu,94570298,ASUS ROG Astral 지포스 RTX 5080 WHITE OC D7 16GB 인텍앤컴퍼니,2312000,,,TH201:2312000 (의심 쇼핑몰 단독 신규 상품)
12,gpu,94692245,ASUS DUAL 지포스 RTX 5050 D6 8GB 인텍앤컴퍼니,472000,,,TH201:472000 (의심 쇼핑몰 단독 신규 상품)
12,gpu,95001035,갤럭시 GALAZ 지포스 RTX 5080 HOF GAMING BLACK D7 16GB,1895590,,,TH201:1895590 (의심 쇼핑몰 단독 신규 상품)
12,gpu,95206559,PNY 지포스 RTX 5060 Ti D7 8GB Dual Fan 제이씨현,654610,,,TH201:654610 (의심 쇼핑몰 단독 신규 상품)
12,gpu,97476458,ASUS 지포스 RTX 5080 OC D7 16GB NOCTUA 대원씨티에스,2180000,,,TH201:2180000 (의심 쇼핑몰 단독 신규 상품)
12,gpu,98184494,갤럭시 GALAZ 지포스 RTX 5060 Ti BLACK 3X D7 16GB DUAL HDMI,825600,,,TH201:825600 (의심 쇼핑몰 단독 신규 상품)
12,gpu,98412050,PNY 지포스 RTX 5050 D6 8GB Dual Fan 제이씨현,495200,,,TH201:495200 (의심 쇼핑몰 단독 신규 상품)
12,gpu,98484845,갤럭시 GALAZ 지포스 RTX 5050 BLACK OC V2 D6 8GB DUAL HDMI,436000,,,TH201:436000 (의심 쇼핑몰 단독 신규 상품)
12,gpu,98771447,갤럭시 GALAX 지포스 RTX 5060 Ti BLACK OC Classic D7 8GB,640000,,,TH201:640000 (의심 쇼핑몰 단독 신규 상품)
12,gpu,98779298,갤럭시 GALAZ 지포스 RTX 5060 Ti BLACK OC Classic D7 8GB,536000,,,TH201:536000 (의심 쇼핑몰 단독 신규 상품)
12,gpu,99892193,갤럭시 GALAZ 지포스 RTX 5070 Ti BLACK 2X OC D7 16GB,1513930,,,TH201:1513930 (의심 쇼핑몰 단독 신규 상품)
12,ssd,98484449,Western Digital WD Blue SN5000 M.2 NVMe 중고 (500GB),139000,1096570,1096570,TV7C1:139000
12,ssd,17397623,SK하이닉스 Platinum P41 M.2 NVMe 해외구매 (500GB),283310,675960,675960,TH201:283310
12,ssd,14275913,킹스톤 KC600 해외구매 (256GB),83150,153430,153430,TH201:83150
12,ssd,49829600,에이서 프레데터 GM7 M.2 NVMe 해외구매 (2TB),418720,504800,504800,EE128:418720
12,ssd,108408740,GIGABYTE Gen3 M.2 NVMe 피씨디렉트 (512GB),134000,158000,158000,TJ918:134000
