product_code,product_name,2026-10-08,2026-10-07,2026-10-06,2026-10-05,2026-10-04,2026-10-03,2026-10-02,2026-10-01
37925804,1stPlayer LV67 (해외구매),48300,,,,,,,
123993247,1stPlayer NEO108 유무선 기계식 (미드나잇 블루),88060,89000,89000,89000,89000,89000,89000,82770
123993250,1stPlayer NEO108 유무선 기계식 (썬더스톰),97960,99000,99000,99000,99000,99000,99000,92070
123993243,1stPlayer NEO108 유무선 기계식 (아틱 블루),88060,89000,89000,89000,89000,89000,89000,82770
92357459,1stPlayer NEO87 유무선 기계식 (나이트 퍼플),67290,68000,68000,68000,68000,68000,68000,63240
92357306,1stPlayer NEO87 유무선 기계식 (레트로),67280,68000,68000,68000,68000,68000,68000,63240
92357558,1stPlayer NEO87 유무선 기계식 (스텔라),96000,96000,93000,93000,99000,99000,99000,92070
92357399,1stPlayer NEO87 유무선 기계식 (크림 버건디),74210,75000,75000,75000,75000,75000,75000,69750
123993211,1stPlayer NEO87 유무선 기계식 모노그레이 (저소음축),74210,75000,75000,75000,75000,75000,74210,69750
10891317,3M K50 USB 유선 키보드 (블랙),23430,23430,23430,23430,23430,23430,23430,23430
10890852,3M MK-150 무선 키보드 마우스 세트 (블랙),24290,24290,24290,24290,24290,24290,24290,24290
10890867,3M MK-150 무선 키보드 마우스 세트 (화이트),24290,24290,24290,24290,22590,22590,22600,22610
10890924,3M MK-250 무선 키보드 마우스 세트 (블랙),27900,27900,27900,27900,27900,27900,27900,27900
10890990,3M MK-250 무선 키보드 마우스 세트 (핑크),27900,27900,27900,27900,27900,27900,27900,27900
10890978,3M MK-250 무선 키보드 마우스 세트 (화이트),27900,27900,27900,27900,27900,27900,27900,27900
28123457,3M WR309LE 손목받침대,10810,10810,10810,10810,10810,10810,10060,10060
92187749,3M WR85B,15220,15220,15220,15220,15220,15220,15220,16200
92045849,80Retros GB PAD 유무선,199000,199000,199000,199000,199000,199000,199000,199000
99054602,80Retros GB40 레트로 유무선,199000,199000,199000,199000,199000,199000,199000,199000
77312324,80Retros GB65 기계식,298000,298000,298000,298000,298000,298000,298000,298000
122696026,80Retros GB65 기계식 커스텀 베어본,249000,249000,249000,249000,249000,249000,249000,249000
97357376,8bitdo Retro 108 유무선 기계식 F 에디션,159600,159600,159600,159600,159600,159600,159600,159600
88137002,8bitdo Retro 108 유무선 기계식 N 에디션,179670,179670,179670,179670,179670,179670,179670,179670
97357643,8bitdo Retro 유무선 기계식 C64 에디션,139600,139600,139600,139600,139600,139600,139600,139600
57709394,8bitdo Retro 유무선 기계식 C64 에디션 (해외구매),97980,97980,97980,96920,96920,96920,96920,96920
69697262,8bitdo Retro 유무선 기계식 F에디션,113050,113050,113050,113050,113050,113050,113050,113050
97357601,8bitdo Retro 유무선 기계식 M 에디션,129000,129000,129000,129000,129000,129000,129000,129000
96369803,8bitdo Retro 유무선 기계식 Mecha BREAK: PANTHER 에디션 (해외구매),119510,119510,118220,118220,118220,118220,118220,118220
97357574,8bitdo Retro 유무선 기계식 N 에디션,129000,129000,129000,129000,129000,129000,129000,129000
74253509,8bitdo Retro 유무선 기계식 Xbox 에디션 (해외구매),103610,103610,103630,103630,103640,103640,103660,102570
45319094,8bitdo Retro 유무선 기계식 해외구매 (그레이),98350,98350,98350,97290,97290,97290,97290,97290
45319091,8bitdo Retro 유무선 기계식 해외구매 (레드),113226,114564,114488,114488,114488,114285,114285,114290
93702140,8bitdo Retro18 유무선 기계식 C64 에디션,59000,59000,59000,59000,59000,59000,59000,59000
64984271,8bitdo Retro18 유무선 기계식 C64 에디션 (해외구매),44290,44290,44290,44290,44290,44290,44290,44290
68437127,8bitdo Retro18 유무선 기계식 F 에디션,59000,59000,59000,59000,59000,59000,59000,59000
65006120,8bitdo Retro18 유무선 기계식 F 에디션 (해외구매),86200,86200,86200,86200,86200,86200,86200,86200
97357745,8bitdo Retro18 유무선 기계식 M 에디션,59000,59000,59000,59000,59000,59000,59000,59000
65011625,8bitdo Retro18 유무선 기계식 M 에디션 (해외구매),40380,40380,40380,41900,41900,41900,41900,41900
97357757,8bitdo Retro18 유무선 기계식 N 에디션,59100,59100,59100,59100,59100,59100,59100,59100
64992551,8bitdo Retro18 유무선 기계식 N 에디션 (해외구매),46060,46060,46060,46060,46060,46060,46060,46060
98228084,8bitdo 손목받침대 (해외구매),15930,15930,15930,15930,15930,15930,15930,15590
20095340,A4Tech Bloody B810RC,125550,125550,125550,125550,125550,125550,125550,125550
27494381,A4Tech Bloody S98 기계식,163200,163200,163200,163200,163200,163200,163200,163200
28394927,AIGO A100 유무선 기계식 해외구매 (옵션선택구성),40470,40470,40470,40470,40470,40470,40470,40470
103751768,AJAZZ AJ-AK01,49000,49000,49000,49000,49000,49000,49000,49000
104624438,AJAZZ AJ-WK01 유무선 기계식,49000,49000,49000,49000,49000,49000,49000,49000
69698447,AJAZZ AK650 유무선 기계식 (해외구매),61550,61550,64230,64230,64230,64230,64230,64230
89525834,AJAZZ AK680 MAX 1K (해외구매),34800,34800,34800,34800,34800,34800,34800,34800
89525954,AJAZZ AK680 MAX 유무선 (해외구매),42230,42230,44070,44070,44070,44070,44070,44070
38345594,AJAZZ AKP815 기계식 (해외구매),90060,90060,,,,,,
74338652,AJAZZ ALUX68 (해외구매),30510,30510,30510,32544,32544,32544,32544,32544
74338691,AJAZZ ALUX68 MAX (해외구매),65780,65780,65780,68640,68640,68640,68640,68640
74338664,AJAZZ ALUX68 PLUS (해외구매),51430,51430,53670,53670,53670,53670,53670,53670
27498209,AJAZZ 후아노 과일 복숭아 스위치 45pcs,21360,21360,21360,21360,21360,21360,21360,21360
106692857,AKKO MONSGEEK FUN60 MAX 무선 (블랙),83570,84450,84450,82680,82680,82680,82680,82680
106728227,AKKO MONSGEEK FUN60 MAX 무선 (화이트),83570,84460,84460,84460,84460,84460,84460,84460
98075972,AKKO MONSGEEK FUN60 PRO (블랙),36000,36000,36000,36000,36000,36000,36000,36000
76462475,AKKO MONSGEEK FUN60 PRO (해외구매),26580,26580,26580,26310,26310,26310,26310,26310
106728182,AKKO MONSGEEK FUN60 PRO (화이트),72290,73060,73060,73060,73060,73060,73060,73060
76462496,AKKO MONSGEEK FUN60 PRO 유무선 (해외구매),37260,37260,37260,36880,36880,36880,36880,36880
106692875,AKKO MONSGEEK FUN60 ULTRA 유무선,176630,178510,178510,178510,178510,178510,178510,178510
76462856,AKKO MONSGEEK FUN60 ULTRA 유무선 해외구매,57870,57870,57870,60390,60390,60390,60390,60390
76462442,AKKO MONSGEEK FUN60 유무선 (해외구매),26580,26580,26580,26290,26290,26290,26290,26290
33384809,AKKO MONSGEEK ICE75 유무선 기계식 (해외구매),119370,119370,119370,119370,119370,119370,119370,119370
20120111,AKKO MONSGEEK M1 기계식 커스텀 베어본 해외구매 (블랙),100797,101988,101920,101920,101920,101739,101739,101744
20120129,AKKO MONSGEEK M1 기계식 커스텀 베어본 해외구매 (실버),100797,101988,101920,101920,101920,101739,101739,101744
20120138,AKKO MONSGEEK M1 기계식 커스텀 베어본 해외구매 (퍼플),100797,101988,101920,101920,101920,101739,101739,101744
20120141,AKKO MONSGEEK M1 기계식 커스텀 베어본 해외구매 (핑크),100797,101988,101920,101920,101920,101739,101739,101744
20050754,AKKO MONSGEEK M3 기계식 커스텀 베어본 해외구매 (블랙),100797,101988,101920,101920,101920,101739,101739,101744
20050763,AKKO MONSGEEK M3 기계식 커스텀 베어본 해외구매 (실버),100797,101988,101920,101920,101920,101739,101739,101744
20050778,AKKO MONSGEEK M3 기계식 커스텀 베어본 해외구매 (퍼플),104495,105730,105659,105659,105659,105472,105472,105477
28855829,AKKO MONSGEEK M3W 유무선 기계식 해외구매 (옵션선택구성),100180,100180,100180,102380,102380,102380,102380,102380
78710582,AKKO 드래곤볼 PBT 키캡 108키 (베지터),34900,34900,34900,34900,34900,34900,34900,34900
78710570,AKKO 드래곤볼 PBT 키캡 108키 (손오공),34900,34900,34900,34900,34900,34900,34900,34900
77965277,AKKO 몬스긱 가위바위보 엄지척 키캡,6000,6000,6000,6000,6000,6000,6000,6000
27497321,AKKO 오션블루 스위치 45pcs,17500,17500,17500,17500,17500,17500,17500,17500
27497132,AKKO 젤리블랙 스위치 45pcs,19080,19080,19080,19080,19080,19080,19080,19080
27497171,AKKO 젤리블루 스위치 45pcs,19080,19080,19080,19080,19080,19080,19080,19080
106709105,AKKO 크리스마스 판타지 키캡 137키,49800,49800,49800,49800,49800,49800,49800,49800
27497477,AKKO 크림블루프로 스위치 45pcs,14450,14450,14450,14450,14450,14450,14450,14450
27497438,AKKO 크림옐로우프로 스위치 45pcs,14400,14400,14400,14400,14400,14400,14400,14400
27497519,AKKO 폼 브라운 스위치 45pcs,21360,21360,21360,21360,21360,21360,21360,21360
27496946,AKKO 피아노 스위치 45pcs,17660,17660,17660,17660,17660,17660,17660,17660
19427495,ANYZEN A10 키보드 마우스 세트,27380,27380,27380,27380,27380,27380,27380,27380
19427849,ANYZEN A10 키보드 마우스 세트 with Pad,33930,33930,33930,33930,33930,33930,33930,33930
19429892,ANYZEN A20 키보드 마우스 세트,13770,13770,13770,13770,13770,13770,13770,13770
19429979,ANYZEN A20 키보드 마우스 세트 with Pad,14830,14830,14830,14830,14830,14830,14830,14830
19304882,ANYZEN A30 키보드 마우스 세트,20570,20570,20570,20570,20570,20570,20570,20570
19427909,ANYZEN A30 키보드 마우스 세트 with Pad,22240,22240,22240,22240,22240,22240,22240,22240
19636859,ANYZEN A50 키보드 버티컬 마우스 세트,14830,14830,14830,14830,14830,14830,14830,14830
19636880,ANYZEN A50 키보드 버티컬 마우스 세트 with Pad,15890,15890,15890,15890,15890,15890,15890,15890
19689695,ANYZEN A60 키보드 버티컬 마우스 세트,18010,18010,18010,18010,18010,18010,18010,18010
19689749,ANYZEN A60 키보드 버티컬 마우스 세트 with Pad,17890,17890,17890,17890,17890,17890,17890,17890
19533839,ANYZEN A70 키보드 버티컬 마우스 세트,16780,16780,16780,16780,16780,16780,16780,16780
19533893,ANYZEN A70 키보드 버티컬 마우스 세트 with Pad,19070,19070,19070,19070,19070,19070,19070,19070
14040011,ANYZEN AMK-250 키보드 마우스 세트,11650,11650,11650,11650,11650,11650,11650,11650
6383542,ANYZEN AMK-250 키보드 마우스 세트 with PAD,14260,14260,14260,14260,14260,14260,14260,14260
10333785,ANYZEN AMK-350 세트 with PAD,23290,23290,23290,23290,23290,23290,23290,23290
29480837,ANYZEN AMK-350 키보드 마우스 세트,22230,22230,22230,22230,22230,22230,22230,22230
29686637,ANYZEN AMK-450 키보드 마우스 세트,28150,28150,28150,28150,28150,28150,28150,28150
29687042,ANYZEN AMK-450 키보드 마우스 세트 With Pad,32820,32820,32820,32820,32820,32820,32820,32820
104044268,ANYZEN BTK-100 무선,20000,20000,20000,20000,20000,20000,20000,20000
105964952,ANYZEN BTK-300 무선,9000,9000,9000,9000,9000,9000,9000,9000
18661733,ANYZEN K-2000P,9740,9740,9740,9740,9740,9740,9740,9740
1664508,ANYZEN K-5300C,16170,16170,16170,15670,15670,15670,15670,15670
18661751,ANYZEN K-7000C 키보드 마우스 세트,14140,14140,14140,14140,14140,14140,14140,14140
4698428,ANYZEN K100U 유선키보드,6890,6890,6890,6890,6890,6890,6890,6890
15943325,ANYZEN K110 유선키보드,4400,4400,4400,4400,4400,4400,4400,4400
7989883,ANYZEN K130 USB 유선 키보드,12470,12470,12470,12470,12470,12470,12470,12470
4698449,ANYZEN K200 미니키보드,8500,8500,8500,8080,8080,8080,8080,8080
105964946,ANYZEN K200C,20120,20120,20120,20120,20120,20120,20120,20120
29343362,ANYZEN K250 (블랙),12400,12400,12410,12410,12420,12420,12430,12430
91563872,ANYZEN K250 (화이트),17490,17490,17490,17490,17490,17490,17490,17490
29489273,ANYZEN K250 With Pad (블랙),14500,14500,14500,13770,13770,13770,13770,13770
91563446,ANYZEN K250 With Pad (화이트),19490,19490,19490,19490,19490,19490,19490,19490
29974481,ANYZEN K260 (블랙),10000,10000,9500,9500,9500,9500,9500,9500
92356889,ANYZEN K260 (화이트),18490,18490,18490,18490,18490,18490,18490,18490
29974493,ANYZEN K260 With Pad (블랙),11370,11370,11370,11370,11370,11370,11370,11370
92356919,ANYZEN K260 With Pad (화이트),19490,19490,19490,19490,19490,19490,19490,19490
29937023,ANYZEN K270 (블랙),10840,10840,10840,10840,10840,10840,10850,10850
92625845,ANYZEN K270 (화이트),19500,19500,19500,19500,19500,19500,19500,19500
29937206,ANYZEN K270 With Pad (블랙),11370,11370,11370,11370,11370,11370,11370,11370
92625881,ANYZEN K270 With Pad (화이트),20500,20500,20500,20500,20500,20500,20500,20500
122633057,ANYZEN K300,9420,9420,9420,9420,9420,9420,9420,9420
105967592,ANYZEN K300C,23240,23240,23240,23240,23240,23230,22640,22640
4576905,ANYZEN K400 유선 미니키보드,7900,7900,7900,7900,7900,7900,7900,7900
13083755,ANYZEN KM2200 유선 키보드 마우스 세트,11290,11290,11290,11290,11290,11290,11290,11290
62641841,ANYZEN KM3000 키보드 마우스 세트,33890,33890,33890,33890,33890,33890,33890,33890
62794472,ANYZEN KM4000 키보드 마우스 세트,33890,33890,33890,33890,33890,33890,33890,33890
5645544,ANYZEN MK-100 USB 유선 세트,9110,9110,9110,9110,9110,9110,9110,9110
4698525,ANYZEN MK-100 유선 세트,7800,7800,7800,7800,7800,7800,7800,7800
10333371,ANYZEN MK100 USB 세트 with PAD,10590,10590,10590,10590,10590,10590,10590,10590
15943442,ANYZEN MK110 유선 키보드 마우스 세트,7340,7340,7340,7340,7340,7340,7340,7340
15943481,ANYZEN MK110 유선 키보드 마우스 세트 with Pad,8310,8310,8310,8310,8310,8310,8310,8310
8119210,ANYZEN MK130 USB 세트 with PAD,17000,17000,17690,17690,17690,17690,17690,16480
7991620,ANYZEN MK130 USB 키보드 마우스 세트,12500,12500,12500,12500,12500,12500,12500,12500
10639314,ANYZEN MK200 유선 키보드 마우스 세트 (민트),10170,10170,10170,10170,10170,10170,10170,10170
10639275,ANYZEN MK200 유선 키보드 마우스 세트 (블랙),10170,10170,10170,10170,10170,10170,10170,10170
10639323,ANYZEN MK200 유선 키보드 마우스 세트 (핑크),10170,10170,10170,10170,10170,10170,10170,10170
60420617,ANYZEN MK210 With Pad 키보드 마우스 세트,31490,31490,31490,31490,31490,31490,31490,31490
60420653,ANYZEN MK210 키보드 마우스 세트,30440,30440,30440,30440,30440,30440,30440,30440
61418018,ANYZEN MK310 With Pad 키보드 마우스 세트,24900,24900,24900,24900,24900,24900,24900,24900
61418027,ANYZEN MK310 키보드 마우스 세트,22900,22900,22900,22900,22900,22900,22900,22900
58096739,ANYZEN PKC-K1 With Pad 키보드 마우스 세트,24900,24900,24900,24900,24900,24900,24900,24900
57919337,ANYZEN PKC-K1 키보드 마우스 세트,24900,24900,24900,24900,24900,24900,24900,24900
58113584,ANYZEN PKC-K20 with pad 키보드 마우스 세트,26250,26250,26250,26250,26250,26250,26250,26250
58113449,ANYZEN PKC-K20 키보드 마우스 세트,26250,26250,26250,26250,26250,26250,26250,26250
60307940,ANYZEN PKC-K30 With Pad 키보드 마우스 세트,15450,14770,15750,15410,15750,15070,15410,15750
60307937,ANYZEN PKC-K30 키보드 마우스 세트,30450,30450,30450,30450,30450,30450,30450,30450
93498056,APAYADO DK68 유무선 기계식 (해외구매),37900,37900,37900,37900,37900,37900,37900,37900
93442217,APAYADO K3 기계식 (해외구매),15140,15140,15140,15140,15140,15140,15140,15140
74005943,APAYADO K33 (해외구매),22700,22700,22700,22700,22700,22700,22700,22700
93442091,APAYADO K61 기계식 (해외구매),24320,24420,24570,24570,24570,24570,24570,23230
93442460,APAYADO K82 기계식 (해외구매),32640,32640,32640,32640,32640,32640,32640,32640
93441515,APAYADO M70 (해외구매),15380,15380,15380,15380,15380,15380,15380,15380
93441725,APAYADO T21 기계식 (해외구매),23220,23220,23220,23220,23220,23220,23220,23220
90437783,APPLE MXCJ3KH/A 유무선,155620,157330,155620,157330,157330,157330,157330,157330
74484314,APPLE MXCK3KH/A 유무선,199000,199000,199000,199000,199000,199000,199000,199000
72592274,APPLE MXCL3KH/A 유무선,126220,126220,126220,136220,136220,136220,136220,136220
72592202,APPLE MXK73KH/A 유무선,201990,215990,224990,224990,224990,224990,224990,224990
74053472,APPLE MXK83KH/A 유무선,265050,262400,265050,262400,262400,262400,262400,262400
16782449,APPLE Magic Keyboard Touch ID 탑재형 한글 MMMR3KH/A (정품),329210,329210,329210,329210,329210,329210,329210,329210
5621677,APPLE Magic Keyboard 한글 MQ5L2KH/A (정품),249990,249990,249990,249990,249990,249990,249990,249990
73948085,ASUS Marshmallow KW100 무선,44000,44000,40920,40920,40920,40920,40920,40920
124022125,ASUS ROG AZOTH 96 HE LITE (블랙),499000,,,,,,,
124022139,ASUS ROG AZOTH 96 HE LITE (화이트),499000,,,,,,,
122718970,ASUS ROG AZOTH EXTREME 20주년 리미티드 에디션,1276630,1340300,,,,,,
60326543,ASUS ROG AZOTH EXTREME 유무선,698990,698990,698990,698990,698990,698990,698990,698990
106341680,ASUS ROG AZOTH EXTREME 유무선 대원씨티에스,698990,698990,698990,698990,698990,698990,698990,698990
30338999,ASUS ROG AZOTH WHITE PBT 유무선 영문 (SNOW),439000,439000,439000,439000,439000,439000,439000,439000
30338945,ASUS ROG AZOTH WHITE PBT 유무선 영문 (STORM),222260,222260,222260,222260,222260,222260,222260,222260
60064484,ASUS ROG AZOTH WHITE PBT 유무선 한글 (RED축),399000,399000,399000,399000,399000,399000,399000,399000
60064472,ASUS ROG AZOTH WHITE PBT 유무선 한글 (SNOW축),399000,399000,399000,399000,399000,399000,399000,399000
57292553,ASUS ROG AZOTH WHITE PBT 유무선 한글 (STORM축),399000,399000,399000,399000,399000,399000,399000,399000
92888570,ASUS ROG AZOTH X 유무선 기계식 (SNOW축),299000,299000,299000,299000,299000,299000,299000,299000
92888585,ASUS ROG AZOTH X 유무선 기계식 (STORM축),298980,298980,298980,298980,298980,298980,298980,298980
19828004,ASUS ROG AZOTH 유무선 기계식 한글 (적축),543500,543500,543500,543500,543500,543500,543500,543500
97836170,ASUS ROG FALCATA 유무선,498990,498990,498990,498990,498990,498990,498990,497410
101953184,ASUS ROG FALCHION ACE HFX ZywOo 에디션,234050,234050,234050,234050,234050,234050,234050,234050
70103147,ASUS ROG FALCHION ACE HFX 기계식 (마그네틱축),169000,168990,168980,168980,168980,168980,168980,168980
15370208,ASUS ROG FALCHION NX (적축),271460,271460,271460,271460,271460,271460,271460,271460
34688324,ASUS ROG FALCHION RX Low Profile 유무선 기계식 영문 (적축),169000,168810,168800,168800,168800,168800,168810,168810
34715732,ASUS ROG FALCHION RX Low Profile 유무선 기계식 영문 (청축),169000,168990,168980,168980,168980,168980,168980,168980
60064412,ASUS ROG FALCHION RX Low Profile 유무선 기계식 한글 (적축),169000,168990,168980,168980,168980,168980,168980,168980
58009157,ASUS ROG FALCHION RX Low Profile 유무선 기계식 한글 (청축),169000,168810,168800,168800,168800,168800,168810,168810
12768116,ASUS ROG FALCHION 영문 (적축),190620,190620,190620,190620,190620,190620,190620,190620
123801251,ASUS ROG Falchion Ace 75 HE 라바레드 (V2X축),299000,299000,299000,299000,299000,299000,299000,299000
122652082,ASUS ROG Falchion Ace 75 HE 블랙 (V2X축),298980,298980,298980,298980,298980,298980,298980,298980
122652068,ASUS ROG Falchion Ace 75 HE 블랙 (V2축),298990,298990,298990,298990,298990,298990,289680,289680
122652085,ASUS ROG Falchion Ace 75 HE 화이트 (V2X축),277600,277600,277600,277600,277600,277600,277600,299000
122652051,ASUS ROG Falchion Ace 75 HE 화이트 (V2축),298990,298990,298990,298990,298990,298990,289680,289680
124046013,ASUS ROG STRIX Morph 96 유무선 기계식,199000,199000,199000,199000,199000,199000,199000,199000
58096223,ASUS ROG STRIX SCOPE II 96 유무선 기계식 WHITE (SNOW축),159000,159000,159000,159000,159000,159000,159000,159000
60064367,ASUS ROG STRIX SCOPE II 96 유무선 기계식 WHITE (STORM축),151550,159000,159000,159000,159000,159000,159000,172570
92546336,ASUS ROG STRIX SCOPE II X 기계식 (SNOW축),179000,,,,,,,
92546342,ASUS ROG STRIX SCOPE II X 기계식 (STORM축),159000,158990,158980,158980,158980,158980,158980,158980
16864142,ASUS ROG STRIX SCOPE RX TKL WIRELESS DELUXE (청축),398040,398040,398040,398040,398040,398040,398040,398040
91767146,ASUS TUF Gaming K3 Gen II 하츠네미쿠 에디션 (적축),169000,169000,169000,169000,169000,169000,163740,163740
91767164,ASUS TUF Gaming K3 Gen II 하츠네미쿠 에디션 (청축),169000,169000,168990,165190,165190,165190,165190,165190
95847023,ATK 68 RX (해외구매),85050,85050,85050,89210,89210,89210,89210,89210
99290588,ATK 68 V3 (해외구매),222560,222560,222560,222560,222560,222560,222560,222560
99288383,ATK QK Hex80 (해외구매),275540,275540,275540,284520,284520,284520,284520,284520
78611390,ATK RS6 (해외구매),125030,125030,125030,130470,130470,130470,130470,130470
122663187,ATK RS6 Air (레이크 그린),89000,89000,89000,89000,89000,89000,89000,89000
122663174,ATK RS6 Air (블랙),89000,89000,89000,89000,89000,89000,89000,89000
122663183,ATK RS6 Air (핑크),89000,89000,89000,89000,89000,89000,89000,89000
122663179,ATK RS6 Air (화이트),89000,89000,89000,89000,89000,89000,89000,89000
100192586,ATK RS6 Air 해외구매,78710,79570,79570,76990,76990,76990,76990,78720
78611399,ATK RS6 ULTRA (해외구매),141760,141760,141760,147920,147920,147920,147920,147920
54697949,ATK RS7 (해외구매),139740,139740,138240,138240,138240,138240,138240,138240
122663220,ATK RS7 Air (레이크 그린),98000,98000,98000,98000,98000,98000,98000,98000
122663211,ATK RS7 Air (블랙),98000,98000,98000,98000,98000,98000,98000,98000
122663222,ATK RS7 Air (오렌지),98000,98000,98000,98000,98000,98000,98000,98000
122663217,ATK RS7 Air (핑크),98000,98000,98000,98000,98000,98000,98000,98000
122663215,ATK RS7 Air (화이트),98000,98000,98000,98000,98000,98000,98000,98000
107770715,ATK RS7 Air 해외구매,92720,93740,93740,95100,95100,95100,95100,95100
99290138,ATK RS7 V2 (해외구매),183080,183080,183080,191040,191040,191040,191040,191040
99290141,ATK RS7 V2 Ultra (해외구매),199000,199000,199000,200640,200640,200640,200640,200640
122619005,ATK Yogo 75 Pro 유무선 기계식 블랙 (저소음 딥씨축),198000,198000,198000,198000,198000,198000,198000,198000
122710686,ATK Yogo 75 Pro 유무선 기계식 블랙 (중고),168300,168300,168300,168300,168300,168300,168300,168300
122619006,ATK Yogo 75 Pro 유무선 기계식 블랙 (클라우드축),189000,189000,189000,189000,189000,189000,189000,189000
122619007,ATK Yogo 75 Pro 유무선 기계식 실버 화이트 (저소음 딥씨축),198000,198000,198000,198000,198000,198000,198000,198000
122619009,ATK Yogo 75 Pro 유무선 기계식 실버 화이트 (클라우드축),189000,189000,189000,189000,189000,189000,189000,189000
122619011,ATK Yogo 75 Pro 유무선 기계식 크림 옐로우 (저소음 딥씨축),208000,208000,208000,208000,208000,208000,208000,208000
122619012,ATK Yogo 75 Pro 유무선 기계식 크림 옐로우 (클라우드축),198000,198000,198000,198000,198000,198000,198000,198000
109596182,ATK Yogo 75 유무선 기계식 블랙 (저소음 딥씨축),189000,189000,189000,189000,189000,189000,189000,189000
122710695,ATK Yogo 75 유무선 기계식 블랙 (중고),160650,160650,160650,160650,160650,160650,160650,160650
109596194,ATK Yogo 75 유무선 기계식 실버 화이트 (저소음 딥씨축),189000,189000,189000,189000,189000,189000,189000,189000
122710696,ATK Yogo 75 유무선 기계식 실버 화이트 (중고),152150,152150,152150,152150,152150,152150,152150,152150
109596191,ATK Yogo 75 유무선 기계식 실버 화이트 (클라우드축),179000,179000,179000,179000,179000,179000,179000,179000
109596197,ATK Yogo 75 유무선 기계식 크림 옐로우 (저소음 딥씨축),198000,198000,198000,198000,198000,198000,198000,198000
122710697,ATK Yogo 75 유무선 기계식 크림 옐로우 (중고),168300,168300,168300,168300,168300,168300,168300,168300
109596203,ATK Yogo 75 유무선 기계식 크림 옐로우 (클라우드축),189000,189000,189000,189000,189000,189000,189000,189000
74056931,ATTACK SHARK K85 (해외구매),62470,62470,62470,65190,65190,65190,65190,65190
98227460,ATTACK SHARK R82 HE (해외구매),41310,41310,41110,41110,41110,41110,41110,41110
73891343,ATTACK SHARK X75 유무선 기계식 (해외구매),90070,90070,93990,93990,93990,93990,93990,93990
90435968,ATTACK SHARK X85 PRO 유무선 기계식 (해외구매),48300,48300,48300,50400,50400,50400,50400,50400
74056700,ATTACK SHARK X87 유무선 기계식 (해외구매),54500,54500,54500,54500,54500,54500,54500,54500
123668326,AULA AC110 무선 키보드 마우스 세트 (블랙),24900,24900,24900,24900,24900,24900,24900,24900
123668330,AULA AC110 무선 키보드 마우스 세트 (화이트),24900,24900,24900,24900,24900,24900,24900,24900
62650448,AULA AC210 무선 키보드 마우스 세트 (해외구매),44400,44400,44400,44400,44400,44400,44400,44400
96366869,AULA AG60 (해외구매),106390,106390,106390,106390,106390,106300,106310,106310
96366890,AULA AG60 Max (해외구매),229910,229910,229910,239910,239910,239910,239910,239910
96366875,AULA AG60 Pro (해외구매),127780,127780,127780,126410,126410,126410,126410,126410
122703899,AULA AG63 (해외구매),123500,123500,123500,123500,123500,123500,123500,123500
123682178,AULA AG63 PRO (해외구매),128000,128000,128000,128000,128000,128000,128000,128000
124182188,AULA BOX63 스탠다드 에디션 (해외구매),211500,211500,210710,210710,210710,210710,210710,210710
68780987,AULA EPOMAKER x F65 유무선 기계식 (해외구매),111200,111200,111200,111200,111200,111200,111200,111200
124166528,AULA F108 PRO 유무선 기계식 라벤더 화이트 (저소음 바다축),89000,89000,89000,89000,89000,89000,89000,89000
124166535,AULA F108 PRO 유무선 기계식 라벤더 화이트 (저소음 솜사탕축),89000,89000,89000,89000,89000,89000,89000,89000
94026458,AULA F108 PRO 유무선 기계식 오로라 블랙 한글 (경해축),99000,99000,99000,99000,99000,99000,99000,99000
94026449,AULA F108 PRO 유무선 기계식 오로라 블랙 한글 (세이야축),85000,85000,85000,85000,85000,85000,85000,79050
94026440,AULA F108 PRO 유무선 기계식 오로라 블랙 한글 (저소음 바다축),89000,89000,89000,89000,89000,89000,89000,89000
94026455,AULA F108 PRO 유무선 기계식 오로라 블랙 한글 (저소음 솜사탕축),89000,89000,89000,89000,89000,89000,89000,89000
97310108,AULA F108 PRO 유무선 기계식 오로라 블랙 한글 (중고),84150,75650,75650,75650,75650,75650,75650,75650
94026473,AULA F108 PRO 유무선 기계식 치즈 화이트 한글 (경해축),99000,99000,99000,99000,99000,99000,99000,92070
94026470,AULA F108 PRO 유무선 기계식 치즈 화이트 한글 (세이야축),85000,85000,85000,85000,85000,85000,85000,85000
94026476,AULA F108 PRO 유무선 기계식 치즈 화이트 한글 (저소음 바다축),89000,89000,89000,89000,89000,89000,89000,82770
94026467,AULA F108 PRO 유무선 기계식 치즈 화이트 한글 (저소음 솜사탕축),88990,88990,88990,88990,88990,89000,89000,89000
97310120,AULA F108 PRO 유무선 기계식 치즈 화이트 한글 (중고),75650,75650,75650,75650,75650,75650,75650,75650
124433932,AULA F108 PRO 유무선 기계식 크리스탈 베이지 (세이야축),85000,,,,,,,
124433934,AULA F108 PRO 유무선 기계식 크리스탈 베이지 (저소음 로즈축),89000,,,,,,,
124433933,AULA F108 PRO 유무선 기계식 크리스탈 베이지 (저소음 바다축),89000,,,,,,,
124433937,AULA F108 PRO 유무선 기계식 크리스탈 화이트 (세이야축),85000,,,,,,,
124433940,AULA F108 PRO 유무선 기계식 크리스탈 화이트 (저소음 로즈축),89000,,,,,,,
124433938,AULA F108 PRO 유무선 기계식 크리스탈 화이트 (저소음 바다축),89000,,,,,,,
74006669,AULA F108 PRO 유무선 기계식 해외구매 (옵션선택구성),59070,59070,59070,58430,58430,58430,58430,58430
76331336,AULA F108 PRO 유무선 기계식 해외구매 (청우축),55100,55100,55100,55100,55100,55100,55100,55100
76331351,AULA F108 PRO 유무선 기계식 해외구매 (카라멜라떼축),59220,59220,59220,59220,59220,59220,59220,59220
76331342,AULA F108 PRO 유무선 기계식 해외구매 (풍령축),51890,51890,48260,48260,48260,48260,47730,47730
122692022,AULA F108 PRO 유무선 기계식 화이트 한글 (저소음 로즈축),97810,97810,97810,97810,97810,93060,93060,94050
122722777,AULA F108 Pro V2 유무선 기계식 모던 블랙 (세이야축),89000,89000,89000,89000,89000,89000,89000,89000
122722776,AULA F108 Pro V2 유무선 기계식 모던 블랙 (유성축),94000,94000,94000,94000,94000,94000,94000,94000
122722772,AULA F108 Pro V2 유무선 기계식 모던 블랙 (저소음 바다축),94000,94000,94000,94000,94000,94000,94000,94000
122722787,AULA F108 Pro V2 유무선 기계식 샌드 베이지 (세이야축),89000,89000,89000,89000,89000,89000,89000,89000
122722785,AULA F108 Pro V2 유무선 기계식 샌드 베이지 (유성축),178900,178900,178900,178900,178900,178900,178900,178900
122722782,AULA F108 Pro V2 유무선 기계식 샌드 베이지 (저소음 바다축),94000,94000,94000,94000,94000,94000,94000,94000
108423053,AULA F108 기계식 라이트 그레이 (세이야축),59000,59000,59000,59000,59000,59000,59000,59000
108423050,AULA F108 기계식 라이트 그레이 (저소음 바다축),65000,65000,65000,65000,65000,65000,65000,65000
122691422,AULA F108 유무선 기계식 블러쉬 핑크 한글 (세이야축),84000,84000,84000,84000,84000,84000,84000,84000
122691426,AULA F108 유무선 기계식 블러쉬 핑크 한글 (저소음 로즈축),89000,89000,89000,89000,89000,89000,89000,89000
122691423,AULA F108 유무선 기계식 블러쉬 핑크 한글 (저소음 바다축),89000,89000,89000,89000,89000,89000,89000,89000
70003607,AULA F108 유무선 기계식 스카이 블랙 한글 (경해축),92000,92000,92000,92000,92000,92000,92000,92000
70003532,AULA F108 유무선 기계식 스카이 블랙 한글 (세이야축),77000,77000,77000,77000,77000,77000,77000,77000
70003601,AULA F108 유무선 기계식 스카이 블랙 한글 (저소음 바다축),82000,82000,82000,82000,82000,82000,82000,82000
78609734,AULA F108 유무선 기계식 스카이 블랙 한글 (저소음 솜사탕축),82000,82000,82000,82000,82000,82000,82000,82000
70003592,AULA F108 유무선 기계식 스카이 블랙 한글 (황축),82000,82000,82000,82000,82000,82000,82000,82000
70003616,AULA F108 유무선 기계식 올리비아 화이트 한글 (경해축),92000,92000,92000,92000,92000,92000,92000,85560
70003631,AULA F108 유무선 기계식 올리비아 화이트 한글 (세이야축),77000,77000,77000,77000,77000,77000,77000,77000
70003625,AULA F108 유무선 기계식 올리비아 화이트 한글 (저소음 바다축),82000,82000,82000,82000,82000,82000,82000,82000
77312216,AULA F108 유무선 기계식 올리비아 화이트 한글 (저소음 솜사탕축),82000,82000,82000,82000,82000,82000,82000,82000
70003628,AULA F108 유무선 기계식 올리비아 화이트 한글 (황축),82000,82000,82000,82000,82000,82000,82000,82000
122710938,AULA F108 유무선 기계식 치즈 화이트 (황축),82000,82000,82000,82000,82000,82000,82000,82000
73428701,AULA F108 유무선 기계식 해외구매 (옵션선택구성),51010,51010,49400,49380,49380,49380,49380,49380
76338974,AULA F108 유무선 기계식 해외구매 (카라멜라떼축),55660,55660,55660,55060,55060,55060,55060,55060
76338983,AULA F108 유무선 기계식 해외구매 (풍령축),55660,55660,55660,55060,55060,55060,55060,55060
69697967,AULA F2087Pro 유무선 기계식 (해외구매),37900,37900,38540,37900,37900,37900,37900,37900
37348049,AULA F2088 Pro 기계식 해외구매 (옵션선택구성),30260,30260,30260,31250,31250,31250,31250,31250
37348079,AULA F2088 Pro 기계식 해외구매 (적축),36710,36710,36320,36320,36320,36320,36320,36320
37348061,AULA F2088 Pro 기계식 해외구매 (청축),36240,36240,36240,35850,35850,35850,35850,35850
62647625,AULA F2088 기계식 (해외구매),58800,58800,58800,58800,58800,58800,58800,58800
37929992,AULA F21 유무선 (해외구매),23910,23910,23910,23910,23910,23910,23910,23910
123762696,AULA F3010 (해외구매),19260,19260,19260,19050,19050,19050,19050,19470
123681874,AULA F3099 유무선 (해외구매),26220,26220,26220,27360,27360,27360,27360,27360
74006096,AULA F65 유무선 기계식 (해외구매),40020,40020,39760,39760,39760,39760,39760,39760
92043803,AULA F65 유무선 기계식 스카이 블랙 (경해축),67000,67000,67000,67000,67000,67000,67000,67000
73560839,AULA F65 유무선 기계식 스카이 블랙 (세이야축),57000,57000,57000,57000,57000,57000,57000,57000
73325126,AULA F65 유무선 기계식 스카이 블랙 (저소음 바다축),62000,62000,62000,62000,62000,62000,62000,62000
73325084,AULA F65 유무선 기계식 스카이 블랙 (황축 V3),62000,62000,62000,62000,62000,62000,62000,57660
92044856,AULA F65 유무선 기계식 올리비아 화이트 (경해축),67000,67000,67000,67000,67000,67000,67000,67000
73325033,AULA F65 유무선 기계식 올리비아 화이트 (세이야축),57000,57000,57000,57000,57000,57000,57000,57000
73696682,AULA F65 유무선 기계식 올리비아 화이트 (저소음 바다축),62000,62000,62000,62000,62000,62000,62000,62000
73325057,AULA F65 유무선 기계식 올리비아 화이트 (황축 V3),62000,62000,62000,62000,62000,62000,62000,57660
122703909,AULA F68 RX (해외구매),79940,79940,79940,79940,79940,79940,79940,79940
123651086,AULA F75 MAX 유무선 기계식 (해외구매),57860,57860,57250,57250,57250,57250,57250,57250
90268634,AULA F75 MAX 유무선 기계식 스카이 블랙 (경해축),79000,79000,79000,79000,79000,79000,79000,79000
79556462,AULA F75 MAX 유무선 기계식 스카이 블랙 (세이야축),69000,69000,69000,69000,69000,69000,69000,69000
79556447,AULA F75 MAX 유무선 기계식 스카이 블랙 (저소음 바다축),74000,74000,74000,74000,74000,74000,74000,74000
90268637,AULA F75 MAX 유무선 기계식 올리비아 화이트 (경해축),79000,79000,79000,79000,79000,79000,79000,79000
79556486,AULA F75 MAX 유무선 기계식 올리비아 화이트 (세이야축),69000,69000,69000,69000,69000,69000,69000,69000
79556477,AULA F75 MAX 유무선 기계식 올리비아 화이트 (저소음 바다축),74000,74000,74000,74000,74000,74000,74000,74000
76329461,AULA F75 유무선 기계식 다크블루 한글 (경해축),78100,78100,78100,78100,78100,78100,78100,78100
76329482,AULA F75 유무선 기계식 다크블루 한글 (회목축 V3),67260,67260,67260,67260,67260,67260,67260,67260
122722761,AULA F87 Pro V2 유무선 기계식 모던 블랙 (세이야축),79000,79000,79000,79000,79000,79000,79000,79000
122722760,AULA F87 Pro V2 유무선 기계식 모던 블랙 (유성축),85000,85000,85000,85000,85000,85000,85000,85000
122722759,AULA F87 Pro V2 유무선 기계식 모던 블랙 (저소음 바다축),85000,85000,85000,85000,85000,85000,85000,85000
122722755,AULA F87 Pro V2 유무선 기계식 샌드 베이지 (세이야축),79000,79000,79000,79000,79000,79000,79000,79000
122722756,AULA F87 Pro V2 유무선 기계식 샌드 베이지 (유성축),85000,85000,85000,85000,85000,85000,85000,85000
122722753,AULA F87 Pro V2 유무선 기계식 샌드 베이지 (저소음 바다축),85000,85000,85000,85000,85000,85000,85000,85000
98412443,AULA F87 Pro V2 유무선 기계식 해외구매 (그린축),77500,77500,77500,77500,77500,77500,77500,77500
98412419,AULA F87 Pro V2 유무선 기계식 해외구매 (옵션선택구성),37440,37440,37440,37440,37440,37440,37440,37440
98412503,AULA F87 Pro V2 유무선 기계식 해외구매 (유성 아이스크림축),65420,66140,64000,63980,63980,63980,63980,65420
98412494,AULA F87 Pro V2 유무선 기계식 해외구매 (유성축),57890,57890,57890,58690,58690,58690,58690,59980
98412488,AULA F87 Pro V2 유무선 기계식 해외구매 (카라멜 라떼축),55960,56580,54740,54740,54740,54740,54740,55970
98412467,AULA F87 Pro V2 유무선 기계식 해외구매 (해당축),47220,47740,47740,46790,46790,46790,46790,47810
63466952,AULA F87 Pro 기계식 다크 올리비아 한글 (세이야축),42800,42800,42800,42800,42800,42800,42800,39800
63466976,AULA F87 Pro 기계식 다크 올리비아 한글 (저소음 바다축),48000,48000,48000,48000,48000,48000,48000,44640
63467006,AULA F87 Pro 기계식 라이트 올리비아 한글 (세이야축),42800,42800,42800,42800,42800,42800,42800,42800
63467021,AULA F87 Pro 기계식 라이트 올리비아 한글 (저소음 바다축),48000,48000,48000,48000,48000,48000,48000,48000
124166516,AULA F87 Pro 유무선 기계식 라벤더 화이트 (저소음 바다축),67000,67000,67000,67000,67000,67000,67000,67000
124166519,AULA F87 Pro 유무선 기계식 라벤더 화이트 (저소음 솜사탕축),67000,67000,67000,67000,67000,67000,67000,67000
122692862,AULA F87 Pro 유무선 기계식 블러쉬 핑크 한글 (세이야축),67000,67000,67000,67000,67000,67000,67000,67000
122691617,AULA F87 Pro 유무선 기계식 블러쉬 핑크 한글 (저소음 로즈축),73000,73000,73000,73000,73000,73000,73000,73000
122691605,AULA F87 Pro 유무선 기계식 블러쉬 핑크 한글 (저소음 바다축),73000,73000,73000,73000,73000,73000,73000,73000
94026245,AULA F87 Pro 유무선 기계식 올리비아 화이트 한글 (저소음 솜사탕축),67000,67000,67000,67000,67000,67000,67000,62310
59826155,AULA F87 Pro 유무선 기계식 올리비아 화이트 한글 (저소음 피치축 V2),67000,67000,67000,67000,67000,67000,67000,67000
59826398,AULA F87 Pro 유무선 기계식 올리비아 화이트 한글 (황축 V3),62000,62000,62000,62000,62000,62000,62000,62000
59826344,AULA F87 Pro 유무선 기계식 올리비아 화이트 한글 (회목축 V4),62000,62000,62000,62000,62000,62000,62000,62000
94998188,AULA F87 Pro 유무선 기계식 인디고 블랙 한글 (저소음 솜사탕축),67000,67000,67000,67000,67000,67000,67000,62310
61437527,AULA F87 Pro 유무선 기계식 인디고 블랙 한글 (저소음 피치축 V2),67000,67000,67000,67000,67000,67000,67000,67000
61437491,AULA F87 Pro 유무선 기계식 인디고 블랙 한글 (황축 V3),62000,62000,62000,62000,62000,62000,62000,57660
61437545,AULA F87 Pro 유무선 기계식 인디고 블랙 한글 (회목축 V4),62000,62000,62000,62000,62000,62000,62000,57660
36706874,AULA F87 Pro 유무선 기계식 해외구매 (골드축),49040,49580,49580,47980,47980,47980,47980,49060
36706868,AULA F87 Pro 유무선 기계식 해외구매 (그레이축),41400,41400,41400,42080,42080,42080,42080,41610
36706859,AULA F87 Pro 유무선 기계식 해외구매 (옐로우축),47740,47740,47740,47830,47830,47830,47830,47830
30621089,AULA F87 Pro 유무선 기계식 해외구매 (옵션선택구성),44980,44980,44980,46860,46860,46860,46860,44980
25638710,AULA F87 기계식 (해외구매),46820,46820,46820,46860,46860,46860,46860,46860
124181383,AULA F87S 유무선 기계식 해외구매 (마틴축),70000,70000,70000,70000,70000,70000,70000,70000
124181405,AULA F87S 유무선 기계식 해외구매 (싱스축),60000,60000,60000,60000,60000,60000,60000,60000
124181395,AULA F87S 유무선 기계식 해외구매 (옵션선택구성),46890,46890,46890,46890,46890,46890,46890,46890
92891807,AULA F98 PBT RGB 풀윤활 유무선 기계식 블랙 그레이 그린 한글 (경해축),79900,79900,79900,79900,79900,79900,79900,79900
123605914,AULA F98 PRO V3 유무선 기계식 해외구매,59800,59800,59150,59150,59150,59150,59150,60450
123605283,AULA F99 MAX 유무선 기계식 (해외구매),73500,73500,73500,79190,79190,79190,79190,73500
62176244,AULA F99 PRO 유무선 기계식 해외구매,54740,54740,54740,54150,54150,54150,54150,54150
60061619,AULA F99 유무선 기계식 올리비아 화이트 한글 (경해축),118960,118960,118960,118960,118960,118960,82000,82000
58934972,AULA F99 유무선 기계식 올리비아 화이트 한글 (황축 V3),72000,72000,72000,72000,72000,72000,72000,72000
58934957,AULA F99 유무선 기계식 올리비아 화이트 한글 (회목축 V4),72000,72000,72000,72000,72000,72000,72000,72000
60145412,AULA F99 유무선 기계식 인디고 블랙 한글 (저소음 피치축 V2),118500,118500,118500,118500,118500,118500,118500,109400
100192412,AULA FIRE 100 유무선 기계식 (해외구매),140060,140060,135590,135590,135590,135590,135590,135590
123763385,AULA H108 유무선 기계식 (세이야축),119000,119000,119000,119000,119000,119000,119000,119000
123763390,AULA H108 유무선 기계식 (저소음 솜사탕축),109000,109000,109000,109000,109000,109000,109000,109000
123775972,AULA H108 유무선 기계식 (중고),74250,74250,74250,74250,74250,74250,74250,74250
98414141,AULA HERO 68 HE (미스트 화이트),64000,64000,64000,64000,64000,64000,64000,64000
92470289,AULA HERO 68 HE (블랙 레드),59000,59000,59000,59000,59000,59000,59000,59000
94567154,AULA HERO 68 HE (화이트),64000,64000,64000,64000,64000,64000,64000,64000
74488823,AULA HERO 68 HE 해외구매,44060,44060,44060,43980,43980,43980,43980,43980
122659315,AULA HERO 68 MINI AIR 유무선 (해외구매),73500,73500,73500,73500,73500,73500,73500,73500
122703918,AULA HERO 75HE 유무선 (해외구매),64800,64800,64800,64800,64800,64800,64800,64800
123668412,AULA HERO 87 HE 미스트 블랙 (블랙킹축),74000,74000,74000,74000,74000,74000,74000,74000
123668411,AULA HERO 87 HE 미스트 블랙 (저소음 리치축),79000,79000,79000,79000,79000,79000,79000,79000
123798681,AULA HERO 87 HE 블랙 (저소음 리치축),79000,79000,79000,79000,79000,79000,79000,79000
123668418,AULA HERO 87 HE 화이트 (블랙킹축),74000,74000,74000,74000,74000,74000,74000,74000
123668414,AULA HERO 87 HE 화이트 (저소음 리치축),79000,79000,79000,79000,79000,79000,79000,79000
101077397,AULA Hi98 PRO 유무선 기계식 블랙 (세이야축),99000,99000,99000,99000,99000,99000,99000,99000
101077385,AULA Hi98 PRO 유무선 기계식 화이트 (세이야축),99000,99000,99000,99000,99000,99000,99000,99000
95202956,AULA L99 유무선 기계식 해외구매 (옵션선택구성),75340,75340,75340,74540,74540,74540,74540,74540
95202977,AULA L99 유무선 기계식 해외구매 (청우축),89940,89940,89940,89940,89940,89940,89940,89940
95203001,AULA L99 유무선 기계식 해외구매 (카라멜라떼축),92590,92590,92590,92590,92590,92590,92590,92590
63478076,AULA M75 유무선 기계식 해외구매 (옵션선택구성),76270,76270,79590,79590,79590,79590,79590,79590
98412722,AULA MINI 60HE Max 유무선 (해외구매),47750,47750,47750,49830,49830,49830,49830,49830
98412719,AULA MINI 60HE Pro 유무선 (해외구매),32460,32460,32460,32120,32120,32120,32120,32120
98412713,AULA MINI 60HE 유무선 (해외구매),27520,27520,27230,27230,25460,27240,27230,27240
99742694,AULA NOVA75 유무선 기계식 해외구매 (옵션선택구성),54180,54180,54180,55950,55950,55950,55950,55950
123605324,AULA NOVA98 유무선 기계식 (해외구매),62250,62250,62250,60910,60910,60910,60910,54920
106222205,AULA S102 (그레이),22900,22900,22900,22900,22900,22900,22900,22900
106222208,AULA S102 (그린),22900,22900,22900,22900,22900,22900,22900,22900
122710646,AULA S102 (중고),16030,16030,16030,16030,16030,16030,16030,16030
106222214,AULA S102 (핑크),22900,22900,22900,22900,22900,22900,22900,22900
106222247,AULA S102Pro 유무선 (그레이),29800,29800,29800,29800,29800,29800,29800,29800
106222250,AULA S102Pro 유무선 (그린),29800,29800,29800,29800,29800,29800,29800,29800
122710650,AULA S102Pro 유무선 (중고),20860,20860,20860,20860,20860,20860,20860,20860
106222241,AULA S102Pro 유무선 (핑크),29800,29800,29800,29800,29800,29800,29800,29800
76789196,AULA S2022 기계식 (갈축),26870,26870,26870,26870,26870,26870,26870,26870
76512959,AULA S2022 기계식 (적축),26870,26870,26890,26870,26870,26870,26870,26870
76789199,AULA S2022 기계식 (청축),26870,26870,26870,26870,26870,26870,26870,26870
97121093,AULA S3005 (해외구매),27370,27370,27370,27370,27370,27370,27370,27370
94447715,AULA WIN60 HE MAX (블랙),49000,49000,49000,49000,49000,49000,49000,45570
94447751,AULA WIN60 HE MAX (화이트),49000,49000,49000,49000,49000,49000,49000,49000
73948178,AULA WIN60HE (해외구매),21400,21400,21400,21400,21400,21400,21400,21400
94447832,AULA WIN68 HE MAX (블랙),49000,53000,53000,53000,53000,53000,53000,49290
94447838,AULA WIN68 HE MAX (화이트),49000,53000,53000,53000,53000,53000,53000,53000
73948208,AULA WIN68 HE 해외구매,30260,30260,29950,29950,29950,29950,29950,29950
79000277,AUSDOM H87 기계식 (해외구매),23830,23830,23830,24870,24870,24870,24870,24870
69697829,AUSDOM HOLA 98PRO 유무선 기계식 (해외구매),53410,53410,53410,55730,55730,55730,55730,55730
19882607,Actto ANBK-01 무선 블루투스 (샌드 베이지),17690,17690,17690,17690,17690,17690,17690,17690
19882598,Actto ANBK-01 무선 블루투스 (아이보리),21900,21900,21900,21900,21900,21900,21900,21900
19882610,Actto ANBK-01 무선 블루투스 (올리브 그린),21900,21900,21900,21900,21900,21900,21900,21900
19346840,Actto ANBK-01 무선 블루투스 (크림 화이트),19920,19920,19920,19920,19920,19920,19920,19920
19882604,Actto ANBK-01 무선 블루투스 (핑크),21900,21900,21900,19900,19890,19890,19890,19890
15296984,Actto B303 레트로 미니 블루투스 키보드 (민트),38900,38900,38900,38900,38900,38900,38900,38900
15298985,Actto B303 레트로 미니 블루투스 키보드 (아이보리),38900,38900,38900,38900,38900,38900,38900,38900
15296972,Actto B303 레트로 미니 블루투스 키보드 (화이트),47200,47700,47700,47700,47700,47700,47700,47700
88232939,Actto B307 유무선 (그린),43900,43900,43900,43900,43900,43900,43900,43900
26962922,Actto B307 유무선 (베이지),39900,39900,39900,39900,39900,39900,39900,39900
88232996,Actto B307 유무선 (아이보리),43900,43900,43900,43900,43900,43900,43900,43900
88232915,Actto B307 유무선 (핑크),111380,111380,111380,111380,111380,111380,111380,111380
88232969,Actto B307 유무선 (화이트),65690,65690,69890,69890,69890,69890,69890,69890
89529692,Actto B309 유무선 (그린),45900,45900,45900,45900,45900,45900,45900,45900
89529752,Actto B309 유무선 (베이지),45900,45900,45900,45900,45900,45900,45900,45900
89529722,Actto B309 유무선 (아이보리),45900,45900,45900,45900,45900,45900,45900,45900
27495329,Actto B309 유무선 (핑크),45900,45900,45900,45900,45900,45900,45900,45900
15484373,Actto B503 레트로 블루투스 키보드 (핑크),117120,117120,117120,117120,117120,117120,117120,117120
28511534,Actto B603 유무선 (블랙),32310,32310,32310,34823,34823,34823,34823,34823
28511552,Actto B603 유무선 (아이보리),39900,39900,39900,39900,39900,39900,39900,39900
28511564,Actto B603 유무선 (핑크),39900,39900,39900,39900,39900,39900,39900,39900
28511555,Actto B603 유무선 (화이트),39900,39900,39900,39900,39900,39900,39900,39900
122666640,Actto B606 유무선 (블랙),29800,29800,29800,29800,29800,29800,29800,29800
122666652,Actto B606 유무선 (아이보리),29800,29800,29800,29800,29800,29800,29800,29800
122666647,Actto B606 유무선 (화이트),29800,29800,29800,29800,29800,29800,29800,29800
123961278,Actto B608 유무선 (버터 아이보리),41900,41900,41900,41900,41900,41900,41900,41900
123961279,Actto B608 유무선 (세이지 그레이),41900,41900,41900,41900,41900,41900,41900,41900
123961282,Actto B608 유무선 (스톤 블랙),41900,41900,41900,41900,41900,41900,41900,41900
123961283,Actto B608 유무선 (크림 화이트),41900,41900,41900,41900,41900,41900,41900,41900
5772737,Actto BTK-01 레트로 미니 블루투스,22487,22487,22487,22487,22487,22487,22460,22259
5853828,Actto BTK-02,35970,35970,35970,35970,35970,35970,35970,35970
8203102,Actto BTK-03 (그레이),23160,23160,23160,23160,23160,22660,22660,22660
78238664,Actto BTK-03 (블랙),67110,67110,67110,67110,67110,67110,67110,67110
78238661,Actto BTK-03 (퍼플),24890,24890,24890,24890,24890,24890,24890,24890
89525381,Actto BTK-03 (핑크),47040,47040,47040,47040,47040,47040,47040,46260
78238670,Actto BTK-03 (화이트),23160,23160,23160,23160,22660,22660,22660,22660
14654054,Actto BTK-05 하프 블루투스 키보드,18900,18900,18900,18900,18900,18900,18900,18900
13274387,Actto BTK-07 (실버),28727,28727,28727,29365,29365,29365,29365,29365
18369920,Actto BTK-12 무선 키보드 (그린),25890,25890,24090,25890,25890,25890,25890,24350
78238352,Actto BTK-12 무선 키보드 (네이비),25890,25890,24090,25890,25890,25890,25890,24350
78238361,Actto BTK-12 무선 키보드 (핑크),25890,25890,24090,25890,25890,25890,25890,24350
78238367,Actto BTK-12 무선 키보드 (화이트),18940,18940,18940,18940,18940,18940,18940,18940
88232744,Actto BTK-13 무선,18890,18890,17910,18890,18890,18890,18890,18890
3500035,Actto KBD-38 베이스,11160,11160,11160,11160,11160,11160,11160,11160
5843434,Actto KBD-43,23400,23400,24180,24180,24180,24180,24180,26000
5939339,Actto KBD-46,16400,16400,16400,16400,16400,16400,16400,16400
14647190,Actto KBD-47 레트로 키보드 (민트),31500,31500,31500,31500,31500,31500,31500,30150
14647157,Actto KBD-47 레트로 키보드 (블랙),22900,23150,23150,23150,23150,23150,22900,22900
78237695,Actto KBD-48 레트로 무선 (민트),20500,20500,20500,20500,20500,20500,20500,20500
5697549,Actto KBD-48 레트로 무선 (블랙),22500,22500,22500,22500,22500,22500,22500,22500
78237698,Actto KBD-48 레트로 무선 (핑크),20500,20500,20500,20500,20500,20500,20500,20500
78237701,Actto KBD-48 레트로 무선 (화이트),22500,22500,22500,22500,22500,22500,22500,22500
5772703,Actto KBD-50 레트로 미니 무선,19900,19900,19900,19900,19900,19900,19900,19900
71060876,Actto KBD-65 기계식 (블랙),36900,36900,36900,36900,36900,36900,36900,36900
78714008,Actto KBD-65 기계식 (화이트),39900,39900,39900,39900,39900,39900,39900,39900
6484307,Actto KMC-04 레트로 무선 키보드 마우스 세트 (블랙),25890,25890,25890,25890,25890,25890,25890,25890
6484316,Actto KMC-04 레트로 무선 키보드 마우스 세트 (핑크),42220,42220,42220,42220,42220,42220,42220,40410
6484315,Actto KMC-04 레트로 무선 키보드 마우스 세트 (화이트),39890,39890,39890,39890,39890,39890,39890,39890
7889323,Actto KMC-05 무선 키보드 마우스 세트,18150,18150,18150,18150,18150,18150,18150,18150
14543747,Actto KMC-07 듀오 무선 키보드마우스 콤보 (블랙),23650,23650,23650,23650,23650,23650,23650,23650
14543798,Actto KMC-07 듀오 무선 키보드마우스 콤보 (화이트),28600,28600,28600,28600,28600,28600,28600,28600
62649425,Actto KSK-02 레트로 미니 키보드 전용,6890,6890,6890,6890,6890,6890,6890,6890
62648690,Actto KSK-09 B605 전용,7900,7900,7900,7900,7900,7900,7900,7900
20079221,Actto NBK-25 무선,12560,12590,12640,12650,12750,12770,12810,12890
15294734,Actto TKC-05 터치 블루투스 키보드 (블랙),45900,45900,45900,45900,45900,45900,45900,45900
15294896,Actto TKC-05 터치 블루투스 키보드 (화이트),45900,45900,45900,45900,45900,45900,45900,45900
44550,Actto WRS-01,2670,2670,2670,2670,2670,2670,2650,2650
5717631,Actto WRS-03,9975,9975,9975,9975,9975,9975,9681,9681
14800859,Actto WRS-05 컴포트 손목 받침대,6860,6860,6860,6860,6860,6860,6860,6860
29757740,Actto WRS-07,14900,14900,14900,14900,14900,14900,14900,14900
36834659,Actto WRS-08 손목 받침대 (민트),13870,13870,13870,13870,13870,13870,13870,13870
91113773,Actto WRS-08 손목 받침대 (블루),14890,14890,14890,14890,14890,14890,14890,14890
91113758,Actto WRS-08 손목 받침대 (아이보리),14890,14890,14890,14890,14890,14890,14890,14890
91113791,Actto WRS-08 손목 받침대 (핑크),18000,18000,18000,18000,18000,18000,18000,18000
62648789,Actto WRS-09,11800,11800,11800,12900,11800,11800,11800,11800
76509974,Actto WRS-10,12010,12010,12010,12010,12010,12010,12010,12010
17062487,Actto 레트로 키보드 106키 전용 키스킨,6900,6900,6900,6900,6900,6900,6900,6900
18747938,Actto 레트로 키보드 3종 키캡,3900,3900,3900,3900,3900,3900,3900,3900
44468384,Actto 레트로2 미니 70키 전용,7663,7663,7663,7663,7663,7663,7663,7663
44470436,Actto 레트로2 풀배열 전용,7663,7663,7663,7663,7663,7663,7663,7663
5449191,Actto 젤리 키보드 손목 받침대 WRS-04,11340,11350,11350,11350,11350,11350,11350,11350
4512891,Aidata ATENA K550,92330,92330,92330,92330,92330,92330,92330,92330
5453258,Aidata CGL006 젤 손목받침대,14200,14200,14200,14200,14200,14200,14200,14200
5242458,Aidata DMK-1300M (화이트),33380,33380,33380,33380,33380,33380,33380,33380
914810,Aidata KB003,22000,22000,22000,22000,22000,22000,22000,22000
96483608,Angry Miao AM AFA R2 유무선 기계식 (해외구매),1648000,1648000,1648000,1648000,1648000,1648000,1648000,1648000
33363284,Angry Miao Dry Studio Black Diamond 75 (해외구매),587640,587640,587640,587640,587640,587640,587640,587640
16073291,Anyzone Anyzone AGK-9 축교환 오테뮤 레인보우 LED 기계식 키보드 (갈축),34900,34900,34900,34900,34900,34900,34900,34900
16073276,Anyzone Anyzone AGK-9 축교환 오테뮤 레인보우 LED 기계식 키보드 (청축),34900,34900,34900,34900,34900,34900,34900,34900
15452405,Anyzone K-8000C 키보드 마우스 세트,13900,13900,13900,13900,13900,13900,13900,13900
21592745,Azio FOQO Pro 유무선 기계식 (해외구매),253170,253170,253170,253170,253170,253170,253170,253170
28242467,Azio 레트로 클래식 유무선,311700,306150,306150,306150,306150,306150,303850,302420
96426206,BAROCCOMiSTEL MD600 Alpha Rhino 유무선 기계식 (해외구매),386800,386800,386800,386800,386800,386800,386800,386800
96426278,BAROCCOMiSTEL MD600 Alpha 유무선 기계식 (해외구매),318140,318140,318140,318140,318140,318140,318140,318140
3205030,BTC-Secu 84키보드,133000,133000,133000,133000,133000,133000,133000,133000
60325658,Billionton 키보드 손목받침대,11160,11160,11160,11160,11160,11160,11160,11160
9775806,Blackmagic Design Davinci Resolve Editor,926270,926270,926270,974240,974260,974360,974470,974560
5145416,Bless ZIO DT70 레인보우LED 기계식 게이밍 키보드 (갈축),29900,29900,29900,29900,29900,29900,29900,29900
4293657,Bless ZIO G-Light 레인보우 LED 키보드,37800,37800,37800,37800,37800,37800,37800,37800
9607896,Bless ZIO GK45 LED 게이밍 키보드,18000,18000,18000,18000,18000,18000,18000,18000
14312204,Bless ZIO KM1020 USB 키보드 마우스 세트,11620,11620,11620,11620,11620,11620,11620,11630
3538393,Bless ZIO KM1100 USB 키보드&마우스 세트 (키스킨포함),34130,34130,34130,34130,34130,34130,34130,34130
5555499,Bless ZIO KP-1800 숫자키패드,10600,10600,10600,10600,10600,10600,10600,10600
8010823,Bless ZIO MK8700 미니 키보드,10990,10990,10990,10990,10990,10990,10990,10990
9878655,Bless ZIO RMK380mini 미니키보드,45090,45090,45090,45090,45100,45100,45100,45100
3996680,Bless ZIO TMK300U 트랙볼 미니 키보드,37060,37060,37060,37060,37060,37060,37060,37060
7717489,Bless ZIO TMK300mini 트랙볼 키보드,32800,32800,32800,32800,32800,32800,32800,32800
16680383,Britz BK100,9900,9900,9900,9900,9900,9900,9900,9900
16681226,Britz BK300GC 무선 키보드 마우스 세트,19100,19100,19900,19740,19740,19740,19740,19740
15794900,Britz BK330GC (블랙),33940,33940,34900,34900,34900,34900,34900,34900
15796349,Britz BK330GC (화이트),34900,34900,34900,34900,34900,34900,34900,34900
11342724,Britz 브리츠인터내셔널 BA-MDK36,29900,29900,29900,29900,29900,29900,29900,29900
55388759,CAMAC CMK-200 키보드 마우스 세트,6390,6390,6390,6390,6390,6390,6390,6390
95422382,CAMAC CMK-9002,4120,4120,4120,4120,4120,4120,4120,4120
18646793,CAS CK-01 블루투스,25520,25520,25520,25520,25520,25520,25520,25520
54314654,CHERRY DW2300 무선 키보드 마우스 세트 (블랙),27900,27900,27900,27900,27900,27900,27900,27900
78981140,CHERRY DW2300 무선 키보드 마우스 세트 (화이트),27900,27900,27900,27900,27900,27900,27900,27900
106734149,CHERRY DW2380 키보드 마우스 세트 (그린),32900,32900,32900,32900,26320,26320,26320,30590
106734143,CHERRY DW2380 키보드 마우스 세트 (핑크),32900,32900,32900,32900,26320,26320,26320,30590
106734137,CHERRY DW2380 키보드 마우스 세트 (화이트),32900,32900,32900,32900,26320,26320,26320,30590
12473483,CHERRY G80-3000S RGB TKL 블랙 (갈축),109000,109000,109000,109000,109000,109000,109000,109000
14420600,CHERRY G80-3000S RGB TKL 블랙 (저소음 적축),109000,109000,109000,109000,109000,109000,109000,109000
12473495,CHERRY G80-3000S RGB TKL 블랙 (적축),104000,104750,106000,103500,104500,105500,106000,103500
13672451,CHERRY G80-3000S RGB TKL 화이트 (갈축),104000,104750,106000,103500,104500,105500,106000,103750
14420606,CHERRY G80-3000S RGB TKL 화이트 (저소음 적축),104000,104750,106000,103500,104500,105500,106000,103750
13672439,CHERRY G80-3000S RGB TKL 화이트 (적축),109000,109000,109000,109000,109000,109000,109000,109000
122687469,CHERRY KC 500 LP (블랙),143100,143100,143100,143100,143100,143100,143100,143100
122687477,CHERRY KC 500 LP (화이트),143100,143100,143100,143100,143100,143100,143100,143100
18729167,CHERRY KC200 MX 기계식 (그레이 오렌지),105320,105320,105320,105320,105320,105320,105320,105320
18729173,CHERRY KC200 MX 기계식 (브론즈 블랙),105310,105310,105310,105310,105310,105310,105310,105310
69694892,CHERRY KC200 MX2A 기계식 그레이 오렌지 (백축),99000,99000,99000,99000,99000,99000,99000,99000
54099740,CHERRY KC200 MX2A 기계식 그레이 오렌지 (저소음 적축),109000,109000,109000,109000,109000,109000,109000,109000
68577272,CHERRY KC200 MX2A 기계식 그레이 오렌지 (적축),109000,109000,109000,109000,109000,109000,109000,109000
69694910,CHERRY KC200 MX2A 기계식 블랙 브론즈 (백축),109000,109000,109000,109000,109000,109000,109000,99000
68577212,CHERRY KC200 MX2A 기계식 블랙 브론즈 (저소음 적축),109000,109000,109000,109000,109000,109000,109000,109000
54099737,CHERRY KC200 MX2A 기계식 블랙 브론즈 (적축),109000,109000,109000,109000,109000,109000,109000,109000
69694874,CHERRY KC200 MX2A 기계식 화이트 민트 (백축),99000,99000,99000,99000,99000,99000,99000,99000
68577218,CHERRY KC200 MX2A 기계식 화이트 민트 (저소음 적축),109000,109000,109000,109000,109000,109000,109000,109000
68577281,CHERRY KC200 MX2A 기계식 화이트 민트 (적축),109000,109000,109000,109000,109000,109000,109000,109000
74250317,CHERRY KW 300 MX 유무선 (해외구매),147110,147110,147110,153510,153510,153510,153510,153510
74007296,CHERRY KW X ULP 기계식 유무선 (해외구매),431180,431180,431180,431180,431180,431180,431180,431180
14038877,CHERRY MV3.0 RGB BLACK (비올라축),119000,119000,119000,119000,119000,119000,119000,119000
90955352,CHERRY MX 2.0S WIRELESS PRO 유무선 기계식 (블랙),159000,159000,159000,159000,159000,159000,159000,159000
96980081,CHERRY MX 2.0S WIRELESS PRO 유무선 기계식 (화이트),159000,159000,159000,159000,159000,159000,159000,159000
124045705,CHERRY MX 8.2 TKL XAGA 유무선 기계식 (블랙),189000,189000,189000,189000,189000,189000,189000,189000
74008361,CHERRY MX 8.2 TKL XAGA 유무선 기계식 (화이트),189000,189000,189000,189000,189000,189000,189000,189000
74008247,CHERRY MX 8.2 TKL 유무선 기계식 (해외구매),114200,114200,114200,114200,114200,114200,114200,114200
12181010,CHERRY MX BOARD 10.0 Low Profile RGB (블랙),259000,259000,259000,259000,259000,259000,259000,259000
14393852,CHERRY MX BOARD 10.0 Low Profile RGB (실버),259000,259000,259000,259000,259000,259000,259000,259000
14354204,CHERRY MX BOARD 2.0S RGB 블랙 (갈축),114000,114000,114000,114000,114000,114000,114000,114000
14354009,CHERRY MX BOARD 2.0S RGB 블랙 (적축),114000,114000,114000,114000,114000,114000,114000,114000
14354195,CHERRY MX BOARD 2.0S RGB 블랙 (청축),114000,,,,,,,
14810624,CHERRY MX BOARD 2.0S RGB 화이트 (갈축),114000,114000,114000,114000,114000,114000,114000,114000
14811248,CHERRY MX BOARD 2.0S RGB 화이트 (저소음 적축),114000,114000,114000,114000,114000,114000,114000,114000
14810666,CHERRY MX BOARD 2.0S RGB 화이트 (적축),114000,114000,114000,114000,114000,114000,114000,114000
70101158,CHERRY MX BOARD 3.0S MX2A 기계식 블랙 (저소음 적축),119000,,,,,,,
77317478,CHERRY MX BOARD 3.0S MX2A 기계식 화이트 (적축),119000,119000,119000,119000,119000,119000,119000,119000
70101521,CHERRY MX BOARD 3.0S RGB MX2A 기계식 블랙 (갈축),149000,149000,149000,149000,149000,149000,149000,149000
70101485,CHERRY MX BOARD 3.0S RGB MX2A 기계식 블랙 (저소음 적축),149000,149000,149000,149000,149000,149000,149000,149000
78530822,CHERRY MX BOARD 3.0S RGB MX2A 기계식 블랙 (적축),149000,149000,149000,149000,149000,149000,149000,149000
70101737,CHERRY MX BOARD 3.0S RGB MX2A 기계식 핑크 (갈축),149000,149000,149000,149000,149000,149000,149000,149000
70101593,CHERRY MX BOARD 3.0S RGB MX2A 기계식 핑크 (저소음 적축),149000,149000,149000,149000,149000,149000,149000,149000
70101728,CHERRY MX BOARD 3.0S RGB MX2A 기계식 핑크 (적축),149000,149000,149000,149000,149000,149000,149000,149000
70101617,CHERRY MX BOARD 3.0S RGB MX2A 기계식 화이트 (저소음 적축),149000,149000,149000,149000,149000,149000,149000,149000
70101725,CHERRY MX BOARD 3.0S RGB MX2A 기계식 화이트 (적축),149000,149000,149000,149000,149000,149000,149000,149000
70102010,CHERRY MX BOARD 3.0S RGB MX2A 무선 기계식 (저소음 적축),459900,459900,459900,459900,459900,459900,459900,459900
11356149,CHERRY MX BOARD 3.0S RGB 블랙 (흑축),139000,139000,139000,139000,139000,139000,139000,139000
12752132,CHERRY MX BOARD 3.0S RGB 핑크 (갈축),149000,149000,149000,149000,149000,149000,149000,149000
13014194,CHERRY MX BOARD 3.0S RGB 화이트 (저소음 적축),149000,149000,149000,149000,149000,149000,149000,149000
11356188,CHERRY MX BOARD 3.0S RGB 화이트 (적축),159000,159000,159000,159000,159000,159000,159000,159000
17652977,CHERRY MX BOARD 3.0S TKL RGB 블랙 (갈축),99000,99000,99000,99000,99000,99000,99000,99000
17653034,CHERRY MX BOARD 3.0S TKL RGB 블랙 (저소음 적축),131900,131900,131900,131900,131900,131900,131900,131900
17652995,CHERRY MX BOARD 3.0S TKL RGB 블랙 (적축),131900,131900,131900,131900,131900,131900,131900,131900
17652944,CHERRY MX BOARD 3.0S TKL RGB 블랙 (청축),131900,131900,131900,131900,131900,131900,131900,131900
17653142,CHERRY MX BOARD 3.0S TKL RGB 핑크 (갈축),99000,99000,99000,99000,99000,99000,99000,99000
17653160,CHERRY MX BOARD 3.0S TKL RGB 핑크 (저소음 적축),131900,131900,131900,131900,131900,131900,131900,131900
17653133,CHERRY MX BOARD 3.0S TKL RGB 핑크 (청축),131900,131900,131900,131900,131900,131900,131900,131900
17653079,CHERRY MX BOARD 3.0S TKL RGB 화이트 (갈축),131900,131900,131900,131900,131900,131900,131900,131900
17653121,CHERRY MX BOARD 3.0S TKL RGB 화이트 (저소음 적축),131900,131900,131900,131900,131900,131900,131900,131900
17653109,CHERRY MX BOARD 3.0S TKL RGB 화이트 (적축),131900,131900,131900,131900,131900,131900,131900,131900
17400203,CHERRY MX BOARD 3.0S TKL 블랙 (적축),109000,109000,109000,109000,109000,109000,109000,109000
17400215,CHERRY MX BOARD 3.0S TKL 핑크 (적축),109000,109000,109000,109000,109000,109000,109000,109000
17400209,CHERRY MX BOARD 3.0S TKL 핑크 (청축),109000,109000,109000,109000,109000,109000,109000,109000
17400221,CHERRY MX BOARD 3.0S TKL 화이트 (청축),109000,109000,109000,109000,109000,109000,109000,109000
15822914,CHERRY MX BOARD 3.0S WIRELESS RGB (갈축),209000,209000,209000,209000,209000,209000,219000,209000
15822926,CHERRY MX BOARD 3.0S WIRELESS RGB (저소음 적축),274000,274000,274000,274000,274000,274000,274000,274000
15822920,CHERRY MX BOARD 3.0S WIRELESS RGB (적축),209000,209000,209000,209000,209000,209000,209000,209000
10062717,CHERRY MX BOARD 3.0S 블랙 (갈축),150000,150000,150000,150000,150000,150000,150000,150000
20575775,CHERRY MX BOARD 3.0S 전용,4590,4590,4590,4590,4600,4590,4590,4590
11192190,CHERRY MX BOARD 3.0S 화이트 (갈축),109000,109000,109000,109000,109000,109000,109000,109000
11192205,CHERRY MX BOARD 3.0S 화이트 (흑축),109000,109000,109000,109000,109000,109000,109000,109000
19401896,CHERRY MX LP 2.1 유무선 기계식 (블랙),169000,169000,169000,169000,169000,169000,169000,169000
19401905,CHERRY MX LP 2.1 유무선 기계식 (카키파우더),169000,169000,169000,169000,169000,169000,169000,169000
19401899,CHERRY MX LP 2.1 유무선 기계식 (파스텔화이트),169000,169000,169000,169000,169000,169000,169000,169000
19401977,CHERRY MX LP 6.1 유무선 기계식 (블랙),269000,269000,269000,269000,269000,269000,269000,269000
19401980,CHERRY MX LP 6.1 유무선 기계식 (샴페인골드),269000,269000,269000,269000,269000,269000,269000,269000
19401989,CHERRY MX LP 6.1 유무선 기계식 (퍼플핑크),269000,269000,269000,269000,269000,269000,269000,269000
13955675,"CHERRY MX RGB Switch (1개, 갈축)",590,590,590,590,590,590,590,590
18452711,"CHERRY MX RGB Switch (1개, 은축)",570,570,570,570,570,570,570,570
13955699,"CHERRY MX RGB Switch (1개, 저소음 적축)",530,530,530,530,530,530,530,530
18518228,"CHERRY MX RGB Switch (1개, 저소음 흑축)",630,630,630,630,630,630,630,630
13955687,"CHERRY MX RGB Switch (1개, 적축)",590,590,590,590,590,590,590,590
13955663,"CHERRY MX RGB Switch (1개, 청축)",400,400,400,400,400,400,400,400
13955693,"CHERRY MX RGB Switch (1개, 흑축)",340,340,340,340,340,340,340,340
13955513,"CHERRY MX Switch (1개, 갈축)",380,380,380,380,380,380,380,380
28576796,"CHERRY MX Switch (1개, 은축)",420,420,420,420,420,420,420,420
13955534,"CHERRY MX Switch (1개, 저소음 적축)",870,870,870,870,870,870,870,870
13955522,"CHERRY MX Switch (1개, 적축)",550,550,550,550,550,550,550,550
13955495,"CHERRY MX Switch (1개, 청축)",390,390,390,390,390,390,390,390
13955528,"CHERRY MX Switch (1개, 흑축)",340,340,340,340,340,340,340,340
13955216,CHERRY MX Switch Tester Sampler 12종,14330,14360,14200,14200,14200,14300,14320,14400
122625779,CHERRY MX2A 스위치 35Pcs (노던),19530,19530,19530,19530,19530,19530,19530,19530
122625684,CHERRY MX2A 스위치 35Pcs (블라썸),19530,19530,19530,19530,19530,19530,19530,19530
122625767,CHERRY MX2A 스위치 35Pcs (팔콘),18130,18130,18130,18130,18130,18130,18130,18130
122625789,CHERRY MX2A 스위치 35Pcs (페탈),19530,19530,19530,19530,19530,19530,19530,19530
122625673,CHERRY MX2A 스위치 35Pcs (허니),18130,18130,18130,18130,18130,18130,18130,18130
74338436,CHERRY PIXIU75 유무선 기계식 (해외구매),160500,160500,160500,167480,167480,167480,167480,167480
74338466,CHERRY PIXIU98 유무선 기계식 (해외구매),228620,228620,228620,238560,238560,238560,238560,238560
17647823,CHERRY Stream TKL 키보드 (해외구매),98000,98000,98000,98000,98000,98000,98000,98000
122618018,CHERRY XTRFY K37 유무선 (블랙),51920,51920,51920,51920,51920,51920,51920,51920
122618029,CHERRY XTRFY K37 유무선 (화이트),51920,51920,51920,51920,51920,51920,51920,51920
102007232,CHERRY XTRFY K5 PRO TMR (블랙),98000,98000,98000,98000,98000,98000,98000,92070
102007238,CHERRY XTRFY K5 PRO TMR (화이트),98000,98000,98000,98000,98000,98000,98000,98000
76328894,CHERRY XTRFY K5V2 기계식 (블랙),179000,179000,179000,179000,179000,179000,179000,179000
78989348,CHERRY XTRFY K5V2 기계식 (화이트),179000,179000,179000,179000,179000,179000,179000,179000
74011256,CHERRY XTRFY K5V2 기계식 AMNIS,199000,199000,199000,199000,199000,199000,199000,199000
122626762,CHERRY XTRFY MX 10.1 LP 8K 유무선 기계식 블랙 (은축),296100,296100,296100,296100,296100,296100,296100,296100
100268285,CHERRY XTRFY MX 10.1 LP 8K 유무선 기계식 블랙 (적축),296100,296100,296100,296100,296100,296100,296100,296100
122626763,CHERRY XTRFY MX 10.1 LP 8K 유무선 기계식 실버 (은축),296100,296100,296100,296100,296100,296100,296100,296100
122626764,CHERRY XTRFY MX 10.1 LP 8K 유무선 기계식 실버 (적축),296100,296100,296100,296100,296100,296100,296100,296100
45220739,CHERRY XTRFY MX 3.1 RGB MX2A 블랙 (갈축),159000,159000,159000,159000,159000,159000,159000,159000
124411942,CHERRY XTRFY MX 3.1 RGB MX2A 블랙 (노던라이트축),159000,159000,,,,,,
45232856,CHERRY XTRFY MX 3.1 RGB MX2A 블랙 (저소음 적축),159000,159000,159000,159000,159000,159000,159000,159000
45230189,CHERRY XTRFY MX 3.1 RGB MX2A 블랙 (적축),149460,151050,151050,151050,151050,151050,151050,151050
45217049,CHERRY XTRFY MX 3.1 RGB MX2A 블랙 (청축),149460,151050,159000,151050,151050,151050,151050,151050
124411939,CHERRY XTRFY MX 3.1 RGB MX2A 블랙 (체리블라썸축),159000,159000,,,,,,
77314490,CHERRY XTRFY MX 3.1 RGB MX2A 핑크 (갈축),159000,159000,159000,159000,159000,159000,159000,159000
45243263,CHERRY XTRFY MX 3.1 RGB MX2A 핑크 (저소음 적축),159000,159000,,,,,,
45242399,CHERRY XTRFY MX 3.1 RGB MX2A 핑크 (적축),149460,151050,151050,151050,151050,151050,151050,151050
45237683,CHERRY XTRFY MX 3.1 RGB MX2A 화이트 (갈축),314790,314790,314790,314790,314790,314790,314790,314790
124411932,CHERRY XTRFY MX 3.1 RGB MX2A 화이트 (노던라이트축),159000,159000,,,,,,
45239135,CHERRY XTRFY MX 3.1 RGB MX2A 화이트 (저소음 적축),149460,151050,159000,151050,151050,151050,151050,151050
45238370,CHERRY XTRFY MX 3.1 RGB MX2A 화이트 (적축),149460,151050,151050,151050,151050,151050,151050,151050
45237089,CHERRY XTRFY MX 3.1 RGB MX2A 화이트 (청축),159000,159000,159000,159000,159000,159000,159000,159000
124411931,CHERRY XTRFY MX 3.1 RGB MX2A 화이트 (체리블라썸축),159000,159000,,,,,,
99946520,CHERRY XTRFY MX 8.2 PRO TMR 8K 유무선 (블랙),246750,246750,246750,246750,246750,246750,246750,246750
124326642,CHERRY XTRFY MX 8.2 PRO TMR 8K 유무선 (화이트),269000,269000,269000,269000,269000,269000,269000,259470
100699100,CHERRY XTRFY MX 8.3 TKL 8K 유무선 기계식 (실버),398990,398990,398990,398990,398990,398990,397740,398990
122625597,CHERRY XTRFY MX 8.3 TKL 8K 유무선 기계식 (핑크),398990,398990,398990,398990,398990,398990,398990,309000
78989522,CHERRY XTRFY MX2A 3핀 스위치 35Pcs,21900,21900,21900,21900,21900,21900,21900,21900
78989261,CHERRY XTRFY PIXIU 75 유무선 기계식 (블랙),159000,159000,159000,159000,159000,159000,159000,159000
78989267,CHERRY XTRFY PIXIU 75 유무선 기계식 (화이트),159000,159000,159000,159000,159000,159000,159000,159000
93629066,CHERRY XTRFY PIXIU 98 유무선 기계식 (블랙),219000,219000,219000,219000,219000,219000,219000,219000
93629069,CHERRY XTRFY PIXIU 98 유무선 기계식 (화이트),179000,218990,205380,205480,205600,205710,205820,205820
74011415,CHERRY 체리 포인트,5000,5000,5000,5000,5000,5000,5000,5000
63143168,CIDOO C75 (해외구매),154100,154100,154100,160800,160800,160800,160800,160800
67680392,CIDOO QK61 유무선 기계식 (해외구매),50720,50720,50190,50190,50190,50190,50190,50190
89526518,CIDOO V33 유무선 (해외구매),112300,112300,112300,112300,112300,112300,112300,112300
21653294,CIDOO V75 유무선 기계식 (해외구매),156310,156310,156310,163110,163110,163110,163110,163110
21653117,CIDOO V87 유무선 기계식 (해외구매),185680,185680,185680,185680,185680,185680,185680,185680
68914826,CIDOO V98 유무선 기계식 (해외구매),396730,396730,396730,396730,396730,396730,396730,396730
28376303,CIY 2 IN 1 키캡 스위치 리무버,2690,2690,2690,2690,2690,2690,2690,2690
12982142,CJ ENM ENTUS EWKM-01 무선 키보드 마우스 세트 (핑크),19900,19900,19900,19900,19900,19900,19900,19900
6197601,CJ ENM ENTUS K330G GENESIS ED CJ광축 게이밍 (블랙),32900,32900,32900,32900,32900,32900,32900,32900
6197597,CJ ENM ENTUS K330G GENESIS ED CJ광축 게이밍 (옐로우),32900,32900,32900,32900,32900,32900,32900,32900
7993624,"CJ ENM ENTUS K400G BATTLE CJ 광축 게이밍 (옐로우, 클릭)",27210,27210,26830,27590,27590,27590,27590,27590
6003048,CJ ENM ENTUS K550GC GENESIS I 엔투스 CJ광축 게이밍 (다크 그레이),42000,42000,42000,42000,42000,42000,42000,42000
6003055,CJ ENM ENTUS K550GC GENESIS I 엔투스 CJ광축 게이밍 (버건디),39570,39570,39450,39570,39570,39570,39420,39180
6003059,CJ ENM ENTUS K550GC GENESIS I 엔투스 CJ광축 게이밍 (코발트 블루),42000,42000,42000,42000,42000,42000,42000,42000
6003061,CJ ENM ENTUS K550GC GENESIS I 엔투스 CJ광축 게이밍 (화이트),42000,42000,42000,42000,42000,42000,42000,42000
10885749,CJ ENM ENTUS K570G CAMO 광축 방진방수 게이밍 키보드,41000,41000,41000,41000,41000,41000,41000,41000
12942539,CJ ENM ENTUS K570G GENESIS CAMO,38320,39480,38320,38320,38320,39480,38320,39480
31267139,CJ ENM ENTUS K750G BATTLE 광축 방진방수 충전허브 (벌크),34870,34870,34870,34870,34870,34870,34870,34870
7824661,CJ ENM ENTUS K750G BATTLE 광축 방진방수 충전허브 (블랙),37600,37600,37520,37600,37600,37600,37600,37600
7824679,CJ ENM ENTUS K750G BATTLE 광축 방진방수 충전허브 (화이트),37710,37710,37520,37710,37710,37710,37710,37710
6795604,CJ ENM ENTUS KM10 유선 키보드 마우스 세트 (블랙),12090,12090,12090,12090,12090,12090,12090,12090
6795616,CJ ENM ENTUS KM10 유선 키보드 마우스 세트 (화이트),13900,13900,13900,13900,13900,13900,13900,13900
9442809,CJ ENM ENTUS WKM30 무선 키보드 마우스 세트 (민트),50540,51080,51080,51080,51080,51080,51080,51080
9442815,CJ ENM ENTUS WKM30 무선 키보드 마우스 세트 (핑크),23340,23340,23340,23340,23340,23340,23340,23340
16913855,CJ ENM N ENTUS 04V RETRO 무선 키보드 마우스 세트 (핑크V2),18700,18700,18700,18700,18700,18700,18700,18700
16913306,CJ ENM N ENTUS 04V RETRO 무선 키보드 마우스 세트 (화이트),26530,26530,26530,26530,26530,26530,26530,26530
13783235,CJ ENM N ENTUS BW100 무선 키보드 마우스 세트 (블랙),36870,36870,36870,36870,36870,36870,36870,36870
13783388,CJ ENM N ENTUS BW100 무선 키보드 마우스 세트 (화이트),36860,36860,36860,36860,36860,36860,36860,36860
13262570,CJ ENM N ENTUS EWKM-02 무선 키보드 마우스 세트 (블랙),31060,31060,31060,31060,31060,31060,31060,30010
13262588,CJ ENM N ENTUS EWKM-02 무선 키보드 마우스 세트 (화이트),13200,13200,13200,13200,13200,13200,13200,13200
6950758,CJ ENM N ENTUS OGN-WKM20 무선 키보드 마우스 세트 (블랙),24800,24800,24800,24800,24800,24800,24800,24800
6950794,CJ ENM N ENTUS OGN-WKM20 무선 키보드 마우스 세트 (핑크),19790,19790,19790,19790,19790,19790,19800,19790
6950788,CJ ENM N ENTUS OGN-WKM20 무선 키보드 마우스 세트 (화이트),24800,24800,24800,24800,24800,24800,24800,24800
18509273,CJ ENM OGN-K550GC GENESIS I 광축 (버건디),41000,41000,41000,41000,41000,41000,41000,41000
90506390,CLASSY KSC-339 무선,17910,17910,17910,17910,17910,17910,17910,17910
16461890,COMS SM469 키보드 손목 보호대,8450,8450,8450,8450,8450,8450,8360,8360
16461833,COMS SM470 키보드 손목 보호대,4080,4080,4080,4080,4080,4080,4080,4080
93863393,CONEVO LKB-01,15800,15800,15800,15800,15800,15800,15800,15800
93863342,CONEVO LMK-01 무선 키보드 마우스 세트,21890,21890,21890,21890,21890,21890,21890,21890
71216027,CORSAIR DROP CSTM80 기계식 (갈축),198930,198930,198930,198930,198930,198930,197290,197290
71216051,CORSAIR DROP CSTM80 기계식 (황축),203330,203330,203330,203330,203330,203330,197290,197290
69656147,CORSAIR DROP 반지의 제왕 기계식 (BLACK SPEECH),238680,240860,238660,238660,238660,238660,238660,238660
69656180,CORSAIR DROP 반지의 제왕 기계식 (RINGWRAITH),259000,259000,259000,259000,259000,259000,259000,240800
69465191,CORSAIR Drop Expression Series 기계식 (Akatsuki Indigo),182970,182970,182970,182970,182970,182970,182970,182970
69465200,CORSAIR Drop Expression Series 기계식 (Matcha Summer),182480,182480,182480,182480,182480,182480,182480,182480
69465218,CORSAIR Drop Expression Series 기계식 (Mechtropolis),187060,189040,189040,189040,189040,189040,189040,189040
69465230,CORSAIR Drop Expression Series 기계식 (Prism),182400,182400,182400,182400,182400,182400,182400,182400
69465236,CORSAIR Drop Expression Series 기계식 (Shinai),198990,198990,198990,198990,198990,198990,198990,185000
69465242,CORSAIR Drop Expression Series 기계식 (Togekey),182400,182400,182400,182400,182400,182400,182400,182400
13169835,CORSAIR FPS/MOBA Pudding Keycap Mod Kit Gunmetal Gray,36980,36980,36980,36980,36980,36980,36980,36980
17932703,CORSAIR K100 AIR WIRELESS RGB Ultra Low Profile 게이밍 기계식 키보드,378880,378880,378880,378880,378880,378880,378880,378880
12402839,CORSAIR K100 RGB MX SPEED 영문 (은축),342000,342000,342000,342000,342000,342000,342000,342000
14036477,"CORSAIR K100 RGB MX SPEED 영문+PBT Double-shot Keycaps Pro (은축, 레드)",367360,367360,367360,367360,367360,367360,367360,367360
14036408,"CORSAIR K100 RGB MX SPEED 영문+PBT Double-shot Keycaps Pro (은축, 블랙)",367360,367360,367360,367360,367360,367360,367360,367360
14036570,"CORSAIR K100 RGB MX SPEED 영문+PBT Double-shot Keycaps Pro (은축, 화이트)",367360,367360,367360,367360,367360,367360,367360,367360
12799214,CORSAIR K100 RGB MX SPEED 한글 (은축),342000,342000,342000,342000,342000,342000,342000,342000
14035865,"CORSAIR K100 RGB MX SPEED 한글+PBT Double-shot Keycaps Pro (은축, 레드)",367360,367360,367360,367360,367360,367360,367360,367360
14035967,"CORSAIR K100 RGB MX SPEED 한글+PBT Double-shot Keycaps Pro (은축, 화이트)",367360,367360,367360,367360,367360,367360,367360,367360
12799259,CORSAIR K100 RGB OPTICAL 한글,365000,365000,365000,365000,365000,365000,365000,365000
14035607,"CORSAIR K100 RGB OPTICAL 한글+PBT Double-shot Keycaps Pro (리니어, 블랙)",367360,367360,367360,367360,367360,367360,367360,367360
94998371,CORSAIR K55 CORE TKL 멤브레인,49050,49050,49050,49050,49050,49050,49050,49050
15050258,CORSAIR K57 + Harpoon 무선 게이밍 키보드 마우스 콤보,569090,569090,569090,569090,569090,569090,569090,569090
12618380,CORSAIR K60 PRO,112000,112000,112000,112000,112000,112000,112000,112000
14021735,"CORSAIR K60 PRO + PBT Double-shot Keycaps Pro (비올라축, 레드)",136390,136390,136390,136390,136390,136390,136390,136390
14021471,"CORSAIR K60 PRO + PBT Double-shot Keycaps Pro (비올라축, 블랙)",134890,134890,134890,134890,134890,134890,134890,134890
14021699,"CORSAIR K60 PRO + PBT Double-shot Keycaps Pro (비올라축, 블루)",137650,137650,137650,137650,137650,137650,137650,137650
14021750,"CORSAIR K60 PRO + PBT Double-shot Keycaps Pro (비올라축, 핑크)",132640,132640,132640,132640,132640,132640,132640,132640
14021687,"CORSAIR K60 PRO + PBT Double-shot Keycaps Pro (비올라축, 화이트)",134890,134890,134890,134890,134890,134890,134890,134890
12618515,CORSAIR K60 RGB PRO,111700,111700,112000,109660,109660,109660,112000,112000
14022647,"CORSAIR K60 RGB PRO + PBT Double-shot Keycaps Pro (비올라축, 레드)",162790,162790,162790,162790,162790,162790,162790,162790
14022557,"CORSAIR K60 RGB PRO + PBT Double-shot Keycaps Pro (비올라축, 블랙)",158000,158000,158000,158000,158000,158000,158000,158000
14022635,"CORSAIR K60 RGB PRO + PBT Double-shot Keycaps Pro (비올라축, 블루)",158070,158070,158070,158070,158070,158070,158070,158070
14022668,"CORSAIR K60 RGB PRO + PBT Double-shot Keycaps Pro (비올라축, 핑크)",157000,157000,157000,157000,157000,157000,157000,157000
14022629,"CORSAIR K60 RGB PRO + PBT Double-shot Keycaps Pro (비올라축, 화이트)",163050,163050,161950,161950,161960,161960,161960,161960
12669857,CORSAIR K60 RGB PRO LP (은축),189000,189000,189000,189000,189000,189000,189000,189000
12829025,CORSAIR K60 RGB PRO SE (정품),157000,157000,157000,157000,157000,157000,157000,157000
17705396,CORSAIR K60 RGB PRO SWEET SKY 게이밍 기계식 키보드,178680,178680,178680,178680,178680,178690,181890,181890
17824385,CORSAIR K60 RGB PRO TKL OPX 게이밍 기계식 키보드 (블랙),159000,159000,159000,159000,159000,159000,159000,159000
19018991,CORSAIR K60 RGB PRO TKL OPX 게이밍 기계식 키보드 (화이트),223300,223300,223300,223300,223300,223300,223300,223300
5065159,CORSAIR K63 (적축),170600,170600,170600,170600,170600,170600,170600,170600
21566336,CORSAIR K65 PRO MINI OPX 게이밍,179370,179370,179370,179370,179370,179370,179370,179370
68686370,CORSAIR K65 RGB PLUS 유무선 게이밍 기계식 영문,180500,180500,180500,180500,180500,180500,197300,179000
37079633,CORSAIR K65 RGB PLUS 유무선 게이밍 기계식 한글 (블랙 그레이),179100,179100,179100,179100,179100,179100,187060,196500
122711498,CORSAIR K65 RGB PLUS 유무선 기계식 아토믹 퍼플,128000,128000,128000,128000,128000,128000,205560,205560
101542445,CORSAIR K65 RGB PLUS 유무선 애플 에디션,224460,224460,224460,224460,224460,224460,224460,224460
71901671,CORSAIR K65 RGB PLUS 유무선 콜오브듀티 블랙옵스6 에디션 기계식,154700,154700,154700,154700,154700,154700,218390,218390
4138936,CORSAIR K70 LUX (적축),182000,182000,182000,182000,182000,182000,182000,182000
27546863,CORSAIR K70 MAX RGB MGX 게이밍 기계식 (마그네틱축),299000,299000,299000,299000,299000,299000,299000,299000
78530396,CORSAIR K70 MAX RGB MGX 게이밍 기계식 골드키캡 에디션,299000,299000,299000,299000,299000,299000,299000,299000
70001114,CORSAIR K70 MAX 기계식 타이핑고래,398990,398990,398990,398990,398990,398990,398990,398990
67692155,CORSAIR K70 PRO TKL MGX 기계식 (블랙),215900,215900,215900,215900,215900,215900,232900,232900
67692167,CORSAIR K70 PRO TKL MGX 기계식 (화이트),215900,215900,215900,215900,215900,215900,232900,232900
70001411,CORSAIR K70 PRO TKL OPX 기계식 타이핑고래,277290,280240,280240,280240,280240,280240,277290,277290
67692317,CORSAIR K70 RGB CORE TKL 기계식,111700,111700,111700,111700,111700,111700,122100,99000
71502035,CORSAIR K70 RGB CORE TKL 무선 기계식 (저소음 은축),199890,199890,199890,199890,199890,199890,199890,191310
67692602,CORSAIR K70 RGB CORE TKL 무선 기계식 (적축),175900,175900,175900,175900,175900,175900,187900,193590
32001323,CORSAIR K70 RGB CORE 게이밍 기계식 (그레이),122300,122300,122300,122300,122300,122300,130530,
28603439,CORSAIR K70 RGB CORE 게이밍 기계식 (블랙),122300,122300,122300,122300,122300,122300,130660,
28605752,CORSAIR K70 RGB CORE 게이밍 기계식 (화이트),149270,149270,149270,149270,149270,149270,149270,149270
29982428,CORSAIR K70 RGB CORE 전용 손목 받침대 팜레스트,14980,14980,14980,14980,14980,14980,14980,14980
16387904,CORSAIR K70 RGB PRO (갈축),214990,214990,214990,214990,214990,214990,214990,214990
16388081,CORSAIR K70 RGB PRO (스피드 은축),217940,217940,217940,217940,217940,217940,217940,199600
16388009,CORSAIR K70 RGB PRO (저소음 적축),223650,223650,223650,223650,223650,223650,223650,223650
16387952,CORSAIR K70 RGB PRO (적축),199000,199000,199000,199000,199000,199000,199000,177640
16387832,CORSAIR K70 RGB PRO (청축),229000,229000,229000,229000,229000,229000,229000,229000
17822123,CORSAIR K70 RGB PRO OPX 게이밍 기계식 키보드 (블랙),305960,305960,305960,305960,305960,305960,305960,305960
17822339,CORSAIR K70 RGB PRO OPX 게이밍 기계식 키보드 (화이트),243000,243000,243000,239010,239010,239010,243000,243000
15376475,CORSAIR K70 RGB TKL CHAMPION 한글 (은축),272840,272840,272840,272840,272840,272840,272840,272840
13855607,CORSAIR K70 RGB TKL CHAMPION 한글 (저소음 적축),197990,197990,197990,197990,197990,197990,197990,197990
13855598,CORSAIR K70 RGB TKL CHAMPION 한글 (적축),199000,199000,199000,199000,199000,199000,199000,139000
110394124,"CORSAIR K70 RGB TKL CHAMPION+PBT Double-shot Keycaps Pro (레드,저소음 적축)",234250,234250,235560,230150,230150,230150,235560,235560
109862722,"CORSAIR K70 RGB TKL CHAMPION+PBT Double-shot Keycaps Pro (레드,적축)",222940,222940,222940,222940,222940,222940,222940,222940
116317145,"CORSAIR K70 RGB TKL CHAMPION+PBT Double-shot Keycaps Pro (블랙,저소음 적축)",234250,234250,257460,230150,230150,230150,240920,240920
14035283,"CORSAIR K70 RGB TKL CHAMPION+PBT Double-shot Keycaps Pro (저소음 적축, 레드)",216130,216130,216130,216150,216150,216150,216150,216150
14034965,"CORSAIR K70 RGB TKL CHAMPION+PBT Double-shot Keycaps Pro (저소음 적축, 블랙)",220270,220270,220270,220270,220270,220270,220270,220270
14035295,"CORSAIR K70 RGB TKL CHAMPION+PBT Double-shot Keycaps Pro (저소음 적축, 핑크)",217350,217350,217350,217350,217350,217350,217350,217350
14035262,"CORSAIR K70 RGB TKL CHAMPION+PBT Double-shot Keycaps Pro (저소음 적축, 화이트)",215990,215990,215990,215990,215990,215990,215990,215990
14034875,"CORSAIR K70 RGB TKL CHAMPION+PBT Double-shot Keycaps Pro (적축, 레드)",199000,199000,199000,199000,199000,199000,199000,199000
14034812,"CORSAIR K70 RGB TKL CHAMPION+PBT Double-shot Keycaps Pro (적축, 블랙)",215990,215990,215990,215990,215990,215990,215990,215990
14034899,"CORSAIR K70 RGB TKL CHAMPION+PBT Double-shot Keycaps Pro (적축, 핑크)",220260,220260,220260,220260,220260,220260,220260,220260
14034869,"CORSAIR K70 RGB TKL CHAMPION+PBT Double-shot Keycaps Pro (적축, 화이트)",215990,215990,215990,215990,215990,215930,215930,215930
117180610,"CORSAIR K70 RGB TKL CHAMPION+PBT Double-shot Keycaps Pro (핑크,저소음 적축)",225180,225180,225180,225180,225180,225180,225180,225180
113425498,"CORSAIR K70 RGB TKL CHAMPION+PBT Double-shot Keycaps Pro (화이트,저소음 적축)",222940,222940,222940,222940,222940,222940,222940,222940
114956798,"CORSAIR K70 RGB TKL CHAMPION+PBT Double-shot Keycaps Pro (화이트,적축)",222940,222940,222940,222940,222940,222940,222940,222940
16795421,CORSAIR K70 RGB TKL OPX 광적축 게이밍 기계식 키보드 (정품),199000,199000,199000,199000,199000,199000,199000,199000
77786327,CORSAIR K70 RGB 자석축 텐키리스 골드키캡 에디션 (블랙),247240,247240,247240,247240,247290,247360,247390,247490
78528302,CORSAIR K70 RGB 자석축 텐키리스 골드키캡 에디션 (화이트),249900,249900,249900,249900,249900,249900,249900,249900
122619044,CORSAIR MAKR 75 DIY 키트 LCD 모듈,75880,75880,75880,75880,75880,75880,75090,75090
122619038,CORSAIR MAKR 75 DIY 키트 무선 모듈,125380,125380,125380,125380,125380,125380,125380,122090
102046682,CORSAIR MAKR 75 기계식 DIY 키트 베어본 MLX 펄스축 (블랙),318380,318380,318380,318380,318380,318380,318380,318380
102047351,CORSAIR MAKR 75 기계식 DIY 키트 베어본 MLX 펄스축 (실버),319780,319780,319780,319780,319780,319780,319780,319780
103481615,CORSAIR MAKR PRO 75,275300,275300,275300,275300,275300,275300,373880,373880
13913552,CORSAIR PBT DOUBLE-SHOT PRO KEYCAP MOD KIT (레드),34300,34300,34300,34300,34300,34300,34300,33170
13913543,CORSAIR PBT DOUBLE-SHOT PRO KEYCAP MOD KIT (블랙),39890,39890,39890,39890,39890,39890,39890,39890
13913510,CORSAIR PBT DOUBLE-SHOT PRO KEYCAP MOD KIT (화이트),39890,39890,39890,39890,39890,39890,39890,39890
104947577,CORSAIR 갤리온 100 SD 스트림덱 LCD 기계식,476100,476100,476100,476100,476100,476100,497260,513100
98245313,CORSAIR 뱅가드 96 MLX 게이밍 기계식 (퀀텀축),176300,176300,176300,176300,176300,176300,215260,224390
98245298,CORSAIR 뱅가드 96 MLX 게이밍 기계식 (퓨전축),176300,176300,176300,176300,176300,176300,215260,228990
98245292,CORSAIR 뱅가드 96 MLX 게이밍 기계식 (플라스마축),201500,201500,201500,201500,201500,201500,215260,224390
109483871,CORSAIR 뱅가드 96 MLX 게이밍 무선 기계식,249100,249100,249100,249100,249100,249100,263100,268690
98245181,CORSAIR 뱅가드 96 저소음 게이밍 기계식,187050,189040,189040,189040,189040,189040,189040,189040
98245088,CORSAIR 뱅가드 96 펄스 게이밍 기계식,221600,221600,221600,221600,221600,221600,231380,231380
108692960,CORSAIR 뱅가드 AIR 99 무선 (블랙),307900,307900,307900,307900,307900,307900,375900,378500
108692963,CORSAIR 뱅가드 AIR 99 무선 (화이트),307900,307900,307900,307900,307900,307900,370750,370750
98244965,CORSAIR 뱅가드 PRO 96 게이밍,208990,208990,208990,208990,208990,208990,208990,208990
123683037,CORSAIR 스키프 100 PLUS,87100,87100,87100,87100,87100,87100,93060,93890
122687602,CORSAIR 클리퍼 PRO 미니 60 (블랙),130800,130800,130800,130800,130800,130800,158860,160500
122687604,CORSAIR 클리퍼 PRO 미니 60 (화이트),130800,130800,130800,130800,130800,130800,158860,160500
9242568,COUGAR FORT,17760,17950,17950,17950,17950,17950,17950,17950
19508108,COUGAR PURI MINI (적축),103310,104410,104410,104410,104410,104410,104410,104410
19508621,COUGAR PURI MINI RGB (적축),112710,113910,113910,113910,113910,113910,113910,113910
79556090,COX C108 유무선 기계식 화이트 그레이 (용과축),49900,49900,49900,49900,49900,49900,49900,49900
87544286,COX C108 유무선 기계식 화이트 그레이 (허니축),59900,59900,59900,59900,59900,59900,59900,59900
87547550,COX C108 유무선 기계식 화이트 퍼플 (용과축),49900,49900,49900,49900,49900,49900,49900,49900
87546017,COX C108 유무선 기계식 화이트 퍼플 (허니축),59900,59900,59900,59900,59900,59900,59900,59900
81062672,COX C87 유무선 기계식 화이트 그레이 (용과축),39900,39900,39900,39900,39900,39900,39900,39900
81062708,COX C87 유무선 기계식 화이트 그레이 (허니축),59890,59890,59890,59890,59890,59890,59890,59890
81062738,COX C87 유무선 기계식 화이트 퍼플 (용과축),49900,49900,49900,49900,49900,49900,49900,49900
81062720,COX C87 유무선 기계식 화이트 퍼플 (허니축),59890,59890,59890,59890,59890,59890,59890,59890
73951766,COX CA75 3모드 CNC 알루미늄 유무선 기계식 블루 (카라멜 커피 V1축),49000,49000,49000,49000,49000,49000,49000,48950
73951778,COX CA75 3모드 CNC 알루미늄 유무선 기계식 블루 (코코아 크림 V2축),59000,59000,59000,59000,59000,59000,59000,59000
73251026,COX CA75 3모드 CNC 알루미늄 유무선 기계식 실버 (카라멜 커피 V1축),49000,49000,49000,49000,49000,49000,49000,49000
73951736,COX CA75 3모드 CNC 알루미늄 유무선 기계식 실버 (코코아 크림 V2축),89000,89000,89000,89000,89000,89000,89000,89000
122717025,COX CF108 유무선 기계식 웜아이보리 (오렌지축),179000,179000,175000,175000,175000,179000,179000,179000
122717029,COX CF108 유무선 기계식 웜아이보리 (저소음 안개축),179000,179000,179000,175000,175000,179000,179000,179000
122717031,COX CF108 유무선 기계식 쿨네이비 (오렌지축),179000,179000,175000,175000,175000,179000,179000,179000
122717042,COX CF108 유무선 기계식 쿨네이비 (저소음 안개축),179000,179000,175000,175000,175000,179000,179000,179000
85381733,COX CF75 유무선 기계식 블루레몬젤리 (덕킹),74000,74000,74000,74000,74000,74000,74000,74000
89609060,COX CF75 유무선 기계식 블루레몬젤리 (오렌지),74000,74000,74000,74000,74000,74000,74000,74000
89609063,COX CF75 유무선 기계식 핑크소다젤리 (덕킹),74000,74000,74000,74000,74000,74000,74000,74000
89609069,COX CF75 유무선 기계식 핑크소다젤리 (오렌지),74000,74000,74000,74000,74000,74000,74000,74000
96976946,COX CF87 유무선 기계식 네온 메카 바이올렛 (덕킹축),84000,84000,84000,84000,84000,84000,84000,84000
96976964,COX CF87 유무선 기계식 네온 메카 바이올렛 (오렌지축),84000,84000,84000,84000,84000,84000,84000,84000
96976979,COX CF87 유무선 기계식 말차크림티 (덕킹축),84000,84000,84000,84000,84000,84000,84000,84000
96976973,COX CF87 유무선 기계식 말차크림티 (오렌지축),84000,84000,84000,84000,84000,84000,84000,84000
92965718,COX CFL101 3모드 CMMK 특주축 유무선 기계식,39000,39000,39000,39000,39000,39000,39000,39000
92969255,COX CFL87+21 옴니키(원솔루션) 3모드 유무선 기계식,55000,55000,55000,55000,55000,55000,55000,55000
13224044,COX CK01 Navy 교체축 사이드 RGB 게이밍 기계식 키보드 (갈축),27900,27900,27900,27900,27900,27900,27900,27900
13224059,COX CK01 Navy 교체축 사이드 RGB 게이밍 기계식 키보드 (적축),27900,27900,27900,27900,27900,27900,27900,27900
13224029,COX CK01 Navy 교체축 사이드 RGB 게이밍 기계식 키보드 (청축),27900,27900,27900,27900,27900,27900,27900,27900
15185441,COX CK01 PBT SL 기계식 키보드 (저소음 백축),38000,38000,38000,38000,38000,38000,38000,38000
11696714,COX CK01 PBT 이색사출 사이드 RGB 기계식 키보드 (갈축),31500,31500,31500,31500,31500,31500,31500,31500
11696723,COX CK01 PBT 이색사출 사이드 RGB 기계식 키보드 (적축),31500,31500,31500,31500,31500,31500,31500,31500
11696705,COX CK01 PBT 이색사출 사이드 RGB 기계식 키보드 (청축),31500,31500,31500,31500,31500,31500,31500,31500
28862948,COX CK01 SAHARA HUANO 퀵스압 게이밍 기계식 (적축),31900,31900,31900,31900,31900,31900,31900,31900
14440436,COX CK01 TKL (갈축),31900,31900,31900,31900,31900,31900,31900,31900
14440445,COX CK01 TKL (적축),31900,31900,31900,31900,31900,31900,31900,31900
14440337,COX CK01 TKL (청축),31900,31900,31900,31900,31900,31900,31900,31900
15185348,COX CK01 TKL PBT SL 기계식 키보드 (저소음 백축),29900,29900,29900,29900,29900,29900,29900,29900
14393792,COX CK01 TKL PBT 기계식 키보드 (갈축),29900,29900,29900,29900,29900,29900,29900,29900
14393789,COX CK01 TKL PBT 기계식 키보드 (적축),29900,29900,29900,29900,29900,29900,29900,29900
14393774,COX CK01 TKL PBT 기계식 키보드 (청축),29900,29900,29900,29900,29900,29900,29900,29900
19456175,COX CK01SL PBT 45GF,38000,38000,38000,38000,38000,38000,38000,38000
20439878,COX CK01SL TKL PBT 45GF 기계식,29900,29900,29900,29900,29900,29900,29900,29900
101011514,COX CK01V PINK WHITE 게이밍 광축 (적축),55000,55000,55000,55000,55000,55000,55000,55000
8048698,"COX CK108 레드/다크그레이 게이트론 LED 게이밍 기계식 (S1, 녹축)",44340,44350,44360,44370,44380,44390,44400,44400
8048776,"COX CK108 레드/다크그레이 게이트론 LED 게이밍 기계식 (S2, 녹축)",41850,41850,41850,41850,41850,41850,41850,41850
28191863,COX CK20th Century 멤브레인,16500,16500,16500,16500,16500,16500,16500,16500
6278316,COX CK420 교체축 레인보우 LED 게이밍 기계식 블랙 (갈축),31900,31900,31900,31900,31900,31900,31900,31900
6278312,COX CK420 교체축 레인보우 LED 게이밍 기계식 블랙 (적축),31900,31900,31900,31900,31900,31900,31900,31900
6278297,COX CK420 교체축 레인보우 LED 게이밍 기계식 블랙 (청축),31900,31900,31900,31900,31900,31900,31900,31900
6278440,COX CK420 교체축 레인보우 LED 게이밍 기계식 화이트 (갈축),31900,31900,31900,28500,28500,31900,31900,29690
6278433,COX CK420 교체축 레인보우 LED 게이밍 기계식 화이트 (적축),31900,31900,31900,31900,31900,31900,31900,31900
6278417,COX CK420 교체축 레인보우 LED 게이밍 기계식 화이트 (청축),31900,31900,31900,31900,31900,31900,31900,31900
27645110,COX CK460 교체축 무빙 LED 게이밍 기계식 (적축),29900,29900,29900,29900,29900,29900,39900,39900
27645050,COX CK460 교체축 무빙 LED 게이밍 기계식 (청축),29900,29900,29900,29900,29900,29900,39900,39900
91113512,COX CK480 교체축 게이밍 기계식 화이트 (갈축),58000,58000,58000,58000,58000,58000,58000,31700
16889645,COX CK510 교체축 LED 게이밍 기계식 키보드 (청축),156520,156520,156520,156520,156520,156520,156520,156520
91113356,COX CK580 교체축 게이밍 기계식 그레이&핑크 (갈축),28900,28900,28900,28900,28900,28900,28900,28900
91113353,COX CK580 교체축 게이밍 기계식 그레이&핑크 (적축),28900,28900,28900,28900,28900,28900,28900,28900
91113338,COX CK580 교체축 게이밍 기계식 그레이&핑크 (청축),28900,28900,28900,28900,28900,28900,28900,28900
91113371,COX CK580 교체축 게이밍 기계식 화이트 (갈축),28900,28900,28900,28900,28900,28900,28900,28900
91113374,COX CK580 교체축 게이밍 기계식 화이트 (적축),28900,28900,28900,28900,28900,28900,28900,28900
91113383,COX CK580 교체축 게이밍 기계식 화이트 (청축),28900,28900,28900,28900,28900,28900,28900,28900
65302943,COX CK80 유무선 기계식,59290,59290,59290,59290,59290,59290,59290,59290
20438657,COX CK87 PBT SUNSHINE GD 기계식 (갈축),39800,39800,39800,39800,39800,39800,39800,39800
20438609,COX CK87 PBT SUNSHINE GD 기계식 (황축),39800,39800,39800,39800,39800,39800,39800,39800
17465078,COX CK87 SLIM LP PBT 화이트 (청축),36890,36890,36890,36890,36890,36890,36890,36890
7938631,COX CK87 네이비 게이트론 LED 게이밍 기계식 (갈축),132960,132960,132960,132960,132960,132960,132960,132960
7939003,"COX CK87 레드/그레이 게이트론 LED 게이밍 기계식 (S1, 황축)",169900,169900,169900,169900,169900,169900,169900,169900
7938502,COX CK87 블랙 게이트론 LED 게이밍 기계식 (녹축),169900,169900,169900,169900,169900,169900,169900,169900
11063505,COX CK87 크림블루 게이트론 LED 게이밍 기계식 (갈축),42000,42000,42000,42000,42000,42000,42000,42000
11063442,COX CK87 크림블루 게이트론 LED 게이밍 기계식 (청축),42000,42000,42000,42000,42000,42000,42000,42000
11063481,COX CK87 크림블루 게이트론 LED 게이밍 기계식 (황축),42000,42000,42000,42000,42000,42000,42000,42000
68787860,COX CK88 유무선 기계식 민트화이트 (딥씨축),69000,69000,69000,69000,69000,69000,69000,69000
68787902,COX CK88 유무선 기계식 민트화이트 (베이비 화이트축),59000,59000,59000,59000,59000,59000,59000,59000
94810328,COX CK88 유무선 기계식 블랙로얄 (딥씨축),69000,69000,69000,69000,69000,69000,69000,69000
94810295,COX CK88 유무선 기계식 블랙로얄 (바닐라 아이스크림축),80740,,,,,,,
94810304,COX CK88 유무선 기계식 블랙로얄 (베이비 화이트축),59000,59000,59000,59000,59000,59000,59000,59000
106704464,COX CKM400 키보드 마우스 세트,19700,19700,19700,19700,19700,19700,19700,19700
106704434,COX CKM400K,12500,12500,12500,12500,12500,12500,12500,12500
91118852,COX CKM40W 저소음 무선 키보드 마우스 세트 (블랙),17900,17900,17900,17800,17800,17900,17900,17900
91118864,COX CKM40W 저소음 무선 키보드 마우스 세트 (화이트),17900,17900,17900,17900,17900,17900,17900,17900
5355168,COX CKM500 게이밍 키보드 마우스 콤보,25900,25900,25900,25900,25900,25900,25900,25900
11589167,COX CKM510 게이밍 키보드 마우스 세트,19550,19550,19550,19550,19550,19550,19550,19550
75993224,COX CKP01 PRO 3모드 유무선 기계식,41000,41000,41000,41000,41000,41000,41000,41000
75993500,COX CKP01 VIA 기계식,32900,32900,32000,32000,32000,32900,32900,32860
14804228,COX CKR01 TKL 아크릴 키보드 덮개,7900,7900,7900,7900,7900,7900,7900,7900
14802494,COX CKR01 아크릴 키보드 덮개,8900,8900,8900,8900,8900,8900,8900,8900
18455165,COX CKT87 RGB 반투광사출 기계식 텐키리스 (갈축),135000,135000,135000,135000,135000,135000,135000,135000
101721824,COX CM105KD 조약돌 (라벤더),22900,22900,22900,22900,22900,22900,22900,22900
101721821,COX CM105KD 조약돌 (핑크),22900,22900,22900,22900,22900,22900,22900,22900
101721848,COX CM105KDW 3모드 조약돌 (라벤더),27900,27900,27900,27900,27900,27900,27900,27900
101721842,COX CM105KDW 3모드 조약돌 (핑크),27900,27900,27900,27900,27900,27900,27900,27900
101721725,COX CM87KD 조약돌 (라벤더),21890,21890,21890,21890,21890,21890,21890,21890
101721719,COX CM87KD 조약돌 (핑크),21890,21890,21890,21890,21890,21890,21890,21890
101721773,COX CM87KDW 3모드 조약돌 (라벤더),26900,26900,26900,26900,26900,26900,26900,26900
101721764,COX CM87KDW 3모드 조약돌 (핑크),26900,26900,26900,26900,26900,26900,26900,26900
76333013,COX CMF104 8K 무접점 다람쥐 (35g),74000,74000,74000,74000,74000,74000,74000,73920
76508411,COX CMF104 8K 무접점 다람쥐 (45g),74000,74000,74000,74000,74000,74000,74000,73920
76508423,COX CMF104 8K 무접점 다람쥐 (55g),74000,74000,74000,74000,74000,74000,74000,74000
76508432,COX CMF104 8K 무접점 보타니컬 (35g),74000,74000,74000,74000,74000,74000,74000,73920
76508447,COX CMF104 8K 무접점 보타니컬 (45g),74000,74000,74000,74000,74000,74000,74000,73920
76508453,COX CMF104 8K 무접점 보타니컬 (55g),74000,74000,74000,74000,74000,74000,74000,73920
81062813,COX CMK108 (Olivia),17900,17900,17900,17900,17900,17900,17900,17900
75463697,COX CMK108 (White),17900,17900,17900,17900,17900,17900,17900,17900
75372803,COX CMK63R,44000,44000,44000,44000,44000,44000,44000,43960
81062489,COX CMK87 (Olivia),14830,14830,17900,17900,17900,17900,17900,17900
75463712,COX CMK87 (White),17900,17900,17900,17900,17900,17900,17900,17900
71505551,COX CMK87R 자석축 래피드 트리거,99000,99000,99000,99000,99000,99000,99000,99000
34810838,COX CNK103 PRO LL 블루투스 유무선 무접점,130180,130180,130180,130180,130180,130180,130180,130180
73883504,COX CNK84L 유무선 무접점,99990,99990,99990,99990,99990,99990,99990,93000
40722074,COX CNK87BT PRO LL 블루투스 유무선 무접점,139000,135600,132600,132600,135600,139000,139000,135600
12706379,COX COS1 TKL 텐키리스 어고노믹 월넛 팜레스트,19900,19900,19900,19900,19900,19900,19900,19900
12706313,COX COS1 어고노믹 월넛 팜레스트,17900,17900,17900,17900,17900,17900,17900,17900
11979683,COX COS10 유선 키보드 마우스 세트,8900,8900,8900,8900,8900,8900,8900,8900
77319551,COX COS500 무선,28000,28000,28000,28000,28000,28000,28000,27970
73886033,COX COS600 무선,26900,26900,26900,26900,26900,26900,26900,26870
102355277,COX CPL108 핑거 프로텍터 3모드 기계식 더스티 베이지 (덕킹축),64900,64900,61500,61500,61500,64900,64900,64900
102355271,COX CPL108 핑거 프로텍터 3모드 기계식 더스티 베이지 (오렌지축),64900,64900,61500,61500,61500,64900,64900,64900
122635786,COX CPL108 핑거 프로텍터 3모드 기계식 더스티 베이지 (저소음 안개축),64900,64900,64900,60000,60000,64900,64900,64900
102355265,COX CPL108 핑거 프로텍터 3모드 기계식 브리지 블루 (덕킹축),64900,64900,64900,64900,64900,64900,64900,64900
102355268,COX CPL108 핑거 프로텍터 3모드 기계식 브리지 블루 (오렌지축),64900,64900,61500,61500,61500,64900,64900,64900
122635785,COX CPL108 핑거 프로텍터 3모드 기계식 브리지 블루 (저소음 안개축),64900,64900,64900,64900,64900,64900,64900,64900
98410553,COX CQ8K108 유무선 기계식 소프트 라일락 (CIDOO CARDA),59000,59000,59000,59000,59000,59000,59000,59000
98410556,COX CQ8K108 유무선 기계식 소프트 라일락 (Deep Oil),59000,59000,59000,59000,59000,59000,59000,59000
98410544,COX CQ8K108 유무선 기계식 에버그린 (CIDOO CARDA),59000,59000,59000,59000,59000,59000,59000,59000
98410526,COX CQ8K108 유무선 기계식 에버그린 (Deep Oil),59000,59000,59000,59000,59000,59000,59000,59000
90437816,COX CQK81 VIA 엣지 LED & 노브 3MODE 유무선 기계식 (Carda축),33000,33000,33000,33000,33000,33000,33000,33000
90437840,COX CQK81 VIA 엣지 LED & 노브 3MODE 유무선 기계식 (Deep Oil축),33000,33000,33000,33000,33000,33000,33000,33000
96978002,COX CS108 유무선 기계식 (맘모스축),62900,62900,62900,62900,62900,62900,62900,62900
96978014,COX CS108 유무선 기계식 (벚꽃축),66900,66900,66900,66900,66900,66900,66900,66900
96711005,COX CS87 유무선 기계식 (맘모스축),58900,58900,58900,58900,58900,58900,58900,58900
96711035,COX CS87 유무선 기계식 (벚꽃축),62900,62900,62900,62900,62900,62900,62900,58490
89604053,COX CSK105 VIA 실리콘 사운드 뎀퍼 유무선 기계식 그린 (페블축),49000,49000,49000,49000,49000,49000,49000,49000
89604083,COX CSK105 VIA 실리콘 사운드 뎀퍼 유무선 기계식 핑크 (페블축),49000,49000,49000,49000,49000,49000,49000,49000
91426367,COX CSK88 VIA 실리콘 사운드 뎀퍼 유무선 기계식 그린 (저소음 피치축),55900,55900,55900,55900,55900,55900,55900,55900
91426376,COX CSK88 VIA 실리콘 사운드 뎀퍼 유무선 기계식 그린 (페블축),33000,33000,33000,33000,33000,33000,33000,33000
91426262,COX CSK88 VIA 실리콘 사운드 뎀퍼 유무선 기계식 핑크 (저소음 피치축),49500,49500,49500,49500,49500,49500,49500,49500
91426361,COX CSK88 VIA 실리콘 사운드 뎀퍼 유무선 기계식 핑크 (페블축),33000,33000,33000,33000,33000,33000,33000,33000
18413525,COX CX108G PBT 가스켓 마운트 게이밍 기계식 키보드 (황축),115000,115000,115000,115000,115000,115000,115000,115000
14529893,COX CX157 PBT 이색사출 키캡 트레이 세트 (Blue Betta),19790,19790,19790,19790,19790,19790,19790,19790
14530181,COX CX157 PBT 이색사출 키캡 트레이 세트 (Blue Tang),19900,19900,19900,19900,19900,19900,19900,19900
90887921,COX CY104K V2 카일 광축 V2 게이밍 블랙 (갈축),65000,65000,65000,65000,65000,65000,65000,65000
90887897,COX CY104K V2 카일 광축 V2 게이밍 블랙 (적축),65000,65000,65000,65000,65000,65000,65000,65000
90887909,COX CY104K V2 카일 광축 V2 게이밍 블랙 (청축),65000,65000,65000,65000,65000,65000,65000,65000
90887966,COX CY104K V2 카일 광축 V2 게이밍 화이트&블루 (갈축),65000,65000,65000,65000,65000,65000,65000,65000
90887978,COX CY104K V2 카일 광축 V2 게이밍 화이트&블루 (적축),65000,65000,65000,65000,65000,65000,65000,65000
90887969,COX CY104K V2 카일 광축 V2 게이밍 화이트&블루 (청축),65000,65000,65000,65000,65000,65000,65000,65000
90887948,COX CY104K V2 카일 광축 V2 게이밍 화이트&핑크 (갈축),65000,65000,65000,65000,65000,65000,65000,65000
90887954,COX CY104K V2 카일 광축 V2 게이밍 화이트&핑크 (적축),65000,65000,65000,65000,65000,65000,65000,65000
90887951,COX CY104K V2 카일 광축 V2 게이밍 화이트&핑크 (청축),65000,65000,65000,65000,65000,65000,65000,65000
123798453,COX CY87K,65000,65000,65000,65000,65000,65000,65000,65000
100619501,COX PMK201 피마 PBT 카일 광축 V2 게이밍,69800,69800,69800,69800,69800,69800,69800,69800
63421169,COX SLC 시리즈 실리콘 팜레스트 베이지 (미니배열),15000,15000,15000,15000,15000,15000,14990,14990
63421151,COX SLC 시리즈 실리콘 팜레스트 베이지 (텐키배열),15000,15000,15000,15000,15000,15000,15000,15000
63421031,COX SLC 시리즈 실리콘 팜레스트 베이지 (풀배열),15000,15000,15000,15000,16890,16890,15000,15000
91563920,COX SLC 시리즈 실리콘 팜레스트 블랙 (텐키배열),15000,15000,15000,15000,15000,15000,15000,15000
91563917,COX SLC 시리즈 실리콘 팜레스트 블랙 (풀배열),15000,15000,15000,15000,15000,15000,15000,15000
108356045,COX SPT1 TKL 편해 실리콘 팜레스트 (베이지),15500,15500,15500,15500,15500,15500,15500,15500
108356033,COX SPT1 TKL 편해 실리콘 팜레스트 (피치),15500,15500,15500,15500,15500,15500,15500,15500
108355955,COX SPT1 편해 실리콘 팜레스트 (베이지),15500,15500,15500,15500,15500,15500,15500,15500
108355964,COX SPT1 편해 실리콘 팜레스트 (피치),15500,15500,15500,15500,15500,15500,15500,15500
103124918,COX XM108 (블랙),21900,21900,21900,21900,21900,21900,21900,21900
103124927,COX XM108 (화이트),21900,21900,21900,21900,21900,21900,21900,21900
103414337,COX XOS108 나무 팜레스트 손목받침대 (Bamboo),8500,8500,8500,8500,8500,8500,8500,8500
103414334,COX XOS108 나무 팜레스트 손목받침대 (Beech),11500,11500,11500,11500,11500,11500,11500,11500
103414331,COX XOS108 나무 팜레스트 손목받침대 (Walnut),14500,14500,14500,14500,14500,14500,14500,14500
103414325,COX XOS87 나무 팜레스트 손목받침대 (Bamboo),8500,8500,8500,8500,8500,8500,8500,8500
103414322,COX XOS87 나무 팜레스트 손목받침대 (Beech),10000,10000,10000,10000,10000,10000,10000,10000
103414295,COX XOS87 나무 팜레스트 손목받침대 (Walnut),13500,13500,13500,13500,13500,13500,13500,13500
18191459,COX 엔데버 오리지널 레트로 PBT 무접점 텐키리스 (35g),133000,133000,133000,133000,133000,133000,133000,133000
94096139,COX 엔데버 텐키리스 RGB PBT 완전방수 무접점 블랙 (중고),101570,101570,101570,101570,101570,101570,101570,101570
89601647,COX 엔데버 텐키리스 RGB PBT 완전방수 무접점 화이트 (45g),109000,109000,109000,109000,109000,109000,109000,109000
7127755,COX 엔데버 텐키리스 RGB PBT 완전방수 무접점 화이트 (50g),200840,200840,200840,200840,200840,200840,200840,200840
8342877,COX 엠프리스 RGB PBT 완전방수 무접점 블랙 (35g),119000,119000,119000,119000,119000,119000,119000,119000
89601746,COX 엠프리스 RGB PBT 완전방수 무접점 블랙 (45g),119000,119000,119000,119000,119000,119000,119000,119000
7127485,COX 엠프리스 RGB PBT 완전방수 무접점 블랙 (50g),119000,119000,119000,119000,119000,119000,119000,119000
8342811,COX 엠프리스 RGB PBT 완전방수 무접점 화이트 (35g),119000,119000,119000,119000,119000,119000,119000,119000
89601707,COX 엠프리스 RGB PBT 완전방수 무접점 화이트 (45g),119000,119000,119000,119000,119000,119000,119000,119000
7127530,COX 엠프리스 RGB PBT 완전방수 무접점 화이트 (50g),156000,156000,156000,156000,156000,156000,156000,156000
18191531,COX 엠프리스 오리지널 레트로 PBT 무접점 (35g),105000,105000,105000,105000,105000,105000,105000,105000
18191813,COX 엠프리스 오리지널 레트로 PBT 무접점 (50g),105000,105000,105000,105000,105000,105000,105000,105000
63421280,COX 올인원 키캡 스위치 리무버,36450,36450,36450,36450,36450,36450,36450,36450
5828059,"COX 카일 정품 광축 스위치 (10개, 리니어)",3960,3960,3960,3960,3960,3960,3960,3960
5828052,"COX 카일 정품 광축 스위치 (10개, 클릭)",4000,4000,4000,4000,4000,4000,4000,4000
5828061,"COX 카일 정품 광축 스위치 (5+5개, 클릭/리니어)",3950,3950,3950,3950,3950,3950,3950,3950
10420293,COX 피네스 66키 아크릴 RGB 게이트론 퀵스왑 키보드 (갈축),33000,33000,33000,33000,33000,33000,33000,33000
10420272,COX 피네스 66키 아크릴 RGB 게이트론 퀵스왑 키보드 (황축),79900,79900,79900,79900,79900,79900,79900,33000
41107781,CURTYS 손목 받침대 세트,12790,12790,12790,12790,12790,12790,12790,12790
70529348,CURTYS 챗 버블 손목받침대 세트,9820,9710,9710,9710,9710,10020,9710,9710
122703406,Chilkey ND104 유무선 루멘 옐로우 (WS Breeze),279000,279000,279000,279000,279000,279000,279000,279000
122703418,Chilkey ND104 유무선 소프트 핑크 (WS Breeze),279000,279000,279000,279000,279000,279000,279000,279000
122703400,Chilkey ND104 유무선 쉐도우 블랙 (WS Silent Linear),299000,299000,299000,299000,299000,299000,299000,299000
123682113,ColorReco F21 유무선 기계식 (해외구매),32770,32780,32780,32790,32800,32800,32810,32810
72309716,CoolKiller CK98 유무선 (해외구매),186420,186420,193180,190320,193440,193960,186420,186420
122659364,Coolkiller CK100 (해외구매),114900,114900,114900,115820,115820,115820,115820,115820
123682121,Coolkiller CK75SE 유무선 기계식 (해외구매),112000,112000,112000,112000,112000,112000,112000,112000
123762678,Coolkiller CK98 Ultra 유무선 기계식 (해외구매),163940,163940,163960,163960,163970,163970,158950,158960
72004784,Createkeebs LUMINKEY Magger 68 HE 퍼포먼스,139000,139000,139000,139000,139000,139000,139000,139000
72004805,Createkeebs LUMINKEY Magger 68 HE 프로페셔널,179000,179000,179000,179000,179000,179000,179000,179000
18007574,DAMONCOM ME-9550 손목보호패드,7680,7680,7680,7680,7680,7680,7680,7680
18007589,DAMONCOM ME-9560 손목보호패드,8770,8770,8770,8770,8770,8770,8770,8770
4287621,DELL KB216,13500,13500,13500,13500,13500,13500,13500,13500
18473507,DELL KB740 무선 블루투스,89770,90730,91000,90730,90730,90730,90730,90730
28061018,DELL KB900 무선,210000,210000,210000,210000,210000,210000,210000,210000
11626082,DELL KM7120W,99000,99000,99000,99000,99000,99000,99000,99000
11628569,DELL KM7120W 영문,98990,98990,98990,98990,99000,98990,98990,98990
28061696,DELL KM900 키보드 마우스 세트,334590,338150,338140,338150,338140,338140,334580,334580
19518380,DELL 에일리언웨어 AW420K (정품),209000,209000,209000,209000,209000,209000,209000,209000
77708120,DELUX GM901 무선 (해외구매),150620,150620,150620,150620,150620,150620,150620,150620
77708261,DELUX GM902 무선 (해외구매),70290,71121,71074,71074,71074,70948,70948,70784
77707700,DELUX MK87 PRO 유무선 기계식 해외구매 (설보축),54930,54930,54930,57320,57320,57320,57320,57320
77707679,DELUX MK87 PRO 유무선 기계식 해외구매 (옵션선택구성),41400,41400,41400,43200,43200,43200,43200,43200
77707712,DELUX MK87 PRO 유무선 기계식 해외구매 (자백축),43330,43330,43330,45210,45210,45210,45210,45210
9322191,DELUX T11 (해외구매),91110,91110,91110,91110,91110,91110,91110,91110
13718552,DIGIFAST LK32,95000,95000,95000,95000,95000,95000,95000,95000
13833056,DIGIFAST LK42,99000,99000,99000,99000,99000,99000,99000,99000
78235250,DOIO KB16-02 무선 기계식 (해외구매),115350,115350,115350,115350,115350,115350,115350,115350
54481790,DOXX DX-GK50 기계식,39000,39000,39000,39000,39000,39000,39000,39000
15697541,DOXX DX-K1001 Bathin 게이밍 LED 키보드 (블랙),15600,15600,15600,15600,15600,15600,15600,15600
18646097,DOXX DX-K102,6000,6000,6000,6000,6000,6000,6000,6000
64375241,DOXX DX-WMK100 무선 키보드 마우스 세트,30300,30300,30300,30300,30300,30300,30300,30300
67621478,DSA 레트로 베이지 104Pcs,34900,34900,34900,34900,34900,34900,34900,34900
76405148,DUKHARO FJ75 유무선 기계식 (해외구매),138720,138720,138720,144750,144750,144750,144750,144750
76405136,DUKHARO VN66SE 유무선 기계식 (해외구매),107490,107490,107490,112160,112160,112160,112160,112160
16843178,"DURGOD K330w 한영 블루투스 유무선 기계식 키보드 (ICE CREAM, 황축)",238630,238630,238630,238630,238630,238630,238630,238630
18366677,"DURGOD K610W 유무선 핫스왑 키보드 (아일랜드, 저소음 갈축)",223260,223260,223260,223260,223260,223260,223260,223260
18366659,"DURGOD K610W 유무선 핫스왑 키보드 (아일랜드, 저소음 적축)",229000,229000,229000,229000,229000,229000,229000,229000
18366701,"DURGOD K620W 유무선 핫스왑 키보드 (아일랜드, 저소음 갈축)",224000,224000,224000,224000,224000,224000,224000,224000
18366698,"DURGOD K620W 유무선 핫스왑 키보드 (아일랜드, 저소음 적축)",224000,224000,224000,224000,224000,224000,224000,224000
18366725,"DURGOD K620W 유무선 핫스왑 키보드 (에코, 저소음 갈축)",224000,224000,224000,224000,224000,224000,224000,224000
18366704,"DURGOD K620W 유무선 핫스왑 키보드 (에코, 저소음 적축)",224000,224000,224000,224000,224000,224000,224000,224000
74339438,DURGOD S230 무선 기계식 (해외구매),45950,46460,46460,47470,47470,47470,47470,46960
13252340,DURGOD W300 텐키리스 87키 전용 키보드 손목받침대,12200,12200,12200,12200,12200,12200,12200,12200
13252409,DURGOD W300 풀키 104키 전용 키보드 손목받침대,13900,13900,13900,13900,13900,13900,13900,13900
56151149,Darmoshark K3 (해외구매),39390,39390,39390,39390,39390,39390,39390,39390
56151185,Darmoshark K3 PRO (해외구매),42230,42230,44070,44070,44070,44070,44070,44070
77861333,Darmoshark K3QMK (해외구매),116470,116470,116470,116470,116470,116470,116470,116470
96422966,Darmoshark K9 기계식 (해외구매),262850,262850,262850,262850,262850,262850,262850,262850
77861267,Darmoshark KT68Z (해외구매),441680,441680,441680,441680,441680,441680,441680,441680
103449044,Deck CBL-104Z 밸러서티,165460,165460,149960,161960,152750,152870,161960,161960
2118002,Deck CBL-108 덱헤슘 기계식 키보드 (갈축),164000,164000,164000,164000,164000,164000,164000,164000
19869695,Deck CBL-108 덱헤슘 기계식 키보드 (저소음 적축),169000,169000,169000,169000,169000,169000,169000,169000
2117991,Deck CBL-108 덱헤슘 기계식 키보드 (적축),164000,156500,156500,156500,156500,156500,156500,156500
2826265,Deck CBL-108N Deck Hassium Lite (갈축),127000,127000,127000,127000,127000,127000,127000,127000
2826260,Deck CBL-108N Deck Hassium Lite (적축),127000,127000,127000,127000,127000,127000,127000,127000
2428575,Deck CBL-108P Deck Hassium Pro (갈축),193000,193000,193000,193000,193000,193000,193000,193000
12235757,Deck CBL-108P Deck Hassium Pro (저소음 적축),200680,200680,200680,200680,200680,200680,200680,200680
2428576,Deck CBL-108P Deck Hassium Pro (적축),193000,193000,193000,193000,193000,193000,193000,193000
4821157,Deck CBL-108S 만텔라 RGB 기계식 키보드 (갈축),205000,205000,205000,205000,205000,205000,205000,205000
19869773,Deck CBL-108S 만텔라 RGB 기계식 키보드 (저소음 적축),210000,210000,210000,210000,210000,210000,210000,210000
4821161,Deck CBL-108S 만텔라 RGB 기계식 키보드 (적축),205000,205000,205000,205000,205000,205000,205000,205000
4820994,Deck CBL-108S 만텔라 RGB 기계식 키보드 (청축),205000,205000,205000,205000,205000,205000,205000,205000
10675404,Deck CBL-108XN Hassium 거북선 블랙에디션 (갈축),194180,194180,167010,199820,157960,157980,194190,194180
10675506,Deck CBL-108XN Hassium 거북선 블랙에디션 (은축),181000,181000,162890,181000,162840,162840,181000,181000
10675491,Deck CBL-108XN Hassium 거북선 블랙에디션 (저소음 적축),180990,180990,173710,181000,156630,164400,181000,180990
12549161,Deck CBL-108XN Hassium 거북선 블랙에디션 (저소음 흑축),181000,181000,181000,181000,181000,181000,181000,181000
10675485,Deck CBL-108XN Hassium 거북선 블랙에디션 (적축),174000,174000,174000,174000,174000,174000,174000,174000
12065411,Deck CBL-108XN Hassium 거북선 블랙에디션 (청축),174000,174000,167010,174000,158020,158040,174000,174000
12065444,Deck CBL-108XN Hassium 거북선 블랙에디션 (흑축),174000,174000,174000,174000,174000,174000,174000,174000
20501555,Deck CBL-108XN Hassium 거북선 한산 (갈축),163990,163990,157390,164000,148930,148950,163990,163990
20501699,Deck CBL-108XN Hassium 거북선 한산 (은축),171000,171000,164150,171000,164150,164150,171000,171000
20501603,Deck CBL-108XN Hassium 거북선 한산 (저소음 적축),171000,171000,164130,171000,155290,155310,171000,171000
20501687,Deck CBL-108XN Hassium 거북선 한산 (저소음 흑축),171000,171000,164150,171000,164150,164150,171000,171000
20501573,Deck CBL-108XN Hassium 거북선 한산 (적축),163990,163990,164000,164000,157430,157430,163990,163990
20501498,Deck CBL-108XN Hassium 거북선 한산 (청축),163990,163990,157410,164000,148930,148950,163990,163990
20501696,Deck CBL-108XN Hassium 거북선 한산 (흑축),163990,163990,157430,164000,157430,157300,164000,163990
30143258,Deck CBL-108XT The Carrier 거북선 유무선 기계식 (갈축),199000,199000,199000,199000,199000,199000,199000,199000
30143336,Deck CBL-108XT The Carrier 거북선 유무선 기계식 (은축),209000,209000,209000,209000,209000,209000,209000,209000
30143276,Deck CBL-108XT The Carrier 거북선 유무선 기계식 (저소음 적축),208990,208990,208990,208990,208990,208990,208990,208990
30143267,Deck CBL-108XT The Carrier 거북선 유무선 기계식 (적축),199000,199000,199000,199000,199000,199000,199000,199000
30143213,Deck CBL-108XT The Carrier 거북선 유무선 기계식 (청축),199000,199000,199000,199000,199000,199000,199000,199000
30143300,Deck CBL-108XT The Carrier 거북선 유무선 기계식 (흑축),199000,199000,199000,199000,199000,199000,199000,199000
19869902,Deck CBL-87 덱프랑슘 기계식 키보드 (저소음 적축),165000,165000,165000,165000,165000,165000,165000,165000
2254099,Deck CBL-87 덱프랑슘 기계식 키보드 (적축),160000,160000,160000,160000,160000,160000,160000,160000
12235853,Deck CBL-87N Deck Francium Lite (저소음 적축),128000,128000,128000,128000,128000,128000,128000,128000
2826104,Deck CBL-87N Deck Francium Lite (적축),123000,123000,123000,123000,123000,123000,123000,123000
2826063,Deck CBL-87N Deck Francium Lite (청축),123000,123000,123000,123000,123000,123000,123000,123000
2826107,Deck CBL-87N Deck Francium Lite (흑축),123000,123000,123000,123000,123000,123000,123000,123000
2428655,Deck CBL-87P Deck Francium Pro (갈축),188000,188000,188000,188000,188000,188000,188000,188000
12235793,Deck CBL-87P Deck Francium Pro (저소음 적축),193000,193000,193000,193000,193000,193000,193000,193000
2428654,Deck CBL-87P Deck Francium Pro (적축),188000,188000,188000,188000,188000,188000,188000,188000
11220633,Deck CBL-87XN Francium 거북선 블랙에디션 (갈축),170000,170000,152960,170000,152820,154400,170000,170000
11220669,Deck CBL-87XN Francium 거북선 블랙에디션 (은축),176000,176000,168930,176000,159830,159850,176000,176000
11220657,Deck CBL-87XN Francium 거북선 블랙에디션 (저소음 적축),176000,176000,176000,176000,159830,159850,176000,176000
12549137,Deck CBL-87XN Francium 거북선 블랙에디션 (저소음 흑축),176000,176000,168960,176000,168950,168950,176000,176000
11220639,Deck CBL-87XN Francium 거북선 블랙에디션 (적축),169990,163170,169360,169990,154380,154400,163170,169990
11220597,Deck CBL-87XN Francium 거북선 블랙에디션 (청축),170000,170000,163200,170000,163190,163190,170000,170000
11220684,Deck CBL-87XN Francium 거북선 블랙에디션 (흑축),170000,170000,163200,170000,163190,163190,170000,170000
20501900,Deck CBL-87XN Francium 거북선 한산 (갈축),160000,160000,160000,160000,153600,153600,160000,160000
20501915,Deck CBL-87XN Francium 거북선 한산 (은축),166000,166000,159350,166000,159350,159350,166000,166000
20501924,Deck CBL-87XN Francium 거북선 한산 (저소음 적축),166000,166000,166000,166000,150750,150770,166000,166000
20501936,Deck CBL-87XN Francium 거북선 한산 (저소음 흑축),166000,166000,159340,166000,150750,150770,166000,166000
20501903,Deck CBL-87XN Francium 거북선 한산 (적축),160000,160000,153600,160000,153590,153590,160000,160000
20501867,Deck CBL-87XN Francium 거북선 한산 (청축),160000,145320,153580,160000,145300,145320,160000,160000
20501909,Deck CBL-87XN Francium 거북선 한산 (흑축),160000,160000,153600,160000,153590,153590,160000,160000
59825876,Deck Francium 키스킨,4900,4900,4900,4900,4900,4900,4900,4900
2208844,Deck 팜레스트 (덱키보드 전용),32000,32000,32000,32000,32000,32000,32000,32000
91041641,DrunkDeer A75 MASTER,409990,409990,409990,409990,409990,409990,409990,409990
33420695,DrunkDeer A75 기계식 커스텀 베어본,152000,152000,152000,152000,152000,152000,152000,152000
48925187,DrunkDeer G60 기계식,121600,121600,121600,121600,121600,121600,121600,121720
33420803,DrunkDeer G65,140790,143290,143290,140790,143290,143290,143300,140940
33420788,DrunkDeer G65 기계식 커스텀 베어본,138990,136490,131490,131490,133990,136490,131490,133990
12560237,Ducky DUCKY ONE 2 SF RGB PBT 이중사출 한글 (갈축),99000,99000,99000,99000,99000,99000,99000,99000
12563891,Ducky DUCKY ONE 2 SF RGB PBT 이중사출 한글 (적축),99000,99000,99000,99000,99000,99000,99000,99000
15738965,Ducky MECHA MINI RGB PBT 이중사출 한글 (갈축),119000,119000,119000,119000,119000,119000,119000,119000
15739016,Ducky MECHA MINI RGB PBT 이중사출 한글 (스피드 은축),119000,119000,119000,119000,119000,119000,119000,119000
15739004,Ducky MECHA MINI RGB PBT 이중사출 한글 (저소음 적축),119000,119000,119000,119000,119000,119000,119000,119000
15738986,Ducky MECHA MINI RGB PBT 이중사출 한글 (적축),119000,119000,119000,119000,119000,119000,119000,119000
122931638,Ducky OK-M 65KE 유무선 기계식 (Baby축),99000,99000,99000,99000,99000,99000,99000,99000
122931633,Ducky OK-M 65KE 유무선 기계식 (Red Wine축),99000,99000,99000,99000,99000,99000,99000,99000
122931426,Ducky OK-M 75KE 유무선 기계식 (Baby축),119000,119000,119000,119000,119000,119000,119000,119000
122931436,Ducky OK-M 75KE 유무선 기계식 (Red Wine축),119000,119000,119000,119000,119000,119000,119000,119000
122930962,Ducky OK-M 98KE 유무선 기계식 (Baby축),129000,129000,129000,129000,129000,129000,129000,129000
122930511,Ducky OK-M 98KE 유무선 기계식 (Red Wine축),129000,129000,129000,129000,129000,129000,129000,129000
7052476,Ducky ONE 2 MINI RGB PBT 이중사출 영문 (갈축),99000,99000,99000,99000,99000,99000,99000,99000
7052686,Ducky ONE 2 MINI RGB PBT 이중사출 한글 (갈축),99000,99000,99000,99000,99000,99000,99000,99000
7053088,Ducky ONE 2 RGB SEAMLESS PBT 이중사출 한글 (은축),139000,139000,139000,139000,139000,139000,139000,139000
7053082,Ducky ONE 2 RGB SEAMLESS PBT 이중사출 한글 (적축),129000,129000,129000,129000,129000,129000,129000,129000
12586253,Ducky ONE 2 SEAMLESS TUXEDO PBT 이중사출 한글 (은축),99000,99000,99000,99000,99000,99000,99000,99000
12549476,Ducky ONE 2 SF RGB PURE WHITE PBT 이중사출 영문 (갈축),99000,99000,99000,99000,99000,99000,99000,99000
7053238,Ducky ONE 2 TKL RGB SEAMLESS PBT 이중사출 한글 (갈축),129000,129000,129000,129000,129000,129000,129000,129000
7053253,Ducky ONE 2 TKL RGB SEAMLESS PBT 이중사출 한글 (은축),139000,139000,139000,139000,139000,139000,139000,139000
7053268,Ducky ONE 2 TKL RGB SEAMLESS PBT 이중사출 한글 (저소음 적축),139000,139000,139000,139000,139000,139000,139000,139000
7053244,Ducky ONE 2 TKL RGB SEAMLESS PBT 이중사출 한글 (적축),129000,129000,129000,129000,129000,129000,129000,129000
14998151,Ducky ONE 2 TKL SEAMLESS BON VOYAGE PBT 이중사출 한글 (갈축),99000,99000,99000,99000,99000,99000,99000,99000
14998157,Ducky ONE 2 TKL SEAMLESS BON VOYAGE PBT 이중사출 한글 (적축),99000,99000,99000,99000,99000,99000,99000,99000
12586568,Ducky ONE 2 TKL SEAMLESS TUXEDO PBT 이중사출 한글 (저소음 적축),99000,99000,99000,99000,99000,99000,99000,99000
16986686,Ducky ONE 3 SF RGB DayBreak PBT 이중사출 한글 (저소음 적축),189000,189000,189000,189000,189000,189000,189000,189000
14979101,Ducky One 2 SEAMLESS ROSA PBT 이중사출 한글 (은축),99000,99000,99000,99000,99000,99000,99000,99000
98410835,EBUFF IT-M235,6500,6500,6500,6500,6500,6500,6500,6500
89602220,EBUFF MINI-K110,5890,5890,5890,5890,5890,5890,5890,5890
98410637,EBUFF MINI-MK110 키보드 마우스 세트,8500,8500,8500,8500,8500,8500,8500,8500
49832561,ENDGAME GEAR KB65HE,179580,179580,179580,179580,179580,179580,179580,179580
39911132,EPOMAKER Brick 87 유무선 기계식 (해외구매),136170,136170,136170,136170,136170,136170,136170,136170
122728404,EPOMAKER Cloudgel 구름젤 팜레스트 세트 (그린),31410,31410,31410,31410,31410,31410,31410,31410
122728412,EPOMAKER Cloudgel 구름젤 팜레스트 세트 (블루),31410,31410,31410,31410,31410,31410,31410,31410
122728413,EPOMAKER Cloudgel 구름젤 팜레스트 세트 (투명),31410,31410,31410,31410,31410,31410,31410,31410
122728414,EPOMAKER Cloudgel 구름젤 팜레스트 세트 (퍼플),34900,34900,34900,34900,34900,34900,34900,34900
122728417,EPOMAKER Cloudgel 구름젤 팜레스트 세트 (핑크),31410,31410,31410,31410,31410,31410,31410,31410
68689841,EPOMAKER DynaTab 75X 유무선 기계식 (해외구매),338000,338000,338000,338000,338000,338000,338000,338000
49997936,EPOMAKER EK21 유무선 (해외구매),44980,44980,44980,44950,44950,44950,44950,44950
29826086,EPOMAKER EP64 유무선 기계식 (해외구매),134850,134850,134850,134850,134850,134850,134850,134850
29847464,EPOMAKER EP84 Plus 유무선 기계식 (해외구매),106880,106880,106880,106880,106880,106880,106880,106880
122727045,EPOMAKER G84 PRO 유무선 기계식 (저소음 바다소금축),118000,118000,109000,109000,109000,109000,109000,109000
122727042,EPOMAKER G84 PRO 유무선 기계식 (크리미축),119000,119000,119000,119000,119000,119000,119000,119000
106745876,EPOMAKER GALAXY100 LITE 유무선 기계식 블랙 (마블 화이트축),137990,137990,137990,137990,137990,137990,137640,137640
107989274,EPOMAKER GALAXY100 LITE 유무선 기계식 블랙 (위스테리아 리니어축),100000,100000,100000,100000,100000,100000,99000,99000
106745879,EPOMAKER GALAXY100 LITE 유무선 기계식 크림 화이트 (마블 화이트축),99000,100000,100000,100000,100000,100000,100000,99000
107989277,EPOMAKER GALAXY100 LITE 유무선 기계식 크림 화이트 (위스테리아 리니어축),100000,100000,100000,100000,100000,100000,99000,99000
93802982,EPOMAKER GALAXY100 유무선 기계식,128090,128090,127830,128090,128090,128090,127730,127730
94200335,EPOMAKER Galaxy68 유무선 기계식 (해외구매),127420,127420,127420,126040,126040,126040,126040,126040
68914664,EPOMAKER Galaxy70 유무선 기계식 해외구매,73500,73500,72720,72720,72720,72720,72720,72720
98770847,EPOMAKER HACK59 유무선 기계식 (해외구매),60540,60540,60540,63170,63170,63170,63170,63170
98777870,EPOMAKER Magcore65 Lite 유무선 (해외구매),94660,94660,94660,98790,98790,98790,98790,98790
79404845,EPOMAKER P65 유무선 기계식 (해외구매),190590,190590,190590,190590,190590,190590,190590,190590
64297625,EPOMAKER P75 유무선 기계식 (해외구매),181400,181400,181400,181400,181400,181400,181400,181400
124047134,EPOMAKER QK108 유무선 기계식,149000,149000,149000,149000,119200,119200,119200,149000
94200863,EPOMAKER QK81 유무선 기게식 (해외구매),76820,76820,76820,80160,80160,80160,80160,80160
123652140,EPOMAKER RT100 PRO 유무선 기계식,179000,179000,179000,179000,179000,179000,179000,179000
19771688,EPOMAKER RT100 유무선 해외구매 (옵션선택구성),200200,200200,200200,200200,200200,200200,200200,200200
68912807,EPOMAKER RT65 유무선 기계식 (해외구매),106900,106900,106900,112224,112224,112224,112224,112224
68914391,EPOMAKER RT80 유무선 기계식 (해외구매),110310,110310,110310,115110,115110,115110,115110,115110
98778017,EPOMAKER RT85 유무선 기계식 (해외구매),123180,123180,123180,128550,128550,128550,128550,128550
67624574,EPOMAKER Shadow-X 유무선 기계식 (해외구매),102100,102100,102100,102100,102100,102100,102100,102100
74335349,EPOMAKER Split65 유무선 기계식 (해외구매),88200,88200,88200,88200,88200,88200,88200,88200
99743480,EPOMAKER Split70 기계식 (해외구매),167440,167440,167440,174720,174720,174720,174720,174720
100619717,EPOMAKER TH108 유무선 기계식 (저소음 바다소금축),119000,119000,119000,119000,119000,119000,119000,119000
100619753,EPOMAKER TH108 유무선 기계식 (지브라축),114000,114000,114000,114000,114000,114000,114000,114000
93443123,EPOMAKER TH108 유무선 기계식 해외구매,54720,54720,54720,54720,54720,54720,54720,54720
62074610,EPOMAKER TH40 유무선 (해외구매),77310,77310,77310,82464,82464,82464,82464,82464
52258145,EPOMAKER TH80 Pro V2 유무선 기계식 (해외구매),134050,134050,134050,134050,134050,134050,134050,134050
106745837,EPOMAKER TH99 PRO 유무선 기계식 (블랙),139000,139000,139000,139000,139000,139000,139000,139000
106745840,EPOMAKER TH99 PRO 유무선 기계식 (핑크),79000,79000,79000,79000,79000,79000,79000,79000
106745846,EPOMAKER TH99 PRO 유무선 기계식 (화이트 블루),79000,79000,79000,79000,79000,79000,79000,79000
94635122,EPOMAKER TH99 유무선 기계식 (블랙),99000,99000,99000,99000,99000,99000,99000,99000
94635086,EPOMAKER TH99 유무선 기계식 (화이트블루),69000,69000,69000,69000,69000,69000,69000,69000
35393735,EPOMAKER x Feker Galaxy80 유무선 기계식 (해외구매),194000,194000,194000,194000,194000,194000,194000,194000
99745400,EPOMAKER 세모키 100 3모드 리니어 유무선 기계식,263890,263890,263890,263890,263890,263890,245680,245680
96057062,EVOWORKS EVO75 유무선 기계식 (해외구매),198190,198190,198150,198150,198190,198190,198190,198190
68300117,EVOWORKS EVO80 유무선 기계식 (해외구매),167340,167340,167340,172800,172800,172800,172800,172800
94815623,EWEADN GX710,44460,44460,44460,44460,44460,44460,44460,44460
74005733,EWEADN GX710 해외구매,23000,23000,23000,23000,23000,23000,23000,23000
67511288,EWEADN K520 (해외구매),67500,67500,67500,67500,67500,67500,67500,67500
99557696,EWEADN Smart 875 유무선 기계식 (해외구매),81420,81420,81420,84960,84960,84960,84960,84960
30195950,FL-ESPORTS CMK75 유무선 LCD 핫스왑 풀윤활 기계식 발렌타인 핑크 한글 (저소음 크림축),108000,108000,108000,108000,108000,108000,108000,108000
30195743,FL-ESPORTS CMK75 유무선 LCD 핫스왑 풀윤활 기계식 차콜 그레이 한글 (실버축),101000,101000,101000,101000,101000,101000,101000,101000
58848209,FL-ESPORTS CMK75 유무선 LCD 핫스왑 풀윤활 기계식 차콜 그레이 한글 (저소음 스노우축),101000,101000,101000,101000,101000,101000,101000,101000
30195770,FL-ESPORTS CMK75 유무선 LCD 핫스왑 풀윤활 기계식 차콜 그레이 한글 (저소음 크림축),108000,108000,108000,108000,108000,108000,108000,108000
30195614,FL-ESPORTS CMK75 유무선 LCD 핫스왑 풀윤활 기계식 차콜 그레이 한글 (핑크축),92000,92000,92000,92000,92000,92000,92000,92000
30195884,FL-ESPORTS CMK75 유무선 LCD 핫스왑 풀윤활 기계식 차콜 그레이 한글 (황축),92000,92000,92000,92000,92000,92000,92000,92000
30196091,FL-ESPORTS CMK75 유무선 LCD 핫스왑 풀윤활 기계식 화이트 그레이 한글 (저소음 라임축),101000,101000,101000,101000,101000,101000,101000,101000
58848218,FL-ESPORTS CMK75 유무선 LCD 핫스왑 풀윤활 기계식 화이트 그레이 한글 (저소음 스노우축),101000,101000,101000,101000,101000,101000,101000,101000
30196064,FL-ESPORTS CMK75 유무선 LCD 핫스왑 풀윤활 기계식 화이트 그레이 한글 (저소음 크림축),108000,108000,108000,108000,108000,108000,108000,108000
30196082,FL-ESPORTS CMK75 유무선 LCD 핫스왑 풀윤활 기계식 화이트 그레이 한글 (저소음 피치축),101000,101000,101000,101000,101000,101000,101000,101000
30196031,FL-ESPORTS CMK75 유무선 LCD 핫스왑 풀윤활 기계식 화이트 그레이 한글 (핑크축),92000,92000,92000,92000,92000,92000,92000,92000
30196079,FL-ESPORTS CMK75 유무선 LCD 핫스왑 풀윤활 기계식 화이트 그레이 한글 (황축),92000,92000,92000,92000,92000,92000,92000,92000
30119780,FL-ESPORTS CMK75 유무선 기계식 해외구매 (옵션선택구성),236260,236260,236260,236260,236260,236260,236260,236260
28772345,FL-ESPORTS CMK87 유무선 핫스왑 풀윤활 기계식 폴라 나이트 블랙 한글 (저소음 크림축),198000,198000,198000,198000,198000,198000,198000,198000
28772471,FL-ESPORTS CMK87 유무선 핫스왑 풀윤활 기계식 화이트 그레이 한글 (저소음 크림축),269000,269000,269000,269000,269000,269000,269000,269000
19520744,FL-ESPORTS CMK99 유무선 기계식 모노크롬 (GOLD PINK V2),271580,271580,271580,271580,271580,271580,271580,271580
29664815,FL-ESPORTS CMK99 유무선 핫스왑 풀윤활 기계식 폴라 나이트 블랙 한글 (백축),198000,198000,198000,198000,198000,198000,198000,198000
29664911,FL-ESPORTS CMK99 유무선 핫스왑 풀윤활 기계식 화이트 그레이 한글 (갈축),198000,198000,198000,198000,198000,198000,198000,198000
29664917,FL-ESPORTS CMK99 유무선 핫스왑 풀윤활 기계식 화이트 그레이 한글 (백축),198000,198000,198000,198000,198000,198000,198000,198000
29664926,FL-ESPORTS CMK99 유무선 핫스왑 풀윤활 기계식 화이트 그레이 한글 (저소음 크림축),209000,209000,209000,209000,209000,209000,209000,209000
40577945,FL-ESPORTS FL-CMMK 월넛 팜레스트 (미니배열),14900,14900,14900,14900,14900,14900,14900,14900
40579742,FL-ESPORTS FL-CMMK 월넛 팜레스트 (텐키리스),14900,14900,14900,14900,14900,14900,14900,14900
18021494,FL-ESPORTS FL680 RGB 기계식 키보드 (해외구매),91030,91030,91030,91030,91030,91030,91030,91030
90501662,FL-ESPORTS Geo65 유무선 기계식 드림 그린 (BCP),109000,109000,109000,109000,109000,109000,109000,109000
90501671,FL-ESPORTS Geo65 유무선 기계식 드림 그린 (리치베리축),98000,98000,98000,98000,98000,98000,98000,98000
90501644,FL-ESPORTS Geo65 유무선 기계식 드림 그린 (저소음 스노우축),109000,109000,109000,109000,109000,109000,109000,109000
77015150,FL-ESPORTS Geo65 유무선 기계식 딥 그레이 (BCP),109000,109000,109000,109000,109000,109000,109000,109000
77015147,FL-ESPORTS Geo65 유무선 기계식 딥 그레이 (리치베리축),98000,98000,98000,98000,98000,98000,98000,98000
77015144,FL-ESPORTS Geo65 유무선 기계식 딥 그레이 (저소음 스노우축),109000,109000,109000,109000,109000,109000,109000,109000
77015132,FL-ESPORTS Geo65 유무선 기계식 러브 핑크 (BCP),109000,109000,109000,109000,109000,109000,109000,109000
77015129,FL-ESPORTS Geo65 유무선 기계식 러브 핑크 (리치베리축),98000,98000,98000,98000,98000,98000,98000,98000
77015123,FL-ESPORTS Geo65 유무선 기계식 러브 핑크 (저소음 스노우축),109000,109000,109000,109000,109000,109000,109000,109000
77015114,FL-ESPORTS Geo65 유무선 기계식 버블 블루 (BCP),109000,109000,109000,109000,109000,109000,109000,109000
77015111,FL-ESPORTS Geo65 유무선 기계식 버블 블루 (리치베리축),98000,98000,98000,98000,98000,98000,98000,98000
77015108,FL-ESPORTS Geo65 유무선 기계식 버블 블루 (저소음 스노우축),109000,109000,109000,109000,109000,109000,109000,109000
90501740,FL-ESPORTS Geo75 유무선 기계식 드림 그린 (BCP),119000,119000,119000,119000,119000,119000,119000,119000
90501749,FL-ESPORTS Geo75 유무선 기계식 드림 그린 (리치베리축),109000,109000,109000,109000,109000,109000,109000,109000
90501722,FL-ESPORTS Geo75 유무선 기계식 드림 그린 (저소음 스노우축),119000,119000,119000,119000,119000,119000,119000,119000
77015207,FL-ESPORTS Geo75 유무선 기계식 딥 그레이 (BCP),119000,119000,119000,119000,119000,119000,119000,119000
77015204,FL-ESPORTS Geo75 유무선 기계식 딥 그레이 (리치베리축),109000,109000,109000,109000,109000,109000,109000,109000
77015201,FL-ESPORTS Geo75 유무선 기계식 딥 그레이 (저소음 스노우축),119000,119000,119000,119000,119000,119000,119000,119000
77015195,FL-ESPORTS Geo75 유무선 기계식 러브 핑크 (BCP),119000,119000,119000,119000,119000,119000,119000,119000
77015189,FL-ESPORTS Geo75 유무선 기계식 러브 핑크 (리치베리축),109000,109000,109000,109000,109000,109000,109000,101370
77015186,FL-ESPORTS Geo75 유무선 기계식 러브 핑크 (저소음 스노우축),119000,119000,119000,119000,119000,119000,119000,110670
122710751,FL-ESPORTS Geo75 유무선 기계식 러브 핑크 (중고),89250,89250,89250,89250,89250,89250,89250,89250
77015180,FL-ESPORTS Geo75 유무선 기계식 버블 블루 (BCP),119000,119000,119000,119000,119000,119000,119000,119000
77015177,FL-ESPORTS Geo75 유무선 기계식 버블 블루 (리치베리축),109000,109000,109000,109000,109000,109000,109000,109000
77015171,FL-ESPORTS Geo75 유무선 기계식 버블 블루 (저소음 스노우축),119000,119000,119000,119000,119000,119000,119000,119000
122692909,FL-ESPORTS NX108 유무선 기계식 스노우 블루 (리치베리축),77000,77000,77000,77000,77000,77000,77000,77000
122692901,FL-ESPORTS NX108 유무선 기계식 스노우 블루 (저소음 갈축),82000,82000,82000,82000,82000,82000,82000,82000
122692916,FL-ESPORTS NX108 유무선 기계식 스노우 블루 (저소음 파도축),82000,82000,82000,82000,82000,82000,82000,82000
97122362,FL-ESPORTS NX108 유무선 기계식 크림 말차 (리치베리축),77000,77000,77000,77000,77000,77000,77000,77000
104964920,FL-ESPORTS NX108 유무선 기계식 크림 말차 (저소음 갈축),82000,82000,82000,82000,82000,82000,82000,82000
97122386,FL-ESPORTS NX108 유무선 기계식 크림 말차 (저소음 스노우축),82000,82000,82000,82000,82000,82000,82000,82000
97122377,FL-ESPORTS NX108 유무선 기계식 크림 말차 (저소음 파도축),82000,82000,82000,82000,82000,82000,82000,82000
97122422,FL-ESPORTS NX108 유무선 기계식 크림 핑크 (리치베리축),77000,77000,77000,77000,77000,77000,77000,77000
104964917,FL-ESPORTS NX108 유무선 기계식 크림 핑크 (저소음 갈축),82000,82000,82000,82000,82000,82000,82000,82000
97122407,FL-ESPORTS NX108 유무선 기계식 크림 핑크 (저소음 스노우축),82000,82000,82000,82000,82000,82000,82000,82000
97122413,FL-ESPORTS NX108 유무선 기계식 크림 핑크 (저소음 파도축),82000,82000,82000,82000,82000,82000,82000,82000
122685209,FL-ESPORTS NX108HE 네온 그레이 (레몬축),78400,78400,78400,78400,78400,78400,78400,78400
122685205,FL-ESPORTS NX108HE 네온 그레이 (아이비축),78400,78400,78400,78400,78400,78400,78400,78400
122686541,FL-ESPORTS NX108HE 네온 그레이 (저소음 스톰축),87200,87200,87200,87200,87200,87200,87200,87200
122685195,FL-ESPORTS NX108HE 민트 블랙 (레몬축),78400,78400,78400,78400,78400,78400,78400,78400
122685193,FL-ESPORTS NX108HE 민트 블랙 (아이비축),78400,78400,78400,78400,78400,78400,78400,78400
122685200,FL-ESPORTS NX108HE 민트 블랙 (저소음 스톰축),87200,87200,87200,87200,87200,87200,87200,87200
122685182,FL-ESPORTS NX108HE 핫 핑크 (레몬축),78400,78400,78400,78400,78400,78400,78400,78400
122685174,FL-ESPORTS NX108HE 핫 핑크 (아이비축),78400,78400,78400,78400,78400,78400,78400,78400
122685186,FL-ESPORTS NX108HE 핫 핑크 (저소음 스톰축),87200,87200,87200,87200,87200,87200,87200,87200
122699150,FL-ESPORTS NX87HE 네온 그레이 (레몬축),71200,71200,71200,71200,71200,71200,71200,71200
122686546,FL-ESPORTS NX87HE 네온 그레이 (아이비축),71200,71200,71200,71200,71200,71200,71200,71200
122699149,FL-ESPORTS NX87HE 네온 그레이 (저소음 스톰축),78400,78400,78400,78400,78400,78400,78400,78400
122685148,FL-ESPORTS NX87HE 민트 블랙 (레몬축),71200,71200,71200,71200,71200,71200,71200,71200
122685142,FL-ESPORTS NX87HE 민트 블랙 (아이비축),71200,71200,71200,71200,71200,71200,71200,71200
122686542,FL-ESPORTS NX87HE 민트 블랙 (저소음 스톰축),78400,78400,98000,98000,78400,78400,78400,78400
122685136,FL-ESPORTS NX87HE 핫 핑크 (레몬축),71200,71200,71200,71200,71200,71200,71200,71200
122685132,FL-ESPORTS NX87HE 핫 핑크 (아이비축),89000,89000,89000,89000,89000,71200,71200,71200
122685139,FL-ESPORTS NX87HE 핫 핑크 (저소음 스톰축),92120,92120,95060,95060,95060,95060,95060,78400
123032886,FL-ESPORTS OG104N 레트로 유무선 기계식 골든 브라운 (리치베리축),109000,109000,109000,109000,109000,109000,109000,109000
123032890,FL-ESPORTS OG104N 레트로 유무선 기계식 골든 브라운 (저소음 카라멜축),119000,119000,119000,119000,119000,119000,119000,119000
123032896,FL-ESPORTS OG104N 레트로 유무선 기계식 골든 브라운 (저소음 파도축),119000,119000,119000,119000,119000,119000,119000,119000
123775992,FL-ESPORTS OG104N 레트로 유무선 기계식 골든 브라운 (중고),89250,89250,89250,89250,89250,89250,89250,89250
123032904,FL-ESPORTS OG104N 레트로 유무선 기계식 다크 믹스 (리치베리축),109000,109000,109000,109000,109000,109000,109000,109000
123032906,FL-ESPORTS OG104N 레트로 유무선 기계식 다크 믹스 (저소음 카라멜축),119000,119000,119000,119000,119000,119000,119000,119000
123032909,FL-ESPORTS OG104N 레트로 유무선 기계식 다크 믹스 (저소음 파도축),119000,119000,119000,119000,119000,119000,119000,119000
123032866,FL-ESPORTS OG104N 레트로 유무선 기계식 레트로 그레이 (리치베리축),109000,109000,109000,109000,109000,109000,109000,109000
123032869,FL-ESPORTS OG104N 레트로 유무선 기계식 레트로 그레이 (저소음 카라멜축),119000,119000,119000,119000,119000,119000,119000,119000
123032874,FL-ESPORTS OG104N 레트로 유무선 기계식 레트로 그레이 (저소음 파도축),119000,119000,119000,119000,119000,119000,119000,119000
36708386,FL-ESPORTS OG87 유무선 핫스왑 풀윤활 기계식 그레이 한글 (저소음 크림축),149000,149000,149000,149000,149000,149000,149000,149000
122692942,FL-ESPORTS X80 유무선 기계식 버블 블루 (저소음 스노우축),64800,64800,64800,64800,64800,64800,64800,64800
122692944,FL-ESPORTS X80 유무선 기계식 블랙 레드 (저소음 스노우축),64800,64800,64800,64800,64800,64800,64800,64800
122692924,FL-ESPORTS X80 유무선 기계식 스노우 블루 (리치베리축),59800,59800,59800,59800,59800,59800,59800,59800
122692956,FL-ESPORTS X80 유무선 기계식 스노우 블루 (저소음 갈축),64800,64800,64800,64800,64800,64800,64800,64800
122692933,FL-ESPORTS X80 유무선 기계식 스노우 블루 (저소음 파도축),64800,64800,64800,64800,64800,64800,64800,64800
122692922,FL-ESPORTS X80 유무선 기계식 크림 말차 (리치베리축),59800,59800,59800,59800,59800,59800,59800,59800
122692954,FL-ESPORTS X80 유무선 기계식 크림 말차 (저소음 갈축),64800,64800,64800,64800,64800,64800,64800,64800
122692939,FL-ESPORTS X80 유무선 기계식 크림 말차 (저소음 스노우축),64800,64800,64800,64800,64800,64800,64800,64800
122692932,FL-ESPORTS X80 유무선 기계식 크림 말차 (저소음 파도축),64800,64800,64800,64800,64800,64800,64800,64800
96364544,FL-ESPORTS X80 유무선 기계식 크림 핑크 (리치베리축),59800,59800,59800,59800,59800,59800,59800,59800
104964914,FL-ESPORTS X80 유무선 기계식 크림 핑크 (저소음 갈축),64800,64800,64800,64800,64800,64800,64800,64800
96364556,FL-ESPORTS X80 유무선 기계식 크림 핑크 (저소음 스노우축),64800,64800,64800,64800,64800,64800,64800,64800
96364547,FL-ESPORTS X80 유무선 기계식 크림 핑크 (저소음 파도축),64800,64800,64800,64800,64800,64800,64800,64800
74116346,FREE WOLF K8 유무선 해외구매,38490,38490,38490,38490,38490,38490,38490,38490
122654016,FURYCUBE M30HE,62210,62210,62210,62210,62210,62240,62270,62270
81718511,For LG LPA-K3200,9860,9960,9960,9960,9960,9960,9860,9860
76404302,ForgeAnt F20 (해외구매),16460,16460,16460,16300,16300,16300,16300,16300
40022582,G.SKILL 크리스탈 크라운 키캡 (해외구매),29500,29500,29500,29500,29500,29500,29500,29500
48479720,GDEVIL G712LS PLUTON 유무선 기계식 (블랙블루),95040,96780,96780,96780,96780,96780,96780,96780
31965395,GDEVIL G810 JAVELIN 유무선 기계식 다크그레이 (청축),90300,90300,90300,90300,90300,90300,90300,90300
31965659,GDEVIL G810 JAVELIN 유무선 기계식 화이트 (갈축),90290,90290,90290,90290,90290,90290,90290,90290
31965671,GDEVIL G810 JAVELIN 유무선 기계식 화이트 (적축),89900,89900,89900,89900,89900,89900,89900,89900
31965587,GDEVIL G810 JAVELIN 유무선 기계식 화이트 (청축),90300,90300,90300,90300,90300,90300,90300,90300
78236834,GDEVIL G812 METEOR 기계식 (라벤더),49800,49800,49800,49800,49800,49800,49800,49800
78236831,GDEVIL G812 METEOR 기계식 (밀키브라운),49800,49800,49800,49800,49800,49800,49800,49800
75465653,GDEVIL G812 METEOR 기계식 (아이스블루),49800,49800,49800,49800,49800,49800,49800,49800
78613208,GDEVIL G812 METEOR 기계식 와인퍼플,49800,49800,49800,49800,49800,49800,49800,49800
44906630,GDEVIL G815 유무선 기계식,97990,98000,98000,98000,98000,98000,98000,98000
61421708,GDEVIL G819MT TCOM,139000,139000,139000,139000,139000,139000,139000,139000
50125991,GDEVIL G912L CRUISE 유무선 기계식 (블랙블루),98990,98990,99000,99000,99000,99000,99000,99000
50125997,GDEVIL G912L CRUISE 유무선 기계식 (블루블랙),94090,94180,94240,94340,94460,94570,94660,94750
29337731,GDEVIL G915 PRINCE 기계식 (ARMY GREEN),150300,150300,150300,150300,150300,150300,150300,150300
21628142,GDEVIL G917 SCUD 기계식 블랙 (갈축),46100,,,,,,,
21628127,GDEVIL G917 SCUD 기계식 블랙 (적축),46100,,,,,,,
21628058,GDEVIL G917 SCUD 기계식 블랙 (청축),46100,,,,,,,
21628217,GDEVIL G917 SCUD 기계식 화이트 (갈축),44800,44800,43900,43900,43900,43900,43900,44800
21628193,GDEVIL G917 SCUD 기계식 화이트 (적축),43230,43230,43230,43230,43290,43310,43240,42780
21628175,GDEVIL G917 SCUD 기계식 화이트 (청축),44800,44800,44800,44800,44800,44800,44800,44800
78986852,GDEVIL G918 PRO HyperTrack (그레이),81040,81060,81120,81220,81340,84990,84990,84990
78986861,GDEVIL G918 PRO HyperTrack (핑크),78990,78990,79040,79040,79040,79040,79040,79040
28365932,GDEVIL GPR100,10900,10900,10900,10900,10900,10900,10900,10900
28365863,GDEVIL GPR80,10140,10240,10220,10220,10220,10220,10220,10130
42381968,GDEVIL K100B 무선 (민트 퍼플),36765,36765,36315,37480,37480,37480,37480,37330
42381539,GDEVIL K100B 무선 (블랙 옐로우),33450,34070,34070,34070,34070,34070,33730,33730
42382316,GDEVIL K100B 무선 (퍼플 화이트),29550,29550,29550,29550,29550,29550,29550,29550
64299431,GDEVIL K300,11900,11900,11900,11900,11900,11900,11900,11900
64299638,GDEVIL MK300 키보드 마우스 세트,16730,16730,16730,16730,16730,16730,16730,16730
39539684,GDEVIL MK500W 무선 키보드 마우스 세트,36820,37900,37900,37900,37900,37900,37900,37900
28366439,GDEVIL MK700W 무선 키보드 마우스 세트 (민트),33900,33900,33900,33900,33900,33900,33900,33900
28366412,GDEVIL MK700W 무선 키보드 마우스 세트 (옐로우),41080,37100,36693,37100,37100,37100,37100,37100
28366451,GDEVIL MK700W 무선 키보드 마우스 세트 (퍼플),33900,33900,33900,33900,33900,33900,33900,33900
64300079,GDEVIL V1 무선,68750,68750,68750,68750,68750,68750,68750,68750
106695500,GEOMAX GM-YK2100,19900,19900,19900,19900,19900,19900,19900,19900
96367823,Geonworks Venom 60 HE 플레이트 (해외구매),47340,47340,47340,47340,47340,47340,47340,47340
60308438,HAGIBIS JPT01 수납형,6900,6900,6900,6900,6900,6900,6900,6900
73121552,HK엔터프라이즈 산리오 키보드 손목패드 (마이멜로디),10150,10000,10000,10000,10000,10000,10000,10000
73121579,HK엔터프라이즈 산리오 키보드 손목패드 (시나모롤),9850,9850,9850,9850,9850,9850,9850,9850
73121504,HK엔터프라이즈 산리오 키보드 손목패드 (쿠로미),10150,10000,10000,10000,10000,10000,10000,10000
73121567,HK엔터프라이즈 산리오 키보드 손목패드 (포차코),12890,10000,10000,10000,10000,10000,10000,10000
73121453,HK엔터프라이즈 산리오 키보드 손목패드 (폼폼푸린),10150,10000,10000,10000,10000,10000,10000,10000
73121471,HK엔터프라이즈 산리오 키보드 손목패드 (헬로키티),10470,10000,10000,10000,10000,10000,10000,10000
58292306,HP 125,10360,10380,10100,10100,10100,10100,10100,10100
62792381,HP 225 키보드 마우스 세트,20580,20580,20580,20650,20770,20790,20870,20950
27883376,HP 230 무선 키보드 마우스 세트,29900,29900,29900,29900,29900,29900,29900,29900
54314759,HP 355 블루투스,40900,40900,40900,40900,40900,40900,40900,40900
57506609,HP 435 무선,43350,43380,43420,43520,43640,43740,43840,43920
31979114,HP 450 무선,41990,41990,42000,39850,39850,39850,39850,39850
62789729,HP 455 무선,43890,43890,43890,41750,41750,41750,41750,41750
122643367,HP 725 무선 키보드 마우스 세트,104890,104890,104890,100340,100340,100340,100340,100340
4897041,HP GK1100 Gaming Combo,120780,120780,120780,120780,120780,120780,120780,120780
18150011,HP HP 235 무선 영문 키보드 마우스 세트,29000,29000,29000,29000,29000,29000,29000,29000
18076691,HP HP 235 무선 한글 키보드 마우스 세트,26000,26000,26000,26000,26000,26000,25990,27650
5628718,HP KM100 Combo (키스킨 미포함),21660,21660,21660,21660,21660,21660,21660,21660
6230188,HP KM100 Combo (키스킨 포함),32250,32250,32250,32250,32250,32250,32250,32250
11785609,HP KM300F Combo,20090,20090,20090,20090,20090,20090,20090,19470
4911167,HP N3R87AA,21900,21900,21900,21900,21900,21900,21900,21900
17453324,HP 데스크탑 320K 키보드,19450,19460,19500,19500,19600,19700,19720,19800
17457464,HUION KD100 (해외구매),104960,104960,104960,104960,104960,104960,104960,104960
65303033,HYTE Keeb TKL,224410,224410,224410,224410,224410,224410,224410,224410
123861084,HYTE 건담 윙 키캡 세트,194900,194900,194900,194900,194900,194900,194900,194900
123861089,HYTE 토키도키 X 홀로라이브 키캡 세트,194900,194900,194900,194900,194900,194900,194900,194900
95933129,Higround Summit 2.0 기계식 (해외구매),550300,550300,550300,550300,550300,550300,550300,550300
13780607,HyperX Alloy Origins (청축),154090,155730,155730,155730,155730,155730,155730,155730
15117029,HyperX Alloy Origins 60 (적축),139000,139000,139000,139000,139000,139000,139000,139000
17259974,HyperX Alloy Origins 65 (적축),139000,139000,139000,139000,139000,139000,139000,139000
28242818,HyperX Alloy Origins Core (아쿠아축),169000,169000,169000,169000,169000,169000,169000,169000
16678931,HyperX Alloy Origins Core (청축),159000,159000,159000,159000,159000,159000,159000,159000
88208399,HyperX Alloy Origins PBT (아쿠아축),179000,179000,179000,179000,179000,179000,179000,179000
75464144,HyperX Alloy Origins PBT (적축),163210,164940,164940,164940,164940,164940,164940,164940
88208405,HyperX Alloy Origins PBT (청축),179000,179000,179000,179000,179000,179000,179000,179000
59749613,HyperX Alloy Rise 75 기계식,199000,199000,199000,199000,199000,199000,199000,199000
99291575,HyperX Alloy Rise 75 탑플레이트,40410,40410,40410,41380,41380,41380,40940,40940
59749631,HyperX Alloy Rise 기계식,259000,259000,259000,259000,259000,259000,259000,259000
9348102,HyperX Double Shot PBT 이중사출 키캡 (블랙),33890,33890,33890,33890,33890,33890,33890,33890
15788885,IPLEX NKB100,7920,7920,7920,7920,7920,7920,7920,7920
17866859,IQUNIX L80 코스믹 트래블러 (해외구매),215000,215000,215000,215000,215000,215000,215000,215000
68300387,IQUNIX MG65 PRO 유무선 기계식 (해외구매),188700,188700,188700,196900,196900,196900,196900,196900
68300456,IQUNIX MG65 유무선 기계식 (해외구매),147100,147100,147100,145500,145500,145500,145500,145520
17866673,IQUNIX ZX75 (해외구매),180760,180760,180760,188620,188620,188620,188620,188620
98185622,IROK MG75 MAX 기계식 (해외구매),109480,109480,108290,108290,108290,108290,108290,108290
77964839,Irok ND63 (해외구매),34870,34870,34870,36390,36390,36390,36390,36390
77964773,Irok ND63 PRO (해외구매),67980,67980,67980,67260,67260,67260,67260,67260
9485163,JES JES-K1000 키보드 마우스 합본,8980,8980,8980,8980,8980,8980,8980,8980
18610883,JK네트웍스 AVEO JK-520V,13330,13330,13340,13340,13350,13350,13360,13360
17456624,JTK 키캡보관함 (Max),21810,21810,21810,21810,21810,21810,21810,21810
17456630,JTK 키캡보관함 (Standard),21810,21810,21810,21810,21810,21810,21810,21810
77861783,JamesDonkey R2 2.0 유무선 기계식 (해외구매),195300,195300,203790,203790,203790,203790,203790,203790
77861564,JamesDonkey R4 HE 유무선 (해외구매),183080,183080,183080,191040,191040,191040,191040,191040
77861885,JamesDonkey R4 유무선 기계식 (해외구매),180760,180760,188620,188620,188620,188620,188620,188620
122719729,KAPA KP-1080C,5950,5950,5950,5950,5950,5950,5950,5950
91425791,KEMOVE 올인원 키캡 스위치 리무버,14980,14980,14980,14980,14980,14980,14980,14980
48925247,KEYCOOL K19 유무선 (해외구매),33020,33020,33020,32680,32680,32680,32680,32680
119210916,KJ-018,5380,5380,5380,5380,5380,5380,5380,5220
78710441,Kelowna 스위치 윤활 스테이션,6900,6900,6900,6900,6900,6900,6900,6900
73890014,Keychron B1 PRO 유무선 (레트로 그린),44790,44790,44790,44790,44790,44790,44790,44790
73890026,Keychron B1 PRO 유무선 (레트로 레드),44790,44790,44790,44790,44790,44790,44790,44790
74489585,Keychron B1 PRO 유무선 (레트로 블루),44790,44790,44790,44790,44790,44790,44790,44790
60226793,Keychron B1 PRO 유무선 (바닐라 크림),44790,44790,44790,44790,44790,44790,44790,44790
60226670,Keychron B1 PRO 유무선 (스페이스 그레이),60020,60090,47420,47420,47420,47420,47420,47420
54482801,Keychron B1 유무선 (딥블랙),45080,45080,45080,45080,45080,45080,45080,45080
37928156,Keychron B1 유무선 (바닐라크림),39800,39800,39800,39800,39800,39800,39800,39800
28798127,Keychron B1 유무선 (소다블루),49770,49770,49770,49770,49770,49770,49770,49770
28798112,Keychron B1 유무선 (스페이스그레이),39800,39800,39800,39800,39800,39800,39800,39800
28798115,Keychron B1 유무선 (화이트),39800,39800,39800,39800,39800,39800,39800,39800
62635535,Keychron B1 전용 키스킨,6500,6500,6500,6500,6500,6500,6500,6500
106466279,Keychron B2 PRO (스페이스 그레이),47800,47800,47800,47800,49790,49790,49790,49790
106466762,Keychron B2 PRO (아이보리 화이트),47800,47800,46800,44200,44200,44200,44200,49790
74489981,Keychron B6 PRO 유무선 (레트로 그린),49790,49790,49790,49790,49790,49790,49790,49790
74489693,Keychron B6 PRO 유무선 (레트로 레드),49800,49800,49800,49800,49800,49800,49800,49800
74489690,Keychron B6 PRO 유무선 (레트로 블루),49790,49790,49790,49790,49790,49790,49790,49790
60226601,Keychron B6 PRO 유무선 (바닐라 크림),49790,49790,49790,49790,49790,49790,49790,49790
60226598,Keychron B6 PRO 유무선 (스페이스 그레이),49800,49800,49800,49800,49800,49800,49800,49800
77620547,Keychron B6 유무선 (바닐라 크림),44800,44800,44800,44800,44800,44800,44800,44800
28798172,Keychron B6 유무선 (스페이스그레이),44800,44800,44800,44800,44800,44800,44800,44800
62635547,Keychron B6 전용 키스킨,6460,6460,6460,6460,6460,6460,6460,6460
93022337,Keychron C2 PRO 8K 기계식 (저소음 바나나축),94000,94000,94000,94000,94000,94000,94000,94000
93022334,Keychron C2 PRO 8K 기계식 (저소음 적축),94000,94000,94000,94000,94000,94000,94000,94000
33994433,Keychron DC-1 아크릴 키보드 덮개,18900,18900,18900,18900,18900,18900,18900,18900
33997676,Keychron DC-10 아크릴 키보드 덮개,18400,18400,18400,18400,18400,18400,18400,18400
33997718,Keychron DC-11 아크릴 키보드 덮개,18900,18900,18900,18900,18900,18900,18900,18900
33997730,Keychron DC-12 아크릴 키보드 덮개,18900,18900,18900,18900,18900,18900,18900,18900
91042031,Keychron DC-16 아크릴 키보드 덮개,17530,17530,17530,17530,17530,17530,17530,17530
91042016,Keychron DC-17 아크릴 키보드 덮개,20000,20000,20000,20000,20000,20000,20000,20000
33994439,Keychron DC-2 아크릴 키보드 덮개,18600,18600,18600,18600,18600,18600,18600,18600
33994454,Keychron DC-3 아크릴 키보드 덮개,18900,18900,18900,18900,18900,18900,18900,18900
33994469,Keychron DC-5 아크릴 키보드 덮개,18620,18810,18810,18810,18810,18810,18810,18810
33994481,Keychron DC-6 아크릴 키보드 덮개,18400,18400,18400,18400,18400,18400,18400,18400
33994499,Keychron DC-7 아크릴 키보드 덮개,18900,18900,18900,18900,18900,18900,18900,18900
33994505,Keychron DC-8 아크릴 키보드 덮개,18900,18900,18900,18900,18900,18900,18900,18900
33997661,Keychron DC-9 아크릴 키보드 덮개,18900,18900,18900,18900,18900,18900,18900,18900
28417475,Keychron K PRO 스위치 110Pcs (갈축),46080,46080,46080,44640,44640,44640,44640,44640
109679480,Keychron K PRO 스위치 110Pcs (라이트 저소음 바나나축),41910,41920,41470,41470,41470,41470,41470,41480
28417616,Keychron K PRO 스위치 110Pcs (민트축),26890,26900,26900,26900,26900,26900,26900,26900
29664275,Keychron K PRO 스위치 110Pcs (바나나축),26880,26900,26900,26900,26900,26900,26900,26900
44407190,Keychron K PRO 스위치 110Pcs (저소음 갈축),41920,41920,41920,41920,41920,41920,41920,41920
74489033,Keychron K PRO 스위치 110Pcs (저소음 바나나축),41920,42370,42370,42370,42370,42370,42370,42370
28512428,Keychron K PRO 스위치 110Pcs (저소음 적축),41930,42370,42370,42370,42370,42370,42370,42370
109679507,Keychron K PRO 스위치 45Pcs (라이트 저소음 바나나축),20850,20860,20640,20640,20640,20640,20640,20650
72006206,Keychron K PRO 스위치 45Pcs (저소음 갈축),21900,21900,21900,21900,21900,21900,21900,21900
74489066,Keychron K PRO 스위치 45Pcs (저소음 바나나축),20860,21090,21090,21090,21090,21090,21090,21090
109679519,Keychron K PRO 스위치 45Pcs (헤비 저소음 바나나축),20850,20860,20640,20640,20640,20640,20640,20650
19296893,Keychron K1 전용 키스킨,5890,5890,5890,5850,5850,5850,5850,5850
106736498,Keychron K10 PRO MAX WOOD 유무선 블랙 (저소음 바나나축),185060,185060,185060,185060,185060,185060,185060,185060
106736507,Keychron K10 PRO MAX WOOD 유무선 화이트 (바나나축),185060,185060,185060,185060,185070,185060,185060,185060
106736516,Keychron K10 PRO MAX WOOD 유무선 화이트 (저소음 바나나축),185060,185060,185060,185060,185060,185060,185060,185060
71012702,Keychron K10 PRO MAX 유무선 기계식 레트로 (바나나축),154000,154000,154000,154000,164000,163990,163990,163990
74484239,Keychron K10 PRO MAX 유무선 기계식 레트로 (저소음 바나나축),159000,159000,159000,159000,168990,168990,168990,168990
71012693,Keychron K10 PRO MAX 유무선 기계식 레트로 (저소음 적축),159000,159000,159000,159000,169000,169000,169000,169000
71012699,Keychron K10 PRO MAX 유무선 기계식 레트로 (저소음 화이트축),158990,158990,159000,153000,153000,153000,153000,162000
93317327,Keychron K10 PRO MAX 유무선 기계식 레트로 파스텔 (바나나축),154000,154000,154000,154000,163990,163990,163990,163990
93317315,Keychron K10 PRO MAX 유무선 기계식 레트로 파스텔 (저소음 바나나축),185060,185060,185060,185060,185060,185060,185060,185060
93317306,Keychron K10 PRO MAX 유무선 기계식 레트로 파스텔 (저소음 적축),159000,159000,149800,159000,168990,168990,168990,168990
68440004,Keychron K10 PRO MAX 유무선 기계식 쉘화이트 (바나나축),154000,154000,154000,154000,164000,164000,164000,164000
68439974,Keychron K10 PRO MAX 유무선 기계식 쉘화이트 (저소음 갈축),164000,164000,164000,164000,164000,164000,164000,164000
68439983,Keychron K10 PRO MAX 유무선 기계식 쉘화이트 (저소음 적축),159000,159000,159000,159000,169000,169000,169000,169000
68439995,Keychron K10 PRO MAX 유무선 기계식 쉘화이트 (저소음 화이트축),159000,159000,159000,153000,153000,153000,153000,169000
93022346,Keychron K10 PRO MAX 유무선 기계식 카본블랙 (저소음 바나나축),159000,159000,159000,159000,169000,169000,169000,169000
71012672,Keychron K10 PRO MAX 유무선 기계식 카본블랙 (저소음 적축),159000,159000,159000,159000,168990,168990,168990,168990
71012675,Keychron K10 PRO MAX 유무선 기계식 카본블랙 (저소음 화이트축),158990,158990,159000,159000,162000,162000,162000,162000
54697733,Keychron K10 PRO SE 레트로 유무선 기계식 (바나나축),119000,119000,119000,119000,119000,119000,119000,119000
75855221,Keychron K10 PRO SE 레트로 유무선 기계식 (저소음 바나나축),124000,124000,124000,124000,124000,124000,124000,124000
54697727,Keychron K10 PRO SE 레트로 유무선 기계식 (저소음 적축),119000,119000,119000,119000,119000,119000,119000,119000
54697745,Keychron K10 PRO SE 쉘 화이트 유무선 기계식 (바나나축),177660,179550,189000,179550,179550,179550,179550,179550
54697742,Keychron K10 PRO SE 쉘 화이트 유무선 기계식 (저소음 적축),149000,149000,149000,149000,149000,149000,149000,149000
54697763,Keychron K10 PRO SE 화이트 유무선 기계식 (저소음 적축),144000,144000,144000,144000,144000,144000,144000,144000
75855425,Keychron K10 PRO SE2 레트로 유무선 기계식 (바나나축),124000,124000,124000,124000,124000,124000,124000,124000
75855407,Keychron K10 PRO SE2 레트로 유무선 기계식 (저소음 바나나축),143990,143990,143990,144000,151500,151500,151500,151500
73468889,Keychron K10 PRO SE2 레트로 유무선 기계식 (저소음 적축),144000,144000,144000,144000,154000,154000,154000,154000
77081735,Keychron K10 PRO SE2 유무선 기계식 쉘화이트 (바나나축),139000,139000,139000,139000,149000,149000,149000,149000
77081786,Keychron K10 PRO SE2 유무선 기계식 화이트 (바나나축),139000,139000,136800,129200,129200,129200,129200,149000
95206826,Keychron K10 PRO ZMK 유무선 기계식 레트로 블루 (바나나축),129000,129000,129000,119000,119000,119000,119000,129000
78711734,Keychron K10 PRO ZMK 유무선 기계식 레트로 블루 (저소음 바나나축),139000,139000,139000,119000,119000,119000,119000,139000
95206817,Keychron K10 PRO ZMK 유무선 기계식 레트로 블루 (저소음 적축),144000,144000,138990,138990,138990,138990,138990,138990
102356123,Keychron K10 PRO ZMK 유무선 기계식 레트로 파스텔 (바나나축),132990,132990,126000,119000,119000,119000,119000,132990
102356117,Keychron K10 PRO ZMK 유무선 기계식 레트로 파스텔 (저소음 바나나축),138990,138990,126000,119000,119000,119000,119000,138990
102356114,Keychron K10 PRO ZMK 유무선 기계식 레트로 파스텔 (저소음 적축),138990,138990,139000,119000,119000,119000,119000,138990
95206955,Keychron K10 PRO ZMK 유무선 기계식 카본 블랙 (바나나축),139000,139000,139000,139000,144000,144000,144000,144000
95206952,Keychron K10 PRO ZMK 유무선 기계식 카본 블랙 (저소음 바나나축),147370,143990,126000,119000,119000,119000,119000,143990
95206949,Keychron K10 PRO ZMK 유무선 기계식 카본 블랙 (저소음 적축),139000,139000,139000,139000,139000,139000,139000,139000
123729794,Keychron K10 Ultra 유무선 기계식 레트로 (라이트 저소음 바나나축),182940,182940,182950,182950,182960,182960,182970,182970
123729797,Keychron K10 Ultra 유무선 기계식 레트로 (바나나축),184990,184990,185000,185000,185010,185010,185020,185020
123729795,Keychron K10 Ultra 유무선 기계식 레트로 (저소음 바나나축),182940,182940,182950,182950,182960,182960,182970,182980
123729801,Keychron K10 Ultra 유무선 기계식 레트로 (저소음 적축),185050,185050,185060,185060,185060,185060,185060,185060
123729805,Keychron K10 Ultra 유무선 기계식 레트로 베이지 (라이트 저소음 바나나축),182960,182960,182970,182970,182980,182980,182990,182990
123729809,Keychron K10 Ultra 유무선 기계식 레트로 베이지 (바나나축),185060,185060,185060,185060,185060,185060,185060,185060
123729808,Keychron K10 Ultra 유무선 기계식 레트로 베이지 (저소음 바나나축),182950,182950,182960,182960,182970,182970,182980,182980
123729810,Keychron K10 Ultra 유무선 기계식 레트로 베이지 (저소음 적축),184970,184970,184980,184980,184990,184990,185000,185010
123729783,Keychron K10 Ultra 유무선 기계식 레트로 파스텔 (라이트 저소음 바나나축),198990,198990,198990,198990,198990,198990,198990,198990
123729789,Keychron K10 Ultra 유무선 기계식 레트로 파스텔 (바나나축),184270,184270,184280,184280,184290,184290,184310,184320
123729785,Keychron K10 Ultra 유무선 기계식 레트로 파스텔 (저소음 바나나축),184990,184990,185000,185000,185010,185010,185020,185020
123729793,Keychron K10 Ultra 유무선 기계식 레트로 파스텔 (저소음 적축),198990,198990,198990,198990,198990,198990,198990,198990
123729816,Keychron K10 Ultra 유무선 기계식 블랙 (라이트 저소음 바나나축),182940,182940,182950,182950,182960,182960,182970,182980
123729819,Keychron K10 Ultra 유무선 기계식 블랙 (바나나축),182950,182950,182960,182960,182970,182970,182980,182980
123729817,Keychron K10 Ultra 유무선 기계식 블랙 (저소음 바나나축),182970,182970,182980,182980,182990,182990,183000,183000
123729820,Keychron K10 Ultra 유무선 기계식 블랙 (저소음 적축),183140,183140,183150,183150,183160,183160,183170,183170
44409245,Keychron K10 화이트 알루미늄 RGB 핫스왑 기계식 (저소음 적축),256800,256800,256800,256800,256800,256800,256800,256800
78712124,Keychron K15 PRO MAX 유무선 기계식 레트로 (저소음 적축),189360,189360,189360,189360,189360,189360,189360,189360
78712100,Keychron K15 PRO MAX 유무선 기계식 레트로 (적축),154000,154000,154000,154000,159800,159800,159800,159800
78711986,Keychron K15 PRO MAX 유무선 기계식 블랙 (적축),154000,154000,154000,154000,159800,159800,159800,159800
78712049,Keychron K15 PRO MAX 유무선 기계식 쉘화이트 (바나나축),154000,154000,154000,154000,159800,159800,159800,159800
78712064,Keychron K15 PRO MAX 유무선 기계식 쉘화이트 (저소음 적축),159000,159000,159000,159000,164800,164800,164800,164800
78712058,Keychron K15 PRO MAX 유무선 기계식 쉘화이트 (적축),154000,154000,154000,153000,153000,153000,153000,159790
106780319,Keychron K15 PRO SE ZMK 유무선 기계식 레트로 (바나나축),134800,134800,134800,129200,129200,129200,129200,134800
106780322,Keychron K15 PRO SE ZMK 유무선 기계식 레트로 (저소음 적축),134800,134800,134800,129200,129200,129200,129200,134800
106780259,Keychron K15 PRO SE ZMK 유무선 기계식 레트로 파스텔 (바나나축),134800,134800,134800,134800,134800,134800,134800,134800
106780250,Keychron K15 PRO SE ZMK 유무선 기계식 레트로 파스텔 (저소음 적축),134800,134800,134800,134800,134800,134800,134800,134800
106780304,Keychron K15 PRO SE ZMK 유무선 기계식 블랙 (바나나축),134800,134800,134800,129200,129200,129200,129200,134800
106780307,Keychron K15 PRO SE ZMK 유무선 기계식 블랙 (저소음 적축),134800,134800,134800,129200,129200,129200,129200,134800
106780271,Keychron K15 PRO SE ZMK 유무선 기계식 쉘화이트 (바나나축),134800,134800,134800,129200,129200,129200,129200,134800
106780253,Keychron K15 PRO SE ZMK 유무선 기계식 쉘화이트 (저소음 적축),134800,134800,134800,129200,129200,129200,129200,134800
74250272,Keychron K2 HE 유무선,289000,289000,289000,289000,289000,289000,289000,289000
54482912,Keychron K2 PRO 커스텀 보강판 (알루미늄),24990,24990,24990,23250,23250,23250,23250,23250
54482930,Keychron K2 PRO 커스텀 보강판 (폴리카보네이트),25380,25650,26990,25110,25110,25110,25110,25110
54482933,Keychron K2 PRO 커스텀 보강판 (황동),53990,53990,53990,50220,50220,50220,50220,50220
16269035,Keychron K3 Retro (적축),99000,99000,99000,99000,109000,109000,109000,109000
75935624,Keychron K5 SE2 유무선 기계식 (바나나축),118000,118000,118000,118000,124000,124000,124000,124000
60226319,Keychron K5 SE2 유무선 기계식 (저소음 적축),124000,124000,124000,124000,129000,129000,129000,129000
77620742,Keychron K5 전용 키스킨,5900,5900,5900,5900,5900,5900,5900,5900
122654068,Keychron K6 HE 유무선,189000,189000,189000,189000,189000,189000,189000,189000
106736660,Keychron K8 PRO MAX WOOD 유무선 블랙 (라이트 저소음 바나나축),185060,185060,185060,185060,185060,185060,185060,185060
106736693,Keychron K8 PRO MAX WOOD 유무선 블랙 (바나나축),185060,185060,185060,185060,185060,185060,185060,185060
106736690,Keychron K8 PRO MAX WOOD 유무선 블랙 (저소음 바나나축),185060,185060,185060,185060,185060,185060,185060,185060
106736729,Keychron K8 PRO MAX WOOD 유무선 화이트 (라이트 저소음 바나나축),185060,185060,185060,185060,185060,185060,185060,185060
106736744,Keychron K8 PRO MAX WOOD 유무선 화이트 (바나나축),185060,185060,185060,185060,185070,185060,185060,185060
106736738,Keychron K8 PRO MAX WOOD 유무선 화이트 (저소음 바나나축),185060,185060,185060,185060,185060,185060,185060,185060
71060555,Keychron K8 PRO MAX 유무선 기계식 레트로 (저소음 바나나축),158990,158990,159000,159000,162000,162000,162000,162000
71060573,Keychron K8 PRO MAX 유무선 기계식 레트로 (저소음 적축),159000,159000,159000,159000,168990,168990,168990,168990
71060564,Keychron K8 PRO MAX 유무선 기계식 레트로 (저소음 화이트축),159000,159000,159000,159000,168990,168990,168990,168990
68440097,Keychron K8 PRO MAX 유무선 기계식 쉘화이트 (바나나축),154000,154000,154000,154000,164000,164000,164000,164000
68440088,Keychron K8 PRO MAX 유무선 기계식 쉘화이트 (저소음 바나나축),159000,159000,159000,159000,168990,168990,168990,168990
71060543,Keychron K8 PRO MAX 유무선 기계식 카본블랙 (바나나축),154000,154000,154000,154000,164000,164000,164000,164000
71060534,Keychron K8 PRO MAX 유무선 기계식 카본블랙 (저소음 바나나축),158990,158990,158990,159000,162000,162000,162000,162000
71060540,Keychron K8 PRO MAX 유무선 기계식 카본블랙 (저소음 적축),158990,158990,159000,159000,162000,162000,162000,162000
71060537,Keychron K8 PRO MAX 유무선 기계식 카본블랙 (저소음 화이트축),159000,159000,159000,159000,169000,169000,169000,169000
106780070,Keychron K8 PRO SE ZMK 유무선 기계식 레트로 (바나나축),134000,134000,134000,134000,139000,139000,139000,139000
106780076,Keychron K8 PRO SE ZMK 유무선 기계식 레트로 (저소음 바나나축),139000,139000,139000,139000,139000,139000,139000,139000
106780082,Keychron K8 PRO SE ZMK 유무선 기계식 레트로 (저소음 적축),139000,139000,139000,139000,139000,139000,139000,139000
106780106,Keychron K8 PRO SE ZMK 유무선 기계식 카본 블랙 (바나나축),134000,134000,134000,134000,139000,139000,139000,139000
106780097,Keychron K8 PRO SE ZMK 유무선 기계식 카본 블랙 (저소음 바나나축),139000,139000,139000,139000,139000,139000,139000,139000
106780091,Keychron K8 PRO SE ZMK 유무선 기계식 카본 블랙 (저소음 적축),139000,139000,139000,139000,139000,139000,139000,139000
17308409,Keychron K8 PRO 알루미늄 RGB 핫스왑 무선 (갈축),389900,389900,389900,389900,389900,389900,389900,389900
123730215,Keychron K8 Ultra 유무선 기계식 레트로 (라이트 저소음 바나나축),182950,182950,182960,182960,182970,182970,182980,182980
123730217,Keychron K8 Ultra 유무선 기계식 레트로 (바나나축),182940,182940,182950,182950,182960,182960,182970,182970
123730216,Keychron K8 Ultra 유무선 기계식 레트로 (저소음 바나나축),182960,182960,182970,182970,182980,182980,182990,182990
123730218,Keychron K8 Ultra 유무선 기계식 레트로 (저소음 적축),182940,182940,182950,182950,182960,182960,182970,182970
123730206,Keychron K8 Ultra 유무선 기계식 블랙 (라이트 저소음 바나나축),182950,182950,182960,182960,182970,182970,182980,182990
123730209,Keychron K8 Ultra 유무선 기계식 블랙 (바나나축),182960,182960,182970,182970,182980,182980,182990,182990
123730208,Keychron K8 Ultra 유무선 기계식 블랙 (저소음 바나나축),183050,183050,183060,183060,183070,183070,183080,183080
123730214,Keychron K8 Ultra 유무선 기계식 블랙 (저소음 적축),182970,182970,182980,182980,182990,182990,183000,183000
98487332,Keychron KLUBE 105 윤활제,14100,14250,14250,14250,14250,14250,14250,14250
59749682,Keychron Lemokey X3 기계식,59000,59000,59000,50150,50150,50150,50150,59000
72006236,Keychron OSA 더블샷 PBT 키보드 교체용 커스텀 포인트 키캡 2pcs,7520,7520,7520,7520,7520,7520,7520,7520
16627046,Keychron PR1 호두나무 원목 팜레스트,22000,22000,22000,22000,22000,22000,22000,22000
12841670,Keychron PR3 호두나무 원목 팜레스트,29500,29500,29500,29500,29500,29500,29500,29500
33991499,Keychron PR45 실리콘 팜레스트,25000,25000,25000,25000,25000,25000,25000,25000
33991529,Keychron PR47 실리콘 팜레스트,25000,25000,25000,25000,25000,25000,25000,25000
91042187,Keychron PR57 실리콘 팜레스트,25380,25650,25650,25650,25650,25650,25650,25650
91042154,Keychron PR62 실리콘 팜레스트,25000,25000,25000,25000,25000,25000,25000,25000
91042250,Keychron PR63 실리콘 팜레스트,27840,27840,27840,26970,26970,26970,26970,26970
91042139,Keychron PR66 실리콘 팜레스트,25380,,,,,,,
64390361,Keychron PR68 실리콘 팜레스트,25000,25000,25000,25000,25000,25650,25000,25000
64390364,Keychron PR69 실리콘 팜레스트,25000,25000,25000,25000,25000,25000,25000,25000
91042076,Keychron PR71 실리콘 팜레스트,25380,25650,25650,25650,25650,25650,25650,25650
90574178,Keychron PR72 실리콘 팜레스트,25000,25000,25000,25000,25000,25000,25000,25000
91042118,Keychron PR73 실리콘 팜레스트,25380,25650,25650,25650,25650,25650,25650,25650
60231383,Keychron Q0 MAX 유무선 기계식 (갈축),184000,184000,184000,184000,184000,184000,184000,184000
60231563,Keychron Q0 MAX 유무선 기계식 (바나나축),184000,184000,184000,184000,184000,184000,184000,184000
60231158,Keychron Q0 MAX 유무선 기계식 (적축),184000,184000,184000,184000,184000,184000,184000,184000
28397684,Keychron Q0 커스텀 보강판 (황동),23030,23270,23270,23270,23270,23270,23270,23270
54482849,Keychron Q10 노브 커스텀 보강판 (알루미늄),24990,24990,23250,23250,23250,23250,23250,24990
39912002,Keychron Q10 노브 커스텀 보강판 (황동),59000,59000,59000,59000,59000,59000,59000,59000
123731364,Keychron Q11 Ultra 유무선 기계식,349000,349000,349000,349000,349000,349000,349000,349000
95206985,Keychron Q13 MAX 유무선 레트로 (바나나축),299000,299000,,,,,,
95206982,Keychron Q13 MAX 유무선 레트로 (저소음 바나나축),304000,304000,452900,452900,452900,452900,452900,452900
95206973,Keychron Q13 MAX 유무선 쉘화이트 (바나나축),299000,299000,,,,,,
95206970,Keychron Q13 MAX 유무선 쉘화이트 (저소음 바나나축),304000,304000,,,,,,
68688887,Keychron Q13 MAX 유무선 쉘화이트 (저소음 적축),304000,304000,304000,304000,304000,304000,304000,299000
73469018,Keychron Q15 MAX 유무선 기계식,299000,299000,299000,299000,299000,299000,299000,299000
39911816,Keychron Q5 노브 커스텀 보강판 (알루미늄),27000,27000,27000,27000,27000,27000,27000,27000
39911975,Keychron Q5 노브 커스텀 보강판 (황동),59000,59000,59000,59000,59000,59000,59000,59000
123729655,Keychron Q6 Ultra 유무선 기계식 레트로 (라이트 저소음 바나나축),333860,333860,333860,333860,333860,333860,333860,333860
123729661,Keychron Q6 Ultra 유무선 기계식 레트로 (바나나축),329000,329000,329000,329000,329000,329000,329000,329000
123729651,Keychron Q6 Ultra 유무선 기계식 레트로 (저소음 바나나축),333850,333850,333860,333860,333860,333860,333860,333860
123729675,Keychron Q6 Ultra 유무선 기계식 블랙 (라이트 저소음 바나나축),331330,331330,331340,331340,331350,331350,331360,331360
123729676,Keychron Q6 Ultra 유무선 기계식 블랙 (바나나축),329000,329000,329000,329000,329000,329000,329000,329000
123729674,Keychron Q6 Ultra 유무선 기계식 블랙 (저소음 바나나축),331370,331370,331380,331380,331390,331390,331400,331410
123729694,Keychron Q6 Ultra 유무선 기계식 화이트 (라이트 저소음 바나나축),331210,331210,331220,331220,331230,331230,331240,331250
123729697,Keychron Q6 Ultra 유무선 기계식 화이트 (바나나축),329000,329000,329000,329000,329000,329000,329000,329000
123729692,Keychron Q6 Ultra 유무선 기계식 화이트 (저소음 바나나축),333860,333860,333860,333860,333860,333860,333860,333860
57306959,Keychron Q60 MAX 유무선 기계식 (바나나축),249000,249000,249000,249000,290000,290000,290000,290000
57306797,Keychron Q65 MAX 유무선 기계식,285000,285000,285000,285000,285000,285000,285000,285000
106458284,Keychron V1 Ultra 8K 유무선 기계식 레트로 (저소음 바나나축),175760,175760,175760,175760,175760,175760,175760,175760
106457696,Keychron V1 Ultra 8K 유무선 기계식 레트로 (저소음 적축),175760,175760,175760,175760,175760,175760,175760,175760
106456508,Keychron V1 Ultra 8K 유무선 기계식 블랙 (바나나축),179000,179000,179000,179000,179000,179000,179000,179000
106456787,Keychron V1 Ultra 8K 유무선 기계식 블랙 (저소음 바나나축),175760,175760,175760,175760,175760,175760,175760,175760
106457156,Keychron V1 Ultra 8K 유무선 기계식 블랙 (저소음 적축),175760,175760,175760,175760,175760,175760,175760,175760
106458746,Keychron V1 Ultra 8K 유무선 기계식 쉘 화이트 (저소음 바나나축),175760,175760,175760,175760,175760,175760,175760,175760
106459280,Keychron V1 Ultra 8K 유무선 기계식 쉘 화이트 (저소음 적축),175760,175760,175760,175760,175760,175760,175760,175760
73693022,Keychron V10 MAX 유무선 기계식 레트로 (저소음 적축),215040,215040,215040,208320,208320,208320,208320,208320
79402262,Keychron V10 MAX 유무선 기계식 쉘화이트 (저소음 적축),168990,168990,168990,168990,168990,168990,168990,168990
106781072,Keychron V10 PRO SE ZMK 유무선 기계식 레트로 (바나나축),138990,138990,139000,133450,133450,133450,133450,139000
106781075,Keychron V10 PRO SE ZMK 유무선 기계식 레트로 (저소음 바나나축),138990,138990,138990,138990,138990,138990,139000,139000
106781078,Keychron V10 PRO SE ZMK 유무선 기계식 레트로 (저소음 적축),139000,139000,139000,139000,139000,139000,139000,139000
106781081,Keychron V10 PRO SE ZMK 유무선 기계식 레트로 (적축),139000,139000,139000,139000,139000,139000,139000,139000
106781033,Keychron V10 PRO SE ZMK 유무선 기계식 레트로 파스텔 (바나나축),138990,138990,138990,138990,138990,138990,139000,139000
106781036,Keychron V10 PRO SE ZMK 유무선 기계식 레트로 파스텔 (저소음 바나나축),139000,139000,139000,139000,139000,139000,139000,139000
106781030,Keychron V10 PRO SE ZMK 유무선 기계식 레트로 파스텔 (저소음 적축),139000,139000,139000,139000,139000,139000,139000,139000
106781024,Keychron V10 PRO SE ZMK 유무선 기계식 레트로 파스텔 (적축),139000,139000,139000,139000,139000,139000,139000,139000
106781048,Keychron V10 PRO SE ZMK 유무선 기계식 쉘화이트 (바나나축),139000,139000,139000,139000,139000,139000,139000,139000
106781051,Keychron V10 PRO SE ZMK 유무선 기계식 쉘화이트 (저소음 바나나축),138990,138990,139000,133450,133450,133450,133450,139000
106781057,Keychron V10 PRO SE ZMK 유무선 기계식 쉘화이트 (저소음 적축),139000,139000,139000,139000,139000,139000,139000,139000
106781060,Keychron V10 PRO SE ZMK 유무선 기계식 쉘화이트 (적축),138990,138990,139000,133450,133450,133450,133450,139000
28396994,Keychron V2 커스텀 보강판 (폴리카보네이트),25380,25650,25110,25110,25110,25110,25110,25110
28397021,Keychron V3 노브 커스텀 보강판 (폴리카보네이트),24990,24990,24990,23250,23250,23250,23250,23250
32485952,Keychron V3 노브 커스텀 보강판 (황동),50210,50210,50210,50210,50210,50210,50210,50220
28397117,Keychron V5 노브 커스텀 보강판 (알루미늄),24990,24990,23250,23250,23250,23250,23250,23250
28397078,Keychron V5 노브 커스텀 보강판 (폴리카보네이트),25380,25650,25110,25110,25110,25110,25110,25650
32485910,Keychron V5 노브 커스텀 보강판 (황동),53990,53990,53990,50220,50220,50220,50220,50220
28397174,Keychron V6 노브 커스텀 보강판 (알루미늄),24990,24990,23250,23250,23250,23250,23250,23250
28397156,Keychron V6 노브 커스텀 보강판 (폴리카보네이트),25920,25920,25920,25110,25110,25110,25110,25110
32485895,Keychron V6 노브 커스텀 보강판 (황동),53990,53990,53990,50220,50220,50220,50220,50220
123694976,Keychron Z11 Ultra 유무선 기계식 (해외구매),185000,185000,185000,185000,185000,185000,185000,185000
122690629,Keychron eX67,188990,188990,188990,188990,188990,188990,188990,188990
105180587,Keychron eX75 8K TMR,89000,89000,89000,88400,88400,88400,88400,89000
122692057,Keychron eX99,108990,108990,108990,108990,108990,108990,108990,108990
28419860,Keychron 게이트론 G PRO 3.0 스위치 110Pcs (흑축),40800,40800,40800,40800,40800,40800,40800,40800
28417274,Keychron 게이트론 팬텀 스위치 35Pcs (갈축),18000,18000,18000,18000,18000,18000,18000,18000
28417262,Keychron 게이트론 팬텀 스위치 35Pcs (청축),21000,21000,21000,21000,21000,21000,21000,21000
14209601,Keychron 교체용 Cherry MX RGB Switch Set (갈축),29800,29800,29800,29800,29800,29800,29800,29800
14209631,Keychron 교체용 Cherry MX RGB Switch Set (은축),29800,29800,29800,29800,29800,29800,29800,29800
14209616,Keychron 교체용 Cherry MX RGB Switch Set (적축),29800,29800,29800,29800,29800,29800,29800,29800
14209580,Keychron 교체용 Cherry MX RGB Switch Set (청축),29800,29800,29800,29800,29800,29800,29800,29800
14209439,Keychron 교체용 Cherry MX Switch Set (갈축),29800,29800,29800,29800,29800,29800,29800,29800
14209466,Keychron 교체용 Cherry MX Switch Set (적축),29800,29800,29800,29800,29800,29800,29800,29800
14209391,Keychron 교체용 Cherry MX Switch Set (청축),29800,29800,29800,29800,29800,29800,29800,29800
56141186,Keychron 더블샷 로우 프로파일 키캡,28800,28800,28800,28800,28800,28800,28800,28800
76943582,Keychron 로우프로파일 스위치 110Pcs,34780,34780,34780,34780,34780,34780,34780,34780
98415212,Keychron 세벌식 390 교체용 키캡 세트 (레트로),59800,59800,59800,59800,59800,59800,59800,59800
98415227,Keychron 세벌식 390 교체용 키캡 세트 (카본 블랙),59800,59800,59800,59800,59800,59800,59800,59800
98415215,Keychron 세벌식 390 교체용 키캡 세트 (화이트),59800,59800,59800,59800,59800,59800,59800,59800
60144908,Keychron 슈퍼 스위치 110Pcs (갈축),27900,27900,27900,27900,27900,27900,27900,27900
60144911,Keychron 슈퍼 스위치 110Pcs (바나나축),27900,27900,27900,27900,27900,27900,27900,27900
60144902,Keychron 슈퍼 스위치 110Pcs (적축),26880,27170,27170,27170,27170,27170,27170,27170
98229356,Keychron 알루미늄 노브 (그린),12900,12900,12900,12900,12900,12900,12900,12900
98229350,Keychron 알루미늄 노브 (다크 블루),12900,12900,12900,12900,12900,12900,12900,12900
98229359,Keychron 알루미늄 노브 (라이트 블루),12900,12900,12900,12900,12900,12900,12900,12900
98229362,Keychron 알루미늄 노브 (로즈 레드),12900,12900,12900,12900,12900,12900,12900,12900
56141297,Keychron 알루미늄 노브 (블랙),12900,12900,12900,12900,12900,12900,12900,12900
98229368,Keychron 알루미늄 노브 (화이트),12900,12900,12900,12900,12900,12900,12900,12900
32490692,Keychron 체리 MX2A 스위치 110Pcs (저소음 적축),96060,97090,97090,97090,97090,97090,97090,97090
28416059,Keychron 카일 스위치 110Pcs (갈축),30900,30900,30900,30900,30900,30900,30900,30900
28416032,Keychron 카일 스위치 110Pcs (적축),30900,30900,30900,30900,30900,30900,30900,30900
28415990,Keychron 카일 스위치 110Pcs (청축),30900,30900,30900,30900,30900,30900,30900,30900
44408405,Keychron 카일 스위치 보관함 (Box Summer),18800,18800,18800,18800,18800,18800,18800,18800
44408411,Keychron 카일 스위치 보관함 (Night Fog),18800,18800,18800,18800,18800,18800,18800,18800
75856502,Keychron 폴리오 케이스,42800,42800,42800,42800,42800,42800,42800,42800
72006095,Keychron 하이무 미드나잇 리니어 스위치 110Pcs,28400,28400,28400,28400,28400,28400,28400,28400
72006251,Keychron 하이무 미드나잇 리니어 스위치 45Pcs,15900,15900,15900,15900,15610,15610,15610,15610
44407403,Keychron 하이무 바다소금 리니어 스위치 110Pcs,28900,28900,28900,28900,28900,28900,28900,28900
97408337,KeysMe Lunar01 유무선 기계식 (해외구매),394600,394600,394600,394600,394600,394600,394600,394600
97408478,KeysMe Lunar02 유무선 기계식 (해외구매),125860,125860,125860,131330,131330,131330,131330,131330
68914925,KiiBOOM Breeze 75 유무선 기계식 (해외구매),254750,254750,265830,249510,249510,249510,249510,249510
104987717,KiiBOOM Cybrix29 (해외구매),101100,101100,101100,104400,104400,104400,104400,104400
101543693,KiiBOOM Phantom 81 Lite 유무선 기계식 (그린),147440,149000,149000,149000,119200,119200,119200,138570
96060818,KiiBOOM Phantom 81 Lite 유무선 기계식 (민트 블루),147440,149000,149000,149000,119200,119200,119200,138570
101543687,KiiBOOM Phantom 81 Lite 유무선 기계식 (블랙),149000,149000,149000,149000,149000,149000,149000,149000
123845546,KiiBOOM Phantom 81 Lite 유무선 기계식 (클리어),149000,149000,149000,149000,119200,119200,119200,149000
123845545,KiiBOOM Phantom 81 Lite 유무선 기계식 (핑크),149000,149000,149000,149000,119200,119200,119200,149000
29823977,KiiBOOM Phantom 81 V2 유무선 기계식 해외구매 (블랙),139500,139500,139500,139500,139500,139500,139500,139500
105406511,KiiBOOM Phantom 81 V3 유무선 기계식 (클리어),259000,259000,259000,259000,259000,259000,259000,259000
96060806,KiiBOOM Phantom 81 V3 유무선 기계식 (핑크),256280,259000,259000,259000,259000,240870,240870,240870
123845558,KiiBOOM Phantom 81 V4 유무선 기계식 (블랙),259000,259000,259000,259000,259000,259000,259000,259000
123845556,KiiBOOM Phantom 81 V4 유무선 기계식 (클리어),259000,259000,259000,259000,259000,259000,259000,259000
123845560,KiiBOOM Phantom 81 V4 유무선 기계식 (핑크),259000,259000,259000,259000,259000,259000,259000,259000
122721915,KiiBOOM Phantom 98 Lite 유무선 기계식 그린 (모시축),159000,159000,159000,159000,159000,159000,159000,159000
122721920,KiiBOOM Phantom 98 Lite 유무선 기계식 그린 (모찌축),159000,159000,159000,159000,159000,159000,159000,159000
122721928,KiiBOOM Phantom 98 Lite 유무선 기계식 클리어 (모시축),159000,159000,159000,159000,159000,159000,159000,159000
122721929,KiiBOOM Phantom 98 Lite 유무선 기계식 클리어 (모찌축),159000,159000,159000,159000,159000,159000,159000,159000
122721923,KiiBOOM Phantom 98 Lite 유무선 기계식 핑크 (모시축),159000,159000,159000,159000,159000,159000,159000,159000
122721926,KiiBOOM Phantom 98 Lite 유무선 기계식 핑크 (모찌축),159000,159000,159000,159000,159000,159000,159000,159000
34636373,KiiBOOM Phantom 98 유무선 기계식 (해외구매),239500,239500,239500,239500,239500,239500,239500,239500
17727461,Kinesis Advantage2 Quiet LF (해외구매),872600,872600,776620,872600,,,,
28393730,Kinesis Freestyle2 (해외구매),189000,189000,189000,189000,189000,189000,189000,189000
72005888,KoKokey Macaron 65 기계식,199000,199000,199000,199000,199000,199000,199000,199000
52065158,Kzzi K20 (해외구매),22500,22500,22500,22500,22500,22500,22500,22500
73890992,Kzzi i75 유무선 (해외구매),83000,83000,83000,83000,83000,83000,83000,83000
77314064,LAB.C LABC-652 트리오500 전용 키스킨,4900,4900,4900,4900,4900,4900,4900,4900
88233485,LANGTU L102 무선,25670,25670,25670,26790,26790,26790,26790,26790
21586196,LANGTU LT-104 기계식 (해외구매),38180,38180,38180,39840,39840,39840,39840,39840
74056811,LEOBOG AMG65 유무선 (해외구매),79940,79940,79080,79080,79080,79080,79080,79090
96364679,LEOBOG AMG65 유무선 기계식 사이버 라이트 (저소음 솜사탕축),104000,104000,104000,104000,104000,104000,104000,104000
123972136,LEOBOG AMG65 유무선 기계식 사이버 라이트 (중고),78000,78000,78000,78000,78000,78000,78000,78000
96364703,LEOBOG AMG65 유무선 기계식 사이버 팬텀 (저소음 솜사탕축),104000,104000,104000,104000,104000,104000,104000,104000
123972143,LEOBOG AMG65 유무선 기계식 사이버 팬텀 (중고),78000,78000,78000,78000,78000,78000,78000,78000
96364712,LEOBOG AMG65 유무선 기계식 핑크 냥 (세이야축),99000,99000,99000,99000,99000,99000,99000,99000
96364709,LEOBOG AMG65 유무선 기계식 핑크 냥 (저소음 솜사탕축),104000,104000,104000,104000,104000,104000,104000,104000
56151077,LEOBOG Alice A75 유무선 기계식 (해외구매),40020,40020,40020,39760,39760,39760,39760,39760
55457813,LEOBOG HI75 기계식 블랙 (회목축V4),118080,118080,118080,118080,118080,118080,118080,118080
71971955,LEOBOG HI86 유무선 기계식 해외구매 (옵션선택구성),64300,64300,64300,63600,63600,63600,63600,64300
71972030,LEOBOG Hi8 SE 유무선 기계식 (해외구매),64300,64300,64300,64510,64510,64510,64510,64300
77312546,LEOBOG Hi8SE 유무선 기계식 올리비아 화이트 (세이야축),99000,99000,99000,99000,99000,99000,99000,99000
77312555,LEOBOG Hi8SE 유무선 기계식 카키 블랙 (세이야축),99000,99000,99000,99000,99000,99000,99000,99000
78612404,LEOBOG Hi8SE 유무선 기계식 카키 블랙 (저소음 바다축),109000,109000,109000,109000,109000,109000,109000,109000
79386548,LEOBOG Hi8SE 유무선 기계식 커스텀 베어본 (블랙),74000,74000,74000,74000,74000,74000,74000,74000
70099160,LEOBOG Hi98 기계식 (람보축),107000,107000,107000,107000,107000,107000,107000,107000
70099166,LEOBOG Hi98 기계식 (황축),98000,98000,98000,98000,98000,98000,98000,98000
70099139,LEOBOG Hi98 기계식 (회목축),89990,89990,89990,89990,89990,89990,89990,89990
62648714,LEOBOG K21 유무선 (해외구매),29700,29700,29700,29700,29700,29700,29700,29700
70250468,LEOBOG K81 PRO 유무선 기계식 (황축),124000,124000,124000,124000,124000,124000,124000,124000
19507157,LG전자 AEW73889901 무선,111620,111620,111620,111620,111620,111620,111620,111620
1773981,LG전자 MKS-1000 세트,27600,27600,27600,27600,27600,27600,27600,27600
3754859,LKG For LG K-1000 미니 키보드 (블랙),12800,12800,12800,12800,12800,12800,12800,12800
4347157,LKG For LG K-3000,33120,33120,33120,33120,33120,33120,33120,33120
10238394,LKG For LG 유선 키보드 LGA-K3200,9480,9480,9490,9490,9500,9500,9510,9510
77313275,Luminkey 80 기계식 커스텀 베어본,289000,289000,289000,289000,289000,289000,289000,289000
21194330,MACHENIKE K500-B61 기계식 (해외구매),29870,29870,29870,30470,30470,30470,30470,30470
70252739,MACHENIKE K500-M61 (해외구매),52350,52350,54630,54630,54630,54630,54630,54630
70251794,MACHENIKE KT84 유무선 기계식 (해외구매),205620,205620,205620,204560,204560,204560,204560,204560
93441359,MADLIONS MAD 60 HE (해외구매),28710,28710,28710,30624,30624,30624,30624,30624
54482444,MATECH MT-BT045,23600,23600,23600,23600,23600,23600,23600,23600
16667450,MAXTILL GM-K1000C USB 키보드 마우스 세트,9470,9470,9500,9500,9500,9470,9490,9490
73560425,MAXTILL GM-K10C,9900,9900,9900,9900,9900,9900,9900,9900
92043587,MAXTILL GM-KB11M 무선 (블랙),14730,14730,14730,14730,14730,14730,14730,14730
79399700,MAXTILL GM-KM1U (BLUE),15900,15900,15900,15900,15900,15900,15900,15900
79399628,MAXTILL GM-KM1U (GREEN),15900,15900,15900,15900,15900,15900,15900,15900
100618142,MAXTILL GM-KM1U (PINK),15470,15470,15470,15470,15470,15470,15470,15470
19264772,MAXTILL GM-MK400 무선 키보드 마우스 세트,15710,15710,16490,15710,15710,15710,15710,15710
27890627,MAXTILL GM-MK500S 무선 키보드 마우스 세트,24890,24890,24590,24590,24590,24590,24600,24600
75854309,MAXTILL GM-MK700 무선 키보드 마우스 세트,15490,15490,15490,15490,15500,15460,15460,15360
76789805,MAXTILL GM-MK900 무선 키보드 마우스 세트 (블랙),19600,19600,19600,19600,19600,19600,19600,19600
76789778,MAXTILL GM-MK900 무선 키보드 마우스 세트 (화이트),19600,19600,19600,19600,19600,19600,19600,19600
73253057,MAXTILL GM-MK900 무선 키보드 마우스 세트 (화이트그레이),19700,19700,19700,19700,19700,19700,19700,19700
98918576,MAXTILL GM-MK909 무선 키보드 마우스 세트 (그린),22560,22560,22560,22560,22560,22560,22560,22560
98918582,MAXTILL GM-MK909 무선 키보드 마우스 세트 (블루),22560,22560,22560,22560,22560,22560,22560,22560
98918552,MAXTILL GM-MK909 무선 키보드 마우스 세트 (핑크),22560,22560,22560,22560,22560,22560,22560,22560
13393139,MAXTILL GMK310 레인보우 LED 키보드 마우스 세트,23900,23900,23900,23900,23900,23900,23900,23900
20596250,MAXTILL MK500 무선 키보드 마우스 세트,24070,24070,24070,24070,24070,24070,24020,24020
24138779,MAXTILL MO-K100U,7900,7900,7900,7510,7510,7510,7510,7510
24138830,MAXTILL MO-K100US,9890,9890,9890,9890,9890,9890,9890,9890
27890705,MAXTILL MO-MK1000 키보드 마우스 세트,14890,14890,14890,14890,14890,14890,14890,14890
27890525,MAXTILL MO-MK1000S 키보드 마우스 세트,16890,16890,16890,16890,16890,16890,16890,16890
28063016,MAXTILL MO-WMK2000 무선 키보드 마우스 세트,24900,24900,24900,24900,24900,24900,24900,24900
28063073,MAXTILL MO-WMK2000S 무선 키보드 마우스 세트,26900,26900,26900,26900,26900,26900,26900,26900
15114494,MAXTILL MOST MK200 무선 키보드 마우스 세트 (블랙),24730,24730,24730,24730,25880,25880,25880,25880
15115649,MAXTILL MOST MK200 무선 키보드 마우스 세트 (핑크),21890,21890,21890,21890,20360,20360,20360,20370
15115646,MAXTILL MOST MK200 무선 키보드 마우스 세트 (화이트),24730,24730,24730,24730,25880,25880,25880,25880
63944192,MAXTILL TRON GMK330 키보드 마우스 세트,25900,25900,25900,25900,25900,25900,25900,25900
5752754,MAXTILL 키보드 거치대,2900,2900,2900,2900,2900,2900,2900,2900
5237487,MAXTILL 한/영 이중사출 104키 가디언 컬러키캡 (오렌지),7900,7900,7900,7900,7900,7900,7900,7900
92187128,MCHOSE ACE68 QUCKSILVER (화이트),59900,59900,59900,59900,59900,59900,59900,59900
72978803,MCHOSE Ace 60 (해외구매),27140,27140,27140,26850,26850,26850,26850,26850
73697423,MCHOSE Ace 60 Pro 해외구매,37620,37620,37620,37270,37270,37270,37270,37270
74007209,MCHOSE Ace 68 (해외구매),42230,42230,42230,42070,42070,42070,42070,42070
87569858,MCHOSE Ace 68 Air 해외구매,49790,49790,49790,49750,49790,49790,49790,49790
99746975,MCHOSE Ace 68 Turbo (해외구매),124560,124560,123220,123220,123220,123220,123220,123220
94812533,MCHOSE Ace68 Air (블랙),69900,69900,69900,69900,69900,69900,69900,69900
94812524,MCHOSE Ace68 Air (피치),93130,69900,69900,69900,69900,69900,69900,69900
94812515,MCHOSE Ace68 Air (화이트),69900,69900,69900,69900,69900,69900,69900,69900
76870751,MCHOSE G87 유무선 기계식 해외구매 (골드핑크축),66150,66150,66150,69030,69030,69030,69030,69030
76870760,MCHOSE G87 유무선 기계식 해외구매 (그레이축),38540,38540,38540,38230,38230,38230,38230,38230
76870748,MCHOSE G87 유무선 기계식 해외구매 (배추두부축),56940,56940,56940,58800,58800,58800,58800,58800
74254691,MCHOSE G87 유무선 기계식 해외구매 (옵션선택구성),49590,49590,49590,51750,51750,51750,51750,51750
76870490,MCHOSE G98 Pro 유무선 기계식 해외구매 (배추두부축),71170,71170,74260,74260,74260,74260,74260,74260
76870484,MCHOSE G98 Pro 유무선 기계식 해외구매 (설호축),88660,88660,88660,92510,92510,92510,92510,92510
76870487,MCHOSE G98 Pro 유무선 기계식 해외구매 (오렌지축),82440,82440,82440,86020,86020,86020,86020,86020
38346095,MCHOSE G98 유무선 기계식 해외구매 (옵션선택구성),136000,136000,136000,136000,136000,136000,136000,136000
56060858,MCHOSE GX87 유무선 기계식 해외구매 (말차라떼축),160430,160430,160430,160430,160430,160430,160430,160430
90575129,MCHOSE Jet 75 (블랙),69900,69900,69900,69900,69900,69900,69900,69900
76333334,MCHOSE Jet 75 (해외구매),68000,68000,68000,68000,68000,68000,68000,68000
90575165,MCHOSE Jet 75 (화이트),69900,69900,69900,69900,69900,69900,69900,69900
76071713,MCHOSE K99 V2 유무선 기계식 해외구매 (아이스크림축),94010,94010,98100,98100,98100,98100,98100,98100
76329224,MCHOSE K99 V2 유무선 기계식 해외구매 (옵션선택구성),49400,49400,49400,51010,51010,51010,51010,51010
76329203,MCHOSE K99 V2 유무선 기계식 해외구매 (히아신스축),78760,78760,82180,82180,82180,82180,82180,82180
95200574,MCHOSE MIX 87 (라이트닝축),69900,69900,69900,69900,69900,69900,69900,69900
97122599,MCHOSE MIX 87 (아폴로축),89900,89900,89900,89900,89900,89900,89900,89900
93442277,MCHOSE MIX 87 해외구매,63840,63840,63840,63160,63160,63160,63160,63160
76466090,MCHOSE X75 V2 유무선 기계식 해외구매 (경해축),76250,76250,76250,75430,75430,75430,75430,75430
76466087,MCHOSE X75 V2 유무선 기계식 해외구매 (아이스크림축),85180,85180,85180,88880,88880,88880,88880,88880
76466084,MCHOSE X75 V2 유무선 기계식 해외구매 (히아신스축),61440,61440,64110,64110,64110,64110,64110,64110
76329554,MCHOSE Z75S 유무선 기계식 해외구매 (스노우타이거축),88210,88210,88210,92050,92050,92050,92050,92050
76329536,MCHOSE Z75S 유무선 기계식 해외구매 (양배추두부축),65550,65550,68390,68390,68390,68390,68390,68390
76329494,MCHOSE Z75S 유무선 기계식 해외구매 (크림 옐로우축),50370,50370,52560,52560,52560,52560,52560,52560
76329557,MCHOSE Z75S 유무선 기계식 해외구매 (플레임오렌지축),79950,79950,83430,83430,83430,83430,83430,83430
76329500,MCHOSE Z75S 유무선 기계식 해외구매 (하이신스축),74830,74830,74830,78080,78080,78080,78080,78080
77619335,MK321BT 유무선 (해외구매),21980,21980,21980,21980,21980,21980,21980,20240
54698771,MONKA KG991W DS 유무선 기계식,118990,119000,119000,122550,122550,122550,122550,122550
28617896,MOTOSPEED K24 기계식 블랙 (해외구매),30600,30600,30600,30600,30600,30600,30600,30600
17399669,MOUNTAIN EVEREST 60 (리니어 스피드),181550,183480,183480,183480,183480,183480,183480,183480
17399789,MOUNTAIN EVEREST 60 (리니어),181550,183480,183480,183480,183480,183480,183480,183480
17399453,MOUNTAIN EVEREST 60 (텍타일),181550,183480,183480,183480,183480,183480,183480,183480
17420342,MOUNTAIN EVEREST CORE (갈축),234000,234000,234000,234000,234000,234000,234000,234000
17420348,MOUNTAIN EVEREST CORE (저소음 적축),234000,234000,234000,234000,234000,234000,234000,234000
17420345,MOUNTAIN EVEREST CORE (적축),234000,234000,234000,234000,234000,234000,234000,234000
17420339,MOUNTAIN EVEREST CORE (청축),215650,217940,217940,217940,217940,217940,217940,217940
62635997,MOUNTAIN EVEREST MAX FE,397900,397900,397900,397900,397900,397900,397900,397900
17848433,MOUNTAIN EVEREST MAX 그레이 (갈축),450640,455430,455430,455430,455430,455430,450640,450640
17808431,MOUNTAIN EVEREST MAX 블랙 (적축),450640,455430,455430,455430,455430,455430,450640,450640
78715253,MSI FORGE GK100,16900,16900,15380,15370,15370,15370,15370,15370
69696590,MSI FORGE GK100 콤보 키보드 마우스 세트,20900,20900,20900,19010,19010,19010,19010,19010
88206164,MSI FORGE GK300,37500,37500,37510,37510,37510,37510,37510,37510
69696419,MSI FORGE GK300 콤보 키보드 마우스 세트,48790,48790,48790,48790,48790,48790,48790,48790
88206203,MSI FORGE K200 WIRELESS,29900,29900,29900,29900,29900,29900,29900,29900
94634618,MSI FORGE K200 무선 키보드 마우스 세트,39900,39900,39900,39900,39900,39900,39900,39900
9781407,MSI GK30,11900,11900,11900,11900,11900,11900,11900,11900
97773659,Magicforce MF17 (적축),77390,77390,77390,77390,77390,77390,76640,76640
51553373,Magicforce MF17 (해외구매),24990,24990,24990,24820,24820,24820,24820,24540
51553454,Magicforce MF34 (해외구매),39030,39460,39460,40320,40320,40320,40320,39460
54314603,Melgeek Cyber01 기계식 (해외구매),173420,173420,173420,180960,180960,180960,180960,180960
99321353,Melgeek MADE68 AIR 기계식 (해외구매),220710,220710,220710,230310,230310,230310,230310,230310
69698261,Melgeek MADE68 Ultra (해외구매),315100,315100,315100,328800,328800,328800,328800,328800
56061617,Melgeek MADE68 기계식 (해외구매),325000,325000,325000,325000,325000,325000,325000,325000
28860068,Melgeek Pixel 유무선 기계식 팔레트 (해외구매),399900,399900,399900,399900,399900,399900,399900,399900
97905938,Melgeek REAL67 (해외구매),123660,125020,125020,127740,127740,127740,127740,126380
92237192,NPX 메모리폼 팔꿈치패드,4390,4390,4390,4390,4390,4390,4390,4390
16614146,NZXT FUNCTION MINITKL (Matte Black),169000,169000,155480,155480,155480,155480,155480,155480
76463183,NZXT Function Elite (해외구매),179250,180000,185750,183000,186000,186500,179250,179250
77382506,NZXT Function Elite MiniTKL (블랙),78890,78890,92820,81140,81140,81140,81140,81140
77382512,NZXT Function Elite MiniTKL (화이트),78890,78890,92820,81140,81140,81140,81140,81140
45317738,Next Level Racing NLR-A012 프리 키보드 마우스 스탠드,168260,170050,170050,170050,170050,170050,168260,168260
122665146,Nillkin Cube Pocket (그레이),68000,68000,68000,68000,68000,68000,68000,68000
122665144,Nillkin Cube Pocket (그린),68000,68000,68000,68000,68000,68000,68000,68000
122665132,Nillkin Cube Pocket (블랙),68000,68000,68000,68000,68000,68000,68000,68000
122665130,Nillkin Cube Pocket (블루),68000,68000,68000,68000,68000,68000,68000,68000
122665149,Nillkin Cube Pocket (오렌지),68000,68000,68000,68000,68000,68000,68000,68000
122665148,Nillkin Cube Pocket (카키),68000,68000,68000,68000,68000,68000,68000,68000
122636709,Nillkin Cube Pocket 해외구매,52890,52890,52900,54400,54400,54400,52890,52890
35812808,NuPhy AIR 시리즈 스위치 100Pcs (모스),104640,104640,104640,104640,104640,104640,104640,104640
35812784,NuPhy AIR 시리즈 스위치 100Pcs (알로에),104640,104640,104640,104640,104640,104640,104640,104640
35812832,NuPhy AIR 시리즈 스위치 100Pcs (카우베리),104640,104640,104640,104640,104640,104640,104640,104640
28575413,NuPhy AIR 시리즈 키캡 시오카제,45180,45180,45180,45180,45180,45180,45080,44790
122686736,NuPhy AIR100 V3 네뷸라 다크 (갈축),239000,239000,239000,239000,239000,239000,239000,239000
122686737,NuPhy AIR100 V3 네뷸라 다크 (저소음 블러시축),239000,239000,239000,239000,239000,239000,239000,239000
122686735,NuPhy AIR100 V3 네뷸라 다크 (적축),239000,239000,239000,239000,239000,239000,239000,239000
122686741,NuPhy AIR100 V3 노바 화이트 (갈축),239000,239000,239000,239000,239000,239000,239000,239000
122686742,NuPhy AIR100 V3 노바 화이트 (저소음 블러시축),239000,239000,239000,239000,239000,239000,239000,239000
122686740,NuPhy AIR100 V3 노바 화이트 (적축),239000,239000,239000,239000,239000,239000,239000,239000
73429037,NuPhy AIR60 HE,179000,179000,179000,179000,179000,179000,179000,179000
92622452,NuPhy AIR60 HE 전용 케이스,35000,35000,35000,35000,35000,35000,35000,35000
36834101,NuPhy AIR60 V2 유무선 기계식 (갈축),169000,169000,179000,179000,179000,179000,179000,179000
36834098,NuPhy AIR60 V2 유무선 기계식 (적축),169000,169000,179000,179000,179000,179000,179000,179000
36834107,NuPhy AIR60 V2 유무선 기계식 (청축),169000,169000,179000,179000,179000,179000,179000,179000
28575074,NuPhy AIR60 전용 케이스,32270,32270,32270,32270,32270,32270,32200,32000
28575272,NuPhy AIR60 전용 키캡 시그니처,32270,32270,32270,32270,32270,32270,32200,32000
82472801,NuPhy AIR60 팜레스트,35000,35000,35000,35000,35000,35000,35000,35000
122686759,NuPhy AIR65 V3 네뷸라 다크 (갈축),199000,199000,199000,199000,199000,199000,199000,199000
122686752,NuPhy AIR65 V3 네뷸라 다크 (저소음 블러시축),199000,199000,199000,199000,199000,199000,199000,199000
122686755,NuPhy AIR65 V3 네뷸라 다크 (적축),199000,199000,199000,199000,199000,199000,199000,199000
122686768,NuPhy AIR65 V3 노바 화이트 (갈축),199000,199000,199000,199000,199000,199000,199000,199000
122686764,NuPhy AIR65 V3 노바 화이트 (저소음 블러시축),199000,199000,199000,199000,199000,199000,199000,199000
122686766,NuPhy AIR65 V3 노바 화이트 (적축),199000,199000,199000,199000,199000,199000,199000,199000
80548076,NuPhy AIR75 HE,199000,199000,199000,199000,199000,199000,199000,199000
92622476,NuPhy AIR75 HE 전용 케이스,35000,35000,35000,35000,35000,35000,35000,35000
31367474,NuPhy AIR75 V2 유무선 기계식 게이트론 (청축),179000,179000,189000,189000,189000,189000,189000,189000
98073083,NuPhy AIR75 V3 유무선 기계식 네뷸라 다크 (갈축),219000,219000,219000,219000,219000,219000,219000,219000
98073089,NuPhy AIR75 V3 유무선 기계식 네뷸라 다크 (저소음 블러시축),219000,219000,219000,219000,219000,219000,219000,219000
98073080,NuPhy AIR75 V3 유무선 기계식 네뷸라 다크 (적축),219000,219000,219000,219000,219000,219000,219000,219000
98073068,NuPhy AIR75 V3 유무선 기계식 노바 화이트 (갈축),219000,219000,219000,219000,219000,219000,219000,219000
98073074,NuPhy AIR75 V3 유무선 기계식 노바 화이트 (저소음 블러시축),219000,219000,219000,219000,219000,219000,219000,219000
98073062,NuPhy AIR75 V3 유무선 기계식 노바 화이트 (적축),219000,219000,219000,219000,219000,219000,219000,219000
28574582,NuPhy AIR75 전용 키캡 크리스마스,38730,38730,38730,38730,38730,38730,38640,38400
28574639,NuPhy AIR75 전용 키캡 핑크,35000,35000,35000,35000,35000,35000,35000,35000
28574837,NuPhy AIR75 팜레스트 아크릴,32270,32270,32270,32270,32270,32270,32200,32000
36834197,NuPhy AIR96 V2 유무선 기계식 (갈축),189000,189000,199000,199000,199000,199000,199000,199000
36834191,NuPhy AIR96 V2 유무선 기계식 (적축),189000,189000,189000,189000,189000,189000,189000,189000
36834209,NuPhy AIR96 V2 유무선 기계식 (청축),189000,189000,199000,199000,199000,199000,199000,199000
82394492,NuPhy AIR96 팜레스트,39000,39000,39000,39000,39000,39000,39000,39000
92621912,NuPhy BH65 (Jade Gaming),239000,239000,239000,239000,239000,239000,239000,239000
71010830,NuPhy Field75 HE,259000,259000,259000,259000,259000,259000,259000,259000
82472705,NuPhy Field75 HE 팜레스트,49000,49000,49000,49000,49000,49000,49000,49000
92622284,NuPhy GEM mSA 프로파일 키캡 137Pcs,54900,54900,54900,54900,54900,54900,54900,54900
75537902,NuPhy Gem80 보강판 (POM),19000,19000,19000,19000,19000,19000,19000,19000
75537905,NuPhy Gem80 보강판 (알루미늄),25000,25000,25000,25000,25000,25000,25000,25000
75537899,NuPhy Gem80 보강판 (폴리카보네이트),19000,19000,19000,19000,19000,19000,19000,19000
65306588,NuPhy Gem80 유무선 기계식 커스텀 베어본,279000,279000,279000,279000,279000,279000,279000,279000
82472852,NuPhy Halo65 Halo75 팜레스트,45180,45180,45180,45180,45180,45180,45080,44850
106785056,NuPhy Halo65 V2 IO 유무선 기계식 아이오닉 화이트 (저소음 블러시축),260800,260800,260800,260800,260800,260800,260800,260800
106785047,NuPhy Halo65 V2 IO 유무선 기계식 아이오닉 화이트 (적축),189000,189000,189000,189000,189000,189000,189000,189000
106785029,NuPhy Halo65 V2 IO 유무선 기계식 옵시디언 블랙 (갈축),189000,189000,189000,189000,189000,189000,189000,189000
106785026,NuPhy Halo65 V2 IO 유무선 기계식 옵시디언 블랙 (저소음 블러시축),189000,189000,189000,189000,189000,189000,189000,189000
106785035,NuPhy Halo65 V2 IO 유무선 기계식 옵시디언 블랙 (적축),189000,189000,189000,189000,189000,189000,189000,189000
104591783,NuPhy Halo75 V2 IO 유무선 기계식 아이오닉 화이트 (갈축),199000,199000,199000,199000,199000,199000,199000,199000
104591771,NuPhy Halo75 V2 IO 유무선 기계식 아이오닉 화이트 (저소음 블러시축),199000,199000,199000,199000,199000,199000,199000,199000
104591780,NuPhy Halo75 V2 IO 유무선 기계식 아이오닉 화이트 (적축),199000,199000,199000,199000,199000,199000,199000,199000
104591798,NuPhy Halo75 V2 IO 유무선 기계식 옵시디언 블랙 (갈축),199000,199000,199000,199000,199000,199000,199000,199000
104591804,NuPhy Halo75 V2 IO 유무선 기계식 옵시디언 블랙 (저소음 블러시축),199000,199000,199000,199000,199000,199000,199000,199000
104591801,NuPhy Halo75 V2 IO 유무선 기계식 옵시디언 블랙 (적축),199000,199000,199000,199000,199000,199000,199000,199000
108354851,NuPhy Halo96 V2 IO 유무선 기계식 아이오닉 화이트 (갈축),209000,209000,209000,209000,209000,209000,209000,209000
108354881,NuPhy Halo96 V2 IO 유무선 기계식 옵시디언 블랙 (갈축),209000,209000,209000,209000,209000,209000,209000,209000
108354896,NuPhy Halo96 V2 IO 유무선 기계식 옵시디언 블랙 (저소음 블러시축),209000,209000,209000,209000,209000,209000,209000,209000
108354878,NuPhy Halo96 V2 IO 유무선 기계식 옵시디언 블랙 (적축),209000,209000,209000,209000,209000,209000,209000,209000
82472831,NuPhy Halo96 팜레스트,45180,45180,45180,45180,45180,45180,45080,44790
92621468,NuPhy KICK75 COMBO 팜레스트,49000,49000,49000,49000,49000,49000,49000,49000
92621519,NuPhy KICK75 보강판 (알루미늄),35000,35000,35000,35000,35000,35000,35000,35000
92621381,NuPhy KICK75 유무선 기계식 나노 (갈축),159000,159000,159000,159000,159000,159000,159000,159000
92621372,NuPhy KICK75 유무선 기계식 나노 (실버축),159000,159000,159000,159000,159000,159000,159000,159000
92621357,NuPhy KICK75 유무선 기계식 나노 (저소음 블러시축),159000,159000,159000,159000,159000,159000,159000,159000
92621363,NuPhy KICK75 유무선 기계식 나노 (적축),159000,159000,159000,159000,159000,159000,159000,159000
92621426,NuPhy KICK75 유무선 기계식 맥스 (갈축),169000,169000,169000,169000,169000,169000,169000,169000
92621423,NuPhy KICK75 유무선 기계식 맥스 (실버축),169000,169000,169000,169000,169000,169000,169000,169000
92621408,NuPhy KICK75 유무선 기계식 맥스 (저소음 블러시축),169000,169000,169000,169000,169000,169000,169000,169000
92621414,NuPhy KICK75 유무선 기계식 맥스 (적축),169000,169000,169000,169000,169000,169000,169000,169000
92621531,NuPhy KICK75 프로파일 변환 키트,49000,49000,49000,49000,49000,49000,49000,49000
122686623,NuPhy NODE100 유무선 로우 프로파일 (루나 화이트),169000,169000,169000,169000,169000,169000,169000,169000
122686610,NuPhy NODE100 유무선 로우 프로파일 (잉크 그레이),169000,169000,169000,169000,169000,169000,169000,169000
122686643,NuPhy NODE100 유무선 하이 프로파일 (루나 화이트),169000,169000,169000,169000,169000,169000,169000,169000
122686640,NuPhy NODE100 유무선 하이 프로파일 (잉크 그레이),169000,169000,169000,169000,169000,169000,169000,169000
106717688,NuPhy NODE75 유무선 로우 프로파일 (라이트 핑크),149000,149000,149000,149000,149000,149000,149000,149000
106717673,NuPhy NODE75 유무선 로우 프로파일 (루나 화이트),149000,149000,149000,149000,149000,149000,149000,149000
106717679,NuPhy NODE75 유무선 로우 프로파일 (잉크 그레이),149000,149000,149000,149000,149000,149000,149000,149000
106717826,NuPhy NODE75 유무선 하이 프로파일 (라이트 핑크),149000,149000,149000,149000,149000,149000,149000,149000
106717829,NuPhy NODE75 유무선 하이 프로파일 (루나 화이트),149000,149000,149000,149000,149000,149000,149000,149000
106717820,NuPhy NODE75 유무선 하이 프로파일 (잉크 그레이),149000,149000,149000,149000,149000,149000,149000,149000
106717487,NuPhy WH80 유무선 (네뷸라 블랙),369000,369000,369000,369000,369000,369000,369000,369000
76339445,NuPhy 게이트론 G Pro 2.0 스위치 110Pcs (은축),54000,54000,54000,54000,54000,54000,54000,54000
79000784,NuPhy 고스트바 키캡,9130,9130,9130,9130,9130,9130,9110,9050
108364643,NuPhy 나노 기계식 스위치 36Pcs (갈축),19900,19900,19900,19900,19900,19900,19900,19900
108364652,NuPhy 나노 기계식 스위치 36Pcs (실버축),25900,25900,25900,25900,25900,25900,25900,25900
108364664,NuPhy 나노 기계식 스위치 36Pcs (저소음 블러시축),25900,25900,25900,25900,25900,25900,25900,25900
108364637,NuPhy 나노 기계식 스위치 36Pcs (적축),19900,19900,19900,19900,19900,19900,19900,19900
92622692,NuPhy 마야 디자인 키캡 153Pcs,59000,59000,59000,59000,59000,59000,59000,59000
108364301,NuPhy 맥스 기계식 스위치 36Pcs (갈축),39410,39410,39410,39410,39410,19900,19900,19900
108364319,NuPhy 맥스 기계식 스위치 36Pcs (실버축),25900,25900,25900,25900,25900,25900,25900,25900
108364328,NuPhy 맥스 기계식 스위치 36Pcs (저소음 블러시축),25900,25900,25900,25900,25900,25900,25900,25900
108364271,NuPhy 맥스 기계식 스위치 36Pcs (적축),39410,39410,39410,39410,39410,39410,39410,19900
108364718,NuPhy 애저 드래곤 V4 기계식 스위치 35Pcs,45890,45890,45890,45890,45890,45890,45890,45890
92622731,NuPhy 코스트 던 키캡 106Pcs,35000,35000,35000,35000,35000,35000,35000,35000
92622323,NuPhy 크리스마스 디자인 KDA 프로파일 키캡 143Pcs,59000,59000,59000,59000,59000,59000,59000,59000
92622797,NuPhy 투명 크리스탈 키캡 8Pcs,21900,21900,21900,21900,21900,21900,21900,21900
92622716,NuPhy 프레리 디자인 키캡 155Pcs,59000,59000,59000,59000,59000,59000,59000,59000
3692246,OA BTKBDA 접이식 키보드,37900,37900,37900,37900,37900,37900,37900,37900
74814698,OMT ODM_MPAD02 키보드 손목받침대,6900,6900,6900,6900,6900,6900,6900,6900
5764076,OMT OMP-400 키보드 손목 보호쿠션,4290,4290,4290,4290,4290,4080,5310,5310
81718490,PANKER LPA-K3200,12900,12900,12900,12900,12900,12900,12900,12900
7771474,PFU HHKB 해피해킹 Professional BT PD-KB600B 블랙 영문 (해외구매),366560,366560,366560,366560,366560,366560,366560,366560
13512500,PFU HHKB 해피해킹 Professional Classic PD-KB401B 블랙 영문 (해외구매),427210,427210,427210,427210,427210,427210,427210,424220
13512575,PFU HHKB 해피해킹 Professional Classic PD-KB401W 화이트 영문 (해외구매),427210,427210,427210,427210,427210,427210,427210,424220
13327436,PFU HHKB 해피해킹 Professional HYBRID PD-KB800B 블랙 영문 (해외구매),502590,502590,502590,502590,502590,502590,502590,499060
13327634,PFU HHKB 해피해킹 Professional HYBRID PD-KB800W 화이트 영문 (해외구매),502590,502590,502590,502590,502590,502590,502590,499060
13320614,PFU HHKB 해피해킹 Professional HYBRID Type-S PD-KB800BNS 블랙 무각 (해외구매),392640,390720,390720,390720,390720,390720,390720,390720
13320602,PFU HHKB 해피해킹 Professional HYBRID Type-S PD-KB800WS 화이트 영문 (해외구매),576780,576780,576780,576780,576780,576780,576780,572740
13320635,PFU HHKB 해피해킹 Professional HYBRID Type-S PD-KB820BS 블랙 일어 (해외구매),496000,496000,496000,496000,496000,496000,496000,496000
33362357,PFU HHKB 해피해킹 Studio PD-ID100B 기계식 (해외구매),673470,673470,673470,673470,673470,673470,673470,668750
99947804,PMO AURORA 80 유무선 기계식 (글레이셜 블루),176000,176000,176000,176000,176000,176000,176000,
96650570,PMO AURORA 80 유무선 기계식 (레드),176000,176000,176000,176000,176000,176000,176000,176000
96650579,PMO AURORA 80 유무선 기계식 (웜 실버),176000,176000,176000,176000,176000,176000,176000,
99052184,PMO AURORA 80 유무선 기계식 (핑크),209000,209000,209000,209000,209000,209000,209000,
96650270,PMO AURORA 80 유무선 기계식 블랙 (월신축),176000,176000,176000,176000,176000,176000,176000,
96650156,PMO AURORA 80 유무선 기계식 블랙 (청죽축),145000,145000,145000,145000,145000,145000,145000,
96650306,PMO AURORA 80 유무선 기계식 실버 (청죽축),145000,145000,145000,145000,145000,145000,145000,
93441737,PMO AURORA 80 유무선 기계식 해외구매 (월신축),129410,129410,129410,129410,129410,129410,129410,129410
93441722,PMO AURORA 80 유무선 기계식 해외구매 (청죽축),95260,95260,95260,95260,95260,95260,95260,95260
96650363,PMO AURORA 80 유무선 기계식 화이트 (월신축),176000,176000,176000,176000,176000,176000,176000,
124087241,PMO GL68 PRO,64000,64000,64000,64000,64000,64000,64000,64000
124087244,PMO GL68 PRO PLUS,66000,66000,66000,66000,66000,66000,66000,66000
76333034,PMO WAVE75 유무선 기계식 해외구매 (그린축),87620,87620,87620,87620,87620,87620,87620,87620
73696058,PMO WAVE75 유무선 기계식 해외구매 (옵션선택구성),82700,82700,81820,81800,81800,81800,81800,81800
30228065,PYHO JPTZ002 무선 키보드 마우스 세트 (해외구매),37380,37380,37380,37380,37380,37380,37380,37380
5550198,PowerFul KM701UU 키보드 마우스 콤보,13970,13970,13970,13970,13970,13970,13970,13970
64390187,Project R PJTR-0001 무선,12900,12900,12900,12900,12900,12900,12900,12900
76328951,Pulsar PCMK 2 HE TKL 마그네틱 (블랙),99000,99000,109000,109000,109000,109000,109000,109000
69562190,Pulsar PCMK 2 HE TKL 마그네틱 (화이트),98990,98990,98990,98990,98990,98990,99000,99080
92367110,Pulsar PCMK 3 HE 60,189000,189000,189000,189000,189000,189000,189000,189000
101187191,Pulsar PCMK 3 HE Bruce Lee 85th Edition,239000,239000,239000,239000,239000,239000,239000,239000
104355887,Pulsar PCMK 3 HE TKL (블랙),239000,239000,239000,239000,239000,239000,239000,239000
104355890,Pulsar PCMK 3 HE TKL (화이트),239000,239000,239000,239000,239000,239000,239000,239000
123436253,Pulsar PCMK 3 HE TKL SOMETHING,259000,259000,259000,259000,259000,259000,259000,259000
76462502,Pulsar XBOARD MS 기계식,59000,59000,59000,59000,59000,59000,59000,59000
76328621,Pulsar XBOARD QS 기계식 (블랙),299000,299000,299000,299000,299000,299000,299000,299000
54814406,Pulsar XBOARD QS 기계식 (화이트),281060,284050,284050,284050,284050,284050,284050,284050
122690518,Pulsar XPAD Mini (터콰이즈),54000,54000,51820,54000,48890,49010,54000,54000
122690517,Pulsar XPAD Mini (핑크),54000,54000,51810,54000,48890,49010,54000,54000
122690525,Pulsar XPAD Mini (화이트),87750,87750,87750,87750,87750,87750,87750,87750
96257720,Pulsar eS HE 70,289000,289000,289000,289000,289000,289000,289000,289000
15609197,Pulsar 게이트론 스위치 90피스 (갈축),30000,30000,30000,30000,30000,30000,30000,30000
15354383,Pulsar 로우 프로파일 영문 키캡 104키 (블랙),26320,26600,26600,26600,26600,26600,26600,26600
15354386,Pulsar 로우 프로파일 영문 키캡 104키 (화이트),28000,28000,28000,28000,28000,28000,28000,28000
15354230,Pulsar 베이직 영문 키캡 104키 (블랙),22200,22200,22200,22200,22200,22200,22200,22200
15354233,Pulsar 베이직 영문 키캡 104키 (화이트),22200,22200,22200,22200,22200,22200,22200,22200
15354179,Pulsar 베이직 한영 키캡 104키 (블랙),21620,21850,22200,21850,21850,21850,21850,21850
15354182,Pulsar 베이직 한영 키캡 104키 (화이트),22200,22200,22200,22200,22200,22200,22200,22200
28187009,Pulsar 슈퍼그립 유니버셜 Pre-cut,9400,9400,9400,9400,9400,9400,9400,9400
73948355,QSENN A75 유무선 기계식 커스텀 베어본,49800,49800,49800,49800,49800,49800,49800,49800
72723734,QSENN DT35 104 8K 풀윤활 가스켓 기계식 블루퍼플 (퍼플축),51890,51890,51890,51890,51890,51890,51890,51890
72723716,QSENN DT35 104 8K 풀윤활 가스켓 기계식 화이트 (애플민트축),51890,51890,51890,51890,51890,51890,51890,51890
62069993,QSENN DT35 104 가스켓 유무선 기계식 블랙 (단풍축),63400,63400,63400,63400,63400,63400,63400,63400
62070086,QSENN DT35 104 가스켓 유무선 기계식 블랙 (애플민트축),52300,52300,52300,52300,52300,52300,52300,52300
62070008,QSENN DT35 104 가스켓 유무선 기계식 블랙 (저소음 라임축),64900,64900,64900,64900,64900,64900,64900,64900
63027989,QSENN DT35 104 가스켓 유무선 기계식 블루퍼플 (저소음 톰축),63400,63400,63400,63400,63400,63400,63400,63400
63028034,QSENN DT35 104 가스켓 유무선 기계식 블루퍼플 (저소음 피치축),64900,64900,64900,64900,64900,64900,64900,64900
78095537,QSENN DT35 104 가스켓 유무선 기계식 크림치즈 (저소음 바다소금축),56300,56300,56300,56300,56300,56300,56300,56300
78095528,QSENN DT35 104 가스켓 유무선 기계식 크림치즈 (크림치즈축),52300,52300,52300,52300,52300,52300,52300,52300
62070023,QSENN DT35 104 가스켓 유무선 기계식 화이트 (민트축),52300,52300,52300,52300,52300,52300,52300,52300
62070056,QSENN DT35 104 가스켓 유무선 기계식 화이트 (저소음 바다소금축),56300,56300,56300,56300,56300,56300,56300,56300
62070080,QSENN DT35 104 가스켓 유무선 기계식 화이트 (저소음 크림옐로우PRO),63400,63400,63400,63400,63400,63400,63400,63400
63086582,QSENN DT35 106 가스켓 유무선 기계식 블랙 (민트축),48400,48400,48400,48400,48400,48400,48400,48400
63086615,QSENN DT35 106 가스켓 유무선 기계식 블랙 (애플민트축),48400,48400,48400,48400,48400,48400,48400,48400
63086717,QSENN DT35 106 가스켓 유무선 기계식 화이트 (민트축),48400,48400,48400,48400,48400,48400,48400,48400
63086702,QSENN DT35 106 가스켓 유무선 기계식 화이트 (애플민트축),48400,48400,48400,48400,48400,48400,48400,48400
57508367,QSENN DT35 87 유무선 기계식 블랙 (민트축 V1),41680,41680,41680,41680,41680,41680,41680,41680
57931409,QSENN DT35 87 유무선 기계식 블랙 (애플민트축 V1),41680,41680,41680,41680,41680,41680,41680,41680
57940283,QSENN DT35 87 유무선 기계식 블랙 (저소음 라임축 V3),44900,44900,44900,44900,44900,44900,44900,44900
60003068,QSENN DT35 87 유무선 기계식 블랙 (저소음 크림옐로우PRO),44900,44900,44900,44900,44900,44900,44900,44900
57932030,QSENN DT35 87 유무선 기계식 블랙 (저소음 피치축),44900,44900,44900,44900,44900,44900,44900,44900
57933281,QSENN DT35 87 유무선 기계식 화이트 (민트축 V1),41680,41680,41680,41680,41680,41680,41680,41680
57933380,QSENN DT35 87 유무선 기계식 화이트 (애플민트축 V1),41680,41680,41680,41680,41680,41680,41680,41680
57933890,QSENN DT35 87 유무선 기계식 화이트 (저소음 라임축 V3),44900,44900,44900,44900,44900,44900,44900,44900
57943676,QSENN DT35 87 유무선 기계식 화이트 (저소음 크림옐로우PRO),44900,44900,44900,44900,44900,44900,44900,44900
57940025,QSENN DT35 87 유무선 기계식 화이트 (저소음 피치축),44900,44900,44900,44900,44900,44900,44900,44900
71642537,QSENN DT35 89 TKL 멤브레인 (블랙),13400,13400,13400,13400,13400,13400,13400,13400
58791134,QSENN DT35 89 유무선 기계식 블랙 (민트축 V1),37400,37400,37400,37400,37400,37400,37400,37400
58793597,QSENN DT35 89 유무선 기계식 블랙 (바다소금축),40900,40900,40900,40900,40900,40900,40900,40900
58792526,QSENN DT35 89 유무선 기계식 블랙 (애플민트축 V1),37400,37400,37400,37400,37400,37400,37400,37400
67624970,QSENN DT35 89 유무선 기계식 블랙 (저소음 바다소금축),40900,40900,40900,40900,40900,40900,40900,40900
58794158,QSENN DT35 89 유무선 기계식 화이트 (민트축 V1),37400,37400,37400,37400,37400,37400,37400,37400
58794377,QSENN DT35 89 유무선 기계식 화이트 (바다소금축),43400,43400,43400,43400,43400,43400,43400,43400
58794260,QSENN DT35 89 유무선 기계식 화이트 (애플민트축 V1),37400,37400,37400,37400,37400,37400,37400,37400
67624988,QSENN DT35 89 유무선 기계식 화이트 (저소음 바다소금축),40900,40900,40900,40900,40900,40900,40900,40900
12213530,QSENN GP-K1200 (PS/2),11570,11570,11570,11570,11570,11570,11570,11570
12213509,QSENN GP-K1200 (USB),6900,6900,6900,6900,6900,6900,6900,6900
110571788,QSENN GP-K1200 키스킨,6240,6240,6240,6240,6240,6240,6240,6240
115843995,QSENN GP-K4500 키스킨,3750,3750,3750,3750,3750,3750,3750,3750
3369149,QSENN GP-K5000 실리콘 키스킨,3660,3660,3660,3660,3660,3660,3620,3620
3331744,QSENN GP-K7000 (블랙),14300,14300,14300,14300,14300,14300,14300,14300
15406733,QSENN GP-K7000 영문 (블랙),14290,14290,14290,14290,14290,14290,14290,14290
12213389,QSENN GP-KM2100 Plus (USB),10400,10400,10400,10400,10400,10400,10400,10400
12256694,QSENN GP-KM2200 Plus (PS/2),9600,9600,9600,9600,9600,9600,9600,9600
12256646,QSENN GP-KM2200 Plus (USB),9600,9600,9600,9600,9600,9600,9600,9600
4440774,QSENN GP-KM2200 USB,9600,9600,9600,9600,9600,9600,9600,9600
6691924,QSENN GP-KM2500 PS/2 + USB,8900,8900,8900,8900,8900,8900,8900,8900
18064787,QSENN GP-KM3100 Plus 버티컬 키보드 마우스 세트 (블랙),20600,20600,20600,20600,20600,20600,20600,20600
12149837,QSENN GP-KM4500 Plus (PS/2),13900,13900,13900,13900,13900,13900,13900,13900
12149873,"QSENN GP-KM4500 Plus (USB, 블랙)",13890,13890,13890,13890,13890,13890,13890,13890
18020636,"QSENN GP-KM4500 Plus (USB, 화이트)",13900,13900,13900,13900,13900,13900,13900,13900
12149993,QSENN GP-KM4500S LED Stella (USB),15880,15880,15880,15880,15880,15880,15880,15880
15283157,"QSENN K1000 무선키보드 (민트, 키스킨 포함)",9890,9890,9890,9890,9890,9890,9890,9890
15055466,"QSENN K1000 무선키보드 (블랙, 키스킨 포함)",9890,9890,9890,9890,9890,9890,9890,9890
15283163,"QSENN K1000 무선키보드 (핑크, 키스킨 포함)",9900,9900,9900,9900,9900,9900,9900,9900
15283115,"QSENN K1000 무선키보드 (화이트, 키스킨 포함)",9890,9890,9890,9890,9890,9890,9890,9890
7100656,QSENN K6000 미니 키보드 블랙,6900,6900,6900,6900,6900,6900,6900,6900
100191761,QSENN K7314 저소음 무선 (라벤더),13900,13900,13900,13900,13900,13900,13900,13900
100191755,QSENN K7314 저소음 무선 (벚꽃),13900,13900,13900,13900,13900,13900,13900,13900
100191752,QSENN K7314 저소음 무선 (슈팅스타),13900,13900,13900,13900,13900,13900,13900,13900
6691954,QSENN KM2500 Plus USB 키보드 마우스 세트,8450,8450,8450,8450,8450,8450,8450,8450
20169068,QSENN KM3500 Plus 키보드 마우스 세트 (민트),16800,16800,16800,16800,16800,16800,16800,16800
20165195,QSENN KM3500 Plus 키보드 마우스 세트 (블랙),16780,16780,16780,16780,16780,16780,16780,16780
20169056,QSENN KM3500 Plus 키보드 마우스 세트 (핑크),16780,16780,16780,16780,16780,16780,16780,16780
20169020,QSENN KM3500 Plus 키보드 마우스 세트 (화이트),16800,16800,16800,16800,16800,16800,16800,16800
18442208,QSENN KM6000 미니 키보드 마우스 세트,9900,9900,9900,9900,9900,9900,9900,9900
15055394,QSENN MK110 무선키보드 마우스 세트,16060,16060,16060,16060,16060,16060,16060,16060
70255139,"QSENN MK128 사일런트 무선 키보드 마우스 세트 (블랙, 키스킨 포함)",17400,17400,17400,17400,17400,17400,17400,17400
70255172,"QSENN MK128 사일런트 무선 키보드 마우스 세트 (화이트, 키스킨 포함)",17400,17400,17400,17400,17400,17400,17400,17400
15719942,"QSENN MK210 무선 키보드 마우스 세트 (민트, 키스킨 미포함)",14800,14800,14800,14800,14800,14800,14800,14800
15270272,"QSENN MK210 무선 키보드 마우스 세트 (민트, 키스킨 포함)",14780,14780,14780,14780,14780,14780,14780,14780
15719915,"QSENN MK210 무선 키보드 마우스 세트 (블랙, 키스킨 미포함)",14800,14800,14800,14800,14800,14800,14800,14800
15270242,"QSENN MK210 무선 키보드 마우스 세트 (블랙, 키스킨 포함)",14780,14780,14780,14780,14780,14780,14780,14780
15719930,"QSENN MK210 무선 키보드 마우스 세트 (핑크, 키스킨 미포함)",17300,17300,17300,17300,17300,17300,17300,17300
15719918,"QSENN MK210 무선 키보드 마우스 세트 (화이트, 키스킨 미포함)",14800,14800,14800,14800,14800,14800,14800,14800
15270260,"QSENN MK210 무선 키보드 마우스 세트 (화이트, 키스킨 포함)",14780,14780,14780,14780,14780,14780,14780,14780
29857562,QSENN MK280 무선 키보드 마우스 세트 (민트),29480,29480,29480,29480,29480,27420,25236,26060
29857550,QSENN MK280 무선 키보드 마우스 세트 (블랙),25750,25750,25750,25750,25750,25750,25750,25750
29857571,QSENN MK280 무선 키보드 마우스 세트 (핑크),17800,17800,17800,17800,17800,17800,17800,17800
100190816,QSENN MK314 저소음 무선 키보드 마우스 세트 (라벤더),18900,18900,18900,18900,18900,18900,18900,18900
100190810,QSENN MK314 저소음 무선 키보드 마우스 세트 (벚꽃),18900,18900,18900,18900,18900,18900,18900,18900
100190801,QSENN MK314 저소음 무선 키보드 마우스 세트 (슈팅스타),18900,18900,18900,18900,18900,18900,18900,18900
20169236,QSENN MK350 무선 키보드 마우스 세트 (민트),20400,20400,20400,20400,20400,20400,20400,20400
20166155,QSENN MK350 무선 키보드 마우스 세트 (블랙),20070,20070,20070,20070,20070,20070,20070,20070
20169218,QSENN MK350 무선 키보드 마우스 세트 (핑크),20380,20380,20380,20380,20380,20380,20380,20380
20169182,QSENN MK350 무선 키보드 마우스 세트 (화이트),20400,20400,20400,20400,20400,20400,20400,20400
17459978,QSENN MK450 무선 키보드 마우스 세트 (민트),18380,18380,18380,18380,18380,18380,18380,18380
17459915,QSENN MK450 무선 키보드 마우스 세트 (블랙),18400,18400,18360,18360,18360,18360,18360,18360
17459969,QSENN MK450 무선 키보드 마우스 세트 (핑크),22990,22990,21390,21390,21390,21390,21390,21390
17459957,QSENN MK450 무선 키보드 마우스 세트 (화이트),18360,18360,18360,18360,18360,18360,18360,18360
6555974,QSENN PTS-GK1000 게이밍 한손 키보드,15890,15890,15890,15890,15890,15890,15890,15890
96650984,QSENN Q104 8K 풀윤활 유무선 기계식 라벤더 (저소음 달고나라떼축),73530,73530,73530,73530,73530,73530,73530,73530
96651071,QSENN Q104 8K 풀윤활 유무선 기계식 벚꽃 (저소음 카라멜라떼축),73530,73530,73530,73530,73530,73530,73530,73530
96651038,QSENN Q104 8K 풀윤활 유무선 기계식 벚꽃 (흑당라떼축),84190,69800,68400,68400,68400,68400,68400,68400
96650921,QSENN Q104 8K 풀윤활 유무선 기계식 슈팅스타 (실론밀크축),60430,60430,60430,60430,60430,60430,60430,60430
96650885,QSENN Q104 8K 풀윤활 유무선 기계식 슈팅스타 (저소음 바다소금),67260,67260,67260,67260,67260,67260,67260,67260
92148767,QSENN Q104 LCD 풀윤활 가스켓 유무선 기계식 그라데이션 블루소다 (저소음 딥블루축),73880,73880,73880,73880,73880,73880,73880,73880
92148782,QSENN Q104 LCD 풀윤활 가스켓 유무선 기계식 그라데이션 블루소다 (저소음 위스퍼축),74560,74560,74560,74560,74560,74560,74560,74560
92147741,QSENN Q104 LCD 풀윤활 가스켓 유무선 기계식 그라데이션 핑크베리 (저소음 핑크솔트축),73880,73880,73880,73880,73880,73880,73880,73880
92147738,QSENN Q104 LCD 풀윤활 가스켓 유무선 기계식 그라데이션 핑크베리 (저소음 하트비트축),75400,75400,75400,75400,75400,75400,75400,75400
92147684,QSENN Q104 LCD 풀윤활 가스켓 유무선 기계식 슈팅스타 (민트축),67400,67400,67400,67400,67400,67400,67400,67400
92147624,QSENN Q104 LCD 풀윤활 가스켓 유무선 기계식 슈팅스타 (실론밀크축),63730,63730,63730,63730,63730,63730,63730,63730
92147693,QSENN Q104 LCD 풀윤활 가스켓 유무선 기계식 슈팅스타 (저소음 바다소금축),71800,71800,71800,71800,71800,71800,71800,71800
73560281,QSENN Q104 PBT 풀윤활 가스켓 유무선 기계식 블랙 (민트축),55180,55180,55180,55180,55180,55180,55180,55180
73560275,QSENN Q104 PBT 풀윤활 가스켓 유무선 기계식 블랙 (저소음 바다소금축),58600,58600,58600,58600,58600,58600,58600,58600
73560296,QSENN Q104 PBT 풀윤활 가스켓 유무선 기계식 블루퍼플 (저소음 바다소금축),58600,58600,58600,58600,58600,58600,58600,58600
73560302,QSENN Q104 PBT 풀윤활 가스켓 유무선 기계식 블루퍼플 (퍼플축),56400,56400,56400,56400,56400,56400,56400,56400
97777058,QSENN Q104 PBT 풀윤활 가스켓 유무선 기계식 슈팅스타 (실론밀크축),53800,53800,53800,53800,53800,53800,53800,53800
73560308,QSENN Q104 PBT 풀윤활 가스켓 유무선 기계식 크림치즈 (저소음 바다소금축),59800,59800,59800,59800,59800,59800,59800,59800
73560311,QSENN Q104 PBT 풀윤활 가스켓 유무선 기계식 크림치즈 (크림치즈축),56390,56390,56390,56390,56390,56390,56390,56390
73560290,QSENN Q104 PBT 풀윤활 가스켓 유무선 기계식 화이트 (애플민트축),56400,56400,56400,56400,56400,56400,56400,56400
73560287,QSENN Q104 PBT 풀윤활 가스켓 유무선 기계식 화이트 (저소음 바다소금축),58600,58600,58600,58600,58600,58600,58600,58600
106701851,QSENN Q104 스폰지밥 에디션 PBT 풀윤활 가스켓 유무선 기계식 (뚱이),79800,79800,79800,79800,79800,79800,79800,79800
106701848,QSENN Q104 스폰지밥 에디션 PBT 풀윤활 가스켓 유무선 기계식 (스폰지밥),79800,79800,79800,79800,79800,79800,79800,79800
94023830,QSENN Q104 유무선 기계식 커스텀 베어본,39900,39900,39900,39900,39900,39900,39900,39900
109482527,QSENN Q108 PBT 풀윤활 가스켓 유무선 기계식 (라벤더),64800,64800,64800,64800,64800,64800,64800,64800
109482533,QSENN Q108 PBT 풀윤활 가스켓 유무선 기계식 (모카무스),54800,54800,54800,54800,54800,54800,54800,54800
109482539,QSENN Q108 PBT 풀윤활 가스켓 유무선 기계식 (벚꽃),61220,61220,61220,61220,61220,61220,61220,61220
109482524,QSENN Q108 PBT 풀윤활 가스켓 유무선 기계식 (스모크드 펄 그레이),64800,64800,64800,64800,64800,64800,64800,64800
67624961,QSENN Q75 가스켓 유무선 기계식 블랙 (민트축),44350,44350,44350,44350,44350,44350,44350,44350
67625153,QSENN Q75 가스켓 유무선 기계식 블랙 (바다소금축 넌클릭),49800,49800,49800,49800,49800,49800,49800,49800
67625171,QSENN Q75 가스켓 유무선 기계식 블랙 (저소음 라임축),57740,57740,57790,57740,57740,57740,57740,57740
74052725,QSENN Q75 가스켓 유무선 기계식 블랙 (저소음 바다소금축),49800,49800,49800,49800,49800,49800,49800,49800
67625609,QSENN Q75 가스켓 유무선 기계식 블루퍼플 (저소음 바다소금축),49750,49750,49750,49750,49750,49750,49750,49750
67625648,QSENN Q75 가스켓 유무선 기계식 블루퍼플 (저소음 크림옐로우PRO),56340,56340,56390,56340,56340,56340,56340,56340
67625579,QSENN Q75 가스켓 유무선 기계식 블루퍼플 (퍼플축),45800,45800,45800,45800,45800,45800,45800,45800
67625546,QSENN Q75 가스켓 유무선 기계식 크림치즈 (미드나잇축),52740,52740,52740,52740,52740,52740,52740,52740
74052740,QSENN Q75 가스켓 유무선 기계식 크림치즈 (저소음 바다소금축),49800,49800,47800,47800,47800,47800,47800,47800
67625564,QSENN Q75 가스켓 유무선 기계식 크림치즈 (저소음 바다축),49800,49800,49800,49800,49800,49800,49800,49800
67625522,QSENN Q75 가스켓 유무선 기계식 크림치즈 (크림치즈축),45800,45800,45800,45800,45800,45800,45800,45800
67625273,QSENN Q75 가스켓 유무선 기계식 화이트 (바다소금축 리니어),49750,49750,49790,49750,49750,49750,49750,49750
67625246,QSENN Q75 가스켓 유무선 기계식 화이트 (애플민트축),45750,45750,45790,45750,45750,45750,45750,45750
71720405,QSENN Q75 가스켓 유무선 기계식 화이트 (저소음 바다소금축),49800,49800,49800,49800,49800,49800,49800,49800
67625453,QSENN Q75 가스켓 유무선 기계식 화이트 (저소음 피치축),57740,57740,57790,57740,57740,57740,57740,57740
74810462,QSENN Q87 PBT 유무선 기계식 블랙 (민트축),44350,44350,44350,44350,44350,44350,44350,44350
74884790,QSENN Q87 PBT 유무선 기계식 블랙 (저소음 바다소금축),49800,49800,49800,49800,49800,49800,49800,49800
74810369,QSENN Q87 PBT 유무선 기계식 블루퍼플 (저소음 바다소금축),48880,48880,48880,48880,48880,48880,48880,48880
74810426,QSENN Q87 PBT 유무선 기계식 블루퍼플 (퍼플축),45800,45800,45800,45800,45800,45800,45800,45800
74810195,QSENN Q87 PBT 유무선 기계식 크림치즈 (저소음 바다소금축),49800,49800,49800,49800,49800,49800,49800,49800
74810207,QSENN Q87 PBT 유무선 기계식 크림치즈 (크림치즈축),45800,45800,45800,45800,45800,45800,45800,45800
74810354,QSENN Q87 PBT 유무선 기계식 화이트 (애플민트축),45800,45800,45800,45800,45800,45800,45800,45800
74248535,QSENN Q87 PBT 유무선 기계식 화이트 (저소음 바다소금축),49800,49800,49800,49800,49800,49800,49800,49800
68686589,QSENN Q99 유무선 기계식 블랙 (민트축),53800,53800,53800,53800,53800,53800,53800,53800
68686661,QSENN Q99 유무선 기계식 블랙 (바다소금축 넌클릭),59800,59800,59800,59800,59800,59800,59800,59800
68686694,QSENN Q99 유무선 기계식 블랙 (저소음 라임축),66900,66900,66900,66900,66900,66900,66900,66900
73253603,QSENN Q99 유무선 기계식 블랙 (저소음 바다소금축),58400,58400,58400,58400,58400,58400,58400,58400
68687138,QSENN Q99 유무선 기계식 블루퍼플 (저소음 바다소금축),57230,57230,57230,57230,57230,57230,57230,57230
68687120,QSENN Q99 유무선 기계식 블루퍼플 (퍼플축),53800,53800,53800,53800,53800,53800,53800,53800
95284748,QSENN Q99 유무선 기계식 커스텀 베어본,38900,38900,38900,38900,38900,38900,38900,38900
68687027,QSENN Q99 유무선 기계식 크림치즈 (미드나잇축),61900,61900,61900,61900,61900,61900,61900,61900
71720429,QSENN Q99 유무선 기계식 크림치즈 (저소음 바다소금축),58400,58400,58400,58400,58400,58400,58400,58400
68687036,QSENN Q99 유무선 기계식 크림치즈 (저소음 바다축),65800,65800,65800,65800,65800,65800,65800,65800
68686973,QSENN Q99 유무선 기계식 크림치즈 (크림치즈축),52450,52450,52450,52450,52450,52450,52450,52450
68686955,QSENN Q99 유무선 기계식 화이트 (바다소금축 리니어),58400,58400,58400,58400,58400,58400,58400,58400
68686703,QSENN Q99 유무선 기계식 화이트 (애플민트축),53800,53800,53800,53800,53800,53800,53800,53800
72755042,QSENN Q99 유무선 기계식 화이트 (저소음 바다소금축),58400,58400,58400,58400,58400,58400,58400,58400
68686733,QSENN Q99 유무선 기계식 화이트 (저소음 피치축),66800,66800,66800,66800,66800,66800,66800,66800
78098555,QSENN R75 유무선 기계식 블랙 (바다소금축 리니어),64800,64800,64800,64800,64800,64800,64800,64800
78098540,QSENN R75 유무선 기계식 블랙 (애플민트축),61800,61800,61800,61800,61800,61800,61800,61800
78098513,QSENN R75 유무선 기계식 블루퍼플 (바다소금축 넌클릭),64800,64800,64800,64800,64800,64800,64800,64800
73948289,QSENN R75 유무선 기계식 블루퍼플 (퍼플축),61800,61800,61800,61800,61800,61800,61800,61800
78098606,QSENN R75 유무선 기계식 크림치즈 (크림치즈축),61800,61800,61800,61800,61800,61800,61800,61800
78098585,QSENN R75 유무선 기계식 화이트 (미드나잇축),67800,67800,67800,67800,67800,67800,67800,67800
78098573,QSENN R75 유무선 기계식 화이트 (민트축),64300,64300,64300,64300,64300,64300,64300,64300
78098576,QSENN R75 유무선 기계식 화이트 (애플민트축),61800,61800,61800,61800,61800,61800,61800,61800
18167000,QSENN SEM-DT 큰글씨,10600,10600,10600,10600,10600,10600,10600,10600
18110864,QSENN SEM-DT 큰글씨 Wireless,19000,19000,19000,19000,19000,19000,19000,19000
123621334,QSENN SEM-DT108 풀윤활 저소음 (딸기라떼),14830,14830,14830,14830,14830,14830,14830,14830
123621339,QSENN SEM-DT108 풀윤활 저소음 (바나나라떼),14830,14830,14830,14830,14830,14830,14830,14830
123621358,QSENN SEM-DT108 풀윤활 저소음 (휘핑라떼),14830,14830,14830,14830,14830,14830,14830,14830
123621347,QSENN SEM-DT108 풀윤활 저소음 (흑당라떼),14830,14830,14830,14830,14830,14830,14830,14830
123538153,QSENN SEM-DT108SE 풀윤활 저소음 유무선 (딸기라떼),21710,21710,21710,21710,21710,21710,21710,21710
123538158,QSENN SEM-DT108SE 풀윤활 저소음 유무선 (바나나라떼),21710,21710,21710,21710,21710,21710,21710,21710
123538164,QSENN SEM-DT108SE 풀윤활 저소음 유무선 (휘핑라떼),21710,21710,21710,21710,21710,21710,21710,21710
123538160,QSENN SEM-DT108SE 풀윤활 저소음 유무선 (흑당라떼),21710,21710,21710,21710,21710,21710,21710,21710
4830196,QSENN SEM-DT25 LED (블랙),21850,21850,21850,21850,21850,21850,21850,21850
6859030,QSENN SEM-DT25T 그린 LED 텐키리스,15900,15900,15900,15900,15900,15900,15900,15900
11996414,QSENN SEM-DT25TS LED 텐키리스,19900,19900,19900,19900,19900,19900,19900,19900
3274936,QSENN SEM-DT35 NEW PS2 (블랙),12200,12200,12200,12200,12200,12200,12200,12200
3274946,QSENN SEM-DT35 NEW PS2 (화이트),12400,12400,12400,12400,12400,12400,12400,12400
20018744,QSENN SEM-DT35 NEW USB (민트),12400,12400,12400,12400,12400,12400,12400,12400
3274953,QSENN SEM-DT35 NEW USB (블랙),12200,12200,12200,12200,12200,12200,12200,12200
3274956,QSENN SEM-DT35 NEW USB (화이트),12200,12200,12200,12200,12200,12200,12200,12200
3277626,QSENN SEM-DT35 실리콘 키스킨,1600,1600,1600,1600,1600,1600,1600,1600
5339279,QSENN SEM-DT35S LED Stella (블랙),14030,14030,14030,14030,14030,14030,14030,14030
58100786,QSENN SEM-DT35S LED Stella (화이트),14390,14390,14390,14390,14390,14390,14390,14390
19993439,QSENN SEM-DT35W 무선 (민트),15900,15900,15900,15900,15900,15900,15900,15900
19993331,QSENN SEM-DT35W 무선 (블랙),15900,15900,15900,15900,15900,15900,15900,15900
19993433,QSENN SEM-DT35W 무선 (핑크),15900,15900,15900,15900,15900,15900,15900,15900
19993385,QSENN SEM-DT35W 무선 (화이트),15900,15900,15900,15900,15900,15900,15900,15900
11996540,QSENN SEM-DT45 NEW Plus (PS/2),15060,15060,15060,15060,15060,15060,15060,15060
11996561,"QSENN SEM-DT45 NEW Plus (USB, 블랙)",10590,10590,10590,10590,10590,10590,10590,10590
17983721,"QSENN SEM-DT45 NEW Plus (USB, 화이트)",10590,10590,10590,10590,10590,10590,10590,10590
17459624,QSENN SEM-DT45 Plus 무선 (민트),13790,13790,13790,13790,13790,13790,13790,13790
17459549,QSENN SEM-DT45 Plus 무선 (블랙),13790,13790,13790,13790,13790,13790,13790,13790
17459609,QSENN SEM-DT45 Plus 무선 (핑크),13790,13790,13790,13790,13790,13790,13790,13790
17459588,QSENN SEM-DT45 Plus 무선 (화이트),13790,13790,13790,13790,13790,13790,13790,13790
123845539,QSENN SEM-DT45 실리콘 키스킨,1700,1700,1700,1700,1700,1700,1700,1700
17040407,QSENN SEM-DT55T LED,28420,28420,28420,28420,28420,28420,28420,28420
17040326,QSENN SEM-DT65T LED,24800,24800,24800,24800,24800,24800,24800,24800
18167246,QSENN SEM-KM 큰글씨 키보드 마우스 세트,13900,13900,13900,13900,13900,13900,13900,13900
18307235,QSENN SEM-MK 큰글씨 무선 키보드 마우스 세트,18400,18400,18400,18400,18400,18400,18400,18400
3331725,QSENN SNK-3000,10600,10600,10600,10600,10600,10600,10600,10600
3369181,QSENN SWT-1200 실리콘 키스킨,6080,6100,5970,6100,6100,6100,6100,6030
103479983,QSENN X104 풀윤활 가스켓 기계식 라벤더 (실론시나몬축),39800,39800,39800,39800,39800,39800,39800,39800
103479989,QSENN X104 풀윤활 가스켓 기계식 모카무스 (실론시나몬축),39800,39800,39800,39800,39800,39800,39800,39800
103480001,QSENN X104 풀윤활 가스켓 기계식 벚꽃 (실론밀크축),39800,39800,39800,39800,39800,39800,39800,39800
103479995,QSENN X104 풀윤활 가스켓 기계식 스모크드 펄 그레이 (실론밀크축),39800,39800,39800,39800,39800,39800,39800,39800
103752779,QSENN 구름 팜레스트 (레인보우),5400,5400,5400,5400,5400,5400,5400,5400
73886150,QSENN 구름 팜레스트 (블루),5400,5400,5400,5400,5400,5400,5400,5400
74052716,QSENN 구름 팜레스트 (화이트),5400,5400,5400,5400,5400,5400,5400,5400
124238176,QSENN 구름 팜레스트 스폰지밥 에디션 (뚱이 핑크),12890,12890,12890,12890,12890,12890,12890,12890
124238167,QSENN 구름 팜레스트 스폰지밥 에디션 (스폰지밥 옐로우),12890,12890,12890,12890,12890,12890,12890,12890
96980330,QSENN 베이지브라운 키캡,17400,17400,17400,17400,17400,17400,17400,17400
96980414,QSENN 블루베어 바닐라소다 키캡,20400,20400,20400,20400,20400,20400,20400,20400
73886189,QSENN 엔젤윙 팜레스트 (블루),5340,5340,5340,5340,5340,5340,5340,5340
74052722,QSENN 엔젤윙 팜레스트 (화이트),5400,5400,5400,5400,5400,5400,5400,5400
26584664,RAPOO X1800S 무선 키보드 마우스 세트,20900,20900,20900,20900,20900,20900,20900,20900
17632478,RHINO GEAR K-312U,10010,10010,10010,10010,15370,15370,15370,10010
96257570,RHINO GEAR RG-GK100,7710,7710,7710,7410,7410,7410,7410,7410
32001449,RHINO GEAR RG-GMK100 키보드 마우스 세트,10500,10500,9980,9980,9980,9980,9980,9980
18435059,RHINO GEAR RG-K100 키패드,6900,6900,6900,6550,6550,6550,6550,6550
17937470,RHINO GEAR RG-K2 미니 키보드,5540,5540,5540,5540,5540,5540,5540,5540
28059809,RHINO GEAR RG-KM05 키보드 마우스 세트,5400,5400,5400,5400,5400,5400,5400,5400
16092845,RHINO GEAR RG-KM100 텐키리스 키보드 마우스 세트,8000,8000,8000,7600,7600,7600,7600,7600
17632655,RHINO GEAR RG-KM200U 키보드 마우스 세트,8500,8500,8500,8270,8270,8270,8270,8270
70103339,RHINO GEAR RG-WK1000 무선 키보드 마우스 세트,9280,9280,9280,9280,9280,9280,9280,9280
16346879,RHINO GEAR RG-WK1000 무선키보드,9020,9020,9020,9020,9020,9020,9020,9020
56259215,RHINO GEAR RG-WM50M 무선 키보드 마우스 세트,25800,22130,22130,22130,22130,19190,18610,16420
18369863,RHINO GEAR RG-WMK100 무선 키보드 마우스 세트,13920,14010,14030,14130,14150,14250,14270,14350
16386782,RHINO GEAR RG-WMK200 무선 키보드 마우스 세트 (블랙),12000,12000,12000,11400,11400,11400,11400,11400
16386791,RHINO GEAR RG-WMK200 무선 키보드 마우스 세트 (화이트),12000,12000,12000,11400,11400,11400,11400,11400
5971430,RIZUM M10 무선 키보드 무소음 마우스 세트 (블랙),23000,23000,23000,23000,23000,23000,23000,23000
10369614,"RIZUM RK202 기계식 게이밍 키보드 (화이트, 청축)",31900,31900,31900,31900,31900,31900,31900,31900
10281822,RIZUM RWS-101 무선 키보드 마우스 세트 (레드),78410,78410,78410,78410,78410,78410,78410,78410
10281807,RIZUM RWS-101 무선 키보드 마우스 세트 (실버),26990,26990,26990,26990,26990,26990,26990,26990
14551028,ROCCAT PYRO (적축),119000,119000,119000,119000,119000,119000,119000,119000
58009313,ROCCAT REST,5900,5900,5900,5900,5900,5900,5900,5900
6511987,ROCCAT VULCAN 120 AIMO 영문 (갈축),199000,199000,199000,199000,199000,199000,199000,199000
8103517,ROCCAT VULCAN 121 AIMO 영문 (갈축),199000,199000,199000,199000,199000,199000,199000,199000
9490335,ROCCAT VULCAN 121 AIMO 한글 (적축),98000,98000,98000,98000,98000,98000,98000,98000
18158435,ROCCAT VULCAN II MAX 영문 (블랙),111860,111860,119000,119000,119000,119000,113050,113050
78238667,ROCCAT VULCAN II MAX 영문 (화이트),119000,119000,119000,119000,119000,119000,119000,119000
18158399,ROCCAT VULCAN II MAX 한글 (블랙),119000,119000,119000,119000,119000,119000,119000,119000
28215362,ROCCAT VULCAN II 기계식 (블랙),109000,109000,109000,109000,109000,109000,109000,109000
28215389,ROCCAT VULCAN II 기계식 (화이트),99000,,,,,,,
15845864,ROCCAT VULCAN TKL PRO 한글 화이트,189000,191500,189000,194000,189000,191500,196500,199000
12566594,ROCCAT VULCAN TKL 영문 (적축),176280,176280,176280,176280,176280,176280,176280,176280
27506033,ROCCAT Vulcan II Mini Air 유무선 (블랙),119000,119000,119000,119000,119000,119000,119000,119000
16150079,ROYCHE BTS 타이니탄 손목 받침대,8800,8800,8800,8800,8800,8800,8800,8800
13492949,ROYCHE KT5 PRO (블랙),14900,14900,14900,14900,14900,14900,14900,14900
15416288,ROYCHE KT5 PRO (화이트),14900,14900,14900,14900,14900,14900,14900,14900
98415473,ROYCHE KT8 FOLD PRO,24900,24900,24900,24900,24900,24900,24900,24900
33384572,ROYCHE RK-4400 무선 (그레이),59680,59680,59680,59680,59680,59680,59680,59680
92545508,ROYCHE RK-4400 무선 (옐로우),44890,44890,44890,44890,44890,44890,44890,44890
92545505,ROYCHE RK-4400 무선 (화이트),36590,36600,39290,44900,44900,44900,44900,44900
123845971,ROYCHE RK-G4000 무선 (그린),27190,27190,27190,27190,27190,27190,27190,27190
123845959,ROYCHE RK-G4000 무선 (밀크티),28890,28890,28890,28890,28890,28890,28890,28890
123845966,ROYCHE RK-G4000 무선 (블루),28890,28890,28890,28890,28890,28890,28890,28890
61673843,ROYCHE RMK-3800 무선 키보드 마우스 세트 (그레이),18900,18900,18900,18900,18900,18900,18900,18900
34388168,ROYCHE RMK-4000 무선 키보드 마우스 세트 (레몬 옐로우),21850,21850,21850,21850,21850,21850,21850,21850
34388165,ROYCHE RMK-4000 무선 키보드 마우스 세트 (애쉬 그레이),21850,21850,21850,21850,21850,21850,21850,21850
34388147,ROYCHE RMK-4000 무선 키보드 마우스 세트 (크림 화이트),21850,21850,21850,21850,21850,21850,21850,21850
15591707,ROYCHE RMK-5600 무선 키보드 마우스 콤보 (그레이),39000,39000,39000,39000,39000,39000,39000,39000
15591719,ROYCHE RMK-5600 무선 키보드 마우스 콤보 (핑크),42970,42970,42970,42970,42970,42970,42970,42970
123845907,ROYCHE RMK-G1000 키보드 마우스 세트 (네이비블랙),11490,11490,11490,11490,11490,11490,11490,11490
123845897,ROYCHE RMK-G1000 키보드 마우스 세트 (화이트),11490,11490,11490,11490,11490,11490,11490,11490
4743580,ROYCHE RX-3100 (블랙),19900,19900,19900,19900,19900,19900,19900,19900
4743593,ROYCHE RX-3100 (화이트),19900,19900,19900,19900,19900,19900,19900,19900
18518384,ROYCHE RX-3200 키보드 마우스 세트,23900,23900,23900,23900,23900,23900,23900,23900
4743644,ROYCHE RX-3300 (블랙),45360,45360,45360,45360,45360,45360,45360,45360
4743655,ROYCHE RX-3300 (화이트),45360,45360,45360,45360,45360,45360,45360,45360
13736234,ROYCHE RX-3600 (블랙),38060,38080,38090,39790,39790,39790,39790,39790
13736258,ROYCHE RX-3600 (화이트),54360,54360,54360,54360,54360,54860,54360,54360
60147638,ROYCHE 디즈니 티거 무선 키보드 마우스 세트,173390,173390,173390,173390,173390,173390,173390,173390
124298883,ROYCHE 몬치치 레진 키캡,27900,27900,27900,27900,27900,27900,27900,27900
122697687,ROYCHE 베이비 잔망루피 무선,39900,39900,39900,39900,39900,39900,39900,39900
93858803,ROYCHE 산리오 캐릭터즈 레진 키캡 (쿠로미),24900,24900,24900,24900,24900,24900,24900,24900
93858806,ROYCHE 산리오 캐릭터즈 레진 키캡 (포차코),24900,24900,24900,24900,24900,24900,24900,24900
88234304,ROYCHE 산리오 캐릭터즈 무선 키보드 마우스 세트,41450,41450,41460,41460,41470,41470,41480,41490
35805344,ROYCHE 잔망루피 키보드 손목 받침대 2023,9900,9900,9900,9900,9900,9900,9900,9900
71160956,ROYCHE 잔망루피 키보드 손목 받침대 2024,10900,10900,10900,10900,10900,10900,10900,10900
14458676,Razer BlackWidow V3 Mini HyperSpeed KR (녹축),219000,,,,,,,
14458727,Razer BlackWidow V3 Mini HyperSpeed KR (황축),219000,,,,,,,
14284016,Razer BlackWidow V3 Quartz US (녹축),149000,,,,,,,
12108071,Razer BlackWidow V3 TKL KR (녹축),104210,104210,99000,99000,99000,99000,99000,99000
14244248,Razer BlackWidow V3 TKL KR (황축),93680,93680,,,,,,
28124966,Razer BlackWidow V4 75% 기계식 (정품) (블랙),289000,289000,288990,288990,288990,288990,288990,288990
98076686,Razer BlackWidow V4 75% 기계식 (정품) (팬텀 그린),319000,319000,319000,319000,319000,319000,319000,296670
99712652,Razer BlackWidow V4 75% 기계식 (정품) (팬텀 화이트),319000,319000,319000,319000,319000,319000,319000,296670
28125020,Razer BlackWidow V4 75% 기계식 (정품) (화이트),289000,289000,288990,288990,288990,288990,288990,288990
97222499,Razer BlackWidow V4 Low profile HyperSpeed KR (옐로우축),319000,319000,319000,319000,319000,319000,319000,319000
97222457,Razer BlackWidow V4 Low profile HyperSpeed KR (오렌지축),319000,319000,319000,319000,319000,319000,319000,319000
97222424,Razer BlackWidow V4 Low profile HyperSpeed US (녹축),319000,319000,319000,319000,319000,319000,319000,319000
96774389,Razer BlackWidow V4 Low profile TKL HyperSpeed KR (엘로우축),269000,269000,269000,269000,269000,269000,269000,250170
96774326,Razer BlackWidow V4 Low profile TKL HyperSpeed US (녹축),269000,269000,269000,269000,269000,269000,269000,250170
96774302,Razer BlackWidow V4 Low profile TKL HyperSpeed US (오렌지축),269000,269000,269000,269000,269000,269000,269000,250170
108417467,Razer BlackWidow V4 TKL + Viper V3 PRO EVANGELION Edition Set,578000,578000,578000,578000,578000,578000,578000,578000
95201903,Razer BlackWidow V4 TKL HyperSpeed,159000,159000,199000,199000,199000,199000,199000,185070
106728749,Razer BlackWidow V4 TKL HyperSpeed EVANGELION Edition,279000,279000,299000,299000,299000,299000,299000,278070
80570021,Razer BlackWidow V4 X Minecraft Edition,189000,189000,189000,189000,189000,189000,189000,189000
99912422,Razer BlackWidow V4 X Zenless Zone Zero Edition,269000,269000,269000,269000,269000,269000,269000,269000
15169460,Razer Blackwidow V3 Mini HyperSpeed Phantom US (녹축),289000,289000,289000,289000,289000,289000,289000,289000
15169490,Razer Blackwidow V3 Mini HyperSpeed Phantom US (황축),289000,,,,,,,
28497494,Razer Blackwidow V3 Roblox Edition (정품),219000,219000,219000,219000,219000,219000,219000,219000
28497515,Razer Blackwidow V3 Roblox Edition (해외구매),303560,303560,303560,303560,303560,303560,303560,303560
27569933,Razer Blackwidow V4 KR,249000,249000,249000,249000,249000,249000,249000,249000
27569942,Razer Blackwidow V4 Linear KR,249000,249000,249000,249000,249000,249000,249000,249000
67980074,Razer Blackwidow V4 Pro 75% US,389990,389990,389990,389990,389990,389990,389990,389990
19109549,Razer Blackwidow V4 Pro KR,349000,349000,349000,349000,349000,349000,349000,349000
19109573,Razer Blackwidow V4 Pro Linear KR (정품),349000,349000,349000,349000,349000,349000,349000,349000
67508900,Razer Blackwidow V4 X Linear KR,170050,170050,170050,170050,170050,170050,170050,170050
17685794,Razer DeathStalker V2 Pro Linear KR,319000,319000,319000,319000,319000,319000,319000,319000
17685806,Razer DeathStalker V2 Pro Linear US,319000,319000,319000,319000,319000,319000,319000,319000
17839187,Razer DeathStalker V2 Pro TKL Linear KR,284050,284050,284050,284050,284050,284050,284050,284050
17839301,Razer DeathStalker V2 Pro TKL Linear US,299000,299000,299000,299000,299000,299000,299000,299000
18739907,Razer DeathStalker V2 US (리니어),169690,169690,169690,169690,169690,169690,169690,169690
14731634,Razer Ergonomic Wrist Rest (MINI),29000,29000,29000,29000,29000,29000,29000,26970
14731214,Razer Ergonomic Wrist Rest (TKL),29000,29000,29000,29000,29000,29000,29000,29000
10357491,Razer Ergonomic Wrist Rest Standard,28000,28000,28000,28000,28000,28000,28000,28000
17774420,Razer Huntsman Elite (해외구매),260930,260930,260930,260930,260930,260930,260930,260930
9772839,Razer Huntsman Elite US (리니어),299000,299000,299000,299000,299000,299000,299000,299000
6290416,Razer Huntsman Elite US (클릭),299000,299000,299000,299000,299000,299000,299000,299000
12066407,Razer Huntsman Mini US 블랙 (클릭),169000,169000,169000,169000,169000,169000,169000,169000
9668085,Razer Huntsman Tournament US,179000,179000,179000,179000,179000,179000,179000,179000
13569632,Razer Huntsman V2 Analog US,369000,369000,369000,369000,369000,369000,369000,369000
16058669,Razer Huntsman V2 KR (리니어),201800,201800,201800,201800,201800,201800,201800,201800
17737760,Razer Huntsman V2 KR (퍼플축),259000,,,,,,,
15680276,Razer Huntsman V2 TKL KR (리니어),229000,229000,229000,229000,229000,229000,229000,229000
123696428,Razer Huntsman V3 HE Magnetic Mini 65,199900,199900,199900,199900,199900,199900,199900,185900
123696403,Razer Huntsman V3 HE Magnetic TKL,239000,239000,236430,236430,236430,236430,236430,222270
108462503,Razer Huntsman V3 Pro + Viper V4 Pro (블랙),618000,618000,618000,618000,618000,618000,618000,618000
108462512,Razer Huntsman V3 Pro + Viper V4 Pro (화이트),618000,618000,618000,618000,618000,618000,618000,618000
100699439,Razer Huntsman V3 Pro 8K KR,341100,340200,379000,379000,379000,379000,379000,352470
100699466,Razer Huntsman V3 Pro 8K US,379000,379000,379000,379000,379000,379000,379000,379000
29367731,Razer Huntsman V3 Pro KR,360050,360050,360050,360050,360050,360050,360050,352470
123994905,Razer Huntsman V3 Pro Low profile TKL 8K,359000,359000,239010,239010,239010,239010,239010,239010
33387233,Razer Huntsman V3 Pro Mini KR,269000,269000,269000,269000,269000,269000,269000,250170
29367416,Razer Huntsman V3 Pro Mini US,269000,269000,269000,269000,269000,269000,269000,269000
78990206,Razer Huntsman V3 Pro Mini WHITE US,269000,269000,269000,269000,269000,269000,269000,269000
30129137,Razer Huntsman V3 Pro TKL (해외구매),493400,493400,493400,493400,493400,493400,493400,493400
108462548,Razer Huntsman V3 Pro TKL + Viper V4 Pro (블랙),578900,578900,578900,578900,578900,578900,578900,578900
108462560,Razer Huntsman V3 Pro TKL + Viper V4 Pro (화이트),578900,578900,578900,578900,578900,578900,578900,578900
100699388,Razer Huntsman V3 Pro TKL 8K KR (정품),296100,296100,329000,329000,329000,329000,329000,329000
99746921,Razer Huntsman V3 Pro TKL 8K US (정품),329000,329000,329000,329000,329000,329000,329000,329000
122682113,Razer Huntsman V3 Pro TKL 8K US Niko Edition (정품),359000,359000,379000,379000,379000,379000,379000,352470
101013503,Razer Huntsman V3 Pro TKL 8K WHITE US (정품),296100,296100,329000,329000,329000,329000,329000,329000
29367524,Razer Huntsman V3 Pro TKL KR,296100,296100,329000,329000,329000,329000,329000,305970
57305165,Razer Huntsman V3 Pro TKL WHITE US,296100,329000,329000,329000,329000,329000,329000,329000
29367683,Razer Huntsman V3 Pro US,379000,379000,379000,379000,379000,379000,379000,379000
122657239,Razer Huntsman V3 TKL 8K US,249000,249000,269000,269000,269000,269000,269000,250170
90886391,Razer Joro,219000,219000,219000,219000,219000,219000,219000,203670
28773371,Razer Mechanical Switches Pack (옐로우),34100,34100,34100,34100,34100,34100,34100,34100
28773437,Razer Mechanical Switches Pack (오렌지),35900,35900,35900,35900,35900,35900,35900,35900
17686100,Razer Ornata V3 KR,99000,99000,109000,109000,109000,109000,109000,109000
122663686,Razer Ornata V3 TKL + DeathAdder Essential + Gigantus V2 Blackpink edition,259000,259000,259000,259000,259000,259000,259000,259000
122645078,Razer Ornata V3 TKL Blackpink edition,179000,179000,194800,194800,194800,194800,194800,194800
68436539,Razer Ornata V3 TKL Hello Kitty and Friends edition,139000,139000,139000,139000,139000,139000,139000,139000
19970087,Razer Ornata V3 TKL KR,104900,104900,104900,104900,104900,104900,104900,104900
76790246,Razer Ornata V3 TKL Kuromi Edition,179000,179000,179000,179000,179000,179000,179000,179000
10357266,Razer PBT Keycap Upgrade Set (그린),42000,42000,42000,42000,42000,42000,42000,42000
10357260,Razer PBT Keycap Upgrade Set (핑크),42000,42000,42000,42000,42000,42000,42000,42000
109682273,Razer Pro Type Ergo,264000,264000,269000,269000,269000,269000,255550,250170
16716845,Razer Pro type Ultra KR,376800,376800,376800,376800,376800,376800,376800,376800
16316537,Razer Pro type Ultra US,219000,219000,219000,219000,219000,219000,219000,219000
124259556,Razer Reclusa X Mini 65%,89000,89000,89000,89000,89000,89000,89000,82770
10770513,Razer Tartarus Pro (머큐리 화이트),151900,151900,151900,151900,151900,151900,151900,151900
124057400,Razer Tartarus Pro (병행수입),128380,128380,128380,128380,128380,128380,128380,128380
10770483,Razer Tartarus Pro (클래식 블랙),179000,179000,179000,179000,179000,179000,179000,179000
10826895,Razer Tartarus Pro (해외구매),231950,231950,231950,231950,231950,231950,231950,231950
122694226,Razer Tartarus V2 (병행수입),97690,97690,97650,97650,97690,97690,97690,97690
5701063,Razer Tartarus V2 (정품),109000,109000,109000,109000,109000,109000,109000,109000
14819609,Razer Tartarus V2 (해외구매),122270,122270,122270,127590,127590,127590,127590,127590
124259581,Razer Tartarus V2 Pro (정품),299000,299000,299000,299000,299000,299000,299000,278070
123693998,Razer Travel Case Folio,84900,84900,84900,84900,84900,84900,84900,84900
124335755,Razer 헌츠맨 오나타 블랙위도우 전용 키보드 아크릴 커버 (350x122x22),14000,14000,14000,14000,14000,14000,14000,14000
124335774,Razer 헌츠맨 오나타 블랙위도우 전용 키보드 아크릴 커버 (434x125x20),16000,16000,16000,16000,16000,16000,16000,16000
11483685,Redragon Broadsword K588 (갈축),116240,116240,116240,116240,116240,116240,116240,116240
11483694,Redragon Broadsword K588 (적축),116240,116240,116240,116240,116240,116240,116240,116240
17851829,Redragon K617 Fizz (해외구매),30990,30990,30990,30990,30990,30990,30990,30990
74005775,Rii K06 무선 (해외구매),32870,32870,32870,32870,32870,32870,32870,32870
58009448,Rii i4+,46900,46900,46900,46900,46900,46900,46900,46900
44662136,SAG 아크릴 키보드 거치대 (3단),24300,24300,24300,24300,24300,24300,24300,24300
60009623,SEEPAK 로지텍 K380S 한영컬러 키스킨,1560,1560,1560,1560,1560,1560,1560,1560
78999416,SIKAI 2키 기계식 (해외구매),5080,5080,5080,5080,5080,5080,5080,5080
77963900,SKN Bluebird 75 유무선 기계식 (해외구매),226900,226900,226900,226900,226900,226900,226900,226900
68914568,SKYLOONG GK104 PRO 유무선 기계식 (해외구매),91540,91540,91540,95520,95520,95520,95520,95520
47935550,SP STAR D82 PRO 유무선 기계식 해외구매 (옵션선택구성),164590,164590,164590,162810,162810,162810,162810,162810
124289321,SPM 108키 전용,6000,6000,6000,6000,6000,6000,6000,6000
96980786,SPM 3색조합 PBT 이중사출 영문 키캡 130키 오션블루,19800,19800,19800,19800,19800,19800,19800,19800
96980708,SPM 3색조합 PBT 이중사출 영문 키캡 130키 파스텔퍼플,19800,19800,19800,19800,19800,19800,19800,19800
96980801,SPM 3색조합 PBT 이중사출 영문 키캡 130키 포터리블루,19800,19800,19800,19800,19800,19800,19800,19800
96980759,SPM 3색조합 PBT 이중사출 영문 키캡 130키 피치블루,19800,19800,19800,19800,19800,19800,19800,19800
29685863,SPM 3색조합 PBT 이중사출 영문 키캡 147키 파스텔퍼플,19800,19800,19800,19800,19800,19800,19800,19800
29686214,SPM 3색조합 PBT 이중사출 영문 키캡 168키 포터리 블루,19800,19800,19800,19800,19800,19800,19800,19800
104042036,SPM 3색조합 PBT 이중사출 영문 키캡 몬스테라그린 (130개),19800,19800,19800,19800,19800,19800,19800,19800
29686163,SPM 3색조합 PBT 이중사출 영문 키캡 몬스테라그린 (168개),154260,154260,154260,154260,154260,154260,154260,154260
58025264,SPM AL Series 전용 보강판,34780,34780,34780,34780,34780,34790,34800,34800
108457931,SPM AL21W 기계식 (레드),65000,65000,65000,65000,65000,65000,65000,65000
108457934,SPM AL21W 기계식 (블랙),65000,65000,65000,65000,65000,65000,65000,65000
108457937,SPM AL21W 기계식 (실버),69000,69000,69000,69000,69000,69000,69000,69000
108457943,SPM AL21W 기계식 (아이보리),69000,69000,69000,69000,69000,69000,69000,69000
62069597,SPM AL87B 기계식 커스텀 베어본 (블랙),236390,236390,236390,236390,236390,236390,236390,236390
122638578,SPM AL87B 기계식 커스텀 베어본 DIY 키트 (위스퍼 핑크축),99000,99000,99000,99000,99000,99000,99000,99000
123800339,SPM ARA 87 유무선 기계식 베이지 (HMX 이슬축),62000,62000,62000,62000,62000,62000,62000,62000
123800333,SPM ARA 87 유무선 기계식 베이지 (목새 리니어축),72000,72000,72000,72000,72000,72000,72000,72000
123800327,SPM ARA 87 유무선 기계식 베이지 (새벽 택타일축),69000,69000,69000,69000,69000,69000,69000,69000
124288339,SPM ARA 87 유무선 기계식 블랙 (목새 리니어축),72000,72000,66960,66960,66960,66960,66960,66960
124288336,SPM ARA 87 유무선 기계식 블랙 (새벽 택타일축),69000,69000,64170,64170,64170,64170,64170,64170
123800350,SPM ARA 87 유무선 기계식 화이트 (HMX 이슬축),62000,62000,62000,62000,62000,62000,62000,62000
123800349,SPM ARA 87 유무선 기계식 화이트 (목새 리니어축),72000,72000,72000,72000,72000,72000,72000,72000
123800347,SPM ARA 87 유무선 기계식 화이트 (새벽 택타일축),69000,69000,69000,69000,69000,69000,69000,69000
75993476,SPM BSUN 몽돌 블랙 리니어 스위치 35Pcs,7000,7000,7000,7000,7000,7000,7000,7000
75940034,SPM GP100 키보드 마우스 세트 (블랙),24900,24900,24900,24900,24900,24900,24900,24900
75940100,SPM GP100 키보드 마우스 세트 (화이트),26900,26900,26900,26900,26900,26900,26900,26900
67580861,SPM HMX JELLY 리니어 스위치 (35Pcs),10500,10500,10500,10500,10500,10500,10500,10500
104042081,SPM HMX PEBBLE v2 리니어 스위치 (35Pcs),13000,13000,13000,13000,13000,13000,13000,13000
54103415,SPM HMX PEBBLE 리니어 스위치 (35Pcs),10500,10500,10500,10500,10500,10500,10500,10500
58016999,SPM HMX x Soulcat PORO Light 리니어 스위치 (35Pcs),12500,12500,12500,12500,12500,12500,12500,12500
58017170,SPM HMX x Soulcat PORO Medium 리니어 스위치 (35Pcs),12500,12500,12500,12500,12500,12500,12500,12500
75993413,SPM HMX 그린 애플 리니어 스위치 35Pcs,11500,11500,11500,11500,11500,11500,11500,11500
122726093,SPM HMX 목새 라이트 리니어 스위치 (35Pcs),13000,13000,13000,13000,13000,13000,13000,13000
122726064,SPM HMX 목새 라이트 택타일 스위치 (35Pcs),13000,13000,13000,13000,13000,13000,13000,13000
96773393,SPM HMX 목새 리니어 스위치 (105Pcs),39000,39000,39000,39000,39000,39000,39000,39000
96651893,SPM HMX 목새 리니어 스위치 (35Pcs),13000,13000,13000,13000,13000,13000,13000,13000
104041868,SPM HMX 목새 택타일 스위치 (35Pcs),13000,13000,13000,13000,13000,13000,13000,13000
99740282,SPM HMX 선셋 리니어 스위치 (35Pcs),13000,13000,13000,13000,13000,13000,13000,13000
87483791,SPM HMX 은행나무 리니어 스위치 (35Pcs),11500,11500,11500,11500,11500,11500,11500,11500
104041979,SPM HMX 히비스커스 v2 리니어 스위치 35Pcs,13000,13000,13000,13000,13000,13000,13000,13000
106701881,SPM JOYAKDOL75 유무선 기계식 화이트 (그래나이트),125000,125000,122000,125000,125000,125000,125000,122000
106701878,SPM JOYAKDOL75 유무선 기계식 화이트 (퓨어 화이트),125000,125000,125000,125000,125000,125000,125000,125000
106745774,SPM JOYAKDOL87 유무선 기계식 (SPM퍼플),145000,145000,145000,137700,137700,145000,137700,145000
106745792,SPM JOYAKDOL87 유무선 기계식 (인더스트리얼),139000,139000,139000,139000,139000,139000,139000,139000
106745789,SPM JOYAKDOL87 유무선 기계식 (치즈화이트),139000,139000,139000,131800,139000,139000,139000,131800
106745783,SPM JOYAKDOL87 유무선 기계식 (크림옐로우),139000,139000,139000,132000,132000,132000,132000,132000
78100439,SPM NEKEY LUCK68 유무선 기계식 (블랙핑크),269000,269000,269000,269000,269000,269000,269000,269000
67581236,SPM NEKEY LUCK68 유무선 기계식 (크림민트),269000,269000,269000,269000,269000,269000,269000,269000
78100445,SPM NEKEY LUCK68 유무선 기계식 (크림블루),269000,269000,269000,269000,269000,269000,269000,269000
78100451,SPM NEKEY LUCK68 유무선 기계식 (크림핑크),269000,269000,269000,269000,269000,269000,269000,269000
98414498,SPM OSHID 실리콘 고양이 젤리 아티산 포인트 키캡 (가위),1500,1500,1500,1500,1500,1500,1500,1500
98414501,SPM OSHID 실리콘 고양이 젤리 아티산 포인트 키캡 (바위),1500,1500,1500,1500,1500,1500,1500,1500
98414489,SPM OSHID 실리콘 고양이 젤리 아티산 포인트 키캡 (보),1500,1500,1500,1500,1500,1500,1500,1500
98414492,SPM OSHID 실리콘 고양이 젤리 아티산 포인트 키캡 (엄지척),1500,1500,1500,1500,1500,1500,1500,1500
30217103,SPM OSHID 크리스마스 투명 레진 아티산 포인트 키캡 (눈사람),24580,9900,9900,9900,9900,9900,9900,9900
30217079,SPM OSHID 크리스마스 투명 레진 아티산 포인트 키캡 (산타모자),9900,9900,9900,9900,9900,9900,9900,9900
30217028,SPM OSHID 크리스마스 투명 레진 아티산 포인트 키캡 (쿠키),9900,9900,9900,9900,9900,9900,9900,9900
75936185,SPM OSHID 투명 레진 아티산 포인트 키캡 (레인보우),9900,9900,9900,9900,9900,9900,9900,9900
29957396,SPM PBT 이중사출 컬러 포인트키캡 16키 딥 레드,5500,5500,5500,5500,5500,5500,5500,5500
29957459,SPM PBT 이중사출 컬러 포인트키캡 16키 라벤더 포그,5500,5500,5500,5500,5500,5500,5500,5500
29957570,SPM PBT 이중사출 컬러 포인트키캡 16키 라일락,5500,5500,5500,5500,5500,5500,5500,5500
29957693,SPM PBT 이중사출 컬러 포인트키캡 16키 머스터드 다크블루,5500,5500,5500,5500,5500,5500,5500,5500
29957750,SPM PBT 이중사출 컬러 포인트키캡 16키 머스터드 블루,5500,5500,5500,5500,5500,5500,5500,5500
29957912,SPM PBT 이중사출 컬러 포인트키캡 16키 에메랄드 블루,5500,5500,5500,5500,5500,5500,5500,5500
29957945,SPM PBT 이중사출 컬러 포인트키캡 16키 화이트,5500,5500,5500,5500,5500,5500,5500,5500
57450251,SPM PC 투명 실크인쇄 한영 키캡 165키 베이비 핑크,24900,24900,24900,24900,24900,24900,24900,24900
29685173,SPM PC 투명 실크인쇄 한영 키캡 165키 블랙스모그,24900,24900,24900,24900,24900,24900,24900,24900
57451289,SPM PC 투명 실크인쇄 한영 키캡 165키 블루,24900,24900,24900,24900,24900,24900,24900,24900
57452102,SPM PC 투명 실크인쇄 한영 키캡 165키 에프리콧,24900,24900,24900,24900,24900,24900,24900,24900
29685290,SPM PC 투명 실크인쇄 한영 키캡 165키 클리어,24900,24900,24900,24900,24900,24900,24900,24900
122718432,SPM PL108W 아라 유무선 기계식 딸기우유 (봉숭아축),89000,89000,89000,89000,89000,89000,89000,89000
122718526,SPM PL108W 아라 유무선 기계식 딸기우유 (선셋축),94000,94000,94000,94000,94000,94000,94000,94000
124057162,SPM PL108W 아라 유무선 기계식 메론우유 (이슬축),89000,89000,89000,89000,89000,89000,89000,89000
124057181,SPM PL108W 아라 유무선 기계식 메론우유 (잎새축),94000,94000,94000,94000,94000,94000,94000,94000
91635551,SPM PL108W 아라 유무선 기계식 베이지 (새벽 리니어),99600,99600,99600,99600,99600,99600,99600,99600
91635542,SPM PL108W 아라 유무선 기계식 베이지 (새벽 택타일),74000,74000,74000,74000,74000,74000,74000,74000
91635566,SPM PL108W 아라 유무선 기계식 베이지 (화이트 몽돌),69000,69000,66000,69000,69000,69000,69000,69000
91635521,SPM PL108W 아라 유무선 기계식 블랙 (새벽 리니어),74000,74000,71000,74000,74000,74000,74000,71000
91635530,SPM PL108W 아라 유무선 기계식 블랙 (새벽 택타일),65000,65000,65000,71000,65000,65000,65000,65000
91635512,SPM PL108W 아라 유무선 기계식 블랙 (화이트 몽돌),69000,69000,69000,69000,69000,69000,69000,69000
91635545,SPM PL108W 아라 유무선 기계식 화이트 (새벽 리니어),74000,74000,74000,74000,74000,74000,74000,74000
91635539,SPM PL108W 아라 유무선 기계식 화이트 (새벽 택타일),74000,74000,74000,74000,74000,74000,74000,74000
91635554,SPM PL108W 아라 유무선 기계식 화이트 (화이트 몽돌),69000,69000,69000,69000,69000,69000,69000,69000
35234018,SPM PL87A PBT 바다소금 기계식 (다크 올리비아),39900,39900,39900,39900,39900,39900,39900,39900
35234027,SPM PL87A PBT 바다소금 기계식 (아이보리),42900,42900,42900,42900,42900,42900,42900,42900
71220428,SPM PL87B PBT 미드나잇 기계식 (네이비),40900,40900,40900,40900,40900,40900,40900,40900
71220452,SPM PL87B PBT 미드나잇 기계식 (화이트),45000,45000,45000,45000,45000,45000,45000,45000
87500171,SPM PL87C 몽돌 기계식,38700,38700,38700,38700,38700,38700,38700,38700
93314273,SPM PL87W 목새 유무선 기계식 (베이비 블루),66900,66900,66900,63900,66900,66900,66900,63900
93314375,SPM PL87W 목새 유무선 기계식 (베이비 핑크),66900,66900,66900,63900,63900,66900,66900,66900
75463616,SPM PL87W 몽돌 유무선 기계식 (베이지),56900,56900,56900,56900,56900,56900,56900,56900
72911783,SPM PL87W 몽돌 유무선 기계식 (블랙),56900,56900,56900,56900,56900,56900,56900,56900
72911786,SPM PL87W 몽돌 유무선 기계식 (화이트),56900,56900,54000,56900,56900,54000,56900,54000
124289293,SPM PN06 루미 전용 스테인리스 SUS 무게추 (로즈골드),73000,73000,73000,73000,73000,73000,73000,73000
124289300,SPM PN06 루미 전용 스테인리스 SUS 무게추 (실버),73000,73000,73000,73000,73000,73000,73000,73000
95421851,SPM PT100,15000,15000,15000,15000,15000,15000,15000,15000
98923115,SPM PT100 음핑고,89000,89000,89000,89000,89000,89000,89000,89000
87522743,SPM PT65,11500,11500,11500,11500,11500,11500,11500,11500
87525104,SPM PT75,12000,12000,12000,12000,12000,12000,12000,12000
87527225,SPM PT80,13000,13000,13000,13000,13000,13000,13000,13000
108388487,SPM SPT100 실리콘 팜레스트,17000,17000,17000,17000,17000,17000,17000,17000
104042189,SPM Soulcat 고함량 PBT 염료승화 + PC 키캡 무지개 픽셀 고양이 167키,57000,57000,57000,57000,57000,57000,57000,57000
104042231,SPM Soulcat 고함량 PBT 염료승화 + PC 키캡 쫑긋 고양이 크리스마스 169키,57000,57000,57000,57000,57000,57000,57000,57000
32093624,SPM Soulcat 고함량 PBT 염료승화 영문 키캡 136키 Universe,42900,42900,42900,42900,42900,42900,42900,42900
58012076,SPM Soulcat 고함량 PBT 염료승화 영문 키캡 138키 레드 그리스,45000,45000,45000,45000,45000,45000,45000,45000
32125097,SPM Soulcat 고함량 PBT 염료승화 영문 키캡 141키 거품토끼,38900,38900,38900,38900,38900,38900,38900,38900
75936119,SPM Soulcat 고함량 PBT 염료승화 영문 키캡 141키 고양이카페,42000,42000,42000,42000,42000,42000,42000,42000
32125121,SPM Soulcat 고함량 PBT 염료승화 영문 키캡 141키 구름 강아지,38900,38900,38900,38900,38900,38900,38900,38900
32125112,SPM Soulcat 고함량 PBT 염료승화 영문 키캡 141키 딸기양,38900,38900,38900,38900,38900,38900,38900,38900
75936095,SPM Soulcat 고함량 PBT 염료승화 영문 키캡 141키 워킹퍼피,42000,42000,42000,42000,42000,42000,42000,42000
76869773,SPM Soulcat 고함량 PBT 염료승화 영문 키캡 142키 검은고양이 네로,43900,43900,43900,43900,43900,43900,43900,43900
58013174,SPM Soulcat 고함량 PBT 염료승화 영문 키캡 143키 쫑긋 강아지,46900,46900,46900,46900,46900,46900,46900,46900
32125163,SPM Soulcat 고함량 PBT 염료승화 영문 키캡 143키 쫑긋 고양이,46900,46900,46900,46900,46900,46900,46900,46900
32093789,SPM Soulcat 고함량 PBT 염료승화 영문 키캡 151키 9009 그리스,45000,45000,45000,45000,45000,45000,45000,45000
32093189,SPM Soulcat 고함량 PBT 염료승화 영문 키캡 151키 Metabolism,46900,46900,46900,46900,46900,46900,46900,46900
32093990,SPM Soulcat 고함량 PBT 염료승화 영문 키캡 153키 헤비 인더스트리,45000,45000,45000,45000,45000,45000,45000,45000
32093063,SPM Soulcat 고함량 PBT 염료승화 영문 키캡 154키 Dice,46900,46900,46900,46900,46900,46900,46900,46900
59924801,SPM Soulcat 고함량 PBT 염료승화 영문 키캡 154키 브런치,46900,46900,46900,46900,46900,46900,46900,46900
32093489,SPM Soulcat 고함량 PBT 염료승화 영문 키캡 158키 Cute Ghost,46900,46900,46900,46900,46900,46900,46900,46900
66046922,SPM Soulcat 고함량 PBT 염료승화 영문 키캡 164키 고양이하루,34900,34900,34900,34900,34900,34900,34900,34900
59924828,SPM Soulcat 고함량 PBT 염료승화 영문 키캡 164키 판다,38900,38900,38900,38900,38900,38900,38900,38900
93630815,SPM Soulcat 고함량 PBT 염료승화 영문 키캡 166키 고양이 베이커리,57000,57000,57000,57000,57000,57000,57000,57000
93630998,SPM Soulcat 고함량 PBT 염료승화 영문 키캡 167키 아케이드 고양이,57000,57000,57000,57000,57000,57000,57000,57000
76869770,SPM Soulcat 고함량 PBT 염료승화 영문 키캡 167키 픽셀 고양이,57000,57000,54000,57000,57000,57000,57000,57000
93631043,SPM Soulcat 고함량 PBT 염료승화 영문 키캡 169키 쫑긋 고양이 이모지,57000,57000,57000,57000,57000,57000,57000,57000
72821120,SPM Soulcat 고함량 PBT 염료승화 영문 키캡 199키 쫑긋 강아지 대가족,62900,62900,62900,62900,62900,62900,62900,62900
98180549,SPM Soulcat 고함량 PBT 염료승화 키캡 28키 애드온킷 BOG,10500,10500,10500,10500,10500,10500,10500,10500
98180492,SPM Soulcat 고함량 PBT 염료승화 키캡 28키 애드온킷 BOW,9500,9500,9500,9500,9500,9500,9500,9500
98180522,SPM Soulcat 고함량 PBT 염료승화 키캡 28키 애드온킷 Classic Sprinkle,11500,11500,11500,11500,11500,11500,11500,11500
98180501,SPM Soulcat 고함량 PBT 염료승화 키캡 28키 애드온킷 ROW,9500,9500,9500,9500,9500,9500,9500,9500
68687309,SPM Soulcat 고함량 PBT 염료승화 한영 스플릿 스페이스바 키캡 (3키),4500,4500,4500,4500,4500,4500,4500,4500
74804627,SPM Soulcat 고함량 PBT 염료승화 한영 키캡 107키 BOG,25000,25000,25000,25000,25000,25000,25000,25000
67846055,SPM Soulcat 고함량 PBT 염료승화 한영 키캡 107키 BOW,21000,21000,21000,21000,21000,21000,21000,21000
74804651,SPM Soulcat 고함량 PBT 염료승화 한영 키캡 107키 Classic Sprinkle,27000,27000,27000,27000,27000,27000,27000,27000
70250183,SPM Soulcat 고함량 PBT 염료승화 한영 키캡 107키 ROW,21000,21000,21000,21000,21000,21000,21000,21000
106709135,SPM Soulcat 쫑긋 고양이 Love 하트 투명 PC 포인트 키캡 21키,13000,13000,13000,13000,13000,13000,13000,13000
98180786,SPM x DOMO 스위치 오프너,59000,59000,59000,59000,59000,59000,59000,59000
124335113,SPM 몽돌104 유무선 기계식 블랙 (목새 리니어),95000,85000,85000,79050,79050,79050,79050,79050
124335115,SPM 몽돌104 유무선 기계식 블랙 (몽돌 V2),87000,77000,77000,71610,71610,71610,71610,71610
124335103,SPM 몽돌104 유무선 기계식 퍼플 (목새 리니어),95000,85000,85000,79050,79050,79050,79050,79050
124335112,SPM 몽돌104 유무선 기계식 퍼플 (몽돌 V2),87000,77000,77000,71610,71610,71610,71610,71610
122682254,SPM 몽돌87 유무선 기계식 코랄로 블루 (목새 리니어),66900,66900,66900,66900,66900,66900,66900,66900
123800455,SPM 몽돌87 유무선 기계식 코랄로 블루 (목새 택타일),66900,66900,66900,66900,66900,66900,66900,66900
122682250,SPM 몽돌87 유무선 기계식 코랄로 블루 (몽돌 화이트),56900,56900,56900,56900,56900,56900,56900,56900
122682247,SPM 몽돌87 유무선 기계식 퍼플 (목새 리니어),66900,66900,66900,66900,66900,66900,66900,66900
123800462,SPM 몽돌87 유무선 기계식 퍼플 (목새 택타일),66900,66900,66900,66900,66900,66900,66900,66900
122682219,SPM 몽돌87 유무선 기계식 퍼플 (몽돌 화이트),56900,56900,56900,56900,56900,56900,56900,56900
72416429,SPM 비선 블루 리니어 스위치 (105Pcs),31500,31500,31500,31500,31500,31500,31500,31500
67579766,SPM 비선 블루 리니어 스위치 (35Pcs),10500,10500,10500,10500,10500,10500,10500,10500
98180663,SPM 새벽 리니어 저소음 스위치 (35Pcs),9500,9500,9500,9500,9500,9500,9500,9500
98180702,SPM 새벽 택타일 저소음 스위치 (35Pcs),9500,9500,9500,9500,9500,9500,9500,9500
105182033,SPM 세모키 PL87W ARA 유무선 기계식,69000,69000,69000,69000,69000,69000,69000,69000
122718574,SPM 세모키 프로 ARA108 유무선 기계식,92150,93060,94000,89000,94000,89000,94000,89000
71723684,SPM 스위치 축 요구르트통 보관함,3000,3000,3000,3000,3000,3000,3000,3000
90435518,SPM 시이닷 PL87A PBT 바다소금 기계식 교태전 단청,118800,118800,118800,118800,118800,118800,118800,118800
96707171,SPM 시이닷 골든킴 PL87A PBT 바다소금 기계식,79800,79800,79800,79800,79800,79800,79800,79800
29809940,SPM 아크릴 기계식 키보드 스위치 보관함,3000,3000,3000,3000,3000,3000,3000,3000
78100772,SPM 아크릴 스위치 테스터 보관함,3000,3000,3000,3000,3000,3000,3000,3000
67580813,SPM 오테뮤 라임 V3 택타일 저소음 스위치 (35Pcs),7000,7000,7000,7000,7000,7000,7000,7000
67580783,SPM 오테뮤 피치 V3 리니어 저소음 스위치 (35Pcs),7000,7000,7000,7000,7000,7000,7000,7000
98229653,SPM 조약돌75 레이니75 전용,5000,5000,5000,5000,5000,5000,5000,5000
76942343,SPM 카일 아일렛 저소음 스위치 35Pcs,22000,22000,22000,22000,22000,22000,22000,22000
76070534,SPM 카일 웨일 저소음 스위치 35Pcs,22000,22000,22000,22000,22000,22000,22000,22000
71723720,SPM 프리즘 스위치 풀러,11500,11500,11500,11500,11500,11500,11500,11500
54811124,SPM 하이무 미드나잇 리니어 스위치 (35Pcs),7000,7000,7000,7000,7000,7000,7000,7000
54811085,SPM 하이무 바다소금 리니어 스위치 35Pcs,5500,5500,5500,5500,5500,5500,5500,5500
75993491,SPM 하이무 바다소금 저소음 리니어 스위치 35Pcs,5000,5000,5000,5000,5000,5000,5000,5000
58015973,SPM 하이무 아이스실버 리니어 스위치 (35Pcs),8500,8500,8500,8500,8500,8500,8500,8500
64889726,SPM 하이무 하트비트 저소음 리니어 스위치 (35Pcs),11500,11500,11500,11500,11500,11500,11500,11500
94884815,STCOM 키스톰 KS-KM100W 키보드 마우스 세트,17790,17790,17790,17790,17790,17790,17790,17790
33420530,Satechi SM1 기계식 해외구매,165890,165890,165890,165890,165890,165890,165890,165890
67578887,Satechi SM1 유무선 기계식,249900,249900,249900,249900,249900,249900,249900,249900
16382435,TGIC TGC-BK1000 + BT102 키보드 마우스 세트 (레드),162780,162780,162780,162780,162780,162780,162780,28500
15883904,TGIC TGC-BK1000 블루투스 무선 키보드,15400,15400,15010,15010,15010,15010,15010,15010
28798001,"TGIC TGC-BK150 + BT102 키보드 마우스 세트 (블루, 골드)",29000,29000,29000,29000,29000,29000,29000,26000
28779554,TGIC TGC-BK150 블루투스 (그레이),20000,20000,20000,20000,20000,20000,20000,19990
28779539,TGIC TGC-BK150 블루투스 (블루),20000,20000,20000,20000,20000,20000,20000,19990
16363265,TGIC TGC-BK380 + BT102 블루투스 키보드 마우스 세트 (골드),25830,25830,25830,25830,25830,25830,25830,25830
16363244,TGIC TGC-BK380 + BT102 블루투스 키보드 마우스 세트 (레드),25290,25290,25290,25290,25290,25290,25290,25290
15318761,TGIC TGC-BK380 블루투스 미니 키보드,13100,13100,12620,12620,12620,12620,12630,12630
17091362,TGIC TGC-BMK520 무선 키보드 마우스 세트 (민트),28150,28150,28150,28150,28150,28150,28150,28150
17091350,TGIC TGC-BMK520 무선 키보드 마우스 세트 (블랙),28150,28150,28150,28150,28150,28150,28150,28150
17091389,TGIC TGC-BMK520 무선 키보드 마우스 세트 (핑크),28150,28150,28150,28150,28150,28150,28150,28150
15559301,TGIC TGC-FK1 무선 리모컨 키보드,19190,19190,19190,19190,19190,19190,19190,19190
15859094,TGIC TGC-FLEX1 무선 블루투스 키보드 마우스 세트 (민트),28150,28150,28150,28150,28150,28150,28150,28150
15859031,TGIC TGC-FLEX1 무선 블루투스 키보드 마우스 세트 (블랙),28150,28150,28150,28150,28150,28150,28150,28150
15859097,TGIC TGC-FLEX1 무선 블루투스 키보드 마우스 세트 (핑크),24300,24300,24300,24300,24300,24300,24300,24300
42858830,TGIC TGC-G150 무선 키보드 마우스 세트,11470,11470,11470,11470,11470,11470,11470,11470
18509447,TGIC TGC-GASUNGBI 기계식 (핑크),25980,25980,25980,25980,25980,25980,25980,25980
18509432,TGIC TGC-GASUNGBI 기계식 (화이트),25980,25980,25980,25980,25980,25980,25980,25980
15102785,TGIC TGC-GASUNGBI2 유선 키보드 마우스 세트 (블랙),13250,13250,13250,12590,12590,12590,12590,12590
3389678,TGIC TGC-K1200U,6900,6900,6890,6890,6890,6890,6890,6890
18453449,TGIC TGC-K1500V 멤브레인 유선키보드,4300,4300,4300,4090,4090,4090,4090,4090
48925172,TGIC TGC-K2000V,6040,6040,6040,6040,6040,6040,6040,6040
13554857,TGIC TGC-K200S,7640,7640,7640,7640,7640,7640,7640,7640
16153556,TGIC TGC-K2200V USB 키보드 (키스킨 포함),5400,5400,5400,5130,5130,5130,5130,5130
15318380,TGIC TGC-K501 유선 키보드 (블랙),6390,6390,6390,6390,6390,6390,6390,6390
15318299,TGIC TGC-K7000M 유선 미니 키보드,5010,5010,5010,5010,5010,5010,5010,5010
2866578,TGIC TGC-MK1200 세트,8000,8000,8000,8000,8000,8000,8000,8000
5875831,TGIC TGC-MK1300S,6590,6590,6590,6270,6270,6270,6270,6270
14826035,TGIC TGC-MK2000 키보드 마우스 세트,6490,6490,6230,6220,6220,6220,6220,6220
3059821,TGIC TGC-MK3000,6867,6867,6867,6867,6867,6867,6867,6867
18557366,TGIC TGC-MK320 키보드 마우스 세트 (민트),11500,11500,11500,11400,11400,11400,11400,11400
18557360,TGIC TGC-MK320 키보드 마우스 세트 (블랙),11910,11910,11910,11400,11400,11400,11400,11400
18557363,TGIC TGC-MK320 키보드 마우스 세트 (핑크),11910,11910,11910,11400,11400,11400,11400,11400
15318602,TGIC TGC-MK4000 유선 키보드 마우스 세트 (블랙),8500,8500,8500,8080,8080,8080,8080,8080
18557225,TGIC TGC-MK5000 키보드 마우스 세트,8880,8880,8880,8880,8880,8880,8880,8880
12657323,TGIC TGC-MK7000S 유선 키보드 마우스 세트,8490,8490,8490,8490,8490,8490,8490,8490
17294486,TGIC TGC-MK8000S 키보드 마우스 세트,9840,9840,9840,9840,9840,9840,9840,9840
17294264,TGIC TGC-WK220 무선 키보드,9100,9100,9100,8640,8640,8640,8640,8640
15102761,TGIC TGC-WMK275 무선 키보드 마우스 세트 (블랙),12490,12490,11880,11870,11870,11870,11870,11870
14455562,TGIC TGP-1004 키보드 손목 받침대,5300,5300,5300,5300,5300,5300,5300,5300
16677521,TG삼보 TG-K500U 유선 키보드 (민트),26500,26500,26500,26500,26500,26500,26500,26500
16677374,TG삼보 TG-K500U 유선 키보드 (블랙),30580,30580,30580,30580,28440,28440,28450,28460
2775912,TG삼보 TG-K7000 게이밍 키보드,25120,25120,25120,25120,25120,25120,25120,25120
10600023,TG삼보 TG-K8600U 아이솔레이션 유선 키보드 (블랙),13850,13880,13900,13200,13200,13200,13200,13200
10600071,TG삼보 TG-K8600U 아이솔레이션 유선 키보드 (블루),21080,21080,21080,21080,21080,21080,21080,21080
10600050,TG삼보 TG-K8600U 아이솔레이션 유선 키보드 (화이트),15410,15410,16400,16400,16400,16400,16400,16400
9444384,TG삼보 TG-KM400GS Lovely (블랙),28500,28500,28500,28500,28500,28500,28500,28500
9444411,TG삼보 TG-KM400GS Lovely (화이트),28500,28500,28500,28500,28500,28500,28500,28500
16677977,TG삼보 TG-KM500US 유선 키보드 마우스 세트 (블랙),22000,22000,22000,22000,22000,22000,22000,22000
16677863,TG삼보 TG-KM500US 유선 키보드 마우스 세트 (화이트),29400,27640,29400,29390,29400,29390,27930,27930
18961166,TG삼보 TG-KM7100GS 무선 키보드 마우스 세트,16800,16800,16800,16800,16800,16800,16800,16400
113439448,TG삼보 드림뷰 TG-K8600U 아이솔레이션 유선 키보드 (블랙),14890,14890,14890,14890,14890,14890,14890,14890
49735406,TKD Cycle 7 풀알루미늄 기계식 커스텀 베어본 (Rock),234500,234500,239000,222270,222270,222270,222270,222270
122701049,TNT TX108 유무선 기계식 메카 코어 (그레이 스노우축),89000,89000,89000,89000,89000,89000,89000,82770
122701044,TNT TX108 유무선 기계식 메카 코어 (리치베리축),79000,79000,79000,79000,79000,79000,79000,73470
122701047,TNT TX108 유무선 기계식 메카 코어 (벚꽃축),99000,99000,99000,99000,99000,99000,99000,92070
122701061,TNT TX108 유무선 기계식 스톤 모카 (그레이 스노우축),89000,89000,89000,89000,89000,89000,89000,82770
122701063,TNT TX108 유무선 기계식 스톤 모카 (리치베리축),79000,79000,79000,79000,79000,79000,79000,73470
122701059,TNT TX108 유무선 기계식 스톤 모카 (벚꽃축),99000,99000,99000,99000,99000,99000,99000,92070
122701056,TNT TX108 유무선 기계식 코튼캔디 (그레이 스노우축),89000,89000,89000,89000,89000,89000,89000,82770
122701052,TNT TX108 유무선 기계식 코튼캔디 (리치베리축),79000,79000,79000,79000,79000,79000,79000,73470
122701054,TNT TX108 유무선 기계식 코튼캔디 (벚꽃축),99000,99000,99000,99000,99000,99000,99000,92070
75463907,Teamwolf HK25 (해외구매),49590,49590,51750,51750,51750,51750,51750,51750
62564189,Teamwolf RAVEN 68 (해외구매),69900,69900,69900,69900,69900,69900,69900,69900
74341868,Teamwolf RAVEN 68 HE (블랙),82000,82000,82000,82000,82000,82000,82000,82000
74415077,Teamwolf RAVEN 68 HE (화이트),82000,82000,82000,82000,82000,82000,82000,82000
108354560,Ticktype DP104 유무선 기계식 (라이축),285190,285190,285190,285190,285190,297940,297940,297940
108354575,Ticktype DP104 유무선 기계식 (저소음 위스퍼축),301460,301460,301460,301460,301460,301460,301460,301460
124326694,Ticktype DP104 유무선 기계식 해외구매,230920,230920,230920,238450,238450,238450,238450,238450
99743120,Titanelite T87 유무선 기계식 (해외구매),55600,56210,56210,57430,57430,57430,57430,56220
8501301,Topre REALFORCE 104U-S (해외구매),424130,424130,424130,424130,424130,424130,424130,424130
28531145,Topre REALFORCE GX1 무접점 (해외구매),337580,337580,337580,337580,337580,337580,333950,333950
97308575,Topre REALFORCE GX1 하츠네미쿠 (해외구매),440500,440500,440500,440500,440500,465000,465000,465000
28418198,Topre REALFORCE R3 BT 유무선 그레이 블루 한글,460000,460000,460000,460000,460000,460000,460000,460000
17428598,Topre REALFORCE R3 Mac R3HH21 (해외구매),445990,445990,445990,445990,445990,445990,445990,445990
61542986,Topre REALFORCE R3 R3HB13 (해외구매),403500,403500,403500,359120,403500,403500,403500,403500
61543232,Topre REALFORCE R3S R3SB11 (해외구매),280390,280390,280390,280390,280390,280390,277370,277370
61543241,Topre REALFORCE R3S R3SB13 (해외구매),279680,279680,279680,279680,279680,279680,279680,279680
46583405,Topre REALFORCE R3S R3SB31 (해외구매),242510,242510,242510,242510,242510,242510,237350,237350
61543406,Topre REALFORCE R3S R3SD11 (해외구매),280320,280320,280320,280320,280320,280320,280320,280320
61543415,Topre REALFORCE R3S R3SD13 (해외구매),271400,271400,271400,271400,271400,271400,268630,268630
61543418,Topre REALFORCE R3S R3SD31 (해외구매),249230,249230,249230,249230,249230,249230,246550,246550
124102776,Topre REALFORCE R4 TKL 유무선 그레이 블루 (45g),402420,402420,402420,402420,402420,402420,402420,402420
103516448,Topre REALFORCE R4 TKL 유무선 블랙 (30g),450000,450000,450000,450000,450000,450000,450000,450000
103516457,Topre REALFORCE R4 TKL 유무선 화이트 (30g),450000,450000,450000,450000,450000,450000,450000,450000
102357965,Topre REALFORCE R4 TKL 유무선 화이트 (45g),450000,450000,450000,450000,450000,450000,450000,450000
122617961,Topre REALFORCE R4 유무선 그레이 블루 한글 (30g),434190,434190,434190,434190,434190,434190,434190,434190
122617974,Topre REALFORCE R4 유무선 그레이 블루 한글 (45g),434190,434190,434190,434190,434190,434190,434190,434190
102357950,Topre REALFORCE R4 유무선 블랙 (45g),438030,438030,442750,442750,442750,442750,442750,442750
103516439,Topre REALFORCE R4 유무선 화이트 (30g),460000,460000,460000,460000,460000,460000,460000,460000
102357953,Topre REALFORCE R4 유무선 화이트 (45g),438030,438030,442750,438030,438030,438030,438030,438030
78236513,Topre REALFORCE RT1 (해외구매),146950,147050,147160,147300,147420,147530,146010,146260
29821703,VARMILO MINILO 75 유무선 기계식 레트로 영문 (라이트축),198000,198000,198000,198000,198000,198000,198000,198000
29821712,VARMILO MINILO 75 유무선 기계식 레트로 영문 (적축),198000,198000,198000,198000,198000,198000,198000,198000
29821736,VARMILO MINILO 75 유무선 기계식 맨도사 영문 (라이트축),198000,198000,198000,198000,198000,198000,198000,198000
29821742,VARMILO MINILO 75 유무선 기계식 맨도사 영문 (적축),198000,198000,198000,198000,198000,198000,198000,198000
29821796,VARMILO MINILO 75 유무선 기계식 블루벨 영문 (라이트축),198000,198000,198000,198000,198000,198000,198000,198000
29821802,VARMILO MINILO 75 유무선 기계식 블루벨 영문 (적축),198000,198000,198000,198000,198000,198000,198000,198000
29821760,VARMILO MINILO 75 유무선 기계식 유칼리투스 영문 (라이트축),198000,198000,198000,198000,198000,198000,198000,198000
29821775,VARMILO MINILO 75 유무선 기계식 유칼리투스 영문 (적축),198000,198000,198000,198000,198000,198000,198000,198000
92103434,VARMILO Minilo 75 HE (해외구매),179430,179430,179430,179430,179430,179430,179430,179430
79386362,VARMILO Muse65 HE (Aurora),229000,229000,229000,229000,229000,229000,229000,229000
79386380,VARMILO Muse65 HE (Sakura),229000,229000,229000,229000,229000,229000,229000,229000
79386371,VARMILO Muse65 HE (Summit),229000,229000,229000,229000,229000,229000,229000,229000
79116191,VARMILO SWORD68 유무선 (사쿠라),339000,339000,339000,339000,339000,339000,339000,339000
58113596,VARMILO SWORD68 유무선 (아리엘),339000,339000,339000,339000,339000,339000,339000,339000
124166576,VARMILO VA100 유무선 기계식 Sakura (보이스축),229000,229000,229000,229000,229000,229000,229000,229000
124166579,VARMILO VA100 유무선 기계식 Sakura (저소음축),239000,239000,239000,239000,239000,239000,239000,239000
124166584,VARMILO VA100 유무선 기계식 Sea Melody (보이스축),229000,229000,229000,229000,229000,229000,229000,229000
124166585,VARMILO VA100 유무선 기계식 Sea Melody (저소음축),229000,229000,229000,229000,229000,229000,229000,229000
124249646,VARO GAT80 (블랙),199000,199000,199000,199000,199000,199000,199000,199000
124249647,VARO GAT80 (실버),199000,199000,199000,199000,199000,199000,199000,199000
124249649,VARO GAT80 (화이트),199000,199000,199000,199000,199000,199000,,
124289233,VARO HV108 기계식 (산들),55460,55460,57230,57230,57230,57230,57230,57230
124289238,VARO HV108 기계식 (파도),55460,55460,57230,57230,57230,57230,57230,57230
109483949,VARO HV83 CLAY 기계식,71040,71040,71040,71040,71040,71040,69000,64860
108416597,VARO V104K NEXUS KNOB LCD 유무선 기계식 (블랙),89000,86250,86250,79000,79000,79000,74260,74260
108416606,VARO V104K NEXUS KNOB LCD 유무선 기계식 (화이트),89000,86250,86250,86250,86250,86250,79000,79000
107726930,VARO V104L NEXUS FULL LCD 유무선 기계식,89000,79000,79000,79000,79000,79000,79000,79000
91037615,VARO V108 PASTEL 유무선 기계식 (베리페리축),77550,77550,77550,77550,77550,77550,77550,77550
99947879,VARO V108 PASTEL 유무선 기계식 (저소음 민트축),79000,79000,79000,79000,79000,79000,79000,79000
74415758,VARO V21 Pro 유무선 기계식,83000,83000,83000,83000,83000,83000,83000,83000
98488706,VARO V87 PASTEL 유무선 기계식 (베리페리축),59000,59000,59000,59000,59000,59000,59000,59000
91037642,VARO V87 PASTEL 유무선 기계식 (저소음 민트축),59000,59000,59100,59100,59100,59100,59100,59100
42487979,VARO V87A 유무선 기계식 화이트 (리니어 퍼플),195200,195200,195200,195200,195200,195200,195200,195200
124298498,VARO V87D 정원 LCD DIAL 유무선 기계식 초록뜰 (구르미축),67000,67000,67000,62310,62310,62310,62310,62310
124298499,VARO V87D 정원 LCD DIAL 유무선 기계식 초록뜰 (크런치축),67000,67000,67000,62310,62310,62310,62310,62310
124298501,VARO V87D 정원 LCD DIAL 유무선 기계식 하늘뜰 (구르미축),67000,67000,67000,62310,62310,62310,62310,62310
124298502,VARO V87D 정원 LCD DIAL 유무선 기계식 하늘뜰 (크런치축),67000,67000,67000,62310,62310,62310,62310,62310
103414397,VARO VM108 HE,144900,144900,145000,145000,145000,145000,145000,145000
71901803,VARO VM75 HE 마그네틱 기계식 (블랙 - 모던그레이),199000,199000,199000,,,,,
71902481,VARO VM75 HE 마그네틱 기계식 (화이트 - 화이트 네이비),199000,199000,199100,,,,,
97305077,VARO VM87 HE,128990,128990,129000,129000,129000,129000,129000,129000
73947872,VGN A75 (해외구매),44990,44990,44990,44950,44950,44950,44950,44950
124425103,VGN FLASH 68,79000,,,,,,,
93443459,VGN Neon He (해외구매),44980,44980,44980,44950,44950,44950,44950,44950
93443597,VGN Neon Pro 유무선 (해외구매),61350,61350,60690,60690,60690,60690,60690,60690
70251215,VGN S87 유무선 기계식 (해외구매),61180,61180,61180,60520,60520,60520,60520,60520
95850275,VGN V98 Pro V3 유무선 기계식 (해외구매),62470,62470,62910,64510,64510,64510,64510,63660
73947962,VGN V98pro V2 유무선 (해외구매),60630,60630,60630,63270,63270,63270,63270,63270
70251515,VGN VXE75 V2 유무선 기계식 (해외구매),114910,114910,113670,113670,113670,113670,113670,113670
32079722,VGN VXE75 유무선 기계식 해외구매 (옵션선택구성),102950,102950,107430,107430,107430,107430,107430,107430
37286714,VGN VXE75 유무선 기계식 해외구매 (청해호축),102950,102950,107430,107430,107430,107430,107430,107430
4528809,"VORTEX PBT 이중사출 29키캡 (화이트, 영문)",16900,16900,16900,16900,16900,16900,16900,16900
122669881,VegGieg V-MK700 무선 키보드 마우스 세트,14800,14800,14800,14800,14800,14800,14800,14800
5385115,WEED W7-100,25020,25020,25020,25020,25020,25020,25020,25020
74335187,WEIKAV WK68 유무선 기계식 (해외구매),30180,30180,30180,29850,29850,29850,29850,29850
13956101,WEZEL WZ-K2100,4370,4370,4370,4370,4370,4370,4370,4370
6318976,WEZEL oranwell HR445 기계식 키보드 루프/손목받침대,14900,14900,14900,14900,14900,14900,14900,14900
5113700,WEZEL 만능 키스킨,1850,1850,1850,1850,1850,1850,1850,1850
97564106,WOBKEY WOB CRUSH80 REBOOT 유무선 기계식 (레드),209000,209000,209000,209000,209000,209000,209000,209000
97564109,WOBKEY WOB CRUSH80 REBOOT 유무선 기계식 (블랙),209000,209000,209000,209000,209000,209000,209000,209000
98484083,WOBKEY WOB CRUSH80 REBOOT 유무선 기계식 (블루),209000,209000,209000,209000,209000,209000,209000,209000
123436515,WOBKEY WOB CRUSH80 REBOOT 유무선 기계식 (스텔라 실버),209000,209000,209000,209000,209000,209000,209000,209000
97564088,WOBKEY WOB CRUSH80 REBOOT 유무선 기계식 (옐로우),209000,209000,209000,209000,209000,209000,209000,209000
123436512,WOBKEY WOB CRUSH80 REBOOT 유무선 기계식 (콜드 문라이트),209000,209000,209000,209000,209000,209000,209000,209000
94448273,WOBKEY WOB CRUSH80 유무선 기계식 (레드),180000,180000,180000,180000,180000,180000,180000,180000
94448312,WOBKEY WOB CRUSH80 유무선 기계식 (옐로우),180000,180000,180000,180000,180000,180000,180000,180000
94448294,WOBKEY WOB CRUSH80 유무선 기계식 (퍼플),180000,180000,180000,180000,180000,180000,180000,180000
94448291,WOBKEY WOB CRUSH80 유무선 기계식 (핑크),180000,180000,180000,180000,180000,180000,180000,180000
61542056,WOBKEY WOB CRUSH80 유무선 해외구매 (극지해축),128210,129620,129620,125390,125390,125390,125390,123980
36707684,WOBKEY WOB RAINY75 유무선 기계식 해외구매 (WOB축),162440,162440,162440,160740,160740,160740,160740,160740
36707663,WOBKEY WOB RAINY75 유무선 기계식 해외구매 (바이올렛축),149800,149800,149800,149800,149800,149800,149800,149800
31473689,WOBKEY WOB RAINY75 유무선 기계식 해외구매 (옵션선택구성),211880,211880,211880,211880,211880,211880,211880,211880
96581093,WOBKEY WOB Rainy75 RT (그레이),235000,,,,,,,
96581027,WOBKEY WOB Rainy75 RT (실버),235000,,,,,,,
95850368,WOBKEY WOB ZEN 65 유무선 기계식 (해외구매),99900,99900,99890,99890,99890,99890,99890,99890
99944510,WOBKEY WOB ZEN65 Ultra 유무선 기계식 (레드),169000,169000,169000,169000,169000,169000,169000,169000
99944504,WOBKEY WOB ZEN65 Ultra 유무선 기계식 (웜실버),201000,201000,201000,201000,201000,201000,201000,201000
98919173,WOBKEY WOB ZEN65 유무선 기계식 (블랙),149000,149000,149000,149000,149000,149000,149000,149000
98919188,WOBKEY WOB ZEN65 유무선 기계식 (실버),149000,149000,149000,149000,149000,149000,149000,149000
98919197,WOBKEY WOB ZEN65 유무선 기계식 (치즈화이트),149000,149000,149000,149000,149000,149000,149000,149000
98919218,WOBKEY WOB ZEN65 유무선 기계식 (핑크),149000,149000,149000,149000,149000,149000,149000,149000
20607614,Wooting 60HE (해외구매),289000,289000,289000,289000,289000,289000,289000,289000
106702166,Wooting 60HE v2 (해외구매),450200,450200,450200,450200,450200,450200,450200,450200
56059988,Wooting 80HE (해외구매),328000,328000,,,,,,
47843423,Wooting Two HE (해외구매),440000,440000,440000,440000,440000,440000,440000,440000
28530446,Wooting UWU (해외구매),101490,101490,101490,101490,101500,101490,93370,93370
98075330,Wraith W60,85740,85740,85750,85750,85760,85760,85770,85770
69698090,X-LSWAB G87 유무선 기계식 (해외구매),32100,32100,32100,33150,33150,33150,33150,33150
98075579,X-raypad TERU RedTail 키캡,41600,41600,41600,41600,41600,41600,41600,41600
60323006,X5 무선,18360,18360,18360,18360,18360,18360,18360,18360
46505687,XINMENG M87 PRO V2 유무선 기계식 해외구매 (복송아V2축),45910,45910,45910,47910,47910,47910,47910,47910
37226015,XINMENG M87 PRO 기계식 (해외구매),25670,25670,25670,26790,26790,26790,26790,26790
37226177,XINMENG M87 PRO 유무선 기계식 (해외구매),38550,38550,38550,40230,40230,40230,40230,40230
37929773,XINMENG X98 Pro 기계식 해외구매 (백옥축),33950,33950,33950,35430,35430,35430,35430,35430
37929920,XINMENG X98 Pro 유무선 기계식 (해외구매),39470,39470,41190,41190,41190,41190,41190,41190
96580748,XP-PEN ACK05 유무선,59900,59900,59900,59900,59900,59900,59900,59900
75378179,XVX M67 유무선 기계식 (해외구매),81300,81300,81300,81300,81300,81300,81300,81300
79491884,YUNZII AL65 유무선 기계식 (해외구매),151710,151710,158310,158310,158310,158310,158310,158310
52065695,YUNZII AL66 유무선 기계식 (해외구매),129070,129070,129070,129070,129070,129070,129070,129070
72978953,YUNZII AL71 유무선 기계식 (해외구매),126600,125280,125280,125280,125280,129240,129240,129240
72978917,YUNZII AL75 PRO 유무선 기계식 (해외구매),101100,101100,101100,100020,100020,100020,100020,100020
76404617,YUNZII AL80 유무선 기계식 (해외구매),106620,106620,106620,105460,105460,105460,105460,105460
89525609,YUNZII B75 PRO 유무선 기계식 해외구매 (브라운축),78240,78240,78240,78240,78240,78240,78240,78240
89525603,YUNZII B75 PRO 유무선 기계식 해외구매 (옵션선택구성),59650,59650,59650,59010,59010,59010,59010,59010
89525618,YUNZII B75 PRO 유무선 기계식 해외구매 (화이트축),65500,65500,65500,65500,65500,65500,65500,65500
98766854,YUNZII C75 유무선 기계식 해외구매 (밀크 V2축),91780,92160,95110,93700,95240,95490,91780,91780
113747680,YUNZII X75 (일반),46810,46810,46810,46810,46810,46810,46810,46810
74970653,ZECTUS KEMOVE P11,5490,5490,5490,5490,5490,5490,5490,5490
28577645,ZECTUS OEM 프로파일 PBT 푸딩키캡,9500,9500,9500,9500,9500,9500,9500,9500
75464840,ZECTUS 스위치 리무버,4390,4390,4390,4390,4390,4390,4390,4390
75464828,ZECTUS 키캡 리무버,4380,4380,4380,4380,4380,4380,4380,4380
75464774,ZECTUS 항공케이블 USB-C,13230,13230,13230,13230,13230,13230,13230,13230
61422137,ZIFRIEND ZT104 기계식 (해외구매),58510,58510,58510,58510,58510,58510,58510,58510
33442073,ZIYOULANG K68 무선 기계식 (해외구매),34900,34900,34900,34900,34900,34900,34900,34900
76463360,ZUOHE ZH870 유무선 기계식 (해외구매),116740,116740,115490,115490,115490,115490,115490,115490
98411462,ZUOYA HE30 (해외구매),37710,38540,38230,38230,38230,38230,38230,38230
74056703,ZUOYA HE65 (해외구매),48510,48510,48510,51744,51744,51744,51744,51744
19608038,accto KSK-04 B703 전용,7900,7900,7900,7900,7900,7900,7900,7900
19606433,accto KSK-05 B705 전용,8900,8900,8900,8900,8900,8900,8900,8900
47843303,aigo A18 유무선 (해외구매),28360,28360,28960,28960,28960,28960,28960,28960
13064756,"archon K75 영문 블루투스 5.0 기계식 키보드 (블랙, 갈축)",42900,42900,42900,42900,42900,42900,42900,42900
13064822,"archon K75 영문 블루투스 5.0 기계식 키보드 (블랙, 저소음 적축)",47900,47900,47900,47900,47900,47900,47900,47900
13064801,"archon K75 영문 블루투스 5.0 기계식 키보드 (블랙, 적축)",42900,42900,42900,42900,42900,42900,42900,42900
13064858,"archon K75 영문 블루투스 5.0 기계식 키보드 (화이트, 적축)",42900,42900,42900,42900,42900,42900,42900,42900
13128857,"archon K75 한글 블루투스 5.0 기계식 키보드 (블랙, 저소음 적축)",47900,47900,47900,47900,47900,47900,47900,47900
13128830,"archon K75 한글 블루투스 5.0 기계식 키보드 (블랙, 적축)",68780,68780,66630,68780,68780,68780,68780,68780
13128803,"archon K75 한글 블루투스 5.0 기계식 키보드 (화이트, 저소음 적축)",47900,47900,47900,47900,47900,47900,47900,47900
13128839,"archon K75 한글 블루투스 5.0 기계식 키보드 (화이트, 적축)",68780,68780,66630,68780,68780,68780,68780,68780
32862488,darkFlash CK104 무선 기계식 키보드 마우스 세트 블랙 (적축),34490,34490,34490,34490,34490,34490,34490,34490
62639243,darkFlash DFS99 유무선 기계식 (MISTY FOREST),71890,71890,71890,71890,71890,71890,71890,71890
62639318,darkFlash DFS99 유무선 기계식 (SKY REALM),71890,71890,71890,71890,71890,71890,71890,71890
93319082,darkFlash DG104,17480,17480,17790,17790,17790,17790,17790,17790
92964443,darkFlash DK108,18280,18280,18280,18270,18270,18270,18270,18270
92965511,darkFlash DKM100 키보드 마우스 세트 (미스트 화이트),27170,27170,27170,27170,27170,27170,27170,27170
92965532,darkFlash DKM100 키보드 마우스 세트 (흑설탕),27170,27170,27170,27170,27170,27170,27170,27170
93319223,darkFlash DKM200 키보드 마우스 세트 (블랙 트와일라잇),22490,22490,23000,23000,23000,23000,23000,23000
93319241,darkFlash DKM200 키보드 마우스 세트 (프로스트 화이트),22490,22490,23000,23000,23000,23000,23000,23000
20128619,darkFlash GD100 유무선 기계식 (밀크 브라운),40500,40500,40500,40500,40500,40500,40500,40500
28449845,darkFlash GD100 유무선 기계식 (별빛 파랑),37660,37660,37660,37660,37660,37660,37660,37660
20128646,darkFlash GD100 유무선 기계식 (흑설탕),37660,37660,37660,37660,37660,37660,37660,37660
33386177,darkFlash GD100 유무선 기계식 (히아신스),37640,37640,37640,37640,37640,37640,37640,37640
21470327,darkFlash GD108 유무선 기계식 (밀크 브라운),44990,,,,,,,
21470333,darkFlash GD108 유무선 기계식 (별빛 파랑),44990,,,,,,,
21470318,darkFlash GD108 유무선 기계식 (흑설탕),44990,,,,,,,
33386147,darkFlash GD108 유무선 기계식 (히아신스),45000,,,,,,,
28889486,darkFlash GD68 유무선 기계식 (별빛 파랑),42310,42310,42310,42310,42310,42310,42310,42310
54314789,darkFlash GD87 유무선 기계식 (밀크 브라운),37650,37650,37650,37650,37650,37650,37650,37650
28649996,darkFlash GD87 유무선 기계식 (별빛 파랑),40500,40500,40500,40500,40500,40500,40500,40500
28650263,darkFlash GD87 유무선 기계식 (흑설탕),40500,40500,40500,40500,40500,40500,40500,40500
47844701,darkFlash GD87 유무선 기계식 (히아신스),38817,38817,38232,39180,39180,39180,39180,39180
4998158,i-rocks IRK01W / IRK01B 전용 키스킨,2690,2690,2690,2690,2690,2690,2690,2500
1394973,i-rocks IRK01W X-Slim (블랙),29490,29490,29490,29490,29490,29490,29490,29490
1628684,i-rocks IRK01W X-Slim (실버),30500,30500,30500,30500,30500,30500,30500,30500
2088660,i-rocks IRK01W X-Slim (핑크),30500,30500,30500,30500,30500,30500,30500,30500
4757546,i-rocks IRK01W X-Slim (화이트),29500,29500,29500,29500,29500,29500,29500,29500
14862851,i-rocks IRK07W (블랙),25500,25500,25500,25500,25500,25500,25500,25500
14863451,i-rocks IRK07W (화이트),24600,24600,24600,24600,24600,24600,24600,24600
18611090,i-rocks IRK46RP 키보드 마우스 세트 (블랙),35000,35000,35000,35000,35000,35000,35000,35000
94086752,i-rocks IRK46RP 키보드 마우스 세트 (화이트),35000,35000,35000,35000,35000,35000,35000,35000
5154432,i-rocks K23W 브릭 키보드 (블랙),18540,18640,18750,18770,18870,18890,18900,18990
5346096,i-rocks K23W 브릭 키보드 (핑크),18930,18340,18410,18420,18520,18540,18550,18640
5346093,i-rocks K23W 브릭 키보드 (화이트),18990,18990,18990,18990,18990,18990,18990,18990
4998170,i-rocks KR-6170 / IRK25RP 전용 키스킨,3000,3000,3000,3000,3000,3000,3000,3000
134184,i-rocks KR-6170 X-Slim (블랙),32490,32490,32490,32490,32490,32490,32490,32490
130125,i-rocks KR-6170 X-Slim (화이트),32490,32490,32490,32490,32490,32490,32490,32490
1232398,i-rocks KR-6220용 키스킨,2400,2400,2400,2400,2400,2400,2400,2400
19544126,iFLYTEK AI-KTVS-001 AI 무선,44900,44900,,,,,,
30066854,가드브이 로지텍 G PRO G PRO X 키스킨,12900,12900,12900,12900,12900,12900,12900,12900
29880500,가드브이 커세어 K70 RGB PRO MAX 전용 키스킨,12900,12900,12900,12900,12900,12900,12900,12900
98770121,강아지 고양이 발바닥 파스텔 키캡,9400,9400,9400,9400,9400,9400,9400,9400
75939365,강원전자 NETmate NM-KB04,5050,5050,5050,4850,4850,4850,4850,4850
122705649,강원전자 NETmate NM-KB04N,5100,5100,5100,5100,5100,5100,5100,5100
79859582,강원전자 NETmate NM-KB05 무선,9200,9200,9200,9200,9200,9320,9200,9200
5446738,강원전자 NETmate NM-KMS01 USB 유선 키보드 마우스 세트,11120,11150,11250,11350,11370,11470,11490,10980
37932305,강원전자 NETmate NM-KMS02 키보드 마우스 세트,6200,6200,5900,5900,5900,5900,5900,5900
79859636,강원전자 NETmate NM-KMS04 무선 키보드 마우스 세트,13500,13500,13500,13500,13500,13500,13500,13500
4767002,강원전자 NETmate NM-OM04,6500,6500,6500,6500,6500,6500,6500,6500
4767025,강원전자 NETmate NM-OM05,7340,7340,7390,7220,7220,7220,7220,7220
6423252,갤럭시 XANOVA 한영 ABS 104 키캡,7900,7900,7900,7900,7900,7900,7900,7900
16297799,갤럭시 갤라즈 GALAX EX-03 게이밍 기계식 키보드,34900,34900,34900,34900,34900,34900,34900,34900
9733890,건평정보통신 IPLEX KM200 유선 미니 키보드 마우스 세트,9530,9530,9530,9530,9530,9530,9530,9530
5674183,건평정보통신 IPLEX KP-200WTP 터치 키보드,29890,29890,29890,29890,29890,29890,29890,29890
4871374,건평정보통신 IPLEX KP-7300PU 키보드 마우스 세트,5410,5410,5410,5410,5410,5410,5410,5410
7132138,건평정보통신 IPLEX KP-7600 키보드 마우스 세트,16460,16420,16420,16420,16420,16420,16430,16430
5366501,건평정보통신 IPLEX KP-BK1000 (화이트),24570,24570,24570,24570,24570,24570,24570,24570
4515026,건평정보통신 IPLEX KP100WTK,30000,30210,30210,30210,30210,30210,30210,30210
7144942,건평정보통신 IPLEX KP300wtk 무선 트랙볼 미니 키보드,40100,40100,40100,40100,40100,40100,40100,40100
5936673,건평정보통신 IPLEX NBK-100 숫자키패드,7790,7790,7790,7790,7790,7790,7790,7790
5019857,건평정보통신 IPLEX RK-2000C 무선 키보드 마우스 세트,12440,12440,12440,12440,12440,12440,12440,12440
4574768,건평정보통신 IPLEX RK-3000C 무선 키보드 마우스 세트,13770,13430,13460,13560,13580,13480,13500,13580
77790512,건평정보통신 IPLEX RK-5000C 무선 키보드 마우스 세트,19490,19490,19490,19490,19490,19490,19490,19490
13640270,건평정보통신 IPLEX RK4000 무선 키보드마우스 세트,13370,13370,13370,13370,13370,13370,13370,13370
17705078,건평정보통신 IPLEX WKM2000 키보드 마우스 세트,11150,11150,11150,11150,11150,11150,11150,11150
7261924,건평정보통신 KP-7400PU 키보드 마우스 세트,17140,17140,17140,17140,17140,17140,17140,17140
97118375,고양이 키캡 세트,5790,5790,5790,5790,5790,5790,5790,5790
92150339,곽철이 키캡세트,14540,14660,14660,14540,14660,14540,14660,14540
124180302,그라바스타 머큐리 K1 Lite 유무선 기계식 (크리스탈로즈),138000,138000,138000,138000,138000,138000,138000,138000
124180309,그라바스타 머큐리 K1 Lite 유무선 기계식 (크리스탈오로라),138000,138000,138000,138000,138000,138000,138000,138000
91426052,그라바스타 머큐리 K1 Lite 유무선 기계식 (클리어 블랙),138000,138000,138000,138000,138000,138000,138000,138000
124180501,그라바스타 머큐리 K1 PRO 유무선 기계식 (고스트실버),298000,298000,298000,298000,298000,298000,298000,298000
81841304,그라바스타 머큐리 K1 PRO 유무선 기계식 (배틀원 옐로우),268000,268000,268000,268000,268000,268000,268000,268000
91426016,그라바스타 머큐리 K1 PRO 유무선 기계식 (사이버 펑크),298000,298000,298000,298000,298000,298000,298000,298000
96482888,그라바스타 머큐리 K1 PRO 유무선 기계식 (사이버플레어),268000,268000,268000,268000,268000,268000,268000,268000
91426058,그라바스타 머큐리 K1 PRO 유무선 기계식 (인터스텔라 실버),268000,268000,268000,268000,268000,268000,268000,268000
72304214,그라바스타 머큐리 K1 PRO 유무선 해외구매,174400,174400,174400,174400,174400,174400,174400,174400
91426031,그라바스타 머큐리 K1 유무선 기계식 (그라데이션 블랙),198000,198000,198000,198000,198000,198000,198000,198000
91426034,그라바스타 머큐리 K1 유무선 기계식 (그라데이션 화이트),198000,198000,198000,198000,198000,198000,198000,198000
124180544,그라바스타 머큐리 K1 유무선 기계식 (라벤더퍼플),228000,228000,228000,228000,228000,228000,228000,228000
91426055,그라바스타 머큐리 K1 유무선 기계식 (사쿠라 핑크),190700,190700,190700,190700,190700,190700,190700,190700
124180528,그라바스타 머큐리 K1 유무선 기계식 (스텔스 블랙),198000,198000,198000,198000,198000,198000,198000,198000
124180543,그라바스타 머큐리 K1 유무선 기계식 (아이스블루),228000,228000,228000,228000,228000,228000,228000,228000
124180539,그라바스타 머큐리 K1 유무선 기계식 (오팔린화이트),228000,228000,228000,228000,228000,228000,228000,
124180582,그라바스타 머큐리 K98 Pro 유무선 기계식,388000,388000,388000,388000,388000,388000,388000,388000
124180342,그라바스타 머큐리 V60 (오닉스크리스탈),198000,198000,198000,198000,198000,198000,198000,198000
124180346,그라바스타 머큐리 V60 (크리스탈로즈),198000,198000,198000,198000,198000,198000,198000,198000
103182365,그라바스타 머큐리 V60 PRO (건메탈스모크),298000,298000,298000,298000,298000,298000,298000,298000
124180319,그라바스타 머큐리 V60 PRO (사이버프로스트블랙),298000,298000,298000,298000,298000,298000,298000,298000
124180317,그라바스타 머큐리 V60 PRO (실버프로스트),298000,298000,298000,298000,298000,298000,298000,298000
124180321,그라바스타 머큐리 V60 PRO 디럭스 에디션,328000,328000,328000,328000,328000,328000,328000,328000
124180400,그라바스타 머큐리 V75 (스텔스블랙),258000,258000,258000,258000,258000,258000,258000,258000
124180404,그라바스타 머큐리 V75 (실버프로스트),288000,288000,288000,288000,288000,288000,288000,288000
124180397,그라바스타 머큐리 V75 Lite,168000,168000,168000,168000,168000,168000,168000,168000
124180414,그라바스타 머큐리 V75 Pro (네온그래비티),378000,378000,378000,378000,378000,378000,378000,378000
124180411,그라바스타 머큐리 V75 Pro (사이버펑크),348000,348000,348000,348000,348000,348000,348000,348000
123961430,그루브스톤 3단 말랑이 팜레스트 (아이보리),25900,25900,25900,25900,25900,25900,25900,25900
123961435,그루브스톤 3단 말랑이 팜레스트 (퍼플),25900,25900,25900,25900,25900,25900,25900,25900
123961425,그루브스톤 3단 말랑이 팜레스트 (핑크),25420,25420,25420,25420,25420,25420,25420,25420
74885441,그루브스톤 GS104R 표준윤활 띠아모 (너울축),79000,79000,79000,79000,79000,79000,79000,79000
74885444,그루브스톤 GS104R 표준윤활 띠아모 (저소음 너울축),79000,79000,79000,79000,79000,79000,79000,79000
74885438,그루브스톤 GS104R 표준윤활 띠아모 (저소음 하늬축),79000,79000,79000,79000,79000,79000,79000,79000
74885432,그루브스톤 GS104R 표준윤활 띠아모 (하늬축),79000,79000,79000,79000,79000,79000,79000,79000
88237064,그루브스톤 GS104R 표준윤활 띠아모 GA (저소음 하늬축),79000,79000,79000,79000,79000,79000,79000,79000
73696304,그루브스톤 GS104R 표준윤활 민들레 (저소음 하늬축),79000,79000,79000,79000,79000,79000,79000,79000
74335133,그루브스톤 GS104R 표준윤활 민들레 허니 (저소음 하늬축),79000,79000,79000,79000,79000,79000,79000,79000
74057033,그루브스톤 GS85R 표준윤활 민들레 (저소음 너울축),79000,79000,79000,79000,79000,79000,79000,79000
74057024,그루브스톤 GS85R 표준윤활 민들레 (저소음 하늬축),79000,79000,79000,79000,79000,79000,79000,79000
103599350,"그루브스톤 GV10 수제윤활 따뜻한크레용 GA (저소음 갈축, 38g)",128660,128660,128660,128660,128660,128660,128660,128660
68788307,"그루브스톤 GV10 수제윤활 따뜻한크레용 GA (저소음 갈축, 45g)",129000,129000,129000,129000,129000,129000,129000,129000
103599374,"그루브스톤 GV10 수제윤활 따뜻한크레용 GA (저소음 밀키S축, 38g)",128660,128660,128660,128660,128660,128660,128660,128660
103599386,"그루브스톤 GV10 수제윤활 따뜻한크레용 GA (저소음 밀키S축, 45g)",128660,128660,128660,128660,128660,128660,128660,128660
68788430,"그루브스톤 GV10 수제윤활 따뜻한크레용 GA (저소음 밀키축, 38g)",128970,128970,128970,128970,128970,128970,128970,128970
68788439,"그루브스톤 GV10 수제윤활 따뜻한크레용 GA (저소음 밀키축, 45g)",128970,128970,128970,128970,128970,128970,128970,128970
68788460,"그루브스톤 GV10 수제윤활 따뜻한크레용 GA (저소음 코랄축, 45g)",129000,129000,129000,129000,129000,129000,129000,129000
122701091,"그루브스톤 GV10 수제윤활 라이트G GA (저소음 갈축, 38g)",159000,159000,159000,159000,159000,159000,159000,159000
67847534,"그루브스톤 GV10 수제윤활 라이트G GA (저소음 밀키축, 38g)",129000,129000,129000,129000,129000,129000,129000,129000
122701116,"그루브스톤 GV10 수제윤활 라이트크레용 GA (저소음 갈축, 38g)",128660,128660,128660,128660,128660,128660,128660,128660
122701119,"그루브스톤 GV10 수제윤활 라이트크레용 GA (저소음 갈축, 45g)",128660,128660,128660,128660,128660,128660,128660,128660
122701130,"그루브스톤 GV10 수제윤활 라이트크레용 GA (저소음 밀키S축, 38g)",128660,128660,128660,128660,128660,128660,128660,128660
122701131,"그루브스톤 GV10 수제윤활 라이트크레용 GA (저소음 밀키S축, 45g)",129000,129000,129000,129000,129000,129000,129000,129000
122701107,"그루브스톤 GV10 수제윤활 라이트크레용 GA (저소음 밀키축, 38g)",128660,128660,128660,128660,128660,128660,128660,128660
122701112,"그루브스톤 GV10 수제윤활 라이트크레용 GA (저소음 밀키축, 45g)",128660,128660,128660,128660,128660,128660,128660,128660
122930204,"그루브스톤 GV10 수제윤활 애플라떼 GA (반저소음 코랄축, 38g)",128660,128660,128660,128660,128660,128660,128660,128660
122930205,"그루브스톤 GV10 수제윤활 애플라떼 GA (반저소음 코랄축, 45g)",128660,128660,128660,128660,128660,128660,128660,128660
90269408,"그루브스톤 GV10 수제윤활 애플라떼 GA (저소음 갈축, 38g)",128660,128660,128660,128660,128660,128660,128660,128660
90269417,"그루브스톤 GV10 수제윤활 애플라떼 GA (저소음 갈축, 45g)",128660,128660,128660,128660,128660,128660,128660,128660
122709251,"그루브스톤 GV10 수제윤활 애플라떼 GA (저소음 밀키S축, 38g)",128660,128660,128660,128660,128660,128660,128660,128660
122709253,"그루브스톤 GV10 수제윤활 애플라떼 GA (저소음 밀키S축, 45g)",128660,128660,128660,128660,128660,128660,128660,128660
90269450,"그루브스톤 GV10 수제윤활 애플라떼 GA (저소음 밀키축, 38g)",128660,128660,128660,128660,128660,128660,128660,128660
90269465,"그루브스톤 GV10 수제윤활 애플라떼 GA (저소음 밀키축, 45g)",128660,128660,128660,128660,128660,128660,128660,128660
99750935,"그루브스톤 GV10M 8K 유무선 기계식 검은고양이 (저소음 갈축, 38g)",159000,159000,159000,159000,159000,159000,159000,159000
99750941,"그루브스톤 GV10M 8K 유무선 기계식 검은고양이 (저소음 갈축, 45g)",159000,159000,159000,159000,159000,159000,159000,159000
99750908,"그루브스톤 GV10M 8K 유무선 기계식 검은고양이 (저소음 밀키축, 38g)",159000,159000,159000,159000,159000,159000,159000,159000
99750914,"그루브스톤 GV10M 8K 유무선 기계식 검은고양이 (저소음 밀키축, 45g)",159000,159000,159000,159000,159000,159000,159000,159000
99750932,"그루브스톤 GV10M 8K 유무선 기계식 검은고양이 (저소음 코랄축, 38g)",159000,159000,159000,159000,159000,159000,159000,159000
99750923,"그루브스톤 GV10M 8K 유무선 기계식 검은고양이 (저소음 코랄축, 45g)",159000,159000,159000,159000,159000,159000,159000,159000
97705505,"그루브스톤 GV10M 8K 유무선 기계식 따뜻한크레용 (저소음 갈축, 38g)",159000,159000,159000,159000,159000,159000,159000,159000
97705511,"그루브스톤 GV10M 8K 유무선 기계식 따뜻한크레용 (저소음 갈축, 45g)",159000,159000,159000,159000,159000,159000,159000,159000
97705514,"그루브스톤 GV10M 8K 유무선 기계식 따뜻한크레용 (저소음 밀키S축, 38g)",159000,159000,159000,159000,159000,159000,159000,159000
97705520,"그루브스톤 GV10M 8K 유무선 기계식 따뜻한크레용 (저소음 밀키S축, 45g)",159000,159000,159000,159000,159000,159000,159000,159000
97705529,"그루브스톤 GV10M 8K 유무선 기계식 따뜻한크레용 (저소음 밀키축, 38g)",159000,159000,159000,159000,159000,159000,159000,159000
97705538,"그루브스톤 GV10M 8K 유무선 기계식 따뜻한크레용 (저소음 밀키축, 45g)",159000,159000,159000,159000,159000,159000,159000,159000
97705541,"그루브스톤 GV10M 8K 유무선 기계식 따뜻한크레용 (저소음 코랄축, 38g)",159000,159000,159000,159000,159000,159000,159000,159000
97705550,"그루브스톤 GV10M 8K 유무선 기계식 따뜻한크레용 (저소음 코랄축, 45g)",159000,159000,159000,159000,159000,159000,159000,159000
99639962,"그루브스톤 GV10M 8K 유무선 기계식 라이트P (저소음 갈축, 38g)",159000,159000,159000,159000,159000,159000,159000,159000
99639965,"그루브스톤 GV10M 8K 유무선 기계식 라이트P (저소음 갈축, 45g)",159000,159000,159000,159000,159000,159000,159000,159000
99639977,"그루브스톤 GV10M 8K 유무선 기계식 라이트P (저소음 밀키S축, 38g)",159000,159000,159000,159000,159000,159000,159000,159000
122931648,"그루브스톤 GV10M 8K 유무선 기계식 라이트P (저소음 밀키S축, 45g)",159000,159000,159000,159000,159000,159000,159000,159000
97705073,"그루브스톤 GV10M 8K 유무선 기계식 라이트P (저소음 밀키축, 38g)",159000,159000,159000,159000,159000,159000,159000,159000
97705079,"그루브스톤 GV10M 8K 유무선 기계식 라이트P (저소음 밀키축, 45g)",159000,159000,159000,159000,159000,159000,159000,159000
99639971,"그루브스톤 GV10M 8K 유무선 기계식 라이트P (저소음 코랄축, 38g)",159000,159000,159000,159000,159000,159000,159000,159000
99639974,"그루브스톤 GV10M 8K 유무선 기계식 라이트P (저소음 코랄축, 45g)",159000,159000,159000,159000,159000,159000,159000,159000
122622697,"그루브스톤 GV10M 8K 유무선 기계식 라이트크레용 (저소음 갈축, 38g)",159000,159000,159000,159000,159000,159000,159000,159000
122634169,"그루브스톤 GV10M 8K 유무선 기계식 라이트크레용 (저소음 갈축, 45g)",159000,159000,159000,159000,159000,159000,159000,159000
122634168,"그루브스톤 GV10M 8K 유무선 기계식 라이트크레용 (저소음 밀키S축, 38g)",159000,159000,159000,159000,159000,159000,159000,159000
122622694,"그루브스톤 GV10M 8K 유무선 기계식 라이트크레용 (저소음 밀키S축, 45g)",159000,159000,159000,159000,159000,159000,159000,159000
122622690,"그루브스톤 GV10M 8K 유무선 기계식 라이트크레용 (저소음 밀키축, 38g)",159000,159000,159000,159000,159000,159000,159000,159000
122634170,"그루브스톤 GV10M 8K 유무선 기계식 라이트크레용 (저소음 밀키축, 45g)",159000,159000,159000,159000,159000,159000,159000,159000
122634171,"그루브스톤 GV10M 8K 유무선 기계식 라이트크레용 (저소음 코랄축, 38g)",159000,159000,159000,159000,159000,159000,159000,159000
123436584,"그루브스톤 GV10M 8K 유무선 기계식 라이트크레용 (저소음 코랄축, 45g)",159000,159000,159000,159000,159000,159000,159000,159000
97705370,"그루브스톤 GV10M 8K 유무선 기계식 애플라떼 (저소음 갈축, 38g)",159000,159000,159000,159000,159000,159000,159000,159000
97705373,"그루브스톤 GV10M 8K 유무선 기계식 애플라떼 (저소음 갈축, 45g)",159000,159000,159000,159000,159000,159000,159000,159000
97705382,"그루브스톤 GV10M 8K 유무선 기계식 애플라떼 (저소음 밀키축, 38g)",159000,159000,159000,159000,159000,159000,159000,159000
97705385,"그루브스톤 GV10M 8K 유무선 기계식 애플라떼 (저소음 밀키축, 45g)",159000,159000,159000,159000,159000,159000,159000,159000
97705397,"그루브스톤 GV10M 8K 유무선 기계식 애플라떼 (저소음 코랄축, 38g)",159000,159000,159000,159000,159000,159000,159000,159000
97705400,"그루브스톤 GV10M 8K 유무선 기계식 애플라떼 (저소음 코랄축, 45g)",159000,159000,159000,159000,159000,159000,159000,159000
123436621,"그루브스톤 GV10M 8K 유무선 기계식 애플라떼B (저소음 갈축, 38g)",159000,159000,159000,159000,159000,159000,159000,159000
123436623,"그루브스톤 GV10M 8K 유무선 기계식 애플라떼B (저소음 갈축, 45g)",159000,159000,159000,159000,159000,159000,159000,159000
123436614,"그루브스톤 GV10M 8K 유무선 기계식 애플라떼B (저소음 밀키축, 38g)",159000,159000,159000,159000,159000,159000,159000,159000
123436618,"그루브스톤 GV10M 8K 유무선 기계식 애플라떼B (저소음 밀키축, 45g)",159000,159000,159000,159000,159000,159000,159000,159000
123436639,"그루브스톤 GV10M 8K 유무선 기계식 애플라떼B (저소음 코랄축, 45g)",159000,159000,159000,159000,159000,159000,159000,159000
99751097,"그루브스톤 GV10M 8K 유무선 기계식 우리의 것 단원 (저소음 갈축, 45g)",164000,164000,164000,164000,164000,164000,164000,164000
99751076,"그루브스톤 GV10M 8K 유무선 기계식 우리의 것 단원 (저소음 밀키축, 38g)",164000,164000,164000,164000,164000,164000,164000,164000
99751079,"그루브스톤 GV10M 8K 유무선 기계식 우리의 것 단원 (저소음 밀키축, 45g)",164000,164000,164000,164000,164000,164000,164000,164000
99751088,"그루브스톤 GV10M 8K 유무선 기계식 우리의 것 단원 (저소음 코랄축, 38g)",164000,164000,164000,164000,164000,164000,164000,164000
99751082,"그루브스톤 GV10M 8K 유무선 기계식 우리의 것 단원 (저소음 코랄축, 45g)",164000,164000,164000,164000,164000,164000,164000,164000
99750998,"그루브스톤 GV10M 8K 유무선 기계식 우리의 것 혜원 (저소음 밀키축, 38g)",164000,164000,164000,164000,164000,164000,164000,164000
99751001,"그루브스톤 GV10M 8K 유무선 기계식 우리의 것 혜원 (저소음 밀키축, 45g)",164000,164000,164000,164000,164000,164000,164000,164000
99751013,"그루브스톤 GV10M 8K 유무선 기계식 우리의 것 혜원 (저소음 코랄축, 38g)",164000,164000,164000,164000,164000,164000,164000,164000
99751007,"그루브스톤 GV10M 8K 유무선 기계식 우리의 것 혜원 (저소음 코랄축, 45g)",164000,164000,164000,164000,164000,164000,164000,164000
99751139,"그루브스톤 GV10M 8K 유무선 기계식 우리의 것 훈민정음 담 (저소음 갈축, 38g)",164000,164000,164000,164000,164000,164000,164000,164000
99751142,"그루브스톤 GV10M 8K 유무선 기계식 우리의 것 훈민정음 담 (저소음 갈축, 45g)",164000,164000,164000,164000,164000,164000,164000,164000
99751124,"그루브스톤 GV10M 8K 유무선 기계식 우리의 것 훈민정음 담 (저소음 밀키축, 38g)",164000,164000,164000,164000,164000,164000,164000,164000
99751127,"그루브스톤 GV10M 8K 유무선 기계식 우리의 것 훈민정음 담 (저소음 밀키축, 45g)",164000,164000,164000,164000,164000,164000,164000,164000
99751136,"그루브스톤 GV10M 8K 유무선 기계식 우리의 것 훈민정음 담 (저소음 코랄축, 38g)",164000,164000,164000,164000,164000,164000,164000,164000
99751130,"그루브스톤 GV10M 8K 유무선 기계식 우리의 것 훈민정음 담 (저소음 코랄축, 45g)",164000,164000,164000,164000,164000,164000,164000,164000
122616919,"그루브스톤 GV10M 8K 유무선 기계식 젤리냥 (저소음 갈축, 38g)",164000,164000,164000,164000,164000,164000,164000,164000
122616921,"그루브스톤 GV10M 8K 유무선 기계식 젤리냥 (저소음 갈축, 45g)",164000,164000,164000,164000,164000,164000,164000,164000
122616219,"그루브스톤 GV10M 8K 유무선 기계식 젤리냥 (저소음 밀키S축, 38g)",164000,164000,164000,164000,164000,164000,164000,164000
122616907,"그루브스톤 GV10M 8K 유무선 기계식 젤리냥 (저소음 밀키S축, 45g)",164000,164000,164000,164000,164000,164000,164000,164000
122616918,"그루브스톤 GV10M 8K 유무선 기계식 젤리냥 (저소음 밀키축, 38g)",164000,164000,164000,164000,164000,164000,164000,164000
122616916,"그루브스톤 GV10M 8K 유무선 기계식 젤리냥 (저소음 밀키축, 45g)",164000,164000,164000,164000,164000,164000,164000,164000
99768932,"그루브스톤 GV10M 8K 유무선 기계식 칸딘스키1 (저소음 갈축, 45g)",164000,164000,164000,164000,164000,164000,164000,164000
99768017,"그루브스톤 GV10M 8K 유무선 기계식 칸딘스키1 (저소음 밀키축, 45g)",164000,164000,164000,164000,164000,164000,164000,164000
99768557,"그루브스톤 GV10M 8K 유무선 기계식 칸딘스키1 (저소음 코랄축, 38g)",164000,164000,164000,164000,164000,164000,164000,164000
99771404,"그루브스톤 GV10M 8K 유무선 기계식 칸딘스키2 (저소음 갈축, 45g)",164000,164000,164000,164000,164000,164000,164000,164000
99770588,"그루브스톤 GV10M 8K 유무선 기계식 칸딘스키2 (저소음 밀키축, 45g)",164000,164000,164000,164000,164000,164000,164000,164000
99770843,"그루브스톤 GV10M 8K 유무선 기계식 칸딘스키2 (저소음 코랄축, 45g)",164000,164000,164000,164000,164000,164000,164000,164000
123961545,그루브스톤 GV10X 유무선 기계식 검은고양이 (저소음 적축),109000,109000,109000,109000,109000,109000,109000,109000
123961544,그루브스톤 GV10X 유무선 기계식 검은고양이 (적축),109000,109000,109000,109000,109000,109000,109000,109000
123961400,그루브스톤 GV10X 유무선 기계식 따뜻한 크레용 (저소음 적축),109000,109000,109000,109000,109000,109000,109000,109000
123961396,그루브스톤 GV10X 유무선 기계식 따뜻한 크레용 (적축),109000,109000,109000,109000,109000,109000,109000,109000
123961542,그루브스톤 GV10X 유무선 기계식 모다 (저소음 적축),109000,109000,109000,109000,109000,109000,109000,109000
123961540,그루브스톤 GV10X 유무선 기계식 모다 (적축),109000,109000,109000,109000,109000,109000,109000,109000
123961552,그루브스톤 GV10X 유무선 기계식 미야옹 (저소음 적축),109000,109000,109000,109000,109000,109000,109000,109000
123961550,그루브스톤 GV10X 유무선 기계식 미야옹 (적축),109000,109000,109000,109000,109000,109000,109000,109000
123961592,그루브스톤 GV10X 유무선 기계식 사군자 매 (저소음 적축),109000,109000,109000,109000,109000,109000,109000,109000
123961591,그루브스톤 GV10X 유무선 기계식 사군자 매 (적축),109000,109000,109000,109000,109000,109000,109000,109000
123961595,그루브스톤 GV10X 유무선 기계식 사군자 죽 (저소음 적축),109000,109000,109000,109000,109000,109000,109000,109000
123961593,그루브스톤 GV10X 유무선 기계식 사군자 죽 (적축),109000,109000,109000,109000,109000,109000,109000,109000
123961408,그루브스톤 GV10X 유무선 기계식 애플라떼 (저소음 적축),109000,109000,109000,109000,109000,109000,109000,109000
123961403,그루브스톤 GV10X 유무선 기계식 애플라떼 (적축),109000,109000,109000,109000,109000,109000,109000,109000
123961579,그루브스톤 GV10X 유무선 기계식 혜원단원 (저소음 적축),109000,109000,109000,109000,109000,109000,109000,109000
123961577,그루브스톤 GV10X 유무선 기계식 혜원단원 (적축),109000,109000,109000,109000,109000,109000,109000,109000
123961414,그루브스톤 GV10X 유무선 기계식 훈민정음 세종 (저소음 적축),109000,109000,109000,109000,109000,109000,109000,109000
123961412,그루브스톤 GV10X 유무선 기계식 훈민정음 세종 (적축),109000,109000,109000,109000,109000,109000,109000,109000
97703867,"그루브스톤 GV8M 8K 유무선 기계식 라이트P (밀키V2축, 45g)",154000,154000,154000,154000,154000,154000,154000,154000
97704857,"그루브스톤 GV8M 8K 유무선 기계식 라이트P (저소음 밀키축, 45g)",154000,154000,154000,154000,154000,154000,154000,154000
97704875,"그루브스톤 GV8M 8K 유무선 기계식 라이트P (저소음 코랄축, 45g)",154000,154000,154000,154000,154000,154000,154000,154000
97704833,"그루브스톤 GV8M 8K 유무선 기계식 라이트P (코랄V2축, 38g)",154000,154000,154000,154000,154000,154000,154000,154000
97704836,"그루브스톤 GV8M 8K 유무선 기계식 라이트P (코랄V2축, 45g)",154000,154000,154000,154000,154000,154000,154000,154000
99639485,"그루브스톤 GV8M 8K 유무선 기계식 퍼플러 (밀키V2축, 38g)",154000,154000,154000,154000,154000,154000,154000,154000
99639488,"그루브스톤 GV8M 8K 유무선 기계식 퍼플러 (밀키V2축, 45g)",154000,154000,154000,154000,154000,154000,154000,154000
99639476,"그루브스톤 GV8M 8K 유무선 기계식 퍼플러 (저소음 갈축, 38g)",154000,154000,154000,154000,154000,154000,154000,154000
99639482,"그루브스톤 GV8M 8K 유무선 기계식 퍼플러 (저소음 갈축, 45g)",154000,154000,154000,154000,154000,154000,154000,154000
99639521,"그루브스톤 GV8M 8K 유무선 기계식 퍼플러 (저소음 밀키축, 38g)",154000,154000,154000,154000,154000,154000,154000,154000
99639524,"그루브스톤 GV8M 8K 유무선 기계식 퍼플러 (저소음 밀키축, 45g)",154000,154000,154000,154000,154000,154000,154000,154000
99639533,"그루브스톤 GV8M 8K 유무선 기계식 퍼플러 (저소음 코랄축, 38g)",154000,154000,154000,154000,154000,154000,154000,154000
99639536,"그루브스톤 GV8M 8K 유무선 기계식 퍼플러 (저소음 코랄축, 45g)",154000,154000,154000,154000,154000,154000,154000,154000
99639500,"그루브스톤 GV8M 8K 유무선 기계식 퍼플러 (코랄V2축, 38g)",154000,154000,154000,154000,154000,154000,154000,154000
99639503,"그루브스톤 GV8M 8K 유무선 기계식 퍼플러 (코랄V2축, 45g)",154000,154000,154000,154000,154000,154000,154000,154000
124034473,그루브스톤 따뜻한 크레용 GA 키캡,39000,39000,39000,39000,39000,39000,39000,39000
122657158,그루브스톤 멀티 4구 키캡 리무버,5930,5930,5930,5930,5930,5930,5930,5930
29908400,그리디파머스 멜로우 실리콘 키보드 팜레스트,9108,9108,9108,9108,9108,9108,9108,9108
11551052,그린전산 For LG LGC-CKB02 무선 키보드 마우스 세트,146960,146960,146960,146960,146960,146960,146960,146960
11551619,그린전산 For LG LGC-CKB08 키보드 마우스 세트,13510,13530,13570,13550,13570,13510,13510,13570
91770566,글로리어스 AURA V3 RGB 푸딩 키캡 세트 (블랙),52900,52900,52900,52900,52900,52900,52900,52900
91770578,글로리어스 AURA V3 RGB 푸딩 키캡 세트 (화이트),52900,52900,52900,52900,52900,52900,52900,52900
69467063,글로리어스 FOX HE 마그네틱 자석축 사전 윤활 스위치 36Pcs,37900,37900,37900,37900,37900,37900,37900,37900
18438824,글로리어스 FOX 사전 윤활 스위치 세트,109000,109000,109000,109000,109000,109000,109000,109000
97112849,글로리어스 GMBK 75%,73470,73470,78990,73470,73470,73470,73470,73470
19184264,글로리어스 GMMK NUMPAD 골드 뱃지,17890,17890,17900,16650,16650,16650,16650,16650
19184390,글로리어스 GMMK NUMPAD 상판 프레임 (E-WHITE),48000,48000,48000,48000,48000,48000,48000,48000
19184417,글로리어스 GMMK NUMPAD 상판 프레임 (NAVY BLUE),70000,70000,70000,65100,65100,65100,65100,65100
19184477,글로리어스 GMMK NUMPAD 스위치 보강판 (폴리카보네이트),20000,20000,18600,18600,18600,18600,18600,18600
19184522,글로리어스 GMMK NUMPAD 스위치 보강판 (황동),30000,30000,30000,30000,30000,30000,30000,30000
19184552,글로리어스 GMMK NUMPAD 슬라이더 (BLACK SLATE),8950,8950,8950,8950,8950,8950,8950,8950
19184561,글로리어스 GMMK NUMPAD 슬라이더 (E-WHITE),8950,8950,8950,8950,8950,8950,8950,8950
19184573,글로리어스 GMMK NUMPAD 슬라이더 (NAVY BLUE),8950,8950,8950,8950,8950,8950,8950,8950
19184582,글로리어스 GMMK NUMPAD 슬라이더 (PRISM PINK),8950,8950,8950,8950,8950,8950,8950,8950
18436559,글로리어스 GMMK NUMPAD 유무선 (블랙),193200,193200,193200,193200,193200,193200,193200,193200
18436580,글로리어스 GMMK NUMPAD 유무선 (화이트),147200,147200,147200,147200,147200,147200,147200,175050
17532062,글로리어스 GMMK PRO PreBuilt,489000,489000,489000,489000,489000,489000,489000,489000
17840132,글로리어스 GMMK PRO 기계식 커스텀 베어본 (블랙),239000,239000,239000,239000,239000,239000,239000,239000
17840324,글로리어스 GMMK PRO 기계식 커스텀 베어본 (화이트),239000,239000,239000,239000,239000,239000,239000,239000
17847629,글로리어스 GMMK PRO 볼륨 노브 (E-WHITE),11920,11920,11920,11920,11920,11920,11920,11920
17847689,글로리어스 GMMK PRO 볼륨 노브 (NAVY BLUE),13610,13610,13610,13610,13610,13610,13610,13610
17820794,글로리어스 GMMK PRO 상판 (AQUA BLUE),84000,84000,84000,84000,84000,84000,84000,84000
17820779,글로리어스 GMMK PRO 상판 (FOREST GREEN),10000,10000,10000,10000,10000,10000,10000,10000
17820788,글로리어스 GMMK PRO 상판 (GOLDEN YELLOW),84000,84000,84000,84000,84000,84000,84000,84000
17820797,글로리어스 GMMK PRO 상판 (PRISM PINK),10000,10000,10000,10000,10000,10000,10000,10000
17820773,글로리어스 GMMK PRO 상판 (WHITE),84000,84000,84000,84000,84000,84000,84000,84000
17847794,글로리어스 GMMK PRO 스위치 보강판 (폴리카보네이트),42530,42530,42530,42530,42530,42530,42530,42530
17847749,글로리어스 GMMK PRO 스위치 보강판 (황동),74000,74000,74000,74000,74000,74000,74000,74000
96056207,글로리어스 GMMK 볼륨 노브 (Arcade Pink),14780,14780,14780,14780,14780,14780,14780,14780
17180996,글로리어스 GMMK2 65% Prebuilt 기계식 키보드 (블랙),169000,169000,169000,169000,169000,169000,169000,169000
17181068,글로리어스 GMMK2 65% Prebuilt 기계식 키보드 (핑크),169000,169000,169000,169000,169000,169000,169000,169000
17181056,글로리어스 GMMK2 65% Prebuilt 기계식 키보드 (화이트),169000,169000,169000,169000,169000,169000,169000,169000
17180168,글로리어스 GMMK2 65% 기계식 커스텀 베어본 (블랙),114000,114000,114000,114000,114000,114000,114000,114000
17179934,글로리어스 GMMK2 65% 기계식 커스텀 베어본 (핑크),101070,101070,101070,101070,101070,101070,101070,101070
17180156,글로리어스 GMMK2 65% 기계식 커스텀 베어본 (화이트),114000,114000,114000,114000,114000,114000,114000,114000
17181218,글로리어스 GMMK2 96% Prebuilt 기계식 키보드 (핑크),169000,169000,169000,169000,169000,169000,169000,169000
17181212,글로리어스 GMMK2 96% Prebuilt 기계식 키보드 (화이트),169000,169000,169000,169000,169000,169000,169000,169000
17180261,글로리어스 GMMK2 96% 기계식 커스텀 베어본 (블랙),114000,114000,114000,114000,114000,114000,114000,114000
17180474,글로리어스 GMMK2 96% 기계식 커스텀 베어본 (핑크),101060,101060,101060,101060,101060,101060,101060,101060
17180462,글로리어스 GMMK2 96% 기계식 커스텀 베어본 (화이트),114000,114000,114000,114000,114000,114000,114000,114000
68535464,글로리어스 GMMK3 HE 100% (블랙),224300,224300,224300,224300,224300,224300,224300,224300
91770710,글로리어스 GMMK3 HE 100% (화이트),224300,224300,224300,224300,224300,224300,224300,224300
67368998,글로리어스 GMMK3 HE 65%,180800,129000,129000,129000,129000,129000,129000,129000
68535437,글로리어스 GMMK3 HE 75%,231190,231190,231190,231190,231190,231190,231190,231190
69466544,글로리어스 GMMK3 PRO HE 65%,269890,199000,199000,199000,199000,199000,199000,199000
67368878,글로리어스 GMMK3 PRO HE 75%,335290,335290,335290,335290,335290,335290,335290,335300
75856772,글로리어스 GPBT Backlit RGB,47900,47900,47900,47900,47900,47900,47900,47900
92189537,글로리어스 GPBT Basics 키캡 세트 (Armor Grey),47900,47900,47900,47900,47900,47900,47900,47900
92189486,글로리어스 GPBT Basics 키캡 세트 (Classic White),47900,47900,47900,47900,47900,47900,47900,47900
92189558,글로리어스 GPBT Basics 키캡 세트 (Epic Purple),47900,47900,47900,47900,47900,47900,47900,47900
92189588,글로리어스 GPBT Basics 키캡 세트 (Mana Blue),47900,47900,47900,44540,44540,44540,44540,44540
92189621,글로리어스 GPBT Basics 키캡 세트 (Potion Pink),47900,47900,47900,47900,47900,47900,47900,47900
92189660,글로리어스 GPBT Basics 키캡 세트 (Revive Red),47900,47900,47900,47900,47900,47900,47900,47900
17840849,글로리어스 GPBT CELESTIAL 키캡 세트 (Fire),139000,139000,139000,139000,139000,139000,139000,139000
17805494,글로리어스 GPBT CELESTIAL 키캡 세트 (ICE),139000,139000,139000,139000,139000,139000,139000,139000
92189936,글로리어스 GPBT Gradient 키캡 세트 (AfterParty),79900,79900,79900,79900,79900,79900,79900,79900
96984215,글로리어스 GPBT Gradient 키캡 세트 (Celestial Fire),76900,76900,76900,71510,71510,71510,71510,71510
96984227,글로리어스 GPBT Gradient 키캡 세트 (Celestial Ice),76900,76900,76900,71510,71510,71510,71510,71510
92189900,글로리어스 GPBT Gradient 키캡 세트 (Daydream),79900,79900,79900,79900,79900,79900,79900,79900
92189993,글로리어스 GPBT Gradient 키캡 세트 (Grapefruit),76900,,,,,,,
96709061,글로리어스 GPBT Gradient 키캡 세트 (Neblua),76900,76900,76900,71510,71510,71510,71510,71510
95930513,글로리어스 GPBT Gradient 키캡 세트 (Ocean),69900,69900,69900,69900,69900,69900,69900,69900
96984239,글로리어스 GPBT Gradient 키캡 세트 (Rainforest),76900,76900,76900,76900,76900,76900,76900,76900
97123706,글로리어스 LYNX HE SILENT 마그네틱 자석축 사전 윤활 스위치 36Pcs,59900,59900,59900,59900,59900,59900,59900,59900
15169571,글로리어스 LYNX 스위치 (36개),14500,14500,14500,14500,14500,14500,14500,14500
73950110,글로리어스 PANDA HE 마그네틱 자석축 사전 윤활 스위치 36Pcs 사일런트,59900,59900,59900,59900,59900,59900,59900,59900
69466853,글로리어스 PANDA HE 마그네틱 자석축 사전 윤활 스위치 36Pcs 스탠다드,59900,59900,59900,59900,59900,59900,59900,59900
15067220,글로리어스 PANDA 스위치 (36개),17450,17450,17450,17450,17450,17450,17450,17450
91770524,글로리어스 POLYCHROMA V2 RGB 키캡 세트,46700,46700,46700,46700,46700,46700,46700,46700
17848106,글로리어스 스위치 윤활 키트,109000,109000,109000,109000,109000,109000,109000,109000
17820932,글로리어스 키보드 클리닝 키트,15900,15900,15900,14780,14780,14780,14780,14780
17848028,글로리어스 키캡 리무버,16900,16900,16900,16900,16900,16900,16900,16900
64376054,긱쉐어 게이밍냥 팜레스트,18590,18590,18590,18590,18590,18590,18590,18590
64376096,긱쉐어 러블리몽몽 팜레스트,19790,19790,19790,19790,19790,19790,19790,19790
64376069,긱쉐어 스타윙 팜레스트,18590,18590,18590,18590,18590,18590,18590,18590
20573444,내셔널지오그래픽 NGM-BWK 무선 블루투스 (블랙),39900,39900,39900,39900,39900,39900,39900,39900
20573486,내셔널지오그래픽 NGM-BWK 무선 블루투스 (화이트),39900,39900,39900,39900,39900,39900,39900,39900
62635316,노마지니 키캡 리무버 양면형,950,950,950,950,950,950,950,950
62635313,노마지니 키캡 리무버 일반형,950,950,950,950,950,950,950,950
97406477,노브랜드 K708,14510,14510,14510,14510,14510,14510,14510,14510
99320801,다얼유 A104 MASTER 8K 유무선 기계식 레트로베이지 (라떼축),109000,139000,139000,139000,139000,139000,139000,139000
99320789,다얼유 A104 MASTER 8K 유무선 기계식 레트로베이지 (저소음 머스타드축),109000,109000,109000,109000,109000,109000,109000,109000
100695380,다얼유 A104 MASTER 8K 유무선 기계식 망고캣 (라떼축),109000,,,,,,,
100695383,다얼유 A104 MASTER 8K 유무선 기계식 망고캣 (저소음 머스타드축),109000,,,,,,,
100695359,다얼유 A104 MASTER 8K 유무선 기계식 서울 (라떼축),109000,,,,,,,
100695356,다얼유 A104 MASTER 8K 유무선 기계식 서울 (저소음 머스타드축),109000,,,,,,,
99320777,다얼유 A104 MASTER 8K 유무선 기계식 아이스블루 (라떼축),109000,139000,139000,139000,139000,139000,139000,139000
99320786,다얼유 A104 MASTER 8K 유무선 기계식 아이스블루 (저소음 머스타드축),109000,,,,,,,
99320825,다얼유 A104 MASTER 8K 유무선 기계식 알루비얼골드 (라떼축),109000,139000,139000,139000,139000,139000,139000,139000
99320831,다얼유 A104 MASTER 8K 유무선 기계식 알루비얼골드 (저소음 머스타드축),109000,109000,109000,109000,109000,109000,109000,109000
123669232,다얼유 A104 PRO 8K V2 기계식 레트로베이지 (라떼축),109000,109000,109000,109000,109000,109000,109000,109000
123669229,다얼유 A104 PRO 8K V2 기계식 레트로베이지 (저소음 머스타드축),109000,109000,109000,109000,109000,109000,109000,109000
123669240,다얼유 A104 PRO 8K V2 기계식 아이스블루 (라떼축),109000,109000,109000,109000,109000,109000,109000,109000
123669239,다얼유 A104 PRO 8K V2 기계식 아이스블루 (저소음 머스타드축),109000,109000,109000,109000,109000,109000,109000,109000
123669247,다얼유 A104 PRO 8K V2 기계식 알루비얼골드 (라떼축),109000,109000,109000,109000,109000,109000,109000,109000
123669245,다얼유 A104 PRO 8K V2 기계식 알루비얼골드 (저소음 머스타드축),109000,109000,109000,109000,109000,109000,109000,109000
21686678,다얼유 A104 PRO 유무선 기계식 (스모키블루),202300,202300,202300,202300,202300,202300,202300,202300
99320882,다얼유 A75 HE,149000,149000,149000,149000,149000,149000,149000,149000
100696358,다얼유 A87 MASTER 8K 유무선 기계식 레트로베이지 (라떼축),98990,98990,98990,98990,98990,98990,98990,98990
100696361,다얼유 A87 MASTER 8K 유무선 기계식 레트로베이지 (저소음 머스타드축),98990,98990,98990,98990,98990,98990,98990,98990
100696379,다얼유 A87 MASTER 8K 유무선 기계식 망고캣 (라떼축),99000,99000,99000,99000,99000,99000,99000,99000
100696385,다얼유 A87 MASTER 8K 유무선 기계식 망고캣 (저소음 머스타드축),95040,95040,95040,95040,95040,95040,95040,95040
100696397,다얼유 A87 MASTER 8K 유무선 기계식 아이스블루 (라떼축),99000,99000,99000,99000,99000,99000,99000,99000
100696394,다얼유 A87 MASTER 8K 유무선 기계식 아이스블루 (저소음 머스타드축),98990,98990,98990,98990,98990,98990,98990,98990
100696373,다얼유 A87 MASTER 8K 유무선 기계식 알루비얼골드 (라떼축),99000,99000,99000,99000,99000,99000,99000,99000
100696367,다얼유 A87 MASTER 8K 유무선 기계식 알루비얼골드 (저소음 머스타드축),98990,98990,98990,98990,98990,98990,98990,98990
60166250,다얼유 A87 PRO 8K 기계식 레트로베이지 (저소음 머스타드축),119000,119000,119000,119000,119000,119000,119000,119000
95987459,다얼유 COOL60 (블랙),49000,49000,49000,49000,49000,49000,49000,49000
95987462,다얼유 COOL60 (화이트),49000,49000,49000,49000,49000,49000,74600,72570
100696529,다얼유 COOL68 8K (블랙),64990,64990,64990,64990,64990,64990,64990,64990
123693854,다얼유 COOL68 8K (오션블루),64990,64990,64990,64990,64990,64990,64990,64990
123693850,다얼유 COOL68 8K (체리블라썸),64990,64990,64990,64990,64990,64990,64990,64990
97120490,다얼유 COOL68 해외구매,55100,55100,55100,56890,56890,56890,56890,56890
6713884,다얼유 DK750 광축 완전방수 축교환 게이밍 키보드 한글이중사출 (레드),29800,29800,29800,29800,29800,29800,29800,29800
94080860,다얼유 EK106 PRO 8K 기계식 블랙 (저소음 마쉬멜로축),74990,74990,74990,74990,74990,74990,74990,74990
77380730,다얼유 EK106 PRO 8K 기계식 블랙 (클라우드축),68990,68990,68990,68990,68990,68990,68990,68990
94080890,다얼유 EK106 PRO 8K 기계식 스모키그레이 (저소음 마쉬멜로축),74990,74990,74990,66000,66000,69000,69000,69000
94080884,다얼유 EK106 PRO 8K 기계식 스모키그레이 (저소음 머스타드축),55000,55000,55000,55000,55000,55000,55000,55000
94080893,다얼유 EK106 PRO 8K 기계식 스모키그레이 (클라우드축),68950,68990,68990,64000,64000,64000,64000,64000
94080869,다얼유 EK106 PRO 8K 기계식 화이트 (저소음 마쉬멜로축),74990,74990,74990,74990,74990,74990,74990,74990
77380745,다얼유 EK106 PRO 8K 기계식 화이트 (클라우드축),68990,66440,66440,65940,65940,65940,65940,65940
78983804,다얼유 EK106 PRO 유무선 기계식 블랙 (클라우드축),64000,,,,,,,
78983837,다얼유 EK106 PRO 유무선 기계식 스모키 (클라우드축),69000,69000,69000,69000,69000,69000,69000,69000
99320939,다얼유 EK106 PRO 유무선 기계식 화이트 (저소음 마쉬멜로축),70000,75000,75000,75000,75000,75000,75000,75000
76073543,다얼유 EK106 PRO 유무선 기계식 화이트 (클라우드축),64000,69000,69000,69000,69000,69000,69000,69000
94081262,다얼유 EK106 RT 8K (레트로베이지),65000,65000,65000,65000,65000,65000,65000,65000
94081307,다얼유 EK106 RT 8K (스모키그레이),65000,65000,65000,65000,65000,65000,65000,65000
94081289,다얼유 EK106 RT 8K (아이스블루),65000,65000,65000,65000,65000,65000,65000,65000
94081271,다얼유 EK106 RT 8K (화이트),65000,65000,65000,65000,65000,65000,65000,65000
73948385,다얼유 EK108RT,99000,99000,99000,99000,99000,99000,99000,99000
89526482,다얼유 EK21 유무선 기계식 레트로베이지 (저소음 머스타드축),51000,51000,51000,51000,51000,51000,51000,51000
89526407,다얼유 EK21 유무선 기계식 레트로베이지 (클라우드축),49000,49000,49000,49000,49000,49000,49000,49000
75536264,다얼유 EK21 유무선 기계식 아이스블루 (저소음 머스타드축),51000,51000,51000,51000,51000,51000,51000,51000
75536267,다얼유 EK21 유무선 기계식 아이스블루 (클라우드축),49000,49000,49000,49000,49000,49000,49000,49000
89526494,다얼유 EK21 유무선 기계식 알루비얼골드 (저소음 머스타드축),51000,51000,51000,51000,51000,51000,51000,51000
89526194,다얼유 EK21 유무선 기계식 알루비얼골드 (클라우드축),49000,49000,49000,49000,49000,49000,49000,49000
60146189,다얼유 EK75 RT (해외구매),98470,98470,98470,102750,102750,102750,102750,102750
73950530,다얼유 EK75 RT 8K (블랙),228680,228680,228680,228680,228680,228680,228680,228680
94445606,다얼유 EK87 PRO 8K 기계식 블랙 (저소음 마쉬멜로축),63990,63990,63990,63990,63990,63990,63990,63990
78531191,다얼유 EK87 PRO 8K 기계식 블랙 (클라우드축),58990,58990,58990,58990,58990,58990,58990,58990
94445657,다얼유 EK87 PRO 8K 기계식 스모키그레이 (클라우드축),76910,76910,76910,76910,76910,76910,76910,76910
94445618,다얼유 EK87 PRO 8K 기계식 화이트 (저소음 마쉬멜로축),61490,61490,63990,63990,60990,63990,63990,63990
76463309,다얼유 EK87 PRO 8K 기계식 화이트 (클라우드축),56490,56490,58990,58990,55990,58990,58990,58990
78983663,다얼유 EK87 PRO 유무선 기계식 민트 (클라우드축),59000,59000,59000,59000,59000,59000,59000,59000
78983732,다얼유 EK87 PRO 유무선 기계식 블랙 (저소음 머스타드축),59000,59000,59000,59000,59000,59000,59000,59000
78983645,다얼유 EK87 PRO 유무선 기계식 블랙 (클라우드축),59000,59000,59000,59000,59000,59000,59000,59000
63030257,다얼유 EK87 PRO 유무선 기계식 화이트 (클라우드축),84870,84870,84870,84870,84870,84870,84870,84870
94081058,다얼유 EK87 RT 8K (레트로베이지),99000,99000,99000,99000,99000,99000,99000,99000
94081073,다얼유 EK87 RT 8K (스모키그레이),81030,81030,81030,81030,81030,81030,81030,81110
94081079,다얼유 EK87 RT 8K (아이스블루),81030,81030,81030,81030,81070,81090,81110,81110
94081094,다얼유 EK87 RT 8K (알루비얼골드),99000,99000,81030,81030,81030,81030,81040,81110
94081115,다얼유 EK87 RT 8K (화이트),99000,99000,99000,99000,99000,99000,99000,99000
58119977,대니하우스 로지텍 K380 키스킨,14480,14480,14480,14480,14480,14480,14480,14480
3812779,대양케이스 LimitDK 3Color 플런져 게이밍 키보드,35040,35040,35040,35040,35040,35040,35040,35040
58026425,데스켓 아크릴 팜레스트 (풀 사이즈),16900,16900,16900,16900,16900,16900,16900,16900
17153258,데이비드테크 엔보우 N패드 네오 무선 블루투스 키보드 (라벤더),31900,31900,31900,31900,31900,31900,31900,31900
16108640,데이비드테크 엔보우 N패드 네오 무선 블루투스 키보드 (블랙),29900,29900,29900,29900,29900,29900,29900,29900
16108730,데이비드테크 엔보우 N패드 네오 무선 블루투스 키보드 (화이트),31900,31900,31900,31900,31900,31900,31900,31900
18020336,데이비드테크 엔보우 N패드 맥스 (블랙),39900,39900,39900,39900,39900,39900,39900,39900
18020273,데이비드테크 엔보우 N패드 맥스 (화이트),39900,39900,39900,39900,39900,39900,39900,39900
94634870,데이비드테크 엔보우 N패드 메이트 무선,19900,19900,19900,19900,19900,19900,19900,19900
35806649,데이비드테크 엔보우 N패드 플립 (블랙),39900,39900,39900,39900,39900,39900,39900,39900
20333867,데이비드테크 엔보우 블루투스 키보드 N패드 라이트 (민트),31660,31660,31660,31660,31660,31660,31660,31660
6554377,데이비드테크 엔보우 블루투스 키보드 N패드 라이트 (블랙),15900,15900,15900,15900,15900,15900,15900,15900
6554391,데이비드테크 엔보우 블루투스 키보드 N패드 라이트 (실버),31660,31660,31660,31660,31660,31660,31660,31660
20333858,데이비드테크 엔보우 블루투스 키보드 N패드 라이트 (핑크),31660,31660,31660,31660,31660,31660,31660,31660
13508087,데이비드테크 엔보우 블루투스 키보드 N패드 프로,19900,19900,19900,19900,19900,19900,19900,19900
6366534,데이비드테크 엔보우 접이식 블루투스 키보드 N패드 (블랙),26900,26900,26900,26900,26900,26900,26900,26900
6554342,데이비드테크 엔보우 접이식 블루투스 키보드 N패드 (실버),42830,42830,42830,42830,42830,42830,42830,42830
905519,동진OA IN-600,14500,14500,14500,14500,14500,14500,14500,14500
2261136,동진OA IN-600-2,30260,30260,30920,30920,30920,30920,30920,30920
905540,동진OA IN-603-1,28000,28000,28000,28000,28000,28000,28000,28000
111029754,동진OA IN-603-1(실속일자형),32900,32900,32900,32900,32900,32900,32900,32900
905572,동진OA IN-605-5,32900,32900,32900,32900,32900,32900,32900,32900
905548,동진OA IN-606,46900,46900,46900,46900,46900,46900,46900,46900
2260816,동진가구 DJ-100,19490,19490,19490,19490,19490,19490,19490,19490
2260875,동진가구 DJ-300,23460,23460,23470,23470,23480,23480,23090,23100
57308141,디모어 손목받침대 세트,14310,14310,14310,14310,14310,14310,14310,14310
15208343,디알고 KS-100 로지텍 k860 키보드 전용 키스킨,4240,4240,4240,4240,4240,4240,4240,4240
14593085,디알고 KS-200 로지텍 MX KEYS/CRAFT 키보드 전용 키스킨,2590,2590,2590,2590,2590,2590,2590,2590
16959662,디알고 KS-300 로지텍 CRAFT 전용 키스킨,2680,2680,2680,2680,2680,2680,2680,2680
17542823,디알고 KS-400 로지텍 MX KEYS MX KEYS MINI/FOR MAC 전용 키스킨,2670,2670,2670,2670,2670,2670,2670,2670
15197282,디알고 NP01 블루투스 넘버패드 (실버),27580,27580,29106,28500,28500,28500,28500,28500
17921795,디알고 PR104 팜레스트,10000,10000,10000,10000,10000,10000,10000,10000
122930200,디알고 RK1RGB,25800,25800,25800,25800,25800,25800,25800,25800
54318062,디알고 로지텍 WAVE KEYS 키스킨,3550,3550,3550,3550,3550,3550,3550,3550
15184208,디에스큐브 기계식 키보드 키캡 리무버,1300,1300,1300,1300,1300,1300,1300,1300
4466124,디지클럽 Qnix QMK-2000SU,8660,8660,8660,8660,8660,8660,8660,8660
1720764,디지클럽 Qnix QMK-2000W,10710,10710,10710,10710,10710,10710,10710,10710
5290103,디지클럽 Qnix QMK-3000U,6790,6790,6790,6790,6790,6790,6790,6790
70764815,디지털벤투스 HK-RW367KM 레트로 무선 콤보 (마이멜로디),38540,38540,41000,41000,41000,41000,41000,41000
18230450,디지털벤투스 HK-RW367KM 레트로 무선 콤보 (쿠로미),178470,178470,178470,178470,178470,178470,178470,178470
28469237,디지털벤투스 HK-RW367KM 레트로 무선 키보드 마우스 세트 (시나모롤),41360,41360,44000,44000,44000,44000,44000,44000
29814527,디지털벤투스 HK-RW367KM 레트로 무선 키보드 마우스 세트 (포차코),41360,41360,44000,44000,44000,44000,44000,44000
16747229,디지털벤투스 HK-RW367KM 헬로키티 레트로 무선 콤보,48420,,,,,,,
5182172,디지털벤투스 가스파드앤리사 유선 키보드 GL-KB908,9120,9120,9120,9120,9120,9120,9120,9120
63464114,디지털벤투스 마이멜로디 팜레스트 무선 키보드 마우스 세트,46800,47340,47340,47340,47340,47340,46850,46850
69657695,디지털벤투스 산리오 캐릭터 팜레스트 콤보 키스킨,2360,2360,2360,2360,2360,2360,2360,2360
63423809,디지털벤투스 쿠로미 팜레스트 무선 키보드 마우스 세트,46550,46540,46540,46540,46540,46540,46540,46540
63423812,디지털벤투스 헬로키티 팜레스트 무선 키보드 마우스 세트,46860,47360,47360,47360,47360,47360,47360,47065
63035132,디클 DW03 무선 키보드 마우스 세트,23180,23410,23410,23410,23410,23410,23410,23170
62273822,디프레오 아크릴 팜레스트 (텐키리스),14880,14880,14880,14880,14880,14880,14880,14650
62273783,디프레오 아크릴 팜레스트 (풀배열),16920,16920,16920,16920,16920,16920,16920,16650
20690594,라이노 라이노핏 RBK-1300 무선,33800,33800,33800,33800,33800,33800,33800,33800
1638744,라이트컴 COMS A1579,7650,7650,7650,7650,7650,7650,7650,7650
2626602,라이트컴 COMS A1580,6840,6840,6840,6840,6840,6840,6840,6840
75931841,라이트컴 COMS AB104 무선,31650,31650,31650,31650,31650,31650,31650,31650
75931859,라이트컴 COMS AB105 무선,32460,32460,32460,32460,32460,32460,32460,32460
26078657,라이트컴 COMS AB350 무선,35870,35870,35870,35870,35870,35870,35870,35870
24703760,라이트컴 COMS AB405 무선,15750,15750,15750,15750,15750,15750,15750,15750
26069909,라이트컴 COMS AB406 무선,30600,30600,30600,30600,30600,30600,30600,30600
26070668,라이트컴 COMS AB407 무선,30600,30600,30600,30600,30600,30600,30600,30600
1638726,라이트컴 COMS B-1098B,12540,12670,12680,12670,12670,12670,12670,12680
6400873,라이트컴 COMS BB623 실리콘 롤 키보드,16140,13990,13990,13990,13990,13990,13990,13990
6372853,라이트컴 COMS BB624 실리콘 롤 키보드,12270,12270,12270,12270,12270,12270,12270,12280
18580175,라이트컴 COMS BD211 무선 리모컨 키보드,36990,36990,36990,36990,36990,36990,36990,36990
15828911,라이트컴 COMS BT540 키패드,8500,7300,7300,7300,7300,7300,7300,7300
7575820,라이트컴 COMS BW203 블루투스 키보드,37190,37190,37190,37190,37190,37190,37190,37190
5135254,라이트컴 COMS BW299 블루투스 키보드,21450,21450,21450,21450,21450,21450,21450,21450
1968780,라이트컴 COMS CF452 실리콘 롤 키보드,6820,6820,6820,6820,6820,6790,6710,6790
14872178,라이트컴 COMS DT441 레트로 무선 키보드 마우스 세트,20370,20370,20370,20370,20370,20370,20370,20370
3129873,라이트컴 COMS ITA628,6680,6680,6690,6690,6690,6690,6690,6690
3129846,라이트컴 COMS ITA685,9850,9850,9850,9850,9850,9850,9850,9850
14874008,라이트컴 COMS JD168 유선 키보드,4220,4220,4220,4220,4220,4220,4220,4220
4586522,라이트컴 COMS JD246 LED 게이밍 키보드,14870,14870,14870,14870,14870,14870,14870,14870
1497305,라이트컴 COMS KB3110 USB 실리콘 롤 키보드 블랙,12410,12410,12410,12410,12410,12410,12410,12410
1497314,라이트컴 COMS KB3110 USB 실리콘 롤 키보드 화이트,18340,18340,18340,18340,18340,18340,18340,18340
6376832,라이트컴 COMS KB908 블루투스 키보드,21990,21990,21950,21940,21940,21940,21940,21940
14826716,라이트컴 COMS RT328 무선 터치패드 키보드,33990,33990,33990,33990,33990,33950,33990,34000
5893611,라이트컴 COMS SE174,15840,15200,16290,15200,16290,15200,16290,16290
5893579,라이트컴 COMS SE175,7930,7930,7930,7930,8990,8990,8990,7930
3618697,라이트컴 COMS SE521 블루투스 키보드 & 터치패드,30120,30120,30120,30120,30120,30120,30120,30110
7117069,라이트컴 COMS SK177 무선 키보드 마우스 콤보,17340,17340,17340,17340,17340,17340,17340,17340
18580109,라이트컴 COMS SK351 무선 키보드 마우스 세트,29910,29910,29910,29910,29910,29910,29920,29920
77859101,라이트컴 COMS SM466,9200,9200,9200,9200,9200,9200,9110,9110
2475959,라이트컴 COMS SP404,22310,22310,22310,22310,22310,22310,22310,22310
2475957,라이트컴 COMS SP489,22220,22220,22220,22220,22220,22220,22220,22220
14826242,라이트컴 COMS SPACE WARSHIPS F6 한손 키보드,15400,15400,15400,15400,15400,15400,15400,15400
2463036,라이트컴 COMS SS487,18590,18590,18590,18590,18590,18590,18590,18590
2463040,라이트컴 COMS SS488,23970,24190,24190,24220,24220,24220,24220,24220
78780287,라이트컴 COMS VM245 키보드트레이,18890,18890,18890,18890,18890,18890,18890,18890
5605427,라이트컴 COMS 러시아어 키보드 스티커 (BU155),1000,1010,1010,1010,1010,1010,1010,1010
5605411,라이트컴 COMS 스페인어 키보드 스티커 (BU157),1040,1040,1040,1040,1040,1040,1040,1040
1587481,라이트컴 COMS 실리콘 블루투스 롤 키보드 (CF831),25000,25000,25000,25000,25000,25000,25000,25000
5605421,라이트컴 COMS 아랍어 키보드 스티커 (BU156),1030,1030,1030,1030,1030,1030,1030,1030
5605337,라이트컴 COMS 아랍어 키보드 스티커 (IB712),1100,1100,1100,1100,1100,1100,1100,1100
5605354,라이트컴 COMS 일본어 키보드 스티커 (IB711),1030,1030,1030,1030,1030,1030,1030,1030
5005354,라이트컴 COMS 젤형 키보드 손목보호대 BE895,6490,6490,6490,6490,6490,6490,6490,6490
14874434,라이트컴 COMS 키보드 마우스 손목받침대 (블랙),8240,8240,8240,8240,8240,8240,8240,8160
14874386,라이트컴 COMS 키보드 마우스 손목받침대 (블루),7800,7800,7800,7800,7800,7800,7800,7800
5364172,라이트컴 COMS 키보드 손목보호대,5100,5100,5100,5100,5100,5100,5100,5100
7433902,라이트컴 COMS 키보드 손목보호대 SM471,9790,8500,8470,8470,8470,8470,8270,8270
7415272,라이트컴 COMS 키보드 손목보호대 SM472,7110,7110,7110,7110,7110,7110,7110,7110
3384793,"라이트컴 COMS 한글 키보드 스티커 (블랙, ITA629)",940,940,940,940,940,940,940,940
5605388,"라이트컴 COMS 한글 키보드 스티커 (화이트, IB710)",580,580,580,580,580,580,580,580
123694261,라이트컴 Coms JD237,8420,8420,8420,8420,8420,8420,8420,8420
118977349,라이트컴 Coms 다용도 만능크리너 소 (CK0003) (1개),6256,6256,6450,6450,6450,6450,6450,6450
13618589,라이프썸 LFS-HA39 슬림 블루투스 키보드 (그레이),45900,45900,45900,45900,45900,45900,45900,45900
47488523,라이프썸 LFS-HA39 슬림 블루투스 키보드 (라일락),45900,45900,45900,45900,45900,45900,45900,45900
13618574,라이프썸 LFS-HA39 슬림 블루투스 키보드 (레몬),45900,45900,45900,45900,45900,45900,45900,45900
47488583,라이프썸 LFS-HA39 슬림 블루투스 키보드 (미스트블루),45900,45900,45900,45900,45900,45900,45900,45900
47488538,라이프썸 LFS-HA39 슬림 블루투스 키보드 (베이비코랄),45900,45900,45900,45900,45900,45900,45900,45900
13618604,라이프썸 LFS-HA39 슬림 블루투스 키보드 (블루),45900,45900,45900,45900,45900,45900,45900,45900
57504626,라이프썸 LFS-HA39 슬림 블루투스 키보드 (샌드),45900,45900,45900,45900,45900,45900,45900,45900
47488550,라이프썸 LFS-HA39 슬림 블루투스 키보드 (세이지그린),45900,45900,45900,45900,45900,45900,45900,45900
13618556,라이프썸 LFS-HA39 슬림 블루투스 키보드 (화이트),45900,45900,45900,45900,45900,45900,45900,45900
18153650,라이프썸 LFS-HA43,19900,19900,19900,19900,19900,19900,19900,19900
20606066,라이프썸 LFS-HA51 전용,12900,12900,12900,12900,12900,12900,12900,12900
17362424,라인업시스템 LANSTAR LS-CAP-S 키캡 (실버),5490,5490,5490,5490,5490,5490,5490,5490
118176010,라인업시스템 LANStar LS-CAP-G 키캡 (실버),5800,5800,5800,5800,5800,5800,5800,5800
16267040,러그 WISPY CK9000 슬림 미니 키보드,5870,5870,5870,5870,5870,5870,5870,5870
28618079,러빙 매킨토시 포인트 키캡 2P,8800,8800,8800,8800,8800,8800,8800,8800
17304197,레노버 Essential 무선 키보드 마우스 세트,35000,35000,35000,35000,35000,35000,35000,35000
59749727,레노버 LEGION K310,26000,26000,26000,26000,26000,26000,26000,26000
77785619,레노버 LEGION K510 미니 기계식,78990,78990,78990,73470,73470,73470,73470,73470
15823520,레노버 Numeric Keypad,19000,19000,19000,19000,19000,19000,19000,19000
14287736,레드빈 A25C 무소음 무선 키보드마우스 세트 (블랙),19900,19900,19900,19900,19900,19900,19900,19900
28241423,레드빈 A25C 무소음 무선 키보드마우스 세트 (옐로우),22870,22870,22870,22870,22870,22870,22940,22240
28241402,레드빈 A25C 무소음 무선 키보드마우스 세트 (퍼플),22880,22880,22880,22880,22880,22880,22950,22880
14287739,레드빈 A25C 무소음 무선 키보드마우스 세트 (화이트),19900,19900,19900,19900,19900,19900,19900,19900
97364972,레드빈 더베러 A1 유무선 기계식 딸기마카롱 (라임축),99000,99000,99000,99000,99000,99000,99000,99000
97364879,레드빈 더베러 A1 유무선 기계식 바나나푸딩 (라임축),99000,99000,99000,99000,99000,99000,99000,99000
97364888,레드빈 더베러 A1 유무선 기계식 바나나푸딩 (피치축),99000,99000,99000,99000,99000,99000,99000,99000
97364852,레드빈 더베러 A1 유무선 기계식 블루베리스무디 (라임축),99000,99000,99000,99000,99000,99000,99000,99000
97364861,레드빈 더베러 A1 유무선 기계식 블루베리스무디 (피치축),99000,99000,99000,99000,99000,99000,99000,99000
36789551,레드빈 더베러 A1 유무선 기계식 캐롯베이지 (라임축),99000,99000,99000,99000,99000,99000,99000,99000
36789548,레드빈 더베러 A1 유무선 기계식 캐롯베이지 (피치축),99000,99000,99000,99000,99000,99000,99000,99000
97364645,레드빈 더베러 A1 유무선 기계식 캐롯블랙 (라임축),99000,99000,99000,99000,99000,99000,99000,99000
97364654,레드빈 더베러 A1 유무선 기계식 캐롯블랙 (피치축),99000,99000,99000,99000,99000,99000,99000,99000
115660191,레드빈 더베러 텐키리스 저소음 무선 기계식 키보드 A1 (라임축),107140,107140,107140,107140,107140,107140,107140,103790
122719734,레오닉스 LEO-K1977,4580,4610,4630,4580,4610,4630,4580,4580
99743744,레오폴드 2 in 1 Keycap & Switch Puller,3850,3850,3850,3850,3850,3850,3850,3850
124289432,레오폴드 ALCHEMIE 애쉬 화이트 유무선 기계식 영문 (리니어),,,,,,,,
124289434,레오폴드 ALCHEMIE 애쉬 화이트 유무선 기계식 영문 (저소음 리니어),,,,,,,,
124289421,레오폴드 ALCHEMIE 애쉬 화이트 유무선 기계식 한글 (리니어),213890,213890,213990,213990,213990,213990,214200,214200
124289422,레오폴드 ALCHEMIE 애쉬 화이트 유무선 기계식 한글 (저소음 리니어),217890,217890,217990,217990,217990,217990,218380,224740
122640144,레오폴드 FC220TP 그레이 블루 (레오폴드 리니어),54990,54990,54340,54330,54330,54330,54330,54330
122640146,레오폴드 FC220TP 그레이 블루 (레오폴드 저소음 리니어),54990,54990,54330,54330,54330,54330,54330,54330
122640150,레오폴드 FC220TP 그레이 블루 (카일 저소음 리니어),54990,54990,54330,54330,54330,54330,54330,54330
122640147,레오폴드 FC220TP 그레이 블루 (카일 저소음 택타일),54990,54990,54330,54330,54330,54330,54330,54330
122640377,레오폴드 FC220TP 애쉬 화이트 (레오폴드 리니어),54980,54980,54320,54320,54320,54320,54320,54330
122640381,레오폴드 FC220TP 애쉬 화이트 (레오폴드 저소음 리니어),54990,54990,54330,54330,54330,54330,54330,54330
122640384,레오폴드 FC220TP 애쉬 화이트 (카일 저소음 리니어),54990,54990,54330,54330,54330,54330,54330,54330
122640382,레오폴드 FC220TP 애쉬 화이트 (카일 저소음 택타일),54990,54990,54990,54330,54330,54330,54330,54330
43528958,레오폴드 FC630MBT MX2A 그레이 블루 영문 (저소음 적축),134490,134490,131650,131650,131650,131650,131650,131660
45029837,레오폴드 FC630MBT MX2A 코랄 블루 영문 (갈축),132350,132350,129550,129550,129550,129550,129550,129560
45030449,레오폴드 FC630MBT MX2A 코랄 블루 영문 (저소음 적축),139100,139100,139100,139100,139100,139100,139100,139100
45030800,레오폴드 FC630MBT MX2A 코랄 블루 영문 (적축),152500,152500,152500,152500,152500,152500,152500,152500
43529756,레오폴드 FC630MBT MX2A 코랄 블루 한글 (갈축),152500,152500,152500,152500,152500,152500,152500,152500
43529816,레오폴드 FC630MBT MX2A 코랄 블루 한글 (적축),137160,137160,137160,137160,152500,137160,137160,137160
12762320,레오폴드 FC650MDS PD 화이트 블루 스타 영문 (갈축),112440,112440,112440,112440,112440,112440,112440,112440
12762353,레오폴드 FC650MDS PD 화이트 블루 스타 영문 (백축),115050,115050,115050,115050,115050,115050,115050,115050
12762326,레오폴드 FC650MDS PD 화이트 블루 스타 영문 (저소음 적축),115050,115050,115050,115050,115050,115050,115050,115050
12762308,레오폴드 FC650MDS PD 화이트 블루 스타 영문 (적축),112440,112440,112440,112440,112440,112440,112440,112440
12762302,레오폴드 FC650MDS PD 화이트 블루 스타 영문 (청축),112440,112440,112440,112440,112440,112440,112440,112440
12711803,레오폴드 FC650MDS PD 화이트 블루 스타 한글 (갈축),112440,112440,112440,112440,112440,112440,112440,112440
12711821,레오폴드 FC650MDS PD 화이트 블루 스타 한글 (저소음 적축),111240,111240,111240,111240,111240,111240,111240,111240
12711809,레오폴드 FC650MDS PD 화이트 블루 스타 한글 (적축),112440,112440,112440,112440,112440,112440,112440,112440
12711791,레오폴드 FC650MDS PD 화이트 블루 스타 한글 (청축),112440,112440,112440,112440,112440,112440,112440,112440
5570373,레오폴드 FC660M PD 이색사출 그레이 블루 한글 (청축),106650,106650,106650,106650,106650,106650,106650,106650
10092756,레오폴드 FC660M PD 전용 키스킨,4890,4890,4890,4890,4890,4890,4890,4890
16350569,레오폴드 FC660MBT PD 라이트 핑크 영문 (갈축),124980,124980,122760,122760,122760,122760,122760,122760
16350572,레오폴드 FC660MBT PD 라이트 핑크 영문 (적축),126990,126990,126990,126990,126990,126990,126990,126990
16350566,레오폴드 FC660MBT PD 라이트 핑크 영문 (청축),131310,131310,131310,131310,131310,131310,131310,131310
16350587,레오폴드 FC660MBT PD 라이트 핑크 한글 (적축),131320,131320,131320,131320,131320,131320,131320,131320
16350581,레오폴드 FC660MBT PD 라이트 핑크 한글 (청축),131320,131320,131320,131320,131320,131320,131320,131320
16573205,레오폴드 FC660MBT PD 스웨디시 화이트 영문 (갈축),131320,131320,131320,131320,131320,131320,131320,131320
16573220,레오폴드 FC660MBT PD 스웨디시 화이트 영문 (적축),131320,131320,131320,131320,131320,131320,131320,131320
16573157,레오폴드 FC660MBT PD 스웨디시 화이트 영문 (청축),131320,131320,131320,131320,131320,131320,131320,131320
16573031,레오폴드 FC660MBT PD 스웨디시 화이트 한글 (청축),126990,126990,126990,126990,126990,126990,126990,126990
17293694,레오폴드 FC660MBT PD 전용 실리콘 키스킨,4900,4900,4900,4900,4900,4900,4900,4900
14644859,레오폴드 FC660MBT PD 화이트 그레이 한글 (적축),131320,131320,131320,131320,131320,131320,131320,131320
14644790,레오폴드 FC660MBT PD 화이트 그레이 한글 (청축),131320,131320,131320,131320,131320,131320,131320,131320
15813005,레오폴드 FC660MBT 애쉬 옐로우 한글 (청축),126990,126990,126990,126990,126990,126990,126990,126990
60150647,레오폴드 FC730MBT MX2A 코랄 블루 한글 (갈축),169990,169990,167690,167690,167690,167690,167690,167690
60150671,레오폴드 FC730MBT MX2A 코랄 블루 한글 (저소음 적축),172490,172490,170310,170310,170310,170310,170310,170310
60150665,레오폴드 FC730MBT MX2A 코랄 블루 한글 (적축),192100,192100,192100,192100,192100,192100,192100,192100
10092852,레오폴드 FC750R PD 전용 키스킨,4900,4900,4890,4890,4900,4890,4890,4890
30231368,레오폴드 FC750RBT MX2A 그레이 블루 영문 (적축),197700,197700,197700,197700,197700,197700,197700,197700
30230951,레오폴드 FC750RBT MX2A 그레이 블루 한글 (저소음 적축),273890,273890,273890,273890,273890,273890,273890,273890
30230894,레오폴드 FC750RBT MX2A 그레이 블루 한글 (적축),179700,179700,179700,179700,179700,179700,179700,179700
17111387,레오폴드 FC750RBT PD 그레이 블루 영문 (적축),152340,152340,152340,152340,152340,152340,152340,152340
15353486,레오폴드 FC750RBT PD 그레이 블루 한글 (갈축),227200,227200,227200,227200,227200,227200,227200,227200
17679419,레오폴드 FC750RBT PD 그레이퍼플 영문 (갈축),155610,155610,155610,155610,155610,155610,155610,155610
17679434,레오폴드 FC750RBT PD 그레이퍼플 영문 (적축),155610,155610,155610,155610,155610,155610,155610,155610
17679335,레오폴드 FC750RBT PD 그레이퍼플 한글 (갈축),144990,144990,143150,143150,143150,143150,143150,143160
17679344,레오폴드 FC750RBT PD 그레이퍼플 한글 (적축),147330,147330,147330,147330,147330,147330,147330,147330
17466809,레오폴드 FC750RBT PD 다크블루 영문 (적축),152340,152340,152340,152340,152340,152340,152340,152340
17466794,레오폴드 FC750RBT PD 다크블루 영문 (청축),152330,152330,152330,152330,152330,152330,152330,152330
17466842,레오폴드 FC750RBT PD 다크블루 한글 (갈축),147330,147330,147330,147330,147330,147330,147330,147330
17466848,레오폴드 FC750RBT PD 다크블루 한글 (적축),163700,163700,163700,163700,163700,163700,163700,163700
16537160,레오폴드 FC750RBT PD 라이트 핑크 영문 (청축),152340,152340,152340,152340,152340,152340,152340,152340
16350632,레오폴드 FC750RBT PD 라이트 핑크 한글 (갈축),144980,144970,143140,143140,143140,143140,143140,143150
16350644,레오폴드 FC750RBT PD 라이트 핑크 한글 (저소음 적축),184730,184730,184730,184730,184730,184730,184730,184730
17977157,레오폴드 FC750RBT PD 밀크터쿼이즈 한글 (적축),147330,147330,147330,147330,147330,147330,147330,147330
17977124,레오폴드 FC750RBT PD 밀크터쿼이즈 한글 (청축),152330,152330,152330,152330,152330,152330,152330,152330
16573400,레오폴드 FC750RBT PD 스웨디시 화이트 영문 (적축),152340,152340,152340,152340,152340,152340,152340,152340
57293300,레오폴드 FC750RBT PD 에버 그린 영문 (적축),163700,163700,163700,163700,163700,163700,153790,153790
57293252,레오폴드 FC750RBT PD 에버 그린 한글 (갈축),147330,147330,147330,147330,147330,147330,147330,147330
57293264,레오폴드 FC750RBT PD 에버 그린 한글 (저소음 적축),149580,149580,149580,149580,149580,149580,149580,149580
57293261,레오폴드 FC750RBT PD 에버 그린 한글 (적축),163800,163800,163800,163800,163800,163800,163800,153800
17293664,레오폴드 FC750RBT PD 전용 실리콘 키스킨,4900,4900,4900,4900,4900,4900,4900,4900
96775904,레오폴드 FC750RBT PD 차콜 블루 영문 (갈축),152340,152340,152340,152340,152340,152340,152340,152340
96775928,레오폴드 FC750RBT PD 차콜 블루 영문 (적축),152340,152340,152340,152340,152340,152340,152340,152340
16350779,레오폴드 FC750RBT PD 차콜 블루 한글 (갈축),152330,152330,152330,152330,152330,152330,152330,152330
16350938,레오폴드 FC750RBT PD 차콜 블루 한글 (적축),147330,147330,147330,147330,147330,147330,147330,147330
16093544,레오폴드 FC750RBT PD 화이트 그레이 영문 (적축),152340,152340,152340,152340,152340,152340,152340,152340
16093517,레오폴드 FC750RBT PD 화이트 그레이 영문 (청축),152340,152340,152340,152340,152340,152340,152340,152340
16093451,레오폴드 FC750RBT PD 화이트 그레이 한글 (청축),147330,147330,147330,147330,147330,147330,147330,147330
16574414,레오폴드 FC750RBT PD 화이트 블루스타 영문 (갈축),152340,152340,152340,152340,152340,152340,152340,152340
16574441,레오폴드 FC750RBT PD 화이트 블루스타 영문 (적축),152340,152340,152340,152340,152340,152340,152340,152340
16574369,레오폴드 FC750RBT PD 화이트 블루스타 영문 (청축),216000,216000,216000,216000,216000,216000,216000,216000
16574486,레오폴드 FC750RBT PD 화이트 블루스타 한글 (갈축),216000,216000,216000,216000,216000,216000,216000,216000
16574492,레오폴드 FC750RBT PD 화이트 블루스타 한글 (적축),216000,216000,216000,216000,216000,216000,216000,216000
16574477,레오폴드 FC750RBT PD 화이트 블루스타 한글 (청축),216000,216000,216000,216000,216000,216000,216000,216000
17079878,레오폴드 FC750RBT PD 화이트민트 영문 (갈축),152340,152340,152340,152340,152340,152340,152340,152340
17079884,레오폴드 FC750RBT PD 화이트민트 영문 (적축),152340,152340,152340,152340,152340,152340,152340,152340
17079869,레오폴드 FC750RBT PD 화이트민트 영문 (청축),152340,152340,152340,152340,152340,152340,152340,152340
17079821,레오폴드 FC750RBT PD 화이트민트 한글 (갈축),144990,144990,143140,143140,143140,143140,143140,143140
17079830,레오폴드 FC750RBT PD 화이트민트 한글 (적축),145000,145000,145000,145000,145000,145000,145000,145000
72969770,레오폴드 FC900RBT MX2A 그라파이트 화이트 한글 (청축),177990,177990,176570,176570,176580,176580,176580,176580
96776075,레오폴드 FC900RBT MX2A 올리브 그린 한글 (저소음 적축),183420,183420,183420,183420,183420,183420,183420,183420
16632962,레오폴드 FC900RBT PD 애쉬 옐로우 영문 (갈축),225000,225000,225000,225000,225000,225000,225000,225000
16632968,레오폴드 FC900RBT PD 애쉬 옐로우 영문 (적축),225000,225000,225000,225000,225000,225000,225000,225000
16632959,레오폴드 FC900RBT PD 애쉬 옐로우 영문 (청축),225000,225000,225000,225000,225000,225000,225000,225000
16632980,레오폴드 FC900RBT PD 애쉬 옐로우 영문 (흑축),225000,225000,225000,225000,225000,225000,225000,225000
16632992,레오폴드 FC900RBT PD 애쉬 옐로우 한글 (갈축),225000,225000,225000,225000,225000,225000,225000,225000
16632995,레오폴드 FC900RBT PD 애쉬 옐로우 한글 (적축),225000,225000,225000,225000,225000,225000,225000,225000
16632989,레오폴드 FC900RBT PD 애쉬 옐로우 한글 (청축),225000,225000,225000,225000,225000,225000,225000,225000
16633001,레오폴드 FC900RBT PD 애쉬 옐로우 한글 (흑축),225000,225000,225000,225000,225000,225000,225000,225000
17293616,레오폴드 FC900RBT PD 전용 실리콘 키스킨,4890,4890,4890,4890,4890,4890,4890,4890
16574636,레오폴드 FC900RBT PD 화이트 블루스타 한글 (청축),148860,148860,148860,148860,148860,148860,148860,148860
96853148,레오폴드 FC980MBT PD 그레이 블루 영문 (적축),148860,148860,148860,148860,148860,148860,148860,148860
96853163,레오폴드 FC980MBT PD 그레이 블루 영문 (청축),153920,153920,153920,153920,153920,153920,153920,153920
17293736,레오폴드 FC980MBT PD 전용 실리콘 키스킨,4890,4890,4890,4890,4890,4890,4890,4890
16574849,레오폴드 FC980MBT PD 화이트 블루스타 영문 (갈축),153920,153920,153920,153920,153920,153920,153920,153920
16574858,레오폴드 FC980MBT PD 화이트 블루스타 영문 (적축),153920,153920,153920,153920,153920,153920,153920,153920
16574840,레오폴드 FC980MBT PD 화이트 블루스타 영문 (청축),153920,153920,153920,153920,153920,153920,153920,153920
11647340,레오폴드 LEO-WR-PBK (L),22655,22655,22655,23000,23000,23000,23000,23000
11647295,레오폴드 LEO-WR-PBK (M),21074,21074,21074,21500,21500,21500,21500,21500
11647265,레오폴드 LEO-WR-PBK (S),18974,18974,18820,18820,18820,18820,18820,18820
57293036,레오폴드 NP750RBT PD 그레이 블루 (갈축),144980,144980,143140,143140,143140,143140,143140,143140
57293048,레오폴드 NP750RBT PD 그레이 블루 (저소음 적축),147490,147490,145760,145760,145770,145760,145760,145770
57293042,레오폴드 NP750RBT PD 그레이 블루 (적축),144990,144990,143140,143140,143140,143140,143140,143140
55388462,레오폴드 키보드 러그 (L),14231,14231,14231,14110,14110,14110,14110,14110
55388447,레오폴드 키보드 러그 (M),13704,13704,13590,13590,13590,13590,13590,13590
55388435,레오폴드 키보드 러그 (S),13880,13880,14400,13590,13590,13590,13590,13590
10090557,레오폴드 키보드 파우치 (L),18447,18447,18447,18950,18950,18950,18950,18950
10090551,레오폴드 키보드 파우치 (M),18447,18447,18447,18720,18720,18720,18720,18720
10090533,레오폴드 키보드 파우치 (S),16339,16339,16339,16580,16580,16580,16580,16580
73948943,레토GMS HDI-SC-KB 짱구 무선,59000,59000,59000,59000,59000,59000,59000,59000
95342135,레토GMS HDI-SC-KB-02 짱구 유치원 무선,65000,65000,65000,65000,65000,65000,65000,65000
123682129,로얄클루지 K99 유무선 기계식 (해외구매),66000,66000,66000,66000,66000,66000,66000,66000
77788187,로얄클루지 M75 유무선 기계식 해외구매,172380,172410,172450,172450,172350,165570,172360,172450
106767107,로얄클루지 R87 PRO,84900,84900,84900,84900,84900,84900,84900,84900
103414745,로얄클루지 RK-S98 유무선 기계식,149000,149000,149000,149000,149000,149000,149000,149000
72671417,로얄클루지 RK61 체리 키보드 해외구매,40130,40130,40130,39800,39800,39800,39800,38450
18622664,로얄클루지 RK925 (해외구매),119000,119000,119000,119000,119000,119000,119000,119000
16748669,로얄클루지 RK987 RGB 기계식 텐키리스 키보드 (청축),39900,39900,39900,39900,39900,39900,39900,39900
77787494,로얄클루지 S98 유무선 기계식 (해외구매),147600,147600,147600,147600,147600,147600,147600,147600
91038722,로지텍 ALTO KEYS K75M (해외구매),79620,79620,79620,79620,78575,78537,79620,79620
91038650,로지텍 ALTO KEYS K98M (해외구매),80695,80695,80695,80695,80695,80695,80695,80695
97361648,로지텍 ALTO KEYS K98M 무선 기계식 (정품) (그라파이트),129000,129000,129000,129000,129000,129000,129000,129000
97361651,로지텍 ALTO KEYS K98M 무선 기계식 (정품) (라일락),128990,128990,128990,128990,129000,129000,129000,128990
97361657,로지텍 ALTO KEYS K98M 무선 기계식 (정품) (오프화이트),128990,128990,129000,129000,129000,129000,129000,129000
122667854,로지텍 ALTO KEYS K98M 스위치 98Pcs (모찌축),54900,54900,54900,54900,54900,54900,54900,54900
122667843,로지텍 ALTO KEYS K98M 스위치 98Pcs (젤리축),54900,54900,54900,54900,54900,54900,54900,54900
122667848,로지텍 ALTO KEYS K98M 스위치 98Pcs (캔디축),54900,54900,54900,54900,54900,54900,54900,54900
122667845,로지텍 ALTO KEYS K98M 스위치 98Pcs (크림축),54900,54900,54900,54900,54900,54900,54900,54900
91038773,로지텍 ALTO KEYS K98S (해외구매),108100,108100,108100,108100,108100,108100,108100,108100
14712623,로지텍 ERGO K860 (병행수입),158990,158990,151050,151050,151050,151050,151050,151050
13479911,로지텍 ERGO K860 (정품),186710,186710,186000,176700,176700,176700,176700,176700
18630698,로지텍 ERGO K860 + LIFT (그라파이트),274340,274340,274340,274340,274340,274340,274340,274340
18630707,로지텍 ERGO K860 + LIFT (로즈핑크),274340,274340,274340,274340,274340,274340,274340,274340
18630701,로지텍 ERGO K860 + LIFT (페일그레이),274020,274100,274120,274220,274240,274340,274360,274440
13717385,로지텍 ERGO K860 + MX VERTICAL,316190,316190,316190,316190,316190,316190,316190,316190
18827300,로지텍 ERGO K860 전용,2490,2490,2490,2490,2490,2490,2490,2490
100452341,로지텍 G PRO 2 LIGHTSPEED + PRO X TKL RAPID 키보드 마우스 세트 (블랙),396050,396050,396050,396050,396050,396050,396050,396050
100452368,로지텍 G PRO 2 LIGHTSPEED + PRO X TKL RAPID 키보드 마우스 세트 (화이트),396050,396050,396050,396050,396050,396050,396050,396050
17095721,로지텍 G PRO GX Blue (정품),149000,149000,149000,141550,141550,141550,141550,141550
17466719,로지텍 G PRO GX Blue (해외구매),98900,98900,98900,98900,98900,98900,98900,98900
15905126,로지텍 G PRO LoL 에디션 기계식 키보드,164400,164400,164400,164400,164400,164400,161940,161940
49137698,로지텍 G PRO X 60 LIGHTSPEED 블랙 (정품) (리니어),258670,258670,258670,251060,251060,251060,258670,258670
94450271,로지텍 G PRO X 60 LIGHTSPEED 블랙 (정품) (택타일),215000,215000,215000,215000,215000,215000,215000,215000
94450376,로지텍 G PRO X 60 LIGHTSPEED 핑크 (정품) (택타일),253100,253100,253100,253100,253100,253100,253100,253100
94450307,로지텍 G PRO X 60 LIGHTSPEED 화이트 (정품) (리니어),235090,235090,235090,235090,235090,235090,235090,235090
94450355,로지텍 G PRO X 60 LIGHTSPEED 화이트 (정품) (택타일),215000,215000,215000,215000,215000,215000,215000,215000
100452227,로지텍 G PRO X SUPERLIGHT 2 + PRO X TKL RAPID 키보드 마우스 세트 (블랙),431980,431980,431980,431980,431980,431980,431980,431980
100452218,로지텍 G PRO X SUPERLIGHT 2 + PRO X TKL RAPID 키보드 마우스 세트 (핑크),431980,431980,431980,431980,431980,431980,431980,431980
100452140,로지텍 G PRO X SUPERLIGHT 2 + PRO X TKL RAPID 키보드 마우스 세트 (화이트),431980,431980,431980,431980,431980,431980,431980,431980
100451903,로지텍 G PRO X SUPERLIGHT 2 DEX + PRO X TKL RAPID 키보드 마우스 세트 (블랙),431980,431980,431980,431980,431980,431980,431980,431980
100451912,로지텍 G PRO X SUPERLIGHT 2 DEX + PRO X TKL RAPID 키보드 마우스 세트 (핑크),431980,431980,431980,431980,431980,431980,431980,431980
100451915,로지텍 G PRO X SUPERLIGHT 2 DEX + PRO X TKL RAPID 키보드 마우스 세트 (화이트),431980,431980,431980,431980,431980,431980,431980,431980
122708008,로지텍 G PRO X SUPERLIGHT 2c + PRO X TKL LIGHTSPEED 키보드 마우스 세트,449000,449000,449000,449000,449000,449000,449000,449000
99712526,로지텍 G PRO X SUPERLIGHT 2c + PRO X TKL RAPID 키보드 마우스 세트 (블랙),431980,431980,431980,431980,431980,431980,431980,431980
100449998,로지텍 G PRO X SUPERLIGHT 2c + PRO X TKL RAPID 키보드 마우스 세트 (핑크),434490,434490,434490,434510,434510,434510,434510,434510
100450025,로지텍 G PRO X SUPERLIGHT 2c + PRO X TKL RAPID 키보드 마우스 세트 (화이트),440540,440540,440540,440540,440540,440540,440540,440540
122688579,로지텍 G PRO X TKL (병행수입),278990,278990,278990,278990,278990,278990,278990,278990
31643681,로지텍 G PRO X TKL (정품) (블랙),236720,255550,268990,228650,228650,228650,228650,228650
31643711,로지텍 G PRO X TKL (정품) (핑크),236720,255550,268990,228650,228650,228650,228650,228650
28365206,로지텍 G PRO X TKL (정품) (화이트),236720,255550,258240,228650,228650,228650,228650,228650
122688458,로지텍 G PRO X TKL RAPID (병행수입),249990,249990,239220,239220,249990,249990,249990,249990
72718469,로지텍 G PRO X TKL RAPID (정품) (블랙),209000,188100,188100,243560,243560,243560,243560,243560
79791431,로지텍 G PRO X TKL RAPID (정품) (핑크),243560,243560,243560,243560,243560,243560,243560,243560
79791440,로지텍 G PRO X TKL RAPID (정품) (화이트),209000,188100,209000,243560,243560,243560,243560,243560
124326056,로지텍 G304 X SUPERLIGHT + G316 X 98 + G325 키보드 마우스 헤드셋 세트,303450,303450,303450,303450,303450,303450,303450,303450
122716995,로지텍 G304 X SUPERLIGHT + G316 X 98 키보드 마우스 세트,202300,202300,202300,202300,202300,202300,202300,202300
7615603,로지텍 G310 ATLAS DAWN (해외구매),231400,231400,231400,231400,231400,231400,231400,231400
124326027,로지텍 G316 X 75 + G304 X SUPERLIGHT 키보드 마우스 세트,176800,176800,176800,176800,176800,176800,176800,176800
124326044,로지텍 G316 X 75 +G304 X SUPERLIGHT + G325 키보드 마우스 헤드셋 세트,277950,277950,277950,277950,277950,277950,277950,277950
124326011,로지텍 G316 X 75 라일락 (갈축),99000,99000,99000,99000,99000,99000,99000,99000
124326013,로지텍 G316 X 75 라일락 (적축),99000,99000,99000,99000,99000,99000,99000,99000
124326006,로지텍 G316 X 75 블랙 (갈축),99000,99000,99000,99000,99000,99000,99000,99000
124326008,로지텍 G316 X 75 블랙 (적축),99000,99000,99000,99000,99000,99000,99000,99000
124326009,로지텍 G316 X 75 화이트 (갈축),99000,99000,99000,99000,99000,99000,99000,99000
124326010,로지텍 G316 X 75 화이트 (적축),99000,99000,99000,99000,99000,99000,99000,99000
124325994,로지텍 G316 X 98 라일락 (갈축),129000,129000,129000,129000,129000,129000,129000,129000
124325996,로지텍 G316 X 98 라일락 (적축),129000,129000,129000,129000,129000,129000,129000,129000
122716969,로지텍 G316 X 98 블랙 (갈축),128990,128990,128990,127710,127710,127710,127710,127710
122716970,로지텍 G316 X 98 블랙 (적축),128980,126800,128980,127710,127710,127710,127710,127710
122716967,로지텍 G316 X 98 화이트 (갈축),128990,128990,128990,127710,127710,127710,127710,127710
122716968,로지텍 G316 X 98 화이트 (적축),128990,128990,128990,127710,127710,127710,127710,127710
5641826,로지텍 G413 (병행수입),159000,159000,159000,159000,159000,159000,159000,159000
97565825,로지텍 G413 SE + G102 키보드 마우스 세트,111560,111560,111560,111560,95000,95000,95000,95000
122707954,로지텍 G413 SE + G102 키보드 마우스 세트 토이스토리 에디션 (레트로),144510,140060,140060,140060,140060,140060,140060,140060
122705193,로지텍 G413 SE + G102 키보드 마우스 세트 토이스토리 에디션 (버즈),129000,129000,129000,129000,109000,109000,109000,109000
97565840,로지텍 G413 TKL SE + G102 키보드 마우스 세트,100840,101910,101910,101910,101910,101910,101910,101910
121951834,로지텍 G413 전용 키스킨,8730,8730,8730,8730,8730,8730,8730,8510
6086866,로지텍 G512 CARBON RGB (정품) (넌클릭),129000,129000,129000,129000,129000,129000,129000,129000
6086876,로지텍 G512 CARBON RGB (정품) (리니어),129000,129000,129000,129000,129000,129000,129000,129000
15861905,로지텍 G512 GX Blue 기계식 게이밍 키보드 (정품) (청축),121260,121260,116100,116100,116100,116100,116100,116100
15861914,로지텍 G512 GX Brown 기계식 게이밍 키보드 (정품) (갈축),140800,140800,143490,143480,143480,143480,143490,143490
15861926,로지텍 G512 GX Red 기계식 게이밍 키보드 (정품) (적축),115980,115980,115980,115980,115980,115980,115980,115980
122666813,로지텍 G512 X 75 블랙 (정품) (갈축),249000,249000,249000,249000,249000,249000,249000,249000
122666811,로지텍 G512 X 75 블랙 (정품) (적축),249000,249000,249000,249000,249000,249000,249000,249000
122666834,로지텍 G512 X 75 팜레스트,49000,49000,49000,48510,48510,48510,48510,48510
122666804,로지텍 G512 X 75 화이트 (정품) (갈축),249000,249000,249000,249000,249000,249000,249000,249000
122666802,로지텍 G512 X 75 화이트 (정품) (적축),249000,249000,249000,249000,249000,249000,249000,249000
122666773,로지텍 G512 X 98 블랙 (정품) (갈축),289000,289000,289000,289000,289000,289000,289000,289000
122666766,로지텍 G512 X 98 블랙 (정품) (적축),289000,289000,289000,286110,286110,286110,286110,286110
122666868,로지텍 G512 X 98 팜레스트,59000,59000,59000,58410,58410,58410,58410,58410
122666781,로지텍 G512 X 98 화이트 (정품) (갈축),289000,289000,289000,289000,289000,289000,289000,289000
122666779,로지텍 G512 X 98 화이트 (정품) (적축),289000,289000,289000,289000,289000,289000,289000,289000
122688442,로지텍 G515 LIGHTSPEED TKL (병행수입),162890,162890,162890,162890,162890,162890,162890,162890
59928836,로지텍 G515 LIGHTSPEED TKL (정품) (블랙),139000,139000,139000,139000,109000,109000,109000,109000
59928845,로지텍 G515 LIGHTSPEED TKL (정품) (화이트),139000,139000,139000,139000,109000,109000,109000,109000
122688449,로지텍 G515 RAPID TKL (병행수입),199000,199000,199000,199000,199000,199000,199000,199000
99051785,로지텍 G515 RAPID TKL (정품) (블랙),159000,159000,159000,159000,129000,129000,129000,129000
99051800,로지텍 G515 RAPID TKL (정품) (화이트),159000,159000,159000,159000,129000,129000,129000,159000
71010206,로지텍 G515 TKL (정품),119000,119000,119000,119000,119000,119000,119000,119000
7709077,로지텍 G613 LIGHTSPEED (병행수입),168420,153420,160920,160920,168420,153420,158420,160920
122688583,로지텍 G713 TKL 오로라 컬렉션 (병행수입),238990,178760,178760,178790,178820,178820,179000,249990
17658773,로지텍 G713 TKL 오로라 컬렉션 (정품) (리니어),199000,,,,,,,
17640461,로지텍 G713 TKL 오로라 컬렉션 (정품) (택타일),199000,,,,,,,
17658797,로지텍 G715 TKL 무선 오로라 컬렉션 (정품) (리니어),248990,265000,265000,265000,265000,265000,265000,265000
17640476,로지텍 G715 TKL 무선 오로라 컬렉션 (정품) (택타일),246440,246440,246440,246440,246440,246440,246440,246440
18963245,로지텍 G715 TKL 무선 오로라 컬렉션 (해외구매),260000,260000,260000,260000,260000,260000,260000,260000
15950636,로지텍 G913 (병행수입),257990,257990,257990,257990,257990,257990,257990,257990
17400437,로지텍 G913 TKL (병행수입),246990,246990,246990,246990,246990,246990,246990,246990
11816080,"로지텍 G913 TKL (정품) (블랙, 리니어)",224490,224490,224490,224490,224490,224490,224490,224490
11816086,"로지텍 G913 TKL (정품) (블랙, 클릭키)",299000,299000,299000,299000,299000,299000,299000,299000
11662541,"로지텍 G913 TKL (정품) (블랙, 택타일)",298990,298990,298990,298990,298990,298990,298990,298990
13069478,"로지텍 G913 TKL (정품) (화이트, 택타일)",299000,299000,299000,299000,299000,299000,299000,299000
15318263,로지텍 G913 TKL (해외구매),165510,165510,165510,172710,172710,172710,172710,176310
110390428,로지텍 G913 Wireless TKL (병행수입),246990,246990,246990,246990,246990,246990,246990,246990
122688575,로지텍 G915 X LIGHTSPEED (병행수입),299000,298990,298990,298950,298990,298990,298990,298990
124033285,로지텍 G915 X LIGHTSPEED TKL (병행수입),264980,264980,264980,264980,264980,264980,298990,298990
93631886,로지텍 G915 X LIGHTSPEED TKL 블랙 (정품) (갈축),279000,279000,229000,229000,229000,229000,229000,276210
68297291,로지텍 G915 X LIGHTSPEED TKL 블랙 (정품) (적축),262260,265050,259470,259470,259470,259470,259470,259470
93631880,로지텍 G915 X LIGHTSPEED TKL 블랙 (정품) (청축),279000,279000,229000,229000,229000,229000,229000,276210
93631901,로지텍 G915 X LIGHTSPEED TKL 화이트 (정품) (갈축),279000,279000,279000,276210,276210,276210,276210,276210
68297279,로지텍 G915 X LIGHTSPEED 블랙 (정품) (리니어),279000,279000,279000,278070,278070,278070,278070,278070
94450421,로지텍 G915 X LIGHTSPEED 블랙 (정품) (클릭),279000,279000,279000,279000,279000,279000,279000,199000
94450691,로지텍 G915 X LIGHTSPEED 블랙 (정품) (택타일),279000,279000,279000,279000,259000,259000,259000,259000
94450751,로지텍 G915 X LIGHTSPEED 화이트 (정품),279000,279000,279000,279000,259000,259000,259000,259000
1581155,로지텍 K100 New (정품),18050,18050,18050,18050,18050,18050,18050,18050
110703231,로지텍 K100 전용 키스킨,3710,3710,3710,3710,3710,3710,3710,3710
1725597,로지텍 K120 + B100 (정품),17850,17850,17850,17850,17880,17880,17880,17880
13729361,로지텍 K120 New (병행수입),12900,12900,12900,12900,12900,12900,12900,12900
21201353,로지텍 K120 New (비공식유통),16000,16000,16000,16000,16000,16000,16000,16000
1581153,로지텍 K120 New (정품),11980,11980,11980,11980,11980,11980,11980,11980
90438299,로지텍 K120 New + G102,34960,35760,35760,35760,35760,35760,34960,34960
5942386,로지텍 K120 New + M100R 블랙 (정품),21520,21520,21520,21060,21060,21060,21060,21060
5942390,로지텍 K120 New + M100R 화이트 (정품),21050,21050,21050,21050,21050,21050,21050,21050
1992976,로지텍 K120 New + M90 (정품),18800,18720,18990,17820,17820,17820,17820,17820
13730018,로지텍 K120 New 키스킨,1690,1690,1690,1690,1690,1690,1690,1690
120777826,로지텍 K120 전용 키스킨,2490,2490,2490,2490,2490,2490,2490,2490
6396595,로지텍 K240 NANO 카카오 에디션 (정품),18500,18500,18500,18500,18500,18500,18500,18500
1433300,로지텍 K270 (정품),27800,27800,27800,27800,27800,27800,27800,27810
8023042,로지텍 K270 (해외구매),116400,116400,116400,116400,116400,116400,116400,116400
5723085,로지텍 K270 + M170 (정품),40230,40660,40660,40660,40660,40660,40660,40660
5723099,로지텍 K270 + M185 (정품),44650,44650,44050,44050,44050,44050,44060,44060
3354146,로지텍 K270 / MK270R / MK260R 전용 키스킨,1490,1490,1490,1490,1490,1490,1490,1490
13499735,로지텍 K345 전용 키스킨,1490,1490,1490,1490,1490,1490,1490,1490
9633489,로지텍 K375s 전용 키스킨,1810,1810,1810,1810,1810,1810,1810,1810
5418467,로지텍 K380 (병행수입),29900,29900,29900,29900,29900,29900,29900,29900
15890063,로지텍 K380 (비공식유통),66240,66240,64770,66240,66240,66240,66240,64110
4889195,로지텍 K380 전용 키스킨,900,900,900,900,900,900,900,900
3427959,로지텍 K380 키스킨미포함 (정품) (그레이),35990,35990,35990,35990,35990,35990,35990,35990
13805915,로지텍 K380 키스킨미포함 (정품) (핑크),36500,36500,36500,36500,36500,36500,36500,36500
13805981,로지텍 K380 키스킨미포함 (정품) (화이트),36500,36500,36500,36500,36500,36500,36500,36500
5347701,로지텍 K380 키스킨포함 (정품) (그레이),39500,39500,39500,39500,39500,39500,39500,39500
11784772,로지텍 K380 한영 전용 키스킨 (그리데언트 그린),4500,4500,4500,4500,4500,4500,4500,4500
11784796,로지텍 K380 한영 전용 키스킨 (그리데언트 민트),4500,4500,4500,4500,4500,4500,4500,4500
11784760,로지텍 K380 한영 전용 키스킨 (그리데언트 핑크),3840,3840,3840,3840,3840,3840,3840,3840
11784745,로지텍 K380 한영 전용 키스킨 (블랙),3500,3500,3500,3500,3500,3500,3500,3500
11784730,로지텍 K380 한영 전용 키스킨 (실버),3500,3500,3500,3500,3500,3500,3500,3500
11784670,로지텍 K380 한영 전용 키스킨 (투명),2500,2500,2500,2500,2500,2500,2500,2500
11784868,로지텍 K380 한영 전용 키스킨 (판타스틱 민트),3840,3840,3840,3840,3840,3840,3840,3840
11784817,로지텍 K380 한영 전용 키스킨 (판타스틱 블랙),4500,4500,4500,4500,4500,4500,4500,4500
11784886,로지텍 K380 한영 전용 키스킨 (판타스틱 블루),4500,4500,4500,4500,4500,4500,4500,4500
11784844,로지텍 K380 한영 전용 키스킨 (판타스틱 핑크),4120,4120,4120,4120,4120,4120,4120,4120
11784661,로지텍 K380 한영 전용 키스킨 (화이트),3500,3500,3500,3500,3500,3500,3500,3500
28577714,로지텍 K380S (병행수입),29990,29990,29990,29990,29990,29990,29990,29990
32889251,로지텍 K380S (정품) (더스티로즈),38160,38160,38160,38160,38160,38160,38160,38160
32889242,로지텍 K380S (정품) (도브화이트),38160,38160,38160,38160,38160,38160,38160,38160
28555004,로지텍 K380S (정품) (스모키블랙),40410,40410,40410,42320,42320,42320,42320,42320
87404393,로지텍 K380S M240 키보드 마우스 세트,48350,48350,48350,48350,48350,48350,48210,48210
4350573,로지텍 K400 PLUS (병행수입),44630,44630,44630,44630,44630,44630,44630,44630
7629067,로지텍 K400 PLUS (해외구매),51290,51290,51290,51290,51290,51290,51290,51290
4889271,로지텍 K480 전용 키스킨,1200,1200,1200,1200,1200,1200,1200,1200
9425907,로지텍 K580 (병행수입),109000,109000,109000,109000,109000,109000,109000,109000
13665128,로지텍 K580 전용 실리콘 키스킨,2320,2320,2320,2320,2320,2320,2320,2320
101629922,로지텍 K650 MK650 전용,1870,1870,1870,1870,1870,1870,1870,1870
17186147,로지텍 K750 Solar (병행수입),110000,110000,110000,110000,110000,110000,110000,110000
4351040,로지텍 K750r (해외구매),135600,135600,135600,135600,135600,135600,135600,135600
4259119,로지텍 K780 (정품),99880,99880,99880,99880,99880,99880,99880,99880
4766377,로지텍 K780 + M720 (정품),159000,159000,159000,159000,159000,159000,159000,159000
13799570,로지텍 K780 키스킨,1920,1920,1920,1920,1920,1920,1920,1920
14473211,로지텍 K860 호환 키스킨,2310,2310,2310,2310,2310,2310,2310,2310
101629928,로지텍 K950 MK950 전용,1920,1950,1990,1920,1970,1990,1920,1990
115384743,로지텍 KEYS-TO-GO (병행수입),95040,95040,98990,98990,98990,98990,98990,92070
19954973,로지텍 KEYS-TO-GO (비공식유통),95040,95040,95040,95040,95040,95040,95040,95040
122688431,로지텍 KEYS-TO-GO 2 (병행수입),99000,99000,99000,99000,99000,99000,99000,99000
62164382,로지텍 KEYS-TO-GO 2 (정품) (그라파이트),98960,98970,105690,105690,105700,105710,105720,105730
79557542,로지텍 KEYS-TO-GO 2 (정품) (라일락),106280,106280,106280,106280,106280,106280,106280,106280
79557536,로지텍 KEYS-TO-GO 2 (정품) (페일그레이),105990,105990,105990,105990,105990,105990,105990,95530
58926482,로지텍 KEYS-TO-GO 2 (해외구매),131435,131435,131435,131435,131435,131435,131435,131435
122688432,로지텍 KEYS-TO-GO 2 for iPad (병행수입),98000,98000,98000,98000,98000,98000,98000,103990
62164430,로지텍 KEYS-TO-GO 2 for iPad (정품) (그라파이트),103990,103990,103990,103990,103990,103990,103990,103990
79557704,로지텍 KEYS-TO-GO 2 for iPad (정품) (페일그레이),106280,106280,106280,106280,106280,106280,106280,106280
1101578,로지텍 MK120 (정품),19900,19900,19900,19900,19900,19900,19900,19900
1581154,로지텍 MK120 New (정품),18500,18500,18500,18500,18500,18500,18500,18490
1677001,로지텍 MK200 NEW (정품),22340,22350,22340,22340,22340,22340,22350,22340
13731971,로지텍 MK200 NEW 키스킨,3440,3440,3440,3440,3440,3440,3440,3430
1512676,로지텍 MK220 (정품),48000,48000,48000,48000,48000,48000,48000,48000
5319001,로지텍 MK235 (병행수입),26670,26740,26770,26870,26890,26900,26910,26990
98771420,로지텍 MK235 (정품) (중고),22300,22300,22300,22300,22300,22300,22300,22300
3798967,로지텍 MK235 (정품) (키스킨 미포함),24750,24750,24740,24740,24740,24740,24750,24750
4720461,로지텍 MK235 (정품) (키스킨 포함),26090,26090,27110,27110,27110,27110,27170,25930
4456775,로지텍 MK235 전용 키스킨,1280,1280,1280,1280,1280,1280,1280,1280
4363933,로지텍 MK240 NANO (정품) (블랙),422400,422400,422400,422400,422400,422400,422400,422400
94205129,로지텍 MK250 무선 키보드 마우스 세트,26307,26307,26307,27480,27480,27480,27480,27480
5319431,로지텍 MK270r (병행수입),30720,30720,30400,30400,30400,30400,30400,30400
2541329,로지텍 MK270r (정품) (키스킨 미포함),34600,34600,34600,34600,34600,34600,34600,34600
3169129,로지텍 MK270r (정품) (키스킨 포함),38890,38890,38890,38880,38880,38880,38890,38890
15165677,로지텍 MK275 (병행수입),26900,26900,26900,26900,26900,26900,30430,30210
21694709,로지텍 MK275 (비공식유통),37000,37000,37000,37000,37000,37000,37000,37000
4340134,로지텍 MK275 (정품),35200,35200,35200,35200,35200,35200,35200,35200
7637656,로지텍 MK275 (해외구매),33570,33570,33570,33570,33570,33570,33570,33570
14199830,로지텍 MK295 SILENT (병행수입),32900,32900,32900,32900,32900,32900,32900,32900
12552761,로지텍 MK295 SILENT (정품) (블랙),39990,39880,39880,39880,39880,39880,39880,39880
12552770,로지텍 MK295 SILENT (정품) (화이트),39790,39790,39790,39790,39790,39790,39790,39790
13796696,로지텍 MK295 SILENT 키스킨,1700,1700,1700,1700,1700,1700,1700,1700
3593370,로지텍 MK330 전용 실리콘 키스킨,1370,1370,1370,1370,1370,1370,1370,1370
100269401,로지텍 MK330R 전용,1200,1200,1200,1200,1200,1200,1200,1200
14004755,로지텍 MK345 (병행수입),35460,35460,35460,35460,35460,35460,35460,35460
14958920,로지텍 MK345 (비공식유통),42120,42120,42120,42120,42120,42120,42120,42120
2904153,로지텍 MK345 (정품),41480,41480,41480,41480,41480,41480,41480,41480
3593378,로지텍 MK345 전용 실리콘 키스킨,630,630,630,630,630,630,630,630
100269443,로지텍 MK540 전용,1740,1740,1740,1740,1740,1740,1740,1740
9633603,로지텍 MK545 전용 키스킨,1740,1740,1740,1740,1740,1740,1740,1740
5967481,로지텍 MK850 (병행수입),114160,114160,114160,114270,114500,114500,114990,114990
5147612,로지텍 MK850 (정품),113990,114140,114090,114210,114370,114490,114770,119020
7638301,로지텍 MK850 (해외구매),92900,92900,,,,,,
13712588,로지텍 MK850 키스킨,1540,1540,1540,1540,1540,1540,1540,1540
124153424,로지텍 MK880 for Business 무선 키보드 마우스 세트 (정품),159000,159000,159000,159000,159000,159000,159000,159000
122697021,로지텍 MK880 무선 키보드 마우스 세트 (정품) (그라파이트),137370,137370,137370,137370,137370,137370,137370,132540
122697026,로지텍 MK880 무선 키보드 마우스 세트 (정품) (오프화이트),137370,137370,137370,137370,137370,137370,137370,137370
12075047,로지텍 MX KEYS (병행수입),145040,145040,145040,140600,140600,140600,140600,140600
15270962,로지텍 MX KEYS for Mac (병행수입),139200,139200,139200,137750,137750,137750,137750,137750
12006083,로지텍 MX KEYS for Mac (정품),142100,142100,142100,142100,142100,142100,142100,142100
13667051,로지텍 MX KEYS 전용 키스킨,1900,1900,1900,1900,1900,1900,1900,1900
16385075,로지텍 MX Keys Mini for Mac (병행수입),161990,161990,161990,153900,153900,153900,153900,153900
16332353,로지텍 MX Keys Mini for Mac (정품),128320,128320,125000,125000,125000,125000,128830,125000
28770275,로지텍 MX Keys S (병행수입),148000,148000,148000,148000,148000,148000,148000,148000
20437697,로지텍 MX Keys S (정품) (그라파이트),158850,158850,158850,158850,158850,158850,158850,149490
32888036,로지텍 MX Keys S (정품) (페일그레이),147990,147990,147990,147990,147990,147990,147990,149490
28770278,로지텍 MX Keys S (해외구매),100920,100920,99840,98890,98890,98370,100000,102200
79557059,로지텍 MX Keys S + MX Master 3S 키보드 마우스 세트 (그래파이트),347990,347990,347990,347990,347990,347990,347990,347990
79557080,로지텍 MX Keys S + MX Master 3S 키보드 마우스 세트 (페일그레이),318000,318000,318000,318000,318000,318000,318000,318000
122688588,로지텍 MX Keys S for Mac (병행수입),199000,199000,199000,199000,199000,199000,199000,199000
63481850,로지텍 MX Keys S for Mac (정품) (그라파이트),159000,159000,165000,165000,165000,165000,168980,163920
79557173,로지텍 MX Keys S for Mac (정품) (페일그레이),168990,168990,168990,168990,169000,169000,169000,169000
20437769,로지텍 MX Master 3S + MX Keys S COMBO (정품),278530,278530,278530,278580,278600,278700,278720,278820
29662028,로지텍 MX Master 3S + MX Keys S COMBO (해외구매),383380,383380,383380,383380,383380,383380,383380,383380
123729426,로지텍 MX Master 4 + MX Keys S COMBO,348000,348000,348000,348000,348000,348000,348000,348000
31284248,로지텍 MX Mechanical (병행수입),199000,199000,199000,199000,199000,199000,199000,199000
17171387,로지텍 MX Mechanical (정품) (갈축),179000,179000,179000,179000,179000,179000,179000,178980
77016551,로지텍 MX Mechanical (정품) (적축),168260,170050,170050,170050,170050,170050,170050,170050
34913981,로지텍 MX Mechanical Mini (병행수입),189000,189000,189000,189000,189000,189000,189000,189000
17170784,로지텍 MX Mechanical Mini (정품) (갈축),146020,146020,146020,146020,146020,146020,146020,146020
122685394,로지텍 MX Mechanical Mini (정품) (중고),119000,119000,119000,119000,119000,119000,119000,119000
17164016,로지텍 MX Mechanical Mini (해외구매),194156,196452,196320,196320,196320,195972,195972,195981
17951696,로지텍 MX Mechanical Mini for Mac (정품) (갈축),139390,139390,139390,139390,139390,139390,139390,139390
13541414,로지텍 MX PALM REST (정품),32890,32890,32890,32890,32890,32890,32890,32890
79020668,로지텍 POP ICON KEYS (정품) (라일락),62910,62910,62910,65900,65900,65900,65900,65900
71423942,로지텍 POP ICON KEYS (정품) (블랙),62910,62910,62910,65900,65900,65900,65900,65900
79020854,로지텍 POP ICON KEYS (정품) (화이트),65900,65900,65900,65900,65900,65900,65900,65900
15878006,로지텍 POP KEYS 무선 기계식 키보드 (병행수입),104640,104640,104640,103550,103550,103550,103550,103550
15878003,로지텍 POP KEYS 무선 기계식 키보드 (정품) (데이드림),43110,43110,43110,43110,43110,43110,43110,43110
15878000,로지텍 POP KEYS 무선 기계식 키보드 (정품) (블라스트),44890,44890,44890,44890,44890,44890,44890,44890
106045850,로지텍 PRO X2 SUPERSTRIKE + PRO X TKL RAPID 키보드 마우스 세트,469000,469000,469000,469000,469000,469000,469000,469000
72671282,로지텍 Wave Keys (병행수입),107990,107990,107990,107990,107990,107990,,
29915825,로지텍 Wave Keys (정품) (그라파이트),93050,93050,93050,93050,93050,93050,93050,92060
48476543,로지텍 Wave Keys (정품) (로즈핑크),98210,98210,97080,97080,97080,97090,92860,
28926866,로지텍 Wave Keys (정품) (오프화이트),94740,94740,94740,94740,94740,94740,94740,94740
28926971,로지텍 Wave Keys (해외구매),134000,134000,134000,134000,134000,134000,134000,134000
45316991,로지텍 Wave Keys + LIFT VERTICAL Combo 무선 키보드 마우스 세트 (그래파이트),138990,138990,138990,138990,138990,138990,138990,138990
99916199,로지텍 Wave Keys + LIFT VERTICAL Combo 무선 키보드 마우스 세트 (로즈핑크),138990,138990,138990,138990,138990,138990,138990,138990
99916187,로지텍 Wave Keys + LIFT VERTICAL Combo 무선 키보드 마우스 세트 (오프화이트),138990,138990,138990,138990,138990,138990,138990,138990
63481892,로지텍 Wave Keys for Mac (정품),87000,87000,87000,87000,87000,87000,87000,87000
16156505,로지텍 mx keys mini (병행 수입),134990,134990,128250,128250,128250,128250,128250,128250
16151342,로지텍 mx keys mini (정품) (그라파이트),118440,118440,118440,118440,118440,118440,118440,118440
16163612,로지텍 mx keys mini (정품) (로즈핑크),127960,127960,127960,127960,127960,127960,127960,127960
16163366,로지텍 mx keys mini (정품) (페일그레이),128710,128790,128860,128860,128870,128960,128980,128980
115939427,로지텍 로지텍G G PRO 기계식 키보드 (병행수입),383990,383990,383990,383990,383990,383990,383990,383990
121102584,로지텍 로지텍G G512 CARBON RGB (정품) (청축),129000,129000,129000,129000,129000,129000,129000,129000
120608282,로지텍 로지텍G G512 GX 게이밍 키보드 (병행수입),122530,108800,108800,108810,108830,108830,108900,122530
116061778,로지텍 로지텍G G613 LIGHTSPEED (해외구매),168420,153420,160920,160920,168420,153420,158420,160920
122019131,로지텍 로지텍G G813 (병행수입) (클릭키),207390,207390,207390,207390,207390,207390,207390,207390
17310608,로지텍 시그니처 K855 무선 키보드 (정품) (그라파이트),99810,99820,99880,95790,95790,95790,95790,95790
32888702,로지텍 시그니처 K855 무선 키보드 (정품) (로즈핑크),99890,99890,99890,99890,99890,99890,99890,99890
32888699,로지텍 시그니처 K855 무선 키보드 (정품) (블루그레이),99890,99890,97540,97540,97540,97540,97550,97550
32888687,로지텍 시그니처 K855 무선 키보드 (정품) (오프화이트),92000,92000,92000,92000,92000,92000,92000,92000
32069729,로지텍 시그니처 MK650 (병행수입),89900,89900,89900,89900,89900,89900,89900,89900
49998344,로지텍 시그니처 슬림 K950 (정품),94480,94480,94480,94480,94480,97270,97270,97270
49998404,로지텍 시그니처 슬림 MK950 키보드 마우스 세트 (정품) (그래파이트),124640,124640,124640,124640,124640,124640,124640,99900
100325780,로지텍 시그니처 슬림 MK950 키보드 마우스 세트 (정품) (오프화이트),118610,118610,118610,118610,118610,118610,118610,118610
100268336,로지텍 시그니처 슬림 솔라+ K980 무선,135560,135560,135560,135560,135560,135560,135560,135560
18430763,로프리 1% 투명 유무선 기계식 (해외구매),265000,265000,265000,265000,265000,265000,265000,265000
97119824,로프리 DOT Foundation 유무선 기계식 (해외구매),171000,171000,171010,171020,171030,171030,171040,171040
98762975,로프리 FLOW 2 100 (해외구매),166270,166270,166270,166270,166270,166270,166270,165110
98762912,로프리 FLOW 2 68 (해외구매),107351,107351,107351,107351,107351,107351,107351,108543
98762945,로프리 FLOW 2 84 (해외구매),151223,151223,151223,151223,151223,151223,151223,151223
74006246,로프리 FLOW LITE OE921 유무선 기계식 (해외구매),71660,71660,71660,72970,72974,72974,72970,72974
74006264,로프리 FLOW LITE OE922 유무선 기계식 (해외구매),78460,78460,78460,78460,78460,78460,78460,78460
68439494,로프리 FLOW OE919 유무선 기계식 (해외구매),137170,137170,137170,140150,140150,140150,140150,140150
124249340,로프리 Hyzen67 (해외구매),340300,340300,341900,345900,345900,345900,345900,341900
124249346,로프리 Hyzen67 유무선 (해외구매),391100,391100,391100,391100,391100,391100,391100,391100
97119746,로프리 MAC 유무선 기계식 (해외구매),63390,63390,63390,63390,63390,63390,63390,63390
31277948,로프리 WANDERFREE 블루투스 기계식,139000,139000,139000,139000,139000,139000,139000,139000
17239499,로프리 Wander free 샤오롱 무선 키보드 해외구매,149000,149000,149000,149000,149000,149000,149000,149000
95423201,로프리 ZERO ARTZ 유무선 기계식 (해외구매),363000,363000,363000,363000,363000,363000,363000,363000
71903573,마이크로닉스 CALUX (게이트론축),363090,363090,363090,363090,363090,363090,363090,363090
78307952,마이크로닉스 CALUX (체리축),391010,391010,391010,378010,378010,378010,378010,378010
6150422,마이크로닉스 MANIC K160 키보드 마우스 무선 합본 (인디 핑크),47510,47510,47510,47510,47510,47510,47510,47510
6244469,마이크로닉스 MANIC K940 RGB 초슬림 기계식 카일 초콜릿축 (백축),111090,111090,111090,111090,111090,111090,111090,111090
6244499,마이크로닉스 MANIC K940 RGB 초슬림 기계식 카일 초콜릿축 (적축),95990,95990,95990,95990,95990,95990,95990,95990
9585567,마이크로닉스 MANIC KM330 무선 슬림 키보드 마우스 합본 (민트),13900,13900,13900,13900,13900,13900,13900,13900
9585459,마이크로닉스 MANIC KM330 무선 슬림 키보드 마우스 합본 (블랙),24900,24900,24900,24900,24900,24900,24900,24900
9585576,마이크로닉스 MANIC KM330 무선 슬림 키보드 마우스 합본 (코발트블루),24900,24900,24900,24900,24900,24900,24900,24900
9585570,마이크로닉스 MANIC KM330 무선 슬림 키보드 마우스 합본 (핑크),13900,13900,13900,13900,13900,13900,13900,13900
12125087,마이크로닉스 MANIC KM530 무선 슬림 무소음 키보드 마우스 합본 (핑크),19800,19800,19800,19800,19800,19800,19800,19800
9473790,마이크로닉스 MANIC PAMPAM 팜레스트 키보드 손목받침대,8050,8050,8050,8050,8050,8050,8050,8050
13263059,마이크로닉스 MANIC X240 LED 게이밍 기계식 키보드 (갈축),27900,27900,27900,27900,27900,27900,27900,27900
13263071,마이크로닉스 MANIC X240 LED 게이밍 기계식 키보드 (적축),27900,27900,27900,27900,27900,27900,27900,27900
13263044,마이크로닉스 MANIC X240 LED 게이밍 기계식 키보드 (청축),27900,27900,27900,27900,27900,27900,27900,27900
14761985,마이크로닉스 MECHA ZK-1 RGB 게이밍 기계식 키보드 (백축),129000,129000,129000,129000,129000,129000,129000,129000
14761178,마이크로닉스 WARP WK-1 마닉축 RGB 게이밍 기계식 키보드 블랙 (갈축),42500,42500,42500,42500,42500,42500,42500,42500
14761205,마이크로닉스 WARP WK-1 마닉축 RGB 게이밍 기계식 키보드 블랙 (적축),54130,54130,54130,54130,54130,54130,54130,54130
14761040,마이크로닉스 WARP WK-1 마닉축 RGB 게이밍 기계식 키보드 블랙 (청축),54130,54130,54130,54130,54130,54130,54130,54130
14761373,마이크로닉스 WARP WK-1 마닉축 RGB 게이밍 기계식 키보드 화이트 (갈축),45470,45470,45470,45470,45470,45470,45470,45470
14761394,마이크로닉스 WARP WK-1 마닉축 RGB 게이밍 기계식 키보드 화이트 (적축),84000,84000,84000,84000,84000,84000,84000,84000
14761253,마이크로닉스 WARP WK-1 마닉축 RGB 게이밍 기계식 키보드 화이트 (청축),59900,59900,59900,59900,59900,59900,59900,59900
16362128,마이크로닉스 메카 ZK2 마닉축 RGB 게이밍 기계식 키보드 (적축),94000,94000,94000,94000,94000,94000,94000,94000
16332077,마이크로닉스 워프 WK3 마닉축 블루투스 RGB 텐키리스 게이밍 기계식 키보드 (적축),214050,214050,214050,214050,214050,214050,214050,214050
16332011,마이크로닉스 워프 WK3 마닉축 블루투스 RGB 텐키리스 게이밍 기계식 키보드 (청축),109000,109000,109000,109000,109000,109000,109000,109000
16335239,마이크로닉스 워프 WK4 마닉축 RGB 텐키리스 게이밍 기계식 키보드 (갈축),32900,32900,32900,32900,32900,32900,32900,32900
16335257,마이크로닉스 워프 WK4 마닉축 RGB 텐키리스 게이밍 기계식 키보드 (적축),29500,29500,29500,29500,29500,29500,29500,29500
16335209,마이크로닉스 워프 WK4 마닉축 RGB 텐키리스 게이밍 기계식 키보드 (청축),32900,32900,32900,32900,32900,32900,32900,32900
13857932,마이크로소프트 무선 데스크탑 850 전용 키스킨,3840,3840,3840,3840,3840,3840,3840,3840
122616599,마하링크 ML-KSL23 키스킨,3000,3000,3000,3000,3000,3000,3000,3000
100693928,마하링크 ML-KSL27 실리콘 키스킨,3000,3000,3000,3000,3000,3000,3000,3000
122616618,마하링크 ML-KSL34 키스킨,3000,3000,3000,3000,3000,3000,3000,3000
122616623,마하링크 ML-KSL38 키스킨,2300,2300,2300,2300,2300,2300,2300,2300
122616633,마하링크 ML-KSL47 키스킨,3000,3000,3000,3000,3000,3000,3000,3000
122616660,마하링크 ML-KSL65 키스킨,3000,3000,3000,3000,3000,3000,3000,3000
122616662,마하링크 ML-KSL95 키스킨,3000,3000,3000,3000,3000,3000,3000,3000
122616665,마하링크 ML-KSLMK 키스킨,3000,3000,3000,3000,3000,3000,3000,3000
122616669,마하링크 ML-KSLWK 키스킨,3000,3000,3000,3000,3000,3000,3000,3000
20722838,맥컬리 RFACEKEY 무선,40060,40060,35991,38060,38060,38060,38060,36980
7257790,맥컬리 SLIMKEYPROA,37580,37580,37580,37580,37580,37580,37580,37580
1325509,멀티 키보드 커버,940,940,940,940,940,940,940,940
18986492,메이텍 MT-BT021,14890,14890,14890,14890,14890,14890,14890,14890
121281453,메탈홀릭 메탈스티커 한국어,12500,12000,12000,12000,12500,12000,12500,12500
12803069,몬스타 MP37 메모리폼 손목패드 (L),9900,9900,9900,9900,9900,9900,9900,9900
12803048,몬스타 MP37 메모리폼 손목패드 (M),7900,7900,7900,7900,7900,7900,7900,7900
77856977,몬스타 가츠 HMX 딸기 스무디 스위치,360,360,360,360,360,360,360,360
77856860,몬스타 가츠 HMX 망고 스무디 스위치,350,350,350,350,350,350,350,350
77856818,몬스타 가츠 HMX 블루베리 스무디 스위치,330,330,330,330,330,330,330,330
103752920,몬스타 가츠 K21 PRO 유무선 기계식 (마린),34300,34300,34300,34300,36900,36900,36900,36900
103877540,몬스타 가츠 K21 PRO 유무선 기계식 (솔라),34300,34300,34300,34300,36600,36600,36600,36600
74251391,몬스타 가츠 NINJA87 기계식,55710,55710,56900,56900,56900,56900,56900,56900
78845789,몬스타 가츠 STELLA 21 유무선 커스텀 베어본 (블루그레이),55650,55650,57590,57500,57500,57500,57500,57500
99325895,몬스타 가츠 SU64,250000,250000,250000,250000,250000,250000,250000,250000
99325862,몬스타 가츠 SU64 커스텀 베어본,160000,160000,160000,160000,160000,160000,160000,160000
71009663,몬스타 가츠 WECAT4 유무선 기계식,159000,159000,159000,159000,159000,159000,159000,159000
70002989,몬스타 가츠 WECAT6 유무선 기계식,174900,174900,174900,174900,174900,174900,174900,174900
78711350,몬스타 가츠 X104 PUDDING (베이비 핑크),28000,28000,28000,28000,28000,28000,28000,28000
78711563,몬스타 가츠 X104 PUDDING (오트밀),18500,18500,18500,18500,18500,18500,18500,18500
78711788,몬스타 가츠 X104 PUDDING (핑크),22000,22000,22000,22000,22000,22000,22000,22000
78711860,몬스타 가츠 X104 PUDDING (화이트),22000,22000,22000,22000,22000,22000,22000,22000
79578902,몬스타 가츠 X104 PUDDING 콤보 키보드 마우스 세트,29460,29460,29460,29460,29460,29460,29460,29460
108415808,몬스타 가츠 X104W 모바일 콤보 무선 키보드 마우스 세트,28100,29890,29890,28410,28410,28410,28410,28410
91767545,몬스타 가츠 X104W 콤보 무선 키보드 마우스 세트 (딸기 샤베트),19610,19640,19650,19650,19650,19650,19650,19650
91767623,몬스타 가츠 X104W 콤보 무선 키보드 마우스 세트 (스카이 블루),19610,19640,19650,19650,19650,19650,19650,19650
91767692,몬스타 가츠 X104W 콤보 무선 키보드 마우스 세트 (아몬드 오트밀),18900,18900,18900,18900,18900,18900,18900,18900
94445438,몬스타 가츠 X108 (드림포니),52500,52500,52500,52500,52500,52500,52500,52500
72227048,몬스타 가츠 X108 (딸기샤베트),16900,16900,16900,16900,16900,16900,16900,16900
94445492,몬스타 가츠 X108 (마들렌),21930,21930,21610,21990,21990,21990,21990,21990
94518416,몬스타 가츠 X108 (문그레이),21930,21930,21618,21990,21990,21990,21990,21990
94518488,몬스타 가츠 X108 (블루레몬),21930,21930,21610,21990,21990,21990,21990,21990
72227006,몬스타 가츠 X108 (오트밀아몬드),20890,20890,20890,20890,20890,20890,20890,20890
94445594,몬스타 가츠 X108 (초콜릿),16900,16900,16900,16900,16900,16900,16900,16900
99743939,몬스타 가츠 X108 BTW 콤보 마들 무선 키보드 마우스 세트,37090,37090,37100,37100,39580,39580,39580,39580
75933464,몬스타 가츠 X108 SE 키보드 마우스 세트 (다크나이트),27900,27900,27900,27900,27900,27900,27900,27900
75932804,몬스타 가츠 X108 SE 키보드 마우스 세트 (딸기샤베트),33060,33060,33060,33060,33060,33060,33060,33060
75932669,몬스타 가츠 X108 SE 키보드 마우스 세트 (오트밀아몬드),27900,27900,27900,27900,27900,27900,27900,27900
75932750,몬스타 가츠 X108 SE 키보드 마우스 세트 (피치요거트),20360,20360,20360,20360,20360,20360,20360,20370
75856343,몬스타 가츠 X108 슬림 (오트밀아몬드),18400,18400,18400,18400,18400,18400,18400,18400
93446885,몬스타 가츠 X108 슬림 프로 유무선,35000,35000,34911,35000,35000,35000,35000,35000
62159243,몬스타 가츠 X108 워크마스터 (다크나이트),22000,22000,22000,22000,22000,22000,22000,22000
72755543,몬스타 가츠 X108 콤보 키보드 마우스 세트 (다크나이트),29480,29480,29151,29480,29480,29480,29480,29480
72755459,몬스타 가츠 X108 콤보 키보드 마우스 세트 (딸기샤베트),27890,27890,27890,27890,27890,27890,27890,27890
73883567,몬스타 가츠 X108 콤보 키보드 마우스 세트 (오트밀아몬드),21280,21280,21280,21280,21280,21280,21280,21280
72755582,몬스타 가츠 X108 콤보 키보드 마우스 세트 (피치요거트),27890,27890,27890,27890,27890,27890,27890,27890
72416540,몬스타 가츠 X108 키스킨,2500,2500,2500,2500,2500,2500,2500,2500
93380852,몬스타 가츠 X108프로 매직 유무선,77630,77630,78669,79000,79000,79000,79000,79000
89861372,몬스타 가츠 X187 다크나이트 스웩3050 키보드 마우스 세트 (블랙),24000,24000,24000,24000,24000,24000,24000,24000
62159225,몬스타 가츠 X187 워크마스터 (다크나이트),19700,19700,19700,19700,19700,19700,19700,19700
74054591,몬스타 가츠 X187 워크마스터 (포레스트),19630,19630,19900,19900,19900,19900,19900,19900
93631766,몬스타 가츠 X198 노브 보글보글 (로즈 핑크),25890,25890,25810,25890,25890,25890,25890,25890
93631826,몬스타 가츠 X198 노브 보글보글 (어반 스틸),25890,25890,25821,25890,25890,25890,25890,25890
93631910,몬스타 가츠 X198 노브 보글보글 (초콜릿),22900,22900,22900,22900,22900,22900,22900,22900
93631538,몬스타 가츠 X198 프로 노브 보글보글 유무선 초콜릿,30500,30500,30500,30500,32900,32900,32900,32900
88237037,몬스타 가츠 X208 METAL GPro 키보드 마우스 세트 (갈축),39250,39250,39250,39250,39250,39250,39250,39250
88237022,몬스타 가츠 X208 METAL GPro 키보드 마우스 세트 (적축),39250,39250,39250,39250,39250,39250,39250,39250
73428638,몬스타 가츠 X208 METAL 기계식 (갈축),30140,30140,29700,32680,32680,32680,32680,32680
73250822,몬스타 가츠 X208 METAL 기계식 (적축),30150,30150,30150,32690,32690,32690,32690,32690
73691888,몬스타 가츠 X208 기계식,65840,65840,65900,65900,65900,65900,65900,65900
73691846,몬스타 가츠 X208 기계식 커스텀 베어본,37100,37100,37100,37100,39900,39900,39900,39900
91563431,몬스타 가츠 X21PRO 유무선 기계식 (퍼플옐로우),48900,48900,51590,50530,50530,50530,50530,50530
70000838,몬스타 가츠 X21PRO 유무선 기계식 (화이트),46400,46400,46400,46400,49900,49900,49900,49900
72004670,몬스타 가츠 X504PRO 유무선 기계식 배어본,51000,51000,51000,51000,54900,54900,54900,54900
75991181,몬스타 가츠 X604 8K 자석축 래피드트리거 (블랙),73390,73390,73400,73390,76220,76240,76240,75550
93316523,몬스타 가츠 X604 8K 자석축 래피드트리거 (화이트),73390,73400,73390,73400,76260,76260,76260,76260
88136615,몬스타 가츠 고양이 발바닥,6000,6000,6000,6000,6000,6000,6000,6000
69465407,몬스타 가츠 구름냥 그린 139Pcs,35900,35900,35900,35900,35900,35900,35900,35900
69465416,몬스타 가츠 구름냥 스카이 139Pcs,35900,35900,35900,35900,35900,35900,35900,35900
69465401,몬스타 가츠 구름냥 퍼플 139Pcs,35900,35900,35900,35900,35900,35900,35900,35900
73559675,몬스타 가츠 꿀벌,19600,19600,19600,19600,19600,19600,19600,19600
102006998,몬스타 가츠 눈냥 한글 145Pcs,30500,30500,30500,30500,32900,32900,32900,32900
74250608,몬스타 가츠 닌자108 딸기샤베트 기계식,67890,67890,69900,69900,69900,69900,69900,69900
73559681,몬스타 가츠 다크올리비아,19590,19590,19590,19590,19590,19590,19590,19590
104750465,몬스타 가츠 도트 카툰 한글 108키 PBT 체리 키캡,26900,26900,26900,26900,26900,26900,26900,26900
91497581,몬스타 가츠 라벤더,17800,17800,17800,17800,17800,17800,17800,17800
91497758,몬스타 가츠 말랑말랑 젤리푸딩 (민트),34000,34000,34000,34000,34000,34000,34000,34000
91346780,몬스타 가츠 말랑말랑 젤리푸딩 (퍼플),31600,31600,31600,31600,33990,33990,33990,33990
91346714,몬스타 가츠 말랑말랑 젤리푸딩 (핑크),31600,31600,31600,31600,33990,33990,33990,33990
91346618,몬스타 가츠 말랑말랑 젤리푸딩 (화이트),31600,31600,31600,31600,33990,33990,33990,33990
70332353,몬스타 가츠 매직버니 173Pcs,35000,35000,35000,35000,35000,35000,35000,35000
90110792,몬스타 가츠 맥 클래식,23900,23900,23900,23900,23900,23900,23900,23900
91497713,몬스타 가츠 문나이트,17800,17800,17800,17800,17800,17800,17800,17800
73559666,몬스타 가츠 북극아침,19600,19600,19600,19600,19600,19600,19600,19600
73559654,몬스타 가츠 사막여우,19290,19290,19290,19290,19290,19290,19290,19290
73559636,몬스타 가츠 선샤인,19600,19600,19600,19600,19600,19600,19600,19600
98486882,몬스타 가츠 슈퍼루브 테프론 오일 윤활제 (10ml),3900,3900,3900,3900,3900,3900,3900,3900
68440796,몬스타 가츠 스텔라100 기계식 커스텀 베어본,80800,80800,80800,80800,86900,86900,86900,86900
124287920,몬스타 가츠 스텔라100 유무선 기계식 (블랙),141900,141900,141900,134800,134800,134800,134800,134800
68440835,몬스타 가츠 스텔라100 유무선 기계식 (화이트),129970,129970,129970,129970,129970,129970,129970,129970
68440784,몬스타 가츠 스텔라100 유무선 기계식 커스텀 베어본,97900,97900,97900,97900,97900,97900,97900,97900
75993101,몬스타 가츠 스텔라75 유무선 기계식 베어본,85500,85500,85500,85500,92000,92000,92000,92000
74414996,몬스타 가츠 스팅68 LITE (블랙),39260,39260,39900,39900,39900,39900,39900,39900
99553760,몬스타 가츠 스팅68 LITE (화이트),39900,39900,39900,39900,39900,39900,39900,39900
93861698,몬스타 가츠 스팅87 레피드트리거 자석축,111090,111090,111090,111090,111090,111090,111090,111090
73470359,몬스타 가츠 아델리,19590,19590,19590,19590,19590,19590,19590,19590
73559624,몬스타 가츠 아이스,24590,24590,24590,24590,24590,24590,24590,24590
91563335,몬스타 가츠 아쿠아67 유무선 기계식 + 젤리푸딩 키캡 (스카이),163490,163490,168940,168940,168940,168940,168940,168950
91563392,몬스타 가츠 아쿠아67 유무선 기계식 + 젤리푸딩 키캡 (핑크),163460,163480,167180,167180,168940,168940,168940,168940
68781860,몬스타 가츠 앨리스 유무선 기계식,124350,124350,126000,126000,126000,126000,126000,126000
64377311,몬스타 가츠 에버글라이드 SU68 (블랙),182200,182200,182200,182200,196000,196000,196000,196000
88232444,몬스타 가츠 에버글라이드 SU68 (스카이),182200,182200,182200,182200,196000,196000,196000,196000
88232426,몬스타 가츠 에버글라이드 SU68 (실버),182200,182200,182200,182200,196000,196000,196000,196000
73559609,몬스타 가츠 올리비아,19600,19600,19600,19600,19600,19600,19600,19600
73948610,몬스타 가츠 위캣7 MAX 유무선 기계식,132900,132900,132900,132900,140000,140000,140000,140000
79109666,몬스타 가츠 위캣7 유무선 기계식,116000,116000,116000,116000,116000,116000,116000,116000
75993149,몬스타 가츠 위캣7 유무선 기계식 베어본,64100,64100,64100,64100,69000,69000,69000,69000
69465608,몬스타 가츠 위캣8 유무선 기계식 (삼색이),179000,179000,179000,179000,179000,179000,179000,179000
69465656,몬스타 가츠 위캣8 유무선 기계식 (페르시안),179000,179000,179000,179000,179000,179000,179000,179000
69465518,몬스타 가츠 위캣8 유무선 기계식 베어본,108900,108900,108900,108900,108900,108900,108900,108900
91497740,몬스타 가츠 코튼캔디,17800,17800,17800,17800,17800,17800,17800,17800
98486402,몬스타 가츠 크라이톡스 구리스 GLP205 G0 윤활제 (4g),6500,6500,6500,6500,6500,6500,6500,6500
102007019,몬스타 가츠 크리스마스 눈냥 7Pcs,9900,9900,9900,9900,9900,9900,9900,9900
73559597,몬스타 가츠 퍼플나비,19290,19290,19290,19290,19290,19290,19290,19290
69657992,몬스타 가츠 퍼플레빗 V2 139Pcs,32900,32900,32900,32900,32900,32900,32900,32900
77856578,몬스타 가츠 폭스테일 바다소금 V2 스위치,200,200,200,200,200,200,200,200
97471217,몬스타 고려청자 한글 훈민정음 키캡,46790,46790,46790,46790,46790,46790,46790,46790
95850263,몬스타 곤룡 아티산,25100,25100,25100,25100,27000,27000,27000,27000
123538323,몬스타 녹음 백자 식물 도자기 조약돌 키캡 155키,32500,32500,32500,32500,34990,34990,34990,34990
30007379,몬스타 레트로 블랙 키캡,7740,7740,7740,7740,7740,7740,7740,7740
123721494,몬스타 메론소다 129키,32500,32500,32500,32500,35000,35000,35000,35000
19299425,몬스타 몬스타기어 GK104 클래식,15000,15000,15000,15000,15000,15000,15000,15000
43097336,몬스타 몬스타기어 GrainGold 발해블루 스위치 (1pcs),250,250,250,250,250,250,250,250
74005499,몬스타 몬스타기어 Haimu 바다소금 스위치 1pcs,170,170,170,170,170,170,170,170
28419563,몬스타 몬스타기어 Kelowna 스테빌 필름,2800,2800,2800,2800,2800,2800,2800,2800
62159453,몬스타 몬스타기어 MOK100 키보드 마우스 세트,13900,13900,13900,13900,13900,13900,13900,13900
20320865,몬스타 몬스타기어 MP87 손목보호 키보드 팜레스트,10900,10900,10900,10900,10900,10900,10900,10900
69564671,몬스타 몬스타기어 X504PRO 유무선 기계식,68800,68800,68800,68800,74000,74000,74000,74000
122630959,몬스타 몬스타기어 고양이 페르시안 132키,27800,27800,27800,27800,29890,29890,29890,29890
30337193,"몬스타 몬스타기어 닌자84PRO 유무선 공장풀윤활 기계식 블랙 (페르시안, 폭스테일)",139000,139000,139000,139000,139000,139000,139000,139000
30338312,"몬스타 몬스타기어 닌자84PRO 유무선 수제풀윤활 기계식 블랙 (페르시안, 폭스테일)",209000,209000,209000,209000,209000,209000,209000,209000
28474961,몬스타 몬스타기어 닌자84PRO 유무선 커스텀 기계식 블랙 (갈축),179000,179000,179000,179000,179000,179000,179000,179000
28474979,몬스타 몬스타기어 닌자84PRO 유무선 커스텀 기계식 블랙 (백축),179000,179000,179000,179000,179000,179000,179000,179000
28474955,몬스타 몬스타기어 닌자84PRO 유무선 커스텀 기계식 블랙 (적축),179000,179000,179000,179000,179000,179000,179000,179000
28474946,몬스타 몬스타기어 닌자84PRO 유무선 커스텀 기계식 블랙 (황축),179000,179000,179000,179000,179000,179000,179000,179000
28474898,몬스타 몬스타기어 닌자84PRO 유무선 커스텀 기계식 화이트 (갈축),179000,179000,179000,179000,179000,179000,179000,179000
28474919,몬스타 몬스타기어 닌자84PRO 유무선 커스텀 기계식 화이트 (백축),179000,179000,179000,179000,179000,179000,179000,179000
28474892,몬스타 몬스타기어 닌자84PRO 유무선 커스텀 기계식 화이트 (적축),179000,179000,179000,179000,179000,179000,179000,179000
28474877,몬스타 몬스타기어 닌자84PRO 유무선 커스텀 기계식 화이트 (황축),179000,179000,179000,179000,179000,179000,179000,179000
47324126,몬스타 몬스타기어 닌자87PRO ALU 유무선,99000,99000,99000,99000,99000,99000,99000,99000
28487366,몬스타 몬스타기어 닌자87PRO v2 유무선 커스텀 기계식 블랙 (갈축),99500,99500,99500,99500,99500,99500,99500,99500
28487387,몬스타 몬스타기어 닌자87PRO v2 유무선 커스텀 기계식 블랙 (백축),99500,99500,99500,99500,99500,99500,99500,99500
28487360,몬스타 몬스타기어 닌자87PRO v2 유무선 커스텀 기계식 블랙 (적축),99500,99500,99500,99500,99500,99500,99500,99500
28487348,몬스타 몬스타기어 닌자87PRO v2 유무선 커스텀 기계식 블랙 (황축),99500,99500,99500,99500,99500,99500,99500,99500
28487438,몬스타 몬스타기어 닌자87PRO v2 유무선 커스텀 기계식 퍼플 (갈축),99500,99500,99500,99500,99500,99500,99500,99500
28487447,몬스타 몬스타기어 닌자87PRO v2 유무선 커스텀 기계식 퍼플 (백축),99500,99500,99500,99500,99500,99500,99500,99500
28487432,몬스타 몬스타기어 닌자87PRO v2 유무선 커스텀 기계식 퍼플 (적축),99500,99500,99500,99500,99500,99500,99500,99500
28487411,몬스타 몬스타기어 닌자87PRO v2 유무선 커스텀 기계식 퍼플 (황축),99500,99500,99500,99500,99500,99500,99500,99500
28487195,몬스타 몬스타기어 닌자87PRO v2 유무선 커스텀 기계식 화이트 (갈축),99500,99500,99500,99500,99500,99500,99500,99500
28487207,몬스타 몬스타기어 닌자87PRO v2 유무선 커스텀 기계식 화이트 (백축),99500,99500,99500,99500,99500,99500,99500,99500
28487156,몬스타 몬스타기어 닌자87PRO v2 유무선 커스텀 기계식 화이트 (적축),99500,99500,99500,99500,99500,99500,99500,99500
28487078,몬스타 몬스타기어 닌자87PRO v2 유무선 커스텀 기계식 화이트 (황축),99500,99500,99500,99500,99500,99500,99500,99500
31015847,"몬스타 몬스타기어 닌자96PRO 유무선 공장풀윤활 기계식 블랙 (그레이블랙96, 바다소금)",139000,139000,139000,139000,139000,139000,139000,139000
31003088,"몬스타 몬스타기어 닌자96PRO 유무선 공장풀윤활 기계식 화이트 (페르시안, 후르츠피치)",149000,149000,149000,149000,149000,149000,149000,149000
31049621,"몬스타 몬스타기어 닌자96PRO 유무선 수제풀윤활 기계식 블랙 (그레이블랙96, 바다소금)",230000,230000,230000,230000,230000,230000,230000,230000
31049693,"몬스타 몬스타기어 닌자96PRO 유무선 수제풀윤활 기계식 블랙 (도시락, 후르츠피치)",240000,240000,240000,240000,240000,240000,240000,240000
31049576,"몬스타 몬스타기어 닌자96PRO 유무선 수제풀윤활 기계식 화이트 (도시락, 후르츠피치)",240000,240000,240000,240000,240000,240000,240000,240000
28476059,몬스타 몬스타기어 닌자96PRO 유무선 커스텀 기계식 블랙 (갈축),199000,199000,199000,199000,199000,199000,199000,199000
28476068,몬스타 몬스타기어 닌자96PRO 유무선 커스텀 기계식 블랙 (백축),199000,199000,199000,199000,199000,199000,199000,199000
28476032,몬스타 몬스타기어 닌자96PRO 유무선 커스텀 기계식 블랙 (적축),199000,199000,199000,199000,199000,199000,199000,199000
28475933,몬스타 몬스타기어 닌자96PRO 유무선 커스텀 기계식 화이트 (갈축),199000,199000,199000,199000,199000,199000,199000,199000
28475957,몬스타 몬스타기어 닌자96PRO 유무선 커스텀 기계식 화이트 (백축),199000,199000,199000,199000,199000,199000,199000,199000
28475915,몬스타 몬스타기어 닌자96PRO 유무선 커스텀 기계식 화이트 (적축),199000,199000,199000,199000,199000,199000,199000,199000
28475816,몬스타 몬스타기어 닌자96PRO 유무선 커스텀 기계식 화이트 (황축),192100,192100,199000,198510,198510,198510,198510,198510
32065433,몬스타 몬스타기어 다크TKL 유무선 기계식 커스텀 베어본,96000,96000,96000,96000,96000,96000,96000,96000
32035622,몬스타 몬스타기어 달토끼 PBT 키캡,36200,36200,36200,36200,36200,36200,36200,36200
15167828,몬스타 몬스타기어 로지텍 k480 전용 키스킨 (훈민정음),1800,1800,1800,1800,1800,1800,1800,1800
95345003,몬스타 몬스타기어 마카롱 PBT 한영정각 108키 키캡 (피치요거트),30500,30500,30500,30500,32800,32800,32800,
29859854,몬스타 몬스타기어 마카롱 쑥인절미 PBT 키캡,40540,40540,40540,40540,40540,40540,40540,40540
20321858,몬스타 몬스타기어 만능 미니 키보드 청소 브러쉬세트,3000,3000,3000,3000,3000,3000,3000,3000
32035682,몬스타 몬스타기어 베어프랜즈 PBT 키캡,32900,32900,32900,32900,32900,32900,32900,32900
122631293,몬스타 몬스타기어 블루라군 158키,32500,32500,32500,32500,35000,35000,35000,35000
29859191,몬스타 몬스타기어 스완 PBT 키캡,29800,29800,29800,29800,29800,29800,29800,29800
47488499,몬스타 몬스타기어 스팅68,164570,164570,170500,170070,170070,170070,170070,170070
37291265,몬스타 몬스타기어 아쿠아 66 유무선 기계식,92000,92000,92000,92000,99000,99000,99000,99000
54326024,몬스타 몬스타기어 아쿠아67 유무선 기계식 (스카이블루),350490,350490,350490,350490,350490,350490,350490,350490
18845126,몬스타 몬스타기어 아쿠아67 유무선 기계식 (클리어),152400,152400,152400,152400,163900,163900,163900,163900
33365687,몬스타 몬스타기어 아쿠아67 유무선 기계식 (핑크),152400,152400,152400,152400,163900,163900,163900,163900
32064923,몬스타 몬스타기어 야옹67 기계식 커스텀 베어본,136000,136000,136000,136000,136000,136000,136000,136000
20321303,몬스타 몬스타기어 윤활 스타터 키트,25000,25000,25000,25000,25000,25000,25000,25000
28031132,몬스타 몬스타기어 집사 PBT 키캡 (삼색이),44250,44250,44250,44250,44250,44250,44250,44250
28031186,몬스타 몬스타기어 집사 PBT 키캡 (페르시안),29900,29900,29900,29900,29900,29900,29900,29900
36793835,몬스타 몬스타기어 클래식 104 멤브레인,12500,12500,12500,12500,12500,12500,12500,12500
36793112,몬스타 몬스타기어 클래식 TKL 멤브레인,15900,15900,15900,15900,15900,15900,15900,16900
21626447,몬스타 몬스타기어 클래식 TKL 유무선 기계식 커스텀 베어본 (그레이),247000,247000,247000,247000,247000,247000,247000,247000
21626420,몬스타 몬스타기어 클래식 TKL 유무선 기계식 커스텀 베어본 (화이트),247000,247000,247000,247000,247000,247000,247000,247000
43097519,몬스타 몬스타기어 홀리판다 V2 스위치 1pcs,350,350,350,350,350,350,350,350
97776809,몬스타 부산 반투명 한글 키캡,36200,36200,36200,36200,38990,38990,38990,38990
97471082,몬스타 세종용포 한글 훈민정음 키캡,46800,46800,46800,46800,46800,46800,46800,46800
12516338,몬스타 스위치 슬라이더 픽커,2760,2760,2760,2760,2760,2760,2760,2760
95344949,몬스타 식물원,44990,44990,44990,44990,44990,44990,44990,44990
123537797,몬스타 아임토마토 체리 한글 129키,32500,32500,32500,32500,34990,34990,34990,34990
12762821,몬스타 우드팜레스트 키보드손목받침대 (웬지),29900,29900,29900,29900,29900,29900,29900,29900
95345225,몬스타 조약돌 도시락,44690,44690,44690,44690,44690,44690,44690,44690
95344928,몬스타 종가집,44990,44990,44990,44990,44990,44990,44990,44990
123538331,몬스타 청음 백자 식물 도자기 조약돌 키캡 155키,32500,32500,32500,32500,34990,34990,34990,34990
123721488,몬스타 크림소다 129키,32500,32500,32500,32500,35000,35000,35000,35000
95345099,몬스타 푸딩 (블랙),18900,18900,18900,18900,18900,18900,18900,18900
95345111,몬스타 푸딩 (핑크),21890,21890,21890,21890,21890,21890,21890,21890
98926112,몬스타 화이트 무각 키캡,21200,21200,21200,21200,22900,22900,22900,22900
124248812,몬스타기어 HERO108 유무선 기계식 커스텀 베어본,157100,157100,157100,157100,169000,169000,169000,169000
124248145,몬스타기어 NUT108 유무선 기계식,176700,176700,176700,176700,190000,190000,190000,190000
98229533,몬스타기어 닌자87 프로 전용,22000,22000,22000,22000,22000,22000,22000,22000
98487539,몬스타기어 듀록 무보강용 스테빌라이저,16000,16000,16000,16000,16000,16000,16000,16000
122635801,몬스타기어 스텔라108 프로 유무선 기계식,90070,90070,92000,90070,90070,90070,90070,90070
98487578,몬스타기어 체리식 보강용 스테빌라이저,3800,3800,3800,3800,3800,3800,3800,3800
98486528,몬스타기어 크라이톡스 104 오일 윤활제 (5g),8400,8400,8400,8400,8400,8400,8400,8400
98486501,몬스타기어 크라이톡스 105 오일 윤활제 (5g),8500,8500,8500,8500,8500,8500,8500,8500
98486117,몬스타기어 퍼마텍스 스테빌 윤활제 (10g),3400,3400,3400,3400,3400,3400,3400,3400
98486108,몬스타기어 퍼마텍스 스테빌 윤활제 (5g),1700,1700,1700,1700,1700,1700,1700,1700
98487830,몬스타기어 포론 LE20 흡음재,4500,4500,4500,4500,4500,4500,4500,4500
4064774,무영테크 ROOKY PBT DoubleShot 104 KeyCap (Acid Green),5900,5900,5900,5900,5900,5900,5900,5900
4064764,무영테크 ROOKY PBT DoubleShot 104 KeyCap (Aqua Blue),5900,5900,5900,5900,5900,5900,5900,5900
4064769,무영테크 ROOKY PBT DoubleShot 104 KeyCap (Deep Pink),5880,5880,5880,5880,5880,5880,5880,5880
58119953,바림 모우모우 손목받침대 세트,19800,19800,19800,19800,19800,19800,19800,19800
58119923,바림 모우모우 키보드 손목받침대,13440,13440,13720,13720,13720,13720,13720,13720
81718127,발키리 VK-75 핑크레이디 유무선 기계식,66240,66240,66240,66240,66240,66240,66240,66240
72061406,발키리 VK-87 MERLIN 유무선 기계식,60450,60450,60450,60450,60450,60450,60450,60450
92969663,발키리 VK-87 MIST 유무선 기계식,64290,64300,64990,64990,65000,65000,65000,65000
72978179,발키리 VK-99 PRO LVBU 유무선 기계식,91140,91140,91140,91140,91140,91140,91140,91140
70154558,발키리 VK-99 유무선 기계식 한글,64170,64170,64170,64170,64170,64170,64170,64170
98770058,복숭아 포인트 키캡,5400,5400,5400,5400,5400,5400,5400,5400
69559751,뷰라이프 KM-1816 무선 키보드 마우스 세트,18780,18780,18780,18780,18780,18780,18840,18830
98229494,블루마토 손목보호 (L),12680,12680,12690,12690,12690,12690,12690,12930
98229488,블루마토 손목보호 (M),11070,11070,11080,11080,11080,11080,11080,11290
98229485,블루마토 손목보호 (S),6820,6820,6710,6710,6710,6710,6710,6830
10166538,비치온 VN2-WPA36 텐키리스 알루미늄 손목 받침대 (블랙),27000,27000,27000,27000,27000,27000,27000,27000
74490806,비치온 VN2-WPA36 텐키리스 알루미늄 손목 받침대 (실버),27000,27000,27000,27000,27000,27000,27000,27000
10166598,비치온 VN2-WPA44 알루미늄 손목 받침대 (블랙),29000,29000,29000,29000,29000,29000,29000,29000
74490932,비치온 VN2-WPA44 알루미늄 손목 받침대 (실버),29000,29000,29000,29000,29000,29000,29000,29000
104624321,비트엠 Newsync BITK-BK10 키보드 마우스 세트,14950,14950,14950,14950,14950,14950,14950,14950
104624324,비트엠 Newsync BITK-WT10 키보드 마우스 세트,14950,14950,14950,14950,14950,14950,14950,14950
31311854,비프렌드 K10-USB,28100,28400,28400,28400,28400,28400,28400,28400
11088768,비프렌드 KB700 알루미늄 팬터그래프 유선 키보드,31500,31500,31500,31500,31500,31500,31500,31500
14431265,비프렌드 KB800 (블랙),22890,22890,22890,22890,22890,22890,22890,22890
14431400,비프렌드 KB800 (실버/화이트),22900,22900,22900,22900,22900,22900,22900,22900
18023102,비프렌드 RF425,36500,36500,36500,36500,36500,36500,36500,36500
13071383,비프렌드 RF700 (화이트),32400,32400,32400,32400,32400,32400,32400,32400
11226774,비프렌드 RF800K 무선 (블랙),24890,24890,24890,24890,24890,24890,24890,24890
11226783,비프렌드 RF800K 무선 (실버 화이트),24890,24890,24890,24890,24890,24890,24890,24890
54813449,사오파오 GMK Style,19900,19900,19900,19900,19900,19900,19900,19900
54813869,사오파오 GMK 소야밀크st 체리,19900,19900,19900,19900,19900,19900,19900,19900
67578635,사오파오 MOA 캐릭터 핑크 마이멜로디,29900,29900,29900,29900,29900,29900,29900,29900
67578599,사오파오 MOA 캐릭터 핑크 헬로키티,29900,29900,29900,29900,29900,29900,29900,29900
67578701,사오파오 MOA 캐릭터 화이트 포차코,29900,29900,29900,29900,29900,29900,29900,29900
44765408,사오파오 MOA 포차코,362860,362860,362860,362860,362860,362860,362860,362860
44763560,사오파오 OEM LED 컬러 그라디언트,19900,19900,19900,19900,19900,19900,19900,19900
44764781,사오파오 OEM NEW 푸딩키캡,18000,18000,18000,18000,18000,18000,18000,18000
72983918,사오파오 고양이발 젤리,18900,18900,18900,18900,18900,18900,18900,18900
73121039,사오파오 동물원,14900,14900,14900,14900,14900,14900,14900,14900
28390742,사오파오 러블리퍼플 키캡,9900,9900,9900,9900,9900,9900,9900,9900
55385375,사오파오 마리오 XDA,19900,19900,19900,19900,19900,19900,19900,19900
72984089,사오파오 모디열 분필,9900,9900,9900,9900,9900,9900,9900,9900
55385708,사오파오 목련,39900,39900,39900,39900,39900,39900,39900,39900
55385642,사오파오 미니멀블랙,24900,24900,24900,24900,24900,24900,24900,24900
73766528,사오파오 밀크허니비,19900,19900,19900,19900,19900,19900,19900,19900
73768175,사오파오 버추얼워,9900,9900,9900,9900,9900,9900,9900,9900
55385414,사오파오 베이비 (108Pcs),29900,29900,29900,29900,29900,29900,29900,29900
28390895,사오파오 빈티지블루 키캡 OEM,24900,24900,24900,24900,24900,24900,24900,24900
57692105,사오파오 써커스2,35070,35070,35070,35070,35070,35070,35070,35070
72984167,사오파오 아이스크림,9900,9900,9900,9900,9900,9900,9900,9900
54813470,사오파오 앵그리st 투명,29900,29900,29900,29900,29900,29900,29900,29900
54484058,사오파오 여행 동물의숲 XDA,44950,44950,44950,44950,44950,44950,44950,44950
56449808,사오파오 우주공간 한글,22400,22400,22400,22400,22400,22400,22400,22400
54484085,사오파오 체리 시바 강아지2,19900,19900,19900,19900,19900,19900,19900,19900
73121684,사오파오 카페,29900,29900,29900,29900,29900,29900,29900,29900
55384808,사오파오 파스텔분필,29900,29900,29900,29900,29900,29900,29900,29900
55385729,사오파오 퓨처펑크,19900,19900,19900,19900,19900,19900,19900,19900
96369731,삼성전자 EJ-B7800UBKGKR 무선,102820,102850,102890,102990,103110,103230,102290,102290
13620794,삼성전자 PK1100 전용 키스킨,4000,4000,4000,4000,4000,4000,4000,4000
16781726,삼성전자 SK-M1100B,22890,22890,22890,22890,22890,22890,22890,22890
70766876,삼성전자 SK-M1600B 무선,29900,29900,29900,29900,29900,29900,29900,29900
1095163,삼성전자 SKG-2000UW,28800,28800,28800,28800,28800,28800,28800,28800
14631326,삼성전자 SKG-210PB 전용 키스킨,4000,4000,4000,4000,4000,4000,4000,4000
1056910,삼성전자 SKG-3000UB (키스킨 미포함),21500,21500,21500,21500,21500,21500,21500,21500
1103703,삼성전자 SKG-3000UB (키스킨 포함),21500,21500,21500,21500,21500,21500,21500,21500
14630975,삼성전자 SKP-1000B 전용 키스킨,2880,2880,2880,2880,2880,2880,2880,2880
18736754,삼성전자 SKP-900B 전용,2220,2220,2220,2220,2220,2220,2220,2220
5638241,삼성전자 SKP-900B 키보드 마우스 세트 (키스킨 미포함),26900,26900,26900,26900,26900,26900,26900,26900
5703735,삼성전자 SKP-900B 키보드 마우스 세트 (키스킨 포함),26900,26900,26900,26900,26900,26900,26900,26900
120728692,삼성전자 SKS-9000U 키스킨,6020,6020,6020,6020,6020,6020,6020,6020
14627642,삼성전자 SKS-9000UB 전용 키스킨,3710,3710,3710,3710,3710,3710,3710,3710
73889735,삼성전자 SP-M1800Q 무선 키보드 마우스 세트,62500,62500,62500,62500,62500,62500,62500,62500
89525408,삼성전자 SP-M1900QB 무선 키보드 마우스 세트,54000,54000,54000,54000,54000,54000,54000,54000
62172854,삼성전자 SP-R1600B 무선 키보드 마우스 세트,39900,39900,39900,39900,39900,39900,39900,39900
98918525,삼성전자 SP-R1600W 무선 키보드 마우스 세트,39900,39900,39900,39900,39900,39900,39900,39900
5782793,삼성전자 SPA-JKA1BUB,21490,21490,21490,21490,21490,21490,21490,21490
14618894,삼성전자 SPA-JKA1BUB 전용 키스킨,2800,2800,2800,2800,2800,2800,2800,2800
92103980,삼성전자 SPA-JKA1BUW,21500,21500,21500,21500,21500,21500,21500,21500
6436163,삼성전자 SPA-KKA1BUW 유선 키보드,19900,19900,19900,19900,19900,19900,19900,19900
5775961,삼성전자 SRP-9400B,37500,37790,37790,37790,37790,37790,37790,37790
14628647,삼성전자 SRP-9400B 전용 키스킨,2490,2490,2490,2490,2490,2490,2490,2490
15483236,삼성전자 SRP-9610 (블랙),36900,36900,36900,36900,36900,36900,36900,36900
15483707,삼성전자 SRP-9610 (화이트),36900,36900,36900,36900,36900,36900,36900,36900
14269259,삼성전자 스마트키보드 트리오 500 (블랙),36450,36450,36450,36450,36450,36450,36450,36450
1101923,"삼성전자 키보드 키스킨(skg-2000pb,skg-2000uw,skg-3000ub호환)",1580,1580,1580,1580,1580,1580,1580,1580
3261936,삼지아이티 PISnet 블루키,25670,25670,25670,25670,25670,25670,25670,25670
3025637,삼지아이티 PISnet 폴더,43890,43890,43890,43890,43890,43890,43900,43900
3732091,삼지아이티 PISnet 폴더노트,46900,,,,,,,
16188614,상도아이앤티 ANYZONE ABT50 멀티페어링 블루투스 키보드 (블랙),17900,17900,17900,17900,17900,17900,17900,17900
16188632,상도아이앤티 ANYZONE ABT50 멀티페어링 블루투스 키보드 (화이트),16900,16900,16900,16900,16900,16900,16900,16900
9874485,상도아이앤티 ANYZONE ANK-300 숫자 키패드,7000,7000,7000,7000,7000,7000,7000,7000
17825426,상도아이앤티 ANYZONE ANY-K1 무선 키보드 마우스 세트,12800,12800,12800,12800,12800,12800,12800,12800
17685953,상도아이앤티 ANYZONE ANY-K2 키보드,4900,4900,4900,4900,4900,4900,4900,4900
17668715,상도아이앤티 ANYZONE ANY-K3 키보드 마우스 세트,5900,5900,5900,5900,5900,5900,5900,5900
94809722,상도아이앤티 ANYZONE ANY-K4 무선 (블랙),22890,22890,22890,22890,22890,22890,22890,22890
94809755,상도아이앤티 ANYZONE ANY-K4 무선 (화이트),22890,22890,22890,22890,22890,22890,22890,22890
94809809,상도아이앤티 ANYZONE ANY-K5 무선 (블랙그레이),22900,22900,22900,22900,22900,22900,22900,22900
94809833,상도아이앤티 ANYZONE ANY-K5 무선 (화이트그레이),22900,22900,22900,22900,22900,22900,22900,22900
98918957,상도아이앤티 ANYZONE ANY-K6 (베이지),21900,21900,21900,21900,21900,21900,21900,21900
98918936,상도아이앤티 ANYZONE ANY-K6 (블랙),21570,21570,21380,21380,21380,21380,21380,21380
122704972,상도아이앤티 ANYZONE ANY-K7 (다크그레이),32495,32495,32495,32495,32495,32495,32495,32495
122704979,상도아이앤티 ANYZONE ANY-K7 (블랙핑크),32900,32900,32900,32900,32900,32900,32900,32900
9992988,상도아이앤티 ANYZONE ATK-100 유선 트랙볼 키보드,35900,35900,35900,35900,35900,35900,35900,35900
9993120,상도아이앤티 ANYZONE AWTK-200 무선 트랙볼 키보드,42570,42570,42570,42570,42570,42570,42570,42570
5950745,상도아이앤티 ANYZONE K-5300C PU,10320,10320,10320,10320,10320,10320,10320,10320
11125974,상도아이앤티 ANYZONE K-5300C UU,9800,9800,9800,9800,9800,9800,9800,9800
10436850,상도아이앤티 ANYZONE K-7000C UU 키보드 마우스 세트,11900,11900,11900,11900,11900,11900,11900,11900
5669363,상도아이앤티 ANYZONE K-7100C 키보드 마우스 세트,11330,11330,11330,11330,11790,11790,11790,11790
8093443,상도아이앤티 ANYZONE K400 유선 미니 키보드,6700,6700,6700,6700,6700,6700,6700,6700
8639216,상도아이앤티 ANYZONE K500 USB 미니 키보드,11200,11200,11200,11200,11200,11200,11200,11200
10063347,상도아이앤티 ANYZONE K700 초콜릿 키보드 (핑크),8000,8000,8000,8000,8000,8000,8000,8000
5950813,상도아이앤티 ANYZONE KM-5300U,7810,7810,7810,7810,7810,7810,7810,7810
5669114,상도아이앤티 ANYZONE KM-7000U 유선 키보드,8900,8900,8900,8900,8900,8900,8890,8890
16464989,상도아이앤티 ANYZONE T7 대나무 손목 받침대,11380,11380,11380,11380,11380,11380,11380,11380
16452572,상도아이앤티 ANYZONE T8 TKL 대나무 손목 받침대,11380,11380,11380,11380,11380,11380,11380,11380
7791040,상도아이앤티 ANYZONE WMK-300 무선 키보드 마우스 세트 (블랙),18900,18900,18495,18900,18900,18900,18900,18900
7791118,상도아이앤티 ANYZONE WMK-300 무선 키보드 마우스 세트 (화이트),18900,18900,18495,18900,18900,18900,18900,18900
11638076,샤이닝몰 COMSOME BXK-200 키보드 청소용도구 클리닝키트,4190,4190,4190,4190,4190,4190,4190,3910
94089074,샤이닝몰 컴썸 DK-500,19010,19010,19010,19010,19010,19010,19010,19010
13543949,샤이닝몰 컴썸 키보드 손목받침대,9800,9800,9800,9800,9800,9800,9800,9800
11177217,서원씨엔케이 카카오 KF 무선 키보드,25400,25400,25400,25400,25400,25400,25400,25400
4816588,서진네트웍스 BK-6000S,29780,29780,29780,29780,29780,31110,31110,31110
59924417,서진네트웍스 UNICORN BK-1000SB 무선 키보드 마우스 세트,29520,29520,29520,28310,28310,28310,28310,28310
59923691,서진네트웍스 UNICORN BK-1200SB 무선,35410,35410,35410,35410,35410,35410,35410,35410
72004289,서진네트웍스 UNICORN BK-3000S 무선 키보드 마우스 세트,10900,10900,10900,10900,10900,10900,10900,10900
17651012,서진네트웍스 UNICORN BK-500SB 블루투스 키보드,17700,16640,16640,16640,16640,16640,16640,16640
34374320,서진네트웍스 UNICORN BK-600SB 무선 블루투스 듀얼모드 키보드 마우스 세트,26520,26520,26520,26520,26520,26520,26520,26520
17302934,서진네트웍스 UNICORN BK-8000S 무선 키보드 마우스 세트,13260,13260,13260,13260,13260,13260,13260,13260
40720274,서진네트웍스 UNICORN BK-800SB 블루투스,19490,19490,19490,19490,19490,19490,19490,19490
124364036,서진네트웍스 UNICORN BK-9000S 무선 키보드 마우스 세트,15900,15900,15900,15900,15900,15900,15900,
40720223,서진네트웍스 UNICORN BK-900SB 블루투스,19490,19490,19490,19490,19490,19490,19490,19490
96366224,서진네트웍스 UNICORN BK-950SB 무선 키보드 마우스 세트,31050,31050,31050,31050,31050,31050,31050,31050
12498533,"세컨드찬스 GEEKSTAR MKK 마블 카와이 어벤져스 무소음 무선 키보드 (블랙팬서, 블랙)",16900,16900,16900,16900,16900,16900,16900,16900
12498710,"세컨드찬스 GEEKSTAR MKK 마블 카와이 어벤져스 무소음 무선 키보드 (블랙팬서, 화이트)",16900,16900,16900,16900,16900,16900,16900,16900
13510994,수정나무연구소 텐키리스 느티나무 팜레스트 손목받침대,33900,33900,33900,33900,33900,33900,33900,33900
101012411,스마텍 STBK-4000 (블랙),9900,9900,9900,9900,9900,9900,9900,9900
28583885,스마토이 6KEY 미니,31090,31090,31090,31090,31090,31090,31090,31090
16963421,스카이디지탈 NKEY Z2 LED (갈축),43897,43800,43800,43800,43800,43790,43790,43521
16963400,스카이디지탈 NKEY Z2 LED (청축),43350,43800,43800,43800,43800,43790,43790,43521
3635318,스카이디지탈 NKEYBOARD BAG 키보드 전용 가방,24800,24800,24800,24800,24800,24800,24800,24800
99051869,스카이디지탈 NKEYBOARD NK21 (갈축),39500,39500,39500,39500,39500,39500,39500,39500
102549983,스카이디지탈 NKEYBOARD NK21 (적축),39500,39500,39500,39500,39500,39500,39500,39500
67509251,스카이디지탈 NKEYBOARD NKEY 8K,47800,59800,59800,56810,56810,56810,56810,56810
2645759,스카이디지탈 NKEYBOARD NKEY-1 (브라운),39300,39300,39300,39300,39300,39300,39300,39300
863027,스카이디지탈 NKEYBOARD NKEY-1 (키스킨+손목받침대 포함),31260,31260,32890,32890,32890,32890,32890,32890
2415346,스카이디지탈 NKEYBOARD NKEY-2,40000,39800,39800,39800,39800,39800,39800,39800
2040560,스카이디지탈 NKEYBOARD NKEY-매크로,45000,45000,45000,45000,45000,45000,45000,45000
28577327,스카이디지탈 WL320 전용,7430,7430,7430,7430,7440,7680,7350,7350
2009589,스카이디지탈 nkeyboard nkey 전용 실리콘 키스킨,11150,11150,11150,11150,11150,11150,11150,11150
10556034,스틸시리즈 Apex 3 (정품),99100,99100,99100,99100,99100,99100,99100,99100
10851624,스틸시리즈 Apex 3 (해외구매),109800,109800,109800,109800,109800,109800,109800,109800
96709670,스틸시리즈 Apex 3 TKL US (Aqua),75800,75800,75800,75800,89900,89900,89900,89900
96709655,스틸시리즈 Apex 3 TKL US (Lavender),75800,75800,75800,75800,89900,89900,89900,89900
80149382,스틸시리즈 Apex 3 TKL US (White),75800,75800,75800,75800,89900,89900,89900,89900
9225315,스틸시리즈 Apex 7 TKL (적축),233240,233240,233240,233240,233240,233240,233240,233240
20079368,스틸시리즈 Apex 7 TKL US (적축),97000,97000,97000,97000,101150,101150,101150,169150
44416493,스틸시리즈 Apex 7 TKL US (청축),97000,97000,97000,97000,101150,101150,101150,169150
20079146,스틸시리즈 Apex 7 US (적축),219000,219000,219000,219000,219000,219000,219000,219000
17874809,스틸시리즈 Apex 9 Mini US,199000,199000,199000,199000,199000,199000,199000,199000
17874857,스틸시리즈 Apex 9 TKL US,239000,239000,239000,239000,239000,239000,239000,239000
67625105,스틸시리즈 Apex Pro Gen 3 US,355000,355000,355000,313650,313650,313650,313650,309150
17446844,스틸시리즈 Apex Pro Mini (정품),299000,299000,299000,299000,299000,299000,299000,299000
78971555,스틸시리즈 Apex Pro Mini Gen 3 US,280000,280000,262650,262650,262650,262650,262650,259650
17450069,스틸시리즈 Apex Pro Mini Wireless (정품),344000,344000,344000,344000,399000,399000,399000,399000
17977730,스틸시리즈 Apex Pro TKL (정품),209000,209000,177650,177650,177650,177650,177650,177650
67625198,스틸시리즈 Apex Pro TKL Gen 3 KR (Black),323000,323000,323000,323000,341050,341050,341050,341050
78971435,스틸시리즈 Apex Pro TKL Gen 3 KR (White),323000,323000,323000,323000,359000,359000,359000,359000
67625183,스틸시리즈 Apex Pro TKL Gen 3 US (Black),215690,215690,215690,215650,215690,215690,215690,215690
124364060,스틸시리즈 Apex Pro TKL Gen 3 US (Cyber),359000,323100,323100,323100,323100,323100,323100,
124364064,스틸시리즈 Apex Pro TKL Gen 3 US (Steel),359000,323100,323100,323100,323100,323100,323100,
78971459,스틸시리즈 Apex Pro TKL Gen 3 US (White),323000,323000,323000,323000,359000,359000,359000,359000
67625165,스틸시리즈 Apex Pro WL TKL Gen 3 US,398000,398000,398000,398000,417570,417570,417570,445550
55453199,스틸시리즈 TKL PBT,47400,47400,47400,47400,47400,47400,47400,47400
93315740,스틸시리즈 아티산 월드 오브 워크래프트 에디션,129000,129000,129000,129000,129000,129000,129000,129000
94081673,스포트라이트 권투글러브 손목받침대,11710,11830,11830,11830,11708,11708,11708,11708
18398198,스포트라이트 나비매듭 손목보호 키보드 팜레스트 (36),10200,10200,10200,10200,10200,10200,10200,10200
18398189,스포트라이트 나비매듭 손목보호 키보드 팜레스트 (44),11300,11300,11300,11300,11300,11300,11300,11300
63853943,스포트라이트 댕댕이발바닥 시즌2 팜레스트 세트,24000,24000,24000,24000,24000,24000,24000,24000
17863778,스포트라이트 댕댕이발바닥 팜레스트 (38),12770,12910,12910,12910,12775,12775,12775,12770
91040051,스포트라이트 댕댕이발바닥 팜레스트 (46),13830,13980,13980,13980,13833,13833,13833,13833
91040216,스포트라이트 댕댕이발바닥 팜레스트 세트 (38),24000,24000,24000,24000,24000,24000,24000,24000
96423302,스포트라이트 롤리팝 세트,22290,22530,22530,22530,22530,22530,22530,22530
94082015,스포트라이트 롤리팝 손목받침대,12620,12750,12750,12750,12750,12750,12750,12750
63871880,스포트라이트 스티치오피스 키보드 손목받침대,9890,9890,9890,9890,9890,9890,9890,9660
63873665,스포트라이트 스티치오피스 팜레스트 세트,19030,19030,19030,19030,19030,19030,19030,19030
92186087,스포트라이트 조약돌 세트 (노블화이트),21240,21460,21460,21430,21430,21430,21430,21430
92186084,스포트라이트 조약돌 세트 (로맨스블루),21790,21790,21790,21430,21430,21430,21430,21430
92186105,스포트라이트 조약돌 세트 (스트로베리핑크),21230,21460,21430,21430,21430,21430,21430,21430
92186093,스포트라이트 조약돌 세트 (올드로즈),21230,21460,21460,21430,21430,21430,21430,21430
92186099,스포트라이트 조약돌 세트 (울트라바이올렛),21230,21460,21430,21430,21430,21430,21430,21430
92186090,스포트라이트 조약돌 세트 (페블그레이),21230,21460,21460,21430,21430,21430,21430,21430
63847514,스포트라이트 캔디 컬렉션 플러스 팜레스트 세트,22120,22360,22414,22360,22116,22116,22116,22116
78782276,시이닷 네모진 키캡,75010,75810,75810,75810,75810,75810,75810,75810
78782129,시이닷 다이어리 키캡,79800,79800,79800,79800,79800,79800,79800,79800
78782258,시이닷 아바로떼스베 믹뜰란 키캡,75010,75810,75810,75810,75810,75810,75810,75810
78782264,시이닷 와글바글 키캡,75010,75810,75810,75810,75810,75810,75810,75810
78782351,시이닷 한국의 미 키캡 (교태전 단청),75010,75810,75810,75810,75810,75810,75810,75810
78782339,시이닷 한국의 미 키캡 (단청),75010,75810,75810,75810,75810,75810,75810,75810
78782306,시이닷 한국의 미 키캡 (모노 단청),75010,75810,75810,75810,75810,75810,75810,75810
78782324,시이닷 한국의 미 키캡 (화이트 단청),75010,75810,75810,75810,75810,75810,75810,75810
14075621,써멀테이크 ARGENT K5 RGB 게이밍 키보드 (청축),141500,141500,141500,141500,141500,141500,141500,141500
14075930,써멀테이크 WR1 키보드 손목받침대,19900,19900,19900,19900,19900,19900,19900,19900
6254095,써멀테이크 X1 RGB 체리 MX 게이밍 키보드 (청축),127000,127000,127000,127000,127000,127000,127000,127000
98184707,쓰리윈즈 인터픽셀 IPK104 PRO 유무선 기계식 (저소음 솜사탕축),89000,87200,87200,87200,87200,87200,87200,87200
98184716,쓰리윈즈 인터픽셀 IPK104 PRO 유무선 기계식 (저소음 피치축),99000,99000,99000,99000,99000,99000,99000,99000
122694392,쓰리윈즈 인터픽셀 IPK301 무선,59000,59000,59000,59000,59000,59000,59000,59000
54314690,아이노비아 YUNZII AL71 유무선 기계식 (그린),120000,120000,120000,120000,120000,120000,120000,120000
54314684,아이노비아 YUNZII AL71 유무선 기계식 (레드),120000,120000,120000,120000,120000,120000,120000,120000
54314681,아이노비아 YUNZII AL71 유무선 기계식 (블랙),120000,120000,120000,120000,120000,120000,120000,120000
54314678,아이노비아 YUNZII AL71 유무선 기계식 (블루),120000,120000,120000,120000,120000,120000,120000,120000
54314693,아이노비아 YUNZII AL71 유무선 기계식 (퍼플),120000,120000,120000,120000,120000,120000,120000,120000
54314675,아이노비아 YUNZII AL71 유무선 기계식 (핑크),120000,120000,120000,120000,120000,120000,120000,120000
19979078,아이노비아 YUNZII Keynovo IF98,120000,120000,120000,120000,120000,120000,120000,120000
19976957,아이노비아 YUNZII X75 (블랙),38900,38900,38900,38900,38900,38900,38900,38900
20328707,아이노비아 YUNZII X75 (화이트),38900,38900,38900,38900,38900,38900,38900,38900
29619701,아이노비아 YUNZII YZ75 유무선 기계식 민트 (백축),120000,120000,120000,120000,120000,120000,120000,120000
29621516,아이노비아 YUNZII YZ75 유무선 기계식 민트 (적축),120000,120000,120000,120000,120000,120000,120000,120000
29619725,아이노비아 YUNZII YZ75 유무선 기계식 핑크 (백축),120000,120000,120000,120000,120000,120000,120000,120000
29621558,아이노비아 YUNZII YZ75 유무선 기계식 핑크 (적축),120000,120000,120000,120000,120000,120000,120000,120000
29620958,아이노비아 YUNZII YZ75 유무선 기계식 화이트 (갈축),120000,120000,120000,120000,120000,120000,120000,120000
29491295,아이노비아 YUNZII YZ75 유무선 기계식 화이트 (백축),120000,120000,120000,120000,120000,120000,120000,120000
29620931,아이노비아 YUNZII YZ75 유무선 기계식 화이트 (적축),120000,120000,120000,120000,120000,120000,120000,120000
29620973,아이노비아 YUNZII YZ75 유무선 기계식 화이트 (황축),120000,120000,120000,120000,120000,120000,120000,120000
59927240,아이노트 아크릴 팜레스트 (미니),13570,13570,13570,13570,13570,13570,13570,13570
59927141,아이노트 아크릴 팜레스트 (텐키리스),13570,13570,13570,13570,13570,13570,13570,13570
59927036,아이노트 아크릴 팜레스트 (풀타입),16800,16800,16800,16800,16800,16800,16800,16800
119272399,아이락스 RF-6570 전용 키스킨,5670,5670,5670,5670,5670,5670,5670,5670
21464051,아이리버 EQwear-Basic Combo 무선 키보드 마우스 세트 (블랙),29900,29900,29900,29900,29900,29900,29900,29900
21464129,아이리버 EQwear-Basic Combo 무선 키보드 마우스 세트 (화이트),29900,29900,29900,29900,29900,29900,29900,29900
72227390,아이리버 EQwear-ERGO WAVE EW3 무선 (블랙),49500,49500,49500,49500,49500,49500,49500,49500
72227378,아이리버 EQwear-ERGO WAVE EW3 무선 (화이트),49500,49500,49500,49500,49500,49500,49500,49500
6577873,아이리버 EQwear-K30 유선 키보드 (블랙),15500,15500,15500,15500,15500,15500,15500,15500
21694283,아이리버 EQwear-MVS6000 무선 키보드 마우스 세트 (블랙),98430,98430,98430,98430,98430,98430,98430,98430
12023729,아이리버 EQwear-MVS7000 (화이트),110830,110830,107190,107190,107190,107190,107190,107190
12055316,아이리버 EQwear-Q75 (네이비),33940,33940,33940,33940,33940,33940,33940,33970
12055355,아이리버 EQwear-Q75 (핑크),70830,70830,70830,70830,70830,70830,70830,70830
12055352,아이리버 EQwear-Q75 (화이트),73470,73470,73470,73470,73470,73470,73470,73500
6579349,아이리버 EQwear-T30 무선 키보드 마우스 세트 (블랙),29990,29990,29990,29990,29990,29990,29990,29990
6579358,아이리버 EQwear-T30 무선 키보드 마우스 세트 (화이트),61470,61470,61470,61470,61470,61470,61470,61470
6680386,아이리버 EQwear-X30 무선 키보드 마우스 세트 (블루),58620,58620,58620,58620,58620,58620,58620,58620
6680404,아이리버 EQwear-X30 무선 키보드 마우스 세트 (파스텔),19900,19900,19900,19900,19900,19900,19900,19900
6680398,아이리버 EQwear-X30 무선 키보드 마우스 세트 (핑크),19900,19900,19900,19900,19900,19900,19900,19900
36307739,아이리버 GK CL1 기계식 (그레이),42990,42990,42990,42990,42990,42990,42990,42990
36790100,아이리버 GK CL1 기계식 (핑크),42990,42990,42990,42990,42990,42990,42990,42990
4820136,아이리버 IR-K2000 (로즈골드),15990,15990,15990,15990,15990,15990,15990,15990
4820122,아이리버 IR-K2000 (블랙),15990,15990,15990,15990,15990,15990,15990,15990
4820140,아이리버 IR-K2000 (코발트블루),35730,35730,35730,35730,35730,35730,35730,35720
4820131,아이리버 IR-K2000 (화이트),16000,16000,16000,16000,16000,16000,16000,16000
4810292,아이리버 IR-WMK5000 (로즈골드),64160,64160,64160,64160,64160,64160,64160,64190
4810266,아이리버 IR-WMK5000 (블랙),36180,36180,32265,33000,33000,33000,33000,33000
4810312,아이리버 IR-WMK5000 (코발트블루),47610,48360,33000,33000,33000,33000,33000,33000
4810284,아이리버 IR-WMK5000 (화이트),29700,29700,29700,29700,29700,29700,29700,29700
77317844,아이리버 IR-WMK5000 전용 키스킨,3000,3000,3000,3000,3000,3000,3000,3000
17587340,아이리버 JL-WS100 아이리버 x 진로 무선 키보드 마우스 세트 (블루 두꺼비),47500,47500,47500,47500,47500,47500,47500,47500
17587343,아이리버 JL-WS100 아이리버 x 진로 무선 키보드 마우스 세트 (핑크 두꺼비),39050,39050,39050,39050,39050,39050,39050,39050
99916463,아이리버 K101 (블랙),14730,14730,14730,14730,14730,14730,14730,14730
99916472,아이리버 K101 (화이트),14730,14730,14730,14730,14730,14730,14730,14730
124129356,아이리버 K101X 무선 (블랙),20880,20880,20880,20880,20880,20880,20880,20880
124129357,아이리버 K101X 무선 (화이트),20880,20880,20880,20880,20880,20880,20880,20880
97778282,아이리버 K601U (블랙),24500,24500,24500,24500,24500,24500,24500,24500
97778294,아이리버 K601U (화이트),24500,24500,24500,24500,24500,24500,24500,24500
98919410,아이리버 KM101 키보드 마우스 세트 (블랙),19490,19490,19490,19490,19490,19490,19490,19490
98919428,아이리버 KM101 키보드 마우스 세트 (화이트),19490,19490,19490,19490,19490,19490,19490,19490
15250079,아이리버 MEDIC-BK1 항균 블루투스 키보드 (블랙),39800,39800,39800,39800,39800,39800,39800,39800
15250115,아이리버 MEDIC-BK1 항균 블루투스 키보드 (화이트),39800,39800,39800,39800,39800,39800,39800,39800
15452816,아이리버 MEDIC-BK5 항균 블루투스 키보드 (블랙),38650,38720,38750,38850,38870,38970,38990,38990
15453266,아이리버 MEDIC-BK5 항균 블루투스 키보드 (화이트),37900,37900,37900,37900,37900,37900,37900,37900
15273095,아이리버 MEDIC-BS1 항균 무선 블루투스 키보드 마우스 세트 (블랙),110630,110630,110630,110630,110630,110630,110630,110630
15273239,아이리버 MEDIC-BS1 항균 무선 블루투스 키보드 마우스 세트 (화이트),110630,110630,110630,110630,110630,110630,110630,110630
15253757,아이리버 MEDIC-WS1 항균 무선 키보드 마우스 세트 (블랙),48850,48850,48850,48850,48850,,,
15253775,아이리버 MEDIC-WS1 항균 무선 키보드 마우스 세트 (화이트),54800,54800,54800,54800,54800,,,
101072042,아이리버 MVS601 무선 키보드 마우스 세트 (라벤더),38500,38500,38500,38500,38500,38500,38500,38500
101072036,아이리버 MVS601 무선 키보드 마우스 세트 (블랙),38500,38500,38500,38500,38500,38500,38500,38500
101072048,아이리버 MVS601 무선 키보드 마우스 세트 (화이트),38500,38500,38500,38500,38500,38500,38500,38500
101630087,아이리버 MWK601 무선 (라벤더),28900,28900,28900,28900,28900,28900,28900,28900
101630081,아이리버 MWK601 무선 (블랙),28900,28900,28900,28900,28900,28900,28900,28900
101630090,아이리버 MWK601 무선 (화이트),28900,28900,28900,28900,28900,28900,28900,28900
15673292,아이리버 Medic-K1 항균 유선 저소음 키보드 (블랙),19700,19700,19700,19700,19700,19700,19700,19700
15673310,아이리버 Medic-K1 항균 유선 저소음 키보드 (핑크),19990,19990,19990,19990,19990,19990,19990,19990
15673301,아이리버 Medic-K1 항균 유선 저소음 키보드 (화이트),19700,19700,19700,19700,19700,19700,19700,19700
15673397,아이리버 Medic-WS3 항균 저소음 무선 키보드 마우스 세트 (블랙),38890,38890,38890,38890,38890,38890,38890,38890
15673424,아이리버 Medic-WS3 항균 저소음 무선 키보드 마우스 세트 (핑크),38890,38890,38890,38890,38890,38890,38890,38890
15673412,아이리버 Medic-WS3 항균 저소음 무선 키보드 마우스 세트 (화이트),38890,38890,38890,38890,38890,38890,38890,38890
18882260,아이리버 PROP 거치형 (핑크),37000,37000,37000,37000,37000,37000,37000,37000
18882278,아이리버 PROP 거치형 (화이트),39240,39240,39240,39240,39240,39240,39240,39240
122653495,아이리버 WK101 무선 (블랙),18900,18900,18900,18900,18900,18900,18900,18900
122653496,아이리버 WK101 무선 (화이트),18900,18900,18900,18900,18900,18900,18900,18900
98771498,아이리버 WS101 무선 키보드 마우스 세트 (블랙),24900,24900,24900,24900,24900,24900,24900,24900
98771504,아이리버 WS101 무선 키보드 마우스 세트 (핑크),24900,24900,24900,24900,24900,24900,24900,24900
98771501,아이리버 WS101 무선 키보드 마우스 세트 (화이트),24900,24900,24900,24900,24900,24900,24900,24900
97778426,아이리버 WS301 무선 키보드 마우스 세트 (블랙),31890,31890,31890,31890,31890,31890,31890,31890
97778435,아이리버 WS301 무선 키보드 마우스 세트 (화이트),31890,31890,31890,31890,31890,31890,31890,31890
99053465,아이리버 WS301 전용 키스킨,4000,4000,4000,4000,4000,4000,4000,4000
4875087,아이온코리아 BOSSWIZ BK-7000,18000,18000,18000,18000,18000,18000,18000,18000
16798244,아이온코리아 BOSSWIZ BOK-31B 블루투스 키보드 (블랙),22500,22500,22500,22500,22500,22500,22500,22500
4841620,아이온코리아 BOSSWIZ K80 (블랙),15000,15000,15000,15000,15000,15000,15000,15000
4841627,아이온코리아 BOSSWIZ K80 (화이트),15000,15000,15000,15000,15000,15000,15000,15000
3899883,아이온코리아 BOSSWIZ K9 LED 게이밍 키보드,12510,12510,12510,12510,12510,12510,12510,12510
8179873,아이온코리아 PLANTIUM K303,18450,18450,18450,18450,18450,18450,18450,18450
3999621,아이온코리아 비트아이티뮤즈 BT1000 (블랙),13190,13190,13190,13190,13190,13190,13190,13190
3999624,아이온코리아 비트아이티뮤즈 BT1000 (화이트),13200,13200,13200,13200,13200,13200,13200,13200
18678191,아이존아이앤디 EZ WP-30,6480,6480,6480,6480,6480,6480,6480,6480
28187525,아이콘스 카카오프렌즈 KFW-100 (죠르디),24800,24800,24800,24800,24800,24800,24800,24800
28187555,아이콘스 카카오프렌즈 KFW-100 (춘식이),35860,35860,35860,35860,35860,37340,37340,37340
75989741,아이콘스 카카오프렌즈 춘식이 키보드 쿠션,9160,9160,9160,9160,9160,9160,9160,9160
29398226,아이퀸 고급형 메모리폼 손목 받침대 세트,17180,17180,17180,17910,17490,17180,17180,17180
28826780,아이퀸 키보드 마우스 손목 쿠션 세트,12960,12960,12960,12960,12960,12960,12960,12960
15500981,아이피엑스 카카오프렌즈 유선 키보드 마우스 세트 (라이언),31680,31680,31680,31680,31680,31680,31680,31680
15500999,아이피엑스 카카오프렌즈 유선 키보드 마우스 세트 (어피치),27260,27260,29000,29000,29000,29000,29000,29000
2233596,아티스 CS101 키보드 스티커,2670,2670,2670,2670,2670,2670,2670,2670
15303485,알텍랜싱 ALBC6214 유선 버티컬 키보드 마우스 세트,12400,12400,12400,12400,12400,12400,12400,12400
15356312,"알텍랜싱 ALBC6314 무선 키보드 마우스 세트 (민트, 키스킨 미포함)",13800,13800,13800,13800,13800,13800,13800,13800
15356318,"알텍랜싱 ALBC6314 무선 키보드 마우스 세트 (핑크, 키스킨 미포함)",13800,13800,13800,13800,13800,13800,13800,13800
15327230,"알텍랜싱 ALBK6314 무선 키보드 (민트, 키스킨포함)",10500,10500,10500,10500,10500,10500,10500,10500
15327206,"알텍랜싱 ALBK6314 무선 키보드 (블랙, 키스킨포함)",24720,24720,24720,24720,24720,24720,24720,24720
15327239,"알텍랜싱 ALBK6314 무선 키보드 (핑크, 키스킨포함)",10500,10500,10500,10500,10500,10500,10500,10500
15327221,"알텍랜싱 ALBK6314 무선 키보드 (화이트, 키스킨포함)",10500,10500,10500,10500,10500,10500,10500,10500
17203619,알텍랜싱 ALBK6331,7630,7630,7630,7630,7630,7630,7630,7630
17285081,알토디자인 엑스트라 gni-603 무선 블루투스 숫자 키패드 (블랙),39800,39800,39800,39800,39800,39800,39800,39800
94568906,알토디자인 엑스트라 gni-603 무선 블루투스 숫자 키패드 (화이트),39800,39800,39800,39800,39800,39800,39800,39800
3174314,알피티랜드 ANYKEY GK100,37400,37400,37400,37400,37400,37400,37400,37400
92679164,애니클리어 PDB-KWR02 받침대 팜레스트 세트,16900,16900,16900,16900,16900,16900,16900,16900
62647007,액티브키 AK-C8100,142000,142000,142000,142000,142000,142000,142000,142000
123652094,앱코 31가지 레진 아티산 키캡 컬렉션,19000,19000,19000,19000,19000,19000,19000,19000
95850980,앱코 A108K 3모드 퀵스압 유무선 기계식 마일드 블루 (맘모스축),69900,69900,69900,69900,69900,69900,69900,69900
95851013,앱코 A108K 3모드 퀵스압 유무선 기계식 마일드 블루 (벚꽃축),103890,103890,103890,103890,103890,103890,103890,103890
102355322,앱코 A108K 3모드 퀵스압 유무선 기계식 말차그린 (맘모스축),69900,69900,69900,69900,69900,69900,69680,65000
102355325,앱코 A108K 3모드 퀵스압 유무선 기계식 말차그린 (벚꽃축),119000,119000,119000,119000,119000,119000,119000,103900
102355316,앱코 A108K 3모드 퀵스압 유무선 기계식 피오니 (맘모스축),69900,69900,69900,69900,69900,69900,69900,69900
95850806,앱코 A87K 3모드 퀵스압 유무선 기계식 (벚꽃축),89200,89200,68900,68900,68900,68900,68900,68900
103690748,앱코 ACH105 오피스워커 유무선 기계식 라벤더 (벚꽃축),89000,89000,89000,89000,89000,89000,89000,82770
103690739,앱코 ACH105 오피스워커 유무선 기계식 라벤더 (저소음 바다소금축),77520,77520,77520,77520,77520,77520,77520,73470
103690742,앱코 ACH105 오피스워커 유무선 기계식 라벤더 (저소음 택타일 바다소금축),79000,79000,79000,79000,79000,79000,79000,73470
122645090,앱코 ACH105 오피스워커 유무선 기계식 블랙 (벚꽃축),89000,89000,89000,89000,89000,89000,89000,89000
122645087,앱코 ACH105 오피스워커 유무선 기계식 블랙 (저소음 바다소금축),79000,79000,79000,79000,79000,79000,79000,79000
122645088,앱코 ACH105 오피스워커 유무선 기계식 블랙 (저소음 택타일 바다소금축),79000,79000,79000,79000,79000,79000,79000,79000
103690751,앱코 ACH105 오피스워커 유무선 기계식 앨리스블루 (벚꽃축),89000,89000,89000,89000,89000,89000,89000,82770
103690760,앱코 ACH105 오피스워커 유무선 기계식 앨리스블루 (저소음 바다소금축),79000,79000,79000,79000,79000,79000,78760,73470
103690754,앱코 ACH105 오피스워커 유무선 기계식 앨리스블루 (저소음 택타일 바다소금축),79000,79000,79000,79000,79000,79000,79000,73470
124011785,앱코 ACH108 우주를 품은 MBTI 유무선 기계식 드림 핑크 (라벤더축),95000,95000,95000,95000,95000,95000,94010,95000
123435985,앱코 ACH108 우주를 품은 MBTI 유무선 기계식 드림 핑크 (벚꽃축),95000,95000,95000,95000,95000,95000,94010,95000
124011776,앱코 ACH108 우주를 품은 MBTI 유무선 기계식 루나실버 (라벤더축),95000,95000,95000,95000,95000,95000,94010,95000
123435987,앱코 ACH108 우주를 품은 MBTI 유무선 기계식 루나실버 (벚꽃축),95000,95000,95000,95000,95000,95000,94010,95000
124011768,앱코 ACH108 우주를 품은 MBTI 유무선 기계식 스타라이트 (라벤더축),95000,95000,95000,95000,95000,95000,94010,95000
123435977,앱코 ACH108 우주를 품은 MBTI 유무선 기계식 스타라이트 (벚꽃축),95000,95000,95000,95000,95000,95000,94010,95000
122630025,앱코 ACM105 유무선 (블랙),39000,39000,39000,39000,39000,39000,38880,36270
122633320,앱코 AF108PRO ABKO x SOAI 콜라보 3모드 기계식 와인그레이 (경해축),87000,87000,87000,87000,87000,87000,87000,80910
122633313,앱코 AF108PRO ABKO x SOAI 콜라보 3모드 기계식 와인그레이 (세이야축),74000,74000,74000,74000,74000,74000,74000,68820
122633325,앱코 AF108PRO ABKO x SOAI 콜라보 3모드 기계식 와인그레이 (소복눈축),79000,79000,79000,79000,79000,79000,79000,73470
122633317,앱코 AF108PRO ABKO x SOAI 콜라보 3모드 기계식 와인그레이 (저소음 너울축),79000,79000,79000,79000,79000,79000,79000,73470
101953511,앱코 AF108PRO ABKO x SOAI 콜라보 3모드 기계식 코랄블루 (경해축),85510,85510,85510,85510,85510,85510,85510,80910
101953496,앱코 AF108PRO ABKO x SOAI 콜라보 3모드 기계식 코랄블루 (세이야축),74000,74000,74000,74000,74000,74000,73770,68820
101953517,앱코 AF108PRO ABKO x SOAI 콜라보 3모드 기계식 코랄블루 (소복눈축),79000,79000,79000,79000,79000,79000,78760,73470
101953505,앱코 AF108PRO ABKO x SOAI 콜라보 3모드 기계식 코랄블루 (저소음 너울축),79000,79000,79000,79000,79000,79000,78760,73470
18716624,앱코 AG75 가스켓 마운트 기계식 로즈 핑크 (갈축),43900,43900,43900,43900,43900,43900,43900,43900
18717182,앱코 AG75 가스켓 마운트 기계식 로즈 핑크 (적축),33900,33900,33900,33900,33900,33900,33900,33900
39103064,앱코 AG75W 가스켓 마운트 유무선 블루투스 기계식 로즈 핑크 (갈축),43900,43900,43900,43900,43900,43900,43900,43900
39102998,앱코 AG75W 가스켓 마운트 유무선 블루투스 기계식 로즈 핑크 (적축),43900,43900,43900,43900,43900,43900,43900,43900
39103139,앱코 AG75W 가스켓 마운트 유무선 블루투스 기계식 쿨 민트 (갈축),43900,43900,43900,43900,43900,43900,43900,43900
39103130,앱코 AG75W 가스켓 마운트 유무선 블루투스 기계식 쿨 민트 (적축),43900,43900,43900,43900,43900,43900,43900,43900
39103112,앱코 AG75W 가스켓 마운트 유무선 블루투스 기계식 퍼플 블루 (갈축),43900,43900,43900,43900,43900,43900,43900,43900
39103109,앱코 AG75W 가스켓 마운트 유무선 블루투스 기계식 퍼플 블루 (적축),43900,43900,43900,43900,43900,43900,43900,43900
79111034,앱코 AK10 오피스 마스터 슬림 무선 (블랙),15900,15900,15900,15900,15900,15900,15900,15900
80520944,앱코 AK10 오피스 마스터 슬림 무선 (옐로우),15900,15900,15900,15900,15900,15900,15850,15900
80524988,앱코 AK10 오피스 마스터 슬림 무선 (핑크),15900,15900,15900,15900,15900,15900,15850,15900
80519558,앱코 AK10 오피스 마스터 슬림 무선 (화이트),15900,15900,15900,15900,15900,15900,15850,15900
93015494,앱코 AK108 3모드 OTEMU 특주축 유무선 기계식 그레이 (거북이 등껍질축),59000,59000,59000,59000,59000,59000,59000,59000
93015446,앱코 AK108 3모드 OTEMU 특주축 유무선 기계식 그레이 (멜론축),79780,79780,79780,79780,75710,75710,59000,75740
93015509,앱코 AK108 3모드 OTEMU 특주축 유무선 기계식 그린 (거북이 등껍질축),58470,58470,58470,58470,58470,58470,58470,58470
93015503,앱코 AK108 3모드 OTEMU 특주축 유무선 기계식 그린 (멜론축),49000,49000,49000,49000,49000,49000,49000,49000
93015512,앱코 AK108 3모드 OTEMU 특주축 유무선 기계식 그린 (피치축),59000,59000,59000,59000,59000,59000,59000,59000
93015521,앱코 AK108 3모드 OTEMU 특주축 유무선 기계식 올리비아 (거북이 등껍질축),59000,59000,59000,59000,59000,59000,58810,59000
73125011,앱코 AK84BT 블루투스 무선 슬림 기계식 다크 그레이 (갈축),49000,49000,49000,49000,49000,49000,49000,49000
73125002,앱코 AK84BT 블루투스 무선 슬림 기계식 다크 그레이 (적축),79600,79600,79600,79600,79600,79600,79600,79600
73124996,앱코 AK84BT 블루투스 무선 슬림 기계식 화이트 그레이 (갈축),49000,49000,49000,49000,49000,49000,49000,49000
73075133,앱코 AK84BT 블루투스 무선 슬림 기계식 화이트 그레이 (적축),49000,49000,49000,49000,49000,49000,49000,49000
74819528,앱코 AK87 3모드 OTEMU 특주축 유무선 기계식 그레이 (멜론축),49000,49000,49000,49000,49000,49000,49000,48950
74819564,앱코 AK87 3모드 OTEMU 특주축 유무선 기계식 그레이 (저소음 피치축),53000,53000,53000,53000,53000,53000,53000,52940
74828639,앱코 AK87 3모드 OTEMU 특주축 유무선 기계식 다크 그라데이션 (멜론축),61000,61000,61000,61000,61000,61000,61000,61000
74829761,앱코 AK87 3모드 OTEMU 특주축 유무선 기계식 블랙 (멜론축),61000,61000,61000,61000,61000,61000,61000,60940
74821496,앱코 AK87 3모드 OTEMU 특주축 유무선 기계식 올리비아 (저소음 피치축),53000,53000,53000,53000,53000,53000,50880,50880
94888451,앱코 AK87 슬림 프로 3모드 로우 프로파일 유무선 기계식 (검은콩축),75000,75000,75000,75000,75000,75000,75000,75000
62319074,앱코 AK87H 텐키리스 홀리판다 V2 기계식,24900,24900,24900,24900,24900,24900,24900,24900
70529102,앱코 AK94BT 유무선 기계식 스카이블루 (라임축),80000,80000,80000,80000,80000,80000,80000,80000
70529096,앱코 AK94BT 유무선 기계식 스카이블루 (저소음 피치축),80000,80000,80000,80000,80000,80000,79750,79910
70529063,앱코 AK94BT 유무선 기계식 피치 (저소음 피치축),80000,80000,80000,80000,80000,80000,79750,79910
68692589,앱코 AK99 유무선 기계식 그린 (멜론축),58000,58000,58000,58000,58000,58000,58000,58000
68787626,앱코 AK99 유무선 기계식 그린 (저소음 피치축),58000,58000,58000,58000,58000,58000,58000,58000
68787644,앱코 AK99 유무선 기계식 핑크 (멜론축),52000,52000,52000,52000,52000,52000,52000,51950
68787662,앱코 AK99 유무선 기계식 핑크 (저소음 피치축),58000,58000,58000,58000,58000,58000,58000,58000
74336507,앱코 AK998 8K OTEMU 특주축 기계식 블랙 (저소음 피치축),59000,59000,59000,59000,59000,59000,59000,58940
74336429,앱코 AK998 8K OTEMU 특주축 기계식 스카이 블루 (멜론축),79890,79890,79890,79850,79890,79890,79890,79890
74336483,앱코 AK998 8K OTEMU 특주축 기계식 스카이 블루 (저소음 피치축),65000,65000,65000,65000,65000,65000,65000,65000
92191004,앱코 AKN10BT 반알만한 무접점 (건메탈),250000,250000,250000,250000,250000,250000,249220,250000
77204843,앱코 AKN10BT 반알만한 무접점 (초콜릿),250000,250000,250000,250000,250000,250000,250000,249730
16350560,앱코 AKR01 TKL 아크릴 텐키리스 키보드 덮개,9900,9900,9900,9900,9900,9900,9900,9900
16361930,앱코 AKR01 아크릴 키보드 덮개,10900,10900,10900,10900,10900,10900,10900,10900
29857877,앱코 AKT95 아크 PBT키캡 카일광축 완전방수 컴팩트 게이밍 기계식 (다크적축),158000,158000,158000,158000,158000,158000,158000,158000
29806367,앱코 AKT95 아크 PBT키캡 카일광축 완전방수 컴팩트 게이밍 기계식 (청축),167000,167000,167000,167000,167000,167000,167000,167000
60235238,앱코 AM61 자석축 래피드 트리거,92000,92000,79000,79000,79000,79000,79000,79000
122621629,앱코 AMK108 멤브레인 (베이지),21900,21900,21900,21900,21900,21900,21900,20360
122621628,앱코 AMK108 멤브레인 (핑크),21900,21900,21900,21900,21900,21900,21900,21900
14650688,앱코 AN02 블랙 RGB BAR 축교환 기계식 키보드 (갈축),39000,39000,39000,39000,39000,39000,39000,39000
14650697,앱코 AN02 블랙 RGB BAR 축교환 기계식 키보드 (적축),34900,34900,34900,34900,34900,34900,34900,34900
14650640,앱코 AN02 블랙 RGB BAR 축교환 기계식 키보드 (청축),39000,39000,34900,34900,34900,34900,34900,34900
14650802,앱코 AN02 핑크 RGB BAR 축교환 기계식 키보드 (청축),39000,39000,39000,39000,39000,39000,39000,39000
18091124,앱코 AN04F PBT 특주축 게이밍 기계식 키보드 (넌클릭),29900,29900,29900,29900,29900,29900,29900,29900
68785349,앱코 AN07C 라일락 (리니어),57010,57010,57010,57010,57010,57010,57010,57010
64393676,앱코 AN07C 라일락 (클릭),55000,55000,55000,55000,55000,55000,55000,55000
69656141,앱코 AN07C 블루 (리니어),59000,59000,59000,59000,59000,59000,59000,59000
69656138,앱코 AN07C 블루 (클릭),59000,59000,59000,59000,59000,59000,59000,59000
64393778,앱코 AN07S (블랙),55870,55870,55870,55870,55870,55870,55870,55870
70005068,앱코 AN07S (핑크),55870,55870,55870,55870,55870,55870,55870,55870
35769488,앱코 AN94BT 무선 블루투스 기계식 레몬바스켓 (갈축),67200,67200,67200,67200,67200,67200,67200,67200
35769512,앱코 AN94BT 무선 블루투스 기계식 레몬바스켓 (적축),29900,29900,29900,29900,29900,29900,29900,29900
35769440,앱코 AN94BT 무선 블루투스 기계식 솜사탕 (갈축),29900,29900,29900,29900,29900,29900,29900,29900
35769446,앱코 AN94BT 무선 블루투스 기계식 솜사탕 (적축),29900,29900,29900,29900,29900,29900,29900,29900
35769404,앱코 AN94BT 무선 블루투스 기계식 솜사탕 (청축),29900,29900,29900,29900,29900,29900,29900,29900
97702484,앱코 AO98 레트로 타임리스 3모드 기계식 (복고축),49000,49000,49000,49000,49000,49000,48850,49000
97702475,앱코 AO98 레트로 타임리스 3모드 기계식 (저소음 스노우축),49000,49000,49000,49000,49000,49000,48850,49000
103414361,앱코 AOS108 호두나무 팜레스트 손목받침대,16900,16900,16900,16900,16900,16900,16900,16900
103414352,앱코 AOS87 호두나무 팜레스트 손목받침대,15900,15900,15900,15900,15900,15900,15900,15900
101186645,앱코 AP87W 3모드 유무선 게이밍 기계식,79000,79000,79000,79000,79000,79000,79000,79000
32502059,앱코 APK82BT 투명 가스켓 유무선 기계식,34900,34900,34900,34900,34900,34900,34900,34900
100693589,앱코 AR108G 원토글 노니드 무브 알루미늄 3모드 더스티 블루 (BCP),130000,130000,130000,130000,130000,130000,129590,130000
100693613,앱코 AR108G 원토글 노니드 무브 알루미늄 3모드 더스티 블루 (개구리),140000,140000,140000,140000,140000,140000,140000,140000
100693577,앱코 AR108G 원토글 노니드 무브 알루미늄 3모드 더스티 블루 (그레이 스노우),130000,130000,130000,130000,130000,130000,130000,130000
100693565,앱코 AR108G 원토글 노니드 무브 알루미늄 3모드 세이지 그린 (BCP),130000,130000,130000,130000,130000,130000,129590,130000
100620419,앱코 AR108G 원토글 노니드 무브 알루미늄 3모드 세이지 그린 (개구리),140000,140000,140000,140000,140000,140000,139560,140000
100693574,앱코 AR108G 원토글 노니드 무브 알루미늄 3모드 세이지 그린 (그레이 스노우),179000,179000,179000,179000,179000,179000,179000,179000
100693562,앱코 AR108G 원토글 노니드 무브 알루미늄 3모드 세이지 그린 (토파즈),125000,125000,125000,125000,125000,125000,125000,125000
18474248,앱코 AR61D 풀 알루미늄 유무선 기계식,143270,143270,143270,143270,143270,143270,143270,143270
104355848,앱코 AR87G 원토글 노니드 무브 알루미늄 3모드,119000,119000,119000,119000,119000,119000,119000,119000
122626766,앱코 AR88 퍼스트스텝 리얼 알루미늄 커스텀 유무선 기계식,119000,119000,119000,119000,119000,119000,119000,119000
12982337,앱코 ARC1 TKL 텐키리스 아크릴 팜레스트 손목 받침대 (Clear Acrylic),13800,13800,13800,13800,13800,13800,13800,13800
12982325,앱코 ARC1 TKL 텐키리스 아크릴 팜레스트 손목 받침대 (ICE Acrylic),13800,13800,13800,13800,13800,13800,13800,13800
12971420,앱코 ARC1 아크릴 팜레스트 손목 받침대 (Clear Acrylic),13800,13800,13800,13800,13800,13800,13800,13800
12977087,앱코 ARC1 아크릴 팜레스트 손목 받침대 (ICE Acrylic),15900,15900,15900,15900,15900,15900,15900,15900
96366320,앱코 AS104 오피스네비게이터 유무선 기계식 네온블랙 (딥 사운드축),99000,99000,99000,99000,99000,99000,99000,92070
96366338,앱코 AS104 오피스네비게이터 유무선 기계식 네온블랙 (조약돌 슈팅스타축),99000,99000,99000,99000,99000,99000,99000,99000
71903570,앱코 AS104 오피스네비게이터 유무선 기계식 블루레몬 (딥 사운드축),99000,99000,99000,99000,99000,99000,99000,92070
71903615,앱코 AS104 오피스네비게이터 유무선 기계식 블루레몬 (조약돌 슈팅스타축),95700,95700,95700,95700,95700,95700,95700,92070
91560035,앱코 AS104 오피스네비게이터 유무선 기계식 핑크그레이 (딥 사운드축),99000,99000,99000,99000,99000,99000,99000,98890
91560014,앱코 AS104 오피스네비게이터 유무선 기계식 핑크그레이 (조약돌 슈팅스타축),99000,99000,99000,99000,99000,99000,99000,98890
90887588,앱코 AS87 오피스네비게이터 유무선 기계식 (딥 사운드축),89000,89000,89000,89000,89000,89000,89000,88900
90887615,앱코 AS87 오피스네비게이터 유무선 기계식 (조약돌 슈팅스타축),89000,89000,89000,89000,89000,89000,89000,89000
79558838,앱코 ASA87 양면 사계절 팜레스트,9900,9900,9900,9900,9900,9900,9900,9900
11167377,앱코 HACKER ARC 거치대,5500,5500,5500,5500,5500,5500,5500,5500
11015091,앱코 HACKER K150 텐키리스 레인보우 LED 게이밍 멤브레인 (블랙),15500,15500,15500,15500,15500,15500,15500,15500
15108260,앱코 HACKER K150 텐키리스 레인보우 LED 게이밍 멤브레인 (화이트),15500,15500,15500,15500,15500,15500,15500,15500
9326469,앱코 HACKER K515 축교환 측면 RGB 라이팅 이중사출 게이밍 기계식 블랙 (갈축),40900,40900,40900,40900,40900,40900,40900,40900
9326487,앱코 HACKER K515 축교환 측면 RGB 라이팅 이중사출 게이밍 기계식 블랙 (적축),40900,40900,40900,40900,40900,40900,40900,40900
9321162,앱코 HACKER K515 축교환 측면 RGB 라이팅 이중사출 게이밍 기계식 블랙 (청축),40900,40900,40900,40900,40900,40900,40900,40900
9326511,앱코 HACKER K515 축교환 측면 RGB 라이팅 이중사출 게이밍 기계식 화이트 (갈축),40900,40900,40900,40900,40900,40900,40900,40900
9326529,앱코 HACKER K515 축교환 측면 RGB 라이팅 이중사출 게이밍 기계식 화이트 (적축),40900,40900,40900,40900,40900,40900,40900,40900
9321180,앱코 HACKER K515 축교환 측면 RGB 라이팅 이중사출 게이밍 기계식 화이트 (청축),40900,40900,40900,40900,40900,40900,40900,40900
18727175,앱코 HACKER K523 기계식 축교환 LED 키패드 (적축),16300,16150,16470,16450,16490,16390,16150,16150
9647322,앱코 HACKER K523 기계식 축교환 LED 키패드 (청축),14300,14300,14300,14300,14300,14300,14300,14300
10272321,"앱코 HACKER K550 A광축 축교환 측면 RGB 라이팅 완전방수 이중사출 게이밍 키보드 (블랙, 클릭)",32500,32500,32500,32500,32500,32500,32500,32500
5040307,앱코 HACKER K640 축교환 게이밍 기계식 블랙 (갈축),42000,42000,42000,42000,42000,42000,42000,39060
5040324,앱코 HACKER K640 축교환 게이밍 기계식 블랙 (적축),42000,42000,42000,42000,42000,42000,42000,42000
4709084,앱코 HACKER K640 축교환 게이밍 기계식 블랙 (청축),42000,42000,42000,42000,42000,42000,42000,39060
5128947,앱코 HACKER K640 축교환 게이밍 기계식 화이트 (청축),42000,42000,42000,42000,42000,42000,42000,42000
5122935,앱코 HACKER K840 조약돌 레트로 축교환 기계식 블랙 (적축),38900,38900,38900,38900,38900,38900,38900,38900
6843574,앱코 HACKER KM350 키보드 마우스 콤보 레인보우 LED 게이밍,24000,24000,24000,24000,24000,24000,24000,24000
13050158,앱코 HACKER KM700 게이밍 키보드 마우스 장패드 세트 (블랙),28500,28500,28500,28500,28500,28500,28500,28500
11833771,앱코 HACKER KN01 텐키리스 PBT RGB 무접점 블랙 (45g),224700,224700,224700,224700,224700,224700,224700,224700
11834485,앱코 HACKER KN01 텐키리스 PBT RGB 무접점 블랙 (55g),206690,206690,206690,206690,206690,206690,206690,206690
5228671,"앱코 HACKER QUICK SWAP용 OUTEMU 스위치 (각2개, 청축/갈축/적축/흑축)",2200,2200,2200,2200,2200,2200,2200,2200
5827146,"앱코 HACKER 카일 정품 광축 스위치 (5+5개, 클릭/리니어)",4000,4000,4000,4000,4000,4000,4000,4000
108420911,앱코 HAIMU 저소음 바다소금 스위치,12900,12900,12900,12900,12900,12900,12900,12900
123696545,앱코 Hello108 컬러포인트 유무선,35000,35000,35000,35000,35000,35000,35000,35000
34738214,앱코 K140 슬림 멤브레인,10900,10900,10900,10900,10900,10900,10900,10900
78533057,앱코 K26 3모드 무선 QMK VIA,43900,43900,43900,43900,43900,43900,43900,43900
77706518,앱코 K480 교체축 게이밍 기계식 젠틀맨 (갈축),35520,35520,35520,35520,35520,35520,35520,35520
18878243,앱코 K517 레트로 기계식 (적축),93720,93720,93720,93720,93720,93720,93720,93720
12278276,앱코 K551 A광축 사이드 Edge RGB LED 게이밍 키보드 (클릭),40900,40900,40900,40900,40900,40900,40900,40900
13363187,앱코 K560 축교환 레인보우 무빙 LED 기계식 블랙 (갈축),30900,30900,30900,30900,30900,30900,30900,30900
13363190,앱코 K560 축교환 레인보우 무빙 LED 기계식 블랙 (적축),28510,28510,28510,28510,28510,28510,28510,28510
13363175,앱코 K560 축교환 레인보우 무빙 LED 기계식 블랙 (청축),30900,30900,30900,30900,30900,30900,30900,30900
28539272,앱코 K560 축교환 레인보우 무빙 LED 기계식 화이트 (갈축),30900,30900,30900,30900,30900,30900,30900,30900
28539326,앱코 K560 축교환 레인보우 무빙 LED 기계식 화이트 (적축),30900,30900,30900,30900,30900,30900,30900,30900
28539233,앱코 K560 축교환 레인보우 무빙 LED 기계식 화이트 (청축),28510,28510,28510,28510,28510,28510,28510,28510
36708827,앱코 K561 교체축 유무선 블루투스 기계식 블랙 (갈축),29900,29900,29900,29900,29900,29900,29900,29900
36708812,앱코 K561 교체축 유무선 블루투스 기계식 블랙 (적축),29900,29900,29900,29900,29900,29900,29900,29900
36708887,앱코 K561 교체축 유무선 블루투스 기계식 화이트 (갈축),29900,29900,29900,29900,29900,29900,29900,29900
36708881,앱코 K561 교체축 유무선 블루투스 기계식 화이트 (적축),29900,29900,29900,29900,29900,29900,29900,29900
90642845,앱코 K562 교체축 3모드 계산기 유무선 기계식,23900,23900,23900,23900,23900,23900,23900,23880
14471114,앱코 K570 축교환 레인보우 무빙 LED 기계식 키보드 (갈축),27900,27900,27900,27900,27900,27900,27900,27900
14471087,앱코 K570 축교환 레인보우 무빙 LED 기계식 키보드 (적축),27900,27900,27900,27900,27900,27900,27900,27900
14471015,앱코 K570 축교환 레인보우 무빙 LED 기계식 키보드 (청축),27900,27900,27900,27900,27900,27900,27900,27900
68533418,앱코 K580 교체축 게이밍 기계식 스카이 (갈축),31900,31900,31900,31900,31900,31900,31900,31870
68533427,앱코 K580 교체축 게이밍 기계식 스카이 (적축),29300,29300,29300,29300,29300,29300,29300,29300
68533424,앱코 K580 교체축 게이밍 기계식 스카이 (청축),29300,29300,29300,29300,29300,29300,29300,29300
68533403,앱코 K580 교체축 게이밍 기계식 젠틀맨 (갈축),29300,29300,29300,29300,29300,29300,29300,29300
68436968,앱코 K580 교체축 게이밍 기계식 젠틀맨 (적축),29300,29300,29300,29300,29300,29300,29300,29300
68533382,앱코 K580 교체축 게이밍 기계식 젠틀맨 (청축),29300,29300,29300,29300,29300,29300,29300,29300
17346152,앱코 K660M-L68 무선 블루투스 기계식 미니 키보드 (화이트),144000,144000,144000,144000,144000,144000,144000,144000
75991532,앱코 K660S V2 카일 광축 V2 게이밍 블랙 (리니어),64420,64420,64420,64420,64420,64420,64420,64420
75990689,앱코 K660S V2 카일 광축 V2 게이밍 블랙 (클릭),66000,66000,66000,66000,66000,66000,66000,66000
75991547,앱코 K660S V2 카일 광축 V2 게이밍 블랙 (택타일),66000,66000,66000,66000,66000,66000,66000,66000
75991646,앱코 K660S V2 카일 광축 V2 게이밍 옐로우 (리니어),64420,64420,64420,64420,64420,64420,64420,64420
75991643,앱코 K660S V2 카일 광축 V2 게이밍 옐로우 (클릭),66000,66000,66000,66000,66000,66000,66000,66000
75991652,앱코 K660S V2 카일 광축 V2 게이밍 옐로우 (택타일),66000,66000,66000,66000,66000,66000,66000,66000
75991622,앱코 K660S V2 카일 광축 V2 게이밍 핑크 (리니어),66000,66000,66000,66000,66000,66000,66000,66000
75991613,앱코 K660S V2 카일 광축 V2 게이밍 핑크 (클릭),66000,66000,66000,66000,66000,66000,66000,66000
75991628,앱코 K660S V2 카일 광축 V2 게이밍 핑크 (택타일),66000,66000,66000,66000,66000,66000,66000,66000
75991589,앱코 K660S V2 카일 광축 V2 게이밍 화이트 (리니어),66000,66000,66000,66000,66000,66000,66000,66000
75991583,앱코 K660S V2 카일 광축 V2 게이밍 화이트 (클릭),66000,66000,66000,66000,66000,66000,66000,66000
75991604,앱코 K660S V2 카일 광축 V2 게이밍 화이트 (택타일),66000,66000,66000,66000,66000,66000,66000,66000
15825842,앱코 K840 사각 레트로 축교환 기계식 블랙 (갈축),38900,38900,38900,38900,38900,38900,38900,38900
15825857,앱코 K840 사각 레트로 축교환 기계식 블랙 (적축),38900,38900,38900,38900,38900,38900,38900,38900
15825632,앱코 K840 사각 레트로 축교환 기계식 블랙 (청축),36480,36480,36480,36480,36480,36480,36480,36480
18369914,앱코 K840 사각 레트로 축교환 기계식 핑크 (갈축),38900,38900,38900,38900,38900,38900,38900,38900
18369917,앱코 K840 사각 레트로 축교환 기계식 핑크 (적축),38900,38900,38900,38900,38900,38900,38900,38900
18369911,앱코 K840 사각 레트로 축교환 기계식 핑크 (청축),38900,38900,38900,38900,38900,38900,38900,38900
15825881,앱코 K840 사각 레트로 축교환 기계식 화이트 (청축),45000,45000,45000,45000,45000,45000,45000,45000
15150836,앱코 K841 조약돌 레트로 축교환 기계식 핑크 (적축),32000,32000,32000,32000,32000,32000,32000,
5182267,앱코 KM400 게이밍 콤보 (블랙),29800,29800,29800,29800,29800,29800,29800,29800
15108386,앱코 KM400 게이밍 콤보 (화이트),31900,31900,31900,31900,31900,31900,31900,31900
18650684,"앱코 KM500 키보드 마우스 세트 (V1, 화이트)",23900,23900,23900,23900,23900,23900,23900,23900
123650703,앱코 KM580 저소음 기계식 키보드 마우스 세트 (블랙),53900,53900,53900,53900,53900,53900,53900,53900
123650707,앱코 KM580 저소음 기계식 키보드 마우스 세트 (화이트),53900,53900,53900,53900,53900,53900,53900,53900
58848548,앱코 KN03BT TKL 블루투스 무접점,99000,99000,99000,99000,99000,99000,99000,99000
72226634,앱코 KN03BT TKL 유무선 블루투스 무접점 타이핑고래,99000,99000,99000,99000,99000,99000,99000,105000
24133613,앱코 KN30BT 블루투스 유무선 무접점,109000,109000,109000,109000,109000,109000,109000,109000
72226574,앱코 KN30BT 블루투스 유무선 무접점 타이핑고래,268000,268000,268000,268000,268000,268000,268000,268000
39102560,앱코 KN35BT DRT 8K 염료승화 블루투스 유무선 무접점 (베른),109000,109000,109000,109000,109000,109000,109000,109000
39102503,앱코 KN35BT DRT 8K 염료승화 블루투스 유무선 무접점 (서울),109000,109000,109000,109000,109000,109000,109000,109000
72226484,앱코 KN35BT DRT 8K 염료승화 블루투스 유무선 무접점 (칸쿤),109000,109000,109000,109000,109000,109000,109000,108880
72226469,앱코 KN35BT DRT 8K 염료승화 블루투스 유무선 무접점 (파리),109000,109000,109000,109000,109000,109000,109000,108820
72225293,앱코 KN35BT DRT 8K 염료승화 블루투스 유무선 무접점 타이핑고래 (베른),294000,294000,294000,294000,294000,294000,294000,
72226445,앱코 KN35BT TKL DRT 8K 염료승화 블루투스 유무선 무접점 타이핑고래 (베른),274000,274000,274000,274000,274000,274000,274000,
72226457,앱코 KN35BT TKL DRT 8K 염료승화 블루투스 유무선 무접점 타이핑고래 (서울),274000,274000,274000,274000,274000,274000,274000,
9925461,앱코 KP10 키패드,7500,7500,7500,7500,7500,7500,7500,7500
76790414,앱코 LKN84BT 8K 로우 프로파일 슬림 유무선 무접점 (30g),109000,109000,109000,109000,109000,109000,109000,109000
78098582,앱코 LKN84BT 8K 로우 프로파일 슬림 유무선 무접점 (35g),109000,109000,109000,109000,109000,109000,106060,106060
94519142,앱코 LKN99 BT 로우 프로파일 슬림 무접점,119000,119000,119000,119000,119000,119000,119000,119000
102907457,앱코 MK108 저소음 멤브레인 (베이비 블루),15970,15970,15970,15970,15970,15970,15970,15970
102907454,앱코 MK108 저소음 멤브레인 (베이비 핑크),15970,15970,15970,15970,15970,15970,15970,15970
38346917,앱코 MK108 저소음 멤브레인 (블랙),18900,18900,18900,18900,18900,18900,18900,18900
63143480,앱코 MK108 저소음 멤브레인 (블루),18900,18900,18900,18900,18900,18900,18900,18900
38346935,앱코 MK108 저소음 멤브레인 (오트밀),18900,18900,18900,18900,18900,18900,18900,18900
72223670,앱코 MK108W 무선 (블랙),29000,29000,29000,29000,29000,29000,29000,29000
72223682,앱코 MK108W 무선 (블루),29000,29000,29000,29000,29000,29000,29000,28960
72223676,앱코 MK108W 무선 (오트밀),29000,29000,29000,29000,29000,29000,29000,28960
38347028,앱코 MK87 저소음 텐키리스 멤브레인 (블랙),17900,17900,17900,17900,17900,17900,17900,17900
63143570,앱코 MK87 저소음 텐키리스 멤브레인 (블루),17900,17900,17900,17900,17900,17900,17900,17900
38347046,앱코 MK87 저소음 텐키리스 멤브레인 (오트밀),17900,17900,17900,17900,17900,17900,17900,17900
69465278,앱코 MK98 AI 코파일럿,19900,19900,19900,19900,19900,19900,19900,19900
108692015,앱코 NTP84 (노바 그레이),35000,35000,35000,35000,35000,35000,35000,32550
108692006,앱코 NTP84 (루나 블랙),35000,35000,35000,35000,35000,35000,35000,32550
62641856,앱코 SEOUL 서울 염료승화 PBT 키캡,27000,27000,27000,27000,27000,27000,27000,27000
108356054,앱코 SPW1 TKL 편해 실리콘 팜레스트 (블랙),15500,15500,15500,15500,15500,15500,15500,15500
108356060,앱코 SPW1 TKL 편해 실리콘 팜레스트 (화이트),15500,15500,15500,15500,15500,15500,15500,15500
108356069,앱코 SPW1 편해 실리콘 팜레스트 (블랙),15500,15500,15500,15500,15500,15500,15500,15500
108356072,앱코 SPW1 편해 실리콘 팜레스트 (화이트),15500,15500,15500,15500,15500,15500,15500,15500
94080701,앱코 TOS300 매크로덱,29900,29900,29900,29900,29900,29900,29900,29870
13912325,앱코 WKM03 무선 키보드마우스 세트 (핑크),33910,33910,33910,33910,33910,33910,33910,33910
124057028,앱코 WKM500 무선 키보드 마우스 세트 (블랙),19900,19900,19900,19900,19900,19900,19900,19900
124057029,앱코 WKM500 무선 키보드 마우스 세트 (화이트),19900,19900,19900,19900,19900,19900,19900,19900
11682344,앱코 WKM810 키보드 마우스 무선콤보 (블랙),18300,18300,18300,18300,18300,18300,17920,17920
90437459,앱코 WUQUE 키캡 리무버 (1U),5500,5500,5500,5500,5500,5500,5500,5500
90437486,앱코 WUQUE 키캡 리무버 (3U),5590,5590,5590,5590,5590,5590,5770,5770
92886446,앱코 궁둥이 실리콘 키캡 세트,19900,19900,19900,19900,19900,19900,19900,19900
4291198,앱코 레트로 써클 키캡 (104키),27010,27010,27010,27010,27010,27010,27010,27010
4291175,앱코 레트로 써클 키캡 (68키),23890,23890,23890,23890,23890,23890,23890,23890
4291186,앱코 레트로 써클 키캡 (87키),25150,25150,25150,25150,25150,25150,25150,25150
78781922,앱코 시이닷 너드 버터 기계식,119800,119800,119800,119800,119800,119800,119800,119800
78781751,앱코 시이닷 너드 블럭 기계식,119800,119800,119800,119800,119800,119800,119800,119800
78781871,앱코 시이닷 네모진 기계식,112610,113810,113810,113810,113810,113810,113810,113810
78781955,앱코 시이닷 다이어리 기계식,112610,113810,113810,113810,113810,113810,113810,113810
78781994,앱코 시이닷 다이어리 핑크 기계식,119800,119800,119800,119800,119800,119800,119800,119800
78781601,앱코 시이닷 아바로떼스베 믹뜰란 기계식,112610,113810,113810,113810,113810,113810,113810,113810
78782030,앱코 시이닷 와글바글 기계식,112610,113810,113810,113810,113810,113810,113810,113810
78781817,앱코 시이닷 지오메트리 기계식,119800,119800,119800,119800,119800,119800,119800,119800
78781892,앱코 시이닷 콜라주 기계식,119800,119800,119800,119800,119800,119800,119800,119800
78781481,앱코 시이닷 한국의 미 기계식 (교태전 단청),112610,113810,113810,113810,113810,113810,113810,113810
78781517,앱코 시이닷 한국의 미 기계식 (단청),112610,113810,113810,113810,113810,113810,113810,113810
78781418,앱코 시이닷 한국의 미 기계식 (모노 단청),112610,113810,113810,113810,113810,113810,113810,113810
78781289,앱코 시이닷 한국의 미 기계식 (화이트 단청),112610,113810,113810,113810,113810,113810,113810,113810
63421427,앱코 올인원 키캡 스위치 리무버,3610,3610,3610,3610,3610,3610,3610,3610
72306119,앱코 위글위글 Color Mix 무선,48120,48120,48120,48120,48120,48120,48120,48120
104355929,앱코 젤리베어 키캡 세트 (겨울),16900,16900,16900,16900,16900,16900,16900,16900
104355926,앱코 젤리베어 키캡 세트 (여름),16900,16900,16900,16900,16900,16900,16900,16900
49997648,앱코 프리미어 프로,154000,154000,154000,154000,154000,154000,154000,154000
19947164,야인컴퓨터 YAIN MJ-1000/1000W (블랙),12420,12420,12420,12420,12420,12420,12420,12420
19947173,야인컴퓨터 YAIN MJ-1000/1000W (화이트),13080,13080,13080,13080,13080,13080,13080,13080
70617179,야인컴퓨터 YAIN MJ-7000 기계식 블랙 (청축),23500,23500,23500,23500,23500,23500,23500,23500
121115729,야토 엑소 EXB-600 (1개),2347,2347,2347,2347,2347,2347,2347,2347
94566608,얼리봇 EACK-100,16900,16900,16900,16900,16900,16900,16900,16900
93802808,에너맥스 EP1 손목받침대,9900,9900,9900,9900,9900,9900,9900,9900
5211477,에이데이타코리아 DDZONE AKplus AK-K450 LED 플런저 키보드,13490,13490,13490,13490,13490,13490,13490,13490
909036,에이데이타코리아 DDZONE DK-201 USB (키스킨미포함),8200,8200,8200,8200,8200,8200,8200,8200
11234400,에이데이타코리아 DDZONE DK-2050 유선 키보드,7640,7640,7640,7640,7640,7640,7640,7640
5600346,에이데이타코리아 DDZONE DK-500M (키스킨 미포함),9800,9800,9800,9800,9800,9800,9800,9800
66124529,에이데이타코리아 DDZONE DK-500M C타입 (키스킨 미포함),6000,6000,6000,6000,6000,6000,6000,6000
104559257,에이데이타코리아 DDZONE DK-500M C타입 (키스킨 포함),7900,7900,7900,7900,7900,7900,7900,7900
5161915,에이데이타코리아 DDZONE DK-7100,5710,5710,5710,5710,5710,5710,5710,5710
3558495,에이데이타코리아 DDZONE DK-BT9000,14000,14000,14000,14000,14000,14000,14000,14000
11234544,에이데이타코리아 DDZONE DMK-3700 유선 키보드 마우스 세트,14210,14210,14210,14210,14210,14210,14210,14210
6412513,에이데이타코리아 DDZONE DMK-520M 유선 미니 키보드 마우스 세트 (블랙),8880,8880,8880,8880,8880,8880,8880,8880
6121808,에이데이타코리아 DDZONE DMK-900M,23170,23170,23170,23170,23170,23170,23170,23170
3666473,에이데이타코리아 DDZONE DMK-W5000,173390,173390,173390,173390,173390,173390,173390,173390
7664188,에이데이타코리아 DDZONE DMK-W9800 (블랙),29090,29090,29090,29090,29090,29090,29090,29090
20643905,에이데이타코리아 DDZONE K-350 LED 게이밍 키보드 (화이트),14900,14900,14900,14900,14900,14900,14900,14900
6439712,에이데이타코리아 DDZONE K-650 LED 레인보우 레트로 키보드 (블랙),32240,33260,32240,33260,34570,34570,34570,33260
6439728,에이데이타코리아 DDZONE K-650 LED 레인보우 레트로 키보드 (핑크),48950,48950,48950,48950,48950,48950,48950,48950
5780163,에이데이타코리아 DDZONE MK-3000 LED 키보드 마우스 세트,21820,21820,21820,21820,21820,21820,21820,21820
12105098,에이데이타코리아 GOON GK-2300 LED,34600,34600,34600,34600,34600,34600,34600,34600
14892053,에이데이타코리아 Standard DK-201,9790,9790,9790,9790,9790,9790,9790,9790
79561448,에이서 EAK040 키보드 마우스 세트,14500,14500,14500,14500,14500,14500,14500,14500
97410614,에이서 OKR258 유무선 기계식 레몬밤 (도각도각축),69900,69900,69900,69900,69900,69900,69900,69900
97410644,에이서 OKR258 유무선 기계식 레몬밤 (몽글몽글),79900,79900,79900,79900,79900,79900,79900,79900
97410551,에이서 OKR258 유무선 기계식 선셋 피치 (도각도각축),69900,69900,69900,69900,69900,69900,69900,69900
97410587,에이서 OKR258 유무선 기계식 선셋 피치 (몽글몽글),79900,79900,79900,79900,79900,79900,79900,79900
97410599,에이서 OKR258 유무선 기계식 아이스베리 (도각도각축),69900,69900,69900,69900,69900,69900,69900,69900
97410602,에이서 OKR258 유무선 기계식 아이스베리 (몽글몽글),79900,79900,79900,79900,79900,79900,79900,79900
97837319,에이서 OKW244 저소음 멤브레인 (레몬밤),22490,22490,22490,22490,22490,22490,21540,22500
97837310,에이서 OKW244 저소음 멤브레인 (레트로 베이지),22500,22500,22500,22500,22500,22500,22500,22500
122658955,에이서 OKW244 저소음 멤브레인 (블루문),22490,22490,22490,22490,22490,22490,21540,22500
97837316,에이서 OKW244 저소음 멤브레인 (선셋 피치),22500,22500,22500,22500,22500,22500,22500,22500
122658962,에이서 OKW244 저소음 멤브레인 (아이스베리),22490,22490,22490,22490,22490,22490,21540,22500
122658957,에이서 OKW244 저소음 멤브레인 (핑크블루썸),22490,22490,22490,22490,22490,22490,21540,22500
124034741,에이투 AG0302 TE1 타음 케이 에디션 (고려청자),79900,79900,79900,79900,79900,79900,79900,79900
124034746,에이투 AG0302 TE1 타음 케이 에디션 (문방사우),79900,79900,79900,79900,79900,79900,79900,79900
124034756,에이투 AG0302 TE1 타음 케이 에디션 (일월오봉도),79900,79900,79900,79900,79900,79900,79900,79900
15884624,에이투 AG0401 무선 키보드 마우스 세트,34900,34900,34900,34900,34900,34900,34900,34900
102860873,에이투 GK5 8K 기계식,79900,79900,79900,79900,79900,79900,79900,89900
102860897,에이투 GK5 PRO 유무선 기계식,89900,89900,89900,89900,89900,89900,89900,99900
124034783,에이투 GK7 MX (블랙 루비),129000,129000,129000,129000,129000,129000,129000,129000
124034781,에이투 GK7 MX (화이트 사파이어),129000,129000,129000,129000,129000,129000,129000,129000
97701905,에이투 K285 (멜란지 그레이),29900,29900,29900,29900,29900,29900,29900,29900
97701908,에이투 K285 (미드나잇 옐로우),29900,29900,29900,29900,29900,29900,29900,29900
97304042,에이투 KM385 무선 키보드 마우스 세트 (핑크),29900,29900,29900,29900,29900,29900,29900,29900
97304048,에이투 KM385 무선 키보드 마우스 세트 (화이트),29900,29900,29900,29900,29900,29900,29900,29900
92153501,에즈원아이피씨 KBD-82UTE,41000,41000,41000,41000,41000,41000,41000,41000
6171887,에즈윈아이피씨 KBD-82M (키스킨 미포함),34650,34650,34650,34650,34650,34650,34650,34650
5335227,에즈윈아이피씨 KBD-82U,40150,40150,40150,40150,40150,40150,40150,40150
110273260,엑토 ANBK-01 무선 블루투스,27900,27900,27900,27900,27900,27900,27900,27900
115680386,엑토 KBD-48 레트로 무선 (블랙),20500,20500,20500,20500,20500,20500,20500,20500
114791088,엔모바일 Feba 한글 레터링지,4000,4000,4000,4000,4000,4000,4000,4000
77314211,엔보우 N패드 네오 NG01 무선 키보드 마우스 세트,36900,36900,36900,36900,36900,36900,36900,36900
77314244,엔보우 N패드 네오 NG02 무선 키보드 마우스 세트,37900,37900,37900,37900,37900,37900,37900,37900
77314151,엔보우 N패드네오/맥스 전용 키스킨,1900,1900,1900,1900,1900,1900,1900,1900
77314133,엔보우 N패드라이트/N패드 프로 전용 키스킨,900,900,900,900,900,900,900,900
2458094,엔산마운트 N-SAN N-KP 키보드트레이,41850,41850,41850,41850,41850,41850,41850,41850
122697653,엔클롬 FOLDY1 무선,49900,49900,49900,49900,49900,49900,49900,46400
55793948,엘디네트웍스 APL-KT52,33940,33940,33950,33950,33960,33960,33970,33970
28833113,엘디네트웍스 APL-KT65,38390,38390,38390,38390,38390,38390,38390,38390
10116054,엘투리버스 For LG 저소음 무선 키보드 마우스 세트 LGA-ST200,35610,35610,35610,35610,35610,35610,35610,35610
32075666,엠비에프 MBF-KPR44-BK 키보드 손목 받침대 메모리폼 팜레스트 블랙,3500,3500,3500,3500,3500,3500,3500,3500
32075675,엠비에프 MBF-KPR44-DB 키보드 손목 받침대 메모리폼 팜레스트 다크블루,3770,3770,3770,3770,3770,3770,3770,3770
32075684,엠비에프 MBF-KPR44-PK 키보드 손목 받침대 메모리폼 팜레스트 핑크,3500,3500,3500,3500,3500,3500,3500,3500
32075672,엠비에프 MBF-KPR44-WH 키보드 손목 받침대 메모리폼 팜레스트 화이트,3500,3500,3500,3500,3500,3500,3500,3500
13274072,엠비에프 실리콘 롤 키보드 (블랙),9890,9890,9890,9890,9900,9900,9900,9900
13274084,엠비에프 실리콘 롤 키보드 (핑크),9400,9400,9310,9400,9400,9400,9400,9310
13274054,엠비에프 실리콘 롤 키보드 (화이트),9900,9900,9900,9900,9900,9900,9900,9900
15209372,"엠스톤글로벌 17 골드 스프링 (55g, 100개)",9900,9900,9900,9900,9900,9900,9900,9900
15209375,"엠스톤글로벌 17 골드 스프링 (60g, 100개)",9900,9900,9900,9900,9900,9900,9900,9900
19940375,엠스톤글로벌 3KEY MA 포인트 키캡 (레드),4890,4890,4890,4890,4890,4890,4890,4890
19940414,엠스톤글로벌 3KEY MA 포인트 키캡 (옐로우),4890,4890,4890,4890,4890,4890,4890,4890
17532026,엠스톤글로벌 3KEY 포인트 키캡 (세이지그린),9000,9000,9000,9000,9000,9000,9000,9000
17532014,엠스톤글로벌 3KEY 포인트 키캡 (옐로우),8900,8900,8900,8900,8900,8900,8900,8900
9777651,엠스톤글로벌 mStone 2Key ESC + ENTER 승화 키캡 (옐로우),4860,4860,4860,4860,4860,4860,4860,4860
9777666,엠스톤글로벌 mStone 2Key ESC + ENTER 승화 키캡 (인디 핑크),4920,4920,4920,4920,4920,4920,4920,4920
14501882,엠스톤글로벌 mStone 2Key ESC + ENTER 승화 키캡 (퍼플),4860,4860,4860,4860,4860,4860,4860,4860
12602645,엠스톤글로벌 mStone 2Key ESC + ENTER 인디핑크 승화 키캡 (냥이),3900,3900,3900,3900,3900,3900,3900,3900
12412229,엠스톤글로벌 mStone 68 키보드 가방 (블랙),20000,20000,20000,20000,20000,20000,20000,20000
12412115,엠스톤글로벌 mStone 87 키보드 가방 (블랙),150730,150730,150730,150730,150730,150730,150730,150730
15122141,엠스톤글로벌 mStone Duo 108Key (G-R 8비트),9900,9900,9900,9900,9900,9900,9900,9900
15122093,엠스톤글로벌 mStone Duo 108Key (R-G 8비트),9900,9900,9900,9900,9900,9900,9900,9900
7873222,엠스톤글로벌 mStone SAFE Keycap Storage (로즈핑크),15890,15890,15890,15890,15890,15890,15890,15890
7873234,엠스톤글로벌 mStone SAFE Keycap Storage (스카이블루),15890,15890,15890,15890,15890,15890,15890,15890
15115445,엠스톤글로벌 mStone Unicolor 119Key (딥블루 슬랜티),9900,9900,9900,9900,9900,9900,9900,9900
15115499,엠스톤글로벌 mStone Unicolor 119Key (에메랄드 아랍어),9900,9900,9900,9900,9900,9900,9900,9900
15115493,엠스톤글로벌 mStone Unicolor 119Key (에메랄드 키릴),10000,10000,10000,10000,10000,10000,10000,10000
15115421,엠스톤글로벌 mStone Unicolor 119Key (핑크 키릴),9900,9900,9900,9900,9900,9900,9900,9900
11502018,엠스톤글로벌 mStone 아크릴 ROOF 104 (투명),10800,10800,10800,10800,10800,10800,10800,10800
14486885,엠스톤글로벌 mStone 아크릴 ROOF 87 (리얼포스 호환),12900,12900,12900,12900,12900,12900,12900,12900
11512871,엠스톤글로벌 mStone 아크릴 ROOF 87 (투명),9810,9810,9810,9810,9810,9810,9810,9810
17458997,엠스톤글로벌 mStone 아크릴 ROOF 미니배열 (68BT 호환),9900,9900,9900,9900,9900,9900,9900,9900
13353173,엠스톤글로벌 mStone 아크릴 ROOF 미니배열 (POKER 호환),9900,9900,9900,9900,9900,9900,9900,9900
16855703,엠스톤글로벌 mStone 퀵스왑 홀타이트 소켓 (100개),9810,9810,9810,9810,9810,9810,9810,9810
7726627,엠스톤글로벌 mStone 크리스탈 팜레스트 360 (BASIC),34600,34600,34600,34600,34600,34600,34600,34600
12169160,엠스톤글로벌 mStone 크리스탈 팜레스트 360 블랙 (BASIC),28990,28990,28990,28990,28990,28990,28990,28990
7726636,엠스톤글로벌 mStone 크리스탈 팜레스트 440 (BASIC),33000,33000,33000,33000,33000,33000,33000,33000
15316061,엠스톤글로벌 mStone 페인팅 플레이 87키 QC미달 키캡 (벌크),9810,9810,9810,9810,9810,9810,9810,9810
31996328,엠스톤글로벌 대나무 팜레스트 다크 (440),13900,13900,13900,13900,13900,13900,13900,13900
28551005,엠스톤글로벌 수제윤활 엠스톤 특주축 테스터 12구,15900,15900,15900,15900,15900,15900,15900,15900
17639378,엠스톤글로벌 와이어 키캡 리무버,3000,3000,3000,3000,3000,3000,3000,3000
34371977,엠스톤글로벌 표준윤활 특주축 테스터 5구,8900,8900,8900,8900,8900,8900,8900,8900
20729615,엠엠아이테크놀로지 MNNM K-5000,14290,14290,14290,14290,13390,13390,13400,13400
20730731,엠엠아이테크놀로지 MNNM MK123 무선 키보드 마우스 세트,25990,25990,25990,25990,25990,25990,25990,25990
17472629,엠엠아이테크놀로지 N-K100,15030,15030,16240,15450,15450,15450,15450,15450
124288484,오랜웰 로지텍 K850/MK850,2500,2500,2500,2500,2500,2500,2500,3900
124288480,오랜웰 로지텍 MK315 전용,2810,2810,2810,2810,2870,2940,2780,2780
124288472,오랜웰 로지텍 MK345 전용,840,840,840,840,840,840,840,2000
64376537,올리민 고양이 발바닥 냥발 키캡,19140,19140,19140,19140,19140,19140,19140,19140
21195731,와룡물산 WRP1 수납형 호두나무 원목 팜레스트,22900,22900,22900,22900,22900,22900,22900,22900
20711888,와이즈핏 BW-5001 무선 (블랙),19000,19000,19000,19000,19000,19000,19000,19000
76790132,와이피씨앤씨 Wuque Studio 티타늄 스위치 풀러,17260,17260,17260,17260,17260,17260,17260,17260
5883284,우영커뮤니케이션 애니클리어 PDB-KWR01,7200,7200,7200,7200,7200,7200,7200,7200
5449056,우영커뮤니케이션 애니클리어 매직키보드2 키스킨,3900,3900,3710,3710,3710,3710,3710,3900
10002534,웨이코스 씽크웨이 CROAD K20 매크로 숫자 키패드 (갈축),221940,224440,219440,224440,219440,226940,219440,229440
10002555,웨이코스 씽크웨이 CROAD K20 매크로 숫자 키패드 (적축),219740,219740,219730,219730,219730,219730,219730,217450
10002504,웨이코스 씽크웨이 CROAD K20 매크로 숫자 키패드 (청축),221940,221940,226940,219440,224440,229440,219440,224440
78612473,웨이코스 씽크웨이 TV108 유무선 기계식 (저소음 딥씨 프로축),159000,159000,147870,147870,147870,147870,147870,147870
90432809,웨이코스 씽크웨이 VGN TV88 유무선 기계식 어비스 블루 (오로라 아이스크림축),119880,119880,119880,119880,119880,119880,119880,119880
90432848,웨이코스 씽크웨이 VGN TV88 유무선 기계식 올리비아 핑크 (오로라 아이스크림축),119880,119880,119880,119880,119880,119880,119880,119880
122695957,웨이코스 씽크웨이 토체프 101 기계식 곰돌찡이랑 토끼찡 에디션,98100,98100,98100,98100,98100,98100,98100,98100
95344532,웨이코스 씽크웨이 토체프 101 기계식 유무선 (소이밀크),69900,70310,67920,67910,67910,67910,67910,67910
95344544,웨이코스 씽크웨이 토체프 101 기계식 유무선 (윈터화이트),69900,70310,70310,67920,67920,67920,67920,67920
95344553,웨이코스 씽크웨이 토체프 101 기계식 유무선 (코스모스블랙),69900,70310,70310,67920,67920,67920,67920,67920
95344565,웨이코스 씽크웨이 토체프 101 기계식 유무선 (코튼캔디),69900,70310,70310,67910,67910,67910,67910,67910
54482591,유니공작소 아리스노보 샤프슈터 JTPF-220,39800,39800,39800,39800,39800,39800,39800,39800
20692220,유비코퍼레이션 UBACC UB-BK1 무선 키보드 마우스 세트 (미디움),32700,32700,32700,32700,32700,32700,32700,32700
17967428,유비코퍼레이션 UBACC UB-BK1 블루투스 키보드 (라지),26610,26610,26610,26610,26610,26610,26610,26610
17967416,유비코퍼레이션 UBACC UB-BK1 블루투스 키보드 (미디움),17680,17680,17690,17690,17690,17690,17690,17870
17967344,유비코퍼레이션 UBACC UB-BK1 블루투스 키보드 (스몰),14800,14800,14800,14800,14800,14800,14800,14800
29809502,유비코퍼레이션 UBACC UB-BK2 무선 (라지),27800,27800,27800,27800,27800,27800,27800,27800
29677874,유비코퍼레이션 UBACC UB-BK2 무선 (미디움),19900,19900,19900,19900,19900,19900,19900,19900
90438170,유비코퍼레이션 UBACC UB-BK2 터치패드 무선 (라지),29800,29800,29800,29800,29800,29800,29800,29800
90438164,유비코퍼레이션 UBACC UB-BK2 터치패드 무선 (미디움),25800,25800,25800,25800,25800,25800,25800,25800
90438155,유비코퍼레이션 UBACC UB-BK2 터치패드 무선 (스몰),23800,23800,23800,23800,23800,23800,23800,23800
5213605,"이메이크 EMK-GM30L 미리내 G3 샤이니 (블랙, 청축)",26700,26700,26700,26700,26700,26700,26700,26700
21206318,이메이크 KM C1 키보드 마우스 세트,8690,8690,8690,8690,8690,8690,8690,8690
19869047,이메이크 KM W1 무선 키보드 마우스 세트,24900,24900,24900,24900,24900,24900,24900,24900
20188742,이메이크 KW1 무선,15900,15900,15900,15900,15900,15900,15900,15900
14800895,이음전산 BT-K1000 블루투스 키보드 (블랙),18090,18090,16371,17281,17281,17281,17281,17100
14800943,이음전산 BT-K1000 블루투스 키보드 (화이트),19230,19230,16371,17281,17281,17281,17281,17100
18588479,이음전산 CYK1000,30930,30930,30930,30930,30930,30930,30930,30930
102860960,이음전산 GEOMAX GM-BT2100 무선 (블랙),8990,8990,9060,9010,9050,9050,9060,9060
102860963,이음전산 GEOMAX GM-BT2100 무선 (화이트),8700,8700,8700,8700,8700,8700,8700,8700
15553550,이음전산 스마텍 STBK-1000 무선 블루투스 키보드,13850,13850,13850,13850,13850,13850,13860,13860
26418956,이음전산 스마텍 STBK-3000 무선,24900,24900,24900,24900,24900,24900,24900,24900
15710225,이음전산 스마텍 STBK-F1000 접이식 블루투스 키보드 (실버),37940,37940,37940,37940,37940,37940,37940,37940
73692701,이음전산 스마텍 STBK-F2000 무선,24890,24890,24890,24890,24890,27900,24890,24890
4966556,이음전산 스마텍 STC-200,24500,24500,24500,24500,24500,24500,24500,24500
68916248,이음전산 스마텍 STC-250 무선 키보드 마우스 세트,18000,18000,18000,18000,18000,18000,18000,18000
15172043,이음전산 스마텍 STC-300 (핑크),70290,70290,70290,70290,70290,70290,70290,70290
15172013,이음전산 스마텍 STC-300 (화이트),17950,17950,17950,17950,17950,17950,17950,17950
20691563,이음전산 스마텍 STC-500 무선 키보드 마우스 세트,23900,23900,23900,23900,23900,23900,23900,23900
16050410,이음전산 스마텍 STK-2100 멤브레인 레트로 유선 키보드 (블랙),19640,19640,19640,19640,19640,19640,19640,19640
16052135,이음전산 스마텍 STK-2100 멤브레인 레트로 유선 키보드 (핑크),19640,19640,19640,19640,19640,19640,19640,19640
16050587,이음전산 스마텍 STK-2100 멤브레인 레트로 유선 키보드 (화이트),19640,19640,19640,19640,19640,19640,19640,19640
3231592,이음전산 스마텍 STK1000,9860,9960,9960,9960,9960,9960,9960,6290
11803396,이지넷유비쿼터스 NEXT-K381P 파우치,3200,3200,3200,3200,3200,3200,3200,3200
11760509,이지넷유비쿼터스 넥스트 NEXT-K380BT,33800,33800,33800,33800,33800,33800,33800,33800
15653864,이큐웨어 이큐메딕 Sanitize-BK3 항균 거치형 블루투스 키보드 (블랙),19500,19500,19500,19500,19500,19500,19500,19500
15653909,이큐웨어 이큐메딕 Sanitize-BK3 항균 거치형 블루투스 키보드 (핑크),19500,19500,19500,19500,19500,19500,19500,19500
15653897,이큐웨어 이큐메딕 Sanitize-BK3 항균 거치형 블루투스 키보드 (화이트),19500,19500,19500,19500,19500,19500,19500,19500
15665420,이큐웨어 이큐메딕 Sanitize-BS3 항균 거치형 블루투스 키보드 마우스 세트 (블랙),45000,45000,45000,45000,45000,45000,45000,45000
15665462,이큐웨어 이큐메딕 Sanitize-BS3 항균 거치형 블루투스 키보드 마우스 세트 (핑크),99840,99840,99840,99840,99840,99840,99840,99840
15665447,이큐웨어 이큐메딕 Sanitize-BS3 항균 거치형 블루투스 키보드 마우스 세트 (화이트),99840,99840,99840,99840,99840,99840,99840,99840
15651932,이큐웨어 이큐메딕 Sanitize-BS5 항균 블루투스 키보드 마우스 세트 (핑크),106940,106940,106940,106940,106940,106940,106940,106940
15652973,이큐웨어 이큐메딕 Sanitize-K1 항균 거치형 키보드 (블랙),11900,11900,11900,11900,11900,11900,11900,11900
15653006,이큐웨어 이큐메딕 Sanitize-K1 항균 거치형 키보드 (핑크),11900,11900,11900,11900,11900,11900,11900,11900
15653000,이큐웨어 이큐메딕 Sanitize-K1 항균 거치형 키보드 (화이트),11900,11900,11900,11900,11900,11900,11900,11900
15653357,이큐웨어 이큐메딕 Sanitize-K5 항균 거치형 미니 키보드 (블랙),13900,13900,13900,13900,13900,13900,13900,13900
15654950,이큐웨어 이큐메딕 Sanitize-N1 항균 키패드,9234,9234,9234,10120,10120,10250,10250,10250
15657812,이큐웨어 이큐메딕 Sanitize-PGK1 항균 키보드 손목 젤 패드 (그레이),12500,12500,12500,12500,12500,12500,12500,12500
15653834,이큐웨어 이큐메딕 Sanitize-PGK1 항균 키보드 손목 젤 패드 (블랙),14680,14680,14680,14680,14680,14680,14680,14680
15653477,이큐웨어 이큐메딕 Sanitize-S1 항균 거치형 키보드 마우스 세트 (블랙),16900,16900,16900,16060,16060,16060,16060,16060
15653501,이큐웨어 이큐메딕 Sanitize-S1 항균 거치형 키보드 마우스 세트 (화이트),16900,16900,16900,16900,16900,16900,16900,16900
15654200,이큐웨어 이큐메딕 Sanitize-WS3 항균 거치형 무선 키보드 마우스 세트 (블랙),35400,35400,35400,35400,35400,35400,35400,35400
15654215,이큐웨어 이큐메딕 Sanitize-WS3 항균 거치형 무선 키보드 마우스 세트 (화이트),35400,35400,35400,35400,35400,35400,35400,35400
15654329,이큐웨어 이큐메딕 Sanitize-WS5 항균 펜타그래프 무선 키보드 마우스 세트 (블랙),19500,19500,19500,19500,19500,19500,19500,19500
15654368,이큐웨어 이큐메딕 Sanitize-WS5 항균 펜타그래프 무선 키보드 마우스 세트 (화이트),19500,19500,19500,19500,19500,19500,19500,19500
57505382,이킵먼트 블랙 웬지 팜레스트 (60% 배열),13500,13500,13500,13500,13500,13500,13500,13500
57505373,이킵먼트 블랙 웬지 팜레스트 (풀사이즈),15000,15000,15000,15000,15000,15000,15000,15000
60321857,이킵먼트 아크릴 팜레스트 (60% 배열),14990,14990,14990,14990,14990,14990,14990,14990
60321863,이킵먼트 아크릴 팜레스트 (텐키리스),14990,14990,14990,14990,14990,14990,14990,14990
60321839,이킵먼트 아크릴 팜레스트 (풀사이즈),14990,14990,14990,14990,14990,14990,14990,14990
28827452,이킵먼트 호두나무 월넛 팜레스트 (60% 배열),14120,14120,14120,14120,14120,14120,14120,14120
28827473,이킵먼트 호두나무 월넛 팜레스트 (텐키리스),14120,14120,14120,14120,14120,14120,14120,14120
28827506,이킵먼트 호두나무 월넛 팜레스트 (풀사이즈),12400,12400,12400,12400,12400,12400,12400,12400
78095813,장우컴퍼니 버거멍 시리즈 포인트 키캡 (동글멍),2850,2850,2850,2850,2850,2850,2850,2850
78095807,장우컴퍼니 버거멍 시리즈 포인트 키캡 (쫑긋멍),2850,2850,2850,2850,2850,2850,2850,2850
77962682,장우컴퍼니 빵 시리즈 포인트 키캡 (계란빵),2850,2850,2850,2850,2850,2850,2850,2850
77962706,장우컴퍼니 빵 시리즈 포인트 키캡 (단팥빵),2850,2850,2850,2850,2850,2850,2850,2850
78095774,장우컴퍼니 빵 시리즈 포인트 키캡 (도넛),2850,2850,2850,2850,2850,2850,2850,2850
78095783,장우컴퍼니 빵 시리즈 포인트 키캡 (마늘빵),2850,2850,2850,2850,2850,2850,2850,2850
77962700,장우컴퍼니 빵 시리즈 포인트 키캡 (메론빵),2850,2850,2850,2850,2850,2850,2850,2850
78095789,장우컴퍼니 빵 시리즈 포인트 키캡 (소금빵),2850,2850,2850,2850,2850,2850,2850,2850
77962718,장우컴퍼니 빵 시리즈 포인트 키캡 (소시지빵),2850,2850,2850,2850,2850,2850,2850,2850
78095798,장우컴퍼니 빵 시리즈 포인트 키캡 (커피번),2850,2850,2850,2850,2850,2850,2850,2850
58471397,잼몬스터 메모리폼 구름 손목받침대 세트,17710,17710,17710,17710,17710,17710,17710,17710
58482437,잼몬스터 메모리폼 냥발 손목받침대 세트,28000,28000,28000,28000,28000,28000,28000,28000
58478519,잼몬스터 메모리폼 하트 손목받침대 세트,26400,26400,26400,26400,26400,26400,26400,26400
20392214,정현씨앤씨 디콤 DOMK-202B 무선 키보드 마우스 세트 (그레이),24900,24900,24900,24900,24900,24900,24900,24900
3204842,정현씨앤씨 디콤 PERSEUS GK-1,25100,25100,25100,25100,25100,25100,25100,25100
16909373,제닉스 STORMX MK-3 (청축),37900,37880,37880,37900,37900,37900,37900,37900
3698558,제닉스 STORMX TITAN SE (블랙),98960,98960,98960,98960,98960,98960,98960,98960
32129144,제닉스 STORMX TITAN VE,27350,27350,26500,26500,26500,26500,26500,26500
18463994,제닉스 X-PAM 손목받침대,15900,15900,15900,15900,15900,15900,15900,15900
5454370,제닉스 XPAM 대나무 손목 받침대 (텐키리스용),12260,12260,12890,11990,11990,11990,11990,11990
5454375,제닉스 XPAM 대나무 손목 받침대 (풀배열용),12260,12260,12890,12000,12000,12000,12000,12000
57504536,제닉스 마스터9 무선 블루투스 기계식 게이밍,99270,102450,102450,102450,102450,102450,102450,102450
15319580,제닉스 스톰엑스 아크릴 손목받침대 텐키리스 (블랙),17900,17900,17900,17900,17900,17900,17900,17900
15319547,제닉스 스톰엑스 아크릴 손목받침대 텐키리스 (스노우),12790,12790,12790,12790,12790,12790,12790,12790
15319568,제닉스 스톰엑스 아크릴 손목받침대 텐키리스 (크리스탈),13900,13900,13900,13900,13900,13900,13900,13900
15319640,제닉스 스톰엑스 아크릴 손목받침대 풀키 (블랙),17900,17900,17900,17900,17900,17900,17900,17900
15319625,제닉스 스톰엑스 아크릴 손목받침대 풀키 (스노우),13900,13900,13900,13900,13900,13900,13900,13900
15319634,제닉스 스톰엑스 아크릴 손목받침대 풀키 (크리스탈),13900,13900,13900,13900,13900,13900,13900,13900
12875072,제닉스 스톰체이서LT 게이밍 기계식 키보드 (갈축),39200,39200,39200,39200,39200,39200,39200,39200
12875090,제닉스 스톰체이서LT 게이밍 기계식 키보드 (적축),39200,39200,39200,39200,39200,39200,39200,39200
12875030,제닉스 스톰체이서LT 게이밍 기계식 키보드 (청축),39200,39200,39200,39200,39200,39200,39200,39200
31465049,제닉스 엑스팜 월넛 팜레스트 (텐키리스),12900,12900,12900,12900,12900,12900,12900,12900
31465028,제닉스 엑스팜 월넛 팜레스트 (풀키),12900,12900,12900,12900,12900,12900,12900,12900
98549297,제닉스 타이탄 실리콘 맥스 팜레스트,25900,25900,25900,25900,25900,25900,25900,25900
75536123,제닉스 타이탄 실리콘 팜레스트,15900,15900,15900,15900,15900,15900,15900,15900
5720849,제이컴정보통신 HB188 블루투스 키보드,34510,34510,34101,34510,34510,34510,34510,33380
15353564,제이컴정보통신 트렌잇 JTK-006 블루투스 키보드 (블랙),23260,23260,23260,23260,23260,23260,23260,23260
15353726,제이컴정보통신 트렌잇 JTK-106 블루투스 키보드 (블랙),6350,6350,6350,6350,6350,6350,6350,6350
15353741,제이컴정보통신 트렌잇 JTK-106 블루투스 키보드 (화이트),16500,16500,16500,16500,16500,16500,16500,16500
14845634,제이컴정보통신 트렌잇 JTK-188 접이식 블루투스 키보드,25000,25000,25000,25000,25000,25000,25000,25000
14845229,제이컴정보통신 트렌잇 JTK-206 무선 블루투스 키보드 (블랙),27290,27290,27290,27290,27290,27290,27290,27290
14845283,제이컴정보통신 트렌잇 JTK-206 무선 블루투스 키보드 (화이트),30900,30900,30900,30900,30900,30900,30900,30900
16799813,젬스트 MX KEYS MINI 전용 GK009 키보드 하드 케이스,18700,18700,18700,18700,18700,18700,18700,18700
16319219,조이쿨 키보드 스티커 (독일어),780,780,780,780,780,780,780,780
16319231,조이쿨 키보드 스티커 (러시아어),780,780,780,780,780,780,780,780
16319240,조이쿨 키보드 스티커 (스페인어),780,780,780,780,780,780,780,780
16319324,조이쿨 키보드 스티커 (아랍어),780,780,780,780,780,780,780,780
16319333,조이쿨 키보드 스티커 (영어),780,780,780,780,780,780,780,780
16319369,조이쿨 키보드 스티커 (이탈리아어),780,780,780,780,780,780,780,780
16319549,조이쿨 키보드 스티커 (일본어),780,780,780,780,780,780,780,780
16319552,조이쿨 키보드 스티커 (중국어 번체),780,780,780,780,780,780,780,780
16319573,조이쿨 키보드 스티커 (태국어),800,800,800,800,800,800,800,800
16319831,조이쿨 키보드 스티커 (터키어),780,780,780,780,780,780,780,780
16319849,조이쿨 키보드 스티커 (포르투갈어),780,780,780,780,780,780,780,780
16319930,조이쿨 키보드 스티커 (프랑스어),800,800,800,800,800,800,800,800
16319963,조이쿨 키보드 스티커 (한국어),570,570,570,570,570,570,570,570
16319990,조이쿨 키보드 스티커 (히브리어),740,740,740,740,740,740,740,740
13879613,조이쿨 키보드 청소용 브러쉬,250,250,250,250,250,250,250,250
20690651,조이트론 JTMK-200L,30900,30900,30900,30900,30900,30900,30900,30900
18981596,조이트론 JTMK-200S,30900,30900,30900,30900,30900,30900,30900,30900
122632471,조이트론 JTMK100 (블랙),22800,22800,22800,22800,22800,22800,22800,22800
122632474,조이트론 JTMK100 (화이트),22800,22800,22800,22800,22800,22800,22800,22800
54481901,조이트론 MK-82 기계식,99000,99000,99000,99000,99000,99000,99000,99000
62565641,주연테크 긱스타 GK01 (레트로),16900,16900,16900,16900,16900,16900,16900,16900
74894936,주연테크 긱스타 GK01 (핑크),16900,16900,16890,16890,16890,16890,16890,16890
96656741,주연테크 긱스타 GK02,16900,16900,16900,16900,16900,16900,16900,16900
122697249,주연테크 긱스타 GK03 PRO (블랙),34900,34900,34900,34900,34900,34900,34900,34900
122697252,주연테크 긱스타 GK03 PRO (핑크),34900,34900,34900,34900,34900,34900,34900,34900
122699045,주연테크 긱스타 GK108FE (가을 아람),18900,18900,17580,17570,17570,17570,17570,17570
122699046,주연테크 긱스타 GK108FE (겨울 그루잠),18900,18900,18900,17570,17570,17570,17570,17570
122699043,주연테크 긱스타 GK108FE (봄 꽃비),18900,18900,18900,17570,17570,17570,17570,17570
122699044,주연테크 긱스타 GK108FE (여름 윤슬),18900,18900,18900,17570,17570,17570,17570,17570
93633965,주연테크 긱스타 GKG108 유무선 기계식 블랙 (몽돌),81330,81330,80946,83420,83280,83420,82580,82580
93633995,주연테크 긱스타 GKG108 유무선 기계식 블랙 (선셋),84600,84600,84600,84600,84600,84600,84600,84600
93633977,주연테크 긱스타 GKG108 유무선 기계식 화이트 (몽돌),89000,89000,89000,89000,89000,89000,89000,89000
93633998,주연테크 긱스타 GKG108 유무선 기계식 화이트 (선셋),94000,94000,94000,94000,94000,94000,94000,94000
124101405,주연테크 긱스타 GKG108ADE 유무선 기계식 딸기에이드 (소다축),99000,106440,106440,99000,99000,99000,99000,99000
124101408,주연테크 긱스타 GKG108ADE 유무선 기계식 딸기에이드 (저소음 몽글축),109000,117190,117190,109000,109000,109000,109000,109000
124101414,주연테크 긱스타 GKG108ADE 유무선 기계식 레몬민트에이드 (소다축),99000,106440,106440,99000,99000,99000,99000,99000
124101416,주연테크 긱스타 GKG108ADE 유무선 기계식 레몬민트에이드 (저소음 몽글축),109000,117190,117190,109000,109000,109000,109000,109000
124101421,주연테크 긱스타 GKG108ADE 유무선 기계식 메론에이드 (소다축),99000,106440,99000,99000,99000,99000,99000,99000
124101423,주연테크 긱스타 GKG108ADE 유무선 기계식 메론에이드 (저소음 몽글축),109000,117190,117190,109000,109000,109000,109000,109000
124101425,주연테크 긱스타 GKG108ADE 유무선 기계식 소다팝에이드 (소다축),99000,106450,106450,99000,99000,99000,99000,99000
124101427,주연테크 긱스타 GKG108ADE 유무선 기계식 소다팝에이드 (저소음 몽글축),109000,117190,117190,109000,109000,109000,109000,109000
124101432,주연테크 긱스타 GKG108ADE 유무선 기계식 솜사탕에이드 (소다축),99000,106440,106440,99000,99000,99000,99000,99000
124101433,주연테크 긱스타 GKG108ADE 유무선 기계식 솜사탕에이드 (저소음 몽글축),109000,117190,109000,109000,109000,109000,109000,109000
101185001,주연테크 긱스타 GKG108AQ 유무선 기계식 (미드나잇 블루),72657,72657,71631,74140,74140,74290,74290,73770
101185028,주연테크 긱스타 GKG108AQ 유무선 기계식 (스카이 블루),69740,69740,69498,69740,69740,69740,69740,69740
101184989,주연테크 긱스타 GKG108SS 유무선 기계식 (미드나잇 블루),73730,73730,73737,75640,75640,75640,74880,74880
101184965,주연테크 긱스타 GKG108SS 유무선 기계식 (스카이 블루),72650,72650,72378,74970,74460,74460,73770,73770
94566794,주연테크 긱스타 GKG87 유무선 기계식 블랙 (몽돌),54900,54900,54900,54900,54900,54900,54900,54900
94566848,주연테크 긱스타 GKG87 유무선 기계식 블랙 (선셋),62900,62900,62900,62900,62900,62900,62900,62900
94566818,주연테크 긱스타 GKG87 유무선 기계식 화이트 (몽돌),52540,52540,52540,52540,52540,52540,52550,52580
101184905,주연테크 긱스타 GKG87AQ 유무선 기계식 (미드나잇 블루),59510,59510,59510,59510,59510,59510,59510,59510
101184902,주연테크 긱스타 GKG87AQ 유무선 기계식 (스카이 블루),60720,60720,59868,61980,62060,62060,61670,61670
101184908,주연테크 긱스타 GKG87SS 유무선 기계식 (미드나잇 블루),63981,63981,63081,65300,65710,65590,65150,64970
101184914,주연테크 긱스타 GKG87SS 유무선 기계식 (스카이 블루),63980,63980,63081,65300,65300,65390,64970,64970
90960752,주연테크 긱스타 JK07 유무선 기계식,47040,47040,47040,45570,45570,45570,45570,45570
90960410,주연테크 긱스타 JK08 유무선 기계식,48990,39000,39000,39000,39000,39000,39000,39000
122717082,주연테크 긱스타 파운데이션 (뉴트럴 아이보리),39900,39900,39900,39900,39900,39900,39900,39900
122717054,주연테크 긱스타 파운데이션 (시카민트),39900,39900,39900,39900,39900,39900,39900,39900
122717059,주연테크 긱스타 파운데이션 (포슬린 화이트),39900,39900,39900,39900,39900,39900,39900,39900
12976772,지군코리아 GK-250M USB 미니키보드,7800,7800,7800,7800,7800,7800,7800,7800
17982431,지군코리아 GK-6000 USB 키보드,7820,7820,7820,7820,7820,7820,7820,7820
122669933,지클릭커 BLK80 유무선,31930,31930,31930,31930,31930,31930,31930,31930
122669951,지클릭커 BLK98 유무선,34010,34010,34010,34010,34010,34010,34010,34010
123804770,지클릭커 DEEPSEA M DSK108 (문스톤그레이),19800,19800,19800,19800,19800,19800,19800,19800
123804773,지클릭커 DEEPSEA M DSK108 (올리브카키),19800,19800,19800,19800,19800,19800,19800,19800
123804762,지클릭커 DEEPSEA M DSK108 (크림베이지),19800,19800,19800,19800,19800,19800,19800,19800
123804768,지클릭커 DEEPSEA M DSK108 (페일핑크),15972,15972,18150,18150,18150,18150,18150,18150
123804796,지클릭커 DEEPSEA M DSWK108 유무선 (문스톤그레이),28900,28900,28900,28900,28900,28900,28900,28900
123804798,지클릭커 DEEPSEA M DSWK108 유무선 (올리브카키),28900,28900,28900,28900,28900,28900,28900,28900
123804789,지클릭커 DEEPSEA M DSWK108 유무선 (크림베이지),28900,28900,28900,28900,28900,28900,28900,28900
123804799,지클릭커 DEEPSEA M DSWK108 유무선 (페일핑크),28900,28900,28900,28900,28900,28900,28900,28900
4838742,지클릭커 G-Clicker GMK-210 키보드 마우스 세트,43550,43550,43550,43550,43550,43550,43550,43550
5656098,지클릭커 G-Clicker GMK-230 with PAD 장패드 세트,45410,45410,45410,45410,45410,45410,45410,45410
34592846,지클릭커 GK7 RAINBOW (블랙),13300,13300,13300,13210,13210,13210,13210,13210
79408376,지클릭커 GK7 RAINBOW (화이트),13640,13640,13640,13210,13210,13210,13210,13210
42702491,지클릭커 GKC-100 기계식 키보드 더스트 커버,13900,13900,13900,13900,13900,13900,13900,13900
11389869,지클릭커 GMK-180 with PAD 장패드 세트,15900,15900,15900,15900,15900,15900,15900,15900
11389797,지클릭커 GMK-180 키보드 마우스 세트,14900,14900,14900,14900,14900,14900,14900,14900
7328011,지클릭커 GMK-210X Rainbow LED 키보드 마우스 세트,18710,18710,18710,18710,18710,18710,18710,18710
7328098,지클릭커 GMK-210X with PAD 장패드 세트,19240,19240,19240,19240,19240,19240,19240,19240
102002045,지클릭커 GMK-3000 키보드 마우스 세트 (그린),25900,25900,25900,25900,25900,25900,25900,25900
102002048,지클릭커 GMK-3000 키보드 마우스 세트 (블랙),25900,25900,25900,25900,25900,25900,25900,25900
102002054,지클릭커 GMK-3000 키보드 마우스 세트 (블루),25900,25900,25900,25900,25900,25900,25900,25900
102002060,지클릭커 GMK-3000 키보드 마우스 세트 (핑크),25900,25900,25900,25900,25900,25900,25900,25900
102002063,지클릭커 GMK-3000 키보드 마우스 세트 (화이트),25900,25900,25900,25900,25900,25900,25900,25900
102002318,지클릭커 GMK-387 키보드 마우스 세트 (블랙),21000,21000,21000,21000,21000,21000,21000,21000
102002324,지클릭커 GMK-387 키보드 마우스 세트 (화이트),21000,21000,21000,21000,21000,21000,21000,21000
102001775,지클릭커 GMK-514 키보드 마우스 세트 블랙 (갈축),38900,38900,38900,38900,38900,38900,38900,38900
102001778,지클릭커 GMK-514 키보드 마우스 세트 블랙 (적축),38900,38900,38900,38900,38900,38900,38900,38900
102001772,지클릭커 GMK-514 키보드 마우스 세트 블랙 (청축),38900,38900,38900,38900,38900,38900,38900,38900
102001784,지클릭커 GMK-514 키보드 마우스 세트 화이트 (갈축),38900,38900,38900,38900,38900,38900,38900,38900
102001781,지클릭커 GMK-514 키보드 마우스 세트 화이트 (적축),38900,38900,38900,38900,38900,38900,38900,38900
102001796,지클릭커 GMK-514 키보드 마우스 세트 화이트 (청축),38900,38900,38900,38900,38900,38900,38900,38900
102001946,지클릭커 GMK-587 키보드 마우스 세트 블랙 (갈축),34900,34900,34900,34900,34900,34900,34900,34900
102001955,지클릭커 GMK-587 키보드 마우스 세트 블랙 (적축),34900,34900,34900,34900,34900,34900,34900,34900
102001931,지클릭커 GMK-587 키보드 마우스 세트 블랙 (청축),34900,34900,34900,34900,34900,34900,34900,34900
102001976,지클릭커 GMK-587 키보드 마우스 세트 화이트 (갈축),34900,34900,34900,34900,34900,34900,34900,34900
102001970,지클릭커 GMK-587 키보드 마우스 세트 화이트 (적축),34900,34900,34900,34900,34900,34900,34900,34900
102001982,지클릭커 GMK-587 키보드 마우스 세트 화이트 (청축),34900,34900,34900,34900,34900,34900,34900,34900
109679270,지클릭커 KPS80 87 (네이비블루),18400,18400,18400,18400,18400,18400,18400,18400
109679273,지클릭커 KPS80 87 (코랄),18400,18400,18400,18400,18400,18400,18400,18400
109679294,지클릭커 KPS80 98 (레트로 카푸치노),18400,18400,18400,18400,18400,18400,18400,18400
109679288,지클릭커 KPS80 98 (코랄),18400,18400,18400,18400,18400,18400,18400,18400
109679282,지클릭커 KPS80 98 (포커그린),18400,18400,18400,18400,18400,18400,18400,18400
124236583,지클릭커 LWC50 무선 키보드 마우스 세트 (GREENWICH),37850,37850,37850,37850,37850,37850,37850,37850
124236577,지클릭커 LWC50 무선 키보드 마우스 세트 (HAVANA),35160,35160,35160,35160,35160,35160,35160,35160
124236579,지클릭커 LWC50 무선 키보드 마우스 세트 (KHAKI),35160,35160,35160,35160,35160,35160,35160,35160
124236582,지클릭커 LWC50 무선 키보드 마우스 세트 (SKY CITY),35160,35160,35160,35160,35160,35160,35160,35160
104987387,지클릭커 Magneon 8K GRT107 머큐리핑크 (레이저자몽축),74800,74800,74800,74800,74800,74800,74800,74210
104987405,지클릭커 Magneon 8K GRT107 머큐리핑크 (핑크소닉축),74800,74800,74800,74800,74800,74800,74800,69560
104987366,지클릭커 Magneon 8K GRT107 문스톤그레이 (레이저자몽축),74800,74800,74800,74800,74800,74800,74800,74210
104987402,지클릭커 Magneon 8K GRT107 문스톤그레이 (핑크소닉축),74800,74800,74800,74800,74800,74800,74800,69560
104987375,지클릭커 Magneon 8K GRT107 화이트마린 (레이저자몽축),74800,74800,74800,74800,74800,74800,74800,74210
104987399,지클릭커 Magneon 8K GRT107 화이트마린 (핑크소닉축),74800,74800,74800,74800,74800,74800,74800,69560
124423987,지클릭커 Magneon 8K GRT61 (문스톤 그레이),44800,44800,,,,,,
124423992,지클릭커 Magneon 8K GRT61 (화이트 마린),44800,44800,,,,,,
108447929,지클릭커 Magneon 8K GRT68 머큐리핑크 (레이저자몽축),59800,59800,59800,59800,59800,59800,59800,55610
104987480,지클릭커 Magneon 8K GRT68 머큐리핑크 (핑크소닉축),59800,59800,59800,59800,59800,59800,59800,55610
108447926,지클릭커 Magneon 8K GRT68 문스톤그레이 (레이저자몽축),59800,59800,59800,59800,59800,59800,59800,55610
104987471,지클릭커 Magneon 8K GRT68 문스톤그레이 (핑크소닉축),59800,59800,59800,59800,59800,59800,59800,55610
108447920,지클릭커 Magneon 8K GRT68 화이트마린 (레이저자몽축),59800,59800,59800,59800,59800,59800,59800,55610
104987477,지클릭커 Magneon 8K GRT68 화이트마린 (핑크소닉축),59800,59800,59800,59800,59800,59800,59800,59800
123650628,지클릭커 Magneon 8K GRT87 머큐리핑크 (레이저자몽축),69800,69800,69800,69800,69800,69800,69800,69800
123650631,지클릭커 Magneon 8K GRT87 머큐리핑크 (스노우 프라임축),69800,69800,69800,69800,69800,69800,69800,69800
123650634,지클릭커 Magneon 8K GRT87 문스톤그레이 (레이저자몽축),69800,69800,69800,69800,69800,69800,69800,69800
123650636,지클릭커 Magneon 8K GRT87 문스톤그레이 (스노우 프라임축),69800,69800,69800,69800,69800,69800,69800,69800
123650637,지클릭커 Magneon 8K GRT87 화이트마린 (레이저자몽축),69800,69800,69800,69800,69800,69800,69800,69800
123650638,지클릭커 Magneon 8K GRT87 화이트마린 (스노우 프라임축),69800,69800,69800,69800,69800,69800,69800,69800
122637877,지클릭커 Magneon 듀얼 8K GRP169 키보드 마우스 세트 머큐리핑크 (레이저자몽축),94000,94000,94000,94000,94000,94000,94000,94000
122637869,지클릭커 Magneon 듀얼 8K GRP169 키보드 마우스 세트 머큐리핑크 (핑크소닉축),94000,94000,94000,94000,94000,94000,94000,94000
122637874,지클릭커 Magneon 듀얼 8K GRP169 키보드 마우스 세트 문스톤그레이 (레이저자몽축),94000,94000,94000,94000,94000,94000,94000,94000
122637867,지클릭커 Magneon 듀얼 8K GRP169 키보드 마우스 세트 문스톤그레이 (핑크소닉축),94000,94000,94000,94000,94000,94000,94000,94000
122637873,지클릭커 Magneon 듀얼 8K GRP169 키보드 마우스 세트 화이트마린 (레이저자몽축),94000,94000,94000,94000,94000,94000,94000,94000
122637009,지클릭커 Magneon 듀얼 8K GRP169 키보드 마우스 세트 화이트마린 (핑크소닉축),94000,94000,94000,94000,94000,94000,94000,94000
122638539,지클릭커 Magneon 듀얼 8K GRP179 키보드 마우스 세트 머큐리핑크 (레이저자몽축),94000,114000,114000,114000,114000,114000,114000,114000
122637018,지클릭커 Magneon 듀얼 8K GRP179 키보드 마우스 세트 머큐리핑크 (핑크소닉축),94000,114000,114000,114000,114000,114000,114000,114000
122638540,지클릭커 Magneon 듀얼 8K GRP179 키보드 마우스 세트 문스톤그레이 (레이저자몽축),114000,114000,114000,114000,114000,114000,114000,114000
122638534,지클릭커 Magneon 듀얼 8K GRP179 키보드 마우스 세트 문스톤그레이 (핑크소닉축),94000,114000,114000,114000,114000,114000,114000,114000
122638536,지클릭커 Magneon 듀얼 8K GRP179 키보드 마우스 세트 화이트마린 (레이저자몽축),94000,114000,114000,114000,114000,114000,114000,114000
122638533,지클릭커 Magneon 듀얼 8K GRP179 키보드 마우스 세트 화이트마린 (핑크소닉축),114000,114000,114000,114000,114000,114000,114000,114000
122637928,지클릭커 Magneon 듀얼 8K GRP699 키보드 마우스 세트 머큐리핑크 (레이저자몽축),99000,99000,99000,99000,99000,99000,99000,99000
122637920,지클릭커 Magneon 듀얼 8K GRP699 키보드 마우스 세트 머큐리핑크 (핑크소닉축),99000,99000,99000,99000,99000,99000,99000,99000
122637930,지클릭커 Magneon 듀얼 8K GRP699 키보드 마우스 세트 문스톤그레이 (레이저자몽축),99000,99000,99000,99000,99000,99000,99000,99000
122637921,지클릭커 Magneon 듀얼 8K GRP699 키보드 마우스 세트 문스톤그레이 (핑크소닉축),99000,99000,99000,99000,99000,99000,99000,99000
122637926,지클릭커 Magneon 듀얼 8K GRP699 키보드 마우스 세트 화이트마린 (레이저자몽축),99000,99000,99000,99000,99000,99000,99000,99000
122637011,지클릭커 Magneon 듀얼 8K GRP699 키보드 마우스 세트 화이트마린 (핑크소닉축),99000,99000,99000,99000,99000,99000,99000,99000
122640349,지클릭커 Magneon 듀얼 8K GRP799 키보드 마우스 세트 머큐리핑크 (레이저자몽축),119000,119000,119000,119000,119000,119000,119000,119000
122640342,지클릭커 Magneon 듀얼 8K GRP799 키보드 마우스 세트 머큐리핑크 (핑크소닉축),119000,119000,119000,119000,119000,119000,119000,119000
122640346,지클릭커 Magneon 듀얼 8K GRP799 키보드 마우스 세트 문스톤그레이 (레이저자몽축),119000,119000,119000,119000,119000,119000,119000,119000
122640341,지클릭커 Magneon 듀얼 8K GRP799 키보드 마우스 세트 문스톤그레이 (핑크소닉축),119000,119000,119000,119000,119000,119000,119000,119000
122640345,지클릭커 Magneon 듀얼 8K GRP799 키보드 마우스 세트 화이트마린 (레이저자몽축),119000,119000,119000,119000,119000,119000,119000,119000
122637023,지클릭커 Magneon 듀얼 8K GRP799 키보드 마우스 세트 화이트마린 (핑크소닉축),119000,119000,119000,119000,119000,119000,119000,119000
122690624,지클릭커 MagneonX XRT107 (스페이스엑스),89800,89800,89800,89800,89800,89800,89800,83510
122690626,지클릭커 MagneonX XRT107 (폴라화이트엑스),89800,89800,89800,89800,89800,89800,89800,89800
122691472,지클릭커 MagneonX XRT68 스페이스엑스 (레이저자몽축),69800,69800,69800,69800,69800,69800,69800,64910
122691463,지클릭커 MagneonX XRT68 스페이스엑스 (핑크소닉축),69800,69800,69800,69800,69800,69800,69800,64910
122691478,지클릭커 MagneonX XRT68 페일핑크엑스 (레이저자몽축),69800,69800,69800,69800,69800,69800,69800,64910
122691476,지클릭커 MagneonX XRT68 페일핑크엑스 (핑크소닉축),69800,69800,69800,69800,69800,69800,69800,64910
122691480,지클릭커 MagneonX XRT68 폴라화이트엑스 (레이저자몽축),69800,69800,69800,69800,69800,69800,69800,64910
122691479,지클릭커 MagneonX XRT68 폴라화이트엑스 (핑크소닉축),69800,69800,69800,69800,69800,69800,69800,64910
124411911,지클릭커 NK-SD21 유무선 (레트로),35800,35800,35800,,,,,
124411910,지클릭커 NK-SD21 유무선 (블랙),35800,35800,,,,,,
124411906,지클릭커 NK-SD21 유무선 (화이트),35800,35800,,,,,,
124411909,지클릭커 NK-SD21 유무선 (화이트마린),35800,35800,35800,,,,,
122651418,지클릭커 NK35 무선 (블랙),22800,22800,22800,22800,22800,22800,22800,22800
122651420,지클릭커 NK35 무선 (화이트),22800,22800,22800,22800,22800,22800,22800,22800
62649704,지클릭커 OFFICEPRO EK100 인체공학 무선 (블랙),29800,29800,29800,29800,29800,29800,29800,29800
99050099,지클릭커 OFFICEPRO EK100 인체공학 무선 (화이트),29800,29800,29800,29800,29800,29800,29800,29800
99711401,지클릭커 OFFICEPRO EK200 (블랙),39800,39800,39800,39800,39800,39800,39800,39800
99711449,지클릭커 OFFICEPRO EK200 (핑크),39800,39800,39800,39800,39800,39800,39800,39800
99711458,지클릭커 OFFICEPRO EK200 (화이트),39800,39800,39800,39800,39800,39800,39800,39800
97121852,지클릭커 OFFICEPRO EK300 인체공학 무선 (베이지 블랙),49500,49500,49500,49500,49500,49500,49500,49500
76402826,지클릭커 OFFICEPRO EK300 인체공학 무선 (블랙),49500,49500,49500,49500,49500,49500,49500,49500
97121885,지클릭커 OFFICEPRO EK300 인체공학 무선 (스카이 블루),49500,49500,49500,49500,49500,49500,49500,49500
76402853,지클릭커 OFFICEPRO EK300 인체공학 무선 (화이트),49500,49500,49500,49500,49500,49500,49500,49500
88208612,지클릭커 OFFICEPRO EK500 무선 기계식 (베이지 블랙),138000,138000,138000,138000,138000,138000,138000,138000
88208642,지클릭커 OFFICEPRO EK500 무선 기계식 (카리브 화이트),138000,138000,138000,138000,138000,138000,138000,138000
94815374,지클릭커 OFFICEPRO EK600 무선 기계식 네온 화이트 (도각도각축),138000,138000,138000,138000,138000,138000,138000,138000
94815347,지클릭커 OFFICEPRO EK600 무선 기계식 네온 화이트 (보글보글),148000,148000,148000,148000,148000,148000,148000,148000
94815389,지클릭커 OFFICEPRO EK600 무선 기계식 옐로우 블랙 (도각도각축),138000,138000,138000,138000,138000,138000,138000,138000
94815392,지클릭커 OFFICEPRO EK600 무선 기계식 옐로우 블랙 (보글보글),148000,148000,148000,148000,148000,148000,148000,148000
59523347,지클릭커 OFFICEPRO EMK100 인체공학 무선 키보드 마우스 세트 (블랙),57000,57000,57000,57000,57000,57000,57000,57000
60144647,지클릭커 OFFICEPRO EMK100 인체공학 무선 키보드 마우스 세트 (화이트),49500,49500,49500,49500,49500,49500,49500,49500
101542574,지클릭커 OFFICEPRO EMK200 인체공학 무선 키보드 마우스 세트 (블랙),73410,73410,73410,73410,73410,73410,73410,73410
101542583,지클릭커 OFFICEPRO EMK200 인체공학 무선 키보드 마우스 세트 (핑크),73410,73410,73410,73410,73410,73410,73410,73410
101542577,지클릭커 OFFICEPRO EMK200 인체공학 무선 키보드 마우스 세트 (화이트),73410,73410,73410,73410,73410,73410,73410,73410
122659016,지클릭커 OFFICEPRO EMK300 인체공학 무선 키보드 마우스 세트 (베이지블랙),69800,69800,69800,69800,69800,69800,69800,69800
76403000,지클릭커 OFFICEPRO EMK300 인체공학 무선 키보드 마우스 세트 (블랙),69800,69800,69800,69800,69800,69800,69800,69800
122653556,지클릭커 OFFICEPRO EMK300 인체공학 무선 키보드 마우스 세트 (스카이블루),69800,69800,69800,69800,69800,69800,69800,69800
76403054,지클릭커 OFFICEPRO EMK300 인체공학 무선 키보드 마우스 세트 (화이트),69800,69800,69800,69800,69800,69800,69800,69800
101012258,지클릭커 OFFICEPRO EMK350 무선 키보드 마우스 세트 (베이지 블랙),67300,67300,67300,67300,67300,67300,67300,67300
101012246,지클릭커 OFFICEPRO EMK350 무선 키보드 마우스 세트 (블랙),67300,67300,67300,67300,67300,67300,67300,67300
101012264,지클릭커 OFFICEPRO EMK350 무선 키보드 마우스 세트 (스카이 블루),72300,72300,72300,72300,72300,72300,72300,72300
101012267,지클릭커 OFFICEPRO EMK350 무선 키보드 마우스 세트 (화이트),67300,67300,67300,67300,67300,67300,67300,67300
101012297,지클릭커 OFFICEPRO EMK550 무선 키보드 마우스 세트 (블랙),156500,156500,156500,156500,156500,156500,156500,156500
101012294,지클릭커 OFFICEPRO EMK550 무선 키보드 마우스 세트 (화이트),156500,156500,156500,156500,156500,156500,156500,156500
67683146,지클릭커 OFFICEPRO GMK-300 저소음 키보드 마우스 세트 (그린),10720,10810,10870,10970,10990,10640,10750,11900
67683158,지클릭커 OFFICEPRO GMK-300 저소음 키보드 마우스 세트 (다크그레이 블랙),15280,15280,15290,15290,15300,15300,15310,15320
67683176,지클릭커 OFFICEPRO GMK-300 저소음 키보드 마우스 세트 (실버 화이트),15500,15500,15500,15500,15500,15500,15500,15500
67683173,지클릭커 OFFICEPRO GMK-300 저소음 키보드 마우스 세트 (퍼플),15500,15500,15500,15500,15500,15500,15500,15500
71902112,지클릭커 OFFICEPRO GMK-500 스탠다드 M 무소음 키보드 마우스 세트 (그린),14300,14300,14300,14300,14300,14300,14300,14300
71901980,지클릭커 OFFICEPRO GMK-500 스탠다드 M 무소음 키보드 마우스 세트 (블랙),19900,19900,19900,19900,19900,19900,19900,19900
71902127,지클릭커 OFFICEPRO GMK-500 스탠다드 M 무소음 키보드 마우스 세트 (핑크),21000,21000,21000,21000,21000,21000,21000,21000
71902133,지클릭커 OFFICEPRO GMK-500 스탠다드 M 무소음 키보드 마우스 세트 (화이트),14300,14300,14300,14300,14300,14300,14300,14300
94518632,지클릭커 OFFICEPRO OPK10 (그린),9900,9900,9900,9900,9900,9900,9900,9900
94518626,지클릭커 OFFICEPRO OPK10 (블랙),9900,9900,9900,9900,9900,9900,9900,9900
94518647,지클릭커 OFFICEPRO OPK10 (퍼플),9900,9900,9900,9900,9900,9900,9900,9900
94518635,지클릭커 OFFICEPRO OPK10 (핑크),9900,9900,9900,9900,9900,9900,9900,9900
94518653,지클릭커 OFFICEPRO OPK10 (화이트),9900,9900,9900,9900,9900,9900,9900,9900
103401302,지클릭커 OFFICEPRO OPK50 사일런스 M RGB 무소음 방수 104 (Coral),16390,16390,16390,16390,16400,16400,16400,16400
103401305,지클릭커 OFFICEPRO OPK50 사일런스 M RGB 무소음 방수 104 (Greenwich),16390,16390,16390,16390,16400,16400,16400,16400
103401308,지클릭커 OFFICEPRO OPK50 사일런스 M RGB 무소음 방수 104 (Gundam),16390,16390,16390,16390,16400,16400,16400,16400
103401311,지클릭커 OFFICEPRO OPK50 사일런스 M RGB 무소음 방수 104 (Navy Blue),16400,16400,16400,16400,16400,16400,16400,16400
103401314,지클릭커 OFFICEPRO OPK50 사일런스 M RGB 무소음 방수 104 (Poker Green),16390,16390,16390,16390,16400,16400,16400,16400
103401320,지클릭커 OFFICEPRO OPK50 사일런스 M RGB 무소음 방수 104 (Retro),16390,16390,16390,16390,16400,16400,16400,16400
103401323,지클릭커 OFFICEPRO OPK50 사일런스 M RGB 무소음 방수 104 (Sky City),16390,16390,16390,16390,16400,16400,16400,16400
103401329,지클릭커 OFFICEPRO OPK50 사일런스 M RGB 무소음 방수 104 (Sky Pink),16390,16390,16390,16390,16400,16400,16400,16400
77789207,"지클릭커 OFFICEPRO OPK50 사일런스 M RGB 무소음 방수 108 (Coral, CR1)",17400,17400,17400,17400,17400,17400,17400,17400
77789216,"지클릭커 OFFICEPRO OPK50 사일런스 M RGB 무소음 방수 108 (Coral, CR2)",17400,17400,17400,17400,17400,17400,17400,17400
72224060,"지클릭커 OFFICEPRO OPK50 사일런스 M RGB 무소음 방수 108 (Greenwich, CR1)",17400,17400,17400,17400,17400,17400,17400,17400
72224084,"지클릭커 OFFICEPRO OPK50 사일런스 M RGB 무소음 방수 108 (Greenwich, CR2)",17400,17400,17400,17400,17400,17400,17400,17400
72224003,"지클릭커 OFFICEPRO OPK50 사일런스 M RGB 무소음 방수 108 (Gundam, CR1)",17400,17400,17400,17400,17400,17400,17400,17400
72224024,"지클릭커 OFFICEPRO OPK50 사일런스 M RGB 무소음 방수 108 (Gundam, CR2)",17400,17400,17400,17400,17400,17400,17400,17400
99052112,지클릭커 OFFICEPRO OPK50 사일런스 M RGB 무소음 방수 108 (Havana Cappuccino),17400,17400,17400,17400,17400,17400,17400,17400
92359295,지클릭커 OFFICEPRO OPK50 사일런스 M RGB 무소음 방수 108 (Navy Blue),17400,17400,17400,17400,17400,17400,17400,17400
72224114,지클릭커 OFFICEPRO OPK50 사일런스 M RGB 무소음 방수 108 (Poker Green),17400,17400,17400,17400,17400,17400,17400,17400
72224111,지클릭커 OFFICEPRO OPK50 사일런스 M RGB 무소음 방수 108 (Poker),17400,17400,17400,17400,17400,17400,17400,17400
95989562,지클릭커 OFFICEPRO OPK50 사일런스 M RGB 무소음 방수 108 (Retro Cappuccino),17400,17400,17400,17400,17400,17400,17400,17400
72224099,"지클릭커 OFFICEPRO OPK50 사일런스 M RGB 무소음 방수 108 (Sky City, CR1)",17400,17400,17400,17400,17400,17400,17400,17400
72224108,"지클릭커 OFFICEPRO OPK50 사일런스 M RGB 무소음 방수 108 (Sky City, CR2)",17400,17400,17400,17400,17400,17400,17400,17400
99052091,지클릭커 OFFICEPRO OPK50 사일런스 M RGB 무소음 방수 108 (Sky Pink),17400,17400,17400,17400,17400,17400,17400,17400
95927156,지클릭커 OFFICEPRO OPK50 사일런스 M RGB 무소음 방수 87 (Coral),15900,15900,15900,15900,15900,15900,15900,15900
95927162,지클릭커 OFFICEPRO OPK50 사일런스 M RGB 무소음 방수 87 (Greenwich),15900,15900,15900,15900,15900,15900,15900,15900
95927168,지클릭커 OFFICEPRO OPK50 사일런스 M RGB 무소음 방수 87 (Navy Blue),15900,15900,15900,15900,15900,15900,15900,15900
95927180,지클릭커 OFFICEPRO OPK50 사일런스 M RGB 무소음 방수 87 (Poker Green),15900,15900,15900,15900,15900,15900,15900,15900
95927135,지클릭커 OFFICEPRO OPK50 사일런스 M RGB 무소음 방수 87 (Sky City),15900,15900,15900,15900,15900,15900,15900,15900
93446915,지클릭커 OFFICEPRO OPK50 사일런스 M RGB 무소음 방수 98 (Coral),15900,15900,15900,15900,15900,15900,15900,15900
93446918,지클릭커 OFFICEPRO OPK50 사일런스 M RGB 무소음 방수 98 (Greenwich),15900,15900,15900,15900,15900,15900,15900,15900
93446906,지클릭커 OFFICEPRO OPK50 사일런스 M RGB 무소음 방수 98 (Poker Green),15900,15900,15900,15900,15900,15900,15900,15900
93446921,지클릭커 OFFICEPRO OPK50 사일런스 M RGB 무소음 방수 98 (Retro),15900,15900,15900,15900,15900,15900,15900,15900
93446924,지클릭커 OFFICEPRO OPK50 사일런스 M RGB 무소음 방수 98 (Sky City),15900,15900,15900,15900,15900,15900,15900,15900
94518770,지클릭커 OFFICEPRO OPS10 키보드 마우스 세트 (그린),14900,14900,14900,14900,14900,14900,14900,14900
94518761,지클릭커 OFFICEPRO OPS10 키보드 마우스 세트 (블랙),14900,14900,14900,14900,14900,14900,14900,14900
94518791,지클릭커 OFFICEPRO OPS10 키보드 마우스 세트 (퍼플),14900,14900,14900,14900,14900,14900,14900,14900
94518782,지클릭커 OFFICEPRO OPS10 키보드 마우스 세트 (핑크),14900,14900,14900,14900,14900,14900,14900,14900
94518797,지클릭커 OFFICEPRO OPS10 키보드 마우스 세트 (화이트),14900,14900,14900,14900,14900,14900,14900,14900
92153240,지클릭커 OFFICEPRO OPS50 사일런스 M 250 키보드 마우스 세트 (Coral),19900,19900,19900,19900,19900,19900,19900,19900
92153294,지클릭커 OFFICEPRO OPS50 사일런스 M 250 키보드 마우스 세트 (Greenwich),19900,19900,19900,19900,19900,19900,19900,19900
92153303,지클릭커 OFFICEPRO OPS50 사일런스 M 250 키보드 마우스 세트 (Gundam),19900,19900,19900,19900,19900,19900,19900,19900
92153309,지클릭커 OFFICEPRO OPS50 사일런스 M 250 키보드 마우스 세트 (Navyblue),19900,19900,19900,19900,19900,19900,19900,19900
92153327,지클릭커 OFFICEPRO OPS50 사일런스 M 250 키보드 마우스 세트 (Poker Green),19900,19900,19900,19900,19900,19900,19900,19900
92153318,지클릭커 OFFICEPRO OPS50 사일런스 M 250 키보드 마우스 세트 (Poker),19900,19900,19900,19900,19900,19900,19900,19900
92153342,지클릭커 OFFICEPRO OPS50 사일런스 M 250 키보드 마우스 세트 (Sky City),19900,19900,19900,19900,19900,19900,19900,19900
92153360,지클릭커 OFFICEPRO OPS50 사일런스 M 250 키보드 마우스 세트 (Skypink),19900,19900,19900,19900,19900,19900,19900,19900
75854210,"지클릭커 OFFICEPRO OPS60 사일런스 M 다쿠아즈 108 키보드 마우스 세트 (Coral, CR1)",29800,29800,29800,29800,29800,29800,29800,29800
75854213,"지클릭커 OFFICEPRO OPS60 사일런스 M 다쿠아즈 108 키보드 마우스 세트 (Coral, CR2)",53320,53320,53320,53320,53320,53320,53320,53320
75854183,"지클릭커 OFFICEPRO OPS60 사일런스 M 다쿠아즈 108 키보드 마우스 세트 (Greenwich, CR1)",29800,29800,29800,29800,29800,29800,29800,29800
75854186,"지클릭커 OFFICEPRO OPS60 사일런스 M 다쿠아즈 108 키보드 마우스 세트 (Greenwich, CR2)",53320,53320,53320,53320,53320,53320,53320,53320
75854177,"지클릭커 OFFICEPRO OPS60 사일런스 M 다쿠아즈 108 키보드 마우스 세트 (Gun Dam, CR1)",29800,29800,29800,29800,29800,29800,29800,29800
75854180,"지클릭커 OFFICEPRO OPS60 사일런스 M 다쿠아즈 108 키보드 마우스 세트 (Gun Dam, CR2)",53320,53320,53320,53320,53320,53320,53320,53320
96708917,지클릭커 OFFICEPRO OPS60 사일런스 M 다쿠아즈 108 키보드 마우스 세트 (Navy Blue),29800,29800,29800,29800,29800,29800,29800,29800
75854198,지클릭커 OFFICEPRO OPS60 사일런스 M 다쿠아즈 108 키보드 마우스 세트 (Poker Green),29800,29800,29800,29800,29800,29800,29800,29800
75854195,지클릭커 OFFICEPRO OPS60 사일런스 M 다쿠아즈 108 키보드 마우스 세트 (Poker),53320,53320,53320,53320,53320,53320,53320,53320
96708920,지클릭커 OFFICEPRO OPS60 사일런스 M 다쿠아즈 108 키보드 마우스 세트 (Retro Cappuccino),29800,29800,29800,29800,29800,29800,29800,29800
75854189,"지클릭커 OFFICEPRO OPS60 사일런스 M 다쿠아즈 108 키보드 마우스 세트 (Sky city, CR1)",29800,29800,29800,29800,29800,29800,29800,29800
75854192,"지클릭커 OFFICEPRO OPS60 사일런스 M 다쿠아즈 108 키보드 마우스 세트 (Sky city, CR2)",53320,53320,53320,53320,53320,53320,53320,53320
96579674,지클릭커 OFFICEPRO OPS60 사일런스 M 다쿠아즈 87 키보드 마우스 세트 (Coral),48500,48500,48500,48500,48500,48500,48500,48500
96579644,지클릭커 OFFICEPRO OPS60 사일런스 M 다쿠아즈 87 키보드 마우스 세트 (Greenwich),27900,27900,27900,27900,27900,27900,27900,27900
96579668,지클릭커 OFFICEPRO OPS60 사일런스 M 다쿠아즈 87 키보드 마우스 세트 (Navy Blue),27900,27900,27900,27900,27900,27900,27900,27900
96579632,지클릭커 OFFICEPRO OPS60 사일런스 M 다쿠아즈 87 키보드 마우스 세트 (Poker Green),27900,27900,27900,27900,27900,27900,27900,27900
96579671,지클릭커 OFFICEPRO OPS60 사일런스 M 다쿠아즈 87 키보드 마우스 세트 (Sky City),27900,27900,27900,27900,27900,27900,27900,27900
94087154,지클릭커 OFFICEPRO OPS60 사일런스 M 다쿠아즈 98 키보드 마우스 세트 (Coral),27300,27300,27300,27300,27300,27300,27300,27300
94087157,지클릭커 OFFICEPRO OPS60 사일런스 M 다쿠아즈 98 키보드 마우스 세트 (Greenwich),27300,27300,27300,27300,27300,27300,27300,27300
94087151,지클릭커 OFFICEPRO OPS60 사일런스 M 다쿠아즈 98 키보드 마우스 세트 (Poker Green),27300,27300,27300,27300,27300,27300,27300,27300
94087169,지클릭커 OFFICEPRO OPS60 사일런스 M 다쿠아즈 98 키보드 마우스 세트 (Retro),27900,27900,27900,27900,27900,27900,27900,27900
94087172,지클릭커 OFFICEPRO OPS60 사일런스 M 다쿠아즈 98 키보드 마우스 세트 (Sky City),27300,27300,27300,27300,27300,27300,27300,27300
99915038,지클릭커 OFFICEPRO OPS70 사일런스 M 마들렌 키보드 마우스 세트 87 (Coral),19800,19800,19800,19800,19800,19800,19800,19800
99915032,지클릭커 OFFICEPRO OPS70 사일런스 M 마들렌 키보드 마우스 세트 87 (Greenwich),19800,19800,19800,19800,19800,19800,19800,19800
99915029,지클릭커 OFFICEPRO OPS70 사일런스 M 마들렌 키보드 마우스 세트 87 (Navy Blue),19800,19800,19800,19800,19800,19800,19800,19800
99915017,지클릭커 OFFICEPRO OPS70 사일런스 M 마들렌 키보드 마우스 세트 87 (Poker Green),19800,19800,19800,19800,19800,19800,19800,19800
99915005,지클릭커 OFFICEPRO OPS70 사일런스 M 마들렌 키보드 마우스 세트 87 (Sky City),19800,19800,19800,19800,19800,19800,19800,19800
99915086,지클릭커 OFFICEPRO OPS70 사일런스 M 마들렌 키보드 마우스 세트 98 (Coral),19800,19800,19800,19800,19800,19800,19800,19800
99915098,지클릭커 OFFICEPRO OPS70 사일런스 M 마들렌 키보드 마우스 세트 98 (Greenwich),19800,19800,19800,19800,19800,19800,19800,19800
99915113,지클릭커 OFFICEPRO OPS70 사일런스 M 마들렌 키보드 마우스 세트 98 (Poker Green),19800,19800,19800,19800,19800,19800,19800,19800
99915125,지클릭커 OFFICEPRO OPS70 사일런스 M 마들렌 키보드 마우스 세트 98 (Retro),19800,19800,19800,19800,19800,19800,19800,19800
99915104,지클릭커 OFFICEPRO OPS70 사일런스 M 마들렌 키보드 마우스 세트 98 (Sky City),19800,19800,19800,19800,19800,19800,19800,19800
93497075,지클릭커 OFFICEPRO OPS70 사일런스 M 키보드 마우스 세트 108 (Coral),21800,21800,21800,21800,21800,21800,21800,21800
93497102,"지클릭커 OFFICEPRO OPS70 사일런스 M 키보드 마우스 세트 108 (Greenwich, CR1)",21800,21800,21800,21800,21800,21800,21800,21800
93497111,"지클릭커 OFFICEPRO OPS70 사일런스 M 키보드 마우스 세트 108 (Greenwich, CR2)",21800,21800,21800,21800,21800,21800,21800,21800
93496970,지클릭커 OFFICEPRO OPS70 사일런스 M 키보드 마우스 세트 108 (Gundam),21800,21800,21800,21800,21800,21800,21800,21800
93497036,지클릭커 OFFICEPRO OPS70 사일런스 M 키보드 마우스 세트 108 (Navy Blue),21800,21800,21800,21800,21800,21800,21800,21800
93497018,지클릭커 OFFICEPRO OPS70 사일런스 M 키보드 마우스 세트 108 (Poker Green),21800,21800,21800,21800,21800,21800,21800,21800
93497027,지클릭커 OFFICEPRO OPS70 사일런스 M 키보드 마우스 세트 108 (Poker),21800,21800,21800,21800,21800,21800,21800,21800
93497117,"지클릭커 OFFICEPRO OPS70 사일런스 M 키보드 마우스 세트 108 (Sky City, CR1)",21800,21800,21800,21800,21800,21800,21800,21800
93497120,"지클릭커 OFFICEPRO OPS70 사일런스 M 키보드 마우스 세트 108 (Sky City, CR2)",21800,21800,21800,21800,21800,21800,21800,21800
93497045,지클릭커 OFFICEPRO OPS70 사일런스 M 키보드 마우스 세트 108 (Sky Pink),21800,21800,21800,21800,21800,21800,21800,21800
99053267,지클릭커 OFFICEPRO OPS990 사일런스 M 108 키보드 무선 마우스 세트 (Coral),38400,38400,38400,38400,38400,38400,38400,38400
99053294,지클릭커 OFFICEPRO OPS990 사일런스 M 108 키보드 무선 마우스 세트 (Greenwich),38400,38400,38400,38400,38400,38400,38400,38400
99053321,지클릭커 OFFICEPRO OPS990 사일런스 M 108 키보드 무선 마우스 세트 (Havana Cappuccino),38400,38400,38400,38400,38400,38400,38400,38400
99053279,지클릭커 OFFICEPRO OPS990 사일런스 M 108 키보드 무선 마우스 세트 (Navy Blue),38400,38400,38400,38400,38400,38400,38400,38400
99053309,지클릭커 OFFICEPRO OPS990 사일런스 M 108 키보드 무선 마우스 세트 (Poker Green),38400,38400,38400,38400,38400,38400,38400,38400
99053333,지클릭커 OFFICEPRO OPS990 사일런스 M 108 키보드 무선 마우스 세트 (Retro),38400,38400,38400,38400,38400,38400,38400,38400
99053303,지클릭커 OFFICEPRO OPS990 사일런스 M 108 키보드 무선 마우스 세트 (Sky City),38400,38400,38400,38400,38400,38400,38400,38400
99053306,지클릭커 OFFICEPRO OPS990 사일런스 M 108 키보드 무선 마우스 세트 (Sky Pink),38400,38400,38400,38400,38400,38400,38400,38400
99053435,지클릭커 OFFICEPRO OPS990 사일런스 M 98 키보드 무선 마우스 세트 (Coral),36800,36800,36800,36800,36800,36800,36800,36800
99053408,지클릭커 OFFICEPRO OPS990 사일런스 M 98 키보드 무선 마우스 세트 (Greenwich),36800,36800,36800,36800,36800,36800,36800,36800
99053432,지클릭커 OFFICEPRO OPS990 사일런스 M 98 키보드 무선 마우스 세트 (Poker Green),36800,36800,36800,36800,36800,36800,36800,36800
99053399,지클릭커 OFFICEPRO OPS990 사일런스 M 98 키보드 무선 마우스 세트 (Retro),36800,36800,36800,36800,36800,36800,36800,36800
99053426,지클릭커 OFFICEPRO OPS990 사일런스 M 98 키보드 무선 마우스 세트 (Sky City),36800,36800,36800,36800,36800,36800,36800,36800
99915608,지클릭커 OFFICEPRO OSP108K (Coral),29400,29400,29400,29400,29400,29400,29400,29400
99915620,지클릭커 OFFICEPRO OSP108K (Greenwich),29400,29400,29400,29400,29400,29400,29400,29400
99915653,지클릭커 OFFICEPRO OSP108K (Havana Cappuccino),29400,29400,29400,29400,29400,29400,29400,29400
99915629,지클릭커 OFFICEPRO OSP108K (Navy Blue),29400,29400,29400,29400,29400,29400,29400,29400
99915656,지클릭커 OFFICEPRO OSP108K (Poker Green),29400,29400,29400,29400,29400,29400,29400,29400
99915680,지클릭커 OFFICEPRO OSP108K (Retro),29400,29400,29400,29400,29400,29400,29400,29400
99915641,지클릭커 OFFICEPRO OSP108K (Sky City),29400,29400,29400,29400,29400,29400,29400,29400
99915647,지클릭커 OFFICEPRO OSP108K (Sky Pink),29400,29400,29400,29400,29400,29400,29400,29400
99915458,지클릭커 OFFICEPRO OSP87K (Coral),26400,26400,26400,26400,26400,26400,26400,26400
99915461,지클릭커 OFFICEPRO OSP87K (Greenwich),26400,26400,26400,26400,26400,26400,26400,26400
99915467,지클릭커 OFFICEPRO OSP87K (Navy Blue),26400,26400,26400,26400,26400,26400,26400,26400
99915476,지클릭커 OFFICEPRO OSP87K (Poker Green),26400,26400,26400,26400,26400,26400,26400,26400
99915479,지클릭커 OFFICEPRO OSP87K (Sky City),26400,26400,26400,26400,26400,26400,26400,26400
99915536,지클릭커 OFFICEPRO OSP98K (Coral),26400,26400,26400,26400,26400,26400,26400,26400
99915539,지클릭커 OFFICEPRO OSP98K (Greenwich),26400,26400,26400,26400,26400,26400,26400,26400
99915551,지클릭커 OFFICEPRO OSP98K (Poker Green),26400,26400,26400,26400,26400,26400,26400,26400
99915557,지클릭커 OFFICEPRO OSP98K (Retro),26400,26400,26400,26400,26400,26400,26400,26400
99915542,지클릭커 OFFICEPRO OSP98K (Sky City),26400,26400,26400,26400,26400,26400,26400,26400
72063932,지클릭커 OFFICEPRO SP-87K 몽당연필 윤활 무선 블루투스 기계식 (문스톤 그레이),49800,49800,49800,49800,49800,49800,49800,49800
72063944,지클릭커 OFFICEPRO SP-87K 몽당연필 윤활 무선 블루투스 기계식 (베이비 핑크),99000,99000,99000,99000,99000,99000,99000,99000
72063953,지클릭커 OFFICEPRO SP-87K 몽당연필 윤활 무선 블루투스 기계식 (스노우 화이트),49800,49800,49800,49800,49800,49800,49800,49800
72063914,지클릭커 OFFICEPRO SP-87K 몽당연필 윤활 무선 블루투스 기계식 (파우더 블루),69800,69800,69800,69800,69800,69800,69800,69800
72063980,지클릭커 OFFICEPRO SP-87K 몽당연필 윤활 무선 블루투스 기계식 (화이트 만다린),98990,98990,98990,98990,98990,98990,98990,98990
32890958,지클릭커 OFFICEPRO WK10 저소음 무선 블루투스 (그린),16400,16400,16400,16400,16400,16400,16400,16400
32890880,지클릭커 OFFICEPRO WK10 저소음 무선 블루투스 (블랙),16400,16400,16400,16400,16400,16400,16400,16400
56059454,지클릭커 OFFICEPRO WK10 저소음 무선 블루투스 (퍼플),16400,16400,16400,16400,16400,16400,16400,16400
32890934,지클릭커 OFFICEPRO WK10 저소음 무선 블루투스 (핑크),16400,16400,16400,16400,16400,16400,16400,16400
32890967,지클릭커 OFFICEPRO WK10 저소음 무선 블루투스 (화이트),16400,16400,16400,16400,16400,16400,16400,16400
61703054,지클릭커 OFFICEPRO WK20 인체공학 펜타 무선,25900,25900,25900,25900,25900,25900,25900,25900
103400519,지클릭커 OFFICEPRO WK50 사일런스 M RGB 무소음 방수 무선 블루투스 104 (Coral),27890,27890,27890,27890,27900,27900,27900,27900
103400522,지클릭커 OFFICEPRO WK50 사일런스 M RGB 무소음 방수 무선 블루투스 104 (Greenwich),27890,27890,27890,27890,27900,27900,27900,27900
103400525,지클릭커 OFFICEPRO WK50 사일런스 M RGB 무소음 방수 무선 블루투스 104 (Gundam),27890,27890,27890,27890,27900,27900,27900,27900
103400528,지클릭커 OFFICEPRO WK50 사일런스 M RGB 무소음 방수 무선 블루투스 104 (Navy Blue),27890,27890,27890,27890,27900,27900,27900,27900
103400534,지클릭커 OFFICEPRO WK50 사일런스 M RGB 무소음 방수 무선 블루투스 104 (Poker Green),27890,27890,27890,27890,27900,27900,27900,27900
103400537,지클릭커 OFFICEPRO WK50 사일런스 M RGB 무소음 방수 무선 블루투스 104 (Retro),27890,27890,27890,27890,27900,27900,27900,27900
103400543,지클릭커 OFFICEPRO WK50 사일런스 M RGB 무소음 방수 무선 블루투스 104 (Sky City),27890,27890,27890,27890,27900,27900,27900,27900
103400546,지클릭커 OFFICEPRO WK50 사일런스 M RGB 무소음 방수 무선 블루투스 104 (Sky Pink),27890,27890,27890,27890,27900,27900,27900,27900
66047636,"지클릭커 OFFICEPRO WK50 사일런스 M RGB 무소음 방수 무선 블루투스 108 (Greenwich, RC1)",28290,28290,28290,28290,28290,28290,28290,28290
67371992,"지클릭커 OFFICEPRO WK50 사일런스 M RGB 무소음 방수 무선 블루투스 108 (Greenwich, RC2)",28260,28260,28260,28260,28290,28290,28260,28260
67372004,"지클릭커 OFFICEPRO WK50 사일런스 M RGB 무소음 방수 무선 블루투스 108 (Gundam, RC1)",39900,39900,39900,39900,38190,29800,29800,29800
67372007,"지클릭커 OFFICEPRO WK50 사일런스 M RGB 무소음 방수 무선 블루투스 108 (Gundam, RC2)",28900,28900,28900,28900,28900,28900,28900,28900
98922932,지클릭커 OFFICEPRO WK50 사일런스 M RGB 무소음 방수 무선 블루투스 108 (Havana Cappuccino),28900,28900,28900,28900,28900,28900,28900,28900
92103716,지클릭커 OFFICEPRO WK50 사일런스 M RGB 무소음 방수 무선 블루투스 108 (Navy Blue),28900,28900,28900,28900,28900,28900,28900,28900
73883513,"지클릭커 OFFICEPRO WK50 사일런스 M RGB 무소음 방수 무선 블루투스 108 (Pink, RC1)",28900,28900,28900,28900,28900,28900,28900,28900
73883516,"지클릭커 OFFICEPRO WK50 사일런스 M RGB 무소음 방수 무선 블루투스 108 (Pink, RC2)",28900,28900,28900,28900,28900,28900,28900,28900
73883537,지클릭커 OFFICEPRO WK50 사일런스 M RGB 무소음 방수 무선 블루투스 108 (Poker Green),28290,28290,28290,28290,28290,28290,28290,28290
73883534,지클릭커 OFFICEPRO WK50 사일런스 M RGB 무소음 방수 무선 블루투스 108 (Poker),28900,28900,28900,28900,28900,28900,28900,28900
90503990,지클릭커 OFFICEPRO WK50 사일런스 M RGB 무소음 방수 무선 블루투스 108 (Retro Cappuccino),28900,28900,28900,28900,28900,28900,28900,28900
67371995,"지클릭커 OFFICEPRO WK50 사일런스 M RGB 무소음 방수 무선 블루투스 108 (Sky City, RC1)",28290,28290,28290,28290,28290,28290,28290,28290
67372001,"지클릭커 OFFICEPRO WK50 사일런스 M RGB 무소음 방수 무선 블루투스 108 (Sky City, RC2)",28260,28260,28260,28260,28260,28260,28260,28260
98921297,지클릭커 OFFICEPRO WK50 사일런스 M RGB 무소음 방수 무선 블루투스 108 (Sky Pink),28900,28900,28900,28900,28900,28900,28900,28900
101953361,지클릭커 OFFICEPRO WK50 사일런스 M RGB 무소음 방수 무선 블루투스 78 (Cappuccino khaki),32400,32400,32400,32400,32400,32400,32400,32400
101953334,지클릭커 OFFICEPRO WK50 사일런스 M RGB 무소음 방수 무선 블루투스 78 (Greenwich),32400,32400,32400,32400,32400,32400,32400,32400
101953349,지클릭커 OFFICEPRO WK50 사일런스 M RGB 무소음 방수 무선 블루투스 78 (Havana Cappuccino),32400,32400,32400,32400,32400,32400,32400,32400
101953346,지클릭커 OFFICEPRO WK50 사일런스 M RGB 무소음 방수 무선 블루투스 78 (Mint met Purple),32400,32400,32400,32400,32400,32400,32400,32400
101953340,지클릭커 OFFICEPRO WK50 사일런스 M RGB 무소음 방수 무선 블루투스 78 (SkyCity),32400,32400,32390,32390,32390,32390,32390,32390
74887541,"지클릭커 OFFICEPRO WK50 사일런스 M RGB 무소음 방수 무선 블루투스 87 (Coral, RC1)",24900,24900,24900,24900,24900,24900,24900,24900
74887544,"지클릭커 OFFICEPRO WK50 사일런스 M RGB 무소음 방수 무선 블루투스 87 (Coral, RC2)",24900,24900,24900,24900,24900,24900,24900,24900
74810024,"지클릭커 OFFICEPRO WK50 사일런스 M RGB 무소음 방수 무선 블루투스 87 (Greenwich, RC1)",24900,24900,24900,24900,24900,24900,24900,24900
74887529,"지클릭커 OFFICEPRO WK50 사일런스 M RGB 무소음 방수 무선 블루투스 87 (Greenwich, RC2)",24900,24900,24900,24900,24900,24900,24900,24900
74887574,"지클릭커 OFFICEPRO WK50 사일런스 M RGB 무소음 방수 무선 블루투스 87 (Gundam, RC1)",24900,24900,24900,24900,24900,24900,24900,24900
74887577,"지클릭커 OFFICEPRO WK50 사일런스 M RGB 무소음 방수 무선 블루투스 87 (Gundam, RC2)",24900,24900,24900,24900,24900,24900,24900,24900
92358995,지클릭커 OFFICEPRO WK50 사일런스 M RGB 무소음 방수 무선 블루투스 87 (Navy Blue),24900,24900,24900,24900,24900,24900,24900,24900
74887586,지클릭커 OFFICEPRO WK50 사일런스 M RGB 무소음 방수 무선 블루투스 87 (Poker Green),24900,24900,24900,24900,24900,24900,24900,24900
74887583,지클릭커 OFFICEPRO WK50 사일런스 M RGB 무소음 방수 무선 블루투스 87 (Poker),24900,24900,24900,24900,24900,24900,24900,24900
90503840,지클릭커 OFFICEPRO WK50 사일런스 M RGB 무소음 방수 무선 블루투스 87 (Retro Cappuccino),24900,24900,24900,24900,24900,24900,24900,24900
74887559,"지클릭커 OFFICEPRO WK50 사일런스 M RGB 무소음 방수 무선 블루투스 87 (Sky City, RC1)",24900,24900,24900,24900,24900,24900,24900,24900
74887565,"지클릭커 OFFICEPRO WK50 사일런스 M RGB 무소음 방수 무선 블루투스 87 (Sky City, RC2)",24900,24900,24900,24900,24900,24900,24900,24900
91186094,지클릭커 OFFICEPRO WK50 사일런스 M RGB 무소음 방수 무선 블루투스 94 (Coral),24900,24900,24900,24900,24900,24900,24900,24900
91186157,지클릭커 OFFICEPRO WK50 사일런스 M RGB 무소음 방수 무선 블루투스 94 (Greenwich),24900,24900,24900,24900,24900,24900,24900,24900
91186166,지클릭커 OFFICEPRO WK50 사일런스 M RGB 무소음 방수 무선 블루투스 94 (Gundam),24900,24900,24900,24900,24900,24900,24900,24900
91186175,지클릭커 OFFICEPRO WK50 사일런스 M RGB 무소음 방수 무선 블루투스 94 (Navy Blue),24900,24900,24900,24900,24900,24900,24900,24900
91186187,지클릭커 OFFICEPRO WK50 사일런스 M RGB 무소음 방수 무선 블루투스 94 (Poker Green),24900,24900,24900,24900,24900,24900,24900,24900
91186178,지클릭커 OFFICEPRO WK50 사일런스 M RGB 무소음 방수 무선 블루투스 94 (Poker),24900,24900,24900,24900,24900,24900,24900,24900
91497872,지클릭커 OFFICEPRO WK50 사일런스 M RGB 무소음 방수 무선 블루투스 94 (Retro Cappuccino),29900,29900,29900,29900,29900,29900,29900,29900
91186190,지클릭커 OFFICEPRO WK50 사일런스 M RGB 무소음 방수 무선 블루투스 94 (Sky City),24900,24900,24900,24900,24900,24900,24900,24900
66047666,"지클릭커 OFFICEPRO WK50 사일런스 M RGB 무소음 방수 무선 블루투스 98 (Greenwich, RC1)",25900,25900,25900,25900,25900,25900,25900,25900
67372085,"지클릭커 OFFICEPRO WK50 사일런스 M RGB 무소음 방수 무선 블루투스 98 (Greenwich, RC2)",25900,25900,25900,25900,25900,25900,25900,25900
67372097,"지클릭커 OFFICEPRO WK50 사일런스 M RGB 무소음 방수 무선 블루투스 98 (Gundam, RC1)",25900,25900,25900,25900,25900,25900,25900,25900
67372100,"지클릭커 OFFICEPRO WK50 사일런스 M RGB 무소음 방수 무선 블루투스 98 (Gundam, RC2)",25900,25900,25900,25900,25900,25900,25900,25900
92388830,지클릭커 OFFICEPRO WK50 사일런스 M RGB 무소음 방수 무선 블루투스 98 (Navy Blue),25900,25900,25900,25900,25900,25900,25900,25900
74341799,"지클릭커 OFFICEPRO WK50 사일런스 M RGB 무소음 방수 무선 블루투스 98 (Pink, RC1)",25900,25900,25900,25900,25900,25900,25900,25900
74341796,"지클릭커 OFFICEPRO WK50 사일런스 M RGB 무소음 방수 무선 블루투스 98 (Pink, RC2)",25900,25900,25900,25900,25900,25900,25900,25900
74341805,지클릭커 OFFICEPRO WK50 사일런스 M RGB 무소음 방수 무선 블루투스 98 (Poker Green),25900,25900,25900,25900,25900,25900,25900,25900
74341802,지클릭커 OFFICEPRO WK50 사일런스 M RGB 무소음 방수 무선 블루투스 98 (Poker),25900,25900,25900,25900,25900,25900,25900,25900
90503918,지클릭커 OFFICEPRO WK50 사일런스 M RGB 무소음 방수 무선 블루투스 98 (Retro Cappuccino),25900,25900,25900,25900,25900,25900,25900,25900
67372091,"지클릭커 OFFICEPRO WK50 사일런스 M RGB 무소음 방수 무선 블루투스 98 (Sky City ,RC1)",25900,25900,25900,25900,25900,25900,25900,25900
122632834,지클릭커 OFFICEPRO WK50 사일런스 M RGB 무소음 방수 무선 블루투스 98 (Sky Pink),25900,25900,25900,25900,25900,25900,25900,24080
123605037,지클릭커 OFFICEPRO WK50 사일런스 M RGB 풀윤활 무소음 방수 무선 블루투스 LCD 105 (그린위치),29800,29800,29700,29800,29800,29800,29800,29800
123605044,지클릭커 OFFICEPRO WK50 사일런스 M RGB 풀윤활 무소음 방수 무선 블루투스 LCD 105 (스카이시티),29800,29800,29800,29800,29800,29800,29800,29800
123605027,지클릭커 OFFICEPRO WK50 사일런스 M RGB 풀윤활 무소음 방수 무선 블루투스 LCD 105 (카푸치노 카키),29800,29800,29800,29800,29800,29800,29800,29800
123605032,지클릭커 OFFICEPRO WK50 사일런스 M RGB 풀윤활 무소음 방수 무선 블루투스 LCD 105 (하바나 카푸치노),29800,29800,29800,29800,29800,29800,29800,29800
97702685,지클릭커 OFFICEPRO WK50 사일런스 M RGB 풀윤활 무소음 방수 무선 블루투스 LCD 98 (Coral),29800,29800,29800,29800,29800,29800,29800,29800
97702676,지클릭커 OFFICEPRO WK50 사일런스 M RGB 풀윤활 무소음 방수 무선 블루투스 LCD 98 (Greenwich),29800,29800,29800,29800,29800,29800,29800,29800
97702727,지클릭커 OFFICEPRO WK50 사일런스 M RGB 풀윤활 무소음 방수 무선 블루투스 LCD 98 (Gundam),29800,29800,29800,29800,29800,29800,29800,29800
97702706,지클릭커 OFFICEPRO WK50 사일런스 M RGB 풀윤활 무소음 방수 무선 블루투스 LCD 98 (NavyBlue),29800,29800,29800,29800,29800,29800,29800,29800
97702757,지클릭커 OFFICEPRO WK50 사일런스 M RGB 풀윤활 무소음 방수 무선 블루투스 LCD 98 (Poker Green),29800,29800,29800,29800,29800,29800,29800,29800
97702739,지클릭커 OFFICEPRO WK50 사일런스 M RGB 풀윤활 무소음 방수 무선 블루투스 LCD 98 (Retro Cappuccino),29330,29330,29330,29330,29330,29330,29330,29330
97702691,지클릭커 OFFICEPRO WK50 사일런스 M RGB 풀윤활 무소음 방수 무선 블루투스 LCD 98 (Sky City),29800,29800,29800,29800,29800,29800,29800,29800
97702718,지클릭커 OFFICEPRO WK50 사일런스 M RGB 풀윤활 무소음 방수 무선 블루투스 LCD 98 (Sky Pink),29800,29800,29800,29800,29800,29800,29800,29800
123437406,지클릭커 OFFICEPRO WK50 사일런스 M RGB 풀윤활 무소음 방수 무선 블루투스 LCD 99 (그린위치),32790,32790,32790,32790,32790,32790,32790,32790
123437405,지클릭커 OFFICEPRO WK50 사일런스 M RGB 풀윤활 무소음 방수 무선 블루투스 LCD 99 (스카이시티),31560,31560,31560,31560,31560,31560,31560,31560
123437394,지클릭커 OFFICEPRO WK50 사일런스 M RGB 풀윤활 무소음 방수 무선 블루투스 LCD 99 (카푸치노 카키),31560,31560,31560,31560,31560,31560,31560,31560
123437404,지클릭커 OFFICEPRO WK50 사일런스 M RGB 풀윤활 무소음 방수 무선 블루투스 LCD 99 (하바나 카푸치노),32790,32790,32790,32790,32790,32790,32790,32790
99943952,지클릭커 OFFICEPRO WK60 스탠다드 M 무선 (그린),18900,18900,18900,18900,18900,18900,18900,17570
99943949,지클릭커 OFFICEPRO WK60 스탠다드 M 무선 (바닐라 옐로우),18900,18900,18900,18900,18900,18900,18900,17570
99943940,지클릭커 OFFICEPRO WK60 스탠다드 M 무선 (블랙),18900,18900,18900,18900,18900,18900,18900,17570
99943955,지클릭커 OFFICEPRO WK60 스탠다드 M 무선 (스카이 블루),18900,18900,18900,18900,18900,18900,18700,17570
99943946,지클릭커 OFFICEPRO WK60 스탠다드 M 무선 (핑크),18900,18900,18900,18900,18900,18900,18900,17570
99943943,지클릭커 OFFICEPRO WK60 스탠다드 M 무선 (화이트),18900,18900,18900,18900,18900,18900,18900,17570
100620200,지클릭커 OFFICEPRO WK70 사일런스 L 무선 (그린),19800,19800,19800,19800,19800,19800,19800,19800
100620194,지클릭커 OFFICEPRO WK70 사일런스 L 무선 (블랙),19800,19800,19800,19800,19800,19800,19800,19800
100620203,지클릭커 OFFICEPRO WK70 사일런스 L 무선 (블루),19800,19800,19800,19800,19800,19800,19800,19800
100620209,지클릭커 OFFICEPRO WK70 사일런스 L 무선 (핑크),19800,19800,19800,19800,19800,19800,19800,19800
100620215,지클릭커 OFFICEPRO WK70 사일런스 L 무선 (화이트),19800,19800,19800,19800,19800,19800,19800,19800
99914753,지클릭커 OFFICEPRO WK90B 무선 (베이지),24900,24900,24900,24900,24900,24900,24900,24900
99914738,지클릭커 OFFICEPRO WK90B 무선 (블랙),24900,24900,24900,24900,24900,24900,24900,24900
32890730,지클릭커 OFFICEPRO WMK10 무소음 무선 키보드 마우스 세트 (그린),21560,21800,21560,21800,21560,21800,21560,21800
29401628,지클릭커 OFFICEPRO WMK10 무소음 무선 키보드 마우스 세트 (블랙),21410,21410,21410,21410,21410,21410,21410,21410
100191581,지클릭커 OFFICEPRO WMK10 무소음 무선 키보드 마우스 세트 (스카이 블루),21800,21800,21800,21800,21800,21800,21800,21800
100191575,지클릭커 OFFICEPRO WMK10 무소음 무선 키보드 마우스 세트 (옐로우),21800,21800,21800,21800,21800,21800,21800,21800
56059439,지클릭커 OFFICEPRO WMK10 무소음 무선 키보드 마우스 세트 (퍼플),21800,21800,21800,21800,21800,21800,21800,21800
32890745,지클릭커 OFFICEPRO WMK10 무소음 무선 키보드 마우스 세트 (핑크),21800,21800,21800,21800,21800,21800,21800,21800
29401709,지클릭커 OFFICEPRO WMK10 무소음 무선 키보드 마우스 세트 (화이트),21800,21800,21800,21800,21800,21800,21800,21800
59759024,지클릭커 OFFICEPRO WMK20 인체공학 펜타 무선 키보드 마우스 세트 (블랙),32900,32900,32900,32900,32900,32900,32900,30590
59759054,지클릭커 OFFICEPRO WMK20 인체공학 펜타 무선 키보드 마우스 세트 (화이트),32900,32900,32900,32900,32900,32900,32900,30590
101542691,지클릭커 OFFICEPRO WMK225 무선 키보드 마우스 세트 (블랙),31300,31300,31300,31300,31300,31300,31300,29100
101542712,지클릭커 OFFICEPRO WMK225 무선 키보드 마우스 세트 (화이트),31300,31300,31300,31300,31300,31300,31300,31300
101542649,지클릭커 OFFICEPRO WMK230 무선 키보드 마우스 세트 (블랙),39800,39800,39800,39800,39800,39800,39800,37010
101542652,지클릭커 OFFICEPRO WMK230 무선 키보드 마우스 세트 (화이트),39800,39800,39800,39800,39800,39800,39800,37010
74415233,지클릭커 OFFICEPRO WMK50 사일런스 M 108 무선 키보드 마우스 세트 (Greenwich),43400,43400,43400,43400,43400,43400,43400,43400
74254973,지클릭커 OFFICEPRO WMK50 사일런스 M 108 무선 키보드 마우스 세트 (Gun dam),43400,43400,43400,43400,43400,43400,43400,43400
102860984,지클릭커 OFFICEPRO WMK50 사일런스 M 108 무선 키보드 마우스 세트 (Havana cappuccino),43400,43400,43400,43400,43400,43400,43400,43400
92624123,지클릭커 OFFICEPRO WMK50 사일런스 M 108 무선 키보드 마우스 세트 (Navy Blue),43400,43400,43400,43400,43400,43400,43400,43400
74415248,지클릭커 OFFICEPRO WMK50 사일런스 M 108 무선 키보드 마우스 세트 (Pink),43400,43400,43400,43400,43400,43400,43400,43400
74415263,지클릭커 OFFICEPRO WMK50 사일런스 M 108 무선 키보드 마우스 세트 (Poker Green),43400,43400,43400,43400,43400,43400,43400,43400
74415275,지클릭커 OFFICEPRO WMK50 사일런스 M 108 무선 키보드 마우스 세트 (Poker),43400,43400,43400,43400,43400,43400,43400,43400
74415254,지클릭커 OFFICEPRO WMK50 사일런스 M 108 무선 키보드 마우스 세트 (Sky city),43400,43400,43400,43400,43400,43400,43400,43400
79384559,지클릭커 OFFICEPRO WMK50 사일런스 M 87 무선 키보드 마우스 세트 (Coral),34800,34800,34800,34800,34800,34800,34800,34800
79384535,"지클릭커 OFFICEPRO WMK50 사일런스 M 87 무선 키보드 마우스 세트 (Greenwich, RC1)",34800,34800,34800,34800,34800,34800,34800,34800
79384544,"지클릭커 OFFICEPRO WMK50 사일런스 M 87 무선 키보드 마우스 세트 (Greenwich, RC2)",34800,34800,34800,34800,34800,34800,34800,34800
79384526,지클릭커 OFFICEPRO WMK50 사일런스 M 87 무선 키보드 마우스 세트 (Gun dam),34800,34800,34800,34800,34800,34800,34800,34800
92359454,지클릭커 OFFICEPRO WMK50 사일런스 M 87 무선 키보드 마우스 세트 (Navy Blue),34800,34800,34800,34800,34800,34800,34800,34800
79384574,지클릭커 OFFICEPRO WMK50 사일런스 M 87 무선 키보드 마우스 세트 (Poker Green),34800,34800,34800,34800,34800,34800,34800,34800
79384565,지클릭커 OFFICEPRO WMK50 사일런스 M 87 무선 키보드 마우스 세트 (Poker),34800,34800,34800,34800,34800,34800,34800,34800
91426430,지클릭커 OFFICEPRO WMK50 사일런스 M 87 무선 키보드 마우스 세트 (Retro Cappuccino),34800,34800,34800,34800,34800,34800,34800,34800
79384547,"지클릭커 OFFICEPRO WMK50 사일런스 M 87 무선 키보드 마우스 세트 (Sky City, RC1)",34800,34800,34800,34800,34800,34800,34800,34800
79384550,"지클릭커 OFFICEPRO WMK50 사일런스 M 87 무선 키보드 마우스 세트 (Sky City, RC2)",34800,34800,34800,34800,34800,34800,34800,34800
93072140,지클릭커 OFFICEPRO WMK50 사일런스 M 94 무선 키보드 마우스 세트 (Coral),36800,36800,36800,36800,36800,36800,36800,36800
93072164,지클릭커 OFFICEPRO WMK50 사일런스 M 94 무선 키보드 마우스 세트 (Greenwich),36800,36800,36800,36800,36800,36800,36800,36800
93072080,지클릭커 OFFICEPRO WMK50 사일런스 M 94 무선 키보드 마우스 세트 (Gundam),36800,36800,36800,36800,36800,36800,36800,36800
93071999,지클릭커 OFFICEPRO WMK50 사일런스 M 94 무선 키보드 마우스 세트 (Navy Blue),36800,36800,36800,36800,36800,36800,36800,36800
93072191,지클릭커 OFFICEPRO WMK50 사일런스 M 94 무선 키보드 마우스 세트 (Poker Green),36800,36800,36800,36800,36800,36800,36800,36800
93072209,지클릭커 OFFICEPRO WMK50 사일런스 M 94 무선 키보드 마우스 세트 (Poker),36800,36800,36800,36800,36800,36800,36800,36800
93072227,지클릭커 OFFICEPRO WMK50 사일런스 M 94 무선 키보드 마우스 세트 (Retro),36800,36800,36800,36800,36800,36800,36800,36800
93072068,지클릭커 OFFICEPRO WMK50 사일런스 M 94 무선 키보드 마우스 세트 (Sky City),36800,36800,36800,36800,36800,36800,36800,36800
75720785,지클릭커 OFFICEPRO WMK50 사일런스 M 98 무선 키보드 마우스 세트 (Greenwich),39800,39800,39800,39800,39800,39800,39800,39800
75596354,지클릭커 OFFICEPRO WMK50 사일런스 M 98 무선 키보드 마우스 세트 (Gun dam),39800,39800,39800,39800,39800,39800,39800,39800
92623997,지클릭커 OFFICEPRO WMK50 사일런스 M 98 무선 키보드 마우스 세트 (Navy Blue),39800,39800,39800,39800,39800,39800,39800,39800
75720788,지클릭커 OFFICEPRO WMK50 사일런스 M 98 무선 키보드 마우스 세트 (Pink),39800,39800,39800,39800,39800,39800,39800,39800
75720794,지클릭커 OFFICEPRO WMK50 사일런스 M 98 무선 키보드 마우스 세트 (Poker Green),39800,39800,39800,39800,39800,39800,39800,39800
75720791,지클릭커 OFFICEPRO WMK50 사일런스 M 98 무선 키보드 마우스 세트 (Poker),39800,39800,39800,39800,39800,39800,39800,39800
75720797,지클릭커 OFFICEPRO WMK50 사일런스 M 98 무선 키보드 마우스 세트 (Sky city),39800,39800,39800,39800,39800,39800,39800,39800
98777249,지클릭커 OFFICEPRO WMK50 사일런스 M LCD 98 무선 키보드 마우스 세트 (Greenwich),47200,47200,47200,47200,47200,47200,47200,47200
98777237,지클릭커 OFFICEPRO WMK50 사일런스 M LCD 98 무선 키보드 마우스 세트 (Gundam),65860,65860,65860,65860,65860,65860,63170,62560
98777270,지클릭커 OFFICEPRO WMK50 사일런스 M LCD 98 무선 키보드 마우스 세트 (Navy Blue),47200,47200,47200,47200,47200,47200,47200,47200
98777327,지클릭커 OFFICEPRO WMK50 사일런스 M LCD 98 무선 키보드 마우스 세트 (Pink),47200,47200,47200,47200,47200,47200,47200,47200
98777303,지클릭커 OFFICEPRO WMK50 사일런스 M LCD 98 무선 키보드 마우스 세트 (Poker Green),47200,47200,47200,47200,47200,47200,47200,47200
98777276,지클릭커 OFFICEPRO WMK50 사일런스 M LCD 98 무선 키보드 마우스 세트 (Retro),65860,65860,65860,65860,65860,65860,63170,62560
98777312,지클릭커 OFFICEPRO WMK50 사일런스 M LCD 98 무선 키보드 마우스 세트 (Sky City),47200,47200,47200,47200,47200,47200,47200,47200
98777315,지클릭커 OFFICEPRO WMK50 사일런스 M LCD 98 무선 키보드 마우스 세트 (Sky Pink),65860,65860,65860,65860,65860,65860,63170,62560
91426448,지클릭커 OFFICEPRO WMK50 사일런스 M RGB 무소음 방수 무선 블루투스 108 키보드 마우스 세트 Retro Cappuccino,73410,73410,73410,73410,73410,73410,73410,73410
91912796,지클릭커 OFFICEPRO WMK50 사일런스 M RGB 무소음 방수 무선 블루투스 108 키보드 마우스 세트 WITH PAD Retro Cappuccino,46900,46900,46900,46900,46900,46900,46900,46900
91426439,지클릭커 OFFICEPRO WMK50 사일런스 M RGB 무소음 방수 무선 블루투스 98 키보드 마우스 세트 Retro Cappuccino,41900,41900,41900,41900,41900,41900,41900,41900
91912766,지클릭커 OFFICEPRO WMK50 사일런스 M RGB 무소음 방수 무선 블루투스 98 키보드 마우스 세트 WITH PAD Retro Cappuccino,43900,43900,43900,43900,43900,43900,43900,43900
108400175,"지클릭커 OFFICEPRO WMK580 사일런스M 키보드 마우스 세트 (Greenwich, RC1)",54800,54800,54800,54800,54800,54800,54800,54800
108400178,"지클릭커 OFFICEPRO WMK580 사일런스M 키보드 마우스 세트 (Greenwich, RC2)",54800,54800,54800,54800,54800,54800,54800,54800
108400217,지클릭커 OFFICEPRO WMK580 사일런스M 키보드 마우스 세트 (Havana Cappuccino),54800,54800,54800,54800,54800,54800,54800,54800
108400187,지클릭커 OFFICEPRO WMK580 사일런스M 키보드 마우스 세트 (Navy Blue),54800,54800,54800,54800,54800,54800,54800,54800
108400250,지클릭커 OFFICEPRO WMK580 사일런스M 키보드 마우스 세트 (Pink),54800,54800,54800,54800,54800,54800,54800,54800
108400205,지클릭커 OFFICEPRO WMK580 사일런스M 키보드 마우스 세트 (Poker Green),54800,54800,54800,54800,54800,54800,54800,54800
108400190,"지클릭커 OFFICEPRO WMK580 사일런스M 키보드 마우스 세트 (Sky City, RC1)",54800,54800,54800,54800,54800,54800,54800,54800
108400196,"지클릭커 OFFICEPRO WMK580 사일런스M 키보드 마우스 세트 (Sky City, RC2)",54800,54800,54800,54800,54800,54800,54800,54800
108400202,지클릭커 OFFICEPRO WMK580 사일런스M 키보드 마우스 세트 (Sky Pink),54800,54800,54800,54800,54800,54800,54800,54800
71902376,지클릭커 OFFICEPRO WMK60 스탠다드 M 무선 무소음 키보드 마우스 세트 (그린),22900,22900,22900,22900,22900,22900,22900,22900
71902337,지클릭커 OFFICEPRO WMK60 스탠다드 M 무선 무소음 키보드 마우스 세트 (블랙),22900,22900,22900,22900,22900,22900,22900,22900
71902367,지클릭커 OFFICEPRO WMK60 스탠다드 M 무선 무소음 키보드 마우스 세트 (핑크),22900,22900,22900,22900,22900,22900,22900,22900
71902382,지클릭커 OFFICEPRO WMK60 스탠다드 M 무선 무소음 키보드 마우스 세트 (화이트),22900,22900,22900,22900,22900,22900,22900,22900
99050195,지클릭커 OFFICEPRO WMK600 사일런스 M 108 무선 키보드 마우스 세트 (Greenwich),46200,46200,46200,46200,46200,46200,46200,46200
99050384,지클릭커 OFFICEPRO WMK600 사일런스 M 108 무선 키보드 마우스 세트 (Havana Cappuccino),46200,46200,46200,46200,46200,46200,46200,46200
99050336,지클릭커 OFFICEPRO WMK600 사일런스 M 108 무선 키보드 마우스 세트 (Navy Blue),46200,46200,46200,46200,46200,46200,46200,46200
99050375,지클릭커 OFFICEPRO WMK600 사일런스 M 108 무선 키보드 마우스 세트 (Pink),46200,46200,46200,46200,46200,46200,46200,46200
99050369,지클릭커 OFFICEPRO WMK600 사일런스 M 108 무선 키보드 마우스 세트 (Poker Green),46200,46200,46200,46200,46200,46200,46200,46200
99050339,지클릭커 OFFICEPRO WMK600 사일런스 M 108 무선 키보드 마우스 세트 (Retro),46200,46200,46200,46200,46200,46200,46200,46200
99050345,지클릭커 OFFICEPRO WMK600 사일런스 M 108 무선 키보드 마우스 세트 (Sky City),46200,46200,46200,46200,46200,46200,46200,46200
99050360,지클릭커 OFFICEPRO WMK600 사일런스 M 108 무선 키보드 마우스 세트 (Sky Pink),46200,46200,46200,46200,46200,46200,46200,46200
99049955,지클릭커 OFFICEPRO WMK600 사일런스 M 98 무선 키보드 마우스 세트 (Greenwich),45200,45200,45200,45200,45200,45200,45200,45200
99049976,지클릭커 OFFICEPRO WMK600 사일런스 M 98 무선 키보드 마우스 세트 (Navy Blue),45200,45200,45200,45200,45200,45200,45200,45200
99050033,지클릭커 OFFICEPRO WMK600 사일런스 M 98 무선 키보드 마우스 세트 (Pink),45200,45200,45200,45200,45200,45200,45200,45200
99050012,지클릭커 OFFICEPRO WMK600 사일런스 M 98 무선 키보드 마우스 세트 (Poker Green),45200,45200,45200,45200,45200,45200,45200,45200
99049985,지클릭커 OFFICEPRO WMK600 사일런스 M 98 무선 키보드 마우스 세트 (Retro),45200,45200,45200,45200,45200,45200,45200,45200
99050003,지클릭커 OFFICEPRO WMK600 사일런스 M 98 무선 키보드 마우스 세트 (Sky City),45200,45200,45200,45200,45200,45200,45200,45200
99049727,지클릭커 OFFICEPRO WMK600 사일런스 M LCD 98 무선 키보드 마우스 세트 (Greenwich),52100,52100,52100,52100,52100,52100,52100,52100
99049691,지클릭커 OFFICEPRO WMK600 사일런스 M LCD 98 무선 키보드 마우스 세트 (Gundam),52100,52100,52100,52100,52100,52100,52100,52100
99049739,지클릭커 OFFICEPRO WMK600 사일런스 M LCD 98 무선 키보드 마우스 세트 (Navy Blue),52100,52100,52100,52100,52100,52100,52100,52100
99049853,지클릭커 OFFICEPRO WMK600 사일런스 M LCD 98 무선 키보드 마우스 세트 (Pink),52100,52100,52100,52100,52100,52100,52100,52100
99049805,지클릭커 OFFICEPRO WMK600 사일런스 M LCD 98 무선 키보드 마우스 세트 (Poker Green),52100,52100,52100,52100,52100,52100,52100,52100
99049793,지클릭커 OFFICEPRO WMK600 사일런스 M LCD 98 무선 키보드 마우스 세트 (Retro),52100,52100,52100,52100,52100,52100,52100,52100
99049832,지클릭커 OFFICEPRO WMK600 사일런스 M LCD 98 무선 키보드 마우스 세트 (Sky City),52100,52100,52100,52100,52100,52100,52100,52100
99049844,지클릭커 OFFICEPRO WMK600 사일런스 M LCD 98 무선 키보드 마우스 세트 (Sky Pink),52100,52100,52100,52100,52100,52100,52100,52100
92146124,지클릭커 OFFICEPRO WMK70 사일런스L 무선 키보드 마우스 세트 (그린),24540,24540,24590,24590,24630,24630,24630,24630
73563284,지클릭커 OFFICEPRO WMK70 사일런스L 무선 키보드 마우스 세트 (블랙),24800,24800,24800,24800,24800,24800,24800,24800
73563296,지클릭커 OFFICEPRO WMK70 사일런스L 무선 키보드 마우스 세트 (블루),24800,24800,24800,24800,24800,24800,24800,24800
73563293,지클릭커 OFFICEPRO WMK70 사일런스L 무선 키보드 마우스 세트 (핑크),24800,24800,24800,24800,24800,24800,24800,24800
73563299,지클릭커 OFFICEPRO WMK70 사일런스L 무선 키보드 마우스 세트 (화이트),24800,24800,24800,24800,24800,24800,24800,24800
99477965,지클릭커 OFFICEPRO WMK700 사일런스 M 98 무선 키보드 마우스 세트 (Greenwich),44300,,,,,,,
99478058,지클릭커 OFFICEPRO WMK700 사일런스 M 98 무선 키보드 마우스 세트 (Navy Blue),44300,,,,,,,
99478064,지클릭커 OFFICEPRO WMK700 사일런스 M 98 무선 키보드 마우스 세트 (Pink),44300,,,,,,,
99478070,지클릭커 OFFICEPRO WMK700 사일런스 M 98 무선 키보드 마우스 세트 (Poker Green),44300,,,,,,,
99478076,지클릭커 OFFICEPRO WMK700 사일런스 M 98 무선 키보드 마우스 세트 (Retro),44300,,,,,,,
99478082,지클릭커 OFFICEPRO WMK700 사일런스 M 98 무선 키보드 마우스 세트 (Sky City),44300,,,,,,,
101543369,지클릭커 OFFICEPRO WMK725 무선 키보드 마우스 세트 (그린),24800,24800,24800,24800,24800,24800,24800,24800
101543342,지클릭커 OFFICEPRO WMK725 무선 키보드 마우스 세트 (블랙),46260,46260,46260,46260,46260,46260,46260,46260
101543354,지클릭커 OFFICEPRO WMK725 무선 키보드 마우스 세트 (블루),24800,24800,24800,24800,24800,24800,24800,24800
101543348,지클릭커 OFFICEPRO WMK725 무선 키보드 마우스 세트 (핑크),24800,24800,24800,24800,24800,24800,24800,24800
101543384,지클릭커 OFFICEPRO WMK725 무선 키보드 마우스 세트 (화이트),46260,46260,46260,46260,46260,46260,46260,46260
101543627,지클릭커 OFFICEPRO WMK730 무선 키보드 마우스 세트 (그린),34000,34000,34000,34000,34000,34000,34000,34000
101543630,지클릭커 OFFICEPRO WMK730 무선 키보드 마우스 세트 (블랙),34000,34000,34000,34000,34000,34000,34000,34000
101543633,지클릭커 OFFICEPRO WMK730 무선 키보드 마우스 세트 (블루),34000,34000,34000,34000,34000,34000,34000,34000
101543654,지클릭커 OFFICEPRO WMK730 무선 키보드 마우스 세트 (핑크),34000,34000,34000,34000,34000,34000,34000,34000
101543639,지클릭커 OFFICEPRO WMK730 무선 키보드 마우스 세트 (화이트),34000,34000,34000,34000,34000,34000,34000,34000
78845333,지클릭커 OFFICEPRO WMK80 사일런스 M 108 무선 키보드 마우스 세트 (Greenwich),63900,63900,63900,63900,63900,63900,63900,63900
78845312,지클릭커 OFFICEPRO WMK80 사일런스 M 108 무선 키보드 마우스 세트 (Gun dam),59270,59270,59270,59270,59270,59270,59270,59270
78845348,지클릭커 OFFICEPRO WMK80 사일런스 M 108 무선 키보드 마우스 세트 (Pink),63900,63900,63900,63900,63900,63900,63900,63900
78845366,지클릭커 OFFICEPRO WMK80 사일런스 M 108 무선 키보드 마우스 세트 (Poker Green),63900,63900,63900,63900,63900,63900,63900,63900
78845360,지클릭커 OFFICEPRO WMK80 사일런스 M 108 무선 키보드 마우스 세트 (Poker),63900,63900,63900,63900,63900,63900,63900,63900
78845378,지클릭커 OFFICEPRO WMK80 사일런스 M 108 무선 키보드 마우스 세트 (Sky city),63900,63900,63900,63900,63900,63900,63900,63900
92625305,지클릭커 OFFICEPRO WMK90 사일런스 M 108 무선 키보드 마우스 세트 (Greenwich),35900,35900,35900,35900,35900,35900,35900,35900
92625317,지클릭커 OFFICEPRO WMK90 사일런스 M 108 무선 키보드 마우스 세트 (Gun dam),33800,33800,33800,33800,33800,33800,33800,33800
92625326,지클릭커 OFFICEPRO WMK90 사일런스 M 108 무선 키보드 마우스 세트 (Navyblue),33800,33800,33800,33800,33800,33800,33800,33800
92625383,지클릭커 OFFICEPRO WMK90 사일런스 M 108 무선 키보드 마우스 세트 (Pink),33800,33800,33800,33800,33800,33800,33800,33800
92625398,지클릭커 OFFICEPRO WMK90 사일런스 M 108 무선 키보드 마우스 세트 (Poker Green),34900,34900,34900,34900,34900,34900,34900,34900
92625392,지클릭커 OFFICEPRO WMK90 사일런스 M 108 무선 키보드 마우스 세트 (Poker),37190,37190,37190,37190,37190,37190,37190,37190
92625404,지클릭커 OFFICEPRO WMK90 사일런스 M 108 무선 키보드 마우스 세트 (Sky City),35900,35900,35900,35900,35900,35900,35900,35900
92625413,지클릭커 OFFICEPRO WMK90 사일런스 M 108 무선 키보드 마우스 세트 (Sky Pink),51800,51800,51800,51800,51800,51800,52540,51290
93070106,"지클릭커 OFFICEPRO WMK90 사일런스 M 87 무선 키보드 마우스 세트 (Coral, RC1)",27300,27300,27300,27300,27300,27300,27300,27300
93070115,"지클릭커 OFFICEPRO WMK90 사일런스 M 87 무선 키보드 마우스 세트 (Coral, RC2)",27300,27300,27300,27300,27300,27300,27300,27300
93070040,"지클릭커 OFFICEPRO WMK90 사일런스 M 87 무선 키보드 마우스 세트 (Greenwich, RC1)",27300,27300,27300,27300,27300,27300,27300,27300
93070064,"지클릭커 OFFICEPRO WMK90 사일런스 M 87 무선 키보드 마우스 세트 (Greenwich, RC2)",27300,27300,27300,27300,27300,27300,27300,27300
93070079,"지클릭커 OFFICEPRO WMK90 사일런스 M 87 무선 키보드 마우스 세트 (Gundam, RC1)",27300,27300,27300,27300,27300,27300,27300,27300
93070082,"지클릭커 OFFICEPRO WMK90 사일런스 M 87 무선 키보드 마우스 세트 (Gundam, RC2)",27300,27300,27300,27300,27300,27300,27300,27300
93070088,지클릭커 OFFICEPRO WMK90 사일런스 M 87 무선 키보드 마우스 세트 (Navy Blue),27300,27300,27300,27300,27300,27300,27300,27300
93069974,지클릭커 OFFICEPRO WMK90 사일런스 M 87 무선 키보드 마우스 세트 (Poker Green),27300,27300,27300,27300,27300,27300,27300,27300
93069962,지클릭커 OFFICEPRO WMK90 사일런스 M 87 무선 키보드 마우스 세트 (Poker),27300,27300,27300,27300,27300,27300,27300,27300
93070121,"지클릭커 OFFICEPRO WMK90 사일런스 M 87 무선 키보드 마우스 세트 (Sky City, RC1)",27300,27300,27300,27300,27300,27300,27300,27300
93070139,"지클릭커 OFFICEPRO WMK90 사일런스 M 87 무선 키보드 마우스 세트 (Sky City, RC2)",27300,27300,27300,27300,27300,27300,27300,27300
93070826,지클릭커 OFFICEPRO WMK90 사일런스 M 94 무선 키보드 마우스 세트 (Coral),29800,29800,29800,29800,29800,29800,29800,29800
93070820,지클릭커 OFFICEPRO WMK90 사일런스 M 94 무선 키보드 마우스 세트 (Greenwich),33800,33800,33800,33800,33800,33800,33800,33800
93070841,지클릭커 OFFICEPRO WMK90 사일런스 M 94 무선 키보드 마우스 세트 (Gundam),29800,29800,29800,29800,29800,29800,29800,29800
93070847,지클릭커 OFFICEPRO WMK90 사일런스 M 94 무선 키보드 마우스 세트 (Navy Blue),33800,33800,33800,33800,33800,33800,33800,33800
93070796,지클릭커 OFFICEPRO WMK90 사일런스 M 94 무선 키보드 마우스 세트 (Poker Green),33800,33800,33800,33800,33800,33800,33800,33800
93070637,지클릭커 OFFICEPRO WMK90 사일런스 M 94 무선 키보드 마우스 세트 (Poker),29800,29800,29800,29800,29800,29800,29800,29800
93070859,지클릭커 OFFICEPRO WMK90 사일런스 M 94 무선 키보드 마우스 세트 (Sky City),26800,26800,26800,26800,26800,26800,26800,26800
93068780,"지클릭커 OFFICEPRO WMK90 사일런스 M 98 무선 키보드 마우스 세트 (Coral, RC1)",34900,34900,34900,34900,34900,34900,34900,34900
93069257,"지클릭커 OFFICEPRO WMK90 사일런스 M 98 무선 키보드 마우스 세트 (Coral, RC2)",34900,34900,34900,34900,34900,34900,34900,34900
93068702,"지클릭커 OFFICEPRO WMK90 사일런스 M 98 무선 키보드 마우스 세트 (Greenwich, RC1)",34900,34900,34900,34900,34900,34900,34900,34900
93068711,"지클릭커 OFFICEPRO WMK90 사일런스 M 98 무선 키보드 마우스 세트 (Greenwich, RC2)",34900,34900,34900,34900,34900,34900,34900,34900
93068729,"지클릭커 OFFICEPRO WMK90 사일런스 M 98 무선 키보드 마우스 세트 (Gundam, RC1)",34900,34900,34900,34900,34900,34900,34900,34900
93068744,"지클릭커 OFFICEPRO WMK90 사일런스 M 98 무선 키보드 마우스 세트 (Gundam, RC2)",34900,34900,34900,34900,34900,34900,34900,34900
93068768,지클릭커 OFFICEPRO WMK90 사일런스 M 98 무선 키보드 마우스 세트 (NavyBlue),34900,34900,34900,34900,34900,34900,34900,34900
93068684,지클릭커 OFFICEPRO WMK90 사일런스 M 98 무선 키보드 마우스 세트 (Poker Green),34900,34900,34900,34900,34900,34900,34900,34900
93068657,지클릭커 OFFICEPRO WMK90 사일런스 M 98 무선 키보드 마우스 세트 (Poker),34900,34900,34900,34900,34900,34900,34900,34900
93069668,"지클릭커 OFFICEPRO WMK90 사일런스 M 98 무선 키보드 마우스 세트 (Sky City, RC1)",34900,34900,34900,34900,34900,34900,34900,34900
93069674,"지클릭커 OFFICEPRO WMK90 사일런스 M 98 무선 키보드 마우스 세트 (Sky City, RC2)",34900,34900,34900,34900,34900,34900,34900,34900
98778008,지클릭커 OFFICEPRO WMK90 사일런스 M LCD 98 무선 키보드 마우스 세트 (Greenwich),38700,38700,38700,38700,38700,38700,38700,38700
98777996,지클릭커 OFFICEPRO WMK90 사일런스 M LCD 98 무선 키보드 마우스 세트 (Gundam),38700,38700,38700,38700,38700,38700,38700,38700
98778041,지클릭커 OFFICEPRO WMK90 사일런스 M LCD 98 무선 키보드 마우스 세트 (Navy Blue),38700,38700,38700,38700,38700,38700,38700,38700
98778089,지클릭커 OFFICEPRO WMK90 사일런스 M LCD 98 무선 키보드 마우스 세트 (Pink),38700,38700,38700,38700,38700,38700,38700,38700
98778059,지클릭커 OFFICEPRO WMK90 사일런스 M LCD 98 무선 키보드 마우스 세트 (Poker Green),38700,38700,38700,38700,38700,38700,38700,38700
98778053,지클릭커 OFFICEPRO WMK90 사일런스 M LCD 98 무선 키보드 마우스 세트 (Retro),57530,57530,57530,57530,57530,57530,57530,57530
98778065,지클릭커 OFFICEPRO WMK90 사일런스 M LCD 98 무선 키보드 마우스 세트 (Sky City),38700,38700,38700,38700,38700,38700,38700,38700
98778071,지클릭커 OFFICEPRO WMK90 사일런스 M LCD 98 무선 키보드 마우스 세트 (Sky Pink),38700,38700,38700,38700,38700,38700,38700,38700
101542916,지클릭커 OFFICEPRO WMK925 무선 키보드 마우스 세트 (베이지),30900,30900,30900,30900,30900,30900,30900,30900
101542913,지클릭커 OFFICEPRO WMK925 무선 키보드 마우스 세트 (블랙),30900,30900,30900,30900,30900,30900,30900,30900
101542901,지클릭커 OFFICEPRO WMK930 무선 키보드 마우스 세트 (베이지),39800,39800,39800,39800,39800,39800,39800,39800
101542895,지클릭커 OFFICEPRO WMK930 무선 키보드 마우스 세트 (블랙),39800,39800,39800,39800,39800,39800,39800,39800
98778698,지클릭커 OFFICEPRO WMK990 사일런스 M 108 무선 키보드 마우스 세트 (Greenwich),48800,48800,48800,48800,48800,48800,48800,48800
98778806,지클릭커 OFFICEPRO WMK990 사일런스 M 108 무선 키보드 마우스 세트 (Havana Cappuccino),48800,48800,48800,48800,48800,48800,48800,48800
98778713,지클릭커 OFFICEPRO WMK990 사일런스 M 108 무선 키보드 마우스 세트 (Navy Blue),67430,67430,67430,67430,67430,67430,67430,67430
98778782,지클릭커 OFFICEPRO WMK990 사일런스 M 108 무선 키보드 마우스 세트 (Pink),48800,48800,48800,48800,48800,48800,48800,48800
98778767,지클릭커 OFFICEPRO WMK990 사일런스 M 108 무선 키보드 마우스 세트 (Poker Green),48800,48800,48800,48800,48800,48800,48800,48800
98778722,지클릭커 OFFICEPRO WMK990 사일런스 M 108 무선 키보드 마우스 세트 (Retro),48800,48800,48800,48800,48800,48800,48800,48800
98778755,지클릭커 OFFICEPRO WMK990 사일런스 M 108 무선 키보드 마우스 세트 (Sky City),48800,48800,48800,48800,48800,48800,48800,48800
98778761,지클릭커 OFFICEPRO WMK990 사일런스 M 108 무선 키보드 마우스 세트 (Sky Pink),48800,48800,48800,48800,48800,48800,48800,48800
98778272,지클릭커 OFFICEPRO WMK990 사일런스 M 98 무선 키보드 마우스 세트 (Greenwich),47800,47800,47800,47800,47800,47800,47800,47800
98778290,지클릭커 OFFICEPRO WMK990 사일런스 M 98 무선 키보드 마우스 세트 (Navy Blue),47800,47800,47800,47800,47800,47800,47800,47800
98778311,지클릭커 OFFICEPRO WMK990 사일런스 M 98 무선 키보드 마우스 세트 (Pink),47800,47800,47800,47800,47800,47800,47800,47800
98778305,지클릭커 OFFICEPRO WMK990 사일런스 M 98 무선 키보드 마우스 세트 (Poker Green),47800,47800,47800,47800,47800,47800,47800,47800
98778296,지클릭커 OFFICEPRO WMK990 사일런스 M 98 무선 키보드 마우스 세트 (Retro),47800,47800,47800,47800,47800,47800,47800,47800
98778302,지클릭커 OFFICEPRO WMK990 사일런스 M 98 무선 키보드 마우스 세트 (Sky City),47800,47800,47800,47800,47800,47800,47800,47800
98778398,지클릭커 OFFICEPRO WMK990 사일런스 M LCD 98 무선 키보드 마우스 세트 (Greenwich),54700,54700,54700,54700,54700,54700,54700,54700
98778455,지클릭커 OFFICEPRO WMK990 사일런스 M LCD 98 무선 키보드 마우스 세트 (Gundam),54700,54700,54700,54700,54700,54700,54700,54700
98778467,지클릭커 OFFICEPRO WMK990 사일런스 M LCD 98 무선 키보드 마우스 세트 (Navy Blue),54700,54700,54700,54700,54700,54700,54700,54700
98778512,지클릭커 OFFICEPRO WMK990 사일런스 M LCD 98 무선 키보드 마우스 세트 (Pink),54700,54700,54700,54700,54700,54700,54700,54700
98778488,지클릭커 OFFICEPRO WMK990 사일런스 M LCD 98 무선 키보드 마우스 세트 (Poker Green),54700,54700,54700,54700,54700,54700,54700,54700
98778482,지클릭커 OFFICEPRO WMK990 사일런스 M LCD 98 무선 키보드 마우스 세트 (Retro),73210,73210,70220,73210,73210,73210,73210,73210
98778494,지클릭커 OFFICEPRO WMK990 사일런스 M LCD 98 무선 키보드 마우스 세트 (Sky City),54700,54700,54700,54700,54700,54700,54700,54700
98778500,지클릭커 OFFICEPRO WMK990 사일런스 M LCD 98 무선 키보드 마우스 세트 (Sky Pink),54700,54700,54700,54700,54700,54700,54700,54700
95850431,지클릭커 OFFICEPRO 사일런스M NK21 무선 (Black),18900,18900,18900,18900,18900,18900,18900,18900
95850482,지클릭커 OFFICEPRO 사일런스M NK21 무선 (Coral),18900,18900,18900,18900,18900,18900,18900,18900
95850476,지클릭커 OFFICEPRO 사일런스M NK21 무선 (Greenwich),18900,18900,18900,18900,18900,18900,18900,18900
95850479,지클릭커 OFFICEPRO 사일런스M NK21 무선 (Navy Blue),18900,18900,18900,18900,18900,18900,18900,18900
95850461,지클릭커 OFFICEPRO 사일런스M NK21 무선 (Poker Green),18900,18900,18900,18900,18900,18900,18900,18900
95850488,지클릭커 OFFICEPRO 사일런스M NK21 무선 (Sky City),18900,18900,18900,18900,18900,18900,18900,18900
95850398,지클릭커 OFFICEPRO 사일런스M NK21 무선 (White),18900,18900,18900,18900,18900,18900,18900,18900
97357016,지클릭커 OFFICEPRO 사일런스M 멀티포지션 OPK50 87+NK21 (Coral),32400,32400,32400,32400,32400,32400,32400,32400
97357028,지클릭커 OFFICEPRO 사일런스M 멀티포지션 OPK50 87+NK21 (Greenwich),32400,32400,32400,32400,32400,32400,32400,32400
97356998,지클릭커 OFFICEPRO 사일런스M 멀티포지션 OPK50 87+NK21 (Navy Blue),32400,32400,32400,32400,32400,32400,32400,32400
97357046,지클릭커 OFFICEPRO 사일런스M 멀티포지션 OPK50 87+NK21 (Poker Green),32400,32400,32400,32400,32400,32400,32400,32400
97357034,지클릭커 OFFICEPRO 사일런스M 멀티포지션 OPK50 87+NK21 (Sky City),32400,32400,32400,32400,32400,32400,32400,32400
94815560,지클릭커 OFFICEPRO 사일런스M 멀티포지션 WK87+NK21 무선 (Coral),36800,36800,36800,36800,36800,36800,36800,36800
94815566,지클릭커 OFFICEPRO 사일런스M 멀티포지션 WK87+NK21 무선 (Greenwich),36800,36800,36800,36800,36800,36800,36800,36800
94815557,지클릭커 OFFICEPRO 사일런스M 멀티포지션 WK87+NK21 무선 (Gundam),36800,36800,36800,36800,36800,36800,36800,36800
94815554,지클릭커 OFFICEPRO 사일런스M 멀티포지션 WK87+NK21 무선 (Poker Green),36800,36800,36800,36800,36800,36800,36800,36800
94815545,지클릭커 OFFICEPRO 사일런스M 멀티포지션 WK87+NK21 무선 (Sky City),36800,36800,36800,36800,36800,36800,36800,36800
96982793,지클릭커 OFFICEPRO 에르고M EMK400 무선 키보드 마우스 세트 (블랙),69800,69800,69800,69800,69800,69800,69800,69800
96982799,지클릭커 OFFICEPRO 에르고M EMK400 무선 키보드 마우스 세트 (화이트),69800,69800,69800,69800,69800,69800,69800,69800
99052730,지클릭커 OFFICEPRO 에르고M EMK660 무선 기계식 키보드 마우스 세트 네온 화이트 (도각도각),232500,232500,232500,232500,232500,232500,232500,232500
99052718,지클릭커 OFFICEPRO 에르고M EMK660 무선 기계식 키보드 마우스 세트 네온 화이트 (보글보글),232500,232500,232500,232500,232500,232500,232500,232500
99052661,지클릭커 OFFICEPRO 에르고M EMK660 무선 기계식 키보드 마우스 세트 옐로우 블랙 (도각도각),232500,232500,232500,232500,232500,232500,232500,232500
99052688,지클릭커 OFFICEPRO 에르고M EMK660 무선 기계식 키보드 마우스 세트 옐로우 블랙 (보글보글),232500,232500,232500,232500,232500,232500,232500,232500
99480692,지클릭커 OFFICEPRO 에르고M EMK800 무선 기계식 키보드 마우스 세트 (베이지 블랙),171400,171400,171400,171400,171400,171400,171400,171400
99480719,지클릭커 OFFICEPRO 에르고M EMK800 무선 기계식 키보드 마우스 세트 (카리브 화이트),171400,171400,171400,171400,171400,171400,171400,171400
48645020,지클릭커 OFFICEPRO 움직이는 마카롱 슬림 라이트 무선 블루투스 (그린),12400,12400,12400,12400,12400,12400,12400,12400
48644972,지클릭커 OFFICEPRO 움직이는 마카롱 슬림 라이트 무선 블루투스 (딥그레이블랙),12400,12400,12400,12400,12400,12400,12400,12400
48645005,지클릭커 OFFICEPRO 움직이는 마카롱 슬림 라이트 무선 블루투스 (실버화이트),12400,12400,12400,12400,12400,12400,12400,12400
48645014,지클릭커 OFFICEPRO 움직이는 마카롱 슬림 라이트 무선 블루투스 (핑크),12400,12400,12400,12400,12400,12400,12400,12400
99914822,지클릭커 OFFICEPRO 펜타 WK20 무선 (블랙),25900,25900,25900,25900,25900,25900,25900,25900
99914837,지클릭커 OFFICEPRO 펜타 WK20 무선 (화이트),25900,25900,25900,25900,25900,25900,25900,24080
102000869,지클릭커 OFFICEPRO 펜타 WK20 무선 With PAD (블랙),28900,28900,28900,28900,28900,28900,28900,28900
102000878,지클릭커 OFFICEPRO 펜타 WK20 무선 With PAD (화이트),28900,28900,28900,28900,28900,28900,28900,28900
104625482,지클릭커 OPK108 (그린 라이트),18900,18900,18900,18900,18900,18900,18900,18900
104625494,지클릭커 OPK108 (머큐리 핑크),18900,18900,18900,18900,18900,18900,18900,18900
104625485,지클릭커 OPK108 (크레용 옐로우),18900,18900,18900,18900,18900,18900,18900,18900
104625479,지클릭커 OPK108 (화이트 마린),18900,18900,18900,18900,18900,18900,18900,18900
106687592,지클릭커 OPK115 키보드 마우스 세트 (그린라이트),26900,26900,26900,26900,26900,26900,26900,26900
106687589,지클릭커 OPK115 키보드 마우스 세트 (머큐리핑크),26900,26900,26900,26900,26900,26900,26900,26900
106687595,지클릭커 OPK115 키보드 마우스 세트 (크레용옐로우),26900,26900,26900,26900,26900,26900,26900,26900
106687601,지클릭커 OPK115 키보드 마우스 세트 (화이트마린),26900,26900,26900,26900,26900,26900,26900,26900
106687499,지클릭커 OPK129 키보드 마우스 세트 (그린라이트),31400,31400,31400,31400,31400,31400,31400,31400
106687508,지클릭커 OPK129 키보드 마우스 세트 (머큐리핑크),31400,31400,31400,31400,31400,31400,31400,31400
106687505,지클릭커 OPK129 키보드 마우스 세트 (크레용옐로우),31400,31400,31400,31400,31400,31400,31400,31400
106687502,지클릭커 OPK129 키보드 마우스 세트 (화이트마린),31400,31400,31400,31400,31400,31400,31400,31400
106687517,지클릭커 OPK129 키보드 마우스 콤보 세트 (그린라이트),32400,32400,32400,32400,32400,32400,32400,32400
106687514,지클릭커 OPK129 키보드 마우스 콤보 세트 (머큐리핑크),32400,32400,32400,32400,32400,32400,32400,32400
106687523,지클릭커 OPK129 키보드 마우스 콤보 세트 (크레용옐로우),32400,32400,32400,32400,32400,32400,32400,32400
106687520,지클릭커 OPK129 키보드 마우스 콤보 세트 (화이트마린),32400,32400,32400,32400,32400,32400,32400,32400
99710996,지클릭커 OPS800B 기계식 키보드 마우스 세트 그린라이트 (도각도각),117100,117100,117100,117100,117100,117100,117100,117100
99710975,지클릭커 OPS800B 기계식 키보드 마우스 세트 그린라이트 (보글보글),117100,117100,117100,117100,117100,117100,117100,117100
99711155,지클릭커 OPS800B 기계식 키보드 마우스 세트 머큐리핑크 RC1 (도각도각),117100,117100,117100,117100,117100,117100,117100,117100
99711158,지클릭커 OPS800B 기계식 키보드 마우스 세트 머큐리핑크 RC1 (보글보글),117100,117100,117100,117100,117100,117100,117100,117100
99711161,지클릭커 OPS800B 기계식 키보드 마우스 세트 머큐리핑크 RC2 (도각도각),117100,117100,117100,117100,117100,117100,117100,117100
99711164,지클릭커 OPS800B 기계식 키보드 마우스 세트 머큐리핑크 RC2 (보글보글),117100,117100,117100,117100,117100,117100,117100,117100
99711134,지클릭커 OPS800B 기계식 키보드 마우스 세트 크레용옐로우 (도각도각),117100,117100,117100,117100,117100,117100,117100,117100
99711137,지클릭커 OPS800B 기계식 키보드 마우스 세트 크레용옐로우 (보글보글),117100,117100,117100,117100,117100,117100,117100,117100
99711140,지클릭커 OPS800B 기계식 키보드 마우스 세트 화이트마린 (도각도각),117100,117100,117100,117100,117100,117100,117100,117100
99711146,지클릭커 OPS800B 기계식 키보드 마우스 세트 화이트마린 (보글보글),117100,117100,117100,117100,117100,117100,117100,117100
101011772,지클릭커 OPS899 기계식 키보드 마우스 세트 그린라이트 (도각도각),72000,72000,72000,72000,72000,72000,72000,72000
101011727,지클릭커 OPS899 기계식 키보드 마우스 세트 머큐리핑크 RC1 (도각도각),72000,72000,72000,72000,72000,72000,72000,72000
101011733,지클릭커 OPS899 기계식 키보드 마우스 세트 머큐리핑크 RC2 (도각도각),72000,72000,72000,72000,72000,72000,72000,72000
101011784,지클릭커 OPS899 기계식 키보드 마우스 세트 크레용옐로우 (도각도각),72000,72000,72000,72000,72000,72000,72000,72000
101011805,지클릭커 OPS899 기계식 키보드 마우스 세트 화이트마린 (도각도각),72000,72000,72000,72000,72000,72000,72000,72000
124423967,지클릭커 OPT108 (블랙),26800,26800,,,,,,
124423969,지클릭커 OPT108 (핑크),26800,26800,,,,,,
124423970,지클릭커 OPT108 (화이트),26800,26800,,,,,,
122691666,지클릭커 PADO87 무선 기계식 그린 라이트 (당근주황축),54800,54800,54800,54800,54800,54800,54800,54800
122691685,지클릭커 PADO87 무선 기계식 그린 라이트 (용암빨강축),54800,54800,54800,54800,54800,54800,54800,54800
122691682,지클릭커 PADO87 무선 기계식 그린 라이트 (유채꽃노랑축),54800,54800,54800,54800,54800,54800,54800,54800
122691691,지클릭커 PADO87 무선 기계식 머큐리 핑크 (당근주황축),54800,54800,54800,54800,54800,54800,54800,54800
122691696,지클릭커 PADO87 무선 기계식 머큐리 핑크 (용암빨강축),54800,54800,54800,54800,54800,54800,54800,54800
122691694,지클릭커 PADO87 무선 기계식 머큐리 핑크 (유채꽃노랑축),54800,54800,54800,54800,54800,54800,54800,54800
122691709,지클릭커 PADO87 무선 기계식 크레용 옐로우 (당근주황축),54800,54800,54800,54800,54800,54800,54800,54800
122691712,지클릭커 PADO87 무선 기계식 크레용 옐로우 (용암빨강축),54800,54800,54800,54800,54800,54800,54800,54800
122691710,지클릭커 PADO87 무선 기계식 크레용 옐로우 (유채꽃노랑축),54800,54800,54800,54800,54800,54800,54800,54800
122691697,지클릭커 PADO87 무선 기계식 화이트 마린 (당근주황축),54800,54800,54800,54800,54800,54800,54800,54800
122691700,지클릭커 PADO87 무선 기계식 화이트 마린 (용암빨강축),54800,54800,54800,54800,54800,54800,54800,54800
122691698,지클릭커 PADO87 무선 기계식 화이트 마린 (유채꽃노랑축),54800,54800,54800,54800,54800,54800,54800,54800
98411051,"지클릭커 SPK107 기계식 그린 라이트 (당근주황축, 45g)",54800,54800,54800,54800,54800,54800,54800,54800
98411054,"지클릭커 SPK107 기계식 그린 라이트 (유채꽃노랑축, 37g)",54800,54440,54440,54440,54440,54440,54440,54440
105813089,"지클릭커 SPK107 기계식 딥그린 블랙 (당근주황축, 45g)",54800,54800,54800,54800,54800,54800,54800,54800
105813092,"지클릭커 SPK107 기계식 딥그린 블랙 (유채꽃노랑축, 37g)",54800,54800,54800,54800,54800,54800,54800,54800
98411072,"지클릭커 SPK107 기계식 머큐리 핑크 (당근주황축, 45g)",54800,54440,54440,54440,54440,54440,54440,54440
98411078,"지클릭커 SPK107 기계식 머큐리 핑크 (유채꽃노랑축, 37g)",54800,54800,54800,54800,54800,54800,54800,54800
98411036,"지클릭커 SPK107 기계식 크레용 옐로우 (당근주황축, 45g)",54800,54800,54800,54800,54800,54800,54800,54800
98411009,"지클릭커 SPK107 기계식 크레용 옐로우 (유채꽃노랑축, 37g)",54800,54800,54800,54800,54800,54800,54800,54800
98411042,"지클릭커 SPK107 기계식 화이트 마린 (당근주황축, 45g)",54800,54800,54800,54800,54800,54800,54800,54800
98411045,"지클릭커 SPK107 기계식 화이트 마린 (유채꽃노랑축, 37g)",54800,54800,54800,54800,54800,54800,54800,54800
90503681,지클릭커 SPK80 무선 기계식 (블랙),98900,98900,98900,98900,98900,98900,98900,98900
90503705,지클릭커 SPK80 무선 기계식 (화이트),98900,98900,98900,98900,98900,98900,98900,98900
68917121,지클릭커 SPMK100 무선 블루투스 기계식 키보드 마우스 세트 (레트로 레드),48800,48800,48800,48800,48800,48800,48800,48800
98410214,지클릭커 SPMK100 무선 블루투스 기계식 키보드 마우스 세트 (밀키블루),48800,48800,48800,48800,48800,48800,48800,48800
104625440,지클릭커 WK100B 무선 (그린 라이트),28900,28900,28900,28900,28900,28900,28900,28900
104625446,지클릭커 WK100B 무선 (머큐리 핑크),28900,28900,28900,28900,28900,28900,28900,28900
104625443,지클릭커 WK100B 무선 (크레용 옐로우),28900,28900,28900,28900,28900,28900,28900,28900
104625434,지클릭커 WK100B 무선 (화이트 마린),28900,28900,28900,28900,28900,28900,28900,28900
98183183,"지클릭커 WK107 1K 무선 기계식 그린 라이트 (당근주황축, 45g)",59800,59800,59800,59800,59800,59800,59800,59800
98183159,"지클릭커 WK107 1K 무선 기계식 그린 라이트 (용암빨강축, 45g)",59800,59800,59800,59800,59800,59800,59800,59800
98183165,"지클릭커 WK107 1K 무선 기계식 그린 라이트 (유채꽃노랑축, 37g)",59800,59800,59800,59800,59800,59800,59800,59800
105183290,"지클릭커 WK107 1K 무선 기계식 딥그린 블랙 (당근주황축, 45g)",59800,59800,59800,59800,59800,59800,59800,59800
105183374,"지클릭커 WK107 1K 무선 기계식 딥그린 블랙 (용암빨강축, 45g)",59800,59800,59800,59800,59800,59800,59800,59800
105183338,"지클릭커 WK107 1K 무선 기계식 딥그린 블랙 (유채꽃노랑축, 37g)",59800,59800,59800,59800,59800,59800,59800,59800
98183129,"지클릭커 WK107 1K 무선 기계식 머큐리 핑크 (당근주황축, 45g)",59800,59800,59800,59800,59800,59800,59800,59800
98183141,"지클릭커 WK107 1K 무선 기계식 머큐리 핑크 (용암빨강축, 45g)",59800,59800,59800,59800,59800,59800,59800,59800
98183135,"지클릭커 WK107 1K 무선 기계식 머큐리 핑크 (유채꽃노랑축, 37g)",59800,59800,59800,59800,59800,59800,59800,59800
98183201,"지클릭커 WK107 1K 무선 기계식 크레용 옐로우 (당근주황축, 45g)",59800,59800,59800,59800,59800,59800,59800,59800
98183213,"지클릭커 WK107 1K 무선 기계식 크레용 옐로우 (용암빨강축, 45g)",59800,59800,59800,59800,59800,59800,59800,59800
98183204,"지클릭커 WK107 1K 무선 기계식 크레용 옐로우 (유채꽃노랑축, 37g)",59800,59800,59800,59800,59800,59800,59800,59800
98183111,"지클릭커 WK107 1K 무선 기계식 화이트 마린 (당근주황축, 45g)",59800,59800,59800,59800,59800,59800,59800,59800
98183069,"지클릭커 WK107 1K 무선 기계식 화이트 마린 (용암빨강축, 45g)",59800,59800,59800,59800,59800,59800,59800,59800
98183090,"지클릭커 WK107 1K 무선 기계식 화이트 마린 (유채꽃노랑축, 37g)",59800,59800,59800,59800,59800,59800,59800,59800
92888372,"지클릭커 WK107 8K 무선 기계식 그린 라이트 (당근주황축, 45g)",69800,69800,69800,69800,69800,69800,69800,69800
92888384,"지클릭커 WK107 8K 무선 기계식 그린 라이트 (용암빨강축, 45g)",69790,69790,69790,69790,69790,69790,69790,69790
92888390,"지클릭커 WK107 8K 무선 기계식 그린 라이트 (유채꽃노랑축, 37g)",68490,68490,68490,68490,68490,68490,68490,68490
105813005,"지클릭커 WK107 8K 무선 기계식 딥그린 블랙 (당근주황축, 45g)",69800,69800,69800,69800,69800,69800,69800,69800
105813011,"지클릭커 WK107 8K 무선 기계식 딥그린 블랙 (용암빨강축, 45g)",69800,69800,69800,69800,69800,69800,69800,69800
105813014,"지클릭커 WK107 8K 무선 기계식 딥그린 블랙 (유채꽃노랑축, 37g)",69800,69800,69800,69800,69800,69800,69800,69800
92888396,"지클릭커 WK107 8K 무선 기계식 머큐리 핑크 (당근주황축, 45g)",69790,69790,69790,69790,69790,69790,69790,69660
92888408,"지클릭커 WK107 8K 무선 기계식 머큐리 핑크 (용암빨강축, 45g)",54800,54800,54800,54800,54800,54800,54800,54800
92888414,"지클릭커 WK107 8K 무선 기계식 머큐리 핑크 (유채꽃노랑축, 37g)",69790,69790,69790,69790,69790,69790,69790,69790
99480104,"지클릭커 WK107 8K 무선 기계식 크레용 옐로우 (당근주황축, 45g)",69790,69790,69790,69790,69790,69790,69790,69790
99480110,"지클릭커 WK107 8K 무선 기계식 크레용 옐로우 (용암빨강축, 45g)",69800,69800,69800,69800,69800,69800,69800,69800
99480119,"지클릭커 WK107 8K 무선 기계식 크레용 옐로우 (유채꽃노랑축, 37g)",69800,69800,69800,69800,69800,69800,69800,69800
92888354,"지클릭커 WK107 8K 무선 기계식 화이트 마린 (용암빨강축, 45g)",59800,59800,59800,59800,59800,59800,59800,59800
92625803,"지클릭커 WK107 8K 무선 기계식 화이트 마린 (유채꽃노랑축, 37g)",69790,69790,69790,69790,69790,69790,69790,69790
106687628,지클릭커 WK115B 무선 키보드 마우스 세트 (그린라이트),34900,34900,34900,34900,34900,34900,34900,34900
106687625,지클릭커 WK115B 무선 키보드 마우스 세트 (머큐리핑크),34900,34900,34900,34900,34900,34900,34900,34900
106687616,지클릭커 WK115B 무선 키보드 마우스 세트 (크레용옐로우),34900,34900,34900,34900,34900,34900,34900,34900
106687610,지클릭커 WK115B 무선 키보드 마우스 세트 (화이트마린),34900,34900,34900,34900,34900,34900,34900,34900
106687547,지클릭커 WK129B 무선 키보드 마우스 세트 (그린라이트),37900,37900,37900,37900,37900,37900,37900,37900
106687550,지클릭커 WK129B 무선 키보드 마우스 세트 (머큐리핑크),37900,37900,37900,37900,37900,37900,37900,37900
106687553,지클릭커 WK129B 무선 키보드 마우스 세트 (크레용옐로우),37900,37900,37900,37900,37900,37900,37900,37900
106687559,지클릭커 WK129B 무선 키보드 마우스 세트 (화이트마린),37900,37900,37900,37900,37900,37900,37900,37900
98087828,"지클릭커 WK98 8K 풀윤활 무선 블루투스 기계식 그린 라이트 (당근주황축, 45g)",54800,54800,54800,54800,54800,54800,54800,54800
98087849,"지클릭커 WK98 8K 풀윤활 무선 블루투스 기계식 그린 라이트 (용암빨강축, 45g)",54800,54800,54800,54800,54800,54800,54800,54800
98087840,"지클릭커 WK98 8K 풀윤활 무선 블루투스 기계식 그린 라이트 (유채꽃노랑축, 37g)",54800,54800,54800,54800,54800,54800,54800,54800
105813065,"지클릭커 WK98 8K 풀윤활 무선 블루투스 기계식 딥그린 블랙 (당근주황축, 45g)",54800,54800,54800,54800,54800,54800,54800,54800
105813068,"지클릭커 WK98 8K 풀윤활 무선 블루투스 기계식 딥그린 블랙 (용암빨강축, 45g)",54800,54800,54800,54800,54800,54800,54800,54800
105813071,"지클릭커 WK98 8K 풀윤활 무선 블루투스 기계식 딥그린 블랙 (유채꽃노랑축, 37g)",54800,54800,54800,54800,54800,54800,54800,54800
98087861,"지클릭커 WK98 8K 풀윤활 무선 블루투스 기계식 머큐리 핑크 (당근주황축, 45g)",54800,54800,54800,54800,54800,54800,54800,54800
98087879,"지클릭커 WK98 8K 풀윤활 무선 블루투스 기계식 머큐리 핑크 (용암빨강축, 45g)",54800,54800,54800,54800,54800,54800,54800,54800
98087870,"지클릭커 WK98 8K 풀윤활 무선 블루투스 기계식 머큐리 핑크 (유채꽃노랑축, 37g)",54800,54800,54800,54800,54800,54800,54800,54800
98087816,"지클릭커 WK98 8K 풀윤활 무선 블루투스 기계식 크레용 옐로우 (당근주황축, 45g)",54800,54800,54800,54800,54800,54800,54800,54800
98087720,"지클릭커 WK98 8K 풀윤활 무선 블루투스 기계식 크레용 옐로우 (용암빨강축, 45g)",54800,54800,54800,54800,54800,54800,54800,54800
98087798,"지클릭커 WK98 8K 풀윤활 무선 블루투스 기계식 크레용 옐로우 (유채꽃노랑축, 37g)",54800,54800,54800,54800,54800,54800,54800,54800
98087888,"지클릭커 WK98 8K 풀윤활 무선 블루투스 기계식 화이트 마린 (당근주황축, 45g)",54800,54800,54800,54800,54800,54800,54800,54800
98087915,"지클릭커 WK98 8K 풀윤활 무선 블루투스 기계식 화이트 마린 (용암빨강축, 45g)",54800,54800,54800,54800,54800,54800,54800,54800
98087909,"지클릭커 WK98 8K 풀윤활 무선 블루투스 기계식 화이트 마린 (유채꽃노랑축, 37g)",54800,54800,54800,54800,54800,54800,54800,54800
90500201,"지클릭커 WK98 타란튤라 유무선 기계식 그린 라이트 (당근주황축, 45g)",49800,49800,49800,49800,49800,49800,49800,49800
90500195,"지클릭커 WK98 타란튤라 유무선 기계식 그린 라이트 (용암빨강축, 45g)",48650,48650,48650,48650,48650,48650,48650,48650
90500198,"지클릭커 WK98 타란튤라 유무선 기계식 그린 라이트 (유채꽃노랑축, 37g)",49790,49790,49790,49790,49790,49790,49790,49790
105813035,"지클릭커 WK98 타란튤라 유무선 기계식 딥그린 블랙 (당근주황축, 45g)",49800,49800,49800,49800,49800,49800,49800,49800
105813038,"지클릭커 WK98 타란튤라 유무선 기계식 딥그린 블랙 (용암빨강축, 45g)",49800,49800,49800,49800,49800,49800,49800,49800
105813047,"지클릭커 WK98 타란튤라 유무선 기계식 딥그린 블랙 (유채꽃노랑축, 37g)",49800,49800,49800,49800,49800,49800,49800,49800
90500228,"지클릭커 WK98 타란튤라 유무선 기계식 머큐리 핑크 (당근주황축, 45g)",49800,49800,49800,49800,49800,49800,49800,49800
90500216,"지클릭커 WK98 타란튤라 유무선 기계식 머큐리 핑크 (용암빨강축, 45g)",49790,49790,49790,49790,49790,49790,49790,49790
90500222,"지클릭커 WK98 타란튤라 유무선 기계식 머큐리 핑크 (유채꽃노랑축, 37g)",48660,48660,48660,48660,48660,48660,48660,48660
90500204,"지클릭커 WK98 타란튤라 유무선 기계식 크레용 옐로우 (당근주황축, 45g)",49790,49790,49790,49790,49790,49790,49790,49790
90500213,"지클릭커 WK98 타란튤라 유무선 기계식 크레용 옐로우 (용암빨강축, 45g)",49800,49800,49800,49800,49800,49800,49800,49800
90500207,"지클릭커 WK98 타란튤라 유무선 기계식 크레용 옐로우 (유채꽃노랑축, 37g)",49800,49800,49800,49800,49800,49800,49800,49800
90112616,"지클릭커 WK98 타란튤라 유무선 기계식 화이트 마린 (당근주황축, 45g)",49800,49800,49800,49800,49800,49800,49800,49800
90500192,"지클릭커 WK98 타란튤라 유무선 기계식 화이트 마린 (용암빨강축, 45g)",49790,49640,49800,49800,49800,49800,49800,49800
90500189,"지클릭커 WK98 타란튤라 유무선 기계식 화이트 마린 (유채꽃노랑축, 37g)",49790,49790,49790,49790,49790,49790,49790,49790
109679336,지클릭커 WKPS80 87 유무선 (Coral),26400,26400,26400,26400,26400,26400,26400,26400
109679342,"지클릭커 WKPS80 87 유무선 (Gundam, RC1)",26400,26400,26400,26400,26400,26400,26400,26400
109679345,"지클릭커 WKPS80 87 유무선 (Gundam, RC2)",26400,26400,26400,26400,26400,26400,26400,26400
109679348,지클릭커 WKPS80 87 유무선 (SkyCity),26400,26400,26400,26400,26400,26400,26400,26400
109679363,지클릭커 WKPS80 94 유무선 (Coral),28400,28400,28400,28400,28400,28400,28400,28400
109679366,지클릭커 WKPS80 94 유무선 (Gundam),28400,28400,28400,28400,28400,28400,28400,28400
109679375,지클릭커 WKPS80 94 유무선 (Poker),28400,28400,28400,28400,28400,28400,28400,28400
109679378,지클릭커 WKPS80 94 유무선 (SkyCity),28400,28400,28400,28400,28400,28400,28400,28400
122684729,지클릭커 WMK320 무선 키보드 마우스 세트 (그린),41700,41700,41700,41700,41700,41700,41700,41700
122684732,지클릭커 WMK320 무선 키보드 마우스 세트 (블랙),41690,41690,41690,41690,41690,41690,41690,41690
122684720,지클릭커 WMK320 무선 키보드 마우스 세트 (핑크),41700,41700,41700,41700,41700,41700,41700,41700
122684719,지클릭커 WMK320 무선 키보드 마우스 세트 (화이트),41700,41700,41700,41700,41700,41700,41700,41700
124086748,지클릭커 WMK354 무선 키보드 마우스 세트 (그린),40200,40200,40200,40200,40200,40200,40200,40200
124086750,지클릭커 WMK354 무선 키보드 마우스 세트 (블랙),40200,40200,40200,40200,40200,40200,40200,40200
124086752,지클릭커 WMK354 무선 키보드 마우스 세트 (핑크),40200,40200,40200,40200,40200,40200,40200,40200
124086737,지클릭커 WMK354 무선 키보드 마우스 세트 (화이트),40200,40200,40200,40200,40200,40200,40200,40200
101011934,지클릭커 WMK780 유무선 기계식 키보드 마우스 세트 그린라이트 (도각도각),77000,77000,77000,77000,77000,77000,77000,77000
101011901,지클릭커 WMK780 유무선 기계식 키보드 마우스 세트 머큐리핑크 RC1 (도각도각),77000,77000,77000,77000,77000,77000,77000,77000
101011916,지클릭커 WMK780 유무선 기계식 키보드 마우스 세트 머큐리핑크 RC2 (도각도각),77000,77000,77000,77000,77000,77000,77000,77000
101011940,지클릭커 WMK780 유무선 기계식 키보드 마우스 세트 크레용옐로우 (도각도각),77000,77000,77000,77000,77000,77000,77000,77000
101011952,지클릭커 WMK780 유무선 기계식 키보드 마우스 세트 화이트마린 (도각도각),77000,77000,77000,77000,77000,77000,77000,77000
101012072,지클릭커 WMK790 유무선 기계식 키보드 마우스 세트 그린라이트 (도각도각),95000,95000,95000,95000,95000,95000,95000,95000
101012075,"지클릭커 WMK790 유무선 기계식 키보드 마우스 세트 그린라이트 (제주바다, 37g)",104990,104990,104990,104990,104990,104990,104990,104990
101012078,"지클릭커 WMK790 유무선 기계식 키보드 마우스 세트 그린라이트 (제주바다, 45g)",104990,104990,104990,104990,104990,104990,104990,104990
101012012,지클릭커 WMK790 유무선 기계식 키보드 마우스 세트 머큐리핑크 (도각도각),95000,95000,95000,95000,95000,95000,95000,95000
101012030,"지클릭커 WMK790 유무선 기계식 키보드 마우스 세트 머큐리핑크 (제주바다, 37g)",105000,105000,105000,105000,105000,105000,105000,105000
101012039,"지클릭커 WMK790 유무선 기계식 키보드 마우스 세트 머큐리핑크 (제주바다, 45g)",105000,105000,105000,105000,105000,105000,105000,105000
101012123,지클릭커 WMK790 유무선 기계식 키보드 마우스 세트 크레용옐로우 (도각도각),95000,95000,95000,95000,95000,95000,95000,95000
101012126,"지클릭커 WMK790 유무선 기계식 키보드 마우스 세트 크레용옐로우 (제주바다, 37g)",105000,105000,105000,105000,105000,105000,105000,105000
101012132,"지클릭커 WMK790 유무선 기계식 키보드 마우스 세트 크레용옐로우 (제주바다, 45g)",105000,105000,105000,105000,105000,105000,105000,105000
101012087,지클릭커 WMK790 유무선 기계식 키보드 마우스 세트 화이트마린 (도각도각),95000,95000,95000,95000,95000,95000,95000,95000
101012093,"지클릭커 WMK790 유무선 기계식 키보드 마우스 세트 화이트마린 (제주바다, 37g)",105000,105000,105000,105000,105000,105000,105000,105000
101012102,"지클릭커 WMK790 유무선 기계식 키보드 마우스 세트 화이트마린 (제주바다, 45g)",105000,105000,105000,105000,105000,105000,105000,105000
99054095,지클릭커 WMK800B 더블 8K 무선 기계식 키보드 마우스 세트 그린라이트 (도각도각),158860,158860,158860,158860,158860,158860,158860,158860
99054080,지클릭커 WMK800B 더블 8K 무선 기계식 키보드 마우스 세트 그린라이트 (보각보각),158860,158860,158860,158860,158860,158860,158860,158860
99054092,지클릭커 WMK800B 더블 8K 무선 기계식 키보드 마우스 세트 그린라이트 (보글보글),158860,158860,158860,158860,158860,158860,158860,158860
99054077,지클릭커 WMK800B 더블 8K 무선 기계식 키보드 마우스 세트 머큐리핑크 RC1 (도각도각),99600,99600,99600,99600,99600,99600,99600,99600
99054068,지클릭커 WMK800B 더블 8K 무선 기계식 키보드 마우스 세트 머큐리핑크 RC1 (보각보각),99600,99600,99600,99600,99600,99600,99600,99600
99054074,지클릭커 WMK800B 더블 8K 무선 기계식 키보드 마우스 세트 머큐리핑크 RC1 (보글보글),99600,99600,99600,99600,99600,99600,99600,99600
99053663,지클릭커 WMK800B 더블 8K 무선 기계식 키보드 마우스 세트 머큐리핑크 RC2 (도각도각),99600,99600,99600,99600,99600,99600,99600,99600
99054059,지클릭커 WMK800B 더블 8K 무선 기계식 키보드 마우스 세트 머큐리핑크 RC2 (보각보각),158860,158860,158860,158860,158860,158860,158860,158860
99054053,지클릭커 WMK800B 더블 8K 무선 기계식 키보드 마우스 세트 머큐리핑크 RC2 (보글보글),158860,158860,158860,158860,158860,158860,158860,158860
99054104,지클릭커 WMK800B 더블 8K 무선 기계식 키보드 마우스 세트 크레용옐로우 (도각도각),99600,99600,99600,99600,99600,99600,99600,99600
99054110,지클릭커 WMK800B 더블 8K 무선 기계식 키보드 마우스 세트 크레용옐로우 (보각보각),99600,99600,99600,99600,99600,99600,99600,99600
99054107,지클릭커 WMK800B 더블 8K 무선 기계식 키보드 마우스 세트 크레용옐로우 (보글보글),99600,99600,99600,99600,99600,99600,99600,99600
99054122,지클릭커 WMK800B 더블 8K 무선 기계식 키보드 마우스 세트 화이트마린 (도각도각),158860,158860,158860,158860,158860,158860,158860,158860
99054137,지클릭커 WMK800B 더블 8K 무선 기계식 키보드 마우스 세트 화이트마린 (보각보각),158860,158860,158860,158860,158860,158860,158860,158860
99054128,지클릭커 WMK800B 더블 8K 무선 기계식 키보드 마우스 세트 화이트마린 (보글보글),158860,158860,158860,158860,158860,158860,158860,158860
95201453,지클릭커 WMK800B 무선 기계식 키보드 마우스 세트 그린라이트 (도각도각),119600,119600,119600,119600,119600,119600,119600,119600
95201435,지클릭커 WMK800B 무선 기계식 키보드 마우스 세트 그린라이트 (보각보각),119600,119600,119600,119600,119600,119600,119600,119600
95201441,지클릭커 WMK800B 무선 기계식 키보드 마우스 세트 그린라이트 (보글보글),119600,119600,119600,119600,119600,119600,119600,119600
95201468,지클릭커 WMK800B 무선 기계식 키보드 마우스 세트 머큐리핑크 RC1 (도각도각),156800,156800,156800,156800,156800,156800,156800,156800
95201495,지클릭커 WMK800B 무선 기계식 키보드 마우스 세트 머큐리핑크 RC1 (보각보각),156800,156800,156800,156800,156800,156800,156800,156800
95201486,지클릭커 WMK800B 무선 기계식 키보드 마우스 세트 머큐리핑크 RC1 (보글보글),156800,156800,156800,156800,156800,156800,156800,156800
95201540,지클릭커 WMK800B 무선 기계식 키보드 마우스 세트 머큐리핑크 RC2 (도각도각),119600,119600,119600,119600,119600,119600,119600,119600
95201519,지클릭커 WMK800B 무선 기계식 키보드 마우스 세트 머큐리핑크 RC2 (보각보각),119600,119600,119600,119600,119600,119600,119600,119600
95201528,지클릭커 WMK800B 무선 기계식 키보드 마우스 세트 머큐리핑크 RC2 (보글보글),119600,119600,119600,119600,119600,119600,119600,119600
95201321,지클릭커 WMK800B 무선 기계식 키보드 마우스 세트 크레용옐로우 (도각도각),159630,159630,159630,159630,159630,159630,166740,159630
95200910,지클릭커 WMK800B 무선 기계식 키보드 마우스 세트 크레용옐로우 (보각보각),136800,136800,136800,136800,136800,136800,136800,136800
95201294,지클릭커 WMK800B 무선 기계식 키보드 마우스 세트 크레용옐로우 (보글보글),159630,159630,159630,159630,159630,159630,166740,159630
95201378,지클릭커 WMK800B 무선 기계식 키보드 마우스 세트 화이트마린 (도각도각),156800,156800,156800,156800,156800,156800,156800,156800
95201417,지클릭커 WMK800B 무선 기계식 키보드 마우스 세트 화이트마린 (보각보각),156800,156800,156800,156800,156800,156800,156800,156800
95201396,지클릭커 WMK800B 무선 기계식 키보드 마우스 세트 화이트마린 (보글보글),119600,119600,119600,119600,119600,119600,119600,119600
124152654,지클릭커 WMK915 무선 키보드 마우스세트 (그린위치),46700,46700,46700,46700,46700,46700,46700,46700
124152659,지클릭커 WMK915 무선 키보드 마우스세트 (스카이시티),46700,46700,46700,46700,46700,46700,46700,46700
124152662,지클릭커 WMK915 무선 키보드 마우스세트 (카푸치노카키),46700,46700,46700,46700,46700,46700,46700,46700
124152663,지클릭커 WMK915 무선 키보드 마우스세트 (하바나카푸치노),46700,46700,46700,46700,46700,46700,46700,46700
124152730,지클릭커 WMK929 무선 키보드 마우스세트 (그린위치),45700,45700,45700,45700,45700,45700,45700,45700
124152733,지클릭커 WMK929 무선 키보드 마우스세트 (스카이시티),45700,45700,45700,45700,45700,45700,45700,45700
124152735,지클릭커 WMK929 무선 키보드 마우스세트 (카푸치노카키),45700,45700,45700,45700,45700,45700,45700,45700
124152737,지클릭커 WMK929 무선 키보드 마우스세트 (하바나카푸치노),45700,45700,45700,45700,45700,45700,45700,45700
122698367,지클릭커 그릭 슬림 실리콘 팜레스트 키보드 손목받침대,15500,15500,15500,15500,15500,15500,15500,15500
92625101,지클릭커 그릭 실리콘 팜레스트 키보드 손목받침대 (텐키리스),11000,11000,11000,11000,11000,11000,11000,11000
92625068,지클릭커 그릭 실리콘 팜레스트 키보드 손목받침대 (풀배열),13800,13800,13800,13800,13800,13800,13800,13800
78095972,지클릭커 레트로 M 레드 SPR 104K 무선,31900,31900,31900,31900,31900,31900,31900,31900
79404737,지클릭커 레트로 M 레드 SPR 104K 무선 키보드 마우스 세트,43900,43900,43900,43900,43900,43900,43900,43900
56059229,지클릭커 레트로 M 레드 SPRK104 RGB 무선 키보드 무소음 마우스 세트 (RB1),34890,34890,34890,34890,34890,34890,34890,32450
57295067,지클릭커 레트로 M 레드 SPRK104 RGB 무선 키보드 무소음 마우스 세트 (RB2),57330,57330,57330,57330,57330,57330,57330,57330
61436396,지클릭커 레트로 PBT 키캡,17100,17100,17100,17100,17100,17100,17100,17100
68917781,지클릭커 레트로 레드 SPMK104 저소음 풀 윤활 기계식 키보드 마우스 세트 (RB1),64800,64800,64800,64800,64800,64800,64800,64800
69467168,지클릭커 레트로 레드 SPMK104 저소음 풀 윤활 기계식 키보드 마우스 세트 (RB2),64800,64800,64800,64800,64800,64800,64800,64800
68917436,지클릭커 레트로 레드 SPMK87 무선 블루투스 기계식 키보드 마우스 세트,81900,81900,81900,81900,81900,81900,81900,81900
68918207,지클릭커 레트로 레드 SPMK87 유선 기계식 키보드 마우스 세트,42000,42000,42000,42000,42000,42000,42000,42000
122684808,지클릭커 레트로M SPMK120 무선 키보드 마우스 세트,38300,38300,38300,38300,38300,38300,38300,38300
106734086,지클릭커 사일런스L WK110B 무선 (더스티 핑크),22400,22400,22400,22400,22400,22400,22400,22400
106734098,지클릭커 사일런스L WK110B 무선 (라벤더 퍼플),22400,22400,22400,22400,22400,22400,22400,22400
106734083,지클릭커 사일런스L WK110B 무선 (모크 블랙),22400,22400,22400,22400,22400,22400,22400,22400
106734092,지클릭커 사일런스L WK110B 무선 (바닐라 옐로우),22400,22400,22400,22400,22400,22400,22400,22400
106734095,지클릭커 사일런스L WK110B 무선 (샌드 베이지),22400,22400,22400,22400,22400,22400,22400,22400
106734074,지클릭커 사일런스L WK110B 무선 (올리브 그린),22400,22400,22400,22400,22400,22400,22400,22400
106734089,지클릭커 사일런스L WK110B 무선 (크레용 블루),22400,22400,22400,22400,22400,22400,22400,22400
106734080,지클릭커 사일런스L WK110B 무선 (크림 화이트),22400,22400,22400,22400,22400,22400,22400,22400
101071979,지클릭커 슈퍼히어로 G3 Plus 레인보우 LED 게이밍 104 (그린),14790,14790,14790,14790,14790,14790,14790,14790
9528444,지클릭커 슈퍼히어로 G3 Plus 레인보우 LED 게이밍 104 (블랙),14900,14900,14900,14900,14900,14900,14900,14900
101071988,지클릭커 슈퍼히어로 G3 Plus 레인보우 LED 게이밍 104 (블루),14790,14790,14790,14790,14790,14790,14790,14790
101071982,지클릭커 슈퍼히어로 G3 Plus 레인보우 LED 게이밍 104 (핑크),14900,14900,14900,14900,14900,14900,14900,14900
96366068,지클릭커 슈퍼히어로 G3 Plus 레인보우 LED 게이밍 104 (화이트),14900,14900,14900,14900,14840,14840,14840,14840
100623107,지클릭커 슈퍼히어로 G3 Plus 레인보우 LED 게이밍 87 (블랙),13500,13500,13500,13500,13500,13500,13500,13500
100623113,지클릭커 슈퍼히어로 G3 Plus 레인보우 LED 게이밍 87 (화이트),13300,13300,13300,13300,13500,13500,13500,13500
100382813,지클릭커 슈퍼히어로 GK-510X 87 기계식 블랙 (갈축),26800,26800,26800,26800,26800,26800,26800,26800
100382819,지클릭커 슈퍼히어로 GK-510X 87 기계식 블랙 (적축),26800,26800,26800,26800,26800,26800,26800,26800
100382810,지클릭커 슈퍼히어로 GK-510X 87 기계식 블랙 (청축),26800,26790,26790,26790,26790,26790,26790,26790
100382825,지클릭커 슈퍼히어로 GK-510X 87 기계식 화이트 (갈축),26800,26800,26800,26800,26800,26800,26800,26800
100382822,지클릭커 슈퍼히어로 GK-510X 87 기계식 화이트 (적축),26800,26800,26800,26800,26800,26800,26800,26800
100382828,지클릭커 슈퍼히어로 GK-510X 87 기계식 화이트 (청축),26800,26800,26800,26800,26800,26800,26800,26800
28391996,지클릭커 슈퍼히어로 GK-510X Special 블랙 (갈축),28260,28260,28260,28260,28500,28500,28500,28500
28391987,지클릭커 슈퍼히어로 GK-510X Special 블랙 (적축),28260,28260,28260,28260,28500,28500,28500,28500
28392017,지클릭커 슈퍼히어로 GK-510X Special 블랙 (청축),28500,28500,28500,28500,28500,28500,28500,28500
102914186,지클릭커 슈퍼히어로 GK-510X Special 스카이블루,28500,28500,28500,28500,28500,28500,28500,28500
96060629,지클릭커 슈퍼히어로 GK-510X Special 화이트 (갈축),28500,28500,28500,28500,28500,28500,28500,28500
96060614,지클릭커 슈퍼히어로 GK-510X Special 화이트 (적축),28260,28260,28260,28260,28500,28500,28500,28500
96060632,지클릭커 슈퍼히어로 GK-510X Special 화이트 (청축),28260,28260,28260,28260,28500,28500,28500,28500
97842719,지클릭커 슈퍼히어로 GK-580X 기계식 게이밍 블랙 (갈축),27400,27400,27400,27400,27400,27400,27400,27400
97778246,지클릭커 슈퍼히어로 GK-580X 기계식 게이밍 블랙 (적축),27400,27400,27400,27400,27400,27400,27400,27400
41499467,지클릭커 슈퍼히어로 GK-K530 기계식 블랙 (갈축),56300,56300,56300,56300,56300,56300,56300,56300
40896005,지클릭커 슈퍼히어로 GK-K530 기계식 블랙 (적축),38280,38280,38280,38280,38280,38280,38280,38280
72673604,지클릭커 슈퍼히어로 GMK-180 PLUS 키보드 마우스 세트,15900,15900,15900,15900,15900,15900,15900,15900
122622238,지클릭커 슈퍼히어로 GMK-200 키보드 마우스 세트 (그린),16900,16900,16900,16900,16900,16900,16900,16900
122618171,지클릭커 슈퍼히어로 GMK-200 키보드 마우스 세트 (스카이 블루),16900,16900,16900,16900,16900,16900,16900,16900
122618174,지클릭커 슈퍼히어로 GMK-200 키보드 마우스 세트 (핑크),16900,16900,16900,16900,16900,16900,16900,16900
93633848,지클릭커 슈퍼히어로 GMK-220 키보드 마우스 세트 with PAD (블랙),22450,22450,22450,22450,22450,22450,22450,22450
93633890,지클릭커 슈퍼히어로 GMK-220 키보드 마우스 세트 with PAD (화이트),22450,22450,22450,22450,22450,22450,22450,22450
7570486,지클릭커 슈퍼히어로 GMK-510X Special 키보드 마우스 세트 블랙 (갈축),34900,34900,34900,34900,34900,34900,34900,34900
31266968,지클릭커 슈퍼히어로 GMK-510X Special 키보드 마우스 세트 블랙 (적축),34900,34900,34900,34900,34900,34900,34900,34900
7514917,지클릭커 슈퍼히어로 GMK-510X Special 키보드 마우스 세트 블랙 (청축),34900,34900,34900,34900,34900,34900,34900,34900
31266785,지클릭커 슈퍼히어로 GMK-510X Special 키보드 마우스 세트 화이트 (갈축),34900,34900,34900,34900,34900,34900,34900,34900
31266977,지클릭커 슈퍼히어로 GMK-510X Special 키보드 마우스 세트 화이트 (적축),34900,34900,34900,34900,34900,34900,34900,34900
31266707,지클릭커 슈퍼히어로 GMK-510X Special 키보드 마우스 세트 화이트 (청축),34900,34900,34900,34900,34900,34900,34900,34900
79556006,지클릭커 슈퍼히어로 GMK-510X 기계식 키보드 마우스 장패드 세트 (블랙),34900,34900,33160,33160,33160,33160,33160,33160
79556009,지클릭커 슈퍼히어로 GMK-510X 기계식 키보드 마우스 장패드 세트 (화이트),59900,59900,59900,59900,59900,59900,59900,59900
101079557,지클릭커 슈퍼히어로 GNK321 Plus 넘버키패드 세트 (블랙),44200,44200,44200,44200,44200,44200,44200,44200
101079566,지클릭커 슈퍼히어로 GNK321 Plus 넘버키패드 세트 (화이트),44200,44200,44200,44200,44200,44200,44200,44200
101079638,지클릭커 슈퍼히어로 GNK521 기계식 넘버키패드 세트 블랙 (갈축),29900,29900,29900,29900,29900,29900,29900,29900
101079647,지클릭커 슈퍼히어로 GNK521 기계식 넘버키패드 세트 블랙 (적축),29900,29900,29900,29900,29900,29900,29900,29900
101079635,지클릭커 슈퍼히어로 GNK521 기계식 넘버키패드 세트 블랙 (청축),29900,29900,29900,29900,29900,29900,29900,29900
101079668,지클릭커 슈퍼히어로 GNK521 기계식 넘버키패드 세트 화이트 (갈축),29900,29900,29900,29900,29900,29900,29900,29900
101079662,지클릭커 슈퍼히어로 GNK521 기계식 넘버키패드 세트 화이트 (적축),29900,29900,29900,29900,29900,29900,29900,29900
101079674,지클릭커 슈퍼히어로 GNK521 기계식 넘버키패드 세트 화이트 (청축),29900,29900,29900,29900,29900,29900,29900,29900
90433784,지클릭커 슈퍼히어로 MK100 무선 기계식 (레트로 레드),73410,73410,73410,73410,73410,73410,73410,73410
90433793,지클릭커 슈퍼히어로 MK100 무선 기계식 (밀키 블루),73410,73410,73410,73410,73410,73410,73410,73410
90433757,지클릭커 슈퍼히어로 MK100 무선 기계식 (팝핑 블랙),73380,71660,73410,73410,73410,73410,73410,73410
37286006,지클릭커 슈퍼히어로 SPK100 저소음 무선 블루투스 기계식 (레트로 레드),37800,37800,37800,37800,37800,37800,37800,37800
36835325,지클릭커 슈퍼히어로 SPK100 저소음 무선 블루투스 기계식 (밀키 블루),37800,37800,37800,37800,37800,37800,37800,37800
37123991,지클릭커 슈퍼히어로 SPK100 저소음 무선 블루투스 기계식 (팝핑 블랙),37800,37800,37800,37800,37800,37800,37800,37800
60246998,지클릭커 슈퍼히어로 SPK104 유선 기계식 게이밍,49890,49890,49890,49890,49890,49890,49890,49890
68242163,지클릭커 슈퍼히어로 SPK104 컬러드 기계식 (그린),24400,24400,24400,24400,24400,24400,24400,24400
67848596,지클릭커 슈퍼히어로 SPK104 컬러드 기계식 (블랙),24400,24400,24400,24400,24400,24400,24400,24400
68242166,지클릭커 슈퍼히어로 SPK104 컬러드 기계식 (퍼플),24400,24400,24400,24400,24400,24400,24400,24400
68242169,지클릭커 슈퍼히어로 SPK104 컬러드 기계식 (화이트),24400,24400,24400,24400,24400,24400,24400,24400
98920052,지클릭커 슈퍼히어로 SPK110,16359,16359,18590,18590,18590,18590,18590,18590
98920118,지클릭커 슈퍼히어로 SPK110 With PAD,15890,15890,15890,15890,15890,15890,15890,15890
60246542,지클릭커 슈퍼히어로 SPK87 무선 블루투스 기계식,37800,37800,37800,37800,37800,37800,37800,37800
62641694,지클릭커 슈퍼히어로 SPK87 무선 블루투스 기계식 + 레트로 PBT 염료 승화 키캡 세트,87500,87500,87500,87500,87500,87500,87500,87500
60247103,지클릭커 슈퍼히어로 SPK87 유선 기계식 게이밍,29900,29900,29900,29900,29900,29900,29900,29900
63056525,지클릭커 슈퍼히어로 SPK87 유선 기계식 게이밍 + 레트로 PBT 염료 승화 키캡,69390,69390,69390,69390,69390,69390,69390,69390
72974510,지클릭커 슈퍼히어로 SPMK104 컬러드 기계식 키보드 마우스 세트 (그린),38900,38900,38900,38900,38900,38900,38900,38900
72974483,지클릭커 슈퍼히어로 SPMK104 컬러드 기계식 키보드 마우스 세트 (블랙),38900,38900,38900,38900,38900,38900,38900,38900
72974507,지클릭커 슈퍼히어로 SPMK104 컬러드 기계식 키보드 마우스 세트 (퍼플),38900,38900,38900,38900,38900,38900,38900,38900
72974504,지클릭커 슈퍼히어로 SPMK104 컬러드 기계식 키보드 마우스 세트 (화이트),38900,38900,38900,38900,38900,38900,38900,38900
101543234,지클릭커 슈퍼히어로 SPMK125 레트로 RGB 키보드 마우스 세트,28300,28300,28300,28300,28300,28300,28300,28300
101543252,지클릭커 슈퍼히어로 SPMK125 레트로 RGB 키보드 마우스 세트 with PAD,29800,29800,29800,29800,29800,29800,29800,29800
101543006,지클릭커 슈퍼히어로 SPMK130 레트로 RGB 키보드 마우스 세트,36800,36800,36800,36800,36800,36800,36800,36800
101543015,지클릭커 슈퍼히어로 SPMK130 레트로 RGB 키보드 마우스 세트 with PAD,38300,38300,38300,38300,38300,38300,38300,38300
108397850,지클릭커 슈퍼히어로 브이옵틱 V104 LED 기계식 PBT (그린라이트),54800,54800,54800,54800,54800,54800,54800,50960
108397856,지클릭커 슈퍼히어로 브이옵틱 V104 LED 기계식 PBT (문스톤그레이),54800,54800,54800,54800,54800,54800,54800,50960
108397859,지클릭커 슈퍼히어로 브이옵틱 V104 LED 기계식 PBT (화이트마린),54800,54800,54800,54800,54800,54800,54800,50960
108397802,지클릭커 슈퍼히어로 브이옵틱 V104 LED 기계식 글래스큐브 (그린라이트),59800,59800,59800,59800,59800,59800,59800,59800
108397811,지클릭커 슈퍼히어로 브이옵틱 V104 LED 기계식 글래스큐브 (문스톤그레이),59800,59800,59800,59800,59800,59800,59800,55610
108397808,지클릭커 슈퍼히어로 브이옵틱 V104 LED 기계식 글래스큐브 (화이트마린),59800,59800,59800,59800,59800,59800,59800,55610
31964663,지클릭커 슈퍼히어로 에어 GMK-220 키보드 마우스 세트 (블랙),17940,17940,17940,17940,17940,17940,17940,17940
36917810,지클릭커 슈퍼히어로 에어 GMK-220 키보드 마우스 세트 (화이트),17940,17940,17940,17940,17940,17940,17940,17940
101953226,"지클릭커 스윙키 WK101 유무선 수제윤활 기계식 머큐리 핑크 (보각보각, 45g)",88000,88000,88000,88000,88000,88000,88000,88000
101953223,"지클릭커 스윙키 WK101 유무선 수제윤활 기계식 머큐리 핑크 (보글보글, 37g)",88000,88000,88000,88000,88000,88000,88000,88000
101953229,"지클릭커 스윙키 WK101 유무선 수제윤활 기계식 크레용 옐로우 (보각보각, 45g)",88000,88000,88000,88000,88000,88000,88000,88000
101953232,"지클릭커 스윙키 WK101 유무선 수제윤활 기계식 크레용 옐로우 (보글보글, 37g)",88000,88000,88000,88000,88000,88000,88000,88000
108397907,지클릭커 실리콘 넘버키 손목받침대 (라이트그레이),5900,5900,5900,5900,5900,5900,5900,5900
108397916,지클릭커 실리콘 넘버키 손목받침대 (블랙),5900,5900,5900,5900,5900,5900,5900,5900
108397913,지클릭커 실리콘 넘버키 손목받침대 (챠콜그레이),5900,5900,5900,5900,5900,5900,5900,5900
108397904,지클릭커 실리콘 넘버키 손목받침대 (화이트),5900,5900,5900,5900,5900,5900,5900,5900
99914645,지클릭커 오피스 WMK55 움직이는 마카롱 무선 키보드 마우스 세트 (블랙),18800,18800,18800,18800,18800,18800,18800,18800
99914654,지클릭커 오피스 WMK55 움직이는 마카롱 무선 키보드 마우스 세트 (핑크),18800,18800,18800,18800,18800,18800,18800,18800
99914660,지클릭커 오피스 WMK55 움직이는 마카롱 무선 키보드 마우스 세트 (화이트),18800,18800,18800,18800,18800,18800,18800,18800
105966854,지클릭커 오피스프로 EMK210 무선 키보드 마우스 세트,55700,55700,55700,55700,55700,55700,55700,55700
124364004,지클릭커 오피스프로 FD66 (블랙),16900,16900,16900,16900,16900,16900,15800,
124364008,지클릭커 오피스프로 FD66 (샌드베이지),16900,16900,16900,16900,16900,16900,15800,
124364009,지클릭커 오피스프로 FD66 (올리브그린),16900,16900,16900,16900,16900,16900,15800,
124364010,지클릭커 오피스프로 FD66 (화이트),16900,16900,16900,16900,16900,16900,15800,
123807295,지클릭커 오피스프로 OPK515 키보드 무선 마우스 세트 (Coral),26270,26270,26270,26270,26270,26270,26270,26270
123807297,지클릭커 오피스프로 OPK515 키보드 무선 마우스 세트 (Greenwich),26270,26270,26270,26270,26270,26270,26270,26270
123807277,지클릭커 오피스프로 OPK515 키보드 무선 마우스 세트 (Gundam),26270,26270,26270,26270,26270,26270,26270,26270
123807282,지클릭커 오피스프로 OPK515 키보드 무선 마우스 세트 (Navy Blue),26270,26270,26270,26270,26270,26270,26270,26270
123807259,지클릭커 오피스프로 OPK515 키보드 무선 마우스 세트 (Poker Green),26270,26270,26270,26270,26270,26270,26270,26270
123807273,지클릭커 오피스프로 OPK515 키보드 무선 마우스 세트 (Retro),26270,26270,26270,26270,26270,26270,26270,26270
123807299,지클릭커 오피스프로 OPK515 키보드 무선 마우스 세트 (Sky City),26270,26270,26270,26270,26270,26270,26270,26270
123807279,지클릭커 오피스프로 OPK515 키보드 무선 마우스 세트 (Sky Pink),26270,26270,26270,26270,26270,26270,26270,26270
123807334,지클릭커 오피스프로 OPK515 키보드 무선 마우스 장패드 세트 (Coral),27220,27220,27220,27220,27220,27220,27220,27220
123807335,지클릭커 오피스프로 OPK515 키보드 무선 마우스 장패드 세트 (Greenwich),27220,27220,27220,27220,27220,27220,27220,27220
123807326,지클릭커 오피스프로 OPK515 키보드 무선 마우스 장패드 세트 (Gundam),27220,27220,27220,27220,27220,27220,27220,27220
123807331,지클릭커 오피스프로 OPK515 키보드 무선 마우스 장패드 세트 (Navy Blue),27220,27220,27220,27220,27220,27220,27220,27220
123807312,지클릭커 오피스프로 OPK515 키보드 무선 마우스 장패드 세트 (Poker Green),27220,27220,27220,27220,27220,27220,27220,27220
123807321,지클릭커 오피스프로 OPK515 키보드 무선 마우스 장패드 세트 (Retro),27220,27220,27220,27220,27220,27220,27220,27220
123807333,지클릭커 오피스프로 OPK515 키보드 무선 마우스 장패드 세트 (Sky City),27220,27220,27220,27220,27220,27220,27220,27220
123807329,지클릭커 오피스프로 OPK515 키보드 무선 마우스 장패드 세트 (Sky Pink),27220,27220,27220,27220,27220,27220,27220,27220
104963840,지클릭커 오피스프로 OPS515 사일런스 M 무소음 키보드 무선 마우스 세트 104 (Gundam),39900,39900,39900,39900,39900,39900,39900,39900
104963849,지클릭커 오피스프로 OPS515 사일런스 M 무소음 키보드 무선 마우스 세트 104 (Navy Blue),44200,44200,44200,44200,44200,44200,44200,44200
123804698,지클릭커 오피스프로 PK104 푸딩 (바닐라옐로우),22800,22800,22800,22800,22800,22800,22800,22800
123804695,지클릭커 오피스프로 PK104 푸딩 (샌드베이지),22800,22800,22800,22800,22800,22800,22800,22800
123804700,지클릭커 오피스프로 PK104 푸딩 (스카이블루),22800,22800,22800,22800,22800,22800,22800,22800
123804690,지클릭커 오피스프로 PK104 푸딩 (퓨어화이트),22800,22800,22800,22800,22800,22800,22800,22800
123804693,지클릭커 오피스프로 PK104 푸딩 (피치핑크),22800,22800,22800,22800,22800,22800,22800,22800
123804740,지클릭커 오피스프로 PWK104 푸딩 무선 (바닐라옐로우),29800,29800,29800,29800,29800,29800,29800,29800
123804737,지클릭커 오피스프로 PWK104 푸딩 무선 (샌드베이지),29800,29800,29800,29800,29800,29800,29800,29800
123804734,지클릭커 오피스프로 PWK104 푸딩 무선 (스카이블루),29800,29800,29800,29800,29800,29800,29800,29800
123804728,지클릭커 오피스프로 PWK104 푸딩 무선 (퓨어화이트),29800,29800,29800,29800,29800,29800,29800,29800
123804732,지클릭커 오피스프로 PWK104 푸딩 무선 (피치핑크),29800,29800,29800,29800,29800,29800,29800,29800
122643383,지클릭커 오피스프로 WK35 (그린),29800,29800,29800,29800,29800,29800,29800,29800
122643381,지클릭커 오피스프로 WK35 (블랙),29800,29800,29800,29800,29800,29800,29800,29800
122643389,지클릭커 오피스프로 WK35 (핑크),29800,29800,29800,29800,29800,29800,29800,29800
122643382,지클릭커 오피스프로 WK35 (화이트),29800,29800,29800,29800,29800,29800,29800,29800
104750540,지클릭커 오피스프로 WK80 사일런스L 블록 무선 100 (블랙 블록),26900,26900,26900,26900,26900,26900,26900,26900
104750534,지클릭커 오피스프로 WK80 사일런스L 블록 무선 100 (스톤 블록),26900,26900,26900,26900,26900,26900,26900,26900
104750528,지클릭커 오피스프로 WK80 사일런스L 블록 무선 100 (화이트 블록),26900,26900,26900,26900,26900,26900,26900,26900
104752721,지클릭커 오피스프로 WK80 사일런스L 블록 무선 84 (블랙 블록),26400,26400,26400,26400,26400,26400,26400,26400
104752724,지클릭커 오피스프로 WK80 사일런스L 블록 무선 84 (스톤 블록),26400,26400,26400,26400,26400,26400,26400,26400
104752727,지클릭커 오피스프로 WK80 사일런스L 블록 무선 84 (화이트 블록),26400,26400,26400,26400,26400,26400,26400,26400
122619182,지클릭커 오피스프로 WMK1100 무선 키보드 마우스 세트 (더스트 핑크),36800,36790,36790,36790,36790,36790,36790,36790
122619184,지클릭커 오피스프로 WMK1100 무선 키보드 마우스 세트 (라벤더 퍼플),36800,36790,36790,36790,36790,36790,36790,36790
122619185,지클릭커 오피스프로 WMK1100 무선 키보드 마우스 세트 (모크 블랙),36800,36790,36790,36790,36790,36790,36790,36790
122619187,지클릭커 오피스프로 WMK1100 무선 키보드 마우스 세트 (바닐라 옐로우),36800,36790,36790,36790,36790,36790,36790,36790
122619190,지클릭커 오피스프로 WMK1100 무선 키보드 마우스 세트 (샌드 베이지),36800,36790,36790,36790,36790,36790,36790,36790
122619193,지클릭커 오피스프로 WMK1100 무선 키보드 마우스 세트 (올리브 그린),36800,36790,36790,36790,36790,36790,36790,36790
122619194,지클릭커 오피스프로 WMK1100 무선 키보드 마우스 세트 (크레용 블루),36800,36790,36790,36790,36790,36790,36790,36790
122619195,지클릭커 오피스프로 WMK1100 무선 키보드 마우스 세트 (크림 화이트),36800,36790,36790,36790,36790,36790,36790,36790
104964419,지클릭커 오피스프로 WMK260 무선 키보드 마우스 세트 (블랙),45700,45700,45700,45700,45700,45700,45700,45700
104964422,지클릭커 오피스프로 WMK260 무선 키보드 마우스 세트 (화이트),45700,45700,45700,45700,45700,45700,45700,45700
105966767,지클릭커 오피스프로 WMK340 움직이는 마카롱 무선 키보드 마우스 세트 (그린),24800,24800,24800,24800,24800,24800,24800,24800
105966773,지클릭커 오피스프로 WMK340 움직이는 마카롱 무선 키보드 마우스 세트 (블랙),24800,24800,24800,24800,24800,24800,24800,24800
105966779,지클릭커 오피스프로 WMK340 움직이는 마카롱 무선 키보드 마우스 세트 (핑크),24800,24800,24800,24800,24800,24800,24800,24800
105966788,지클릭커 오피스프로 WMK340 움직이는 마카롱 무선 키보드 마우스 세트 (화이트),24800,24800,24800,24800,24800,24800,24800,24800
104905571,지클릭커 오피스프로 WMK529 사일런스 M 무소음 무선 키보드 마우스 세트 (Coral),39900,39900,39900,39900,39900,39900,39900,39900
104905223,지클릭커 오피스프로 WMK529 사일런스 M 무소음 무선 키보드 마우스 세트 (Greenwich),39900,39900,39900,39900,39900,39900,39900,39900
104906654,지클릭커 오피스프로 WMK529 사일런스 M 무소음 무선 키보드 마우스 세트 (Gundam),39900,39900,39900,39900,39900,39900,39900,39900
104906402,지클릭커 오피스프로 WMK529 사일런스 M 무소음 무선 키보드 마우스 세트 (Navy Blue),39900,39900,39900,39900,39900,39900,39900,39900
104907155,지클릭커 오피스프로 WMK529 사일런스 M 무소음 무선 키보드 마우스 세트 (Poker Green),39900,39900,39900,39900,39900,39900,39900,39900
104906891,지클릭커 오피스프로 WMK529 사일런스 M 무소음 무선 키보드 마우스 세트 (Retro),39900,39900,39900,39900,39900,39900,39900,39900
104905901,지클릭커 오피스프로 WMK529 사일런스 M 무소음 무선 키보드 마우스 세트 (Sky City),39900,39900,39900,39900,39900,39900,39900,39900
104906108,지클릭커 오피스프로 WMK529 사일런스 M 무소음 무선 키보드 마우스 세트 (Sky Pink),39900,39900,39900,39900,39900,39900,39900,39900
105966614,지클릭커 오피스프로 WMK529 사일런스 M 무소음 무선 키보드 마우스 세트 98키 포커 (블랙),38800,38800,38800,38800,38800,38800,38800,38800
105966620,지클릭커 오피스프로 WMK529 사일런스 M 무소음 무선 키보드 마우스 세트 98키 포커 (화이트),38800,38800,38800,38800,38800,38800,38800,38800
104964317,지클릭커 오피스프로 WMK560 LCD 사일런스M 무선 키보드 마우스 세트 98 (Coral),50800,50800,50800,50800,50800,50800,50800,50800
104964311,지클릭커 오피스프로 WMK560 LCD 사일런스M 무선 키보드 마우스 세트 98 (Greenwich),50800,50800,50800,50800,50800,50800,50800,50800
104964305,지클릭커 오피스프로 WMK560 LCD 사일런스M 무선 키보드 마우스 세트 98 (Gundam),50800,50800,50800,50800,50800,50800,50800,50800
104964326,지클릭커 오피스프로 WMK560 LCD 사일런스M 무선 키보드 마우스 세트 98 (Navy Blue),50800,50800,50800,50800,50800,50800,50800,50800
104964347,지클릭커 오피스프로 WMK560 LCD 사일런스M 무선 키보드 마우스 세트 98 (Poker Green),50800,50800,50800,50800,50800,50800,50800,50800
104964320,지클릭커 오피스프로 WMK560 LCD 사일런스M 무선 키보드 마우스 세트 98 (Sky City),50800,50800,50800,50800,50800,50800,50800,50800
104964335,지클릭커 오피스프로 WMK560 LCD 사일런스M 무선 키보드 마우스 세트 98 (Sky Pink),50800,50800,50800,50800,50800,50800,50800,50800
104964236,"지클릭커 오피스프로 WMK560 사일런스 M RGB 무소음 무선 키보드 마우스 세트 98 (Greenwich, RC1)",45700,45700,45700,45700,45700,45700,45700,45700
104964242,"지클릭커 오피스프로 WMK560 사일런스 M RGB 무소음 무선 키보드 마우스 세트 98 (Greenwich, RC2)",45700,45700,45700,45700,45700,45700,45700,45700
104964257,"지클릭커 오피스프로 WMK560 사일런스 M RGB 무소음 무선 키보드 마우스 세트 98 (Gundam, RC1)",45700,45700,45700,45700,45700,45700,45700,45700
104964263,"지클릭커 오피스프로 WMK560 사일런스 M RGB 무소음 무선 키보드 마우스 세트 98 (Gundam, RC2)",45700,45700,45700,45700,45700,45700,45700,45700
104964251,지클릭커 오피스프로 WMK560 사일런스 M RGB 무소음 무선 키보드 마우스 세트 98 (Navy Blue),45700,45700,45700,45700,45700,45700,45700,45700
104964230,"지클릭커 오피스프로 WMK560 사일런스 M RGB 무소음 무선 키보드 마우스 세트 98 (Pink, RC1)",45700,45700,45700,45700,45700,45700,45700,45700
104964233,"지클릭커 오피스프로 WMK560 사일런스 M RGB 무소음 무선 키보드 마우스 세트 98 (Pink, RC2)",45700,45700,45700,45700,45700,45700,45700,45700
104964275,지클릭커 오피스프로 WMK560 사일런스 M RGB 무소음 무선 키보드 마우스 세트 98 (Poker Green),45700,45700,45700,45700,45700,45700,45700,45700
104964266,지클릭커 오피스프로 WMK560 사일런스 M RGB 무소음 무선 키보드 마우스 세트 98 (Poker),45700,45700,45700,45700,45700,45700,45700,45700
104964245,"지클릭커 오피스프로 WMK560 사일런스 M RGB 무소음 무선 키보드 마우스 세트 98 (Sky City, RC1)",45700,45700,45700,45700,45700,45700,45700,45700
104964248,"지클릭커 오피스프로 WMK560 사일런스 M RGB 무소음 무선 키보드 마우스 세트 98 (Sky City, RC2)",45700,45700,45700,45700,45700,45700,45700,45700
104964254,지클릭커 오피스프로 WMK560 사일런스 M RGB 무소음 무선 키보드 마우스 세트 98 (Sky Pink),45700,45700,45700,45700,45700,45700,45700,45700
105966641,지클릭커 오피스프로 WMK560 사일런스 M 무소음 무선 키보드 마우스 세트 98키 포커 (블랙),45700,45700,45700,45700,45700,45700,45700,45700
105966653,지클릭커 오피스프로 WMK560 사일런스 M 무소음 무선 키보드 마우스 세트 98키 포커 (화이트),45700,45700,45700,45700,45700,45700,45700,45700
105966344,지클릭커 오피스프로 WMK625 스탠다드M 무선 키보드 마우스 세트 (그린),25300,25300,25300,25300,25300,25300,25300,25300
105966359,지클릭커 오피스프로 WMK625 스탠다드M 무선 키보드 마우스 세트 (바닐라옐로우),25300,25300,25300,25300,25300,25300,25300,25300
105966353,지클릭커 오피스프로 WMK625 스탠다드M 무선 키보드 마우스 세트 (블랙),25300,25300,25300,25300,25300,25300,25300,25300
105966356,지클릭커 오피스프로 WMK625 스탠다드M 무선 키보드 마우스 세트 (스카이블루),25300,25300,25300,25300,25300,25300,25300,25300
105966365,지클릭커 오피스프로 WMK625 스탠다드M 무선 키보드 마우스 세트 (핑크),25300,25300,25300,25300,25300,25300,25300,25300
105966371,지클릭커 오피스프로 WMK625 스탠다드M 무선 키보드 마우스 세트 (화이트),25300,25300,25300,25300,25300,25300,25300,25300
104963969,지클릭커 오피스프로 WMK629 스탠다드M 무선 키보드 마우스 세트 (그린),31800,31800,31800,31800,31800,31800,31800,31800
104963981,지클릭커 오피스프로 WMK629 스탠다드M 무선 키보드 마우스 세트 (바닐라옐로우),31800,31800,31800,31800,31800,31800,31800,31800
104963963,지클릭커 오피스프로 WMK629 스탠다드M 무선 키보드 마우스 세트 (블랙),31800,31800,31800,31800,31800,31800,31800,31800
104963978,지클릭커 오피스프로 WMK629 스탠다드M 무선 키보드 마우스 세트 (스카이블루),31800,31800,31800,31800,31800,31800,31800,31800
104963990,지클릭커 오피스프로 WMK629 스탠다드M 무선 키보드 마우스 세트 (핑크),31800,31800,31800,31800,31800,31800,31800,31800
104963987,지클릭커 오피스프로 WMK629 스탠다드M 무선 키보드 마우스 세트 (화이트),31800,31800,31800,31800,31800,31800,31800,31800
105966284,지클릭커 오피스프로 WMK630 스탠다드M 무선 키보드 마우스 세트 (그린),33800,33800,33800,33800,33800,33800,33800,33800
105966302,지클릭커 오피스프로 WMK630 스탠다드M 무선 키보드 마우스 세트 (바닐라옐로우),33800,33800,33800,33800,33800,33800,33800,33800
105966287,지클릭커 오피스프로 WMK630 스탠다드M 무선 키보드 마우스 세트 (블랙),33800,33800,33800,33800,33800,33800,33800,33800
105966308,지클릭커 오피스프로 WMK630 스탠다드M 무선 키보드 마우스 세트 (스카이블루),33800,33800,33800,33800,33800,33800,33800,33800
105966296,지클릭커 오피스프로 WMK630 스탠다드M 무선 키보드 마우스 세트 (핑크),33800,33800,33800,33800,33800,33800,33800,33800
105966293,지클릭커 오피스프로 WMK630 스탠다드M 무선 키보드 마우스 세트 (화이트),33800,33800,33800,33800,33800,33800,33800,33800
104964368,지클릭커 오피스프로 WMK660 스탠다드M 무선 키보드 마우스 세트 (그린),38700,38700,38700,38700,38700,38700,38700,38700
104964380,지클릭커 오피스프로 WMK660 스탠다드M 무선 키보드 마우스 세트 (바닐라옐로우),38700,38700,38700,38700,38700,38700,38700,38700
104964374,지클릭커 오피스프로 WMK660 스탠다드M 무선 키보드 마우스 세트 (블랙),38700,38700,38700,38700,38700,38700,38700,38700
104964377,지클릭커 오피스프로 WMK660 스탠다드M 무선 키보드 마우스 세트 (블루),38700,38700,38700,38700,38700,38700,38700,38700
104964365,지클릭커 오피스프로 WMK660 스탠다드M 무선 키보드 마우스 세트 (핑크),38700,38700,38700,38700,38700,38700,38700,38700
104964383,지클릭커 오피스프로 WMK660 스탠다드M 무선 키보드 마우스 세트 (화이트),38700,38700,38700,38700,38700,38700,38700,38700
104964056,지클릭커 오피스프로 WMK760 사일런스L 무선 키보드 마우스 세트 (그린),39600,39600,39600,39600,39600,39600,39600,39600
104964062,지클릭커 오피스프로 WMK760 사일런스L 무선 키보드 마우스 세트 (블랙),39600,39600,39600,39600,39600,39600,39600,39600
104964080,지클릭커 오피스프로 WMK760 사일런스L 무선 키보드 마우스 세트 (블루),39600,39600,39600,39600,39600,39600,39600,39600
104964068,지클릭커 오피스프로 WMK760 사일런스L 무선 키보드 마우스 세트 (핑크),39600,39600,39600,39600,39600,39600,39600,39600
104964071,지클릭커 오피스프로 WMK760 사일런스L 무선 키보드 마우스 세트 (화이트),39600,39600,39600,39600,39600,39600,39600,39600
105966929,지클릭커 오피스프로 WMK840 무선 키보드 마우스 세트 100키 (블랙 블록),49200,49200,49200,49200,49200,49200,49200,49200
105966932,지클릭커 오피스프로 WMK840 무선 키보드 마우스 세트 100키 (스톤 블록),49200,49200,49200,49200,49200,49200,49200,49200
105966923,지클릭커 오피스프로 WMK840 무선 키보드 마우스 세트 100키 (화이트 블록),49200,49200,49200,49200,49200,49200,49200,49200
105966887,지클릭커 오피스프로 WMK840 무선 키보드 마우스 세트 84키 (블랙 블록),48200,48200,48200,48200,48200,48200,48200,48200
105966890,지클릭커 오피스프로 WMK840 무선 키보드 마우스 세트 84키 (스톤 블록),48200,48200,48200,48200,48200,48200,48200,48200
105966896,지클릭커 오피스프로 WMK840 무선 키보드 마우스 세트 84키 (화이트 블록),48200,48200,48200,48200,48200,48200,48200,48200
104964032,지클릭커 오피스프로 WMK929B 무선 키보드 마우스 세트 (베이지),33800,33800,33800,33800,33800,33800,33800,33800
104964026,지클릭커 오피스프로 WMK929B 무선 키보드 마우스 세트 (블랙),33800,33800,33800,33800,33800,33800,33800,33800
122649649,지클릭커 오피스프로 WMK940 무선 키보드 마우스 세트 (베이지),37300,37300,37300,37300,37300,37300,37300,37300
122649645,지클릭커 오피스프로 WMK940 무선 키보드 마우스 세트 (블랙),37300,37300,37300,37300,37300,37300,37300,37300
108415907,지클릭커 오피스프로 WMK960B 무선 키보드 마우스 세트 (베이지),43800,43800,43800,43800,43800,43800,43800,43800
108415901,지클릭커 오피스프로 WMK960B 무선 키보드 마우스 세트 (블랙),43800,43800,43800,43800,43800,43800,43800,43800
123844871,지클릭커 오피스프로 WMS529 사일런스 M 무선 키보드 마우스 세트 (Coral),38826,38900,38900,38900,38900,38900,38900,38900
123844875,지클릭커 오피스프로 WMS529 사일런스 M 무선 키보드 마우스 세트 (Greenwich),38826,38900,38900,38900,38900,38900,38900,38900
123844881,지클릭커 오피스프로 WMS529 사일런스 M 무선 키보드 마우스 세트 (Gundam),38826,38900,38900,38900,38900,38900,38900,38900
123844874,지클릭커 오피스프로 WMS529 사일런스 M 무선 키보드 마우스 세트 (Navy Blue),38826,38900,38900,38900,38900,38900,38900,38900
123844882,지클릭커 오피스프로 WMS529 사일런스 M 무선 키보드 마우스 세트 (Poker Green),38826,38900,38900,38900,38900,38900,38900,38900
123844876,지클릭커 오피스프로 WMS529 사일런스 M 무선 키보드 마우스 세트 (Retro),38826,38900,38900,38900,38900,38900,38900,38900
123844884,지클릭커 오피스프로 WMS529 사일런스 M 무선 키보드 마우스 세트 (Sky City),38826,38900,38900,38900,38900,38900,38900,38900
123844878,지클릭커 오피스프로 WMS529 사일런스 M 무선 키보드 마우스 세트 (Sky Pink),38826,38900,38900,38900,38900,38900,38900,38900
123844894,지클릭커 오피스프로 WMS529 사일런스 M 무선 키보드 마우스 장패드 세트 (Coral),39900,39900,39900,39900,39900,39900,39900,39900
123844896,지클릭커 오피스프로 WMS529 사일런스 M 무선 키보드 마우스 장패드 세트 (Greenwich),39900,39900,39900,39900,39900,39900,39900,39900
123844901,지클릭커 오피스프로 WMS529 사일런스 M 무선 키보드 마우스 장패드 세트 (Gundam),39900,39900,39900,39900,39900,39900,39900,39900
123844898,지클릭커 오피스프로 WMS529 사일런스 M 무선 키보드 마우스 장패드 세트 (Navy Blue),39900,39900,39900,39900,39900,39900,39900,39900
123844903,지클릭커 오피스프로 WMS529 사일런스 M 무선 키보드 마우스 장패드 세트 (Poker Green),39900,39900,39900,39900,39900,39900,39900,39900
123844902,지클릭커 오피스프로 WMS529 사일런스 M 무선 키보드 마우스 장패드 세트 (Retro),39900,39900,39900,39900,39900,39900,39900,39900
123844904,지클릭커 오피스프로 WMS529 사일런스 M 무선 키보드 마우스 장패드 세트 (Sky City),38980,38980,38980,38980,38980,38980,38980,38980
123844900,지클릭커 오피스프로 WMS529 사일런스 M 무선 키보드 마우스 장패드 세트 (Sky Pink),39900,39900,39900,39900,39900,39900,39900,39900
103481237,지클릭커 오피스프로 뉴트로 EK700 유무선 기계식 (그린라이트),118000,118000,118000,118000,118000,118000,118000,118000
103481243,지클릭커 오피스프로 뉴트로 EK700 유무선 기계식 (네온블랙),118000,118000,118000,118000,118000,118000,118000,118000
103481240,지클릭커 오피스프로 뉴트로 EK700 유무선 기계식 (레트로그레이),118000,118000,118000,118000,118000,118000,118000,118000
103481249,지클릭커 오피스프로 뉴트로 EK700 유무선 기계식 (샌드옐로우블랙),118000,118000,118000,118000,118000,118000,118000,118000
102355397,지클릭커 오피스프로 에르고M EMK100 PLUS 무선 키보드 마우스 세트 (블랙),35800,35800,35800,35800,35800,35800,35800,35800
102355400,지클릭커 오피스프로 에르고M EMK100 PLUS 무선 키보드 마우스 세트 (화이트),35640,35660,35700,35700,35740,35740,35430,35430
122651349,지클릭커 올인원 키보드 청소키트 손목받침대 블랙 (60키),12900,12900,12900,12900,12900,12900,12900,12900
122651350,지클릭커 올인원 키보드 청소키트 손목받침대 블랙 (텐키리스),12900,12900,12900,12900,12900,12900,12900,12900
122651353,지클릭커 올인원 키보드 청소키트 손목받침대 블랙 (풀배열),14900,14900,14900,14900,14900,14900,14900,14900
122651357,지클릭커 올인원 키보드 청소키트 손목받침대 화이트 (60키),12900,12900,12900,12900,12900,12900,12900,12900
122651358,지클릭커 올인원 키보드 청소키트 손목받침대 화이트 (텐키리스),12900,12900,12900,12900,12900,12900,12900,12900
122651360,지클릭커 올인원 키보드 청소키트 손목받침대 화이트 (풀배열),14900,14900,14900,14900,14900,14900,14900,14900
53520386,지클릭커 윙 코튼 키보드 쿠션 손목 받침대 (그레이),6400,6400,6400,6400,6400,6400,6400,6400
53520383,지클릭커 윙 코튼 키보드 쿠션 손목 받침대 (그린),6400,6400,6400,6400,6400,6400,6400,6400
53520380,지클릭커 윙 코튼 키보드 쿠션 손목 받침대 (핑크),6400,6400,6400,6400,6400,6400,6400,6400
53520374,지클릭커 윙 코튼 키보드 쿠션 손목 받침대 (화이트),14900,14900,14900,14900,14900,14900,14900,14900
103481393,지클릭커 인체공학 팜레스트 키보드 손목받침대 (텐키리스),7400,7400,7400,7400,7400,7400,7400,7400
103481378,지클릭커 인체공학 팜레스트 키보드 손목받침대 (풀배열),7400,7400,7400,7400,7400,7400,7400,7400
122694136,지클릭커 제주 키캡 마우스패드 세트 (그린라이트),49800,49800,49800,49800,49800,49800,49800,49800
122694163,지클릭커 제주 키캡 마우스패드 세트 (화이트마린),49800,49800,49800,49800,49800,49800,49800,49800
35223182,지클릭커 클라우드 코튼 팜레스트 키보드 쿠션 손목 받침대 (눈설탕),5300,5300,5300,5300,5300,5300,5300,5300
35223056,지클릭커 클라우드 코튼 팜레스트 키보드 쿠션 손목 받침대 (시나몬),5300,5300,5300,5300,5300,5300,5300,5300
76332161,지티기어 텐키리스 실리콘 팜레스트,17250,17250,17250,17250,17250,17250,17250,17250
76332152,지티기어 풀배열 실리콘 팜레스트,17100,17100,17100,17100,17100,17100,17100,17100
651402,지피전자 QSENN GP-K5000 PS2 (블랙),43000,43000,43000,43000,43000,43000,43000,43000
1057232,지피전자 QSENN SEM-DT35 PS2 (블랙),23990,23990,23990,23990,23990,23990,23990,23990
926292,지피전자 QSENN SEM-DT35 USB (블랙),12400,12400,12400,12400,12400,12400,12400,12400
2012407,지피전자 QSENN 오렌지 키캡,570,570,570,570,570,570,570,570
14892368,청맥전자 FOR LG LGC-K1000B (블랙),12800,12800,12800,12800,12800,12800,12800,12800
5166675,청맥전자 For LG GK-3000,12500,12500,12500,12500,12500,12500,12500,12500
4709368,청맥전자 For LG K-2000,12800,12800,12800,12800,12800,12800,12800,12800
4709356,청맥전자 For LG K-2000 PS2,12500,12500,12500,12500,12500,12500,12500,12500
10552644,청맥전자 For LG LGC-MKS100 with PAD 장패드 세트,17900,17900,17900,17900,17900,17900,17900,17900
7234066,청맥전자 For LG LGC-MKS6000 무선 키보드 마우스 세트,25800,25800,25800,25800,25800,25800,25800,25800
7234342,청맥전자 For LG LGC-MKS7000 무선 키보드 마우스 세트,30060,30150,30170,30270,30290,30390,30410,30490
7234606,청맥전자 For LG LGC-MKS8000 무선 키보드 마우스 세트 (블랙),34900,34900,34900,34900,34900,34900,34900,34900
7234633,청맥전자 For LG LGC-MKS8000 무선 키보드 마우스 세트 (화이트),34420,34420,34420,34420,34420,34420,34420,34420
4977704,청맥전자 For LG MKS-3000 (블랙),34900,34900,34900,34900,34900,34900,34900,34900
3755212,청맥전자 For LG 무선 Nano 2.4GHz MKS-2000 SET,28000,28000,28000,28000,28000,28000,28000,28000
19743611,청맥전자 지큐 ZSB-1000 무선 키보드 마우스 세트 (블랙),101780,101780,101780,101780,101780,104040,101780,101780
20119253,청연MnS naVee NV142-KB15U,7890,7890,7890,7890,7900,7900,7900,7900
19662158,청연MnS naVee NV143-RKB10U (블랙),9900,9900,9900,9900,9900,9900,9900,9900
19662170,청연MnS naVee NV143-RKB10U (화이트),9900,9900,9900,9900,9900,9900,9900,9900
28953797,청연MnS naVee NV154-RKMUS10 키보드 마우스 세트 (블랙),18800,18800,18800,18800,18800,18800,18800,18800
28953803,청연MnS naVee NV154-RKMUS10 키보드 마우스 세트 (화이트),18800,18800,18800,18800,18800,18800,18800,18800
21497378,청연MnS naVee NV27-KBMS15U 키보드 마우스 세트,9900,9900,9860,9860,9900,9900,9900,9900
116768057,카넥스 접이식 휴대용 블루투스 키보드,48990,48990,48990,48990,48990,46080,46080,46080
54102089,카멜마운트 KT19 키보드 트레이,44000,44000,44000,44000,44000,44000,44000,44000
78716426,카멜마운트 KT2T,89350,89350,89350,89350,89350,89350,89350,86520
71156864,카카오프렌즈 CS 메모리폼 키보드 손목패드 뭉게구름 춘식이,15640,15640,15640,15010,15010,15010,15010,15010
92190431,카카오프렌즈 CS 메모리폼 키보드 손목패드 뭉게구름 춘식이 세트,24890,24890,24890,24660,24660,24660,24660,24660
69867923,카카오프렌즈 CS 메모리폼 키보드 손목패드 열공 춘식이,15800,15800,15010,15010,15010,15010,15010,15010
64269092,카카오프렌즈 열공 춘식이 무선,24740,24740,24740,24740,24740,24740,24748,24748
29654774,커스텀 툴 스위치 풀러 키캡리무버 세트,37040,37760,37760,37760,37760,37760,37760,37760
78101504,컴튜 Hazeltine 1500 포인트 키캡,8800,8800,8800,8800,8800,8800,8800,8800
78101480,컴튜 IBM 5150 포인트 키캡,8800,8800,8800,8800,8800,8800,8800,8800
78237938,컴튜 게임보이 포인트 키캡,8800,8800,8800,8800,8800,8800,8800,8800
78101102,컴튜 러블리펫 키보드 손목 받침대 (웰시 코기),9900,9900,9900,9900,9900,9900,9900,9900
78101078,컴튜 러블리펫 키보드 손목 받침대 (푸들),9900,9900,9900,9900,9900,9900,9900,9900
78238034,컴튜 레트로 게임패드 스페이스바 포인트 키캡,8900,8900,8900,8900,8900,8900,8900,8900
78237884,컴튜 매킨토시 포인트 키캡,12900,12900,12900,12900,12900,12900,12900,12900
78101384,컴튜 반투명 유령 포인트 키캡 (고스트킹),7900,7900,7900,7900,7900,7900,7900,7900
78101351,컴튜 반투명 유령 포인트 키캡 (다소곳 유령),7900,7900,7900,7900,7900,7900,7900,7900
78101327,컴튜 반투명 유령 포인트 키캡 (대머리 유령),7900,7900,7900,7900,7900,7900,7900,7900
78101363,컴튜 반투명 유령 포인트 키캡 (사나운 유령),7900,7900,7900,7900,7900,7900,7900,7900
78101375,컴튜 반투명 유령 포인트 키캡 (애교쟁이 유령),7900,7900,7900,7900,7900,7900,7900,7900
77965835,컴튜 애플 레트로 키캡 XDA PBT 127키,14800,14800,14800,14800,14800,14800,14800,14800
77965979,컴튜 치즈 포인트 키캡 (R3),4500,4500,4500,4500,4500,4490,4490,4490
77965988,컴튜 치즈 포인트 키캡 (R4),4500,4500,4500,4500,4500,4500,4500,4500
77966081,컴튜 컴튜 한글 투명 크리스탈 키캡 CBSA 132키,13900,13900,13900,13900,13900,13900,13900,13900
78237815,컴튜 파스텔 고양이 4in1 포인트 키캡,7900,7900,7900,7900,7900,7900,7900,7900
56140700,컴튜 허니콤 젤리 손목받침대 세트,9900,9900,9900,9900,9900,9900,9900,9900
41091245,컴튜 호두나무 원목 팜레스트,12500,12500,12500,12500,12500,12500,12500,12500
5839961,켄싱턴 K52798WW,31390,31390,31390,31390,31390,31390,31390,31390
5839983,켄싱턴 K52799WW,39435,39435,39435,39435,39435,39435,32830,32830
5840016,켄싱턴 K52801WW,40990,40990,40990,40990,40990,40990,40990,40990
5839929,켄싱턴 K62397AM,25510,25510,25520,25520,25530,25530,25540,25540
5839898,켄싱턴 K62682US,27580,27580,27580,27580,27580,27580,27320,27320
5134263,코시 CKS02G 만능 키스킨 (1개),5547,5547,6303,6303,6303,6303,6303,6303
1508342,코시 KB1079BT (시저블루투스 키보드),14300,14300,13690,14300,,,,
2731293,코시 KB1210,9900,9900,9900,9900,9900,9900,9900,9900
3308578,코시 KB1352BT,17900,17900,17900,17900,17900,17900,17900,17900
6427079,코시 KB1405CSBT 멀티 스탠드 블루투스 키보드,13800,13800,13210,13210,13800,15640,13800,13800
14820725,코시 KB2062WL 토니 무선 키보드,20530,20530,20530,20530,20530,20530,20530,20530
14329751,코시 KB2067BT,19090,19090,19090,19090,19090,19090,19090,19090
18509540,코시 KB2157BT 블루투스,17810,17810,17810,17810,17810,17810,17810,17810
30350192,코시 KB2174,14000,14000,14000,14000,14000,14000,14000,14000
92187020,코시 KB2246WLBT 무선,50680,50680,50680,50680,50680,50680,50380,50380
62175599,코시 KB2250BT 무선,17660,17730,17590,17700,17720,17600,17620,17720
62175581,코시 KB2251BT 무선,17890,17890,17890,17890,17890,17890,17890,17890
4886112,코시 KB3107BT,42000,42000,42000,42000,42000,42000,42000,42000
5663886,코시 KB3191BT,45000,45000,45000,45000,45000,45000,45000,45000
6692491,코시 KB3254BT 스마트 실버 블루투스 키보드,19050,19050,19050,19050,21490,19050,19050,19050
6493979,코시 KB3288BT,31500,31500,31500,31500,31500,31500,31500,31500
14825567,코시 KB3295WL 코코 레트로 무선 키보드 (핑크),19800,19800,19800,19800,19800,19800,19800,19800
13901021,코시 KB3362WL 네오 무선 키보드,28000,28000,,,,,,
14751656,코시 KB3372 레트로 카이,11300,11300,11300,11300,11300,11300,11300,11300
14836886,코시 KB3486BT 플로 접이식 블루투스 키보드,38500,38500,38500,38500,38500,38500,38500,38500
14750516,코시 KB4001BT,18900,18900,18900,18900,18900,18900,18900,18900
18725162,코시 KB4058WL 무선,25500,25500,25500,25500,25500,25500,25500,25500
18724991,코시 KB4074,16500,16500,16500,16500,16500,16500,16500,16500
62175563,코시 KB4121BT 무선,18320,18320,18320,18320,18320,18320,18330,18330
72912545,코시 KBM2258WL 무선 키보드 마우스 세트,41200,41200,41210,41210,41220,41220,41230,41230
74053913,코시 KBM2263BT 무선 키보드 마우스 세트,30770,30850,30910,31020,31040,31140,31260,28800
14823899,코시 KBM3409WL 파스텔 무선 키보드 마우스 세트 (민트),17570,17570,17570,17570,17570,17570,17570,17570
14823872,코시 KBM3409WL 파스텔 무선 키보드 마우스 세트 (핑크),17570,17570,17570,17570,17570,17570,17570,17570
11695916,코시 KBM3474WL 버티컬 무선 세트,40800,40800,40800,40800,40800,40800,40800,40800
74053862,코시 KBM4131BT 무선 키보드 마우스 세트,26900,26900,26900,26900,26900,26900,26900,26900
4330334,코시 KP1364WL 모던 무선,18990,18990,18910,18910,18910,18910,18910,18910
14826149,코시 KP2087 모리 키패드,15300,15300,15690,14910,14910,14910,14910,14910
32862494,코시 KP2229WL 무선,18780,18780,18780,18780,18780,18780,18780,18780
7188745,코시 KP3269BT 보노 블루투스 키패드,20500,20500,20500,20420,20420,20420,20420,20420
30621305,코시 KP4097WL 무선,18500,18500,18500,18500,18500,18500,18500,18500
17303021,코시 ST1412 키보드 트레이,157350,143130,140660,143120,143120,143120,143120,143120
5892571,코시 WP3094 비즈 키보드 손목받침대,23598,23598,21240,22420,22420,22420,22420,22420
46102379,쿠슝 구름 키보드 손목받침대,9900,9900,9900,9900,9900,9900,9900,9900
60170873,쿠슝 키보드 손목받침대 (L),17900,17900,17900,17900,17900,17900,17900,17900
60170864,쿠슝 키보드 손목받침대 (M),19900,19900,19900,19900,19900,19900,19900,19900
60170852,쿠슝 키보드 손목받침대 (S),13900,13900,13900,13900,13900,13900,13900,13900
20698793,쿠팡 홈플래닛 AK10,39360,43340,43340,43340,43340,43340,44330,44330
54812501,쿠팡 홈플래닛 무선 키보드 마우스 세트,19100,19100,19100,19100,19100,19100,19100,19100
28059362,쿨러마스터 CK570 Street Fighter 6 Chun-Li 기계식,95670,95670,95670,95670,95670,95670,95670,95670
6032018,쿨러마스터 MASTERKEYS MECHANICAL KEYCAP,34560,34560,34560,34560,34560,34560,34560,34560
4120535,쿨러마스터 MasterKeys RGB PRO L (청축),91610,91610,91610,91610,91610,91610,91610,91610
14208638,쿨러마스터 Wrist Rest WR531 풀사이즈 손목받침대,11720,11720,11720,11720,11720,11720,11720,11720
71643068,크로셀 C-Flip Grade 무선,39800,39800,39800,39800,39800,39800,39800,39800
122667963,크로셀 C-Flip Gravel 무선,51750,,,,,,,
58911248,크로셀 C-Flip Hybrid Touch 무선 (다크 그레이),54800,54800,54800,54800,54800,54800,54800,54800
102490862,크로셀 C-Flip Indigo 무선,42800,42800,42800,42800,42800,42800,42800,42800
27766424,크로셀 C-Flip Pocket 무선 (그린),47800,,,,,,,
27766409,크로셀 C-Flip Pocket 무선 (핑크),47800,,,,,,,
94634453,크로셀 C-Flip Pure 무선 (핑크),52800,52800,52800,52800,52800,52800,52800,52800
94634468,크로셀 C-Flip Pure 무선 (화이트),52800,52800,52800,52800,52800,52800,52800,52800
71642714,크로셀 C-Flip Retro 무선,37800,40920,41990,40920,40920,40920,40920,40920
31372856,크로셀 C-Flip Sense Touch 블루투스,44300,44300,44300,44300,44300,44300,44300,44300
75854339,크로셀 C-Flip Value 무선,25800,25800,25800,25800,25800,25800,25800,25800
98484491,키네틱스 Hertz 87 유무선 기계식 루나 그레이 (젤리 바나나축),198000,198000,198000,198000,198000,198000,198000,198000
62175347,키밍 KM5017-347 104 키캡,11530,11530,11730,11730,11730,11730,11730,11730
17346329,키보드코리아 R4000FT 무선 트랙볼 키보드,45790,45790,45790,45790,45790,45790,45790,45790
31372508,키보드코리아 R4000UT,38990,38990,38990,38990,38990,38990,38990,38990
12046337,키보드코리아 RBK-107U (PS/2),26990,26990,26990,26990,26990,26990,26990,26990
12046268,키보드코리아 RBK-107U (USB),27000,27000,27000,27000,27000,27000,27000,27000
844615,키보드코리아 RBK-207UT,37900,37900,37900,37900,37900,37900,37900,37900
77790743,키보드코리아 RBK-307FT 무선,49290,49290,49290,48970,49070,49190,49210,49290
1613029,키보드코리아 RBK-307UT,38050,38050,38050,38050,38050,38050,38050,38050
1613039,키보드코리아 RBK-308UT,41140,41140,41140,41140,41140,41140,41140,41140
10325415,키보드코리아 RBK-380FT,47800,47800,47800,47800,47800,47800,47800,47800
77790602,키보드코리아 RBK-8000PT,53280,53280,53280,53280,53280,53280,53280,53280
3522379,키보드코리아 RBK-8000UT,45560,45560,45560,45560,45560,45560,45560,45560
92186954,키보드코리아 RBK-8100PT,47700,47700,47700,47600,47600,47600,47600,47600
3522390,키보드코리아 RBK-8100UT,45190,45190,45190,45190,45190,45190,45190,45190
77791052,키보드코리아 RBK-8695PT,55590,55590,55590,55590,55590,55590,55590,55590
49997873,키보드코리아 RBK-8695UT,46970,46970,46970,46970,46970,46970,46970,46970
77790929,키보드코리아 RBK-8696PT,51840,51840,51840,51840,51840,51840,51840,51840
77791040,키보드코리아 RBK-8696UT,49260,49260,49260,49260,49260,49260,49260,49260
2475761,키보드코리아 RT-R4000UT,43490,43490,43490,43490,43490,43490,43490,43490
32062289,타이두 K850,186470,186470,186470,186470,186470,186470,186470,186470
11395677,"타이폰 Mars Pro VESTA 기계식 키보드 영문 (블랙, 갈축)",167010,167010,167010,167010,167010,167010,167010,167010
11395701,"타이폰 Mars Pro VESTA 기계식 키보드 영문 (블랙, 은축)",172160,172160,172160,172160,172160,172160,172160,172160
11395740,"타이폰 Mars Pro VESTA 기계식 키보드 영문 (화이트, 저소음 적축)",196480,198570,199020,198570,198570,196464,196464,196464
11395737,"타이폰 Mars Pro VESTA 기계식 키보드 영문 (화이트, 적축)",172160,172160,172160,172160,172160,172160,172160,172160
11395755,"타이폰 Mars Pro VESTA 기계식 키보드 영문 (화이트, 흑축)",167010,167010,167010,167010,167010,167010,167010,167010
11395608,"타이폰 Mars Pro VESTA 기계식 키보드 한글 (블랙, 은축)",173960,173960,173960,173960,173960,173960,173960,173960
11395614,"타이폰 Mars Pro VESTA 기계식 키보드 한글 (블랙, 흑축)",167010,167010,167010,167010,167010,167010,167010,167010
11395659,"타이폰 Mars Pro VESTA 기계식 키보드 한글 (화이트, 흑축)",167010,167010,167010,167010,167010,167010,167010,167010
12309506,"타이폰 Mars Pro mk3 기계식 키보드 영문 (브라운, 청축)",164950,164950,164950,164950,164950,164950,164950,164950
106763117,터틀비치 VULCAN II 게이밍 기계식,198990,198990,198990,198990,198990,198990,198990,198990
106763090,터틀비치 VULCAN TKL,89000,89000,154000,154000,154000,154000,154000,154000
28511231,터틀비치 아크릴 키보드 덮개 청소세트,29400,29400,29400,29400,29400,29400,29400,29400
78609515,텐코 FM-WMK1000 무선 키보드 마우스 세트,61760,61760,61760,61760,61760,61760,61760,61760
7992607,투비네트웍스글로벌 GTGear 만능 키스킨,2500,2500,2500,2500,2500,2500,2500,2500
11306748,투비네트웍스글로벌 GTGear 만능 키스킨 미니,2900,2900,2900,2900,2900,2900,2900,2900
9704979,투비네트웍스글로벌 GTGear 만능 키스킨 텐키리스,2900,2900,2900,2900,2900,2900,2900,2900
7992718,투비네트웍스글로벌 GTGear 인핸스먼트 오링,9130,9130,9130,9130,9130,9130,9130,9130
10093056,투비네트웍스글로벌 GTGear 커세어 K68 전용 키스킨,1070,1070,1070,1070,1070,1070,1070,1070
79472687,티테크놀로지 청소 브러쉬,440,440,440,440,440,440,440,440
79476080,티테크놀로지 키캡 리무버,490,490,490,490,490,490,490,490
68778605,팬웨스트 BK384 무선,19800,19800,19800,19800,19800,19800,19800,19800
35814677,팬웨스트 GK45 KTL,16000,16000,16000,16000,16000,16000,16000,16000
107991818,팬웨스트 PAN-BTK287 무선,45100,45100,45100,45100,45100,45100,45100,45100
42286931,팬웨스트 RMK380mini 무선,45700,45700,45700,45700,45700,45700,45700,45700
15669416,팬톤 PTKM-01 무선 키보드 마우스 세트 (화이트),30720,30720,30720,30720,30720,30720,30720,30720
20079122,팬톤 PTMPK-01 무선,5000000,5000000,5000000,5000000,5000000,5000000,5000000,5000000
55452740,펀디안 PV-K02 무선,131780,131780,131780,131780,131780,131780,131780,131780
2756911,펠로우즈 I-Spire Rocking 손목받침대,15280,15280,15280,15280,15280,15280,15280,15280
14822504,펠로우즈 레더렛 메모리폼 손목받침대,18690,18690,18216,18690,18690,18690,18690,18430
122702169,펠로우즈 브레이타 컴팩트 키보드 손목받침대 (그레이),12690,12690,12690,12690,12690,12690,12690,12690
122702168,펠로우즈 브레이타 컴팩트 키보드 손목받침대 (마린),12130,12260,12260,12260,12250,12240,12240,12240
122702171,펠로우즈 브레이타 컴팩트 키보드 손목받침대 (블랙),12130,12260,12260,12260,12260,12240,12240,12240
122702165,펠로우즈 브레이타 컴팩트 키보드 손목받침대 (샌드),12360,12360,12360,12360,12360,12360,12360,12360
122702167,펠로우즈 브레이타 컴팩트 키보드 손목받침대 (세이지),11350,11470,11470,11470,11470,11470,11470,11470
927687,펠로우즈 젤 손목받침대,15210,15210,14740,14740,14740,14740,14740,15510
444315,펠로우즈 크리스탈 젤 손목받침대,9196,9196,10450,10450,10450,10450,10450,10450
5706845,펠로우즈 플러쉬터치 손목받침대,13250,13250,13250,13250,13250,13250,13120,13120
16225271,포유디지탈 iMUZ IK-106U,13720,13720,13720,13720,13450,13450,13450,13450
122626783,포트리스 플레이기어 PBT 한글 더블샷 키캡 108키 (그레이 블랙),14900,14900,14900,14900,14900,14900,14900,14900
122626785,포트리스 플레이기어 PBT 한글 더블샷 키캡 108키 (마젠타 화이트),14900,14900,14900,14900,14900,14900,14900,14900
18668159,포트리스 플레이기어 PK106 silent 무선 키보드 마우스 세트,24900,24900,24900,24900,24900,24900,24900,24900
65365496,포트리스 플레이기어 PK201,17690,17690,17690,17690,17690,17690,17690,17690
29858222,포트리스 플레이기어 PK402 무선 (그레이),40170,40170,40170,40170,40170,40160,40200,38850
42941396,포트리스 플레이기어 PK402 무선 (화이트),76230,76230,64800,66240,66240,66240,66240,66240
72305744,포트리스 플레이기어 PK904 카발리,69000,69000,69000,69000,69000,69000,69000,69000
54811679,포트리스 플레이기어 PKM201 키보드 마우스 세트,24890,24890,24890,24890,24890,24890,24890,24890
42862481,포트리스 플레이기어 PKM402 무선 키보드 마우스 세트 (그레이),36290,36290,36290,36290,36290,36290,36290,36290
42862499,포트리스 플레이기어 PKM402 무선 키보드 마우스 세트 (화이트),36290,36290,36290,36290,36290,36290,36290,36290
123668043,포팩트 ACT107 유무선 기식 말차 크림 (저소음 바다소금축),69500,69500,69500,69500,69500,69500,69500,69500
123668040,포팩트 ACT107 유무선 기식 말차 크림 (클리어축),64500,64500,64500,64500,64500,64500,64500,64500
123668052,포팩트 ACT107 유무선 기식 스트로베리 밀크 (저소음 바다소금축),69500,69500,69500,69500,69500,69500,69500,69500
123668050,포팩트 ACT107 유무선 기식 스트로베리 밀크 (클리어축),64500,64500,64500,64500,64500,64500,64500,64500
123668048,포팩트 ACT107 유무선 기식 치즈 버터 (저소음 바다소금축),69500,69500,69500,69500,69500,69500,69500,69500
123668046,포팩트 ACT107 유무선 기식 치즈 버터 (클리어축),64500,64500,64500,64500,64500,64500,64500,64500
76789703,포팩트 ACT99 유무선 기계식 (저소음 라임축),73500,73500,73500,72530,72530,72530,73500,70680
75991418,포팩트 ACT99 유무선 기계식 (저소음 피치축),73500,73500,73500,72530,72530,72530,73500,70680
98185193,포팩트 QN108 (블루베리),24500,24500,24500,24500,24500,24500,24500,24500
98185205,포팩트 QN108 (스트로베리 밀크),24500,24500,24500,24500,24500,24500,24500,24500
98185208,포팩트 QN108 (화이트),24500,24500,24500,24500,24500,24500,24500,24500
17563298,퓨전에프앤씨 INOTE 96208 무선 키보드 마우스 세트,38310,38310,38310,37900,37900,37900,37900,37900
55338092,퓨전에프앤씨 INOTE BPKM30 펭수 무선 키보드 마우스 세트,29800,29800,29800,29800,29800,29800,29800,29800
14543201,퓨전에프앤씨 INOTE K608RB 멀티 커넥트 키보드 (블랙),29800,29800,29800,29800,29800,29800,29800,27800
14543231,퓨전에프앤씨 INOTE K608RB 멀티 커넥트 키보드 (화이트),29800,29800,29745,29800,29800,29800,29800,27800
103517501,퓨전에프앤씨 INOTE K70RB 무선,24800,24800,24800,24800,24800,24800,24800,24800
20323094,퓨전에프앤씨 INOTE KC40RB 무선 블루투스 (파스텔 그린),39410,39410,39410,39410,39410,39410,39410,39410
20323103,퓨전에프앤씨 INOTE KC40RB 무선 블루투스 (파스텔 블루),29800,29800,29800,29800,29800,29800,29800,29800
19161107,퓨전에프앤씨 INOTE KM680RB 무선 키보드 마우스 세트 (블랙),39920,39920,42010,42010,42010,42010,42010,42010
19167788,퓨전에프앤씨 INOTE KM680RB 무선 키보드 마우스 세트 (화이트),39920,39920,42010,42010,42010,42010,42010,42010
122716147,퓨전에프앤씨 INOTE KM70RB 무선 키보드 마우스 세트 (블랙),34800,34800,34800,34800,34800,34800,34800,34800
122716151,퓨전에프앤씨 INOTE KM70RB 무선 키보드 마우스 세트 (화이트),34800,34800,34800,34800,34800,34800,34800,34800
18501179,퓨전에프앤씨 INOTE KM730R 무선 키보드 마우스 세트 (블랙),17790,17790,17790,17790,17790,17790,17790,17790
28650491,퓨전에프앤씨 INOTE KM730R 무선 키보드 마우스 세트 (블루),17800,17800,17800,17800,17800,17800,17800,17800
28650497,퓨전에프앤씨 INOTE KM730R 무선 키보드 마우스 세트 (퍼플),17800,17800,17800,17800,17800,17800,17800,17800
18501188,퓨전에프앤씨 INOTE KM730R 무선 키보드 마우스 세트 (화이트),17800,17800,17800,17800,17800,17800,17800,17800
70529156,퓨전에프앤씨 INOTE KM780RB 무선 키보드 마우스 세트 (블랙),35900,35900,35900,35900,35900,35900,35900,35900
96369170,퓨전에프앤씨 INOTE KM780RB 무선 키보드 마우스 세트 (화이트),35900,35900,35900,35900,35900,35900,35900,35900
33993878,퓨전에프앤씨 INOTE KM830R 무선 키보드 마우스 세트 (블랙),17800,17800,17800,17800,17800,17800,17800,17800
33993884,퓨전에프앤씨 INOTE KM830R 무선 키보드 마우스 세트 (화이트),17800,17800,17800,17800,17800,17800,17800,17800
102002381,퓨전에프앤씨 INOTE KM880RB 무선 키보드 마우스 세트 (브라운),58900,58900,58900,58900,58900,58900,58900,58900
102002372,퓨전에프앤씨 INOTE KM880RB 무선 키보드 마우스 세트 (블랙),58900,58900,58900,58900,58900,58900,58900,58900
102002375,퓨전에프앤씨 INOTE KM880RB 무선 키보드 마우스 세트 (화이트),58900,58900,58900,58900,58900,58900,58900,58900
20007284,퓨전에프앤씨 INOTE KM960RB 무선 블루투스 키보드 마우스 세트,39900,39900,39900,39900,39900,39900,39900,39900
92546312,퓨전에프앤씨 INOTE KN10B 무선,29800,29800,27740,27730,27730,27730,27730,27730
73951082,퓨전에프앤씨 INOTE KN10T 무선,28900,28900,28900,28900,28900,28900,28900,28900
33387671,퓨전에프앤씨 INOTE KR100RB 무선 키보드 마우스 세트,19900,19900,19900,19900,19900,19900,19900,19900
18737834,퓨전에프앤씨 INOTE KS908 NK908RB 전용,5390,5390,5390,5390,5390,5390,5390,5390
15791645,퓨전에프앤씨 INOTE NK808RB,43900,,,,,,,
63034505,퓨전에프앤씨 INOTE NK907RB 무선 (블랙),39000,39000,39000,39000,39000,39000,39000,39000
15358874,퓨전에프앤씨 INOTE NK908RB 충전식 무선 키보드,120350,120350,120350,120350,120350,120350,120350,120350
96709520,퓨전에프앤씨 INOTE NK909RB 유무선 기계식,79000,79000,73470,73470,73470,73470,73470,73470
70002551,퓨전에프앤씨 INOTE PK602B 무선 (잠만보),21940,22170,22170,22170,22170,22170,22170,22170
70002578,퓨전에프앤씨 INOTE PK602B 무선 (피카츄),21940,22170,22170,22170,22170,22170,22170,22170
20401124,퓨전에프앤씨 INOTE X-Folding Touch Plus 무선,44000,44000,44000,44000,44000,44000,44000,44000
47911652,퓨전에프앤씨 INOTE X-Folding XK602B 블루투스 (블랙),32800,32800,32800,32800,32800,32800,32800,32800
96369056,퓨전에프앤씨 INOTE X-Folding XK602B 블루투스 (화이트),32800,32800,32800,32800,32800,32800,32800,32800
98088605,퓨전에프앤씨 INOTE X-Folding XK805B 무선,51900,51900,48270,48270,48270,48270,48270,48270
95280437,퓨전에프앤씨 INOTE X-Folding XK807B 무선,49900,49900,49900,49900,49900,49900,49900,49900
97304873,퓨전에프앤씨 INOTE X-Folding XK808B 무선,48710,48710,48710,48710,48710,48710,48710,48710
64390097,퓨전에프앤씨 INOTE X-KEY 38BT (버터옐로우),23900,23900,23900,23900,23900,23900,23900,23900
7040395,퓨전에프앤씨 INOTE X-KEY 38BT (블랙),23900,23900,23900,23900,23900,23900,23900,23900
7040422,퓨전에프앤씨 INOTE X-KEY 38BT (핑크),23900,23900,23900,23900,23900,23900,23900,23900
11217297,퓨전에프앤씨 INOTE X-KEY 38BT (화이트),23900,23900,23900,23900,23900,23900,23900,23900
14244245,퓨전에프앤씨 INOTE X-KEY 38BTC (블랙),26900,26900,26900,26900,26900,26900,26900,26900
14244341,퓨전에프앤씨 INOTE X-KEY 38BTC (파우더 핑크),25790,25790,25790,25790,25790,25790,25790,25790
114835184,퓨전에프앤씨 INOTE X-KEY 38BTC (핑크),26900,26900,26900,26900,26900,26900,26900,26900
14244353,퓨전에프앤씨 INOTE X-KEY 38BTC (화이트),25990,25990,25990,25990,25990,25990,25990,25990
27734216,퓨전에프앤씨 INOTE X-KEY 98RB 무선,39900,39900,39900,39900,39900,39900,39900,39900
13363346,퓨전에프앤씨 INOTE X-Key 96RB (올리브그린),27490,27150,27150,25790,25790,25790,25790,25790
14535365,퓨전에프앤씨 INOTE X-Key 96RB (크림),27490,27150,27150,25790,25790,25790,25790,25790
17851658,퓨전에프앤씨 INOTE X500RB,39000,39000,39000,39000,39000,39000,39000,39000
74252108,퓨전에프앤씨 PK740R 포켓몬 무선 키보드 마우스 세트 (팬텀),19800,19800,19800,19800,19800,19800,19800,19800
74252060,퓨전에프앤씨 PK740R 포켓몬 무선 키보드 마우스 세트 (피카츄),19800,19800,19800,19800,19800,19800,19800,19800
57304193,퓨전에프앤씨 니니즈 죠르디,24800,24800,24800,24800,24800,24800,24800,24800
17711516,퓨전에프앤씨 베이비 펭수 BPK20 무선 키보드 (옐로우),29800,29800,29800,29800,29800,29800,29800,29800
17711507,퓨전에프앤씨 베이비 펭수 BPK20 무선 키보드 (핑크),29800,29800,29800,29800,29800,29800,29800,29800
28470476,퓨전에프앤씨 카카오프렌즈 KFK100J 죠르디 무선 키보드,44800,44800,44800,42800,42800,42800,42800,42800
17897009,퓨전에프앤씨 카카오프렌즈 KFK100R 라이언 무선 키보드,42800,42800,42800,42800,42800,42800,42800,42800
35810393,퓨전에프앤씨 카카오프렌즈 KFKM-200 춘식이 죠르디 무선 키보드 마우스 세트,39800,39800,39800,39800,39800,39800,39800,39800
13312580,프나틱 기어 스트릭65 텐키리스 기계식 키보드 영문 RGB,115000,115000,115000,115000,115000,115000,115000,115000
5793810,프레젠샵 PS-RK103,11060,11060,11034,11380,11400,11500,11060,11060
124101590,프리플로우 Archon AK21 OSCAFE (블랙),18900,18900,18900,18900,18900,18900,18900,18900
124101584,프리플로우 Archon AK21 OSCAFE (소다),18900,18900,18900,18900,18900,18900,18900,18900
124101591,프리플로우 Archon AK21 OSCAFE (화이트),18900,18900,18900,18900,18900,18900,18900,18900
122692050,프리플로우 Archon AK22 OSCAFE (딸기라떼),21900,21900,21900,21900,21900,21900,21900,21900
106709192,프리플로우 Archon AK22 OSCAFE (메론소다),18900,18900,18900,18900,18900,18900,18900,18900
108417518,프리플로우 Archon AK22 OSCAFE (바닐라라떼),18900,18900,18900,18900,18900,18900,18900,18900
122692053,프리플로우 Archon AK22 OSCAFE (블루블랙),21900,21900,21900,21900,21900,21900,21900,21900
122692052,프리플로우 Archon AK22 OSCAFE (소다),21900,21900,21900,21900,21900,21900,21900,21900
106709180,프리플로우 Archon AK22 OSCAFE (에스프레소),18900,18900,18900,18900,18900,18900,18900,18900
106709189,프리플로우 Archon AK22 OSCAFE (타로라떼),18900,18900,18900,18900,18900,18900,18900,18900
108417506,프리플로우 Archon AK22 OSCAFE (흑임자라떼),18900,18900,18900,18900,18900,18900,18900,18900
122692045,프리플로우 Archon AK27 OSCAFE 유무선 (딸기라떼),27900,27900,27900,27900,27900,27900,27900,27900
108420788,프리플로우 Archon AK27 OSCAFE 유무선 (메론소다),24900,24900,24900,24900,24900,24900,24900,24900
122692048,프리플로우 Archon AK27 OSCAFE 유무선 (블루블랙),27900,27900,27900,27900,27900,27900,27900,27900
122692047,프리플로우 Archon AK27 OSCAFE 유무선 (소다),27900,27900,27900,27900,27900,27900,27900,27900
108420797,프리플로우 Archon AK27 OSCAFE 유무선 (에스프레소),24900,24900,24900,24900,24900,24900,24900,24900
108420794,프리플로우 Archon AK27 OSCAFE 유무선 (카페라떼),24900,24900,24900,24900,24900,24900,24900,24900
101546036,프리플로우 Archon AK39 유무선 (마에스트로),29900,29900,29900,29900,29900,29900,29900,29900
101546042,프리플로우 Archon AK39 유무선 (마카롱),29900,29900,29900,29900,29900,29900,29900,29900
101546051,프리플로우 Archon AK39 유무선 (말차라떼),29900,29900,29900,29900,29900,29900,29900,29900
101546045,프리플로우 Archon AK39 유무선 (메카닉),29900,29900,29900,29900,29900,29900,29900,29900
101546054,프리플로우 Archon AK39 유무선 (블루오션),29900,29900,29900,29900,29900,29900,29900,29900
101546039,프리플로우 Archon AK39 유무선 (소다),29900,29900,29900,29900,29900,29900,29900,29900
105968162,프리플로우 F1 PRO MAX ART 유무선 기계식 (라벤더),89900,89900,89900,89900,89900,89900,89900,89900
105968156,프리플로우 F1 PRO MAX ART 유무선 기계식 (설빔),89900,89900,89900,89900,89900,89900,89900,89900
105968147,프리플로우 F1 PRO MAX ART 유무선 기계식 (치즈냥),89900,89900,89900,89900,89900,89900,89900,89900
105968150,프리플로우 F1 PRO MAX ART 유무선 기계식 (푸댕이),89900,89900,89900,89900,89900,89900,89900,89900
92759624,프리플로우 F1 PRO MAX 유무선 기계식 (마에스트로),84900,84900,84900,84900,84900,84900,84900,84900
92758790,프리플로우 F1 PRO MAX 유무선 기계식 (메카닉),84900,84900,84900,84900,84900,84900,84900,84900
92759633,프리플로우 F1 PRO MAX 유무선 기계식 (블루오션),84900,84900,84900,84900,84900,84900,84900,84900
93802985,프리플로우 F1 PRO TKL 유무선 기계식 (마에스트로),79900,79900,79900,79900,79900,79900,79900,79900
103517597,프리플로우 F1 PRO TKL 유무선 기계식 (말차라떼),79900,79900,79900,79900,79900,79900,79900,79900
93802997,프리플로우 F1 PRO TKL 유무선 기계식 (메카닉),84900,84900,84900,84900,84900,84900,84900,84900
93803000,프리플로우 F1 PRO TKL 유무선 기계식 (소다),79900,79900,79900,79900,79900,79900,79900,79900
93803009,프리플로우 F1 PRO TKL 유무선 기계식 (이클립스),84900,84900,84900,84900,84900,84900,84900,84900
77788979,프리플로우 QuickSilver Longpring,29300,29300,29300,29300,29300,28340,16500,16500
122697547,프리플로우 archon AK45 BASIC 유무선 기계식 블루블랙 (에그스톤축),59900,59900,59900,59900,59900,59900,59900,59900
122697549,프리플로우 archon AK45 BASIC 유무선 기계식 블루블랙 (저소음 디딤돌축),67900,67900,67900,67900,67900,67900,67900,67900
122697545,프리플로우 archon AK45 BASIC 유무선 기계식 블루블랙 (저소음 소나기축),59900,59900,59900,59900,59900,59900,59900,59900
122697555,프리플로우 archon AK45 BASIC 유무선 기계식 프레시민트 (에그스톤축),59900,59900,59900,59900,59900,59900,59900,59900
122697557,프리플로우 archon AK45 BASIC 유무선 기계식 프레시민트 (저소음 디딤돌축),67900,67900,67900,67900,67900,67900,67900,67900
122697553,프리플로우 archon AK45 BASIC 유무선 기계식 프레시민트 (저소음 소나기축),59900,59900,59900,59900,59900,59900,59900,59900
122697537,프리플로우 archon AK45 BASIC 유무선 기계식 핑크블라썸 (에그스톤축),59900,59900,59900,59900,59900,59900,59900,59900
122697539,프리플로우 archon AK45 BASIC 유무선 기계식 핑크블라썸 (저소음 디딤돌축),67900,67900,67900,67900,67900,67900,67900,67900
122697526,프리플로우 archon AK45 BASIC 유무선 기계식 핑크블라썸 (저소음 소나기축),59900,59900,59900,59900,59900,59900,59900,59900
122655075,프리플로우 archon AK47 PRO 유무선 기계식 마시멜로우 (경해축),87900,87900,87900,87900,87900,87900,87900,87900
122655080,프리플로우 archon AK47 PRO 유무선 기계식 마시멜로우 (세이야축),79900,79900,79900,79900,79900,79900,79900,79900
122655086,프리플로우 archon AK47 PRO 유무선 기계식 마시멜로우 (저소음 눈송이축),85900,85900,85900,85900,85900,85900,85900,85900
122655083,프리플로우 archon AK47 PRO 유무선 기계식 마시멜로우 (저소음 블루축),85900,85900,85900,85900,85900,85900,85900,85900
122655093,프리플로우 archon AK47 PRO 유무선 기계식 메카닉 (경해축),87900,87900,87900,87900,87900,87900,87900,87900
122655095,프리플로우 archon AK47 PRO 유무선 기계식 메카닉 (세이야축),79900,79900,79900,79900,79900,79900,79900,79900
122655107,프리플로우 archon AK47 PRO 유무선 기계식 메카닉 (저소음 눈송이축),85900,85900,85900,85900,85900,85900,85900,85900
122655105,프리플로우 archon AK47 PRO 유무선 기계식 메카닉 (저소음 블루축),85900,85900,85900,85900,85900,85900,85900,85900
122655112,프리플로우 archon AK47 PRO 유무선 기계식 메카닉 블랙 (경해축),87900,87900,87900,87900,87900,87900,87900,87900
122655118,프리플로우 archon AK47 PRO 유무선 기계식 메카닉 블랙 (세이야축),79900,79900,79900,79900,79900,79900,79900,79900
122655126,프리플로우 archon AK47 PRO 유무선 기계식 메카닉 블랙 (저소음 눈송이축),85900,85900,85900,85900,85900,85900,85900,85900
122655122,프리플로우 archon AK47 PRO 유무선 기계식 메카닉 블랙 (저소음 블루축),85900,85900,85900,85900,85900,85900,85900,85900
90506111,프리플로우 archon AK47 유무선 기계식 (B&W),67000,67000,67000,67000,67000,67000,67000,67000
90506120,프리플로우 archon AK47 유무선 기계식 (마에스트로),65000,65000,65000,65000,65000,65000,65000,65000
67975925,프리플로우 archon AK47 유무선 기계식 (이클립스),57000,57000,57000,57000,57000,57000,57000,57000
122697477,프리플로우 archon AK55 BASIC 유무선 기계식 퍼플레인 (저소음 소나기축),69900,69900,69900,69900,69900,69900,69900,69900
122697475,프리플로우 archon AK55 BASIC 유무선 기계식 퍼플레인 (저소음 크리미축),69900,69900,69900,69900,69900,69900,69900,69900
122697479,프리플로우 archon AK55 BASIC 유무선 기계식 프레시민트 (저소음 소나기축),69900,69900,69900,69900,69900,69900,69900,69900
122697478,프리플로우 archon AK55 BASIC 유무선 기계식 프레시민트 (저소음 크리미축),69900,69900,69900,69900,69900,69900,69900,69900
122697482,프리플로우 archon AK55 BASIC 유무선 기계식 핑크블라썸 (저소음 소나기축),69900,69900,69900,69900,69900,69900,69900,69900
122697481,프리플로우 archon AK55 BASIC 유무선 기계식 핑크블라썸 (저소음 크리미축),96300,69900,93130,93130,69900,69900,96300,69900
122710246,프리플로우 archon AK68 DualDial 유무선 기계식 (더 블랙),69900,69900,69900,69900,69900,69900,69900,69900
103127939,프리플로우 archon AK68 DualDial 유무선 기계식 (딸기라떼),69900,69900,69900,69900,69900,69900,69900,69900
98766410,프리플로우 archon AK68 DualDial 유무선 기계식 (말차라떼),69900,69900,69900,69900,69900,69900,69900,69900
122663250,프리플로우 archon AK68 DualDial 유무선 기계식 (바나나라떼),69900,69900,69900,69900,69900,69900,69900,69900
98766458,프리플로우 archon AK68 DualDial 유무선 기계식 (블루오션),69900,69900,69900,69900,69900,69900,69900,69900
98766437,프리플로우 archon AK68 DualDial 유무선 기계식 (소다),69900,69900,69900,69900,69900,69900,69900,69900
122655161,프리플로우 archon AK74 PRO 유무선 기계식 마시멜로우 (경해축),97900,97900,97900,97900,97900,97900,97900,97900
122655168,프리플로우 archon AK74 PRO 유무선 기계식 마시멜로우 (세이야축),89900,89900,89900,89900,89900,89900,89900,89900
122655175,프리플로우 archon AK74 PRO 유무선 기계식 마시멜로우 (저소음 눈송이축),95900,95900,95900,95900,95900,95900,95900,95900
122655170,프리플로우 archon AK74 PRO 유무선 기계식 마시멜로우 (저소음 블루축),95900,95900,95900,95900,95900,95900,95900,95900
122655178,프리플로우 archon AK74 PRO 유무선 기계식 마카롱 (경해축),97900,97900,97900,97900,97900,97900,97900,97900
122655179,프리플로우 archon AK74 PRO 유무선 기계식 마카롱 (세이야축),89900,89900,89900,89900,89900,89900,89900,89900
122655182,프리플로우 archon AK74 PRO 유무선 기계식 마카롱 (저소음 눈송이축),95900,95900,95900,95900,95900,95900,95900,95900
122655180,프리플로우 archon AK74 PRO 유무선 기계식 마카롱 (저소음 블루축),95900,95900,95900,95900,95900,95900,95900,95900
122655189,프리플로우 archon AK74 PRO 유무선 기계식 메카닉 (경해축),97900,97900,97900,97900,97900,97900,97900,97900
122655191,프리플로우 archon AK74 PRO 유무선 기계식 메카닉 (세이야축),89900,89900,89900,89900,89900,89900,89900,89900
122655195,프리플로우 archon AK74 PRO 유무선 기계식 메카닉 (저소음 눈송이축),95900,95900,95900,95900,95900,95900,95900,95900
122655193,프리플로우 archon AK74 PRO 유무선 기계식 메카닉 (저소음 블루축),95900,95900,95900,95900,95900,95900,95900,95900
122655203,프리플로우 archon AK74 PRO 유무선 기계식 메카닉 블랙 (경해축),97900,97900,97900,97900,97900,97900,97900,97900
122655204,프리플로우 archon AK74 PRO 유무선 기계식 메카닉 블랙 (세이야축),89900,89900,89900,89900,89900,89900,89900,89900
122655210,프리플로우 archon AK74 PRO 유무선 기계식 메카닉 블랙 (저소음 눈송이축),95900,95900,95900,95900,95900,95900,95900,95900
122655207,프리플로우 archon AK74 PRO 유무선 기계식 메카닉 블랙 (저소음 블루축),95900,95900,95900,95900,95900,95900,95900,95900
73428563,프리플로우 archon AK74 유무선 기계식 (B&W),67000,67000,67000,67000,67000,67000,67000,67000
72225059,프리플로우 archon AK74 유무선 기계식 (마에스트로),77000,77000,77000,77000,77000,77000,77000,77000
68244656,프리플로우 archon AK74 유무선 기계식 (마카롱),77000,77000,77000,77000,77000,77000,77000,77000
68244674,프리플로우 archon AK74 유무선 기계식 (메카닉),80000,80000,80000,80000,80000,80000,80000,80000
71643752,"프리플로우 archon E1 PRO MAX 동그리 8K 유무선 무접점 (ECLIPSE, 40g)",99000,99000,99000,99000,99000,99000,99000,99000
71643764,"프리플로우 archon E1 PRO MAX 동그리 8K 유무선 무접점 (ECLIPSE, 50g)",99000,99000,99000,99000,99000,99000,99000,99000
48395252,프리플로우 archon E1 PRO MAX 동그리 8K 유무선 무접점 (MACARON),99000,99000,99000,99000,99000,99000,99000,99000
71643737,"프리플로우 archon E1 PRO MAX 동그리 8K 유무선 무접점 (MECHANIC, 40g)",99000,99000,99000,99000,99000,99000,99000,99000
71643743,"프리플로우 archon E1 PRO MAX 동그리 8K 유무선 무접점 (MECHANIC, 50g)",99000,99000,99000,99000,99000,99000,99000,99000
48395258,프리플로우 archon E1 PRO MAX 동그리 8K 유무선 무접점 (URANUS BLACK),99000,99000,99000,99000,99000,99000,99000,99000
59088428,프리플로우 archon E1 PRO MAX 유무선 무접점 (SEOLBIM),139000,139000,139000,139000,139000,139000,139000,139000
32917061,프리플로우 archon E1 PRO MAX 유무선 무접점 (SOLDIER),139000,139000,139000,139000,139000,139000,139000,139000
32043497,프리플로우 archon E1 PRO PLUS 40G 유무선 무접점 (MODERN RETRO),109000,109000,109000,109000,109000,109000,109000,109000
32043527,프리플로우 archon E1 PRO PLUS 40G 유무선 무접점 (SOLDIER),109000,109000,109000,109000,109000,109000,109000,109000
123993842,프리플로우 archon FX ULTRA 유무선 기계식 블루오션 (부싯돌축),159000,159000,159000,159000,159000,159000,159000,159000
123993845,프리플로우 archon FX ULTRA 유무선 기계식 블루오션 (저소음 디딤돌축),159000,159000,159000,159000,159000,159000,159000,159000
123993846,프리플로우 archon FX ULTRA 유무선 기계식 소다 (부싯돌축),159000,159000,159000,159000,159000,159000,159000,159000
123993850,프리플로우 archon FX ULTRA 유무선 기계식 소다 (저소음 디딤돌축),159000,159000,159000,159000,159000,159000,159000,159000
123982286,프리플로우 archon FX ULTRA 유무선 기계식 프로스트 블루 (부싯돌축),159000,159000,159000,159000,159000,159000,159000,159000
123993839,프리플로우 archon FX ULTRA 유무선 기계식 프로스트 블루 (저소음 디딤돌축),159000,159000,159000,159000,159000,159000,159000,159000
79039169,프리플로우 archon K77 유무선 기계식,71890,69640,69630,69630,69630,69630,68880,68880
122618737,프리플로우 archon M1 PRO 2 MAX (메카닉),89000,89000,89000,89000,89000,89000,89000,89000
122618730,프리플로우 archon M1 PRO 2 MAX (블랙),89000,89000,89000,89000,89000,89000,89000,89000
122618734,프리플로우 archon M1 PRO 2 MAX (이클립스),89000,89000,89000,89000,89000,89000,89000,89000
122618731,프리플로우 archon M1 PRO 2 MAX (화이트),89000,89000,89000,89000,89000,89000,89000,89000
122626172,프리플로우 archon M1 PRO 2 TKL (메카닉),79000,79000,79000,79000,79000,79000,79000,79000
122626178,프리플로우 archon M1 PRO 2 TKL (블랙),79000,79000,79000,79000,79000,79000,79000,79000
122626173,프리플로우 archon M1 PRO 2 TKL (이클립스),79000,79000,79000,79000,79000,79000,79000,79000
122626177,프리플로우 archon M1 PRO 2 TKL (화이트),79000,79000,79000,79000,79000,79000,79000,79000
124350187,프리플로우 archon M3 600 MAX 로얄블랙 (저소음 퀵실버 V3축),119900,119900,119900,119900,119900,119900,119900,119900
124350185,프리플로우 archon M3 600 MAX 로얄블랙 (퀵실버 고스트축),119900,119900,119900,119900,119900,119900,119900,119900
124350173,프리플로우 archon M3 600 MAX 로얄블랙 (탈론축),109900,109900,109900,109900,109900,109900,109900,109900
124350197,프리플로우 archon M3 600 MAX 블랙 (저소음 퀵실버 V3축),119900,119900,119900,119900,119900,119900,119900,119900
124350195,프리플로우 archon M3 600 MAX 블랙 (퀵실버 고스트축),119900,119900,119900,119900,119900,119900,119900,119900
124350194,프리플로우 archon M3 600 MAX 블랙 (탈론축),109900,109900,109900,109900,109900,109900,109900,109900
124350204,프리플로우 archon M3 600 MAX 소다 (저소음 퀵실버 V3축),119900,119900,119900,119900,119900,119900,119900,119900
124350202,프리플로우 archon M3 600 MAX 소다 (퀵실버 고스트축),119900,119900,119900,119900,119900,119900,119900,119900
124350201,프리플로우 archon M3 600 MAX 소다 (탈론축),109900,109900,109900,109900,109900,109900,109900,109900
124350211,프리플로우 archon M3 600 MAX 화이트 (저소음 퀵실버 V3축),119900,119900,119900,119900,119900,119900,119900,119900
124350209,프리플로우 archon M3 600 MAX 화이트 (퀵실버 고스트축),119900,119900,119900,119900,119900,119900,119900,119900
124350206,프리플로우 archon M3 600 MAX 화이트 (탈론축),109900,109900,109900,109900,109900,109900,109900,109900
124350273,프리플로우 archon M3 600 MINI 블랙 (저소음 퀵실버 V3축),99900,99900,99900,99900,99900,99900,99900,99900
124350268,프리플로우 archon M3 600 MINI 블랙 (퀵실버 고스트축),99900,99900,99900,99900,99900,99900,99900,99900
124350263,프리플로우 archon M3 600 MINI 블랙 (탈론축),89900,89900,89900,89900,89900,89900,89900,89900
124350277,프리플로우 archon M3 600 MINI 화이트 (저소음 퀵실버 V3축),99900,99900,99900,99900,99900,99900,99900,99900
124350276,프리플로우 archon M3 600 MINI 화이트 (퀵실버 고스트축),99900,99900,99900,99900,99900,99900,99900,99900
124350275,프리플로우 archon M3 600 MINI 화이트 (탈론축),89900,89900,89900,89900,89900,89900,89900,89900
124350234,프리플로우 archon M3 600 TKL 로얄블랙 (저소음 퀵실버 V3축),109900,109900,109900,109900,109900,109900,109900,109900
124350231,프리플로우 archon M3 600 TKL 로얄블랙 (퀵실버 고스트축),109900,109900,109900,109900,109900,109900,109900,109900
124350225,프리플로우 archon M3 600 TKL 로얄블랙 (탈론축),99900,99900,99900,99900,99900,99900,99900,99900
124350243,프리플로우 archon M3 600 TKL 블랙 (저소음 퀵실버 V3축),109900,109900,109900,109900,109900,109900,109900,109900
124350241,프리플로우 archon M3 600 TKL 블랙 (퀵실버 고스트축),109900,109900,109900,109900,109900,109900,109900,109900
124350237,프리플로우 archon M3 600 TKL 블랙 (탈론축),99900,99900,99900,99900,99900,99900,99900,99900
124350247,프리플로우 archon M3 600 TKL 소다 (저소음 퀵실버 V3축),109900,109900,109900,109900,109900,109900,109900,109900
124350246,프리플로우 archon M3 600 TKL 소다 (퀵실버 고스트축),109900,109900,109900,109900,109900,109900,109900,109900
124350245,프리플로우 archon M3 600 TKL 소다 (탈론축),99900,99900,99900,99900,99900,99900,99900,99900
124350253,프리플로우 archon M3 600 TKL 화이트 (저소음 퀵실버 V3축),109900,109900,109900,109900,109900,109900,109900,109900
124350250,프리플로우 archon M3 600 TKL 화이트 (퀵실버 고스트축),109900,109900,109900,109900,109900,109900,109900,109900
124350249,프리플로우 archon M3 600 TKL 화이트 (탈론축),99900,99900,99900,99900,99900,99900,99900,99900
123589360,프리플로우 archon MX ULTRA 로얄블랙 (저소음 퀵실버축),159000,159000,159000,159000,159000,159000,159000,159000
123589359,프리플로우 archon MX ULTRA 로얄블랙 (퀵실버 고스트축),159000,159000,159000,159000,159000,159000,159000,159000
123589363,프리플로우 archon MX ULTRA 소다 (저소음 퀵실버축),159000,159000,159000,159000,159000,159000,159000,159000
123589362,프리플로우 archon MX ULTRA 소다 (퀵실버 고스트축),159000,159000,159000,159000,159000,159000,159000,159000
123589333,프리플로우 archon MX ULTRA 프로스트블루 (저소음 퀵실버축),159000,159000,159000,159000,159000,159000,159000,159000
123589162,프리플로우 archon MX ULTRA 프로스트블루 (퀵실버 고스트축),159000,159000,159000,159000,159000,159000,159000,159000
101078648,프리플로우 archon UX Flat Max 유무선 (그레이),35900,35900,35900,35900,39900,39900,39900,39900
101078651,프리플로우 archon UX Flat Max 유무선 (라벤더),35900,35900,35900,35900,39900,39900,39900,39900
101078639,프리플로우 archon UX Flat Max 유무선 (사군자),39900,39900,39900,39900,39900,39900,39900,39900
101078654,프리플로우 archon UX Flat Max 유무선 (치즈냥),35900,35900,35900,35900,39900,39900,39900,39900
124350290,프리플로우 archon 실리콘 팜레스트 MAX,9900,9900,9900,9900,9900,9900,9900,9900
124350294,프리플로우 archon 실리콘 팜레스트 TKL,9900,9900,9900,9900,9900,9900,9900,9900
7283581,플레오맥스 AVEC-101M 무선 미니 키보드 마우스 세트 (블랙),35240,34850,32560,32560,32560,32560,32230,32240
7283680,플레오맥스 AVEC-101M 무선 미니 키보드 마우스 세트 (화이트),35240,35240,32560,32560,32560,32560,32240,32240
20274254,플레오맥스 AVEC-202M 무선 키보드 마우스 세트 (블랙),37320,37320,37320,37320,37320,37320,37320,37320
20274377,플레오맥스 AVEC-202M 무선 키보드 마우스 세트 (화이트),37320,37320,37320,37320,37320,37320,37320,37320
18713207,플레오맥스 AVEC-50M 무선 키보드 마우스 세트 (블랙),40130,40130,39900,40000,40130,40130,40130,40130
18713216,플레오맥스 AVEC-50M 무선 키보드 마우스 세트 (화이트),29900,29900,29900,29900,29900,29900,29900,29900
7072000,플레오맥스 AVEC-K301 레트로 LED 멤브레인 키보드 (블랙),24290,24290,24290,24290,24290,24290,24290,24290
7072009,플레오맥스 AVEC-K301 레트로 LED 멤브레인 키보드 (핑크),125960,125960,125960,125960,125960,125960,125960,125960
13942886,플레오맥스 AVEC-K501 LED 게이밍 키보드,9603,9603,9603,9603,9603,9603,9603,9603
6656536,플레오맥스 AVEC-N3 기계식 키보드,28800,29150,29150,29150,29150,29150,29150,29150
89527151,플레오맥스 AVEC-WMK10 무선 키보드 마우스 세트,16550,16550,17080,16210,16210,16210,16210,16210
28085669,플레오맥스 AVEC-WMK100 무선 키보드 마우스 세트,12800,12800,12800,12800,12800,12800,12800,12800
6445205,플레오맥스 AVEC-WMK110 무선 키보드 마우스 세트 (블랙),14640,14640,14640,14640,14640,14640,14640,14640
6445218,플레오맥스 AVEC-WMK110 무선 키보드 마우스 세트 (화이트),15080,15080,15080,14720,14600,14600,14610,14610
7265518,플레오맥스 AVEC-WMK210 무선 키보드 마우스 세트 (블랙),16550,16550,16550,16550,16550,16550,16550,16550
7265548,플레오맥스 AVEC-WMK210 무선 키보드 마우스 세트 (화이트),16110,16110,16110,16110,16110,16110,16110,16110
13939973,플레오맥스 AVEC-WMK520 게이밍 키보드마우스 세트,15900,15900,15900,15900,15900,15900,15900,15900
14375240,플레오맥스 AVEC-WMK620 무선 키보드 마우스 세트,18700,18700,18710,18710,18710,18710,18710,18710
6255013,플레오맥스 M2 PLUS 미니키보드,7700,7700,7700,7310,7310,7310,7310,7310
12623057,플레오맥스 MK-300 미니 키보드세트,9000,9000,9000,9000,9000,9000,9000,9000
55388669,플레오맥스 PBC-300 무선 키보드 마우스 세트 (블랙),23880,23880,23880,23880,23880,23880,23880,23880
76789886,플레오맥스 PBC-300 무선 키보드 마우스 세트 (화이트),24470,24470,24470,24470,24470,24470,24480,24490
29821538,플레오맥스 PBC-500 무선 키보드 마우스 세트 (블랙),29290,29290,29290,29290,27240,27240,27250,27260
29821547,플레오맥스 PBC-500 무선 키보드 마우스 세트 (화이트),30800,30800,29260,29260,29260,29260,29260,29260
91113689,플레오맥스 PBK-1000 레트로 무선 (민트),29020,29020,29030,29030,29040,29040,29050,29050
20079950,플레오맥스 PBK-1000 레트로 무선 (화이트),37900,37900,37900,37900,37900,37900,37900,37900
17337119,플레오맥스 PBK-200 블루투스 미니 키보드 (블랙),16762,16762,16762,17170,17170,17170,17170,17170
14456717,플레오맥스 PBK-200 블루투스 미니 키보드 (화이트),16762,16762,16762,16980,16980,16980,16980,16980
57681461,플레오맥스 PBK-300 무선 (블랙),15850,15850,15850,15850,15800,15800,15800,15800
90960878,플레오맥스 PBK-300 무선 (화이트),18390,18390,18390,17130,18390,18390,18390,18390
17338436,플레오맥스 PBK-500 접이식 블루투스 키보드,34900,34900,34900,34900,34900,34900,34900,34900
71422214,플레오맥스 PBK-700 무선 (블랙),22000,22000,22000,22000,22000,22000,22000,22000
71422226,플레오맥스 PBK-700 무선 (화이트),22000,22000,22000,22000,22000,22000,22000,22000
6288436,플레오맥스 PEK-N1000 인체공학 키보드,41000,41600,41600,41000,41000,41000,40990,40990
20343857,플레오맥스 PEK-N6000,39800,39800,39800,39800,39800,39800,39800,39800
55388639,플레오맥스 PKB-300 무선,22000,22000,22000,22000,22000,22000,22000,22000
1957359,플레오맥스 PKB-650,4590,4590,4590,4590,4590,4590,4590,4590
96711017,플레오맥스 PKB-750U,6790,6790,6450,6450,6450,6450,6460,6460
10101882,플레오맥스 PKB-K000,12440,12440,12440,12440,12440,12440,12440,12440
5874952,플레오맥스 PKB-N85,7490,7490,7490,7490,7490,7490,7490,7490
15198455,플레오맥스 PKC-5000 유선 키보드 마우스 세트,8980,8980,8980,8980,8980,8980,8980,8980
28059743,플레오맥스 PKC-500U 키보드 마우스 세트,6300,6300,6300,6300,6300,6300,6300,6300
1708072,플레오맥스 PKC-650,17640,17640,17640,17640,17640,17640,17640,17640
2078659,플레오맥스 PKC-650U,13420,13420,13420,13420,13420,13420,13420,13420
96579626,플레오맥스 PKC-750U 키보드 마우스 세트,8490,8490,8060,8060,8060,8060,8070,8070
9234744,플레오맥스 PKC-K1 USB 키보드 마우스 세트,7000,7000,7000,7000,7000,7000,7000,7000
9235386,플레오맥스 PKC-K3 PU 키보드 마우스 세트,16420,16420,16420,16420,16420,16420,16420,16420
9234987,플레오맥스 PKC-K3 USB 키보드 마우스 세트,9900,9900,9900,9900,9900,9900,9900,9900
28059587,플레오맥스 PMBK-X10 무선,21290,21320,21790,20810,20910,20270,20270,20280
5113701,플레오맥스 PTK-150 트랙볼 키보드,29900,29900,29900,28400,28400,28400,28400,28400
7842172,플레오맥스 PTK-200,40480,40490,39060,39000,39000,39000,39000,39000
75939617,플레이고 KB10 무선 (민트),10800,10800,10800,10800,10800,10800,10800,10800
59828690,플레이고 KB10 무선 (블랙),10800,10800,10800,10800,10800,10800,10800,10800
75939620,플레이고 KB10 무선 (스카이),10800,10800,10800,10800,10800,10800,10800,10800
75939602,플레이고 KB10 무선 (핑크),10800,10800,10800,10800,10800,10800,10800,10800
75939605,플레이고 KB10 무선 (화이트),10800,10800,10800,10800,10800,10800,10800,10800
18336302,피넛컴퍼니 데이니즈 4in1 블루투스,19000,19000,19000,19000,19000,19000,19000,19000
9257016,필립스 C103 Wireless Combo,17000,17000,17000,17000,17000,17000,17000,17000
10690944,필립스 K264,7370,7370,7370,7370,7370,7370,7370,7370
16341704,필립스 SPK6302 유선 키보드 (블랙),18490,18490,18490,18490,18490,18490,18490,18490
65919851,필립스 SPK6407 무선 (블랙),27900,27900,27900,27900,27900,27900,27900,27900
89533802,필립스 SPK6407 무선 (화이트),27900,27900,27900,27900,27900,27900,27900,27900
14736860,필립스 SPK6604 멀티페어링 무선 블루투스 키보드,31200,31200,31200,31200,31200,31200,31200,31200
14732672,필립스 SPK6624 멀티페어링 무선 블루투스 키보드,19800,19800,19800,19800,19800,19800,19800,19800
123723062,필립스 SPK6748 (블랙),44800,44800,44800,44800,44800,44800,44800,44800
123801113,필립스 SPK6748 (화이트),44800,44800,44800,44800,44800,44800,44800,44800
65919839,필립스 SPT6207 키보드 마우스 세트 (블랙),13900,13900,13900,13900,13900,13900,13900,13900
70003823,필립스 SPT6207 키보드 마우스 세트 (화이트),10629,10629,10494,10870,10860,10880,10910,10800
124326890,필립스 SPT6228 키보드 마우스 세트,15060,15070,15070,15080,15080,15090,15140,15880
59921018,필립스 SPT6318 무선 키보드 마우스 세트 (블랙),23800,23800,23800,23800,23800,23800,23800,23800
70003862,필립스 SPT6318 무선 키보드 마우스 세트 (화이트),23800,23800,23800,23800,23800,23800,23800,23800
62635232,필립스 SPT6338 무선 키보드 마우스 세트 (그레이),29800,29800,29800,29800,29800,29800,29800,29800
70003739,필립스 SPT6338 무선 키보드 마우스 세트 (그린),29800,29800,29800,29800,29800,29800,29800,29800
70003742,필립스 SPT6338 무선 키보드 마우스 세트 (화이트),29800,29800,29800,29800,29800,29800,29800,29800
65919812,필립스 SPT6407 무선 키보드 마우스 세트 (블랙),31446,31446,31149,32260,32260,32320,32350,32160
70003886,필립스 SPT6407 무선 키보드 마우스 세트 (화이트),31446,31446,31005,32100,32100,32260,32160,31940
77619170,하이무 저소음 딥블루 90Pcs,13800,13800,13800,13800,13800,13800,13800,13800
102550076,한성컴퓨터 GK101 OfficeMaster (로얄블랙),18800,18800,18800,18800,18800,18800,18800,17480
102550070,한성컴퓨터 GK101 OfficeMaster (말차라떼),18800,18800,18800,18800,18800,18800,18800,17480
96984917,한성컴퓨터 GK104 유무선 (말차크림),28900,28900,28900,28900,28900,28900,28130,28900
122663562,한성컴퓨터 GK104 유무선 (머랭),28900,28900,28900,28900,28900,28900,28900,26870
96984899,한성컴퓨터 GK104 유무선 (스페이스 블랙),28700,28780,28850,28860,28900,28900,28900,26870
96984932,한성컴퓨터 GK104 유무선 (퍼플하트),28900,28900,28900,28900,28900,28900,28900,26870
75596717,한성컴퓨터 GK204 기계식 (레트로),26900,26900,26900,26900,26900,26900,26900,25010
75596729,한성컴퓨터 GK204 기계식 (블랙),23900,23900,23900,23900,23900,23900,23900,22220
75596732,한성컴퓨터 GK204 기계식 (화이트),23900,23900,23900,23900,23900,23900,23900,22220
78843044,한성컴퓨터 GK694 OfficeMaster 유무선 (그라파이트 블랙),34900,34900,34900,34900,34900,34900,34900,32450
78843032,한성컴퓨터 GK694 OfficeMaster 유무선 (레트로 포인트),34900,34900,34900,34900,34900,34900,34900,32450
78843017,한성컴퓨터 GK694 OfficeMaster 유무선 (머랭),34900,34900,34900,34900,34900,34900,34900,32450
78843041,한성컴퓨터 GK694 OfficeMaster 유무선 (코튼 캔디),34900,34900,34900,34900,34900,34900,34900,32450
72754928,한성컴퓨터 GK698 OfficeMaster 유무선 (COTTON CANDY),39900,39900,39900,39900,39900,39900,39900,37110
72754940,한성컴퓨터 GK698 OfficeMaster 유무선 (GRAPHITE BLACK),42000,42000,42000,42000,42000,42000,42000,42000
72754922,한성컴퓨터 GK698 OfficeMaster 유무선 (MERINGUE),39900,39900,39900,39900,39900,39900,39900,37100
72752519,한성컴퓨터 GK698 OfficeMaster 유무선 (RETRO POINT),39900,39900,39900,39900,39900,39900,39900,37110
89731907,한성컴퓨터 GK698 OfficeMaster 유무선 (ROYAL BLACK),39900,39900,39900,39900,39900,39900,39900,37100
76789382,한성컴퓨터 GK797PRO 유무선 기계식 메탈 화이트 (딥블루 뽀송),60900,60900,60900,60900,60900,60900,60900,60900
78989903,한성컴퓨터 GK797PRO 유무선 기계식 메탈 화이트 (라벤더 또각),52900,52900,52900,52900,52900,52900,52900,49190
78989885,한성컴퓨터 GK797PRO 유무선 기계식 메탈 화이트 (문라이트 도독),56900,56900,56900,56900,56900,56900,56900,52910
78989879,한성컴퓨터 GK797PRO 유무선 기계식 메탈 화이트 (브라운슈가 토독),60900,60900,60900,60900,60900,60900,60900,60900
78989894,한성컴퓨터 GK797PRO 유무선 기계식 메탈 화이트 (에그스톤 도각),52900,52900,52900,52900,52900,52900,52900,49190
76513121,한성컴퓨터 GK797PRO 유무선 기계식 스페이스 블랙 (딥블루 뽀송),59900,59900,59900,59900,59900,59900,59900,55700
78989999,한성컴퓨터 GK797PRO 유무선 기계식 스페이스 블랙 (라벤더 또각),52900,52900,52900,52900,52900,52900,52900,49190
78989987,한성컴퓨터 GK797PRO 유무선 기계식 스페이스 블랙 (문라이트 도독),56900,56900,56900,56900,56900,56900,56900,52910
78989963,한성컴퓨터 GK797PRO 유무선 기계식 스페이스 블랙 (브라운슈가 토독),59900,59900,59900,59900,59900,59900,59900,55700
78989990,한성컴퓨터 GK797PRO 유무선 기계식 스페이스 블랙 (에그스톤 도각),52900,52900,52900,52900,52900,52900,52900,49190
76789352,한성컴퓨터 GK797PRO 유무선 기계식 오션 화이트 (딥블루 뽀송),59900,59900,59900,59900,59900,59900,59900,55700
78990044,한성컴퓨터 GK797PRO 유무선 기계식 오션 화이트 (라벤더 또각),52900,52900,52900,52900,52900,52900,52900,49190
78990029,한성컴퓨터 GK797PRO 유무선 기계식 오션 화이트 (문라이트 도독),56900,56900,56900,56900,56900,56900,56900,56900
78990026,한성컴퓨터 GK797PRO 유무선 기계식 오션 화이트 (브라운슈가 토독),59900,59900,59900,59900,59900,59900,59900,55700
78990038,한성컴퓨터 GK797PRO 유무선 기계식 오션 화이트 (에그스톤 도각),52900,52900,52900,52900,52900,52900,52900,49190
91346486,한성컴퓨터 GK798PRO 유무선 기계식 로얄 블랙 (KTT블루 포각),69900,69900,69900,69900,69900,69900,69900,65000
76789580,한성컴퓨터 GK798PRO 유무선 기계식 로얄 블랙 (딥블루 뽀송),69900,69900,69900,69900,69900,69900,69900,65000
78990395,한성컴퓨터 GK798PRO 유무선 기계식 로얄 블랙 (라벤더 또각),58750,60680,62900,62900,62900,62900,62900,58490
78990380,한성컴퓨터 GK798PRO 유무선 기계식 로얄 블랙 (문라이트 도독),66900,66900,66900,66900,66900,66900,66900,62210
78990374,한성컴퓨터 GK798PRO 유무선 기계식 로얄 블랙 (브라운슈가 토독),69900,69900,69900,69900,69900,69900,69900,65000
78990389,한성컴퓨터 GK798PRO 유무선 기계식 로얄 블랙 (에그스톤 도각),62900,62900,62900,62900,62900,62900,62900,58490
91346480,한성컴퓨터 GK798PRO 유무선 기계식 메탈 화이트 (KTT블루 포각),69900,69900,69900,69900,69900,69900,69900,65000
76789511,한성컴퓨터 GK798PRO 유무선 기계식 메탈 화이트 (딥블루 뽀송),69900,69900,69900,69900,69900,69900,69900,69900
78993101,한성컴퓨터 GK798PRO 유무선 기계식 메탈 화이트 (라벤더 또각),62900,62900,62900,62900,62900,62900,62900,58490
78992246,한성컴퓨터 GK798PRO 유무선 기계식 메탈 화이트 (문라이트 도독),66900,66900,66900,66900,66900,66900,66900,62210
78991625,한성컴퓨터 GK798PRO 유무선 기계식 메탈 화이트 (브라운슈가 토독),69900,69900,69900,69900,69900,69900,69900,69900
78992762,한성컴퓨터 GK798PRO 유무선 기계식 메탈 화이트 (에그스톤 도각),62900,62900,62900,62900,62900,62900,62900,58500
76789487,한성컴퓨터 GK798PRO 유무선 기계식 스페이스 블랙 (딥블루 뽀송),70900,70900,70900,70900,70900,70900,70900,70900
78998918,한성컴퓨터 GK798PRO 유무선 기계식 스페이스 블랙 (라벤더 또각),62900,62900,62900,62900,62900,62900,62900,58490
78998903,한성컴퓨터 GK798PRO 유무선 기계식 스페이스 블랙 (문라이트 도독),66900,66900,66900,66900,66900,66900,66900,62210
78998894,한성컴퓨터 GK798PRO 유무선 기계식 스페이스 블랙 (브라운슈가 토독),69900,69900,69900,69900,69900,69900,69900,65000
78998909,한성컴퓨터 GK798PRO 유무선 기계식 스페이스 블랙 (에그스톤 도각),62900,62900,62900,62900,62900,62900,62900,58490
91346489,한성컴퓨터 GK798PRO 유무선 기계식 오션 화이트 (KTT블루 포각),69900,69900,69900,69900,69900,69900,69900,65000
76789481,한성컴퓨터 GK798PRO 유무선 기계식 오션 화이트 (딥블루 뽀송),69900,69900,69900,69900,69900,69900,69900,65000
78998966,한성컴퓨터 GK798PRO 유무선 기계식 오션 화이트 (라벤더 또각),62900,62900,62900,62900,62900,62900,62900,58500
78998960,한성컴퓨터 GK798PRO 유무선 기계식 오션 화이트 (문라이트 도독),66900,66900,66900,66900,66900,66900,66900,66900
78998954,한성컴퓨터 GK798PRO 유무선 기계식 오션 화이트 (브라운슈가 토독),69900,69900,69900,69900,69900,69900,69900,65000
78998963,한성컴퓨터 GK798PRO 유무선 기계식 오션 화이트 (에그스톤 도각),62900,62900,62900,62900,62900,62900,62900,58490
47607005,"한성컴퓨터 GK868B PRO 동그리 8K 유무선 무접점 (MERINGUE, 35g)",139000,139000,139000,139000,139000,139000,139000,129270
47607479,"한성컴퓨터 GK868B PRO 동그리 8K 유무선 무접점 (VENUS NAVY, 35g)",139000,139000,139000,139000,139000,139000,139000,129270
47599946,"한성컴퓨터 GK893B PRO 동그리 8K 유무선 무접점 (MERINGUE, 35g)",160250,160250,160250,160250,160250,160250,160250,160250
47599628,"한성컴퓨터 GK893B PRO 동그리 8K 유무선 무접점 (MERINGUE, 45g)",160250,160250,160250,160250,160250,160250,160250,160250
47598800,"한성컴퓨터 GK893B PRO 동그리 8K 유무선 무접점 (RETRO POINT, 35g)",139000,139000,139000,139000,139000,139000,139000,139000
47599223,"한성컴퓨터 GK893B PRO 동그리 8K 유무선 무접점 (RETRO POINT, 45g)",139000,139000,139000,139000,139000,139000,139000,139000
47600318,"한성컴퓨터 GK893B PRO 동그리 8K 유무선 무접점 (VENUS NAVY, 35g)",139000,139000,139000,139000,139000,139000,139000,129270
47600630,"한성컴퓨터 GK893B PRO 동그리 8K 유무선 무접점 (VENUS NAVY, 45g)",139000,139000,139000,139000,139000,139000,139000,129270
32888411,한성컴퓨터 GK893B PRO 염료승화 EDITION 유무선 무접점 (CAMPING),149000,149000,149000,149000,149000,149000,149000,149000
32888297,한성컴퓨터 GK893B PRO 염료승화 EDITION 유무선 무접점 (INTERSTELLAR),149000,149000,149000,149000,149000,149000,149000,138570
32888327,한성컴퓨터 GK893B PRO 염료승화 EDITION 유무선 무접점 (Purple Heart),149000,149000,149000,149000,149000,149000,149000,149000
32888339,한성컴퓨터 GK893B PRO 염료승화 EDITION 유무선 무접점 (SURFYY),149000,149000,149000,149000,149000,149000,149000,138570
9368970,"한성컴퓨터 GK893B SPORTS 영문 (블랙, 50g)",159000,159000,159000,159000,159000,159000,159000,159000
18490895,한성컴퓨터 GK893B 염료승화 EDITION 유무선 무접점 (Purple Heart),219000,219000,219000,219000,219000,219000,219000,219000
18490880,한성컴퓨터 GK893B 염료승화 EDITION 유무선 무접점 (TOY BLOCK),175000,175000,175000,175000,175000,175000,175000,175000
32037959,한성컴퓨터 GK896B PRO 염료승화 EDITION 유무선 무접점 (INTERSTELLAR),149000,149000,149000,149000,149000,149000,149000,138570
32037953,한성컴퓨터 GK896B PRO 염료승화 EDITION 유무선 무접점 (SURFYY),149000,149000,149000,149000,149000,149000,149000,138570
63028184,"한성컴퓨터 GK898B PRO 동그리 8K 유무선 무접점 (BLACK PINK, 35g)",149000,149000,149000,149000,149000,149000,149000,149000
63028193,"한성컴퓨터 GK898B PRO 동그리 8K 유무선 무접점 (BLACK PINK, 45g)",149000,149000,149000,149000,149000,149000,149000,149000
47590526,"한성컴퓨터 GK898B PRO 동그리 8K 유무선 무접점 (MERINGUE, 45g)",149000,149000,149000,149000,149000,149000,149000,149000
47592110,"한성컴퓨터 GK898B PRO 동그리 8K 유무선 무접점 (RETRO POINT, 35g)",149000,149000,149000,149000,149000,149000,149000,149000
47591774,"한성컴퓨터 GK898B PRO 동그리 8K 유무선 무접점 (RETRO POINT, 45g)",149000,149000,149000,149000,149000,149000,149000,149000
63028199,"한성컴퓨터 GK898B PRO 동그리 8K 유무선 무접점 (TOY BLOCK2, 35g)",149000,149000,149000,149000,149000,149000,149000,138570
63028202,"한성컴퓨터 GK898B PRO 동그리 8K 유무선 무접점 (TOY BLOCK2, 45g)",149000,149000,149000,149000,149000,149000,149000,138570
47591141,"한성컴퓨터 GK898B PRO 동그리 8K 유무선 무접점 (VENUS NAVY, 35g)",149000,149000,149000,149000,149000,149000,149000,138570
47591444,"한성컴퓨터 GK898B PRO 동그리 8K 유무선 무접점 (VENUS NAVY, 45g)",149000,149000,149000,149000,149000,149000,149000,138570
94084109,한성컴퓨터 GK898B PRO 동그리 8K 유무선 무접점 (중고),180000,180000,180000,180000,180000,180000,180000,180000
32888090,한성컴퓨터 GK898B PRO 염료승화 EDITION 유무선 무접점 (CAMPING),159000,159000,159000,159000,159000,159000,159000,159000
32887850,한성컴퓨터 GK898B PRO 염료승화 EDITION 유무선 무접점 (INTERSTELLAR),159000,159000,159000,155500,155500,159000,159000,147870
32887946,한성컴퓨터 GK898B PRO 염료승화 EDITION 유무선 무접점 (Purple Heart),159000,159000,159000,159000,159000,159000,159000,159000
32887955,한성컴퓨터 GK898B PRO 염료승화 EDITION 유무선 무접점 (SURFYY),159000,159000,159000,159000,159000,159000,159000,159000
21525491,한성컴퓨터 GK898B 염료승화 EDITION 무접점 키보드 (SURFYY),159000,159000,159000,159000,159000,159000,159000,159000
11046741,"한성컴퓨터 GK993B SKY 블루투스 기계식 키보드 한글 (블랙, 갈축)",102000,102000,102000,102000,102000,102000,102000,102000
11046753,"한성컴퓨터 GK993B SKY 블루투스 기계식 키보드 한글 (블랙, 적축)",102000,102000,102000,102000,102000,102000,102000,102000
11046696,"한성컴퓨터 GK993B SKY 블루투스 기계식 키보드 한글 (화이트, 갈축)",102000,102000,102000,102000,102000,102000,102000,102000
6523571,"한성컴퓨터 GTune GK638 Optik RGB 축교환 광축 게이밍 (블랙, 클릭)",32120,32120,32120,32120,32120,32120,32120,32120
75720668,한성컴퓨터 HKM1000K PLUS 키보드 마우스 세트,21900,21900,21900,21900,21900,21900,21900,20360
4677213,한성컴퓨터 HKM1000K 키보드마우스 세트,19900,19900,19900,19900,19900,19900,19900,19900
17568080,한성컴퓨터 LKM500 Win/Mac 전환 무선 키보드 마우스 세트 (블랙),25900,25900,25900,25900,25900,25900,25900,24080
21200483,한성컴퓨터 LKM500 Win/Mac 전환 무선 키보드 마우스 세트 (퍼플),25900,25900,25900,25900,25900,25900,25900,24080
17568167,한성컴퓨터 LKM500 Win/Mac 전환 무선 키보드 마우스 세트 (핑크),25900,25900,25900,25900,25900,25900,25900,24080
17568179,한성컴퓨터 LKM500 Win/Mac 전환 무선 키보드 마우스 세트 (화이트),25900,25900,25900,25900,25900,25900,25900,24080
18168929,한성컴퓨터 TFG ART Wireless V2 듀얼무선 기계식 키보드 블랙 (저소음 적축),98990,119000,119000,119000,119000,119000,119000,119000
18168977,한성컴퓨터 TFG ART Wireless V2 듀얼무선 기계식 키보드 화이트 (갈축),142000,142000,142000,142000,142000,142000,142000,142000
18168989,한성컴퓨터 TFG ART Wireless V2 듀얼무선 기계식 키보드 화이트 (저소음 적축),152000,152000,152000,152000,152000,152000,152000,152000
18168986,한성컴퓨터 TFG ART Wireless V2 듀얼무선 기계식 키보드 화이트 (적축),142000,142000,142000,142000,142000,142000,142000,142000
13736261,"한성컴퓨터 TFG ART Wireless 한글 (블랙, 갈축)",147930,147930,147930,147930,147930,147930,147930,147930
13736447,"한성컴퓨터 TFG ART Wireless 한글 (블랙, 적축)",147930,147930,147930,147930,147930,147930,147930,147930
13736285,"한성컴퓨터 TFG ART Wireless 한글 (화이트, 갈축)",147930,147930,147930,147930,147930,147930,147930,147930
55451420,한성컴퓨터 TFG Cloud CF 유무선 기계식 퍼플하트 (브라운슈가 토독),161100,161100,161100,161100,161100,161100,161100,161100
63418214,한성컴퓨터 TFG Cloud CL 유무선 기계식 모카코코아 (딥블루 뽀송),69000,94000,69000,69000,69000,69000,69000,69000
63418220,한성컴퓨터 TFG Cloud CL 유무선 기계식 모카코코아 (브라운슈가 토독),87020,89770,69000,69000,69000,69000,69000,69000
63418217,한성컴퓨터 TFG Cloud CL 유무선 기계식 모카코코아 (스카이블루 뽀송),94000,94000,69000,69000,69000,69000,69000,69000
63418250,한성컴퓨터 TFG Cloud CL 유무선 기계식 모카코코아 (핑크솔트 토독),69000,69000,69000,69000,69000,69000,69000,62420
63418184,한성컴퓨터 TFG Cloud CL 유무선 기계식 비너스네이비 (딥블루 뽀송),69000,69000,69000,69000,69000,69000,69000,62420
63418193,한성컴퓨터 TFG Cloud CL 유무선 기계식 비너스네이비 (브라운슈가 토독),69000,69000,69000,69000,69000,69000,69000,62420
63418190,한성컴퓨터 TFG Cloud CL 유무선 기계식 비너스네이비 (스카이블루 뽀송),69000,69000,69000,69000,69000,69000,69000,62420
63418196,한성컴퓨터 TFG Cloud CL 유무선 기계식 비너스네이비 (핑크솔트 토독),69000,69000,69000,69000,69000,69000,69000,62420
63143933,한성컴퓨터 TFG Cloud CL 유무선 기계식 코튼캔디 (딥블루 뽀송),69000,94000,94000,94000,94000,94000,94000,93900
63418175,한성컴퓨터 TFG Cloud CL 유무선 기계식 코튼캔디 (브라운슈가 토독),94000,94000,94000,94000,94000,94000,94000,94000
63418154,한성컴퓨터 TFG Cloud CL 유무선 기계식 코튼캔디 (스카이블루 뽀송),94000,94000,94000,94000,94000,94000,94000,94000
63418178,한성컴퓨터 TFG Cloud CL 유무선 기계식 코튼캔디 (핑크솔트 토독),94000,94000,94000,94000,94000,94000,94000,94000
63418253,한성컴퓨터 TFG Cloud CL 유무선 기계식 퍼플하트 (딥블루 뽀송),94000,94000,94000,94000,94000,94000,94000,94000
63418265,한성컴퓨터 TFG Cloud CL 유무선 기계식 퍼플하트 (브라운슈가 토독),94000,94000,94000,94000,94000,94000,94000,94000
63418259,한성컴퓨터 TFG Cloud CL 유무선 기계식 퍼플하트 (스카이블루 뽀송),94000,94000,94000,94000,94000,94000,94000,94000
63418268,한성컴퓨터 TFG Cloud CL 유무선 기계식 퍼플하트 (핑크솔트 토독),94000,94000,94000,94000,94000,94000,94000,94000
123031636,한성컴퓨터 TFG Cloud Max CF 동그리 유무선 기계식 딸기말차 (KTT블루 포각),94000,94000,94000,94000,94000,94000,94000,87420
123031627,한성컴퓨터 TFG Cloud Max CF 동그리 유무선 기계식 딸기말차 (브라운슈가 토독),94000,94000,94000,94000,94000,94000,94000,87420
98768288,한성컴퓨터 TFG Cloud Max CF 동그리 유무선 기계식 말차크림 (KTT블루 포각),94000,94000,94000,94000,94000,94000,94000,87420
91348043,한성컴퓨터 TFG Cloud Max CF 동그리 유무선 기계식 말차크림 (로즈핑크 도각),84000,84000,84000,84000,84000,84000,84000,78120
91348028,한성컴퓨터 TFG Cloud Max CF 동그리 유무선 기계식 말차크림 (문라이트 도독),94000,94000,94000,94000,94000,94000,94000,87420
91347821,한성컴퓨터 TFG Cloud Max CF 동그리 유무선 기계식 말차크림 (브라운슈가 토독),94000,94000,94000,94000,94000,94000,94000,87420
123031635,한성컴퓨터 TFG Cloud Max CF 동그리 유무선 기계식 블루베리 스무디 (KTT블루 포각),94000,94000,94000,94000,94000,94000,94000,87420
123031632,한성컴퓨터 TFG Cloud Max CF 동그리 유무선 기계식 블루베리 스무디 (브라운슈가 토독),94000,94000,94000,94000,94000,94000,94000,87420
99912095,한성컴퓨터 TFG Cloud Max CF 동그리 유무선 기계식 스페이스 블랙 (KTT블루 포각),93990,93990,89300,89300,89300,89300,94000,87420
91347773,한성컴퓨터 TFG Cloud Max CF 동그리 유무선 기계식 스페이스 블랙 (로즈핑크 도각),84000,84000,84000,84000,84000,84000,84000,84000
91347770,한성컴퓨터 TFG Cloud Max CF 동그리 유무선 기계식 스페이스 블랙 (문라이트 도독),94000,94000,94000,94000,94000,94000,94000,87420
91347779,한성컴퓨터 TFG Cloud Max CF 동그리 유무선 기계식 스페이스 블랙 (크림치즈 또각),84000,84000,84000,84000,84000,84000,84000,84000
98925041,한성컴퓨터 TFG Cloud Max CF 동그리 유무선 기계식 코튼캔디 (KTT블루 포각),99000,99000,99000,99000,99000,99000,99000,99000
123031619,한성컴퓨터 TFG Cloud Max CF 동그리 유무선 기계식 쿠키앤크림 (KTT블루 포각),94000,94000,94000,94000,94000,94000,94000,87420
123031617,한성컴퓨터 TFG Cloud Max CF 동그리 유무선 기계식 쿠키앤크림 (브라운슈가 토독),94000,94000,94000,94000,94000,94000,94000,87420
98768243,한성컴퓨터 TFG Cloud Max CF 동그리 유무선 기계식 퍼플하트 (KTT블루 포각),93990,93990,93990,93990,94000,94000,94000,87420
91348049,한성컴퓨터 TFG Cloud Max CF 동그리 유무선 기계식 퍼플하트 (로즈핑크 도각),84000,84000,84000,84000,84000,84000,84000,78120
91348034,한성컴퓨터 TFG Cloud Max CF 동그리 유무선 기계식 퍼플하트 (문라이트 도독),94000,94000,94000,94000,94000,94000,94000,87420
91348025,한성컴퓨터 TFG Cloud Max CF 동그리 유무선 기계식 퍼플하트 (브라운슈가 토독),94000,94000,94000,94000,94000,94000,94000,87420
91348064,한성컴퓨터 TFG Cloud Max CF 동그리 유무선 기계식 퍼플하트 (크림치즈 또각),99000,99000,99000,99000,99000,99000,99000,99000
98768267,한성컴퓨터 TFG Cloud Max CF 염료승화 유무선 기계식 멀티파스텔 (KTT블루 포각),93990,93990,93990,93990,94000,94000,94000,94000
91348424,한성컴퓨터 TFG Cloud Max CF 염료승화 유무선 기계식 멀티파스텔 (로즈핑크 도각),83990,83990,83990,83990,84000,84000,84000,78120
91348427,한성컴퓨터 TFG Cloud Max CF 염료승화 유무선 기계식 멀티파스텔 (문라이트 도독),94000,94000,94000,94000,94000,94000,94000,87420
91348451,한성컴퓨터 TFG Cloud Max CF 염료승화 유무선 기계식 멀티파스텔 (브라운슈가 토독),93990,93990,93990,93990,94000,94000,94000,87420
91348406,한성컴퓨터 TFG Cloud Max CF 염료승화 유무선 기계식 멀티파스텔 (크림치즈 또각),84000,84000,84000,84000,84000,84000,84000,84000
91348208,한성컴퓨터 TFG Cloud Max CF 염료승화 유무선 기계식 모카코코아 (로즈핑크 도각),111720,111720,111720,111720,111720,111720,111720,111720
91348232,한성컴퓨터 TFG Cloud Max CF 염료승화 유무선 기계식 모카코코아 (문라이트 도독),104000,104000,104000,104000,104000,104000,104000,104000
98925011,한성컴퓨터 TFG Cloud Max CF 염료승화 유무선 기계식 서피 (KTT블루 포각),93990,93990,93990,93990,94000,94000,94000,87420
91348526,한성컴퓨터 TFG Cloud Max CF 염료승화 유무선 기계식 서피 (로즈핑크 도각),84000,84000,84000,84000,84000,84000,84000,84000
91348532,한성컴퓨터 TFG Cloud Max CF 염료승화 유무선 기계식 서피 (문라이트 도독),94000,94000,94000,94000,94000,94000,94000,87420
91348514,한성컴퓨터 TFG Cloud Max CF 염료승화 유무선 기계식 서피 (크림치즈 또각),89000,89000,89000,89000,89000,89000,89000,89000
99912332,한성컴퓨터 TFG Cloud Max CF 염료승화 유무선 기계식 키즈 (KTT블루 포각),93990,93990,93990,93990,94000,94000,94000,87420
101075972,한성컴퓨터 TFG Cloud Max CF 염료승화 유무선 기계식 키즈 (브라운슈가 토독),93990,93990,93990,93990,94000,94000,94000,87420
98768216,한성컴퓨터 TFG Cloud Max CF 염료승화 유무선 기계식 퍼플하트 (KTT블루 포각),94000,94000,89300,89300,89300,89300,94000,87420
91348490,한성컴퓨터 TFG Cloud Max CF 염료승화 유무선 기계식 퍼플하트 (로즈핑크 도각),99000,99000,99000,99000,99000,99000,99000,99000
91348493,한성컴퓨터 TFG Cloud Max CF 염료승화 유무선 기계식 퍼플하트 (문라이트 도독),94000,94000,94000,94000,94000,94000,94000,87420
91348475,한성컴퓨터 TFG Cloud Max CF 염료승화 유무선 기계식 퍼플하트 (크림치즈 또각),84000,84000,84000,84000,84000,84000,84000,84000
123031559,한성컴퓨터 TFG Cloud Max CL 유무선 기계식 딸기말차 (KTT블루 포각),84000,84000,84000,84000,84000,84000,84000,78120
123031557,한성컴퓨터 TFG Cloud Max CL 유무선 기계식 딸기말차 (브라운슈가 토독),84000,84000,84000,84000,84000,84000,84000,78120
99912104,한성컴퓨터 TFG Cloud Max CL 유무선 기계식 모카코코아 (KTT블루 포각),84000,84000,80640,82150,82150,84000,84000,78120
93862100,한성컴퓨터 TFG Cloud Max CL 유무선 기계식 모카코코아 (로즈핑크 도각),73990,73990,73990,74000,74000,74000,74000,68820
97118546,한성컴퓨터 TFG Cloud Max CL 유무선 기계식 모카코코아 (문라이트 도독),94000,94000,94000,94000,94000,94000,94000,94000
93862082,한성컴퓨터 TFG Cloud Max CL 유무선 기계식 모카코코아 (브라운슈가 토독),83990,83990,83990,83990,84000,84000,84000,78120
93862106,한성컴퓨터 TFG Cloud Max CL 유무선 기계식 모카코코아 (크림치즈 또각),89000,89000,89000,89000,89000,89000,89000,89000
123031564,한성컴퓨터 TFG Cloud Max CL 유무선 기계식 블루베리 스무디 (KTT블루 포각),84000,84000,84000,84000,84000,84000,84000,78120
123031565,한성컴퓨터 TFG Cloud Max CL 유무선 기계식 블루베리 스무디 (브라운슈가 토독),84000,84000,84000,84000,84000,84000,84000,78120
99912107,한성컴퓨터 TFG Cloud Max CL 유무선 기계식 써피 (KTT블루 포각),84000,80640,80640,82150,82150,84000,84000,78120
93862016,한성컴퓨터 TFG Cloud Max CL 유무선 기계식 써피 (로즈핑크 도각),79000,79000,79000,79000,79000,79000,79000,79000
97118567,한성컴퓨터 TFG Cloud Max CL 유무선 기계식 써피 (문라이트 도독),84000,84000,84000,84000,84000,84000,84000,84000
93861959,한성컴퓨터 TFG Cloud Max CL 유무선 기계식 써피 (브라운슈가 토독),83990,83990,83990,83990,84000,84000,84000,78120
93862028,한성컴퓨터 TFG Cloud Max CL 유무선 기계식 써피 (크림치즈 또각),74000,74000,74000,74000,74000,74000,74000,74000
109680410,한성컴퓨터 TFG Magnetox 2XF (그레이레이니),91000,91000,91000,91000,91000,91000,91000,84630
109680407,한성컴퓨터 TFG Magnetox 2XF (멀티파스텔),91000,91000,91000,91000,91000,91000,91000,84630
122709263,한성컴퓨터 TFG Magnetox 2XF (쿠키앤크림),91000,91000,91000,91000,91000,91000,91000,84630
122709266,한성컴퓨터 TFG Magnetox 2XF (픽셀),91000,91000,91000,91000,91000,91000,91000,84630
122622051,한성컴퓨터 TFG Magnetox 2XF 저소음 (그레이레이니),101000,101000,101000,101000,101000,101000,101000,93930
122622045,한성컴퓨터 TFG Magnetox 2XF 저소음 (멀티파스텔),101000,101000,101000,101000,101000,101000,101000,93930
122709273,한성컴퓨터 TFG Magnetox 2XF 저소음 (쿠키앤크림),101000,101000,101000,101000,101000,101000,101000,93930
122709267,한성컴퓨터 TFG Magnetox 2XF 저소음 (픽셀),101000,101000,101000,101000,101000,101000,101000,93930
109680419,한성컴퓨터 TFG Magnetox 2XL (그레이레이니),81000,81000,80750,80750,81000,81000,81000,75330
109680422,한성컴퓨터 TFG Magnetox 2XL (멀티파스텔),81000,81000,81000,81000,81000,81000,81000,75330
122709288,한성컴퓨터 TFG Magnetox 2XL (쿠키앤크림),81000,81000,81000,81000,81000,81000,81000,75330
109680425,한성컴퓨터 TFG Magnetox 2XL (픽셀),81000,81000,81000,81000,81000,81000,81000,81000
122622081,한성컴퓨터 TFG Magnetox 2XL 저소음 (그레이레이니),91000,91000,91000,91000,91000,91000,91000,84630
122622079,한성컴퓨터 TFG Magnetox 2XL 저소음 (멀티파스텔),91000,91000,91000,91000,91000,91000,91000,84630
122709290,한성컴퓨터 TFG Magnetox 2XL 저소음 (쿠키앤크림),91000,91000,91000,91000,91000,91000,91000,84630
122622077,한성컴퓨터 TFG Magnetox 2XL 저소음 (픽셀),91000,91000,91000,91000,91000,91000,91000,84630
124152610,한성컴퓨터 TFG Magnetox 2XL 저소음 픽셀 더블 키캡 에디션,96000,96000,96000,96000,96000,96000,96000,96000
124152608,한성컴퓨터 TFG Magnetox 2XL 픽셀 더블 키캡 에디션,86000,86000,86000,86000,86000,86000,86000,86000
31425008,한성컴퓨터 TFX GTO Wireless 로보 (호크),139000,139000,139000,139000,139000,139000,139000,139000
6527471,핫라인게임즈 H2 키보드 받침 스탠드 (레드),9000,9000,9000,9000,9000,9000,9000,9000
6527463,핫라인게임즈 H2 키보드 받침 스탠드 (블랙),9000,9000,9000,9000,9000,9000,9000,9000
6527468,핫라인게임즈 H2 키보드 받침 스탠드 (실버),9000,9000,9000,9000,9000,9000,9000,9000
113337539,핫라인게임즈 논슬립패치 (G502),8000,8000,8000,8000,8000,8000,8000,8000
17522705,핫블루 H4715,5300,5300,5300,5300,5300,5300,5300,5300
28123013,해브잇올 morac 모쿠 메모리폼 팜레스트,8830,8830,9500,9400,9400,9400,9400,9400
60321713,해브잇올 morac 모쿠 수납형 손목받침대,24860,24910,24940,24940,25000,25000,25010,25010
97118417,해파리 키캡,12550,12550,12550,12550,12550,12550,12550,12550
18007538,현대컴퓨터 HDC-KM200 키보드 마우스 세트,10900,10900,10900,10900,10900,10900,10900,10900
90111602,현대하이테크 AOC GK180 블랙앤그레이 (G1),15000,15000,15000,15000,15000,15000,15000,15000
90115391,현대하이테크 AOC GK180 블랙앤그레이 (G2),15000,15000,15000,14360,15000,16900,15000,15000
90111611,현대하이테크 AOC GK180 화이트앤레드 (G1),15000,15000,15000,15000,15000,15000,15000,15000
90115427,현대하이테크 AOC GK180 화이트앤레드 (G2),15000,15000,15000,15000,15000,15000,15000,15000
93313874,현대하이테크 AOC GK900 유무선 기계식,169000,169000,169000,169000,169000,169000,169000,169000
18840677,후아즘 KS-007 RGB 키보드 서포터,19900,19900,19900,19900,19900,19900,19900,19900
122618984,휴먼스케일 키보드 시스템,497610,497610,497610,497610,497610,497610,497610,497610
