product_code,product_name,2026-09-29,2026-09-28,2026-09-27,2026-09-26,2026-09-25,2026-09-24,2026-09-23,2026-09-22
97563974,ASUS ExpertBook B3 B3605CCA-MB0348 (SSD 1TB),1267070,,1267110,,,,,
97563977,ASUS ExpertBook B3 B3605CCA-MB0348 (SSD 2TB),1430930,,1430510,,,,,
95989097,ASUS ExpertBook B3 B3605CCA-MB0348 (SSD 512GB),1148000,,1148000,,,,,
97564013,ASUS ExpertBook B3 B3605CCA-MB0348 WIN11 (SSD 1TB),1285320,,1285520,,,,,
97564016,ASUS ExpertBook B3 B3605CCA-MB0348 WIN11 (SSD 2TB),1417970,,1418800,,,,,
97310234,ASUS ExpertBook B3 B3605CCA-MB0348 WIN11 (SSD 512GB),1180000,,1180000,,,,,
97310246,ASUS ExpertBook B3 B3605CCA-MB0348 WIN11 32GB램 (SSD 1TB),1605220,,1605120,,,,,
97564031,ASUS ExpertBook B3 B3605CCA-MB0348 WIN11 32GB램 (SSD 2TB),1720980,,1721080,,,,,
97310243,ASUS ExpertBook B3 B3605CCA-MB0348 WIN11 32GB램 (SSD 512GB),1451620,,1452340,,,,,
97568483,ASUS ExpertBook B3 B3605CCA-MB0349 (SSD 1TB),1465790,,1465990,,,,,
97568492,ASUS ExpertBook B3 B3605CCA-MB0349 (SSD 2TB),1625990,,1625990,,,,,
95989130,ASUS ExpertBook B3 B3605CCA-MB0349 (SSD 512GB),1299000,,1299000,,,,,
97568834,ASUS ExpertBook B3 B3605CCA-MB0349 WIN11 32GB램 (SSD 1TB),1877000,,,,,,,
97568837,ASUS ExpertBook B3 B3605CCA-MB0349 WIN11 32GB램 (SSD 2TB),2048010,,,,,,,
103598519,ASUS ExpertBook B3 B3605CCA-MB0349 WIN11 32GB램 (SSD 4TB),2450000,,,,,,,
97364780,ASUS ExpertBook B3 B3605CCA-MB0349 WIN11 32GB램 (SSD 512GB),1738000,,,,,,,
122721527,ASUS ExpertBook B9 Ultra B9406CAA-TH0762X (SSD 1TB),4958990,,4958990,,,,,
122721479,ASUS ExpertBook B9 Ultra B9406CAA-TH0764X (SSD 1TB),4906250,,4844800,,,,,
122721515,ASUS ExpertBook B9 Ultra B9406CAA-TH0857X (SSD 2TB),5858680,,5858680,,,,,
103516550,ASUS ExpertBook P1 P1503CVA-S72002 (SSD 1TB),909440,,909440,,,,,
103516556,ASUS ExpertBook P1 P1503CVA-S72002 (SSD 2TB),1065590,,1065590,,,,,
102490352,ASUS ExpertBook P1 P1503CVA-S72002 (SSD 512GB),790620,,790620,,,,,
103516571,ASUS ExpertBook P1 P1503CVA-S72002 16GB램 (SSD 1TB),1082550,,1082680,,,,,
103516574,ASUS ExpertBook P1 P1503CVA-S72002 16GB램 (SSD 2TB),1233810,,1234010,,,,,
103516568,ASUS ExpertBook P1 P1503CVA-S72002 16GB램 (SSD 512GB),950510,,950640,,,,,
103516583,ASUS ExpertBook P1 P1503CVA-S72002 32GB램 (SSD 1TB),1426450,,1426590,,,,,
103516586,ASUS ExpertBook P1 P1503CVA-S72002 32GB램 (SSD 2TB),1568290,,1568490,,,,,
103516580,ASUS ExpertBook P1 P1503CVA-S72002 32GB램 (SSD 512GB),1250000,,1250000,,,,,
103187801,ASUS ExpertBook P1 P1503CVA-S72002 WIN11 (SSD 1TB),955690,,955830,,,,,
103187804,ASUS ExpertBook P1 P1503CVA-S72002 WIN11 (SSD 2TB),1089000,,1089000,,,,,
103187807,ASUS ExpertBook P1 P1503CVA-S72002 WIN11 (SSD 4TB),1850000,,1850000,,,,,
103187792,ASUS ExpertBook P1 P1503CVA-S72002 WIN11 (SSD 512GB),819000,,819000,,,,,
103235744,ASUS ExpertBook P1 P1503CVA-S72002 WIN11 16GB램 (SSD 1TB),1079000,,1079000,,,,,
103414802,ASUS ExpertBook P1 P1503CVA-S72002 WIN11 16GB램 (SSD 2TB),1209000,,1209000,,,,,
103414805,ASUS ExpertBook P1 P1503CVA-S72002 WIN11 16GB램 (SSD 4TB),2221000,,1670000,,,,,
103235741,ASUS ExpertBook P1 P1503CVA-S72002 WIN11 16GB램 (SSD 512GB),939000,,939000,,,,,
103235753,ASUS ExpertBook P1 P1503CVA-S72002 WIN11 32GB램 (SSD 1TB),1413970,,1414170,,,,,
103414811,ASUS ExpertBook P1 P1503CVA-S72002 WIN11 32GB램 (SSD 2TB),1590890,,1591090,,,,,
103414814,ASUS ExpertBook P1 P1503CVA-S72002 WIN11 32GB램 (SSD 4TB),2200000,,2200000,,,,,
103235750,ASUS ExpertBook P1 P1503CVA-S72002 WIN11 32GB램 (SSD 512GB),1298460,,1298470,,,,,
123681908,ASUS ExpertBook P1 P1503CVA-S72018 (SSD 1TB),1157820,,1157930,,,,,
123681912,ASUS ExpertBook P1 P1503CVA-S72018 (SSD 2TB),1279360,,1279520,,,,,
102489899,ASUS ExpertBook P1 P1503CVA-S72018 (SSD 512GB),950000,,950000,,,,,
103414541,ASUS ExpertBook P1 P1503CVA-S72018 WIN11 32GB램 (SSD 1TB),1526530,,1527160,,,,,
103414544,ASUS ExpertBook P1 P1503CVA-S72018 WIN11 32GB램 (SSD 2TB),1621960,,1622160,,,,,
103414547,ASUS ExpertBook P1 P1503CVA-S72018 WIN11 32GB램 (SSD 4TB),2337350,,2337350,,,,,
103414538,ASUS ExpertBook P1 P1503CVA-S72018 WIN11 32GB램 (SSD 512GB),1332310,,1332510,,,,,
96580334,ASUS ExpertBook P1 PM1503CDA-S70068 (SSD 1TB),1000000,,1000000,,,,,
96580343,ASUS ExpertBook P1 PM1503CDA-S70068 (SSD 2TB),1200000,,1200000,,,,,
103517144,ASUS ExpertBook P1 PM1503CDA-S70068 (SSD 4TB),2000000,,1745700,,,,,
96422729,ASUS ExpertBook P1 PM1503CDA-S70068 (SSD 512GB),810000,,810000,,,,,
96425288,ASUS ExpertBook P1 PM1503CDA-S70069 (SSD 1TB),834000,,834000,,,,,
96425306,ASUS ExpertBook P1 PM1503CDA-S70069 (SSD 2TB),940000,,940000,,,,,
104555108,ASUS ExpertBook P1 PM1503CDA-S70069 (SSD 4TB),1567000,,1567000,,,,,
96422786,ASUS ExpertBook P1 PM1503CDA-S70069 (SSD 512GB),686000,,686000,,,,,
96425447,ASUS ExpertBook P1 PM1503CDA-S70069 WIN11 16GB램 (SSD 1TB),1063990,,1063990,,,,,
96425450,ASUS ExpertBook P1 PM1503CDA-S70069 WIN11 16GB램 (SSD 2TB),1167000,,1167000,,,,,
97470218,ASUS ExpertBook P1 PM1503CDA-S70069 WIN11 16GB램 (SSD 4TB),1795000,,1681000,,,,,
96425444,ASUS ExpertBook P1 PM1503CDA-S70069 WIN11 16GB램 (SSD 512GB),895000,,895000,,,,,
104750723,ASUS ExpertBook P1 PM1503CDA-S70237 (SSD 1TB),1109000,,1109000,,,,,
104750735,ASUS ExpertBook P1 PM1503CDA-S70237 (SSD 2TB),1269000,,1269000,,,,,
104750690,ASUS ExpertBook P1 PM1503CDA-S70237 (SSD 512GB),842000,,842000,,,,,
104750768,ASUS ExpertBook P1 PM1503CDA-S70237 WIN11 (SSD 1TB),1150000,,1150000,,,,,
104750771,ASUS ExpertBook P1 PM1503CDA-S70237 WIN11 (SSD 2TB),1339000,,1339000,,,,,
104966399,ASUS ExpertBook P1 PM1503CDA-S70237 WIN11 (SSD 4TB),2122600,,2122600,,,,,
104750765,ASUS ExpertBook P1 PM1503CDA-S70237 WIN11 (SSD 512GB),918900,,899000,,,,,
104751416,ASUS ExpertBook P1 PM1503CDA-S70324 (SSD 1TB),857000,,857000,,,,,
104751428,ASUS ExpertBook P1 PM1503CDA-S70324 (SSD 2TB),994000,,994000,,,,,
122691090,ASUS ExpertBook P1 PM1503CDA-S70324 (SSD 4TB),2000000,,2000000,,,,,
104751389,ASUS ExpertBook P1 PM1503CDA-S70324 (SSD 512GB),726000,,726000,,,,,
104751545,ASUS ExpertBook P1 PM1503CDA-S70324 WIN11 (SSD 1TB),883990,,883990,,,,,
104751551,ASUS ExpertBook P1 PM1503CDA-S70324 WIN11 (SSD 2TB),1039830,,1022000,,,,,
104966321,ASUS ExpertBook P1 PM1503CDA-S70324 WIN11 (SSD 4TB),2126990,,2126990,,,,,
104751542,ASUS ExpertBook P1 PM1503CDA-S70324 WIN11 (SSD 512GB),735990,,735990,,,,,
104751488,ASUS ExpertBook P1 PM1503CDA-S70324 WIN11 16GB램 (SSD 1TB),978000,,978000,,,,,
104751491,ASUS ExpertBook P1 PM1503CDA-S70324 WIN11 16GB램 (SSD 2TB),1105000,,1105000,,,,,
104966339,ASUS ExpertBook P1 PM1503CDA-S70324 WIN11 16GB램 (SSD 4TB),2100000,,2100000,,,,,
104751485,ASUS ExpertBook P1 PM1503CDA-S70324 WIN11 16GB램 (SSD 512GB),890000,,890000,,,,,
122695408,ASUS Gaming V16 V3607VH-TK126 (SSD 1TB),1620980,,1613450,,,,,
122695425,ASUS Gaming V16 V3607VH-TK126 (SSD 2TB),1773500,,1765880,,,,,
122673355,ASUS Gaming V16 V3607VH-TK126 (SSD 512GB),1798990,,1798990,,,,,
122695398,ASUS Gaming V16 V3607VH-TK126 32GB램 (SSD 1TB),2009630,,2009630,,,,,
122695400,ASUS Gaming V16 V3607VH-TK126 32GB램 (SSD 2TB),2133210,,2133410,,,,,
122695387,ASUS Gaming V16 V3607VH-TK126 32GB램 (SSD 512GB),1789000,,1788850,,,,,
122678255,ASUS Gaming V16 V3607VH-TK126 WIN11 (SSD 1TB),1649000,,1649000,,,,,
122684144,ASUS Gaming V16 V3607VH-TK126 WIN11 (SSD 2TB),1799000,,1799000,,,,,
122684113,ASUS Gaming V16 V3607VH-TK126 WIN11 (SSD 4TB),2718880,,2719080,,,,,
122678250,ASUS Gaming V16 V3607VH-TK126 WIN11 (SSD 512GB),1458770,,1458790,,,,,
122678259,ASUS Gaming V16 V3607VH-TK126 WIN11 32GB램 (SSD 1TB),1999000,,1999000,,,,,
122684136,ASUS Gaming V16 V3607VH-TK126 WIN11 32GB램 (SSD 2TB),2129000,,2129000,,,,,
122684140,ASUS Gaming V16 V3607VH-TK126 WIN11 32GB램 (SSD 4TB),3000000,,3000000,,,,,
122678258,ASUS Gaming V16 V3607VH-TK126 WIN11 32GB램 (SSD 512GB),1828820,,1828820,,,,,
92107316,ASUS Gaming V16 V3607VM-RP005 (SSD 1TB),1908890,,1908890,,,,,
92107319,ASUS Gaming V16 V3607VM-RP005 (SSD 2TB),2089810,,2089810,,,,,
92653196,ASUS Gaming V16 V3607VM-RP005 (SSD 4TB),3050000,,2678100,,,,,
90890546,ASUS Gaming V16 V3607VM-RP005 (SSD 512GB),1899000,,1828100,,,,,
92107406,ASUS Gaming V16 V3607VM-RP005 WIN11 (SSD 1TB),1861240,,,,,,,
92107412,ASUS Gaming V16 V3607VM-RP005 WIN11 (SSD 2TB),2080680,,,,,,,
92641784,ASUS Gaming V16 V3607VM-RP005 WIN11 (SSD 4TB),2618000,,,,,,,
92107403,ASUS Gaming V16 V3607VM-RP005 WIN11 (SSD 512GB),1890000,,,,,,,
122710645,ASUS Gaming V16 V3607VM-TK158 (SSD 1TB),1964000,,1964000,,,,,
122710648,ASUS Gaming V16 V3607VM-TK158 (SSD 2TB),2113000,,2113000,,,,,
122701172,ASUS Gaming V16 V3607VM-TK158 (SSD 512GB),1778000,,1699000,,,,,
106717307,ASUS ProArt GoPro Edition PX13 HN7306EAC-LX057W (SSD 1TB),6349000,,6349000,,,,,
108446294,ASUS ProArt P16 H7606WM-SR138W (SSD 1TB),4679000,,4679000,,,,,
122633680,ASUS ProArt P16 H7606WM-SR138W (SSD 2TB),4700000,,4700000,,,,,
90647867,ASUS ProArt P16 H7606WP-ME042W (SSD 2TB),4899000,,4899000,,,,,
92357291,ASUS ProArt P16 H7606WP-ME042W (SSD 4TB),5329000,,5329000,,,,,
108446333,ASUS ProArt P16 H7606WP-SR260W (SSD 1TB),5139000,,5099000,,,,,
122633729,ASUS ProArt P16 H7606WP-SR260W (SSD 2TB),5269000,,5269000,,,,,
108446354,ASUS ProArt P16 H7606WP-SR261W (SSD 2TB),5899000,,5899000,,,,,
122638765,ASUS ProArt P16 H7606WP-SR261W (SSD 4TB),6299000,,6299000,,,,,
122653574,ASUS ProArt P16 H7606WP-SR331W (SSD 1TB),5749000,,5749000,,,,,
122670748,ASUS ProArt P16 H7606WP-SR331W (SSD 2TB),5879000,,5879000,,,,,
122670750,ASUS ProArt P16 H7606WP-SR331W (SSD 4TB),6299000,,6299000,,,,,
104963807,ASUS ProArt PX13 HN7306EA-LX090W (SSD 1TB),6099000,,6099000,,,,,
106221506,ASUS ProArt PX13 HN7306EA-LX090W (SSD 2TB),8080000,,8080000,,,,,
106221521,ASUS ProArt PX13 HN7306EA-LX090W (SSD 4TB),8000000,,8680000,,,,,
122692376,ASUS ProArt PZ14 HT7407NA-SN034W (SSD 1TB),4149000,,4149000,,,,,
76463444,ASUS ROG Flow Z13 GZ302EA-RU007W (SSD 1TB),3515000,,3515000,,,,,
77311790,ASUS ROG Flow Z13 GZ302EA-RU007W (SSD 2TB),3848000,,3848000,,,,,
77311829,ASUS ROG Flow Z13 GZ302EA-RU007W (SSD 4TB),4616510,,4462000,,,,,
76338686,ASUS ROG Flow Z13 GZ302EA-RU013W (SSD 1TB),3199000,,,,,,,
77311574,ASUS ROG Flow Z13 GZ302EA-RU013W (SSD 2TB),3679590,,,,,,,
77311580,ASUS ROG Flow Z13 GZ302EA-RU013W (SSD 4TB),4280000,,,,,,,
76462073,ASUS ROG Flow Z13 GZ302EA-RU110W (SSD 1TB),3880000,,3778990,,,,,
77313734,ASUS ROG Flow Z13 GZ302EA-RU110W (SSD 2TB),4480000,,4239800,,,,,
77313749,ASUS ROG Flow Z13 GZ302EA-RU110W (SSD 4TB),4980000,,4919800,,,,,
88006577,ASUS ROG STRIX G16 G614FR-S5122 WIN11 32GB램 (SSD 1TB),4500000,,4500000,,,,,
88007279,ASUS ROG STRIX G16 G614FR-S5122 WIN11 32GB램 (SSD 2TB),4788590,,4788790,,,,,
88007702,ASUS ROG STRIX G16 G614FR-S5122 WIN11 32GB램 (SSD 4TB),5393060,,4838000,,,,,
122665556,ASUS ROG STRIX G16 G614FR-TS250 (SSD 1TB),4097990,,,,,,,
122706787,ASUS ROG STRIX G16 G614FR-TS250 (SSD 2TB),4550000,,,,,,,
122706790,ASUS ROG STRIX G16 G614FR-TS250 (SSD 4TB),5113700,,,,,,,
122651490,ASUS ROG STRIX G16 G614PP-TS215 (SSD 1TB),3600000,,3499000,,,,,
122714993,ASUS ROG STRIX G16 G614PP-TS215 (SSD 2TB),4046000,,3879000,,,,,
124130439,ASUS ROG STRIX G16 G614PP-TS215 (SSD 4TB),4899000,,4499000,,,,,
122665512,ASUS ROG STRIX G16 G614PR-TS126 (SSD 1TB),4289000,,3399000,,,,,
122706747,ASUS ROG STRIX G16 G614PR-TS126 (SSD 2TB),4082020,,4082220,,,,,
122706749,ASUS ROG STRIX G16 G614PR-TS126 (SSD 4TB),4747020,,4747220,,,,,
101542853,ASUS ROG STRIX G16 G615LP-S5180W (SSD 1TB),3800000,,3800000,,,,,
101628944,ASUS ROG STRIX G16 G615LP-S5180W (SSD 2TB),4000000,,4000000,,,,,
101628950,ASUS ROG STRIX G16 G615LP-S5180W (SSD 4TB),4454590,,4454590,,,,,
77088449,ASUS ROG STRIX G16 G615LW-S5027 (SSD 1TB),5890000,,5890000,,,,,
78533510,ASUS ROG STRIX G16 G615LW-S5027 (SSD 2TB),5290000,,5290000,,,,,
79113857,ASUS ROG STRIX G16 G615LW-S5027 (SSD 4TB),5690000,,5690000,,,,,
122829240,ASUS ROG STRIX G16 G615LW-TS275 (SSD 1TB),6000000,,5599000,,,,,
124117289,ASUS ROG STRIX G16 G615LW-TS275 (SSD 2TB),6568990,,6568990,,,,,
124117290,ASUS ROG STRIX G16 G615LW-TS275 (SSD 4TB),7178990,,7178990,,,,,
122715761,ASUS ROG STRIX G18 G815LR-TT302 (SSD 1TB),5299000,,,,,,,
122930750,ASUS ROG STRIX G18 G815LR-TT302 (SSD 2TB),5418000,,,,,,,
122930754,ASUS ROG STRIX G18 G815LR-TT302 (SSD 4TB),5805000,,,,,,,
122930768,ASUS ROG STRIX G18 G815LR-TT302 WIN11 64GB램 (SSD 1TB),5780000,,5780000,,,,,
122930770,ASUS ROG STRIX G18 G815LR-TT302 WIN11 64GB램 (SSD 2TB),6050000,,6050000,,,,,
124033106,ASUS ROG STRIX G18 G815LR-TT302 WIN11 64GB램 (SSD 4TB),6729870,,6741020,,,,,
78608915,ASUS ROG STRIX G18 G815LW-S9103 WIN11 (SSD 1TB),5797560,,,,,,,
78608918,ASUS ROG STRIX G18 G815LW-S9103 WIN11 (SSD 2TB),6023280,,,,,,,
78783791,ASUS ROG STRIX G18 G815LW-S9103 WIN11 (SSD 4TB),6524460,,,,,,,
122715788,ASUS ROG STRIX G18 G815LW-SA274 (SSD 1TB),6299000,,5999000,,,,,
77088371,ASUS ROG STRIX SCAR 18 G835LX-SA041W (SSD 2TB),7418000,,7418000,,,,,
79550492,ASUS ROG STRIX SCAR 18 G835LX-SA041W (SSD 4TB),9421440,,9421440,,,,,
81716228,ASUS ROG STRIX SCAR 18 G835LX-SA041W (SSD 5TB),12874960,,12874960,,,,,
122670859,ASUS ROG STRIX SCAR 18 G835LXG-TQ429W (SSD 2TB),9499000,,9499000,,,,,
122685052,ASUS ROG STRIX SCAR 18 G835LXG-TQ429W (SSD 4TB),11200000,,11200000,,,,,
90891410,ASUS ROG 제피러스 G14 GA403UM-QS018W (SSD 1TB),3990000,,3990000,,,,,
91871600,ASUS ROG 제피러스 G14 GA403UM-QS018W (SSD 2TB),4190000,,4190000,,,,,
91871609,ASUS ROG 제피러스 G14 GA403UM-QS018W (SSD 4TB),4290000,,4290000,,,,,
122637304,ASUS ROG 제피러스 G14 GU405AP-SY018W (SSD 1TB),5099000,,5029000,,,,,
122640394,ASUS ROG 제피러스 G14 GU405AP-SY018W (SSD 2TB),6035000,,6035000,,,,,
122640395,ASUS ROG 제피러스 G14 GU405AP-SY018W (SSD 4TB),6494240,,6494440,,,,,
122637372,ASUS ROG 제피러스 G14 GU405AW-SY065W (SSD 1TB),7499000,,,,,,,
122646426,ASUS ROG 제피러스 G14 GU405AW-SY065W (SSD 2TB),8450000,,,,,,,
122646427,ASUS ROG 제피러스 G14 GU405AW-SY065W (SSD 4TB),8700000,,,,,,,
122637382,ASUS ROG 제피러스 G14 GU405AW-SY066W (SSD 1TB),7700000,,7700000,,,,,
122646415,ASUS ROG 제피러스 G14 GU405AW-SY066W (SSD 2TB),8450000,,8450000,,,,,
122646416,ASUS ROG 제피러스 G14 GU405AW-SY066W (SSD 4TB),8700000,,8700000,,,,,
94521698,ASUS ROG 제피러스 G16 GU605CM-QR025W (SSD 1TB),4130000,,4130000,,,,,
94882382,ASUS ROG 제피러스 G16 GU605CM-QR025W (SSD 2TB),4330000,,4330000,,,,,
94882412,ASUS ROG 제피러스 G16 GU605CM-QR025W (SSD 4TB),4840000,,4840000,,,,,
90891677,ASUS ROG 제피러스 G16 GU605CP-QR019W (SSD 1TB),5192000,,4799000,,,,,
91768919,ASUS ROG 제피러스 G16 GU605CP-QR019W (SSD 2TB),4960000,,4960000,,,,,
91768949,ASUS ROG 제피러스 G16 GU605CP-QR019W (SSD 4TB),6000000,,5705500,,,,,
76549997,ASUS ROG 제피러스 G16 GU605CR-QR153W (SSD 1TB),5590000,,5590000,,,,,
89609072,ASUS ROG 제피러스 G16 GU605CR-QR153W (SSD 2TB),6390000,,5989800,,,,,
89609075,ASUS ROG 제피러스 G16 GU605CR-QR153W (SSD 4TB),6490000,,6490000,,,,,
122637086,ASUS ROG 제피러스 G16 GU606AP-TB024W (SSD 1TB),5499000,,5229000,,,,,
122646566,ASUS ROG 제피러스 G16 GU606AP-TB024W (SSD 2TB),5720420,,5609000,,,,,
122646572,ASUS ROG 제피러스 G16 GU606AP-TB024W (SSD 4TB),6920880,,6921080,,,,,
122637090,ASUS ROG 제피러스 G16 GU606AP-TB025W (SSD 1TB),5299000,,5229000,,,,,
122646546,ASUS ROG 제피러스 G16 GU606AP-TB025W (SSD 2TB),5608930,,5609000,,,,,
122646551,ASUS ROG 제피러스 G16 GU606AP-TB025W (SSD 4TB),6638420,,6638620,,,,,
122680022,ASUS ROG 제피러스 G16 GU606AR-TB083W (SSD 1TB),7298990,,,,,,,
122690840,ASUS ROG 제피러스 G16 GU606AR-TB083W (SSD 2TB),7590990,,,,,,,
122690842,ASUS ROG 제피러스 G16 GU606AR-TB083W (SSD 4TB),8548010,,,,,,,
122680065,ASUS ROG 제피러스 G16 GU606AW-TB130W (SSD 1TB),7628990,,7628990,,,,,
122690826,ASUS ROG 제피러스 G16 GU606AW-TB130W (SSD 2TB),8441950,,8079000,,,,,
122690829,ASUS ROG 제피러스 G16 GU606AW-TB130W (SSD 4TB),9699710,,9700000,,,,,
122680082,ASUS ROG 제피러스 G16 GU606AX-TB090W (SSD 1TB),8988510,,8429000,,,,,
122690821,ASUS ROG 제피러스 G16 GU606AX-TB090W (SSD 2TB),8930910,,8809000,,,,,
122728463,ASUS ROG 제피러스 G16 GU606AX-TB090W (SSD 4TB),10384000,,10384000,,,,,
122637057,ASUS ROG 제피러스 듀오 GX651AX-SR140W (SSD 1TB),10657500,,9999000,,,,,
122646582,ASUS ROG 제피러스 듀오 GX651AX-SR140W (SSD 2TB),11400000,,11400000,,,,,
122646585,ASUS ROG 제피러스 듀오 GX651AX-SR140W (SSD 4TB),11900000,,11900000,,,,,
108392639,ASUS TUF Gaming A14 FA401EA-RG031W (SSD 1TB),3600000,,3519000,,,,,
109599668,ASUS TUF Gaming A14 FA401EA-RG031W (SSD 2TB),3831890,,3832090,,,,,
109599671,ASUS TUF Gaming A14 FA401EA-RG031W (SSD 4TB),4500000,,4319800,,,,,
122672149,ASUS TUF Gaming A14 FA401EA-RG050W (SSD 1TB),3179300,,3179300,,,,,
122672156,ASUS TUF Gaming A14 FA401EA-RG050W (SSD 2TB),3455710,,3455910,,,,,
122672158,ASUS TUF Gaming A14 FA401EA-RG050W (SSD 4TB),4207310,,3939000,,,,,
122651306,ASUS TUF Gaming A14 FA401EA-RG050W (SSD 512GB),3082690,,2999000,,,,,
93383075,ASUS TUF Gaming A14 FA401KM-RG006 (SSD 1TB),2849000,,2849000,,,,,
94523696,ASUS TUF Gaming A14 FA401KM-RG006 (SSD 2TB),3000000,,3000000,,,,,
94523714,ASUS TUF Gaming A14 FA401KM-RG006 (SSD 4TB),3790000,,3324050,,,,,
93912566,ASUS TUF Gaming A14 FA401UH-RG005 (SSD 1TB),2220000,,2220000,,,,,
93912581,ASUS TUF Gaming A14 FA401UH-RG005 (SSD 2TB),2420000,,2420000,,,,,
93912587,ASUS TUF Gaming A14 FA401UH-RG005 (SSD 4TB),2875000,,2875000,,,,,
93381602,ASUS TUF Gaming A14 FA401UH-RG005 (SSD 512GB),2080000,,1849000,,,,,
122672119,ASUS TUF Gaming A14 FA401UM-RG006 (SSD 1TB),2530000,,2189000,,,,,
122672126,ASUS TUF Gaming A14 FA401UM-RG006 (SSD 2TB),2649000,,2649000,,,,,
122672131,ASUS TUF Gaming A14 FA401UM-RG006 (SSD 4TB),3499000,,3389000,,,,,
122651369,ASUS TUF Gaming A14 FA401UM-RG006 (SSD 512GB),2380000,,1999000,,,,,
93860915,ASUS TUF Gaming A14 FA401UM-RG007 (SSD 1TB),2620000,,2620000,,,,,
93860921,ASUS TUF Gaming A14 FA401UM-RG007 (SSD 2TB),2750000,,2750000,,,,,
93913472,ASUS TUF Gaming A14 FA401UM-RG007 (SSD 4TB),3195000,,3195000,,,,,
92886116,ASUS TUF Gaming A14 FA401UM-RG007 (SSD 512GB),2468000,,2469000,,,,,
93440780,ASUS TUF Gaming A14 FA401UM-RG007 WIN11 (SSD 1TB),2699000,,2699000,,,,,
93440786,ASUS TUF Gaming A14 FA401UM-RG007 WIN11 (SSD 2TB),2828000,,2829000,,,,,
93440792,ASUS TUF Gaming A14 FA401UM-RG007 WIN11 (SSD 4TB),3230000,,2949000,,,,,
93440768,ASUS TUF Gaming A14 FA401UM-RG007 WIN11 (SSD 512GB),2490000,,2490000,,,,,
122671763,ASUS TUF Gaming A14 FA401UM-RG010 (SSD 1TB),2448000,,2189000,,,,,
122671767,ASUS TUF Gaming A14 FA401UM-RG010 (SSD 2TB),2634000,,2634000,,,,,
122671771,ASUS TUF Gaming A14 FA401UM-RG010 (SSD 4TB),3515000,,3515000,,,,,
122651382,ASUS TUF Gaming A14 FA401UM-RG010 (SSD 512GB),2170000,,1999000,,,,,
108460844,ASUS TUF Gaming A14 FA401UM-RG011 (SSD 1TB),2817000,,2817000,,,,,
108460856,ASUS TUF Gaming A14 FA401UM-RG011 (SSD 2TB),2930330,,2930330,,,,,
108460892,ASUS TUF Gaming A14 FA401UM-RG011 (SSD 4TB),3399000,,3399000,,,,,
108418679,ASUS TUF Gaming A14 FA401UM-RG011 (SSD 512GB),2599000,,2499000,,,,,
109597331,ASUS TUF Gaming A14 FA401UM-RG011 WIN11 (SSD 1TB),2795290,,2795490,,,,,
109597334,ASUS TUF Gaming A14 FA401UM-RG011 WIN11 (SSD 2TB),2949000,,2949000,,,,,
109597337,ASUS TUF Gaming A14 FA401UM-RG011 WIN11 (SSD 4TB),3468700,,3468900,,,,,
109597328,ASUS TUF Gaming A14 FA401UM-RG011 WIN11 (SSD 512GB),2675000,,2675000,,,,,
98229446,ASUS TUF Gaming A15 FA506NCG-HN198 (SSD 1TB),1790000,,1790000,,,,,
98229452,ASUS TUF Gaming A15 FA506NCG-HN198 (SSD 2TB),1890000,,1890000,,,,,
97306985,ASUS TUF Gaming A15 FA506NCG-HN198 (SSD 512GB),1498990,,1498990,,,,,
106763714,ASUS TUF Gaming A16 FA607NUQ-RL010 32GB램 (SSD 1TB),1807370,,1807570,,,,,
106763717,ASUS TUF Gaming A16 FA607NUQ-RL010 32GB램 (SSD 2TB),1932680,,1932880,,,,,
106763723,ASUS TUF Gaming A16 FA607NUQ-RL010 32GB램 (SSD 4TB),2468280,,2468480,,,,,
106763711,ASUS TUF Gaming A16 FA607NUQ-RL010 32GB램 (SSD 512GB),1694150,,1694350,,,,,
106763756,ASUS TUF Gaming A16 FA607NUQ-RL010 WIN11 (SSD 1TB),1461720,,1461920,,,,,
106763759,ASUS TUF Gaming A16 FA607NUQ-RL010 WIN11 (SSD 2TB),1617510,,1617710,,,,,
106763765,ASUS TUF Gaming A16 FA607NUQ-RL010 WIN11 (SSD 4TB),2173370,,2173570,,,,,
106763753,ASUS TUF Gaming A16 FA607NUQ-RL010 WIN11 (SSD 512GB),1355370,,1355570,,,,,
106763774,ASUS TUF Gaming A16 FA607NUQ-RL010 WIN11 32GB램 (SSD 1TB),1828520,,1828720,,,,,
106763777,ASUS TUF Gaming A16 FA607NUQ-RL010 WIN11 32GB램 (SSD 2TB),1997620,,1997820,,,,,
106763783,ASUS TUF Gaming A16 FA607NUQ-RL010 WIN11 32GB램 (SSD 4TB),2562150,,2562350,,,,,
106763771,ASUS TUF Gaming A16 FA607NUQ-RL010 WIN11 32GB램 (SSD 512GB),1714710,,1714910,,,,,
91345211,ASUS TUF Gaming A16 FA608PP-QT028 (SSD 1TB),2505460,,2505140,,,,,
91345196,ASUS TUF Gaming A16 FA608PP-QT028 (SSD 2TB),2666410,,2666390,,,,,
92624537,ASUS TUF Gaming A16 FA608PP-QT028 (SSD 4TB),3144000,,3144000,,,,,
90956735,ASUS TUF Gaming A16 FA608PP-QT028 (SSD 512GB),2440000,,2349000,,,,,
91345223,ASUS TUF Gaming A16 FA608PP-QT028 32GB램 (SSD 1TB),2737170,,2737370,,,,,
91345226,ASUS TUF Gaming A16 FA608PP-QT028 32GB램 (SSD 2TB),2945360,,2945560,,,,,
92190476,ASUS TUF Gaming A16 FA608PP-QT028 32GB램 (SSD 4TB),3437520,,3437720,,,,,
91345220,ASUS TUF Gaming A16 FA608PP-QT028 32GB램 (SSD 512GB),2598000,,2579000,,,,,
91345265,ASUS TUF Gaming A16 FA608PP-QT028 WIN11 (SSD 1TB),2445890,,2445890,,,,,
91345268,ASUS TUF Gaming A16 FA608PP-QT028 WIN11 (SSD 2TB),2617010,,2617210,,,,,
92624621,ASUS TUF Gaming A16 FA608PP-QT028 WIN11 (SSD 4TB),3064000,,3064000,,,,,
91345262,ASUS TUF Gaming A16 FA608PP-QT028 WIN11 (SSD 512GB),2340000,,2340000,,,,,
91345253,ASUS TUF Gaming A16 FA608PP-QT028 WIN11 32GB램 (SSD 1TB),2723380,,2723580,,,,,
91345256,ASUS TUF Gaming A16 FA608PP-QT028 WIN11 32GB램 (SSD 2TB),2927210,,2927410,,,,,
92624651,ASUS TUF Gaming A16 FA608PP-QT028 WIN11 32GB램 (SSD 4TB),3486670,,3486870,,,,,
91345250,ASUS TUF Gaming A16 FA608PP-QT028 WIN11 32GB램 (SSD 512GB),2646490,,2646690,,,,,
108390395,ASUS TUF Gaming A16 FA608PP-QT111 (SSD 1TB),2498090,,2498290,,,,,
108458417,ASUS TUF Gaming A16 FA608PP-QT111 (SSD 2TB),2604510,,2604520,,,,,
108460637,ASUS TUF Gaming A16 FA608PP-QT111 (SSD 4TB),3151830,,3152030,,,,,
108460640,ASUS TUF Gaming A16 FA608PP-QT111 32GB램 (SSD 1TB),2732120,,2732320,,,,,
108460643,ASUS TUF Gaming A16 FA608PP-QT111 32GB램 (SSD 2TB),2951000,,2951010,,,,,
108460646,ASUS TUF Gaming A16 FA608PP-QT111 32GB램 (SSD 4TB),3350000,,3350000,,,,,
108460664,ASUS TUF Gaming A16 FA608PP-QT111 64GB램 (SSD 1TB),3376020,,3376030,,,,,
108460667,ASUS TUF Gaming A16 FA608PP-QT111 64GB램 (SSD 2TB),3579200,,3579210,,,,,
109680584,ASUS TUF Gaming A16 FA608PP-QT111 64GB램 (SSD 4TB),4118460,,4118660,,,,,
108460751,ASUS TUF Gaming A16 FA608PP-QT111 WIN11 (SSD 1TB),2425340,,2425540,,,,,
108460754,ASUS TUF Gaming A16 FA608PP-QT111 WIN11 (SSD 2TB),2621110,,2621310,,,,,
108460757,ASUS TUF Gaming A16 FA608PP-QT111 WIN11 (SSD 4TB),3147190,,3147390,,,,,
108460724,ASUS TUF Gaming A16 FA608PP-QT111 WIN11 32GB램 (SSD 1TB),2733080,,2733180,,,,,
108460730,ASUS TUF Gaming A16 FA608PP-QT111 WIN11 32GB램 (SSD 2TB),2960780,,2960980,,,,,
108460739,ASUS TUF Gaming A16 FA608PP-QT111 WIN11 32GB램 (SSD 4TB),3455640,,3455840,,,,,
93067943,ASUS TUF Gaming A16 FA608UH-RV039 (SSD 1TB),1899000,,1899000,,,,,
93067949,ASUS TUF Gaming A16 FA608UH-RV039 (SSD 2TB),2098000,,2120000,,,,,
93444377,ASUS TUF Gaming A16 FA608UH-RV039 (SSD 4TB),2730000,,2730000,,,,,
93017438,ASUS TUF Gaming A16 FA608UH-RV039 (SSD 512GB),1699000,,1699000,,,,,
94572836,ASUS TUF Gaming A16 FA608UH-RV039 (SSD 5TB),3600000,,3600000,,,,,
94572839,ASUS TUF Gaming A16 FA608UH-RV039 (SSD 6TB),3696000,,3696000,,,,,
94572842,ASUS TUF Gaming A16 FA608UH-RV039 (SSD 8TB),4032000,,4032000,,,,,
93067997,ASUS TUF Gaming A16 FA608UH-RV039 WIN11 32GB램 (SSD 1TB),2219990,,,,,,,
93068000,ASUS TUF Gaming A16 FA608UH-RV039 WIN11 32GB램 (SSD 2TB),2358990,,,,,,,
93318497,ASUS TUF Gaming A16 FA608UH-RV039 WIN11 32GB램 (SSD 4TB),3000000,,,,,,,
93067994,ASUS TUF Gaming A16 FA608UH-RV039 WIN11 32GB램 (SSD 512GB),1978990,,,,,,,
94572590,ASUS TUF Gaming A16 FA608UH-RV039 WIN11 32GB램 (SSD 5TB),2930000,,,,,,,
94572596,ASUS TUF Gaming A16 FA608UH-RV039 WIN11 32GB램 (SSD 6TB),3772800,,,,,,,
94572599,ASUS TUF Gaming A16 FA608UH-RV039 WIN11 32GB램 (SSD 8TB),4128000,,,,,,,
92892761,ASUS TUF Gaming A16 FA608UM-QT043 (SSD 1TB),2299310,,2299510,,,,,
92892764,ASUS TUF Gaming A16 FA608UM-QT043 (SSD 2TB),2506390,,2506590,,,,,
92892770,ASUS TUF Gaming A16 FA608UM-QT043 (SSD 4TB),3100000,,3100000,,,,,
92146337,ASUS TUF Gaming A16 FA608UM-QT043 (SSD 512GB),1980000,,1980000,,,,,
122717906,ASUS TUF Gaming A16 FA608UMI-QT197 (SSD 1TB),2089000,,2089000,,,,,
122717909,ASUS TUF Gaming A16 FA608UMI-QT197 (SSD 2TB),2219000,,2219000,,,,,
124116371,ASUS TUF Gaming A16 FA608UMI-QT197 (SSD 4TB),3199890,,3199890,,,,,
122708766,ASUS TUF Gaming A16 FA608UMI-QT197 (SSD 512GB),1949000,,1899000,,,,,
122640121,ASUS TUF Gaming A16 FA608UMI-TU196 WIN11 32GB램 (SSD 1TB),2404510,,2403930,,,,,
122646379,ASUS TUF Gaming A16 FA608UMI-TU196 WIN11 32GB램 (SSD 2TB),2574680,,2545860,,,,,
122646380,ASUS TUF Gaming A16 FA608UMI-TU196 WIN11 32GB램 (SSD 4TB),4298000,,4298000,,,,,
122640120,ASUS TUF Gaming A16 FA608UMI-TU196 WIN11 32GB램 (SSD 512GB),2298250,,2256350,,,,,
93698477,ASUS TUF Gaming A18 FA808UH-S8030 (SSD 1TB),1940000,,1940000,,,,,
93698483,ASUS TUF Gaming A18 FA808UH-S8030 (SSD 2TB),2140000,,2140000,,,,,
93698489,ASUS TUF Gaming A18 FA808UH-S8030 (SSD 4TB),2750000,,2750000,,,,,
93016790,ASUS TUF Gaming A18 FA808UH-S8030 (SSD 512GB),1740000,,1740000,,,,,
91559441,ASUS TUF Gaming A18 FA808UM-S8031 (SSD 1TB),2170000,,2155000,,,,,
91559462,ASUS TUF Gaming A18 FA808UM-S8031 (SSD 2TB),2445730,,2395000,,,,,
91769189,ASUS TUF Gaming A18 FA808UM-S8031 (SSD 4TB),3045000,,3045000,,,,,
90956360,ASUS TUF Gaming A18 FA808UM-S8031 (SSD 512GB),2145000,,2099000,,,,,
91559501,ASUS TUF Gaming A18 FA808UM-S8031 WIN11 (SSD 1TB),2200000,,2198000,,,,,
91559504,ASUS TUF Gaming A18 FA808UM-S8031 WIN11 (SSD 2TB),2431010,,2428000,,,,,
91559546,ASUS TUF Gaming A18 FA808UM-S8031 WIN11 (SSD 4TB),2990000,,2985000,,,,,
91559498,ASUS TUF Gaming A18 FA808UM-S8031 WIN11 (SSD 512GB),1985000,,1883000,,,,,
91559516,ASUS TUF Gaming A18 FA808UM-S8031 WIN11 32GB램 (SSD 1TB),2597060,,2597260,,,,,
91559519,ASUS TUF Gaming A18 FA808UM-S8031 WIN11 32GB램 (SSD 2TB),2769040,,2769240,,,,,
91559549,ASUS TUF Gaming A18 FA808UM-S8031 WIN11 32GB램 (SSD 4TB),3187000,,2987000,,,,,
91559513,ASUS TUF Gaming A18 FA808UM-S8031 WIN11 32GB램 (SSD 512GB),2399300,,2300710,,,,,
92366693,ASUS TUF Gaming A18 FA808UP-S8017 (SSD 1TB),2240000,,2240000,,,,,
92366711,ASUS TUF Gaming A18 FA808UP-S8017 (SSD 2TB),2390000,,2390000,,,,,
92366717,ASUS TUF Gaming A18 FA808UP-S8017 (SSD 4TB),2990000,,2990000,,,,,
92366540,ASUS TUF Gaming A18 FA808UP-S8017 (SSD 512GB),2199000,,2199000,,,,,
92366759,ASUS TUF Gaming A18 FA808UP-S8017 32GB램 (SSD 1TB),2649000,,2649000,,,,,
92366762,ASUS TUF Gaming A18 FA808UP-S8017 32GB램 (SSD 2TB),2799000,,2799000,,,,,
92366768,ASUS TUF Gaming A18 FA808UP-S8017 32GB램 (SSD 4TB),3368330,,3368530,,,,,
92366756,ASUS TUF Gaming A18 FA808UP-S8017 32GB램 (SSD 512GB),2450000,,2450000,,,,,
92366804,ASUS TUF Gaming A18 FA808UP-S8017 WIN11 (SSD 1TB),2340000,,2340000,,,,,
92366807,ASUS TUF Gaming A18 FA808UP-S8017 WIN11 (SSD 2TB),2249000,,2249000,,,,,
92366813,ASUS TUF Gaming A18 FA808UP-S8017 WIN11 (SSD 4TB),2690000,,2690000,,,,,
92366792,ASUS TUF Gaming A18 FA808UP-S8017 WIN11 (SSD 512GB),2150000,,2150000,,,,,
92366843,ASUS TUF Gaming A18 FA808UP-S8017 WIN11 32GB램 (SSD 1TB),2676090,,2676290,,,,,
92366846,ASUS TUF Gaming A18 FA808UP-S8017 WIN11 32GB램 (SSD 2TB),2829000,,2829000,,,,,
92366852,ASUS TUF Gaming A18 FA808UP-S8017 WIN11 32GB램 (SSD 4TB),3411000,,3411000,,,,,
92366840,ASUS TUF Gaming A18 FA808UP-S8017 WIN11 32GB램 (SSD 512GB),2529000,,2529000,,,,,
92366867,ASUS TUF Gaming A18 FA808UP-S8017 WIN11 64GB램 (SSD 1TB),3312850,,3313050,,,,,
92366870,ASUS TUF Gaming A18 FA808UP-S8017 WIN11 64GB램 (SSD 2TB),3498810,,3499010,,,,,
92366876,ASUS TUF Gaming A18 FA808UP-S8017 WIN11 64GB램 (SSD 4TB),4145990,,4145990,,,,,
92366864,ASUS TUF Gaming A18 FA808UP-S8017 WIN11 64GB램 (SSD 512GB),3255680,,3255880,,,,,
122646164,ASUS TUF Gaming F16 FX608JHI-TU236 (SSD 1TB),1898960,,1898960,,,,,
122646166,ASUS TUF Gaming F16 FX608JHI-TU236 (SSD 2TB),2047730,,2047930,,,,,
122645469,ASUS TUF Gaming F16 FX608JHI-TU236 (SSD 512GB),2060000,,1649000,,,,,
122643669,ASUS TUF Gaming F16 FX608JMI-QT273 (SSD 1TB),1902510,,1922990,,,,,
122640143,ASUS TUF Gaming F16 FX608JMI-QT273 (SSD 2TB),2069750,,2069950,,,,,
122690289,ASUS TUF Gaming F16 FX608JMI-QT273 (SSD 4TB),2537000,,2537000,,,,,
122638182,ASUS TUF Gaming F16 FX608JMI-QT273 (SSD 512GB),1785000,,1785000,,,,,
122640156,ASUS TUF Gaming F16 FX608JMI-QT273 WIN11 (SSD 1TB),1928930,,1929000,,,,,
122643667,ASUS TUF Gaming F16 FX608JMI-QT273 WIN11 (SSD 2TB),2112470,,2112670,,,,,
122690205,ASUS TUF Gaming F16 FX608JMI-QT273 WIN11 (SSD 4TB),2543000,,2543000,,,,,
122640154,ASUS TUF Gaming F16 FX608JMI-QT273 WIN11 (SSD 512GB),1791930,,1792000,,,,,
122643630,ASUS TUF Gaming F16 FX608JMI-QT273 WIN11 32GB램 (SSD 1TB),2246980,,2247000,,,,,
122643631,ASUS TUF Gaming F16 FX608JMI-QT273 WIN11 32GB램 (SSD 2TB),2425550,,2425610,,,,,
122690201,ASUS TUF Gaming F16 FX608JMI-QT273 WIN11 32GB램 (SSD 4TB),2860000,,2860000,,,,,
122640158,ASUS TUF Gaming F16 FX608JMI-QT273 WIN11 32GB램 (SSD 512GB),2108930,,2109000,,,,,
122663476,ASUS TUF Gaming F16 FX608JMI-QT275 (SSD 1TB),2139710,,2139910,,,,,
122663478,ASUS TUF Gaming F16 FX608JMI-QT275 (SSD 2TB),2272590,,2272790,,,,,
122663480,ASUS TUF Gaming F16 FX608JMI-QT275 (SSD 4TB),3266090,,3266150,,,,,
122651435,ASUS TUF Gaming F16 FX608JMI-QT275 (SSD 512GB),2399000,,2189000,,,,,
122663583,ASUS TUF Gaming F16 FX608JMI-QT275 WIN11 32GB램 (SSD 1TB),2469810,,2515310,,,,,
122663588,ASUS TUF Gaming F16 FX608JMI-QT275 WIN11 32GB램 (SSD 2TB),2638610,,2638810,,,,,
122663593,ASUS TUF Gaming F16 FX608JMI-QT275 WIN11 32GB램 (SSD 4TB),3620410,,3620480,,,,,
122663582,ASUS TUF Gaming F16 FX608JMI-QT275 WIN11 32GB램 (SSD 512GB),2344110,,2344310,,,,,
93015791,ASUS TUF Gaming F16 FX608JMR-QT040 (SSD 1TB),2288000,,2288000,,,,,
93015803,ASUS TUF Gaming F16 FX608JMR-QT040 (SSD 2TB),2539000,,2539000,,,,,
93015806,ASUS TUF Gaming F16 FX608JMR-QT040 (SSD 4TB),2740870,,2740870,,,,,
92355779,ASUS TUF Gaming F16 FX608JMR-QT040 (SSD 512GB),2200000,,2200000,,,,,
93015962,ASUS TUF Gaming F16 FX608JMR-QT040 WIN11 32GB램 (SSD 1TB),2759000,,2759000,,,,,
93015965,ASUS TUF Gaming F16 FX608JMR-QT040 WIN11 32GB램 (SSD 2TB),2900000,,2679800,,,,,
93015974,ASUS TUF Gaming F16 FX608JMR-QT040 WIN11 32GB램 (SSD 4TB),3458000,,3458000,,,,,
93015959,ASUS TUF Gaming F16 FX608JMR-QT040 WIN11 32GB램 (SSD 512GB),2559000,,2459800,,,,,
93017198,ASUS TUF Gaming F16 FX608JPR-QT035 (SSD 1TB),2333980,,2333920,,,,,
93017333,ASUS TUF Gaming F16 FX608JPR-QT035 (SSD 2TB),2473330,,2453480,,,,,
93017339,ASUS TUF Gaming F16 FX608JPR-QT035 (SSD 4TB),2748000,,2748000,,,,,
92890391,ASUS TUF Gaming F16 FX608JPR-QT035 (SSD 512GB),2500000,,2449000,,,,,
93017615,ASUS TUF Gaming F16 FX608JPR-QT035 32GB램 (SSD 1TB),2656360,,2688970,,,,,
93017618,ASUS TUF Gaming F16 FX608JPR-QT035 32GB램 (SSD 2TB),2852250,,2816730,,,,,
93017624,ASUS TUF Gaming F16 FX608JPR-QT035 32GB램 (SSD 4TB),3421640,,3442350,,,,,
93017612,ASUS TUF Gaming F16 FX608JPR-QT035 32GB램 (SSD 512GB),2521390,,2521590,,,,,
99750713,ASUS TUF Gaming F16 FX608JPR-QT035 32GB램 (SSD 8TB),4200000,,6000000,,,,,
93017735,ASUS TUF Gaming F16 FX608JPR-QT035 64GB램 (SSD 1TB),3397230,,3352490,,,,,
93017747,ASUS TUF Gaming F16 FX608JPR-QT035 64GB램 (SSD 2TB),3441380,,3441380,,,,,
93017753,ASUS TUF Gaming F16 FX608JPR-QT035 64GB램 (SSD 4TB),4094200,,4157840,,,,,
93017732,ASUS TUF Gaming F16 FX608JPR-QT035 64GB램 (SSD 512GB),3241250,,3242350,,,,,
97222508,ASUS TUF Gaming F16 FX608JPR-QT035 64GB램 (SSD 8TB),4900000,,6558900,,,,,
93018314,ASUS TUF Gaming F16 FX608JPR-QT035 WIN11 (SSD 1TB),2371650,,2373980,,,,,
93018317,ASUS TUF Gaming F16 FX608JPR-QT035 WIN11 (SSD 2TB),2496680,,2496880,,,,,
93018326,ASUS TUF Gaming F16 FX608JPR-QT035 WIN11 (SSD 4TB),3369380,,3343990,,,,,
93018311,ASUS TUF Gaming F16 FX608JPR-QT035 WIN11 (SSD 512GB),2193950,,2160000,,,,,
99750692,ASUS TUF Gaming F16 FX608JPR-QT035 WIN11 (SSD 8TB),3930000,,5668900,,,,,
93018218,ASUS TUF Gaming F16 FX608JPR-QT035 WIN11 32GB램 (SSD 1TB),2704080,,2750000,,,,,
93018221,ASUS TUF Gaming F16 FX608JPR-QT035 WIN11 32GB램 (SSD 2TB),2865720,,2867960,,,,,
93018230,ASUS TUF Gaming F16 FX608JPR-QT035 WIN11 32GB램 (SSD 4TB),3398740,,3502580,,,,,
93018212,ASUS TUF Gaming F16 FX608JPR-QT035 WIN11 32GB램 (SSD 512GB),2508770,,2508970,,,,,
99750671,ASUS TUF Gaming F16 FX608JPR-QT035 WIN11 32GB램 (SSD 8TB),4200000,,5988900,,,,,
93018155,ASUS TUF Gaming F16 FX608JPR-QT035 WIN11 64GB램 (SSD 1TB),3295060,,3368190,,,,,
93018161,ASUS TUF Gaming F16 FX608JPR-QT035 WIN11 64GB램 (SSD 2TB),3533760,,3597000,,,,,
93018170,ASUS TUF Gaming F16 FX608JPR-QT035 WIN11 64GB램 (SSD 4TB),4197800,,4030000,,,,,
93018149,ASUS TUF Gaming F16 FX608JPR-QT035 WIN11 64GB램 (SSD 512GB),3194740,,3287470,,,,,
124088052,ASUS TUF Gaming F16 FX610JH-TU061 (SSD 1TB),1749000,,,,,,,
124088054,ASUS TUF Gaming F16 FX610JH-TU061 (SSD 2TB),1899000,,,,,,,
124012369,ASUS TUF Gaming F16 FX610JH-TU061 (SSD 512GB),1649000,,,,,,,
105182645,ASUS 비보북 15 M1502NAQ-BQ015 WIN11 (SSD 1TB),1052280,,1052480,,,,,
105182648,ASUS 비보북 15 M1502NAQ-BQ015 WIN11 (SSD 2TB),1212630,,1212830,,,,,
108391337,ASUS 비보북 15 M1502NAQ-BQ015 WIN11 (SSD 4TB),1893780,,1893980,,,,,
105182642,ASUS 비보북 15 M1502NAQ-BQ015 WIN11 (SSD 512GB),915000,,915000,,,,,
103130171,ASUS 비보북 15 X1504VA-BQ4270W (SSD 1TB),981350,,981350,,,,,
103130252,ASUS 비보북 15 X1504VA-BQ4270W (SSD 2TB),1134400,,1134400,,,,,
103130258,ASUS 비보북 15 X1504VA-BQ4270W (SSD 4TB),1769000,,1769000,,,,,
101953292,ASUS 비보북 15 X1504VA-BQ4270W (SSD 512GB),999000,,999000,,,,,
104966693,ASUS 비보북 16 M1605NAQ-MB012 (SSD 1TB),999000,,999000,,,,,
104966705,ASUS 비보북 16 M1605NAQ-MB012 (SSD 2TB),1159000,,1159000,,,,,
104949221,ASUS 비보북 16 M1605NAQ-MB012 (SSD 512GB),929000,,929000,,,,,
104966735,ASUS 비보북 16 M1605NAQ-MB012 WIN11 (SSD 1TB),999000,,999000,,,,,
104966729,ASUS 비보북 16 M1605NAQ-MB012 WIN11 (SSD 2TB),1179000,,1179000,,,,,
105551519,ASUS 비보북 16 M1605NAQ-MB012 WIN11 (SSD 4TB),2410000,,2088900,,,,,
104966723,ASUS 비보북 16 M1605NAQ-MB012 WIN11 (SSD 512GB),899000,,899000,,,,,
108390800,ASUS 비보북 16 M1605YA-R7525 WIN11 16GB램 (SSD 1TB),1037620,,1037820,,,,,
108390806,ASUS 비보북 16 M1605YA-R7525 WIN11 16GB램 (SSD 2TB),1231400,,1231600,,,,,
108390794,ASUS 비보북 16 M1605YA-R7525 WIN11 16GB램 (SSD 512GB),906560,,899000,,,,,
105400868,ASUS 비보북 16 M1607GA-MB040W (SSD 1TB),1468390,,1468590,,,,,
105403538,ASUS 비보북 16 M1607GA-MB040W (SSD 2TB),1638390,,1638590,,,,,
105403754,ASUS 비보북 16 M1607GA-MB040W (SSD 4TB),2113390,,2113590,,,,,
103877372,ASUS 비보북 16 M1607GA-MB040W (SSD 512GB),1490000,,1249000,,,,,
96653771,ASUS 비보북 16 M1607KA-MB175W (SSD 1TB),1298000,,1298000,,,,,
96653786,ASUS 비보북 16 M1607KA-MB175W (SSD 2TB),1469000,,1469000,,,,,
96653789,ASUS 비보북 16 M1607KA-MB175W (SSD 4TB),1903000,,1830000,,,,,
95202266,ASUS 비보북 16 M1607KA-MB175W (SSD 512GB),1098990,,1098990,,,,,
76157582,ASUS 비보북 16 V3607VU-RP305 WIN11 (SSD 1TB),1509000,,1509000,,,,,
76157585,ASUS 비보북 16 V3607VU-RP305 WIN11 (SSD 2TB),1639000,,1639000,,,,,
76157597,ASUS 비보북 16 V3607VU-RP305 WIN11 (SSD 4TB),2572690,,2238900,,,,,
76157579,ASUS 비보북 16 V3607VU-RP305 WIN11 (SSD 512GB),1379000,,1379000,,,,,
76157630,ASUS 비보북 16 V3607VU-RP305 WIN11 32GB램 (SSD 1TB),1879000,,1879000,,,,,
76157633,ASUS 비보북 16 V3607VU-RP305 WIN11 32GB램 (SSD 2TB),1999000,,1999000,,,,,
76157648,ASUS 비보북 16 V3607VU-RP305 WIN11 32GB램 (SSD 4TB),2899000,,2502900,,,,,
76157621,ASUS 비보북 16 V3607VU-RP305 WIN11 32GB램 (SSD 512GB),1731750,,1633310,,,,,
106736906,ASUS 비보북 16 X1607AA-MB045W (SSD 1TB),1259000,,1259000,,,,,
106736912,ASUS 비보북 16 X1607AA-MB045W (SSD 2TB),1419000,,1419000,,,,,
106736924,ASUS 비보북 16 X1607AA-MB045W (SSD 4TB),2199000,,2199000,,,,,
104964077,ASUS 비보북 16 X1607AA-MB045W (SSD 512GB),1169000,,1169000,,,,,
106736945,ASUS 비보북 16 X1607AA-MB045W 32GB램 (SSD 1TB),1708990,,1708990,,,,,
106736951,ASUS 비보북 16 X1607AA-MB045W 32GB램 (SSD 2TB),1868990,,1868990,,,,,
106736960,ASUS 비보북 16 X1607AA-MB045W 32GB램 (SSD 4TB),2419000,,2419000,,,,,
106736939,ASUS 비보북 16 X1607AA-MB045W 32GB램 (SSD 512GB),1500000,,1500000,,,,,
77311589,ASUS 비보북 16 X1607CA-MB081W (SSD 1TB),1398000,,1398000,,,,,
77311598,ASUS 비보북 16 X1607CA-MB081W (SSD 2TB),1450000,,1450000,,,,,
79550477,ASUS 비보북 16 X1607CA-MB081W (SSD 4TB),1910000,,1799800,,,,,
76328591,ASUS 비보북 16 X1607CA-MB081W (SSD 512GB),1248000,,1239000,,,,,
93912041,ASUS 비보북 16 X1607CA-MB081W (오피스 패키지),1258000,,1418000,,,,,
79250171,ASUS 비보북 16 X1607QA-MB076W (SSD 1TB),1329000,,1100000,,,,,
79250180,ASUS 비보북 16 X1607QA-MB076W (SSD 2TB),1435000,,1435000,,,,,
79250183,ASUS 비보북 16 X1607QA-MB076W (SSD 4TB),1649000,,1649000,,,,,
77378363,ASUS 비보북 16 X1607QA-MB076W (SSD 512GB),1076000,,1076000,,,,,
104320808,ASUS 비보북 17 X1704VA-AU1211W (SSD 1TB),1339000,,1339000,,,,,
104320811,ASUS 비보북 17 X1704VA-AU1211W (SSD 2TB),1479000,,1479000,,,,,
104320820,ASUS 비보북 17 X1704VA-AU1211W (SSD 4TB),2170000,,2170000,,,,,
103413548,ASUS 비보북 17 X1704VA-AU1211W (SSD 512GB),1168000,,999000,,,,,
105678842,ASUS 비보북 18 M1807GA-S8035 (SSD 1TB),1389000,,1389000,,,,,
105678857,ASUS 비보북 18 M1807GA-S8035 (SSD 2TB),1518800,,1518810,,,,,
124180120,ASUS 비보북 18 M1807GA-S8035 (SSD 4TB),2099000,,2099000,,,,,
104964221,ASUS 비보북 18 M1807GA-S8035 (SSD 512GB),1324000,,1199000,,,,,
105355493,ASUS 비보북 S 14 M3407GA-SF033W (SSD 1TB),1519430,,1519630,,,,,
105357197,ASUS 비보북 S 14 M3407GA-SF033W (SSD 2TB),1643310,,1643310,,,,,
105357464,ASUS 비보북 S 14 M3407GA-SF033W (SSD 4TB),2100860,,2100860,,,,,
103877414,ASUS 비보북 S 14 M3407GA-SF033W (SSD 512GB),1499000,,1499000,,,,,
105551606,ASUS 비보북 S 14 M3407GA-SF033W 32GB램 (SSD 1TB),1846410,,1846510,,,,,
105551609,ASUS 비보북 S 14 M3407GA-SF033W 32GB램 (SSD 2TB),1972490,,1972690,,,,,
105551612,ASUS 비보북 S 14 M3407GA-SF033W 32GB램 (SSD 4TB),2409900,,2409900,,,,,
105551603,ASUS 비보북 S 14 M3407GA-SF033W 32GB램 (SSD 512GB),1679410,,1679610,,,,,
96477875,ASUS 비보북 S 14 M3407KA-SF073W (SSD 1TB),1318000,,1318000,,,,,
96477878,ASUS 비보북 S 14 M3407KA-SF073W (SSD 2TB),1500000,,1498000,,,,,
96477881,ASUS 비보북 S 14 M3407KA-SF073W (SSD 4TB),2000000,,2000000,,,,,
95202026,ASUS 비보북 S 14 M3407KA-SF073W (SSD 512GB),1180000,,1137000,,,,,
69871274,ASUS 비보북 S 14 M5406WA-QD116W (SSD 1TB),2720000,,2720000,,,,,
69871286,ASUS 비보북 S 14 M5406WA-QD116W (SSD 2TB),2820000,,2820000,,,,,
76463300,ASUS 비보북 S 14 M5406WA-QD116W (SSD 4TB),4480000,,4480000,,,,,
69054512,ASUS 비보북 S 14 M5406WA-QD116W (SSD 512GB),2680000,,2680000,,,,,
68774744,ASUS 비보북 S 14 M5406WA-QD165 (SSD 1TB),2190000,,2190000,,,,,
68774936,ASUS 비보북 S 14 M5406WA-QD165 (SSD 2TB),2280000,,2280000,,,,,
74819381,ASUS 비보북 S 14 M5406WA-QD165 (SSD 4TB),2675000,,2675000,,,,,
68442350,ASUS 비보북 S 14 M5406WA-QD165 (SSD 512GB),2448000,,2448000,,,,,
71783312,ASUS 비보북 S 14 S5406SA-QD136W (SSD 1TB),2180000,,2180000,,,,,
72005414,ASUS 비보북 S 14 S5406SA-QD136W (SSD 2TB),2869890,,2869890,,,,,
73429325,ASUS 비보북 S 14 S5406SA-QD136W (SSD 4TB),2749000,,2749000,,,,,
122670691,ASUS 비보북 S 14 S5406SAL-SF319W (SSD 1TB),1409000,,1409000,,,,,
122670692,ASUS 비보북 S 14 S5406SAL-SF319W (SSD 2TB),1539000,,1539000,,,,,
122663778,ASUS 비보북 S 14 S5406SAL-SF319W (SSD 512GB),1279000,,1279000,,,,,
124180298,ASUS 비보북 S 14 S5408QA-U1318W (SSD 256GB),1099000,,1099000,,,,,
105394487,ASUS 비보북 S 16 M3607GA-SH056W (SSD 1TB),2078000,,2078000,,,,,
105395348,ASUS 비보북 S 16 M3607GA-SH056W (SSD 2TB),2197000,,2197000,,,,,
105395597,ASUS 비보북 S 16 M3607GA-SH056W (SSD 4TB),2721000,,2721000,,,,,
103877453,ASUS 비보북 S 16 M3607GA-SH056W (SSD 512GB),2142910,,1999000,,,,,
95989499,ASUS 비보북 S 16 M3607KA-SH034W (SSD 1TB),1580000,,1580000,,,,,
95989511,ASUS 비보북 S 16 M3607KA-SH034W (SSD 2TB),1740000,,1740000,,,,,
95989514,ASUS 비보북 S 16 M3607KA-SH034W (SSD 4TB),2353920,,2178000,,,,,
95201507,ASUS 비보북 S 16 M3607KA-SH034W (SSD 512GB),1370000,,1370000,,,,,
95423177,ASUS 비보북 S 16 M3607KA-SH035W (SSD 1TB),1599000,,1585500,,,,,
95423195,ASUS 비보북 S 16 M3607KA-SH035W (SSD 2TB),1763000,,1685500,,,,,
95423198,ASUS 비보북 S 16 M3607KA-SH035W (SSD 4TB),2198000,,2198000,,,,,
95201672,ASUS 비보북 S 16 M3607KA-SH035W (SSD 512GB),1490000,,1490000,,,,,
76942337,ASUS 비보북 S 16 M5606KA-RI083 (SSD 1TB),1900000,,1900000,,,,,
77623916,ASUS 비보북 S 16 M5606KA-RI083 (SSD 2TB),1740000,,1740000,,,,,
77623919,ASUS 비보북 S 16 M5606KA-RI083 (SSD 4TB),3071910,,2481900,,,,,
95845715,ASUS 비보북 S 16 S3607CA-SH080W (SSD 1TB),1475790,,1475790,,,,,
96258302,ASUS 비보북 S 16 S3607CA-SH080W (SSD 2TB),1649790,,1649790,,,,,
95845736,ASUS 비보북 S 16 S3607CA-SH080W (SSD 4TB),2076000,,2076000,,,,,
95201015,ASUS 비보북 S 16 S3607CA-SH080W (SSD 512GB),1430000,,1430000,,,,,
87333974,ASUS 비보북 S 16 S3607QA-PL009W (SSD 1TB),1298990,,1298990,,,,,
87337196,ASUS 비보북 S 16 S3607QA-PL009W (SSD 2TB),1438990,,1438990,,,,,
87345026,ASUS 비보북 S 16 S3607QA-PL009W (SSD 4TB),2233920,,2064000,,,,,
81036950,ASUS 비보북 S 16 S3607QA-PL009W (SSD 512GB),1049260,,1049460,,,,,
93698798,ASUS 비보북 S 16 S3607VA-RP048W (SSD 1TB),1245000,,1242390,,,,,
93698825,ASUS 비보북 S 16 S3607VA-RP048W (SSD 2TB),1345000,,1330000,,,,,
93698840,ASUS 비보북 S 16 S3607VA-RP048W (SSD 4TB),1770000,,1770000,,,,,
92963918,ASUS 비보북 S 16 S3607VA-RP048W (SSD 512GB),1275000,,999000,,,,,
74249156,ASUS 비보북 S 16 S5606CA-RI162W (SSD 1TB),2200000,,2200000,,,,,
74334869,ASUS 비보북 S 16 S5606CA-RI162W (SSD 2TB),2400000,,2400000,,,,,
76071542,ASUS 비보북 S 16 S5606CA-RI162W (SSD 4TB),2790000,,2790000,,,,,
100191944,ASUS 비보북 S M3607HA-SH112 (SSD 1TB),1588990,,1588990,,,,,
100191950,ASUS 비보북 S M3607HA-SH112 (SSD 2TB),1738990,,1738990,,,,,
100191959,ASUS 비보북 S M3607HA-SH112 (SSD 4TB),2180000,,2180000,,,,,
99710009,ASUS 비보북 S M3607HA-SH112 (SSD 512GB),1269000,,1389000,,,,,
73613240,ASUS 비보북 X1605VA-MB1489W (SSD 1TB),1418000,,1418000,,,,,
73613249,ASUS 비보북 X1605VA-MB1489W (SSD 2TB),1688000,,1688000,,,,,
73613252,ASUS 비보북 X1605VA-MB1489W (SSD 4TB),1686000,,1668600,,,,,
71060717,ASUS 비보북 X1605VA-MB1489W (SSD 512GB),999000,,999000,,,,,
93704153,ASUS 비보북 고 15 E1504FA-BQ2579W (SSD 1TB),1066060,,1023000,,,,,
93704165,ASUS 비보북 고 15 E1504FA-BQ2579W (SSD 2TB),1199000,,1189000,,,,,
93704177,ASUS 비보북 고 15 E1504FA-BQ2579W (SSD 4TB),1950000,,1950000,,,,,
93381755,ASUS 비보북 고 15 E1504FA-BQ2579W (SSD 512GB),898000,,898000,,,,,
49999823,ASUS 비보북 고 15 E1504FA-BQ476 (SSD 1TB),1070000,,1070000,,,,,
49999862,ASUS 비보북 고 15 E1504FA-BQ476 (SSD 2TB),1289000,,1289000,,,,,
73691453,ASUS 비보북 고 15 E1504FA-BQ476 (SSD 4TB),1639000,,1639000,,,,,
46099691,ASUS 비보북 고 15 E1504FA-BQ476 (SSD 512GB),780000,,780000,,,,,
123860336,ASUS 비보북 고 15 E1504FA-BQ4883W (SSD 128GB),499000,,,,,,,
123860419,ASUS 비보북 고 15 E1504FA-BQ4883W (SSD 256GB),579000,,,,,,,
123860420,ASUS 비보북 고 15 E1504FA-BQ4883W (SSD 512GB),799000,,,,,,,
75464264,ASUS 비보북 플립 TP3607SA-RJ046W (SSD 1TB),2049000,,2049000,,,,,
75536240,ASUS 비보북 플립 TP3607SA-RJ046W (SSD 2TB),2398000,,2398000,,,,,
76160039,ASUS 비보북 플립 TP3607SA-RJ046W (SSD 4TB),2799000,,2799000,,,,,
103877558,ASUS 젠북 14 UM3406GA-QL151W (SSD 1TB),2369000,,2363000,,,,,
106701926,ASUS 젠북 14 UM3406GA-QL151W (SSD 2TB),2900000,,2735680,,,,,
106701935,ASUS 젠북 14 UM3406GA-QL151W (SSD 4TB),3789890,,3232560,,,,,
75071399,ASUS 젠북 14 UX3405CA-PZ199W (SSD 1TB),2790000,,2500300,,,,,
75071417,ASUS 젠북 14 UX3405CA-PZ199W (SSD 2TB),2990000,,2650300,,,,,
75071450,ASUS 젠북 14 UX3405CA-PZ199W (SSD 4TB),3792000,,3000300,,,,,
74252174,ASUS 젠북 14 UX3405CA-PZ199W (SSD 512GB),2359000,,2150300,,,,,
74248838,ASUS 젠북 14 UX3405CA-PZ507W (SSD 1TB),2590000,,2590000,,,,,
74481095,ASUS 젠북 14 UX3405CA-PZ507W (SSD 2TB),2690000,,2690000,,,,,
76463729,ASUS 젠북 14 UX3405CA-PZ507W (SSD 4TB),3500000,,3500000,,,,,
106763243,ASUS 젠북 14 UX3405CA-QD1069W (SSD 1TB),1517570,,1517750,,,,,
106763249,ASUS 젠북 14 UX3405CA-QD1069W (SSD 2TB),1659740,,1659740,,,,,
106763252,ASUS 젠북 14 UX3405CA-QD1069W (SSD 4TB),2436000,,2436000,,,,,
106704659,ASUS 젠북 14 UX3405CA-QD1069W (SSD 512GB),1428270,,1399000,,,,,
108353702,ASUS 젠북 A14 UX3407NA-QD071W (SSD 1TB),3398000,,3398000,,,,,
108353708,ASUS 젠북 A14 UX3407NA-QD071W (SSD 2TB),3648000,,3648000,,,,,
109599170,ASUS 젠북 A14 UX3407NA-QD071W (SSD 4TB),4360000,,4360000,,,,,
107949812,ASUS 젠북 A14 UX3407NA-QD071W (SSD 512GB),3050000,,2849000,,,,,
78175442,ASUS 젠북 A14 UX3407QA-QD279W (SSD 1TB),2370000,,2370000,,,,,
78175469,ASUS 젠북 A14 UX3407QA-QD279W (SSD 2TB),2430000,,2430000,,,,,
79400360,ASUS 젠북 A14 UX3407QA-QD279W (SSD 4TB),2500000,,2500000,,,,,
75537692,ASUS 젠북 A14 UX3407QA-QD279W (SSD 512GB),1690000,,1199000,,,,,
76328483,ASUS 젠북 A14 UX3407QA-QD345W (SSD 1TB),2370000,,,,,,,
76328489,ASUS 젠북 A14 UX3407QA-QD345W (SSD 2TB),2400000,,,,,,,
76328498,ASUS 젠북 A14 UX3407QA-QD345W (SSD 4TB),2999000,,,,,,,
75537731,ASUS 젠북 A14 UX3407QA-QD345W (SSD 512GB),1590000,,,,,,,
76942847,ASUS 젠북 A14 UX3407QA-SB284W (SSD 1TB),1499000,,1499000,,,,,
76942850,ASUS 젠북 A14 UX3407QA-SB284W (SSD 2TB),1698000,,1698000,,,,,
76942853,ASUS 젠북 A14 UX3407QA-SB284W (SSD 4TB),2050000,,2050000,,,,,
75537797,ASUS 젠북 A14 UX3407QA-SB284W (SSD 512GB),1410000,,1410000,,,,,
78709451,ASUS 젠북 A14 UX3407QA-SB296W (SSD 1TB),1449000,,1449000,,,,,
78709460,ASUS 젠북 A14 UX3407QA-SB296W (SSD 2TB),1669000,,1669000,,,,,
78986489,ASUS 젠북 A14 UX3407QA-SB296W (SSD 4TB),2463000,,2463000,,,,,
75537821,ASUS 젠북 A14 UX3407QA-SB296W (SSD 512GB),1495000,,1495000,,,,,
107962997,ASUS 젠북 A16 UX3607OA-SQ012W (SSD 1TB),3490000,,3099000,,,,,
108390881,ASUS 젠북 A16 UX3607OA-SQ012W (SSD 2TB),4199000,,4199000,,,,,
108390896,ASUS 젠북 A16 UX3607OA-SQ012W (SSD 4TB),5020000,,5020000,,,,,
122683837,ASUS 젠북 A16 UX3607QA-SH022W (SSD 1TB),2370000,,2370000,,,,,
122683838,ASUS 젠북 A16 UX3607QA-SH022W (SSD 2TB),2481000,,2481000,,,,,
122683839,ASUS 젠북 A16 UX3607QA-SH022W (SSD 4TB),3414000,,3414000,,,,,
122676468,ASUS 젠북 A16 UX3607QA-SH022W (SSD 512GB),1598000,,1598000,,,,,
122683834,ASUS 젠북 A16 UX3607QA-SH023W (SSD 1TB),2648000,,2648000,,,,,
122683835,ASUS 젠북 A16 UX3607QA-SH023W (SSD 2TB),2850000,,2850000,,,,,
122684449,ASUS 젠북 A16 UX3607QA-SH023W (SSD 4TB),3594000,,3594000,,,,,
122676484,ASUS 젠북 A16 UX3607QA-SH023W (SSD 512GB),1598000,,1598000,,,,,
122683831,ASUS 젠북 A16 UX3607QA-SH072W (SSD 1TB),3512000,,3512000,,,,,
122683832,ASUS 젠북 A16 UX3607QA-SH072W (SSD 2TB),3626000,,3626000,,,,,
122684444,ASUS 젠북 A16 UX3607QA-SH072W (SSD 4TB),4183000,,4183000,,,,,
122676522,ASUS 젠북 A16 UX3607QA-SH072W (SSD 512GB),2799000,,2499000,,,,,
122683828,ASUS 젠북 A16 UX3607QA-SH079W (SSD 1TB),3129000,,3129000,,,,,
122683829,ASUS 젠북 A16 UX3607QA-SH079W (SSD 2TB),3626000,,3626000,,,,,
122683830,ASUS 젠북 A16 UX3607QA-SH079W (SSD 4TB),4183000,,4183000,,,,,
122676543,ASUS 젠북 A16 UX3607QA-SH079W (SSD 512GB),2728000,,2499000,,,,,
104964593,ASUS 젠북 S 14 UX5406AA-SU212W (SSD 1TB),3441000,,3099000,,,,,
106688180,ASUS 젠북 S 14 UX5406AA-SU212W (SSD 2TB),3680000,,3680000,,,,,
106688198,ASUS 젠북 S 14 UX5406AA-SU212W (SSD 4TB),4096550,,4096750,,,,,
70250927,ASUS 젠북 S 14 UX5406SA-PV071W (SSD 1TB),1948000,,1948000,,,,,
70250930,ASUS 젠북 S 14 UX5406SA-PV071W (SSD 2TB),2208000,,2208000,,,,,
74116337,ASUS 젠북 S 14 UX5406SA-PV071W (SSD 4TB),2945000,,2945000,,,,,
68245949,ASUS 젠북 S 14 UX5406SA-PV071W (SSD 512GB),2099000,,2099000,,,,,
68246084,ASUS 젠북 S 14 UX5406SA-PV153W (SSD 1TB),2550000,,2550000,,,,,
68688938,ASUS 젠북 S 14 UX5406SA-PV153W (SSD 2TB),2398000,,2398000,,,,,
92104367,ASUS 젠북 S 14 UX5406SA-PV153W (SSD 4TB),4300760,,4300760,,,,,
78236909,ASUS 젠북 S 14 UX5406SA-PZ429W (SSD 1TB),2690000,,2690000,,,,,
79114262,ASUS 젠북 S 14 UX5406SA-PZ429W (SSD 2TB),2500000,,2500000,,,,,
79114265,ASUS 젠북 S 14 UX5406SA-PZ429W (SSD 4TB),2949000,,2949000,,,,,
104548814,ASUS 젠북 S 16 UM5606GA-SR338W (SSD 1TB),3239000,,3239000,,,,,
105392327,ASUS 젠북 S 16 UM5606GA-SR338W (SSD 2TB),3368990,,3368990,,,,,
105393158,ASUS 젠북 S 16 UM5606GA-SR338W (SSD 4TB),3798990,,3798990,,,,,
65912327,ASUS 젠북 S 16 UX5606SA-RJ170W (SSD 1TB),3490000,,3490000,,,,,
74481134,ASUS 젠북 S 16 UX5606SA-RJ170W (SSD 2TB),3690000,,3625420,,,,,
77381747,ASUS 젠북 S 16 UX5606SA-RJ170W (SSD 4TB),4690000,,4690000,,,,,
122653542,ASUS 젠북 듀오 UX8406CA-QL431W (SSD 1TB),3569000,,3569000,,,,,
122670755,ASUS 젠북 듀오 UX8406CA-QL431W (SSD 2TB),3698990,,3698990,,,,,
122670756,ASUS 젠북 듀오 UX8406CA-QL431W (SSD 4TB),4119000,,4099000,,,,,
122677395,ASUS 젠북 듀오 UX8407AA-SN430W (SSD 1TB),4499000,,4499000,,,,,
122681241,ASUS 젠북 듀오 UX8407AA-SN430W (SSD 2TB),4649000,,4649000,,,,,
122728177,ASUS 젠북 듀오 UX8407AA-SN430W (SSD 4TB),5059000,,5059000,,,,,
123805642,ASUS 젠북 듀오 UX8407AA-SN510W (SSD 1TB),4699000,,4699000,,,,,
122661217,DELL 14 DDC14250-W004KR (SSD 1TB),2198000,,2142000,,,,,
122661219,DELL 14 DDC14250-W004KR (SSD 2TB),2441990,,2441990,,,,,
122661222,DELL 14 DDC14250-W004KR (SSD 4TB),3047000,,2876000,,,,,
122659234,DELL 14 DDC14250-W004KR (SSD 512GB),1468990,,1468990,,,,,
122661360,DELL 14 DDC14250-WH02KR (SSD 1TB),2317000,,2268000,,,,,
122661363,DELL 14 DDC14250-WH02KR (SSD 2TB),2620110,,2433000,,,,,
122661365,DELL 14 DDC14250-WH02KR (SSD 4TB),3219100,,2989000,,,,,
122657879,DELL 14 DDC14250-WH02KR (SSD 512GB),1657990,,1657990,,,,,
122661370,DELL 14 DDC14250-WH02KR 32GB램 (SSD 1TB),2909850,,2668000,,,,,
122661371,DELL 14 DDC14250-WH02KR 32GB램 (SSD 2TB),2783000,,2783000,,,,,
122661374,DELL 14 DDC14250-WH02KR 32GB램 (SSD 4TB),3540950,,3353000,,,,,
122661368,DELL 14 DDC14250-WH02KR 32GB램 (SSD 512GB),2497510,,2342000,,,,,
98241152,DELL 14 Premium DDA14250-WP02KR (SSD 1TB),3949000,,3949000,,,,,
98759669,DELL 14 Premium DDA14250-WP02KR (SSD 2TB),4698000,,4698000,,,,,
98759672,DELL 14 Premium DDA14250-WP02KR (SSD 4TB),5098000,,5098000,,,,,
101721731,DELL 15 DC15255-UB02KR (SSD 1TB),1790000,,1790000,,,,,
101080004,DELL 15 DC15255-UB02KR (SSD 512GB),798000,,798000,,,,,
105816644,DELL 16 DC16250 Core5 W11P (SSD 1TB),1612810,,1613010,,,,,
105816656,DELL 16 DC16250 Core5 W11P (SSD 2TB),1882210,,1882410,,,,,
106044425,DELL 16 DC16250 Core5 W11P (SSD 4TB),2500000,,2500000,,,,,
104371814,DELL 16 DC16250 Core5 W11P (SSD 512GB),1390000,,1390000,,,,,
106428821,DELL 16 DC16251 Core7 32GB램 (SSD 512GB),1801800,,1802000,,,,,
106429529,DELL 16 DC16251 Core7 64GB램 (SSD 512GB),2443290,,2443490,,,,,
122659162,DELL 16 DDC16251-UB03KR (SSD 1TB),1699000,,1970500,,,,,
90505229,DELL 16 Plus DDB16250-WH04KR (SSD 1TB),1768000,,1768000,,,,,
90957443,DELL 16 Plus DDB16250-WH04KR (SSD 2TB),2363990,,2363990,,,,,
90957452,DELL 16 Plus DDB16250-WH04KR (SSD 4TB),2725440,,2530000,,,,,
90957479,DELL 16 Plus DDB16250-WH05KR (SSD 1TB),1978110,,1910000,,,,,
90957494,DELL 16 Plus DDB16250-WH05KR (SSD 2TB),2071110,,2001000,,,,,
90957497,DELL 16 Plus DDB16250-WH05KR (SSD 4TB),2512860,,2433000,,,,,
90503717,DELL 16 Plus DDB16250-WH05KR (SSD 512GB),1637000,,1637000,,,,,
91040525,DELL 16 Plus DDB16250-WP05KR (SSD 1TB),2213990,,1962000,,,,,
91040534,DELL 16 Plus DDB16250-WP05KR (SSD 2TB),2221440,,2053000,,,,,
95989685,DELL 16 Plus DDB16250-WP05KR (SSD 4TB),2677440,,2485000,,,,,
90503804,DELL 16 Plus DDB16250-WP05KR (SSD 512GB),1919510,,1846000,,,,,
104964206,DELL 16 Premium DDA16250-WH01KR (SSD 1TB),4499000,,4339410,,,,,
106734266,DELL 16 Premium DDA16250-WH01KR (SSD 2TB),5688000,,5688000,,,,,
106734269,DELL 16 Premium DDA16250-WH01KR (SSD 4TB),6368000,,6368000,,,,,
104964293,DELL 16 Premium DDA16250-WH03KR (SSD 1TB),5699000,,5496850,,,,,
124276713,DELL 16 Premium DDA16250-WH03KR (SSD 2TB),6599000,,6599000,,,,,
124276715,DELL 16 Premium DDA16250-WH03KR (SSD 4TB),7099000,,7099000,,,,,
104964329,DELL 16 Premium DDA16250-WH04KR (SSD 1TB),6550000,,5725670,,,,,
106734233,DELL 16 Premium DDA16250-WH04KR (SSD 2TB),6899000,,6600000,,,,,
106734239,DELL 16 Premium DDA16250-WH04KR (SSD 4TB),7968000,,7968000,,,,,
103334813,DELL 16 Premium DDA16250-WP06KR (SSD 1TB),5515000,,5515000,,,,,
106044620,DELL 16 Premium DDA16250-WP06KR (SSD 2TB),6409990,,6409990,,,,,
106044623,DELL 16 Premium DDA16250-WP06KR (SSD 4TB),6972990,,6972990,,,,,
92662841,DELL 2in1 인스피론 16 7630 WH03KR (SSD 1TB),3290000,,3269800,,,,,
92663618,DELL 2in1 인스피론 16 7630 WH03KR (SSD 2TB),3990000,,3990000,,,,,
92663627,DELL 2in1 인스피론 16 7630 WH03KR (SSD 4TB),4990000,,4990000,,,,,
20612576,DELL 2in1 인스피론 16 7630 WH03KR (SSD 512GB),3290000,,3259800,,,,,
49996208,DELL G시리즈 G15 5530 UB01KR WIN11 16GB램 (SSD 1TB),1819790,,1819790,,,,,
49996211,DELL G시리즈 G15 5530 UB01KR WIN11 16GB램 (SSD 2TB),2174990,,2174990,,,,,
74334974,DELL G시리즈 G15 5530 UB01KR WIN11 16GB램 (SSD 4TB),3299000,,3299000,,,,,
49996205,DELL G시리즈 G15 5530 UB01KR WIN11 16GB램 (SSD 512GB),1756800,,1389800,,,,,
49996274,DELL G시리즈 G15 5530 UB01KR WIN11 64GB램 (SSD 1TB),2823360,,2669800,,,,,
49996277,DELL G시리즈 G15 5530 UB01KR WIN11 64GB램 (SSD 2TB),3162990,,3162990,,,,,
99784460,DELL G시리즈 G15 5530 UB01KR WIN11 64GB램 (SSD 4TB),2899000,,2899000,,,,,
49996271,DELL G시리즈 G15 5530 UB01KR WIN11 64GB램 (SSD 512GB),2109990,,2109990,,,,,
89732555,DELL G시리즈 G15 5530 UB04KR (SSD 1TB),1973000,,1798000,,,,,
91769666,DELL G시리즈 G15 5530 UB04KR (SSD 2TB),2450000,,2450000,,,,,
104751137,DELL G시리즈 G15 5530 UB04KR (SSD 4TB),2710000,,2710000,,,,,
90272033,DELL G시리즈 G15 5530 WH01KR 16GB램 (SSD 1TB),1862000,,1658400,,,,,
90272036,DELL G시리즈 G15 5530 WH01KR 16GB램 (SSD 2TB),1992000,,1758400,,,,,
90892745,DELL G시리즈 G15 5530 WH01KR 16GB램 (SSD 4TB),2190000,,1928400,,,,,
78972590,DELL G시리즈 G15 5530 WH01KR 16GB램 (SSD 512GB),1648000,,1578400,,,,,
90272057,DELL G시리즈 G15 5530 WH01KR 32GB램 (SSD 1TB),2190000,,1744000,,,,,
90272060,DELL G시리즈 G15 5530 WH01KR 32GB램 (SSD 2TB),2115000,,1848400,,,,,
90892763,DELL G시리즈 G15 5530 WH01KR 32GB램 (SSD 4TB),2799000,,2078400,,,,,
90272051,DELL G시리즈 G15 5530 WH01KR 32GB램 (SSD 512GB),1950000,,1698400,,,,,
99746156,DELL Pro 14 Essential PV14250-UB01KR (SSD 1TB),799000,,799000,,,,,
99746165,DELL Pro 14 Essential PV14250-UB01KR (SSD 2TB),1024390,,1024590,,,,,
98923475,DELL Pro 14 Essential PV14250-UB01KR (SSD 512GB),717000,,649000,,,,,
99746189,DELL Pro 14 Essential PV14250-UB01KR 16GB램 (SSD 1TB),990730,,990930,,,,,
99746192,DELL Pro 14 Essential PV14250-UB01KR 16GB램 (SSD 2TB),1156810,,1157010,,,,,
99746186,DELL Pro 14 Essential PV14250-UB01KR 16GB램 (SSD 512GB),882850,,883050,,,,,
122639153,DELL Pro 14 Essential PV14250-UB01KR 32GB램 (SSD 1TB),1316530,,1316730,,,,,
122639156,DELL Pro 14 Essential PV14250-UB01KR 32GB램 (SSD 2TB),1486530,,1486730,,,,,
122639151,DELL Pro 14 Essential PV14250-UB01KR 32GB램 (SSD 512GB),1233470,,1233670,,,,,
99746216,DELL Pro 14 Essential PV14250-UB01KR WIN11 (SSD 1TB),842340,,842340,,,,,
99746222,DELL Pro 14 Essential PV14250-UB01KR WIN11 (SSD 2TB),1012680,,1012880,,,,,
103130012,DELL Pro 14 Essential PV14250-UB01KR WIN11 (SSD 4TB),1952000,,1952000,,,,,
99746213,DELL Pro 14 Essential PV14250-UB01KR WIN11 (SSD 512GB),742950,,743430,,,,,
99746243,DELL Pro 14 Essential PV14250-UB01KR WIN11 16GB램 (SSD 1TB),1023950,,1024590,,,,,
99746246,DELL Pro 14 Essential PV14250-UB01KR WIN11 16GB램 (SSD 2TB),1204060,,1204260,,,,,
99746240,DELL Pro 14 Essential PV14250-UB01KR WIN11 16GB램 (SSD 512GB),863910,,863910,,,,,
103130024,DELL Pro 14 Essential PV14250-UB01KR WIN11 32GB램 (SSD 1TB),1327000,,1327000,,,,,
103130027,DELL Pro 14 Essential PV14250-UB01KR WIN11 32GB램 (SSD 2TB),1526910,,1527110,,,,,
103130033,DELL Pro 14 Essential PV14250-UB01KR WIN11 32GB램 (SSD 4TB),1899000,,1899000,,,,,
103130021,DELL Pro 14 Essential PV14250-UB01KR WIN11 32GB램 (SSD 512GB),1177000,,1177000,,,,,
104320436,DELL Pro 14 Essential PV14250-UB02KR (SSD 1TB),1198990,,1198990,,,,,
122639235,DELL Pro 14 Essential PV14250-UB02KR (SSD 2TB),1458980,,1409000,,,,,
122639214,DELL Pro 14 Essential PV14250-UB02KR 32GB램 (SSD 1TB),1579880,,1529000,,,,,
122639217,DELL Pro 14 Essential PV14250-UB02KR 32GB램 (SSD 2TB),1756580,,1729000,,,,,
106044452,DELL Pro 14 Essential PV14250-UB02KR WIN11 (SSD 1TB),1210240,,1210930,,,,,
106044479,DELL Pro 14 Essential PV14250-UB02KR WIN11 (SSD 2TB),1507630,,1507830,,,,,
106044482,DELL Pro 14 Essential PV14250-UB02KR WIN11 (SSD 4TB),2186990,,2186990,,,,,
106044491,DELL Pro 14 Essential PV14250-UB02KR WIN11 32GB램 (SSD 1TB),1592850,,1593050,,,,,
106044494,DELL Pro 14 Essential PV14250-UB02KR WIN11 32GB램 (SSD 2TB),1748420,,1748620,,,,,
106044497,DELL Pro 14 Essential PV14250-UB02KR WIN11 32GB램 (SSD 4TB),2426990,,2426990,,,,,
99746495,DELL Pro 14 Essential PV14250-WH01KR (SSD 1TB),935950,,936930,,,,,
99746498,DELL Pro 14 Essential PV14250-WH01KR (SSD 2TB),1081660,,1081660,,,,,
103129628,DELL Pro 14 Essential PV14250-WH01KR (SSD 4TB),1722000,,1722000,,,,,
98923628,DELL Pro 14 Essential PV14250-WH01KR (SSD 512GB),848990,,848990,,,,,
99746513,DELL Pro 14 Essential PV14250-WH01KR 16GB램 (SSD 1TB),1081220,,1081420,,,,,
99746516,DELL Pro 14 Essential PV14250-WH01KR 16GB램 (SSD 2TB),1261970,,1262170,,,,,
99746510,DELL Pro 14 Essential PV14250-WH01KR 16GB램 (SSD 512GB),984950,,985930,,,,,
122639381,DELL Pro 14 Essential PV14250-WH01KR 32GB램 (SSD 1TB),1364000,,1100000,,,,,
122639386,DELL Pro 14 Essential PV14250-WH01KR 32GB램 (SSD 2TB),1552130,,1387000,,,,,
122639379,DELL Pro 14 Essential PV14250-WH01KR 32GB램 (SSD 512GB),1159990,,1159990,,,,,
104320460,DELL Pro 14 Essential PV14250-WH02KR (SSD 1TB),1348000,,1348000,,,,,
106044578,DELL Pro 14 Essential PV14250-WH02KR (SSD 2TB),1963990,,1963990,,,,,
106044596,DELL Pro 14 Essential PV14250-WH02KR (SSD 4TB),2286620,,2286620,,,,,
106044602,DELL Pro 14 Essential PV14250-WH02KR 32GB램 (SSD 1TB),2400000,,2400000,,,,,
106044605,DELL Pro 14 Essential PV14250-WH02KR 32GB램 (SSD 2TB),2511000,,2511000,,,,,
106044608,DELL Pro 14 Essential PV14250-WH02KR 32GB램 (SSD 4TB),2455050,,2455050,,,,,
99746534,DELL Pro 14 Essential PV14250-WP01KR (SSD 1TB),1031770,,1031970,,,,,
99746546,DELL Pro 14 Essential PV14250-WP01KR (SSD 2TB),1232330,,1232530,,,,,
106042553,DELL Pro 14 Essential PV14250-WP01KR (SSD 4TB),1861440,,1861440,,,,,
98923685,DELL Pro 14 Essential PV14250-WP01KR (SSD 512GB),949000,,949000,,,,,
99746570,DELL Pro 14 Essential PV14250-WP01KR 16GB램 (SSD 1TB),1187730,,1187930,,,,,
99746573,DELL Pro 14 Essential PV14250-WP01KR 16GB램 (SSD 2TB),1383700,,1383900,,,,,
99746567,DELL Pro 14 Essential PV14250-WP01KR 16GB램 (SSD 512GB),1091730,,1091930,,,,,
106044356,DELL Pro 14 Essential PV14250-WP01KR 32GB램 (SSD 1TB),1428560,,1428760,,,,,
106044359,DELL Pro 14 Essential PV14250-WP01KR 32GB램 (SSD 2TB),1588990,,1588990,,,,,
106044365,DELL Pro 14 Essential PV14250-WP01KR 32GB램 (SSD 4TB),1981440,,1981440,,,,,
106044350,DELL Pro 14 Essential PV14250-WP01KR 32GB램 (SSD 512GB),1338090,,1338290,,,,,
104320499,DELL Pro 14 Essential PV14250-WP02KR (SSD 1TB),1449000,,1449000,,,,,
106044818,DELL Pro 14 Essential PV14250-WP02KR (SSD 2TB),2088990,,2088990,,,,,
106044821,DELL Pro 14 Essential PV14250-WP02KR (SSD 4TB),2496750,,2496750,,,,,
106044839,DELL Pro 14 Essential PV14250-WP02KR 32GB램 (SSD 1TB),1799990,,1799990,,,,,
106044842,DELL Pro 14 Essential PV14250-WP02KR 32GB램 (SSD 2TB),2213990,,2213990,,,,,
106044845,DELL Pro 14 Essential PV14250-WP02KR 32GB램 (SSD 4TB),2521040,,2521040,,,,,
104949758,DELL Pro 14 PC14255 (SSD 1TB),1292620,,1292820,,,,,
104949764,DELL Pro 14 PC14255 (SSD 2TB),1595360,,1595560,,,,,
106044524,DELL Pro 14 PC14255 (SSD 4TB),2151990,,2151990,,,,,
104372030,DELL Pro 14 PC14255 (SSD 512GB),1123770,,1123970,,,,,
104949776,DELL Pro 14 PC14255 32GB램 (SSD 1TB),1630780,,1630980,,,,,
104949779,DELL Pro 14 PC14255 32GB램 (SSD 2TB),1801990,,1801990,,,,,
106044530,DELL Pro 14 PC14255 32GB램 (SSD 4TB),2276990,,2276990,,,,,
104949773,DELL Pro 14 PC14255 32GB램 (SSD 512GB),1462050,,1462250,,,,,
104949785,DELL Pro 14 PC14255 64GB램 (SSD 1TB),1938990,,1938990,,,,,
104949788,DELL Pro 14 PC14255 64GB램 (SSD 2TB),2038990,,2038990,,,,,
106044536,DELL Pro 14 PC14255 64GB램 (SSD 4TB),2513990,,2513990,,,,,
104949782,DELL Pro 14 PC14255 64GB램 (SSD 512GB),1788990,,1788990,,,,,
122638147,DELL Pro 14 PC14255-WH04KR (SSD 1TB),1211780,,1211780,,,,,
122638150,DELL Pro 14 PC14255-WH04KR (SSD 2TB),1490780,,1490780,,,,,
122638153,DELL Pro 14 PC14255-WH04KR (SSD 4TB),2127000,,2127000,,,,,
122636523,DELL Pro 14 PC14255-WH04KR (SSD 512GB),1044380,,1044380,,,,,
122638229,DELL Pro 14 PC14255-WH04KR 32GB램 (SSD 1TB),1548040,,1548240,,,,,
122638239,DELL Pro 14 PC14255-WH04KR 32GB램 (SSD 2TB),1862920,,1863120,,,,,
122638241,DELL Pro 14 PC14255-WH04KR 32GB램 (SSD 4TB),2751000,,2751000,,,,,
122638164,DELL Pro 14 PC14255-WH04KR 32GB램 (SSD 512GB),1407090,,1407290,,,,,
122638265,DELL Pro 14 PC14255-WH04KR 64GB램 (SSD 1TB),2205630,,2205830,,,,,
122638267,DELL Pro 14 PC14255-WH04KR 64GB램 (SSD 2TB),2476580,,2476580,,,,,
122638269,DELL Pro 14 PC14255-WH04KR 64GB램 (SSD 4TB),3575650,,3467000,,,,,
122638264,DELL Pro 14 PC14255-WH04KR 64GB램 (SSD 512GB),2032020,,2032220,,,,,
122646592,DELL Pro 14 PC14255-WP04KR (SSD 1TB),1309240,,1309440,,,,,
122646594,DELL Pro 14 PC14255-WP04KR (SSD 2TB),1582400,,1582600,,,,,
122646596,DELL Pro 14 PC14255-WP04KR (SSD 4TB),2300000,,2300000,,,,,
122636550,DELL Pro 14 PC14255-WP04KR (SSD 512GB),1138360,,1138560,,,,,
122646661,DELL Pro 14 PC14255-WP04KR 32GB램 (SSD 1TB),1651360,,1651560,,,,,
122646663,DELL Pro 14 PC14255-WP04KR 32GB램 (SSD 2TB),1910110,,1910310,,,,,
122646664,DELL Pro 14 PC14255-WP04KR 32GB램 (SSD 4TB),2700000,,2700000,,,,,
122646657,DELL Pro 14 PC14255-WP04KR 32GB램 (SSD 512GB),1480360,,1480560,,,,,
122646702,DELL Pro 14 PC14255-WP04KR 64GB램 (SSD 1TB),2275800,,2275980,,,,,
122646705,DELL Pro 14 PC14255-WP04KR 64GB램 (SSD 2TB),2601360,,2601560,,,,,
122646706,DELL Pro 14 PC14255-WP04KR 64GB램 (SSD 4TB),3634690,,3649230,,,,,
122646698,DELL Pro 14 PC14255-WP04KR 64GB램 (SSD 512GB),2145520,,2145720,,,,,
99051641,DELL Pro 14 Plus Ultra5 (SSD 1TB),3190000,,3190000,,,,,
99051653,DELL Pro 14 Plus Ultra5 (SSD 2TB),3470000,,3470000,,,,,
99051656,DELL Pro 14 Plus Ultra5 (SSD 4TB),4150000,,4150000,,,,,
98412995,DELL Pro 14 Plus Ultra5 (SSD 512GB),2390000,,2390000,,,,,
104611973,DELL Pro 15 Essential PV15250-UB01KR (SSD 1TB),771000,,771000,,,,,
105967382,DELL Pro 15 Essential PV15250-UB01KR (SSD 2TB),952000,,952000,,,,,
104611937,DELL Pro 15 Essential PV15250-UB01KR (SSD 512GB),640000,,640000,,,,,
104612000,DELL Pro 15 Essential PV15250-UB01KR 16GB램 (SSD 1TB),963000,,963000,,,,,
105967394,DELL Pro 15 Essential PV15250-UB01KR 16GB램 (SSD 2TB),1146160,,1146360,,,,,
106734182,DELL Pro 15 Essential PV15250-UB01KR 16GB램 (SSD 4TB),2341000,,2341000,,,,,
104611988,DELL Pro 15 Essential PV15250-UB01KR 16GB램 (SSD 512GB),746000,,746000,,,,,
105967400,DELL Pro 15 Essential PV15250-UB01KR WIN11 (SSD 1TB),838000,,838000,,,,,
105967409,DELL Pro 15 Essential PV15250-UB01KR WIN11 (SSD 2TB),1026470,,1026670,,,,,
104612024,DELL Pro 15 Essential PV15250-UB01KR WIN11 (SSD 512GB),634160,,634160,,,,,
105967451,DELL Pro 15 Essential PV15250-UB01KR WIN11 16GB램 (SSD 1TB),1045630,,1045830,,,,,
105967496,DELL Pro 15 Essential PV15250-UB01KR WIN11 16GB램 (SSD 2TB),1198490,,1198490,,,,,
106734176,DELL Pro 15 Essential PV15250-UB01KR WIN11 16GB램 (SSD 4TB),2441000,,2441000,,,,,
104612027,DELL Pro 15 Essential PV15250-UB01KR WIN11 16GB램 (SSD 512GB),828000,,828000,,,,,
123731138,DELL Pro 15 Essential PV15250-UB01KR WIN11 32GB램 (SSD 1TB),1397000,,1397000,,,,,
123731142,DELL Pro 15 Essential PV15250-UB01KR WIN11 32GB램 (SSD 2TB),1577000,,1577000,,,,,
104612036,DELL Pro 15 Essential PV15250-UB01KR WIN11 32GB램 (SSD 512GB),1178000,,1178000,,,,,
104938745,DELL Pro 15 Essential PV15250-UB02KR (SSD 1TB),990000,,990000,,,,,
108416738,DELL Pro 15 Essential PV15250-UB02KR (SSD 2TB),1334000,,1334000,,,,,
104938709,DELL Pro 15 Essential PV15250-UB02KR (SSD 512GB),790000,,790000,,,,,
104938787,DELL Pro 15 Essential PV15250-UB02KR WIN11 (SSD 1TB),1050000,,1050000,,,,,
108416717,DELL Pro 15 Essential PV15250-UB02KR WIN11 (SSD 2TB),1580000,,1580000,,,,,
104938769,DELL Pro 15 Essential PV15250-UB02KR WIN11 (SSD 512GB),800000,,800000,,,,,
108423629,DELL Pro 15 Essential PV15250-UB03KR (SSD 1TB),1717000,,1717000,,,,,
108423638,DELL Pro 15 Essential PV15250-UB03KR (SSD 2TB),1987000,,1987000,,,,,
108422765,DELL Pro 15 Essential PV15250-UB03KR (SSD 512GB),1249000,,1249000,,,,,
108423662,DELL Pro 15 Essential PV15250-UB03KR WIN11 (SSD 1TB),1817000,,1817000,,,,,
108423665,DELL Pro 15 Essential PV15250-UB03KR WIN11 (SSD 2TB),2087000,,2087000,,,,,
108423659,DELL Pro 15 Essential PV15250-UB03KR WIN11 (SSD 512GB),1398000,,1398000,,,,,
108439103,DELL Pro 15 Essential PV15250-UB04KR (SSD 1TB),1817000,,1817000,,,,,
108439652,DELL Pro 15 Essential PV15250-UB04KR (SSD 2TB),2087000,,2087000,,,,,
108422816,DELL Pro 15 Essential PV15250-UB04KR (SSD 512GB),1294930,,1294930,,,,,
108439976,DELL Pro 15 Essential PV15250-UB04KR WIN11 (SSD 1TB),1917000,,1917000,,,,,
108440249,DELL Pro 15 Essential PV15250-UB04KR WIN11 (SSD 2TB),2187000,,2155000,,,,,
108440456,DELL Pro 15 Essential PV15250-UB04KR WIN11 (SSD 512GB),1498000,,1498000,,,,,
105180707,DELL Pro 15 Essential PV15250-WP01KR (SSD 1TB),903040,,903240,,,,,
108642971,DELL Pro 15 Essential PV15250-WP01KR (SSD 2TB),1588000,,1588000,,,,,
105180692,DELL Pro 15 Essential PV15250-WP01KR (SSD 512GB),761660,,717900,,,,,
105180728,DELL Pro 15 Essential PV15250-WP01KR 16GB램 (SSD 1TB),1104620,,1104820,,,,,
108643175,DELL Pro 15 Essential PV15250-WP01KR 16GB램 (SSD 2TB),1996000,,1996000,,,,,
105180725,DELL Pro 15 Essential PV15250-WP01KR 16GB램 (SSD 512GB),970170,,970370,,,,,
108647372,DELL Pro 15 Essential PV15250-WP02KR (SSD 1TB),1406000,,1406000,,,,,
108647840,DELL Pro 15 Essential PV15250-WP02KR (SSD 2TB),1663000,,1663000,,,,,
105180764,DELL Pro 15 Essential PV15250-WP02KR (SSD 512GB),970000,,848000,,,,,
108422855,DELL Pro 15 Essential PV15250-WP05KR (SSD 1TB),1613000,,1613000,,,,,
108649745,DELL Pro 15 Essential PV15250-WP05KR (SSD 2TB),2360000,,1685100,,,,,
108228584,DELL Pro 15 Essential PV15255-WP01KR (SSD 1TB),1398000,,1398000,,,,,
108228590,DELL Pro 15 Essential PV15255-WP01KR (SSD 2TB),1598000,,1598000,,,,,
107748749,DELL Pro 15 Essential PV15255-WP01KR (SSD 512GB),1099000,,1049000,,,,,
122726755,DELL Pro 15 PV15260 (SSD 512GB),1589990,,1589990,,,,,
44410106,DELL XPS 13 9340 WP02KR (SSD 1TB),3360000,,3304000,,,,,
64376135,DELL XPS 13 9340 WP02KR (SSD 2TB),4499000,,4499000,,,,,
89533883,DELL XPS 13 9340 WP02KR (SSD 4TB),4499000,,4499000,,,,,
65916128,DELL XPS 13 9350 WP04KR (SSD 1TB),3148050,,3145430,,,,,
74011184,DELL XPS 13 9350 WP04KR (SSD 2TB),3799000,,3799000,,,,,
74011208,DELL XPS 13 9350 WP04KR (SSD 4TB),7045000,,7045000,,,,,
69871052,DELL XPS 13 9350 WP06KR (SSD 1TB),4290000,,3548000,,,,,
74250569,DELL XPS 13 9350 WP06KR (SSD 2TB),4650000,,4650000,,,,,
74250584,DELL XPS 13 9350 WP06KR (SSD 4TB),5990000,,5990000,,,,,
19873886,DELL XPS 13 Plus 9320R WP01KR (SSD 1TB),3490000,,3490000,,,,,
19873907,DELL XPS 13 Plus 9320R WP01KR (SSD 2TB),3590000,,3590000,,,,,
90573302,DELL XPS 13 Plus 9320R WP01KR (SSD 4TB),4990000,,4990000,,,,,
19845470,DELL XPS 13 Plus 9320R WP01KR (SSD 512GB),3490000,,3490000,,,,,
19845815,DELL XPS 13 Plus 9320R WP05KR (SSD 1TB),3092250,,3092250,,,,,
19881977,DELL XPS 13 Plus 9320R WP05KR (SSD 2TB),3550000,,3550000,,,,,
92628032,DELL XPS 13 Plus 9320R WP05KR (SSD 4TB),3990000,,3990000,,,,,
59928563,DELL XPS 14 9440 WP01KR (SSD 1TB),3399000,,3399000,,,,,
59928578,DELL XPS 14 9440 WP01KR (SSD 2TB),3860000,,3860000,,,,,
90700937,DELL XPS 14 9440 WP01KR (SSD 4TB),4650000,,4650000,,,,,
44411522,DELL XPS 14 9440 WP01KR (SSD 512GB),2999000,,2338400,,,,,
122684785,DELL XPS 14 DDA14260-WH03KR (SSD 1TB),7712240,,,,,,,
122675283,DELL XPS 14 DDA14260-WP01KR (SSD 1TB),5456320,,5456320,,,,,
122684059,DELL XPS 14 DDA14260-WP01KR (SSD 2TB),6928000,,6928000,,,,,
122684061,DELL XPS 14 DDA14260-WP01KR (SSD 4TB),7534000,,7534000,,,,,
122675354,DELL XPS 14 DDA14260L-WH02KR (SSD 1TB),6731830,,6731830,,,,,
122683844,DELL XPS 14 DDA14260L-WH02KR (SSD 2TB),8348000,,8348000,,,,,
122683845,DELL XPS 14 DDA14260L-WH02KR (SSD 4TB),8954000,,8954000,,,,,
122684827,DELL XPS 14 DDA14260L-WP01KR (SSD 1TB),5671420,,5671420,,,,,
122693740,DELL XPS 14 DDA14260L-WP01KR (SSD 2TB),7290000,,7290000,,,,,
122693744,DELL XPS 14 DDA14260L-WP01KR (SSD 4TB),8230000,,7970000,,,,,
44413241,DELL XPS 16 9640 WP01KR (SSD 1TB),4490000,,3847000,,,,,
66040094,DELL XPS 16 9640 WP01KR (SSD 2TB),4299000,,4299000,,,,,
90698390,DELL XPS 16 9640 WP01KR (SSD 4TB),5199000,,5199000,,,,,
44413445,DELL XPS 16 9640 WP02KR (SSD 1TB),4279000,,4279000,,,,,
70873799,DELL XPS 16 9640 WP02KR (SSD 2TB),6480000,,6480000,,,,,
90115085,DELL XPS 16 9640 WP02KR (SSD 4TB),5799000,,5799000,,,,,
44413622,DELL XPS 16 9640 WP03KR (SSD 1TB),4899000,,4752800,,,,,
90115016,DELL XPS 16 9640 WP03KR (SSD 2TB),5630000,,5630000,,,,,
90115025,DELL XPS 16 9640 WP03KR (SSD 4TB),6499000,,6234000,,,,,
122675379,DELL XPS 16 DDA16260-WP01KR (SSD 1TB),5711420,,5711420,,,,,
122683842,DELL XPS 16 DDA16260-WP01KR (SSD 2TB),7212000,,7212000,,,,,
122683843,DELL XPS 16 DDA16260-WP01KR (SSD 4TB),7810000,,7810000,,,,,
122675416,DELL XPS 16 DDA16260L-WP02KR (SSD 1TB),7151020,,7151020,,,,,
122683840,DELL XPS 16 DDA16260L-WP02KR (SSD 2TB),8860000,,8851020,,,,,
122684453,DELL XPS 16 DDA16260L-WP02KR (SSD 4TB),9400000,,9400000,,,,,
122685061,DELL XPS 16 DDA16260L-WP03KR (SSD 1TB),8528570,,8528570,,,,,
122693641,DELL XPS 16 DDA16260L-WP03KR (SSD 2TB),10898000,,10898000,,,,,
122693643,DELL XPS 16 DDA16260L-WP03KR (SSD 4TB),11455000,,11455000,,,,,
17009558,DELL XPS 17 9720-WP03KR (SSD 1TB),4099000,,4099000,,,,,
18994337,DELL XPS 17 9720-WP03KR (SSD 2TB),4220000,,4220000,,,,,
92656943,DELL XPS 17 9720-WP03KR (SSD 4TB),4990000,,4800000,,,,,
18994397,DELL XPS 17 9720-WP03KR 32GB램 (SSD 1TB),4658000,,,,,,,
18994430,DELL XPS 17 9720-WP03KR 32GB램 (SSD 2TB),4990000,,,,,,,
98229521,DELL XPS 17 9720-WP03KR 32GB램 (SSD 4TB),5211000,,,,,,,
28512746,DELL XPS 17 9720-WP03KR 32GB램 (SSD 500GB),4480000,,,,,,,
29821751,DELL XPS 17 9720-WP04KR (SSD 1TB + SSD 1TB),4890000,,,,,,,
17009651,DELL XPS 17 9720-WP04KR (SSD 1TB),5290000,,,,,,,
18995474,DELL XPS 17 9720-WP04KR (SSD 2TB),5690000,,,,,,,
90887354,DELL XPS 17 9720-WP04KR (SSD 4TB),6150000,,,,,,,
28114235,DELL XPS 17 9720-WP05KR (SSD 1TB + SSD 1TB),4690000,,4690000,,,,,
17009738,DELL XPS 17 9720-WP05KR (SSD 1TB),4099000,,3683630,,,,,
19005110,DELL XPS 17 9720-WP05KR (SSD 2TB),4550000,,4550000,,,,,
92357174,DELL XPS 17 9720-WP05KR (SSD 4TB),5090000,,5090000,,,,,
19848152,DELL XPS 17 9730 WP05KR (SSD 1TB),6190000,,4507900,,,,,
28550489,DELL XPS 17 9730 WP05KR (SSD 2TB),6490000,,6490000,,,,,
90961262,DELL XPS 17 9730 WP05KR (SSD 4TB),7999000,,7999000,,,,,
124258849,DELL XPS DDX13260-WP03KR (SSD 512GB),2799000,,2799000,,,,,
69658952,DELL 래티튜드 3550 UB02KR WIN11 16GB램 (SSD 1TB),2099000,,2099000,,,,,
69658958,DELL 래티튜드 3550 UB02KR WIN11 16GB램 (SSD 2TB),2199000,,2199000,,,,,
90573350,DELL 래티튜드 3550 UB02KR WIN11 16GB램 (SSD 4TB),2790000,,2790000,,,,,
66323036,DELL 래티튜드 3550 UB02KR WIN11 16GB램 (SSD 512GB),1999000,,1895000,,,,,
70097183,DELL 래티튜드 3550 UB02KR WIN11 32GB램 (SSD 1TB),2199000,,2199000,,,,,
70097186,DELL 래티튜드 3550 UB02KR WIN11 32GB램 (SSD 2TB),2299000,,2299000,,,,,
70097177,DELL 래티튜드 3550 UB02KR WIN11 32GB램 (SSD 512GB),2099000,,1894990,,,,,
90573365,DELL 래티튜드 3550 UB02KR WIN11 64GB램 (SSD 1TB),2990000,,2595000,,,,,
94520732,DELL 래티튜드 3550 UB02KR WIN11 64GB램 (SSD 2TB),2790000,,2790000,,,,,
90573362,DELL 래티튜드 3550 UB02KR WIN11 64GB램 (SSD 512GB),2990000,,2495000,,,,,
90437939,DELL 래티튜드 3550 Ultra5 WIN11 16GB램 (SSD 1TB),3009000,,1749800,,,,,
90437942,DELL 래티튜드 3550 Ultra5 WIN11 16GB램 (SSD 2TB),3109000,,3109000,,,,,
78710069,DELL 래티튜드 3550 Ultra5 WIN11 16GB램 (SSD 512GB),2098000,,1749800,,,,,
90437957,DELL 래티튜드 3550 Ultra5 WIN11 32GB램 (SSD 1TB),2959000,,1889800,,,,,
90437960,DELL 래티튜드 3550 Ultra5 WIN11 32GB램 (SSD 2TB),3039000,,3039000,,,,,
90437954,DELL 래티튜드 3550 Ultra5 WIN11 32GB램 (SSD 512GB),2653000,,1749800,,,,,
90437966,DELL 래티튜드 3550 Ultra5 WIN11 64GB램 (SSD 1TB),3780000,,2689800,,,,,
90437969,DELL 래티튜드 3550 Ultra5 WIN11 64GB램 (SSD 2TB),3990000,,3990000,,,,,
90437963,DELL 래티튜드 3550 Ultra5 WIN11 64GB램 (SSD 512GB),3680000,,2489800,,,,,
69658988,DELL 래티튜드 3550 WP04KR 16GB램 (SSD 1TB),2750000,,2750000,,,,,
70001483,DELL 래티튜드 3550 WP04KR 16GB램 (SSD 2TB),2390000,,2390000,,,,,
90643790,DELL 래티튜드 3550 WP04KR 16GB램 (SSD 4TB),2640000,,2640000,,,,,
69658976,DELL 래티튜드 3550 WP04KR 16GB램 (SSD 512GB),2750000,,2750000,,,,,
69659006,DELL 래티튜드 3550 WP04KR 32GB램 (SSD 1TB),2750000,,2750000,,,,,
70001543,DELL 래티튜드 3550 WP04KR 32GB램 (SSD 2TB),2290000,,2290000,,,,,
90643808,DELL 래티튜드 3550 WP04KR 32GB램 (SSD 4TB),2690000,,2690000,,,,,
69659003,DELL 래티튜드 3550 WP04KR 32GB램 (SSD 512GB),2750000,,2750000,,,,,
70001519,DELL 래티튜드 3550 WP04KR 64GB램 (SSD 1TB),2990000,,2990000,,,,,
70001522,DELL 래티튜드 3550 WP04KR 64GB램 (SSD 2TB),2990000,,2990000,,,,,
70001516,DELL 래티튜드 3550 WP04KR 64GB램 (SSD 512GB),2990000,,2990000,,,,,
100382675,DELL 래티튜드 5540 i5 Touch WIN11 32GB램 (SSD 1TB),2990000,,2990000,,,,,
100382678,DELL 래티튜드 5540 i5 Touch WIN11 32GB램 (SSD 2TB),2551000,,2551000,,,,,
100382681,DELL 래티튜드 5540 i5 Touch WIN11 32GB램 (SSD 4TB),3190000,,3190000,,,,,
100382672,DELL 래티튜드 5540 i5 Touch WIN11 32GB램 (SSD 512GB),2251000,,2251000,,,,,
96853808,DELL 에일리언웨어 16 Area-51 DAA16250-WH02KR (SSD 1TB),4749000,,4749000,,,,,
102913457,DELL 에일리언웨어 16 Area-51 DAA16250-WH02KR (SSD 2TB),5216000,,5216000,,,,,
102913475,DELL 에일리언웨어 16 Area-51 DAA16250-WH02KR (SSD 4TB),5695000,,5695000,,,,,
96056807,DELL 에일리언웨어 16 Area-51 DAA16250-WH03KR 64GB램 (SSD 1TB),7490000,,6783000,,,,,
96056822,DELL 에일리언웨어 16 Area-51 DAA16250-WH03KR 64GB램 (SSD 2TB),7513990,,7513990,,,,,
96056831,DELL 에일리언웨어 16 Area-51 DAA16250-WH03KR 64GB램 (SSD 4TB),7750000,,7748600,,,,,
92678306,DELL 에일리언웨어 16 Area-51 DAA16250-WH04KR (SSD 1TB),6990000,,6898000,,,,,
94263515,DELL 에일리언웨어 16 Area-51 DAA16250-WH04KR (SSD 2TB),7490000,,7490000,,,,,
94263533,DELL 에일리언웨어 16 Area-51 DAA16250-WH04KR (SSD 4TB),7990000,,7990000,,,,,
92678357,DELL 에일리언웨어 16 Area-51 DAA16250-WH05KR (SSD 1TB),7599000,,7599000,,,,,
94814561,DELL 에일리언웨어 16 Area-51 DAA16250-WH05KR (SSD 2TB),8175000,,8175000,,,,,
94814591,DELL 에일리언웨어 16 Area-51 DAA16250-WH05KR (SSD 4TB),8685000,,8685000,,,,,
94814612,DELL 에일리언웨어 16 Area-51 DAA16250-WH05KR 64GB램 (SSD 1TB),8825000,,8825000,,,,,
94814615,DELL 에일리언웨어 16 Area-51 DAA16250-WH05KR 64GB램 (SSD 2TB),9044000,,9044000,,,,,
94814633,DELL 에일리언웨어 16 Area-51 DAA16250-WH05KR 64GB램 (SSD 4TB),9495000,,9495000,,,,,
105551354,DELL 에일리언웨어 16 Area-51 DAA16250-WP04KR (SSD 1TB),7500000,,7500000,,,,,
106734164,DELL 에일리언웨어 16 Area-51 DAA16250-WP04KR (SSD 2TB),8678830,,8678830,,,,,
106734173,DELL 에일리언웨어 16 Area-51 DAA16250-WP04KR (SSD 4TB),9343720,,8758000,,,,,
109682837,DELL 에일리언웨어 16 Area-51 DAA16250-WP04KR (SSD 6TB),9269000,,9269000,,,,,
105551366,DELL 에일리언웨어 16 Area-51 DAA16250-WP05KR (SSD 1TB),8730000,,8730000,,,,,
106763570,DELL 에일리언웨어 16 Area-51 DAA16250-WP05KR (SSD 2TB),9376000,,9326000,,,,,
96977276,DELL 에일리언웨어 16 Aurora DAC16250-WH04KR (SSD 1TB),2880000,,2352540,,,,,
97778579,DELL 에일리언웨어 16 Aurora DAC16250-WH04KR (SSD 2TB),3300000,,3300000,,,,,
97778600,DELL 에일리언웨어 16 Aurora DAC16250-WH04KR (SSD 4TB),3428000,,3428000,,,,,
97778678,DELL 에일리언웨어 16 Aurora DAC16250-WH04KR 32GB램 (SSD 1TB),3390000,,3390000,,,,,
97778708,DELL 에일리언웨어 16 Aurora DAC16250-WH04KR 32GB램 (SSD 2TB),3890000,,3890000,,,,,
97778717,DELL 에일리언웨어 16 Aurora DAC16250-WH04KR 32GB램 (SSD 4TB),3713000,,3713000,,,,,
98484221,DELL 에일리언웨어 16 Aurora DAC16250-WH04KR 64GB램 (SSD 1TB),3690000,,,,,,,
98484224,DELL 에일리언웨어 16 Aurora DAC16250-WH04KR 64GB램 (SSD 2TB),4460000,,,,,,,
98484230,DELL 에일리언웨어 16 Aurora DAC16250-WH04KR 64GB램 (SSD 4TB),4750000,,,,,,,
96977315,DELL 에일리언웨어 16 Aurora DAC16250-WH05KR (SSD 1TB),3589000,,3299000,,,,,
97778774,DELL 에일리언웨어 16 Aurora DAC16250-WH05KR (SSD 2TB),4059000,,3677800,,,,,
97778789,DELL 에일리언웨어 16 Aurora DAC16250-WH05KR (SSD 4TB),4549550,,4549550,,,,,
98613857,DELL 에일리언웨어 16 Aurora DAC16250-WH05KR 64GB램 (SSD 1TB),4285000,,4285000,,,,,
98613866,DELL 에일리언웨어 16 Aurora DAC16250-WH05KR 64GB램 (SSD 2TB),4744000,,4460000,,,,,
98613863,DELL 에일리언웨어 16 Aurora DAC16250-WH05KR 64GB램 (SSD 4TB),5245000,,4760000,,,,,
122716987,DELL 에일리언웨어 16 DAA16250L-WP03KR (SSD 1TB),10289990,,9828550,,,,,
122716992,DELL 에일리언웨어 16 DAA16250L-WP03KR (SSD 2TB),11500000,,10790000,,,,,
122716996,DELL 에일리언웨어 16 DAA16250L-WP03KR (SSD 4TB),12780790,,11590000,,,,,
101954711,DELL 에일리언웨어 16X Aurora DAC16251-WH03KR (SSD 1TB),3999000,,3999000,,,,,
103056911,DELL 에일리언웨어 16X Aurora DAC16251-WH03KR (SSD 2TB),3909000,,3909000,,,,,
103056923,DELL 에일리언웨어 16X Aurora DAC16251-WH03KR (SSD 4TB),4339000,,4339000,,,,,
101954783,DELL 에일리언웨어 16X Aurora DAC16251-WH04KR (SSD 1TB),3698000,,3698000,,,,,
103125053,DELL 에일리언웨어 16X Aurora DAC16251-WH04KR (SSD 2TB),4199000,,4199000,,,,,
103125083,DELL 에일리언웨어 16X Aurora DAC16251-WH04KR (SSD 4TB),4649000,,4649000,,,,,
103125116,DELL 에일리언웨어 16X Aurora DAC16251-WH04KR 64GB램 (SSD 1TB),4700000,,4614000,,,,,
103125119,DELL 에일리언웨어 16X Aurora DAC16251-WH04KR 64GB램 (SSD 2TB),4993000,,4993000,,,,,
103125125,DELL 에일리언웨어 16X Aurora DAC16251-WH04KR 64GB램 (SSD 4TB),5679000,,5679000,,,,,
122719984,DELL 에일리언웨어 16X Aurora DAC16251L-WH03KR (SSD 1TB),6900000,,,,,,,
122715216,DELL 에일리언웨어 16X Aurora DAC16251L-WP02KR (SSD 1TB),5799000,,5207490,,,,,
122715366,DELL 에일리언웨어 16X Aurora DAC16251L-WP02KR (SSD 2TB),6220000,,6220000,,,,,
122715373,DELL 에일리언웨어 16X Aurora DAC16251L-WP02KR (SSD 4TB),7116000,,7116000,,,,,
122719974,DELL 에일리언웨어 16X Aurora DAC16251L-WP03KR (SSD 1TB),6389930,,6389930,,,,,
124033111,DELL 에일리언웨어 16X Aurora DAC16251L-WP03KR (SSD 2TB),8342000,,8342000,,,,,
124033112,DELL 에일리언웨어 16X Aurora DAC16251L-WP03KR (SSD 4TB),9000000,,9000000,,,,,
122718287,DELL 에일리언웨어 16X Aurora DAC16251L-WP04KR (SSD 1TB),6798980,,6798980,,,,,
122718303,DELL 에일리언웨어 16X Aurora DAC16251L-WP04KR (SSD 2TB),7929550,,7929550,,,,,
122718311,DELL 에일리언웨어 16X Aurora DAC16251L-WP04KR (SSD 4TB),8999880,,8999880,,,,,
122718317,DELL 에일리언웨어 16X Aurora DAC16251L-WP04KR 64GB램 (SSD 1TB),8588690,,8588850,,,,,
122718318,DELL 에일리언웨어 16X Aurora DAC16251L-WP04KR 64GB램 (SSD 2TB),9699880,,9699880,,,,,
122718320,DELL 에일리언웨어 16X Aurora DAC16251L-WP04KR 64GB램 (SSD 4TB),10299880,,10299880,,,,,
92678453,DELL 에일리언웨어 18 Area-51 DAA18250-WH01KR (SSD 1TB),6990000,,6902000,,,,,
97222658,DELL 에일리언웨어 18 Area-51 DAA18250-WH01KR (SSD 2TB),8399000,,7173920,,,,,
97405808,DELL 에일리언웨어 18 Area-51 DAA18250-WH01KR (SSD 4TB),8599000,,6883000,,,,,
92889227,DELL 에일리언웨어 18 Area-51 DAA18250-WH01KR 64GB램 (SSD 1TB),9299000,,6542000,,,,,
97405823,DELL 에일리언웨어 18 Area-51 DAA18250-WH01KR 64GB램 (SSD 2TB),8990000,,6769000,,,,,
97405829,DELL 에일리언웨어 18 Area-51 DAA18250-WH01KR 64GB램 (SSD 4TB),8490000,,7201000,,,,,
92678663,DELL 에일리언웨어 18 Area-51 DAA18250-WH04KR (SSD 1TB),8964000,,8098000,,,,,
94937792,DELL 에일리언웨어 18 Area-51 DAA18250-WH04KR (SSD 2TB),9213990,,8326000,,,,,
94937795,DELL 에일리언웨어 18 Area-51 DAA18250-WH04KR (SSD 4TB),10190000,,10190000,,,,,
97704710,DELL 에일리언웨어 18 Area-51 DAA18250-WH04KR 128GB램 (SSD 1TB),10799000,,12500000,,,,,
97704725,DELL 에일리언웨어 18 Area-51 DAA18250-WH04KR 128GB램 (SSD 4TB),11590000,,14000000,,,,,
92889245,DELL 에일리언웨어 18 Area-51 DAA18250-WH04KR 64GB램 (SSD 1TB),9780000,,8417000,,,,,
94937798,DELL 에일리언웨어 18 Area-51 DAA18250-WH04KR 64GB램 (SSD 2TB),10525000,,10525000,,,,,
94937804,DELL 에일리언웨어 18 Area-51 DAA18250-WH04KR 64GB램 (SSD 4TB),11250000,,9495000,,,,,
92678576,DELL 에일리언웨어 18 Area-51 DAA18250-WP02KR (SSD 2TB),7699000,,7699000,,,,,
95986088,DELL 에일리언웨어 18 Area-51 DAA18250-WP02KR (SSD 4TB),8990000,,8990000,,,,,
95986112,DELL 에일리언웨어 18 Area-51 DAA18250-WP02KR 64GB램 (SSD 2TB),9413990,,8392000,,,,,
95986127,DELL 에일리언웨어 18 Area-51 DAA18250-WP02KR 64GB램 (SSD 4TB),8650000,,8650000,,,,,
92678621,DELL 에일리언웨어 18 Area-51 DAA18250-WP03KR (SSD 2TB),9480000,,9480000,,,,,
94637015,DELL 에일리언웨어 18 Area-51 DAA18250-WP03KR (SSD 4TB),9950000,,9950000,,,,,
95986271,DELL 에일리언웨어 18 Area-51 DAA18250-WP03KR (SSD 6TB),11504990,,11504990,,,,,
109680089,DELL 에일리언웨어 18 Area-51 DAA18250-WP04KR (SSD 1TB),9100000,,9100000,,,,,
122638545,DELL 에일리언웨어 18 Area-51 DAA18250-WP04KR (SSD 2TB),11914990,,10831000,,,,,
122638549,DELL 에일리언웨어 18 Area-51 DAA18250-WP04KR 64GB램 (SSD 1TB),12139990,,11036000,,,,,
122638551,DELL 에일리언웨어 18 Area-51 DAA18250-WP04KR 64GB램 (SSD 2TB),12702990,,11547000,,,,,
122638552,DELL 에일리언웨어 18 Area-51 DAA18250-WP04KR 64GB램 (SSD 4TB),13377990,,12161000,,,,,
123971377,DELL 에일리언웨어 18 Area-51 DAA18250K-WP03KR (SSD 2TB),13000000,,11400350,,,,,
123971378,DELL 에일리언웨어 18 Area-51 DAA18250K-WP03KR (SSD 4TB),14688000,,14688000,,,,,
123971379,DELL 에일리언웨어 18 Area-51 DAA18250K-WP03KR (SSD 5TB),14830000,,14830000,,,,,
124238061,DELL 에일리언웨어 18 Area-51 DAA18250K-WP04KR (SSD 1TB),11800000,,10769920,,,,,
17273936,DELL 에일리언웨어 M15 R7 WP05KR 64GB램 (SSD 1TB),5370360,,,,,,,
62176529,DELL 에일리언웨어 M16 R1A WP04KR 64GB램 (SSD 1TB),6028000,,4559740,,,,,
62176538,DELL 에일리언웨어 M16 R1A WP04KR 64GB램 (SSD 2TB),6122000,,6122000,,,,,
100193714,DELL 에일리언웨어 M16 R1A WP04KR 64GB램 (SSD 4TB),6699000,,6699000,,,,,
17333627,DELL 에일리언웨어 M17 R5 WP02KR 32GB램 (SSD 1TB),4699000,,4098000,,,,,
18019679,DELL 에일리언웨어 M17 R5 WP02KR 32GB램 (SSD 2TB),5199000,,5199000,,,,,
96423233,DELL 에일리언웨어 M17 R5 WP02KR 32GB램 (SSD 4TB),5499000,,5499000,,,,,
19177394,DELL 에일리언웨어 M17 R5 WP13KR (SSD 1TB),3538000,,3538000,,,,,
62318852,DELL 에일리언웨어 M17 R5 WP13KR (SSD 2TB),4699000,,4699000,,,,,
100383650,DELL 에일리언웨어 M17 R5 WP13KR (SSD 4TB),6199000,,6199000,,,,,
28245002,DELL 에일리언웨어 M17 R5 WP16KR 32GB램 (SSD 1TB),2980000,,,,,,,
28629248,DELL 에일리언웨어 M17 R5 WP16KR 32GB램 (SSD 2TB),3140000,,,,,,,
28620650,DELL 에일리언웨어 M17 R5 WP16KR 32GB램 (SSD 500GB),3990000,,,,,,,
28620944,DELL 에일리언웨어 M17 R5 WP17KR 64GB램 (SSD 1TB),4080000,,3839800,,,,,
28620920,DELL 에일리언웨어 M17 R5 WP17KR 64GB램 (SSD 2TB),4130000,,4130000,,,,,
28620953,DELL 에일리언웨어 M17 R5 WP17KR 64GB램 (SSD 500GB),4060000,,4060000,,,,,
28620773,DELL 에일리언웨어 M17 R5 WP18KR 64GB램 (SSD 1TB),5790000,,5790000,,,,,
28620785,DELL 에일리언웨어 M17 R5 WP18KR 64GB램 (SSD 2TB),5990000,,5990000,,,,,
97406003,DELL 에일리언웨어 M17 R5 WP18KR 64GB램 (SSD 4TB),6900000,,6900000,,,,,
28620818,DELL 에일리언웨어 M17 R5 WP18KR 64GB램 (SSD 500GB),5760000,,5760000,,,,,
29960582,DELL 에일리언웨어 M18 R1A WP04KR 64GB램 (SSD 1TB),5689000,,5689000,,,,,
29960654,DELL 에일리언웨어 M18 R1A WP04KR 64GB램 (SSD 2TB + SSD 2TB),6799000,,6799000,,,,,
29960618,DELL 에일리언웨어 M18 R1A WP04KR 64GB램 (SSD 2TB),6300000,,6300000,,,,,
100383908,DELL 에일리언웨어 M18 R1A WP04KR 64GB램 (SSD 4TB),6399000,,6399000,,,,,
36707891,DELL 에일리언웨어 M18 R1A WP06KR (SSD 1TB),5899000,,5290000,,,,,
56498702,DELL 에일리언웨어 M18 R1A WP06KR (SSD 2TB),6099000,,6099000,,,,,
92677331,DELL 에일리언웨어 M18 R1A WP06KR (SSD 4TB),6399000,,6399000,,,,,
30130652,DELL 에일리언웨어 x16 R1 WP01KR (SSD 1TB + SSD 1TB),5150000,,5150000,,,,,
20542679,DELL 에일리언웨어 x16 R1 WP01KR (SSD 1TB),3580000,,2971400,,,,,
29940779,DELL 에일리언웨어 x16 R1 WP01KR (SSD 2TB),4400000,,3896000,,,,,
77087531,DELL 에일리언웨어 x16 R1 WP01KR (SSD 4TB),4899000,,4496000,,,,,
30103472,DELL 에일리언웨어 x16 R1 WP02KR (SSD 1TB + SSD 1TB),6150000,,6150000,,,,,
20542745,DELL 에일리언웨어 x16 R1 WP02KR (SSD 1TB),4580000,,4580000,,,,,
58011410,DELL 에일리언웨어 x16 R1 WP02KR (SSD 2TB),5890000,,5890000,,,,,
100272119,DELL 에일리언웨어 x16 R1 WP02KR (SSD 4TB),6590000,,6492500,,,,,
52371536,DELL 에일리언웨어 x16 R2 WP04KR (SSD 1TB),6179000,,6179000,,,,,
59927315,DELL 에일리언웨어 x16 R2 WP04KR (SSD 2TB),6999000,,6767610,,,,,
79402241,DELL 에일리언웨어 x16 R2 WP04KR (SSD 4TB),7499000,,7499000,,,,,
62272946,DELL 인스피론 14 5440 UB03KR (SSD 1TB),1049000,,1049000,,,,,
92627789,DELL 인스피론 14 5440 UB03KR (SSD 2TB),1899000,,1899000,,,,,
92627792,DELL 인스피론 14 5440 UB03KR (SSD 4TB),2099000,,2099000,,,,,
62272988,DELL 인스피론 14 5440 W003KR (SSD 1TB),1689000,,1689000,,,,,
92628176,DELL 인스피론 14 5440 W003KR (SSD 2TB),2450000,,2450000,,,,,
92628182,DELL 인스피론 14 5440 W003KR (SSD 4TB),2790000,,2790000,,,,,
19601609,DELL 인스피론 15 3520 UB02KR WIN11 32GB램 (SSD 1TB),1626200,,1626200,,,,,
19601606,DELL 인스피론 15 3520 UB02KR WIN11 32GB램 (SSD 256GB),1425980,,1425980,,,,,
19601612,DELL 인스피론 15 3520 UB02KR WIN11 32GB램 (SSD 2TB),1851800,,1851800,,,,,
19601618,DELL 인스피론 15 3520 UB02KR WIN11 32GB램 (SSD 500GB),1488960,,1488960,,,,,
122728702,DELL 인스피론 15 3520 UB05KR 16GB램 (SSD 1TB),908030,,908030,,,,,
122728703,DELL 인스피론 15 3520 UB05KR 16GB램 (SSD 2TB),1080990,,1080990,,,,,
122728701,DELL 인스피론 15 3520 UB05KR 16GB램 (SSD 512GB),770790,,770790,,,,,
76074911,DELL 인스피론 15 3530 UB02KR WIN11 (SSD 1TB),1236990,,1236990,,,,,
76074920,DELL 인스피론 15 3530 UB02KR WIN11 (SSD 2TB),1387440,,1387000,,,,,
79408304,DELL 인스피론 15 3530 UB02KR WIN11 (SSD 4TB),2399000,,1687000,,,,,
63031382,DELL 인스피론 15 3530 UB02KR WIN11 (SSD 512GB),899000,,899000,,,,,
56248238,"DELL 인스피론 15 3530 W002KR (램16GB, SSD 512GB)",1439000,,998000,,,,,
56249735,"DELL 인스피론 15 3530 W002KR (램8GB, SSD 512GB)",890000,,679570,,,,,
90432554,DELL 인스피론 15 3530 W002KR 16GB램 (SSD 1TB),1599000,,1372000,,,,,
90432557,DELL 인스피론 15 3530 W002KR 16GB램 (SSD 2TB),1599000,,1522000,,,,,
90432581,DELL 인스피론 15 3530 W002KR 16GB램 (SSD 4TB),1799000,,1799000,,,,,
90432602,DELL 인스피론 15 3530 W002KR 32GB램 (SSD 1TB),1990000,,1642000,,,,,
90432608,DELL 인스피론 15 3530 W002KR 32GB램 (SSD 2TB),1699000,,1699000,,,,,
90432614,DELL 인스피론 15 3530 W002KR 32GB램 (SSD 4TB),1899000,,1899000,,,,,
90432596,DELL 인스피론 15 3530 W002KR 32GB램 (SSD 512GB),1599000,,1567000,,,,,
90432620,DELL 인스피론 15 3530 W002KR 64GB램 (SSD 1TB),3990000,,2399800,,,,,
99051071,DELL 인스피론 15 3530 W002KR 64GB램 (SSD 2TB),2990000,,2990000,,,,,
99051074,DELL 인스피론 15 3530 W002KR 64GB램 (SSD 4TB),3290000,,3290000,,,,,
90432617,DELL 인스피론 15 3530 W002KR 64GB램 (SSD 512GB),3190000,,2199800,,,,,
27813599,DELL 인스피론 16 5625-WH03KR 16GB램 (SSD 1TB + SSD 1TB),2199000,,2199000,,,,,
27813581,DELL 인스피론 16 5625-WH03KR 16GB램 (SSD 1TB + SSD 512GB),2189000,,2189000,,,,,
16878164,DELL 인스피론 16 5625-WH03KR 16GB램 (SSD 1TB),1599000,,1599000,,,,,
27813593,DELL 인스피론 16 5625-WH03KR 16GB램 (SSD 250GB + SSD 1TB),2179000,,2179000,,,,,
27813557,DELL 인스피론 16 5625-WH03KR 16GB램 (SSD 250GB + SSD 250GB),2019000,,2019000,,,,,
27813572,DELL 인스피론 16 5625-WH03KR 16GB램 (SSD 250GB + SSD 512GB),2069000,,2069000,,,,,
27813653,DELL 인스피론 16 5625-WH03KR 16GB램 (SSD 250GB),2189000,,2189000,,,,,
16878167,DELL 인스피론 16 5625-WH03KR 16GB램 (SSD 2TB),1699000,,1699000,,,,,
27813578,DELL 인스피론 16 5625-WH03KR 16GB램 (SSD 500GB + SSD 512GB),2099000,,2099000,,,,,
60168986,DELL 인스피론 16 5640 UB01KR WIN11 (SSD 1TB),2299000,,1599800,,,,,
60168989,DELL 인스피론 16 5640 UB01KR WIN11 (SSD 2TB),2399000,,2399000,,,,,
90573614,DELL 인스피론 16 5640 UB01KR WIN11 (SSD 4TB),2160000,,2160000,,,,,
60168983,DELL 인스피론 16 5640 UB01KR WIN11 (SSD 512GB),2199000,,1539800,,,,,
62273093,DELL 인스피론 16 5640 UB03KR (SSD 1TB),1799000,,1399800,,,,,
68365382,DELL 인스피론 16 5640 UB03KR (SSD 2TB),2699000,,2021100,,,,,
92628386,DELL 인스피론 16 5640 UB03KR (SSD 4TB),2699000,,2221100,,,,,
63557792,DELL 인스피론 16 5640 UB03KR WIN11 (SSD 1TB),2499000,,1570810,,,,,
64374938,DELL 인스피론 16 5640 UB03KR WIN11 (SSD 2TB),3199000,,2051100,,,,,
92628332,DELL 인스피론 16 5640 UB03KR WIN11 (SSD 4TB),2899000,,2251100,,,,,
69659309,DELL 인스피론 16 5640 UB03KR WIN11 32GB램 (SSD 1TB),2699000,,1728900,,,,,
69659318,DELL 인스피론 16 5640 UB03KR WIN11 32GB램 (SSD 2TB),2999000,,2171100,,,,,
92628350,DELL 인스피론 16 5640 UB03KR WIN11 32GB램 (SSD 4TB),3099000,,2371100,,,,,
78611879,DELL 인스피론 16 5640 W005KR 16GB램 (SSD 1TB),1950000,,1950000,,,,,
92625887,DELL 인스피론 16 5640 W005KR 16GB램 (SSD 2TB),2990000,,2990000,,,,,
78611843,DELL 인스피론 16 5640 W005KR 16GB램 (SSD 512GB),1950000,,1950000,,,,,
78611903,DELL 인스피론 16 5640 W005KR 32GB램 (SSD 1TB),2049000,,1999000,,,,,
78611891,DELL 인스피론 16 5640 W005KR 32GB램 (SSD 512GB),2039000,,1999000,,,,,
96980549,DELL 인스피론 16 5640 WH01KR (SSD 1TB),2399000,,1492000,,,,,
96980555,DELL 인스피론 16 5640 WH01KR (SSD 2TB),2499000,,1792000,,,,,
96980573,DELL 인스피론 16 5640 WH01KR (SSD 4TB),2699000,,2173800,,,,,
95200421,DELL 인스피론 16 5640 WH01KR (SSD 512GB),1299000,,1299000,,,,,
74995310,DELL 인스피론 16 5645 W001KR (SSD 1TB),1199000,,1199000,,,,,
74995328,DELL 인스피론 16 5645 W001KR (SSD 2TB),1399000,,1399000,,,,,
91348430,DELL 인스피론 16 5645 W001KR (SSD 4TB),3450000,,3450000,,,,,
52063856,DELL 인스피론 16 5645 W001KR (SSD 512GB),899000,,899000,,,,,
38933255,DELL 인스피론 16 Plus 7630 W003KR 32GB램 (SSD 1TB),3590000,,2799000,,,,,
38933669,DELL 인스피론 16 Plus 7630 W003KR 32GB램 (SSD 2TB),3790000,,2899000,,,,,
90268160,DELL 프로 러기드 14 Ultra5 (SSD 1TB),5690000,,5655000,,,,,
90268220,DELL 프로 러기드 14 Ultra5 (SSD 2TB),5960000,,5883000,,,,,
90268298,DELL 프로 러기드 14 Ultra7 (SSD 1TB),6276990,,4939000,,,,,
90268358,DELL 프로 러기드 14 Ultra7 (SSD 2TB),6237690,,5167000,,,,,
73886672,DELL 프리시전 M3590 Ultra7 16GB램 (SSD 1TB),2990000,,2990000,,,,,
74806262,DELL 프리시전 M3590 Ultra7 16GB램 (SSD 2TB),2699000,,2699000,,,,,
74806271,DELL 프리시전 M3590 Ultra7 16GB램 (SSD 4TB),2799000,,2799000,,,,,
71904215,DELL 프리시전 M3590 Ultra7 16GB램 (SSD 512GB),3090000,,3079000,,,,,
74806280,DELL 프리시전 M3590 Ultra7 32GB램 (SSD 1TB),2699000,,2699000,,,,,
73886684,DELL 프리시전 M3590 Ultra7 32GB램 (SSD 2TB),2190000,,2190000,,,,,
100384766,DELL 프리시전 M3590 Ultra7 32GB램 (SSD 4TB),3199000,,3199000,,,,,
74806277,DELL 프리시전 M3590 Ultra7 32GB램 (SSD 512GB),3150000,,3079000,,,,,
74806304,DELL 프리시전 M3590 Ultra7 64GB램 (SSD 1TB),2999000,,2999000,,,,,
74806307,DELL 프리시전 M3590 Ultra7 64GB램 (SSD 2TB),3099000,,3099000,,,,,
74806301,DELL 프리시전 M3590 Ultra7 64GB램 (SSD 512GB),2949000,,2949000,,,,,
62648834,DELL 프리시전 M3591 Ultra7 R1000 (SSD 1TB),3660000,,3416500,,,,,
62648846,DELL 프리시전 M3591 Ultra7 R1000 (SSD 2TB),4010000,,4010000,,,,,
92627489,DELL 프리시전 M3591 Ultra7 R1000 (SSD 4TB),4687000,,4687000,,,,,
49646672,DELL 프리시전 M3591 Ultra7 R1000 (SSD 512GB),2897000,,2897000,,,,,
70097237,DELL 프리시전 M3591 Ultra7 R1000 32GB램 (SSD 1TB),4398000,,4028000,,,,,
70097240,DELL 프리시전 M3591 Ultra7 R1000 32GB램 (SSD 2TB),4580000,,4580000,,,,,
92678252,DELL 프리시전 M3591 Ultra7 R1000 32GB램 (SSD 4TB),4999000,,4999000,,,,,
70097234,DELL 프리시전 M3591 Ultra7 R1000 32GB램 (SSD 512GB),4160000,,3489800,,,,,
92627666,DELL 프리시전 M3591 Ultra7 R1000 64GB램 (SSD 1TB),4394080,,4189000,,,,,
99948035,DELL 프리시전 M3591 Ultra7 R1000 64GB램 (SSD 2TB),4496020,,4280000,,,,,
99948041,DELL 프리시전 M3591 Ultra7 R1000 64GB램 (SSD 4TB),4799000,,4799000,,,,,
92627663,DELL 프리시전 M3591 Ultra7 R1000 64GB램 (SSD 512GB),4246330,,3889800,,,,,
100701629,DELL 프리시전 M3591 Ultra7 R500 (SSD 512GB),2697000,,2697000,,,,,
101953175,DELL 프리시전 M3591 Ultra7 R500 32GB램 (SSD 1TB),3620000,,3620000,,,,,
62638376,DELL 프리시전 M3591 Ultra9 (SSD 1TB),3776880,,3389800,,,,,
62638394,DELL 프리시전 M3591 Ultra9 (SSD 2TB),3845670,,3733400,,,,,
92627858,DELL 프리시전 M3591 Ultra9 (SSD 4TB),5497000,,5497000,,,,,
49646750,DELL 프리시전 M3591 Ultra9 (SSD 512GB),3289990,,3289990,,,,,
70097246,DELL 프리시전 M3591 Ultra9 32GB램 (SSD 1TB),5497000,,3689800,,,,,
70097252,DELL 프리시전 M3591 Ultra9 32GB램 (SSD 2TB),5695000,,5442600,,,,,
92678297,DELL 프리시전 M3591 Ultra9 32GB램 (SSD 4TB),6295000,,6295000,,,,,
73762241,DELL 프리시전 M3591 Ultra9 32GB램 (SSD 512GB),5195000,,3489800,,,,,
78973496,DELL 프리시전 M7780 i9 4090 (SSD 1TB),7189000,,7189000,,,,,
92678435,DELL 프리시전 M7780 i9 4090 (SSD 2TB),10900000,,10900000,,,,,
92678438,DELL 프리시전 M7780 i9 4090 (SSD 4TB),9899000,,9899000,,,,,
69054326,DELL 프리시전 M7780 i9 4090 (SSD 512GB),8099000,,8099000,,,,,
122715658,DELL 프리시전 Pro 5 Series 16 PW516261 U7 (SSD 1TB),7958160,,7958160,,,,,
122715698,DELL 프리시전 Pro 5 Series 16 PW516261 U9 (SSD 1TB),8589990,,8589990,,,,,
79113242,GIGABYTE A5 K1 R5 64GB램 (SSD 1TB),2699000,,2699000,,,,,
79113245,GIGABYTE A5 K1 R5 64GB램 (SSD 2TB),2799000,,2799000,,,,,
79113251,GIGABYTE A5 K1 R5 64GB램 (SSD 4TB),2999000,,2999000,,,,,
79113239,GIGABYTE A5 K1 R5 64GB램 (SSD 512GB),2599000,,2599000,,,,,
79114232,GIGABYTE A5 K1 R5 WIN11 32GB램 (SSD 1TB),2499000,,2499000,,,,,
79114235,GIGABYTE A5 K1 R5 WIN11 32GB램 (SSD 2TB),2699000,,2699000,,,,,
79114241,GIGABYTE A5 K1 R5 WIN11 32GB램 (SSD 4TB),2899000,,2899000,,,,,
79114229,GIGABYTE A5 K1 R5 WIN11 32GB램 (SSD 512GB),2399000,,2399000,,,,,
79114244,GIGABYTE A5 K1 R5 WIN11 64GB램 (SSD 1TB),2699000,,2699000,,,,,
79114247,GIGABYTE A5 K1 R5 WIN11 64GB램 (SSD 2TB),2799000,,2799000,,,,,
79114253,GIGABYTE A5 K1 R5 WIN11 64GB램 (SSD 4TB),3990000,,3990000,,,,,
79114256,GIGABYTE A5 K1 R5 WIN11 64GB램 (SSD 512GB),3490000,,3490000,,,,,
15660557,GIGABYTE A5 X1 R9 (SSD 1TB),1967990,,1967990,,,,,
35682638,GIGABYTE A5 X1 R9 (SSD 2TB),2238000,,2238000,,,,,
15254522,GIGABYTE A5 X1 R9 (SSD 512GB),1548990,,1548990,,,,,
15660569,GIGABYTE A5 X1 R9 32GB램 (SSD 1TB),2596990,,2596990,,,,,
35685800,GIGABYTE A5 X1 R9 32GB램 (SSD 2TB),2867000,,2867000,,,,,
15660563,GIGABYTE A5 X1 R9 32GB램 (SSD 512GB),2177990,,2177990,,,,,
19785224,GIGABYTE A5 X1 R9 WIN11 (SSD 1TB),2068000,,2068000,,,,,
19785233,GIGABYTE A5 X1 R9 WIN11 (SSD 2TB),2338000,,2338000,,,,,
19785191,GIGABYTE A5 X1 R9 WIN11 (SSD 512GB),1649000,,1649000,,,,,
19785410,GIGABYTE A5 X1 R9 WIN11 32GB램 (SSD 1TB + SSD 1TB),2790000,,2790000,,,,,
19785374,GIGABYTE A5 X1 R9 WIN11 32GB램 (SSD 1TB),2590000,,2590000,,,,,
19785392,GIGABYTE A5 X1 R9 WIN11 32GB램 (SSD 2TB),2780000,,2780000,,,,,
19785356,GIGABYTE A5 X1 R9 WIN11 32GB램 (SSD 512GB),2278000,,2278000,,,,,
19785485,GIGABYTE A5 X1 R9 WIN11 64GB램 (SSD 1TB + SSD 1TB),2990000,,2990000,,,,,
19785455,GIGABYTE A5 X1 R9 WIN11 64GB램 (SSD 1TB),2790000,,2790000,,,,,
19785524,GIGABYTE A5 X1 R9 WIN11 64GB램 (SSD 2TB + SSD 2TB),3390000,,3390000,,,,,
19785476,GIGABYTE A5 X1 R9 WIN11 64GB램 (SSD 2TB),2990000,,2990000,,,,,
19785446,GIGABYTE A5 X1 R9 WIN11 64GB램 (SSD 512GB),2640000,,2640000,,,,,
19047629,GIGABYTE AERO 14 BMF OLED (SSD 1TB),1749000,,1749000,,,,,
19047716,GIGABYTE AERO 14 BMF OLED W11 (SSD 1TB),2530000,,2399800,,,,,
14533997,GIGABYTE AERO 15 OLED KD (SSD 1TB + SSD 1TB),3390000,,3390000,,,,,
14533934,GIGABYTE AERO 15 OLED KD (SSD 1TB + SSD 512GB),3190000,,3190000,,,,,
14533907,GIGABYTE AERO 15 OLED KD (SSD 1TB),2990000,,2990000,,,,,
14534156,GIGABYTE AERO 15 OLED KD (SSD 2TB + SSD 2TB),3990000,,3990000,,,,,
14533964,GIGABYTE AERO 15 OLED KD (SSD 2TB + SSD 512GB),3490000,,3490000,,,,,
14534108,GIGABYTE AERO 15 OLED KD (SSD 2TB),3390000,,3390000,,,,,
14533880,GIGABYTE AERO 15 OLED KD (SSD 500GB + SSD 512GB),2990000,,2990000,,,,,
14152700,GIGABYTE AERO 15 OLED KD (SSD 512GB),2890000,,2890000,,,,,
14533766,GIGABYTE AERO 15 OLED KD WIN10 (SSD 1TB + SSD 1TB),3390000,,3390000,,,,,
14533736,GIGABYTE AERO 15 OLED KD WIN10 (SSD 1TB + SSD 512GB),3290000,,3290000,,,,,
14533796,GIGABYTE AERO 15 OLED KD WIN10 (SSD 1TB),3490000,,3490000,,,,,
14533841,GIGABYTE AERO 15 OLED KD WIN10 (SSD 2TB + SSD 2TB),4290000,,4290000,,,,,
14533628,GIGABYTE AERO 15 OLED KD WIN10 (SSD 2TB + SSD 512GB),3490000,,3490000,,,,,
14533817,GIGABYTE AERO 15 OLED KD WIN10 (SSD 2TB),3790000,,3790000,,,,,
14533661,GIGABYTE AERO 15 OLED KD WIN10 (SSD 500GB + SSD 512GB),3190000,,3190000,,,,,
19647692,GIGABYTE AERO 16 BKF OLED W11 (SSD 1TB),2890000,,2890000,,,,,
30128030,GIGABYTE AERO 16 BKF OLED WIN11 (SSD 1TB),4250000,,4250000,,,,,
77020361,GIGABYTE AERO 16 BKF OLED WIN11 (SSD 2TB),4990000,,4990000,,,,,
77020367,GIGABYTE AERO 16 BKF OLED WIN11 (SSD 4TB),5990000,,5990000,,,,,
27992825,GIGABYTE AERO 16 BSF OLED i7 (SSD 1TB + SSD 1TB),3300000,,3300000,,,,,
19045451,GIGABYTE AERO 16 BSF OLED i7 (SSD 1TB),2699000,,2699000,,,,,
63480419,GIGABYTE AERO 16 BSF OLED i7 (SSD 2TB),3028000,,3028000,,,,,
98181881,GIGABYTE AERO 16 BSF OLED i7 (SSD 4TB),3899000,,3899000,,,,,
27992873,GIGABYTE AERO 16 BSF OLED i7 32GB램 (SSD 1TB + SSD 1TB),3860000,,3860000,,,,,
27992861,GIGABYTE AERO 16 BSF OLED i7 32GB램 (SSD 1TB),3625000,,3401000,,,,,
63480485,GIGABYTE AERO 16 BSF OLED i7 32GB램 (SSD 2TB),3490000,,3490000,,,,,
98181887,GIGABYTE AERO 16 BSF OLED i7 32GB램 (SSD 4TB),4301000,,4301000,,,,,
98181890,GIGABYTE AERO 16 BSF OLED i7 64GB램 (SSD 1TB),4799000,,4799000,,,,,
98181893,GIGABYTE AERO 16 BSF OLED i7 64GB램 (SSD 2TB),4899000,,4899000,,,,,
98181896,GIGABYTE AERO 16 BSF OLED i7 64GB램 (SSD 4TB),5390000,,5390000,,,,,
19090055,GIGABYTE AERO 16 BSF OLED i7 W11 (SSD 1TB),2879000,,2879000,,,,,
63480551,GIGABYTE AERO 16 BSF OLED i7 W11 (SSD 2TB),3220000,,3220000,,,,,
28113014,GIGABYTE AERO 16 BSF OLED i7 WIN11 (SSD 1TB),2879000,,2879000,,,,,
98181902,GIGABYTE AERO 16 BSF OLED i7 WIN11 (SSD 2TB),3220000,,3220000,,,,,
98181905,GIGABYTE AERO 16 BSF OLED i7 WIN11 (SSD 4TB),3987000,,3987000,,,,,
28112975,GIGABYTE AERO 16 BSF OLED i7 WIN11 32GB램 (SSD 1TB),3840000,,3840000,,,,,
28112981,GIGABYTE AERO 16 BSF OLED i7 WIN11 32GB램 (SSD 2TB),4067000,,4067000,,,,,
96422582,GIGABYTE AERO 16 BSF OLED i7 WIN11 32GB램 (SSD 4TB),4499000,,4499000,,,,,
98181947,GIGABYTE AERO 16 BSF OLED i7 WIN11 64GB램 (SSD 1TB),4398000,,4398000,,,,,
98181950,GIGABYTE AERO 16 BSF OLED i7 WIN11 64GB램 (SSD 2TB),4499000,,4499000,,,,,
98181953,GIGABYTE AERO 16 BSF OLED i7 WIN11 64GB램 (SSD 4TB),4999000,,4999000,,,,,
19045676,GIGABYTE AERO 16 BSF OLED i9 W11P (SSD 1TB),5990000,,3432890,,,,,
14534393,GIGABYTE AERO 17 HDR XD WIN10 (SSD 1TB + SSD 1TB),3990000,,3990000,,,,,
14534570,GIGABYTE AERO 17 HDR XD WIN10 (SSD 2TB + SSD 2TB),4490000,,4490000,,,,,
14534483,GIGABYTE AERO 17 HDR XD WIN10 (SSD 2TB),4490000,,4490000,,,,,
14534444,GIGABYTE AERO 17 HDR XD WIN10 (SSD 500GB + SSD 1TB),4490000,,4490000,,,,,
14534507,GIGABYTE AERO 17 HDR XD WIN10 (SSD 500GB + SSD 2TB),4490000,,4490000,,,,,
76873739,GIGABYTE AERO 17 XE5 Mini LED WIN11 (SSD 1TB),4099000,,4099000,,,,,
76873742,GIGABYTE AERO 17 XE5 Mini LED WIN11 (SSD 2TB),4199000,,4199000,,,,,
76873751,GIGABYTE AERO 17 XE5 Mini LED WIN11 (SSD 4TB),4399000,,4399000,,,,,
19727561,GIGABYTE AERO 17 YE5 Mini LED (SSD 1TB + SSD 1TB),3990000,,,,,,,
92967677,GIGABYTE AERO X16 1VH 93KRC94A (SSD 1TB),2125000,,1999000,,,,,
97223684,GIGABYTE AERO X16 1VH 93KRC94A (SSD 2TB),2599000,,2599000,,,,,
97836572,GIGABYTE AERO X16 1VH 93KRC94A (SSD 4TB),3650000,,3650000,,,,,
95056364,GIGABYTE AERO X16 1VH 93KRC94A 32GB램 (SSD 1TB),2650000,,2299000,,,,,
97705595,GIGABYTE AERO X16 1VH 93KRC94A 32GB램 (SSD 2TB),2934000,,2934000,,,,,
97836602,GIGABYTE AERO X16 1VH 93KRC94A 32GB램 (SSD 4TB),3899000,,3899000,,,,,
97705607,GIGABYTE AERO X16 1VH 93KRC94A 64GB램 (SSD 1TB),3160060,,3160060,,,,,
97705610,GIGABYTE AERO X16 1VH 93KRC94A 64GB램 (SSD 2TB),4070000,,4070000,,,,,
97836629,GIGABYTE AERO X16 1VH 93KRC94A 64GB램 (SSD 4TB),4508000,,4508000,,,,,
97223693,GIGABYTE AERO X16 1VH 93KRC94A WIN11 (SSD 1TB),2330000,,2144710,,,,,
97223699,GIGABYTE AERO X16 1VH 93KRC94A WIN11 (SSD 2TB),2750000,,2750000,,,,,
97836641,GIGABYTE AERO X16 1VH 93KRC94A WIN11 (SSD 4TB),3680000,,3680000,,,,,
97705619,GIGABYTE AERO X16 1VH 93KRC94A WIN11 32GB램 (SSD 1TB),2990000,,2990000,,,,,
97705622,GIGABYTE AERO X16 1VH 93KRC94A WIN11 32GB램 (SSD 2TB),3230000,,3230000,,,,,
97836665,GIGABYTE AERO X16 1VH 93KRC94A WIN11 32GB램 (SSD 4TB),3899000,,3899000,,,,,
97705625,GIGABYTE AERO X16 1VH 93KRC94A WIN11 64GB램 (SSD 1TB),3186450,,3186450,,,,,
97705628,GIGABYTE AERO X16 1VH 93KRC94A WIN11 64GB램 (SSD 2TB),4060000,,4060000,,,,,
97836686,GIGABYTE AERO X16 1VH 93KRC94A WIN11 64GB램 (SSD 4TB),4500000,,4500000,,,,,
92967716,GIGABYTE AERO X16 1VH 93KRC94D (SSD 1TB),1999000,,1999000,,,,,
97223633,GIGABYTE AERO X16 1VH 93KRC94D (SSD 2TB),2799000,,2799000,,,,,
97836758,GIGABYTE AERO X16 1VH 93KRC94D (SSD 4TB),3600000,,3600000,,,,,
95056421,GIGABYTE AERO X16 1VH 93KRC94D 32GB램 (SSD 1TB),2880000,,2299000,,,,,
97223711,GIGABYTE AERO X16 1VH 93KRC94D 32GB램 (SSD 2TB),3118000,,3118000,,,,,
97836773,GIGABYTE AERO X16 1VH 93KRC94D 32GB램 (SSD 4TB),3500000,,3500000,,,,,
97837148,GIGABYTE AERO X16 1VH 93KRC94D 64GB램 (SSD 1TB),3669000,,3669000,,,,,
97837151,GIGABYTE AERO X16 1VH 93KRC94D 64GB램 (SSD 2TB),4120000,,4120000,,,,,
97837157,GIGABYTE AERO X16 1VH 93KRC94D 64GB램 (SSD 4TB),4500000,,4500000,,,,,
94199861,GIGABYTE AERO X16 1VH 93KRC94D WIN11 (SSD 1TB),2330000,,2144710,,,,,
94199876,GIGABYTE AERO X16 1VH 93KRC94D WIN11 (SSD 2TB),2899000,,2899000,,,,,
94199882,GIGABYTE AERO X16 1VH 93KRC94D WIN11 (SSD 4TB),3399000,,3399000,,,,,
94199885,GIGABYTE AERO X16 1VH 93KRC94D WIN11 32GB램 (SSD 1TB),2711000,,2711000,,,,,
94199888,GIGABYTE AERO X16 1VH 93KRC94D WIN11 32GB램 (SSD 2TB),2849000,,2849000,,,,,
94199894,GIGABYTE AERO X16 1VH 93KRC94D WIN11 32GB램 (SSD 4TB),3594000,,3594000,,,,,
94199900,GIGABYTE AERO X16 1VH 93KRC94D WIN11 64GB램 (SSD 1TB),3599000,,3599000,,,,,
94199903,GIGABYTE AERO X16 1VH 93KRC94D WIN11 64GB램 (SSD 2TB),3699000,,3699000,,,,,
94199909,GIGABYTE AERO X16 1VH 93KRC94D WIN11 64GB램 (SSD 4TB),3899000,,3899000,,,,,
92967488,GIGABYTE AERO X16 1WH 93KRC64A (SSD 1TB),2598000,,2598000,,,,,
97223717,GIGABYTE AERO X16 1WH 93KRC64A (SSD 2TB),3198000,,3198000,,,,,
98782946,GIGABYTE AERO X16 1WH 93KRC64A 64GB램 (SSD 1TB),3956000,,3956000,,,,,
98782952,GIGABYTE AERO X16 1WH 93KRC64A 64GB램 (SSD 2TB),4165000,,4165000,,,,,
94199936,GIGABYTE AERO X16 1WH 93KRC64A WIN11 (SSD 1TB),2762000,,2744710,,,,,
94199939,GIGABYTE AERO X16 1WH 93KRC64A WIN11 (SSD 2TB),3299000,,3299000,,,,,
94199945,GIGABYTE AERO X16 1WH 93KRC64A WIN11 (SSD 4TB),3998000,,3998000,,,,,
94199951,GIGABYTE AERO X16 1WH 93KRC64A WIN11 64GB램 (SSD 1TB),3599000,,3599000,,,,,
94199954,GIGABYTE AERO X16 1WH 93KRC64A WIN11 64GB램 (SSD 2TB),3900000,,3900000,,,,,
94199960,GIGABYTE AERO X16 1WH 93KRC64A WIN11 64GB램 (SSD 4TB),4370000,,4370000,,,,,
92967563,GIGABYTE AERO X16 1WH 93KRC64D (SSD 1TB),2598000,,2598000,,,,,
97836437,GIGABYTE AERO X16 1WH 93KRC64D (SSD 2TB),2899000,,2899000,,,,,
97837361,GIGABYTE AERO X16 1WH 93KRC64D (SSD 4TB),3799000,,3799000,,,,,
97837685,GIGABYTE AERO X16 1WH 93KRC64D 64GB램 (SSD 1TB),3890000,,3890000,,,,,
97837688,GIGABYTE AERO X16 1WH 93KRC64D 64GB램 (SSD 2TB),4209000,,4209000,,,,,
97837694,GIGABYTE AERO X16 1WH 93KRC64D 64GB램 (SSD 4TB),4500000,,4500000,,,,,
97223957,GIGABYTE AERO X16 1WH 93KRC64D WIN11 (SSD 1TB),2750000,,2750000,,,,,
97223978,GIGABYTE AERO X16 1WH 93KRC64D WIN11 (SSD 2TB),3389000,,3389000,,,,,
97837718,GIGABYTE AERO X16 1WH 93KRC64D WIN11 (SSD 4TB),3900000,,3900000,,,,,
97837736,GIGABYTE AERO X16 1WH 93KRC64D WIN11 64GB램 (SSD 1TB),3900000,,3900000,,,,,
97837739,GIGABYTE AERO X16 1WH 93KRC64D WIN11 64GB램 (SSD 2TB),4309000,,4309000,,,,,
97837745,GIGABYTE AERO X16 1WH 93KRC64D WIN11 64GB램 (SSD 4TB),4600000,,4600000,,,,,
92967236,GIGABYTE AERO X16 2WH A3KRC64A (SSD 1TB),2998000,,2998000,,,,,
97223747,GIGABYTE AERO X16 2WH A3KRC64A (SSD 2TB),3299000,,3299000,,,,,
97837790,GIGABYTE AERO X16 2WH A3KRC64A (SSD 4TB),4200000,,4200000,,,,,
97838360,GIGABYTE AERO X16 2WH A3KRC64A 64GB램 (SSD 1TB),4050000,,4050000,,,,,
97837835,GIGABYTE AERO X16 2WH A3KRC64A 64GB램 (SSD 2TB),4350000,,4350000,,,,,
97837841,GIGABYTE AERO X16 2WH A3KRC64A 64GB램 (SSD 4TB),4850000,,4850000,,,,,
97223798,GIGABYTE AERO X16 2WH A3KRC64A WIN11 (SSD 1TB),3335000,,3335000,,,,,
97223804,GIGABYTE AERO X16 2WH A3KRC64A WIN11 (SSD 2TB),3499000,,3499000,,,,,
97838195,GIGABYTE AERO X16 2WH A3KRC64A WIN11 (SSD 4TB),4200000,,4200000,,,,,
97838210,GIGABYTE AERO X16 2WH A3KRC64A WIN11 64GB램 (SSD 1TB),4200000,,4200000,,,,,
97838213,GIGABYTE AERO X16 2WH A3KRC64A WIN11 64GB램 (SSD 2TB),4370000,,4370000,,,,,
97838219,GIGABYTE AERO X16 2WH A3KRC64A WIN11 64GB램 (SSD 4TB),4900000,,4900000,,,,,
92967332,GIGABYTE AERO X16 2WH A3KRC64D (SSD 1TB),2998000,,2998000,,,,,
97223837,GIGABYTE AERO X16 2WH A3KRC64D (SSD 2TB),3299000,,3299000,,,,,
97837910,GIGABYTE AERO X16 2WH A3KRC64D (SSD 4TB),3810000,,3810000,,,,,
97838480,GIGABYTE AERO X16 2WH A3KRC64D 64GB램 (SSD 1TB),3820000,,3820000,,,,,
97837934,GIGABYTE AERO X16 2WH A3KRC64D 64GB램 (SSD 2TB),4065000,,4065000,,,,,
97837940,GIGABYTE AERO X16 2WH A3KRC64D 64GB램 (SSD 4TB),4779000,,4380000,,,,,
97223876,GIGABYTE AERO X16 2WH A3KRC64D WIN11 (SSD 1TB),3160000,,3144710,,,,,
97223894,GIGABYTE AERO X16 2WH A3KRC64D WIN11 (SSD 2TB),3490000,,3490000,,,,,
97838234,GIGABYTE AERO X16 2WH A3KRC64D WIN11 (SSD 4TB),3810000,,3810000,,,,,
97838237,GIGABYTE AERO X16 2WH A3KRC64D WIN11 64GB램 (SSD 1TB),3892000,,3892000,,,,,
97838240,GIGABYTE AERO X16 2WH A3KRC64D WIN11 64GB램 (SSD 2TB),4065000,,4065000,,,,,
97838246,GIGABYTE AERO X16 2WH A3KRC64D WIN11 64GB램 (SSD 4TB),4940000,,4940000,,,,,
42285500,GIGABYTE AORUS 16X AKG-53KR (SSD 1TB),1629000,,2245000,,,,,
78980624,GIGABYTE AORUS 16X AKG-53KR (SSD 4TB),3899000,,3078700,,,,,
55794656,GIGABYTE AORUS 16X AKG-53KR WIN11 (SSD 1TB),1720000,,2550000,,,,,
55800875,GIGABYTE AORUS 16X AKG-53KR WIN11 (SSD 2TB),2500000,,2596900,,,,,
78980594,GIGABYTE AORUS 16X AKG-53KR WIN11 (SSD 4TB),3999000,,2600000,,,,,
78980648,GIGABYTE AORUS 16X AKG-53KR WIN11 32GB램 (SSD 4TB),4099000,,3347100,,,,,
42720734,GIGABYTE AORUS 16X ASG-53KR (SSD 1TB),2990000,,2990000,,,,,
58835912,GIGABYTE AORUS 16X ASG-63KRC (SSD 2TB),2719000,,,,,,,
14534654,GIGABYTE AORUS 17G XD (SSD 1TB + SSD 1TB),3890000,,3890000,,,,,
14534612,GIGABYTE AORUS 17G XD (SSD 1TB + SSD 512GB),2990000,,2990000,,,,,
14535296,GIGABYTE AORUS 17G XD (SSD 1TB),3990000,,3990000,,,,,
14535332,GIGABYTE AORUS 17G XD (SSD 500GB + SSD 512GB),3990000,,3990000,,,,,
14152409,GIGABYTE AORUS 17G XD (SSD 512GB),2790000,,2790000,,,,,
14152424,GIGABYTE AORUS 17G XD PRO (SSD 512GB),2990000,,2990000,,,,,
92151494,GIGABYTE AORUS 17X AZG-65KR WIN11 (SSD 4TB),6199000,,5000000,,,,,
92184986,GIGABYTE AORUS 17X ZG WIN11 (SSD 4TB),6299000,,5730860,,,,,
30128204,GIGABYTE AORUS 5 SE4 (SSD 1TB + SSD 512GB),1890000,,1890000,,,,,
30128210,GIGABYTE AORUS 5 SE4 (SSD 2TB + SSD 512GB),2040000,,2040000,,,,,
16283990,GIGABYTE AORUS 5 SE4 (SSD 512GB),2990000,,2199800,,,,,
30128264,GIGABYTE AORUS 5 SE4 WIN11 (SSD 1TB + SSD 512GB),2090000,,2090000,,,,,
98230703,GIGABYTE AORUS 5 SE4 WIN11 (SSD 1TB),2999000,,2999000,,,,,
30128273,GIGABYTE AORUS 5 SE4 WIN11 (SSD 2TB + SSD 512GB),2220000,,2220000,,,,,
98230706,GIGABYTE AORUS 5 SE4 WIN11 (SSD 2TB),3099000,,3099000,,,,,
98230712,GIGABYTE AORUS 5 SE4 WIN11 (SSD 4TB),3499000,,3499000,,,,,
30128240,GIGABYTE AORUS 5 SE4 WIN11 (SSD 500GB + SSD 512GB),2690000,,2690000,,,,,
30128252,GIGABYTE AORUS 5 SE4 WIN11 (SSD 512GB),3290000,,3290000,,,,,
98230736,GIGABYTE AORUS 5 SE4 WIN11 32GB램 (SSD 1TB),2999000,,2999000,,,,,
98230739,GIGABYTE AORUS 5 SE4 WIN11 32GB램 (SSD 2TB),3199000,,3199000,,,,,
98230745,GIGABYTE AORUS 5 SE4 WIN11 32GB램 (SSD 4TB),3499000,,3499000,,,,,
98230733,GIGABYTE AORUS 5 SE4 WIN11 32GB램 (SSD 512GB),2899000,,2899000,,,,,
98180096,GIGABYTE AORUS 5 SE4z (SSD 4TB),3699000,,,,,,,
19470455,GIGABYTE AORUS 5 SE4z (SSD 500GB + SSD 512GB),4190000,,,,,,,
123763264,GIGABYTE AORUS MASTER 16 6XJ (SSD 1TB),4280000,,4099000,,,,,
124021437,GIGABYTE AORUS MASTER 16 6XJ (SSD 2TB),4720000,,4720000,,,,,
124021438,GIGABYTE AORUS MASTER 16 6XJ (SSD 4TB),5300000,,5199000,,,,,
124021443,GIGABYTE AORUS MASTER 16 6XJ 64GB램 (SSD 1TB),5069000,,5069000,,,,,
124021440,GIGABYTE AORUS MASTER 16 6XJ 64GB램 (SSD 2TB),5448000,,5448000,,,,,
124021445,GIGABYTE AORUS MASTER 16 6XJ 64GB램 (SSD 4TB),6200000,,5919000,,,,,
123763284,GIGABYTE AORUS MASTER 16 6YJ (SSD 1TB),5150000,,4999000,,,,,
124021410,GIGABYTE AORUS MASTER 16 6YJ (SSD 2TB),5500000,,5500000,,,,,
124021412,GIGABYTE AORUS MASTER 16 6YJ (SSD 4TB),6500000,,5999000,,,,,
124021395,GIGABYTE AORUS MASTER 16 6YJ 64GB램 (SSD 1TB),5869000,,5869000,,,,,
124021399,GIGABYTE AORUS MASTER 16 6YJ 64GB램 (SSD 2TB),6240000,,6240000,,,,,
124021388,GIGABYTE AORUS MASTER 16 6YJ 64GB램 (SSD 4TB),7000000,,6719000,,,,,
123763294,GIGABYTE AORUS MASTER 16 6ZJ (SSD 1TB),6734000,,6599000,,,,,
123963088,GIGABYTE AORUS MASTER 16 6ZJ (SSD 2TB),7160000,,6829000,,,,,
123963093,GIGABYTE AORUS MASTER 16 6ZJ (SSD 4TB),8063990,,7349000,,,,,
123963101,GIGABYTE AORUS MASTER 16 6ZJ 64GB램 (SSD 1TB),7516000,,7169000,,,,,
123963098,GIGABYTE AORUS MASTER 16 6ZJ 64GB램 (SSD 2TB),7910000,,7599000,,,,,
123963103,GIGABYTE AORUS MASTER 16 6ZJ 64GB램 (SSD 4TB),8850000,,8119000,,,,,
123763179,GIGABYTE AORUS MASTER 16 8XJ (SSD 1TB),3490000,,3349000,,,,,
123963112,GIGABYTE AORUS MASTER 16 8XJ (SSD 2TB),3839900,,3839900,,,,,
123963115,GIGABYTE AORUS MASTER 16 8XJ (SSD 4TB),4398990,,4398990,,,,,
123763198,GIGABYTE AORUS MASTER 16 8XJ 32GB램 (SSD 1TB),3890000,,3890000,,,,,
123963107,GIGABYTE AORUS MASTER 16 8XJ 32GB램 (SSD 2TB),4368990,,4368990,,,,,
123963109,GIGABYTE AORUS MASTER 16 8XJ 32GB램 (SSD 4TB),5087910,,4889000,,,,,
123963116,GIGABYTE AORUS MASTER 16 8XJ 64GB램 (SSD 1TB),4308990,,4308990,,,,,
123963120,GIGABYTE AORUS MASTER 16 8XJ 64GB램 (SSD 2TB),4688990,,4688990,,,,,
123963124,GIGABYTE AORUS MASTER 16 8XJ 64GB램 (SSD 4TB),5258990,,5258990,,,,,
100189661,GIGABYTE AORUS MASTER 16 BXH (SSD 1TB),4390000,,4390000,,,,,
100269995,GIGABYTE AORUS MASTER 16 BXH (SSD 2TB),8000000,,8000000,,,,,
101191367,GIGABYTE AORUS MASTER 16 BXH (SSD 4TB),4445000,,4445000,,,,,
101191538,GIGABYTE AORUS MASTER 16 BXH 64GB램 (SSD 1TB),4241000,,4241000,,,,,
101191541,GIGABYTE AORUS MASTER 16 BXH 64GB램 (SSD 2TB),4441000,,4441000,,,,,
101191550,GIGABYTE AORUS MASTER 16 BXH 64GB램 (SSD 4TB),4845000,,4845000,,,,,
101191571,GIGABYTE AORUS MASTER 16 BXH WIN11 (SSD 1TB),6190000,,6190000,,,,,
101191577,GIGABYTE AORUS MASTER 16 BXH WIN11 (SSD 2TB),4174000,,4174000,,,,,
101191592,GIGABYTE AORUS MASTER 16 BXH WIN11 (SSD 4TB),4571000,,4571000,,,,,
101191631,GIGABYTE AORUS MASTER 16 BXH WIN11 64GB램 (SSD 1TB),4374000,,4374000,,,,,
101191634,GIGABYTE AORUS MASTER 16 BXH WIN11 64GB램 (SSD 2TB),4574000,,4574000,,,,,
101191643,GIGABYTE AORUS MASTER 16 BXH WIN11 64GB램 (SSD 4TB),4975000,,4975000,,,,,
78534575,GIGABYTE AORUS MASTER 16 BYH (SSD 1TB),4489000,,6208600,,,,,
89612972,GIGABYTE AORUS MASTER 16 BYH (SSD 2TB),6599000,,6308600,,,,,
89612990,GIGABYTE AORUS MASTER 16 BYH (SSD 4TB),6799000,,6508600,,,,,
89613173,GIGABYTE AORUS MASTER 16 BYH 64GB램 (SSD 1TB),6699000,,6448600,,,,,
89613179,GIGABYTE AORUS MASTER 16 BYH 64GB램 (SSD 2TB),6799000,,6548600,,,,,
89613242,GIGABYTE AORUS MASTER 16 BYH 64GB램 (SSD 4TB),6999000,,6748600,,,,,
89613023,GIGABYTE AORUS MASTER 16 BYH WIN11 (SSD 1TB),6499000,,6238600,,,,,
89613026,GIGABYTE AORUS MASTER 16 BYH WIN11 (SSD 2TB),6599000,,6338600,,,,,
89613065,GIGABYTE AORUS MASTER 16 BYH WIN11 (SSD 4TB),6799000,,6538600,,,,,
89613266,GIGABYTE AORUS MASTER 16 BYH WIN11 64GB램 (SSD 1TB),6699000,,6478600,,,,,
89613269,GIGABYTE AORUS MASTER 16 BYH WIN11 64GB램 (SSD 2TB),6799000,,6578600,,,,,
89613275,GIGABYTE AORUS MASTER 16 BYH WIN11 64GB램 (SSD 4TB),6999000,,6778600,,,,,
78534542,GIGABYTE AORUS MASTER 16 BZH (SSD 1TB),6600000,,6600000,,,,,
89862056,GIGABYTE AORUS MASTER 16 BZH (SSD 2TB),6780000,,6499000,,,,,
89862338,GIGABYTE AORUS MASTER 16 BZH (SSD 4TB),7750000,,7750000,,,,,
89862350,GIGABYTE AORUS MASTER 16 BZH 64GB램 (SSD 1TB),8120000,,8120000,,,,,
89862368,GIGABYTE AORUS MASTER 16 BZH 64GB램 (SSD 2TB),8220000,,8220000,,,,,
89862380,GIGABYTE AORUS MASTER 16 BZH 64GB램 (SSD 4TB),8698000,,8698000,,,,,
89863271,GIGABYTE AORUS MASTER 16 BZH WIN11 (SSD 1TB),6640000,,6640000,,,,,
89863274,GIGABYTE AORUS MASTER 16 BZH WIN11 (SSD 2TB),7400000,,7400000,,,,,
89863280,GIGABYTE AORUS MASTER 16 BZH WIN11 (SSD 4TB),8050000,,8050000,,,,,
89863283,GIGABYTE AORUS MASTER 16 BZH WIN11 64GB램 (SSD 1TB),8150000,,8150000,,,,,
89863286,GIGABYTE AORUS MASTER 16 BZH WIN11 64GB램 (SSD 2TB),8300000,,8300000,,,,,
89863292,GIGABYTE AORUS MASTER 16 BZH WIN11 64GB램 (SSD 4TB),8700000,,8700000,,,,,
78306875,GIGABYTE AORUS MASTER 18 BYHC5 (SSD 2TB),8800000,,8843400,,,,,
79784402,GIGABYTE AORUS MASTER 18 BYHC5 (SSD 4TB),6480000,,6480000,,,,,
79784432,GIGABYTE AORUS MASTER 18 BYHC5 128GB램 (SSD 2TB),6290000,,6290000,,,,,
79784441,GIGABYTE AORUS MASTER 18 BYHC5 128GB램 (SSD 4TB),6690000,,6690000,,,,,
79784420,GIGABYTE AORUS MASTER 18 BYHC5 64GB램 (SSD 2TB),7950000,,7950000,,,,,
79784423,GIGABYTE AORUS MASTER 18 BYHC5 64GB램 (SSD 4TB),8650000,,8650000,,,,,
91191296,GIGABYTE AORUS MASTER 18 BYHC5 WIN11 (SSD 2TB),5890000,,5890000,,,,,
91191308,GIGABYTE AORUS MASTER 18 BYHC5 WIN11 (SSD 4TB),6570000,,6570000,,,,,
90155216,GIGABYTE AORUS MASTER 18 BYHC5 WIN11 128GB램 (SSD 2TB),6490000,,13000000,,,,,
91191332,GIGABYTE AORUS MASTER 18 BYHC5 WIN11 128GB램 (SSD 4TB),7680000,,14000000,,,,,
91191317,GIGABYTE AORUS MASTER 18 BYHC5 WIN11 64GB램 (SSD 2TB),6790000,,6790000,,,,,
92152034,GIGABYTE AORUS MASTER 18 BYHC5 WIN11 64GB램 (SSD 4TB),7790000,,7790000,,,,,
78306800,GIGABYTE AORUS MASTER 18 BZHC6 (SSD 2TB),6159000,,7399000,,,,,
101185283,GIGABYTE AORUS MASTER 18 BZHC6 (SSD 4TB),7058000,,7058000,,,,,
101185334,GIGABYTE AORUS MASTER 18 BZHC6 128GB램 (SSD 2TB),9900000,,9900000,,,,,
101185337,GIGABYTE AORUS MASTER 18 BZHC6 128GB램 (SSD 4TB),11000000,,11000000,,,,,
101185298,GIGABYTE AORUS MASTER 18 BZHC6 64GB램 (SSD 2TB),7598000,,7598000,,,,,
101185307,GIGABYTE AORUS MASTER 18 BZHC6 64GB램 (SSD 4TB),7998000,,7998000,,,,,
99125186,GIGABYTE AORUS MASTER 18 BZHC6 WIN11 (SSD 2TB),6999000,,6999000,,,,,
101185349,GIGABYTE AORUS MASTER 18 BZHC6 WIN11 (SSD 4TB),7258000,,7258000,,,,,
101185367,GIGABYTE AORUS MASTER 18 BZHC6 WIN11 128GB램 (SSD 2TB),10180000,,10180000,,,,,
101185373,GIGABYTE AORUS MASTER 18 BZHC6 WIN11 128GB램 (SSD 4TB),9447000,,9447000,,,,,
101185358,GIGABYTE AORUS MASTER 18 BZHC6 WIN11 64GB램 (SSD 2TB),7468000,,7468000,,,,,
101185364,GIGABYTE AORUS MASTER 18 BZHC6 WIN11 64GB램 (SSD 4TB),7817000,,7817000,,,,,
123436209,GIGABYTE EAGLE 9MJ (SSD 1TB),1839000,,1839000,,,,,
123436216,GIGABYTE EAGLE 9MJ (SSD 2TB),2039000,,2039000,,,,,
123436188,GIGABYTE EAGLE 9MJ (SSD 512GB),1712000,,1449000,,,,,
123436222,GIGABYTE EAGLE 9MJ 32GB램 (SSD 1TB),2279000,,2279000,,,,,
123436227,GIGABYTE EAGLE 9MJ 32GB램 (SSD 2TB),2479000,,2479000,,,,,
124021583,GIGABYTE EAGLE 9MJ 32GB램 (SSD 512GB),2034000,,2034000,,,,,
124021497,GIGABYTE EAGLE 9MJD (SSD 1TB),1644000,,1643010,,,,,
124021504,GIGABYTE EAGLE 9MJD (SSD 2TB),1839000,,1837570,,,,,
123994491,GIGABYTE EAGLE 9MJD (SSD 512GB),1599000,,1299000,,,,,
124021578,GIGABYTE EAGLE 9MJD 16GB램 (SSD 512GB),1669000,,1669000,,,,,
30121148,GIGABYTE G5 GE (SSD 1TB + SSD 512GB),1890000,,1890000,,,,,
30121139,GIGABYTE G5 GE (SSD 256GB + SSD 512GB),1590000,,1590000,,,,,
92151698,GIGABYTE G5 GE (SSD 2TB),2299000,,2299000,,,,,
30121142,GIGABYTE G5 GE (SSD 512GB + SSD 512GB),1790000,,1790000,,,,,
30120953,GIGABYTE G5 GE 16GB램 (SSD 1TB + SSD 512GB),1190000,,1190000,,,,,
30120938,GIGABYTE G5 GE 16GB램 (SSD 256GB + SSD 512GB),1140000,,1140000,,,,,
30120947,GIGABYTE G5 GE 16GB램 (SSD 512GB + SSD 512GB),1160000,,1160000,,,,,
30120932,GIGABYTE G5 GE 16GB램 (SSD 512GB),1790000,,1790000,,,,,
30120740,GIGABYTE G5 GE WIN11 (SSD 1TB + SSD 512GB),1350000,,1350000,,,,,
30108683,GIGABYTE G5 GE WIN11 (SSD 256GB + SSD 512GB),1290000,,1290000,,,,,
100449281,GIGABYTE G5 GE WIN11 (SSD 4TB),1999000,,1999000,,,,,
30120734,GIGABYTE G5 GE WIN11 (SSD 512GB + SSD 512GB),1310000,,1310000,,,,,
17874944,GIGABYTE G5 GE WIN11 (SSD 512GB),1870000,,1870000,,,,,
30120815,GIGABYTE G5 GE WIN11 16GB램 (SSD 1TB + SSD 512GB),1950000,,1950000,,,,,
30120803,GIGABYTE G5 GE WIN11 16GB램 (SSD 256GB + SSD 512GB),1320000,,1320000,,,,,
100449287,GIGABYTE G5 GE WIN11 16GB램 (SSD 4TB),1999000,,1999000,,,,,
30120812,GIGABYTE G5 GE WIN11 16GB램 (SSD 512GB + SSD 512GB),1340000,,1340000,,,,,
30120800,GIGABYTE G5 GE WIN11 16GB램 (SSD 512GB),1790000,,1790000,,,,,
100449302,GIGABYTE G5 GE WIN11 32GB램 (SSD 1TB),1899000,,1899000,,,,,
100449305,GIGABYTE G5 GE WIN11 32GB램 (SSD 2TB),1999000,,1999000,,,,,
100449311,GIGABYTE G5 GE WIN11 32GB램 (SSD 4TB),2299000,,2299000,,,,,
100449299,GIGABYTE G5 GE WIN11 32GB램 (SSD 512GB),1799000,,1799000,,,,,
100449317,GIGABYTE G5 GE WIN11 64GB램 (SSD 1TB),2099000,,2099000,,,,,
100449320,GIGABYTE G5 GE WIN11 64GB램 (SSD 2TB),2199000,,2199000,,,,,
100449323,GIGABYTE G5 GE WIN11 64GB램 (SSD 4TB),2499000,,2499000,,,,,
100449314,GIGABYTE G5 GE WIN11 64GB램 (SSD 512GB),1999000,,1999000,,,,,
30094166,GIGABYTE G5 GEz (SSD 1TB + SSD 512GB),1330000,,1330000,,,,,
30094145,GIGABYTE G5 GEz (SSD 256GB + SSD 512GB),1280000,,1280000,,,,,
30094160,GIGABYTE G5 GEz (SSD 512GB + SSD 512GB),1290000,,1290000,,,,,
30094244,GIGABYTE G5 GEz 16GB램 (SSD 1TB + SSD 512GB),1990000,,1990000,,,,,
30094235,GIGABYTE G5 GEz 16GB램 (SSD 256GB + SSD 512GB),1590000,,1590000,,,,,
30094241,GIGABYTE G5 GEz 16GB램 (SSD 512GB + SSD 512GB),1650000,,1650000,,,,,
30094226,GIGABYTE G5 GEz 16GB램 (SSD 512GB),1590000,,1590000,,,,,
30094568,GIGABYTE G5 GEz WIN11 (SSD 1TB + SSD 512GB),1750000,,1750000,,,,,
30094553,GIGABYTE G5 GEz WIN11 (SSD 256GB + SSD 512GB),1450000,,1450000,,,,,
30094562,GIGABYTE G5 GEz WIN11 (SSD 512GB + SSD 512GB),1470000,,1470000,,,,,
30094547,GIGABYTE G5 GEz WIN11 (SSD 512GB),1690000,,1424810,,,,,
30094334,GIGABYTE G5 GEz WIN11 16GB램 (SSD 1TB + SSD 512GB),2090000,,2090000,,,,,
75989444,GIGABYTE G5 GEz WIN11 16GB램 (SSD 1TB),2499000,,2499000,,,,,
30094310,GIGABYTE G5 GEz WIN11 16GB램 (SSD 256GB + SSD 512GB),1690000,,1690000,,,,,
75989450,GIGABYTE G5 GEz WIN11 16GB램 (SSD 2TB),2599000,,2599000,,,,,
30094328,GIGABYTE G5 GEz WIN11 16GB램 (SSD 512GB + SSD 512GB),1750000,,1750000,,,,,
30094307,GIGABYTE G5 GEz WIN11 16GB램 (SSD 512GB),1690000,,1690000,,,,,
92184821,GIGABYTE G5 KE (SSD 1TB),2199000,,1738500,,,,,
92184824,GIGABYTE G5 KE (SSD 2TB),2399000,,1957000,,,,,
98180162,GIGABYTE G5 KE (SSD 4TB),2301000,,2301000,,,,,
92184830,GIGABYTE G5 KE 16GB램 (SSD 1TB),2299000,,1992300,,,,,
92184833,GIGABYTE G5 KE 16GB램 (SSD 2TB),2399000,,2399000,,,,,
92184839,GIGABYTE G5 KE 16GB램 (SSD 4TB),2599000,,2599000,,,,,
92184872,GIGABYTE G5 KE 32GB램 (SSD 1TB),2299000,,1997900,,,,,
92184875,GIGABYTE G5 KE 32GB램 (SSD 2TB),2399000,,2399000,,,,,
92184881,GIGABYTE G5 KE 32GB램 (SSD 4TB),2599000,,2599000,,,,,
92184869,GIGABYTE G5 KE 32GB램 (SSD 512GB),2259000,,2066500,,,,,
92184887,GIGABYTE G5 KE 64GB램 (SSD 1TB),2599000,,2599000,,,,,
92184890,GIGABYTE G5 KE 64GB램 (SSD 2TB),2699000,,2699000,,,,,
92184896,GIGABYTE G5 KE 64GB램 (SSD 4TB),2899000,,2899000,,,,,
92184884,GIGABYTE G5 KE 64GB램 (SSD 512GB),2559000,,2559000,,,,,
92184623,GIGABYTE G5 KE WIN11 32GB램 (SSD 1TB),2299000,,2299000,,,,,
92184626,GIGABYTE G5 KE WIN11 32GB램 (SSD 2TB),2399000,,2399000,,,,,
92184632,GIGABYTE G5 KE WIN11 32GB램 (SSD 4TB),2599000,,2599000,,,,,
92184620,GIGABYTE G5 KE WIN11 32GB램 (SSD 512GB),2259000,,2259000,,,,,
92184641,GIGABYTE G5 KE WIN11 64GB램 (SSD 1TB),2599000,,2599000,,,,,
92184644,GIGABYTE G5 KE WIN11 64GB램 (SSD 2TB),2699000,,2699000,,,,,
92184650,GIGABYTE G5 KE WIN11 64GB램 (SSD 4TB),2899000,,2899000,,,,,
92184638,GIGABYTE G5 KE WIN11 64GB램 (SSD 512GB),2559000,,2559000,,,,,
29618846,GIGABYTE G5 KEz (SSD 1TB + SSD 512GB),1590000,,1590000,,,,,
29618831,GIGABYTE G5 KEz (SSD 250GB + SSD 512GB),1550000,,1550000,,,,,
29618840,GIGABYTE G5 KEz (SSD 500GB + SSD 512GB),1560000,,1560000,,,,,
18142049,GIGABYTE G5 KEz (SSD 512GB),1490000,,1490000,,,,,
29618681,GIGABYTE G5 KEz 16GB램 (SSD 1TB + SSD 512GB),1620000,,1620000,,,,,
29618675,GIGABYTE G5 KEz 16GB램 (SSD 250GB + SSD 512GB),1570000,,1570000,,,,,
29618678,GIGABYTE G5 KEz 16GB램 (SSD 500GB + SSD 512GB),1590000,,1590000,,,,,
29618666,GIGABYTE G5 KEz 16GB램 (SSD 512GB),1520000,,1520000,,,,,
28930883,GIGABYTE G5 KEz WIN11 (SSD 1TB + SSD 512GB),1780000,,1780000,,,,,
28930859,GIGABYTE G5 KEz WIN11 (SSD 250GB + SSD 512GB),1720000,,1720000,,,,,
28930880,GIGABYTE G5 KEz WIN11 (SSD 500GB + SSD 512GB),1740000,,1740000,,,,,
30130301,GIGABYTE G5 KEz WIN11 (SSD 512GB),1670000,,1670000,,,,,
28930952,GIGABYTE G5 KEz WIN11 16GB램 (SSD 1TB + SSD 512GB),1790000,,1790000,,,,,
28930946,GIGABYTE G5 KEz WIN11 16GB램 (SSD 250GB + SSD 512GB),1740000,,1740000,,,,,
28930949,GIGABYTE G5 KEz WIN11 16GB램 (SSD 500GB + SSD 512GB),1760000,,1760000,,,,,
28930940,GIGABYTE G5 KEz WIN11 16GB램 (SSD 512GB),1690000,,1690000,,,,,
71007809,GIGABYTE G5 MF5-H2KR354 (SSD 1TB),1990000,,,,,,,
74970374,GIGABYTE G5 MF5-H2KR354 (SSD 2TB),1999000,,,,,,,
71218037,GIGABYTE G5 MF5-H2KR354 WIN11 (SSD 1TB),2099000,,,,,,,
72411029,GIGABYTE G5 MF5-H2KR354 WIN11 (SSD 2TB),2299000,,,,,,,
79114910,GIGABYTE G5 MF5-H2KR354 WIN11 (SSD 4TB),2699000,,,,,,,
78980306,GIGABYTE G6 KF-73KR WIN11 (SSD 1TB),2090000,,2090000,,,,,
78980309,GIGABYTE G6 KF-73KR WIN11 (SSD 2TB),2690000,,2690000,,,,,
78980318,GIGABYTE G6 KF-73KR WIN11 (SSD 4TB),2990000,,2990000,,,,,
78980363,GIGABYTE G6 KF-73KR WIN11 32GB램 (SSD 1TB),2640000,,2640000,,,,,
78980369,GIGABYTE G6 KF-73KR WIN11 32GB램 (SSD 2TB),2990000,,2990000,,,,,
78980375,GIGABYTE G6 KF-73KR WIN11 32GB램 (SSD 4TB),3390000,,3390000,,,,,
78980543,GIGABYTE G6 KF-73KR WIN11 64GB램 (SSD 1TB),3199000,,3199000,,,,,
78980546,GIGABYTE G6 KF-73KR WIN11 64GB램 (SSD 2TB),3690000,,3690000,,,,,
78980558,GIGABYTE G6 KF-73KR WIN11 64GB램 (SSD 4TB),4080000,,4080000,,,,,
73427948,GIGABYTE G6 KF-H3KR (SSD 2TB),2590000,,2590000,,,,,
79114664,GIGABYTE G6 KF-H3KR85 64GB램 (SSD 1TB),2799000,,2799000,,,,,
79114667,GIGABYTE G6 KF-H3KR85 64GB램 (SSD 2TB),2899000,,2899000,,,,,
79114673,GIGABYTE G6 KF-H3KR85 64GB램 (SSD 4TB),3099000,,3099000,,,,,
79114628,GIGABYTE G6 KF-H3KR85 64GB램 (SSD 512GB),2699000,,2699000,,,,,
79114706,GIGABYTE G6 KF-H3KR85 WIN11 (SSD 2TB),2530000,,2530000,,,,,
79114721,GIGABYTE G6 KF-H3KR85 WIN11 (SSD 4TB),3140000,,3140000,,,,,
79114769,GIGABYTE G6 KF-H3KR85 WIN11 32GB램 (SSD 2TB),2750000,,2750000,,,,,
79114775,GIGABYTE G6 KF-H3KR85 WIN11 32GB램 (SSD 4TB),3470000,,3470000,,,,,
79114763,GIGABYTE G6 KF-H3KR85 WIN11 32GB램 (SSD 512GB),2290000,,2290000,,,,,
79114802,GIGABYTE G6 KF-H3KR85 WIN11 64GB램 (SSD 1TB),3290000,,3290000,,,,,
79114805,GIGABYTE G6 KF-H3KR85 WIN11 64GB램 (SSD 2TB),3650000,,3650000,,,,,
79114811,GIGABYTE G6 KF-H3KR85 WIN11 64GB램 (SSD 4TB),4490000,,4490000,,,,,
79114790,GIGABYTE G6 KF-H3KR85 WIN11 64GB램 (SSD 512GB),3190000,,3190000,,,,,
79114454,GIGABYTE G6 KF-H3KR85H 32GB램 (SSD 1TB),2399000,,2399000,,,,,
98181164,GIGABYTE G6 KF-H3KR85H 32GB램 (SSD 2TB),2999000,,2999000,,,,,
79114472,GIGABYTE G6 KF-H3KR85H 32GB램 (SSD 4TB),3099000,,3099000,,,,,
79114466,GIGABYTE G6 KF-H3KR85H 32GB램 (SSD 512GB),2299000,,2299000,,,,,
101631122,GIGABYTE G6 MF-H2KR WIN11 64GB램 (SSD 1TB),3198000,,3198000,,,,,
101631131,GIGABYTE G6 MF-H2KR WIN11 64GB램 (SSD 2TB),3498000,,3498000,,,,,
101631137,GIGABYTE G6 MF-H2KR WIN11 64GB램 (SSD 4TB),3798000,,3798000,,,,,
92150708,GIGABYTE G6 MF-H2KR85 32GB램 (SSD 4TB),2999000,,2999000,,,,,
98230838,GIGABYTE G6 MF-H2KR85 32GB램 (SSD 512GB),2000000,,2000000,,,,,
92150717,GIGABYTE G6 MF-H2KR85 64GB램 (SSD 4TB),3199000,,3199000,,,,,
98230853,GIGABYTE G6 MF-H2KR85 64GB램 (SSD 512GB),2498000,,2498000,,,,,
96422030,GIGABYTE G6 MF-H2KR85H (SSD 2TB),2499000,,2499000,,,,,
92150657,GIGABYTE G6 MF-H2KR85H (SSD 4TB),2699000,,2699000,,,,,
62869067,GIGABYTE G6 MF-H2KR85H (SSD 512GB),1984500,,1984500,,,,,
79115012,GIGABYTE G6X 9KG-43KR WIN11 (SSD 4TB),2299000,,2299000,,,,,
79115039,GIGABYTE G6X 9KG-43KR WIN11 32GB램 (SSD 4TB),3290000,,3290000,,,,,
98180681,GIGABYTE G7 GE (SSD 1TB),2199000,,,,,,,
98180690,GIGABYTE G7 GE (SSD 2TB),2299000,,,,,,,
98180693,GIGABYTE G7 GE (SSD 4TB),2599000,,,,,,,
98180726,GIGABYTE G7 GE 16GB램 (SSD 1TB),2299000,,2299000,,,,,
98180729,GIGABYTE G7 GE 16GB램 (SSD 2TB),2399000,,2399000,,,,,
98180732,GIGABYTE G7 GE 16GB램 (SSD 4TB),2499000,,2499000,,,,,
98180723,GIGABYTE G7 GE 16GB램 (SSD 512GB),2199000,,2199000,,,,,
98180738,GIGABYTE G7 GE 32GB램 (SSD 1TB),2399000,,2399000,,,,,
98180744,GIGABYTE G7 GE 32GB램 (SSD 2TB),2499000,,2499000,,,,,
98180750,GIGABYTE G7 GE 32GB램 (SSD 4TB),2799000,,2799000,,,,,
98180735,GIGABYTE G7 GE 32GB램 (SSD 512GB),2299000,,2299000,,,,,
98180756,GIGABYTE G7 GE 64GB램 (SSD 1TB),2699000,,2699000,,,,,
98180759,GIGABYTE G7 GE 64GB램 (SSD 2TB),2799000,,2799000,,,,,
98180762,GIGABYTE G7 GE 64GB램 (SSD 4TB),2899000,,2899000,,,,,
98180753,GIGABYTE G7 GE 64GB램 (SSD 512GB),2499000,,2499000,,,,,
98180852,GIGABYTE G7 GE WIN11 (SSD 1TB),2299000,,2299000,,,,,
98180855,GIGABYTE G7 GE WIN11 (SSD 2TB),2399000,,2399000,,,,,
98180900,GIGABYTE G7 GE WIN11 (SSD 4TB),2599000,,2599000,,,,,
17864987,GIGABYTE G7 GE WIN11 (SSD 512GB),1380000,,1380000,,,,,
98180912,GIGABYTE G7 GE WIN11 16GB램 (SSD 1TB),2399000,,2399000,,,,,
98180915,GIGABYTE G7 GE WIN11 16GB램 (SSD 2TB),2499000,,2499000,,,,,
98180918,GIGABYTE G7 GE WIN11 16GB램 (SSD 4TB),2499000,,2499000,,,,,
98180858,GIGABYTE G7 GE WIN11 16GB램 (SSD 512GB),2299000,,2299000,,,,,
98180933,GIGABYTE G7 GE WIN11 32GB램 (SSD 1TB),2499000,,2499000,,,,,
98180936,GIGABYTE G7 GE WIN11 32GB램 (SSD 2TB),2599000,,2599000,,,,,
98180939,GIGABYTE G7 GE WIN11 32GB램 (SSD 4TB),2899000,,2899000,,,,,
98180930,GIGABYTE G7 GE WIN11 32GB램 (SSD 512GB),2159000,,2159000,,,,,
98180945,GIGABYTE G7 GE WIN11 64GB램 (SSD 1TB),2799000,,2799000,,,,,
98180951,GIGABYTE G7 GE WIN11 64GB램 (SSD 2TB),2799000,,2799000,,,,,
98180948,GIGABYTE G7 GE WIN11 64GB램 (SSD 4TB),3199000,,3199000,,,,,
98180942,GIGABYTE G7 GE WIN11 64GB램 (SSD 512GB),2599000,,2599000,,,,,
15953462,GIGABYTE G7 MD Gen11 i7 32GB램 (1TB + SSD 1TB),2690000,,2690000,,,,,
15953444,GIGABYTE G7 MD Gen11 i7 32GB램 (SSD 1TB),2190000,,2190000,,,,,
15953420,GIGABYTE G7 MD Gen11 i7 32GB램 (SSD 512GB),3290000,,3290000,,,,,
98182037,GIGABYTE 게이밍 A16 3VH (SSD 1TB),1999000,,1999000,,,,,
98182058,GIGABYTE 게이밍 A16 3VH (SSD 2TB),2480000,,2480000,,,,,
98182061,GIGABYTE 게이밍 A16 3VH (SSD 4TB),3390000,,3390000,,,,,
96314627,GIGABYTE 게이밍 A16 3VH (SSD 512GB),2098000,,2049000,,,,,
98182115,GIGABYTE 게이밍 A16 3VH 32GB램 (SSD 1TB),2399000,,2399000,,,,,
98182118,GIGABYTE 게이밍 A16 3VH 32GB램 (SSD 2TB),2944000,,2944000,,,,,
98182124,GIGABYTE 게이밍 A16 3VH 32GB램 (SSD 4TB),3350000,,3350000,,,,,
98182112,GIGABYTE 게이밍 A16 3VH 32GB램 (SSD 512GB),2249000,,2249000,,,,,
98182136,GIGABYTE 게이밍 A16 3VH 64GB램 (SSD 1TB),3750000,,3750000,,,,,
98182139,GIGABYTE 게이밍 A16 3VH 64GB램 (SSD 2TB),3389000,,3389000,,,,,
98182145,GIGABYTE 게이밍 A16 3VH 64GB램 (SSD 4TB),3997000,,3997000,,,,,
98182133,GIGABYTE 게이밍 A16 3VH 64GB램 (SSD 512GB),3599000,,3599000,,,,,
98182169,GIGABYTE 게이밍 A16 3VH WIN11 (SSD 1TB),2538890,,2538890,,,,,
98182172,GIGABYTE 게이밍 A16 3VH WIN11 (SSD 2TB),2898000,,2898000,,,,,
98182178,GIGABYTE 게이밍 A16 3VH WIN11 (SSD 4TB),2916000,,2916000,,,,,
98182166,GIGABYTE 게이밍 A16 3VH WIN11 (SSD 512GB),2266100,,2266100,,,,,
98182199,GIGABYTE 게이밍 A16 3VH WIN11 32GB램 (SSD 1TB),2913290,,2913290,,,,,
98182202,GIGABYTE 게이밍 A16 3VH WIN11 32GB램 (SSD 2TB),3300000,,3300000,,,,,
98182208,GIGABYTE 게이밍 A16 3VH WIN11 32GB램 (SSD 4TB),3648000,,3648000,,,,,
98182196,GIGABYTE 게이밍 A16 3VH WIN11 32GB램 (SSD 512GB),2713290,,2713290,,,,,
98182217,GIGABYTE 게이밍 A16 3VH WIN11 64GB램 (SSD 1TB),3280000,,3280000,,,,,
98182220,GIGABYTE 게이밍 A16 3VH WIN11 64GB램 (SSD 2TB),3490000,,3490000,,,,,
98182226,GIGABYTE 게이밍 A16 3VH WIN11 64GB램 (SSD 4TB),3790000,,3790000,,,,,
98182214,GIGABYTE 게이밍 A16 3VH WIN11 64GB램 (SSD 512GB),2990000,,2990000,,,,,
97304900,GIGABYTE 게이밍 A16 3WH (SSD 1TB),2890000,,2879000,,,,,
99744047,GIGABYTE 게이밍 A16 3WH (SSD 2TB),2877000,,2875470,,,,,
99744053,GIGABYTE 게이밍 A16 3WH (SSD 4TB),2896000,,2896000,,,,,
99744074,GIGABYTE 게이밍 A16 3WH 64GB램 (SSD 1TB),3050000,,3050000,,,,,
99744080,GIGABYTE 게이밍 A16 3WH 64GB램 (SSD 2TB),3200000,,3200000,,,,,
99744089,GIGABYTE 게이밍 A16 3WH 64GB램 (SSD 4TB),3400000,,3400000,,,,,
98925866,GIGABYTE 게이밍 A16 3WH WIN11 (SSD 1TB),2646000,,2646000,,,,,
98925869,GIGABYTE 게이밍 A16 3WH WIN11 (SSD 2TB),2766000,,2766000,,,,,
98925884,GIGABYTE 게이밍 A16 3WH WIN11 (SSD 4TB),2996000,,2996000,,,,,
98925887,GIGABYTE 게이밍 A16 3WH WIN11 64GB램 (SSD 1TB),3150000,,3150000,,,,,
98925890,GIGABYTE 게이밍 A16 3WH WIN11 64GB램 (SSD 2TB),3300000,,3300000,,,,,
98925896,GIGABYTE 게이밍 A16 3WH WIN11 64GB램 (SSD 4TB),3500000,,3500000,,,,,
122690895,GIGABYTE 게이밍 A16 3WHD (SSD 1TB),2489000,,2489000,,,,,
122690897,GIGABYTE 게이밍 A16 3WHD (SSD 2TB),2689000,,2689000,,,,,
122666930,GIGABYTE 게이밍 A16 3WHD (SSD 512GB),2400000,,2249000,,,,,
122708949,GIGABYTE 게이밍 A16 3WHD 32GB램 (SSD 1TB),2929000,,2929000,,,,,
122708950,GIGABYTE 게이밍 A16 3WHD 32GB램 (SSD 2TB),3129000,,3129000,,,,,
122708955,GIGABYTE 게이밍 A16 3WHD 32GB램 (SSD 512GB),2739000,,2739000,,,,,
96369347,GIGABYTE 게이밍 A16 CMH (SSD 1TB),1990000,,1787100,,,,,
93913847,GIGABYTE 게이밍 A16 CMH (SSD 512GB),1890000,,1597100,,,,,
97221479,GIGABYTE 게이밍 A16 CMH WIN11 (SSD 1TB),2490000,,2490000,,,,,
97221482,GIGABYTE 게이밍 A16 CMH WIN11 (SSD 2TB),2590000,,2590000,,,,,
97221488,GIGABYTE 게이밍 A16 CMH WIN11 (SSD 4TB),2790000,,2790000,,,,,
97221464,GIGABYTE 게이밍 A16 CMH WIN11 (SSD 512GB),1690000,,1690000,,,,,
97221539,GIGABYTE 게이밍 A16 CMH WIN11 32GB램 (SSD 1TB),2590000,,2590000,,,,,
97221542,GIGABYTE 게이밍 A16 CMH WIN11 32GB램 (SSD 2TB),2690000,,2690000,,,,,
97221548,GIGABYTE 게이밍 A16 CMH WIN11 32GB램 (SSD 4TB),2790000,,2790000,,,,,
97221536,GIGABYTE 게이밍 A16 CMH WIN11 32GB램 (SSD 512GB),2190000,,2190000,,,,,
96978515,GIGABYTE 게이밍 A16 CVH (SSD 1TB),2288000,,2288000,,,,,
96978683,GIGABYTE 게이밍 A16 CVH (SSD 2TB),2637000,,2637000,,,,,
96978689,GIGABYTE 게이밍 A16 CVH (SSD 4TB),2998000,,2998000,,,,,
95056469,GIGABYTE 게이밍 A16 CVH (SSD 512GB),1888000,,1698000,,,,,
96978533,GIGABYTE 게이밍 A16 CVH 32GB램 (SSD 1TB),2886000,,2300000,,,,,
96978536,GIGABYTE 게이밍 A16 CVH 32GB램 (SSD 2TB),2958000,,2958000,,,,,
96978704,GIGABYTE 게이밍 A16 CVH 32GB램 (SSD 4TB),3396000,,3396000,,,,,
95056478,GIGABYTE 게이밍 A16 CVH 32GB램 (SSD 512GB),2488000,,2488000,,,,,
96978548,GIGABYTE 게이밍 A16 CVH 64GB램 (SSD 1TB),3290000,,3290000,,,,,
96978551,GIGABYTE 게이밍 A16 CVH 64GB램 (SSD 2TB),3590000,,3590000,,,,,
96978731,GIGABYTE 게이밍 A16 CVH 64GB램 (SSD 4TB),3597000,,3597000,,,,,
96978545,GIGABYTE 게이밍 A16 CVH 64GB램 (SSD 512GB),3188000,,3188000,,,,,
96978581,GIGABYTE 게이밍 A16 CVH WIN11 (SSD 1TB),2375000,,2375000,,,,,
96978818,GIGABYTE 게이밍 A16 CVH WIN11 (SSD 2TB),2695000,,2695000,,,,,
96978824,GIGABYTE 게이밍 A16 CVH WIN11 (SSD 4TB),3175000,,3175000,,,,,
96978800,GIGABYTE 게이밍 A16 CVH WIN11 (SSD 512GB),1904000,,1904000,,,,,
96978614,GIGABYTE 게이밍 A16 CVH WIN11 32GB램 (SSD 1TB),2785000,,2785000,,,,,
96978617,GIGABYTE 게이밍 A16 CVH WIN11 32GB램 (SSD 2TB),3185000,,3185000,,,,,
96978782,GIGABYTE 게이밍 A16 CVH WIN11 32GB램 (SSD 4TB),3245000,,3245000,,,,,
96978611,GIGABYTE 게이밍 A16 CVH WIN11 32GB램 (SSD 512GB),2585000,,2585000,,,,,
96978623,GIGABYTE 게이밍 A16 CVH WIN11 64GB램 (SSD 1TB),3490000,,3490000,,,,,
96978629,GIGABYTE 게이밍 A16 CVH WIN11 64GB램 (SSD 2TB),3767000,,3767000,,,,,
96978764,GIGABYTE 게이밍 A16 CVH WIN11 64GB램 (SSD 4TB),4280000,,4124000,,,,,
96978620,GIGABYTE 게이밍 A16 CVH WIN11 64GB램 (SSD 512GB),3090000,,3090000,,,,,
96314441,GIGABYTE 게이밍 A16 CWH (SSD 1TB),2199000,,2017700,,,,,
96369404,GIGABYTE 게이밍 A16 CWH (SSD 2TB),2990000,,2399000,,,,,
98179829,GIGABYTE 게이밍 A16 CWH (SSD 4TB),3350000,,3554000,,,,,
96369422,GIGABYTE 게이밍 A16 CWH 32GB램 (SSD 1TB),3490000,,2499000,,,,,
98179838,GIGABYTE 게이밍 A16 CWH 32GB램 (SSD 2TB),2790000,,2790000,,,,,
98179844,GIGABYTE 게이밍 A16 CWH 32GB램 (SSD 4TB),3650000,,3954000,,,,,
98179850,GIGABYTE 게이밍 A16 CWH 64GB램 (SSD 1TB),3850000,,4503200,,,,,
98179853,GIGABYTE 게이밍 A16 CWH 64GB램 (SSD 2TB),5200000,,5223200,,,,,
98179859,GIGABYTE 게이밍 A16 CWH 64GB램 (SSD 4TB),5900000,,5983200,,,,,
98179868,GIGABYTE 게이밍 A16 CWH WIN11 (SSD 1TB),3199000,,2777600,,,,,
98179871,GIGABYTE 게이밍 A16 CWH WIN11 (SSD 2TB),3299000,,3299000,,,,,
98179874,GIGABYTE 게이밍 A16 CWH WIN11 (SSD 4TB),3599000,,3599000,,,,,
98179886,GIGABYTE 게이밍 A16 CWH WIN11 32GB램 (SSD 1TB),3399000,,3399000,,,,,
98179889,GIGABYTE 게이밍 A16 CWH WIN11 32GB램 (SSD 2TB),3459000,,3459000,,,,,
98179895,GIGABYTE 게이밍 A16 CWH WIN11 32GB램 (SSD 4TB),3799000,,3799000,,,,,
98179898,GIGABYTE 게이밍 A16 CWH WIN11 64GB램 (SSD 1TB),4390000,,4390000,,,,,
98179901,GIGABYTE 게이밍 A16 CWH WIN11 64GB램 (SSD 2TB),3990000,,3990000,,,,,
98179904,GIGABYTE 게이밍 A16 CWH WIN11 64GB램 (SSD 4TB),4490000,,4490000,,,,,
123605011,GIGABYTE 게이밍 A18 3VH (SSD 512GB),2298000,,2149000,,,,,
123764294,GIGABYTE 게이밍 A18 3VH 32GB램 (SSD 1TB),2929000,,2929000,,,,,
123764286,GIGABYTE 게이밍 A18 3VH 32GB램 (SSD 512GB),2739000,,2696000,,,,,
123134098,GIGABYTE 게이밍 A18 3WH (SSD 1TB),2689000,,2689000,,,,,
123134087,GIGABYTE 게이밍 A18 3WH (SSD 512GB),2399000,,2349000,,,,,
123764309,GIGABYTE 게이밍 A18 3WH 32GB램 (SSD 1TB),3129000,,3129000,,,,,
123764301,GIGABYTE 게이밍 A18 3WH 32GB램 (SSD 512GB),2939000,,2939000,,,,,
122683872,HP 15-FD0978TU 16GB램 (SSD 1TB),1099270,,1099470,,,,,
122683869,HP 15-FD0978TU 16GB램 (SSD 256GB),869000,,799000,,,,,
124021107,HP 15-FD0978TU 16GB램 (SSD 2TB),1252450,,1252610,,,,,
122683870,HP 15-FD0978TU 16GB램 (SSD 512GB),987770,,987970,,,,,
124021212,HP 15-FD0978TU WIN11 (SSD 1TB),1014950,,1015110,,,,,
122683859,HP 15-FD0978TU WIN11 (SSD 256GB),814330,,814330,,,,,
124021213,HP 15-FD0978TU WIN11 (SSD 2TB),1195450,,1195610,,,,,
124021216,HP 15-FD0978TU WIN11 (SSD 4TB),2035000,,2035000,,,,,
123651541,HP 15-FD0978TU WIN11 (SSD 512GB),928640,,928800,,,,,
122683855,HP 15-FD0978TU WIN11 16GB램 (SSD 1TB),1090910,,1091110,,,,,
122683853,HP 15-FD0978TU WIN11 16GB램 (SSD 256GB),918880,,919080,,,,,
124021103,HP 15-FD0978TU WIN11 16GB램 (SSD 2TB),1271450,,1271610,,,,,
124021105,HP 15-FD0978TU WIN11 16GB램 (SSD 4TB),2398000,,2398000,,,,,
122683854,HP 15-FD0978TU WIN11 16GB램 (SSD 512GB),1004380,,1004580,,,,,
122683860,HP 15-FD0978TU WIN11 32GB램 (SSD 1TB),1242910,,1243110,,,,,
122683856,HP 15-FD0978TU WIN11 32GB램 (SSD 256GB),1063180,,1063380,,,,,
123651543,HP 15-FD0978TU WIN11 32GB램 (SSD 2TB),1410320,,1410480,,,,,
124021092,HP 15-FD0978TU WIN11 32GB램 (SSD 4TB),2762000,,2762000,,,,,
122683857,HP 15-FD0978TU WIN11 32GB램 (SSD 512GB),1151230,,1151430,,,,,
97122209,HP 15-FD1630TU (SSD 1TB),1000000,,1000000,,,,,
97122146,HP 15-FD1630TU (SSD 256GB),780000,,780000,,,,,
97221437,HP 15-FD1630TU (SSD 2TB),1199000,,1199000,,,,,
122666196,HP 15-FD1630TU (SSD 4TB),1848000,,1848000,,,,,
97122188,HP 15-FD1630TU (SSD 512GB),919000,,929000,,,,,
90266966,HP 15-FD2005TU (SSD 1TB),1097530,,1097730,,,,,
81038744,HP 15-FD2005TU (SSD 256GB),999000,,999000,,,,,
90266969,HP 15-FD2005TU (SSD 2TB),1335640,,1335840,,,,,
90266972,HP 15-FD2005TU (SSD 4TB),1900910,,1901110,,,,,
89527118,HP 15-FD2005TU (SSD 512GB),998990,,998990,,,,,
122724650,HP 15-fc0751AUS (SSD 256GB),1050000,,1050000,,,,,
99886499,HP 15-fc1058AU (SSD 1TB),930020,,930020,,,,,
97954682,HP 15-fc1058AU (SSD 256GB),718990,,699000,,,,,
99886502,HP 15-fc1058AU (SSD 2TB),1106420,,1106420,,,,,
106716902,HP 15-fc1058AU (SSD 4TB),1390000,,1390000,,,,,
99559184,HP 15-fc1058AU (SSD 512GB),778860,,779060,,,,,
99636959,HP 15-fc1058AU 16GB램 (SSD 1TB),1055920,,1056120,,,,,
99636953,HP 15-fc1058AU 16GB램 (SSD 256GB),820000,,820000,,,,,
99636962,HP 15-fc1058AU 16GB램 (SSD 2TB),1224040,,1224240,,,,,
106716899,HP 15-fc1058AU 16GB램 (SSD 4TB),2108000,,2108000,,,,,
99636956,HP 15-fc1058AU 16GB램 (SSD 512GB),920000,,920000,,,,,
99886511,HP 15-fc1058AU WIN11 (SSD 1TB),870000,,870000,,,,,
99559190,HP 15-fc1058AU WIN11 (SSD 256GB),696660,,696660,,,,,
99886514,HP 15-fc1058AU WIN11 (SSD 2TB),1070000,,1029000,,,,,
103187993,HP 15-fc1058AU WIN11 (SSD 4TB),1490000,,1421500,,,,,
99559193,HP 15-fc1058AU WIN11 (SSD 512GB),784900,,785100,,,,,
99559214,HP 15-fc1058AU WIN11 16GB램 (SSD 1TB),1068150,,1068350,,,,,
99559205,HP 15-fc1058AU WIN11 16GB램 (SSD 256GB),880000,,880000,,,,,
99559217,HP 15-fc1058AU WIN11 16GB램 (SSD 2TB),1214990,,1214990,,,,,
103187996,HP 15-fc1058AU WIN11 16GB램 (SSD 4TB),1999000,,1571500,,,,,
99559211,HP 15-fc1058AU WIN11 16GB램 (SSD 512GB),957970,,958170,,,,,
104980730,HP 15-fc1061AU (SSD 1TB),1026410,,1026610,,,,,
104980739,HP 15-fc1061AU (SSD 2TB),1187730,,1187930,,,,,
106709150,HP 15-fc1061AU (SSD 4TB),1827000,,1827000,,,,,
103520057,HP 15-fc1061AU (SSD 512GB),909000,,885000,,,,,
104980754,HP 15-fc1061AU WIN11 (SSD 1TB),1079000,,1079000,,,,,
104980757,HP 15-fc1061AU WIN11 (SSD 2TB),1229000,,1229000,,,,,
106709144,HP 15-fc1061AU WIN11 (SSD 4TB),1827000,,1827000,,,,,
104980718,HP 15-fc1061AU WIN11 (SSD 512GB),877000,,877000,,,,,
106711637,HP 15-fc1061AU WIN11 32GB램 (SSD 1TB),1448700,,1448900,,,,,
106711640,HP 15-fc1061AU WIN11 32GB램 (SSD 2TB),1645040,,1564990,,,,,
106717268,HP 15-fc1061AU WIN11 32GB램 (SSD 4TB),2455270,,2455270,,,,,
106711634,HP 15-fc1061AU WIN11 32GB램 (SSD 512GB),1308310,,1308510,,,,,
93565199,HP 15-fd0089TU (SSD 1TB),890000,,,,,,,
93565094,HP 15-fd0089TU (SSD 256GB),730000,,,,,,,
97220969,HP 15-fd0089TU (SSD 2TB),1200000,,,,,,,
93565112,HP 15-fd0089TU (SSD 512GB),830000,,,,,,,
32062748,HP 15-fd0247TU (SSD 128GB),401280,,401280,,,,,
62638130,HP 15-fd0247TU (SSD 1TB),850000,,850000,,,,,
67624748,HP 15-fd0247TU (SSD 256GB),620000,,620000,,,,,
62638136,HP 15-fd0247TU (SSD 2TB),850000,,850000,,,,,
77856887,HP 15-fd0247TU (SSD 4TB),1186000,,1186000,,,,,
62638109,HP 15-fd0247TU (SSD 512GB),750000,,750000,,,,,
32502860,HP 15-fd0247TU 16GB램 (SSD 128GB),640000,,640000,,,,,
32502881,HP 15-fd0247TU 16GB램 (SSD 1TB),950000,,950000,,,,,
32502866,HP 15-fd0247TU 16GB램 (SSD 256GB),689000,,689000,,,,,
60235871,HP 15-fd0247TU 16GB램 (SSD 2TB),954000,,954000,,,,,
93440702,HP 15-fd0247TU 16GB램 (SSD 4TB),1650000,,1650000,,,,,
32502872,HP 15-fd0247TU 16GB램 (SSD 512GB),780000,,780000,,,,,
75597473,HP 15-fd0500TU (SSD 1TB),891410,,891610,,,,,
73883975,HP 15-fd0500TU (SSD 256GB),709570,,709580,,,,,
75597476,HP 15-fd0500TU (SSD 2TB),1059190,,1059390,,,,,
75597464,HP 15-fd0500TU (SSD 512GB),796780,,796980,,,,,
104355740,HP 15-fd0779TU (128GB),437000,,419000,,,,,
104355791,HP 15-fd0779TU (SSD 256GB),560000,,560000,,,,,
104355821,HP 15-fd0779TU (SSD 512GB),619000,,619000,,,,,
122623644,HP 15-fd2130TU (SSD 1TB),1219390,,1219490,,,,,
122623647,HP 15-fd2130TU (SSD 2TB),1386720,,1386920,,,,,
122623648,HP 15-fd2130TU (SSD 4TB),1895470,,1895670,,,,,
108225908,HP 15-fd2130TU (SSD 512GB),1148000,,1148000,,,,,
122623590,HP 15-fd2130TU 32GB램 (SSD 1TB),1508840,,1509040,,,,,
122623592,HP 15-fd2130TU 32GB램 (SSD 2TB),1676800,,1677000,,,,,
122623600,HP 15-fd2130TU 32GB램 (SSD 4TB),2492990,,2493190,,,,,
122623586,HP 15-fd2130TU 32GB램 (SSD 512GB),1403750,,1403950,,,,,
109482827,HP 15-fd2136TU (SSD 1TB),1079830,,1080030,,,,,
122623544,HP 15-fd2136TU (SSD 2TB),1242270,,1242270,,,,,
122636063,HP 15-fd2136TU (SSD 4TB),1788970,,1789170,,,,,
108225971,HP 15-fd2136TU (SSD 512GB),1020000,,1020000,,,,,
109482836,HP 15-fd2136TU WIN11 (SSD 1TB),1108480,,1108680,,,,,
122619388,HP 15-fd2136TU WIN11 (SSD 2TB),1288960,,1288960,,,,,
122619389,HP 15-fd2136TU WIN11 (SSD 4TB),1842180,,1670000,,,,,
109482833,HP 15-fd2136TU WIN11 (SSD 512GB),1005400,,1008390,,,,,
122619398,HP 15-fd2136TU WIN11 32GB램 (SSD 1TB),1401760,,1401960,,,,,
122619399,HP 15-fd2136TU WIN11 32GB램 (SSD 2TB),1567410,,1567610,,,,,
122619400,HP 15-fd2136TU WIN11 32GB램 (SSD 4TB),2489580,,2489780,,,,,
122619397,HP 15-fd2136TU WIN11 32GB램 (SSD 512GB),1320980,,1288360,,,,,
104982245,HP 17-cn4037TU WIN11 (SSD 1TB),1380000,,1380000,,,,,
104982251,HP 17-cn4037TU WIN11 (SSD 2TB),1840000,,1840000,,,,,
104982254,HP 17-cn4037TU WIN11 (SSD 4TB),2090000,,2090000,,,,,
104530625,HP 17-cn4037TU WIN11 (SSD 512GB),1050000,,1050000,,,,,
104324537,HP 250R G9 C4JR6AT (SSD 1TB),1149000,,1149000,,,,,
104563634,HP 250R G9 C4JR6AT (SSD 2TB),1151000,,1151000,,,,,
108415556,HP 250R G9 C4JR6AT (SSD 4TB),2399000,,2297500,,,,,
104324531,HP 250R G9 C4JR6AT (SSD 512GB),889000,,887000,,,,,
104324546,HP 250R G9 C4JR6AT WIN11 (SSD 1TB),1092000,,1092000,,,,,
104563649,HP 250R G9 C4JR6AT WIN11 (SSD 2TB),1400000,,1400000,,,,,
106754372,HP 250R G9 C4JR6AT WIN11 (SSD 4TB),1760000,,1760000,,,,,
104324540,HP 250R G9 C4JR6AT WIN11 (SSD 512GB),980000,,980000,,,,,
85376387,HP 255 G10 B7NK1AT (SSD 1TB),905140,,,,,,,
79251173,HP 255 G10 B7NK1AT (SSD 256GB),629000,,,,,,,
85376579,HP 255 G10 B7NK1AT (SSD 2TB),1078190,,,,,,,
98776580,HP 255 G10 B7NK1AT (SSD 4TB),1397000,,,,,,,
85376141,HP 255 G10 B7NK1AT (SSD 512GB),800000,,,,,,,
96582395,HP 255R G10 BY9U2AT WIN11 (SSD 1TB),761530,,761530,,,,,
96582398,HP 255R G10 BY9U2AT WIN11 (SSD 2TB),999000,,999000,,,,,
96582392,HP 255R G10 BY9U2AT WIN11 (SSD 512GB),720000,,720000,,,,,
96582431,HP 255R G10 BY9U2AT WIN11 16GB램 (SSD 1TB),927470,,927480,,,,,
96582437,HP 255R G10 BY9U2AT WIN11 16GB램 (SSD 2TB),1129000,,1129000,,,,,
122688919,HP 255R G10 BY9U2AT WIN11 16GB램 (SSD 4TB),2559000,,2559000,,,,,
96582428,HP 255R G10 BY9U2AT WIN11 16GB램 (SSD 512GB),849400,,849400,,,,,
105816281,HP HyperX 오멘 15-ga0030TX 32GB램 (SSD 1TB),2598000,,,,,,,
105816287,HP HyperX 오멘 15-ga0030TX 32GB램 (SSD 2TB),2834870,,,,,,,
105816290,HP HyperX 오멘 15-ga0030TX 32GB램 (SSD 4TB),3249470,,,,,,,
104227085,HP HyperX 오멘 15-ga0031TX (SSD 1TB),2069000,,2069000,,,,,
105551549,HP HyperX 오멘 15-ga0031TX (SSD 2TB),2397000,,2397000,,,,,
105551555,HP HyperX 오멘 15-ga0031TX (SSD 4TB),2898000,,2898000,,,,,
105814598,HP HyperX 오멘 15-ga0031TX 32GB램 (SSD 1TB),2231060,,2231060,,,,,
105814604,HP HyperX 오멘 15-ga0031TX 32GB램 (SSD 2TB),2695720,,2695920,,,,,
105814610,HP HyperX 오멘 15-ga0031TX 32GB램 (SSD 4TB),3173570,,3173770,,,,,
105551564,HP HyperX 오멘 15-ga0031TX WIN11 (SSD 1TB),2118930,,2087570,,,,,
105551567,HP HyperX 오멘 15-ga0031TX WIN11 (SSD 2TB),2460790,,2460990,,,,,
105551570,HP HyperX 오멘 15-ga0031TX WIN11 (SSD 4TB),2993150,,2993320,,,,,
105813701,HP HyperX 오멘 15-ga0031TX WIN11 32GB램 (SSD 1TB),2374050,,2374050,,,,,
105813704,HP HyperX 오멘 15-ga0031TX WIN11 32GB램 (SSD 2TB),2624770,,2624970,,,,,
105813713,HP HyperX 오멘 15-ga0031TX WIN11 32GB램 (SSD 4TB),3198210,,3198410,,,,,
124167487,HP HyperX 오멘 15-ga0170TX WIN11 32GB램 (SSD 1TB),2877850,,2878010,,,,,
124167491,HP HyperX 오멘 15-ga0170TX WIN11 32GB램 (SSD 2TB),3004310,,3004470,,,,,
124199183,HP HyperX 오멘 15-ga0170TX WIN11 32GB램 (SSD 4TB),3906450,,3906610,,,,,
124167484,HP HyperX 오멘 15-ga0170TX WIN11 32GB램 (SSD 512GB),2698210,,2698370,,,,,
122683134,HP HyperX 오멘 15-ga0172TX (SSD 1TB),2600000,,2600000,,,,,
122683135,HP HyperX 오멘 15-ga0172TX (SSD 2TB),2755000,,2755000,,,,,
124167675,HP HyperX 오멘 15-ga0172TX (SSD 4TB),3641000,,3641000,,,,,
122665632,HP HyperX 오멘 15-ga0172TX (SSD 512GB),2376000,,2376000,,,,,
122683171,HP HyperX 오멘 15-ga0172TX 32GB램 (SSD 1TB),2966360,,2966560,,,,,
122683173,HP HyperX 오멘 15-ga0172TX 32GB램 (SSD 2TB),3132980,,3133180,,,,,
124167664,HP HyperX 오멘 15-ga0172TX 32GB램 (SSD 4TB),3998820,,3998980,,,,,
122683169,HP HyperX 오멘 15-ga0172TX 32GB램 (SSD 512GB),2604830,,2588240,,,,,
122681312,HP HyperX 오멘 15-ga0172TX WIN11 (SSD 1TB),2627000,,2627000,,,,,
122681315,HP HyperX 오멘 15-ga0172TX WIN11 (SSD 2TB),2774000,,2774000,,,,,
122681320,HP HyperX 오멘 15-ga0172TX WIN11 (SSD 4TB),3660490,,3660690,,,,,
122681308,HP HyperX 오멘 15-ga0172TX WIN11 (SSD 512GB),2426000,,2426000,,,,,
122681360,HP HyperX 오멘 15-ga0172TX WIN11 32GB램 (SSD 1TB),2986480,,2986680,,,,,
122681362,HP HyperX 오멘 15-ga0172TX WIN11 32GB램 (SSD 2TB),3153120,,3153320,,,,,
122681363,HP HyperX 오멘 15-ga0172TX WIN11 32GB램 (SSD 4TB),4019730,,4019930,,,,,
122681330,HP HyperX 오멘 15-ga0172TX WIN11 32GB램 (SSD 512GB),2883130,,2883330,,,,,
122681370,HP HyperX 오멘 15-ga0172TX WIN11 64GB램 (SSD 1TB),3539220,,3539420,,,,,
122681372,HP HyperX 오멘 15-ga0172TX WIN11 64GB램 (SSD 2TB),3705760,,3705960,,,,,
122681373,HP HyperX 오멘 15-ga0172TX WIN11 64GB램 (SSD 4TB),4697970,,4698170,,,,,
122681368,HP HyperX 오멘 15-ga0172TX WIN11 64GB램 (SSD 512GB),3435070,,3435270,,,,,
104225183,HP HyperX 오멘 15-gb0041AX (SSD 1TB),2094000,,2000000,,,,,
104988563,HP HyperX 오멘 15-gb0041AX (SSD 2TB),2228990,,2228990,,,,,
104988572,HP HyperX 오멘 15-gb0041AX (SSD 4TB),2791900,,2700000,,,,,
104225261,HP HyperX 오멘 15-gb0042AX (SSD 1TB),1949000,,1949000,,,,,
105677039,HP HyperX 오멘 15-gb0042AX (SSD 2TB),1989000,,1989000,,,,,
105677042,HP HyperX 오멘 15-gb0042AX (SSD 4TB),3048000,,3048000,,,,,
104225345,HP HyperX 오멘 15-gb0043AX (SSD 1TB),1849000,,1849000,,,,,
104963768,HP HyperX 오멘 15-gb0043AX (SSD 2TB),2277420,,2277620,,,,,
104963774,HP HyperX 오멘 15-gb0043AX (SSD 4TB),2849000,,2849000,,,,,
104752358,HP HyperX 오멘 15-gb0043AX WIN11 32GB램 (SSD 1TB),2143460,,2143670,,,,,
104963726,HP HyperX 오멘 15-gb0043AX WIN11 32GB램 (SSD 2TB),2599000,,2599000,,,,,
105676991,HP HyperX 오멘 15-gb0043AX WIN11 32GB램 (SSD 4TB),3310440,,3310640,,,,,
104225372,HP HyperX 오멘 15-gb0044AX (SSD 1TB),1759000,,1759000,,,,,
104627312,HP HyperX 오멘 15-gb0044AX (SSD 2TB),1759000,,1759000,,,,,
104980697,HP HyperX 오멘 15-gb0044AX (SSD 4TB),2902130,,2902330,,,,,
104627384,HP HyperX 오멘 15-gb0044AX 32GB램 (SSD 1TB),1856000,,1856000,,,,,
104627393,HP HyperX 오멘 15-gb0044AX 32GB램 (SSD 2TB),2009000,,2009000,,,,,
105678266,HP HyperX 오멘 15-gb0044AX 32GB램 (SSD 4TB),2825270,,2825470,,,,,
104627333,HP HyperX 오멘 15-gb0044AX WIN11 (SSD 1TB),1661000,,1661000,,,,,
104627339,HP HyperX 오멘 15-gb0044AX WIN11 (SSD 2TB),1864000,,1864000,,,,,
104980679,HP HyperX 오멘 15-gb0044AX WIN11 (SSD 4TB),2895720,,2895920,,,,,
106753865,HP HyperX 오멘 15-gb0051AX (SSD 1TB),1798000,,,,,,,
107769881,HP HyperX 오멘 15-gb0051AX (SSD 2TB),1699000,,,,,,,
107769896,HP HyperX 오멘 15-gb0051AX (SSD 4TB),2787000,,,,,,,
106753892,HP HyperX 오멘 15-gb0052AX (SSD 1TB),1588000,,1588000,,,,,
107769413,HP HyperX 오멘 15-gb0052AX (SSD 2TB),1589000,,1589000,,,,,
107769434,HP HyperX 오멘 15-gb0052AX (SSD 4TB),3000000,,3000000,,,,,
107769452,HP HyperX 오멘 15-gb0052AX WIN11 (SSD 1TB),1468990,,1468990,,,,,
107769455,HP HyperX 오멘 15-gb0052AX WIN11 (SSD 2TB),1599000,,1599000,,,,,
107769458,HP HyperX 오멘 15-gb0052AX WIN11 (SSD 4TB),3039000,,3039000,,,,,
108366539,HP HyperX 오멘 15-gb0052AX WIN11 32GB램 (SSD 1TB),1728270,,1728370,,,,,
108366542,HP HyperX 오멘 15-gb0052AX WIN11 32GB램 (SSD 2TB),1851000,,1851000,,,,,
108366545,HP HyperX 오멘 15-gb0052AX WIN11 32GB램 (SSD 4TB),3243000,,3243000,,,,,
124260266,HP HyperX 오멘 15-gb0135AX WIN11 64GB램 (SSD 1TB),4329000,,3649000,,,,,
124260268,HP HyperX 오멘 15-gb0135AX WIN11 64GB램 (SSD 2TB),4459000,,2779000,,,,,
124260244,HP HyperX 오멘 15-gb0135AX WIN11 64GB램 (SSD 512GB),4179000,,3509000,,,,,
123605004,HP HyperX 오멘 16-ap1061AX (SSD 1TB),2495320,,2486660,,,,,
123802306,HP HyperX 오멘 16-ap1061AX (SSD 2TB),2642170,,2641720,,,,,
124021470,HP HyperX 오멘 16-ap1061AX (SSD 4TB),3912000,,3912000,,,,,
122930324,HP HyperX 오멘 16-ap1061AX (SSD 512GB),2792000,,2792000,,,,,
123802283,HP HyperX 오멘 16-ap1061AX 64GB램 (SSD 1TB),3759080,,,,,,,
123802284,HP HyperX 오멘 16-ap1061AX 64GB램 (SSD 2TB),3873080,,,,,,,
123802289,HP HyperX 오멘 16-ap1061AX 64GB램 (SSD 4TB),4987330,,,,,,,
123802275,HP HyperX 오멘 16-ap1061AX 64GB램 (SSD 512GB),3588090,,,,,,,
123802224,HP HyperX 오멘 16-ap1061AX WIN11 (SSD 1TB),2433060,,2433180,,,,,
123802235,HP HyperX 오멘 16-ap1061AX WIN11 (SSD 2TB),2722100,,2689570,,,,,
124021449,HP HyperX 오멘 16-ap1061AX WIN11 (SSD 4TB),4106500,,4106660,,,,,
123802218,HP HyperX 오멘 16-ap1061AX WIN11 (SSD 512GB),2588420,,2320130,,,,,
123802064,HP HyperX 오멘 16-ap1061AX WIN11 32GB램 (SSD 1TB),3159090,,3159240,,,,,
123802065,HP HyperX 오멘 16-ap1061AX WIN11 32GB램 (SSD 2TB),3273090,,3273240,,,,,
123802066,HP HyperX 오멘 16-ap1061AX WIN11 32GB램 (SSD 4TB),4356140,,4356300,,,,,
123801988,HP HyperX 오멘 16-ap1061AX WIN11 32GB램 (SSD 512GB),2782770,,2782930,,,,,
123802106,HP HyperX 오멘 16-ap1061AX WIN11 64GB램 (SSD 1TB),3778090,,3778240,,,,,
123802111,HP HyperX 오멘 16-ap1061AX WIN11 64GB램 (SSD 2TB),3899200,,3899350,,,,,
123802117,HP HyperX 오멘 16-ap1061AX WIN11 64GB램 (SSD 4TB),5121410,,5121570,,,,,
123802074,HP HyperX 오멘 16-ap1061AX WIN11 64GB램 (SSD 512GB),3607090,,3607240,,,,,
123721992,HP HyperX 오멘 16-ap1067AX (SSD 1TB),3303330,,3304210,,,,,
123721999,HP HyperX 오멘 16-ap1067AX (SSD 2TB),3429030,,3429910,,,,,
123722014,HP HyperX 오멘 16-ap1067AX (SSD 4TB),4097590,,4097590,,,,,
122721860,HP HyperX 오멘 16-ap1067AX (SSD 512GB),3164000,,3164000,,,,,
123722033,HP HyperX 오멘 16-ap1067AX 32GB램 (SSD 1TB),3281410,,3281570,,,,,
123722037,HP HyperX 오멘 16-ap1067AX 32GB램 (SSD 2TB),3400430,,3400590,,,,,
123722038,HP HyperX 오멘 16-ap1067AX 32GB램 (SSD 4TB),4297540,,4297540,,,,,
123722030,HP HyperX 오멘 16-ap1067AX 32GB램 (SSD 512GB),3090000,,3090160,,,,,
123729683,HP HyperX 오멘 16-ap1070AX WIN11 32GB램 (SSD 1TB),3338830,,3338990,,,,,
123729688,HP HyperX 오멘 16-ap1070AX WIN11 32GB램 (SSD 2TB),3504800,,3504960,,,,,
123729695,HP HyperX 오멘 16-ap1070AX WIN11 32GB램 (SSD 4TB),4926270,,4926270,,,,,
123729681,HP HyperX 오멘 16-ap1070AX WIN11 32GB램 (SSD 512GB),3235100,,3235260,,,,,
123696063,HP HyperX 오멘 16-ap1073AX 32GB램 (SSD 1TB),2829600,,2829760,,,,,
123696065,HP HyperX 오멘 16-ap1073AX 32GB램 (SSD 2TB),2995430,,2995590,,,,,
123721847,HP HyperX 오멘 16-ap1073AX 32GB램 (SSD 4TB),4597860,,4597860,,,,,
123696045,HP HyperX 오멘 16-ap1073AX 32GB램 (SSD 512GB),2725730,,2725890,,,,,
122724412,HP HyperX 오멘 16-ap1075AX (SSD 1TB),2465270,,2465430,,,,,
123621905,HP HyperX 오멘 16-ap1075AX (SSD 2TB),2590130,,2590290,,,,,
123621906,HP HyperX 오멘 16-ap1075AX (SSD 4TB),3410980,,3410980,,,,,
122724402,HP HyperX 오멘 16-ap1075AX (SSD 512GB),2660000,,2660000,,,,,
122724413,HP HyperX 오멘 16-ap1075AX 32GB램 (SSD 1TB),2697830,,2697990,,,,,
122724415,HP HyperX 오멘 16-ap1075AX 32GB램 (SSD 2TB),2867850,,2868010,,,,,
123722247,HP HyperX 오멘 16-ap1075AX 32GB램 (SSD 4TB),3895000,,3895000,,,,,
122724414,HP HyperX 오멘 16-ap1075AX 32GB램 (SSD 512GB),2587850,,2588010,,,,,
122724421,HP HyperX 오멘 16-ap1075AX WIN11 (SSD 1TB),2495910,,2496070,,,,,
123621893,HP HyperX 오멘 16-ap1075AX WIN11 (SSD 2TB),2661880,,2662040,,,,,
123621897,HP HyperX 오멘 16-ap1075AX WIN11 (SSD 4TB),3690000,,3690000,,,,,
122724419,HP HyperX 오멘 16-ap1075AX WIN11 (SSD 512GB),2311780,,2311940,,,,,
122724422,HP HyperX 오멘 16-ap1075AX WIN11 32GB램 (SSD 1TB),2713800,,2713960,,,,,
122724424,HP HyperX 오멘 16-ap1075AX WIN11 32GB램 (SSD 2TB),2879890,,2880050,,,,,
123722257,HP HyperX 오멘 16-ap1075AX WIN11 32GB램 (SSD 4TB),3986000,,3986000,,,,,
122724423,HP HyperX 오멘 16-ap1075AX WIN11 32GB램 (SSD 512GB),2610060,,2610220,,,,,
123805773,HP HyperX 오멘 MAX 16-ah1048TX (SSD 1TB),7149000,,,,,,,
123605038,HP HyperX 오멘 MAX 16-ah1050TX (SSD 1TB),6889990,,6889990,,,,,
122930717,HP HyperX 오멘 MAX 16-ah1056TX (SSD 1TB),6290000,,6290000,,,,,
124116692,HP HyperX 오멘 MAX 16-ah1073TX (SSD 1TB),5599000,,,,,,,
93863942,HP Z북 8 G1as 14 BZ1B5PT (SSD 1TB),4790000,,4494000,,,,,
98088368,HP Z북 8 G1as 14 BZ1B5PT (SSD 2TB),4619990,,4619990,,,,,
98088374,HP Z북 8 G1as 14 BZ1B5PT (SSD 4TB),3770000,,3770000,,,,,
90957557,HP Z북 Ultra G1a OLED (SSD 2TB),6989000,,6989000,,,,,
96481034,HP Z북 X G1i 16 B4YU2AV (SSD 1TB),3688000,,3688000,,,,,
99049424,HP Z북 X G1i 16 B4YU2AV (SSD 2TB),3890000,,3890000,,,,,
99049451,HP Z북 X G1i 16 B4YU2AV (SSD 4TB),4500000,,4500000,,,,,
97475873,HP Z북 울트라 14 G1a C80Q9PT (SSD 2TB),7490000,,7490000,,,,,
99948767,HP Z북 울트라 14 G1a C80Q9PT (SSD 4TB),10590000,,10590000,,,,,
122713990,HP 빅터스 15-fa2107TX (SSD 1TB),1599000,,1489000,,,,,
123605005,HP 빅터스 15-fa2107TX (SSD 2TB),1799000,,1689000,,,,,
122691083,HP 빅터스 15-fa2107TX (SSD 512GB),1390000,,1199000,,,,,
122714006,HP 빅터스 15-fa2107TX 16GB램 (SSD 1TB),1690000,,,,,,,
123605006,HP 빅터스 15-fa2107TX 16GB램 (SSD 2TB),1889000,,,,,,,
122714011,HP 빅터스 15-fa2107TX 16GB램 (SSD 512GB),1490000,,,,,,,
76070630,HP 빅터스 15-fa2710TX (SSD 1TB),1520000,,1520000,,,,,
76070633,HP 빅터스 15-fa2710TX (SSD 2TB),1680000,,1680000,,,,,
76157867,HP 빅터스 15-fa2710TX (SSD 4TB),2283000,,2040820,,,,,
75463823,HP 빅터스 15-fa2710TX (SSD 512GB),1300000,,1300000,,,,,
76070642,HP 빅터스 15-fa2710TX 32GB램 (SSD 1TB),1710000,,1710000,,,,,
76070645,HP 빅터스 15-fa2710TX 32GB램 (SSD 2TB),1858000,,1858000,,,,,
76159661,HP 빅터스 15-fa2710TX 32GB램 (SSD 4TB),2560000,,2453300,,,,,
76070639,HP 빅터스 15-fa2710TX 32GB램 (SSD 512GB),1590000,,1590000,,,,,
76070657,HP 빅터스 15-fa2710TX WIN11 (SSD 1TB),1579960,,1579960,,,,,
76070660,HP 빅터스 15-fa2710TX WIN11 (SSD 2TB),1670890,,1670890,,,,,
76157840,HP 빅터스 15-fa2710TX WIN11 (SSD 4TB),2250000,,2250000,,,,,
76070654,HP 빅터스 15-fa2710TX WIN11 (SSD 512GB),1340000,,1340000,,,,,
74814800,HP 빅터스 15-fa2711TX (SSD 1TB),1599000,,1519000,,,,,
74814809,HP 빅터스 15-fa2711TX (SSD 2TB),1840000,,1840000,,,,,
74814818,HP 빅터스 15-fa2711TX (SSD 4TB),2409000,,2409000,,,,,
74005328,HP 빅터스 15-fa2711TX (SSD 512GB),1454000,,1454000,,,,,
40721105,HP 빅터스 15-fb2055AX (SSD 1TB),1407000,,1407000,,,,,
40721120,HP 빅터스 15-fb2055AX (SSD 2TB),1724790,,1724800,,,,,
77619230,HP 빅터스 15-fb2055AX (SSD 4TB),2038000,,2038000,,,,,
39341849,HP 빅터스 15-fb2055AX (SSD 512GB),1278000,,1309000,,,,,
69868883,HP 빅터스 15-fb2121AX WIN11 16GB램 (SSD 1TB),1178000,,,,,,,
69868886,HP 빅터스 15-fb2121AX WIN11 16GB램 (SSD 2TB),1258000,,,,,,,
78784601,HP 빅터스 15-fb2121AX WIN11 16GB램 (SSD 4TB),2800000,,,,,,,
69868877,HP 빅터스 15-fb2121AX WIN11 16GB램 (SSD 512GB),1086900,,,,,,,
74055929,HP 빅터스 15-fb3001AX (SSD 1TB),1838990,,1687000,,,,,
74055935,HP 빅터스 15-fb3001AX (SSD 2TB),1847000,,1519000,,,,,
73761464,HP 빅터스 15-fb3001AX (SSD 512GB),1703990,,1597000,,,,,
74055947,HP 빅터스 15-fb3001AX 32GB램 (SSD 1TB),2055000,,1599000,,,,,
74055971,HP 빅터스 15-fb3001AX 32GB램 (SSD 2TB),2097000,,1709000,,,,,
75854138,HP 빅터스 15-fb3001AX 32GB램 (SSD 4TB),2797000,,2797000,,,,,
74055944,HP 빅터스 15-fb3001AX 32GB램 (SSD 512GB),1824000,,1519000,,,,,
74056118,HP 빅터스 15-fb3001AX WIN11 (SSD 1TB),1748000,,1748000,,,,,
74056124,HP 빅터스 15-fb3001AX WIN11 (SSD 2TB),1848000,,1539000,,,,,
74056115,HP 빅터스 15-fb3001AX WIN11 (SSD 512GB),1610000,,1610000,,,,,
74056061,HP 빅터스 15-fb3001AX WIN11 32GB램 (SSD 1TB),2057000,,2057000,,,,,
74056067,HP 빅터스 15-fb3001AX WIN11 32GB램 (SSD 2TB),2188990,,2188990,,,,,
75854102,HP 빅터스 15-fb3001AX WIN11 32GB램 (SSD 4TB),2990000,,2847170,,,,,
74056058,HP 빅터스 15-fb3001AX WIN11 32GB램 (SSD 512GB),1947000,,1947000,,,,,
95850530,HP 빅터스 15-fb3084AX (SSD 1TB),1690000,,1690000,,,,,
95850533,HP 빅터스 15-fb3084AX (SSD 2TB),1874000,,1874000,,,,,
98776469,HP 빅터스 15-fb3084AX (SSD 4TB),2400000,,2400000,,,,,
94025585,HP 빅터스 15-fb3084AX (SSD 512GB),1450000,,1450000,,,,,
93017807,HP 빅터스 15-fb3110AX (SSD 1TB),1630000,,,,,,,
93177023,HP 빅터스 15-fb3110AX (SSD 2TB),1730000,,,,,,,
93177029,HP 빅터스 15-fb3110AX (SSD 4TB),2339000,,,,,,,
92103848,HP 빅터스 15-fb3110AX (SSD 512GB),1640000,,,,,,,
97955417,HP 엘리트북 6 G1i 16 BP2Q5PT (SSD 1TB),1988000,,1988000,,,,,
97955504,HP 엘리트북 6 G1i 16 BP2Q5PT (SSD 2TB),2070000,,2070000,,,,,
97955507,HP 엘리트북 6 G1i 16 BP2Q5PT (SSD 4TB),2519000,,2519000,,,,,
93381842,HP 엘리트북 6 G1i 16 BP2Q5PT (SSD 512GB),1649000,,1639000,,,,,
122660113,HP 엘리트북 X G2i 14 D79ZDAT (SSD 1TB),4092000,,4092000,,,,,
122685081,HP 엘리트북 X G2i 14 D79ZDAT (SSD 2TB),4762000,,4762000,,,,,
122685084,HP 엘리트북 X G2i 14 D79ZDAT (SSD 4TB),5380000,,5308000,,,,,
122723240,HP 엘리트북 X G2i 14 D79ZGAT (SSD 1TB),3606000,,3099000,,,,,
122663149,HP 엘리트북 X 플립 G2i 14 D79Z4AT (SSD 1TB),4296000,,4296000,,,,,
122681406,HP 엘리트북 X 플립 G2i 14 D79Z4AT (SSD 2TB),4998000,,4979000,,,,,
122681408,HP 엘리트북 X 플립 G2i 14 D79Z4AT (SSD 4TB),5499000,,5499000,,,,,
74549495,HP 오멘 16 슬림 u1023TX (SSD 1TB),2570000,,2570000,,,,,
74549504,HP 오멘 16 슬림 u1023TX (SSD 2TB),3140000,,2860000,,,,,
77618057,HP 오멘 16 슬림 u1023TX (SSD 4TB),3590000,,3590000,,,,,
73471532,HP 오멘 16 슬림 u1023TX (SSD 512GB),2190000,,2190000,,,,,
93914609,HP 오멘 16 슬림 u1023TX (오피스 패키지),4790000,,4790000,,,,,
92103329,HP 오멘 16-am0120TX 32GB램 (SSD 1TB),2830220,,2830420,,,,,
92103332,HP 오멘 16-am0120TX 32GB램 (SSD 2TB),3025650,,2999000,,,,,
92103338,HP 오멘 16-am0120TX 32GB램 (SSD 4TB),3370480,,3370680,,,,,
92103326,HP 오멘 16-am0120TX 32GB램 (SSD 512GB),2626700,,2626900,,,,,
92103371,HP 오멘 16-am0120TX 64GB램 (SSD 1TB),3534850,,3500000,,,,,
92103374,HP 오멘 16-am0120TX 64GB램 (SSD 2TB),3696860,,3697060,,,,,
92103380,HP 오멘 16-am0120TX 64GB램 (SSD 4TB),4166950,,4167150,,,,,
92103368,HP 오멘 16-am0120TX 64GB램 (SSD 512GB),3352530,,3315000,,,,,
92355860,HP 오멘 16-am0124TX (SSD 1TB),2324140,,2324340,,,,,
92355869,HP 오멘 16-am0124TX (SSD 2TB),2467140,,2467340,,,,,
92621114,HP 오멘 16-am0124TX (SSD 4TB),2890000,,2890000,,,,,
92041886,HP 오멘 16-am0124TX (SSD 512GB),2190000,,2190000,,,,,
91561622,HP 오멘 16-am0147TX (SSD 1TB),2592650,,,,,,,
91561628,HP 오멘 16-am0147TX (SSD 2TB),2580000,,,,,,,
91561634,HP 오멘 16-am0147TX (SSD 4TB),3040000,,,,,,,
90954791,HP 오멘 16-am0147TX (SSD 512GB),2581990,,,,,,,
98777243,HP 오멘 16-am0261TX (SSD 1TB),2087000,,2087000,,,,,
99637151,HP 오멘 16-am0261TX (SSD 2TB),2232000,,2232000,,,,,
99637154,HP 오멘 16-am0261TX (SSD 4TB),2796000,,2796000,,,,,
98543600,HP 오멘 16-am0261TX (SSD 512GB),1953000,,1953000,,,,,
98777264,HP 오멘 16-am0261TX WIN11 (SSD 1TB),2112510,,2112720,,,,,
99637106,HP 오멘 16-am0261TX WIN11 (SSD 2TB),2282370,,2282570,,,,,
99637109,HP 오멘 16-am0261TX WIN11 (SSD 4TB),2865000,,2865000,,,,,
98777261,HP 오멘 16-am0261TX WIN11 (SSD 512GB),1966000,,1966000,,,,,
98782844,HP 오멘 16-am0261TX WIN11 32GB램 (SSD 1TB),2441560,,2441760,,,,,
98777273,HP 오멘 16-am0261TX WIN11 32GB램 (SSD 2TB),2589600,,2589800,,,,,
99637112,HP 오멘 16-am0261TX WIN11 32GB램 (SSD 4TB),2735000,,2735000,,,,,
98782838,HP 오멘 16-am0261TX WIN11 32GB램 (SSD 512GB),2377730,,2377930,,,,,
98782850,HP 오멘 16-am0261TX WIN11 64GB램 (SSD 1TB),3050660,,3050860,,,,,
98782856,HP 오멘 16-am0261TX WIN11 64GB램 (SSD 2TB),3165060,,2478900,,,,,
99637127,HP 오멘 16-am0261TX WIN11 64GB램 (SSD 4TB),3411000,,3411000,,,,,
98782847,HP 오멘 16-am0261TX WIN11 64GB램 (SSD 512GB),2935460,,2935660,,,,,
99125432,HP 오멘 16-am0305TX (SSD 1TB),2312000,,2312000,,,,,
99637067,HP 오멘 16-am0305TX (SSD 2TB),2454900,,2455100,,,,,
99637073,HP 오멘 16-am0305TX (SSD 4TB),2690000,,2690000,,,,,
98543639,HP 오멘 16-am0305TX (SSD 512GB),2149000,,2149000,,,,,
99125453,HP 오멘 16-am0305TX 32GB램 (SSD 1TB),2590500,,2590700,,,,,
99125456,HP 오멘 16-am0305TX 32GB램 (SSD 2TB),2765010,,2765210,,,,,
99637076,HP 오멘 16-am0305TX 32GB램 (SSD 4TB),3060000,,3060000,,,,,
99125450,HP 오멘 16-am0305TX 32GB램 (SSD 512GB),2437610,,2437810,,,,,
98771720,HP 오멘 16-am0305TX WIN11 (SSD 1TB),2355610,,2355810,,,,,
99637040,HP 오멘 16-am0305TX WIN11 (SSD 2TB),2431940,,2420000,,,,,
99637046,HP 오멘 16-am0305TX WIN11 (SSD 4TB),2989890,,2989890,,,,,
98771714,HP 오멘 16-am0305TX WIN11 (SSD 512GB),2174000,,2174000,,,,,
98771729,HP 오멘 16-am0305TX WIN11 32GB램 (SSD 1TB),2649170,,2649370,,,,,
98771732,HP 오멘 16-am0305TX WIN11 32GB램 (SSD 2TB),2783880,,2784080,,,,,
99637055,HP 오멘 16-am0305TX WIN11 32GB램 (SSD 4TB),3079000,,3079000,,,,,
98771726,HP 오멘 16-am0305TX WIN11 32GB램 (SSD 512GB),2477220,,2477420,,,,,
98771741,HP 오멘 16-am0305TX WIN11 64GB램 (SSD 1TB),3242620,,3242820,,,,,
98771744,HP 오멘 16-am0305TX WIN11 64GB램 (SSD 2TB),3410100,,3410300,,,,,
99637058,HP 오멘 16-am0305TX WIN11 64GB램 (SSD 4TB),4190000,,4190000,,,,,
98771738,HP 오멘 16-am0305TX WIN11 64GB램 (SSD 512GB),3116250,,3116450,,,,,
103516694,HP 오멘 16-am0343TX (SSD 1TB),2579000,,2579000,,,,,
104980910,HP 오멘 16-am0343TX (SSD 2TB),2655210,,2655410,,,,,
105817739,HP 오멘 16-am0343TX (SSD 4TB),3489000,,3489000,,,,,
122616849,HP 오멘 16-am0409TX (SSD 1TB),2509000,,,,,,,
122636264,HP 오멘 16-am0409TX (SSD 2TB),2708000,,,,,,,
122636269,HP 오멘 16-am0409TX (SSD 4TB),3577630,,,,,,,
104591825,HP 오멘 16-am1005TX (SSD 1TB),3699000,,3699000,,,,,
104982149,HP 오멘 16-am1005TX (SSD 2TB),5199000,,5199000,,,,,
104982152,HP 오멘 16-am1005TX (SSD 4TB),5789000,,5789000,,,,,
92366570,HP 오멘 16-ap0074AX (SSD 1TB),2580730,,2580930,,,,,
92366573,HP 오멘 16-ap0074AX (SSD 2TB),2680070,,2680270,,,,,
92366576,HP 오멘 16-ap0074AX (SSD 4TB),3067670,,3067870,,,,,
92187689,HP 오멘 16-ap0074AX (SSD 512GB),2390000,,2390000,,,,,
92366705,HP 오멘 16-ap0074AX WIN11 (SSD 1TB),2689000,,2689000,,,,,
92366708,HP 오멘 16-ap0074AX WIN11 (SSD 2TB),2275290,,2275290,,,,,
92366720,HP 오멘 16-ap0074AX WIN11 (SSD 4TB),3187590,,3187790,,,,,
92366702,HP 오멘 16-ap0074AX WIN11 (SSD 512GB),2490000,,2490000,,,,,
101011229,HP 오멘 16-ap0105AX (SSD 1TB),2427230,,2427430,,,,,
101011232,HP 오멘 16-ap0105AX (SSD 2TB),2582360,,2582560,,,,,
101011235,HP 오멘 16-ap0105AX (SSD 4TB),2999000,,2999000,,,,,
99948482,HP 오멘 16-ap0105AX (SSD 512GB),2298000,,2298000,,,,,
101011199,HP 오멘 16-ap0106AX (SSD 1TB),2415160,,2415360,,,,,
101011205,HP 오멘 16-ap0106AX (SSD 2TB),2583150,,2583350,,,,,
101011202,HP 오멘 16-ap0106AX (SSD 4TB),3299000,,3299000,,,,,
99948521,HP 오멘 16-ap0106AX (SSD 512GB),2487000,,2487000,,,,,
92624759,HP 오멘 16-ap0107AX (SSD 1TB),2357060,,2357260,,,,,
92624765,HP 오멘 16-ap0107AX (SSD 2TB),2518800,,2519000,,,,,
92624768,HP 오멘 16-ap0107AX (SSD 4TB),2990000,,2990000,,,,,
92186612,HP 오멘 16-ap0107AX (SSD 512GB),2395000,,2395000,,,,,
92625170,HP 오멘 16-ap0107AX WIN11 (SSD 1TB),2376320,,2376520,,,,,
92625173,HP 오멘 16-ap0107AX WIN11 (SSD 2TB),2537940,,2538140,,,,,
92625176,HP 오멘 16-ap0107AX WIN11 (SSD 4TB),3090000,,3090000,,,,,
92625167,HP 오멘 16-ap0107AX WIN11 (SSD 512GB),2253610,,2253810,,,,,
92658680,HP 오멘 16-ap0110AX WIN11 (SSD 1TB),2747790,,2747790,,,,,
92658728,HP 오멘 16-ap0110AX WIN11 (SSD 2TB),3200000,,3200000,,,,,
92658806,HP 오멘 16-ap0110AX WIN11 (SSD 4TB),4000000,,4000000,,,,,
92658605,HP 오멘 16-ap0110AX WIN11 (SSD 512GB),3500000,,2790000,,,,,
98226287,HP 오멘 16-ap0116AX (SSD 1TB),2950000,,2950000,,,,,
98487485,HP 오멘 16-ap0116AX (SSD 2TB),2994000,,2994000,,,,,
98487497,HP 오멘 16-ap0116AX (SSD 4TB),3215000,,3215000,,,,,
92545484,HP 오멘 16-ap0117AX (SSD 1TB),2950000,,2950000,,,,,
92964464,HP 오멘 16-ap0117AX (SSD 2TB),3250000,,3250000,,,,,
93442394,HP 오멘 16-ap0117AX (SSD 4TB),4180000,,4180000,,,,,
92889425,HP 오멘 16-ap0117AX WIN11 (SSD 1TB),2950000,,2950000,,,,,
92890541,HP 오멘 16-ap0117AX WIN11 (SSD 2TB),3250000,,3250000,,,,,
92889428,HP 오멘 16-ap0117AX WIN11 (SSD 4TB),4200000,,4200000,,,,,
94689959,HP 오멘 16-ap0147AX (SSD 1TB),1890000,,,,,,,
94689968,HP 오멘 16-ap0147AX (SSD 2TB),2073070,,,,,,,
94689974,HP 오멘 16-ap0147AX (SSD 4TB),2699000,,,,,,,
94263926,HP 오멘 16-ap0147AX (SSD 512GB),1758000,,,,,,,
94690055,HP 오멘 16-ap0147AX WIN11 (SSD 1TB),1859000,,1859000,,,,,
94690058,HP 오멘 16-ap0147AX WIN11 (SSD 2TB),2038000,,2038000,,,,,
94690064,HP 오멘 16-ap0147AX WIN11 (SSD 4TB),2839000,,2839000,,,,,
94690046,HP 오멘 16-ap0147AX WIN11 (SSD 512GB),1757000,,1757000,,,,,
96313196,HP 오멘 16-ap0171AX WIN11 32GB램 (SSD 1TB),2671650,,,,,,,
96313199,HP 오멘 16-ap0171AX WIN11 32GB램 (SSD 2TB),2834620,,,,,,,
96313202,HP 오멘 16-ap0171AX WIN11 32GB램 (SSD 4TB),3349000,,,,,,,
96313190,HP 오멘 16-ap0171AX WIN11 32GB램 (SSD 512GB),2635710,,,,,,,
24708284,HP 오멘 16-wf0093TX 32GB램 (SSD 1TB),2400000,,2400000,,,,,
28236251,HP 오멘 16-wf0093TX 32GB램 (SSD 2TB),2600000,,2600000,,,,,
30226844,HP 오멘 16-wf0093TX 32GB램 (SSD 4TB),2950000,,2950000,,,,,
21726872,HP 오멘 16-wf0093TX 32GB램 (SSD 512GB),2198000,,2198000,,,,,
29339240,HP 오멘 16-wf0156TX (SSD 1TB),2350000,,2350000,,,,,
28924919,HP 오멘 16-wf0156TX (SSD 2TB),2549000,,2549000,,,,,
30207842,HP 오멘 16-wf0156TX (SSD 4TB),3190000,,3190000,,,,,
28560995,HP 오멘 16-wf0156TX (SSD 512GB),2100000,,2100000,,,,,
92890229,HP 오멘 17-db1001AX (SSD 1TB),2993000,,2993000,,,,,
92890232,HP 오멘 17-db1001AX (SSD 2TB),3150000,,3150000,,,,,
92890238,HP 오멘 17-db1001AX (SSD 4TB),3655760,,3655960,,,,,
92187995,HP 오멘 17-db1001AX (SSD 512GB),2980000,,2795700,,,,,
93697760,HP 오멘 17-db1003AX (SSD 1TB),2854000,,2854000,,,,,
93697766,HP 오멘 17-db1003AX (SSD 2TB),2948000,,2948000,,,,,
93697769,HP 오멘 17-db1003AX (SSD 4TB),3398000,,3398000,,,,,
92188076,HP 오멘 17-db1003AX (SSD 512GB),2750000,,2688200,,,,,
93697796,HP 오멘 17-db1003AX WIN11 (SSD 1TB),2961000,,2961000,,,,,
93697808,HP 오멘 17-db1003AX WIN11 (SSD 2TB),2960000,,2960000,,,,,
93697814,HP 오멘 17-db1003AX WIN11 (SSD 4TB),3317000,,3317000,,,,,
93697805,HP 오멘 17-db1003AX WIN11 (SSD 512GB),2704390,,2704390,,,,,
98776757,HP 오멘 17-db1008AX (SSD 1TB),2182350,,2182550,,,,,
98776763,HP 오멘 17-db1008AX (SSD 2TB),2373640,,2373840,,,,,
98917760,HP 오멘 17-db1008AX (SSD 4TB),2976360,,2976560,,,,,
98226428,HP 오멘 17-db1008AX (SSD 512GB),2096000,,2039000,,,,,
98776793,HP 오멘 17-db1008AX 32GB램 (SSD 1TB),2573760,,2578300,,,,,
98776796,HP 오멘 17-db1008AX 32GB램 (SSD 2TB),2673280,,2673280,,,,,
98918450,HP 오멘 17-db1008AX 32GB램 (SSD 4TB),3337200,,3337400,,,,,
98776790,HP 오멘 17-db1008AX 32GB램 (SSD 512GB),2418300,,2430340,,,,,
98776805,HP 오멘 17-db1008AX WIN11 (SSD 1TB),2228060,,2228260,,,,,
98776808,HP 오멘 17-db1008AX WIN11 (SSD 2TB),2394860,,2395060,,,,,
98918459,HP 오멘 17-db1008AX WIN11 (SSD 4TB),2872000,,2872000,,,,,
98776802,HP 오멘 17-db1008AX WIN11 (SSD 512GB),2115290,,2115490,,,,,
98776823,HP 오멘 17-db1008AX WIN11 32GB램 (SSD 1TB),2486000,,2486000,,,,,
98776826,HP 오멘 17-db1008AX WIN11 32GB램 (SSD 2TB),2577000,,2577000,,,,,
98918468,HP 오멘 17-db1008AX WIN11 32GB램 (SSD 4TB),3009000,,3009000,,,,,
98776820,HP 오멘 17-db1008AX WIN11 32GB램 (SSD 512GB),2349000,,2349000,,,,,
78386207,HP 오멘 MAX 16-ah0080TX (SSD 1TB),7000000,,7000000,,,,,
79403909,HP 오멘 MAX 16-ah0080TX (SSD 2TB),6700000,,6700000,,,,,
79403921,HP 오멘 MAX 16-ah0080TX (SSD 4TB),7400000,,7400000,,,,,
78983018,HP 오멘 MAX 16-ah0124TX (SSD 1TB),6493000,,6493000,,,,,
79560755,HP 오멘 MAX 16-ah0124TX (SSD 2TB),6990000,,6990000,,,,,
79560764,HP 오멘 MAX 16-ah0124TX (SSD 4TB),7545000,,7545000,,,,,
122616739,HP 오멘 MAX 16-ah0228TX (SSD 2TB),6468000,,6250000,,,,,
122638460,HP 오멘 MAX 16-ah0228TX (SSD 4TB),7721460,,7721660,,,,,
122638469,HP 오멘 MAX 16-ah0228TX (SSD 8TB),9180000,,9180000,,,,,
122638462,HP 오멘 MAX 16-ah0228TX 64GB램 (SSD 2TB),7800000,,7800000,,,,,
122638464,HP 오멘 MAX 16-ah0228TX 64GB램 (SSD 4TB),7800000,,7800000,,,,,
122638465,HP 오멘 MAX 16-ah0228TX 64GB램 (SSD 8TB),10470000,,10470000,,,,,
95988479,HP 오멘 MAX 16-ah0229TX (SSD 1TB),4100000,,4100000,,,,,
96852152,HP 오멘 MAX 16-ah0229TX (SSD 2TB),4300000,,4300000,,,,,
96852158,HP 오멘 MAX 16-ah0229TX (SSD 4TB),5000000,,5000000,,,,,
87603596,HP 오멘 MAX 16-ak0017AX (SSD 1TB),3489000,,3489000,,,,,
90111374,HP 오멘 MAX 16-ak0017AX (SSD 2TB),3855000,,3855000,,,,,
90111383,HP 오멘 MAX 16-ak0017AX (SSD 4TB),4129000,,4129000,,,,,
97303811,HP 오멘 MAX 16-ak0100AX (SSD 1TB),3650000,,3650000,,,,,
97310567,HP 오멘 MAX 16-ak0100AX (SSD 2TB),3850000,,3850000,,,,,
97310573,HP 오멘 MAX 16-ak0100AX (SSD 4TB),4225000,,4225000,,,,,
96976901,HP 오멘 MAX 16-ak0100AX (SSD 512GB),3448000,,3448000,,,,,
97310576,HP 오멘 MAX 16-ak0100AX 32GB램 (SSD 1TB),4097000,,4097000,,,,,
97310582,HP 오멘 MAX 16-ak0100AX 32GB램 (SSD 2TB),4190000,,4190000,,,,,
97310588,HP 오멘 MAX 16-ak0100AX 32GB램 (SSD 4TB),4680000,,4680000,,,,,
97303814,HP 오멘 MAX 16-ak0100AX 32GB램 (SSD 512GB),3848000,,3848000,,,,,
122634206,HP 오멘 슬림 16-an0003TX (SSD 1TB),2501580,,2501570,,,,,
122634208,HP 오멘 슬림 16-an0003TX (SSD 2TB),2789290,,2789490,,,,,
122634209,HP 오멘 슬림 16-an0003TX (SSD 4TB),3699000,,3699000,,,,,
122620874,HP 오멘 슬림 16-an0003TX (SSD 512GB),2486000,,2299000,,,,,
122634189,HP 오멘 슬림 16-an0003TX WIN11 (SSD 1TB),2700000,,2700000,,,,,
122634190,HP 오멘 슬림 16-an0003TX WIN11 (SSD 2TB),2990000,,2990000,,,,,
122634191,HP 오멘 슬림 16-an0003TX WIN11 (SSD 4TB),3599410,,3599610,,,,,
122634187,HP 오멘 슬림 16-an0003TX WIN11 (SSD 512GB),2473910,,2474110,,,,,
122634195,HP 오멘 슬림 16-an0003TX WIN11 32GB램 (SSD 1TB),3097000,,3097000,,,,,
122634194,HP 오멘 슬림 16-an0003TX WIN11 32GB램 (SSD 2TB),3279000,,3279000,,,,,
122634193,HP 오멘 슬림 16-an0003TX WIN11 32GB램 (SSD 4TB),3765070,,3765270,,,,,
122634199,HP 오멘 슬림 16-an0003TX WIN11 32GB램 (SSD 512GB),2891540,,2891740,,,,,
122642892,HP 오멘 슬림 16-an0003TX WIN11 64GB램 (SSD 1TB),3741870,,3742070,,,,,
122634201,HP 오멘 슬림 16-an0003TX WIN11 64GB램 (SSD 2TB),3918590,,3918790,,,,,
122634200,HP 오멘 슬림 16-an0003TX WIN11 64GB램 (SSD 4TB),4564730,,4564930,,,,,
122634203,HP 오멘 슬림 16-an0003TX WIN11 64GB램 (SSD 512GB),3682870,,3683070,,,,,
122636115,HP 오멘 슬림 16-an0007TX (SSD 1TB),2398290,,2398490,,,,,
122636092,HP 오멘 슬림 16-an0007TX (SSD 2TB),2899000,,2899000,,,,,
122636095,HP 오멘 슬림 16-an0007TX (SSD 4TB),3489000,,3489000,,,,,
122620929,HP 오멘 슬림 16-an0007TX (SSD 512GB),2289000,,2289000,,,,,
90886265,HP 옴니북 3 15-fn0019AU (SSD 1TB),1549000,,1459000,,,,,
90574451,HP 옴니북 3 15-fn0019AU (SSD 256GB),1199000,,1090000,,,,,
90886268,HP 옴니북 3 15-fn0019AU (SSD 2TB),1633000,,1550000,,,,,
90886271,HP 옴니북 3 15-fn0019AU (SSD 4TB),2090000,,1962000,,,,,
90886253,HP 옴니북 3 15-fn0019AU (SSD 512GB),1415000,,1385000,,,,,
122705521,HP 옴니북 3 16-bu0022TU 16GB램 (SSD 1TB),1350000,,1350000,,,,,
122699867,HP 옴니북 3 16-bu0022TU 16GB램 (SSD 512GB),1185000,,1185000,,,,,
122651961,HP 옴니북 3 16-by0045AU (SSD 1TB),1188110,,1188310,,,,,
122651966,HP 옴니북 3 16-by0045AU (SSD 2TB),1327270,,1327470,,,,,
122651967,HP 옴니북 3 16-by0045AU (SSD 4TB),1930430,,1930630,,,,,
107721791,HP 옴니북 3 16-by0045AU (SSD 512GB),1049000,,849000,,,,,
122638909,HP 옴니북 3 AI 16-bv0027AU (SSD 1TB),1595000,,,,,,,
122670298,HP 옴니북 3 AI 16-bv0027AU (SSD 2TB),1818000,,,,,,,
122638911,HP 옴니북 3 AI 16-bv0027AU (SSD 4TB),2400780,,,,,,,
108418538,HP 옴니북 3 AI 16-bv0027AU (SSD 512GB),1349000,,,,,,,
78306371,HP 옴니북 3 Premier 14-ep0329TU WIN11 16GB램 (SSD 1TB),929790,,929790,,,,,
78306365,HP 옴니북 3 Premier 14-ep0329TU WIN11 16GB램 (SSD 256GB),814000,,814000,,,,,
78306374,HP 옴니북 3 Premier 14-ep0329TU WIN11 16GB램 (SSD 2TB),1290000,,1057000,,,,,
79558511,HP 옴니북 3 Premier 14-ep0329TU WIN11 16GB램 (SSD 4TB),1800000,,1463100,,,,,
77961428,HP 옴니북 3 Premier 14-ep0329TU WIN11 16GB램 (SSD 512GB),900000,,812470,,,,,
78306398,HP 옴니북 3 Premier 14-ep0329TU WIN11 32GB램 (SSD 1TB),991000,,991000,,,,,
78306386,HP 옴니북 3 Premier 14-ep0329TU WIN11 32GB램 (SSD 256GB),1070000,,1070000,,,,,
78306401,HP 옴니북 3 Premier 14-ep0329TU WIN11 32GB램 (SSD 2TB),1101000,,1101000,,,,,
79558496,HP 옴니북 3 Premier 14-ep0329TU WIN11 32GB램 (SSD 4TB),2000000,,2000000,,,,,
78306395,HP 옴니북 3 Premier 14-ep0329TU WIN11 32GB램 (SSD 512GB),1200000,,1200000,,,,,
78306350,HP 옴니북 3 Premier 14-ep0329TU WIN11 8GB램 (SSD 1TB),968950,,,,,,,
77961410,HP 옴니북 3 Premier 14-ep0329TU WIN11 8GB램 (SSD 256GB),650000,,,,,,,
78306353,HP 옴니북 3 Premier 14-ep0329TU WIN11 8GB램 (SSD 2TB),1150000,,,,,,,
86095580,HP 옴니북 3 Premier 14-ep0329TU WIN11 8GB램 (SSD 4TB),1700000,,,,,,,
78306347,HP 옴니북 3 Premier 14-ep0329TU WIN11 8GB램 (SSD 512GB),750000,,,,,,,
122638690,HP 옴니북 5 14-hk0000TU (SSD 1TB),1480000,,1480000,,,,,
122638692,HP 옴니북 5 14-hk0000TU (SSD 2TB),1679000,,1679000,,,,,
122638693,HP 옴니북 5 14-hk0000TU (SSD 4TB),2258000,,2258000,,,,,
109596350,HP 옴니북 5 14-hk0000TU (SSD 512GB),1259000,,1119000,,,,,
122651578,HP 옴니북 5 14-hn0015AU (SSD 1TB),1438060,,1179000,,,,,
122651591,HP 옴니북 5 14-hn0015AU (SSD 2TB),1584910,,1578370,,,,,
122669050,HP 옴니북 5 14-hn0015AU (SSD 4TB),2262780,,2262980,,,,,
108415826,HP 옴니북 5 14-hn0015AU (SSD 512GB),1248000,,1248000,,,,,
122681180,HP 옴니북 5 14-kf0026TU (SSD 1TB),2060000,,2060000,,,,,
122681182,HP 옴니북 5 14-kf0026TU (SSD 2TB),2130000,,2130000,,,,,
122681184,HP 옴니북 5 14-kf0026TU (SSD 4TB),2698000,,2698000,,,,,
122664033,HP 옴니북 5 14-kf0026TU (SSD 512GB),1510000,,1479800,,,,,
122638663,HP 옴니북 5 16-bn0002TU (SSD 1TB),1367870,,1368250,,,,,
122638667,HP 옴니북 5 16-bn0002TU (SSD 2TB),1477870,,1478350,,,,,
122661559,HP 옴니북 5 16-bn0002TU (SSD 4TB),2036290,,2036290,,,,,
109597376,HP 옴니북 5 16-bn0002TU (SSD 512GB),1258950,,1119000,,,,,
122641905,HP 옴니북 5 16-bp0009AU (SSD 1TB),2106440,,1519000,,,,,
122641906,HP 옴니북 5 16-bp0009AU (SSD 2TB),2261750,,1919000,,,,,
122661571,HP 옴니북 5 16-bp0009AU (SSD 4TB),2599000,,2599000,,,,,
108417599,HP 옴니북 5 16-bp0009AU (SSD 512GB),1687000,,1687000,,,,,
122727564,HP 옴니북 5 16-br0007AU (SSD 1TB),1638000,,1548150,,,,,
122651607,HP 옴니북 5 16-br0007AU (SSD 2TB),1796220,,1602850,,,,,
108417884,HP 옴니북 5 16-br0007AU (SSD 512GB),1398000,,1398000,,,,,
108355877,HP 옴니북 7 16-bh0009TU (SSD 1TB),2800500,,2800700,,,,,
108355880,HP 옴니북 7 16-bh0009TU (SSD 2TB),2911980,,2912180,,,,,
108417404,HP 옴니북 7 16-bh0009TU (SSD 4TB),3399000,,3399000,,,,,
108130265,HP 옴니북 7 16-bh0009TU (SSD 512GB),2679000,,2679000,,,,,
106735490,HP 옴니북 7 16-bh0023TU (SSD 1TB),2970000,,2970000,,,,,
106756442,HP 옴니북 7 16-bh0023TU (SSD 2TB),3190000,,3190000,,,,,
106756457,HP 옴니북 7 16-bh0023TU (SSD 4TB),3790000,,3790000,,,,,
106756367,HP 옴니북 7 16-bh0031TU (SSD 1TB),2895000,,,,,,,
108355892,HP 옴니북 7 16-bh0031TU (SSD 2TB),3049000,,,,,,,
122669463,HP 옴니북 7 16-bh0031TU (SSD 4TB),3643850,,,,,,,
98919365,HP 옴니북 7 Aero 13-bg0082AU WIN11 (SSD 1TB),1478990,,1478990,,,,,
98919371,HP 옴니북 7 Aero 13-bg0082AU WIN11 (SSD 2TB),1672940,,1673140,,,,,
99639227,HP 옴니북 7 Aero 13-bg0082AU WIN11 (SSD 4TB),2490000,,2490000,,,,,
98919359,HP 옴니북 7 Aero 13-bg0082AU WIN11 (SSD 512GB),1378990,,1378990,,,,,
104936756,HP 옴니북 7 Aero 13-bg1043AU (SSD 1TB),1600000,,1469000,,,,,
104936759,HP 옴니북 7 Aero 13-bg1043AU (SSD 2TB),2058000,,2058000,,,,,
124182735,HP 옴니북 7 Aero 13-bg1043AU (SSD 4TB),3150000,,3189000,,,,,
104936639,HP 옴니북 7 Aero 13-bg1043AU (SSD 512GB),1369000,,1369000,,,,,
122651476,HP 옴니북 X 14-ka0020TU (SSD 1TB),2218000,,,,,,,
122651480,HP 옴니북 X 14-ka0020TU (SSD 2TB),2318950,,,,,,,
122651481,HP 옴니북 X 14-ka0020TU (SSD 4TB),3014430,,,,,,,
122641394,HP 옴니북 X 14-ka0020TU (SSD 512GB),2349000,,,,,,,
87255167,HP 옴니북 X 플립 14-fk0020AU (SSD 1TB),2088000,,,,,,,
90435191,HP 옴니북 X 플립 14-fk0020AU (SSD 2TB),2379000,,,,,,,
90435206,HP 옴니북 X 플립 14-fk0020AU (SSD 4TB),2889000,,,,,,,
89861381,HP 옴니북 X 플립 14-fk0026AU (SSD 1TB),1566550,,1519810,,,,,
89861387,HP 옴니북 X 플립 14-fk0026AU (SSD 2TB),1690000,,1664000,,,,,
89861390,HP 옴니북 X 플립 14-fk0026AU (SSD 4TB),2280000,,1899810,,,,,
81750311,HP 옴니북 X 플립 14-fk0026AU (SSD 512GB),1327000,,1327000,,,,,
99912125,HP 옴니북 X 플립 14-fk0120AU (SSD 1TB),2160000,,2160000,,,,,
99912134,HP 옴니북 X 플립 14-fk0120AU (SSD 2TB),2256000,,2256000,,,,,
99912137,HP 옴니북 X 플립 14-fk0120AU (SSD 4TB),2659200,,2659200,,,,,
99732701,HP 옴니북 X 플립 14-fk0120AU (SSD 512GB),1699000,,1687080,,,,,
90432737,HP 옴니북 X 플립 14-fm0030TU (SSD 1TB),1675000,,1679000,,,,,
90432743,HP 옴니북 X 플립 14-fm0030TU (SSD 2TB),1924000,,1924000,,,,,
90432746,HP 옴니북 X 플립 14-fm0030TU (SSD 4TB),2550000,,2550000,,,,,
89528681,HP 옴니북 X 플립 14-fm0030TU (SSD 512GB),1449000,,1449000,,,,,
90433175,HP 옴니북 X 플립 14-fm0050TU (SSD 1TB),1998000,,1998000,,,,,
90433181,HP 옴니북 X 플립 14-fm0050TU (SSD 2TB),2390000,,2390000,,,,,
90433184,HP 옴니북 X 플립 14-fm0050TU (SSD 4TB),2890000,,2890000,,,,,
89528807,HP 옴니북 X 플립 14-fm0050TU (SSD 512GB),2189000,,2189000,,,,,
90433097,HP 옴니북 X 플립 14-fm0062TU (SSD 1TB),1759000,,1555000,,,,,
90433106,HP 옴니북 X 플립 14-fm0062TU (SSD 2TB),1930000,,1718000,,,,,
90433109,HP 옴니북 X 플립 14-fm0062TU (SSD 4TB),2440000,,2440000,,,,,
89529026,HP 옴니북 X 플립 14-fm0062TU (SSD 512GB),1449000,,1449000,,,,,
108366212,HP 옴니북 X 플립 14-kb0032TU (SSD 1TB),1829000,,1829000,,,,,
122642153,HP 옴니북 X 플립 14-kb0032TU (SSD 2TB),2883000,,2883000,,,,,
122642164,HP 옴니북 X 플립 14-kb0032TU (SSD 4TB),3439000,,3439000,,,,,
122639619,HP 옴니북 울트라 14-kd0057TU (SSD 1TB),2909000,,2849000,,,,,
122651486,HP 옴니북 울트라 14-kd0057TU (SSD 2TB),3317000,,3317000,,,,,
122651494,HP 옴니북 울트라 14-kd0057TU (SSD 4TB),3845970,,3846170,,,,,
122681234,HP 옴니북 울트라 14-kd0071TU (SSD 1TB),3359000,,3339000,,,,,
122683826,HP 옴니북 울트라 14-kd0071TU (SSD 2TB),3831000,,3831000,,,,,
122690804,HP 옴니북 울트라 14-kd0071TU (SSD 4TB),4385000,,4385000,,,,,
122638614,HP 옴니북 울트라 14-kg0007QU (SSD 1TB),2299000,,2299000,,,,,
122638617,HP 옴니북 울트라 14-kg0007QU (SSD 2TB),2399000,,2399000,,,,,
122638618,HP 옴니북 울트라 14-kg0007QU (SSD 4TB),3522000,,3522000,,,,,
109679468,HP 옴니북 울트라 14-kg0007QU (SSD 512GB),2190000,,1949000,,,,,
59929361,HP 파빌리온 플러스 16-ab1021TU (SSD 1TB),1797000,,,,,,,
59929376,HP 파빌리온 플러스 16-ab1021TU (SSD 2TB),2168000,,,,,,,
77314595,HP 파빌리온 플러스 16-ab1021TU (SSD 4TB),2274000,,,,,,,
52066142,HP 파빌리온 플러스 16-ab1021TU (SSD 512GB),1615000,,,,,,,
99125528,HP 프로북 4 G1a 16 BY9U0AT (SSD 1TB),922990,,923190,,,,,
99127187,HP 프로북 4 G1a 16 BY9U0AT (SSD 2TB),1053310,,1053510,,,,,
96057152,HP 프로북 4 G1a 16 BY9U0AT (SSD 512GB),798310,,759350,,,,,
99127220,HP 프로북 4 G1a 16 BY9U0AT 32GB램 (SSD 1TB),1351890,,1352090,,,,,
99127226,HP 프로북 4 G1a 16 BY9U0AT 32GB램 (SSD 2TB),1536820,,1538750,,,,,
99127217,HP 프로북 4 G1a 16 BY9U0AT 32GB램 (SSD 512GB),1238350,,1238550,,,,,
99125531,HP 프로북 4 G1a 16 BY9U0AT WIN11 32GB램 (SSD 1TB),1372770,,1374970,,,,,
96984320,HP 프로북 4 G1a 16 BY9U0AT WIN11 32GB램 (SSD 2TB),1543230,,1543430,,,,,
96984317,HP 프로북 4 G1a 16 BY9U0AT WIN11 32GB램 (SSD 512GB),1275800,,1276000,,,,,
33902264,HP 프로북 455 G10 (SSD 1TB),749000,,749000,,,,,
33902285,HP 프로북 455 G10 (SSD 2TB),909000,,909000,,,,,
90432767,HP 프로북 455 G10 (SSD 4TB),1646000,,1646000,,,,,
33432908,HP 프로북 455 G10 (SSD 512GB),700000,,700000,,,,,
33902342,HP 프로북 455 G10 16GB램 (SSD 1TB),967000,,967000,,,,,
33902351,HP 프로북 455 G10 16GB램 (SSD 2TB),1130000,,1130000,,,,,
90432785,HP 프로북 455 G10 16GB램 (SSD 4TB),1850000,,1850000,,,,,
33902339,HP 프로북 455 G10 16GB램 (SSD 512GB),819000,,819000,,,,,
33902363,HP 프로북 455 G10 WIN11 16GB램 (SSD 1TB),994000,,994000,,,,,
33902369,HP 프로북 455 G10 WIN11 16GB램 (SSD 2TB),1200000,,1200000,,,,,
90432905,HP 프로북 455 G10 WIN11 16GB램 (SSD 4TB),1800000,,1736400,,,,,
33902357,HP 프로북 455 G10 WIN11 16GB램 (SSD 512GB),889000,,889000,,,,,
74115917,LG전자 2023 그램15 15ZD90RU-GX54K (SSD 1TB),1754890,,1686340,,,,,
71216507,LG전자 2023 그램15 15ZD90RU-GX54K (SSD 256GB),1522740,,1499000,,,,,
74115929,LG전자 2023 그램15 15ZD90RU-GX54K (SSD 2TB),1919990,,1899000,,,,,
79553078,LG전자 2023 그램15 15ZD90RU-GX54K (SSD 4TB),2590000,,2625030,,,,,
74115905,LG전자 2023 그램15 15ZD90RU-GX54K (SSD 512GB),1602060,,1584850,,,,,
73692023,LG전자 2023 그램16 16ZD90RU-GX54K (SSD 1TB),1744870,,1745070,,,,,
71216612,LG전자 2023 그램16 16ZD90RU-GX54K (SSD 256GB),1543840,,1544040,,,,,
73692026,LG전자 2023 그램16 16ZD90RU-GX54K (SSD 2TB),1927590,,1927790,,,,,
78988742,LG전자 2023 그램16 16ZD90RU-GX54K (SSD 4TB),2600000,,2650000,,,,,
73692014,LG전자 2023 그램16 16ZD90RU-GX54K (SSD 512GB),1629000,,1637750,,,,,
72004073,LG전자 2023 그램17 17ZD90RU-GX54K (SSD 1TB),1651000,,1651000,,,,,
71221088,LG전자 2023 그램17 17ZD90RU-GX54K (SSD 256GB),1482000,,1482000,,,,,
72592076,LG전자 2023 그램17 17ZD90RU-GX54K (SSD 2TB),1852980,,1852980,,,,,
90268790,LG전자 2023 그램17 17ZD90RU-GX54K (SSD 4TB),2327000,,2327000,,,,,
72004070,LG전자 2023 그램17 17ZD90RU-GX54K (SSD 512GB),1557000,,1557000,,,,,
19524179,LG전자 2023 울트라PC 15UD40R-GX56K WIN11 (1TB + SSD 256GB),2161680,,,,,,,
19524188,LG전자 2023 울트라PC 15UD40R-GX56K WIN11 (2TB + SSD 256GB),2217770,,,,,,,
19209794,LG전자 2023 울트라PC 15UD40R-GX56K WIN11 (SSD 1TB),2293080,,,,,,,
18923237,LG전자 2023 울트라PC 15UD40R-GX56K WIN11 (SSD 256GB),950000,,,,,,,
19210097,LG전자 2023 울트라PC 15UD40R-GX56K WIN11 (SSD 2TB),2478960,,,,,,,
19209785,LG전자 2023 울트라PC 15UD40R-GX56K WIN11 (SSD 512GB),1115990,,,,,,,
19524107,LG전자 2023 울트라PC 15UD40R-GX56K WIN11 32GB램 (1TB + SSD 256GB),3091840,,3091840,,,,,
19524119,LG전자 2023 울트라PC 15UD40R-GX56K WIN11 32GB램 (2TB + SSD 256GB),3412080,,3412080,,,,,
19210031,LG전자 2023 울트라PC 15UD40R-GX56K WIN11 32GB램 (SSD 1TB),3158540,,810000,,,,,
19210022,LG전자 2023 울트라PC 15UD40R-GX56K WIN11 32GB램 (SSD 256GB),2878110,,720000,,,,,
19430405,LG전자 2023 울트라PC 15UD40R-GX56K WIN11 32GB램 (SSD 2TB),3346020,,3346020,,,,,
19210025,LG전자 2023 울트라PC 15UD40R-GX56K WIN11 32GB램 (SSD 500GB),3065590,,770000,,,,,
31948112,LG전자 2024 그램 프로16 16Z90SP-KDOVK (SSD 1TB),2715950,,2716150,,,,,
32487863,LG전자 2024 그램 프로16 16Z90SP-KDOVK (SSD 2TB),2689890,,2689890,,,,,
32487872,LG전자 2024 그램 프로16 16Z90SP-KDOVK (SSD 4TB),2928000,,2928000,,,,,
63481988,LG전자 2024 그램 프로16 16Z90SP-KDOVK (무선이어폰 패키지),2552850,,2552850,,,,,
32124815,LG전자 2024 그램 프로16 16ZD90SP-EX59K (SSD 1TB),2872230,,2872330,,,,,
32124824,LG전자 2024 그램 프로16 16ZD90SP-EX59K (SSD 2TB),2972250,,2972350,,,,,
39911492,LG전자 2024 그램 프로16 16ZD90SP-EX59K (SSD 4TB),3369130,,3369130,,,,,
104359511,LG전자 2024 그램14 14Z90S-GA5VK (SSD 1TB),1746710,,1746910,,,,,
103691741,LG전자 2024 그램14 14Z90S-GA5VK (SSD 256GB),1528990,,1528990,,,,,
104359514,LG전자 2024 그램14 14Z90S-GA5VK (SSD 2TB),2004100,,2004150,,,,,
105182192,LG전자 2024 그램14 14Z90S-GA5VK (SSD 4TB),2802870,,2802870,,,,,
104359508,LG전자 2024 그램14 14Z90S-GA5VK (SSD 512GB),1670870,,1671070,,,,,
122714927,LG전자 2024 그램14 14ZB90S-GA5PK (SSD 512GB),2299390,,1573090,,,,,
32486201,LG전자 2024 그램14 14ZD90S-GX56K (SSD 1TB),1648410,,,,,,,
31680881,LG전자 2024 그램14 14ZD90S-GX56K (SSD 256GB),1490000,,,,,,,
32486207,LG전자 2024 그램14 14ZD90S-GX56K (SSD 2TB),1698000,,,,,,,
38997893,LG전자 2024 그램14 14ZD90S-GX56K (SSD 4TB),2359130,,,,,,,
32486177,LG전자 2024 그램14 14ZD90S-GX56K (SSD 512GB),1550000,,,,,,,
41415179,LG전자 2024 그램14 14ZD90S-GX56K WIN11 (SSD 1TB),1750000,,1754270,,,,,
37826933,LG전자 2024 그램14 14ZD90S-GX56K WIN11 (SSD 256GB),1468990,,1468990,,,,,
41415224,LG전자 2024 그램14 14ZD90S-GX56K WIN11 (SSD 2TB),1850000,,1900000,,,,,
41415293,LG전자 2024 그램14 14ZD90S-GX56K WIN11 (SSD 4TB),2459130,,2459130,,,,,
41415143,LG전자 2024 그램14 14ZD90S-GX56K WIN11 (SSD 512GB),1646980,,1647180,,,,,
104043929,LG전자 2024 그램14 14ZD90S-GX5VK (SSD 1TB),1720760,,1720960,,,,,
103690733,LG전자 2024 그램14 14ZD90S-GX5VK (SSD 256GB),1509870,,1510070,,,,,
104043932,LG전자 2024 그램14 14ZD90S-GX5VK (SSD 2TB),1826890,,1826890,,,,,
104043938,LG전자 2024 그램14 14ZD90S-GX5VK (SSD 4TB),2683000,,2348400,,,,,
104043920,LG전자 2024 그램14 14ZD90S-GX5VK (SSD 512GB),1600000,,1600000,,,,,
33332339,LG전자 2024 그램15 15Z90S-GA5PK (SSD 1TB),1798990,,1777310,,,,,
32486600,LG전자 2024 그램15 15Z90S-GA5PK (SSD 256GB),1562090,,1562090,,,,,
33332351,LG전자 2024 그램15 15Z90S-GA5PK (SSD 2TB),2102390,,2102590,,,,,
37479071,LG전자 2024 그램15 15Z90S-GA5PK (SSD 4TB),2774800,,2774800,,,,,
33332321,LG전자 2024 그램15 15Z90S-GA5PK (SSD 512GB),1738990,,1718990,,,,,
104042408,LG전자 2024 그램15 15Z90S-GA5VK (SSD 1TB),1779780,,1779820,,,,,
103690817,LG전자 2024 그램15 15Z90S-GA5VK (SSD 256GB),1636590,,1438000,,,,,
104042411,LG전자 2024 그램15 15Z90S-GA5VK (SSD 2TB),2092290,,2092290,,,,,
105180971,LG전자 2024 그램15 15Z90S-GA5VK (SSD 4TB),2929000,,2929000,,,,,
104042396,LG전자 2024 그램15 15Z90S-GA5VK (SSD 512GB),1687200,,1687240,,,,,
65425244,LG전자 2024 그램15 15Z90S-GP7VL (SSD 1TB),1985000,,1985010,,,,,
65425250,LG전자 2024 그램15 15Z90S-GP7VL (SSD 2TB),2141500,,2141500,,,,,
65425241,LG전자 2024 그램15 15Z90S-GP7VL (SSD 512GB),1883760,,1883770,,,,,
48646490,LG전자 2024 그램16 16Z90S-GA5BK (SSD 1TB),1838990,,1838990,,,,,
48646541,LG전자 2024 그램16 16Z90S-GA5BK (SSD 2TB),2085000,,2085000,,,,,
48646550,LG전자 2024 그램16 16Z90S-GA5BK (SSD 4TB),2893680,,2893680,,,,,
46889348,LG전자 2024 그램16 16Z90S-GA5BK (SSD 512GB),1739000,,1739000,,,,,
54964346,LG전자 2024 그램16 16Z90S-GA5CK (SSD 1TB),1838990,,1838990,,,,,
43524011,LG전자 2024 그램16 16Z90S-GA5CK (SSD 256GB),1658990,,1658990,,,,,
54964352,LG전자 2024 그램16 16Z90S-GA5CK (SSD 2TB),2079990,,2079990,,,,,
78845243,LG전자 2024 그램16 16Z90S-GA5CK (SSD 4TB),2540880,,2540880,,,,,
54964322,LG전자 2024 그램16 16Z90S-GA5CK (SSD 512GB),1717450,,1717450,,,,,
90886472,LG전자 2024 그램16 16Z90S-GA5VK (SSD 1TB),2047070,,2047270,,,,,
77855843,LG전자 2024 그램16 16Z90S-GA5VK (SSD 256GB),1897000,,1790000,,,,,
90886484,LG전자 2024 그램16 16Z90S-GA5VK (SSD 2TB),2125000,,2125000,,,,,
90886493,LG전자 2024 그램16 16Z90S-GA5VK (SSD 4TB),2650000,,2650000,,,,,
90886457,LG전자 2024 그램16 16Z90S-GA5VK (SSD 512GB),1932330,,1932530,,,,,
124247659,LG전자 2024 그램16 16ZB90S-GA5WK (SSD 1TB),2199000,,2199000,,,,,
124247660,LG전자 2024 그램16 16ZB90S-GA5WK (SSD 2TB),2499000,,2499000,,,,,
122697321,LG전자 2024 그램16 16ZB90S-GA5WK (SSD 512GB),1870000,,1870000,,,,,
103751354,LG전자 2024 그램16 16ZD90S-GX5VK (SSD 1TB),1698000,,1698000,,,,,
103690832,LG전자 2024 그램16 16ZD90S-GX5VK (SSD 256GB),1658850,,1431000,,,,,
103751357,LG전자 2024 그램16 16ZD90S-GX5VK (SSD 2TB),1798000,,1798000,,,,,
103751363,LG전자 2024 그램16 16ZD90S-GX5VK (SSD 4TB),3344270,,3344470,,,,,
103751351,LG전자 2024 그램16 16ZD90S-GX5VK (SSD 512GB),1738990,,1738990,,,,,
79250000,LG전자 2024 그램16 16ZD90SU-GXF6K (SSD 1TB),1600000,,1600000,,,,,
75854315,LG전자 2024 그램16 16ZD90SU-GXF6K (SSD 256GB),1451900,,1311000,,,,,
79385315,LG전자 2024 그램16 16ZD90SU-GXF6K (SSD 2TB),1778490,,1778690,,,,,
96365342,LG전자 2024 그램16 16ZD90SU-GXF6K (SSD 4TB),2099000,,2349000,,,,,
79249985,LG전자 2024 그램16 16ZD90SU-GXF6K (SSD 512GB),1440000,,1440000,,,,,
90699311,LG전자 2024 그램17 17Z90S-GA5VK (SSD 1TB),1815870,,1815870,,,,,
77855861,LG전자 2024 그램17 17Z90S-GA5VK (SSD 256GB),1638990,,1638990,,,,,
90699320,LG전자 2024 그램17 17Z90S-GA5VK (SSD 2TB),2099000,,2199990,,,,,
90699332,LG전자 2024 그램17 17Z90S-GA5VK (SSD 4TB),2550000,,2750000,,,,,
90699302,LG전자 2024 그램17 17Z90S-GA5VK (SSD 512GB),1718990,,1718990,,,,,
76466027,LG전자 2024 그램17 17ZD90SU-GXF6K (SSD 1TB),1598580,,1598780,,,,,
75855008,LG전자 2024 그램17 17ZD90SU-GXF6K (SSD 256GB),1420000,,1420000,,,,,
92355920,LG전자 2024 그램17 17ZD90SU-GXF6K (SSD 2TB),1745000,,1745000,,,,,
100384598,LG전자 2024 그램17 17ZD90SU-GXF6K (SSD 4TB),2179000,,2179000,,,,,
76466018,LG전자 2024 그램17 17ZD90SU-GXF6K (SSD 512GB),1481800,,1481810,,,,,
90886511,LG전자 2024 그램17 17ZD90SU-GXF6K WIN11 (SSD 1TB),1613740,,1613940,,,,,
76875308,LG전자 2024 그램17 17ZD90SU-GXF6K WIN11 (SSD 256GB),1433470,,1434060,,,,,
92355983,LG전자 2024 그램17 17ZD90SU-GXF6K WIN11 (SSD 2TB),1783610,,1783810,,,,,
100384619,LG전자 2024 그램17 17ZD90SU-GXF6K WIN11 (SSD 4TB),2185000,,2185000,,,,,
90886505,LG전자 2024 그램17 17ZD90SU-GXF6K WIN11 (SSD 512GB),1515000,,1514300,,,,,
76875326,LG전자 2024 그램17 17ZD90SU-GXF6K WIN11 16GB램 (SSD 1TB),1796100,,1796300,,,,,
76875317,LG전자 2024 그램17 17ZD90SU-GXF6K WIN11 16GB램 (SSD 256GB),1595360,,1595560,,,,,
92356001,LG전자 2024 그램17 17ZD90SU-GXF6K WIN11 16GB램 (SSD 2TB),1954360,,1954560,,,,,
100384631,LG전자 2024 그램17 17ZD90SU-GXF6K WIN11 16GB램 (SSD 4TB),2355000,,2355000,,,,,
76875320,LG전자 2024 그램17 17ZD90SU-GXF6K WIN11 16GB램 (SSD 512GB),1683600,,1683800,,,,,
74813900,LG전자 2025 그램 프로16 16Z90TP-GA5BK (SSD 1TB),2018990,,2018990,,,,,
74806907,LG전자 2025 그램 프로16 16Z90TP-GA5BK (SSD 256GB),1953230,,1953430,,,,,
74813912,LG전자 2025 그램 프로16 16Z90TP-GA5BK (SSD 2TB),2290000,,2305410,,,,,
78782687,LG전자 2025 그램 프로16 16Z90TP-GA5BK (SSD 4TB),2698000,,2874980,,,,,
74813888,LG전자 2025 그램 프로16 16Z90TP-GA5BK (SSD 512GB),2070000,,2020430,,,,,
74481014,LG전자 2025 그램 프로16 16Z90TP-GA5CK (SSD 1TB),2000500,,2000500,,,,,
74007269,LG전자 2025 그램 프로16 16Z90TP-GA5CK (SSD 256GB),1923030,,1923130,,,,,
74481017,LG전자 2025 그램 프로16 16Z90TP-GA5CK (SSD 2TB),2289000,,2326660,,,,,
78847451,LG전자 2025 그램 프로16 16Z90TP-GA5CK (SSD 4TB),2997190,,2997390,,,,,
74481011,LG전자 2025 그램 프로16 16Z90TP-GA5CK (SSD 512GB),2020430,,2020430,,,,,
74414816,LG전자 2025 그램 프로16 16Z90TP-KA5WK (SSD 1TB),2146090,,2146290,,,,,
74887649,LG전자 2025 그램 프로16 16Z90TP-KA5WK (SSD 2TB),2356870,,2357070,,,,,
75988979,LG전자 2025 그램 프로16 16Z90TP-KA5WK (SSD 4TB),2849990,,2849990,,,,,
74007437,LG전자 2025 그램 프로16 16Z90TP-KA5WK (SSD 512GB),2021770,,2021970,,,,,
74007554,LG전자 2025 그램 프로16 16Z90TP-KD7WK (SSD 1TB),2881260,,2881260,,,,,
74414801,LG전자 2025 그램 프로16 16Z90TP-KD7WK (SSD 2TB),3294110,,3294110,,,,,
78714836,LG전자 2025 그램 프로16 16Z90TP-KD7WK (SSD 4TB),3499990,,3499990,,,,,
96363728,LG전자 2025 그램 프로16 16Z90TR-EA5BK (SSD 1TB),3183220,,3183220,,,,,
96363746,LG전자 2025 그램 프로16 16Z90TR-EA5BK (SSD 2TB),3334840,,3334840,,,,,
96363764,LG전자 2025 그램 프로16 16Z90TR-EA5BK (SSD 4TB),3826010,,3787310,,,,,
95420615,LG전자 2025 그램 프로16 16Z90TR-EA5BK (SSD 512GB),3047630,,3047830,,,,,
104324747,LG전자 2025 그램 프로16 16Z90TR-EA5CK (SSD 1TB),3210690,,3210690,,,,,
104324753,LG전자 2025 그램 프로16 16Z90TR-EA5CK (SSD 2TB),3368860,,3368860,,,,,
104325020,LG전자 2025 그램 프로16 16Z90TR-EA5CK (SSD 4TB),3999990,,3999990,,,,,
103690670,LG전자 2025 그램 프로16 16Z90TR-EA5CK (SSD 512GB),3082140,,3082140,,,,,
103811069,LG전자 2025 그램 프로16 16Z90TR-ED79K (SSD 1TB),3338260,,3338260,,,,,
103811072,LG전자 2025 그램 프로16 16Z90TR-ED79K (SSD 2TB),3474790,,3456050,,,,,
106735697,LG전자 2025 그램 프로16 16Z90TR-ED79K (SSD 4TB),4800000,,4800000,,,,,
103449419,LG전자 2025 그램 프로16 16Z90TR-ED79K (SSD 512GB),3150000,,3150000,,,,,
95420702,LG전자 2025 그램 프로16 16Z90TR-ED7WK (SSD 1TB),3418990,,3418990,,,,,
95846750,LG전자 2025 그램 프로16 16Z90TR-ED7WK (SSD 2TB),3698990,,3698990,,,,,
95846804,LG전자 2025 그램 프로16 16Z90TR-ED7WK (SSD 4TB),4129280,,4129280,,,,,
104980949,LG전자 2025 그램 프로16 16Z90TS-GS5PK (SSD 1TB),2169990,,,,,,,
103810079,LG전자 2025 그램 프로16 16Z90TS-GS5PK (SSD 256GB),1942990,,,,,,,
104980955,LG전자 2025 그램 프로16 16Z90TS-GS5PK (SSD 2TB),2312020,,,,,,,
104980958,LG전자 2025 그램 프로16 16Z90TS-GS5PK (SSD 4TB),3015990,,,,,,,
104980940,LG전자 2025 그램 프로16 16Z90TS-GS5PK (SSD 512GB),2027990,,,,,,,
77279492,LG전자 2025 그램 프로16 16Z90TS-GU7WK (SSD 1TB),3076350,,3076550,,,,,
77966207,LG전자 2025 그램 프로16 16Z90TS-GU7WK (SSD 2TB),3242990,,3242990,,,,,
78981236,LG전자 2025 그램 프로16 16Z90TS-GU7WK (SSD 4TB),3619690,,3619690,,,,,
103810187,LG전자 2025 그램 프로16 16ZD90TR-EX79K (SSD 1TB),3290000,,3290000,,,,,
103810208,LG전자 2025 그램 프로16 16ZD90TR-EX79K (SSD 2TB),3477000,,3477000,,,,,
104549018,LG전자 2025 그램 프로16 16ZD90TR-EX79K (SSD 4TB),4352000,,4352000,,,,,
103449386,LG전자 2025 그램 프로16 16ZD90TR-EX79K (SSD 512GB),3190000,,3190000,,,,,
103810103,LG전자 2025 그램 프로16 16ZD90TR-EX7BK WIN11 (SSD 1TB),3430000,,3430000,,,,,
103810106,LG전자 2025 그램 프로16 16ZD90TR-EX7BK WIN11 (SSD 2TB),3620000,,3620000,,,,,
104549087,LG전자 2025 그램 프로16 16ZD90TR-EX7BK WIN11 (SSD 4TB),4500000,,4500000,,,,,
103810100,LG전자 2025 그램 프로16 16ZD90TR-EX7BK WIN11 (SSD 512GB),3252000,,3252000,,,,,
122623692,LG전자 2025 그램 프로16 16ZD90TS-GX5PK (SSD 1TB),2028610,,2028810,,,,,
103810247,LG전자 2025 그램 프로16 16ZD90TS-GX5PK (SSD 256GB),1800000,,1649000,,,,,
122623698,LG전자 2025 그램 프로16 16ZD90TS-GX5PK (SSD 2TB),2198000,,2198000,,,,,
122623687,LG전자 2025 그램 프로16 16ZD90TS-GX5PK (SSD 512GB),1928590,,1928790,,,,,
75931979,LG전자 2025 그램 프로17 17Z90TP-GA5BK (SSD 1TB),2049000,,2049000,,,,,
75538346,LG전자 2025 그램 프로17 17Z90TP-GA5BK (SSD 256GB),1852050,,1852250,,,,,
75931991,LG전자 2025 그램 프로17 17Z90TP-GA5BK (SSD 2TB),2364600,,2364800,,,,,
78783395,LG전자 2025 그램 프로17 17Z90TP-GA5BK (SSD 4TB),2979990,,2979990,,,,,
75931970,LG전자 2025 그램 프로17 17Z90TP-GA5BK (SSD 512GB),1949950,,1949950,,,,,
74995886,LG전자 2025 그램 프로17 17Z90TP-GA5CK (SSD 1TB),2048990,,2025610,,,,,
74007608,LG전자 2025 그램 프로17 17Z90TP-GA5CK (SSD 256GB),1847850,,1847850,,,,,
74995889,LG전자 2025 그램 프로17 17Z90TP-GA5CK (SSD 2TB),2331540,,2331740,,,,,
76159931,LG전자 2025 그램 프로17 17Z90TP-GA5CK (SSD 4TB),2879810,,2879810,,,,,
74995880,LG전자 2025 그램 프로17 17Z90TP-GA5CK (SSD 512GB),1949000,,1929790,,,,,
103809467,LG전자 2025 그램 프로17 17Z90TR-EA5CK (SSD 1TB),3579990,,3579990,,,,,
104324951,LG전자 2025 그램 프로17 17Z90TR-EA5CK (SSD 2TB),3747990,,3748190,,,,,
104325008,LG전자 2025 그램 프로17 17Z90TR-EA5CK (SSD 4TB),3999990,,3999990,,,,,
103690793,LG전자 2025 그램 프로17 17Z90TR-EA5CK (SSD 512GB),3289990,,3289990,,,,,
95420858,LG전자 2025 그램 프로17 17Z90TR-ED7WK (SSD 1TB),3728650,,3728860,,,,,
95926925,LG전자 2025 그램 프로17 17Z90TR-ED7WK (SSD 2TB),4058870,,3595000,,,,,
95926943,LG전자 2025 그램 프로17 17Z90TR-ED7WK (SSD 4TB),4284990,,4284990,,,,,
74545709,LG전자 2025 그램 프로17 17ZD90TP-GX56K (SSD 1TB),2170120,,2170320,,,,,
74054924,LG전자 2025 그램 프로17 17ZD90TP-GX56K (SSD 256GB),1998990,,1998990,,,,,
74545724,LG전자 2025 그램 프로17 17ZD90TP-GX56K (SSD 2TB),2344000,,2344000,,,,,
77016521,LG전자 2025 그램 프로17 17ZD90TP-GX56K (SSD 4TB),3179000,,3179000,,,,,
74545703,LG전자 2025 그램 프로17 17ZD90TP-GX56K (SSD 512GB),2049190,,2049390,,,,,
74550458,LG전자 2025 그램 프로17 17ZD90TP-GX79K (SSD 1TB),2998000,,2998000,,,,,
74051195,LG전자 2025 그램 프로17 17ZD90TP-GX79K (SSD 256GB),2824000,,2824000,,,,,
74550461,LG전자 2025 그램 프로17 17ZD90TP-GX79K (SSD 2TB),3044000,,3044000,,,,,
78784565,LG전자 2025 그램 프로17 17ZD90TP-GX79K (SSD 4TB),3480000,,3480000,,,,,
74248520,LG전자 2025 그램 프로17 17ZD90TP-GX79K (SSD 512GB),2936000,,2936000,,,,,
104044688,LG전자 2025 그램 프로17 17ZD90TR-EX79K (SSD 1TB),3476860,,3476860,,,,,
104628257,LG전자 2025 그램 프로17 17ZD90TR-EX79K (SSD 2TB),3615110,,3615320,,,,,
104628263,LG전자 2025 그램 프로17 17ZD90TR-EX79K (SSD 4TB),4500000,,4500000,,,,,
103449566,LG전자 2025 그램 프로17 17ZD90TR-EX79K (SSD 512GB),3318990,,3318990,,,,,
104223734,LG전자 2025 그램 프로17 17ZD90TR-EX7BK (SSD 1TB),3484390,,3484590,,,,,
104628287,LG전자 2025 그램 프로17 17ZD90TR-EX7BK (SSD 2TB),3608170,,3608210,,,,,
104628293,LG전자 2025 그램 프로17 17ZD90TR-EX7BK (SSD 4TB),4669990,,4669990,,,,,
103449611,LG전자 2025 그램 프로17 17ZD90TR-EX7BK (SSD 512GB),3376800,,3377010,,,,,
74887733,LG전자 2025 그램 프로360 16T90TP-GA5HK (SSD 1TB),2218000,,1930000,,,,,
74887745,LG전자 2025 그램 프로360 16T90TP-GA5HK (SSD 2TB),2378000,,2378000,,,,,
78711395,LG전자 2025 그램 프로360 16T90TP-GA5HK (SSD 4TB),3408040,,3408240,,,,,
74007722,LG전자 2025 그램 프로360 16T90TP-GA5HK (SSD 512GB),2078000,,1870000,,,,,
74887775,LG전자 2025 그램 프로360 16TD90TP-GX56K (SSD 1TB),2379000,,2379000,,,,,
74055050,LG전자 2025 그램 프로360 16TD90TP-GX56K (SSD 256GB),2079990,,2079990,,,,,
74887781,LG전자 2025 그램 프로360 16TD90TP-GX56K (SSD 2TB),2533000,,2657990,,,,,
78978230,LG전자 2025 그램 프로360 16TD90TP-GX56K (SSD 4TB),3280000,,3418250,,,,,
74887772,LG전자 2025 그램 프로360 16TD90TP-GX56K (SSD 512GB),2239000,,2239000,,,,,
74971802,LG전자 2025 그램14 14ZD90T-GX56K (SSD 1TB),1773370,,1773570,,,,,
74054465,LG전자 2025 그램14 14ZD90T-GX56K (SSD 256GB),1497200,,1497200,,,,,
74995394,LG전자 2025 그램14 14ZD90T-GX56K (SSD 2TB),1868000,,1868000,,,,,
78784487,LG전자 2025 그램14 14ZD90T-GX56K (SSD 4TB),2478990,,2478990,,,,,
74545823,LG전자 2025 그램14 14ZD90T-GX56K (SSD 512GB),1650000,,1650000,,,,,
85503647,LG전자 2025 그램15 15Z80T-GS5CK (SSD 1TB),1706510,,1706710,,,,,
81037835,LG전자 2025 그램15 15Z80T-GS5CK (SSD 256GB),1522940,,1523140,,,,,
85504997,LG전자 2025 그램15 15Z80T-GS5CK (SSD 2TB),1878710,,1878910,,,,,
88133660,LG전자 2025 그램15 15Z80T-GS5CK (SSD 4TB),2426990,,2426990,,,,,
85501325,LG전자 2025 그램15 15Z80T-GS5CK (SSD 512GB),1570990,,1571190,,,,,
85516382,LG전자 2025 그램15 15Z80T-GS5WK (SSD 1TB),1691430,,1691630,,,,,
86152361,LG전자 2025 그램15 15Z80T-GS5WK (SSD 2TB),1839810,,1840010,,,,,
88134722,LG전자 2025 그램15 15Z80T-GS5WK (SSD 4TB),2426990,,2426990,,,,,
81037853,LG전자 2025 그램15 15Z80T-GS5WK (SSD 512GB),1587210,,1587470,,,,,
74545910,LG전자 2025 그램15 15Z90T-GA5CK (SSD 1TB),1830660,,1830860,,,,,
74011082,LG전자 2025 그램15 15Z90T-GA5CK (SSD 256GB),1680040,,1680240,,,,,
74545913,LG전자 2025 그램15 15Z90T-GA5CK (SSD 2TB),1994810,,1994810,,,,,
74805395,LG전자 2025 그램15 15Z90T-GA5CK (SSD 4TB),2232230,,2232230,,,,,
74545877,LG전자 2025 그램15 15Z90T-GA5CK (SSD 512GB),1751780,,1751980,,,,,
74814404,LG전자 2025 그램15 15Z90T-GA5HK (SSD 1TB),1858230,,1858430,,,,,
74814428,LG전자 2025 그램15 15Z90T-GA5HK (SSD 2TB),1994530,,1994730,,,,,
78847346,LG전자 2025 그램15 15Z90T-GA5HK (SSD 4TB),2649990,,2649990,,,,,
74011034,LG전자 2025 그램15 15Z90T-GA5HK (SSD 512GB),1747010,,1747210,,,,,
82472708,LG전자 2025 그램15 15ZD80T-GX56K (SSD 1TB),1685010,,1685220,,,,,
79406249,LG전자 2025 그램15 15ZD80T-GX56K (SSD 256GB),1479000,,1479000,,,,,
82472726,LG전자 2025 그램15 15ZD80T-GX56K (SSD 2TB),1831870,,1832070,,,,,
82472756,LG전자 2025 그램15 15ZD80T-GX56K (SSD 4TB),2339000,,2339000,,,,,
82472699,LG전자 2025 그램15 15ZD80T-GX56K (SSD 512GB),1576000,,1576000,,,,,
82472798,LG전자 2025 그램15 15ZD80T-GX56K WIN11 (SSD 1TB),1683030,,1683230,,,,,
82472777,LG전자 2025 그램15 15ZD80T-GX56K WIN11 (SSD 256GB),1496000,,1505870,,,,,
82472807,LG전자 2025 그램15 15ZD80T-GX56K WIN11 (SSD 2TB),1851810,,1852010,,,,,
82472816,LG전자 2025 그램15 15ZD80T-GX56K WIN11 (SSD 4TB),2359000,,2359000,,,,,
82472786,LG전자 2025 그램15 15ZD80T-GX56K WIN11 (SSD 512GB),1592230,,1592430,,,,,
90575327,LG전자 2025 그램15 15ZD80T-GX79K (SSD 1TB),2370600,,2370800,,,,,
92105858,LG전자 2025 그램15 15ZD80T-GX79K (SSD 2TB),2579980,,2579980,,,,,
92105879,LG전자 2025 그램15 15ZD80T-GX79K (SSD 4TB),3000000,,3000000,,,,,
79554701,LG전자 2025 그램15 15ZD80T-GX79K (SSD 512GB),2169720,,2169920,,,,,
92105903,LG전자 2025 그램15 15ZD80T-GX79K WIN11 (SSD 1TB),2329990,,2329990,,,,,
92105906,LG전자 2025 그램15 15ZD80T-GX79K WIN11 (SSD 2TB),2439990,,2439990,,,,,
92105915,LG전자 2025 그램15 15ZD80T-GX79K WIN11 (SSD 4TB),3000000,,3000000,,,,,
90575345,LG전자 2025 그램15 15ZD80T-GX79K WIN11 (SSD 512GB),2169990,,2169990,,,,,
74998352,LG전자 2025 그램15 15ZD90T-GX56K (SSD 1TB),1887890,,1841320,,,,,
74054642,LG전자 2025 그램15 15ZD90T-GX56K (SSD 256GB),1642370,,1642370,,,,,
75463652,LG전자 2025 그램15 15ZD90T-GX56K (SSD 2TB),2068990,,2067410,,,,,
78783905,LG전자 2025 그램15 15ZD90T-GX56K (SSD 4TB),2201500,,2201500,,,,,
74998346,LG전자 2025 그램15 15ZD90T-GX56K (SSD 512GB),1790000,,1736770,,,,,
74814482,LG전자 2025 그램15 15ZD90T-GX56K WIN11 (SSD 1TB),1911570,,1911710,,,,,
74814458,LG전자 2025 그램15 15ZD90T-GX56K WIN11 (SSD 256GB),1684880,,1652660,,,,,
75463658,LG전자 2025 그램15 15ZD90T-GX56K WIN11 (SSD 2TB),1971540,,1963840,,,,,
76550768,LG전자 2025 그램15 15ZD90T-GX56K WIN11 (SSD 4TB),2474190,,2474190,,,,,
74814476,LG전자 2025 그램15 15ZD90T-GX56K WIN11 (SSD 512GB),1735340,,1735340,,,,,
108421289,LG전자 2025 그램15 15ZG80T-GZ79KN (SSD 1TB),1922970,,1922970,,,,,
108421298,LG전자 2025 그램15 15ZG80T-GZ79KN (SSD 2TB),2061190,,2061190,,,,,
108421328,LG전자 2025 그램15 15ZG80T-GZ79KN (SSD 4TB),2890000,,2890000,,,,,
108408257,LG전자 2025 그램15 15ZG80T-GZ79KN (SSD 512GB),1765510,,1765510,,,,,
105677288,LG전자 2025 그램16 16Z90T-GA5YK (SSD 1TB),1925000,,1925000,,,,,
103453175,LG전자 2025 그램16 16Z90T-GA5YK (SSD 256GB),1748000,,1748000,,,,,
105677294,LG전자 2025 그램16 16Z90T-GA5YK (SSD 2TB),2064000,,2064000,,,,,
105677285,LG전자 2025 그램16 16Z90T-GA5YK (SSD 512GB),1830000,,1830000,,,,,
104595707,LG전자 2025 그램16 16Z90TL-GS56K (SSD 1TB),2017710,,2017910,,,,,
103481261,LG전자 2025 그램16 16Z90TL-GS56K (SSD 256GB),1851210,,1851410,,,,,
104595710,LG전자 2025 그램16 16Z90TL-GS56K (SSD 2TB),2209000,,2209000,,,,,
108417911,LG전자 2025 그램16 16Z90TL-GS56K (SSD 4TB),3755740,,3755740,,,,,
104595701,LG전자 2025 그램16 16Z90TL-GS56K (SSD 512GB),1896790,,1896990,,,,,
122679969,LG전자 2025 그램16 16Z90TL-GS5WK (SSD 1TB),1969000,,1969000,,,,,
122679973,LG전자 2025 그램16 16Z90TL-GS5WK (SSD 2TB),2187600,,2187800,,,,,
122673346,LG전자 2025 그램16 16Z90TL-GS5WK (SSD 512GB),1879000,,1879000,,,,,
103810952,LG전자 2025 그램16 16ZD90T-GX56K (SSD 1TB),1930390,,1930590,,,,,
103810856,LG전자 2025 그램16 16ZD90T-GX56K (SSD 256GB),1741750,,1741920,,,,,
103810958,LG전자 2025 그램16 16ZD90T-GX56K (SSD 2TB),2086790,,2086990,,,,,
103879868,LG전자 2025 그램16 16ZD90T-GX56K (SSD 4TB),2478820,,2478990,,,,,
103810937,LG전자 2025 그램16 16ZD90T-GX56K (SSD 512GB),1827250,,1827250,,,,,
103810976,LG전자 2025 그램16 16ZD90T-GX56K WIN11 (SSD 1TB),1947770,,1947970,,,,,
103810964,LG전자 2025 그램16 16ZD90T-GX56K WIN11 (SSD 256GB),1757590,,1758070,,,,,
103810982,LG전자 2025 그램16 16ZD90T-GX56K WIN11 (SSD 2TB),2087610,,2088090,,,,,
103879901,LG전자 2025 그램16 16ZD90T-GX56K WIN11 (SSD 4TB),2485010,,2485210,,,,,
103810970,LG전자 2025 그램16 16ZD90T-GX56K WIN11 (SSD 512GB),1848840,,1848840,,,,,
97778258,LG전자 2025 그램16 16ZD90TL-GX56K (SSD 1TB),1993530,,1993730,,,,,
96774692,LG전자 2025 그램16 16ZD90TL-GX56K (SSD 256GB),1769850,,1769850,,,,,
97778264,LG전자 2025 그램16 16ZD90TL-GX56K (SSD 2TB),2169000,,2169000,,,,,
101625086,LG전자 2025 그램16 16ZD90TL-GX56K (SSD 4TB),2700000,,2535000,,,,,
97778252,LG전자 2025 그램16 16ZD90TL-GX56K (SSD 512GB),1869000,,1869000,,,,,
97118609,LG전자 2025 그램16 16ZD90TL-GX56K WIN11 (SSD 1TB),2034000,,2034200,,,,,
97118591,LG전자 2025 그램16 16ZD90TL-GX56K WIN11 (SSD 256GB),1781240,,1781240,,,,,
97118615,LG전자 2025 그램16 16ZD90TL-GX56K WIN11 (SSD 2TB),2200000,,2200000,,,,,
97118630,LG전자 2025 그램16 16ZD90TL-GX56K WIN11 (SSD 4TB),2750000,,2724000,,,,,
97118600,LG전자 2025 그램16 16ZD90TL-GX56K WIN11 (SSD 512GB),1880990,,1880990,,,,,
103518617,LG전자 2025 그램16 16ZD90TL-GX79K WIN11 (SSD 1TB),3000000,,,,,,,
103518596,LG전자 2025 그램16 16ZD90TL-GX79K WIN11 (SSD 256GB),2750000,,,,,,,
103520066,LG전자 2025 그램16 16ZD90TL-GX79K WIN11 (SSD 2TB),3200000,,,,,,,
104949350,LG전자 2025 그램16 16ZD90TL-GX79K WIN11 (SSD 4TB),3279000,,,,,,,
103518599,LG전자 2025 그램16 16ZD90TL-GX79K WIN11 (SSD 512GB),2800000,,,,,,,
105683942,LG전자 2025 그램17 17ZD90TL-GX79K (SSD 1TB),3278000,,3300000,,,,,
103480799,LG전자 2025 그램17 17ZD90TL-GX79K (SSD 256GB),2999000,,3000000,,,,,
105683948,LG전자 2025 그램17 17ZD90TL-GX79K (SSD 2TB),3398000,,3500000,,,,,
105683975,LG전자 2025 그램17 17ZD90TL-GX79K (SSD 4TB),4180000,,4230000,,,,,
105683939,LG전자 2025 그램17 17ZD90TL-GX79K (SSD 512GB),3099000,,3099000,,,,,
105180914,LG전자 2026 그램 프로16 16Z90U-GS59K (SSD 1TB),2880650,,2880950,,,,,
104967095,LG전자 2026 그램 프로16 16Z90U-GS59K (SSD 256GB),2694730,,2695930,,,,,
105180920,LG전자 2026 그램 프로16 16Z90U-GS59K (SSD 2TB),3091160,,3091410,,,,,
105551639,LG전자 2026 그램 프로16 16Z90U-GS59K (SSD 4TB),3804990,,3804990,,,,,
105180890,LG전자 2026 그램 프로16 16Z90U-GS59K (SSD 512GB),2796990,,2797250,,,,,
106720373,LG전자 2026 그램 프로16 16Z90U-GS5BK (SSD 1TB),2188900,,2189100,,,,,
104965043,LG전자 2026 그램 프로16 16Z90U-GS5BK (SSD 256GB),2000000,,1990000,,,,,
106720382,LG전자 2026 그램 프로16 16Z90U-GS5BK (SSD 2TB),2428570,,2428650,,,,,
106720391,LG전자 2026 그램 프로16 16Z90U-GS5BK (SSD 4TB),3069000,,3069000,,,,,
106720211,LG전자 2026 그램 프로16 16Z90U-GS5BK (SSD 512GB),2127840,,2128150,,,,,
106757210,LG전자 2026 그램 프로16 16Z90U-GS5HK (SSD 1TB),2248310,,,,,,,
106757216,LG전자 2026 그램 프로16 16Z90U-GS5HK (SSD 2TB),2407990,,,,,,,
106757219,LG전자 2026 그램 프로16 16Z90U-GS5HK (SSD 4TB),3300000,,,,,,,
106695728,LG전자 2026 그램 프로16 16Z90U-GS5HK (SSD 512GB),2145340,,,,,,,
106702082,LG전자 2026 그램 프로16 16Z90U-GS5WK (SSD 1TB),2247990,,2247990,,,,,
106702088,LG전자 2026 그램 프로16 16Z90U-GS5WK (SSD 2TB),2444510,,2444640,,,,,
106736558,LG전자 2026 그램 프로16 16Z90U-GS5WK (SSD 4TB),2973740,,2973940,,,,,
104987876,LG전자 2026 그램 프로16 16Z90U-GS5WK (SSD 512GB),2147990,,2147990,,,,,
106720613,LG전자 2026 그램 프로16 16Z90U-GS5YK (SSD 1TB),2254990,,2254990,,,,,
104967029,LG전자 2026 그램 프로16 16Z90U-GS5YK (SSD 256GB),2058430,,2058510,,,,,
106720616,LG전자 2026 그램 프로16 16Z90U-GS5YK (SSD 2TB),2449990,,2449990,,,,,
108399914,LG전자 2026 그램 프로16 16Z90U-GS5YK (SSD 4TB),3100990,,3101190,,,,,
106720595,LG전자 2026 그램 프로16 16Z90U-GS5YK (SSD 512GB),2149990,,2149990,,,,,
103751627,LG전자 2026 그램 프로16 16Z90U-KS5BK (SSD 1TB),3363080,,3363280,,,,,
103751633,LG전자 2026 그램 프로16 16Z90U-KS5BK (SSD 2TB),3436960,,3436960,,,,,
104302361,LG전자 2026 그램 프로16 16Z90U-KS5BK (SSD 4TB),4075490,,4075490,,,,,
103453790,LG전자 2026 그램 프로16 16Z90U-KS5BK (SSD 512GB),3048960,,3048960,,,,,
103453778,LG전자 2026 그램 프로16 16Z90U-KS5EK (SSD 1TB),3218990,,3218990,,,,,
103601855,LG전자 2026 그램 프로16 16Z90U-KS5EK (SSD 2TB),3428970,,3428970,,,,,
103601864,LG전자 2026 그램 프로16 16Z90U-KS5EK (SSD 4TB),4147800,,4147800,,,,,
103453772,LG전자 2026 그램 프로16 16Z90U-KS5TK (SSD 1TB),2758060,,2758060,,,,,
103693568,LG전자 2026 그램 프로16 16Z90U-KS5TK (SSD 2TB),2748980,,2748980,,,,,
103693613,LG전자 2026 그램 프로16 16Z90U-KS5TK (SSD 4TB),3689990,,3689990,,,,,
103693535,LG전자 2026 그램 프로16 16Z90U-KS5WK (SSD 1TB),2648870,,2648910,,,,,
103693541,LG전자 2026 그램 프로16 16Z90U-KS5WK (SSD 2TB),2761460,,2761500,,,,,
103693559,LG전자 2026 그램 프로16 16Z90U-KS5WK (SSD 4TB),3383870,,3384070,,,,,
103453769,LG전자 2026 그램 프로16 16Z90U-KS5WK (SSD 512GB),2446400,,2434240,,,,,
104570849,LG전자 2026 그램 프로16 16Z90U-KU70K (SSD 1TB),3368130,,3368150,,,,,
104570852,LG전자 2026 그램 프로16 16Z90U-KU70K (SSD 2TB),3466270,,3466470,,,,,
104570858,LG전자 2026 그램 프로16 16Z90U-KU70K (SSD 4TB),4049990,,4049990,,,,,
103449917,LG전자 2026 그램 프로16 16Z90U-KU70K (SSD 512GB),3247000,,3247130,,,,,
103751669,LG전자 2026 그램 프로16 16Z90U-KU7BK (SSD 1TB),3298990,,3299190,,,,,
103751678,LG전자 2026 그램 프로16 16Z90U-KU7BK (SSD 2TB),3438630,,3438830,,,,,
103807952,LG전자 2026 그램 프로16 16Z90U-KU7BK (SSD 4TB),3923670,,3923670,,,,,
103453775,LG전자 2026 그램 프로16 16Z90U-KU7BK (SSD 512GB),3158730,,3158930,,,,,
103453379,LG전자 2026 그램 프로16 16Z90U-KU7EK (SSD 2TB),3450000,,3450000,,,,,
103516529,LG전자 2026 그램 프로16 16Z90U-KU7EK (SSD 4TB),4379010,,4379210,,,,,
106721003,LG전자 2026 그램 프로16 16Z90U-KU7EK (SSD 6TB),4680000,,4680000,,,,,
106721006,LG전자 2026 그램 프로16 16Z90U-KU7EK (SSD 8TB),5110000,,5110000,,,,,
103449743,LG전자 2026 그램 프로16 16Z90U-KU7HK (SSD 1TB),3458990,,3438990,,,,,
104570651,LG전자 2026 그램 프로16 16Z90U-KU7HK (SSD 2TB),3566490,,3566590,,,,,
104570660,LG전자 2026 그램 프로16 16Z90U-KU7HK (SSD 4TB),3970000,,3970000,,,,,
103453760,LG전자 2026 그램 프로16 16Z90U-KU7WK (SSD 1TB),3365930,,3366130,,,,,
103482035,LG전자 2026 그램 프로16 16Z90U-KU7WK (SSD 2TB),3459570,,3459570,,,,,
103482038,LG전자 2026 그램 프로16 16Z90U-KU7WK (SSD 4TB),4211890,,4212090,,,,,
104615783,LG전자 2026 그램 프로16 16Z95U-GS59K (SSD 1TB),2698000,,2688500,,,,,
103452347,LG전자 2026 그램 프로16 16Z95U-GS59K (SSD 256GB),2489000,,2489000,,,,,
104615795,LG전자 2026 그램 프로16 16Z95U-GS59K (SSD 2TB),2848000,,2848000,,,,,
106689050,LG전자 2026 그램 프로16 16Z95U-GS59K (SSD 4TB),3532000,,3532000,,,,,
104615678,LG전자 2026 그램 프로16 16Z95U-GS59K (SSD 512GB),2548000,,2548000,,,,,
104041877,LG전자 2026 그램 프로16 16Z95U-GS5BK (SSD 1TB),2225340,,2225600,,,,,
103451807,LG전자 2026 그램 프로16 16Z95U-GS5BK (SSD 256GB),2005840,,1858000,,,,,
104041880,LG전자 2026 그램 프로16 16Z95U-GS5BK (SSD 2TB),2415380,,2415630,,,,,
104041883,LG전자 2026 그램 프로16 16Z95U-GS5BK (SSD 4TB),3099990,,3099990,,,,,
104041865,LG전자 2026 그램 프로16 16Z95U-GS5BK (SSD 512GB),2120810,,2121050,,,,,
103600913,LG전자 2026 그램 프로16 16Z95U-GS5CK (SSD 1TB),2233890,,2234090,,,,,
103451621,LG전자 2026 그램 프로16 16Z95U-GS5CK (SSD 256GB),2005020,,1858000,,,,,
103600916,LG전자 2026 그램 프로16 16Z95U-GS5CK (SSD 2TB),2495160,,2495420,,,,,
103600922,LG전자 2026 그램 프로16 16Z95U-GS5CK (SSD 4TB),3199990,,3199990,,,,,
103600907,LG전자 2026 그램 프로16 16Z95U-GS5CK (SSD 512GB),2152500,,2152780,,,,,
104592104,LG전자 2026 그램 프로16 16Z95U-GS5WK (SSD 1TB),2243740,,2243920,,,,,
104592116,LG전자 2026 그램 프로16 16Z95U-GS5WK (SSD 2TB),2355600,,2355800,,,,,
104592128,LG전자 2026 그램 프로16 16Z95U-GS5WK (SSD 4TB),2977490,,2977690,,,,,
103451483,LG전자 2026 그램 프로16 16Z95U-GS5WK (SSD 512GB),2139430,,2139580,,,,,
103877978,LG전자 2026 그램 프로16 16Z95U-GS5ZK (SSD 1TB),2247150,,2247350,,,,,
103877981,LG전자 2026 그램 프로16 16Z95U-GS5ZK (SSD 2TB),2378170,,2378370,,,,,
103877984,LG전자 2026 그램 프로16 16Z95U-GS5ZK (SSD 4TB),3048580,,3048780,,,,,
103451456,LG전자 2026 그램 프로16 16Z95U-GS5ZK (SSD 512GB),2128740,,2128750,,,,,
103690610,LG전자 2026 그램 프로16 16Z95U-GU7CK (SSD 1TB),3150000,,3150000,,,,,
103690616,LG전자 2026 그램 프로16 16Z95U-GU7CK (SSD 2TB),3349990,,3349990,,,,,
103690622,LG전자 2026 그램 프로16 16Z95U-GU7CK (SSD 4TB),3819990,,3819990,,,,,
103451213,LG전자 2026 그램 프로16 16Z95U-GU7CK (SSD 512GB),2950000,,2950000,,,,,
103451174,LG전자 2026 그램 프로16 16Z95U-GU7WK (SSD 1TB),3224740,,3225040,,,,,
104570666,LG전자 2026 그램 프로16 16Z95U-GU7WK (SSD 2TB),3295350,,3295550,,,,,
104570672,LG전자 2026 그램 프로16 16Z95U-GU7WK (SSD 4TB),3869990,,3869990,,,,,
105550829,LG전자 2026 그램 프로16 16ZD90U-GX56K (SSD 1TB),2175000,,2175000,,,,,
104947802,LG전자 2026 그램 프로16 16ZD90U-GX56K (SSD 256GB),2024000,,2024000,,,,,
105550832,LG전자 2026 그램 프로16 16ZD90U-GX56K (SSD 2TB),2359000,,2359000,,,,,
105677639,LG전자 2026 그램 프로16 16ZD90U-GX56K (SSD 4TB),2982990,,2982990,,,,,
105550805,LG전자 2026 그램 프로16 16ZD90U-GX56K (SSD 512GB),2082000,,2082000,,,,,
105550874,LG전자 2026 그램 프로16 16ZD90U-GX56K WIN11 (SSD 1TB),2090000,,2090000,,,,,
105550868,LG전자 2026 그램 프로16 16ZD90U-GX56K WIN11 (SSD 256GB),1994360,,1994560,,,,,
105550877,LG전자 2026 그램 프로16 16ZD90U-GX56K WIN11 (SSD 2TB),2280000,,2280000,,,,,
105677483,LG전자 2026 그램 프로16 16ZD90U-GX56K WIN11 (SSD 4TB),2988590,,2988790,,,,,
105550871,LG전자 2026 그램 프로16 16ZD90U-GX56K WIN11 (SSD 512GB),1995000,,1995000,,,,,
105550916,LG전자 2026 그램 프로16 16ZD90U-GX59K (SSD 1TB),2846350,,2846550,,,,,
104967134,LG전자 2026 그램 프로16 16ZD90U-GX59K (SSD 256GB),2575000,,2575000,,,,,
105550919,LG전자 2026 그램 프로16 16ZD90U-GX59K (SSD 2TB),2994990,,2994970,,,,,
105677633,LG전자 2026 그램 프로16 16ZD90U-GX59K (SSD 4TB),3542000,,3398000,,,,,
105550904,LG전자 2026 그램 프로16 16ZD90U-GX59K (SSD 512GB),2719000,,2719000,,,,,
105550949,LG전자 2026 그램 프로16 16ZD90U-GX59K WIN11 (SSD 1TB),2877600,,2877800,,,,,
105550934,LG전자 2026 그램 프로16 16ZD90U-GX59K WIN11 (SSD 256GB),2611560,,2611570,,,,,
105550952,LG전자 2026 그램 프로16 16ZD90U-GX59K WIN11 (SSD 2TB),3018350,,3018550,,,,,
105551663,LG전자 2026 그램 프로16 16ZD90U-GX59K WIN11 (SSD 4TB),3397990,,3397990,,,,,
105550943,LG전자 2026 그램 프로16 16ZD90U-GX59K WIN11 (SSD 512GB),2777710,,2777910,,,,,
105551090,LG전자 2026 그램 프로16 16ZD90U-GX79K (SSD 1TB),3157000,,3157000,,,,,
104967290,LG전자 2026 그램 프로16 16ZD90U-GX79K (SSD 256GB),2899000,,2899000,,,,,
105551093,LG전자 2026 그램 프로16 16ZD90U-GX79K (SSD 2TB),3374410,,3374610,,,,,
105677666,LG전자 2026 그램 프로16 16ZD90U-GX79K (SSD 4TB),3838530,,3838730,,,,,
105551087,LG전자 2026 그램 프로16 16ZD90U-GX79K (SSD 512GB),2987000,,2987000,,,,,
105551114,LG전자 2026 그램 프로16 16ZD90U-GX79K WIN11 (SSD 1TB),3017810,,3017830,,,,,
105551108,LG전자 2026 그램 프로16 16ZD90U-GX79K WIN11 (SSD 256GB),3039350,,3039550,,,,,
105551117,LG전자 2026 그램 프로16 16ZD90U-GX79K WIN11 (SSD 2TB),3344000,,3344000,,,,,
105677675,LG전자 2026 그램 프로16 16ZD90U-GX79K WIN11 (SSD 4TB),3846170,,3846370,,,,,
105551111,LG전자 2026 그램 프로16 16ZD90U-GX79K WIN11 (SSD 512GB),3143370,,3143570,,,,,
106720052,LG전자 2026 그램 프로16 16ZD90U-KX5WK WIN11 (SSD 1TB),2387000,,2387000,,,,,
106720055,LG전자 2026 그램 프로16 16ZD90U-KX5WK WIN11 (SSD 2TB),2508000,,2508000,,,,,
106756085,LG전자 2026 그램 프로16 16ZD90U-KX5WK WIN11 (SSD 4TB),3019890,,3019890,,,,,
106720049,LG전자 2026 그램 프로16 16ZD90U-KX5WK WIN11 (SSD 512GB),2314000,,2314000,,,,,
106720064,LG전자 2026 그램 프로16 16ZD90U-KX7BK (SSD 1TB),3388120,,3388230,,,,,
106720070,LG전자 2026 그램 프로16 16ZD90U-KX7BK (SSD 2TB),3487780,,3487980,,,,,
106766006,LG전자 2026 그램 프로16 16ZD90U-KX7BK (SSD 4TB),3939990,,3939990,,,,,
106702640,LG전자 2026 그램 프로16 16ZD90U-KX7BK (SSD 512GB),3205590,,3205790,,,,,
106720088,LG전자 2026 그램 프로16 16ZD90U-KX7BK WIN11 (SSD 1TB),3315500,,3315500,,,,,
106720091,LG전자 2026 그램 프로16 16ZD90U-KX7BK WIN11 (SSD 2TB),3503860,,3504060,,,,,
106765973,LG전자 2026 그램 프로16 16ZD90U-KX7BK WIN11 (SSD 4TB),3959990,,3959990,,,,,
106720085,LG전자 2026 그램 프로16 16ZD90U-KX7BK WIN11 (SSD 512GB),3218920,,3219120,,,,,
103809152,LG전자 2026 그램 프로16 16ZD95U-GX56K (SSD 1TB),2137000,,2137000,,,,,
103452410,LG전자 2026 그램 프로16 16ZD95U-GX56K (SSD 256GB),1950000,,1950000,,,,,
103809161,LG전자 2026 그램 프로16 16ZD95U-GX56K (SSD 2TB),2346000,,2346000,,,,,
106689038,LG전자 2026 그램 프로16 16ZD95U-GX56K (SSD 4TB),2733520,,2733720,,,,,
103809137,LG전자 2026 그램 프로16 16ZD95U-GX56K (SSD 512GB),1999000,,1999000,,,,,
103809224,LG전자 2026 그램 프로16 16ZD95U-GX56K WIN11 (SSD 1TB),2128000,,2128000,,,,,
103809200,LG전자 2026 그램 프로16 16ZD95U-GX56K WIN11 (SSD 256GB),1938000,,1938000,,,,,
103809230,LG전자 2026 그램 프로16 16ZD95U-GX56K WIN11 (SSD 2TB),2318000,,2318000,,,,,
104749328,LG전자 2026 그램 프로16 16ZD95U-GX56K WIN11 (SSD 4TB),2742000,,2742000,,,,,
103809203,LG전자 2026 그램 프로16 16ZD95U-GX56K WIN11 (SSD 512GB),2033000,,2033000,,,,,
103808294,LG전자 2026 그램 프로16 16ZD95U-GX59K (SSD 1TB),2585000,,2585000,,,,,
103452437,LG전자 2026 그램 프로16 16ZD95U-GX59K (SSD 256GB),2400000,,2400000,,,,,
103808297,LG전자 2026 그램 프로16 16ZD95U-GX59K (SSD 2TB),2778000,,2778000,,,,,
103878107,LG전자 2026 그램 프로16 16ZD95U-GX59K (SSD 4TB),3017000,,3017000,,,,,
103808291,LG전자 2026 그램 프로16 16ZD95U-GX59K (SSD 512GB),2499000,,2499000,,,,,
103808342,LG전자 2026 그램 프로16 16ZD95U-GX59K WIN11 (SSD 1TB),2641000,,2641000,,,,,
103808333,LG전자 2026 그램 프로16 16ZD95U-GX59K WIN11 (SSD 256GB),2413000,,2413000,,,,,
103808345,LG전자 2026 그램 프로16 16ZD95U-GX59K WIN11 (SSD 2TB),2796000,,2796000,,,,,
104749865,LG전자 2026 그램 프로16 16ZD95U-GX59K WIN11 (SSD 4TB),3024000,,3024000,,,,,
103808336,LG전자 2026 그램 프로16 16ZD95U-GX59K WIN11 (SSD 512GB),2451000,,2451000,,,,,
103751447,LG전자 2026 그램 프로16 16ZD95U-GX5BK (SSD 1TB),2187540,,2187750,,,,,
103452389,LG전자 2026 그램 프로16 16ZD95U-GX5BK (SSD 256GB),1971000,,1971000,,,,,
103751450,LG전자 2026 그램 프로16 16ZD95U-GX5BK (SSD 2TB),2372000,,2372000,,,,,
103751456,LG전자 2026 그램 프로16 16ZD95U-GX5BK (SSD 4TB),2809310,,2809510,,,,,
103751444,LG전자 2026 그램 프로16 16ZD95U-GX5BK (SSD 512GB),2064000,,2064000,,,,,
103751474,LG전자 2026 그램 프로16 16ZD95U-GX5BK WIN11 (SSD 1TB),2160300,,2160300,,,,,
103751468,LG전자 2026 그램 프로16 16ZD95U-GX5BK WIN11 (SSD 256GB),1969660,,1969860,,,,,
103751477,LG전자 2026 그램 프로16 16ZD95U-GX5BK WIN11 (SSD 2TB),2334000,,2334000,,,,,
103751483,LG전자 2026 그램 프로16 16ZD95U-GX5BK WIN11 (SSD 4TB),2742000,,2742000,,,,,
103751471,LG전자 2026 그램 프로16 16ZD95U-GX5BK WIN11 (SSD 512GB),2064660,,2064860,,,,,
103751219,LG전자 2026 그램 프로16 16ZD95U-GX79K (SSD 1TB),3064610,,3064610,,,,,
103452512,LG전자 2026 그램 프로16 16ZD95U-GX79K (SSD 256GB),2857880,,2857880,,,,,
103751222,LG전자 2026 그램 프로16 16ZD95U-GX79K (SSD 2TB),3306990,,3306990,,,,,
103751255,LG전자 2026 그램 프로16 16ZD95U-GX79K (SSD 4TB),3959990,,3959990,,,,,
103751213,LG전자 2026 그램 프로16 16ZD95U-GX79K (SSD 512GB),2973470,,2973470,,,,,
106720169,LG전자 2026 그램 프로17 17Z90U-GS5BK (SSD 1TB),2296990,,,,,,,
104965154,LG전자 2026 그램 프로17 17Z90U-GS5BK (SSD 256GB),2069990,,,,,,,
106720172,LG전자 2026 그램 프로17 17Z90U-GS5BK (SSD 2TB),2460700,,,,,,,
106720178,LG전자 2026 그램 프로17 17Z90U-GS5BK (SSD 4TB),3499990,,,,,,,
106720157,LG전자 2026 그램 프로17 17Z90U-GS5BK (SSD 512GB),2190940,,,,,,,
106720190,LG전자 2026 그램 프로17 17Z90U-GS5CK (SSD 1TB),2297590,,2297790,,,,,
104965139,LG전자 2026 그램 프로17 17Z90U-GS5CK (SSD 256GB),2069990,,2069990,,,,,
106720193,LG전자 2026 그램 프로17 17Z90U-GS5CK (SSD 2TB),2527610,,2527610,,,,,
106720199,LG전자 2026 그램 프로17 17Z90U-GS5CK (SSD 4TB),3199990,,3199990,,,,,
106720184,LG전자 2026 그램 프로17 17Z90U-GS5CK (SSD 512GB),2190230,,2190310,,,,,
106718036,LG전자 2026 그램 프로17 17Z90U-GS5WK (SSD 1TB),2324530,,2324730,,,,,
106718042,LG전자 2026 그램 프로17 17Z90U-GS5WK (SSD 2TB),2477460,,2477470,,,,,
106726301,LG전자 2026 그램 프로17 17Z90U-GS5WK (SSD 4TB),3396390,,3396590,,,,,
104989532,LG전자 2026 그램 프로17 17Z90U-GS5WK (SSD 512GB),2216930,,2217130,,,,,
106718903,LG전자 2026 그램 프로17 17Z90U-GS5ZK (SSD 1TB),2326070,,2326270,,,,,
106718909,LG전자 2026 그램 프로17 17Z90U-GS5ZK (SSD 2TB),2476140,,2476340,,,,,
106727369,LG전자 2026 그램 프로17 17Z90U-GS5ZK (SSD 4TB),3396340,,3396540,,,,,
104989544,LG전자 2026 그램 프로17 17Z90U-GS5ZK (SSD 512GB),2205630,,2205830,,,,,
106710227,LG전자 2026 그램 프로17 17Z90U-GU7BK (SSD 1TB),3728880,,3728880,,,,,
106710245,LG전자 2026 그램 프로17 17Z90U-GU7BK (SSD 2TB),3799980,,3799980,,,,,
106710251,LG전자 2026 그램 프로17 17Z90U-GU7BK (SSD 4TB),4311990,,4311990,,,,,
104989562,LG전자 2026 그램 프로17 17Z90U-GU7BK (SSD 512GB),3498490,,3498510,,,,,
106727762,LG전자 2026 그램 프로17 17ZD90U-GX56K (SSD 1TB),2220000,,2220000,,,,,
104939327,LG전자 2026 그램 프로17 17ZD90U-GX56K (SSD 256GB),2030000,,2030000,,,,,
106727768,LG전자 2026 그램 프로17 17ZD90U-GX56K (SSD 2TB),2487000,,2487000,,,,,
108458210,LG전자 2026 그램 프로17 17ZD90U-GX56K (SSD 4TB),3221000,,3221000,,,,,
106727747,LG전자 2026 그램 프로17 17ZD90U-GX56K (SSD 512GB),2129000,,2129000,,,,,
106734983,LG전자 2026 그램 프로17 17ZD90U-GX59K WIN11 (SSD 1TB),2968940,,2969380,,,,,
106734977,LG전자 2026 그램 프로17 17ZD90U-GX59K WIN11 (SSD 256GB),2681320,,2627240,,,,,
106734986,LG전자 2026 그램 프로17 17ZD90U-GX59K WIN11 (SSD 2TB),3142940,,3143970,,,,,
106734989,LG전자 2026 그램 프로17 17ZD90U-GX59K WIN11 (SSD 4TB),4127080,,4127280,,,,,
106734980,LG전자 2026 그램 프로17 17ZD90U-GX59K WIN11 (SSD 512GB),2906940,,2907650,,,,,
106719890,LG전자 2026 그램 프로17 17ZD90U-GX5BK (SSD 1TB),2255600,,,,,,,
104967191,LG전자 2026 그램 프로17 17ZD90U-GX5BK (SSD 256GB),2061160,,,,,,,
106719893,LG전자 2026 그램 프로17 17ZD90U-GX5BK (SSD 2TB),2429000,,,,,,,
108445550,LG전자 2026 그램 프로17 17ZD90U-GX5BK (SSD 4TB),3299000,,,,,,,
106719878,LG전자 2026 그램 프로17 17ZD90U-GX5BK (SSD 512GB),2118990,,,,,,,
106719734,LG전자 2026 그램 프로17 17ZD90U-GX79K (SSD 1TB),3422390,,3411930,,,,,
104967299,LG전자 2026 그램 프로17 17ZD90U-GX79K (SSD 256GB),3217790,,3217410,,,,,
106719737,LG전자 2026 그램 프로17 17ZD90U-GX79K (SSD 2TB),3798490,,3798690,,,,,
106734770,LG전자 2026 그램 프로17 17ZD90U-GX79K (SSD 4TB),4627930,,4627940,,,,,
106719707,LG전자 2026 그램 프로17 17ZD90U-GX79K (SSD 512GB),3329390,,3315930,,,,,
106719782,LG전자 2026 그램 프로17 17ZD90U-GX79K WIN11 (SSD 1TB),3552210,,3457920,,,,,
106719773,LG전자 2026 그램 프로17 17ZD90U-GX79K WIN11 (SSD 256GB),3207810,,3207930,,,,,
106719791,LG전자 2026 그램 프로17 17ZD90U-GX79K WIN11 (SSD 2TB),3564770,,3564910,,,,,
106734776,LG전자 2026 그램 프로17 17ZD90U-GX79K WIN11 (SSD 4TB),4445990,,4445990,,,,,
106719779,LG전자 2026 그램 프로17 17ZD90U-GX79K WIN11 (SSD 512GB),3344290,,3344430,,,,,
104613815,LG전자 2026 그램 프로360 16T95TP-KA5HK (SSD 1TB),2769530,,2769530,,,,,
104613821,LG전자 2026 그램 프로360 16T95TP-KA5HK (SSD 2TB),2886910,,2886910,,,,,
104613830,LG전자 2026 그램 프로360 16T95TP-KA5HK (SSD 4TB),3807230,,3807230,,,,,
103415996,LG전자 2026 그램 프로360 16T95TP-KA5HK (SSD 512GB),2629000,,2629000,,,,,
103693622,LG전자 2026 그램 프로360 16T95TP-KA5WK (SSD 1TB),2702990,,2703190,,,,,
103693634,LG전자 2026 그램 프로360 16T95TP-KA5WK (SSD 2TB),2836040,,2836080,,,,,
103693643,LG전자 2026 그램 프로360 16T95TP-KA5WK (SSD 4TB),3730240,,3730440,,,,,
103415900,LG전자 2026 그램 프로360 16T95TP-KA5WK (SSD 512GB),2610530,,2610730,,,,,
103601837,LG전자 2026 그램 프로360 16T95TP-KD79K (SSD 1TB),3532580,,3532770,,,,,
103601840,LG전자 2026 그램 프로360 16T95TP-KD79K (SSD 2TB),3679430,,3679620,,,,,
103601849,LG전자 2026 그램 프로360 16T95TP-KD79K (SSD 4TB),4416610,,4416810,,,,,
103415873,LG전자 2026 그램 프로360 16T95TP-KD79K (SSD 512GB),3482230,,3482430,,,,,
103415702,LG전자 2026 그램 프로360 16T95TP-KD7BK (SSD 1TB),3439420,,3439740,,,,,
103691927,LG전자 2026 그램 프로360 16T95TP-KD7BK (SSD 2TB),3664190,,3664190,,,,,
103691945,LG전자 2026 그램 프로360 16T95TP-KD7BK (SSD 4TB),4339230,,4339240,,,,,
106693943,LG전자 2026 그램14 14Z90U-GS59K (SSD 1TB),2697150,,2697350,,,,,
106453532,LG전자 2026 그램14 14Z90U-GS59K (SSD 256GB),2399000,,2399000,,,,,
106693946,LG전자 2026 그램14 14Z90U-GS59K (SSD 2TB),2897560,,2897760,,,,,
106693958,LG전자 2026 그램14 14Z90U-GS59K (SSD 4TB),3424190,,3424390,,,,,
106693937,LG전자 2026 그램14 14Z90U-GS59K (SSD 512GB),2559000,,2559000,,,,,
106693973,LG전자 2026 그램14 14Z90U-GS5WK (SSD 1TB),1925070,,1925270,,,,,
106693979,LG전자 2026 그램14 14Z90U-GS5WK (SSD 2TB),2015780,,2015780,,,,,
106734854,LG전자 2026 그램14 14Z90U-GS5WK (SSD 4TB),3070480,,3070680,,,,,
104987396,LG전자 2026 그램14 14Z90U-GS5WK (SSD 512GB),1825900,,1826100,,,,,
104359250,LG전자 2026 그램14 14Z95U-GS59K (SSD 1TB),2079000,,2078990,,,,,
103451711,LG전자 2026 그램14 14Z95U-GS59K (SSD 256GB),1970630,,1970830,,,,,
104359253,LG전자 2026 그램14 14Z95U-GS59K (SSD 2TB),2348980,,2348980,,,,,
104359262,LG전자 2026 그램14 14Z95U-GS59K (SSD 4TB),2985110,,2985310,,,,,
104359244,LG전자 2026 그램14 14Z95U-GS59K (SSD 512GB),2018990,,2018990,,,,,
103693940,LG전자 2026 그램14 14Z95U-GS5CK (SSD 1TB),1722590,,1722600,,,,,
103451768,LG전자 2026 그램14 14Z95U-GS5CK (SSD 256GB),1528530,,1528730,,,,,
104356034,LG전자 2026 그램14 14Z95U-GS5CK (SSD 2TB),1955340,,1955540,,,,,
104946770,LG전자 2026 그램14 14Z95U-GS5CK (SSD 4TB),2786520,,2786530,,,,,
103693934,LG전자 2026 그램14 14Z95U-GS5CK (SSD 512GB),1624430,,1624630,,,,,
103693913,LG전자 2026 그램14 14Z95U-GS5HK (SSD 1TB),1726050,,1726250,,,,,
103693919,LG전자 2026 그램14 14Z95U-GS5HK (SSD 2TB),1873830,,1874030,,,,,
104320400,LG전자 2026 그램14 14Z95U-GS5HK (SSD 4TB),2482990,,2482990,,,,,
103451489,LG전자 2026 그램14 14Z95U-GS5HK (SSD 512GB),1626260,,1626570,,,,,
103693895,LG전자 2026 그램14 14Z95U-GS5WK (SSD 1TB),1727890,,1728090,,,,,
103693901,LG전자 2026 그램14 14Z95U-GS5WK (SSD 2TB),1933460,,1933660,,,,,
104320307,LG전자 2026 그램14 14Z95U-GS5WK (SSD 4TB),2470750,,2470750,,,,,
103451186,LG전자 2026 그램14 14Z95U-GS5WK (SSD 512GB),1627990,,1627990,,,,,
106217813,LG전자 2026 그램14 14ZD90U-GX56K (SSD 1TB),1859990,,1859990,,,,,
104966654,LG전자 2026 그램14 14ZD90U-GX56K (SSD 256GB),1671450,,1671650,,,,,
106218245,LG전자 2026 그램14 14ZD90U-GX56K (SSD 2TB),2007870,,2008070,,,,,
108417842,LG전자 2026 그램14 14ZD90U-GX56K (SSD 4TB),2668630,,2668830,,,,,
106217210,LG전자 2026 그램14 14ZD90U-GX56K (SSD 512GB),1765480,,1765680,,,,,
106727183,LG전자 2026 그램14 14ZD90U-GX56K WIN11 (SSD 1TB),1882940,,1884020,,,,,
106727177,LG전자 2026 그램14 14ZD90U-GX56K WIN11 (SSD 256GB),1680940,,1681500,,,,,
106727186,LG전자 2026 그램14 14ZD90U-GX56K WIN11 (SSD 2TB),2006940,,2007230,,,,,
108398513,LG전자 2026 그램14 14ZD90U-GX56K WIN11 (SSD 4TB),2589990,,2589990,,,,,
106727180,LG전자 2026 그램14 14ZD90U-GX56K WIN11 (SSD 512GB),1763940,,1764350,,,,,
104041994,LG전자 2026 그램14 14ZD95U-GX56K (SSD 1TB),1655440,,1655660,,,,,
103448942,LG전자 2026 그램14 14ZD95U-GX56K (SSD 256GB),1492370,,1492590,,,,,
104041997,LG전자 2026 그램14 14ZD95U-GX56K (SSD 2TB),1947320,,1879000,,,,,
104223671,LG전자 2026 그램14 14ZD95U-GX56K (SSD 4TB),2455630,,2455830,,,,,
104041985,LG전자 2026 그램14 14ZD95U-GX56K (SSD 512GB),1561530,,1561730,,,,,
104042027,LG전자 2026 그램14 14ZD95U-GX56K WIN11 (SSD 1TB),1719930,,1720660,,,,,
104042018,LG전자 2026 그램14 14ZD95U-GX56K WIN11 (SSD 256GB),1487130,,1487330,,,,,
104042030,LG전자 2026 그램14 14ZD95U-GX56K WIN11 (SSD 2TB),1942350,,1942550,,,,,
104223683,LG전자 2026 그램14 14ZD95U-GX56K WIN11 (SSD 4TB),2549840,,2550040,,,,,
104042024,LG전자 2026 그램14 14ZD95U-GX56K WIN11 (SSD 512GB),1628880,,1628880,,,,,
106687784,LG전자 2026 그램14 14ZD95U-GX5WK (SSD 1TB),1654940,,1655930,,,,,
103451900,LG전자 2026 그램14 14ZD95U-GX5WK (SSD 256GB),1469390,,1469390,,,,,
106687787,LG전자 2026 그램14 14ZD95U-GX5WK (SSD 2TB),1876940,,1877410,,,,,
122628022,LG전자 2026 그램14 14ZD95U-GX5WK (SSD 4TB),2374050,,2374250,,,,,
106687775,LG전자 2026 그램14 14ZD95U-GX5WK (SSD 512GB),1561110,,1561310,,,,,
106687823,LG전자 2026 그램14 14ZD95U-GX5WK WIN11 (SSD 1TB),1694940,,1695410,,,,,
106687817,LG전자 2026 그램14 14ZD95U-GX5WK WIN11 (SSD 256GB),1478630,,1478830,,,,,
106687826,LG전자 2026 그램14 14ZD95U-GX5WK WIN11 (SSD 2TB),1877100,,1877300,,,,,
108415865,LG전자 2026 그램14 14ZD95U-GX5WK WIN11 (SSD 4TB),2395230,,2395430,,,,,
106687802,LG전자 2026 그램14 14ZD95U-GX5WK WIN11 (SSD 512GB),1599300,,1599500,,,,,
108354164,LG전자 2026 그램14 14ZD95U-GX79K (SSD 1TB),2166890,,2166890,,,,,
108354137,LG전자 2026 그램14 14ZD95U-GX79K (SSD 256GB),1976240,,1968990,,,,,
108354170,LG전자 2026 그램14 14ZD95U-GX79K (SSD 2TB),2384500,,2309000,,,,,
122666925,LG전자 2026 그램14 14ZD95U-GX79K (SSD 4TB),3180000,,3180000,,,,,
108354155,LG전자 2026 그램14 14ZD95U-GX79K (SSD 512GB),2021820,,1999000,,,,,
108354185,LG전자 2026 그램14 14ZD95U-GX79K WIN11 (SSD 1TB),2250810,,2251010,,,,,
108354176,LG전자 2026 그램14 14ZD95U-GX79K WIN11 (SSD 256GB),1980430,,1980630,,,,,
108354191,LG전자 2026 그램14 14ZD95U-GX79K WIN11 (SSD 2TB),2453640,,2453840,,,,,
108424109,LG전자 2026 그램14 14ZD95U-GX79K WIN11 (SSD 4TB),2956410,,2956610,,,,,
108354182,LG전자 2026 그램14 14ZD95U-GX79K WIN11 (SSD 512GB),2154860,,2155060,,,,,
105968021,LG전자 2026 그램15 15Z90U-GS59K (SSD 1TB),2698990,,2698990,,,,,
104966864,LG전자 2026 그램15 15Z90U-GS59K (SSD 256GB),2499000,,2499000,,,,,
105968024,LG전자 2026 그램15 15Z90U-GS59K (SSD 2TB),2850000,,2850000,,,,,
106702103,LG전자 2026 그램15 15Z90U-GS59K (SSD 4TB),3600000,,3508990,,,,,
105968009,LG전자 2026 그램15 15Z90U-GS59K (SSD 512GB),2549000,,2549000,,,,,
106720568,LG전자 2026 그램15 15Z90U-GS5CK (SSD 1TB),1932520,,1932570,,,,,
104964911,LG전자 2026 그램15 15Z90U-GS5CK (SSD 256GB),1733570,,1733850,,,,,
106720571,LG전자 2026 그램15 15Z90U-GS5CK (SSD 2TB),2074690,,2074940,,,,,
106720577,LG전자 2026 그램15 15Z90U-GS5CK (SSD 4TB),3098990,,3098990,,,,,
106720553,LG전자 2026 그램15 15Z90U-GS5CK (SSD 512GB),1803470,,1803620,,,,,
106702112,LG전자 2026 그램15 15Z90U-GS5WK (SSD 1TB),1934950,,1936110,,,,,
106702118,LG전자 2026 그램15 15Z90U-GS5WK (SSD 2TB),2080950,,2081590,,,,,
106734926,LG전자 2026 그램15 15Z90U-GS5WK (SSD 4TB),3080000,,3082660,,,,,
104988404,LG전자 2026 그램15 15Z90U-GS5WK (SSD 512GB),1804940,,1805270,,,,,
104356418,LG전자 2026 그램15 15Z95U-GS59K (SSD 1TB),2381590,,2381790,,,,,
103451927,LG전자 2026 그램15 15Z95U-GS59K (SSD 256GB),2190130,,2190330,,,,,
104356568,LG전자 2026 그램15 15Z95U-GS59K (SSD 2TB),2611980,,2611980,,,,,
104356880,LG전자 2026 그램15 15Z95U-GS59K (SSD 4TB),3000000,,3000000,,,,,
104356067,LG전자 2026 그램15 15Z95U-GS59K (SSD 512GB),2298260,,2298320,,,,,
103693892,LG전자 2026 그램15 15Z95U-GS5CK (SSD 1TB),1859860,,1860060,,,,,
103451963,LG전자 2026 그램15 15Z95U-GS5CK (SSD 256GB),1637010,,1637210,,,,,
104356043,LG전자 2026 그램15 15Z95U-GS5CK (SSD 2TB),2020010,,2020260,,,,,
104947481,LG전자 2026 그램15 15Z95U-GS5CK (SSD 4TB),3000000,,3000000,,,,,
103693886,LG전자 2026 그램15 15Z95U-GS5CK (SSD 512GB),1756600,,1756790,,,,,
103693841,LG전자 2026 그램15 15Z95U-GS5HK (SSD 1TB),1874460,,1875160,,,,,
103693853,LG전자 2026 그램15 15Z95U-GS5HK (SSD 2TB),2059380,,2059640,,,,,
104313872,LG전자 2026 그램15 15Z95U-GS5HK (SSD 4TB),3176740,,3176740,,,,,
103451471,LG전자 2026 그램15 15Z95U-GS5HK (SSD 512GB),1732380,,1732380,,,,,
103693868,LG전자 2026 그램15 15Z95U-GS5WK (SSD 1TB),1872770,,1873250,,,,,
103693871,LG전자 2026 그램15 15Z95U-GS5WK (SSD 2TB),1955990,,1955990,,,,,
104320283,LG전자 2026 그램15 15Z95U-GS5WK (SSD 4TB),3084740,,3084940,,,,,
103451189,LG전자 2026 그램15 15Z95U-GS5WK (SSD 512GB),1745700,,1746190,,,,,
103451192,LG전자 2026 그램15 15Z95U-GU7WK (SSD 1TB),2487070,,2487270,,,,,
104359415,LG전자 2026 그램15 15Z95U-GU7WK (SSD 2TB),2600070,,2600070,,,,,
104359427,LG전자 2026 그램15 15Z95U-GU7WK (SSD 4TB),3378990,,3378990,,,,,
105816770,LG전자 2026 그램15 15ZD90U-GX56K (SSD 1TB),1892660,,1892860,,,,,
104946818,LG전자 2026 그램15 15ZD90U-GX56K (SSD 256GB),1718130,,1718330,,,,,
105816797,LG전자 2026 그램15 15ZD90U-GX56K (SSD 2TB),2100920,,2101120,,,,,
122616243,LG전자 2026 그램15 15ZD90U-GX56K (SSD 4TB),2486800,,2486800,,,,,
105968081,LG전자 2026 그램15 15ZD90U-GX56K (SSD 512GB),1823100,,1823300,,,,,
105816830,LG전자 2026 그램15 15ZD90U-GX56K WIN11 (SSD 1TB),1946540,,1946740,,,,,
105816818,LG전자 2026 그램15 15ZD90U-GX56K WIN11 (SSD 256GB),1725940,,1726140,,,,,
105816836,LG전자 2026 그램15 15ZD90U-GX56K WIN11 (SSD 2TB),2117280,,2117480,,,,,
108446597,LG전자 2026 그램15 15ZD90U-GX56K WIN11 (SSD 4TB),2493800,,2493800,,,,,
105816827,LG전자 2026 그램15 15ZD90U-GX56K WIN11 (SSD 512GB),1811690,,1811890,,,,,
105967910,LG전자 2026 그램15 15ZD90U-GX59K (SSD 1TB),2700000,,2700000,,,,,
104966918,LG전자 2026 그램15 15ZD90U-GX59K (SSD 256GB),2389990,,2389990,,,,,
105967913,LG전자 2026 그램15 15ZD90U-GX59K (SSD 2TB),2791590,,2791790,,,,,
108411089,LG전자 2026 그램15 15ZD90U-GX59K (SSD 4TB),3309760,,3309760,,,,,
105967892,LG전자 2026 그램15 15ZD90U-GX59K (SSD 512GB),2550000,,2550000,,,,,
103453181,LG전자 2026 그램15 15ZD95U-GX56K (SSD 1TB),1811320,,1811520,,,,,
103451750,LG전자 2026 그램15 15ZD95U-GX56K (SSD 256GB),1611100,,1611300,,,,,
104320352,LG전자 2026 그램15 15ZD95U-GX56K (SSD 2TB),1970520,,1970720,,,,,
104558144,LG전자 2026 그램15 15ZD95U-GX56K (SSD 4TB),2674850,,2675050,,,,,
103453178,LG전자 2026 그램15 15ZD95U-GX56K (SSD 512GB),1724240,,1724440,,,,,
103453190,LG전자 2026 그램15 15ZD95U-GX56K WIN11 (SSD 1TB),1856510,,1856710,,,,,
103453184,LG전자 2026 그램15 15ZD95U-GX56K WIN11 (SSD 256GB),1655170,,1655370,,,,,
104320379,LG전자 2026 그램15 15ZD95U-GX56K WIN11 (SSD 2TB),2058950,,2059150,,,,,
104570543,LG전자 2026 그램15 15ZD95U-GX56K WIN11 (SSD 4TB),2689930,,2690130,,,,,
103453187,LG전자 2026 그램15 15ZD95U-GX56K WIN11 (SSD 512GB),1766390,,1766510,,,,,
103453199,LG전자 2026 그램15 15ZD95U-GX59K (SSD 1TB),2342870,,2343090,,,,,
103451612,LG전자 2026 그램15 15ZD95U-GX59K (SSD 256GB),2135000,,2135000,,,,,
104316605,LG전자 2026 그램15 15ZD95U-GX59K (SSD 2TB),2546230,,2546430,,,,,
104316806,LG전자 2026 그램15 15ZD95U-GX59K (SSD 4TB),2974030,,2974230,,,,,
103453193,LG전자 2026 그램15 15ZD95U-GX59K (SSD 512GB),2109000,,2109000,,,,,
103453208,LG전자 2026 그램15 15ZD95U-GX59K WIN11 (SSD 1TB),2349940,,2350430,,,,,
103453202,LG전자 2026 그램15 15ZD95U-GX59K WIN11 (SSD 256GB),2166220,,2166410,,,,,
104318693,LG전자 2026 그램15 15ZD95U-GX59K WIN11 (SSD 2TB),2552940,,2553310,,,,,
104318891,LG전자 2026 그램15 15ZD95U-GX59K WIN11 (SSD 4TB),3088280,,3088480,,,,,
103453205,LG전자 2026 그램15 15ZD95U-GX59K WIN11 (SSD 512GB),2248990,,2248990,,,,,
106727549,LG전자 2026 그램15 15ZD95U-GX5WK (SSD 1TB),1822630,,1822830,,,,,
103451993,LG전자 2026 그램15 15ZD95U-GX5WK (SSD 256GB),1620740,,1620970,,,,,
106727552,LG전자 2026 그램15 15ZD95U-GX5WK (SSD 2TB),1984870,,1985100,,,,,
106729298,LG전자 2026 그램15 15ZD95U-GX5WK (SSD 4TB),2693000,,2693000,,,,,
104946773,LG전자 2026 그램15 15ZD95U-GX5WK (SSD 512GB),1718130,,1718330,,,,,
106720985,LG전자 2026 그램15 15ZD95U-GX5WK WIN11 (SSD 1TB),1819730,,1819930,,,,,
104946776,LG전자 2026 그램15 15ZD95U-GX5WK WIN11 (SSD 256GB),1612200,,1612400,,,,,
106720988,LG전자 2026 그램15 15ZD95U-GX5WK WIN11 (SSD 2TB),1963410,,1963410,,,,,
106720991,LG전자 2026 그램15 15ZD95U-GX5WK WIN11 (SSD 4TB),2730000,,2730000,,,,,
104946779,LG전자 2026 그램15 15ZD95U-GX5WK WIN11 (SSD 512GB),1705410,,1705610,,,,,
108363767,LG전자 2026 그램15 15ZD95U-GX79K (SSD 1TB),2391450,,2391650,,,,,
108355487,LG전자 2026 그램15 15ZD95U-GX79K (SSD 256GB),2190000,,2190000,,,,,
108363770,LG전자 2026 그램15 15ZD95U-GX79K (SSD 2TB),2650000,,2650000,,,,,
108411491,LG전자 2026 그램15 15ZD95U-GX79K (SSD 4TB),3168340,,3168540,,,,,
108363755,LG전자 2026 그램15 15ZD95U-GX79K (SSD 512GB),2277470,,2277670,,,,,
108363797,LG전자 2026 그램15 15ZD95U-GX79K WIN11 (SSD 1TB),2524950,,2525530,,,,,
108363791,LG전자 2026 그램15 15ZD95U-GX79K WIN11 (SSD 256GB),2201640,,2201640,,,,,
108363800,LG전자 2026 그램15 15ZD95U-GX79K WIN11 (SSD 2TB),2699990,,2699990,,,,,
108411452,LG전자 2026 그램15 15ZD95U-GX79K WIN11 (SSD 4TB),3212850,,3213050,,,,,
108363794,LG전자 2026 그램15 15ZD95U-GX79K WIN11 (SSD 512GB),2360740,,2360740,,,,,
124326763,LG전자 그램북 14U40V-GA5CK (SSD 1TB),1652240,,,,,,,
124152880,LG전자 그램북 14U40V-GA5CK (SSD 256GB),1470930,,,,,,,
124326764,LG전자 그램북 14U40V-GA5CK (SSD 2TB),1817990,,,,,,,
124326762,LG전자 그램북 14U40V-GA5CK (SSD 512GB),1558960,,,,,,,
104615204,LG전자 그램북 15U50U-GA5HK (SSD 1TB),1305950,,1306150,,,,,
103452851,LG전자 그램북 15U50U-GA5HK (SSD 256GB),1123940,,1124140,,,,,
104615207,LG전자 그램북 15U50U-GA5HK (SSD 2TB),1449810,,1450010,,,,,
104966942,LG전자 그램북 15U50U-GA5HK (SSD 4TB),2472880,,2472880,,,,,
104615192,LG전자 그램북 15U50U-GA5HK (SSD 512GB),1243980,,1244310,,,,,
105813545,LG전자 그램북 15U50U-GR5CK (SSD 1TB),1248890,,1248890,,,,,
103452506,LG전자 그램북 15U50U-GR5CK (SSD 256GB),949290,,949330,,,,,
105813548,LG전자 그램북 15U50U-GR5CK (SSD 2TB),1396930,,1396970,,,,,
106747286,LG전자 그램북 15U50U-GR5CK (SSD 4TB),2889990,,2889990,,,,,
105813530,LG전자 그램북 15U50U-GR5CK (SSD 512GB),1098980,,1098990,,,,,
103691192,LG전자 그램북 15U50U-GROWK (SSD 1TB),1138130,,1138330,,,,,
104749781,LG전자 그램북 15U50U-GROWK (SSD 256GB),958710,,958730,,,,,
103691198,LG전자 그램북 15U50U-GROWK (SSD 2TB),1375960,,1376020,,,,,
106747565,LG전자 그램북 15U50U-GROWK (SSD 4TB),2579810,,2579810,,,,,
103452794,LG전자 그램북 15U50U-GROWK (SSD 512GB),1059340,,1059330,,,,,
103808117,LG전자 그램북 15UD50U-GX5JK (SSD 1TB),1104940,,1105140,,,,,
103414757,LG전자 그램북 15UD50U-GX5JK (SSD 256GB),927840,,928060,,,,,
103808123,LG전자 그램북 15UD50U-GX5JK (SSD 2TB),1275000,,1275000,,,,,
105816806,LG전자 그램북 15UD50U-GX5JK (SSD 4TB),1729570,,1729770,,,,,
103808099,LG전자 그램북 15UD50U-GX5JK (SSD 512GB),999000,,999000,,,,,
124101767,LG전자 그램북 15UD50U-GX5JK (모니터 패키지),1198960,,1198960,,,,,
103808138,LG전자 그램북 15UD50U-GX5JK 16GB램 (SSD 1TB),1259000,,1259000,,,,,
103808132,LG전자 그램북 15UD50U-GX5JK 16GB램 (SSD 256GB),1090720,,1090940,,,,,
103808141,LG전자 그램북 15UD50U-GX5JK 16GB램 (SSD 2TB),1442000,,1442000,,,,,
105816857,LG전자 그램북 15UD50U-GX5JK 16GB램 (SSD 4TB),1888510,,1888710,,,,,
103808135,LG전자 그램북 15UD50U-GX5JK 16GB램 (SSD 512GB),1167000,,1152280,,,,,
104545391,LG전자 그램북 15UD50U-GX5JK WIN11 (SSD 1TB),1110940,,1111140,,,,,
104543795,LG전자 그램북 15UD50U-GX5JK WIN11 (SSD 256GB),928820,,929020,,,,,
104628476,LG전자 그램북 15UD50U-GX5JK WIN11 (SSD 2TB),1262110,,1262350,,,,,
104988287,LG전자 그램북 15UD50U-GX5JK WIN11 (SSD 4TB),1740960,,1737000,,,,,
104544596,LG전자 그램북 15UD50U-GX5JK WIN11 (SSD 512GB),1007940,,1008140,,,,,
104547527,LG전자 그램북 15UD50U-GX5JK WIN11 16GB램 (SSD 1TB),1258750,,1258750,,,,,
104547293,LG전자 그램북 15UD50U-GX5JK WIN11 16GB램 (SSD 256GB),1104190,,1104410,,,,,
104628479,LG전자 그램북 15UD50U-GX5JK WIN11 16GB램 (SSD 2TB),1448750,,1448750,,,,,
104988149,LG전자 그램북 15UD50U-GX5JK WIN11 16GB램 (SSD 4TB),1905570,,1896000,,,,,
104547752,LG전자 그램북 15UD50U-GX5JK WIN11 16GB램 (SSD 512GB),1170000,,1169450,,,,,
104628494,LG전자 그램북 15UD50U-GX5JK WIN11 32GB램 (SSD 1TB),1652360,,1652560,,,,,
104628488,LG전자 그램북 15UD50U-GX5JK WIN11 32GB램 (SSD 256GB),1473450,,1473450,,,,,
104628497,LG전자 그램북 15UD50U-GX5JK WIN11 32GB램 (SSD 2TB),1764150,,1764150,,,,,
104988095,LG전자 그램북 15UD50U-GX5JK WIN11 32GB램 (SSD 4TB),2371020,,2371020,,,,,
104628491,LG전자 그램북 15UD50U-GX5JK WIN11 32GB램 (SSD 512GB),1551660,,1551860,,,,,
104988482,LG전자 그램북 15UD50U-GX5JK WIN11 64GB램 (SSD 1TB),2269150,,2269150,,,,,
104988470,LG전자 그램북 15UD50U-GX5JK WIN11 64GB램 (SSD 256GB),1991130,,1991130,,,,,
104988485,LG전자 그램북 15UD50U-GX5JK WIN11 64GB램 (SSD 2TB),2431530,,2431730,,,,,
108415748,LG전자 그램북 15UD50U-GX5JK WIN11 64GB램 (SSD 4TB),3043830,,3044030,,,,,
104988473,LG전자 그램북 15UD50U-GX5JK WIN11 64GB램 (SSD 512GB),2150000,,2150000,,,,,
108408755,LG전자 그램북 15UD50U-GX5KK WIN11 (SSD 1TB),1296010,,1296210,,,,,
108408737,LG전자 그램북 15UD50U-GX5KK WIN11 (SSD 256GB),1121990,,1121970,,,,,
108408761,LG전자 그램북 15UD50U-GX5KK WIN11 (SSD 2TB),1452470,,1452830,,,,,
124277502,LG전자 그램북 15UD50U-GX5KK WIN11 (SSD 4TB),1849990,,1849990,,,,,
108408743,LG전자 그램북 15UD50U-GX5KK WIN11 (SSD 512GB),1202590,,1202790,,,,,
122683111,LG전자 그램북 16U55U-GS5CK (SSD 1TB),1481680,,,,,,,
122683073,LG전자 그램북 16U55U-GS5CK (SSD 256GB),1294440,,,,,,,
122683112,LG전자 그램북 16U55U-GS5CK (SSD 2TB),1848950,,,,,,,
122683100,LG전자 그램북 16U55U-GS5CK (SSD 512GB),1395050,,,,,,,
122632205,LG전자 그램북 16U55U-GS5HK (SSD 1TB),1526970,,1527710,,,,,
122632211,LG전자 그램북 16U55U-GS5HK (SSD 2TB),1661140,,1661220,,,,,
122627055,LG전자 그램북 16U55U-GS5HK (SSD 512GB),1413970,,1414530,,,,,
122630462,LG전자 그램북 16U55U-GSOWK (SSD 1TB),1461020,,1462950,,,,,
122624573,LG전자 그램북 16U55U-GSOWK (SSD 256GB),1239720,,1228980,,,,,
122630463,LG전자 그램북 16U55U-GSOWK (SSD 2TB),1626350,,1626450,,,,,
122630461,LG전자 그램북 16U55U-GSOWK (SSD 512GB),1355210,,1361840,,,,,
122627075,LG전자 그램북 16UD55U-GX5JK (SSD 1TB),1477320,,1477400,,,,,
122627065,LG전자 그램북 16UD55U-GX5JK (SSD 256GB),1197210,,1197210,,,,,
122627077,LG전자 그램북 16UD55U-GX5JK (SSD 2TB),1596800,,1596810,,,,,
122627072,LG전자 그램북 16UD55U-GX5JK (SSD 512GB),1345750,,1345810,,,,,
124101789,LG전자 그램북 16UD55U-GX5JK (모니터 패키지),1501820,,1501820,,,,,
122632225,LG전자 그램북 16UD55U-GX5JK WIN11 (SSD 1TB),1497950,,1497950,,,,,
122632230,LG전자 그램북 16UD55U-GX5JK WIN11 (SSD 256GB),1218900,,1199000,,,,,
122632227,LG전자 그램북 16UD55U-GX5JK WIN11 (SSD 2TB),1618190,,1618190,,,,,
124180709,LG전자 그램북 16UD55U-GX5JK WIN11 (SSD 4TB),2378990,,2378990,,,,,
122632223,LG전자 그램북 16UD55U-GX5JK WIN11 (SSD 512GB),1377320,,1377320,,,,,
72975113,LG전자 울트라PC 15U50T-GA5HK (SSD 1TB),1186330,,1186530,,,,,
70335374,LG전자 울트라PC 15U50T-GA5HK (SSD 256GB),1002510,,1002710,,,,,
73560794,LG전자 울트라PC 15U50T-GA5HK (SSD 2TB),1378390,,1378590,,,,,
78783083,LG전자 울트라PC 15U50T-GA5HK (SSD 4TB),1969980,,1969980,,,,,
72975095,LG전자 울트라PC 15U50T-GA5HK (SSD 512GB),1078910,,1078920,,,,,
72718436,LG전자 울트라PC 15U50T-GR3CK (SSD 1TB),1128990,,1128990,,,,,
70335428,LG전자 울트라PC 15U50T-GR3CK (SSD 256GB),916970,,916970,,,,,
72718454,LG전자 울트라PC 15U50T-GR3CK (SSD 2TB),1329180,,1329380,,,,,
73696148,LG전자 울트라PC 15U50T-GR3CK (SSD 4TB),2178990,,2178990,,,,,
72718358,LG전자 울트라PC 15U50T-GR3CK (SSD 512GB),930900,,930900,,,,,
72816596,LG전자 울트라PC 15U50T-GR50K (SSD 1TB),1098990,,1098990,,,,,
70672811,LG전자 울트라PC 15U50T-GR50K (SSD 256GB),887150,,887150,,,,,
73429262,LG전자 울트라PC 15U50T-GR50K (SSD 2TB),1307540,,1307740,,,,,
98245037,LG전자 울트라PC 15U50T-GR50K (SSD 4TB),2128990,,2128990,,,,,
72816566,LG전자 울트라PC 15U50T-GR50K (SSD 512GB),1016630,,1016830,,,,,
72816629,LG전자 울트라PC 15U50T-GR50K 16GB램 (SSD 1TB),1198990,,1198990,,,,,
72816623,LG전자 울트라PC 15U50T-GR50K 16GB램 (SSD 256GB),998990,,998990,,,,,
73429268,LG전자 울트라PC 15U50T-GR50K 16GB램 (SSD 2TB),1396330,,1396530,,,,,
98245064,LG전자 울트라PC 15U50T-GR50K 16GB램 (SSD 4TB),2208990,,2208990,,,,,
72816626,LG전자 울트라PC 15U50T-GR50K 16GB램 (SSD 512GB),1082990,,1082990,,,,,
71906051,LG전자 울트라PC 15U50T-GROWK (SSD 1TB),1109200,,1109400,,,,,
70335269,LG전자 울트라PC 15U50T-GROWK (SSD 256GB),887150,,887150,,,,,
71906060,LG전자 울트라PC 15U50T-GROWK (SSD 2TB),1288390,,1288590,,,,,
73696439,LG전자 울트라PC 15U50T-GROWK (SSD 4TB),2266640,,2266640,,,,,
71906042,LG전자 울트라PC 15U50T-GROWK (SSD 512GB),958990,,958990,,,,,
97123247,LG전자 울트라PC 15U55T-GP7KL (SSD 1TB),1837000,,1837000,,,,,
97123259,LG전자 울트라PC 15U55T-GP7KL (SSD 2TB),2000000,,2000000,,,,,
97123268,LG전자 울트라PC 15U55T-GP7KL (SSD 4TB),2477000,,2477000,,,,,
97123229,LG전자 울트라PC 15U55T-GP7KL (SSD 512GB),1838000,,1838000,,,,,
71159597,LG전자 울트라PC 15UD50T-GX5JK (SSD 1TB),1041200,,1041200,,,,,
70102928,LG전자 울트라PC 15UD50T-GX5JK (SSD 256GB),898210,,898410,,,,,
71777360,LG전자 울트라PC 15UD50T-GX5JK (SSD 2TB),1209050,,1209250,,,,,
79557908,LG전자 울트라PC 15UD50T-GX5JK (SSD 4TB),1880380,,1880670,,,,,
71159588,LG전자 울트라PC 15UD50T-GX5JK (SSD 512GB),945510,,945710,,,,,
71777420,LG전자 울트라PC 15UD50T-GX5JK 16GB램 (SSD 1TB),1160090,,1160290,,,,,
71777396,LG전자 울트라PC 15UD50T-GX5JK 16GB램 (SSD 256GB),971090,,971290,,,,,
73471988,LG전자 울트라PC 15UD50T-GX5JK 16GB램 (SSD 2TB),1288880,,1289080,,,,,
79557926,LG전자 울트라PC 15UD50T-GX5JK 16GB램 (SSD 4TB),2155000,,2155000,,,,,
71777411,LG전자 울트라PC 15UD50T-GX5JK 16GB램 (SSD 512GB),1037630,,1037830,,,,,
71777480,LG전자 울트라PC 15UD50T-GX5JK 32GB램 (SSD 1TB),1375390,,1375590,,,,,
71777459,LG전자 울트라PC 15UD50T-GX5JK 32GB램 (SSD 256GB),1166650,,1166850,,,,,
73472000,LG전자 울트라PC 15UD50T-GX5JK 32GB램 (SSD 2TB),1470390,,1470590,,,,,
79557935,LG전자 울트라PC 15UD50T-GX5JK 32GB램 (SSD 4TB),2414000,,2450000,,,,,
71777471,LG전자 울트라PC 15UD50T-GX5JK 32GB램 (SSD 512GB),1251680,,1249000,,,,,
72721670,LG전자 울트라PC 15UD50T-GX5JK WIN11 (SSD 1TB),1067250,,1067450,,,,,
72721655,LG전자 울트라PC 15UD50T-GX5JK WIN11 (SSD 256GB),858000,,917770,,,,,
72721721,LG전자 울트라PC 15UD50T-GX5JK WIN11 (SSD 2TB),1230380,,1230580,,,,,
79558355,LG전자 울트라PC 15UD50T-GX5JK WIN11 (SSD 4TB),1613900,,1613900,,,,,
72721661,LG전자 울트라PC 15UD50T-GX5JK WIN11 (SSD 512GB),974810,,975010,,,,,
72592589,LG전자 울트라PC 15UD50T-GX5JK WIN11 16GB램 (SSD 1TB),1193820,,1194020,,,,,
72592571,LG전자 울트라PC 15UD50T-GX5JK WIN11 16GB램 (SSD 256GB),1003150,,949000,,,,,
72592595,LG전자 울트라PC 15UD50T-GX5JK WIN11 16GB램 (SSD 2TB),1298450,,1298650,,,,,
79558370,LG전자 울트라PC 15UD50T-GX5JK WIN11 16GB램 (SSD 4TB),2024000,,2088820,,,,,
72592580,LG전자 울트라PC 15UD50T-GX5JK WIN11 16GB램 (SSD 512GB),1059970,,1060170,,,,,
19109441,MSI GF시리즈 Sword GF76 B13VEK WIN11 (SSD 1TB),2008040,,2008140,,,,,
19109450,MSI GF시리즈 Sword GF76 B13VEK WIN11 (SSD 2TB),2119460,,2092660,,,,,
96257096,MSI GF시리즈 Sword GF76 B13VEK WIN11 (SSD 4TB),2299000,,2299000,,,,,
19109468,MSI GF시리즈 Sword GF76 B13VEK WIN11 (SSD 512GB),1859060,,1539800,,,,,
19109387,MSI GF시리즈 Sword GF76 B13VEK WIN11 32GB램 (SSD 1TB),2388630,,2311540,,,,,
19109396,MSI GF시리즈 Sword GF76 B13VEK WIN11 32GB램 (SSD 2TB),2476580,,2417030,,,,,
91867235,MSI GF시리즈 Sword GF76 B13VEK WIN11 32GB램 (SSD 4TB),2799000,,2799000,,,,,
19109384,MSI GF시리즈 Sword GF76 B13VEK WIN11 32GB램 (SSD 512GB),2246940,,2247040,,,,,
19109357,MSI GF시리즈 Sword GF76 B13VEK WIN11 64GB램 (SSD 1TB),2963860,,2963960,,,,,
19109363,MSI GF시리즈 Sword GF76 B13VEK WIN11 64GB램 (SSD 2TB),3096840,,3096940,,,,,
96257186,MSI GF시리즈 Sword GF76 B13VEK WIN11 64GB램 (SSD 4TB),2699000,,2699000,,,,,
19109351,MSI GF시리즈 Sword GF76 B13VEK WIN11 64GB램 (SSD 512GB),2875000,,2875100,,,,,
36789254,MSI GF시리즈 소드 GF66 A AI B8VF-R7 (SSD 1TB),1669000,,,,,,,
36789260,MSI GF시리즈 소드 GF66 A AI B8VF-R7 (SSD 2TB),1924000,,,,,,,
43668167,MSI GF시리즈 소드 GF66 A AI B8VF-R7 (SSD 4TB),2600000,,,,,,,
35810942,MSI GF시리즈 소드 GF66 A AI B8VF-R7 (SSD 512GB),1589000,,,,,,,
36789317,MSI GF시리즈 소드 GF66 A AI B8VF-R7 64GB램 (SSD 1TB),2826260,,2755000,,,,,
36789320,MSI GF시리즈 소드 GF66 A AI B8VF-R7 64GB램 (SSD 2TB),3020980,,3021180,,,,,
43694615,MSI GF시리즈 소드 GF66 A AI B8VF-R7 64GB램 (SSD 4TB),3977600,,3893900,,,,,
36789314,MSI GF시리즈 소드 GF66 A AI B8VF-R7 64GB램 (SSD 512GB),2939470,,1549000,,,,,
36789374,MSI GF시리즈 소드 GF66 A AI B8VF-R7 WIN11 (SSD 1TB),1679000,,1679000,,,,,
36789380,MSI GF시리즈 소드 GF66 A AI B8VF-R7 WIN11 (SSD 2TB),1959000,,1959000,,,,,
43675310,MSI GF시리즈 소드 GF66 A AI B8VF-R7 WIN11 (SSD 4TB),2675000,,2700000,,,,,
36789356,MSI GF시리즈 소드 GF66 A AI B8VF-R7 WIN11 (SSD 512GB),1670000,,1670000,,,,,
36789407,MSI GF시리즈 소드 GF66 A AI B8VF-R7 WIN11 32GB램 (SSD 1TB),2009000,,2009000,,,,,
36789416,MSI GF시리즈 소드 GF66 A AI B8VF-R7 WIN11 32GB램 (SSD 2TB),2289000,,2289000,,,,,
43687241,MSI GF시리즈 소드 GF66 A AI B8VF-R7 WIN11 32GB램 (SSD 4TB),2815000,,3248000,,,,,
36789401,MSI GF시리즈 소드 GF66 A AI B8VF-R7 WIN11 32GB램 (SSD 512GB),1879000,,1879000,,,,,
36789425,MSI GF시리즈 소드 GF66 A AI B8VF-R7 WIN11 64GB램 (SSD 1TB),3019990,,,,,,,
36789431,MSI GF시리즈 소드 GF66 A AI B8VF-R7 WIN11 64GB램 (SSD 2TB),3040320,,,,,,,
43703846,MSI GF시리즈 소드 GF66 A AI B8VF-R7 WIN11 64GB램 (SSD 4TB),3894050,,,,,,,
36789422,MSI GF시리즈 소드 GF66 A AI B8VF-R7 WIN11 64GB램 (SSD 512GB),2961110,,,,,,,
50127509,MSI GF시리즈 소드 GF76 A AI B8VF-R7 WIN11 32GB램 (SSD 1TB),2262550,,2262750,,,,,
50127512,MSI GF시리즈 소드 GF76 A AI B8VF-R7 WIN11 32GB램 (SSD 2TB),2453240,,2453440,,,,,
79407863,MSI GF시리즈 소드 GF76 A AI B8VF-R7 WIN11 32GB램 (SSD 4TB),3290000,,3290000,,,,,
50127506,MSI GF시리즈 소드 GF76 A AI B8VF-R7 WIN11 32GB램 (SSD 512GB),2163770,,2163970,,,,,
122656095,MSI 레이더 16 Max HX B2WI-U9+ QHD+ OLED W11 (SSD 1TB),5599000,,5599000,,,,,
122667422,MSI 레이더 16 Max HX B2WI-U9+ QHD+ OLED W11 (SSD 2TB),6330070,,6199000,,,,,
122667424,MSI 레이더 16 Max HX B2WI-U9+ QHD+ OLED W11 (SSD 4TB),6838740,,6853750,,,,,
122667436,MSI 레이더 16 Max HX B2WI-U9+ QHD+ OLED W11 64GB램 (SSD 1TB),6832270,,6699000,,,,,
122667437,MSI 레이더 16 Max HX B2WI-U9+ QHD+ OLED W11 64GB램 (SSD 2TB),6943800,,6899000,,,,,
122667438,MSI 레이더 16 Max HX B2WI-U9+ QHD+ OLED W11 64GB램 (SSD 4TB),7342620,,7473150,,,,,
122658886,MSI 레이더 18 Max HX A2WJ-U9+ UHD+ Mini LED W11 (SSD 2TB),8690410,,8690410,,,,,
122667344,MSI 레이더 18 Max HX A2WJ-U9+ UHD+ Mini LED W11 (SSD 4TB),9421200,,9421400,,,,,
102355880,MSI 레이더 A18 HX A9WHG-R9 QHD+ WIN11 64GB램 (SSD 1TB),4990000,,,,,,,
102355883,MSI 레이더 A18 HX A9WHG-R9 QHD+ WIN11 64GB램 (SSD 2TB),6000000,,,,,,,
102355886,MSI 레이더 A18 HX A9WHG-R9 QHD+ WIN11 64GB램 (SSD 4TB),5800000,,,,,,,
78999269,MSI 레이더 A18 HX A9WJG-R9 UHD+ Mini LED W11 (SSD 2TB),7498990,,7308930,,,,,
80569703,MSI 레이더 A18 HX A9WJG-R9 UHD+ Mini LED W11 (SSD 4TB),8910220,,8910420,,,,,
19504091,MSI 모던시리즈 모던 14 C7M-R5 (SSD 1TB),835860,,835960,,,,,
19504109,MSI 모던시리즈 모던 14 C7M-R5 (SSD 2TB),999990,,999990,,,,,
100385870,MSI 모던시리즈 모던 14 C7M-R5 (SSD 4TB),1900000,,1300500,,,,,
19475165,MSI 모던시리즈 모던 14 C7M-R5 (SSD 512GB),638950,,629000,,,,,
63464300,MSI 모던시리즈 모던 14 C7M-R5 매트 블랙 WIN11 (SSD 1TB),879100,,807990,,,,,
63464303,MSI 모던시리즈 모던 14 C7M-R5 매트 블랙 WIN11 (SSD 2TB),1021980,,1021980,,,,,
90157154,MSI 모던시리즈 모던 14 C7M-R5 매트 블랙 WIN11 (SSD 4TB),1500000,,1303700,,,,,
32040158,MSI 모던시리즈 모던 14 C7M-R5 매트 블랙 WIN11 (SSD 512GB),648990,,648990,,,,,
122720636,MSI 모던시리즈 모던 14S AI+ G3MG-U5 OLED (SSD 1TB),1655000,,1655000,,,,,
122720638,MSI 모던시리즈 모던 14S AI+ G3MG-U5 OLED (SSD 2TB),1815050,,1815210,,,,,
122710637,MSI 모던시리즈 모던 14S AI+ G3MG-U5 OLED (SSD 512GB),1484000,,1429000,,,,,
122720695,MSI 모던시리즈 모던 14S AI+ G3MG-U7 OLED (SSD 1TB),1740000,,1740000,,,,,
122720740,MSI 모던시리즈 모던 14S AI+ G3MG-U7 OLED (SSD 2TB),1944810,,1929000,,,,,
122710615,MSI 모던시리즈 모던 14S AI+ G3MG-U7 OLED (SSD 512GB),1598990,,1529000,,,,,
122720765,MSI 모던시리즈 모던 14S AI+ G3MG-U7 OLED WIN11 32GB램 (SSD 1TB),2139300,,,,,,,
122720769,MSI 모던시리즈 모던 14S AI+ G3MG-U7 OLED WIN11 32GB램 (SSD 2TB),2256320,,,,,,,
122720766,MSI 모던시리즈 모던 14S AI+ G3MG-U7 OLED WIN11 32GB램 (SSD 512GB),2006210,,,,,,,
75988568,MSI 모던시리즈 모던 15 B7M-R5 포스 W11 (SSD 1TB),1071000,,1071000,,,,,
75988583,MSI 모던시리즈 모던 15 B7M-R5 포스 W11 (SSD 2TB),1045000,,1045000,,,,,
76328669,MSI 모던시리즈 모던 15 B7M-R5 포스 W11 (SSD 4TB),1290000,,1290000,,,,,
74805575,MSI 모던시리즈 모던 15 B7M-R5 포스 W11 (SSD 512GB),896000,,896000,,,,,
122690763,MSI 모던시리즈 모던 16S AI+ G3MG-U5 16GB램 (SSD 1TB),1242440,,1242640,,,,,
122690765,MSI 모던시리즈 모던 16S AI+ G3MG-U5 16GB램 (SSD 2TB),1412610,,1412810,,,,,
122690761,MSI 모던시리즈 모던 16S AI+ G3MG-U5 16GB램 (SSD 512GB),1136040,,1136240,,,,,
122690780,MSI 모던시리즈 모던 16S AI+ G3MG-U5 32GB램 (SSD 1TB),1499590,,1499790,,,,,
122690783,MSI 모던시리즈 모던 16S AI+ G3MG-U5 32GB램 (SSD 2TB),1668130,,1668330,,,,,
122690778,MSI 모던시리즈 모던 16S AI+ G3MG-U5 32GB램 (SSD 512GB),1392820,,1393020,,,,,
122690681,MSI 모던시리즈 모던 16S AI+ G3MG-U5 OLED (SSD 1TB),1600890,,1601090,,,,,
122690685,MSI 모던시리즈 모던 16S AI+ G3MG-U5 OLED (SSD 2TB),1687550,,1687750,,,,,
122682131,MSI 모던시리즈 모던 16S AI+ G3MG-U5 OLED (SSD 512GB),1539000,,1529000,,,,,
122686706,MSI 모던시리즈 모던 16S AI+ G3MG-U5 OLED WIN11 (SSD 1TB),1615100,,1615300,,,,,
122690676,MSI 모던시리즈 모던 16S AI+ G3MG-U5 OLED WIN11 (SSD 2TB),1752380,,1752580,,,,,
122690677,MSI 모던시리즈 모던 16S AI+ G3MG-U5 OLED WIN11 (SSD 4TB),2650000,,2650000,,,,,
122686702,MSI 모던시리즈 모던 16S AI+ G3MG-U5 OLED WIN11 (SSD 512GB),1491040,,1491240,,,,,
122685029,MSI 모던시리즈 모던 16S AI+ G3MG-U5 WIN11 (SSD 1TB),1083300,,1083500,,,,,
122690698,MSI 모던시리즈 모던 16S AI+ G3MG-U5 WIN11 (SSD 2TB),1232540,,1232740,,,,,
122685021,MSI 모던시리즈 모던 16S AI+ G3MG-U5 WIN11 (SSD 512GB),966550,,966750,,,,,
122690717,MSI 모던시리즈 모던 16S AI+ G3MG-U5 WIN11 16GB램 (SSD 1TB),1263830,,1264030,,,,,
122690719,MSI 모던시리즈 모던 16S AI+ G3MG-U5 WIN11 16GB램 (SSD 2TB),1433000,,1433200,,,,,
122690723,MSI 모던시리즈 모던 16S AI+ G3MG-U5 WIN11 16GB램 (SSD 4TB),2160000,,2160000,,,,,
122690716,MSI 모던시리즈 모던 16S AI+ G3MG-U5 WIN11 16GB램 (SSD 512GB),1157310,,1157510,,,,,
123721460,MSI 모던시리즈 모던 16S AI+ G3MG-U7 32GB램 (SSD 1TB),1735530,,1735690,,,,,
123721461,MSI 모던시리즈 모던 16S AI+ G3MG-U7 32GB램 (SSD 2TB),1882810,,1882970,,,,,
123721459,MSI 모던시리즈 모던 16S AI+ G3MG-U7 32GB램 (SSD 512GB),1607950,,1607950,,,,,
122699660,MSI 모던시리즈 모던 16S AI+ G3MG-U7 OLED (SSD 1TB),1888930,,1889130,,,,,
122699661,MSI 모던시리즈 모던 16S AI+ G3MG-U7 OLED (SSD 2TB),2005610,,2005810,,,,,
122688005,MSI 모던시리즈 모던 16S AI+ G3MG-U7 OLED (SSD 512GB),1650000,,1650000,,,,,
122699678,MSI 모던시리즈 모던 16S AI+ G3MG-U7 OLED WIN11 (SSD 1TB),1909530,,1909730,,,,,
122699680,MSI 모던시리즈 모던 16S AI+ G3MG-U7 OLED WIN11 (SSD 2TB),2006030,,2006230,,,,,
122699676,MSI 모던시리즈 모던 16S AI+ G3MG-U7 OLED WIN11 (SSD 512GB),1727650,,1727850,,,,,
122699670,MSI 모던시리즈 모던 16S AI+ G3MG-U7 OLED WIN11 32GB램 (SSD 1TB),2217370,,2217570,,,,,
122699672,MSI 모던시리즈 모던 16S AI+ G3MG-U7 OLED WIN11 32GB램 (SSD 2TB),2332550,,2332750,,,,,
122699669,MSI 모던시리즈 모던 16S AI+ G3MG-U7 OLED WIN11 32GB램 (SSD 512GB),2088030,,2088230,,,,,
123721468,MSI 모던시리즈 모던 16S AI+ G3MG-U7 WIN11 16GB램 (SSD 1TB),1416510,,1416510,,,,,
123721470,MSI 모던시리즈 모던 16S AI+ G3MG-U7 WIN11 16GB램 (SSD 2TB),1564370,,1564370,,,,,
123721467,MSI 모던시리즈 모던 16S AI+ G3MG-U7 WIN11 16GB램 (SSD 512GB),1305570,,1305570,,,,,
123721465,MSI 모던시리즈 모던 16S AI+ G3MG-U7 WIN11 32GB램 (SSD 1TB),1743680,,1743690,,,,,
123721466,MSI 모던시리즈 모던 16S AI+ G3MG-U7 WIN11 32GB램 (SSD 2TB),1891930,,1891930,,,,,
123721464,MSI 모던시리즈 모던 16S AI+ G3MG-U7 WIN11 32GB램 (SSD 512GB),1633080,,1633090,,,,,
109598396,MSI 모던시리즈 모던 A15 AI+ F3HMG R5 (SSD 1TB),1048990,,1048990,,,,,
109598405,MSI 모던시리즈 모던 A15 AI+ F3HMG R5 (SSD 2TB),1235530,,1235670,,,,,
109598213,MSI 모던시리즈 모던 A15 AI+ F3HMG R5 (SSD 512GB),899000,,863000,,,,,
109598465,MSI 모던시리즈 모던 A15 AI+ F3HMG R5 32GB램 (SSD 1TB),1448990,,1420940,,,,,
109598468,MSI 모던시리즈 모던 A15 AI+ F3HMG R5 32GB램 (SSD 2TB),1648960,,1552870,,,,,
109598462,MSI 모던시리즈 모던 A15 AI+ F3HMG R5 32GB램 (SSD 512GB),1287850,,1288430,,,,,
109598483,MSI 모던시리즈 모던 A15 AI+ F3HMG R5 WIN11 (SSD 1TB),1131870,,1132160,,,,,
109598486,MSI 모던시리즈 모던 A15 AI+ F3HMG R5 WIN11 (SSD 2TB),1348980,,1256770,,,,,
122644119,MSI 모던시리즈 모던 A15 AI+ F3HMG R5 WIN11 (SSD 4TB),2144550,,2144750,,,,,
109598471,MSI 모던시리즈 모던 A15 AI+ F3HMG R5 WIN11 (SSD 512GB),999000,,996360,,,,,
109598492,MSI 모던시리즈 모던 A15 AI+ F3HMG R5 WIN11 32GB램 (SSD 1TB),1548950,,1457280,,,,,
109598495,MSI 모던시리즈 모던 A15 AI+ F3HMG R5 WIN11 32GB램 (SSD 2TB),1658960,,1573550,,,,,
122644118,MSI 모던시리즈 모던 A15 AI+ F3HMG R5 WIN11 32GB램 (SSD 4TB),2482710,,2482910,,,,,
109598489,MSI 모던시리즈 모던 A15 AI+ F3HMG R5 WIN11 32GB램 (SSD 512GB),1378990,,1315800,,,,,
90154724,MSI 벡터 16 HX AI A2XWHG-U7 QHD+ (SSD 1TB),2798000,,2643660,,,,,
90154733,MSI 벡터 16 HX AI A2XWHG-U7 QHD+ (SSD 2TB),2882000,,2811640,,,,,
90154736,MSI 벡터 16 HX AI A2XWHG-U7 QHD+ (SSD 4TB),3248000,,3248000,,,,,
89607152,MSI 벡터 16 HX AI A2XWHG-U7 QHD+ (SSD 512GB),2699000,,2682550,,,,,
90154757,MSI 벡터 16 HX AI A2XWHG-U7 QHD+ 32GB램 (SSD 1TB),3290000,,3000050,,,,,
90154760,MSI 벡터 16 HX AI A2XWHG-U7 QHD+ 32GB램 (SSD 2TB),3490000,,3168010,,,,,
90154763,MSI 벡터 16 HX AI A2XWHG-U7 QHD+ 32GB램 (SSD 4TB),4200000,,4200000,,,,,
90154754,MSI 벡터 16 HX AI A2XWHG-U7 QHD+ 32GB램 (SSD 512GB),3150000,,2895050,,,,,
90154769,MSI 벡터 16 HX AI A2XWHG-U7 QHD+ 64GB램 (SSD 1TB),3950000,,3598550,,,,,
90154772,MSI 벡터 16 HX AI A2XWHG-U7 QHD+ 64GB램 (SSD 2TB),4170000,,3775250,,,,,
90154778,MSI 벡터 16 HX AI A2XWHG-U7 QHD+ 64GB램 (SSD 4TB),4605000,,4605000,,,,,
90154766,MSI 벡터 16 HX AI A2XWHG-U7 QHD+ 64GB램 (SSD 512GB),3660000,,3492930,,,,,
90154808,MSI 벡터 16 HX AI A2XWHG-U7 QHD+ WIN11 (SSD 1TB),2812000,,2751510,,,,,
90154811,MSI 벡터 16 HX AI A2XWHG-U7 QHD+ WIN11 (SSD 2TB),2945000,,2924250,,,,,
90154814,MSI 벡터 16 HX AI A2XWHG-U7 QHD+ WIN11 (SSD 4TB),3580000,,3580000,,,,,
90154805,MSI 벡터 16 HX AI A2XWHG-U7 QHD+ WIN11 (SSD 512GB),2720000,,2549000,,,,,
90154838,MSI 벡터 16 HX AI A2XWHG-U7 QHD+ WIN11 32GB램 (SSD 1TB),3250000,,3118830,,,,,
90154841,MSI 벡터 16 HX AI A2XWHG-U7 QHD+ WIN11 32GB램 (SSD 2TB),3500000,,3291590,,,,,
90154844,MSI 벡터 16 HX AI A2XWHG-U7 QHD+ WIN11 32GB램 (SSD 4TB),3990000,,3990000,,,,,
90154835,MSI 벡터 16 HX AI A2XWHG-U7 QHD+ WIN11 32GB램 (SSD 512GB),3095000,,3010520,,,,,
90154850,MSI 벡터 16 HX AI A2XWHG-U7 QHD+ WIN11 64GB램 (SSD 1TB),3950000,,3734830,,,,,
90154853,MSI 벡터 16 HX AI A2XWHG-U7 QHD+ WIN11 64GB램 (SSD 2TB),4200000,,3907890,,,,,
90154856,MSI 벡터 16 HX AI A2XWHG-U7 QHD+ WIN11 64GB램 (SSD 4TB),4750000,,4750000,,,,,
90154847,MSI 벡터 16 HX AI A2XWHG-U7 QHD+ WIN11 64GB램 (SSD 512GB),3710000,,3626820,,,,,
90154661,MSI 벡터 16 HX AI A2XWHG-U9 QHD+ WIN11 (SSD 1TB),4012790,,4012790,,,,,
90154664,MSI 벡터 16 HX AI A2XWHG-U9 QHD+ WIN11 (SSD 2TB),3799000,,3799000,,,,,
90154667,MSI 벡터 16 HX AI A2XWHG-U9 QHD+ WIN11 (SSD 4TB),4788320,,4620000,,,,,
90154676,MSI 벡터 16 HX AI A2XWHG-U9 QHD+ WIN11 32GB램 (SSD 1TB),4089350,,4259000,,,,,
90154679,MSI 벡터 16 HX AI A2XWHG-U9 QHD+ WIN11 32GB램 (SSD 2TB),4479830,,4479830,,,,,
90154682,MSI 벡터 16 HX AI A2XWHG-U9 QHD+ WIN11 32GB램 (SSD 4TB),5030000,,5030000,,,,,
90154685,MSI 벡터 16 HX AI A2XWHG-U9 QHD+ WIN11 64GB램 (SSD 1TB),4462820,,4462820,,,,,
90154688,MSI 벡터 16 HX AI A2XWHG-U9 QHD+ WIN11 64GB램 (SSD 2TB),4637970,,4637970,,,,,
90154691,MSI 벡터 16 HX AI A2XWHG-U9 QHD+ WIN11 64GB램 (SSD 4TB),5265000,,5265000,,,,,
80570141,MSI 벡터 16 HX AI A2XWIG-U9 QHD+ WIN11 32GB램 (SSD 1TB),5384000,,,,,,,
80570144,MSI 벡터 16 HX AI A2XWIG-U9 QHD+ WIN11 32GB램 (SSD 2TB),5425000,,,,,,,
80570147,MSI 벡터 16 HX AI A2XWIG-U9 QHD+ WIN11 32GB램 (SSD 4TB),6690000,,,,,,,
96650378,MSI 벡터 A16 HX A8WHG-R7 QHD+ (SSD 1TB),2684600,,2684800,,,,,
96650384,MSI 벡터 A16 HX A8WHG-R7 QHD+ (SSD 2TB),2853020,,2853220,,,,,
96650387,MSI 벡터 A16 HX A8WHG-R7 QHD+ (SSD 4TB),3486000,,3486000,,,,,
96313925,MSI 벡터 A16 HX A8WHG-R7 QHD+ (SSD 512GB),2619000,,2619000,,,,,
96650429,MSI 벡터 A16 HX A8WHG-R7 QHD+ 32GB램 (SSD 1TB),3029960,,3030160,,,,,
96650432,MSI 벡터 A16 HX A8WHG-R7 QHD+ 32GB램 (SSD 2TB),3147690,,3147890,,,,,
96650441,MSI 벡터 A16 HX A8WHG-R7 QHD+ 32GB램 (SSD 4TB),3990000,,3990000,,,,,
96650426,MSI 벡터 A16 HX A8WHG-R7 QHD+ 32GB램 (SSD 512GB),2925800,,2926000,,,,,
96650285,MSI 벡터 A16 HX A8WHG-R7 QHD+ WIN11 (SSD 1TB),2727450,,2727650,,,,,
96649637,MSI 벡터 A16 HX A8WHG-R7 QHD+ WIN11 (SSD 2TB),2894750,,2894950,,,,,
96649640,MSI 벡터 A16 HX A8WHG-R7 QHD+ WIN11 (SSD 4TB),3534000,,3534000,,,,,
96649631,MSI 벡터 A16 HX A8WHG-R7 QHD+ WIN11 (SSD 512GB),2621700,,2621900,,,,,
96649667,MSI 벡터 A16 HX A8WHG-R7 QHD+ WIN11 32GB램 (SSD 1TB),3058170,,,,,,,
96649670,MSI 벡터 A16 HX A8WHG-R7 QHD+ WIN11 32GB램 (SSD 2TB),3197000,,,,,,,
96649673,MSI 벡터 A16 HX A8WHG-R7 QHD+ WIN11 32GB램 (SSD 4TB),4285440,,,,,,,
96649664,MSI 벡터 A16 HX A8WHG-R7 QHD+ WIN11 32GB램 (SSD 512GB),2970620,,,,,,,
96649658,MSI 벡터 A16 HX A8WHG-R7 QHD+ WIN11 64GB램 (SSD 1TB),3677170,,,,,,,
96649661,MSI 벡터 A16 HX A8WHG-R7 QHD+ WIN11 64GB램 (SSD 2TB),3823370,,,,,,,
96650333,MSI 벡터 A16 HX A8WHG-R7 QHD+ WIN11 64GB램 (SSD 4TB),4790000,,,,,,,
96649655,MSI 벡터 A16 HX A8WHG-R7 QHD+ WIN11 64GB램 (SSD 512GB),3573440,,,,,,,
96313874,MSI 벡터 A16 HX A8WHG-R9 QHD+ (SSD 1TB),2790000,,3198000,,,,,
96478994,MSI 벡터 A16 HX A8WHG-R9 QHD+ (SSD 2TB),3329000,,3209000,,,,,
96479000,MSI 벡터 A16 HX A8WHG-R9 QHD+ (SSD 4TB),3799000,,3719000,,,,,
96479027,MSI 벡터 A16 HX A8WHG-R9 QHD+ 32GB램 (SSD 1TB),3478000,,3389000,,,,,
96479024,MSI 벡터 A16 HX A8WHG-R9 QHD+ 32GB램 (SSD 2TB),3639000,,3519000,,,,,
96479030,MSI 벡터 A16 HX A8WHG-R9 QHD+ 32GB램 (SSD 4TB),4800000,,4259000,,,,,
96479006,MSI 벡터 A16 HX A8WHG-R9 QHD+ WIN11 (SSD 1TB),3179000,,2863460,,,,,
96479009,MSI 벡터 A16 HX A8WHG-R9 QHD+ WIN11 (SSD 2TB),3438670,,3213560,,,,,
96479012,MSI 벡터 A16 HX A8WHG-R9 QHD+ WIN11 (SSD 4TB),3858000,,3858000,,,,,
96479081,MSI 벡터 A16 HX A8WHG-R9 QHD+ WIN11 32GB램 (SSD 1TB),3249000,,3249000,,,,,
96479084,MSI 벡터 A16 HX A8WHG-R9 QHD+ WIN11 32GB램 (SSD 2TB),3499000,,3499000,,,,,
96479090,MSI 벡터 A16 HX A8WHG-R9 QHD+ WIN11 32GB램 (SSD 4TB),4525150,,4525290,,,,,
96479093,MSI 벡터 A16 HX A8WHG-R9 QHD+ WIN11 64GB램 (SSD 1TB),4500000,,3946870,,,,,
96479096,MSI 벡터 A16 HX A8WHG-R9 QHD+ WIN11 64GB램 (SSD 2TB),4700000,,4218010,,,,,
96479099,MSI 벡터 A16 HX A8WHG-R9 QHD+ WIN11 64GB램 (SSD 4TB),5145500,,5145640,,,,,
96313751,MSI 벡터 A16 HX A8WIG-R9 QHD+ (SSD 1TB),3990000,,3990000,,,,,
96423260,MSI 벡터 A16 HX A8WIG-R9 QHD+ (SSD 2TB),4631000,,4631000,,,,,
96423272,MSI 벡터 A16 HX A8WIG-R9 QHD+ (SSD 4TB),4869000,,4869000,,,,,
108420380,MSI 벤처 프로 16 A2RWEG-C7 2K OLED (SSD 1TB),1848990,,1848990,,,,,
122626794,MSI 벤처 프로 16 A2RWEG-C7 2K OLED (SSD 2TB),2091700,,2039000,,,,,
122626796,MSI 벤처 프로 16 A2RWEG-C7 2K OLED (SSD 4TB),2529280,,2469000,,,,,
122626799,MSI 벤처 프로 16 A2RWEG-C7 2K OLED 32GB램 (SSD 1TB),2198370,,2198570,,,,,
122626800,MSI 벤처 프로 16 A2RWEG-C7 2K OLED 32GB램 (SSD 2TB),2397310,,2397850,,,,,
122626802,MSI 벤처 프로 16 A2RWEG-C7 2K OLED 32GB램 (SSD 4TB),2847250,,2829000,,,,,
122626771,MSI 벤처 프로 16 A2RWEG-C7 2K OLED WIN11 (SSD 1TB),1917390,,1917780,,,,,
122626775,MSI 벤처 프로 16 A2RWEG-C7 2K OLED WIN11 (SSD 2TB),2120780,,2121300,,,,,
122626792,MSI 벤처 프로 16 A2RWEG-C7 2K OLED WIN11 (SSD 4TB),2549950,,2549950,,,,,
122626778,MSI 벤처 프로 16 A2RWEG-C7 2K OLED WIN11 32GB램 (SSD 1TB),2226850,,2238740,,,,,
122626779,MSI 벤처 프로 16 A2RWEG-C7 2K OLED WIN11 32GB램 (SSD 2TB),2438720,,2439120,,,,,
122626790,MSI 벤처 프로 16 A2RWEG-C7 2K OLED WIN11 32GB램 (SSD 4TB),2928630,,2900570,,,,,
106763141,MSI 사이보그 15 B13WEKG-i7 WIN11 (SSD 1TB),1842850,,1843060,,,,,
106763144,MSI 사이보그 15 B13WEKG-i7 WIN11 (SSD 2TB),1948320,,1948330,,,,,
108219044,MSI 사이보그 15 B13WEKG-i7 WIN11 (SSD 4TB),2848000,,2848000,,,,,
106763138,MSI 사이보그 15 B13WEKG-i7 WIN11 (SSD 512GB),1664660,,1664860,,,,,
106763216,MSI 사이보그 15 B13WEKG-i7 WIN11 32GB램 (SSD 1TB),2205950,,2205950,,,,,
106763219,MSI 사이보그 15 B13WEKG-i7 WIN11 32GB램 (SSD 2TB),2364980,,2364980,,,,,
108217826,MSI 사이보그 15 B13WEKG-i7 WIN11 32GB램 (SSD 4TB),3228000,,3228000,,,,,
106763213,MSI 사이보그 15 B13WEKG-i7 WIN11 32GB램 (SSD 512GB),1994470,,1994470,,,,,
94635164,MSI 사이보그 15 B2RWEKG-C5 (SSD 1TB),1320170,,1320170,,,,,
94635179,MSI 사이보그 15 B2RWEKG-C5 (SSD 2TB),1492920,,1493120,,,,,
94690202,MSI 사이보그 15 B2RWEKG-C5 (SSD 4TB),2176090,,1842000,,,,,
94204634,MSI 사이보그 15 B2RWEKG-C5 (SSD 512GB),1769670,,1229000,,,,,
94635224,MSI 사이보그 15 B2RWEKG-C5 32GB램 (SSD 1TB),1788140,,1788140,,,,,
94635227,MSI 사이보그 15 B2RWEKG-C5 32GB램 (SSD 2TB),1962290,,1962290,,,,,
94635236,MSI 사이보그 15 B2RWEKG-C5 32GB램 (SSD 4TB),2672410,,2672410,,,,,
94635221,MSI 사이보그 15 B2RWEKG-C5 32GB램 (SSD 512GB),1679300,,1679300,,,,,
94690670,MSI 사이보그 15 B2RWEKG-C5 WIN11 (SSD 1TB),1341940,,1341940,,,,,
94690673,MSI 사이보그 15 B2RWEKG-C5 WIN11 (SSD 2TB),1499410,,1499610,,,,,
94690676,MSI 사이보그 15 B2RWEKG-C5 WIN11 (SSD 4TB),1899000,,1899000,,,,,
94690655,MSI 사이보그 15 B2RWEKG-C5 WIN11 (SSD 512GB),1228660,,1228860,,,,,
94690700,MSI 사이보그 15 B2RWEKG-C5 WIN11 16GB램 (SSD 1TB),1514900,,1515100,,,,,
94690703,MSI 사이보그 15 B2RWEKG-C5 WIN11 16GB램 (SSD 2TB),1699670,,1699870,,,,,
94690706,MSI 사이보그 15 B2RWEKG-C5 WIN11 16GB램 (SSD 4TB),2299990,,2299990,,,,,
94690697,MSI 사이보그 15 B2RWEKG-C5 WIN11 16GB램 (SSD 512GB),1358010,,1358210,,,,,
94690742,MSI 사이보그 15 B2RWEKG-C5 WIN11 32GB램 (SSD 1TB),1809910,,1809910,,,,,
94690751,MSI 사이보그 15 B2RWEKG-C5 WIN11 32GB램 (SSD 2TB),1973020,,1973020,,,,,
94690757,MSI 사이보그 15 B2RWEKG-C5 WIN11 32GB램 (SSD 4TB),2550000,,2693090,,,,,
94690739,MSI 사이보그 15 B2RWEKG-C5 WIN11 32GB램 (SSD 512GB),1700000,,1700000,,,,,
94262678,MSI 사이보그 15 B2RWEKG-C7 WIN11 16GB램 (SSD 1TB),1655780,,1655980,,,,,
94262681,MSI 사이보그 15 B2RWEKG-C7 WIN11 16GB램 (SSD 2TB),1702300,,1702300,,,,,
94693577,MSI 사이보그 15 B2RWEKG-C7 WIN11 16GB램 (SSD 4TB),2300000,,2597000,,,,,
94262675,MSI 사이보그 15 B2RWEKG-C7 WIN11 16GB램 (SSD 512GB),1519470,,1519670,,,,,
94262639,MSI 사이보그 15 B2RWEKG-C7 WIN11 32GB램 (SSD 1TB),2006510,,2006710,,,,,
94262642,MSI 사이보그 15 B2RWEKG-C7 WIN11 32GB램 (SSD 2TB),2099000,,2198180,,,,,
94262621,MSI 사이보그 15 B2RWEKG-C7 WIN11 32GB램 (SSD 4TB),3067000,,2823400,,,,,
94262636,MSI 사이보그 15 B2RWEKG-C7 WIN11 32GB램 (SSD 512GB),1851200,,1851400,,,,,
99836657,MSI 사이보그 15 B2RWFKG-C5 (SSD 1TB),1398000,,1398000,,,,,
99836660,MSI 사이보그 15 B2RWFKG-C5 (SSD 2TB),1552000,,1552000,,,,,
104044556,MSI 사이보그 15 B2RWFKG-C5 (SSD 4TB),2255170,,2255370,,,,,
99733247,MSI 사이보그 15 B2RWFKG-C5 (SSD 512GB),1246830,,1246830,,,,,
99836669,MSI 사이보그 15 B2RWFKG-C5 16GB램 (SSD 1TB),1624000,,1624000,,,,,
99836672,MSI 사이보그 15 B2RWFKG-C5 16GB램 (SSD 2TB),1757090,,1757290,,,,,
104044568,MSI 사이보그 15 B2RWFKG-C5 16GB램 (SSD 4TB),2436050,,2436250,,,,,
99836666,MSI 사이보그 15 B2RWFKG-C5 16GB램 (SSD 512GB),1403130,,1403330,,,,,
99836678,MSI 사이보그 15 B2RWFKG-C5 32GB램 (SSD 1TB),1919000,,1919000,,,,,
99836681,MSI 사이보그 15 B2RWFKG-C5 32GB램 (SSD 2TB),2027000,,2027000,,,,,
104044613,MSI 사이보그 15 B2RWFKG-C5 32GB램 (SSD 4TB),2949190,,2949390,,,,,
99836675,MSI 사이보그 15 B2RWFKG-C5 32GB램 (SSD 512GB),1792000,,1792000,,,,,
99836726,MSI 사이보그 15 B2RWFKG-C5 WIN11 16GB램 (SSD 1TB),1624000,,1624000,,,,,
99836729,MSI 사이보그 15 B2RWFKG-C5 WIN11 16GB램 (SSD 2TB),1777270,,1777470,,,,,
99947480,MSI 사이보그 15 B2RWFKG-C5 WIN11 16GB램 (SSD 4TB),2345000,,2345000,,,,,
99836723,MSI 사이보그 15 B2RWFKG-C5 WIN11 16GB램 (SSD 512GB),1422090,,1422290,,,,,
99895478,MSI 사이보그 15 B2RWFKG-C7 (SSD 1TB),1640000,,1640000,,,,,
99895484,MSI 사이보그 15 B2RWFKG-C7 (SSD 2TB),1898000,,1898000,,,,,
99895487,MSI 사이보그 15 B2RWFKG-C7 (SSD 4TB),2148000,,2148000,,,,,
99732854,MSI 사이보그 15 B2RWFKG-C7 (SSD 512GB),1548000,,1548000,,,,,
122712422,MSI 사이보그 15 MAX C2WF-C7 (SSD 1TB),2544580,,2544780,,,,,
122712423,MSI 사이보그 15 MAX C2WF-C7 (SSD 2TB),2642960,,2642960,,,,,
122708738,MSI 사이보그 15 MAX C2WF-C7 (SSD 512GB),2398990,,2398990,,,,,
122712433,MSI 사이보그 15 MAX C2WF-C7 32GB램 (SSD 1TB),2898630,,2898830,,,,,
122712441,MSI 사이보그 15 MAX C2WF-C7 32GB램 (SSD 2TB),3007130,,3007330,,,,,
122712440,MSI 사이보그 15 MAX C2WF-C7 32GB램 (SSD 512GB),2791320,,2791520,,,,,
122712436,MSI 사이보그 15 MAX C2WF-C7 WIN11 (SSD 1TB),2574810,,2575010,,,,,
122712453,MSI 사이보그 15 MAX C2WF-C7 WIN11 (SSD 2TB),2659120,,2659320,,,,,
122712450,MSI 사이보그 15 MAX C2WF-C7 WIN11 (SSD 512GB),2449060,,2449260,,,,,
122712437,MSI 사이보그 15 MAX C2WF-C7 WIN11 32GB램 (SSD 1TB),2918780,,2918980,,,,,
122712456,MSI 사이보그 15 MAX C2WF-C7 WIN11 32GB램 (SSD 2TB),3025690,,3025890,,,,,
122712455,MSI 사이보그 15 MAX C2WF-C7 WIN11 32GB램 (SSD 512GB),2812030,,2812230,,,,,
95202200,MSI 사이보그 17 B2RWEKG-C5 (SSD 1TB),1326510,,1326610,,,,,
95202224,MSI 사이보그 17 B2RWEKG-C5 (SSD 2TB),1476850,,1476950,,,,,
95202230,MSI 사이보그 17 B2RWEKG-C5 (SSD 4TB),1981620,,1981810,,,,,
94692443,MSI 사이보그 17 B2RWEKG-C5 (SSD 512GB),1248980,,1248980,,,,,
95202383,MSI 사이보그 17 B2RWEKG-C5 16GB램 (SSD 1TB),1449000,,1449000,,,,,
95202386,MSI 사이보그 17 B2RWEKG-C5 16GB램 (SSD 2TB),1549000,,1549000,,,,,
95202389,MSI 사이보그 17 B2RWEKG-C5 16GB램 (SSD 4TB),2140590,,2140790,,,,,
95202380,MSI 사이보그 17 B2RWEKG-C5 16GB램 (SSD 512GB),1391460,,1391560,,,,,
95202290,MSI 사이보그 17 B2RWEKG-C5 WIN11 (SSD 1TB),1347270,,1347470,,,,,
95202293,MSI 사이보그 17 B2RWEKG-C5 WIN11 (SSD 2TB),1479000,,1479000,,,,,
95202296,MSI 사이보그 17 B2RWEKG-C5 WIN11 (SSD 4TB),2006890,,2006890,,,,,
95202284,MSI 사이보그 17 B2RWEKG-C5 WIN11 (SSD 512GB),1243720,,1243820,,,,,
95202356,MSI 사이보그 17 B2RWEKG-C5 WIN11 16GB램 (SSD 1TB),1506650,,1506850,,,,,
95202359,MSI 사이보그 17 B2RWEKG-C5 WIN11 16GB램 (SSD 2TB),1664570,,1664570,,,,,
95202362,MSI 사이보그 17 B2RWEKG-C5 WIN11 16GB램 (SSD 4TB),2164810,,2164810,,,,,
95202350,MSI 사이보그 17 B2RWEKG-C5 WIN11 16GB램 (SSD 512GB),1403080,,1403280,,,,,
95202473,MSI 사이보그 17 B2RWEKG-C5 WIN11 32GB램 (SSD 1TB),1826860,,1764000,,,,,
95202476,MSI 사이보그 17 B2RWEKG-C5 WIN11 32GB램 (SSD 2TB),2018670,,1990000,,,,,
95202482,MSI 사이보그 17 B2RWEKG-C5 WIN11 32GB램 (SSD 4TB),2503210,,2503210,,,,,
95202467,MSI 사이보그 17 B2RWEKG-C5 WIN11 32GB램 (SSD 512GB),1750040,,1717000,,,,,
95055347,MSI 사이보그 17 B2RWEKG-C7 16GB램 (SSD 1TB),1585290,,1585490,,,,,
95055350,MSI 사이보그 17 B2RWEKG-C7 16GB램 (SSD 2TB),1678000,,1678000,,,,,
95055356,MSI 사이보그 17 B2RWEKG-C7 16GB램 (SSD 4TB),2270000,,2270000,,,,,
95055344,MSI 사이보그 17 B2RWEKG-C7 16GB램 (SSD 512GB),1466740,,1466940,,,,,
95055323,MSI 사이보그 17 B2RWEKG-C7 WIN11 16GB램 (SSD 1TB),1575180,,1575380,,,,,
95055326,MSI 사이보그 17 B2RWEKG-C7 WIN11 16GB램 (SSD 2TB),1695170,,1695370,,,,,
95055329,MSI 사이보그 17 B2RWEKG-C7 WIN11 16GB램 (SSD 4TB),2547400,,2547400,,,,,
95055320,MSI 사이보그 17 B2RWEKG-C7 WIN11 16GB램 (SSD 512GB),1447650,,1447660,,,,,
95055377,MSI 사이보그 17 B2RWEKG-C7 WIN11 32GB램 (SSD 1TB),1965430,,1965630,,,,,
95055383,MSI 사이보그 17 B2RWEKG-C7 WIN11 32GB램 (SSD 2TB),2128860,,2129060,,,,,
95055389,MSI 사이보그 17 B2RWEKG-C7 WIN11 32GB램 (SSD 4TB),2950000,,2950000,,,,,
95055371,MSI 사이보그 17 B2RWEKG-C7 WIN11 32GB램 (SSD 512GB),1835960,,1836160,,,,,
99836885,MSI 사이보그 17 B2RWFKG-C5 (SSD 1TB),1479000,,1479000,,,,,
99836891,MSI 사이보그 17 B2RWFKG-C5 (SSD 2TB),1689000,,1689000,,,,,
104043563,MSI 사이보그 17 B2RWFKG-C5 (SSD 4TB),2262120,,2262320,,,,,
99733358,MSI 사이보그 17 B2RWFKG-C5 (SSD 512GB),1307000,,1307000,,,,,
99836909,MSI 사이보그 17 B2RWFKG-C5 16GB램 (SSD 1TB),1690000,,1690000,,,,,
99836912,MSI 사이보그 17 B2RWFKG-C5 16GB램 (SSD 2TB),1890000,,1890000,,,,,
104043572,MSI 사이보그 17 B2RWFKG-C5 16GB램 (SSD 4TB),2471710,,2471910,,,,,
99836906,MSI 사이보그 17 B2RWFKG-C5 16GB램 (SSD 512GB),1490710,,1490710,,,,,
99836921,MSI 사이보그 17 B2RWFKG-C5 32GB램 (SSD 1TB),2210000,,2210000,,,,,
99836924,MSI 사이보그 17 B2RWFKG-C5 32GB램 (SSD 2TB),2299000,,2299000,,,,,
104043575,MSI 사이보그 17 B2RWFKG-C5 32GB램 (SSD 4TB),2819610,,2819810,,,,,
99836918,MSI 사이보그 17 B2RWFKG-C5 32GB램 (SSD 512GB),2000000,,2000000,,,,,
99836945,MSI 사이보그 17 B2RWFKG-C5 WIN11 (SSD 1TB),1568000,,1568000,,,,,
99836948,MSI 사이보그 17 B2RWFKG-C5 WIN11 (SSD 2TB),1768000,,1768000,,,,,
99947531,MSI 사이보그 17 B2RWFKG-C5 WIN11 (SSD 4TB),2286470,,2286670,,,,,
99836942,MSI 사이보그 17 B2RWFKG-C5 WIN11 (SSD 512GB),1368000,,1368000,,,,,
99836975,MSI 사이보그 17 B2RWFKG-C5 WIN11 16GB램 (SSD 1TB),1718300,,1718430,,,,,
99836978,MSI 사이보그 17 B2RWFKG-C5 WIN11 16GB램 (SSD 2TB),1900000,,1900000,,,,,
99947540,MSI 사이보그 17 B2RWFKG-C5 WIN11 16GB램 (SSD 4TB),2450000,,2450000,,,,,
99836972,MSI 사이보그 17 B2RWFKG-C5 WIN11 16GB램 (SSD 512GB),1518990,,1518550,,,,,
99836984,MSI 사이보그 17 B2RWFKG-C5 WIN11 32GB램 (SSD 1TB),2128280,,2128480,,,,,
99836987,MSI 사이보그 17 B2RWFKG-C5 WIN11 32GB램 (SSD 2TB),2302180,,2302380,,,,,
99947552,MSI 사이보그 17 B2RWFKG-C5 WIN11 32GB램 (SSD 4TB),2600000,,2600000,,,,,
99836981,MSI 사이보그 17 B2RWFKG-C5 WIN11 32GB램 (SSD 512GB),2000000,,2000000,,,,,
99745247,MSI 사이보그 17 B2RWFKG-C7 WIN11 32GB램 (SSD 1TB),2206310,,2206510,,,,,
99745250,MSI 사이보그 17 B2RWFKG-C7 WIN11 32GB램 (SSD 2TB),2375720,,2375720,,,,,
99889280,MSI 사이보그 17 B2RWFKG-C7 WIN11 32GB램 (SSD 4TB),2799000,,2799000,,,,,
99745244,MSI 사이보그 17 B2RWFKG-C7 WIN11 32GB램 (SSD 512GB),2085280,,2085480,,,,,
96655778,MSI 사이보그 A15 AI B2HWEKG-R5 (SSD 1TB),1310530,,1310730,,,,,
96655784,MSI 사이보그 A15 AI B2HWEKG-R5 (SSD 2TB),1424310,,1424510,,,,,
97110029,MSI 사이보그 A15 AI B2HWEKG-R5 (SSD 4TB),1901790,,1901990,,,,,
96261701,MSI 사이보그 A15 AI B2HWEKG-R5 (SSD 512GB),1182690,,1182890,,,,,
96655724,MSI 사이보그 A15 AI B2HWEKG-R5 16GB램 (SSD 1TB),1469390,,1469590,,,,,
96655727,MSI 사이보그 A15 AI B2HWEKG-R5 16GB램 (SSD 2TB),1578110,,1578310,,,,,
97110053,MSI 사이보그 A15 AI B2HWEKG-R5 16GB램 (SSD 4TB),2060650,,2060850,,,,,
96655721,MSI 사이보그 A15 AI B2HWEKG-R5 16GB램 (SSD 512GB),1331210,,1331410,,,,,
96655685,MSI 사이보그 A15 AI B2HWEKG-R5 32GB램 (SSD 1TB),1806850,,1807050,,,,,
96655688,MSI 사이보그 A15 AI B2HWEKG-R5 32GB램 (SSD 2TB),1923410,,1923610,,,,,
96655691,MSI 사이보그 A15 AI B2HWEKG-R5 32GB램 (SSD 4TB),2398110,,2398310,,,,,
96655682,MSI 사이보그 A15 AI B2HWEKG-R5 32GB램 (SSD 512GB),1662710,,1662910,,,,,
97567352,MSI 사이보그 A15 AI B2HWEKG-R7 16GB램 (SSD 1TB),1498370,,1498570,,,,,
97567355,MSI 사이보그 A15 AI B2HWEKG-R7 16GB램 (SSD 2TB),1610000,,1610000,,,,,
97958495,MSI 사이보그 A15 AI B2HWEKG-R7 16GB램 (SSD 4TB),2499180,,2499380,,,,,
97567340,MSI 사이보그 A15 AI B2HWEKG-R7 16GB램 (SSD 512GB),1360150,,1360350,,,,,
97567592,MSI 사이보그 A15 AI B2HWEKG-R7 WIN11 16GB램 (SSD 1TB),1549000,,1549000,,,,,
97567604,MSI 사이보그 A15 AI B2HWEKG-R7 WIN11 16GB램 (SSD 2TB),1649000,,1649000,,,,,
97961072,MSI 사이보그 A15 AI B2HWEKG-R7 WIN11 16GB램 (SSD 4TB),2140000,,2140000,,,,,
97567589,MSI 사이보그 A15 AI B2HWEKG-R7 WIN11 16GB램 (SSD 512GB),1399000,,1399000,,,,,
97567598,MSI 사이보그 A15 AI B2HWEKG-R7 WIN11 32GB램 (SSD 1TB),1878370,,1878570,,,,,
97567601,MSI 사이보그 A15 AI B2HWEKG-R7 WIN11 32GB램 (SSD 2TB),1999000,,1999000,,,,,
97961084,MSI 사이보그 A15 AI B2HWEKG-R7 WIN11 32GB램 (SSD 4TB),2350000,,2350000,,,,,
97567595,MSI 사이보그 A15 AI B2HWEKG-R7 WIN11 32GB램 (SSD 512GB),1753360,,1753560,,,,,
95419703,MSI 사이보그 A15 AI B2HWFKG-R7 (SSD 1TB),1747710,,1747910,,,,,
95419727,MSI 사이보그 A15 AI B2HWFKG-R7 (SSD 2TB),1877710,,1877910,,,,,
95932010,MSI 사이보그 A15 AI B2HWFKG-R7 (SSD 4TB),2750000,,2750000,,,,,
95058218,MSI 사이보그 A15 AI B2HWFKG-R7 (SSD 512GB),1627090,,1627290,,,,,
94997522,MSI 사이보그 A17 AI B2HWEKG-R5 16GB램 (SSD 1TB),1457360,,1457560,,,,,
94997528,MSI 사이보그 A17 AI B2HWEKG-R5 16GB램 (SSD 2TB),1609250,,1609450,,,,,
95932847,MSI 사이보그 A17 AI B2HWEKG-R5 16GB램 (SSD 4TB),2111330,,2111530,,,,,
94997516,MSI 사이보그 A17 AI B2HWEKG-R5 16GB램 (SSD 512GB),1350930,,1351790,,,,,
94997660,MSI 사이보그 A17 AI B2HWEKG-R5 WIN11 (SSD 1TB),1304760,,1304960,,,,,
94997663,MSI 사이보그 A17 AI B2HWEKG-R5 WIN11 (SSD 2TB),1461390,,1461590,,,,,
95932838,MSI 사이보그 A17 AI B2HWEKG-R5 WIN11 (SSD 4TB),1974930,,1974930,,,,,
94997648,MSI 사이보그 A17 AI B2HWEKG-R5 WIN11 (SSD 512GB),1192560,,1192760,,,,,
94997699,MSI 사이보그 A17 AI B2HWEKG-R5 WIN11 16GB램 (SSD 1TB),1473430,,1473630,,,,,
94997702,MSI 사이보그 A17 AI B2HWEKG-R5 WIN11 16GB램 (SSD 2TB),1639860,,1640060,,,,,
95200073,MSI 사이보그 A17 AI B2HWEKG-R5 WIN11 16GB램 (SSD 4TB),2133790,,2133790,,,,,
94997693,MSI 사이보그 A17 AI B2HWEKG-R5 WIN11 16GB램 (SSD 512GB),1357670,,1358630,,,,,
94997720,MSI 사이보그 A17 AI B2HWEKG-R5 WIN11 32GB램 (SSD 1TB),1780020,,1803610,,,,,
94997726,MSI 사이보그 A17 AI B2HWEKG-R5 WIN11 32GB램 (SSD 2TB),1924060,,1924260,,,,,
95200091,MSI 사이보그 A17 AI B2HWEKG-R5 WIN11 32GB램 (SSD 4TB),2471250,,2471250,,,,,
94997714,MSI 사이보그 A17 AI B2HWEKG-R5 WIN11 32GB램 (SSD 512GB),1651670,,1651670,,,,,
94931771,MSI 사이보그 A17 AI B2HWEKG-R7 (SSD 1TB),1348990,,1348990,,,,,
94931783,MSI 사이보그 A17 AI B2HWEKG-R7 (SSD 2TB),1548990,,1548990,,,,,
95987966,MSI 사이보그 A17 AI B2HWEKG-R7 (SSD 4TB),3083000,,2901140,,,,,
94692539,MSI 사이보그 A17 AI B2HWEKG-R7 (SSD 512GB),1198990,,1198990,,,,,
94931810,MSI 사이보그 A17 AI B2HWEKG-R7 16GB램 (SSD 1TB),1548990,,1548990,,,,,
94931813,MSI 사이보그 A17 AI B2HWEKG-R7 16GB램 (SSD 2TB),1748990,,1748990,,,,,
95987981,MSI 사이보그 A17 AI B2HWEKG-R7 16GB램 (SSD 4TB),3104000,,3035550,,,,,
94931804,MSI 사이보그 A17 AI B2HWEKG-R7 16GB램 (SSD 512GB),1398990,,1398990,,,,,
94931849,MSI 사이보그 A17 AI B2HWEKG-R7 32GB램 (SSD 1TB),1898990,,1898990,,,,,
94931858,MSI 사이보그 A17 AI B2HWEKG-R7 32GB램 (SSD 2TB),2098990,,2098990,,,,,
95059676,MSI 사이보그 A17 AI B2HWEKG-R7 32GB램 (SSD 4TB),3690000,,3304360,,,,,
94931843,MSI 사이보그 A17 AI B2HWEKG-R7 32GB램 (SSD 512GB),1748990,,1748990,,,,,
94932224,MSI 사이보그 A17 AI B2HWEKG-R7 WIN11 32GB램 (SSD 1TB),1998990,,1998990,,,,,
94932230,MSI 사이보그 A17 AI B2HWEKG-R7 WIN11 32GB램 (SSD 2TB),2198990,,2198990,,,,,
95057117,MSI 사이보그 A17 AI B2HWEKG-R7 WIN11 32GB램 (SSD 4TB),2800000,,2800000,,,,,
94932221,MSI 사이보그 A17 AI B2HWEKG-R7 WIN11 32GB램 (SSD 512GB),1848990,,1848990,,,,,
94570997,MSI 소드 GF66 HX B14WEK-i9 QHD (SSD 1TB),2009000,,2009000,,,,,
94571063,MSI 소드 GF66 HX B14WEK-i9 QHD (SSD 2TB),2069000,,2069000,,,,,
94571066,MSI 소드 GF66 HX B14WEK-i9 QHD (SSD 4TB),2965760,,2965760,,,,,
94205453,MSI 소드 GF66 HX B14WEK-i9 QHD (SSD 512GB),1900000,,1840900,,,,,
96482780,MSI 소드 GF66 HX B14WFK-i9 QHD 32GB램 (SSD 1TB),2329000,,2329000,,,,,
96482786,MSI 소드 GF66 HX B14WFK-i9 QHD 32GB램 (SSD 2TB),2379000,,2379000,,,,,
96482789,MSI 소드 GF66 HX B14WFK-i9 QHD 32GB램 (SSD 4TB),3300000,,3300000,,,,,
96482768,MSI 소드 GF66 HX B14WFK-i9 QHD 32GB램 (SSD 512GB),2289000,,2289000,,,,,
96482825,MSI 소드 GF66 HX B14WFK-i9 QHD 64GB램 (SSD 1TB),2996210,,,,,,,
96482831,MSI 소드 GF66 HX B14WFK-i9 QHD 64GB램 (SSD 2TB),3196050,,,,,,,
96482834,MSI 소드 GF66 HX B14WFK-i9 QHD 64GB램 (SSD 4TB),3400000,,,,,,,
96482822,MSI 소드 GF66 HX B14WFK-i9 QHD 64GB램 (SSD 512GB),2942030,,,,,,,
96482909,MSI 소드 GF66 HX B14WFK-i9 QHD WIN11 32GB램 (SSD 1TB),2349000,,2349000,,,,,
96482915,MSI 소드 GF66 HX B14WFK-i9 QHD WIN11 32GB램 (SSD 2TB),2399000,,2399000,,,,,
96482921,MSI 소드 GF66 HX B14WFK-i9 QHD WIN11 32GB램 (SSD 4TB),3700000,,3700000,,,,,
96482903,MSI 소드 GF66 HX B14WFK-i9 QHD WIN11 32GB램 (SSD 512GB),2289000,,2289000,,,,,
96482936,MSI 소드 GF66 HX B14WFK-i9 QHD WIN11 64GB램 (SSD 1TB),3087300,,3087500,,,,,
96482939,MSI 소드 GF66 HX B14WFK-i9 QHD WIN11 64GB램 (SSD 2TB),3194020,,3194220,,,,,
96482942,MSI 소드 GF66 HX B14WFK-i9 QHD WIN11 64GB램 (SSD 4TB),4200000,,4200000,,,,,
96482933,MSI 소드 GF66 HX B14WFK-i9 QHD WIN11 64GB램 (SSD 512GB),2979270,,2979470,,,,,
95420357,MSI 소드 GF76 HX B14WEK-i7 QHD (SSD 1TB),1960000,,,,,,,
95420363,MSI 소드 GF76 HX B14WEK-i7 QHD (SSD 2TB),2095390,,,,,,,
97118294,MSI 소드 GF76 HX B14WEK-i7 QHD (SSD 4TB),2630110,,,,,,,
95203655,MSI 소드 GF76 HX B14WEK-i7 QHD (SSD 512GB),1798990,,,,,,,
95420756,MSI 소드 GF76 HX B14WEK-i7 QHD WIN11 32GB램 (SSD 1TB),2186000,,2185000,,,,,
95420765,MSI 소드 GF76 HX B14WEK-i7 QHD WIN11 32GB램 (SSD 2TB),2251000,,2250000,,,,,
96313397,MSI 소드 GF76 HX B14WEK-i7 QHD WIN11 32GB램 (SSD 4TB),3009870,,3009870,,,,,
95420753,MSI 소드 GF76 HX B14WEK-i7 QHD WIN11 32GB램 (SSD 512GB),2126000,,2038000,,,,,
92103863,MSI 소드 GF76 HX B14WFK-i7 QHD (SSD 1TB),1912920,,1912920,,,,,
92103878,MSI 소드 GF76 HX B14WFK-i7 QHD (SSD 2TB),2085520,,2085520,,,,,
92104259,MSI 소드 GF76 HX B14WFK-i7 QHD (SSD 4TB),2750050,,2750250,,,,,
91766357,MSI 소드 GF76 HX B14WFK-i7 QHD (SSD 512GB),1849000,,1849000,,,,,
92103911,MSI 소드 GF76 HX B14WFK-i7 QHD 32GB램 (SSD 1TB),2289000,,2289000,,,,,
92103929,MSI 소드 GF76 HX B14WFK-i7 QHD 32GB램 (SSD 2TB),2473850,,2474050,,,,,
92103947,MSI 소드 GF76 HX B14WFK-i7 QHD 32GB램 (SSD 4TB),3085950,,3086150,,,,,
92103896,MSI 소드 GF76 HX B14WFK-i7 QHD 32GB램 (SSD 512GB),2134000,,2134000,,,,,
92103968,MSI 소드 GF76 HX B14WFK-i7 QHD 64GB램 (SSD 1TB),2890090,,2890290,,,,,
92103971,MSI 소드 GF76 HX B14WFK-i7 QHD 64GB램 (SSD 2TB),3100340,,3100540,,,,,
92104040,MSI 소드 GF76 HX B14WFK-i7 QHD 64GB램 (SSD 4TB),3749490,,3749690,,,,,
92103959,MSI 소드 GF76 HX B14WFK-i7 QHD 64GB램 (SSD 512GB),2790560,,2790760,,,,,
92104106,MSI 소드 GF76 HX B14WFK-i7 QHD WIN11 (SSD 1TB),1905710,,1905910,,,,,
92104109,MSI 소드 GF76 HX B14WFK-i7 QHD WIN11 (SSD 2TB),2059000,,2059000,,,,,
92104250,MSI 소드 GF76 HX B14WFK-i7 QHD WIN11 (SSD 4TB),2772990,,2772990,,,,,
92104097,MSI 소드 GF76 HX B14WFK-i7 QHD WIN11 (SSD 512GB),1800000,,1800000,,,,,
92104124,MSI 소드 GF76 HX B14WFK-i7 QHD WIN11 32GB램 (SSD 1TB),2259000,,2217350,,,,,
92104127,MSI 소드 GF76 HX B14WFK-i7 QHD WIN11 32GB램 (SSD 2TB),2389000,,2351170,,,,,
92104145,MSI 소드 GF76 HX B14WFK-i7 QHD WIN11 32GB램 (SSD 4TB),3108570,,3108570,,,,,
92104118,MSI 소드 GF76 HX B14WFK-i7 QHD WIN11 32GB램 (SSD 512GB),2129000,,2129000,,,,,
92104187,MSI 소드 GF76 HX B14WFK-i7 QHD WIN11 64GB램 (SSD 1TB),2930020,,2930030,,,,,
92104190,MSI 소드 GF76 HX B14WFK-i7 QHD WIN11 64GB램 (SSD 2TB),3051480,,3051680,,,,,
92104193,MSI 소드 GF76 HX B14WFK-i7 QHD WIN11 64GB램 (SSD 4TB),3791950,,3791950,,,,,
92104166,MSI 소드 GF76 HX B14WFK-i7 QHD WIN11 64GB램 (SSD 512GB),2785330,,2785530,,,,,
99741089,MSI 소드 GF76 HX B14WFK-i9 (SSD 1TB),2046870,,2047070,,,,,
99741098,MSI 소드 GF76 HX B14WFK-i9 (SSD 2TB),2250110,,2250310,,,,,
99889688,MSI 소드 GF76 HX B14WFK-i9 (SSD 4TB),2709000,,2709000,,,,,
99639191,MSI 소드 GF76 HX B14WFK-i9 (SSD 512GB),2050000,,2050000,,,,,
91907240,MSI 소드 GF76 HX B14WGK-i7 QHD WIN11 (SSD 1TB),2250640,,2250840,,,,,
91907234,MSI 소드 GF76 HX B14WGK-i7 QHD WIN11 (SSD 2TB),2469770,,2441000,,,,,
91907237,MSI 소드 GF76 HX B14WGK-i7 QHD WIN11 (SSD 4TB),3227490,,3227690,,,,,
122685016,MSI 소드 GF76 HX B14WGK-i7 QHD 에어 (SSD 1TB),2245870,,2246070,,,,,
122685023,MSI 소드 GF76 HX B14WGK-i7 QHD 에어 (SSD 2TB),2397950,,2398150,,,,,
105551033,MSI 소드 GF76 HX B14WGK-i7 QHD 에어 (SSD 512GB),2092560,,2092760,,,,,
106763597,MSI 소드 GF76 HX B14WGK-i7 QHD 에어 WIN11 (SSD 1TB),2266560,,2266760,,,,,
106763600,MSI 소드 GF76 HX B14WGK-i7 QHD 에어 WIN11 (SSD 2TB),2415080,,2415280,,,,,
122685038,MSI 소드 GF76 HX B14WGK-i7 QHD 에어 WIN11 (SSD 4TB),3710000,,3710000,,,,,
106763594,MSI 소드 GF76 HX B14WGK-i7 QHD 에어 WIN11 (SSD 512GB),2192780,,2192980,,,,,
106763606,MSI 소드 GF76 HX B14WGK-i7 QHD 에어 WIN11 32GB램 (SSD 1TB),2659010,,2659210,,,,,
106763609,MSI 소드 GF76 HX B14WGK-i7 QHD 에어 WIN11 32GB램 (SSD 2TB),2797940,,2798140,,,,,
122685015,MSI 소드 GF76 HX B14WGK-i7 QHD 에어 WIN11 32GB램 (SSD 4TB),4155000,,3833600,,,,,
106763603,MSI 소드 GF76 HX B14WGK-i7 QHD 에어 WIN11 32GB램 (SSD 512GB),2563890,,2564090,,,,,
91766426,MSI 소드 GF76 HX B14WGK-i9 QHD (SSD 1TB),2419000,,2419000,,,,,
92104421,MSI 소드 GF76 HX B14WGK-i9 QHD (SSD 2TB),2375000,,2375000,,,,,
92104433,MSI 소드 GF76 HX B14WGK-i9 QHD (SSD 4TB),3119520,,3119520,,,,,
92146205,MSI 소드 GF76 HX B14WGK-i9 QHD 32GB램 (SSD 1TB),2565000,,2565000,,,,,
92146208,MSI 소드 GF76 HX B14WGK-i9 QHD 32GB램 (SSD 2TB),2916160,,2916510,,,,,
92146211,MSI 소드 GF76 HX B14WGK-i9 QHD 32GB램 (SSD 4TB),3609270,,3609470,,,,,
92104448,MSI 소드 GF76 HX B14WGK-i9 QHD WIN11 (SSD 1TB),2368990,,2356950,,,,,
92104451,MSI 소드 GF76 HX B14WGK-i9 QHD WIN11 (SSD 2TB),2562560,,2562760,,,,,
92104454,MSI 소드 GF76 HX B14WGK-i9 QHD WIN11 (SSD 4TB),3288000,,3288000,,,,,
92104460,MSI 소드 GF76 HX B14WGK-i9 QHD WIN11 32GB램 (SSD 1TB),2717970,,2718000,,,,,
92104463,MSI 소드 GF76 HX B14WGK-i9 QHD WIN11 32GB램 (SSD 2TB),2937310,,2938490,,,,,
92104466,MSI 소드 GF76 HX B14WGK-i9 QHD WIN11 32GB램 (SSD 4TB),3598000,,3598000,,,,,
92104469,MSI 소드 GF76 HX B14WGK-i9 QHD WIN11 64GB램 (SSD 1TB),3381460,,3397390,,,,,
92104472,MSI 소드 GF76 HX B14WGK-i9 QHD WIN11 64GB램 (SSD 2TB),3550660,,3540360,,,,,
92104475,MSI 소드 GF76 HX B14WGK-i9 QHD WIN11 64GB램 (SSD 4TB),4407980,,4266550,,,,,
123133930,MSI 스텔스 16 AI+ B3WGX-U9 QHD+ OLED (SSD 1TB),4599000,,4599000,,,,,
123742377,MSI 스텔스 16 AI+ B3WGX-U9 QHD+ OLED (SSD 2TB),4966590,,4966750,,,,,
123742378,MSI 스텔스 16 AI+ B3WGX-U9 QHD+ OLED (SSD 4TB),5456210,,5456410,,,,,
123742380,MSI 스텔스 16 AI+ B3WGX-U9 QHD+ OLED 64GB램 (SSD 1TB),5359570,,5359730,,,,,
123742379,MSI 스텔스 16 AI+ B3WGX-U9 QHD+ OLED 64GB램 (SSD 2TB),5485680,,5485690,,,,,
123742381,MSI 스텔스 16 AI+ B3WGX-U9 QHD+ OLED 64GB램 (SSD 4TB),6157410,,6157570,,,,,
123742386,MSI 스텔스 16 AI+ B3WGX-U9 QHD+ OLED WIN11 64GB램 (SSD 1TB),5371050,,5371210,,,,,
123742385,MSI 스텔스 16 AI+ B3WGX-U9 QHD+ OLED WIN11 64GB램 (SSD 2TB),5579050,,5579050,,,,,
123742387,MSI 스텔스 16 AI+ B3WGX-U9 QHD+ OLED WIN11 64GB램 (SSD 4TB),6221300,,6221460,,,,,
122931307,MSI 스텔스 16 AI+ B3WI-U9 QHD+ OLED (SSD 1TB),5699000,,5629000,,,,,
27613289,MSI 알파 17 C7VG-R9 QHD (SSD 1TB),2301840,,2279810,,,,,
27674072,MSI 알파 17 C7VG-R9 QHD (SSD 2TB),2490670,,2490770,,,,,
43527458,MSI 알파 17 C7VG-R9 QHD (SSD 4TB),2899000,,2899000,,,,,
27674177,MSI 알파 17 C7VG-R9 QHD WIN11 32GB램 (SSD 1TB),2647000,,2647100,,,,,
27674183,MSI 알파 17 C7VG-R9 QHD WIN11 32GB램 (SSD 2TB),2818770,,2818870,,,,,
43526825,MSI 알파 17 C7VG-R9 QHD WIN11 32GB램 (SSD 4TB),4700000,,4700000,,,,,
122651212,MSI 크로스헤어 16 HX E14WGK-i9 QHD+ (SSD 1TB),2799000,,2729000,,,,,
122653443,MSI 크로스헤어 16 HX E14WGK-i9 QHD+ (SSD 2TB),2879180,,2799000,,,,,
122653444,MSI 크로스헤어 16 HX E14WGK-i9 QHD+ (SSD 4TB),3525060,,3525260,,,,,
122653445,MSI 크로스헤어 16 HX E14WGK-i9 QHD+ 32GB램 (SSD 1TB),3066600,,3066600,,,,,
122653447,MSI 크로스헤어 16 HX E14WGK-i9 QHD+ 32GB램 (SSD 2TB),3234210,,3234410,,,,,
122653448,MSI 크로스헤어 16 HX E14WGK-i9 QHD+ 32GB램 (SSD 4TB),3797660,,3797860,,,,,
122653432,MSI 크로스헤어 16 HX E14WGK-i9 QHD+ WIN11 (SSD 1TB),2793410,,2793610,,,,,
122653433,MSI 크로스헤어 16 HX E14WGK-i9 QHD+ WIN11 (SSD 2TB),2960610,,2960810,,,,,
122653435,MSI 크로스헤어 16 HX E14WGK-i9 QHD+ WIN11 (SSD 4TB),3549250,,3549450,,,,,
122653437,MSI 크로스헤어 16 HX E14WGK-i9 QHD+ WIN11 32GB램 (SSD 1TB),3086960,,3087160,,,,,
122653438,MSI 크로스헤어 16 HX E14WGK-i9 QHD+ WIN11 32GB램 (SSD 2TB),3087500,,3087500,,,,,
122653439,MSI 크로스헤어 16 HX E14WGK-i9 QHD+ WIN11 32GB램 (SSD 4TB),3838310,,3838510,,,,,
122713480,MSI 크로스헤어 16 Max HX E2WFK-U9+ QHD+ (SSD 1TB),3035770,,3035970,,,,,
122713485,MSI 크로스헤어 16 Max HX E2WFK-U9+ QHD+ (SSD 2TB),3196530,,3196730,,,,,
122720614,MSI 크로스헤어 16 Max HX E2WFK-U9+ QHD+ (SSD 4TB),3679710,,3679810,,,,,
122708862,MSI 크로스헤어 16 Max HX E2WFK-U9+ QHD+ (SSD 512GB),2898990,,2898990,,,,,
122713495,MSI 크로스헤어 16 Max HX E2WFK-U9+ QHD+ WIN11 (SSD 1TB),3072440,,3072640,,,,,
122713499,MSI 크로스헤어 16 Max HX E2WFK-U9+ QHD+ WIN11 (SSD 2TB),3181260,,3181460,,,,,
122720608,MSI 크로스헤어 16 Max HX E2WFK-U9+ QHD+ WIN11 (SSD 4TB),3693950,,3694050,,,,,
122713492,MSI 크로스헤어 16 Max HX E2WFK-U9+ QHD+ WIN11 (SSD 512GB),2946070,,2946270,,,,,
122713508,MSI 크로스헤어 16 Max HX E2WFK-U9+ QHD+ WIN11 32GB램 (SSD 1TB),3394730,,3394830,,,,,
122713510,MSI 크로스헤어 16 Max HX E2WFK-U9+ QHD+ WIN11 32GB램 (SSD 2TB),3526080,,3526280,,,,,
122720606,MSI 크로스헤어 16 Max HX E2WFK-U9+ QHD+ WIN11 32GB램 (SSD 4TB),4039460,,4039620,,,,,
122713506,MSI 크로스헤어 16 Max HX E2WFK-U9+ QHD+ WIN11 32GB램 (SSD 512GB),3310360,,3310560,,,,,
122656006,MSI 크로스헤어 16 Max HX E2WGXK-U9+ QHD+ OLED (SSD 1TB),3428990,,3428990,,,,,
122676647,MSI 크로스헤어 16 Max HX E2WGXK-U9+ QHD+ OLED (SSD 2TB),3657350,,3657550,,,,,
122676655,MSI 크로스헤어 16 Max HX E2WGXK-U9+ QHD+ OLED (SSD 4TB),4180230,,4180430,,,,,
122676657,MSI 크로스헤어 16 Max HX E2WGXK-U9+ QHD+ OLED 32GB램 (SSD 1TB),3909700,,3909900,,,,,
122676659,MSI 크로스헤어 16 Max HX E2WGXK-U9+ QHD+ OLED 32GB램 (SSD 2TB),4024950,,4025150,,,,,
122676661,MSI 크로스헤어 16 Max HX E2WGXK-U9+ QHD+ OLED 32GB램 (SSD 4TB),4479990,,4480190,,,,,
122676666,MSI 크로스헤어 16 Max HX E2WGXK-U9+ QHD+ OLED 64GB램 (SSD 1TB),4526000,,4526200,,,,,
122676671,MSI 크로스헤어 16 Max HX E2WGXK-U9+ QHD+ OLED 64GB램 (SSD 2TB),4588250,,4588450,,,,,
122676674,MSI 크로스헤어 16 Max HX E2WGXK-U9+ QHD+ OLED 64GB램 (SSD 4TB),5039720,,5039730,,,,,
122667444,MSI 크로스헤어 16 Max HX E2WGXK-U9+ QHD+ OLED WIN11 (SSD 1TB),3496350,,3496550,,,,,
122667450,MSI 크로스헤어 16 Max HX E2WGXK-U9+ QHD+ OLED WIN11 (SSD 2TB),3549220,,3549420,,,,,
122667464,MSI 크로스헤어 16 Max HX E2WGXK-U9+ QHD+ OLED WIN11 (SSD 4TB),4201090,,4201290,,,,,
122667469,MSI 크로스헤어 16 Max HX E2WGXK-U9+ QHD+ OLED WIN11 32GB램 (SSD 1TB),3803230,,3803230,,,,,
122667506,MSI 크로스헤어 16 Max HX E2WGXK-U9+ QHD+ OLED WIN11 32GB램 (SSD 2TB),4081080,,4081450,,,,,
122667512,MSI 크로스헤어 16 Max HX E2WGXK-U9+ QHD+ OLED WIN11 32GB램 (SSD 4TB),4554500,,4554700,,,,,
122667516,MSI 크로스헤어 16 Max HX E2WGXK-U9+ QHD+ OLED WIN11 64GB램 (SSD 1TB),4542140,,4542340,,,,,
122670218,MSI 크로스헤어 16 Max HX E2WGXK-U9+ QHD+ OLED WIN11 64GB램 (SSD 2TB),4549050,,4549250,,,,,
122670221,MSI 크로스헤어 16 Max HX E2WGXK-U9+ QHD+ OLED WIN11 64GB램 (SSD 4TB),5086030,,5086230,,,,,
122635773,MSI 크로스헤어 17 HX AI D2XWFKG-U7 QHD+ 슈퍼 WIN11 64GB램 (SSD 1TB),3444810,,3445010,,,,,
122635771,MSI 크로스헤어 17 HX AI D2XWFKG-U7 QHD+ 슈퍼 WIN11 64GB램 (SSD 2TB),3612980,,3613180,,,,,
122635774,MSI 크로스헤어 17 HX AI D2XWFKG-U7 QHD+ 슈퍼 WIN11 64GB램 (SSD 4TB),4299330,,4299530,,,,,
91908854,MSI 크로스헤어 17 HX AI D2XWGKG-U9 QHD+ WIN11 32GB램 (SSD 1TB),3154080,,3154280,,,,,
91908857,MSI 크로스헤어 17 HX AI D2XWGKG-U9 QHD+ WIN11 32GB램 (SSD 2TB),3317020,,3317220,,,,,
91908860,MSI 크로스헤어 17 HX AI D2XWGKG-U9 QHD+ WIN11 32GB램 (SSD 4TB),3981830,,3981830,,,,,
91908851,MSI 크로스헤어 17 HX AI D2XWGKG-U9 QHD+ WIN11 32GB램 (SSD 512GB),3019390,,3019590,,,,,
122628763,MSI 크로스헤어 17 HX AI D2XWGKG-U9 QHD+ 슈퍼 (SSD 1TB),2798990,,2729000,,,,,
122636207,MSI 크로스헤어 17 HX AI D2XWGKG-U9 QHD+ 슈퍼 (SSD 2TB),2990180,,2990380,,,,,
124129832,MSI 크로스헤어 17 HX AI D2XWGKG-U9 QHD+ 슈퍼 (SSD 4TB),3712940,,3713100,,,,,
122635800,MSI 크로스헤어 17 HX AI D2XWGKG-U9 QHD+ 슈퍼 WIN11 (SSD 1TB),2806030,,2806230,,,,,
122635802,MSI 크로스헤어 17 HX AI D2XWGKG-U9 QHD+ 슈퍼 WIN11 (SSD 2TB),2988730,,2988740,,,,,
124129844,MSI 크로스헤어 17 HX AI D2XWGKG-U9 QHD+ 슈퍼 WIN11 (SSD 4TB),3732260,,3732420,,,,,
94571321,MSI 크로스헤어 18 HX AI A2XWFKG-U9 QHD+ 32GB램 (SSD 1TB),2756690,,2756890,,,,,
94571324,MSI 크로스헤어 18 HX AI A2XWFKG-U9 QHD+ 32GB램 (SSD 2TB),2926730,,2926930,,,,,
94571327,MSI 크로스헤어 18 HX AI A2XWFKG-U9 QHD+ 32GB램 (SSD 4TB),3914310,,3914510,,,,,
94571318,MSI 크로스헤어 18 HX AI A2XWFKG-U9 QHD+ 32GB램 (SSD 512GB),2705010,,2705210,,,,,
94571402,MSI 크로스헤어 18 HX AI A2XWFKG-U9 QHD+ WIN11 32GB램 (SSD 1TB),2776470,,2776670,,,,,
94571405,MSI 크로스헤어 18 HX AI A2XWFKG-U9 QHD+ WIN11 32GB램 (SSD 2TB),2946510,,2946710,,,,,
94571408,MSI 크로스헤어 18 HX AI A2XWFKG-U9 QHD+ WIN11 32GB램 (SSD 4TB),3934260,,3934460,,,,,
94571399,MSI 크로스헤어 18 HX AI A2XWFKG-U9 QHD+ WIN11 32GB램 (SSD 512GB),2725980,,2726180,,,,,
94571414,MSI 크로스헤어 18 HX AI A2XWFKG-U9 QHD+ WIN11 64GB램 (SSD 1TB),3385390,,3385590,,,,,
94571423,MSI 크로스헤어 18 HX AI A2XWFKG-U9 QHD+ WIN11 64GB램 (SSD 2TB),3555510,,3555710,,,,,
94571420,MSI 크로스헤어 18 HX AI A2XWFKG-U9 QHD+ WIN11 64GB램 (SSD 4TB),4218000,,4218000,,,,,
94571411,MSI 크로스헤어 18 HX AI A2XWFKG-U9 QHD+ WIN11 64GB램 (SSD 512GB),3567190,,3567350,,,,,
122727780,MSI 크로스헤어 A16 HX E8WFK-R9 QHD+ (SSD 1TB),2935820,,2935980,,,,,
122727783,MSI 크로스헤어 A16 HX E8WFK-R9 QHD+ (SSD 2TB),3103780,,3103940,,,,,
122723920,MSI 크로스헤어 A16 HX E8WFK-R9 QHD+ (SSD 512GB),2699000,,2609000,,,,,
122930469,MSI 크로스헤어 A16 HX E8WGXK-R9 QHD+ WIN11 (SSD 1TB),3279090,,3279250,,,,,
122930457,MSI 크로스헤어 A16 HX E8WGXK-R9 QHD+ WIN11 (SSD 2TB),3407400,,3407560,,,,,
122930487,MSI 크로스헤어 A16 HX E8WGXK-R9 QHD+ WIN11 (SSD 4TB),3959410,,3959570,,,,,
122930470,MSI 크로스헤어 A16 HX E8WGXK-R9 QHD+ WIN11 32GB램 (SSD 1TB),3587880,,3588040,,,,,
122930459,MSI 크로스헤어 A16 HX E8WGXK-R9 QHD+ WIN11 32GB램 (SSD 2TB),3725120,,3725280,,,,,
122930482,MSI 크로스헤어 A16 HX E8WGXK-R9 QHD+ WIN11 32GB램 (SSD 4TB),4249610,,4249770,,,,,
95848052,MSI 크로스헤어 A17 HX D9WGKG-R9 QHD+ W11 (SSD 1TB),2799000,,,,,,,
96312842,MSI 크로스헤어 A17 HX D9WGKG-R9 QHD+ W11 (SSD 2TB),3018850,,,,,,,
96312848,MSI 크로스헤어 A17 HX D9WGKG-R9 QHD+ W11 (SSD 4TB),3537650,,,,,,,
96312878,MSI 크로스헤어 A17 HX D9WGKG-R9 QHD+ W11 32GB램 (SSD 1TB),3230350,,3230550,,,,,
96312881,MSI 크로스헤어 A17 HX D9WGKG-R9 QHD+ W11 32GB램 (SSD 2TB),3428790,,3428990,,,,,
96312884,MSI 크로스헤어 A17 HX D9WGKG-R9 QHD+ W11 32GB램 (SSD 4TB),3801000,,3801000,,,,,
96312887,MSI 크로스헤어 A17 HX D9WGKG-R9 QHD+ W11 64GB램 (SSD 1TB),3886050,,3886250,,,,,
96312890,MSI 크로스헤어 A17 HX D9WGKG-R9 QHD+ W11 64GB램 (SSD 2TB),4038150,,4038350,,,,,
96312893,MSI 크로스헤어 A17 HX D9WGKG-R9 QHD+ W11 64GB램 (SSD 4TB),4459000,,4459000,,,,,
94204973,MSI 크로스헤어 A18 HX A8WFKG-R9 QHD+ (SSD 1TB),2207530,,2207730,,,,,
94204979,MSI 크로스헤어 A18 HX A8WFKG-R9 QHD+ (SSD 2TB),2465520,,2465520,,,,,
94204991,MSI 크로스헤어 A18 HX A8WFKG-R9 QHD+ (SSD 4TB),3148990,,3148990,,,,,
93383390,MSI 크로스헤어 A18 HX A8WFKG-R9 QHD+ (SSD 512GB),2075050,,2075250,,,,,
103880861,MSI 크로스헤어 A18 HX A8WGKG-R9 QHD+ 얼티밋 (SSD 1TB),3150000,,,,,,,
103880915,MSI 크로스헤어 A18 HX A8WGKG-R9 QHD+ 얼티밋 (SSD 2TB),3250000,,,,,,,
108228527,MSI 크로스헤어 A18 HX A8WGKG-R9 QHD+ 얼티밋 (SSD 4TB),3848000,,,,,,,
103880279,MSI 크로스헤어 A18 HX A8WGKG-R9 QHD+ 얼티밋 (SSD 512GB),2950000,,,,,,,
122726680,MSI 타이탄 18 HX 드래곤 에디션 Draco Epic A2WJ-U9+ UHD+ Mini LED W11 (SSD 2TB + SSD 2TB),10998990,,10998990,,,,,
122635824,MSI 펄스 A17 AI+ C3HWFKG-R7 QHD+ (SSD 1TB),1996160,,1996360,,,,,
122635827,MSI 펄스 A17 AI+ C3HWFKG-R7 QHD+ (SSD 2TB),2194500,,2194700,,,,,
122626964,MSI 펄스 A17 AI+ C3HWFKG-R7 QHD+ (SSD 512GB),1898990,,1898990,,,,,
122635831,MSI 펄스 A17 AI+ C3HWFKG-R7 QHD+ 32GB램 (SSD 1TB),2337110,,2337310,,,,,
122635832,MSI 펄스 A17 AI+ C3HWFKG-R7 QHD+ 32GB램 (SSD 2TB),2462650,,2462850,,,,,
122635829,MSI 펄스 A17 AI+ C3HWFKG-R7 QHD+ 32GB램 (SSD 512GB),2213080,,2213280,,,,,
122635850,MSI 펄스 A17 AI+ C3HWFKG-R7 QHD+ WIN11 32GB렘 (SSD 1TB),2369260,,2369460,,,,,
122635852,MSI 펄스 A17 AI+ C3HWFKG-R7 QHD+ WIN11 32GB렘 (SSD 2TB),2526520,,2526720,,,,,
122635853,MSI 펄스 A17 AI+ C3HWFKG-R7 QHD+ WIN11 32GB렘 (SSD 4TB),3374050,,3374250,,,,,
122635847,MSI 펄스 A17 AI+ C3HWFKG-R7 QHD+ WIN11 32GB렘 (SSD 512GB),2259160,,2259360,,,,,
97223822,MSI 프레스티지 13 AI+ 우키요에 에디션 A2VMG-U9 2.8K OLED W11 (SSD 2TB),2997000,,2962000,,,,,
97565585,MSI 프레스티지 13 AI+ 우키요에 에디션 A2VMG-U9 2.8K OLED W11 (SSD 4TB),3490000,,3242050,,,,,
106036286,MSI 프레스티지 14 AI+ D3MG-U9 OLED (SSD 1TB),2569000,,2499000,,,,,
106754024,MSI 프레스티지 14 AI+ D3MG-U9 OLED (SSD 2TB),2860490,,2860490,,,,,
106765442,MSI 프레스티지 14 AI+ D3MG-U9 OLED (SSD 4TB),3190000,,3190000,,,,,
106720865,MSI 프레스티지 14 AI+ D3MG-U9 OLED WIN11 (SSD 1TB),2693770,,2693970,,,,,
106754030,MSI 프레스티지 14 AI+ D3MG-U9 OLED WIN11 (SSD 2TB),2914310,,2914510,,,,,
106765412,MSI 프레스티지 14 AI+ D3MG-U9 OLED WIN11 (SSD 4TB),3290000,,3290000,,,,,
124101589,MSI 프레스티지 14 Flip AI+ 론강의 별이 빛나는 밤 D3MTG-UX9 OLED W11 (SSD 1TB),3448990,,3448990,,,,,
124101657,MSI 프레스티지 14 Flip AI+ 별이 빛나는 밤 D3MTG-UX9 OLED W11 (SSD 1TB),3448990,,3448990,,,,,
45311942,MSI 프레스티지 16 AI B1MG (SSD 1TB),1488990,,1488990,,,,,
45311945,MSI 프레스티지 16 AI B1MG (SSD 2TB),1638990,,1638990,,,,,
45312311,MSI 프레스티지 16 AI B1MG (SSD 4TB),2490530,,2136500,,,,,
37931801,MSI 프레스티지 16 AI B1MG (SSD 512GB),1398460,,1398660,,,,,
40721063,MSI 프레스티지 16 AI B1MG WIN11 (SSD 1TB),1498340,,1498540,,,,,
40721066,MSI 프레스티지 16 AI B1MG WIN11 (SSD 2TB),1648990,,1648990,,,,,
45312233,MSI 프레스티지 16 AI B1MG WIN11 (SSD 4TB),2511920,,2396840,,,,,
40721033,MSI 프레스티지 16 AI B1MG WIN11 (SSD 512GB),1358340,,1358540,,,,,
108419633,MSI 프레스티지 16 AI+ C3MG-UX9 2.8K OLED (SSD 1TB),2969000,,2899000,,,,,
122689399,MSI 프레스티지 16 AI+ C3MG-UX9 2.8K OLED (SSD 2TB),3337930,,3337930,,,,,
122689401,MSI 프레스티지 16 AI+ C3MG-UX9 2.8K OLED (SSD 4TB),3812630,,3731000,,,,,
73074917,MSI 프레스티지 16 AI+ Evo B2VM-U7 W11 (SSD 1TB),2405990,,2405990,,,,,
73762211,MSI 프레스티지 16 AI+ Evo B2VM-U7 W11 (SSD 2TB),2600000,,2600000,,,,,
73762220,MSI 프레스티지 16 AI+ Evo B2VM-U7 W11 (SSD 4TB),3290000,,3290000,,,,,
106036190,MSI 프레스티지 16 Flip AI+ C3MTG-U9 2.8K OLED W11 (SSD 1TB),3200000,,2849000,,,,,
122618178,MSI 프레스티지 16 Flip AI+ C3MTG-U9 2.8K OLED W11 (SSD 2TB),3400000,,3400000,,,,,
122644508,MSI 프레스티지 16 Flip AI+ C3MTG-U9 2.8K OLED W11 (SSD 4TB),4388990,,4388990,,,,,
123980950,레노버 LEGION 5 15AGP11 83Q60062KR (SSD 1TB),2449000,,2449000,,,,,
123980951,레노버 LEGION 5 15AGP11 83Q60062KR (SSD 2TB),2599000,,2599000,,,,,
123980949,레노버 LEGION 5 15AGP11 83Q60062KR (SSD 512GB),2349000,,2349000,,,,,
123980952,레노버 LEGION 5 15AGP11 83Q60062KR 32GB램 (SSD 1TB),2799000,,2799000,,,,,
123980954,레노버 LEGION 5 15AGP11 83Q60062KR 32GB램 (SSD 2TB),2949000,,2949000,,,,,
123980953,레노버 LEGION 5 15AGP11 83Q60062KR 32GB램 (SSD 512GB),2699000,,2699000,,,,,
123980958,레노버 LEGION 5 15AGP11 83Q60062KR WIN11 32GB램 (SSD 1TB),2847000,,2847000,,,,,
123980960,레노버 LEGION 5 15AGP11 83Q60062KR WIN11 32GB램 (SSD 2TB),2965030,,2965190,,,,,
123980959,레노버 LEGION 5 15AGP11 83Q60062KR WIN11 32GB램 (SSD 512GB),2712000,,2712000,,,,,
98182160,레노버 LEGION 5 15AHP10 83M0000JKR (SSD 1TB),2782000,,2782000,,,,,
98182181,레노버 LEGION 5 15AHP10 83M0000JKR (SSD 2TB),2696000,,2696000,,,,,
100272518,레노버 LEGION 5 15AHP10 83M0000JKR (SSD 4TB),3800000,,3800000,,,,,
96979937,레노버 LEGION 5 15AHP10 83M0000JKR (SSD 512GB),2340000,,2340000,,,,,
98182259,레노버 LEGION 5 15AHP10 83M0000JKR 32GB램 (SSD 1TB),2867000,,2867000,,,,,
98182268,레노버 LEGION 5 15AHP10 83M0000JKR 32GB램 (SSD 2TB),2981000,,2981000,,,,,
100272476,레노버 LEGION 5 15AHP10 83M0000JKR 32GB램 (SSD 4TB),3399000,,3399000,,,,,
98071766,레노버 LEGION 5 15AHP10 83M0000JKR 32GB램 (SSD 512GB),2608000,,2608000,,,,,
122641836,레노버 LEGION 5 15AHP11 83Q7000TKR (SSD 1TB),2498990,,2498990,,,,,
122641837,레노버 LEGION 5 15AHP11 83Q7000TKR (SSD 2TB),2599000,,2599000,,,,,
122641840,레노버 LEGION 5 15AHP11 83Q7000TKR (SSD 4TB),3695000,,3400000,,,,,
122626032,레노버 LEGION 5 15AHP11 83Q7000TKR (SSD 512GB),2099000,,2099000,,,,,
122638344,레노버 LEGION 5 15AHP11 83Q7000TKR 32GB램 (SSD 1TB),2795010,,,,,,,
122641842,레노버 LEGION 5 15AHP11 83Q7000TKR 32GB램 (SSD 2TB),2895010,,,,,,,
122641844,레노버 LEGION 5 15AHP11 83Q7000TKR 32GB램 (SSD 4TB),4095000,,,,,,,
122638340,레노버 LEGION 5 15AHP11 83Q7000TKR 32GB램 (SSD 512GB),2529000,,,,,,,
122718974,레노버 LEGION 5 15AHP11 83Q7004CKR (SSD 1TB),2600000,,2600000,,,,,
122718980,레노버 LEGION 5 15AHP11 83Q7004CKR (SSD 2TB),2738000,,2738000,,,,,
123668364,레노버 LEGION 5 15AHP11 83Q7004CKR (SSD 4TB),3707000,,3707000,,,,,
122718882,레노버 LEGION 5 15AHP11 83Q7004CKR (SSD 512GB),2484000,,2449000,,,,,
122718924,레노버 LEGION 5 15AHP11 83Q7004CKR 32GB램 (SSD 1TB),2920000,,2920000,,,,,
122718925,레노버 LEGION 5 15AHP11 83Q7004CKR 32GB램 (SSD 2TB),3018000,,2981510,,,,,
123668283,레노버 LEGION 5 15AHP11 83Q7004CKR 32GB램 (SSD 4TB),4011000,,4011000,,,,,
122718919,레노버 LEGION 5 15AHP11 83Q7004CKR 32GB램 (SSD 512GB),2750000,,2750000,,,,,
122718988,레노버 LEGION 5 15AHP11 83Q7004CKR WIN11 (SSD 1TB),2650000,,2650000,,,,,
122718989,레노버 LEGION 5 15AHP11 83Q7004CKR WIN11 (SSD 2TB),2770000,,2770000,,,,,
123668273,레노버 LEGION 5 15AHP11 83Q7004CKR WIN11 (SSD 4TB),3729000,,3729000,,,,,
122718985,레노버 LEGION 5 15AHP11 83Q7004CKR WIN11 (SSD 512GB),2500000,,2500000,,,,,
122718933,레노버 LEGION 5 15AHP11 83Q7004CKR WIN11 32GB램 (SSD 1TB),2946000,,2946000,,,,,
122718938,레노버 LEGION 5 15AHP11 83Q7004CKR WIN11 32GB램 (SSD 2TB),3045000,,3045000,,,,,
123668267,레노버 LEGION 5 15AHP11 83Q7004CKR WIN11 32GB램 (SSD 4TB),4033000,,4033000,,,,,
122718930,레노버 LEGION 5 15AHP11 83Q7004CKR WIN11 32GB램 (SSD 512GB),2838000,,2838000,,,,,
96856619,레노버 LEGION 5 15AKP10 83F1001WKR (SSD 1TB),3000000,,3000000,,,,,
97563893,레노버 LEGION 5 15AKP10 83F1001WKR (SSD 2TB),3300000,,3300000,,,,,
97563899,레노버 LEGION 5 15AKP10 83F1001WKR (SSD 4TB),3990000,,3990000,,,,,
97363721,레노버 LEGION 5 15IAX10 U9 5070 Plus W11 64GB램 (SSD 1TB),4400000,,4400000,,,,,
97363727,레노버 LEGION 5 15IAX10 U9 5070 Plus W11 64GB램 (SSD 2TB),4600000,,4600000,,,,,
97363730,레노버 LEGION 5 15IAX10 U9 5070 Plus W11 64GB램 (SSD 4TB),5476710,,5476710,,,,,
97365428,레노버 LEGION 5 15IAX10 U9 5070 Plus W11P 64GB램 (SSD 1TB),4359000,,4359000,,,,,
97365434,레노버 LEGION 5 15IAX10 U9 5070 Plus W11P 64GB램 (SSD 2TB),4800000,,4800000,,,,,
97365437,레노버 LEGION 5 15IAX10 U9 5070 Plus W11P 64GB램 (SSD 4TB),5499000,,5499000,,,,,
122657994,레노버 LEGION 5 15IPH11 U7 5060 (SSD 1TB),3098000,,3098000,,,,,
122658001,레노버 LEGION 5 15IPH11 U7 5060 (SSD 2TB),3378000,,3378000,,,,,
122653153,레노버 LEGION 5 15IPH11 U7 5060 (SSD 512GB),2948000,,2948000,,,,,
122659431,레노버 LEGION 5 15IPH11 U7 5060 W11P 64GB램 (SSD 1TB),4348000,,4348000,,,,,
122659435,레노버 LEGION 5 15IPH11 U7 5060 W11P 64GB램 (SSD 2TB),4620000,,4620000,,,,,
122659426,레노버 LEGION 5 15IPH11 U7 5060 W11P 64GB램 (SSD 512GB),4180000,,4180000,,,,,
96424904,레노버 LEGION 5 15IRX10 i7 5060 (SSD 1TB),2498000,,2499000,,,,,
96479702,레노버 LEGION 5 15IRX10 i7 5060 (SSD 2TB),2730000,,2730000,,,,,
97564184,레노버 LEGION 5 15IRX10 i7 5060 (SSD 4TB),3300000,,3300000,,,,,
96479723,레노버 LEGION 5 15IRX10 i7 5060 32GB램 (SSD 1TB),2898000,,2898000,,,,,
96479726,레노버 LEGION 5 15IRX10 i7 5060 32GB램 (SSD 2TB),3157000,,3158000,,,,,
97564211,레노버 LEGION 5 15IRX10 i7 5060 32GB램 (SSD 4TB),3499000,,3500000,,,,,
95282078,레노버 LEGION 5 15IRX10 i9 5070 Plus W11 (SSD 1TB),3670000,,3670000,,,,,
96364970,레노버 LEGION 5 15IRX10 i9 5070 Plus W11 (SSD 2TB),3870000,,3870000,,,,,
96852467,레노버 LEGION 5 15IRX10 i9 5070 Plus W11 (SSD 4TB),4800000,,4500000,,,,,
122696407,레노버 LEGION 7 16IAX10 U9 5070 Plus 83KY007QKR (SSD 1TB),4299000,,4299000,,,,,
122696486,레노버 LEGION 7 16IAX10 U9 5070 Plus 83KY007QKR (SSD 2TB),4899000,,4899000,,,,,
93861668,레노버 LEGION 7i 83KY001YKR (SSD 1TB),3928512,,3928512,,,,,
102552164,레노버 LEGION 7i 83KY001YKR (SSD 2TB),5399000,,5399000,,,,,
102552173,레노버 LEGION 7i 83KY001YKR (SSD 4TB),5999000,,5876000,,,,,
122718514,레노버 LEGION 9 18IAX10 U9 5090 Plus W11P 83EY008QKR 128GB램 (SSD 2TB),12690000,,,,,,,
122718512,레노버 LEGION 9 18IAX10 U9 5090 Plus W11P 83EY008QKR 128GB램 (SSD 4TB),13190000,,,,,,,
98484680,레노버 LEGION Pro 5 16AFR10 83F2000UKR (SSD 1TB),3359000,,3359000,,,,,
99743156,레노버 LEGION Pro 5 16AFR10 83F2000UKR (SSD 2TB),4200000,,4200000,,,,,
99743183,레노버 LEGION Pro 5 16AFR10 83F2000UKR (SSD 4TB),5100000,,5100000,,,,,
92545097,레노버 LEGION Pro 5 16IAX10H U9 5070Ti Plus (SSD 1TB),4149000,,4149000,,,,,
93628319,레노버 LEGION Pro 5 16IAX10H U9 5070Ti Plus (SSD 2TB),4570000,,4570000,,,,,
93917798,레노버 LEGION Pro 5 16IAX10H U9 5070Ti Plus (SSD 4TB),4990000,,4990000,,,,,
80587322,레노버 LEGION Pro 7 16IAX10 U9 5080 Plus W11 64GB램 (SSD 1TB),6080000,,,,,,,
80589377,레노버 LEGION Pro 7 16IAX10 U9 5080 Plus W11 64GB램 (SSD 2TB),6280000,,,,,,,
80589515,레노버 LEGION Pro 7 16IAX10 U9 5080 Plus W11 64GB램 (SSD 4TB),7000000,,,,,,,
90155456,레노버 LEGION Pro 7 16IAX10 U9 5080 Plus W11 64GB램 (SSD 5TB),8000000,,,,,,,
90155459,레노버 LEGION Pro 7 16IAX10 U9 5080 Plus W11 64GB램 (SSD 8TB),8500000,,,,,,,
97471361,레노버 LOQ 15AHP10 R7 5060 (SSD 1TB),2053410,,1991710,,,,,
97471376,레노버 LOQ 15AHP10 R7 5060 (SSD 2TB),2186430,,2134210,,,,,
97471385,레노버 LOQ 15AHP10 R7 5060 (SSD 4TB),2661130,,2661130,,,,,
96856439,레노버 LOQ 15AHP10 R7 5060 (SSD 512GB),1838990,,1838990,,,,,
97471400,레노버 LOQ 15AHP10 R7 5060 WIN11 (SSD 1TB),2001110,,2001310,,,,,
97471403,레노버 LOQ 15AHP10 R7 5060 WIN11 (SSD 2TB),2207110,,2184660,,,,,
97471406,레노버 LOQ 15AHP10 R7 5060 WIN11 (SSD 4TB),2682750,,2682750,,,,,
97471397,레노버 LOQ 15AHP10 R7 5060 WIN11 (SSD 512GB),1845390,,1784260,,,,,
97471478,레노버 LOQ 15AHP10 R7 5060 WIN11 32GB램 (SSD 1TB),2311760,,2311960,,,,,
97471481,레노버 LOQ 15AHP10 R7 5060 WIN11 32GB램 (SSD 2TB),2523890,,2486960,,,,,
97471487,레노버 LOQ 15AHP10 R7 5060 WIN11 32GB램 (SSD 4TB),2999530,,2999530,,,,,
97471472,레노버 LOQ 15AHP10 R7 5060 WIN11 32GB램 (SSD 512GB),2089900,,2045060,,,,,
122651371,레노버 LOQ 15AHP11 83TN000JKR (SSD 1TB),1929000,,1929000,,,,,
122651376,레노버 LOQ 15AHP11 83TN000JKR (SSD 2TB),2058460,,2058130,,,,,
122727792,레노버 LOQ 15AHP11 83TN000JKR (SSD 4TB),2647990,,2648150,,,,,
122645137,레노버 LOQ 15AHP11 83TN000JKR (SSD 512GB),1899000,,1899000,,,,,
122651379,레노버 LOQ 15AHP11 83TN000JKR 32GB램 (SSD 1TB),2339000,,2339000,,,,,
122651380,레노버 LOQ 15AHP11 83TN000JKR 32GB램 (SSD 2TB),2476580,,2439410,,,,,
122727796,레노버 LOQ 15AHP11 83TN000JKR 32GB램 (SSD 4TB),2972490,,2972650,,,,,
122651378,레노버 LOQ 15AHP11 83TN000JKR 32GB램 (SSD 512GB),2194990,,2084240,,,,,
122651338,레노버 LOQ 15AHP11 83TN000JKR WIN11 (SSD 1TB),2044140,,1993040,,,,,
122651339,레노버 LOQ 15AHP11 83TN000JKR WIN11 (SSD 2TB),2183630,,2157820,,,,,
122651340,레노버 LOQ 15AHP11 83TN000JKR WIN11 (SSD 4TB),2676510,,2676710,,,,,
122651336,레노버 LOQ 15AHP11 83TN000JKR WIN11 (SSD 512GB),1776490,,1775520,,,,,
122651344,레노버 LOQ 15AHP11 83TN000JKR WIN11 32GB램 (SSD 1TB),2340000,,2340000,,,,,
122651345,레노버 LOQ 15AHP11 83TN000JKR WIN11 32GB램 (SSD 2TB),2500460,,2500660,,,,,
122651354,레노버 LOQ 15AHP11 83TN000JKR WIN11 32GB램 (SSD 4TB),2993170,,2993370,,,,,
122651343,레노버 LOQ 15AHP11 83TN000JKR WIN11 32GB램 (SSD 512GB),2138070,,2095340,,,,,
108389078,레노버 LOQ 15ARP10E 83S000E3KR (SSD 1TB),1925000,,1925000,,,,,
108389093,레노버 LOQ 15ARP10E 83S000E3KR (SSD 2TB),2186430,,2186430,,,,,
106749572,레노버 LOQ 15ARP10E 83S000E3KR (SSD 512GB),1899000,,1890000,,,,,
56138213,레노버 LOQ 15ARP9 R7 4060 (SSD 1TB),2492320,,2264510,,,,,
56138225,레노버 LOQ 15ARP9 R7 4060 (SSD 2TB),2782620,,2590000,,,,,
55044329,레노버 LOQ 15ARP9 R7 4060 (SSD 512GB),1598000,,1598000,,,,,
122658257,레노버 LOQ 15IPH11 U7 5060 W11 (SSD 1TB),2999000,,2999000,,,,,
122658258,레노버 LOQ 15IPH11 U7 5060 W11 (SSD 2TB),3269000,,3269000,,,,,
122652930,레노버 LOQ 15IPH11 U7 5060 W11 (SSD 512GB),2949000,,2035000,,,,,
123134673,레노버 LOQ 15IRX10 i7 5050 SE WIN11 (SSD 1TB),2084850,,2085010,,,,,
123134674,레노버 LOQ 15IRX10 i7 5050 SE WIN11 (SSD 2TB),2189230,,2189390,,,,,
122624222,레노버 LOQ 15IRX10 i7 5050 SE WIN11 (SSD 512GB),2049000,,2049000,,,,,
100844630,레노버 LOQ 15IRX11 i5 5060 (SSD 1TB),2000000,,2000000,,,,,
101069666,레노버 LOQ 15IRX11 i5 5060 (SSD 2TB),2200000,,2200000,,,,,
101630180,레노버 LOQ 15IRX11 i5 5060 (SSD 4TB),2849000,,2849000,,,,,
100268528,레노버 LOQ 15IRX11 i5 5060 (SSD 512GB),1900000,,1892710,,,,,
108388931,레노버 V14 ARP G6 R5 (SSD 1TB),1218000,,1176410,,,,,
106784756,레노버 V14 ARP G6 R5 (SSD 256GB),899000,,899000,,,,,
123798935,레노버 V14 ARP G6 R5 (SSD 2TB),1700000,,1892040,,,,,
108388910,레노버 V14 ARP G6 R5 (SSD 512GB),1049000,,1049000,,,,,
108365513,레노버 V14 ARP G6 R5 W11P (SSD 1TB),1348000,,1348000,,,,,
108365483,레노버 V14 ARP G6 R5 W11P (SSD 256GB),1085000,,1085000,,,,,
108365507,레노버 V14 ARP G6 R5 W11P (SSD 512GB),1186000,,1186000,,,,,
63479423,레노버 V15 ABP G4 R5 (SSD 1TB),949000,,949000,,,,,
62568860,레노버 V15 ABP G4 R5 (SSD 256GB),775000,,749000,,,,,
63479426,레노버 V15 ABP G4 R5 (SSD 2TB),1099000,,1099000,,,,,
76943039,레노버 V15 ABP G4 R5 (SSD 4TB),2390000,,2180000,,,,,
63479408,레노버 V15 ABP G4 R5 (SSD 512GB),849000,,849000,,,,,
63479495,레노버 V15 ABP G4 R5 WIN11 (SSD 1TB),1069990,,1069990,,,,,
63479486,레노버 V15 ABP G4 R5 WIN11 (SSD 256GB),799000,,837000,,,,,
63479498,레노버 V15 ABP G4 R5 WIN11 (SSD 2TB),1129000,,1129000,,,,,
76943024,레노버 V15 ABP G4 R5 WIN11 (SSD 4TB),1699000,,1699000,,,,,
63479489,레노버 V15 ABP G4 R5 WIN11 (SSD 512GB),958000,,958000,,,,,
98483669,레노버 V15 AMN G4 R3 WIN11 (SSD 1TB),900000,,859650,,,,,
98483660,레노버 V15 AMN G4 R3 WIN11 (SSD 256GB),730000,,730000,,,,,
99476291,레노버 V15 AMN G4 R3 WIN11 (SSD 2TB),910000,,954650,,,,,
99476294,레노버 V15 AMN G4 R3 WIN11 (SSD 4TB),1470000,,1470000,,,,,
98483666,레노버 V15 AMN G4 R3 WIN11 (SSD 512GB),800000,,800000,,,,,
98483522,레노버 V15 AMN G4 R5 (SSD 1TB),1000000,,945000,,,,,
98414612,레노버 V15 AMN G4 R5 (SSD 256GB),748990,,748990,,,,,
99476993,레노버 V15 AMN G4 R5 (SSD 2TB),1149000,,1105000,,,,,
99476996,레노버 V15 AMN G4 R5 (SSD 4TB),1745000,,1745000,,,,,
98483513,레노버 V15 AMN G4 R5 (SSD 512GB),799000,,799000,,,,,
98483567,레노버 V15 AMN G4 R5 WIN11 (SSD 1TB),1049960,,929720,,,,,
98483561,레노버 V15 AMN G4 R5 WIN11 (SSD 256GB),743000,,743000,,,,,
99477008,레노버 V15 AMN G4 R5 WIN11 (SSD 2TB),1198760,,1105000,,,,,
99477011,레노버 V15 AMN G4 R5 WIN11 (SSD 4TB),1698000,,1698000,,,,,
98483564,레노버 V15 AMN G4 R5 WIN11 (SSD 512GB),858000,,858000,,,,,
72753230,레노버 V15 G5 IRL (SSD 1TB),1481630,,1380000,,,,,
71502296,레노버 V15 G5 IRL (SSD 256GB),840000,,676330,,,,,
72753233,레노버 V15 G5 IRL (SSD 2TB),1250000,,1250000,,,,,
97758803,레노버 V15 G5 IRL (SSD 4TB),1810000,,1810000,,,,,
72752936,레노버 V15 G5 IRL (SSD 512GB),928000,,928000,,,,,
98769563,레노버 V15 G5 IRL i5 (SSD 1TB),899000,,899000,,,,,
98768735,레노버 V15 G5 IRL i5 (SSD 256GB),708900,,708990,,,,,
99711725,레노버 V15 G5 IRL i5 (SSD 2TB),1079000,,1079000,,,,,
99711728,레노버 V15 G5 IRL i5 (SSD 4TB),1960000,,1960000,,,,,
98769539,레노버 V15 G5 IRL i5 (SSD 512GB),829000,,829000,,,,,
101069333,레노버 V15 G5 IRL i5 16G (SSD 1TB),1045000,,1045000,,,,,
98768831,레노버 V15 G5 IRL i5 16G (SSD 256GB),852000,,852000,,,,,
101069336,레노버 V15 G5 IRL i5 16G (SSD 2TB),1146000,,1147000,,,,,
107761700,레노버 V15 G5 IRL i5 16G (SSD 4TB),2946000,,2278600,,,,,
101069330,레노버 V15 G5 IRL i5 16G (SSD 512GB),936900,,937050,,,,,
101080241,레노버 V15 G5 IRL i5 16G 32GB램 (SSD 1TB),1499000,,1399000,,,,,
101080232,레노버 V15 G5 IRL i5 16G 32GB램 (SSD 256GB),1198000,,1198000,,,,,
101080253,레노버 V15 G5 IRL i5 16G 32GB램 (SSD 2TB),1649000,,1549000,,,,,
107761703,레노버 V15 G5 IRL i5 16G 32GB램 (SSD 4TB),2247000,,2247000,,,,,
101080235,레노버 V15 G5 IRL i5 16G 32GB램 (SSD 512GB),1399000,,1299000,,,,,
99323003,레노버 V15 G5 IRL i5 16G W11 (SSD 1TB),1130000,,1099000,,,,,
98768963,레노버 V15 G5 IRL i5 16G W11 (SSD 256GB),878000,,878000,,,,,
99323012,레노버 V15 G5 IRL i5 16G W11 (SSD 2TB),1330000,,1249000,,,,,
99322985,레노버 V15 G5 IRL i5 16G W11 (SSD 512GB),978000,,978000,,,,,
101080328,레노버 V15 G5 IRL i5 16G WIN11 (SSD 1TB),1120000,,1078000,,,,,
101080286,레노버 V15 G5 IRL i5 16G WIN11 (SSD 256GB),848000,,849000,,,,,
101080334,레노버 V15 G5 IRL i5 16G WIN11 (SSD 2TB),1198060,,1198000,,,,,
107761697,레노버 V15 G5 IRL i5 16G WIN11 (SSD 4TB),2210000,,2210000,,,,,
101080310,레노버 V15 G5 IRL i5 16G WIN11 (SSD 512GB),968000,,969000,,,,,
101080355,레노버 V15 G5 IRL i5 16G WIN11 32GB램 (SSD 1TB),1549000,,1449000,,,,,
101080343,레노버 V15 G5 IRL i5 16G WIN11 32GB램 (SSD 256GB),1299000,,1249000,,,,,
101080358,레노버 V15 G5 IRL i5 16G WIN11 32GB램 (SSD 2TB),1699000,,1599000,,,,,
106766090,레노버 V15 G5 IRL i5 16G WIN11 32GB램 (SSD 4TB),3460000,,3460000,,,,,
101080346,레노버 V15 G5 IRL i5 16G WIN11 32GB램 (SSD 512GB),1400000,,1349000,,,,,
98769593,레노버 V15 G5 IRL i5 16GB램 (SSD 1TB),1055900,,1056550,,,,,
98769584,레노버 V15 G5 IRL i5 16GB램 (SSD 256GB),849000,,850000,,,,,
99711731,레노버 V15 G5 IRL i5 16GB램 (SSD 2TB),1224800,,1224810,,,,,
99711734,레노버 V15 G5 IRL i5 16GB램 (SSD 4TB),1877000,,1877000,,,,,
98769587,레노버 V15 G5 IRL i5 16GB램 (SSD 512GB),944900,,945000,,,,,
98769650,레노버 V15 G5 IRL i5 WIN11 (SSD 1TB),949000,,949000,,,,,
98769626,레노버 V15 G5 IRL i5 WIN11 (SSD 256GB),738000,,739000,,,,,
99290120,레노버 V15 G5 IRL i5 WIN11 (SSD 2TB),1069000,,1069000,,,,,
99711767,레노버 V15 G5 IRL i5 WIN11 (SSD 4TB),2100000,,2100000,,,,,
98769635,레노버 V15 G5 IRL i5 WIN11 (SSD 512GB),839000,,839000,,,,,
98769674,레노버 V15 G5 IRL i5 WIN11 16GB램 (SSD 1TB),1099900,,1099990,,,,,
98769668,레노버 V15 G5 IRL i5 WIN11 16GB램 (SSD 256GB),838000,,838000,,,,,
99711776,레노버 V15 G5 IRL i5 WIN11 16GB램 (SSD 2TB),1249250,,1249250,,,,,
99711779,레노버 V15 G5 IRL i5 WIN11 16GB램 (SSD 4TB),2450000,,2450000,,,,,
98769671,레노버 V15 G5 IRL i5 WIN11 16GB램 (SSD 512GB),980000,,980000,,,,,
108367145,레노버 V15 G6 ARP R5 (SSD 1TB),1129000,,1129000,,,,,
106767164,레노버 V15 G6 ARP R5 (SSD 256GB),885000,,885000,,,,,
108367139,레노버 V15 G6 ARP R5 (SSD 512GB),959000,,899000,,,,,
66316091,레노버 V15 Gen4 IAN 82YW0004KRE2 (SSD 1TB),469000,,469000,,,,,
66314957,레노버 V15 Gen4 IAN 82YW0004KRE2 (SSD 512GB),439000,,439000,,,,,
68574434,레노버 V15 Gen4 IRU 83A100HHKR WIN11 (SSD 1TB),1050000,,1059800,,,,,
63030143,레노버 V15 Gen4 IRU 83A100HHKR WIN11 (SSD 256GB),769000,,769000,,,,,
68574512,레노버 V15 Gen4 IRU 83A100HHKR WIN11 (SSD 2TB),919000,,919000,,,,,
78843779,레노버 V15 Gen4 IRU 83A100HHKR WIN11 (SSD 4TB),1650000,,1626900,,,,,
66053675,레노버 V15 Gen4 IRU 83A100HHKR WIN11 (SSD 512GB),819000,,819000,,,,,
61436756,레노버 씽크북 14 Gen4 ABA-21DK004QKR 16GB램 (SSD 1TB),1350000,,1350000,,,,,
61436759,레노버 씽크북 14 Gen4 ABA-21DK004QKR 16GB램 (SSD 2TB),1499000,,1499000,,,,,
73616762,레노버 씽크북 14 Gen4 ABA-21DK004QKR 16GB램 (SSD 4TB),2140000,,2140000,,,,,
61436753,레노버 씽크북 14 Gen4 ABA-21DK004QKR 16GB램 (SSD 512GB),785000,,785000,,,,,
30006644,레노버 씽크북 14 Gen6 ABP 21KJ00KXKR 16GB램 (SSD 1TB),1120000,,,,,,,
30006611,레노버 씽크북 14 Gen6 ABP 21KJ00KXKR 16GB램 (SSD 256GB),1020000,,,,,,,
30006659,레노버 씽크북 14 Gen6 ABP 21KJ00KXKR 16GB램 (SSD 2TB),1180000,,,,,,,
30006635,레노버 씽크북 14 Gen6 ABP 21KJ00KXKR 16GB램 (SSD 512GB),1070000,,,,,,,
103879508,레노버 씽크북 14AHP G9 R5 AI (SSD 1TB),1400000,,1400000,,,,,
103879517,레노버 씽크북 14AHP G9 R5 AI (SSD 2TB),1448000,,1448000,,,,,
103482239,레노버 씽크북 14AHP G9 R5 AI (SSD 512GB),1049000,,1049000,,,,,
104936573,레노버 씽크북 14AHP G9 R5 AI WIN11 (SSD 1TB),1429000,,1429000,,,,,
104936576,레노버 씽크북 14AHP G9 R5 AI WIN11 (SSD 2TB),1598000,,1598000,,,,,
104936579,레노버 씽크북 14AHP G9 R5 AI WIN11 (SSD 4TB),2227000,,2227000,,,,,
104936561,레노버 씽크북 14AHP G9 R5 AI WIN11 (SSD 512GB),1138000,,1138000,,,,,
106047398,레노버 씽크북 14AHP G9 R7 3K AI (SSD 1TB),1499000,,1449000,,,,,
106047413,레노버 씽크북 14AHP G9 R7 3K AI (SSD 2TB),1699000,,1699000,,,,,
106047374,레노버 씽크북 14AHP G9 R7 3K AI (SSD 512GB),1299000,,1299000,,,,,
103879841,레노버 씽크북 14AHP G9 R7 AI (SSD 1TB),1299000,,1299000,,,,,
103879844,레노버 씽크북 14AHP G9 R7 AI (SSD 2TB),1449000,,1449000,,,,,
104913632,레노버 씽크북 14AHP G9 R7 AI (SSD 4TB),2329000,,2260000,,,,,
103482332,레노버 씽크북 14AHP G9 R7 AI (SSD 512GB),1199000,,1199000,,,,,
103879862,레노버 씽크북 14AHP G9 R7 AI 32GB램 (SSD 1TB),1649000,,,,,,,
103879865,레노버 씽크북 14AHP G9 R7 AI 32GB램 (SSD 2TB),1859000,,,,,,,
104914364,레노버 씽크북 14AHP G9 R7 AI 32GB램 (SSD 4TB),2914000,,,,,,,
103879859,레노버 씽크북 14AHP G9 R7 AI 32GB램 (SSD 512GB),1609000,,,,,,,
104916206,레노버 씽크북 14AHP G9 R7 AI WIN11 (SSD 1TB),1540000,,1540000,,,,,
104916218,레노버 씽크북 14AHP G9 R7 AI WIN11 (SSD 2TB),1572760,,1573300,,,,,
104916227,레노버 씽크북 14AHP G9 R7 AI WIN11 (SSD 4TB),2043550,,2043550,,,,,
104916197,레노버 씽크북 14AHP G9 R7 AI WIN11 (SSD 512GB),1210000,,1210000,,,,,
104919647,레노버 씽크북 14AHP G9 R7 AI WIN11 32GB램 (SSD 1TB),1855070,,1855600,,,,,
104919659,레노버 씽크북 14AHP G9 R7 AI WIN11 32GB램 (SSD 2TB),1933220,,1933750,,,,,
104919677,레노버 씽크북 14AHP G9 R7 AI WIN11 32GB램 (SSD 4TB),2400750,,2400750,,,,,
104919641,레노버 씽크북 14AHP G9 R7 AI WIN11 32GB램 (SSD 512GB),1635000,,1630000,,,,,
81037202,레노버 씽크북 14IAL G8 U7 AI W11 32GB램 (SSD 1TB),1999000,,1999000,,,,,
81037205,레노버 씽크북 14IAL G8 U7 AI W11 32GB램 (SSD 2TB),2269000,,2269000,,,,,
89529311,레노버 씽크북 14IAL G8 U7 AI W11 32GB램 (SSD 4TB),2800000,,2524500,,,,,
81037199,레노버 씽크북 14IAL G8 U7 AI W11 32GB램 (SSD 512GB),1819000,,1819000,,,,,
123962095,레노버 씽크북 14X ILL U5 AI (SSD 1TB),1499000,,1499000,,,,,
123962100,레노버 씽크북 14X ILL U5 AI (SSD 2TB),1789000,,1789000,,,,,
123622121,레노버 씽크북 14X ILL U5 AI (SSD 512GB),1399000,,1399000,,,,,
103808702,레노버 씽크북 16AHP G9 R5 3K AI (SSD 1TB),1389000,,1389000,,,,,
103808714,레노버 씽크북 16AHP G9 R5 3K AI (SSD 2TB),1549000,,1549000,,,,,
108397946,레노버 씽크북 16AHP G9 R5 3K AI (SSD 4TB),2499000,,2289800,,,,,
103482683,레노버 씽크북 16AHP G9 R5 3K AI (SSD 512GB),1197000,,1199000,,,,,
103808546,레노버 씽크북 16AHP G9 R7 3K AI (SSD 1TB),1596000,,1596880,,,,,
103808555,레노버 씽크북 16AHP G9 R7 3K AI (SSD 2TB),1799000,,1799000,,,,,
103482833,레노버 씽크북 16AHP G9 R7 3K AI (SSD 512GB),1449000,,1449000,,,,,
104936657,레노버 씽크북 16AHP G9 R7 3K AI WIN11 (SSD 1TB),1636000,,,,,,,
104936660,레노버 씽크북 16AHP G9 R7 3K AI WIN11 (SSD 2TB),1788000,,,,,,,
104936663,레노버 씽크북 16AHP G9 R7 3K AI WIN11 (SSD 4TB),2462000,,,,,,,
104936645,레노버 씽크북 16AHP G9 R7 3K AI WIN11 (SSD 512GB),1518000,,,,,,,
104936693,레노버 씽크북 16AHP G9 R7 3K AI WIN11 32GB램 (SSD 1TB),2049000,,,,,,,
104936696,레노버 씽크북 16AHP G9 R7 3K AI WIN11 32GB램 (SSD 2TB),2197000,,,,,,,
104936699,레노버 씽크북 16AHP G9 R7 3K AI WIN11 32GB램 (SSD 4TB),2800000,,,,,,,
104936690,레노버 씽크북 16AHP G9 R7 3K AI WIN11 32GB램 (SSD 512GB),1800000,,,,,,,
103809149,레노버 씽크북 16AHP G9 R7 AI (SSD 1TB),1461970,,1462170,,,,,
103809164,레노버 씽크북 16AHP G9 R7 AI (SSD 2TB),1539000,,1539000,,,,,
106753760,레노버 씽크북 16AHP G9 R7 AI (SSD 4TB),2540000,,2447500,,,,,
103482776,레노버 씽크북 16AHP G9 R7 AI (SSD 512GB),1299000,,1299000,,,,,
103751837,레노버 씽크북 16IRL G9 Core7 AI (SSD 1TB),1599000,,1599000,,,,,
103751846,레노버 씽크북 16IRL G9 Core7 AI (SSD 2TB),1699000,,1699000,,,,,
104964002,레노버 씽크북 16IRL G9 Core7 AI (SSD 4TB),2465000,,2310000,,,,,
103481978,레노버 씽크북 16IRL G9 Core7 AI (SSD 512GB),1349000,,1339000,,,,,
76874402,레노버 씽크패드 E14 G6 R5 2.2K AI (SSD 1TB),1109000,,1365000,,,,,
76874423,레노버 씽크패드 E14 G6 R5 2.2K AI (SSD 2TB),1517000,,1517000,,,,,
78975410,레노버 씽크패드 E14 G6 R5 2.2K AI (SSD 4TB),1606000,,1863000,,,,,
76071293,레노버 씽크패드 E14 G6 R5 2.2K AI (SSD 512GB),1039000,,999000,,,,,
102860303,레노버 씽크패드 E14 ILL G7 U5 3K AI (SSD 1TB),1800000,,1800000,,,,,
102860327,레노버 씽크패드 E14 ILL G7 U5 3K AI (SSD 2TB),2048000,,2048000,,,,,
102552854,레노버 씽크패드 E14 ILL G7 U5 3K AI (SSD 512GB),1600000,,1598000,,,,,
102001349,레노버 씽크패드 E14 ILL G7 U7 AI WIN11 (SSD 1TB),2148000,,2149000,,,,,
102005231,레노버 씽크패드 E14 ILL G7 U7 AI WIN11 (SSD 2TB),2280000,,2290000,,,,,
102005234,레노버 씽크패드 E14 ILL G7 U7 AI WIN11 (SSD 4TB),2870000,,2875000,,,,,
102005228,레노버 씽크패드 E14 ILL G7 U7 AI WIN11 (SSD 512GB),1880000,,1890000,,,,,
77787083,레노버 씽크패드 E16 G2 R5 3K AI WIN11 (SSD 1TB),1349000,,1349000,,,,,
78309953,레노버 씽크패드 E16 G2 R5 3K AI WIN11 (SSD 2TB),1752000,,1598000,,,,,
78976241,레노버 씽크패드 E16 G2 R5 3K AI WIN11 (SSD 4TB),2342000,,1889800,,,,,
77707913,레노버 씽크패드 E16 G2 R5 3K AI WIN11 (SSD 512GB),1489660,,1448300,,,,,
77787095,레노버 씽크패드 E16 G2 R5 3K AI WIN11 32GB램 (SSD 1TB),1640000,,1640000,,,,,
77787098,레노버 씽크패드 E16 G2 R5 3K AI WIN11 32GB램 (SSD 2TB),1795000,,1795000,,,,,
78975734,레노버 씽크패드 E16 G2 R5 3K AI WIN11 32GB램 (SSD 4TB),2571000,,2049800,,,,,
78309923,레노버 씽크패드 E16 G2 R5 3K AI WIN11 32GB램 (SSD 512GB),1736000,,1589800,,,,,
95419364,레노버 씽크패드 E16 G3 Core5 3K AI W11 64GB램 (SSD 1TB),2663990,,2663990,,,,,
95419370,레노버 씽크패드 E16 G3 Core5 3K AI W11 64GB램 (SSD 2TB),2763990,,2763990,,,,,
95419367,레노버 씽크패드 E16 G3 Core5 3K AI W11 64GB램 (SSD 4TB),3238990,,3238990,,,,,
95419361,레노버 씽크패드 E16 G3 Core5 3K AI W11 64GB램 (SSD 512GB),2299000,,2299000,,,,,
93385961,레노버 씽크패드 E16 G3 R5 AI W11 (SSD 1TB),1649000,,,,,,,
93385967,레노버 씽크패드 E16 G3 R5 AI W11 (SSD 2TB),1799000,,,,,,,
94634714,레노버 씽크패드 E16 G3 R5 AI W11 (SSD 4TB),2299000,,,,,,,
92891828,레노버 씽크패드 E16 G3 R5 AI W11 (SSD 512GB),1325000,,,,,,,
122725240,레노버 씽크패드 E16 G4 R7 3K AI 32GB램 (SSD 1TB),2399000,,2399000,,,,,
122725242,레노버 씽크패드 E16 G4 R7 3K AI 32GB램 (SSD 2TB),2519000,,2519000,,,,,
122725238,레노버 씽크패드 E16 G4 R7 3K AI 32GB램 (SSD 512GB),2229000,,2229000,,,,,
72668123,레노버 씽크패드 E16 Gen2 21MA006JKRE2 (SSD 1TB),1699000,,,,,,,
72668126,레노버 씽크패드 E16 Gen2 21MA006JKRE2 (SSD 2TB),1799000,,,,,,,
71974358,레노버 씽크패드 E16 Gen2 21MA006JKRE2 (SSD 512GB),1218000,,,,,,,
108461264,레노버 씽크패드 E16 ILL G3 U5 3K AI W11 (SSD 1TB),2000000,,1998000,,,,,
108461267,레노버 씽크패드 E16 ILL G3 U5 3K AI W11 (SSD 2TB),2197000,,2197000,,,,,
122676973,레노버 씽크패드 E16 ILL G3 U5 3K AI W11 (SSD 4TB),2950000,,2699000,,,,,
108400409,레노버 씽크패드 E16 ILL G3 U5 3K AI W11 (SSD 512GB),1599000,,1523000,,,,,
108461231,레노버 씽크패드 E16 ILL G3 U5 AI (SSD 1TB),1699000,,1739000,,,,,
108461237,레노버 씽크패드 E16 ILL G3 U5 AI (SSD 2TB),1838000,,1898000,,,,,
108461201,레노버 씽크패드 E16 ILL G3 U5 AI (SSD 512GB),1299000,,1299000,,,,,
108415733,레노버 씽크패드 E16 ILL G3 U7 3K AI (SSD 1TB),2193000,,2194000,,,,,
108415736,레노버 씽크패드 E16 ILL G3 U7 3K AI (SSD 2TB),2395000,,2396000,,,,,
108410426,레노버 씽크패드 E16 ILL G3 U7 3K AI (SSD 512GB),1899000,,1899000,,,,,
108415709,레노버 씽크패드 E16 ILL G3 U7 3K AI W11 (SSD 1TB),2265000,,2265000,,,,,
108415712,레노버 씽크패드 E16 ILL G3 U7 3K AI W11 (SSD 2TB),2465000,,2465000,,,,,
109680905,레노버 씽크패드 E16 ILL G3 U7 3K AI W11 (SSD 4TB),2996000,,2996000,,,,,
108400088,레노버 씽크패드 E16 ILL G3 U7 3K AI W11 (SSD 512GB),1979000,,1979000,,,,,
108415601,레노버 씽크패드 E16 ILL G3 U7 AI (SSD 1TB),2089000,,2089000,,,,,
108415610,레노버 씽크패드 E16 ILL G3 U7 AI (SSD 2TB),2290000,,2290000,,,,,
108401759,레노버 씽크패드 E16 ILL G3 U7 AI (SSD 512GB),1649000,,1799000,,,,,
108415580,레노버 씽크패드 E16 ILL G3 U7 AI W11 (SSD 1TB),2190000,,,,,,,
108415589,레노버 씽크패드 E16 ILL G3 U7 AI W11 (SSD 2TB),2400000,,,,,,,
108401720,레노버 씽크패드 E16 ILL G3 U7 AI W11 (SSD 512GB),1900000,,,,,,,
122727778,레노버 씽크패드 E16 ILL G3 U7 Pro 3K AI (SSD 1TB),1999000,,,,,,,
122727782,레노버 씽크패드 E16 ILL G3 U7 Pro 3K AI (SSD 2TB),2289000,,,,,,,
122724110,레노버 씽크패드 E16 ILL G3 U7 Pro 3K AI (SSD 512GB),1699000,,,,,,,
71965085,레노버 씽크패드 P16s Gen3 21KSS00P00 (SSD 512GB),2218000,,2218000,,,,,
30188627,레노버 씽크패드 X1 카본 Gen10 21CBS00300 (SSD 1TB),2080000,,2080000,,,,,
30188639,레노버 씽크패드 X1 카본 Gen10 21CBS00300 (SSD 2TB),2140000,,2140000,,,,,
17232602,레노버 씽크패드 X1 카본 Gen10 21CBS00300 (SSD 512GB),1890000,,936500,,,,,
101072093,레노버 씽크패드 X1 카본 Gen13 21NS00NUKR (SSD 1TB),3660908,,,,,,,
103127669,레노버 씽크패드 X1 카본 Gen13 21NS00NUKR (SSD 2TB),4713990,,,,,,,
103127672,레노버 씽크패드 X1 카본 Gen13 21NS00NUKR (SSD 4TB),5175990,,,,,,,
94815326,레노버 씽크패드 X1 카본 Gen13 ARL 21NXS0A500 (SSD 1TB),3700000,,3700000,,,,,
95419679,레노버 씽크패드 X1 카본 Gen13 ARL 21NXS0A500 (SSD 2TB),5000000,,3890000,,,,,
95419682,레노버 씽크패드 X1 카본 Gen13 ARL 21NXS0A500 (SSD 4TB),4227000,,4227000,,,,,
92367437,레노버 아이디어패드 5 2in1 16AKP10 83KU001KKR (SSD 1TB),1790000,,1743000,,,,,
92367455,레노버 아이디어패드 5 2in1 16AKP10 83KU001KKR (SSD 2TB),1990000,,1834000,,,,,
92367458,레노버 아이디어패드 5 2in1 16AKP10 83KU001KKR (SSD 4TB),2425920,,2246000,,,,,
92104733,레노버 아이디어패드 5 2in1 16AKP10 83KU001KKR (SSD 512GB),1579000,,1579000,,,,,
94080548,레노버 아이디어패드 Pro 5 16IAH10 ULT9 5050 AI (SSD 1TB),3048000,,3048000,,,,,
94444295,레노버 아이디어패드 Pro 5 16IAH10 ULT9 5050 AI (SSD 2TB),3487000,,3487000,,,,,
98415149,레노버 아이디어패드 Pro 5 16IAH10 ULT9 5050 AI (SSD 4TB),4687000,,4687000,,,,,
122635212,레노버 아이디어패드 Pro 5 16IAH10 ULT9 5050 AI W11 (SSD 1TB),3099000,,3099000,,,,,
122635244,레노버 아이디어패드 Pro 5 16IAH10 ULT9 5050 AI W11 (SSD 2TB),3655000,,3655000,,,,,
78974102,레노버 아이디어패드 Pro 5 16IAH10 ULT9 AI (SSD 1TB),3400000,,2599800,,,,,
78974126,레노버 아이디어패드 Pro 5 16IAH10 ULT9 AI (SSD 2TB),3600000,,2967000,,,,,
91043240,레노버 아이디어패드 Pro 5 16IAH10 ULT9 AI (SSD 4TB),3490000,,3167000,,,,,
75464663,레노버 아이디어패드 Pro 5 16IAH10 ULT9 AI (SSD 512GB),3200000,,3200000,,,,,
122616290,레노버 아이디어패드 Pro 5 16IPH11 U7 5050 AI W11 (SSD 1TB),3799000,,3634000,,,,,
122618108,레노버 아이디어패드 Pro 5 16IPH11 U7 5050 AI W11 (SSD 2TB),3800000,,3800000,,,,,
122618131,레노버 아이디어패드 Pro 5 16IPH11 U7 5050 AI W11 (SSD 4TB),4800000,,4790000,,,,,
122616307,레노버 아이디어패드 Pro 5 16IPH11 U7 AI W11 (SSD 1TB),2596000,,2596000,,,,,
122618072,레노버 아이디어패드 Pro 5 16IPH11 U7 AI W11 (SSD 2TB),2849000,,2849000,,,,,
122618083,레노버 아이디어패드 Pro 5 16IPH11 U7 AI W11 (SSD 4TB),3598000,,3598000,,,,,
122724255,레노버 아이디어패드 Pro 5 16IPH11 UX9 AI W11 (SSD 1TB),3249000,,,,,,,
122726692,레노버 아이디어패드 Pro 5 16IPH11 UX9 AI W11 (SSD 2TB),3699000,,,,,,,
122726693,레노버 아이디어패드 Pro 5 16IPH11 UX9 AI W11 (SSD 4TB),4079000,,,,,,,
94636253,레노버 아이디어패드 Slim 5i 14IAH10 U5 OLED AI W11 (SSD 1TB),1669000,,1669000,,,,,
94636259,레노버 아이디어패드 Slim 5i 14IAH10 U5 OLED AI W11 (SSD 2TB),1839000,,1839000,,,,,
94636265,레노버 아이디어패드 Slim 5i 14IAH10 U5 OLED AI W11 (SSD 4TB),2599000,,2599000,,,,,
94024097,레노버 아이디어패드 Slim 5i 14IAH10 U5 OLED AI W11 (SSD 512GB),1399000,,1399000,,,,,
90110675,레노버 아이디어패드 Slim3 14AHP10 83K9000CKR (SSD 1TB),1069310,,1069310,,,,,
90110678,레노버 아이디어패드 Slim3 14AHP10 83K9000CKR (SSD 2TB),1258650,,1258650,,,,,
90110684,레노버 아이디어패드 Slim3 14AHP10 83K9000CKR (SSD 4TB),2200000,,1800000,,,,,
81038885,레노버 아이디어패드 Slim3 14AHP10 83K9000CKR (SSD 512GB),879000,,866500,,,,,
77378678,레노버 아이디어패드 Slim3 14AHP10 83K9000CKR WIN11 16GB램 (SSD 1TB),1242000,,,,,,,
78233936,레노버 아이디어패드 Slim3 14AHP10 83K9000CKR WIN11 16GB램 (SSD 2TB),1521850,,,,,,,
90110696,레노버 아이디어패드 Slim3 14AHP10 83K9000CKR WIN11 16GB램 (SSD 4TB),2300000,,,,,,,
77378669,레노버 아이디어패드 Slim3 14AHP10 83K9000CKR WIN11 16GB램 (SSD 512GB),1078790,,,,,,,
78236837,레노버 아이디어패드 Slim3 14AHP10 83K9000EKR (SSD 1TB),949000,,949000,,,,,
76941989,레노버 아이디어패드 Slim3 14AHP10 83K9000EKR (SSD 256GB),750000,,750000,,,,,
78236840,레노버 아이디어패드 Slim3 14AHP10 83K9000EKR (SSD 2TB),1130000,,1130000,,,,,
99129986,레노버 아이디어패드 Slim3 14AHP10 83K9000EKR (SSD 4TB),1550000,,1699000,,,,,
76941842,레노버 아이디어패드 Slim3 14AHP10 83K9000EKR (SSD 512GB),758990,,758990,,,,,
77313665,레노버 아이디어패드 Slim3 14AHP10 83K9000EKR 16GB램 (SSD 1TB),1090000,,1090000,,,,,
77313656,레노버 아이디어패드 Slim3 14AHP10 83K9000EKR 16GB램 (SSD 256GB),859000,,859000,,,,,
78233987,레노버 아이디어패드 Slim3 14AHP10 83K9000EKR 16GB램 (SSD 2TB),1400000,,1439150,,,,,
99130004,레노버 아이디어패드 Slim3 14AHP10 83K9000EKR 16GB램 (SSD 4TB),2000000,,2000000,,,,,
77313662,레노버 아이디어패드 Slim3 14AHP10 83K9000EKR 16GB램 (SSD 512GB),1017360,,1017360,,,,,
77787572,레노버 아이디어패드 Slim3 14AHP10 83K9000EKR WIN11 (SSD 1TB),969000,,969000,,,,,
77313680,레노버 아이디어패드 Slim3 14AHP10 83K9000EKR WIN11 (SSD 256GB),734850,,735050,,,,,
77787581,레노버 아이디어패드 Slim3 14AHP10 83K9000EKR WIN11 (SSD 2TB),1276990,,1164000,,,,,
90159239,레노버 아이디어패드 Slim3 14AHP10 83K9000EKR WIN11 (SSD 4TB),1499000,,1590000,,,,,
77313692,레노버 아이디어패드 Slim3 14AHP10 83K9000EKR WIN11 (SSD 512GB),841200,,841200,,,,,
77313722,레노버 아이디어패드 Slim3 14AHP10 83K9000EKR WIN11 16GB램 (SSD 1TB),1159000,,1128000,,,,,
77313716,레노버 아이디어패드 Slim3 14AHP10 83K9000EKR WIN11 16GB램 (SSD 256GB),899000,,899000,,,,,
77787551,레노버 아이디어패드 Slim3 14AHP10 83K9000EKR WIN11 16GB램 (SSD 2TB),1299000,,1290000,,,,,
91493285,레노버 아이디어패드 Slim3 14AHP10 83K9000EKR WIN11 16GB램 (SSD 4TB),1417000,,1417000,,,,,
77313719,레노버 아이디어패드 Slim3 14AHP10 83K9000EKR WIN11 16GB램 (SSD 512GB),969000,,969000,,,,,
99737957,레노버 아이디어패드 Slim3 14AHP10 83K9000GKR (SSD 2TB),1590000,,1590000,,,,,
99737960,레노버 아이디어패드 Slim3 14AHP10 83K9000GKR (SSD 4TB),2500000,,2500000,,,,,
86101313,레노버 아이디어패드 Slim3 14AHP10 83K9000GKR (SSD 512GB),929000,,929000,,,,,
93314162,레노버 아이디어패드 Slim3 14AHP10 83K9000JKR (SSD 1TB),990440,,915790,,,,,
86101256,레노버 아이디어패드 Slim3 14AHP10 83K9000JKR (SSD 256GB),799000,,799000,,,,,
93314165,레노버 아이디어패드 Slim3 14AHP10 83K9000JKR (SSD 2TB),1319750,,1319750,,,,,
97471052,레노버 아이디어패드 Slim3 14AHP10 83K9000JKR (SSD 4TB),2050000,,2050000,,,,,
93314156,레노버 아이디어패드 Slim3 14AHP10 83K9000JKR (SSD 512GB),882280,,882280,,,,,
93314246,레노버 아이디어패드 Slim3 14AHP10 83K9000JKR 16GB램 (SSD 1TB),1146990,,1146990,,,,,
93314240,레노버 아이디어패드 Slim3 14AHP10 83K9000JKR 16GB램 (SSD 256GB),913000,,913000,,,,,
93314249,레노버 아이디어패드 Slim3 14AHP10 83K9000JKR 16GB램 (SSD 2TB),1525610,,1453820,,,,,
97471154,레노버 아이디어패드 Slim3 14AHP10 83K9000JKR 16GB램 (SSD 4TB),2150000,,2150000,,,,,
93314243,레노버 아이디어패드 Slim3 14AHP10 83K9000JKR 16GB램 (SSD 512GB),1027600,,1027600,,,,,
92360639,레노버 아이디어패드 Slim3 14AHP10 83K9000JKR WIN11 (SSD 1TB),1013050,,1013050,,,,,
92041226,레노버 아이디어패드 Slim3 14AHP10 83K9000JKR WIN11 (SSD 256GB),746350,,746350,,,,,
92360642,레노버 아이디어패드 Slim3 14AHP10 83K9000JKR WIN11 (SSD 2TB),1301990,,1274900,,,,,
97471094,레노버 아이디어패드 Slim3 14AHP10 83K9000JKR WIN11 (SSD 4TB),2100000,,1572900,,,,,
93314204,레노버 아이디어패드 Slim3 14AHP10 83K9000JKR WIN11 (SSD 512GB),892990,,892990,,,,,
92360651,레노버 아이디어패드 Slim3 14AHP10 83K9000JKR WIN11 16GB램 (SSD 1TB),1175750,,1175750,,,,,
92041229,레노버 아이디어패드 Slim3 14AHP10 83K9000JKR WIN11 16GB램 (SSD 256GB),934350,,934350,,,,,
92360654,레노버 아이디어패드 Slim3 14AHP10 83K9000JKR WIN11 16GB램 (SSD 2TB),1404990,,1258000,,,,,
97471163,레노버 아이디어패드 Slim3 14AHP10 83K9000JKR WIN11 16GB램 (SSD 4TB),2200000,,2200000,,,,,
92360648,레노버 아이디어패드 Slim3 14AHP10 83K9000JKR WIN11 16GB램 (SSD 512GB),1054580,,1053210,,,,,
64379318,레노버 아이디어패드 Slim3 15ABR8 82XM00HAKR WIN11 (SSD 1TB),1099000,,1099000,,,,,
64379312,레노버 아이디어패드 Slim3 15ABR8 82XM00HAKR WIN11 (SSD 256GB),880060,,860800,,,,,
64379321,레노버 아이디어패드 Slim3 15ABR8 82XM00HAKR WIN11 (SSD 2TB),1305000,,1305000,,,,,
64379315,레노버 아이디어패드 Slim3 15ABR8 82XM00HAKR WIN11 (SSD 512GB),994000,,994000,,,,,
108390521,레노버 아이디어패드 Slim3 15ABR8 82XM015WKR (SSD 1TB),1138990,,1138990,,,,,
108390530,레노버 아이디어패드 Slim3 15ABR8 82XM015WKR (SSD 2TB),1288780,,1288780,,,,,
108390539,레노버 아이디어패드 Slim3 15ABR8 82XM015WKR (SSD 4TB),1938000,,1761500,,,,,
107761724,레노버 아이디어패드 Slim3 15ABR8 82XM015WKR (SSD 512GB),999000,,899000,,,,,
90155393,레노버 아이디어패드 Slim3 15AHP10 83KA0031KR (SSD 1TB),1099000,,1099000,,,,,
90155399,레노버 아이디어패드 Slim3 15AHP10 83KA0031KR (SSD 2TB),1389000,,1632570,,,,,
99288668,레노버 아이디어패드 Slim3 15AHP10 83KA0031KR (SSD 4TB),1640000,,2380000,,,,,
77785502,레노버 아이디어패드 Slim3 15AHP10 83KA0031KR (SSD 512GB),949000,,899000,,,,,
90155330,레노버 아이디어패드 Slim3 15AHP10 83KA0031KR WIN11 16GB램 (SSD 1TB),1340000,,,,,,,
90155342,레노버 아이디어패드 Slim3 15AHP10 83KA0031KR WIN11 16GB램 (SSD 2TB),1580000,,,,,,,
90500555,레노버 아이디어패드 Slim3 15AHP10 83KA0031KR WIN11 16GB램 (SSD 4TB),2199000,,,,,,,
79551413,레노버 아이디어패드 Slim3 15AHP10 83KA0031KR WIN11 16GB램 (SSD 512GB),1180000,,,,,,,
90155282,레노버 아이디어패드 Slim3 15AHP10 83KA0032KR (SSD 1TB),1000000,,919000,,,,,
77785379,레노버 아이디어패드 Slim3 15AHP10 83KA0032KR (SSD 256GB),799000,,799000,,,,,
90112334,레노버 아이디어패드 Slim3 15AHP10 83KA0032KR (SSD 2TB),1310000,,1310000,,,,,
93073973,레노버 아이디어패드 Slim3 15AHP10 83KA0032KR (SSD 4TB),2000000,,2000000,,,,,
93073961,레노버 아이디어패드 Slim3 15AHP10 83KA0032KR (SSD 512GB),1008000,,910000,,,,,
90112430,레노버 아이디어패드 Slim3 15AHP10 83KA0032KR 16GB램 (SSD 1TB),1350000,,1330000,,,,,
79551338,레노버 아이디어패드 Slim3 15AHP10 83KA0032KR 16GB램 (SSD 256GB),998000,,998000,,,,,
90112433,레노버 아이디어패드 Slim3 15AHP10 83KA0032KR 16GB램 (SSD 2TB),1449000,,1580000,,,,,
93074000,레노버 아이디어패드 Slim3 15AHP10 83KA0032KR 16GB램 (SSD 4TB),2500000,,2500000,,,,,
93073985,레노버 아이디어패드 Slim3 15AHP10 83KA0032KR 16GB램 (SSD 512GB),1149000,,1149000,,,,,
90112307,레노버 아이디어패드 Slim3 15AHP10 83KA0032KR WIN11 (SSD 1TB),1080000,,1080000,,,,,
79551317,레노버 아이디어패드 Slim3 15AHP10 83KA0032KR WIN11 (SSD 256GB),828990,,806000,,,,,
90112310,레노버 아이디어패드 Slim3 15AHP10 83KA0032KR WIN11 (SSD 2TB),1280000,,1280000,,,,,
90112319,레노버 아이디어패드 Slim3 15AHP10 83KA0032KR WIN11 (SSD 4TB),2000000,,2000000,,,,,
90112301,레노버 아이디어패드 Slim3 15AHP10 83KA0032KR WIN11 (SSD 512GB),1028990,,1005470,,,,,
90112346,레노버 아이디어패드 Slim3 15AHP10 83KA0032KR WIN11 16GB램 (SSD 1TB),1400000,,1394780,,,,,
79551326,레노버 아이디어패드 Slim3 15AHP10 83KA0032KR WIN11 16GB램 (SSD 256GB),1028990,,1028990,,,,,
90112349,레노버 아이디어패드 Slim3 15AHP10 83KA0032KR WIN11 16GB램 (SSD 2TB),1550000,,1620000,,,,,
93074030,레노버 아이디어패드 Slim3 15AHP10 83KA0032KR WIN11 16GB램 (SSD 4TB),1649000,,1649000,,,,,
90112343,레노버 아이디어패드 Slim3 15AHP10 83KA0032KR WIN11 16GB램 (SSD 512GB),1190000,,1220000,,,,,
91766537,레노버 아이디어패드 Slim3 15AHP10 83KA0033KR 16GB램 (SSD 1TB),1499000,,1499000,,,,,
91766540,레노버 아이디어패드 Slim3 15AHP10 83KA0033KR 16GB램 (SSD 2TB),1599000,,1599000,,,,,
91766546,레노버 아이디어패드 Slim3 15AHP10 83KA0033KR 16GB램 (SSD 4TB),1759000,,1759000,,,,,
91766519,레노버 아이디어패드 Slim3 15AHP10 83KA0033KR 16GB램 (SSD 512GB),1399000,,1399000,,,,,
124249423,레노버 아이디어패드 Slim3 15AHP10 83KA0037KR 24GB램 (SSD 1TB),2160000,,1268390,,,,,
124249415,레노버 아이디어패드 Slim3 15AHP10 83KA0037KR 24GB램 (SSD 256GB),1670000,,1173590,,,,,
124249428,레노버 아이디어패드 Slim3 15AHP10 83KA0037KR 24GB램 (SSD 2TB),2700000,,1359590,,,,,
124249417,레노버 아이디어패드 Slim3 15AHP10 83KA0037KR 24GB램 (SSD 512GB),1770000,,1227590,,,,,
90887585,레노버 아이디어패드 Slim3 15AHP10 83KA0037KR 32GB램 (SSD 1TB),1650000,,1650000,,,,,
90887591,레노버 아이디어패드 Slim3 15AHP10 83KA0037KR 32GB램 (SSD 2TB),1899000,,1899000,,,,,
90887594,레노버 아이디어패드 Slim3 15AHP10 83KA0037KR 32GB램 (SSD 4TB),2099000,,2099000,,,,,
90887579,레노버 아이디어패드 Slim3 15AHP10 83KA0037KR 32GB램 (SSD 512GB),1650000,,1518000,,,,,
103335608,레노버 아이디어패드 Slim3 15AHP10 83KA005NKR (SSD 1TB),1418990,,1399000,,,,,
102758450,레노버 아이디어패드 Slim3 15AHP10 83KA005NKR (SSD 256GB),1034000,,970050,,,,,
108415928,레노버 아이디어패드 Slim3 15AHP10 83KA005NKR (SSD 2TB),1900000,,1900000,,,,,
108415934,레노버 아이디어패드 Slim3 15AHP10 83KA005NKR (SSD 4TB),1910000,,1910000,,,,,
103335602,레노버 아이디어패드 Slim3 15AHP10 83KA005NKR (SSD 512GB),1218990,,1161500,,,,,
103335698,레노버 아이디어패드 Slim3 15AHP10 83KA005NKR WIN11 (SSD 1TB),1268000,,1268000,,,,,
103335662,레노버 아이디어패드 Slim3 15AHP10 83KA005NKR WIN11 (SSD 256GB),999000,,970000,,,,,
108415910,레노버 아이디어패드 Slim3 15AHP10 83KA005NKR WIN11 (SSD 2TB),1363160,,1363160,,,,,
108415916,레노버 아이디어패드 Slim3 15AHP10 83KA005NKR WIN11 (SSD 4TB),2010000,,2010000,,,,,
103335692,레노버 아이디어패드 Slim3 15AHP10 83KA005NKR WIN11 (SSD 512GB),1119000,,1119000,,,,,
123669433,레노버 아이디어패드 Slim3 15AHP10 83KA0075KR (SSD 1TB),1429000,,1343570,,,,,
122718712,레노버 아이디어패드 Slim3 15AHP10 83KA0075KR (SSD 256GB),999000,,909000,,,,,
123669430,레노버 아이디어패드 Slim3 15AHP10 83KA0075KR (SSD 512GB),1148990,,1148990,,,,,
106703120,레노버 아이디어패드 Slim3 15ARP10 83K70032KR WIN11 16GB램 (SSD 1TB),1201990,,1188000,,,,,
106703111,레노버 아이디어패드 Slim3 15ARP10 83K70032KR WIN11 16GB램 (SSD 256GB),1870000,,1870000,,,,,
106686941,레노버 아이디어패드 Slim3 15ARP10 83K70032KR WIN11 16GB램 (SSD 2TB),2699000,,2699000,,,,,
106703117,레노버 아이디어패드 Slim3 15ARP10 83K70032KR WIN11 16GB램 (SSD 512GB),987990,,976000,,,,,
79115270,레노버 아이디어패드 Slim3 15ARP10 83K70036KR (SSD 1TB),1047000,,1047000,,,,,
78975161,레노버 아이디어패드 Slim3 15ARP10 83K70036KR (SSD 256GB),689000,,686000,,,,,
90955814,레노버 아이디어패드 Slim3 15ARP10 83K70036KR (SSD 2TB),1540000,,1706000,,,,,
99750332,레노버 아이디어패드 Slim3 15ARP10 83K70036KR (SSD 4TB),1950000,,1950000,,,,,
79115261,레노버 아이디어패드 Slim3 15ARP10 83K70036KR (SSD 512GB),799000,,799000,,,,,
79115357,레노버 아이디어패드 Slim3 15ARP10 83K70036KR 16GB램 (SSD 1TB),1279000,,1279000,,,,,
79115348,레노버 아이디어패드 Slim3 15ARP10 83K70036KR 16GB램 (SSD 256GB),840000,,840000,,,,,
90955832,레노버 아이디어패드 Slim3 15ARP10 83K70036KR 16GB램 (SSD 2TB),959000,,959000,,,,,
99748115,레노버 아이디어패드 Slim3 15ARP10 83K70036KR 16GB램 (SSD 4TB),2070000,,2070000,,,,,
79115354,레노버 아이디어패드 Slim3 15ARP10 83K70036KR 16GB램 (SSD 512GB),1082000,,1082000,,,,,
79115321,레노버 아이디어패드 Slim3 15ARP10 83K70036KR WIN11 16GB램 (SSD 1TB),1298000,,1269000,,,,,
79115315,레노버 아이디어패드 Slim3 15ARP10 83K70036KR WIN11 16GB램 (SSD 256GB),840000,,840000,,,,,
90955757,레노버 아이디어패드 Slim3 15ARP10 83K70036KR WIN11 16GB램 (SSD 2TB),1100000,,1100000,,,,,
93319889,레노버 아이디어패드 Slim3 15ARP10 83K70036KR WIN11 16GB램 (SSD 4TB),1500000,,1500000,,,,,
79115318,레노버 아이디어패드 Slim3 15ARP10 83K70036KR WIN11 16GB램 (SSD 512GB),940000,,940000,,,,,
89526821,레노버 아이디어패드 Slim3 15ARP10 83K70038KR (SSD 1TB),999000,,999000,,,,,
91114958,레노버 아이디어패드 Slim3 15ARP10 83K70038KR (SSD 2TB),1188000,,1188000,,,,,
97471241,레노버 아이디어패드 Slim3 15ARP10 83K70038KR (SSD 4TB),1650000,,1650000,,,,,
81716537,레노버 아이디어패드 Slim3 15ARP10 83K70038KR (SSD 512GB),945000,,945000,,,,,
89526905,레노버 아이디어패드 Slim3 15ARP10 83K70038KR 16GB램 (SSD 1TB),1350000,,1450000,,,,,
91114964,레노버 아이디어패드 Slim3 15ARP10 83K70038KR 16GB램 (SSD 2TB),1480000,,1650000,,,,,
97471253,레노버 아이디어패드 Slim3 15ARP10 83K70038KR 16GB램 (SSD 4TB),1850000,,2800000,,,,,
89526902,레노버 아이디어패드 Slim3 15ARP10 83K70038KR 16GB램 (SSD 512GB),1200000,,1159000,,,,,
89528975,레노버 아이디어패드 Slim3 15ARP10 83K7003AKR (SSD 1TB),999000,,999000,,,,,
81716558,레노버 아이디어패드 Slim3 15ARP10 83K7003AKR (SSD 256GB),779000,,754000,,,,,
91114883,레노버 아이디어패드 Slim3 15ARP10 83K7003AKR (SSD 2TB),1400000,,1400000,,,,,
98547338,레노버 아이디어패드 Slim3 15ARP10 83K7003AKR (SSD 4TB),1599000,,1599000,,,,,
89528963,레노버 아이디어패드 Slim3 15ARP10 83K7003AKR (SSD 512GB),849000,,849000,,,,,
89528990,레노버 아이디어패드 Slim3 15ARP10 83K7003AKR 16GB램 (SSD 1TB),1199000,,1199000,,,,,
89528984,레노버 아이디어패드 Slim3 15ARP10 83K7003AKR 16GB램 (SSD 256GB),948000,,948000,,,,,
91114889,레노버 아이디어패드 Slim3 15ARP10 83K7003AKR 16GB램 (SSD 2TB),1590000,,1559800,,,,,
98547350,레노버 아이디어패드 Slim3 15ARP10 83K7003AKR 16GB램 (SSD 4TB),2050000,,2050000,,,,,
89528987,레노버 아이디어패드 Slim3 15ARP10 83K7003AKR 16GB램 (SSD 512GB),1048000,,1048000,,,,,
89529017,레노버 아이디어패드 Slim3 15ARP10 83K7003AKR WIN11 (SSD 1TB),1033000,,1033000,,,,,
89529011,레노버 아이디어패드 Slim3 15ARP10 83K7003AKR WIN11 (SSD 256GB),788000,,788000,,,,,
89529020,레노버 아이디어패드 Slim3 15ARP10 83K7003AKR WIN11 (SSD 2TB),1300000,,1255000,,,,,
93318455,레노버 아이디어패드 Slim3 15ARP10 83K7003AKR WIN11 (SSD 4TB),2000000,,2000000,,,,,
89529014,레노버 아이디어패드 Slim3 15ARP10 83K7003AKR WIN11 (SSD 512GB),898000,,898000,,,,,
89529035,레노버 아이디어패드 Slim3 15ARP10 83K7003AKR WIN11 16GB램 (SSD 1TB),1249000,,1249000,,,,,
89529029,레노버 아이디어패드 Slim3 15ARP10 83K7003AKR WIN11 16GB램 (SSD 256GB),998000,,998000,,,,,
89529041,레노버 아이디어패드 Slim3 15ARP10 83K7003AKR WIN11 16GB램 (SSD 2TB),1460000,,1381000,,,,,
93318431,레노버 아이디어패드 Slim3 15ARP10 83K7003AKR WIN11 16GB램 (SSD 4TB),3000000,,3000000,,,,,
89529032,레노버 아이디어패드 Slim3 15ARP10 83K7003AKR WIN11 16GB램 (SSD 512GB),1098000,,1098000,,,,,
103519235,레노버 아이디어패드 Slim3 15ARP10 83K700H5KR (SSD 1TB),1149000,,1149000,,,,,
103067144,레노버 아이디어패드 Slim3 15ARP10 83K700H5KR (SSD 256GB),845000,,845000,,,,,
108363806,레노버 아이디어패드 Slim3 15ARP10 83K700H5KR (SSD 2TB),1452000,,1356510,,,,,
108390347,레노버 아이디어패드 Slim3 15ARP10 83K700H5KR (SSD 4TB),1847000,,1786020,,,,,
103519226,레노버 아이디어패드 Slim3 15ARP10 83K700H5KR (SSD 512GB),948000,,948000,,,,,
122691392,레노버 아이디어패드 Slim3 15ARP10 83K700VDKR (SSD 1TB),1099000,,1099000,,,,,
122691390,레노버 아이디어패드 Slim3 15ARP10 83K700VDKR (SSD 256GB),849000,,849000,,,,,
122691391,레노버 아이디어패드 Slim3 15ARP10 83K700VDKR (SSD 512GB),949000,,949000,,,,,
122691398,레노버 아이디어패드 Slim3 15ARP10 83K700VDKR WIN11 (SSD 1TB),1149000,,1149000,,,,,
122691397,레노버 아이디어패드 Slim3 15ARP10 83K700VDKR WIN11 (SSD 256GB),899000,,839000,,,,,
122691396,레노버 아이디어패드 Slim3 15ARP10 83K700VDKR WIN11 (SSD 512GB),999000,,962990,,,,,
124045848,레노버 아이디어패드 Slim3 15IPH11 83UR00CNKR (SSD 1TB),1999000,,,,,,,
122724455,레노버 아이디어패드 Slim3 15IPH11 83UR00CNKR (SSD 512GB),1609000,,,,,,,
91765697,레노버 아이디어패드 Slim3 15IRH10 PRO 5D (SSD 1TB),1028890,,1028890,,,,,
78177986,레노버 아이디어패드 Slim3 15IRH10 PRO 5D (SSD 256GB),758000,,719000,,,,,
91765700,레노버 아이디어패드 Slim3 15IRH10 PRO 5D (SSD 2TB),1135000,,1197550,,,,,
92890787,레노버 아이디어패드 Slim3 15IRH10 PRO 5D (SSD 4TB),1590000,,1424810,,,,,
91765688,레노버 아이디어패드 Slim3 15IRH10 PRO 5D (SSD 512GB),850000,,850000,,,,,
91765745,레노버 아이디어패드 Slim3 15IRH10 PRO 5D WIN11 (SSD 1TB),1060000,,1064290,,,,,
91765739,레노버 아이디어패드 Slim3 15IRH10 PRO 5D WIN11 (SSD 256GB),800000,,800000,,,,,
91765748,레노버 아이디어패드 Slim3 15IRH10 PRO 5D WIN11 (SSD 2TB),1132000,,1200000,,,,,
92890796,레노버 아이디어패드 Slim3 15IRH10 PRO 5D WIN11 (SSD 4TB),1609000,,1519810,,,,,
91765742,레노버 아이디어패드 Slim3 15IRH10 PRO 5D WIN11 (SSD 512GB),842680,,842680,,,,,
91765766,레노버 아이디어패드 Slim3 15IRH10 PRO 5D WIN11 16GB램 (SSD 1TB),1100000,,1159990,,,,,
91765760,레노버 아이디어패드 Slim3 15IRH10 PRO 5D WIN11 16GB램 (SSD 256GB),929000,,929000,,,,,
91765769,레노버 아이디어패드 Slim3 15IRH10 PRO 5D WIN11 16GB램 (SSD 2TB),1270000,,1329810,,,,,
93019061,레노버 아이디어패드 Slim3 15IRH10 PRO 5D WIN11 16GB램 (SSD 4TB),1790000,,1614810,,,,,
91765763,레노버 아이디어패드 Slim3 15IRH10 PRO 5D WIN11 16GB램 (SSD 512GB),1030000,,1030000,,,,,
91188422,레노버 아이디어패드 Slim3 15IRH10R PRO 5D 16GB램 (SSD 1TB),1097500,,1097700,,,,,
91188416,레노버 아이디어패드 Slim3 15IRH10R PRO 5D 16GB램 (SSD 256GB),978000,,950000,,,,,
91188425,레노버 아이디어패드 Slim3 15IRH10R PRO 5D 16GB램 (SSD 2TB),1249000,,1249000,,,,,
97702367,레노버 아이디어패드 Slim3 15IRH10R PRO 5D 16GB램 (SSD 4TB),2100000,,2100000,,,,,
91188419,레노버 아이디어패드 Slim3 15IRH10R PRO 5D 16GB램 (SSD 512GB),1020000,,990000,,,,,
91188458,레노버 아이디어패드 Slim3 15IRH10R PRO 5D WIN11 16GB램 (SSD 1TB),1115000,,1115000,,,,,
91188452,레노버 아이디어패드 Slim3 15IRH10R PRO 5D WIN11 16GB램 (SSD 256GB),955870,,956070,,,,,
91188461,레노버 아이디어패드 Slim3 15IRH10R PRO 5D WIN11 16GB램 (SSD 2TB),1213000,,1213000,,,,,
97702376,레노버 아이디어패드 Slim3 15IRH10R PRO 5D WIN11 16GB램 (SSD 4TB),2200000,,2200000,,,,,
91188455,레노버 아이디어패드 Slim3 15IRH10R PRO 5D WIN11 16GB램 (SSD 512GB),993720,,993920,,,,,
97407296,레노버 아이디어패드 Slim3 15IRU8 82X700HWKR (SSD 1TB),899000,,886730,,,,,
97407320,레노버 아이디어패드 Slim3 15IRU8 82X700HWKR (SSD 2TB),1050000,,981730,,,,,
97861193,레노버 아이디어패드 Slim3 15IRU8 82X700HWKR (SSD 4TB),1299000,,1171730,,,,,
97304741,레노버 아이디어패드 Slim3 15IRU8 82X700HWKR (SSD 512GB),660000,,660000,,,,,
90699080,레노버 아이디어패드 Slim3 15ITN9 Core3 (SSD 1TB),789000,,789000,,,,,
90576179,레노버 아이디어패드 Slim3 15ITN9 Core3 (SSD 256GB),599000,,599000,,,,,
92621411,레노버 아이디어패드 Slim3 15ITN9 Core3 (SSD 2TB),1132000,,1098900,,,,,
97835270,레노버 아이디어패드 Slim3 15ITN9 Core3 (SSD 4TB),1750000,,1750000,,,,,
90699077,레노버 아이디어패드 Slim3 15ITN9 Core3 (SSD 512GB),649000,,649000,,,,,
95519870,레노버 아이디어패드 Slim3 16AHP10 83KB000WKR (SSD 1TB),1136000,,1136000,,,,,
77785667,레노버 아이디어패드 Slim3 16AHP10 83KB000WKR (SSD 256GB),816000,,764000,,,,,
98766167,레노버 아이디어패드 Slim3 16AHP10 83KB000WKR (SSD 2TB),1248000,,1248000,,,,,
98766170,레노버 아이디어패드 Slim3 16AHP10 83KB000WKR (SSD 4TB),1499000,,1499000,,,,,
90958793,레노버 아이디어패드 Slim3 16AHP10 83KB000WKR (SSD 512GB),935000,,935000,,,,,
79792472,레노버 아이디어패드 Slim3 16AHP10 83KB000WKR WIN11 (SSD 1TB),1165000,,1165000,,,,,
79551191,레노버 아이디어패드 Slim3 16AHP10 83KB000WKR WIN11 (SSD 256GB),788990,,788990,,,,,
79792475,레노버 아이디어패드 Slim3 16AHP10 83KB000WKR WIN11 (SSD 2TB),1380000,,1380000,,,,,
90154652,레노버 아이디어패드 Slim3 16AHP10 83KB000WKR WIN11 (SSD 4TB),2000000,,2000000,,,,,
90647537,레노버 아이디어패드 Slim3 16AHP10 83KB000WKR WIN11 (SSD 512GB),988990,,988990,,,,,
79792445,레노버 아이디어패드 Slim3 16AHP10 83KB000WKR WIN11 16GB램 (SSD 1TB),1361000,,1361000,,,,,
79551230,레노버 아이디어패드 Slim3 16AHP10 83KB000WKR WIN11 16GB램 (SSD 256GB),989000,,989000,,,,,
79792451,레노버 아이디어패드 Slim3 16AHP10 83KB000WKR WIN11 16GB램 (SSD 2TB),1500000,,1500000,,,,,
90154646,레노버 아이디어패드 Slim3 16AHP10 83KB000WKR WIN11 16GB램 (SSD 4TB),2100000,,2100000,,,,,
79551122,레노버 아이디어패드 Slim3 16AHP10 83KB000WKR WIN11 16GB램 (SSD 512GB),1189000,,1189000,,,,,
94523009,레노버 아이디어패드 Slim3 16AHP10 83KB0010KR 16GB램 (SSD 1TB),1690000,,1375670,,,,,
92041334,레노버 아이디어패드 Slim3 16AHP10 83KB0010KR 16GB램 (SSD 256GB),1430000,,999000,,,,,
94523012,레노버 아이디어패드 Slim3 16AHP10 83KB0010KR 16GB램 (SSD 2TB),1335000,,1335000,,,,,
94523006,레노버 아이디어패드 Slim3 16AHP10 83KB0010KR 16GB램 (SSD 512GB),1540000,,1540000,,,,,
90158000,레노버 아이디어패드 Slim3 16ARP10 83K8001JKR (SSD 1TB),1228000,,1134300,,,,,
78976370,레노버 아이디어패드 Slim3 16ARP10 83K8001JKR (SSD 256GB),779000,,779000,,,,,
90158003,레노버 아이디어패드 Slim3 16ARP10 83K8001JKR (SSD 2TB),1460000,,1284300,,,,,
99912872,레노버 아이디어패드 Slim3 16ARP10 83K8001JKR (SSD 4TB),1599000,,1599000,,,,,
90157991,레노버 아이디어패드 Slim3 16ARP10 83K8001JKR (SSD 512GB),1061000,,1059300,,,,,
94931549,레노버 아이디어패드 Slim3 16ARP10 83K8001PKR (SSD 1TB),1077230,,1015430,,,,,
86100413,레노버 아이디어패드 Slim3 16ARP10 83K8001PKR (SSD 256GB),899000,,804000,,,,,
98925692,레노버 아이디어패드 Slim3 16ARP10 83K8001PKR (SSD 2TB),1450000,,1390000,,,,,
99710876,레노버 아이디어패드 Slim3 16ARP10 83K8001PKR (SSD 4TB),2150000,,2150000,,,,,
98925686,레노버 아이디어패드 Slim3 16ARP10 83K8001PKR (SSD 512GB),976650,,976650,,,,,
124021373,레노버 아이디어패드 Slim3 16IPH11 83US0058KR 32GB램 (SSD 1TB),2590000,,2199000,,,,,
124021376,레노버 아이디어패드 Slim3 16IPH11 83US0058KR 32GB램 (SSD 512GB),2250000,,1999000,,,,,
19450316,레노버 아이디어패드 Slim3-17ABA R5 (1TB + SSD 256GB),868000,,868000,,,,,
17380997,레노버 아이디어패드 Slim3-17ABA R5 (SSD 1TB),1000000,,1000000,,,,,
17288051,레노버 아이디어패드 Slim3-17ABA R5 (SSD 256GB),678990,,649210,,,,,
17380988,레노버 아이디어패드 Slim3-17ABA R5 (SSD 512GB),800000,,800000,,,,,
78711575,레노버 아이디어패드 Slim3-17ABA7 R5 WIN11 16GB램 (SSD 1TB),1076710,,1077020,,,,,
78711566,레노버 아이디어패드 Slim3-17ABA7 R5 WIN11 16GB램 (SSD 256GB),791250,,791330,,,,,
78711578,레노버 아이디어패드 Slim3-17ABA7 R5 WIN11 16GB램 (SSD 2TB),1291440,,1291640,,,,,
90116072,레노버 아이디어패드 Slim3-17ABA7 R5 WIN11 16GB램 (SSD 4TB),1690000,,1605880,,,,,
78711572,레노버 아이디어패드 Slim3-17ABA7 R5 WIN11 16GB램 (SSD 512GB),950000,,950000,,,,,
108411725,레노버 아이디어패드 Slim3x 15Q8X10 83N30037KR (SSD 1TB),1650000,,1650000,,,,,
95845739,레노버 아이디어패드 Slim3x 15Q8X10 83N30037KR (SSD 512GB),989000,,979000,,,,,
106717304,레노버 아이디어패드 Slim5 14AGP11 83S1004PKR (SSD 1TB),2040000,,1939000,,,,,
107699507,레노버 아이디어패드 Slim5 14AGP11 83S1004PKR (SSD 4TB),3406000,,3406000,,,,,
108397958,레노버 아이디어패드 Slim5 14AGP11 83S1004TKR (SSD 1TB),2090000,,2089000,,,,,
108397961,레노버 아이디어패드 Slim5 14AGP11 83S1004TKR (SSD 2TB),2273380,,2276360,,,,,
107735354,레노버 아이디어패드 Slim5 14AGP11 83S1004TKR (SSD 4TB),2849060,,3655000,,,,,
106717331,레노버 아이디어패드 Slim5 14AGP11 83S1004TKR (SSD 512GB),1885000,,1885000,,,,,
122707105,레노버 아이디어패드 Slim5 14AGP11 83S10052KR (SSD 512GB),1649000,,1499000,,,,,
91766405,레노버 아이디어패드 Slim5 14AHP10 83HV0019KR WIN11 (SSD 1TB),1699000,,1439800,,,,,
91766408,레노버 아이디어패드 Slim5 14AHP10 83HV0019KR WIN11 (SSD 2TB),1829790,,1829790,,,,,
91766417,레노버 아이디어패드 Slim5 14AHP10 83HV0019KR WIN11 (SSD 4TB),2219000,,2219000,,,,,
91766399,레노버 아이디어패드 Slim5 14AHP10 83HV0019KR WIN11 (SSD 512GB),1599000,,1069000,,,,,
78608636,레노버 아이디어패드 Slim5 14AKP10 83HX003XKR (SSD 1TB),1850000,,1779800,,,,,
80590688,레노버 아이디어패드 Slim5 14AKP10 83HX003XKR (SSD 2TB),2050000,,2005000,,,,,
80590703,레노버 아이디어패드 Slim5 14AKP10 83HX003XKR (SSD 4TB),2840290,,2279800,,,,,
106717565,레노버 아이디어패드 Slim5 16AGP11 83S2003LKR (SSD 1TB),2197000,,2195720,,,,,
108398249,레노버 아이디어패드 Slim5 16AGP11 83S2003LKR (SSD 2TB),2465570,,2321810,,,,,
107706326,레노버 아이디어패드 Slim5 16AGP11 83S2003LKR (SSD 4TB),2938430,,2797430,,,,,
122662966,레노버 아이디어패드 Slim5 16AGP11 83S2003MKR (SSD 1TB),2330000,,2214610,,,,,
122662970,레노버 아이디어패드 Slim5 16AGP11 83S2003MKR (SSD 2TB),2650000,,2321790,,,,,
107768120,레노버 아이디어패드 Slim5 16AGP11 83S2003MKR (SSD 4TB),3295630,,2794110,,,,,
106717550,레노버 아이디어패드 Slim5 16AGP11 83S2003MKR (SSD 512GB),2170000,,2102720,,,,,
122616370,레노버 아이디어패드 Slim5 16AGP11 83S2003NKR (SSD 1TB),1996870,,2050000,,,,,
122720334,레노버 아이디어패드 Slim5 16AGP11 83S2003NKR (SSD 2TB),2156240,,2250000,,,,,
107693732,레노버 아이디어패드 Slim5 16AGP11 83S2003NKR (SSD 4TB),2999890,,2999890,,,,,
106717532,레노버 아이디어패드 Slim5 16AGP11 83S2003NKR (SSD 512GB),1799000,,1799000,,,,,
122714882,레노버 아이디어패드 Slim5 16AGP11 83S2003XKR (SSD 512GB),1539000,,1459000,,,,,
90154898,레노버 아이디어패드 Slim5 16AHP10 83HW001CKR WIN11 (SSD 1TB),2097000,,1748100,,,,,
90154907,레노버 아이디어패드 Slim5 16AHP10 83HW001CKR WIN11 (SSD 2TB),2400000,,1669800,,,,,
90504065,레노버 아이디어패드 Slim5 16AHP10 83HW001CKR WIN11 (SSD 4TB),3400000,,2069800,,,,,
90154895,레노버 아이디어패드 Slim5 16AHP10 83HW001CKR WIN11 (SSD 512GB),2000000,,1697990,,,,,
102410273,레노버 아이디어패드 Slim5 16IAH10 U7 OLED AI 83ND001GKR (SSD 1TB),1817000,,1817000,,,,,
102410276,레노버 아이디어패드 Slim5 16IAH10 U7 OLED AI 83ND001GKR (SSD 2TB),2200000,,2200000,,,,,
104964845,레노버 아이디어패드 Slim5 16IAH10 U7 OLED AI 83ND001GKR (SSD 4TB),4699000,,4282900,,,,,
102410210,레노버 아이디어패드 Slim5 16IAH10 U7 OLED AI 83ND001GKR (SSD 512GB),1598000,,1598000,,,,,
103186592,레노버 아이디어패드 Slim5 16IAH10 U7 OLED AI WIN11 (SSD 512GB),1692000,,,,,,,
122638744,레노버 요가 7 2in1 14AGP11 83TD003GKR (SSD 1TB),2900000,,2900000,,,,,
122638745,레노버 요가 7 2in1 14AGP11 83TD003GKR (SSD 2TB),3110000,,3110000,,,,,
122638746,레노버 요가 7 2in1 14AGP11 83TD003GKR (SSD 4TB),3678000,,3678000,,,,,
108462155,레노버 요가 7 2in1 14AGP11 83TD003GKR (SSD 512GB),2399000,,2399000,,,,,
39103058,레노버 요가 Book 9i 13IMU9 83FF000LKR (SSD 1TB),2580000,,2580000,,,,,
64268924,레노버 요가 Book 9i 13IMU9 83FF000LKR (SSD 2TB),3400000,,3400000,,,,,
122721297,레노버 요가 Pro 7 15ASH11 83W5000KKR (SSD 1TB),3798000,,3798000,,,,,
122692809,레노버 요가 Pro 7i 15IPH11 83SN000FKR (SSD 1TB),4299000,,4299000,,,,,
65915657,레노버 요가 Slim 7i 15ILL9 Aura Edition (SSD 1TB),2990000,,2889800,,,,,
74054180,레노버 요가 Slim 7i 15ILL9 Aura Edition (SSD 2TB),3190000,,3190000,,,,,
74054210,레노버 요가 Slim 7i 15ILL9 Aura Edition (SSD 4TB),4500000,,3549800,,,,,
106749764,레노버 요가 Slim 7i Ultra Aura Edition 83QK001HKR (SSD 1TB),2998000,,2998000,,,,,
124011388,레노버 요가 Slim 7i Ultra Aura Edition 83QK001HKR (SSD 2TB),4030000,,4030000,,,,,
106749749,레노버 요가 Slim 7i Ultra Aura Edition 83QK001JKR (SSD 1TB),2999000,,2999000,,,,,
122640230,레노버 요가 Slim 7i Ultra Aura Edition 83QK001JKR (SSD 2TB),3500000,,3500000,,,,,
122643327,레노버 요가 Slim 7i Ultra Aura Edition 83QK001JKR (SSD 4TB),5000000,,4606500,,,,,
122659760,레노버 요가 Slim 7i Ultra Aura Edition 83QK005LKR (SSD 1TB),3998000,,3998000,,,,,
122667305,레노버 요가 Slim 7i Ultra Aura Edition 83QK005LKR (SSD 2TB),4700000,,4700000,,,,,
122667306,레노버 요가 Slim 7i Ultra Aura Edition 83QK005LKR (SSD 4TB),5700000,,4421000,,,,,
122717752,레노버 요가 Slim 7i Ultra Aura Edition 83QK009BKR (SSD 1TB),3799000,,3799000,,,,,
122624700,레노버 요가 Slim7 14AGP11 83QS001CKR (SSD 1TB),2569000,,,,,,,
122636058,레노버 요가 Slim7 14AGP11 83QS001CKR (SSD 2TB),2990000,,,,,,,
18993569,삼성전자 갤럭시북 프로 SE NT950XFG-KC51S (SSD 1TB),1558990,,1558990,,,,,
18939467,삼성전자 갤럭시북 프로 SE NT950XFG-KC51S (SSD 256GB),1448990,,1448990,,,,,
20208164,삼성전자 갤럭시북 프로 SE NT950XFG-KC51S (SSD 2TB),1788760,,1788760,,,,,
20208185,삼성전자 갤럭시북 프로 SE NT950XFG-KC51S (SSD 4TB),2990000,,2990000,,,,,
18993536,삼성전자 갤럭시북 프로 SE NT950XFG-KC51S (SSD 512GB),1458990,,1458990,,,,,
18991556,삼성전자 갤럭시북 프로 SE NT950XFT-A51A (SSD 1TB),1457640,,1457640,,,,,
18908273,삼성전자 갤럭시북 프로 SE NT950XFT-A51A (SSD 256GB),1280000,,1280000,,,,,
18991640,삼성전자 갤럭시북 프로 SE NT950XFT-A51A (SSD 2TB),1487000,,1487000,,,,,
23761850,삼성전자 갤럭시북 프로 SE NT950XFT-A51A (SSD 4TB),2200000,,2200000,,,,,
18991505,삼성전자 갤럭시북 프로 SE NT950XFT-A51A (SSD 512GB),1348000,,1348000,,,,,
18991733,삼성전자 갤럭시북 프로 SE NT950XFT-A51A WIN11 (SSD 1TB),1547000,,1547000,,,,,
18991763,삼성전자 갤럭시북 프로 SE NT950XFT-A51A WIN11 (SSD 256GB),1345000,,1345000,,,,,
18991715,삼성전자 갤럭시북 프로 SE NT950XFT-A51A WIN11 (SSD 2TB),1704350,,1577470,,,,,
101191034,삼성전자 갤럭시북 프로 SE NT950XFT-A51A WIN11 (SSD 4TB),2150000,,2150000,,,,,
18991739,삼성전자 갤럭시북 프로 SE NT950XFT-A51A WIN11 (SSD 500GB),1440000,,1440000,,,,,
71905403,삼성전자 갤럭시북 프로 SE NT950XGK-KM50S (SSD 1TB),1924000,,1924000,,,,,
68689037,삼성전자 갤럭시북 프로 SE NT950XGK-KM50S (SSD 256GB),1744000,,1744000,,,,,
71905406,삼성전자 갤럭시북 프로 SE NT950XGK-KM50S (SSD 2TB),2074000,,2074000,,,,,
71905397,삼성전자 갤럭시북 프로 SE NT950XGK-KM50S (SSD 512GB),1774000,,1774000,,,,,
102008276,삼성전자 갤럭시북 프로 SE NT950XGK-KP72G (SSD 1TB),2500000,,2500000,,,,,
102008270,삼성전자 갤럭시북 프로 SE NT950XGK-KP72G (SSD 256GB),2300000,,2300000,,,,,
102008279,삼성전자 갤럭시북 프로 SE NT950XGK-KP72G (SSD 2TB),2800000,,2800000,,,,,
102008273,삼성전자 갤럭시북 프로 SE NT950XGK-KP72G (SSD 512GB),2190000,,2190000,,,,,
53783534,삼성전자 갤럭시북 프로 SE NT950XGQ-A51A (SSD 1TB),1980000,,1980000,,,,,
53783537,삼성전자 갤럭시북 프로 SE NT950XGQ-A51A (SSD 2TB),1850000,,1850000,,,,,
89529923,삼성전자 갤럭시북 프로 SE NT950XGQ-A51A (SSD 4TB),1995000,,1995000,,,,,
48474737,삼성전자 갤럭시북 프로 SE NT950XGQ-A51A (SSD 512GB),1890000,,1890000,,,,,
11394663,삼성전자 갤럭시북 플렉스 알파 NT750QCJ-KC38 (SSD 1TB),1749080,,1749080,,,,,
11394603,삼성전자 갤럭시북 플렉스 알파 NT750QCJ-KC38 (SSD 256GB),782400,,782400,,,,,
11394696,삼성전자 갤럭시북 플렉스 알파 NT750QCJ-KC38 (SSD 2TB),1921880,,1921880,,,,,
11394654,삼성전자 갤럭시북 플렉스 알파 NT750QCJ-KC38 (SSD 500GB),1208640,,1208640,,,,,
18010646,삼성전자 갤럭시북2 NT550XEZ-A38A (1TB + SSD 256GB),1101300,,1101300,,,,,
17352740,삼성전자 갤럭시북2 NT550XEZ-A38A (SSD 1TB),1054500,,1054500,,,,,
17227514,삼성전자 갤럭시북2 NT550XEZ-A38A (SSD 256GB),887200,,887200,,,,,
22045439,삼성전자 갤럭시북2 NT550XEZ-A38A (SSD 2TB),1329050,,1299000,,,,,
17352734,삼성전자 갤럭시북2 NT550XEZ-A38A (SSD 500GB),948100,,948100,,,,,
17343503,삼성전자 갤럭시북2 NT550XEZ-A58A (SSD 1TB),1158900,,1044050,,,,,
17227823,삼성전자 갤럭시북2 NT550XEZ-A58A (SSD 256GB),1091550,,1011650,,,,,
25640381,삼성전자 갤럭시북2 NT550XEZ-A58A (SSD 2TB),1449000,,1315650,,,,,
17343488,삼성전자 갤럭시북2 NT550XEZ-A58A (SSD 512GB),1186550,,1096200,,,,,
17578328,삼성전자 갤럭시북2 NT550XEZ-A58A WIN11 (SSD 1TB),1390000,,,,,,,
17578313,삼성전자 갤럭시북2 NT550XEZ-A58A WIN11 (SSD 256GB),1190000,,,,,,,
17578331,삼성전자 갤럭시북2 NT550XEZ-A58A WIN11 (SSD 2TB),1671050,,,,,,,
28803440,삼성전자 갤럭시북2 NT550XEZ-A58A WIN11 (SSD 4TB),1389000,,,,,,,
17578322,삼성전자 갤럭시북2 NT550XEZ-A58A WIN11 (SSD 512GB),1290000,,,,,,,
17578151,삼성전자 갤럭시북2 NT550XEZ-A58A WIN11 16GB램 (SSD 1TB),1699000,,,,,,,
17578115,삼성전자 갤럭시북2 NT550XEZ-A58A WIN11 16GB램 (SSD 256GB),1190000,,,,,,,
17578169,삼성전자 갤럭시북2 NT550XEZ-A58A WIN11 16GB램 (SSD 2TB),1899000,,,,,,,
17578139,삼성전자 갤럭시북2 NT550XEZ-A58A WIN11 16GB램 (SSD 512GB),1498990,,,,,,,
16750091,삼성전자 갤럭시북2 프로 NT950XED-KC51S (SSD 1TB),1615720,,1615720,,,,,
16626068,삼성전자 갤럭시북2 프로 NT950XED-KC51S (SSD 256GB),1390000,,1390000,,,,,
16750106,삼성전자 갤럭시북2 프로 NT950XED-KC51S (SSD 2TB),1788760,,1788760,,,,,
16750082,삼성전자 갤럭시북2 프로 NT950XED-KC51S (SSD 500GB),1518330,,1518330,,,,,
18059099,삼성전자 갤럭시북2 프로 NT950XEE-XD72S (SSD 1TB),2780000,,,,,,,
45546230,삼성전자 갤럭시북2 프로 NT950XEE-XD72S (SSD 2TB),2879000,,,,,,,
45546236,삼성전자 갤럭시북2 프로 NT950XEE-XD72S (SSD 4TB),2172810,,,,,,,
31997516,삼성전자 갤럭시북3 360 NT750QFG-K71AS (SSD 1TB),1850000,,1850000,,,,,
31997528,삼성전자 갤럭시북3 360 NT750QFG-K71AS (SSD 2TB),2100000,,2100000,,,,,
31997495,삼성전자 갤럭시북3 360 NT750QFG-K71AS (SSD 512GB),1750000,,1750000,,,,,
18997502,삼성전자 갤럭시북3 360 NT750QFG-KC51S (SSD 1TB),1650000,,,,,,,
18911582,삼성전자 갤럭시북3 360 NT750QFG-KC51S (SSD 256GB),1550000,,,,,,,
18997505,삼성전자 갤럭시북3 360 NT750QFG-KC51S (SSD 2TB),1760000,,,,,,,
21486635,삼성전자 갤럭시북3 360 NT750QFG-KC51S (SSD 4TB),2490000,,,,,,,
18997499,삼성전자 갤럭시북3 360 NT750QFG-KC51S (SSD 512GB),1570000,,,,,,,
19097531,삼성전자 갤럭시북3 360 NT750QFG-KH51S (SSD 1TB),2390000,,2390000,,,,,
18923924,삼성전자 갤럭시북3 360 NT750QFG-KH51S (SSD 256GB),2400000,,2400000,,,,,
24137000,삼성전자 갤럭시북3 360 NT750QFG-KH51S (SSD 2TB),2290000,,2290000,,,,,
24137036,삼성전자 갤럭시북3 360 NT750QFG-KH51S (SSD 4TB),2599000,,2599000,,,,,
19097486,삼성전자 갤럭시북3 360 NT750QFG-KH51S (SSD 512GB),2290000,,2290000,,,,,
20421545,삼성전자 갤럭시북3 NT750XFT-A51A (SSD 1TB),1290000,,1290000,,,,,
19959074,삼성전자 갤럭시북3 NT750XFT-A51A (SSD 256GB),1090000,,1090000,,,,,
20421557,삼성전자 갤럭시북3 NT750XFT-A51A (SSD 2TB),1390000,,1370750,,,,,
20421533,삼성전자 갤럭시북3 NT750XFT-A51A (SSD 512GB),1190000,,1190000,,,,,
20564321,삼성전자 갤럭시북3 NT750XFT-A51A WIN11 (SSD 1TB),1370000,,1370000,,,,,
20421602,삼성전자 갤럭시북3 NT750XFT-A51A WIN11 (SSD 256GB),1237690,,1211920,,,,,
28800590,삼성전자 갤럭시북3 NT750XFT-A51A WIN11 (SSD 2TB),1441000,,1441000,,,,,
20564294,삼성전자 갤럭시북3 NT750XFT-A51A WIN11 (SSD 512GB),1340000,,1344000,,,,,
79386023,삼성전자 갤럭시북3 고 5G NT345XPA-K14A (128GB SD카드 추가),499000,,499000,,,,,
48474638,삼성전자 갤럭시북3 고 5G NT345XPA-K14A (128GB),499000,,499000,,,,,
18989354,삼성전자 갤럭시북3 프로 NT940XFG-KC51G (SSD 1TB),1583270,,1583270,,,,,
18989540,삼성전자 갤럭시북3 프로 NT940XFG-KC51G (SSD 256GB + SSD 256GB),1563700,,1563700,,,,,
18936140,삼성전자 갤럭시북3 프로 NT940XFG-KC51G (SSD 256GB),1457400,,1457400,,,,,
18989375,삼성전자 갤럭시북3 프로 NT940XFG-KC51G (SSD 2TB),1699450,,1699450,,,,,
19745678,삼성전자 갤럭시북3 프로 NT940XFG-KC51G (SSD 4TB),3299000,,3299000,,,,,
18989279,삼성전자 갤럭시북3 프로 NT940XFG-KC51G (SSD 512GB),1529000,,1529000,,,,,
19007837,삼성전자 갤럭시북3 프로 NT940XFT-A51A (SSD 1TB),1557660,,1557760,,,,,
19929257,삼성전자 갤럭시북3 프로 NT940XFT-A51A (SSD 256GB + SSD 256GB),1994050,,1994050,,,,,
18906935,삼성전자 갤럭시북3 프로 NT940XFT-A51A (SSD 256GB),1372580,,1372680,,,,,
19069268,삼성전자 갤럭시북3 프로 NT940XFT-A51A (SSD 2TB),1714180,,1714280,,,,,
19069274,삼성전자 갤럭시북3 프로 NT940XFT-A51A (SSD 4TB),2793000,,2793000,,,,,
19007771,삼성전자 갤럭시북3 프로 NT940XFT-A51A (SSD 512GB),1462440,,1462540,,,,,
19058558,삼성전자 갤럭시북3 프로 NT940XFT-A51A WIN11 (SSD 1TB),1578810,,1578910,,,,,
19929449,삼성전자 갤럭시북3 프로 NT940XFT-A51A WIN11 (SSD 256GB + SSD 256GB),2850000,,2850000,,,,,
19058552,삼성전자 갤럭시북3 프로 NT940XFT-A51A WIN11 (SSD 256GB),1393730,,1393830,,,,,
19058564,삼성전자 갤럭시북3 프로 NT940XFT-A51A WIN11 (SSD 2TB),1748010,,1748110,,,,,
19069283,삼성전자 갤럭시북3 프로 NT940XFT-A51A WIN11 (SSD 4TB),3160000,,3160000,,,,,
19058549,삼성전자 갤럭시북3 프로 NT940XFT-A51A WIN11 (SSD 512GB),1483590,,1483690,,,,,
20181563,삼성전자 갤럭시북3 프로 NT960XFG-K71AR (SSD 1TB + SSD 1TB),2529000,,2529000,,,,,
19183760,삼성전자 갤럭시북3 프로 NT960XFG-K71AR (SSD 1TB),2370000,,2370000,,,,,
20181488,삼성전자 갤럭시북3 프로 NT960XFG-K71AR (SSD 2TB),2553230,,2553230,,,,,
20181737,삼성전자 갤럭시북3 프로 NT960XFG-K71AR (SSD 4TB + SSD 1TB),3270000,,3270000,,,,,
20181551,삼성전자 갤럭시북3 프로 NT960XFG-K71AR (SSD 4TB),3065000,,3065000,,,,,
19069253,삼성전자 갤럭시북3 프로 NT960XFT-A51A (SSD 1TB),2099000,,2099000,,,,,
18908285,삼성전자 갤럭시북3 프로 NT960XFT-A51A (SSD 256GB),1680540,,1680540,,,,,
19069256,삼성전자 갤럭시북3 프로 NT960XFT-A51A (SSD 2TB),2230000,,2230000,,,,,
19069262,삼성전자 갤럭시북3 프로 NT960XFT-A51A (SSD 4TB),2538000,,2538000,,,,,
19981652,삼성전자 갤럭시북3 프로 NT960XFT-A51A (SSD 500GB + SSD 256GB),2400000,,2400000,,,,,
19069250,삼성전자 갤럭시북3 프로 NT960XFT-A51A (SSD 512GB),1990000,,1990000,,,,,
18909185,삼성전자 갤럭시북3 프로360 NT960QFG-K71AR (SSD 1TB),2550350,,2550350,,,,,
18997427,삼성전자 갤럭시북3 프로360 NT960QFG-K71AR (SSD 2TB),2707430,,2707430,,,,,
19088660,삼성전자 갤럭시북3 프로360 NT960QFG-K71AR (SSD 4TB),4230660,,4230660,,,,,
54696875,삼성전자 갤럭시북4 NT750XGJ-KH51G (SSD 1TB),1390000,,1390000,,,,,
46104950,삼성전자 갤럭시북4 NT750XGJ-KH51G (SSD 256GB),1190000,,1190000,,,,,
54696878,삼성전자 갤럭시북4 NT750XGJ-KH51G (SSD 2TB),1560000,,1560000,,,,,
90268184,삼성전자 갤럭시북4 NT750XGJ-KH51G (SSD 4TB),1884280,,1884280,,,,,
54696863,삼성전자 갤럭시북4 NT750XGJ-KH51G (SSD 512GB),1290000,,1290000,,,,,
63464357,삼성전자 갤럭시북4 NT750XGJ-KP51S (SSD 1TB),1470000,,1470000,,,,,
63464324,삼성전자 갤럭시북4 NT750XGJ-KP51S (SSD 256GB),1232700,,1232700,,,,,
63464360,삼성전자 갤럭시북4 NT750XGJ-KP51S (SSD 2TB),1600160,,1600360,,,,,
63464342,삼성전자 갤럭시북4 NT750XGJ-KP51S (SSD 512GB),1349000,,1349000,,,,,
45229685,삼성전자 갤럭시북4 NT750XGK-KC38G (SSD 1TB),1452000,,1452000,,,,,
45193001,삼성전자 갤럭시북4 NT750XGK-KC38G (SSD 256GB),1169000,,1169000,,,,,
45230138,삼성전자 갤럭시북4 NT750XGK-KC38G (SSD 2TB),1582000,,1582000,,,,,
45230720,삼성전자 갤럭시북4 NT750XGK-KC38G (SSD 4TB),1882000,,1882000,,,,,
45228107,삼성전자 갤럭시북4 NT750XGK-KC38G (SSD 512GB),1317000,,1317000,,,,,
64467530,삼성전자 갤럭시북4 NT750XGK-KD51G (SSD 1TB),1671020,,1671220,,,,,
55456067,삼성전자 갤럭시북4 NT750XGK-KD51G (SSD 256GB),1446000,,1446000,,,,,
64467545,삼성전자 갤럭시북4 NT750XGK-KD51G (SSD 2TB),1756520,,1756720,,,,,
78307598,삼성전자 갤럭시북4 NT750XGK-KD51G (SSD 4TB),2046000,,2046000,,,,,
64467512,삼성전자 갤럭시북4 NT750XGK-KD51G (SSD 512GB),1576020,,1576220,,,,,
54696890,삼성전자 갤럭시북4 NT750XGK-KH51G (SSD 1TB),1614050,,1614050,,,,,
46104896,삼성전자 갤럭시북4 NT750XGK-KH51G (SSD 256GB),1416000,,1416000,,,,,
54696893,삼성전자 갤럭시북4 NT750XGK-KH51G (SSD 2TB),1791000,,1791000,,,,,
78989219,삼성전자 갤럭시북4 NT750XGK-KH51G (SSD 4TB),1986000,,1986000,,,,,
54696884,삼성전자 갤럭시북4 NT750XGK-KH51G (SSD 512GB),1519050,,1519050,,,,,
46739888,삼성전자 갤럭시북4 NT750XGL-XC51S (SSD 1TB),1992720,,1992720,,,,,
46739969,삼성전자 갤럭시북4 NT750XGL-XC51S (SSD 2TB),2062720,,2062720,,,,,
46739972,삼성전자 갤럭시북4 NT750XGL-XC51S (SSD 4TB),2302720,,2302720,,,,,
45256838,삼성전자 갤럭시북4 NT750XGL-XC51S (SSD 512GB),1723500,,1721740,,,,,
45604496,삼성전자 갤럭시북4 NT750XGQ-A51A (SSD 1TB),1485800,,1485800,,,,,
43522433,삼성전자 갤럭시북4 NT750XGQ-A51A (SSD 256GB),1345000,,1345000,,,,,
45604730,삼성전자 갤럭시북4 NT750XGQ-A51A (SSD 2TB),1495000,,1495000,,,,,
90575090,삼성전자 갤럭시북4 NT750XGQ-A51A (SSD 4TB),1693060,,1693260,,,,,
45604067,삼성전자 갤럭시북4 NT750XGQ-A51A (SSD 512GB),1417400,,1417400,,,,,
45608846,삼성전자 갤럭시북4 NT750XGQ-A51A WIN11 (SSD 1TB),1585000,,1585000,,,,,
45606884,삼성전자 갤럭시북4 NT750XGQ-A51A WIN11 (SSD 256GB),1348000,,1348000,,,,,
46309574,삼성전자 갤럭시북4 NT750XGQ-A51A WIN11 (SSD 2TB),1693560,,1693560,,,,,
90575108,삼성전자 갤럭시북4 NT750XGQ-A51A WIN11 (SSD 4TB),1788060,,1788260,,,,,
45607805,삼성전자 갤럭시북4 NT750XGQ-A51A WIN11 (SSD 512GB),1380000,,1380000,,,,,
99738428,삼성전자 갤럭시북4 NT750XGR-A28A (SSD 1TB),1028900,,1028900,,,,,
98230064,삼성전자 갤럭시북4 NT750XGR-A28A (SSD 256GB),798000,,798000,,,,,
99738437,삼성전자 갤럭시북4 NT750XGR-A28A (SSD 2TB),1128990,,1128990,,,,,
99738425,삼성전자 갤럭시북4 NT750XGR-A28A (SSD 512GB),890000,,890000,,,,,
99802091,삼성전자 갤럭시북4 NT750XGR-A28A WIN11 (SSD 1TB),1087810,,1087810,,,,,
99800048,삼성전자 갤럭시북4 NT750XGR-A28A WIN11 (SSD 256GB),852900,,852900,,,,,
99804485,삼성전자 갤럭시북4 NT750XGR-A28A WIN11 (SSD 2TB),1181660,,1181660,,,,,
103129454,삼성전자 갤럭시북4 NT750XGR-A28A WIN11 (SSD 4TB),1596980,,1596980,,,,,
99800495,삼성전자 갤럭시북4 NT750XGR-A28A WIN11 (SSD 512GB),962680,,962680,,,,,
46742189,삼성전자 갤럭시북4 NT750XGR-A31A (SSD 1TB),1278990,,1184000,,,,,
44906120,삼성전자 갤럭시북4 NT750XGR-A31A (SSD 256GB),975000,,975000,,,,,
49739348,삼성전자 갤럭시북4 NT750XGR-A31A (SSD 2TB),1399000,,1342000,,,,,
86099453,삼성전자 갤럭시북4 NT750XGR-A31A (SSD 4TB),1570680,,1570680,,,,,
46742135,삼성전자 갤럭시북4 NT750XGR-A31A (SSD 512GB),1140000,,1129000,,,,,
46742219,삼성전자 갤럭시북4 NT750XGR-A31A WIN11 (SSD 1TB),1246990,,1246990,,,,,
46742213,삼성전자 갤럭시북4 NT750XGR-A31A WIN11 (SSD 256GB),1019000,,1019000,,,,,
49739384,삼성전자 갤럭시북4 NT750XGR-A31A WIN11 (SSD 2TB),1399000,,1399000,,,,,
79397822,삼성전자 갤럭시북4 NT750XGR-A31A WIN11 (SSD 4TB),1668680,,1668680,,,,,
46742216,삼성전자 갤럭시북4 NT750XGR-A31A WIN11 (SSD 500GB),1125760,,1125760,,,,,
46742519,삼성전자 갤럭시북4 NT750XGR-A38A (SSD 1TB),1138090,,1138290,,,,,
43522580,삼성전자 갤럭시북4 NT750XGR-A38A (SSD 256GB),869000,,869000,,,,,
51812963,삼성전자 갤럭시북4 NT750XGR-A38A (SSD 2TB),1312410,,1312420,,,,,
89534537,삼성전자 갤럭시북4 NT750XGR-A38A (SSD 4TB),1649080,,1649080,,,,,
46742468,삼성전자 갤럭시북4 NT750XGR-A38A (SSD 512GB),939000,,939000,,,,,
76510115,삼성전자 갤럭시북4 NT750XGR-A38A WIN11 (SSD 1TB + SSD 1TB),1349990,,1349990,,,,,
46742582,삼성전자 갤럭시북4 NT750XGR-A38A WIN11 (SSD 1TB),1148990,,1148990,,,,,
46742576,삼성전자 갤럭시북4 NT750XGR-A38A WIN11 (SSD 256GB),908990,,908990,,,,,
51812966,삼성전자 갤럭시북4 NT750XGR-A38A WIN11 (SSD 2TB),1384990,,1384990,,,,,
89534543,삼성전자 갤럭시북4 NT750XGR-A38A WIN11 (SSD 4TB),1670000,,1670000,,,,,
46742579,삼성전자 갤럭시북4 NT750XGR-A38A WIN11 (SSD 512GB),1088990,,1088990,,,,,
44762474,삼성전자 갤럭시북4 NT750XGR-A51A (SSD 1TB),1393270,,1393470,,,,,
44762393,삼성전자 갤럭시북4 NT750XGR-A51A (SSD 256GB),1170000,,1170000,,,,,
44762489,삼성전자 갤럭시북4 NT750XGR-A51A (SSD 2TB),1553500,,1553560,,,,,
78977600,삼성전자 갤럭시북4 NT750XGR-A51A (SSD 4TB),1737280,,1737280,,,,,
44762453,삼성전자 갤럭시북4 NT750XGR-A51A (SSD 512GB),1289000,,1280000,,,,,
45313646,삼성전자 갤럭시북4 NT750XGR-A51A WIN11 (SSD 1TB),1445960,,1446160,,,,,
44762513,삼성전자 갤럭시북4 NT750XGR-A51A WIN11 (SSD 256GB),1180000,,1180000,,,,,
45313667,삼성전자 갤럭시북4 NT750XGR-A51A WIN11 (SSD 2TB),1558000,,1558270,,,,,
79249661,삼성전자 갤럭시북4 NT750XGR-A51A WIN11 (SSD 4TB),1778560,,1778760,,,,,
45313631,삼성전자 갤럭시북4 NT750XGR-A51A WIN11 (SSD 500GB),1297000,,1297000,,,,,
44906435,삼성전자 갤럭시북4 NT750XGR-A58A (SSD 1TB),1248000,,1248000,,,,,
43522475,삼성전자 갤럭시북4 NT750XGR-A58A (SSD 256GB),949000,,949000,,,,,
44906441,삼성전자 갤럭시북4 NT750XGR-A58A (SSD 2TB),1348000,,1349000,,,,,
81062267,삼성전자 갤럭시북4 NT750XGR-A58A (SSD 4TB),1408060,,1408260,,,,,
44906426,삼성전자 갤럭시북4 NT750XGR-A58A (SSD 512GB),1149000,,1149000,,,,,
45997673,삼성전자 갤럭시북4 NT750XGR-A58A WIN11 (SSD 1TB),1283990,,1283990,,,,,
45997652,삼성전자 갤럭시북4 NT750XGR-A58A WIN11 (SSD 256GB),1074900,,1074900,,,,,
51812675,삼성전자 갤럭시북4 NT750XGR-A58A WIN11 (SSD 2TB),1387990,,1387990,,,,,
81062225,삼성전자 갤럭시북4 NT750XGR-A58A WIN11 (SSD 4TB),1503060,,1503260,,,,,
45997658,삼성전자 갤럭시북4 NT750XGR-A58A WIN11 (SSD 512GB),1183000,,1183000,,,,,
45653969,삼성전자 갤럭시북4 NT750XGR-A71A (SSD 1TB),1486800,,1486980,,,,,
45655535,삼성전자 갤럭시북4 NT750XGR-A71A (SSD 2TB),1640000,,1640000,,,,,
45656372,삼성전자 갤럭시북4 NT750XGR-A71A (SSD 4TB),2097900,,2098000,,,,,
43522826,삼성전자 갤럭시북4 NT750XGR-A71A (SSD 512GB),1327900,,1327980,,,,,
45753293,삼성전자 갤럭시북4 NT750XGR-A71A WIN11 (SSD 1TB),1476900,,1476970,,,,,
45753311,삼성전자 갤럭시북4 NT750XGR-A71A WIN11 (SSD 2TB),1744900,,1744990,,,,,
78988547,삼성전자 갤럭시북4 NT750XGR-A71A WIN11 (SSD 4TB),2099880,,2099880,,,,,
45753263,삼성전자 갤럭시북4 NT750XGR-A71A WIN11 (SSD 512GB),1333500,,1333550,,,,,
97472894,삼성전자 갤럭시북4 엣지 NT750XQA-K02A (1TB),2006290,,2006290,,,,,
69661472,삼성전자 갤럭시북4 엣지 NT750XQA-K02A (512GB),1584300,,1584500,,,,,
123031750,삼성전자 갤럭시북4 엣지 NT750XQB-KC01B (256GB + Micro SD 카드 256GB),1344240,,,,,,,
102758261,삼성전자 갤럭시북4 엣지 NT750XQB-KC01B (256GB),1147000,,,,,,,
57307388,삼성전자 갤럭시북4 엣지 NT960XMA-KA01B (512GB),1897000,,1897000,,,,,
48925832,삼성전자 갤럭시북4 울트라 NT960XGL-X92A (SSD 1TB + SSD 1TB),5230000,,5230000,,,,,
38200397,삼성전자 갤럭시북4 울트라 NT960XGL-X92A (SSD 1TB),4100000,,4330000,,,,,
48925781,삼성전자 갤럭시북4 울트라 NT960XGL-X92A (SSD 2TB),4450000,,4600000,,,,,
48925838,삼성전자 갤럭시북4 울트라 NT960XGL-X92A (SSD 4TB + SSD 1TB),5989990,,5989990,,,,,
48925820,삼성전자 갤럭시북4 울트라 NT960XGL-X92A (SSD 4TB),4989000,,4989000,,,,,
38344886,삼성전자 갤럭시북4 울트라 NT960XGL-X94A (SSD 2TB),5690000,,5803190,,,,,
48925712,삼성전자 갤럭시북4 울트라 NT960XGL-X94A (SSD 4TB),5850000,,6292000,,,,,
70255064,삼성전자 갤럭시북4 울트라 NT960XGL-XA92G (SSD 1TB),4100000,,4679000,,,,,
72718604,삼성전자 갤럭시북4 울트라 NT960XGL-XA92G (SSD 2TB),4450000,,4790000,,,,,
31998272,삼성전자 갤럭시북4 울트라 NT960XGL-XC72G (SSD 1TB),4360000,,3665580,,,,,
32686829,삼성전자 갤럭시북4 울트라 NT960XGL-XC72G (SSD 2TB),4249990,,3826880,,,,,
32688620,삼성전자 갤럭시북4 울트라 NT960XGL-XC72G (SSD 4TB),4990000,,4990000,,,,,
43535321,삼성전자 갤럭시북4 울트라 NT960XGL-XC92G (SSD 1TB + SSD 1TB),6000000,,6000000,,,,,
42472424,삼성전자 갤럭시북4 울트라 NT960XGL-XC92G (SSD 1TB),4100000,,4679000,,,,,
43535354,삼성전자 갤럭시북4 울트라 NT960XGL-XC92G (SSD 2TB + SSD 2TB),6422000,,6422000,,,,,
43535198,삼성전자 갤럭시북4 울트라 NT960XGL-XC92G (SSD 2TB),4450000,,4949000,,,,,
43535246,삼성전자 갤럭시북4 울트라 NT960XGL-XC92G (SSD 4TB),4750000,,5329000,,,,,
48926126,삼성전자 갤럭시북4 울트라 NT960XGL-XD94G (SSD 2TB + SSD 2TB),8013000,,8013000,,,,,
31424942,삼성전자 갤럭시북4 울트라 NT960XGL-XD94G (SSD 2TB),6039800,,6039810,,,,,
48926129,삼성전자 갤럭시북4 울트라 NT960XGL-XD94G (SSD 4TB + SSD 2TB),8204000,,8204000,,,,,
48926093,삼성전자 갤럭시북4 울트라 NT960XGL-XD94G (SSD 4TB),6590000,,6590000,,,,,
36204392,삼성전자 갤럭시북4 울트라 NT960XGP-G72A (SSD 1TB),4000000,,3800000,,,,,
36204398,삼성전자 갤럭시북4 울트라 NT960XGP-G72A (SSD 2TB),4590000,,4000000,,,,,
36307670,삼성전자 갤럭시북4 울트라 NT960XGP-G72A (SSD 4TB),4815570,,4800000,,,,,
52153607,삼성전자 갤럭시북4 울트라 NT960XGP-G72A (SSD 512GB + SSD 512GB),6240000,,6240000,,,,,
31461908,삼성전자 갤럭시북4 울트라 NT960XGP-G72A (SSD 512GB),3590000,,3590000,,,,,
32001521,삼성전자 갤럭시북4 프로 NT940XGK-KC51G (SSD 1TB),2212550,,2212550,,,,,
32001536,삼성전자 갤럭시북4 프로 NT940XGK-KC51G (SSD 2TB),2307550,,2307550,,,,,
32035793,삼성전자 갤럭시북4 프로 NT940XGK-KC51G (SSD 4TB),2617990,,2617990,,,,,
31339487,삼성전자 갤럭시북4 프로 NT940XGK-KC51G (SSD 512GB),1999990,,1999990,,,,,
32001554,삼성전자 갤럭시북4 프로 NT940XGK-KC51S (SSD 1TB),2241050,,2241050,,,,,
32001566,삼성전자 갤럭시북4 프로 NT940XGK-KC51S (SSD 2TB),2402550,,2402550,,,,,
32035295,삼성전자 갤럭시북4 프로 NT940XGK-KC51S (SSD 4TB),2687250,,2687350,,,,,
31984985,삼성전자 갤럭시북4 프로 NT940XGK-KC51S (SSD 512GB),2089050,,2089050,,,,,
40022807,삼성전자 갤럭시북4 프로 NT940XGK-KH51G (SSD 1TB),1990000,,1990000,,,,,
41196965,삼성전자 갤럭시북4 프로 NT940XGK-KH51G (SSD 2TB),1999990,,1999990,,,,,
45011426,삼성전자 갤럭시북4 프로 NT940XGK-KH51G (SSD 4TB),2576000,,2576000,,,,,
31647344,삼성전자 갤럭시북4 프로 NT940XGK-KH51G (SSD 512GB),1990000,,1990000,,,,,
33413102,삼성전자 갤럭시북4 프로 NT940XGQ-A51A (SSD 1TB),1796950,,1796960,,,,,
31347431,삼성전자 갤럭시북4 프로 NT940XGQ-A51A (SSD 256GB),1580000,,1580000,,,,,
33413153,삼성전자 갤럭시북4 프로 NT940XGQ-A51A (SSD 2TB),1898000,,1898000,,,,,
45313523,삼성전자 갤럭시북4 프로 NT940XGQ-A51A (SSD 4TB),2289000,,2289000,,,,,
33413060,삼성전자 갤럭시북4 프로 NT940XGQ-A51A (SSD 512GB),1696950,,1696960,,,,,
45313214,삼성전자 갤럭시북4 프로 NT940XGQ-A51A WIN11 (SSD 1TB),1896950,,1896960,,,,,
45313130,삼성전자 갤럭시북4 프로 NT940XGQ-A51A WIN11 (SSD 256GB),1694950,,1694960,,,,,
45313238,삼성전자 갤럭시북4 프로 NT940XGQ-A51A WIN11 (SSD 2TB),1996950,,1996960,,,,,
45313250,삼성전자 갤럭시북4 프로 NT940XGQ-A51A WIN11 (SSD 4TB),2536990,,2536990,,,,,
45313133,삼성전자 갤럭시북4 프로 NT940XGQ-A51A WIN11 (SSD 512GB),1794950,,1794960,,,,,
31962650,삼성전자 갤럭시북4 프로 NT960XGK-K71A (SSD 1TB),2798110,,2798210,,,,,
45998462,삼성전자 갤럭시북4 프로 NT960XGK-K71A (SSD 2TB),2904700,,2904710,,,,,
49583231,삼성전자 갤럭시북4 프로 NT960XGK-K71A (SSD 4TB),3134310,,3134510,,,,,
31465046,삼성전자 갤럭시북4 프로 NT960XGK-K71A (SSD 512GB),2579000,,2579000,,,,,
45998621,삼성전자 갤럭시북4 프로 NT960XGK-K71AR (SSD 1TB + SSD 1TB),2857470,,2857470,,,,,
31475570,삼성전자 갤럭시북4 프로 NT960XGK-K71AR (SSD 1TB),2913990,,2913990,,,,,
45998567,삼성전자 갤럭시북4 프로 NT960XGK-K71AR (SSD 2TB),2670170,,2670170,,,,,
45998660,삼성전자 갤럭시북4 프로 NT960XGK-K71AR (SSD 4TB + SSD 1TB),4444000,,4444000,,,,,
45998585,삼성전자 갤럭시북4 프로 NT960XGK-K71AR (SSD 4TB),3499990,,3499990,,,,,
36200354,삼성전자 갤럭시북4 프로 NT960XGK-KC51G (SSD 1TB + SSD 1TB),3074000,,3074000,,,,,
32000675,삼성전자 갤럭시북4 프로 NT960XGK-KC51G (SSD 1TB),2544340,,2544540,,,,,
32000693,삼성전자 갤럭시북4 프로 NT960XGK-KC51G (SSD 2TB),2585990,,2585990,,,,,
32061392,삼성전자 갤럭시북4 프로 NT960XGK-KC51G (SSD 4TB),2893230,,2893330,,,,,
32061353,삼성전자 갤럭시북4 프로 NT960XGK-KC51G (SSD 512GB + SSD 512GB),2686080,,2686080,,,,,
31982579,삼성전자 갤럭시북4 프로 NT960XGK-KC51G (SSD 512GB),2516130,,2516330,,,,,
32000738,삼성전자 갤럭시북4 프로 NT960XGK-KC51S (SSD 1TB),2571150,,2571350,,,,,
32000759,삼성전자 갤럭시북4 프로 NT960XGK-KC51S (SSD 2TB),2639980,,2639980,,,,,
32061449,삼성전자 갤럭시북4 프로 NT960XGK-KC51S (SSD 4TB),2897000,,2897000,,,,,
31982765,삼성전자 갤럭시북4 프로 NT960XGK-KC51S (SSD 512GB),2026640,,2026640,,,,,
32035745,삼성전자 갤럭시북4 프로 NT960XGQ-A51A (SSD 1TB),2414990,,2414990,,,,,
31360310,삼성전자 갤럭시북4 프로 NT960XGQ-A51A (SSD 256GB),1999990,,1999990,,,,,
32035748,삼성전자 갤럭시북4 프로 NT960XGQ-A51A (SSD 2TB),2649130,,2649130,,,,,
45313796,삼성전자 갤럭시북4 프로 NT960XGQ-A51A (SSD 4TB),2750000,,2848420,,,,,
32035736,삼성전자 갤럭시북4 프로 NT960XGQ-A51A (SSD 512GB),2050000,,2501130,,,,,
35233964,삼성전자 갤럭시북4 프로 NT960XGQ-A51A WIN11 (SSD 1TB),2150000,,2528090,,,,,
35233949,삼성전자 갤럭시북4 프로 NT960XGQ-A51A WIN11 (SSD 256GB),2323300,,2323300,,,,,
35233970,삼성전자 갤럭시북4 프로 NT960XGQ-A51A WIN11 (SSD 2TB),2350000,,2630350,,,,,
42940769,삼성전자 갤럭시북4 프로 NT960XGQ-A51A WIN11 (SSD 4TB),2790000,,2858350,,,,,
35233952,삼성전자 갤럭시북4 프로 NT960XGQ-A51A WIN11 (SSD 512GB),2100000,,2399000,,,,,
35233850,삼성전자 갤럭시북4 프로 NT960XGQ-A52A (SSD 1TB),2790000,,2790000,,,,,
31461644,삼성전자 갤럭시북4 프로 NT960XGQ-A52A (SSD 256GB),2590000,,2590000,,,,,
35233877,삼성전자 갤럭시북4 프로 NT960XGQ-A52A (SSD 2TB),2990000,,2990000,,,,,
49740332,삼성전자 갤럭시북4 프로 NT960XGQ-A52A (SSD 4TB),3295150,,3295350,,,,,
54325469,삼성전자 갤럭시북4 프로 NT960XGQ-A52A (SSD 512GB),2670000,,2670000,,,,,
32061518,삼성전자 갤럭시북4 프로360 NT960QGK-K71A (SSD 1TB),2349000,,2349000,,,,,
32061521,삼성전자 갤럭시북4 프로360 NT960QGK-K71A (SSD 2TB),2499000,,2499000,,,,,
53418965,삼성전자 갤럭시북4 프로360 NT960QGK-K71A (SSD 4TB),2798000,,2798000,,,,,
31359119,삼성전자 갤럭시북4 프로360 NT960QGK-K71A (SSD 512GB),2430000,,2430000,,,,,
31643555,삼성전자 갤럭시북4 프로360 NT960QGK-K71AR (SSD 1TB),2899000,,3001850,,,,,
32061587,삼성전자 갤럭시북4 프로360 NT960QGK-K71AR (SSD 2TB),3199000,,3798990,,,,,
43524002,삼성전자 갤럭시북4 프로360 NT960QGK-K71AR (SSD 4TB),3799990,,3799990,,,,,
31986365,삼성전자 갤럭시북4 프로360 NT960QGK-KC51S (SSD 1TB),2590000,,2590000,,,,,
31986386,삼성전자 갤럭시북4 프로360 NT960QGK-KC51S (SSD 2TB),2890000,,2890000,,,,,
31986398,삼성전자 갤럭시북4 프로360 NT960QGK-KC51S (SSD 4TB),3417130,,3417130,,,,,
31983245,삼성전자 갤럭시북4 프로360 NT960QGK-KC51S (SSD 512GB),2390000,,2390000,,,,,
31996958,삼성전자 갤럭시북4 프로360 NT960QGK-KC71G (SSD 1TB),2490000,,2490000,,,,,
31996970,삼성전자 갤럭시북4 프로360 NT960QGK-KC71G (SSD 2TB),2590000,,2590000,,,,,
31996991,삼성전자 갤럭시북4 프로360 NT960QGK-KC71G (SSD 4TB),3069800,,3069800,,,,,
31983326,삼성전자 갤럭시북4 프로360 NT960QGK-KC71G (SSD 512GB),2390000,,2390000,,,,,
105184226,삼성전자 갤럭시북5 NT750XHD U5 (SSD 1TB),2060940,,2061130,,,,,
105184229,삼성전자 갤럭시북5 NT750XHD U5 (SSD 2TB),2258120,,2194610,,,,,
105184220,삼성전자 갤럭시북5 NT750XHD U5 (SSD 512GB),1767150,,1767190,,,,,
105184337,삼성전자 갤럭시북5 NT750XHD U7 255U (SSD 1TB),2245760,,2245760,,,,,
105184340,삼성전자 갤럭시북5 NT750XHD U7 255U (SSD 2TB),2441060,,2441060,,,,,
105184334,삼성전자 갤럭시북5 NT750XHD U7 255U (SSD 512GB),2069060,,2069060,,,,,
93917102,삼성전자 갤럭시북5 NT750XHD-KC51G (SSD 1TB),1797000,,1797000,,,,,
93917111,삼성전자 갤럭시북5 NT750XHD-KC51G (SSD 2TB),1897000,,1897000,,,,,
95285507,삼성전자 갤럭시북5 NT750XHD-KC51G (SSD 4TB),2580000,,2580000,,,,,
93632033,삼성전자 갤럭시북5 NT750XHD-KC51G (SSD 512GB),1619000,,1619000,,,,,
93917126,삼성전자 갤럭시북5 NT750XHD-KC51S (SSD 1TB),1948990,,1948990,,,,,
93917135,삼성전자 갤럭시북5 NT750XHD-KC51S (SSD 2TB),1860000,,1860000,,,,,
95285540,삼성전자 갤럭시북5 NT750XHD-KC51S (SSD 4TB),2311000,,2311000,,,,,
93632051,삼성전자 갤럭시북5 NT750XHD-KC51S (SSD 512GB),1632000,,1632000,,,,,
94025423,삼성전자 갤럭시북5 NT750XHD-KC58G (SSD 1TB),1669990,,1669990,,,,,
93631937,삼성전자 갤럭시북5 NT750XHD-KC58G (SSD 256GB),1379990,,1379990,,,,,
94025429,삼성전자 갤럭시북5 NT750XHD-KC58G (SSD 2TB),1812000,,1812000,,,,,
95285564,삼성전자 갤럭시북5 NT750XHD-KC58G (SSD 4TB),2480000,,2480000,,,,,
94025417,삼성전자 갤럭시북5 NT750XHD-KC58G (SSD 512GB),1500990,,1500990,,,,,
94025462,삼성전자 갤럭시북5 NT750XHD-KC58S (SSD 1TB),1662990,,1662990,,,,,
93632003,삼성전자 갤럭시북5 NT750XHD-KC58S (SSD 256GB),1379990,,1379990,,,,,
94025465,삼성전자 갤럭시북5 NT750XHD-KC58S (SSD 2TB),1812000,,1812000,,,,,
96368675,삼성전자 갤럭시북5 NT750XHD-KC58S (SSD 4TB),2480000,,2480000,,,,,
94025450,삼성전자 갤럭시북5 NT750XHD-KC58S (SSD 512GB),1527990,,1527990,,,,,
96368774,삼성전자 갤럭시북5 NT750XHD-KD72G (SSD 1TB),2416870,,2417070,,,,,
96368780,삼성전자 갤럭시북5 NT750XHD-KD72G (SSD 2TB),2566910,,2567110,,,,,
96368798,삼성전자 갤럭시북5 NT750XHD-KD72G (SSD 4TB),3360000,,3360000,,,,,
95424050,삼성전자 갤럭시북5 NT750XHD-KD72G (SSD 512GB),2473230,,2399000,,,,,
122683463,삼성전자 갤럭시북5 NT750XHD-KP70G (SSD 1TB),2576000,,2576000,,,,,
122683467,삼성전자 갤럭시북5 NT750XHD-KP70G (SSD 2TB),2776000,,2776000,,,,,
122683460,삼성전자 갤럭시북5 NT750XHD-KP70G (SSD 512GB),2471000,,2471000,,,,,
102128072,삼성전자 갤럭시북5 NT750XHW-A51A (SSD 1TB),1647700,,1647870,,,,,
101624315,삼성전자 갤럭시북5 NT750XHW-A51A (SSD 256GB),1397900,,1397900,,,,,
103483229,삼성전자 갤럭시북5 NT750XHW-A51A (SSD 2TB),1697000,,1697000,,,,,
102128069,삼성전자 갤럭시북5 NT750XHW-A51A (SSD 512GB),1528990,,1528990,,,,,
103129358,삼성전자 갤럭시북5 NT750XHW-A51A WIN11 (SSD 1TB),1783340,,1783470,,,,,
103129349,삼성전자 갤럭시북5 NT750XHW-A51A WIN11 (SSD 256GB),1428000,,1428000,,,,,
103129361,삼성전자 갤럭시북5 NT750XHW-A51A WIN11 (SSD 2TB),1893890,,1893890,,,,,
103129367,삼성전자 갤럭시북5 NT750XHW-A51A WIN11 (SSD 4TB),2308880,,2308880,,,,,
103129352,삼성전자 갤럭시북5 NT750XHW-A51A WIN11 (SSD 512GB),1596890,,1596890,,,,,
108355991,삼성전자 갤럭시북5 NT750XHW-A58A (SSD 1TB),1338990,,1338990,,,,,
101624249,삼성전자 갤럭시북5 NT750XHW-A58A (SSD 256GB),1214890,,1214950,,,,,
108355994,삼성전자 갤럭시북5 NT750XHW-A58A (SSD 2TB),1489000,,1489000,,,,,
108355985,삼성전자 갤럭시북5 NT750XHW-A58A (SSD 512GB),1239000,,1239000,,,,,
102620777,삼성전자 갤럭시북5 NT750XHW-A58A WIN11 (SSD 1TB),1525000,,1525000,,,,,
102620771,삼성전자 갤럭시북5 NT750XHW-A58A WIN11 (SSD 256GB),1272670,,1272670,,,,,
102620783,삼성전자 갤럭시북5 NT750XHW-A58A WIN11 (SSD 2TB),1697000,,1697000,,,,,
102620786,삼성전자 갤럭시북5 NT750XHW-A58A WIN11 (SSD 4TB),2250000,,2250000,,,,,
102620774,삼성전자 갤럭시북5 NT750XHW-A58A WIN11 (SSD 512GB),1425000,,1425000,,,,,
106701722,삼성전자 갤럭시북5 NT750XHW-A71A (SSD 1TB),1798000,,1799000,,,,,
101624393,삼성전자 갤럭시북5 NT750XHW-A71A (SSD 256GB),1599000,,1599000,,,,,
106701725,삼성전자 갤럭시북5 NT750XHW-A71A (SSD 2TB),1968000,,1969000,,,,,
106701716,삼성전자 갤럭시북5 NT750XHW-A71A (SSD 512GB),1698000,,1699000,,,,,
102620801,삼성전자 갤럭시북5 NT750XHW-A71A WIN11 (SSD 1TB),1918900,,1918990,,,,,
102620795,삼성전자 갤럭시북5 NT750XHW-A71A WIN11 (SSD 256GB),1650000,,1650000,,,,,
102620813,삼성전자 갤럭시북5 NT750XHW-A71A WIN11 (SSD 2TB),2021000,,2021000,,,,,
102620816,삼성전자 갤럭시북5 NT750XHW-A71A WIN11 (SSD 4TB),2789900,,2789990,,,,,
102620798,삼성전자 갤럭시북5 NT750XHW-A71A WIN11 (SSD 512GB),1817800,,1817990,,,,,
74414873,삼성전자 갤럭시북5 프로 NT940XHA-K51A (SSD 1TB),2386030,,2386360,,,,,
73614713,삼성전자 갤럭시북5 프로 NT940XHA-K51A (SSD 256GB),2070000,,2060000,,,,,
74414876,삼성전자 갤럭시북5 프로 NT940XHA-K51A (SSD 2TB),2547380,,2547510,,,,,
78983708,삼성전자 갤럭시북5 프로 NT940XHA-K51A (SSD 4TB),2979990,,2979990,,,,,
74414870,삼성전자 갤럭시북5 프로 NT940XHA-K51A (SSD 512GB),2257030,,2212110,,,,,
74481074,삼성전자 갤럭시북5 프로 NT940XHA-K71AR (SSD 1TB),3193900,,3193990,,,,,
74481077,삼성전자 갤럭시북5 프로 NT940XHA-K71AR (SSD 2TB),3438900,,3438990,,,,,
78847853,삼성전자 갤럭시북5 프로 NT940XHA-K71AR (SSD 4TB),4149900,,4149990,,,,,
72475073,삼성전자 갤럭시북5 프로 NT940XHA-K71AR (SSD 512GB),2999800,,2999990,,,,,
78176978,삼성전자 갤럭시북5 프로 NT940XHA-KC51G (Microsoft 365 패키지),2072640,,2072640,,,,,
73760483,삼성전자 갤럭시북5 프로 NT940XHA-KC51G (SSD 1TB),2447830,,2448030,,,,,
73760486,삼성전자 갤럭시북5 프로 NT940XHA-KC51G (SSD 2TB),2651610,,2651810,,,,,
77704310,삼성전자 갤럭시북5 프로 NT940XHA-KC51G (SSD 4TB),3690000,,3690000,,,,,
72474794,삼성전자 갤럭시북5 프로 NT940XHA-KC51G (SSD 512GB),2316450,,2316650,,,,,
74121263,삼성전자 갤럭시북5 프로 NT940XHA-KC51G (오피스 패키지),2312800,,2312790,,,,,
78177584,삼성전자 갤럭시북5 프로 NT940XHA-KC51S (Microsoft 365 패키지),2698990,,2698990,,,,,
73760489,삼성전자 갤럭시북5 프로 NT940XHA-KC51S (SSD 1TB),2447830,,2448030,,,,,
73760492,삼성전자 갤럭시북5 프로 NT940XHA-KC51S (SSD 2TB),2637510,,2637710,,,,,
78848114,삼성전자 갤럭시북5 프로 NT940XHA-KC51S (SSD 4TB),3690000,,3690000,,,,,
72474827,삼성전자 갤럭시북5 프로 NT940XHA-KC51S (SSD 512GB),2320000,,2320000,,,,,
74121554,삼성전자 갤럭시북5 프로 NT940XHA-KC51S (오피스 패키지),3590000,,3590000,,,,,
78176696,삼성전자 갤럭시북5 프로 NT940XHA-KC71S (Microsoft 365 패키지),2476400,,2476400,,,,,
73760477,삼성전자 갤럭시북5 프로 NT940XHA-KC71S (SSD 1TB),2599000,,2599000,,,,,
73760480,삼성전자 갤럭시북5 프로 NT940XHA-KC71S (SSD 2TB),2699000,,2699000,,,,,
78848141,삼성전자 갤럭시북5 프로 NT940XHA-KC71S (SSD 4TB),3925180,,3925180,,,,,
72475067,삼성전자 갤럭시북5 프로 NT940XHA-KC71S (SSD 512GB),2348000,,2348000,,,,,
74121719,삼성전자 갤럭시북5 프로 NT940XHA-KC71S (오피스 패키지),3380000,,3380000,,,,,
78176609,삼성전자 갤럭시북5 프로 NT940XHA-KD72G (Microsoft 365 패키지),3066270,,3063160,,,,,
72474878,삼성전자 갤럭시북5 프로 NT940XHA-KD72G (SSD 1TB),3099000,,3099000,,,,,
73884182,삼성전자 갤럭시북5 프로 NT940XHA-KD72G (SSD 2TB),3299000,,3299000,,,,,
82511627,삼성전자 갤럭시북5 프로 NT940XHA-KD72G (SSD 4TB),3995000,,3995000,,,,,
74121605,삼성전자 갤럭시북5 프로 NT940XHA-KD72G (오피스 패키지),3678000,,3678000,,,,,
78175379,삼성전자 갤럭시북5 프로 NT940XHA-KD72S (Microsoft 365 패키지),3798990,,3798990,,,,,
72474893,삼성전자 갤럭시북5 프로 NT940XHA-KD72S (SSD 1TB),3099000,,3099000,,,,,
73884215,삼성전자 갤럭시북5 프로 NT940XHA-KD72S (SSD 2TB),3299000,,3299000,,,,,
76869671,삼성전자 갤럭시북5 프로 NT940XHA-KD72S (SSD 4TB),3775000,,3775000,,,,,
74121407,삼성전자 갤럭시북5 프로 NT940XHA-KD72S (오피스 패키지),3601000,,3601000,,,,,
74004587,삼성전자 갤럭시북5 프로 NT940XHA-KH51G (SSD 1TB),2501510,,2501510,,,,,
74004590,삼성전자 갤럭시북5 프로 NT940XHA-KH51G (SSD 2TB),2687010,,2687210,,,,,
78307829,삼성전자 갤럭시북5 프로 NT940XHA-KH51G (SSD 4TB),3390000,,3390000,,,,,
72474848,삼성전자 갤럭시북5 프로 NT940XHA-KH51G (SSD 512GB),2188000,,2188000,,,,,
103483511,삼성전자 갤럭시북5 프로 NT940XHZ-A51A (SSD 1TB),2145990,,2145990,,,,,
101013017,삼성전자 갤럭시북5 프로 NT940XHZ-A51A (SSD 256GB),2097990,,2097990,,,,,
103483514,삼성전자 갤럭시북5 프로 NT940XHZ-A51A (SSD 2TB),2248980,,2248980,,,,,
103483508,삼성전자 갤럭시북5 프로 NT940XHZ-A51A (SSD 512GB),2197080,,2197080,,,,,
102124367,삼성전자 갤럭시북5 프로 NT940XHZ-A51A WIN11 (SSD 1TB),2246990,,2246990,,,,,
102124361,삼성전자 갤럭시북5 프로 NT940XHZ-A51A WIN11 (SSD 256GB),2046990,,2046990,,,,,
102124370,삼성전자 갤럭시북5 프로 NT940XHZ-A51A WIN11 (SSD 2TB),2598990,,2598990,,,,,
102124373,삼성전자 갤럭시북5 프로 NT940XHZ-A51A WIN11 (SSD 4TB),3298990,,3298990,,,,,
102124364,삼성전자 갤럭시북5 프로 NT940XHZ-A51A WIN11 (SSD 512GB),2146990,,2146990,,,,,
104302409,삼성전자 갤럭시북5 프로 NT940XHZ-A72A (SSD 1TB),3240000,,,,,,,
102007124,삼성전자 갤럭시북5 프로 NT940XHZ-A72A (SSD 256GB),2990000,,,,,,,
104302415,삼성전자 갤럭시북5 프로 NT940XHZ-A72A (SSD 2TB),3490000,,,,,,,
104302406,삼성전자 갤럭시북5 프로 NT940XHZ-A72A (SSD 512GB),3090000,,,,,,,
104320742,삼성전자 갤럭시북5 프로 NT940XHZ-A72A WIN11 (SSD 1TB),3129000,,3129000,,,,,
103882874,삼성전자 갤럭시북5 프로 NT940XHZ-A72A WIN11 (SSD 256GB),3090000,,3090000,,,,,
104320745,삼성전자 갤럭시북5 프로 NT940XHZ-A72A WIN11 (SSD 2TB),3369000,,3369000,,,,,
104320751,삼성전자 갤럭시북5 프로 NT940XHZ-A72A WIN11 (SSD 4TB),3928010,,3928010,,,,,
104320739,삼성전자 갤럭시북5 프로 NT940XHZ-A72A WIN11 (SSD 512GB),2959000,,2959000,,,,,
74248472,삼성전자 갤럭시북5 프로 NT960XHA-K51A (SSD 1TB),2641000,,2641000,,,,,
73691960,삼성전자 갤럭시북5 프로 NT960XHA-K51A (SSD 256GB),2290000,,2290000,,,,,
74248475,삼성전자 갤럭시북5 프로 NT960XHA-K51A (SSD 2TB),2837000,,2837000,,,,,
78847868,삼성전자 갤럭시북5 프로 NT960XHA-K51A (SSD 4TB),3071990,,3071990,,,,,
74248466,삼성전자 갤럭시북5 프로 NT960XHA-K51A (SSD 512GB),2546000,,2546000,,,,,
74248589,삼성전자 갤럭시북5 프로 NT960XHA-K52A (SSD 1TB),2889990,,2889990,,,,,
73691981,삼성전자 갤럭시북5 프로 NT960XHA-K52A (SSD 256GB),2690000,,2550000,,,,,
74051783,삼성전자 갤럭시북5 프로 NT960XHA-K52A (SSD 2TB),2989990,,2989990,,,,,
78847799,삼성전자 갤럭시북5 프로 NT960XHA-K52A (SSD 4TB),3499000,,3499000,,,,,
74051768,삼성전자 갤럭시북5 프로 NT960XHA-K52A (SSD 512GB),2789990,,2789990,,,,,
74414897,삼성전자 갤럭시북5 프로 NT960XHA-K71A (SSD 1TB),2890000,,2890000,,,,,
74414900,삼성전자 갤럭시북5 프로 NT960XHA-K71A (SSD 2TB),2999000,,2999000,,,,,
82473920,삼성전자 갤럭시북5 프로 NT960XHA-K71A (SSD 4TB),3338890,,3338890,,,,,
72473852,삼성전자 갤럭시북5 프로 NT960XHA-K71A (SSD 512GB),2590000,,2590000,,,,,
72473858,삼성전자 갤럭시북5 프로 NT960XHA-K71AR (SSD 1TB),3200000,,3200000,,,,,
74341118,삼성전자 갤럭시북5 프로 NT960XHA-K71AR (SSD 2TB),3356000,,3356000,,,,,
81716345,삼성전자 갤럭시북5 프로 NT960XHA-K71AR (SSD 4TB),3694000,,3694000,,,,,
73760459,삼성전자 갤럭시북5 프로 NT960XHA-KC51G (SSD 1TB),2616950,,2617150,,,,,
73760462,삼성전자 갤럭시북5 프로 NT960XHA-KC51G (SSD 2TB),2794750,,2794950,,,,,
77785673,삼성전자 갤럭시북5 프로 NT960XHA-KC51G (SSD 4TB),3789320,,3690000,,,,,
72473570,삼성전자 갤럭시북5 프로 NT960XHA-KC51G (SSD 512GB),2537820,,2337300,,,,,
73760465,삼성전자 갤럭시북5 프로 NT960XHA-KC51S (SSD 1TB),2618960,,2627060,,,,,
73760468,삼성전자 갤럭시북5 프로 NT960XHA-KC51S (SSD 2TB),2786850,,2787050,,,,,
78307286,삼성전자 갤럭시북5 프로 NT960XHA-KC51S (SSD 4TB),3490000,,3490000,,,,,
72473588,삼성전자 갤럭시북5 프로 NT960XHA-KC51S (SSD 512GB),2490000,,2490000,,,,,
73759373,삼성전자 갤럭시북5 프로 NT960XHA-KC71G (SSD 1TB),2807230,,2807430,,,,,
73759376,삼성전자 갤럭시북5 프로 NT960XHA-KC71G (SSD 2TB),2986030,,2986230,,,,,
78981869,삼성전자 갤럭시북5 프로 NT960XHA-KC71G (SSD 4TB),3351990,,3351990,,,,,
72473768,삼성전자 갤럭시북5 프로 NT960XHA-KC71G (SSD 512GB),2695460,,2695700,,,,,
73760453,삼성전자 갤럭시북5 프로 NT960XHA-KC71S (SSD 1TB),2878990,,2878990,,,,,
73760456,삼성전자 갤럭시북5 프로 NT960XHA-KC71S (SSD 2TB),2999000,,2999000,,,,,
78528509,삼성전자 갤럭시북5 프로 NT960XHA-KC71S (SSD 4TB),4047330,,4047330,,,,,
72473774,삼성전자 갤럭시북5 프로 NT960XHA-KC71S (SSD 512GB),2641410,,2641610,,,,,
78174461,삼성전자 갤럭시북5 프로 NT960XHA-KD72G (Microsoft 365 패키지),4198990,,4198990,,,,,
72473807,삼성전자 갤럭시북5 프로 NT960XHA-KD72G (SSD 1TB),3165000,,3165000,,,,,
73764068,삼성전자 갤럭시북5 프로 NT960XHA-KD72G (SSD 2TB),3264000,,3264000,,,,,
78982043,삼성전자 갤럭시북5 프로 NT960XHA-KD72G (SSD 4TB),3601990,,3601990,,,,,
74122832,삼성전자 갤럭시북5 프로 NT960XHA-KD72G (오피스 패키지),3999000,,3999000,,,,,
90886970,삼성전자 갤럭시북5 프로 NT960XHA-KD72R (SSD 2TB),3350000,,3350000,,,,,
92762744,삼성전자 갤럭시북5 프로 NT960XHA-KD72R (SSD 4TB),4138310,,4138310,,,,,
78175490,삼성전자 갤럭시북5 프로 NT960XHA-KP72G (Microsoft 365 패키지),2180000,,2180000,,,,,
73763762,삼성전자 갤럭시북5 프로 NT960XHA-KP72G (SSD 1TB),3198000,,3198000,,,,,
73763771,삼성전자 갤럭시북5 프로 NT960XHA-KP72G (SSD 2TB),3298000,,3298000,,,,,
77081360,삼성전자 갤럭시북5 프로 NT960XHA-KP72G (SSD 4TB),3710000,,3710000,,,,,
73763705,삼성전자 갤럭시북5 프로 NT960XHA-KP72G (SSD 512GB),3080810,,3081010,,,,,
74122868,삼성전자 갤럭시북5 프로 NT960XHA-KP72G (오피스 패키지),3298000,,3298000,,,,,
102007652,삼성전자 갤럭시북5 프로 NT960XHZ-A52A (SSD 1TB),2898000,,2898000,,,,,
102007319,삼성전자 갤럭시북5 프로 NT960XHZ-A52A (SSD 256GB),2650000,,2650000,,,,,
102007664,삼성전자 갤럭시북5 프로 NT960XHZ-A52A (SSD 2TB),2640000,,2640000,,,,,
102007628,삼성전자 갤럭시북5 프로 NT960XHZ-A52A (SSD 512GB),2797000,,2797000,,,,,
102007697,삼성전자 갤럭시북5 프로 NT960XHZ-A52A WIN11 (SSD 1TB),2900000,,2900000,,,,,
102007694,삼성전자 갤럭시북5 프로 NT960XHZ-A52A WIN11 (SSD 256GB),2600000,,2600000,,,,,
102007700,삼성전자 갤럭시북5 프로 NT960XHZ-A52A WIN11 (SSD 2TB),3052000,,3052000,,,,,
103882865,삼성전자 갤럭시북5 프로 NT960XHZ-A52A WIN11 (SSD 4TB),3474000,,3474000,,,,,
102007676,삼성전자 갤럭시북5 프로 NT960XHZ-A52A WIN11 (SSD 512GB),2700000,,2700000,,,,,
103601432,삼성전자 갤럭시북5 프로 NT960XHZ-A72A (SSD 1TB),3089990,,3089990,,,,,
102001688,삼성전자 갤럭시북5 프로 NT960XHZ-A72A (SSD 256GB),2998980,,2998980,,,,,
103601438,삼성전자 갤럭시북5 프로 NT960XHZ-A72A (SSD 2TB),3159990,,3159990,,,,,
103601444,삼성전자 갤럭시북5 프로 NT960XHZ-A72A (SSD 4TB),3899990,,3899990,,,,,
103601417,삼성전자 갤럭시북5 프로 NT960XHZ-A72A (SSD 512GB),2939990,,2939990,,,,,
102758327,삼성전자 갤럭시북5 프로 NT960XHZ-A72A (윈도우11 패키지),2780000,,2780000,,,,,
103601474,삼성전자 갤럭시북5 프로 NT960XHZ-A72A WIN11 (SSD 1TB),3289980,,3289980,,,,,
103601462,삼성전자 갤럭시북5 프로 NT960XHZ-A72A WIN11 (SSD 256GB),2978990,,2978990,,,,,
103601477,삼성전자 갤럭시북5 프로 NT960XHZ-A72A WIN11 (SSD 2TB),3349990,,3349990,,,,,
103601480,삼성전자 갤럭시북5 프로 NT960XHZ-A72A WIN11 (SSD 4TB),3669990,,3669990,,,,,
103601468,삼성전자 갤럭시북5 프로 NT960XHZ-A72A WIN11 (SSD 512GB),3138990,,3138990,,,,,
105181637,삼성전자 갤럭시북5 프로 NT960XHZ-AD52G (SSD 1TB),2686990,,2686990,,,,,
105181643,삼성전자 갤럭시북5 프로 NT960XHZ-AD52G (SSD 2TB),2783000,,2783000,,,,,
105181457,삼성전자 갤럭시북5 프로 NT960XHZ-AD52G (SSD 512GB),2450000,,2450000,,,,,
105181667,삼성전자 갤럭시북5 프로 NT960XHZ-AD52G WIN11 (SSD 1TB),2749990,,2749990,,,,,
105181673,삼성전자 갤럭시북5 프로 NT960XHZ-AD52G WIN11 (SSD 2TB),2899000,,2899000,,,,,
105181655,삼성전자 갤럭시북5 프로 NT960XHZ-AD52G WIN11 (SSD 512GB),2550000,,2549990,,,,,
74887934,삼성전자 갤럭시북5 프로360 NT960QHA-K51A (SSD 1TB),2796180,,2796380,,,,,
74887937,삼성전자 갤럭시북5 프로360 NT960QHA-K51A (SSD 2TB),2967580,,2967910,,,,,
90434573,삼성전자 갤럭시북5 프로360 NT960QHA-K51A (SSD 4TB),3499000,,3799000,,,,,
73614545,삼성전자 갤럭시북5 프로360 NT960QHA-K51A (SSD 512GB),2690000,,2690000,,,,,
74008265,삼성전자 갤럭시북5 프로360 NT960QHA-K71A (SSD 1TB),2999000,,3140000,,,,,
74008268,삼성전자 갤럭시북5 프로360 NT960QHA-K71A (SSD 2TB),3298000,,3298000,,,,,
78847997,삼성전자 갤럭시북5 프로360 NT960QHA-K71A (SSD 4TB),3338990,,3338990,,,,,
73692149,삼성전자 갤럭시북5 프로360 NT960QHA-K71A (SSD 512GB),2750000,,2750000,,,,,
72979502,삼성전자 갤럭시북5 프로360 NT960QHA-K71AR (SSD 1TB),3440000,,3390000,,,,,
73884785,삼성전자 갤럭시북5 프로360 NT960QHA-K71AR (SSD 2TB),3747660,,3747710,,,,,
78847958,삼성전자 갤럭시북5 프로360 NT960QHA-K71AR (SSD 4TB),4287000,,4287000,,,,,
75464096,삼성전자 갤럭시북5 프로360 NT960QHA-KA51S (SSD 1TB),2952220,,2952220,,,,,
75464114,삼성전자 갤럭시북5 프로360 NT960QHA-KA51S (SSD 2TB),2890000,,2890000,,,,,
70156196,삼성전자 갤럭시북5 프로360 NT960QHA-KA51S (SSD 512GB),2590000,,2590000,,,,,
70672346,삼성전자 갤럭시북5 프로360 NT960QHA-KA72G (SSD 1TB),3450110,,3450110,,,,,
73885754,삼성전자 갤럭시북5 프로360 NT960QHA-KA72G (SSD 2TB),3710510,,3710510,,,,,
79253204,삼성전자 갤럭시북5 프로360 NT960QHA-KA72G (SSD 4TB),4298310,,4298510,,,,,
70672361,삼성전자 갤럭시북5 프로360 NT960QHA-KA72S (SSD 1TB),3695510,,3695710,,,,,
73949492,삼성전자 갤럭시북5 프로360 NT960QHA-KA72S (SSD 2TB),3958990,,3958990,,,,,
79252394,삼성전자 갤럭시북5 프로360 NT960QHA-KA72S (SSD 4TB),4299000,,4259000,,,,,
78176477,삼성전자 갤럭시북5 프로360 NT960QHA-KC51G (Microsoft 365 패키지),3235000,,3235000,,,,,
72003992,삼성전자 갤럭시북5 프로360 NT960QHA-KC51G (SSD 1TB),2848330,,2851780,,,,,
72004676,삼성전자 갤럭시북5 프로360 NT960QHA-KC51G (SSD 2TB),2923950,,2924150,,,,,
78307313,삼성전자 갤럭시북5 프로360 NT960QHA-KC51G (SSD 4TB),4288000,,4288000,,,,,
68686217,삼성전자 갤럭시북5 프로360 NT960QHA-KC51G (SSD 512GB),2754210,,2754410,,,,,
74123483,삼성전자 갤럭시북5 프로360 NT960QHA-KC51G (오피스 패키지),3199000,,3199000,,,,,
78175406,삼성전자 갤럭시북5 프로360 NT960QHA-KC51S (Microsoft 365 패키지),3095900,,3095900,,,,,
72004001,삼성전자 갤럭시북5 프로360 NT960QHA-KC51S (SSD 1TB),2779850,,2908990,,,,,
72004004,삼성전자 갤럭시북5 프로360 NT960QHA-KC51S (SSD 2TB),2957320,,3028990,,,,,
78981830,삼성전자 갤럭시북5 프로360 NT960QHA-KC51S (SSD 4TB),4179990,,4179990,,,,,
68686214,삼성전자 갤럭시북5 프로360 NT960QHA-KC51S (SSD 512GB),2716170,,2788990,,,,,
74123516,삼성전자 갤럭시북5 프로360 NT960QHA-KC51S (오피스 패키지),2662250,,2662240,,,,,
78175364,삼성전자 갤럭시북5 프로360 NT960QHA-KC71G (Microsoft 365 패키지),3090830,,3090830,,,,,
72004703,삼성전자 갤럭시북5 프로360 NT960QHA-KC71G (SSD 1TB),3352220,,3352220,,,,,
72004715,삼성전자 갤럭시북5 프로360 NT960QHA-KC71G (SSD 2TB),3452220,,3452220,,,,,
78847118,삼성전자 갤럭시북5 프로360 NT960QHA-KC71G (SSD 4TB),4458970,,4458970,,,,,
68686190,삼성전자 갤럭시북5 프로360 NT960QHA-KC71G (SSD 512GB),3037990,,3037990,,,,,
74123543,삼성전자 갤럭시북5 프로360 NT960QHA-KC71G (오피스 패키지),3169390,,3169390,,,,,
78176399,삼성전자 갤럭시북5 프로360 NT960QHA-KC71S (Microsoft 365 패키지),3161850,,3161850,,,,,
72004739,삼성전자 갤럭시북5 프로360 NT960QHA-KC71S (SSD 1TB),3184080,,3184280,,,,,
72004748,삼성전자 갤럭시북5 프로360 NT960QHA-KC71S (SSD 2TB),3279080,,3279280,,,,,
77083316,삼성전자 갤럭시북5 프로360 NT960QHA-KC71S (SSD 4TB),4599970,,4599970,,,,,
65430563,삼성전자 갤럭시북5 프로360 NT960QHA-KC71S (SSD 512GB),3042440,,3042640,,,,,
74121647,삼성전자 갤럭시북5 프로360 NT960QHA-KC71S (오피스 패키지),3506000,,3506000,,,,,
78174296,삼성전자 갤럭시북5 프로360 NT960QHA-KD72G (Microsoft 365 패키지),4416000,,4416000,,,,,
70872440,삼성전자 갤럭시북5 프로360 NT960QHA-KD72G (SSD 1TB),3456100,,3456300,,,,,
71972813,삼성전자 갤럭시북5 프로360 NT960QHA-KD72G (SSD 2TB),3786110,,3786310,,,,,
78847817,삼성전자 갤럭시북5 프로360 NT960QHA-KD72G (SSD 4TB),4275000,,4275000,,,,,
74121311,삼성전자 갤럭시북5 프로360 NT960QHA-KD72G (오피스 패키지),4289790,,4289790,,,,,
90886952,삼성전자 갤럭시북5 프로360 NT960QHA-KD72R (SSD 2TB),3898990,,3898990,,,,,
92762729,삼성전자 갤럭시북5 프로360 NT960QHA-KD72R (SSD 4TB),4298860,,3990000,,,,,
78174266,삼성전자 갤럭시북5 프로360 NT960QHA-KD72S (Microsoft 365 패키지),4599990,,4599990,,,,,
70872500,삼성전자 갤럭시북5 프로360 NT960QHA-KD72S (SSD 1TB),3698940,,3698940,,,,,
71972930,삼성전자 갤럭시북5 프로360 NT960QHA-KD72S (SSD 2TB),3995150,,3995350,,,,,
78709412,삼성전자 갤럭시북5 프로360 NT960QHA-KD72S (SSD 4TB),4299000,,4299000,,,,,
74123033,삼성전자 갤럭시북5 프로360 NT960QHA-KD72S (오피스 패키지),4162000,,4162000,,,,,
90579665,삼성전자 갤럭시북5 프로360 NT960QHA-KT72G (SSD 1TB),3526890,,3527090,,,,,
90579668,삼성전자 갤럭시북5 프로360 NT960QHA-KT72G (SSD 2TB),3666890,,3667090,,,,,
103129487,삼성전자 갤럭시북5 프로360 NT960QHA-KT72G (SSD 4TB),4500000,,4299000,,,,,
90579626,삼성전자 갤럭시북5 프로360 NT960QHA-KT72G (SSD 512GB),3380000,,3380000,,,,,
75991994,삼성전자 갤럭시북5 프로H NT965XHW-A51A (SSD 1TB),2593000,,2593000,,,,,
74416256,삼성전자 갤럭시북5 프로H NT965XHW-A51A (SSD 256GB),2390000,,2390000,,,,,
75992006,삼성전자 갤럭시북5 프로H NT965XHW-A51A (SSD 2TB),2798000,,2798000,,,,,
79249757,삼성전자 갤럭시북5 프로H NT965XHW-A51A (SSD 4TB),3000000,,3000000,,,,,
75991988,삼성전자 갤럭시북5 프로H NT965XHW-A51A (SSD 512GB),2448000,,2448000,,,,,
75992042,삼성전자 갤럭시북5 프로H NT965XHW-A51A WIN11 (SSD 1TB),2690000,,2690000,,,,,
75992021,삼성전자 갤럭시북5 프로H NT965XHW-A51A WIN11 (SSD 256GB),2400000,,2400000,,,,,
75992066,삼성전자 갤럭시북5 프로H NT965XHW-A51A WIN11 (SSD 2TB),2890000,,2890000,,,,,
79249760,삼성전자 갤럭시북5 프로H NT965XHW-A51A WIN11 (SSD 4TB),3000000,,3000000,,,,,
75992033,삼성전자 갤럭시북5 프로H NT965XHW-A51A WIN11 (SSD 512GB),2500000,,2500000,,,,,
76073474,삼성전자 갤럭시북5 프로H NT965XHW-A52A (SSD 1TB),2800000,,2800000,,,,,
74416292,삼성전자 갤럭시북5 프로H NT965XHW-A52A (SSD 256GB),2500000,,2500000,,,,,
76073480,삼성전자 갤럭시북5 프로H NT965XHW-A52A (SSD 2TB),3000000,,3000000,,,,,
78847910,삼성전자 갤럭시북5 프로H NT965XHW-A52A (SSD 4TB),3200000,,3200000,,,,,
76073453,삼성전자 갤럭시북5 프로H NT965XHW-A52A (SSD 512GB),2600000,,2600000,,,,,
76073525,삼성전자 갤럭시북5 프로H NT965XHW-A52A WIN11 (SSD 1TB),2999990,,2999990,,,,,
76073495,삼성전자 갤럭시북5 프로H NT965XHW-A52A WIN11 (SSD 256GB),2499990,,2499990,,,,,
76073531,삼성전자 갤럭시북5 프로H NT965XHW-A52A WIN11 (SSD 2TB),2999990,,2999990,,,,,
78847895,삼성전자 갤럭시북5 프로H NT965XHW-A52A WIN11 (SSD 4TB),3750000,,3750000,,,,,
76073513,삼성전자 갤럭시북5 프로H NT965XHW-A52A WIN11 (SSD 512GB),2850000,,2850000,,,,,
75992537,삼성전자 갤럭시북5 프로H NT965XHW-A71AR (SSD 1TB),3029000,,3029000,,,,,
74415890,삼성전자 갤럭시북5 프로H NT965XHW-A71AR (SSD 256GB),2890000,,2890000,,,,,
75992546,삼성전자 갤럭시북5 프로H NT965XHW-A71AR (SSD 2TB),3180000,,3180000,,,,,
86100743,삼성전자 갤럭시북5 프로H NT965XHW-A71AR (SSD 4TB),3850000,,3850000,,,,,
75992528,삼성전자 갤럭시북5 프로H NT965XHW-A71AR (SSD 512GB),2979000,,2979000,,,,,
122630721,삼성전자 갤럭시북6 NT740VJG-KC51G (SSD 1TB),2007610,,2007810,,,,,
109679450,삼성전자 갤럭시북6 NT740VJG-KC51G (SSD 256GB),1731990,,1731990,,,,,
122630722,삼성전자 갤럭시북6 NT740VJG-KC51G (SSD 2TB),2137650,,2137850,,,,,
122630720,삼성전자 갤럭시북6 NT740VJG-KC51G (SSD 512GB),1917700,,1917900,,,,,
124326317,삼성전자 갤럭시북6 NT740VJG-KC51G (오피스 패키지),1791000,,,,,,,
122630741,삼성전자 갤럭시북6 NT740VJG-KC51S (SSD 1TB),2017610,,2017810,,,,,
122622106,삼성전자 갤럭시북6 NT740VJG-KC51S (SSD 256GB),1768810,,1768990,,,,,
122630745,삼성전자 갤럭시북6 NT740VJG-KC51S (SSD 2TB),1884000,,1884000,,,,,
122630737,삼성전자 갤럭시북6 NT740VJG-KC51S (SSD 512GB),1894340,,1894540,,,,,
124183072,삼성전자 갤럭시북6 NT740VJK-KC38G (SSD 1TB),1609990,,1609990,,,,,
124100860,삼성전자 갤럭시북6 NT740VJK-KC38G (SSD 256GB),1269000,,1260000,,,,,
124183075,삼성전자 갤럭시북6 NT740VJK-KC38G (SSD 2TB),1768580,,1768740,,,,,
124183068,삼성전자 갤럭시북6 NT740VJK-KC38G (SSD 512GB),1499990,,1499990,,,,,
124326217,삼성전자 갤럭시북6 NT740VJK-KC38G (오피스 패키지),1328000,,,,,,,
124183045,삼성전자 갤럭시북6 NT740VJK-KC58G (SSD 1TB),1780000,,1780000,,,,,
124100881,삼성전자 갤럭시북6 NT740VJK-KC58G (SSD 256GB),1324000,,1490000,,,,,
124183051,삼성전자 갤럭시북6 NT740VJK-KC58G (SSD 2TB),1940000,,1940000,,,,,
124183037,삼성전자 갤럭시북6 NT740VJK-KC58G (SSD 512GB),1670000,,1670000,,,,,
124326204,삼성전자 갤럭시북6 NT740VJK-KC58G (오피스 패키지),1499000,,,,,,,
124012104,삼성전자 갤럭시북6 NT740VJQ-A38A (SSD 256GB),1190000,,1180000,,,,,
124012178,삼성전자 갤럭시북6 NT740VJQ-A58A (SSD 256GB),1329000,,1329990,,,,,
124167088,삼성전자 갤럭시북6 NT740VJT-A51A (SSD 1TB),1738010,,1738010,,,,,
109680347,삼성전자 갤럭시북6 NT740VJT-A51A (SSD 256GB),1548000,,1548070,,,,,
124167106,삼성전자 갤럭시북6 NT740VJT-A51A (SSD 2TB),1888070,,1888070,,,,,
124167114,삼성전자 갤럭시북6 NT740VJT-A51A (SSD 4TB),2763550,,2763710,,,,,
124167087,삼성전자 갤럭시북6 NT740VJT-A51A (SSD 512GB),1618000,,1618990,,,,,
122638529,삼성전자 갤럭시북6 NT740VJT-A51A WIN11 (SSD 1TB),1738070,,1738070,,,,,
122638526,삼성전자 갤럭시북6 NT740VJT-A51A WIN11 (SSD 256GB),1548000,,1548070,,,,,
122638531,삼성전자 갤럭시북6 NT740VJT-A51A WIN11 (SSD 2TB),1888070,,1888070,,,,,
122638532,삼성전자 갤럭시북6 NT740VJT-A51A WIN11 (SSD 4TB),2784000,,2784710,,,,,
122638527,삼성전자 갤럭시북6 NT740VJT-A51A WIN11 (SSD 512GB),1618070,,1618070,,,,,
122700292,삼성전자 갤럭시북6 NT740VJT-A71AR (SSD 512GB),1998000,,1998000,,,,,
122702049,삼성전자 갤럭시북6 NT740VJT-A71AR WIN11 (SSD 512GB),1998000,,1998000,,,,,
123859997,삼성전자 갤럭시북6 NT740VJT-A72AR (SSD 1TB),2599000,,2599000,,,,,
123860002,삼성전자 갤럭시북6 NT740VJT-A72AR (SSD 2TB),2702000,,2702000,,,,,
122700321,삼성전자 갤럭시북6 NT740VJT-A72AR (SSD 512GB),2398000,,2398000,,,,,
123859994,삼성전자 갤럭시북6 NT740VJT-A72AR WIN11 (SSD 1TB),2588000,,2588000,,,,,
123859996,삼성전자 갤럭시북6 NT740VJT-A72AR WIN11 (SSD 2TB),2788000,,2788000,,,,,
123859992,삼성전자 갤럭시북6 NT740VJT-A72AR WIN11 (SSD 512GB),2429000,,2429000,,,,,
122630686,삼성전자 갤럭시북6 NT760VJG-KC51G (SSD 1TB),2097000,,2097000,,,,,
109679591,삼성전자 갤럭시북6 NT760VJG-KC51G (SSD 256GB),1912720,,1912780,,,,,
122630689,삼성전자 갤럭시북6 NT760VJG-KC51G (SSD 2TB),2389000,,2389000,,,,,
122630681,삼성전자 갤럭시북6 NT760VJG-KC51G (SSD 512GB),1997000,,1997000,,,,,
122630702,삼성전자 갤럭시북6 NT760VJG-KC51S (SSD 1TB),2097000,,2097000,,,,,
122622172,삼성전자 갤럭시북6 NT760VJG-KC51S (SSD 256GB),1730000,,1730000,,,,,
122630705,삼성전자 갤럭시북6 NT760VJG-KC51S (SSD 2TB),2389000,,2389000,,,,,
122630700,삼성전자 갤럭시북6 NT760VJG-KC51S (SSD 512GB),1997000,,1997000,,,,,
124326297,삼성전자 갤럭시북6 NT760VJG-KC51S (오피스 패키지),1931000,,,,,,,
109679627,삼성전자 갤럭시북6 NT760VJG-KD72G (SSD 1TB),3129700,,3129700,,,,,
122630664,삼성전자 갤럭시북6 NT760VJG-KD72G (SSD 2TB),3258990,,3258990,,,,,
122630667,삼성전자 갤럭시북6 NT760VJG-KD72G (SSD 4TB),4030890,,4030890,,,,,
122638626,삼성전자 갤럭시북6 NT760VJG-KP51G (SSD 1TB),2068000,,2068000,,,,,
122638627,삼성전자 갤럭시북6 NT760VJG-KP51G (SSD 2TB),2168000,,2168000,,,,,
124248129,삼성전자 갤럭시북6 NT760VJG-KP51G (SSD 4TB),3226940,,3227100,,,,,
109596026,삼성전자 갤럭시북6 NT760VJG-KP51G (SSD 512GB),1998000,,1998000,,,,,
122697996,삼성전자 갤럭시북6 NT760VJT-A51A (SSD 256GB),1789000,,1789000,,,,,
122676879,삼성전자 갤럭시북6 NT760VJT-A51A WIN11 (SSD 1TB),2093000,,2093000,,,,,
122697997,삼성전자 갤럭시북6 NT760VJT-A51A WIN11 (SSD 256GB),1877570,,1877770,,,,,
122638556,삼성전자 갤럭시북6 NT760VJT-A51A WIN11 (SSD 2TB),2293000,,2293000,,,,,
122638557,삼성전자 갤럭시북6 NT760VJT-A51A WIN11 (SSD 4TB),3090000,,3094000,,,,,
122676876,삼성전자 갤럭시북6 NT760VJT-A51A WIN11 (SSD 512GB),1993000,,1993000,,,,,
122679635,삼성전자 갤럭시북6 NT760VJT-A71A (SSD 1TB),2230000,,2230370,,,,,
122638641,삼성전자 갤럭시북6 NT760VJT-A71A (SSD 2TB),2347470,,2347470,,,,,
109481519,삼성전자 갤럭시북6 NT760VJT-A71A (SSD 512GB),2100000,,1999000,,,,,
122638653,삼성전자 갤럭시북6 NT760VJT-A71A WIN11 (SSD 1TB),2449000,,2299000,,,,,
122638657,삼성전자 갤럭시북6 NT760VJT-A71A WIN11 (SSD 2TB),2549000,,2549000,,,,,
122638658,삼성전자 갤럭시북6 NT760VJT-A71A WIN11 (SSD 4TB),4099000,,4099000,,,,,
122638649,삼성전자 갤럭시북6 NT760VJT-A71A WIN11 (SSD 512GB),2145000,,2145850,,,,,
124226251,삼성전자 갤럭시북6 NT760VJT-A72A (SSD 512GB),2640000,,2640000,,,,,
105684455,삼성전자 갤럭시북6 울트라 NT960UJG-K72A (SSD 1TB),4320000,,4320000,,,,,
122634740,삼성전자 갤럭시북6 울트라 NT960UJG-K72A (SSD 2TB),4539000,,4539000,,,,,
122634744,삼성전자 갤럭시북6 울트라 NT960UJG-K72A (SSD 4TB),5289000,,5289000,,,,,
104624552,삼성전자 갤럭시북6 울트라 NT960UJH-X72A (SSD 1TB),5103400,,5103400,,,,,
104947634,삼성전자 갤럭시북6 울트라 NT960UJH-X72A (SSD 2TB),5398990,,5398990,,,,,
104947646,삼성전자 갤럭시북6 울트라 NT960UJH-X72A (SSD 4TB),5899000,,5899000,,,,,
122665168,삼성전자 갤럭시북6 울트라 NT960UJH-X72AR (SSD 1TB),5522430,,5499000,,,,,
122676480,삼성전자 갤럭시북6 울트라 NT960UJH-X72AR (SSD 2TB),5990000,,5990000,,,,,
122676483,삼성전자 갤럭시북6 울트라 NT960UJH-X72AR (SSD 4TB),7295210,,7295410,,,,,
122680368,삼성전자 갤럭시북6 울트라 NT960UJH-X94A (SSD 2TB),7776840,,7776970,,,,,
122683827,삼성전자 갤럭시북6 울트라 NT960UJH-X94A (SSD 4TB),8498980,,8498980,,,,,
104224271,삼성전자 갤럭시북6 울트라 NT960UJH-XC72Y (SSD 1TB),5159000,,5087710,,,,,
104938796,삼성전자 갤럭시북6 울트라 NT960UJH-XC72Y (SSD 2TB),5358930,,5237670,,,,,
104938811,삼성전자 갤럭시북6 울트라 NT960UJH-XC72Y (SSD 4TB),5760000,,5760000,,,,,
122692292,삼성전자 갤럭시북6 울트라 NT960UJH-XC94Y (SSD 2TB),7475990,,7476190,,,,,
122692441,삼성전자 갤럭시북6 울트라 NT960UJH-XC94Y (SSD 4TB),9179000,,9179200,,,,,
124326270,삼성전자 갤럭시북6 울트라 NT960UJH-XC94Y (오피스 패키지),7849000,,,,,,,
104224253,삼성전자 갤럭시북6 울트라 NT960UJH-XD72Y (SSD 1TB),5402640,,5402740,,,,,
104938739,삼성전자 갤럭시북6 울트라 NT960UJH-XD72Y (SSD 2TB),5698970,,5699170,,,,,
104938775,삼성전자 갤럭시북6 울트라 NT960UJH-XD72Y (SSD 4TB),6445530,,6445730,,,,,
124326344,삼성전자 갤럭시북6 울트라 NT960UJH-XD72Y (오피스 패키지),5784000,,,,,,,
106749659,삼성전자 갤럭시북6 프로 NT940XJG-K51A (SSD 1TB),2846490,,2846490,,,,,
106721318,삼성전자 갤럭시북6 프로 NT940XJG-K51A (SSD 256GB),2519000,,2519000,,,,,
106749662,삼성전자 갤럭시북6 프로 NT940XJG-K51A (SSD 2TB),3048980,,3048980,,,,,
106749650,삼성전자 갤럭시북6 프로 NT940XJG-K51A (SSD 512GB),2677590,,2677590,,,,,
108409274,삼성전자 갤럭시북6 프로 NT940XJG-K72A (SSD 1TB),3484000,,3484000,,,,,
104625998,삼성전자 갤럭시북6 프로 NT940XJG-K72A (SSD 256GB),3232000,,3232000,,,,,
108409307,삼성전자 갤럭시북6 프로 NT940XJG-K72A (SSD 2TB),3694000,,3694000,,,,,
108409253,삼성전자 갤럭시북6 프로 NT940XJG-K72A (SSD 512GB),3383000,,3383000,,,,,
105815402,삼성전자 갤럭시북6 프로 NT940XJG-KC51G (SSD 1TB),3059010,,3059210,,,,,
105815405,삼성전자 갤럭시북6 프로 NT940XJG-KC51G (SSD 2TB),3191080,,3191280,,,,,
106688975,삼성전자 갤럭시북6 프로 NT940XJG-KC51G (SSD 4TB),3880000,,3880000,,,,,
105815342,삼성전자 갤럭시북6 프로 NT940XJG-KC51G (SSD 512GB),2814840,,2814890,,,,,
124326319,삼성전자 갤럭시북6 프로 NT940XJG-KC51G (오피스 패키지),2767000,,,,,,,
105815417,삼성전자 갤럭시북6 프로 NT940XJG-KC51S (SSD 1TB),3059690,,3059890,,,,,
105815420,삼성전자 갤럭시북6 프로 NT940XJG-KC51S (SSD 2TB),3191340,,3191540,,,,,
106688987,삼성전자 갤럭시북6 프로 NT940XJG-KC51S (SSD 4TB),3800000,,3800000,,,,,
105815369,삼성전자 갤럭시북6 프로 NT940XJG-KC51S (SSD 512GB),2708000,,2708000,,,,,
124326267,삼성전자 갤럭시북6 프로 NT940XJG-KC51S (오피스 패키지),2767000,,,,,,,
104224406,삼성전자 갤럭시북6 프로 NT940XJG-KD72G (SSD 1TB),3648000,,3648000,,,,,
104964110,삼성전자 갤럭시북6 프로 NT940XJG-KD72G (SSD 2TB),3795000,,3795000,,,,,
104964113,삼성전자 갤럭시북6 프로 NT940XJG-KD72G (SSD 4TB),4494000,,4494000,,,,,
104224448,삼성전자 갤럭시북6 프로 NT940XJG-KD72S (SSD 1TB),3645720,,3646000,,,,,
104964116,삼성전자 갤럭시북6 프로 NT940XJG-KD72S (SSD 2TB),3748000,,3748000,,,,,
104964119,삼성전자 갤럭시북6 프로 NT940XJG-KD72S (SSD 4TB),4447000,,4447000,,,,,
104939948,삼성전자 갤럭시북6 프로 NT940XJG-KL72S (SSD 1TB),3682000,,3682000,,,,,
104939951,삼성전자 갤럭시북6 프로 NT940XJG-KL72S (SSD 2TB),3788000,,3788000,,,,,
106717859,삼성전자 갤럭시북6 프로 NT940XJG-KL72S (SSD 4TB),4555000,,4555000,,,,,
104626103,삼성전자 갤럭시북6 프로 NT940XJG-KL72S (SSD 512GB),3477000,,3477000,,,,,
108631862,삼성전자 갤럭시북6 프로 NT960XJG-K51A (SSD 1TB),2948990,,2899000,,,,,
106046960,삼성전자 갤럭시북6 프로 NT960XJG-K51A (SSD 256GB),2797900,,2797990,,,,,
108631955,삼성전자 갤럭시북6 프로 NT960XJG-K51A (SSD 2TB),3148900,,3148990,,,,,
108631292,삼성전자 갤럭시북6 프로 NT960XJG-K51A (SSD 512GB),2798990,,2798990,,,,,
108628832,삼성전자 갤럭시북6 프로 NT960XJG-K52A (SSD 1TB),3587000,,3587000,,,,,
106046987,삼성전자 갤럭시북6 프로 NT960XJG-K52A (SSD 256GB),3340000,,3199000,,,,,
108628934,삼성전자 갤럭시북6 프로 NT960XJG-K52A (SSD 2TB),3693000,,3693000,,,,,
108628229,삼성전자 갤럭시북6 프로 NT960XJG-K52A (SSD 512GB),3460000,,3460000,,,,,
104988869,삼성전자 갤럭시북6 프로 NT960XJG-K72A (SSD 1TB),3858000,,3858000,,,,,
104624507,삼성전자 갤럭시북6 프로 NT960XJG-K72A (SSD 256GB),3549990,,3550000,,,,,
104988872,삼성전자 갤럭시북6 프로 NT960XJG-K72A (SSD 2TB),3977000,,3977000,,,,,
104988881,삼성전자 갤럭시북6 프로 NT960XJG-K72A (SSD 4TB),4590990,,4590990,,,,,
104988857,삼성전자 갤럭시북6 프로 NT960XJG-K72A (SSD 512GB),3682000,,3682000,,,,,
104939984,삼성전자 갤럭시북6 프로 NT960XJG-KC51G (SSD 1TB),3005720,,3005920,,,,,
104939987,삼성전자 갤럭시북6 프로 NT960XJG-KC51G (SSD 2TB),3166190,,3166390,,,,,
106221728,삼성전자 갤럭시북6 프로 NT960XJG-KC51G (SSD 4TB),4100000,,4100000,,,,,
104939918,삼성전자 갤럭시북6 프로 NT960XJG-KC51G (SSD 512GB),2747990,,2747990,,,,,
124326268,삼성전자 갤럭시북6 프로 NT960XJG-KC51G (오피스 패키지),2807000,,,,,,,
104939990,삼성전자 갤럭시북6 프로 NT960XJG-KC51S (SSD 1TB),3016190,,3016390,,,,,
104939993,삼성전자 갤럭시북6 프로 NT960XJG-KC51S (SSD 2TB),3166190,,3166390,,,,,
106688963,삼성전자 갤럭시북6 프로 NT960XJG-KC51S (SSD 4TB),4190000,,4190000,,,,,
104939924,삼성전자 갤럭시북6 프로 NT960XJG-KC51S (SSD 512GB),2748000,,2748000,,,,,
124326313,삼성전자 갤럭시북6 프로 NT960XJG-KC51S (오피스 패키지),2807000,,,,,,,
104964089,삼성전자 갤럭시북6 프로 NT960XJG-KC71G (SSD 1TB),3385000,,3385000,,,,,
104964098,삼성전자 갤럭시북6 프로 NT960XJG-KC71G (SSD 2TB),3574620,,3574820,,,,,
105968360,삼성전자 갤럭시북6 프로 NT960XJG-KC71G (SSD 4TB),4390000,,4390000,,,,,
104624735,삼성전자 갤럭시북6 프로 NT960XJG-KC71G (SSD 512GB),3081000,,3081000,,,,,
124326237,삼성전자 갤럭시북6 프로 NT960XJG-KC71G (오피스 패키지),3140000,,,,,,,
104966018,삼성전자 갤럭시북6 프로 NT960XJG-KC71S (SSD 1TB),3388270,,3388470,,,,,
104966021,삼성전자 갤럭시북6 프로 NT960XJG-KC71S (SSD 2TB),3588790,,3588990,,,,,
106689164,삼성전자 갤럭시북6 프로 NT960XJG-KC71S (SSD 4TB),4386930,,4387130,,,,,
104626208,삼성전자 갤럭시북6 프로 NT960XJG-KC71S (SSD 512GB),3098000,,3098000,,,,,
124326320,삼성전자 갤럭시북6 프로 NT960XJG-KC71S (오피스 패키지),3140000,,,,,,,
104224349,삼성전자 갤럭시북6 프로 NT960XJG-KD72G (SSD 1TB),3870060,,3874540,,,,,
104939978,삼성전자 갤럭시북6 프로 NT960XJG-KD72G (SSD 2TB),4006150,,4012760,,,,,
104939981,삼성전자 갤럭시북6 프로 NT960XJG-KD72G (SSD 4TB),5281000,,5281000,,,,,
104224361,삼성전자 갤럭시북6 프로 NT960XJG-KD72S (SSD 1TB),3898990,,3949000,,,,,
104966264,삼성전자 갤럭시북6 프로 NT960XJG-KD72S (SSD 2TB),4018950,,4058000,,,,,
104966270,삼성전자 갤럭시북6 프로 NT960XJG-KD72S (SSD 4TB),4875000,,4875000,,,,,
104939960,삼성전자 갤럭시북6 프로 NT960XJG-KL72G (SSD 1TB),3867000,,3867000,,,,,
104939969,삼성전자 갤럭시북6 프로 NT960XJG-KL72G (SSD 2TB),3978000,,3978000,,,,,
104987648,삼성전자 갤럭시북6 프로 NT960XJG-KL72G (SSD 4TB),4860000,,4860000,,,,,
104626241,삼성전자 갤럭시북6 프로 NT960XJG-KL72G (SSD 512GB),3585000,,3585000,,,,,
16214072,삼성전자 노트북 플러스2 NT550XDA-K14A (1TB + SSD 256GB),1420000,,,,,,,
16214132,삼성전자 노트북 플러스2 NT550XDA-K14A (1TB + SSD 512GB),1379000,,,,,,,
20422793,삼성전자 노트북 플러스2 NT550XDA-K14A (2TB + SSD 128GB),1490000,,,,,,,
16214120,삼성전자 노트북 플러스2 NT550XDA-K14A (500GB + SSD 512GB),1440000,,,,,,,
15906851,삼성전자 노트북 플러스2 NT550XDA-K14A (SSD 128GB),998990,,,,,,,
16213976,삼성전자 노트북 플러스2 NT550XDA-K14A (SSD 1TB),1679000,,,,,,,
16213940,삼성전자 노트북 플러스2 NT550XDA-K14A (SSD 256GB),1569000,,,,,,,
20422865,삼성전자 노트북 플러스2 NT550XDA-K14A (SSD 2TB),1580000,,,,,,,
18690518,삼성전자 노트북 플러스2 NT550XDA-K14A (SSD 500GB + SSD 256GB),1240000,,,,,,,
16213961,삼성전자 노트북 플러스2 NT550XDA-K14A (SSD 500GB),1629000,,,,,,,
13099448,삼성전자 노트북 플러스2 NT550XDA-XC59G (500GB + SSD 256GB),2090000,,2090000,,,,,
13085000,삼성전자 노트북 플러스2 NT550XDA-XC59G (SSD 1TB),1410570,,1410570,,,,,
13003064,삼성전자 노트북 플러스2 NT550XDA-XC59G (SSD 256GB),863040,,863040,,,,,
13085009,삼성전자 노트북 플러스2 NT550XDA-XC59G (SSD 2TB),1554580,,1554580,,,,,
13084967,삼성전자 노트북 플러스2 NT550XDA-XC59G (SSD 500GB),911040,,911040,,,,,
92106479,에이서 Swift GO 16 AI SFG16-61-R0UV (SSD 1TB),2590000,,2278400,,,,,
92106746,에이서 Swift GO 16 AI SFG16-61-R0UV (SSD 2TB),2690000,,2378400,,,,,
95519810,에이서 Swift GO 16 AI SFG16-61-R0UV (SSD 4TB),3390000,,2578400,,,,,
91908431,에이서 Swift GO 16 AI SFG16-61-R9GJ (SSD 1TB),1670000,,1570000,,,,,
92106758,에이서 Swift GO 16 AI SFG16-61-R9GJ (SSD 2TB),1750000,,1650000,,,,,
94517885,에이서 Swift GO 16 AI SFG16-61-R9GJ (SSD 4TB),2399000,,2173350,,,,,
98230382,에이서 니트로 16S AI AN16S-61-R4WY (SSD 1TB),2598000,,2598000,,,,,
98760806,에이서 니트로 16S AI AN16S-61-R4WY (SSD 2TB),3097000,,3097000,,,,,
99745019,에이서 니트로 16S AI AN16S-61-R4WY (SSD 4TB),3381000,,3381000,,,,,
98760815,에이서 니트로 16S AI AN16S-61-R4WY 64GB램 (SSD 1TB),3456000,,3456000,,,,,
98760821,에이서 니트로 16S AI AN16S-61-R4WY 64GB램 (SSD 2TB),3597000,,3597000,,,,,
99745034,에이서 니트로 16S AI AN16S-61-R4WY 64GB램 (SSD 4TB),4490000,,4490000,,,,,
98760785,에이서 니트로 16S AI AN16S-61-R4WY WIN11 (SSD 1TB),2730000,,2730000,,,,,
98760788,에이서 니트로 16S AI AN16S-61-R4WY WIN11 (SSD 2TB),3090000,,3090000,,,,,
99745046,에이서 니트로 16S AI AN16S-61-R4WY WIN11 (SSD 4TB),3447000,,3447000,,,,,
98760830,에이서 니트로 16S AI AN16S-61-R4WY WIN11 64GB램 (SSD 1TB),3556000,,3556000,,,,,
98760833,에이서 니트로 16S AI AN16S-61-R4WY WIN11 64GB램 (SSD 2TB),3697000,,3697000,,,,,
99745055,에이서 니트로 16S AI AN16S-61-R4WY WIN11 64GB램 (SSD 4TB),3838000,,3838000,,,,,
98230424,에이서 니트로 16S AI AN16S-61-R5GP (SSD 1TB),2988000,,2988000,,,,,
98760851,에이서 니트로 16S AI AN16S-61-R5GP (SSD 2TB),2897540,,2897740,,,,,
99744938,에이서 니트로 16S AI AN16S-61-R5GP (SSD 4TB),3386940,,3387140,,,,,
98760875,에이서 니트로 16S AI AN16S-61-R5GP 64GB램 (SSD 1TB),3257000,,3257000,,,,,
98760908,에이서 니트로 16S AI AN16S-61-R5GP 64GB램 (SSD 2TB),3397000,,3397000,,,,,
99744944,에이서 니트로 16S AI AN16S-61-R5GP 64GB램 (SSD 4TB),3706000,,3706000,,,,,
101626595,에이서 니트로 16S AI AN16S-61-R5GP 64GB램 (SSD 6TB),4299000,,4299000,,,,,
101626598,에이서 니트로 16S AI AN16S-61-R5GP 64GB램 (SSD 8TB),4699000,,4699000,,,,,
98409962,에이서 니트로 16S AI AN16S-61-R8BA (SSD 1TB),2479000,,2349000,,,,,
99554744,에이서 니트로 16S AI AN16S-61-R8BA (SSD 2TB),2928000,,2928000,,,,,
99554756,에이서 니트로 16S AI AN16S-61-R8BA (SSD 4TB),3299000,,3299000,,,,,
99554765,에이서 니트로 16S AI AN16S-61-R8BA 64GB램 (SSD 1TB),3245000,,3245000,,,,,
99554768,에이서 니트로 16S AI AN16S-61-R8BA 64GB램 (SSD 2TB),3345000,,3345000,,,,,
106704926,에이서 니트로 16S AI AN16S-61-R8BA 64GB램 (SSD 4TB),4500000,,4500000,,,,,
98409974,에이서 니트로 16S AI AN16S-61-R96T (SSD 1TB),2289000,,2249000,,,,,
102123578,에이서 니트로 16S AI AN16S-61-R96T (SSD 2TB),2927000,,2927000,,,,,
106046453,에이서 니트로 16S AI AN16S-61-R96T (SSD 4TB),5000000,,3800000,,,,,
124215906,에이서 니트로 16S AI AN16S-61-R96T 16GB램 (SSD 512GB),1930000,,,,,,,
99837413,에이서 니트로 16S AI AN16S-61-R96T WIN11 (SSD 1TB),2476000,,2476000,,,,,
99837428,에이서 니트로 16S AI AN16S-61-R96T WIN11 (SSD 2TB),2794000,,2794000,,,,,
99837431,에이서 니트로 16S AI AN16S-61-R96T WIN11 (SSD 4TB),3189000,,3189000,,,,,
99887057,에이서 니트로 18 AI AN18-61-R0UX (SSD 1TB),2499000,,2499000,,,,,
102124088,에이서 니트로 18 AI AN18-61-R0UX (SSD 2TB),3108990,,3068010,,,,,
102124094,에이서 니트로 18 AI AN18-61-R0UX (SSD 4TB),3598000,,3598000,,,,,
102124103,에이서 니트로 18 AI AN18-61-R0UX 64GB램 (SSD 1TB),3799000,,3080000,,,,,
102124106,에이서 니트로 18 AI AN18-61-R0UX 64GB램 (SSD 2TB),4200000,,3698310,,,,,
102124109,에이서 니트로 18 AI AN18-61-R0UX 64GB램 (SSD 4TB),5000000,,3689000,,,,,
99887111,에이서 니트로 18 AI AN18-61-R1PB (SSD 1TB),2890000,,2890000,,,,,
102124154,에이서 니트로 18 AI AN18-61-R1PB (SSD 2TB),3210000,,3210000,,,,,
102124163,에이서 니트로 18 AI AN18-61-R1PB (SSD 4TB),3643000,,3643000,,,,,
99887030,에이서 니트로 18 AI AN18-61-R4JF (SSD 1TB),2349000,,2349000,,,,,
104044502,에이서 니트로 18 AI AN18-61-R4JF (SSD 2TB),2681770,,2681970,,,,,
124087959,에이서 니트로 18 AI AN18-61-R4JF (SSD 4TB),3133940,,3134100,,,,,
104044508,에이서 니트로 18 AI AN18-61-R4JF 64GB램 (SSD 1TB),3207560,,3207760,,,,,
104044511,에이서 니트로 18 AI AN18-61-R4JF 64GB램 (SSD 2TB),3355750,,3355950,,,,,
124087968,에이서 니트로 18 AI AN18-61-R4JF 64GB램 (SSD 4TB),3831400,,3831560,,,,,
102124049,에이서 니트로 18 AI AN18-61-R4JF WIN11 (SSD 1TB),2535000,,2535000,,,,,
102124052,에이서 니트로 18 AI AN18-61-R4JF WIN11 (SSD 2TB),2703430,,2703430,,,,,
102124058,에이서 니트로 18 AI AN18-61-R4JF WIN11 (SSD 4TB),3179070,,3179070,,,,,
102124064,에이서 니트로 18 AI AN18-61-R4JF WIN11 64GB램 (SSD 1TB),3253330,,2962000,,,,,
102124067,에이서 니트로 18 AI AN18-61-R4JF WIN11 64GB램 (SSD 2TB),3400910,,3189000,,,,,
102124070,에이서 니트로 18 AI AN18-61-R4JF WIN11 64GB램 (SSD 4TB),3876550,,3621000,,,,,
99887078,에이서 니트로 18 AI AN18-61-R4T1 (SSD 1TB),2890000,,2890000,,,,,
102874565,에이서 니트로 18 AI AN18-61-R4T1 (SSD 2TB),2994000,,2994000,,,,,
102874808,에이서 니트로 18 AI AN18-61-R4T1 (SSD 4TB),3753000,,3753000,,,,,
102876347,에이서 니트로 18 AI AN18-61-R4T1 64GB램 (SSD 1TB),3799000,,3799000,,,,,
102876821,에이서 니트로 18 AI AN18-61-R4T1 64GB램 (SSD 2TB),4250000,,4250000,,,,,
102877097,에이서 니트로 18 AI AN18-61-R4T1 64GB램 (SSD 4TB),5140000,,5140000,,,,,
102124112,에이서 니트로 18 AI AN18-61-R4T1 WIN11 (SSD 1TB),2890000,,2800000,,,,,
102124121,에이서 니트로 18 AI AN18-61-R4T1 WIN11 (SSD 2TB),2938000,,2938000,,,,,
102124124,에이서 니트로 18 AI AN18-61-R4T1 WIN11 (SSD 4TB),4000000,,3587000,,,,,
102124133,에이서 니트로 18 AI AN18-61-R4T1 WIN11 64GB램 (SSD 1TB),3877000,,3201000,,,,,
102124136,에이서 니트로 18 AI AN18-61-R4T1 WIN11 64GB램 (SSD 2TB),4280000,,3428000,,,,,
102124139,에이서 니트로 18 AI AN18-61-R4T1 WIN11 64GB램 (SSD 4TB),5000000,,3860000,,,,,
18418259,에이서 니트로 5 AN515-45-R1MH 16GB램 (SSD 1TB),1790000,,1790000,,,,,
14858945,에이서 니트로 5 AN515-57 3050 32GB램 (SSD 256GB),1599000,,,,,,,
16181645,에이서 니트로 5 AN515-57 3060 QHD (SSD 256GB),1990000,,1990000,,,,,
20739170,에이서 니트로 5 AN515-57 3060 QHD MAX WIN11 (SSD 512GB),1940000,,1940000,,,,,
93069809,에이서 니트로 V 15 ANV15-51-72E2 (SSD 1TB),2350000,,2350000,,,,,
93069812,에이서 니트로 V 15 ANV15-51-72E2 (SSD 2TB),2250000,,2250000,,,,,
93069821,에이서 니트로 V 15 ANV15-51-72E2 (SSD 4TB),2490000,,2490000,,,,,
92622032,에이서 니트로 V 15 ANV15-51-72E2 (SSD 512GB),1990000,,1990000,,,,,
93180656,에이서 니트로 V 15 ANV15-51-72E2 32GB램 (SSD 1TB),2290000,,2290000,,,,,
93180659,에이서 니트로 V 15 ANV15-51-72E2 32GB램 (SSD 2TB),2420000,,2420000,,,,,
93180665,에이서 니트로 V 15 ANV15-51-72E2 32GB램 (SSD 4TB),3490000,,2793400,,,,,
93180653,에이서 니트로 V 15 ANV15-51-72E2 32GB램 (SSD 512GB),2190000,,2190000,,,,,
93069764,에이서 니트로 V 15 ANV15-51-72E2 WIN11 (SSD 1TB),2090000,,1924450,,,,,
93069767,에이서 니트로 V 15 ANV15-51-72E2 WIN11 (SSD 2TB),2310000,,1973000,,,,,
93069782,에이서 니트로 V 15 ANV15-51-72E2 WIN11 (SSD 4TB),2490000,,2490000,,,,,
93069737,에이서 니트로 V 15 ANV15-51-72E2 WIN11 (SSD 512GB),1990000,,1981900,,,,,
93069851,에이서 니트로 V 15 ANV15-51-72E2 WIN11 32GB램 (SSD 1TB),1794000,,2230000,,,,,
93069854,에이서 니트로 V 15 ANV15-51-72E2 WIN11 32GB램 (SSD 2TB),2040000,,2321000,,,,,
93069860,에이서 니트로 V 15 ANV15-51-72E2 WIN11 32GB램 (SSD 4TB),3490000,,2823400,,,,,
93069848,에이서 니트로 V 15 ANV15-51-72E2 WIN11 32GB램 (SSD 512GB),2490000,,2094000,,,,,
93315386,에이서 니트로 V 15 ANV15-51-72TX (SSD 1TB),2150000,,2150000,,,,,
93383711,에이서 니트로 V 15 ANV15-51-72TX (SSD 2TB),2190000,,2190000,,,,,
97706558,에이서 니트로 V 15 ANV15-51-72TX (SSD 4TB),2690000,,2518400,,,,,
92621996,에이서 니트로 V 15 ANV15-51-72TX (SSD 512GB),1621400,,1621400,,,,,
93315413,에이서 니트로 V 15 ANV15-51-72TX WIN11 (SSD 1TB),1940000,,1940000,,,,,
93446876,에이서 니트로 V 15 ANV15-51-72TX WIN11 (SSD 2TB),2290000,,2290000,,,,,
93502073,에이서 니트로 V 15 ANV15-51-72TX WIN11 (SSD 4TB),2599000,,2548400,,,,,
93315407,에이서 니트로 V 15 ANV15-51-72TX WIN11 (SSD 512GB),2190000,,2190000,,,,,
93315509,에이서 니트로 V 15 ANV15-51-72TX WIN11 32GB램 (SSD 1TB),2290000,,2290000,,,,,
93446879,에이서 니트로 V 15 ANV15-51-72TX WIN11 32GB램 (SSD 2TB),2390000,,2390000,,,,,
93502091,에이서 니트로 V 15 ANV15-51-72TX WIN11 32GB램 (SSD 4TB),2490000,,2490000,,,,,
93315506,에이서 니트로 V 15 ANV15-51-72TX WIN11 32GB램 (SSD 512GB),2290000,,2290000,,,,,
62790044,에이서 니트로 V 15 ANV15-51-7336 WIN11 32GB램 (SSD 1TB),1769000,,,,,,,
62790047,에이서 니트로 V 15 ANV15-51-7336 WIN11 32GB램 (SSD 2TB),2339000,,,,,,,
76072532,에이서 니트로 V 15 ANV15-51-7336 WIN11 32GB램 (SSD 4TB),2389000,,,,,,,
62790041,에이서 니트로 V 15 ANV15-51-7336 WIN11 32GB램 (SSD 512GB),1669000,,,,,,,
124057004,에이서 니트로 V 15 ANV15-52-776G (SSD 1TB),2018000,,2018000,,,,,
124057009,에이서 니트로 V 15 ANV15-52-776G (SSD 2TB),2318000,,2318000,,,,,
124057012,에이서 니트로 V 15 ANV15-52-776G (SSD 4TB),2918000,,2918000,,,,,
124046678,에이서 니트로 V 15 ANV15-52-776G (SSD 512GB),1499000,,1399000,,,,,
124046699,에이서 니트로 V 15 ANV15-52-791Z (SSD 512GB),1599000,,1599000,,,,,
51815057,에이서 니트로 V 16 ANV16-41-R97C (SSD 1TB),2170000,,2159800,,,,,
51815066,에이서 니트로 V 16 ANV16-41-R97C (SSD 2TB),2470000,,2470000,,,,,
79112837,에이서 니트로 V 16 ANV16-41-R97C (SSD 4TB),4299000,,2609800,,,,,
49831778,에이서 니트로 V 16 ANV16-41-R97C (SSD 512GB),2690000,,2084800,,,,,
52260788,에이서 니트로 V 16 ANV16-41-R97C 32GB램 (SSD 1TB),2199000,,2199000,,,,,
52260806,에이서 니트로 V 16 ANV16-41-R97C 32GB램 (SSD 2TB),6190000,,6190000,,,,,
79112807,에이서 니트로 V 16 ANV16-41-R97C 32GB램 (SSD 4TB),4799000,,2879800,,,,,
52260776,에이서 니트로 V 16 ANV16-41-R97C 32GB램 (SSD 512GB),2190000,,2190000,,,,,
54814292,에이서 니트로 V 16 ANV16-41-R97C 64GB램 (SSD 1TB),5990000,,2969800,,,,,
54814307,에이서 니트로 V 16 ANV16-41-R97C 64GB램 (SSD 2TB),6090000,,3119800,,,,,
79112789,에이서 니트로 V 16 ANV16-41-R97C 64GB램 (SSD 4TB),6480000,,3419800,,,,,
54814280,에이서 니트로 V 16 ANV16-41-R97C 64GB램 (SSD 512GB),5690000,,2894800,,,,,
52260851,에이서 니트로 V 16 ANV16-41-R97C WIN11 (SSD 1TB),2139000,,2139000,,,,,
52260860,에이서 니트로 V 16 ANV16-41-R97C WIN11 (SSD 2TB),2220000,,2220000,,,,,
79112747,에이서 니트로 V 16 ANV16-41-R97C WIN11 (SSD 4TB),4869900,,2649800,,,,,
52260842,에이서 니트로 V 16 ANV16-41-R97C WIN11 (SSD 512GB),2440000,,2124800,,,,,
52260872,에이서 니트로 V 16 ANV16-41-R97C WIN11 32GB램 (SSD 1TB),2390000,,2390000,,,,,
52260875,에이서 니트로 V 16 ANV16-41-R97C WIN11 32GB램 (SSD 2TB),2590000,,2590000,,,,,
79112642,에이서 니트로 V 16 ANV16-41-R97C WIN11 32GB램 (SSD 4TB),2679000,,2679000,,,,,
52260869,에이서 니트로 V 16 ANV16-41-R97C WIN11 32GB램 (SSD 512GB),2540000,,2394800,,,,,
54814328,에이서 니트로 V 16 ANV16-41-R97C WIN11 64GB램 (SSD 1TB),6190000,,3009800,,,,,
54814331,에이서 니트로 V 16 ANV16-41-R97C WIN11 64GB램 (SSD 2TB),6370000,,3159800,,,,,
79112693,에이서 니트로 V 16 ANV16-41-R97C WIN11 64GB램 (SSD 4TB),6790000,,3459800,,,,,
54814316,에이서 니트로 V 16 ANV16-41-R97C WIN11 64GB램 (SSD 512GB),5970000,,2934800,,,,,
74485820,에이서 니트로 V 16 ANV16-71-786G (SSD 1TB + SSD 512GB),2395000,,2395000,,,,,
72720893,에이서 니트로 V 16 ANV16-71-786G (SSD 1TB),2249000,,2249000,,,,,
72720911,에이서 니트로 V 16 ANV16-71-786G (SSD 2TB),2480000,,2480000,,,,,
92147672,에이서 니트로 V 16 ANV16-71-786G (SSD 4TB),2890000,,2890000,,,,,
70100960,에이서 니트로 V 16 ANV16-71-786G (SSD 512GB),2490000,,2490000,,,,,
74485787,에이서 니트로 V 16 ANV16-71-786G 32GB램 (SSD 1TB + SSD 512GB),2940000,,2940000,,,,,
72720965,에이서 니트로 V 16 ANV16-71-786G 32GB램 (SSD 1TB),2960000,,2960000,,,,,
72720971,에이서 니트로 V 16 ANV16-71-786G 32GB램 (SSD 2TB),3060000,,3060000,,,,,
92147681,에이서 니트로 V 16 ANV16-71-786G 32GB램 (SSD 4TB),3490000,,3490000,,,,,
72720959,에이서 니트로 V 16 ANV16-71-786G 32GB램 (SSD 512GB),2390000,,2390000,,,,,
122672194,에이서 니트로 V 16 ANV16-I31-514Z (SSD 1TB),1663670,,1663870,,,,,
122672202,에이서 니트로 V 16 ANV16-I31-514Z (SSD 2TB),1778630,,1778830,,,,,
122672205,에이서 니트로 V 16 ANV16-I31-514Z (SSD 4TB),2268210,,2268210,,,,,
122652383,에이서 니트로 V 16 ANV16-I31-514Z (SSD 512GB),1557000,,1557000,,,,,
122672218,에이서 니트로 V 16 ANV16-I31-514Z 32GB램 (SSD 1TB),1968100,,1968300,,,,,
122672223,에이서 니트로 V 16 ANV16-I31-514Z 32GB램 (SSD 2TB),2083970,,2084170,,,,,
122672226,에이서 니트로 V 16 ANV16-I31-514Z 32GB램 (SSD 4TB),2545400,,2545600,,,,,
122672217,에이서 니트로 V 16 ANV16-I31-514Z 32GB램 (SSD 512GB),1821610,,1821810,,,,,
122672236,에이서 니트로 V 16 ANV16-I31-514Z 64GB램 (SSD 1TB),2678050,,2678050,,,,,
122672239,에이서 니트로 V 16 ANV16-I31-514Z 64GB램 (SSD 2TB),2792730,,2792730,,,,,
122672241,에이서 니트로 V 16 ANV16-I31-514Z 64GB램 (SSD 4TB),3270110,,3270310,,,,,
122672234,에이서 니트로 V 16 ANV16-I31-514Z 64GB램 (SSD 512GB),2525950,,2526150,,,,,
122676261,에이서 니트로 V 16 ANV16-I31-59FZ (SSD 1TB),1918290,,1918490,,,,,
122676262,에이서 니트로 V 16 ANV16-I31-59FZ (SSD 2TB),2048150,,2048350,,,,,
124021488,에이서 니트로 V 16 ANV16-I31-59FZ (SSD 4TB),3023000,,3023000,,,,,
122652411,에이서 니트로 V 16 ANV16-I31-59FZ (SSD 512GB),1848000,,1848000,,,,,
122676280,에이서 니트로 V 16 ANV16-I31-59FZ 32GB램 (SSD 1TB),2219000,,2219000,,,,,
122676282,에이서 니트로 V 16 ANV16-I31-59FZ 32GB램 (SSD 2TB),2359000,,2359000,,,,,
122676284,에이서 니트로 V 16 ANV16-I31-59FZ 32GB램 (SSD 4TB),3373000,,3373000,,,,,
122676270,에이서 니트로 V 16 ANV16-I31-59FZ 32GB램 (SSD 512GB),2101790,,2101790,,,,,
122676310,에이서 니트로 V 16 ANV16-I31-59FZ 64GB램 (SSD 1TB),2779000,,2779000,,,,,
122676312,에이서 니트로 V 16 ANV16-I31-59FZ 64GB램 (SSD 2TB),2919000,,2919000,,,,,
124021496,에이서 니트로 V 16 ANV16-I31-59FZ 64GB램 (SSD 4TB),4340000,,3989000,,,,,
122676315,에이서 니트로 V 16 ANV16-I31-59FZ 64GB램 (SSD 512GB),2688990,,2688990,,,,,
99739193,에이서 니트로 V 16S AI ANV16S-41-R6ZQ (SSD 1TB),1709000,,1709000,,,,,
99739196,에이서 니트로 V 16S AI ANV16S-41-R6ZQ (SSD 2TB),1880600,,1880600,,,,,
100694057,에이서 니트로 V 16S AI ANV16S-41-R6ZQ (SSD 4TB),3450000,,3060000,,,,,
99736625,에이서 니트로 V 16S AI ANV16S-41-R6ZQ (SSD 512GB),1939000,,1939000,,,,,
99739214,에이서 니트로 V 16S AI ANV16S-41-R6ZQ 32GB램 (SSD 1TB),2029000,,2029000,,,,,
99739217,에이서 니트로 V 16S AI ANV16S-41-R6ZQ 32GB램 (SSD 2TB),2289000,,2289000,,,,,
102124931,에이서 니트로 V 16S AI ANV16S-41-R6ZQ 32GB램 (SSD 4TB),3130000,,3130000,,,,,
99739208,에이서 니트로 V 16S AI ANV16S-41-R6ZQ 32GB램 (SSD 512GB),1899000,,1899000,,,,,
99739229,에이서 니트로 V 16S AI ANV16S-41-R6ZQ 64GB램 (SSD 1TB),3390000,,3021000,,,,,
99739232,에이서 니트로 V 16S AI ANV16S-41-R6ZQ 64GB램 (SSD 2TB),3590000,,2912000,,,,,
102124934,에이서 니트로 V 16S AI ANV16S-41-R6ZQ 64GB램 (SSD 4TB),4300000,,3844000,,,,,
99739226,에이서 니트로 V 16S AI ANV16S-41-R6ZQ 64GB램 (SSD 512GB),3100000,,2885000,,,,,
99739097,에이서 니트로 V 16S AI ANV16S-41-R7TF (SSD 1TB),1619000,,1619000,,,,,
99739100,에이서 니트로 V 16S AI ANV16S-41-R7TF (SSD 2TB),1879000,,1879000,,,,,
104949050,에이서 니트로 V 16S AI ANV16S-41-R7TF (SSD 4TB),3460000,,3460000,,,,,
99736682,에이서 니트로 V 16S AI ANV16S-41-R7TF (SSD 512GB),1789000,,1749000,,,,,
99739121,에이서 니트로 V 16S AI ANV16S-41-R7TF 32GB램 (SSD 1TB),1939000,,1939000,,,,,
99739124,에이서 니트로 V 16S AI ANV16S-41-R7TF 32GB램 (SSD 2TB),2199000,,2199000,,,,,
102881654,에이서 니트로 V 16S AI ANV16S-41-R7TF 32GB램 (SSD 4TB),3990000,,3990000,,,,,
99739118,에이서 니트로 V 16S AI ANV16S-41-R7TF 32GB램 (SSD 512GB),1809000,,1809000,,,,,
99739163,에이서 니트로 V 16S AI ANV16S-41-R7TF 64GB램 (SSD 1TB),3499000,,3499000,,,,,
99739169,에이서 니트로 V 16S AI ANV16S-41-R7TF 64GB램 (SSD 2TB),3799000,,3799000,,,,,
102881687,에이서 니트로 V 16S AI ANV16S-41-R7TF 64GB램 (SSD 4TB),4740000,,4740000,,,,,
99739160,에이서 니트로 V 16S AI ANV16S-41-R7TF 64GB램 (SSD 512GB),3668000,,3668000,,,,,
99739106,에이서 니트로 V 16S AI ANV16S-41-R7TF WIN11 (SSD 1TB),1629000,,1629000,,,,,
99739109,에이서 니트로 V 16S AI ANV16S-41-R7TF WIN11 (SSD 2TB),1889000,,1889000,,,,,
102881726,에이서 니트로 V 16S AI ANV16S-41-R7TF WIN11 (SSD 4TB),2855000,,2855000,,,,,
99739103,에이서 니트로 V 16S AI ANV16S-41-R7TF WIN11 (SSD 512GB),1509000,,1509000,,,,,
99739133,에이서 니트로 V 16S AI ANV16S-41-R7TF WIN11 32GB램 (SSD 1TB),1949000,,1949000,,,,,
99739136,에이서 니트로 V 16S AI ANV16S-41-R7TF WIN11 32GB램 (SSD 2TB),2209000,,2209000,,,,,
99913040,에이서 니트로 V 16S AI ANV16S-41-R7TF WIN11 32GB램 (SSD 4TB),3445000,,2980000,,,,,
99739130,에이서 니트로 V 16S AI ANV16S-41-R7TF WIN11 32GB램 (SSD 512GB),1829000,,1829000,,,,,
100004228,에이서 니트로 V 16S AI ANV16S-41-R85L (SSD 1TB),2399000,,2399000,,,,,
100004240,에이서 니트로 V 16S AI ANV16S-41-R85L (SSD 2TB),2499000,,2499000,,,,,
101545166,에이서 니트로 V 16S AI ANV16S-41-R85L (SSD 4TB),3099000,,3099000,,,,,
99887933,에이서 니트로 V 16S AI ANV16S-41-R85L (SSD 512GB),1900000,,1900000,,,,,
100004261,에이서 니트로 V 16S AI ANV16S-41-R85L 32GB램 (SSD 1TB),2268000,,2268000,,,,,
100004264,에이서 니트로 V 16S AI ANV16S-41-R85L 32GB램 (SSD 2TB),2190000,,2190000,,,,,
100004270,에이서 니트로 V 16S AI ANV16S-41-R85L 32GB램 (SSD 4TB),2519000,,2519000,,,,,
100004258,에이서 니트로 V 16S AI ANV16S-41-R85L 32GB램 (SSD 512GB),2399000,,2399000,,,,,
100622723,에이서 니트로 V 16S AI ANV16S-41-R9SV (SSD 1TB),1589190,,1589390,,,,,
100622729,에이서 니트로 V 16S AI ANV16S-41-R9SV (SSD 2TB),1738000,,1738000,,,,,
102880766,에이서 니트로 V 16S AI ANV16S-41-R9SV (SSD 4TB),2974000,,2974000,,,,,
99875495,에이서 니트로 V 16S AI ANV16S-41-R9SV (SSD 512GB),1518000,,1518000,,,,,
100622756,에이서 니트로 V 16S AI ANV16S-41-R9SV 32GB램 (SSD 1TB),1918380,,1918580,,,,,
100622759,에이서 니트로 V 16S AI ANV16S-41-R9SV 32GB램 (SSD 2TB),2069000,,2069000,,,,,
100622765,에이서 니트로 V 16S AI ANV16S-41-R9SV 32GB램 (SSD 4TB),2760000,,2760000,,,,,
100622750,에이서 니트로 V 16S AI ANV16S-41-R9SV 32GB램 (SSD 512GB),1732780,,1732980,,,,,
100622786,에이서 니트로 V 16S AI ANV16S-41-R9SV 64GB램 (SSD 1TB),2521810,,2522010,,,,,
100622792,에이서 니트로 V 16S AI ANV16S-41-R9SV 64GB램 (SSD 2TB),2687780,,2687980,,,,,
100622798,에이서 니트로 V 16S AI ANV16S-41-R9SV 64GB램 (SSD 4TB),3648000,,3648000,,,,,
100622783,에이서 니트로 V 16S AI ANV16S-41-R9SV 64GB램 (SSD 512GB),2418170,,2418370,,,,,
100622837,에이서 니트로 V 16S AI ANV16S-41-R9SV WIN11 (SSD 1TB),1623970,,1624170,,,,,
102124316,에이서 니트로 V 16S AI ANV16S-41-R9SV WIN11 (SSD 2TB),1748000,,1748000,,,,,
101628707,에이서 니트로 V 16S AI ANV16S-41-R9SV WIN11 (SSD 4TB),2950000,,2560000,,,,,
100622831,에이서 니트로 V 16S AI ANV16S-41-R9SV WIN11 (SSD 512GB),1432410,,1432510,,,,,
124248883,에이서 니트로 V 16S AI ANV16S-41-R9SV WIN11 24GB램 (SSD 1TB),2716000,,2716000,,,,,
124248889,에이서 니트로 V 16S AI ANV16S-41-R9SV WIN11 24GB램 (SSD 2TB),3016000,,3016000,,,,,
124248895,에이서 니트로 V 16S AI ANV16S-41-R9SV WIN11 24GB램 (SSD 4TB),3616000,,3616000,,,,,
124248881,에이서 니트로 V 16S AI ANV16S-41-R9SV WIN11 24GB램 (SSD 512GB),2536000,,2536000,,,,,
100622852,에이서 니트로 V 16S AI ANV16S-41-R9SV WIN11 32GB램 (SSD 1TB),1940550,,1940750,,,,,
100622858,에이서 니트로 V 16S AI ANV16S-41-R9SV WIN11 32GB램 (SSD 2TB),2072000,,2072000,,,,,
100622849,에이서 니트로 V 16S AI ANV16S-41-R9SV WIN11 32GB램 (SSD 512GB),1762360,,1762560,,,,,
100622900,에이서 니트로 V 16S AI ANV16S-41-R9SV WIN11 64GB램 (SSD 1TB),2542670,,2542870,,,,,
100622903,에이서 니트로 V 16S AI ANV16S-41-R9SV WIN11 64GB램 (SSD 2TB),2708640,,2708840,,,,,
100622906,에이서 니트로 V 16S AI ANV16S-41-R9SV WIN11 64GB램 (SSD 4TB),3740000,,3740000,,,,,
100622891,에이서 니트로 V 16S AI ANV16S-41-R9SV WIN11 64GB램 (SSD 512GB),2438940,,2439140,,,,,
70254533,에이서 스위프트 14 AI SF14-51-72HA (SSD 1TB),1890000,,1890000,,,,,
70254548,에이서 스위프트 14 AI SF14-51-72HA (SSD 2TB),1990000,,1990000,,,,,
73558622,에이서 스위프트 14 AI SF14-51-76Y4 (SSD 1TB),2597000,,1849000,,,,,
73558625,에이서 스위프트 14 AI SF14-51-76Y4 (SSD 2TB),2797000,,1919000,,,,,
73559573,에이서 스위프트 14 AI SF14-51-76Y4 (SSD 4TB),3297000,,2149000,,,,,
72973769,에이서 스위프트 14 AI SF14-51-76Y4 (SSD 512GB),2348000,,1749000,,,,,
76157477,에이서 스위프트 14 AI SF14-61T-R5B5 (SSD 1TB),2490000,,2490000,,,,,
76157486,에이서 스위프트 14 AI SF14-61T-R5B5 (SSD 2TB),2590000,,2590000,,,,,
76157501,에이서 스위프트 14 AI SF14-61T-R5B5 (SSD 4TB),2990000,,2865800,,,,,
73884818,에이서 스위프트 14 AI SF14-61T-R5B5 (SSD 512GB),3090000,,3090000,,,,,
73428167,에이서 스위프트 16 AI SF16-51-53BV (SSD 1TB),1890000,,1890000,,,,,
73428173,에이서 스위프트 16 AI SF16-51-53BV (SSD 2TB),1990000,,1990000,,,,,
76073297,에이서 스위프트 16 AI SF16-51-53BV (SSD 4TB),2290000,,2290000,,,,,
72673628,에이서 스위프트 16 AI SF16-51-53BV (SSD 512GB),1760000,,1760000,,,,,
73468511,에이서 스위프트 16 AI SF16-51-70J2 (SSD 2TB),2250000,,2250000,,,,,
73468517,에이서 스위프트 16 AI SF16-51-70J2 (SSD 4TB),2579000,,2579000,,,,,
65910506,에이서 스위프트 16 AI SF16-51-70J2 (SSD 512GB),2325000,,2308820,,,,,
108409184,에이서 스위프트 16 AI SF16-71T-7475 (SSD 1TB),3000000,,3000000,,,,,
108409199,에이서 스위프트 16 AI SF16-71T-7475 (SSD 2TB),3350000,,3189000,,,,,
108409205,에이서 스위프트 16 AI SF16-71T-7475 (SSD 4TB),4100000,,4053000,,,,,
107769113,에이서 스위프트 16 AI SF16-71T-7475 (SSD 512GB),2369000,,2369000,,,,,
14227421,에이서 스위프트 3 SF314-59 플라이 i5 (SSD 500GB),1299000,,1299000,,,,,
15756644,에이서 스위프트 3 SF316-51 Gen4 MAX W11 (SSD 1TB),1599000,,1599000,,,,,
15554618,에이서 스위프트 3 SF316-51 Gen4 MAX W11 (SSD 512GB),1399000,,1399000,,,,,
73559588,에이서 스위프트 GO 14 AI SFG14-01-X7HU (SSD 1TB),1595000,,1538500,,,,,
73559591,에이서 스위프트 GO 14 AI SFG14-01-X7HU (SSD 2TB),1666000,,1638500,,,,,
73559594,에이서 스위프트 GO 14 AI SFG14-01-X7HU (SSD 4TB),2099000,,2099000,,,,,
68789498,에이서 스위프트 GO 14 AI SFG14-01-X7HU (SSD 512GB),1459000,,1281010,,,,,
122636128,에이서 스위프트 GO 14 AI SFG14-75-508U (SSD 1TB),1368990,,1368990,,,,,
122636132,에이서 스위프트 GO 14 AI SFG14-75-508U (SSD 2TB),1488990,,1488990,,,,,
122636133,에이서 스위프트 GO 14 AI SFG14-75-508U (SSD 4TB),2800000,,2949600,,,,,
122620366,에이서 스위프트 GO 14 AI SFG14-75-508U (SSD 512GB),1229000,,1229000,,,,,
108355259,에이서 스위프트 GO 14 AI SFG14-75-55U9 (SSD 1TB),2050000,,2050000,,,,,
108355265,에이서 스위프트 GO 14 AI SFG14-75-55U9 (SSD 2TB),2171000,,2171000,,,,,
108355268,에이서 스위프트 GO 14 AI SFG14-75-55U9 (SSD 4TB),3035000,,3035000,,,,,
107769350,에이서 스위프트 GO 14 AI SFG14-75-55U9 (SSD 512GB),2500000,,1930000,,,,,
123436113,에이서 스위프트 GO 14 AI SFG14-I71-57P5 (SSD 1TB),1878570,,1878730,,,,,
123436118,에이서 스위프트 GO 14 AI SFG14-I71-57P5 (SSD 2TB),1994320,,1994470,,,,,
122719782,에이서 스위프트 GO 14 AI SFG14-I71-57P5 (SSD 512GB),1689000,,1559000,,,,,
70152509,에이서 스위프트 GO 14 OLED SFG14-42-R16Z (SSD 1TB),2199000,,2199000,,,,,
70152515,에이서 스위프트 GO 14 OLED SFG14-42-R16Z (SSD 2TB),2299000,,2299000,,,,,
27570647,에이서 스위프트 GO 14 OLED SFG14-42-R16Z (SSD 512GB),1699000,,1298580,,,,,
46742261,에이서 스위프트 GO 14 OLED SFG14-42-R16Z WIN11 (SSD 1TB),2999000,,2999000,,,,,
46742264,에이서 스위프트 GO 14 OLED SFG14-42-R16Z WIN11 (SSD 2TB),3199000,,3199000,,,,,
44905568,에이서 스위프트 GO 14 OLED SFG14-42-R16Z WIN11 (SSD 512GB),2799000,,1399800,,,,,
96584294,에이서 스위프트 GO 14 OLED SFG14-74-54ZV (SSD 1TB),2047000,,1895530,,,,,
96584330,에이서 스위프트 GO 14 OLED SFG14-74-54ZV (SSD 2TB),2147000,,2147000,,,,,
96977819,에이서 스위프트 GO 14 OLED SFG14-74-54ZV (SSD 4TB),3199000,,2512820,,,,,
95341235,에이서 스위프트 GO 14 OLED SFG14-74-54ZV (SSD 512GB),1595000,,1511500,,,,,
62793950,에이서 스위프트 GO 14 SFG14-73-52V6 (SSD 1TB),2199000,,1872500,,,,,
62794151,에이서 스위프트 GO 14 SFG14-73-52V6 (SSD 2TB),2299000,,1942500,,,,,
73761806,에이서 스위프트 GO 14 SFG14-73-52V6 (SSD 4TB),2090000,,2090000,,,,,
49830404,에이서 스위프트 GO 14 SFG14-73-52V6 (SSD 512GB),3159000,,1767000,,,,,
93316649,에이서 스위프트 GO 14 SFG14-73-52ZT (SSD 1TB),1690000,,1690000,,,,,
93316679,에이서 스위프트 GO 14 SFG14-73-52ZT (SSD 2TB + SSD 512GB),2290000,,2290000,,,,,
93385232,에이서 스위프트 GO 14 SFG14-73-52ZT (SSD 2TB),1990000,,1990000,,,,,
97706648,에이서 스위프트 GO 14 SFG14-73-52ZT (SSD 4TB),2990000,,2377400,,,,,
90576989,에이서 스위프트 GO 14 SFG14-73-52ZT (SSD 512GB),1481000,,1481000,,,,,
93316697,에이서 스위프트 GO 14 SFG14-73-52ZT WIN11 (SSD 1TB),1790000,,1471250,,,,,
93316718,에이서 스위프트 GO 14 SFG14-73-52ZT WIN11 (SSD 2TB + SSD 512GB),1990000,,1990000,,,,,
93385238,에이서 스위프트 GO 14 SFG14-73-52ZT WIN11 (SSD 2TB),1990000,,1623560,,,,,
93628709,에이서 스위프트 GO 14 SFG14-73-52ZT WIN11 (SSD 4TB),2790000,,2189000,,,,,
93316694,에이서 스위프트 GO 14 SFG14-73-52ZT WIN11 (SSD 512GB),1690000,,1332560,,,,,
123721980,에이서 스위프트 GO 16 AI SFG16-74-70E9 (SSD 1TB),1670000,,1670000,,,,,
123721983,에이서 스위프트 GO 16 AI SFG16-74-70E9 (SSD 2TB),1839000,,1838990,,,,,
123721984,에이서 스위프트 GO 16 AI SFG16-74-70E9 (SSD 4TB),2417060,,2409000,,,,,
122719720,에이서 스위프트 GO 16 AI SFG16-74-70E9 (SSD 512GB),1400000,,1319000,,,,,
107769239,에이서 스위프트 GO 16 AI SFG16-74-7412 (SSD 1TB),3000000,,2800000,,,,,
108410108,에이서 스위프트 GO 16 AI SFG16-74-7412 (SSD 2TB),3500000,,2500000,,,,,
108410111,에이서 스위프트 GO 16 AI SFG16-74-7412 (SSD 4TB),4000000,,2800000,,,,,
122636236,에이서 스위프트 GO 16 AI SFG16-I71-75Y2 (SSD 1TB),2198350,,2198550,,,,,
122636239,에이서 스위프트 GO 16 AI SFG16-I71-75Y2 (SSD 2TB),2348350,,2348550,,,,,
122636242,에이서 스위프트 GO 16 AI SFG16-I71-75Y2 (SSD 4TB),3300000,,3300000,,,,,
122619357,에이서 스위프트 GO 16 AI SFG16-I71-75Y2 (SSD 512GB),2168000,,1679000,,,,,
32101769,에이서 스위프트 GO 16 OLED SFG16-71-51BY (SSD 1TB + SSD 512GB),1485000,,,,,,,
32101766,에이서 스위프트 GO 16 OLED SFG16-71-51BY (SSD 1TB),1385000,,,,,,,
20017613,에이서 스위프트 GO 16 OLED SFG16-71-51BY (SSD 512GB),1285000,,,,,,,
62792303,에이서 스위프트 GO 16 SFG16-72-560W (SSD 1TB),2440000,,2440000,,,,,
62792321,에이서 스위프트 GO 16 SFG16-72-560W (SSD 2TB),2040000,,2040000,,,,,
73559627,에이서 스위프트 GO 16 SFG16-72-560W (SSD 4TB),3199000,,2342200,,,,,
60419465,에이서 스위프트 GO 16 SFG16-72-560W (SSD 512GB),3299000,,3299000,,,,,
73468907,에이서 스위프트 X 14 SFX14-72G-77V1 (SSD 1TB),2890000,,2890000,,,,,
73468922,에이서 스위프트 X 14 SFX14-72G-77V1 (SSD 2TB),2990000,,2990000,,,,,
73468928,에이서 스위프트 X 14 SFX14-72G-77V1 (SSD 4TB),3490000,,3490000,,,,,
70612967,에이서 스위프트 X 14 SFX14-72G-77V1 (SSD 512GB),2990000,,2990000,,,,,
70151183,에이서 스위프트 X 16 OLED Studio SFX16-61G 4050 (SSD 1TB),2790000,,2790000,,,,,
70151192,에이서 스위프트 X 16 OLED Studio SFX16-61G 4050 (SSD 2TB),2990000,,2990000,,,,,
27570875,에이서 스위프트 X 16 OLED Studio SFX16-61G 4050 (SSD 512GB),2690000,,2690000,,,,,
17990456,에이서 스위프트 X SFX14-51G-56FV (SSD 512GB),1299000,,1299000,,,,,
104321258,에이서 스위프트 라이트 16 SFL16-51M-510Z (SSD 1TB),1632080,,1632080,,,,,
104321273,에이서 스위프트 라이트 16 SFL16-51M-510Z (SSD 2TB),1990000,,1990000,,,,,
104321285,에이서 스위프트 라이트 16 SFL16-51M-510Z (SSD 4TB),2490000,,2490000,,,,,
101630729,에이서 스위프트 라이트 16 SFL16-51M-510Z (SSD 512GB),1590000,,1590000,,,,,
124288487,에이서 스위프트 에어 14 SFA14-I31-33DS (SSD 512GB),1079000,,1079000,,,,,
124153422,에이서 스위프트 에어 14 SFA14-I31-51KF (SSD 512GB),1199000,,1199000,,,,,
124153491,에이서 스위프트 에어 14 SFA14-I31-567J (SSD 512GB),1199000,,1199000,,,,,
98415584,에이서 스위프트 엣지 14 AI SFE14-51T-700K (SSD 1TB),3747000,,3747000,,,,,
98415593,에이서 스위프트 엣지 14 AI SFE14-51T-700K (SSD 2TB),3847000,,3847000,,,,,
98415596,에이서 스위프트 엣지 14 AI SFE14-51T-700K (SSD 4TB),4047000,,4047000,,,,,
98415503,에이서 스위프트 엣지 14 AI SFE14-51T-700K (SSD 512GB),3647000,,3647000,,,,,
122635867,에이서 스위프트 엣지 14 AI SFE14-I51-55T2 (SSD 1TB),1559600,,1559600,,,,,
122707846,에이서 스위프트 엣지 14 AI SFE14-I51-55T2 (SSD 2TB),1702310,,1702310,,,,,
122635869,에이서 스위프트 엣지 14 AI SFE14-I51-55T2 (SSD 4TB),2763400,,2763400,,,,,
122626310,에이서 스위프트 엣지 14 AI SFE14-I51-55T2 (SSD 512GB),1539000,,1539000,,,,,
122718805,에이서 스위프트 엣지 16 AI SFE16-I51-53NL (SSD 512GB),1848940,,1719000,,,,,
59074151,에이서 스위프트 엣지 16 OLED SFE16-43-R1XB WIN11 (SSD 1TB),2440000,,2440000,,,,,
60418535,에이서 스위프트 엣지 16 OLED SFE16-43-R1XB WIN11 (SSD 2TB),3490000,,3490000,,,,,
42859451,에이서 스위프트 엣지 16 OLED SFE16-43-R1XB WIN11 (SSD 512GB + SSD 512GB),2030000,,2030000,,,,,
42859445,에이서 스위프트 엣지 16 OLED SFE16-43-R1XB WIN11 (SSD 512GB),2290000,,2290000,,,,,
59074445,에이서 스위프트 엣지 16 OLED SFE16-43-R8ZU (SSD 1TB),2490000,,2490000,,,,,
59074454,에이서 스위프트 엣지 16 OLED SFE16-43-R8ZU (SSD 2TB),2690000,,2690000,,,,,
27577682,에이서 스위프트 엣지 16 OLED SFE16-43-R8ZU (SSD 512GB),1960000,,1890000,,,,,
96312074,에이서 아스파이어 14 AI A14-52M-53ZY (SSD 1TB),1850000,,1850000,,,,,
96312080,에이서 아스파이어 14 AI A14-52M-53ZY (SSD 2TB),1990000,,1990000,,,,,
96312107,에이서 아스파이어 14 AI A14-52M-53ZY (SSD 4TB),2299000,,2204000,,,,,
95287220,에이서 아스파이어 14 AI A14-52M-53ZY (SSD 512GB),1399000,,1271800,,,,,
122672266,에이서 아스파이어 14 AI A14-I71M-565N (SSD 1TB),1550000,,1550000,,,,,
122672273,에이서 아스파이어 14 AI A14-I71M-565N (SSD 2TB),1779000,,1779000,,,,,
122652172,에이서 아스파이어 14 AI A14-I71M-565N (SSD 512GB),1289000,,1289000,,,,,
123721476,에이서 아스파이어 16 A16-I71M (SSD 256GB),1450000,,1450000,,,,,
122690855,에이서 아스파이어 16 A16-I71M-57A (SSD 1TB),1299000,,1299000,,,,,
122690857,에이서 아스파이어 16 A16-I71M-57A (SSD 2TB),1449000,,1449000,,,,,
122690884,에이서 아스파이어 16 A16-I71M-57A (SSD 4TB),2751000,,2751000,,,,,
122673612,에이서 아스파이어 16 A16-I71M-57A (SSD 512GB),1482000,,1409000,,,,,
14600279,에이서 아스파이어 5 A515-45 테라4 16GB램 (SSD 1TB),1390000,,1390000,,,,,
14296778,에이서 아스파이어 5 A515-45 테라4 16GB램 (SSD 256GB),1319000,,1319000,,,,,
14296808,에이서 아스파이어 5 A515-45 테라4 16GB램 (SSD 500GB),1349000,,1349000,,,,,
94082243,에이서 아스파이어 고 AG14-71M-54YH (SSD 1TB),1608000,,1386000,,,,,
94082264,에이서 아스파이어 고 AG14-71M-54YH (SSD 2TB),2399000,,2033480,,,,,
97706921,에이서 아스파이어 고 AG14-71M-54YH (SSD 4TB),1999000,,1999000,,,,,
93074447,에이서 아스파이어 고 AG14-71M-54YH (SSD 512GB),1498000,,1173000,,,,,
124182396,에이서 아스파이어 고 AG14-I71M-55EA (SSD 512GB),1179000,,1179000,,,,,
123763381,에이서 아스파이어 고 AG14-I71M-96C5 (SSD 512GB),1630000,,1439000,,,,,
123731304,에이서 아스파이어 고 AG14-I71M-972S (SSD 1TB),1549000,,1549000,,,,,
123731309,에이서 아스파이어 고 AG14-I71M-972S (SSD 2TB),1699000,,1699000,,,,,
123731331,에이서 아스파이어 고 AG14-I71M-972S (SSD 4TB),2223090,,2223090,,,,,
123650595,에이서 아스파이어 고 AG14-I71M-972S (SSD 512GB),1528070,,1309000,,,,,
123731315,에이서 아스파이어 고 AG14-I71M-972S WIN11 (SSD 1TB),1599000,,1599000,,,,,
123731321,에이서 아스파이어 고 AG14-I71M-972S WIN11 (SSD 2TB),1749000,,1749000,,,,,
123731334,에이서 아스파이어 고 AG14-I71M-972S WIN11 (SSD 4TB),2243770,,2243770,,,,,
123731320,에이서 아스파이어 고 AG14-I71M-972S WIN11 (SSD 512GB),1499000,,1499000,,,,,
123723319,에이서 아스파이어 고 AG14-I71M-98W3 (SSD 1TB),1785050,,1785050,,,,,
123723323,에이서 아스파이어 고 AG14-I71M-98W3 (SSD 2TB),1900670,,1900670,,,,,
123723326,에이서 아스파이어 고 AG14-I71M-98W3 (SSD 4TB),2363150,,2363150,,,,,
123621948,에이서 아스파이어 고 AG14-I71M-98W3 (SSD 512GB),1673000,,1568990,,,,,
123668221,에이서 아스파이어 고 AG15-72P-526E (SSD 512GB),1050000,,1050000,,,,,
94129445,에이서 아스파이어 라이트16 AL16-52P-337C (SSD 1TB),1290000,,1060960,,,,,
90160082,에이서 아스파이어 라이트16 AL16-52P-337C (SSD 256GB),1062000,,870960,,,,,
94129451,에이서 아스파이어 라이트16 AL16-52P-337C (SSD 2TB),1390000,,1288700,,,,,
98228642,에이서 아스파이어 라이트16 AL16-52P-337C (SSD 4TB),1599000,,1599000,,,,,
94129430,에이서 아스파이어 라이트16 AL16-52P-337C (SSD 512GB),1515000,,910960,,,,,
94129481,에이서 아스파이어 라이트16 AL16-52P-337C 16GB램 (SSD 1TB),1691000,,1273700,,,,,
94023395,에이서 아스파이어 라이트16 AL16-52P-337C 16GB램 (SSD 256GB),1330000,,1161200,,,,,
94129490,에이서 아스파이어 라이트16 AL16-52P-337C 16GB램 (SSD 2TB),1790000,,1423700,,,,,
98228657,에이서 아스파이어 라이트16 AL16-52P-337C 16GB램 (SSD 4TB),1799000,,1799000,,,,,
94129475,에이서 아스파이어 라이트16 AL16-52P-337C 16GB램 (SSD 512GB),1641000,,1198700,,,,,
99321527,에이서 아스파이어 라이트16 AL16-52P-337C 32GB램 (SSD 1TB),1620000,,1543700,,,,,
99321521,에이서 아스파이어 라이트16 AL16-52P-337C 32GB램 (SSD 256GB),1400000,,1400000,,,,,
99321530,에이서 아스파이어 라이트16 AL16-52P-337C 32GB램 (SSD 2TB),1780000,,1693700,,,,,
99321536,에이서 아스파이어 라이트16 AL16-52P-337C 32GB램 (SSD 4TB),2440000,,2440000,,,,,
99321524,에이서 아스파이어 라이트16 AL16-52P-337C 32GB램 (SSD 512GB),1500000,,1468700,,,,,
94129880,에이서 아스파이어 라이트16 AL16-52P-337C WIN11 (SSD 1TB),1390000,,1110960,,,,,
93316520,에이서 아스파이어 라이트16 AL16-52P-337C WIN11 (SSD 256GB),1091000,,875960,,,,,
94129883,에이서 아스파이어 라이트16 AL16-52P-337C WIN11 (SSD 2TB),1291000,,1260960,,,,,
94634114,에이서 아스파이어 라이트16 AL16-52P-337C WIN11 (SSD 4TB),2099000,,2099000,,,,,
94129877,에이서 아스파이어 라이트16 AL16-52P-337C WIN11 (SSD 512GB),1141000,,920960,,,,,
94129901,에이서 아스파이어 라이트16 AL16-52P-337C WIN11 16GB램 (SSD 1TB),1741000,,1277900,,,,,
94023425,에이서 아스파이어 라이트16 AL16-52P-337C WIN11 16GB램 (SSD 256GB),1141000,,1107900,,,,,
94129907,에이서 아스파이어 라이트16 AL16-52P-337C WIN11 16GB램 (SSD 2TB),1823000,,1407900,,,,,
98228825,에이서 아스파이어 라이트16 AL16-52P-337C WIN11 16GB램 (SSD 4TB),1899000,,1899000,,,,,
94129898,에이서 아스파이어 라이트16 AL16-52P-337C WIN11 16GB램 (SSD 512GB),1691000,,1157900,,,,,
94634165,에이서 아스파이어 라이트16 AL16-52P-337C WIN11 32GB램 (SSD 1TB),1999000,,1583700,,,,,
94634153,에이서 아스파이어 라이트16 AL16-52P-337C WIN11 32GB램 (SSD 256GB),1699000,,1471200,,,,,
94634168,에이서 아스파이어 라이트16 AL16-52P-337C WIN11 32GB램 (SSD 2TB),2199000,,1733700,,,,,
99321422,에이서 아스파이어 라이트16 AL16-52P-337C WIN11 32GB램 (SSD 4TB),2490000,,2490000,,,,,
94634162,에이서 아스파이어 라이트16 AL16-52P-337C WIN11 32GB램 (SSD 512GB),1899000,,1508700,,,,,
90437333,에이서 아스파이어 라이트16 AL16-52P-50ML (SSD 1TB),1225170,,1225170,,,,,
90437336,에이서 아스파이어 라이트16 AL16-52P-50ML (SSD 2TB),1990000,,1990000,,,,,
92621135,에이서 아스파이어 라이트16 AL16-52P-50ML (SSD 4TB),1599000,,1599000,,,,,
86098784,에이서 아스파이어 라이트16 AL16-52P-50ML (SSD 512GB),849000,,849000,,,,,
90437279,에이서 아스파이어 라이트16 AL16-52P-50ML 16GB램 (SSD 1TB),1290000,,1290000,,,,,
90437282,에이서 아스파이어 라이트16 AL16-52P-50ML 16GB램 (SSD 2TB),1390000,,1390000,,,,,
92148980,에이서 아스파이어 라이트16 AL16-52P-50ML 16GB램 (SSD 4TB),1799000,,1604400,,,,,
86098856,에이서 아스파이어 라이트16 AL16-52P-50ML 16GB램 (SSD 512GB),1225460,,1225460,,,,,
90437297,에이서 아스파이어 라이트16 AL16-52P-50ML WIN11 (SSD 1TB),1271760,,1271760,,,,,
90437309,에이서 아스파이어 라이트16 AL16-52P-50ML WIN11 (SSD 2TB),1890000,,1890000,,,,,
92621153,에이서 아스파이어 라이트16 AL16-52P-50ML WIN11 (SSD 4TB),2550000,,2550000,,,,,
86098886,에이서 아스파이어 라이트16 AL16-52P-50ML WIN11 (SSD 512GB),1011660,,842270,,,,,
90437252,에이서 아스파이어 라이트16 AL16-52P-50ML WIN11 16GB램 (SSD 1TB),1290000,,1244900,,,,,
90437255,에이서 아스파이어 라이트16 AL16-52P-50ML WIN11 16GB램 (SSD 2TB),1450000,,1450000,,,,,
92148803,에이서 아스파이어 라이트16 AL16-52P-50ML WIN11 16GB램 (SSD 4TB),1899000,,1763700,,,,,
86098904,에이서 아스파이어 라이트16 AL16-52P-50ML WIN11 16GB램 (SSD 512GB),1299000,,1188000,,,,,
92148821,에이서 아스파이어 라이트16 AL16-52P-50ML WIN11 32GB램 (SSD 1TB),1550000,,1550000,,,,,
92148830,에이서 아스파이어 라이트16 AL16-52P-50ML WIN11 32GB램 (SSD 2TB),1690000,,1690000,,,,,
92148833,에이서 아스파이어 라이트16 AL16-52P-50ML WIN11 32GB램 (SSD 4TB),2490000,,2033700,,,,,
92148818,에이서 아스파이어 라이트16 AL16-52P-50ML WIN11 32GB램 (SSD 512GB),1390000,,1390000,,,,,
92148878,에이서 아스파이어 라이트16 AL16-52P-50ML WIN11 64GB램 (SSD 1TB),3290000,,2123700,,,,,
92148881,에이서 아스파이어 라이트16 AL16-52P-50ML WIN11 64GB램 (SSD 2TB),3490000,,2273700,,,,,
92148884,에이서 아스파이어 라이트16 AL16-52P-50ML WIN11 64GB램 (SSD 4TB),3990000,,2573700,,,,,
92148869,에이서 아스파이어 라이트16 AL16-52P-50ML WIN11 64GB램 (SSD 512GB),2990000,,2048700,,,,,
94027568,에이서 아스파이어 라이트16 AL16-52P-7164 (SSD 1TB),1890000,,1890000,,,,,
94027574,에이서 아스파이어 라이트16 AL16-52P-7164 (SSD 2TB),2090000,,2090000,,,,,
98245283,에이서 아스파이어 라이트16 AL16-52P-7164 (SSD 4TB),2099000,,2099000,,,,,
90160028,에이서 아스파이어 라이트16 AL16-52P-7164 (SSD 512GB),1432000,,1346200,,,,,
94029545,에이서 아스파이어 라이트16 AL16-52P-7164 WIN11 (SSD 1TB),1940000,,1940000,,,,,
94029548,에이서 아스파이어 라이트16 AL16-52P-7164 WIN11 (SSD 2TB),2190000,,2190000,,,,,
94634420,에이서 아스파이어 라이트16 AL16-52P-7164 WIN11 (SSD 4TB),2390000,,2390000,,,,,
94029542,에이서 아스파이어 라이트16 AL16-52P-7164 WIN11 (SSD 512GB),1840000,,1840000,,,,,
94029452,에이서 아스파이어 라이트16 AL16-52P-7164 WIN11 32GB램 (SSD 1TB),2590000,,2590000,,,,,
94029455,에이서 아스파이어 라이트16 AL16-52P-7164 WIN11 32GB램 (SSD 2TB),2790000,,2790000,,,,,
98245418,에이서 아스파이어 라이트16 AL16-52P-7164 WIN11 32GB램 (SSD 4TB),2490000,,2490000,,,,,
94029449,에이서 아스파이어 라이트16 AL16-52P-7164 WIN11 32GB램 (SSD 512GB),2490000,,2490000,,,,,
92149136,에이서 프레데터 Helios 16 PH16-71 4060 W11 32GB램 (SSD 1TB),3399000,,3145100,,,,,
92149139,에이서 프레데터 Helios 16 PH16-71 4060 W11 32GB램 (SSD 2TB),3499000,,3245100,,,,,
92149145,에이서 프레데터 Helios 16 PH16-71 4060 W11 32GB램 (SSD 4TB),3699000,,3445100,,,,,
92149208,에이서 프레데터 Helios 16 PH16-71 4060 W11 64GB램 (SSD 1TB),3699000,,3385100,,,,,
92149211,에이서 프레데터 Helios 16 PH16-71 4060 W11 64GB램 (SSD 2TB),3799000,,3485100,,,,,
92149217,에이서 프레데터 Helios 16 PH16-71 4060 W11 64GB램 (SSD 4TB),3999000,,3685100,,,,,
92149205,에이서 프레데터 Helios 16 PH16-71 4060 W11 64GB램 (SSD 512GB),3699000,,3335100,,,,,
91187249,에이서 프레데터 Helios 18 PH18-72-95AK (SSD 1TB),5690000,,5690000,,,,,
91562111,에이서 프레데터 Helios 18 PH18-72-95AK (SSD 2TB),5890000,,5890000,,,,,
92233016,에이서 프레데터 Helios 18 PH18-72-95AK (SSD 4TB),6290000,,6290000,,,,,
63480938,에이서 프레데터 Helios Neo 14 PHN14-51-77CK (SSD 1TB),2180000,,2180000,,,,,
63480959,에이서 프레데터 Helios Neo 14 PHN14-51-77CK (SSD 2TB),2260000,,2260000,,,,,
94812482,에이서 프레데터 Helios Neo 14 PHN14-51-77CK (SSD 4TB),2640000,,2640000,,,,,
49830722,에이서 프레데터 Helios Neo 14 PHN14-51-77CK (SSD 512GB),2180000,,2180000,,,,,
28800089,에이서 프레데터 Helios Neo 16 PHN16-71-93WL (SSD 1TB),2990000,,2990000,,,,,
28800107,에이서 프레데터 Helios Neo 16 PHN16-71-93WL (SSD 2TB),3490000,,3490000,,,,,
78988895,에이서 프레데터 Helios Neo 16 PHN16-72-944R WIN11 (SSD 1TB),3290000,,3166400,,,,,
78988901,에이서 프레데터 Helios Neo 16 PHN16-72-944R WIN11 (SSD 2TB),3690000,,3266400,,,,,
90433373,에이서 프레데터 Helios Neo 16 PHN16-72-944R WIN11 (SSD 4TB),3390000,,3390000,,,,,
78988889,에이서 프레데터 Helios Neo 16 PHN16-72-944R WIN11 (SSD 512GB),3190000,,2996400,,,,,
46742807,에이서 프레데터 Helios Neo 16 PHN16-72-9529 (SSD 1TB),3476000,,3476000,,,,,
46742816,에이서 프레데터 Helios Neo 16 PHN16-72-9529 (SSD 2TB),3480000,,3480000,,,,,
37215734,에이서 프레데터 Helios Neo 16 PHN16-72-9529 (SSD 512GB),2990000,,2990000,,,,,
67682087,에이서 프레데터 Helios Neo V 16 PHN16-72-55XV (SSD 1TB),2289000,,2289000,,,,,
65432135,에이서 프레데터 Helios Neo V 16 PHN16-72-55XV (SSD 2TB),3099000,,3099000,,,,,
37225226,에이서 프레데터 Helios Neo V 16 PHN16-72-55XV (SSD 512GB),2199000,,2199000,,,,,
79111313,에이서 프레데터 Helios Neo V 16 PHN16-72-59C2 (SSD 1TB),2299000,,2232800,,,,,
79111319,에이서 프레데터 Helios Neo V 16 PHN16-72-59C2 (SSD 2TB),2399000,,2332800,,,,,
92148827,에이서 프레데터 Helios Neo V 16 PHN16-72-59C2 (SSD 4TB),2840000,,2532800,,,,,
78174065,에이서 프레데터 Helios Neo V 16 PHN16-72-59C2 (SSD 512GB),1837000,,1837000,,,,,
79111364,에이서 프레데터 Helios Neo V 16 PHN16-72-59C2 32GB램 (SSD 1TB),2299000,,2299000,,,,,
79111367,에이서 프레데터 Helios Neo V 16 PHN16-72-59C2 32GB램 (SSD 2TB),2399000,,2399000,,,,,
92148845,에이서 프레데터 Helios Neo V 16 PHN16-72-59C2 32GB램 (SSD 4TB),2590000,,2590000,,,,,
79111358,에이서 프레데터 Helios Neo V 16 PHN16-72-59C2 32GB램 (SSD 512GB),2249000,,2249000,,,,,
79111394,에이서 프레데터 Helios Neo V 16 PHN16-72-59C2 64GB램 (SSD 1TB),3090000,,3090000,,,,,
79111400,에이서 프레데터 Helios Neo V 16 PHN16-72-59C2 64GB램 (SSD 2TB),3190000,,3190000,,,,,
92148854,에이서 프레데터 Helios Neo V 16 PHN16-72-59C2 64GB램 (SSD 4TB),3290000,,3290000,,,,,
79111391,에이서 프레데터 Helios Neo V 16 PHN16-72-59C2 64GB램 (SSD 512GB),2990000,,2990000,,,,,
79111328,에이서 프레데터 Helios Neo V 16 PHN16-72-59C2 WIN11 (SSD 1TB),2485000,,2314000,,,,,
79111334,에이서 프레데터 Helios Neo V 16 PHN16-72-59C2 WIN11 (SSD 2TB),2585000,,2405000,,,,,
92148875,에이서 프레데터 Helios Neo V 16 PHN16-72-59C2 WIN11 (SSD 4TB),2980000,,2869000,,,,,
79111346,에이서 프레데터 Helios Neo V 16 PHN16-72-59C2 WIN11 32GB램 (SSD 1TB),2300000,,2300000,,,,,
79111349,에이서 프레데터 Helios Neo V 16 PHN16-72-59C2 WIN11 32GB램 (SSD 2TB),2690000,,2549800,,,,,
92148905,에이서 프레데터 Helios Neo V 16 PHN16-72-59C2 WIN11 32GB램 (SSD 4TB),3080000,,3080000,,,,,
79111337,에이서 프레데터 Helios Neo V 16 PHN16-72-59C2 WIN11 32GB램 (SSD 512GB),2555000,,2326000,,,,,
79111385,에이서 프레데터 Helios Neo V 16 PHN16-72-59C2 WIN11 64GB램 (SSD 1TB),3040000,,2735000,,,,,
79111388,에이서 프레데터 Helios Neo V 16 PHN16-72-59C2 WIN11 64GB램 (SSD 2TB),3360000,,2826000,,,,,
92148926,에이서 프레데터 Helios Neo V 16 PHN16-72-59C2 WIN11 64GB램 (SSD 4TB),3290000,,3258000,,,,,
79111382,에이서 프레데터 Helios Neo V 16 PHN16-72-59C2 WIN11 64GB램 (SSD 512GB),2945000,,2598000,,,,,
102033734,에이서 프레데터 트리톤 14 AI PT14-52T-947D (SSD 1TB),3799000,,3749000,,,,,
103601318,에이서 프레데터 트리톤 14 AI PT14-52T-947D (SSD 2TB),4035000,,4035000,,,,,
103601327,에이서 프레데터 트리톤 14 AI PT14-52T-947D (SSD 4TB),4550000,,4499000,,,,,
124249371,에이서 프레데터 트리톤 14 AI PT14-52T-947D (SSD 512GB),4959330,,4800000,,,,,
66507881,에이서 프레데터 트리톤 네오 16 PTN16-51-99ZD (SSD 1TB),2790000,,2790000,,,,,
72008162,에이서 프레데터 트리톤 네오 16 PTN16-51-99ZD (SSD 2TB),3089000,,3089000,,,,,
73559672,에이서 프레데터 트리톤 네오 16 PTN16-51-99ZD (SSD 4TB),4299000,,4299000,,,,,
94028384,에이서 프레데터 헬리오스 18 AI PH18-73-92N3 (SSD 1TB),9490000,,8476500,,,,,
96312587,에이서 프레데터 헬리오스 18 AI PH18-73-92N3 (SSD 2TB),9790000,,8221500,,,,,
96312602,에이서 프레데터 헬리오스 18 AI PH18-73-92N3 (SSD 4TB),10190000,,9516150,,,,,
92232416,에이서 프레데터 헬리오스 18 AI PH18-73-9721 (SSD 2TB),5990000,,5990000,,,,,
93499004,에이서 프레데터 헬리오스 18 AI PH18-73-9721 (SSD 4TB),6990000,,6990000,,,,,
92232443,에이서 프레데터 헬리오스 18 AI PH18-73-9721 64GB램 (SSD 1TB),6790000,,6500000,,,,,
92232449,에이서 프레데터 헬리오스 18 AI PH18-73-9721 64GB램 (SSD 2TB),6990000,,6880000,,,,,
93499085,에이서 프레데터 헬리오스 18 AI PH18-73-9721 64GB램 (SSD 4TB),7640000,,7640000,,,,,
94028558,에이서 프레데터 헬리오스 네오 16 AI PHN16-73-90EL (SSD 1TB),3590000,,3590000,,,,,
94885883,에이서 프레데터 헬리오스 네오 16 AI PHN16-73-90EL (SSD 2TB),3890000,,3890000,,,,,
95283320,에이서 프레데터 헬리오스 네오 16 AI PHN16-73-90EL (SSD 4TB),4590000,,4353700,,,,,
94885901,에이서 프레데터 헬리오스 네오 16 AI PHN16-73-90EL 64GB램 (SSD 1TB),4790000,,4295600,,,,,
94885907,에이서 프레데터 헬리오스 네오 16 AI PHN16-73-90EL 64GB램 (SSD 2TB),4890000,,4595600,,,,,
95283353,에이서 프레데터 헬리오스 네오 16 AI PHN16-73-90EL 64GB램 (SSD 4TB),5290000,,5195600,,,,,
94886081,에이서 프레데터 헬리오스 네오 16 AI PHN16-73-90EL WIN11 (SSD 1TB),3590000,,3590000,,,,,
94886084,에이서 프레데터 헬리오스 네오 16 AI PHN16-73-90EL WIN11 (SSD 2TB),3870000,,3870000,,,,,
95283371,에이서 프레데터 헬리오스 네오 16 AI PHN16-73-90EL WIN11 (SSD 4TB),4190000,,4190000,,,,,
94886048,에이서 프레데터 헬리오스 네오 16 AI PHN16-73-90EL WIN11 64GB램 (SSD 1TB),4990000,,4335600,,,,,
94886054,에이서 프레데터 헬리오스 네오 16 AI PHN16-73-90EL WIN11 64GB램 (SSD 2TB),5490000,,4835600,,,,,
95283416,에이서 프레데터 헬리오스 네오 16 AI PHN16-73-90EL WIN11 64GB램 (SSD 4TB),5990000,,5235600,,,,,
94028618,에이서 프레데터 헬리오스 네오 16 AI PHN16-73-9581 (SSD 1TB),3590000,,3590000,,,,,
95053979,에이서 프레데터 헬리오스 네오 16 AI PHN16-73-9581 (SSD 2TB),3690000,,3690000,,,,,
98089418,에이서 프레데터 헬리오스 네오 16 AI PHN16-73-9581 (SSD 4TB),3775000,,3775000,,,,,
96482213,에이서 프레데터 헬리오스 네오 16 AI PHN16-73-9581 64GB램 (SSD 1TB),3472000,,3472000,,,,,
96482219,에이서 프레데터 헬리오스 네오 16 AI PHN16-73-9581 64GB램 (SSD 2TB),3923000,,3923000,,,,,
96482228,에이서 프레데터 헬리오스 네오 16 AI PHN16-73-9581 64GB램 (SSD 4TB),4395000,,4176500,,,,,
94028711,에이서 프레데터 헬리오스 네오 16 AI PHN16-73-9797 (SSD 1TB),4390000,,4199800,,,,,
95203949,에이서 프레데터 헬리오스 네오 16 AI PHN16-73-9797 (SSD 2TB),4590000,,4590000,,,,,
97706822,에이서 프레데터 헬리오스 네오 16 AI PHN16-73-9797 (SSD 4TB),4990000,,4899800,,,,,
97226597,에이서 프레데터 헬리오스 네오 16 AI PHN16-73-9797 64GB램 (SSD 1TB),5990000,,4949800,,,,,
97226600,에이서 프레데터 헬리오스 네오 16 AI PHN16-73-9797 64GB램 (SSD 2TB),6490000,,5099800,,,,,
97226603,에이서 프레데터 헬리오스 네오 16 AI PHN16-73-9797 64GB램 (SSD 4TB),6990000,,5399800,,,,,
95277056,에이서 프레데터 헬리오스 네오 16 AI PHN16-73-9797 WIN11 (SSD 1TB),4490000,,4279870,,,,,
95277395,에이서 프레데터 헬리오스 네오 16 AI PHN16-73-9797 WIN11 (SSD 2TB),4690000,,4424990,,,,,
97304582,에이서 프레데터 헬리오스 네오 16 AI PHN16-73-9797 WIN11 (SSD 4TB),5190000,,4900000,,,,,
97304588,에이서 프레데터 헬리오스 네오 16 AI PHN16-73-9797 WIN11 (SSD 8TB),9000000,,9000000,,,,,
97226567,에이서 프레데터 헬리오스 네오 16 AI PHN16-73-9797 WIN11 64GB램 (SSD 1TB),5990000,,4949800,,,,,
97226573,에이서 프레데터 헬리오스 네오 16 AI PHN16-73-9797 WIN11 64GB램 (SSD 2TB),6490000,,5199800,,,,,
97226576,에이서 프레데터 헬리오스 네오 16 AI PHN16-73-9797 WIN11 64GB램 (SSD 4TB),6990000,,5399800,,,,,
97304618,에이서 프레데터 헬리오스 네오 16 AI PHN16-73-9797 WIN11 64GB램 (SSD 8TB),8301000,,7800000,,,,,
94028759,에이서 프레데터 헬리오스 네오 16 AI PHN16-73-97AB (SSD 1TB),3890000,,3890000,,,,,
97307891,에이서 프레데터 헬리오스 네오 16 AI PHN16-73-97AB (SSD 4TB),4490000,,4490000,,,,,
97307921,에이서 프레데터 헬리오스 네오 16 AI PHN16-73-97AB (SSD 8TB),5489000,,5489000,,,,,
99554954,에이서 프레데터 헬리오스 네오 16 AI PHN16-73-97AB 64GB램 (SSD 1TB),4510000,,4510000,,,,,
99554957,에이서 프레데터 헬리오스 네오 16 AI PHN16-73-97AB 64GB램 (SSD 2TB),4610000,,4610000,,,,,
99554960,에이서 프레데터 헬리오스 네오 16 AI PHN16-73-97AB 64GB램 (SSD 4TB),4810000,,4810000,,,,,
93445949,에이서 프레데터 헬리오스 네오 16S 슬림 AI PHN16S-71-91JF (SSD 1TB),3190000,,3475500,,,,,
94998956,에이서 프레데터 헬리오스 네오 16S 슬림 AI PHN16S-71-91JF (SSD 2TB),3490000,,3490000,,,,,
95204351,에이서 프레데터 헬리오스 네오 16S 슬림 AI PHN16S-71-91JF (SSD 4TB),4490000,,4083500,,,,,
97118423,에이서 프레데터 헬리오스 네오 16S 슬림 AI PHN16S-71-91JF 128GB램 (SSD 1TB),6989000,,6989000,,,,,
97118426,에이서 프레데터 헬리오스 네오 16S 슬림 AI PHN16S-71-91JF 128GB램 (SSD 2TB),7489000,,7489000,,,,,
97118438,에이서 프레데터 헬리오스 네오 16S 슬림 AI PHN16S-71-91JF 128GB램 (SSD 4TB),7989000,,7989000,,,,,
94998971,에이서 프레데터 헬리오스 네오 16S 슬림 AI PHN16S-71-91JF WIN11 (SSD 1TB),3490000,,3490000,,,,,
94998977,에이서 프레데터 헬리오스 네오 16S 슬림 AI PHN16S-71-91JF WIN11 (SSD 2TB),4390000,,3823500,,,,,
95204474,에이서 프레데터 헬리오스 네오 16S 슬림 AI PHN16S-71-91JF WIN11 (SSD 4TB),4990000,,3599990,,,,,
97118339,에이서 프레데터 헬리오스 네오 16S 슬림 AI PHN16S-71-91JF WIN11 128GB램 (SSD 1TB),6989000,,6989000,,,,,
97118342,에이서 프레데터 헬리오스 네오 16S 슬림 AI PHN16S-71-91JF WIN11 128GB램 (SSD 2TB),7489000,,7489000,,,,,
97118351,에이서 프레데터 헬리오스 네오 16S 슬림 AI PHN16S-71-91JF WIN11 128GB램 (SSD 4TB),7989000,,7989000,,,,,
95204492,에이서 프레데터 헬리오스 네오 16S 슬림 AI PHN16S-71-91JF WIN11 64GB램 (SSD 1TB),4990000,,4213500,,,,,
95204495,에이서 프레데터 헬리오스 네오 16S 슬림 AI PHN16S-71-91JF WIN11 64GB램 (SSD 2TB),5690000,,3931000,,,,,
95204501,에이서 프레데터 헬리오스 네오 16S 슬림 AI PHN16S-71-91JF WIN11 64GB램 (SSD 4TB),5990000,,4663500,,,,,
93445997,에이서 프레데터 헬리오스 네오 16S 슬림 AI PHN16S-71-949J (SSD 1TB),3690000,,3560900,,,,,
95203091,에이서 프레데터 헬리오스 네오 16S 슬림 AI PHN16S-71-949J (SSD 2TB),3690000,,3690000,,,,,
98246291,에이서 프레데터 헬리오스 네오 16S 슬림 AI PHN16S-71-949J (SSD 4TB),4190000,,4190000,,,,,
95203394,에이서 프레데터 헬리오스 네오 16S 슬림 AI PHN16S-71-949J 64GB램 (SSD 1TB),4899000,,4245000,,,,,
95203400,에이서 프레데터 헬리오스 네오 16S 슬림 AI PHN16S-71-949J 64GB램 (SSD 2TB),5290000,,4548500,,,,,
95203424,에이서 프레데터 헬리오스 네오 16S 슬림 AI PHN16S-71-949J 64GB램 (SSD 4TB),5990000,,4848500,,,,,
93446057,에이서 프레데터 헬리오스 네오 16S 슬림 AI PHN16S-71-97L7 (SSD 1TB),3590000,,3203200,,,,,
95206682,에이서 프레데터 헬리오스 네오 16S 슬림 AI PHN16S-71-97L7 (SSD 2TB),3790000,,3790000,,,,,
95206691,에이서 프레데터 헬리오스 네오 16S 슬림 AI PHN16S-71-97L7 (SSD 4TB),4475000,,4475000,,,,,
97118516,에이서 프레데터 헬리오스 네오 16S 슬림 AI PHN16S-71-97L7 128GB램 (SSD 1TB),6790000,,6790000,,,,,
97118519,에이서 프레데터 헬리오스 네오 16S 슬림 AI PHN16S-71-97L7 128GB램 (SSD 2TB),6990000,,6990000,,,,,
97118525,에이서 프레데터 헬리오스 네오 16S 슬림 AI PHN16S-71-97L7 128GB램 (SSD 4TB),7990000,,7990000,,,,,
95206715,에이서 프레데터 헬리오스 네오 16S 슬림 AI PHN16S-71-97L7 64GB램 (SSD 1TB),4990000,,4623500,,,,,
95206721,에이서 프레데터 헬리오스 네오 16S 슬림 AI PHN16S-71-97L7 64GB램 (SSD 2TB),5390000,,4773500,,,,,
95206730,에이서 프레데터 헬리오스 네오 16S 슬림 AI PHN16S-71-97L7 64GB램 (SSD 4TB),5990000,,5073500,,,,,
95206739,에이서 프레데터 헬리오스 네오 16S 슬림 AI PHN16S-71-97L7 WIN11 (SSD 1TB),3590000,,3303200,,,,,
95206742,에이서 프레데터 헬리오스 네오 16S 슬림 AI PHN16S-71-97L7 WIN11 (SSD 2TB),3965000,,3965000,,,,,
95206748,에이서 프레데터 헬리오스 네오 16S 슬림 AI PHN16S-71-97L7 WIN11 (SSD 4TB),4560000,,4560000,,,,,
97118477,에이서 프레데터 헬리오스 네오 16S 슬림 AI PHN16S-71-97L7 WIN11 128GB램 (SSD 1TB),6790000,,6790000,,,,,
97118483,에이서 프레데터 헬리오스 네오 16S 슬림 AI PHN16S-71-97L7 WIN11 128GB램 (SSD 2TB),6990000,,6990000,,,,,
97118489,에이서 프레데터 헬리오스 네오 16S 슬림 AI PHN16S-71-97L7 WIN11 128GB램 (SSD 4TB),7990000,,7990000,,,,,
93446072,에이서 프레데터 헬리오스 네오 16S 슬림 AI PHN16S-71-99SN (SSD 1TB),4900000,,3544800,,,,,
96711437,에이서 프레데터 헬리오스 네오 16S 슬림 AI PHN16S-71-99SN (SSD 4TB),4690000,,4690000,,,,,
96976505,에이서 프레데터 헬리오스 네오 18 AI PHN18-72-91UN 64GB램 (SSD 1TB),4690000,,4690000,,,,,
96976511,에이서 프레데터 헬리오스 네오 18 AI PHN18-72-91UN 64GB램 (SSD 2TB),4870000,,4870000,,,,,
96976520,에이서 프레데터 헬리오스 네오 18 AI PHN18-72-91UN 64GB램 (SSD 4TB),5180000,,5180000,,,,,
95206058,에이서 프레데터 헬리오스 네오 18 AI PHN18-72-97G7 (SSD 1TB),4590000,,4590000,,,,,
96261746,에이서 프레데터 헬리오스 네오 18 AI PHN18-72-97G7 (SSD 2TB),4890000,,4890000,,,,,
97111379,에이서 프레데터 헬리오스 네오 18 AI PHN18-72-97G7 (SSD 4TB),5390000,,5390000,,,,,
96261752,에이서 프레데터 헬리오스 네오 18 AI PHN18-72-97G7 64GB램 (SSD 1TB),5490000,,,,,,,
96261758,에이서 프레데터 헬리오스 네오 18 AI PHN18-72-97G7 64GB램 (SSD 2TB),5630000,,,,,,,
96261761,에이서 프레데터 헬리오스 네오 18 AI PHN18-72-97G7 64GB램 (SSD 4TB),5940000,,,,,,,
96482093,에이서 프레데터 헬리오스 네오 18 AI PHN18-72-97G7 WIN11 (SSD 1TB),4690000,,4690000,,,,,
96482099,에이서 프레데터 헬리오스 네오 18 AI PHN18-72-97G7 WIN11 (SSD 2TB),4990000,,4990000,,,,,
97226090,에이서 프레데터 헬리오스 네오 18 AI PHN18-72-97G7 WIN11 (SSD 4TB),4571000,,4571000,,,,,
96482111,에이서 프레데터 헬리오스 네오 18 AI PHN18-72-97G7 WIN11 64GB램 (SSD 1TB),5990000,,5541000,,,,,
96482114,에이서 프레데터 헬리오스 네오 18 AI PHN18-72-97G7 WIN11 64GB램 (SSD 2TB),6390000,,5691000,,,,,
96482120,에이서 프레데터 헬리오스 네오 18 AI PHN18-72-97G7 WIN11 64GB램 (SSD 4TB),6950000,,5991000,,,,,
