product_code,product_name,2026-10-09,2026-10-08,2026-10-07,2026-10-06,2026-10-05,2026-10-04,2026-10-03,2026-10-02
33483494,+0asis 600SB 벌크,15990,15990,15990,15990,15990,15990,15990,15990
15323429,+0asis Cool 600SB6P V2.3 벌크,17150,17490,17490,17490,17490,17490,17490,17490
15362705,+0asis Cool 700GP V2.3 벌크,31500,31500,31500,31500,31500,31500,31500,31500
71161970,3RSYS AK 1000W 80PLUS브론즈 모듈러 ATX3.1,99500,99500,99500,99500,99500,99500,99500,99500
12690218,3RSYS AK 500S 80PLUS스탠다드 230V EU,45000,45000,45000,45000,45000,45000,45000,45000
12690239,3RSYS AK 600S 80PLUS스탠다드 230V EU,52000,52000,52000,52000,52000,52000,52000,52000
12690251,3RSYS AK 700S 80PLUS스탠다드 230V EU,59000,59000,59000,59000,59000,59000,59000,59000
71162267,3RSYS AK 750W 80PLUS브론즈 모듈러 ATX3.1,75000,75000,75000,75000,75000,75000,75000,75000
12838997,3RSYS AK 800S 80PLUS스탠다드 230V EU,67000,67000,67000,67000,67000,67000,67000,67000
71162030,3RSYS AK 850W 80PLUS브론즈 모듈러 ATX3.1,85000,85000,85000,85000,85000,85000,85000,85000
18698168,3RSYS FORCE 600W,43500,43500,43500,43500,43500,43500,43500,43500
10345683,ABB코리아 UPS PowerValue 11 RT 1kVA B,670000,670000,670000,670000,670000,670000,670000,670000
10345953,ABB코리아 UPS PowerValue 11 RT 2kVA B,1280000,1280000,1280000,1280000,1280000,1280000,1280000,1280000
10346019,ABB코리아 UPS PowerValue 11 RT 3kVA B,1520000,1520000,1520000,1520000,1520000,1520000,1520000,1520000
10346166,ABB코리아 UPS PowerValue 11RT G2 10 kVA,6300000,6300000,6300000,6300000,6300000,6300000,6300000,6300000
10346133,ABB코리아 UPS PowerValue 11RT G2 6 kVA,4900000,4900000,4900000,4900000,4900000,4900000,4900000,4900000
10346316,ABB코리아 UPS PowerValue 11T G2 1 kVA B,510000,510000,510000,510000,510000,510000,510000,510000
10346469,ABB코리아 UPS PowerValue 11T G2 10 kVA B,4350000,4350000,4350000,4350000,4350000,4350000,4350000,4350000
10346379,ABB코리아 UPS PowerValue 11T G2 2 kVA B,900000,900000,900000,900000,900000,900000,900000,900000
10346421,ABB코리아 UPS PowerValue 11T G2 3 kVA B,1050000,1050000,1050000,1050000,1050000,1050000,1050000,1050000
10346451,ABB코리아 UPS PowerValue 11T G2 6 kVA B,3100000,3100000,3100000,3100000,3100000,3100000,3100000,3100000
123743667,ABSL ABL CELL 760GT PFC (중고),10000,10000,10000,10000,10000,10000,10000,10000
9802053,ANIX AXP 600W 80PLUS브론즈,43990,43990,43990,43990,43990,43990,43990,43990
14705492,ANIX 듀얼파워 커넥터,3170,3170,3170,3170,3170,3170,3170,3170
2459011,AONE 500P KC,23490,23490,23490,23490,23490,23490,23490,23490
120345073,AONE 500P KC 벌크,22000,22000,22000,22000,22000,22000,22000,22000
14759639,AONE 500S KC (벌크),15900,15900,15900,15900,15900,15900,15900,15900
2932261,AONE 600T KC,32260,32260,32260,32260,32260,32260,32260,32260
2935745,AONE MICRO 500P KC,23990,23990,23990,23990,23990,23990,23990,23990
32037200,AONE MICRO 600P,31940,31940,31940,31940,31940,31940,31940,31940
66051566,AONE Micro 450P,21270,21270,21270,21270,21270,21270,21270,21270
66051584,AONE Micro 450P 벌크,18960,18960,18960,18960,18960,18960,18960,18960
2615457,AONE Micro 450P-KC,21500,21500,21500,21500,21500,21500,21500,21500
2950192,AONE Micro 450P-KC 벌크,19000,19000,19000,19000,19000,19000,19000,19000
75071093,AONE NEW STORM 500LF 더블포워드 벌크,31000,31000,31000,31000,31000,31000,31000,31000
18213719,AONE STORM 1000W 80PLUS브론즈,75990,75990,75990,75990,75990,75990,75990,75990
17764373,AONE STORM 1000W 80PLUS브론즈 벌크,74680,74680,74680,74680,74680,74680,74680,74680
10373682,AONE STORM 500LF,33000,33000,33000,33000,33000,33000,33000,33000
4801762,AONE STORM 500LF 더블포워드 V2.3,30990,30990,30990,30990,30990,30990,30990,30990
4879239,AONE STORM 500LF 더블포워드 V2.3 벌크,30490,30490,30490,30490,30490,30490,30490,30490
9978645,AONE STORM 500LF 벌크,30990,30990,30990,30990,30990,30990,30990,30990
9431322,AONE STORM 500W 80PLUS브론즈,47490,47490,47490,47490,47490,47490,47490,47490
9431340,AONE STORM 500W 80PLUS브론즈 벌크,41000,41000,41000,41000,41000,41000,41000,41000
107989337,AONE STORM 500W 80PLUS스탠다드,38110,38110,38110,38110,38110,38110,38110,38110
107989670,AONE STORM 500W 80PLUS스탠다드 벌크,37090,37090,37090,37090,37090,37090,37090,37090
10373727,AONE STORM 600LF,37000,37000,37000,37000,37000,37000,37000,37000
5213968,AONE STORM 600LF A-PFC,37500,37500,37500,37500,37500,37500,37500,37500
5213975,AONE STORM 600LF A-PFC 벌크,35000,35000,35000,35000,35000,35000,35000,35000
9789456,AONE STORM 600LF 벌크,34990,34990,34990,34990,34990,34990,34990,34990
9431433,AONE STORM 600W 80PLUS브론즈,48000,48000,48000,48000,48000,48000,48000,48000
11412288,AONE STORM 600W 80PLUS브론즈 벌크,45990,45990,45990,45990,45990,45990,45990,45990
72476015,AONE STORM 600W 80PLUS브론즈 화이트,52210,52210,52210,52210,52210,52210,52210,52210
107990141,AONE STORM 600W 80PLUS스탠다드,42860,42860,42860,42860,42860,42860,42860,42860
107990642,AONE STORM 600W 80PLUS스탠다드 벌크,39990,39990,39990,39990,39990,39990,39990,39990
9431586,AONE STORM 700K 80PLUS브론즈 벌크,53990,53990,53990,53990,53990,53990,53990,53990
20635220,AONE STORM 700LF,47470,47470,47470,47470,47470,47470,47470,47470
73121675,AONE STORM 700LF 벌크,41700,41700,41700,41700,41700,41700,41700,41700
9431529,AONE STORM 700W 80PLUS브론즈,55490,55490,55490,55490,55490,55490,55490,55490
12583295,AONE STORM 700W 80PLUS브론즈 벌크,50980,50980,50980,50980,50980,50980,50980,50980
72476114,AONE STORM 700W 80PLUS브론즈 화이트,61200,61390,61390,61390,61390,61390,61390,61390
107990732,AONE STORM 700W 80PLUS스탠다드,45990,45990,45990,45990,45990,45990,45990,45990
107990744,AONE STORM 700W 80PLUS스탠다드 벌크,44690,44690,44690,44690,44690,44690,44690,44690
54959051,AONE STORM 750W 80PLUS브론즈 플랫,77420,77420,77420,77420,77420,77420,77420,77420
12723485,AONE STORM 800K 80PLUS브론즈 벌크,67000,67000,67000,67000,67000,67000,67000,67000
9431634,AONE STORM 800W 80PLUS브론즈,63490,63490,63490,63490,63490,63490,63490,63490
15207521,AONE STORM 800W 80PLUS브론즈 벌크,62000,62000,62000,62000,62000,62000,62000,62000
107990771,AONE STORM 800W 80PLUS스탠다드,49000,49000,49000,49000,53390,49000,49000,49000
107990783,AONE STORM 800W 80PLUS스탠다드 벌크,49520,49520,49520,49520,49520,49520,49520,49520
32036993,AONE STORM SFX 300LF,32170,32170,32170,32170,32170,32170,32170,32170
2310854,AONE TFX 450P,23680,23680,23680,23680,23680,23680,23680,23680
3099460,AONE TFX-450P KC,23520,23630,23630,23630,23630,23630,23630,23630
2944698,AONE TFX-500P KC,29750,29750,29750,29750,29750,29750,29750,29750
103750571,AONE 시그니처 1000W 80PLUS골드 풀모듈러 ATX3.1 블랙,100260,100260,100260,100260,100260,100260,100260,100260
103750586,AONE 시그니처 1000W 80PLUS골드 풀모듈러 ATX3.1 화이트,106300,106300,106300,106300,106300,106300,106300,106300
39912800,AONE 시그니처 1000W 80PLUS브론즈 풀모듈러 ATX3.1,93010,95000,95000,90540,90540,90540,90540,90540
39912806,AONE 시그니처 1000W 80PLUS브론즈 풀모듈러 베이직 ATX3.1,88970,88970,88970,88970,88970,88970,88970,88970
103750694,AONE 시그니처 1300W 80PLUS골드 풀모듈러 ATX3.1 블랙,126460,126460,126460,126460,126460,126460,126470,126470
103750733,AONE 시그니처 1300W 80PLUS골드 풀모듈러 ATX3.1 화이트,132040,132040,132040,132040,132040,132040,132040,132040
103750379,AONE 시그니처 750W 80PLUS골드 풀모듈러 ATX3.1 블랙,81380,81380,81380,81380,81380,81380,81380,81380
103750445,AONE 시그니처 750W 80PLUS골드 풀모듈러 ATX3.1 화이트,86480,86480,86480,86480,86480,86480,86480,86480
39912728,AONE 시그니처 750W 80PLUS브론즈 풀모듈러 ATX3.1,84500,84500,84500,84500,84500,84500,84500,84500
39912734,AONE 시그니처 750W 80PLUS브론즈 풀모듈러 베이직 ATX3.1,65090,65090,65090,65090,65090,65090,65090,65090
72475946,AONE 시그니처 750W 80PLUS브론즈 풀모듈러 베이직 ATX3.1 화이트,68740,69320,69320,69320,69320,69320,69320,69320
103750481,AONE 시그니처 850W 80PLUS골드 풀모듈러 ATX3.1 블랙,88330,88330,88330,88330,88330,88330,88340,88340
103750493,AONE 시그니처 850W 80PLUS골드 풀모듈러 ATX3.1 화이트,93920,93920,93920,93920,93920,93920,93920,93920
39912761,AONE 시그니처 850W 80PLUS브론즈 풀모듈러 ATX3.1,85000,85000,85000,85000,85000,85000,85000,85000
39912767,AONE 시그니처 850W 80PLUS브론즈 풀모듈러 베이직 ATX3.1,78000,78000,78000,78000,78000,78000,78000,78000
2435106,AONE 태왕 EP500 KC,22500,22500,22500,22500,22500,22500,22500,22500
2509283,AONE 태왕 EP600 KC,26490,26490,26490,26490,26490,26490,26490,26490
14816009,AONE 태왕 EP600 KC 벌크,26500,26500,26500,26500,26500,26500,26500,26500
2451400,AONE 태왕 EP600L KC,22050,22050,22050,22050,22050,22050,22050,22050
14814908,AONE 태왕 EP600L KC 벌크,23000,23000,23000,23000,23000,23000,23000,23000
2511691,AONE 태왕 TFX-450T KC,21490,21490,21490,21500,21500,21500,21500,21500
14744363,AONE 태왕 TFX-450T KC 벌크,22000,22000,22000,22000,22000,22000,22000,22000
73075,APC BACK-UPS CS 500(BK500EI),190000,190000,190000,190000,190000,190000,190000,190000
1000768,APC BE400-KR,146000,146000,146000,146000,146000,146000,146000,146000
1004540,APC BE550-KR,184000,184000,184000,184000,184000,184000,184000,184000
913792,APC BE700KR,174000,174000,174000,174000,174000,174000,174000,174000
44415785,APC BVX1200LI-GR,227000,227000,227000,227000,227000,227000,227000,227000
45997400,APC BVX700LUI-GR,160000,160000,160000,160000,160000,160000,160000,160000
16772696,APC BX1200MI-GR,229000,229000,229000,229000,229000,229000,229000,229000
16772720,APC BX1600MI-GR,345000,345000,345000,345000,342000,342000,342000,342000
16772675,APC BX950MI-GR,185000,185000,185000,185000,175750,175750,175750,175750
2735563,APC RBC106 교체용 배터리,70000,70000,70000,70000,70000,70000,70000,70000
2735900,APC RBC110 교체용 배터리,70000,70000,70000,70000,69350,69350,69350,69350
2736634,APC RBC12 교체용 배터리,610000,610000,610000,610000,610000,610000,610000,610000
110268353,APC RBC17 UPS 정품 배터리,77000,77000,77000,77000,77000,77000,77000,77000
2734412,APC RBC17 교체용 배터리,77000,77000,77000,77000,77000,77000,77000,77000
2734189,APC RBC2 교체용 배터리,70000,70000,70000,70000,66500,66500,66500,66500
2734148,APC RBC22 교체용 배터리,306000,306000,306000,306000,306000,306000,306000,306000
2734125,APC RBC23 교체용 배터리,439000,439000,439000,439000,439000,439000,439000,439000
2734091,APC RBC24 교체용 배터리,713900,713900,713900,713900,713900,713900,713900,713900
2734451,APC RBC31 교체용 배터리,405000,405000,405000,405000,405000,405000,405000,405000
2734518,APC RBC43 교체용 배터리,627110,627110,627110,627110,627110,627110,627110,627110
2734357,APC RBC48 교체용 배터리,182000,182000,182000,182000,172900,172900,172900,172900
2736210,APC RBC55 교체용 배터리,615000,615000,615000,615000,615000,615000,615000,615000
2734532,APC RBC6 교체용 배터리,214080,214080,214080,214080,214080,214080,214080,214080
2734545,APC RBC7 교체용 배터리,308000,308000,308000,308000,308000,308000,308000,308000
2722817,APC SMC 1000i (Smart-UPS C 1000i),399000,399000,399000,399000,379050,379050,379050,379050
2722850,APC SMC 1000i-2U (Smart-UPS C 1000i 2U),495500,495500,495500,495500,495500,508000,495500,495500
117351059,APC SMC 1000i-2UC,570000,570000,570000,570000,570000,570000,570000,570000
2722877,APC SMC 1500i (Smart-UPS C 1500i),527000,527000,527000,527000,500650,500650,500650,500650
2722882,APC SMC 1500i-2U (Smart-UPS C 1500i 2U),685000,685000,685000,685000,655000,655000,655000,655000
3270285,APC SMC 2000i (Smart-UPS C 2000i),1015000,1015000,1015000,1015000,1015000,1015000,1015000,1015000
3270288,APC SMC 2000i-2U (Smart-UPS C 2000i-2U),1382580,1382580,1387900,1400000,1370000,1370000,1370000,1370000
3270345,APC SMC 3000RMI-2U (Smart-UPS C 3000i-2U),1839900,1839900,1829260,1863000,1863000,1863000,1863000,1863000
3270340,APC SMC 3000i (Smart-UPS C 3000i),1464000,1464000,1464000,1464000,1464000,1464000,1464000,1464000
44415422,APC SMC1000IC,399000,399000,399000,399000,399000,399000,399000,399000
17210957,APC SMC1500IC,527000,527000,527000,527000,527000,527000,527000,527000
3838409,APC SMT1000I,448000,448000,448000,448000,448000,448000,448000,448000
48023720,APC SMT1000IC,527000,527000,527000,527000,527000,527000,527000,527000
3838071,APC SMT1000RMI 2U,699000,699000,699000,699000,699000,699000,699000,699000
17224202,APC SMT1000RMI2UC,699000,699000,699000,699000,699000,699000,699000,699000
3888244,APC SMT1500I,734390,734390,739990,739990,739990,739990,739990,739990
13381670,APC SMT1500IC,740000,740000,740000,710000,710000,710000,710000,710000
3838135,APC SMT1500RMI 2U,912000,912000,912000,912000,912000,912000,912000,912000
92152601,APC SMT1500RMI2UC,912000,912000,912000,912000,912000,912000,912000,912000
3838023,APC SMT2200I,1090000,1090000,1090000,1090000,1090000,1090000,1090000,1090000
3838104,APC SMT2200RMI 2U,1754810,1754810,1760130,1770000,1770000,1770000,1770000,1770000
3838232,APC SMT3000I,1485210,1485210,1485210,1485210,1485210,1485210,1485210,1485210
76073504,APC SMT3000IC,1597000,1597000,1597000,1597000,1597000,1597000,1597000,1597000
3838175,APC SMT3000RMI 2U,2104590,2104590,2104590,2104590,2104590,2104590,2104590,2104590
3838359,APC SMT750I,448000,448000,450000,450000,450000,450000,450000,450000
3838278,APC SMT750RMI 2U,539000,539000,539000,539000,539000,539000,539000,539000
15533432,APC SMV 3000AI,945000,945000,945000,945000,945000,945000,945000,945000
44415971,APC SMV1000I,347000,347000,347000,347000,347000,347000,347000,347000
44416040,APC SMV2000AI,733000,733000,733000,733000,733000,733000,733000,733000
5701713,APC SRT10KRMXLI,8273400,8273400,8273400,8273400,8273400,8273400,8273400,8273400
4237990,APC SRT10KXLI,7995000,7995000,7995000,7995000,7995000,7995000,7995000,7995000
5701882,APC SRT192BP 외장 배터리,1883000,1883000,1883000,1883000,1883000,1883000,1883000,1883000
5701772,APC SRT192BP2 외장 배터리,1836750,1836750,1836750,1836750,1836750,1836750,1836750,1836750
5701819,APC SRT192RMBP 외장 배터리,2111000,2111000,2111000,2111000,2111000,2111000,2111000,2111000
5701614,APC SRT2200RMXLI,2545000,2545000,2545000,2545000,2545000,2545000,2545000,2545000
5700015,APC SRT2200XLI,2345000,2345000,2345000,2345000,2345000,2345000,2345000,2345000
5701558,APC SRT3000RMXLI,3496000,3496000,3496000,3496000,3496000,3496000,3496000,3496000
5699929,APC SRT3000XLI,3296000,3296000,3296000,3296000,3296000,3296000,3296000,3296000
5701650,APC SRT5KRMXLI,5220400,5220400,5220400,5220400,5220400,5220400,5220400,5220400
4237875,APC SRT5KXLI,4963000,4963000,4963000,4963000,4963000,4963000,4963000,4963000
5700700,APC SRT6KRMXLI,5726200,5726200,5726200,5726200,5726200,5726200,5726200,5726200
4237917,APC SRT6KXLI,5464000,5464000,5464000,5464000,5464000,5464000,5464000,5464000
5700025,APC SRT72BP 외장 배터리,782800,782800,782800,782800,782800,782800,782800,782800
5701584,APC SRT72RMBP 외장 배터리,1024000,1024000,1024000,1024000,1024000,1024000,1024000,1024000
5701682,APC SRT8KRMXLI,6834600,6834600,6834600,6834600,6834600,6834600,6834600,6834600
4237952,APC SRT8KXLI,6568000,6568000,6568000,6568000,6568000,6568000,6568000,6568000
5699969,APC SRT96BP 외장 배터리,1180000,1180000,1180000,1180000,1180000,1180000,1180000,1180000
5701530,APC SRT96RMBP 외장 배터리,1380000,1380000,1380000,1380000,1380000,1380000,1380000,1380000
122654357,APC SRTG192XLBP2,5000000,5000000,5000000,5000000,5000000,5000000,5000000,5000000
122654313,APC SRTG20KXLI,19000000,19000000,19000000,19000000,19000000,19000000,19000000,19000000
48000590,APC SRV10KRI,4254000,4254000,4254000,4254000,4254000,4254000,4254000,4254000
91870880,APC SRV1KI-E,442000,442000,442000,442000,442000,442000,442000,442000
48000539,APC SRV1KRI,509000,509000,509000,509000,509000,509000,509000,509000
91910900,APC SRV2KI-E,875000,875000,875000,875000,875000,875000,875000,875000
48000557,APC SRV2KRI,912380,931000,931000,931000,931000,931000,931000,931000
13951031,APC SRV3KI,1122000,1122000,1122000,1122000,1122000,1122000,1122000,1122000
91910939,APC SRV3KI-E,1122000,1122000,1122000,1122000,1122000,1122000,1122000,1122000
48000449,APC SRV3KRI,1122000,1122000,1122000,1122000,1122000,1122000,1122000,1122000
48000572,APC SRV6KRI,3178000,3178000,3178000,3178000,3178000,3178000,3178000,3178000
73084,APC SUA 5000RMI 5U,3371380,3371380,3371380,3375530,3375530,3375530,3375530,3375530
1639634,APC SURT1000XLI,971000,971000,971000,971000,971000,971000,971000,971000
106780994,ASRock TAICHI TC-1650T 80PLUS티타늄 풀모듈러 ATX3.1,641000,641000,641000,641010,641010,641010,641010,641010
106780475,ASRock 스틸레전드 SL-1000G 80PLUS골드 풀모듈러 ATX3.1,189050,189050,189050,189050,189050,189050,189050,189050
106780781,ASRock 스틸레전드 SL-1000GW 80PLUS골드 풀모듈러 ATX3.1 화이트,209000,209000,212700,212700,212700,212700,212700,212700
106780541,ASRock 스틸레전드 SL-1200G 80PLUS골드 풀모듈러 ATX3.1,229000,229000,229000,229000,229000,229000,229000,229000
106780784,ASRock 스틸레전드 SL-1200GW 80PLUS골드 풀모듈러 ATX3.1 화이트,239000,239000,248730,248730,248730,248730,248730,248730
106780103,ASRock 스틸레전드 SL-850G 80PLUS골드 풀모듈러 ATX3.1,166460,166460,166460,166460,166460,166460,166460,166460
106780760,ASRock 스틸레전드 SL-850GW 80PLUS골드 풀모듈러 ATX3.1 화이트,175760,175760,175760,175760,175760,175760,175760,175760
77380859,ASUS PRIME 750W Bronze,85060,81730,82700,86790,80210,85210,82700,86790
27662210,ASUS PRIME 750W GOLD 대원씨티에스,173600,173600,173600,173600,173600,173600,173600,173600
27661976,ASUS PRIME 850W GOLD 대원씨티에스,125000,125000,125000,125000,125000,125000,125000,121100
19953725,ASUS ROG LOKI SFX-L 1000W PLATINUM,532760,532760,532760,508000,508000,508000,508000,508000
77381093,ASUS ROG STRIX 1000W Platinum,328000,328000,328000,328000,328000,328000,328000,328000
77381150,ASUS ROG STRIX 1200W Platinum,336290,336290,336290,336300,346300,346300,346300,339990
124225109,ASUS ROG STRIX 1200W Platinum Equalizer 인텍앤컴퍼니,,,,,,,,
106748498,ASUS ROG STRIX 1200W Platinum 인텍앤컴퍼니,320000,320000,320000,320000,320000,320000,320000,320000
20049668,ASUS ROG STRIX 750W GOLD Aura Edition,186910,186910,186910,186910,186910,186910,186910,186910
11674280,ASUS ROG STRIX 850G 80PLUS골드,217000,217000,217000,217000,217000,217000,217000,217000
20049734,ASUS ROG STRIX 850W GOLD Aura Edition,328000,328000,328000,328000,328000,328000,328000,328000
106748699,ASUS ROG STRIX 850W Platinum 인텍앤컴퍼니,320870,320870,320870,320870,320870,320870,320870,320870
16014875,ASUS ROG THOR 1000P2,468030,468030,468030,468030,468030,468030,468030,468030
108418214,ASUS ROG THOR 1200W Platinum III,638580,638580,638580,638580,638580,638580,638580,638580
106778225,ASUS ROG THOR3 1000W Platinum 인텍앤컴퍼니,599000,599000,599000,599000,599000,599000,599000,599000
18936689,ASUS TUF Gaming 1000W GOLD,265380,265380,265380,265380,265380,265380,265380,265380
77460794,ASUS TUF Gaming 1200W GOLD,332010,332030,332030,332050,332050,332050,332050,332050
122711919,ASUS TUF Gaming 1200W Gold EVO,332010,332030,332030,332050,332050,332050,332050,332050
13466708,ASUS TUF Gaming 750W 80PLUS브론즈,108310,108310,108310,108310,108310,108310,108310,108310
106727048,ASUS TUF Gaming 850W GOLD EVO 풀모듈러 ATX3.1,146140,146140,146140,142290,142290,141480,146140,142290
1658133,AcBEL CE2 450,40570,40570,40570,40700,39720,39720,39720,39720
104988710,AcBEL CRPS 2000W 1U 80PLUS플래티넘,641010,641030,641030,641050,641070,641070,641070,641070
122705126,AcBEL CRPS 2000W 2U 80PLUS플래티넘 리던던트,1496510,1496510,1496510,1502680,1465000,1465000,1465000,1465000
122705133,AcBEL CRPS 3000W 2U 80PLUS티타늄 리던던트,2621480,2621480,2621480,2621480,2621480,2621480,2621480,2621480
104989034,AcBEL CRPS 3200W 1U 80PLUS티타늄,1232440,1232440,1232440,1232440,1215790,1215790,1215790,1215790
104988737,AcBEL CRPS 800W 1U 80PLUS플래티넘,281390,281410,281410,281430,281430,281430,281430,281430
122705115,AcBEL CRPS 800W 2U 80PLUS플래티넘 리던던트,784550,784550,784550,768040,768030,768030,768030,768030
31459229,AcBEL R1CA2801A 800W 80PLUS플래티넘,279290,279290,279290,279950,273420,273420,273420,273420
92623463,Antec CSK 550W DC 80PLUS브론즈,59900,59900,59900,59900,59900,59900,59900,59900
14901677,Antec CSK 650W 80PLUS브론즈,73000,73000,73000,73000,73000,73000,73000,73000
92623559,Antec CSK 650W DC 80PLUS브론즈,68500,68500,68500,68900,68900,68900,68900,68900
16079105,Antec CSK 750H 80PLUS브론즈 모듈러,128100,128100,128100,128100,128100,128100,128100,128100
92623646,Antec CSK 750W DC 80PLUS브론즈 PCIE5.1,79490,79490,79490,79490,79490,79490,79490,79490
92623691,Antec CSK 750W DC 80PLUS브론즈 PCIE5.1 화이트,83900,83900,83900,83900,83900,83900,83900,83900
72975059,Antec CSK PRO 1000W 80PLUS브론즈 230V EU 모듈러 ATX3.1,118990,118990,118990,118990,118990,118990,118990,118990
72975086,Antec CSK PRO 850W 80PLUS브론즈 230V EU 모듈러 ATX3.1,103890,103890,103890,103890,103890,103890,103890,103890
106726658,Antec GSK 1000W 80PLUS골드 풀모듈러 ATX3.1,174800,174800,174800,174800,174800,174800,174800,174800
106726721,Antec GSK 1200W 80PLUS골드 풀모듈러 ATX3.1,194000,194000,194000,194000,194000,194000,194000,194000
71066699,Antec GSK 750W 80PLUS골드 풀모듈러 ATX3.1,135390,135390,135390,135390,135390,135390,135390,135390
97361954,Antec GSK 750W V2 80PLUS골드 풀모듈러 ATX3.1,120970,120970,120970,120970,120970,120970,120970,120970
71066594,Antec GSK 850W 80PLUS골드 풀모듈러 ATX3.1,191040,191040,191040,191040,191040,191040,191040,191040
97310339,Antec GSK 850W V2 80PLUS골드 풀모듈러 ATX3.1,135490,135490,135490,135490,135490,135490,135490,135490
99641303,Antec GSK 850W V2 화이트 80PLUS골드 풀모듈러 ATX3.1,140000,140000,140000,140000,140000,140000,140000,140000
71066633,Antec GSK 850W 화이트 80PLUS골드 풀모듈러 ATX3.1,151620,151620,151620,151620,151620,151620,151620,151620
60424865,Antec HCG PRO 1000W 80PLUS플래티넘 풀모듈러 ATX3.1,291880,291880,291880,291880,291880,291880,291880,291880
60424910,Antec HCG PRO 1200W 80PLUS플래티넘 풀모듈러 ATX3.1,339000,339000,339000,339000,339000,339000,339000,339000
60424808,Antec HCG PRO 850W 80PLUS플래티넘 풀모듈러 ATX3.1,249000,249000,249000,249000,249000,249000,249000,249000
21587054,Antec NeoECO 1000W 80PLUS골드 풀모듈러 ATX3.1,237000,237000,237000,237000,237000,237000,237000,237000
123537826,Antec NeoECO 1000W 80PLUS플래티넘 풀모듈러 ATX 3.1,203690,203690,203690,203690,203690,203690,203690,203690
27527396,Antec NeoECO 1000W 화이트 80PLUS골드 풀모듈러 ATX3.1,241500,241500,241500,241500,241500,241500,241500,241500
123537842,Antec NeoECO 1200W 80PLUS플래티넘 풀모듈러 ATX 3.1,232680,232680,232680,232680,232680,232680,232680,232680
21587153,Antec NeoECO 1300W 80PLUS골드 풀모듈러 ATX3.0,289000,289000,289000,289000,289000,289000,289000,289000
14048135,Antec NeoECO 850W 80PLUS플래티넘 풀모듈러,209000,209000,209000,209000,209000,209000,209000,209000
123537805,Antec NeoECO 850W 80PLUS플래티넘 풀모듈러 ATX 3.1,174600,174600,174600,174600,174600,174600,174600,174600
15429287,Antec NeoECO 850W 화이트 80PLUS골드 풀모듈러,217000,217000,217000,217000,217000,217000,217000,217000
14738801,Antec NeoECO NE650C 80PLUS브론즈 (중고),55000,55000,55000,55000,55000,55000,55000,55000
62635214,Antec SF850X 80PLUS골드 SFX 풀모듈러 ATX3.1,227900,227900,227900,227900,227900,227900,227900,227900
10920675,Antec SIGNATURE 1000W TITANIUM,455000,455000,455000,455000,455000,455000,455000,455000
10920798,Antec SIGNATURE 1300W PLATINUM,455000,455000,455000,455000,455000,455000,455000,455000
14745368,Antec VP500P PLUS 80PLUS스탠다드 230V EU (중고),41000,41000,41000,41000,41000,41000,41000,41000
6763879,BABEL BM-600VP Double Forward V2.31 Silverbel Series,54720,54720,54720,54720,54720,54720,54720,54720
15660632,BABEL BM-600VP Double Forward V2.31 Silverbel Series 벌크,43360,43360,43360,43360,43360,43360,43360,43360
15444635,BABEL BM-600VP PFC Double Forward Silverbel Series,50830,50830,50830,50830,50830,50830,50830,50830
12223073,BABEL BM-700VP-F 700W 80PLUS브론즈 Blackbel Series,55584,55584,55584,55584,55584,55584,55584,55584
3196661,BABEL DOM 600EX V2.3 Silverbel Series,28130,28130,28130,28130,28130,28130,28130,28130
5616649,BABEL Sense 500PB V2.3 Blackbel Series 벌크,16880,17060,17240,17240,17240,17240,17240,17240
6393777,BABEL Sense 600PB V2.3 Blackbel Series,23700,23700,23700,23700,23700,23700,23700,23700
6338676,BABEL Sense 600PB V2.3 Blackbel Series 벌크,23000,23000,23000,23000,23000,23000,23000,23000
2641447,BABEL Sense 600ST V2.3 Blackbel Series 벌크,24610,24610,24610,24610,24610,24610,24610,24610
92686817,BITFENIX BPA 500W,30680,30680,30680,30680,30680,30680,30680,30680
92686862,BITFENIX BPA 600W,34940,34940,34940,34940,34940,34940,34940,34940
92682422,BITFENIX BPAB 500W 80PLUS브론즈,34890,34890,34890,34890,34890,34890,34890,34890
92686391,BITFENIX BPAB 600W 80PLUS브론즈,38990,38990,38990,38990,38990,38990,38990,38990
92686502,BITFENIX BPAB 700W 80PLUS브론즈,44390,44390,44390,44390,44390,44390,44390,44390
92686625,BITFENIX BPAB 800W 80PLUS브론즈,58830,58830,58830,58830,58830,58830,58830,58830
33483455,Bestone SK-500SA 벌크,22000,22000,22000,22000,22000,22000,22000,22000
3550147,Bestone SK-II 500SA V2,23310,23310,23310,23310,23310,23310,23310,23310
3430608,Bestone SK-II 500SA V2 벌크,21200,21200,21200,21200,21200,21200,21200,21200
3565822,Bestone SK-II M500DM V2,28610,28610,28610,28610,28610,28610,28610,28610
3565832,Bestone SK-II M500DM V2 벌크,26570,26570,26570,26570,26570,26570,26570,26570
3550066,Bestone SK-II M500S,23310,23310,23310,23310,23310,23310,23310,23310
3430715,Bestone SK-II M500S 벌크,21250,21250,21250,21250,21250,21250,21250,21250
30121373,CORSAIR CX Series CX650,66850,66850,66850,66850,66850,66850,66850,66850
30121301,CORSAIR CX Series CX750,75220,75220,75220,75220,75220,75220,75220,75220
14757371,CORSAIR CX750 NEW 80PLUS브론즈 (중고),96000,96000,96000,96000,96000,96000,96000,96000
19883954,CORSAIR HX1000i ATX3.0,361570,361570,361570,361570,361570,361570,361570,361570
98923187,CORSAIR HX1000i SHIFT,388730,388730,388730,388730,388730,388730,388730,388730
86079881,CORSAIR HX1200i 80PLUS플래티넘 ATX3.1,378700,379430,379430,379430,379430,379430,370960,370960
36835277,CORSAIR HX1200i ATX3.0,370970,392350,392350,392350,370970,370970,370970,392330
98923208,CORSAIR HX1200i SHIFT,455000,455000,455000,455000,455000,455000,455000,455000
17455022,CORSAIR HX1500i 2022 80PLUS플래티넘,686000,686000,686000,686000,686000,686000,686000,686000
86092226,CORSAIR HX1500i 80PLUS플래티넘 ATX3.1,528980,528980,528980,528980,528980,528980,491120,491120
19884146,CORSAIR HX1500i ATX3.0,737800,737800,737800,737800,737800,737800,737800,737800
74813765,CORSAIR RM1000e ATX3.1,217330,217330,217330,217330,217330,217330,217330,217330
90576938,CORSAIR RM1000e ETA플래티넘 ATX3.1 화이트,226720,226720,226720,226720,226720,226720,223900,223900
42390800,CORSAIR RM1000x SHIFT 80PLUS골드 ATX3.0 화이트,277460,277460,277460,277460,277460,277460,277460,277460
19743569,CORSAIR RM1000x SHIFT 80PLUS골드 ATX3.1,249690,249690,249690,249690,249690,249690,249690,249690
89605583,CORSAIR RM1200e ATX3.1,249690,249690,249690,249690,249690,249690,247690,247690
19043699,CORSAIR RM1200x SHIFT 80PLUS골드 ATX3.0,361570,361570,361570,361570,361570,361570,361570,361570
42390740,CORSAIR RM1200x SHIFT 80PLUS골드 ATX3.0 화이트,370960,370960,370960,370960,370960,370960,370960,370960
74813801,CORSAIR RM750e ATX3.1,134740,134740,134740,134740,134740,134740,134740,134740
90576764,CORSAIR RM750e ETA플래티넘 ATX3.1 화이트,138930,138930,138930,138930,138930,138930,138930,138930
19727942,CORSAIR RM850e ATX3.0,230130,230130,230130,230130,230130,230130,230130,230130
74813786,CORSAIR RM850e ATX3.1,137910,146690,146690,137900,137900,137900,137900,137900
90576899,CORSAIR RM850e ETA골드 ATX3.1 화이트,143110,143110,143110,143110,143110,143110,143120,143130
19529672,CORSAIR RM850x SHIFT 80PLUS골드 ATX3.0,194360,194360,194360,194360,194360,194360,194360,194360
42390914,CORSAIR RM850x SHIFT 80PLUS골드 ATX3.0 화이트,229000,229000,229000,229000,229000,229000,229000,229000
124377135,CORSAIR RM850x SHIFT 80PLUS골드 ATX3.1,,,,,,,,
5524355,CORSAIR RM850x 화이트 80PLUS골드,197000,197000,197000,197000,197000,197000,197000,197000
62649707,CORSAIR RMx Series RM1000x ATX3.1,212130,223100,223100,223100,212130,212130,212130,225130
62649599,CORSAIR RMx Series RM850x ATX3.1,175570,175570,175570,175570,175570,175570,172620,172620
59929925,CORSAIR SF1000 ATX3.1,323890,323890,323890,323890,323890,323890,318960,318960
19974908,CORSAIR SF1000L ATX3.0,349000,349000,349000,349000,349000,349000,349000,349000
7110289,CORSAIR SF750 80PLUS플래티넘,239000,239000,239000,239000,239000,239000,239000,239000
59929793,CORSAIR SF750 ATX3.1,222260,224660,226630,226630,226630,226630,221510,221510
59930681,CORSAIR SF850 ATX3.1,261890,261890,261890,261890,261890,261890,261890,261890
97121099,CORSAIR WS3000 ATX3.1,817180,817180,817180,817180,817180,817180,817180,817180
17526269,COX SECURE SC-500N,40600,40600,40600,40600,40600,40600,40600,40600
17499473,COX SECURE SC-600N,35970,35970,35970,35970,35970,35970,35970,35970
17499527,COX SECURE SC-700N,51800,51800,51800,51800,51800,51800,51800,51800
2744151,CSB UPS 교체용 배터리 GP12170 12V 17AH,87900,83500,83500,83500,87900,83500,83500,83500
124376806,CWT NOVA-D 750W 80PLUS골드 ATX3.1,87900,87900,87900,,,,,
124376785,CWT NOVA-D 850W 80PLUS골드 ATX3.1,97430,97430,97430,,,,,
122691781,DEEPCOOL GAMER STORM PQ1000G 80PLUS골드 풀모듈러 ATX3.1,143930,143930,143930,143930,143930,143930,143930,143930
122691742,DEEPCOOL GAMER STORM PQ850G 80PLUS골드 풀모듈러 ATX3.1,115530,115530,115530,115530,115530,115530,115530,115530
68247491,DEEPCOOL PL650D 80PLUS브론즈 ATX3.1,61440,61440,61440,61440,61440,61440,61440,61440
68247452,DEEPCOOL PL750D 80PLUS브론즈 ATX3.1,76100,76100,76100,76100,76100,76100,76100,76100
68247431,DEEPCOOL PL800D 80PLUS브론즈 ATX3.1,81960,81960,81960,81960,81960,81960,81960,81960
63035603,DEEPCOOL PN750M 80PLUS골드 풀모듈러 ATX3.1,130760,130760,130760,130760,130760,130760,130760,130760
63030596,DEEPCOOL PN850M 80PLUS골드 풀모듈러 ATX3.1,143500,143500,143500,143500,143500,143500,143500,143500
16273730,DEEPCOOL PQ1000M 80Plus골드 풀모듈러,209000,209000,209000,209000,209000,209000,209000,209000
20569130,DEEPCOOL PX1000G 80PLUS골드 풀모듈러 ATX3.0,283820,283820,283820,298740,277840,277840,277840,277840
20569127,DEEPCOOL PX1200G 80PLUS골드 풀모듈러 ATX3.0,318760,318760,318760,318760,318760,318760,318760,318760
49998053,EATON 5A1200I-DIN-K,261000,261000,261000,261000,261000,261000,261000,261000
49998230,EATON 5A1500I-DIN-K,300000,300000,300000,300000,300000,300000,300000,300000
49998287,EATON 5A2200I-DIN-K,324120,324120,324120,324120,324120,324120,324120,324120
49998137,EATON 5A700I-DIN-K,149990,143000,143000,143000,143000,143000,143000,149990
5651165,EATON 5P 1550G,684080,684080,684080,684080,684080,684080,684080,684080
5651184,EATON 5P 1550GR1U,929990,929990,929990,929990,929990,929990,929990,929990
5836566,EATON 5P 850G,493990,493990,493990,493990,493990,493990,493990,493990
5836532,EATON 5P 850GR1U,657000,657000,657000,657000,657000,657000,657000,657000
117065789,EATON 5P1150GR,799000,799000,799000,799000,799000,799000,799000,799000
2722503,EATON 5PX 1500i RT2U,1322000,1322000,1322000,1322000,1322000,1322000,1322000,1297000
2722507,EATON 5PX 2200i RT2U,1382000,1382000,1382000,1382000,1382000,1382000,1382000,1382000
2722511,EATON 5PX 3000i RT3U,1409000,1409000,1409000,1409000,1409000,1409000,1409000,1409000
2722708,EATON Ellipse ECO 1200 USB DIN 기본,352320,352320,352320,352320,352320,352320,352320,352320
122623667,EVGA 1000 GQ SE 80PLUS골드,102000,102000,102000,102000,102000,102000,102000,102000
5973034,EVGA 750 GQ 80PLUS골드,102000,102000,102000,102000,102000,102000,102000,102000
14757272,EVGA SUPERNOVA 2000G+ 80PLUS골드,564720,564720,564720,564720,564720,564720,564720,564720
98227004,FSP 2000W 80PLUS골드 풀모듈러 ATX3.0,604790,755990,755990,604790,755990,604790,604790,755990
98227034,FSP 2000W 80PLUS골드 풀모듈러 ATX3.0 벌크,630000,630000,630000,630000,630000,630000,630000,630000
15242033,FSP 750-50AAA 750W 80PLUS브론즈,121130,121130,121130,121130,121130,121130,121130,121130
14808722,FSP ATX500-50HYN (중고),18900,18900,18900,18900,18900,18900,18900,18900
12310202,FSP DAGGER PRO 650W GOLD 풀모듈러,221200,221200,221200,221200,221200,221200,221200,221200
98409965,FSP DAGGER PRO 850W 80PLUS골드 ATX3.1 화이트,209690,209690,209690,209690,209690,209690,209690,209690
115603894,FSP FSP1200-50ADB 80PLUS GOLD 벌크,328000,328000,328000,328000,328000,328000,328000,328000
16529360,FSP FSP1200-50ADB 80PLUS골드,303360,303360,303360,303360,303360,303360,303360,303360
17004419,FSP FSP300-50FFB,75320,75320,75320,75820,75820,75820,75820,75820
3280043,FSP FSP300-60GHT,66900,66900,66900,66900,66900,66900,66900,66900
17004332,FSP FSP350-50FFB,76820,93990,93990,76820,90240,76820,76820,90240
12427652,FSP FSP400-50UCB 벌크,119980,125000,125000,119980,125000,111590,113520,125000
16822223,FSP FSP450-50SAC,98400,98400,98400,98400,98400,98400,98400,98400
124152984,FSP FSP450-50SAC 벌크,107480,107480,107480,107480,107480,107480,107480,107480
13950359,FSP FSP500-50FDB,153120,153120,153120,153120,153120,152620,153120,153120
14812226,FSP FSP500-50HPN (중고),18900,18900,18900,18900,18900,18900,18900,18900
14621936,FSP FSP500-70AGB,82560,82560,82560,82560,82560,82560,82560,82560
14760116,FSP FSP600-50HPN (중고),24000,24000,24000,24000,24000,24000,24000,24000
98226821,FSP FSP700-50WEB,290000,290000,290000,290000,290000,290000,290000,290000
98227031,FSP FSP700-50WEB 벌크,277590,277600,277600,277600,277600,277590,277590,277600
10811913,FSP FSP700-80PSA(SK) 벌크,162470,162470,162470,162470,162470,162470,162470,162470
16965977,FSP FSP750-50ABA,144000,144000,144000,144000,144000,144000,144000,144000
103691279,FSP FSP800-50FS 80PLUS플래티넘 벌크,556790,556800,556800,556790,556800,556790,556790,556800
17293193,FSP FSP850-50FGPH3,219830,219840,219840,219830,219840,219830,219830,219840
10812084,FSP FlexGURU 250W,90500,91000,91000,91000,91000,90500,91000,91000
5840944,FSP HEXA 550W 80PLUS브론즈 프리볼트,79980,79980,79980,79980,79980,79980,79980,79980
5840964,FSP HEXA 650W 80PLUS브론즈 프리볼트,92490,92490,92490,92490,92490,92490,92490,92490
120829260,FSP HYDRO G PRO 1000W 80PLUS Gold Full Modular (중고),99000,99000,99000,99000,99000,99000,99000,99000
17853017,FSP HYDRO G PRO 1000W 80PLUS골드 풀모듈러 ATX3.0,227000,227000,227000,227000,227000,227000,227000,227000
124289584,FSP HYDRO G PRO 1000W 80PLUS골드 풀모듈러 ATX3.0 (중고),119000,119000,119000,119000,119000,119000,119000,119000
98410109,FSP HYDRO G PRO 1000W 80PLUS골드 풀모듈러 ATX3.1,227000,227000,227000,227000,227000,227000,227000,227000
9747681,FSP HYDRO G PRO 750W 80PLUS골드 풀모듈러,152490,152490,152490,149500,150500,152490,152490,152490
18477077,FSP HYDRO G PRO 850W 80PLUS골드 풀모듈러 ATX3.0,186560,186560,186560,186560,186560,186560,186560,186560
98410055,FSP HYDRO G PRO 850W 80PLUS골드 풀모듈러 ATX3.1,187000,179000,187000,187000,187000,187000,187000,187000
123743487,FSP HYDRO GSM PRO 750W 80PLUS골드 모듈러 (중고),72370,72370,72370,72370,72370,72370,72370,72370
18329759,FSP HYDRO PTM PRO 1200W Platinum ATX 3.1,349000,349000,349000,349000,349000,349000,349000,349000
28829330,FSP HYDRO PTM X PRO 1000W PLATINUM 화이트 ATX3.0,259000,259000,259000,259000,259000,259000,259000,259000
98246258,FSP HYDRO PTM X PRO 1200W 80PLUS플래티넘 화이트 ATX3.1,440640,440640,440640,440640,440640,440640,440640,440640
28829426,FSP HYDRO PTM X PRO 1200W PLATINUM 화이트 ATX3.0,349000,349000,349000,349000,349000,349000,349000,349000
98246330,FSP HYDRO Ti PRO 1000W 80PLUS티타늄 ATX3.1,387600,387600,387600,387600,387600,387600,387600,387600
19240301,FSP HYDRO Ti PRO 1000W TITANIUM ATX3.0,399000,399000,399000,399000,399000,399000,399000,399000
108353792,FSP HYPER 500W 80PLUS스탠다드 230V EU ATX3.1,50000,50000,50000,50000,49990,49990,49990,49990
108353909,FSP HYPER 500W 80PLUS스탠다드 230V EU ATX3.1 벌크,40560,41370,48850,48850,48850,48850,48850,48850
108353834,FSP HYPER 600W 80PLUS스탠다드 230V EU ATX3.1,55000,55000,55000,54990,54990,54990,54990,54990
108353921,FSP HYPER 600W 80PLUS스탠다드 230V EU ATX3.1 벌크,48150,49120,53980,53980,53980,53980,53980,53980
108353849,FSP HYPER 700W 80PLUS스탠다드 230V EU ATX3.1,69000,69000,69000,69000,69000,69000,69000,69000
108353924,FSP HYPER 700W 80PLUS스탠다드 230V EU ATX3.1 벌크,67980,67980,67980,67980,67980,67980,67980,67980
15925922,FSP HYPER K 500W 80PLUS스탠다드 230V EU (중고),19000,19000,19000,19000,19000,19000,19000,19000
14735879,FSP HYPER K 600W 80PLUS스탠다드 230V EU (중고),35280,35280,26000,26000,26000,26000,26000,26000
12397211,FSP HYPER K PRO 500W 80PLUS스탠다드 230V EU,67200,67200,67200,67200,67200,67200,67200,67200
98229758,FSP HYPER K PRO 500W 브론즈 ATX3.1,55000,55000,55000,55000,55000,55000,55000,55000
12397271,FSP HYPER K PRO 600W 80PLUS스탠다드 230V EU,84000,84000,84000,84000,84000,84000,84000,84000
98229773,FSP HYPER K PRO 600W 브론즈 ATX3.1,67000,67000,67000,67000,67000,67000,67000,67000
98229821,FSP HYPER K PRO 700W 브론즈 ATX3.1,84990,84990,84990,84990,84990,84990,84990,84990
102357575,FSP MEGA GM 1000W 80PLUS골드 풀모듈러 ATX 3.1,213560,213560,220820,220820,220820,220820,220820,220820
102357713,FSP MEGA GM 1200W 80PLUS골드 풀모듈러 ATX 3.1,280990,280990,280990,280990,280990,280990,280990,280990
102357467,FSP MEGA GM 850W 80PLUS골드 풀모듈러 ATX 3.1,176240,176240,186990,186990,186990,186990,186990,186990
103130582,FSP MEGA TI 1350W 80PLUS티타늄 풀모듈러 ATX 3.1,499000,499000,499000,499000,499000,499000,499000,499000
102357194,FSP MEGA TI 1650W 80PLUS티타늄 풀모듈러 ATX 3.1,599000,599000,599000,599000,599000,599000,599000,599000
18770219,FSP Twins PRO 500W ATX Redundant,553000,553000,553000,553000,553000,553000,553000,553000
28803917,FSP Twins PRO 700W ATX Redundant,685000,685000,685000,685000,685000,685000,685000,685000
108354047,FSP VIC GM 750W 80PLUS골드 풀모듈러 ATX 3.1,114990,114990,114990,114990,114990,114990,114990,114990
108354074,FSP VIC GM 850W 80PLUS골드 풀모듈러 ATX 3.1,134990,134990,134990,134990,134990,134990,134990,134990
98244365,FSP VITA GD 750W 80PLUS골드 ATX3.1,91480,91480,91480,91480,91480,91480,91480,91480
98244416,FSP VITA GD 850W 80PLUS골드 ATX3.1,109990,109990,109990,109990,109990,109990,109990,109990
98241461,FSP VITA GM 1000W 80PLUS골드 ATX3.1,237780,237780,237780,237780,237780,237780,237780,237780
98241593,FSP VITA GM 1000W 80PLUS골드 ATX3.1 화이트,294000,294000,294000,294000,294000,294000,294000,294000
98241509,FSP VITA GM 750W 80PLUS골드 ATX3.1 화이트,279000,279000,279000,279000,279000,279000,279000,279000
98241425,FSP VITA GM 850W 80PLUS골드 ATX3.1,200450,200450,200450,200450,200450,200450,200450,200450
98241527,FSP VITA GM 850W 80PLUS골드 ATX3.1 화이트,294000,294000,294000,294000,294000,294000,294000,294000
124362977,FSP VITA PM 1000W 80PLUS플래티넘 ATX3.1,189000,189000,,,,,,
124362953,FSP VITA PM 750W 80PLUS플래티넘 ATX3.1,131000,131000,,,,,,
124362958,FSP VITA PM 850W 80PLUS플래티넘 ATX3.1,159000,159000,,,,,,
101185070,Fractal Design Ion 3 1000W 80PLUS골드 블랙,286390,286710,286710,286390,295990,286390,286390,295990
101185088,Fractal Design Ion 3 1000W 80PLUS골드 화이트,278070,286380,286380,286380,284050,283000,286380,286380
101184998,Fractal Design Ion 3 850W 80PLUS골드,224600,224600,224600,224600,224600,224600,224600,224600
99741659,GIGABYTE P650G 80PLUS골드 ATX3.1 피씨디렉트,65660,66990,66990,66990,66990,66990,64320,
33059297,GIGABYTE P650G 80PLUS골드 피씨디렉트,57770,57770,57770,57770,57770,57770,57770,57770
88209140,GIGABYTE P650SS 80PLUS실버 FDB ATX3.0 피씨디렉트,64100,55000,55000,49840,49840,49840,49840,49840
88211402,GIGABYTE P650SS ICE 80PLUS실버 FDB ATX3.0 피씨디렉트,53930,53990,53990,53990,53990,53990,53990,53990
18939278,GIGABYTE UD1000GM PG5 80PLUS골드 풀모듈러 ATX3.0 피씨디렉트,128140,128140,128140,128140,126450,126450,126450,126450
105554264,GIGABYTE UD1000GM PG5 V2 80PLUS골드 풀모듈러 ATX 3.1 제이씨현,149760,149760,149760,149760,149760,149760,149760,149760
96651776,GIGABYTE UD1000GM PG5 V2 80PLUS골드 풀모듈러 ATX3.1 피씨디렉트,142850,142870,142870,142890,142890,142890,142890,142890
94085393,GIGABYTE UD1000GM PG5 V2 ICE 80PLUS골드 풀모듈러 ATX3.1 피씨디렉트,142840,142860,142860,142880,142880,142880,142880,142880
21688382,GIGABYTE UD1300GM PG5 80PLUS골드 풀모듈러 ATX3.0 피씨디렉트,262580,262580,262580,257070,257050,257050,257050,257050
122624395,GIGABYTE UD750GM PG5 V2 80PLUS골드 풀모듈러 ATX3.1 피씨디렉트,92000,92000,87000,87000,92000,92000,92000,87000
124225035,GIGABYTE UD750GM PG5 V2 ICE 80PLUS골드 풀모듈러 ATX3.1 피씨디렉트,84630,84630,84630,84630,84630,84630,84630,84630
16369028,GIGABYTE UD850GM 80PLUS골드 풀모듈러 제이씨현,104990,104990,104990,104990,104990,104990,104990,104990
19749611,GIGABYTE UD850GM PG5 80PLUS골드 풀모듈러 ATX3.0 제이씨현,135000,135000,135000,135000,135000,135000,135000,135000
19539929,GIGABYTE UD850GM PG5 80PLUS골드 풀모듈러 ATX3.0 피씨디렉트,104850,104850,104850,104850,104850,104850,104850,104850
98760665,GIGABYTE UD850GM PG5 V2 80PLUS골드 풀모듈러 ATX3.1 제이씨현,110990,110990,110990,110990,110990,110990,110990,110990
99894578,GIGABYTE UD850GM PG5 V2 80PLUS골드 풀모듈러 ATX3.1 피씨디렉트,106950,106950,106950,106950,106940,106940,106940,106940
94085267,GIGABYTE UD850GM PG5 V2 ICE 80PLUS골드 풀모듈러 ATX3.1 피씨디렉트,109710,109710,109710,109710,109710,109710,109710,109710
69563237,GREENLEAF VOLTRON 500W Active,32600,32600,32600,32600,32600,32600,32600,32600
69563306,GREENLEAF VOLTRON 600W Active,36500,36500,36500,36500,36500,36500,36500,36500
92621480,GREENLEAF VOLTRON 700W 80PLUS브론즈 ATX3.1,48990,48990,48990,48990,48990,48990,48990,48990
92621501,GREENLEAF VOLTRON 700W 80PLUS브론즈 ATX3.1 화이트,54000,54000,54000,54000,54000,54000,54000,54000
92621645,GREENLEAF VOLTRON 800W 80PLUS브론즈 ATX3.1,59310,59310,59310,59310,59310,59310,59310,59310
92621657,GREENLEAF VOLTRON 800W 80PLUS브론즈 ATX3.1 화이트,64000,64000,64000,64000,64000,64000,64000,64000
31339214,GSI DOHICH 700W PLUS,46500,46500,46500,46500,46500,46500,46500,46500
31344824,GSI DOHICH PREMIUM 500W,35000,35000,35000,35000,35000,35000,35000,35000
31345106,GSI DOHICH PREMIUM 600W,38500,38500,38500,38500,38500,38500,38500,38500
1516395,GSI DOHICH VT-500 PLUS,30000,30000,30000,30000,30000,30000,30000,30000
31344470,GSI DOHICH VT-500 PLUS 벌크,18590,18590,18590,18590,18590,18590,18590,18590
122705936,GreatWall CRPS 1300N2 80PLUS플래티넘,420000,420000,420000,420000,420000,420000,420000,420000
122705978,GreatWall CRPS 2700T 80PLUS티타늄,1050000,1050000,1050000,1050000,1050000,1050000,1050000,1050000
122706001,GreatWall CRPS 3200T 80PLUS티타늄,1230000,1230000,1230000,1230000,1230000,1230000,1230000,1230000
122647781,GreatWall CRPS PDB CAGE 3KW 2U 이엠텍,339870,339890,339890,339910,339930,339930,339930,339930
123436358,GreatWall CRPS 백플레인 GW-BKPV2CBM,256000,256000,256000,256000,256000,256000,256000,256000
123436679,GreatWall CRPS 백플레인 GW-BKPV2DM,349000,349000,349000,349000,349000,349000,349000,349000
1543686,HALO ATX-H500W,15810,15880,15880,15880,15670,15670,15670,15670
1867846,HALO Bequiet-600RW V2.3,26030,26310,26470,26470,26470,26470,26470,26470
4545079,HOPELY 500RW V2.3 벌크,29510,29510,29510,29510,29240,29240,29240,29240
4897140,HOPELY 600A 벌크,15590,15610,15630,15660,15670,15630,15670,15660
33483470,HOPELY 600JB LIGHT 벌크,16720,16890,17060,17080,17080,17080,17080,16620
4545328,HOPELY 600JB 벌크,19000,19000,19000,19000,19000,19000,19000,19000
9247065,HOPELY 600MB KC NEW 벌크,25990,25990,25990,25990,25990,25990,25990,25990
77465807,HOPELY 600MB PR,25990,25990,25990,25990,25990,25990,25990,25990
66040097,HOPELY K600 V2.3 벌크,35000,35000,35000,35000,35000,35000,35000,35000
48001577,KSTAR HP910C (RM),528000,528000,528000,528000,528000,528000,528000,528000
2748099,KSTAR HP930C,968000,968000,968000,968000,968000,968000,968000,968000
13541231,KSTAR PRO2050,115500,115500,115500,115500,115500,115500,115500,115500
13607063,LM2596S DC-DC,850,850,850,850,850,870,850,850
98760545,MONTECH CENTURY II 1050 80PLUS골드 풀모듈러 ATX3.1,153900,153900,153900,153900,153900,153900,153900,153900
104594006,MONTECH CENTURY II 1200 80PLUS골드 풀모듈러 ATX3.1,210210,210210,210210,205105,210210,210210,210210,210210
98760509,MONTECH CENTURY II 850 80PLUS골드 풀모듈러 ATX3.1,119160,119160,119160,119166,120270,120270,120270,120270
91493066,MONTECH TITAN PLA 1000W 플래티넘 ATX3.1 화이트,229410,229410,229410,224748,229410,229410,229410,229410
91493102,MONTECH TITAN PLA 1200W 플래티넘 ATX3.1 화이트,267760,267760,267760,264035,267760,267760,267760,267760
58938845,MSI MAG A1000GL 80PLUS골드 풀모듈러 ATX3.1,186520,186520,186520,186520,186520,186520,186520,186520
96059492,MSI MAG A1000GLS 80PLUS골드 풀모듈러 ATX3.1,170020,173490,173490,173480,173480,173480,173480,173490
122719184,MSI MAG A1200PLS 80PLUS플래티넘 풀모듈러 ATX 3.1,214820,216690,216690,216680,216680,216680,216680,216690
58938893,MSI MAG A1250GL 80PLUS골드 풀모듈러 ATX3.1,224400,228800,228800,227900,227900,227900,227900,228800
30612056,MSI MAG A500DN 80PLUS스탠다드,43310,43330,43350,43370,43390,43450,43470,43500
68574608,MSI MAG A500N-H,36060,36070,36070,36070,36060,36060,36060,36070
30611999,MSI MAG A600DN 80PLUS스탠다드,47900,49000,49000,47900,47900,47900,47900,49000
15283025,MSI MAG A650BN 80PLUS브론즈,75600,75600,75600,75600,75600,75600,75600,75600
99916766,MSI MAG A650BN III 80PLUS브론즈 ATX3.1,64670,64800,64800,64400,64380,64390,64530,64800
42861437,MSI MAG A650BNL 80PLUS브론즈,59370,59900,59370,59380,59380,59380,59380,59900
70533359,MSI MAG A650BNL 80PLUS브론즈 화이트,61730,63000,62100,62500,62100,62100,62100,63000
96059372,MSI MAG A650GLS 80PLUS골드 풀모듈러 ATX3.1,81610,83130,83660,84170,84690,86000,86000,88000
42861392,MSI MAG A750BN 80PLUS브론즈 PCIE5,79200,79200,79200,79200,79200,79200,79200,79200
99916703,MSI MAG A750BN III 80PLUS브론즈 ATX3.1,82480,84000,82480,83500,82480,82480,82480,84000
21206882,MSI MAG A750GL 80PLUS골드 풀모듈러 ATX3.1,119000,119000,119000,119000,119000,119000,119000,119000
96059435,MSI MAG A750GLS 80PLUS골드 풀모듈러 ATX3.1,125240,128800,128800,128790,126000,126000,126000,128800
93913646,MSI MAG A750GN 80PLUS골드 ATX3.1,83990,84000,84000,83900,83900,83900,83900,84510
21206702,MSI MAG A850GL 80PLUS골드 풀모듈러 ATX3.1,186200,186200,186200,186200,186200,186200,186200,186200
28607840,MSI MAG A850GL 화이트 80PLUS골드 풀모듈러 ATX3.1,143080,146000,146000,146000,145990,145990,145990,146000
96059471,MSI MAG A850GLS 80PLUS골드 풀모듈러 ATX3.1,144490,144500,144500,144480,144480,144480,144480,144500
93913679,MSI MAG A850GN 80PLUS골드 ATX3.1,97200,97220,97220,97210,97210,97210,97210,97220
18146243,MSI MEG Ai1300P 80PLUS플래티넘 풀모듈러 ATX3.0,369000,369000,369000,369000,369000,369000,369000,369000
75071786,MSI MEG Ai1300P 80PLUS플래티넘 풀모듈러 ATX3.1,369000,369000,369000,369000,369000,369000,369000,369000
93630830,MSI MEG Ai1600T 80PLUS티타늄 풀모듈러 ATX3.1,1119710,1119710,1119710,1119710,1119710,1119710,1119710,1119710
13168653,MSI MPG A1000G 80PLUS골드 풀모듈러 ATX3.1,199000,199000,199000,199000,199000,199000,199000,199000
96059045,MSI MPG A1000GS II 80PLUS골드 풀모듈러 ATX3.1,187510,187810,185320,193990,185250,185250,181500,199000
96059108,MSI MPG A1250GS II 80PLUS골드 풀모듈러 ATX3.1,246000,248800,248800,246000,246000,246000,246000,248790
18442058,MSI MPG A850G 80PLUS골드 풀모듈러 ATX3.1,149000,149000,149000,149000,149000,149000,149000,149000
92041931,MSI MPG A850GS 80PLUS골드 풀모듈러 ATX3.1,163620,167910,166000,166000,165990,165990,165990,166000
122712536,MSI MPG Ai1300TS 80PLUS티타늄 풀모듈러 ATX 3.1,361170,361180,361180,361170,361170,361170,361170,361180
122712502,MSI MPG Ai1600TS 80PLUS티타늄 풀모듈러 ATX 3.1,636880,639600,639600,639590,636880,636880,636880,639600
122712608,MSI PRO A1000PL 80PLUS플래티넘 풀모듈러 ATX 3.1,186980,187860,187860,186990,186980,186980,186980,187860
122712597,MSI PRO A850PL 80PLUS플래티넘 풀모듈러 ATX 3.1,153590,156190,156190,153940,153940,153940,153940,156190
5694746,NCTOP DC-DC GM-120 SH,29430,29430,29430,29430,29430,29430,29430,29430
20507534,NEWZEN SKULL 1000XM ATX3.0 80PLUS골드,188990,188990,188990,185461,188990,188990,188990,188990
76551290,NEWZEN SKULL 650EM 80PLUS브론즈 ATX3.1,57230,57230,57230,57230,57230,57230,57230,57230
76551317,NEWZEN SKULL 650EM 80PLUS브론즈 ATX3.1 화이트,60000,60000,60000,56994,61420,61420,61420,61420
76551389,NEWZEN SKULL 750EM 80PLUS브론즈 ATX3.1,69375,69375,69375,69375,71770,71770,71770,71770
76551404,NEWZEN SKULL 750EM 80PLUS브론즈 ATX3.1 화이트,74062,74062,74062,69841,75830,75830,75830,75830
24714023,NEWZEN SKULL 750SM 모듈러 ATX3.0 80PLUS골드,148120,148120,148120,148120,148120,148120,148120,148120
24714137,NEWZEN SKULL 750SM 모듈러 ATX3.0 80PLUS골드 화이트,157080,157080,157080,157080,157080,157080,157080,157080
59465297,NEWZEN SKULL 750SM 모듈러 ATX3.1 80PLUS골드,93125,93125,93125,93125,94990,94990,94990,94990
59466356,NEWZEN SKULL 750SM 모듈러 ATX3.1 80PLUS골드 화이트,103541,103541,103541,103541,105720,105720,105720,105720
74052779,NEWZEN SKULL 750XM 풀모듈러 ATX3.1 80PLUS골드 블랙,123820,123820,123820,116705,123820,123820,123820,123820
67406777,NEWZEN SKULL 750XM 풀모듈러 ATX3.1 80PLUS골드 화이트,124370,124375,124375,124375,125120,125120,123828,123828
76551458,NEWZEN SKULL 850EM 80PLUS브론즈 ATX3.1,78750,78750,78750,74259,80630,80630,80630,80630
76551476,NEWZEN SKULL 850EM 80PLUS브론즈 ATX3.1 화이트,83438,83438,83438,78677,85420,85420,85420,85420
24713456,NEWZEN SKULL 850SM 모듈러 ATX3.0 80PLUS골드,105720,105720,105720,105720,105720,105720,105720,105720
24713753,NEWZEN SKULL 850SM 모듈러 ATX3.0 80PLUS골드 화이트,115420,115420,115420,115420,115420,115420,115420,115420
67403255,NEWZEN SKULL 850SM 모듈러 ATX3.1 80PLUS골드,103541,103541,103541,103541,105720,105720,105720,105720
72816704,NEWZEN SKULL 850SM 모듈러 ATX3.1 80PLUS골드 화이트,113958,113958,113958,107758,114220,114220,114220,114220
74052926,NEWZEN SKULL 850XM 풀모듈러 ATX3.1 80PLUS골드 블랙,138220,138220,138220,131440,138220,138220,138220,138220
108448481,NEXIUM NEXIUM WARRIOR 500W 벌크,31710,31710,31710,31710,31710,31710,31710,31710
108448535,NEXIUM NEXIUM WARRIOR 700W 80PLUS브론즈 벌크,43930,43930,43930,43930,43930,43930,43930,43930
108448586,NEXIUM WARRIOR 700W 80PLUS브론즈 ATX3.1,46560,46560,46560,46560,46560,46560,46560,46560
108448589,NEXIUM WARRIOR 700W 80PLUS브론즈 ATX3.1 화이트,48620,48620,48620,48620,48620,48620,48620,48620
108448718,NEXIUM WARRIOR 800W 80PLUS브론즈 ATX3.1,56580,56580,56580,56580,56580,56580,56580,56580
108448733,NEXIUM WARRIOR 800W 80PLUS브론즈 ATX3.1 화이트,58700,58700,58700,58700,58700,58700,58700,58700
95057144,NOCTUA PRIME TX-1600 Noctua Edition,962550,962550,962550,962550,962550,962550,996770,950840
77086049,NZXT C1000 80PLUS골드 풀모듈러 ATX3.1 블랙,266620,266720,266720,266720,266720,266720,266720,266720
77086067,NZXT C1000 80PLUS골드 풀모듈러 ATX3.1 화이트,282000,282000,282000,282000,282000,282000,282000,282000
101544794,NZXT C1200 80PLUS골드 풀모듈러 ATX3.0,176780,176780,176780,176780,176780,176780,176780,176780
77314157,NZXT C1200 80PLUS골드 풀모듈러 ATX3.1 블랙,292250,292250,292250,292250,292250,292250,292250,292250
77314178,NZXT C1200 80PLUS골드 풀모듈러 ATX3.1 화이트,287740,297980,297980,297980,297980,297980,297980,297980
79558487,NZXT C1500 80PLUS플래티넘 풀모듈러 ATX3.1 블랙,517080,517080,517080,517080,517080,517080,517080,517080
100758398,NZXT C650 80PLUS골드 벌크,56000,56000,56000,56000,51000,56000,53500,56000
77085227,NZXT C850 80PLUS골드 풀모듈러 ATX3.1 블랙,226380,231000,231000,230500,230500,230500,231000,231000
77085878,NZXT C850 80PLUS골드 풀모듈러 ATX3.1 화이트,188810,188810,188810,188810,188810,188810,188810,188810
111592839,PCM HP910C-RM,528000,528000,528000,528000,528000,528000,528000,528000
2751270,PCM UPS BLACK KNIGHT BNT-1000AP,374000,374000,374000,374000,374000,374000,374000,374000
73505,PCM UPS KIN-1000AP,373450,373450,373450,373450,373450,373450,373450,373450
73507,PCM UPS KIN-1500AP,627000,627000,627000,627000,627000,627000,627000,627000
18826778,PNC PARTNER EVEREST 1600AP VER.S 벌크,88790,88790,88790,88790,88790,88790,88790,88790
12342704,PNC PARTNER EVEREST 1600AP 벌크,108050,108050,108050,110000,110000,110000,110000,110000
6088467,PNC PARTNER EVEREST 2200AP 벌크,249990,249990,249990,249990,249990,249990,249990,249990
11292813,PNC PARTNER EVEREST 500K RGB 벌크,49000,49000,49000,49000,49000,49000,49000,49000
16136750,PNC PARTNER EVEREST 600K RGB 화이트,59780,59780,59780,59780,59780,59780,59780,59780
16154060,PNC PARTNER EVEREST 650W 80PLUS스탠다드 230V EU 벌크,63140,63140,63140,63140,63140,63140,63140,63140
12610565,PNC PARTNER EVEREST 750W 80PLUS스탠다드 230V EU,73360,73360,73360,73360,73360,73360,73360,73360
14110970,PNC PARTNER EVEREST 750W 80PLUS스탠다드 230V EU 벌크,52070,52070,52070,52070,52070,52070,52070,52070
17523821,PNC PARTNER EVEREST 750W 화이트 80PLUS스탠다드 230V EU 벌크,72100,72100,72100,72100,72100,72100,72100,72100
108228833,PNC PARTNER EVEREST AP3000 Ai 80PLUS플래티넘,1472000,1472000,1472000,1472000,1472000,1472000,1472000,1472000
29956388,PNC PARTNER EVEREST ECO AFTER 1100AP RGB MODULE,156510,156530,156530,156550,156570,156570,156570,156570
33483425,PowerFul P-FUL AW600 벌크,16410,16410,16410,16410,16410,16410,16410,16410
7834054,PowerFul P-FUL PF600PW V2.3 KC,37390,37390,37390,37390,37390,37390,37390,37390
7828099,PowerFul P-FUL PF600REAL 12VSD,51690,51690,51690,51690,51690,51690,51690,51690
6517783,REX COOL SILENT HS1-600 NEW,37490,37490,37490,37490,37490,37490,37490,37490
93864431,Segotep BN750W KR 80PLUS브론즈 ATX3.1 블랙,70810,70810,70810,70810,70800,70800,70810,70810
93864464,Segotep BN850W KR 80PLUS브론즈 ATX3.1 블랙,80510,80510,80510,80510,80500,80500,80510,80510
47843912,Segotep GM1000W 80PLUS골드 풀모듈러 ATX3.1 블랙,155000,155000,155000,155000,155000,155000,155000,155000
47843963,Segotep GM1000W 80PLUS골드 풀모듈러 ATX3.1 화이트,164450,170000,170000,170000,166390,166390,166390,169810
47844002,Segotep GM1250W 80PLUS골드 풀모듈러 ATX3.1 블랙,154230,154230,154230,154200,154200,154200,154230,154230
47844026,Segotep GM1250W 80PLUS골드 풀모듈러 ATX3.1 화이트,168210,168780,168780,168780,168700,168700,168780,168780
103599545,Segotep GM2000W 80PLUS골드 풀모듈러 ATX3.1 블랙,374710,378300,378300,378300,374700,374700,374710,378300
47843792,Segotep GM750W 80PLUS골드 풀모듈러 ATX3.1 블랙,101850,101850,101850,101850,101850,101850,101850,101850
47843813,Segotep GM750W 80PLUS골드 풀모듈러 ATX3.1 화이트,116400,116400,116400,116400,116400,116400,116400,116400
47843861,Segotep GM850W 80PLUS골드 풀모듈러 ATX3.1 블랙,111550,111550,111550,111550,111550,111550,111550,111550
47843882,Segotep GM850W 80PLUS골드 풀모듈러 ATX3.1 화이트,126100,126100,126100,126000,126000,126000,126100,126100
5466131,SilverStone Essential ST60F-ES230 600W 80PLUS스탠다드 아이보라,55990,55990,55990,55990,55990,55990,55990,55990
44906423,SilverStone HELA 2050R Platinum ATX3.1 마이크로닉스,755980,800150,800150,797940,755980,755980,755980,773240
4229699,SilverStone SST-SX700-LPT 아이보라,192730,192730,192730,192730,192730,192730,192730,192730
122617074,SuperFlower SF-1000C12DG COMBAT DG ETA골드 ATX3.1,132930,132930,132930,132930,132940,132940,132940,133430
69468725,SuperFlower SF-1000F14GE LEADEX III GOLD UP ATX3.1,186000,186000,186000,186000,186000,186000,186000,186000
94445258,SuperFlower SF-1000F14GE LEADEX III GOLD UP ATX3.1 화이트,194140,194140,194140,194140,194140,194140,194140,194140
19921292,SuperFlower SF-1000F14PE LEADEX VI PRO PLATINUM 화이트 PCIE5,248400,248400,248400,248400,248400,248400,248400,248400
20057756,SuperFlower SF-1000F14XG LEADEX VII GOLD ATX3.1,219150,219150,219150,219150,219150,219150,219150,219150
20237495,SuperFlower SF-1000F14XG LEADEX VII GOLD 화이트 ATX3.1,228780,228780,228780,228780,228780,228780,228780,228780
124376626,SuperFlower SF-1000F14XG V2 LEADEX VII ETA플래티넘 ATX3.1,243870,243890,243890,,,,,
124376715,SuperFlower SF-1000F14XG V2 LEADEX VII ETA플래티넘 ATX3.1 화이트,252340,252360,252360,,,,,
32037950,SuperFlower SF-1000F14XP LEADEX VII PRO PLATINUM 블랙 ATX3.1,253190,253190,253190,253190,253190,253190,253190,253190
49081385,SuperFlower SF-1000F14XP LEADEX VII PRO PLATINUM 화이트 ATX3.1,262240,262240,262240,262240,262240,262240,262240,262240
32038043,SuperFlower SF-1200F14XP LEADEX VII PRO PLATINUM 블랙 ATX3.1,283060,283060,283060,283060,283060,283060,283060,283060
49091162,SuperFlower SF-1200F14XP LEADEX VII PRO PLATINUM 화이트 ATX3.1,294000,294000,294000,294000,294000,294000,294000,294000
97227107,SuperFlower SF-1300F14GE LEADEX III GOLD UP ATX3.1,224470,224470,224600,224600,224600,224600,224600,224600
97227119,SuperFlower SF-1300F14GE LEADEX III GOLD UP ATX3.1 화이트,234050,234050,234050,234050,234050,234050,234050,234050
20275859,SuperFlower SF-1300F14XG LEADEX VII GOLD ATX3.1,255490,255490,255490,255490,255490,255490,255490,255490
20615300,SuperFlower SF-1300F14XG LEADEX VII GOLD 화이트 ATX3.1,263000,263000,263000,263000,263000,263000,263000,263000
101544143,SuperFlower SF-1700F14HT LEADEX ETA티타늄 ATX3.1,714640,714640,714640,714640,714640,714640,714640,714640
3353742,SuperFlower SF-2000F14HP LEADEX PLATINUM,665000,665000,665000,665000,665000,665000,665000,665000
122616922,SuperFlower SF-2200F14HP LEADEX TITANIUM ATX3.1,724000,724000,724000,724000,724000,724000,724000,724000
91562072,SuperFlower SF-2800F14HP LEADEX TITANIUM ATX3.1,984000,984000,984000,984000,984000,984000,984000,984000
123743172,SuperFlower SF-600R14SE Silver Green FX (중고),29900,29900,29900,29900,29900,29900,29900,29900
96707108,SuperFlower SF-650Z12DB Zillion DB ETA실버 ATX3.1,64790,64790,64790,64790,64790,64790,64790,64790
60148454,SuperFlower SF-750C12FG COMBAT FG 80PLUS골드 ATX3.1,132390,132390,132390,132390,132390,132390,132390,132390
69468659,SuperFlower SF-750F14GE LEADEX III GOLD UP ATX3.1,146290,146290,146290,146290,146290,146290,146290,146290
9343239,SuperFlower SF-750F14HT LEADEX TITANIUM,328150,328150,328150,328150,328150,328150,328150,328150
90156104,SuperFlower SF-750Z12DB Zillion DB ETA실버 ATX3.1,80680,80680,80680,80680,80680,80680,80680,80680
60148511,SuperFlower SF-850C12FG COMBAT FG 80PLUS골드 ATX3.1,139000,139000,139000,139000,139000,139000,139000,139000
69468698,SuperFlower SF-850F14GE LEADEX III GOLD UP ATX3.1,160800,160800,160800,160800,160800,160800,160800,160800
94445237,SuperFlower SF-850F14GE LEADEX III GOLD UP ATX3.1 화이트,166460,166460,166460,166460,166460,166460,166460,166460
20315651,SuperFlower SF-850F14HG LEADEX III GOLD 블랙 PCIE5,199780,199780,199780,199780,199780,199780,199780,199780
9343278,SuperFlower SF-850F14HT LEADEX TITANIUM,376010,376010,376010,376010,376010,376010,376010,376010
123743416,SuperFlower SF-850F14MT LEADEX SILVER (중고),71900,71900,71900,71900,71900,71900,71900,71900
19227146,SuperFlower SF-850F14PE LEADEX VI PRO PLATINUM PCIE5,182470,182480,182480,182490,182490,182490,182490,182490
15298862,SuperFlower SF-850F14TP LEADEX V PRO PLATINUM 블랙,240800,240800,240800,240800,240800,240800,240800,240800
16054550,SuperFlower SF-850F14TP LEADEX V PRO PLATINUM 화이트,269500,269500,269500,269500,269500,269500,269500,269500
20057990,SuperFlower SF-850F14XG LEADEX VII GOLD ATX3.1,192000,192000,192000,192000,192000,192000,192000,192000
20237516,SuperFlower SF-850F14XG LEADEX VII GOLD 화이트 ATX3.1,193440,201370,201370,201370,193440,193440,193440,201370
124376457,SuperFlower SF-850F14XG V2 LEADEX VII ETA플래티넘 ATX3.1,209670,209690,209690,,,,,
124376473,SuperFlower SF-850F14XG V2 LEADEX VII ETA플래티넘 ATX3.1 화이트,218150,218160,218160,,,,,
32037836,SuperFlower SF-850F14XP LEADEX VII PRO PLATINUM 블랙 ATX3.1,213890,213890,213890,213890,213890,213890,213890,213890
55795079,SuperFlower SF-850F14XP LEADEX VII PRO PLATINUM 화이트 ATX3.1,223900,223900,223900,223900,223900,223900,223900,223900
90156149,SuperFlower SF-850Z12DB Zillion DB ETA실버 ATX3.1,89560,89560,89560,89560,89560,89560,89560,89560
20358233,TAGER JN600W GAMING 벌크,43660,43660,43660,43660,43660,43660,43660,43660
1253359,WEED W450-MW 벌크,19390,19390,19390,19390,19390,19390,19390,19390
3426658,WEED W500-ORIGIN REAL,29750,30010,30010,30010,30010,30010,30010,30010
1565135,WEED W600-ORIGIN,24400,24400,24400,24400,24400,24400,24400,24400
77465870,WEED W600-ORIGIN KC,24400,24400,24400,24400,24400,24400,24400,24400
3420611,WEED W600-ORIGIN REAL,41830,41830,41830,41830,41830,41830,41830,41830
3171329,ares Akira 500AK,14640,14640,14640,14640,14640,14640,14640,14640
16265594,be quiet DARK POWER PRO 12 1500W 80PLUS티타늄,912240,912240,912240,912240,912240,912240,912240,912240
28802945,be quiet DARK POWER PRO 13 1300W 80PLUS티타늄,750000,750000,714320,693310,699310,699310,702310,711310
28803080,be quiet DARK POWER PRO 13 1600W 80PLUS티타늄,837000,837000,788000,794000,800000,797200,797200,800000
28803386,be quiet STRAIGHT POWER 12 1000W 80PLUS플래티넘,356000,356000,356000,356000,356000,356000,356000,356000
28803701,be quiet STRAIGHT POWER 12 1500W 80PLUS플래티넘,599000,599000,599000,599000,599000,599000,599000,599000
21651302,darkFlash SAVEMOST 500W 블랙,37300,37300,37300,37300,37300,37300,37300,37300
27941540,darkFlash SAVEMOST 600W 80PLUS스탠다드,50850,50850,50850,50850,50850,50850,50850,50850
60170783,darkFlash SAVEMOST 600W 80PLUS스탠다드 벌크,49810,49810,49810,49810,49810,49810,49810,49810
21651443,darkFlash SAVEMOST 600W 블랙,42040,42040,42040,42040,42040,42040,42040,42040
27941621,darkFlash SAVEMOST 700W 80PLUS스탠다드,64000,64000,64000,64000,64000,64000,64000,64000
60170801,darkFlash SAVEMOST 700W 80PLUS스탠다드 벌크,61080,61080,61080,61080,61080,61080,61080,61080
21651530,darkFlash SAVEMOST 700W 블랙,46200,46200,46200,46200,46200,46200,46200,46200
21547862,darkFlash UPMOST 1050W 80PLUS골드 풀모듈러 ATX3.0 블랙,185000,185000,185000,185000,185000,185000,185000,185000
21547892,darkFlash UPMOST 1050W 80PLUS골드 풀모듈러 ATX3.0 화이트,179080,179080,179080,179080,179080,179080,179080,179080
29340080,darkFlash UPMOST 1250W 80PLUS골드 풀모듈러 ATX3.0 블랙,199000,199000,199000,199000,199000,199000,199000,199000
29340092,darkFlash UPMOST 1250W 80PLUS골드 풀모듈러 ATX3.0 화이트,204900,204900,204900,204900,204900,204900,204900,204900
19813763,darkFlash UPMOST 750W 80PLUS골드 풀모듈러 블랙,119000,119000,119000,119000,119000,119000,119000,119000
19813847,darkFlash UPMOST 750W 80PLUS골드 풀모듈러 화이트,125000,125000,125000,125000,125000,125000,125000,125000
20709257,darkFlash UPMOST 850W 80PLUS골드 풀모듈러 ATX3.0 블랙,165000,165000,165000,165000,165000,165000,165000,165000
20709380,darkFlash UPMOST 850W 80PLUS골드 풀모듈러 ATX3.0 화이트,149000,149000,149000,149000,149000,149000,149000,149000
19814000,darkFlash UPMOST 850W 80PLUS골드 풀모듈러 블랙,145000,145000,145000,145000,145000,145000,145000,145000
19814027,darkFlash UPMOST 850W 80PLUS골드 풀모듈러 화이트,146400,146400,146400,146400,146400,146400,146400,146400
97356671,darkFlash 퍼펙트모스트 700W 80PLUS브론즈 ATX3.1 블랙,65320,65320,65320,65320,65320,65320,65320,65320
97356686,darkFlash 퍼펙트모스트 700W 80PLUS브론즈 ATX3.1 화이트,71110,71110,71110,71110,71110,71110,71110,71110
75938597,darkFlash 퍼펙트모스트 750W 80PLUS골드 풀모듈러 ATX3.1 블랙,102450,102450,102450,102450,102450,102450,102450,102450
75938603,darkFlash 퍼펙트모스트 750W 80PLUS골드 풀모듈러 ATX3.1 화이트,107970,107970,107970,107970,107970,107970,107970,107970
97356731,darkFlash 퍼펙트모스트 800W 80PLUS브론즈 ATX3.1 블랙,73620,73620,73620,73620,73620,73620,73620,73620
97356740,darkFlash 퍼펙트모스트 800W 80PLUS브론즈 ATX3.1 화이트,77300,77300,77300,77300,77300,77300,77300,77300
75938642,darkFlash 퍼펙트모스트 850W 80PLUS골드 풀모듈러 ATX3.1 블랙,117000,117000,117000,114260,114260,114260,114260,114260
75938654,darkFlash 퍼펙트모스트 850W 80PLUS골드 풀모듈러 ATX3.1 화이트,118120,118120,118120,118120,118120,118120,118120,118120
10550613,topower Guardian TOP-600DG Single Rail 80PLUS브론즈,57130,57130,57130,57130,57130,57130,57130,57130
12288974,topower Guardian TOP-600DG Single Rail 80PLUS브론즈화이트,61780,61780,61780,61780,61780,61780,61780,61780
70678745,topower Guardian TOP-700DG 80PLUS브론즈 PCIE5.1 블랙,69570,69570,69570,69570,69570,69570,69570,69570
70678778,topower Guardian TOP-700DG 80PLUS브론즈 PCIE5.1 화이트,74760,74760,74760,74760,74760,74760,74760,74760
10550649,topower Guardian TOP-700DG Single Rail 80PLUS브론즈,68500,68500,68500,68500,69690,69690,69690,68500
11941214,topower Guardian TOP-700DG Single Rail 80PLUS브론즈 화이트,98000,98000,98000,98000,98000,98000,98000,98000
13150373,topower Guardian TOP-900DG 80PLUS스탠다드,116900,116900,116900,116900,116900,116900,116900,116900
70679495,topower Guardian TOP-900DG 80PLUS스탠다드 PCIE5.1 블랙,91700,91710,91710,91710,91700,91700,91700,91700
70679501,topower Guardian TOP-900DG 80PLUS스탠다드 PCIE5.1 화이트,96570,96570,96570,96570,96570,96570,96570,96570
13150403,topower Guardian TOP-900DG 80PLUS스탠다드 화이트,91900,91900,91900,91900,91900,91900,91900,91900
11685743,topower TOP-500S 12VSD DUAL POWER 벌크,31150,31150,31150,31150,31150,31150,31150,31150
19554956,topower TOP-500S 12VSD 벌크,31150,31150,31150,31150,31150,31150,31150,31150
12125519,topower TOP-600S 12VSD V2 벌크,34870,35240,35240,35240,35240,35240,35240,35240
19555031,topower TOP-600S 12VSD 벌크,35590,35590,35590,35590,35590,35590,35590,35590
31092083,델타 GPS-1100AB 1100W PLATINUM 풀모듈러 ATX3.0,414400,414400,414400,414400,414400,414400,414400,414400
31169711,델타 GPS-1300DB 1300W PLATINUM 풀모듈러 ATX3.0,477400,477400,477400,477400,477400,477400,477400,477400
3610126,델타 N-1K,510000,510000,510000,510000,510000,510000,510000,510000
3610177,델타 N-3K,1490000,1490000,1490000,1490000,1490000,1490000,1490000,1490000
20612570,델타 R-1K,650000,650000,650000,650000,650000,650000,650000,650000
20612702,델타 R-2K,1236000,1236000,1236000,1236000,1236000,1236000,1236000,1236000
20612789,델타 R-3K,1380000,1380000,1380000,1380000,1380000,1380000,1380000,1380000
20613323,델타 RT-10K,6000000,6000000,6000000,6000000,6000000,6000000,6000000,6000000
20628401,델타 RT-15K,10200000,10200000,10200000,10200000,10200000,10200000,10200000,10200000
3610219,델타 RT-1K,660000,660000,660000,660000,660000,660000,660000,660000
20628437,델타 RT-20K,12000000,12000000,12000000,12000000,12000000,12000000,12000000,12000000
20613125,델타 RT-5K,4300000,4300000,4300000,4300000,4300000,4300000,4300000,4300000
20613281,델타 RT-8K,4800000,4800000,4800000,4800000,4800000,4800000,4800000,4800000
5870421,델타 UPS Agilon VX-1000VA,210000,210000,210000,210000,210000,210000,210000,210000
5870432,델타 UPS Agilon VX-600VA,130000,130000,130000,130000,130000,130000,130000,130000
5724916,라이트컴 COMS 릴레이형 듀얼파워 커넥터 IE869,5800,5800,5800,5800,5800,5800,5800,5800
5697447,라이트컴 COMS 릴레이형 듀얼파워 커넥터 IE870,5480,5480,5480,5480,5480,5480,5480,5480
13016834,르그랑코리아 DK Plus5000,4012000,4012000,4012000,4012000,4012000,4012000,4012000,3470000
13951292,르그랑코리아 KEOR SP1500,337000,337000,337000,337000,337000,337000,337000,337000
62793494,르그랑코리아 KEOR SP2000,377000,377000,377000,377000,377000,377000,377000,377000
48479705,르그랑코리아 KEOR SP600,133000,133000,133000,133000,133000,133000,133000,133000
5801820,르그랑코리아 NIKY S1000,468000,468000,468000,468000,468000,468000,468000,468000
5801817,르그랑코리아 NIKY S1500,578000,578000,578000,578000,578000,578000,578000,578000
5700203,르그랑코리아 NIKY S3000,853000,853000,853000,853000,853000,853000,853000,853000
62176049,리안리 EDGE 1000 80PLUS플래티넘 화이트,255110,256240,256240,256210,232190,244200,247220,294880
62175968,리안리 EDGE 850 80PLUS플래티넘 블랙,182300,182310,189600,182820,189600,183290,189590,189600
62175980,리안리 EDGE 850 80PLUS플래티넘 화이트,209000,209000,209000,209000,209000,209000,209000,209000
76550288,리안리 EDGE GOLD 1000 블랙,218150,268990,268990,268990,268990,218150,218150,268990
76550333,리안리 EDGE GOLD 1000 화이트,279000,279000,279000,279000,279000,279000,279000,279000
76550438,리안리 EDGE GOLD 1200 블랙,234700,246720,246720,226450,222670,234680,237690,259000
76550468,리안리 EDGE GOLD 1200 화이트,256230,256240,256240,256230,256240,256230,256230,256240
76550060,리안리 EDGE GOLD 750 블랙,141910,141920,141820,141820,141850,141860,141910,141920
76550129,리안리 EDGE GOLD 850 블랙,189000,189000,189000,189000,189000,189000,189000,189000
76550153,리안리 EDGE GOLD 850 화이트,199000,199000,199000,199000,199000,199000,199000,199000
103449938,리안리 RS1000 80PLUS골드 with hub 블랙,188690,188690,188690,188690,188690,188690,188690,188690
103449986,리안리 RS1000 80PLUS골드 with hub 화이트,192990,192990,192990,192990,192990,192990,192990,192990
103449605,리안리 RS1000 80PLUS골드 블랙,189140,192790,192790,192610,192610,192610,192610,192790
103449815,리안리 RS1000 80PLUS골드 화이트,189140,192790,192790,192900,192610,192610,192610,192790
103450049,리안리 RS1200 80PLUS골드 with hub 블랙,224420,228760,228760,228570,228570,228570,228570,228760
103450091,리안리 RS1200 80PLUS골드 with hub 화이트,224420,228760,228760,228570,228570,228570,228570,228760
101628842,리안리 SP1000 80PLUS플래티넘 블랙,322870,322880,322880,322880,322880,322870,322870,322880
101628857,리안리 SP1000 80PLUS플래티넘 화이트,322870,322880,322880,322880,322880,322870,322870,322880
16490357,리안리 SP750 80PLUS골드 블랙,231980,231980,231980,231980,231980,231980,231980,231980
100695689,리안리 SP750 V2 80PLUS골드 블랙,198990,198990,198990,198990,198990,198990,198990,198990
100695704,리안리 SP750 V2 80PLUS골드 화이트,199110,199120,199120,199110,199120,199110,199110,199120
101628794,리안리 SP850 80PLUS플래티넘 블랙,265750,265760,265760,265760,265760,265750,265750,265760
101628830,리안리 SP850 80PLUS플래티넘 화이트,260630,262660,262160,263670,263690,263730,265750,278700
100695725,리안리 SP850 V2 80PLUS골드 블랙,227670,227680,227680,227680,227680,227670,227670,227680
100695731,리안리 SP850 V2 80PLUS골드 화이트,227050,227570,227570,227660,227680,227170,227670,227680
102550139,리안리 SX1000 80PLUS플래티넘 블랙,237190,237200,237200,237190,237200,237190,237190,237200
102550202,리안리 SX1000 80PLUS플래티넘 화이트,237190,237190,237190,237070,237090,237130,237190,237680
102550214,리안리 SX1200 80PLUS플래티넘 블랙,275270,275280,275280,248240,275280,248240,275270,275280
102550220,리안리 SX1200 80PLUS플래티넘 화이트,275270,272280,275280,269280,275280,254260,275270,281580
102492254,리안리 SX850 80PLUS플래티넘 블랙,182150,182150,182150,182150,182150,182150,182150,182150
102492269,리안리 SX850 80PLUS플래티넘 화이트,179990,180000,180000,180000,180000,179990,179990,180000
16000562,마이크로닉스 ASTRO GD 650W 80PLUS골드 풀모듈러 FDB 화이트,114430,114430,114430,114430,114430,114430,114430,114430
11844925,마이크로닉스 ASTRO GD 750W 80PLUS골드 풀모듈러 FDB 화이트,172900,172900,172900,172900,172900,172900,172900,172900
18005060,마이크로닉스 ASTRO II GD 1650W 80PLUS골드 풀모듈러 ATX3.0,623000,623000,623000,623000,623000,623000,623000,623000
27942170,마이크로닉스 ASTRO II PT 1000W 80PLUS플래티넘 풀모듈러 ATX3.0,203670,205860,208050,208050,208050,208050,208050,208050
122634894,마이크로닉스 ASTRO II PT 1000W 80PLUS플래티넘 풀모듈러 ATX3.1,213030,213040,213040,213030,213030,213030,213030,213040
33386042,마이크로닉스 ASTRO II PT 1300W 80PLUS플래티넘 풀모듈러 ATX3.1,287370,290460,293550,293550,293550,293550,293550,293550
27942059,마이크로닉스 ASTRO II PT 850W 80PLUS플래티넘 풀모듈러 ATX3.0,189000,189000,189000,189000,189000,189000,189000,189000
122634611,마이크로닉스 ASTRO II PT 850W 80PLUS플래티넘 풀모듈러 ATX3.1,180020,180030,180030,180020,180020,180020,180020,180030
6461871,마이크로닉스 ASTRO PLATINUM 1050W 풀모듈러,231830,232860,232860,232860,231830,231830,231830,232860
6461849,마이크로닉스 ASTRO PLATINUM 850W 풀모듈러,160050,165000,165000,165000,160040,160040,160040,165000
29082194,마이크로닉스 CASLON M 750W 80PLUS실버 모듈러 ATX3.0,99000,99000,99000,99000,99000,99000,99000,99000
29084696,마이크로닉스 CASLON M 850W 80PLUS실버 모듈러 ATX3.0,116900,116900,116900,116900,116900,116900,116900,116900
77082566,마이크로닉스 COOLMAX BASIC 500W,42900,42900,42900,42900,42900,42900,42900,42900
98760803,마이크로닉스 COOLMAX ELITE II 500W,38880,38890,38890,38880,38880,38880,38890,38900
98760842,마이크로닉스 COOLMAX ELITE II 600W,44090,44890,44890,44890,44880,44880,44880,44890
103480535,마이크로닉스 COOLMAX ELITE II 700W,53370,53380,53380,53370,53370,53370,53370,53380
14903537,마이크로닉스 COOLMAX FOCUS 600W 80Plus 230V EU (중고),32000,32000,32000,32000,32000,32000,32000,32000
28549583,마이크로닉스 COOLMAX FOCUS II 500W ETA BRONZE,47210,44910,47220,47220,47210,47210,47210,47220
51817283,마이크로닉스 COOLMAX FOCUS II 600W ETA BRONZE,53830,53840,53840,53840,53830,53830,53830,53840
17052830,마이크로닉스 COOLMAX FOCUS II 700W ETA BRONZE,72500,72500,72500,72500,72500,72500,72500,72500
20010086,마이크로닉스 COOLMAX FOCUS II 700W ETA BRONZE PCIE5.1,68000,68000,68000,68000,68000,68000,68000,68000
99732404,마이크로닉스 COOLMAX FOCUS II 700W ETA브론즈 ATX3.1,71810,71820,71820,71820,70130,70130,71810,71820
17052878,마이크로닉스 COOLMAX FOCUS II 800W ETA BRONZE,82700,82700,82700,82700,82700,82700,82700,82700
20010002,마이크로닉스 COOLMAX FOCUS II 800W ETA BRONZE PCIE5.1,82700,82700,82700,82700,82700,82700,82700,82700
99732446,마이크로닉스 COOLMAX FOCUS II 800W ETA실버 ATX3.1,80940,80950,80950,80950,79740,79740,80940,80950
20009693,마이크로닉스 COOLMAX FOCUS II 900W ETA SILVER PCIE5,92900,87900,90400,92900,90400,92900,92900,90400
99732509,마이크로닉스 COOLMAX FOCUS II 900W ETA실버 ATX3.1,91040,91210,91210,89370,89370,89370,91200,91210
19961321,마이크로닉스 COOLMAX P-1050W 80PLUS플래티넘 ATX3.0,189000,189000,189000,207130,192640,192640,192640,192640
101188547,마이크로닉스 COOLMAX P-1050W 80PLUS플래티넘 ATX3.1,183490,183490,183490,183490,183490,183490,183490,183490
19961018,마이크로닉스 COOLMAX P-850W 80PLUS플래티넘 ATX3.0,175760,175770,175770,175770,172100,172100,175760,175770
12076481,마이크로닉스 COOLMAX VISION 600W HDB,105000,105000,105000,105000,105000,105000,105000,105000
12076526,마이크로닉스 COOLMAX VISION 700W HDB,125000,125000,125000,125000,125000,125000,125000,125000
16566995,마이크로닉스 COOLMAX VISION II 500W,39590,39590,39590,39570,39570,39570,39580,39590
16567067,마이크로닉스 COOLMAX VISION II 600W,48820,48830,49900,49900,48820,48820,49890,49900
16567166,마이크로닉스 COOLMAX VISION II 700W,59990,60000,60000,60000,59990,59990,59990,60000
16567229,마이크로닉스 COOLMAX VISION II 800W,58990,58990,58990,58990,58990,58990,58990,58990
123743458,마이크로닉스 COOLMAX VISION II 800W (중고),55650,55660,55660,55670,55670,55680,55680,55690
75939377,마이크로닉스 Classic II 1000W 80PLUS플래티넘 ATX3.1,238980,239000,246390,243360,241500,241500,241520,243530
15266783,마이크로닉스 Classic II 1050W 80PLUS골드 230V EU 풀모듈러 화이트,199000,199000,199000,199000,199000,199000,199000,199000
63029591,마이크로닉스 Classic II 1050W 80PLUS골드 풀모듈러 ATX3.1,182700,182790,185070,183840,181080,181080,181080,181090
69468953,마이크로닉스 Classic II 1050W 80PLUS골드 풀모듈러 ATX3.1 화이트,192000,192470,197570,196820,193010,193020,193020,194720
96772910,마이크로닉스 Classic II 1200W 80PLUS골드 풀모듈러 ATX3.1,201600,208500,205700,203780,202720,202720,202720,203780
97954838,마이크로닉스 Classic II 1200W 80PLUS골드 풀모듈러 화이트 ATX3.1,211410,216690,216690,212410,212410,212420,212420,213560
78174245,마이크로닉스 Classic II 1300W 80PLUS플래티넘 ATX3.1,287600,297710,297710,290020,290010,290020,290020,292450
123743244,마이크로닉스 Classic II 500W +12V Single Rail (중고),15900,15900,15900,15900,15900,15900,15900,15900
1928673,마이크로닉스 Classic II 500W 80PLUS 230V EU,59000,59000,59000,59000,59000,59000,59000,59000
16155944,마이크로닉스 Classic II 500W 80PLUS 230V EU (중고),18900,18900,18900,18900,18900,18900,18900,18900
1928750,마이크로닉스 Classic II 600W 80PLUS 230V EU,66500,66500,66500,66500,66500,66500,66500,66500
14380013,마이크로닉스 Classic II 600W 80PLUS 230V EU (중고),26000,26000,26000,26000,26000,26000,26000,26000
11226927,마이크로닉스 Classic II 600W 80PLUS 230V EU 화이트,99000,99000,99000,99000,99000,99000,99000,99000
10901664,마이크로닉스 Classic II 650W 80PLUS브론즈 230V EU HDB 핑크,79570,79570,79570,79570,79570,79570,79570,79570
1966330,마이크로닉스 Classic II 700W 80PLUS 230V EU,86900,86900,84400,81750,81750,81750,81750,81750
14380028,마이크로닉스 Classic II 700W 80PLUS 230V EU (중고),34990,34990,34990,34990,34990,34990,34990,34990
13061924,마이크로닉스 Classic II 700W 80PLUS 230V EU 벌크,74660,74670,74670,74670,74660,74660,74660,74670
11227005,마이크로닉스 Classic II 700W 80PLUS 230V EU 화이트,91900,91900,91900,91900,91900,91900,91900,91900
15046910,마이크로닉스 Classic II 750W 80PLUS골드 230V EU,129000,129000,129000,129000,129000,129000,129000,129000
58913891,마이크로닉스 Classic II 750W 80PLUS골드 풀모듈러 ATX3.1,125100,126490,126490,125100,125100,125100,125130,126090
54314609,마이크로닉스 Classic II 750W 80PLUS골드 풀모듈러 ATX3.1 화이트,134800,138990,138990,138600,131290,131290,131300,135900
9326622,마이크로닉스 Classic II 750W 80PLUS브론즈 230V EU HDB,94470,99470,99470,99470,96970,96970,94470,96970
10901742,마이크로닉스 Classic II 750W 80PLUS브론즈 230V EU HDB 핑크,76980,77000,77000,77000,76980,76980,76980,77000
88232360,마이크로닉스 Classic II 750W 80PLUS실버 모듈러 ATX3.1,123500,123500,123500,123500,123500,123500,123500,123500
8431077,마이크로닉스 Classic II 800W 80PLUS 230V EU,59000,59000,59000,59000,59000,59000,59000,59000
51815078,마이크로닉스 Classic II 850W 80PLUS골드 풀모듈러 ATX3.1,144500,145160,148350,144500,144500,144500,144520,145160
47487848,마이크로닉스 Classic II 850W 80PLUS골드 풀모듈러 ATX3.1 화이트,154200,156190,156190,156190,154200,154200,154220,154830
88232459,마이크로닉스 Classic II 850W 80PLUS실버 모듈러 ATX3.1,114900,114900,114900,114900,114900,114900,114900,114900
49642352,마이크로닉스 Classic II 풀체인지 500W 80PLUS브론즈 ATX3.1,57400,57500,57500,54410,54400,54400,54400,54400
96986219,마이크로닉스 Classic II 풀체인지 500W 80PLUS실버 ATX3.1,56300,56400,56400,56340,54390,54390,54380,54400
72979961,마이크로닉스 Classic II 풀체인지 550W 80PLUS스탠다드 ATX3.1,53490,53500,53500,53490,53490,53490,53490,53500
49642652,마이크로닉스 Classic II 풀체인지 600W 80PLUS브론즈 ATX3.1,64400,65500,65500,65490,65490,65490,65490,65500
46888478,마이크로닉스 Classic II 풀체인지 600W 80PLUS브론즈 ATX3.1 화이트,67990,68000,68000,68000,67990,67990,67990,68000
96986270,마이크로닉스 Classic II 풀체인지 600W 80PLUS실버 ATX3.1,64390,64400,64400,64044,64380,64380,64390,64400
72979889,마이크로닉스 Classic II 풀체인지 650W 80PLUS스탠다드 ATX3.1,63500,61700,61700,61600,61690,61690,63530,61700
13934357,마이크로닉스 Classic II 풀체인지 700W 80PLUS브론즈 230V EU,86900,86900,86900,86900,81740,81740,81740,81740
49642700,마이크로닉스 Classic II 풀체인지 700W 80PLUS브론즈 ATX3.1,86900,86900,86900,86900,86900,86900,86900,86900
44906339,마이크로닉스 Classic II 풀체인지 700W 80PLUS브론즈 ATX3.1 화이트,88890,88900,88900,88890,88890,88890,88890,88900
96986309,마이크로닉스 Classic II 풀체인지 700W 80PLUS실버 ATX3.1,85200,86890,86890,84645,85190,85190,85263,86010
122693350,마이크로닉스 Classic II 풀체인지 700W 80PLUS실버 ATX3.1 화이트,87960,88000,88000,87970,87970,87970,87970,88000
72979838,마이크로닉스 Classic II 풀체인지 750W 80PLUS스탠다드 ATX3.1,82880,82900,82900,82900,82880,82880,82880,82900
49642751,마이크로닉스 Classic II 풀체인지 800W 80PLUS브론즈 ATX3.1,94900,97240,97240,91030,91030,91030,91040,91040
50124029,마이크로닉스 Classic II 풀체인지 800W 80PLUS브론즈 ATX3.1 화이트,98870,99000,99000,98870,98860,98860,98870,99000
96986339,마이크로닉스 Classic II 풀체인지 800W 80PLUS실버 ATX3.1,95800,95900,95900,95810,95800,95800,95800,95900
104939303,마이크로닉스 Classic II 풀체인지 800W 80PLUS실버 ATX3.1 화이트,98790,98800,98800,98790,98790,98790,98790,98800
63482117,마이크로닉스 Classic II 풀체인지 900W 80PLUS실버 ATX3.1,109600,110800,110800,105060,105060,105050,105060,105090
2716389,마이크로닉스 Compact SFX 300W 80PLUS브론즈,62490,62500,62500,62460,62460,62460,62460,62500
2717067,마이크로닉스 Compact SFX 350W 80PLUS브론즈,72750,73000,73000,73000,72730,72730,72740,73000
6426892,마이크로닉스 Compact SFX 400W 80PLUS브론즈,84390,85000,85000,85000,84380,84380,84380,85000
6324846,마이크로닉스 Compact SFX 450W 80PLUS브론즈,95720,97900,97900,97600,97600,97600,97800,97900
105679316,마이크로닉스 Compact SFX 700W 80PLUS플래티넘 풀모듈러 ATX 3.1,193030,198100,198100,193010,193010,193020,193020,196430
15911549,마이크로닉스 Cyclone III 600W After Cooling (중고),24490,24490,24490,24490,24490,24490,24490,24490
97566449,마이크로닉스 MTFX400STE08S 벌크,48470,49000,49000,48510,48490,48490,48500,49000
114958816,마이크로닉스 Performance 500W 80Plus 스탠다드 (중고),26000,26000,26000,26000,26000,26000,26000,26000
10054617,마이크로닉스 Performance II HV 1000W 80PLUS브론즈 FDB,193030,199000,199000,199000,193020,193020,193020,199000
10054539,마이크로닉스 Performance II HV 850W 80PLUS브론즈 FDB,152520,154160,155800,163600,155790,155790,155790,155800
3071154,마이크로닉스 Performance II HV 850W Bronze,164000,164000,164000,164000,164000,164000,164000,164000
10557825,마이크로닉스 Performance II PV 500W 80PLUS브론즈 FDB,86330,89000,89000,86320,86320,86320,86320,89000
5045394,마이크로닉스 Performance II PV 500W 80PLUS브론즈 Surge 4K,89000,89000,89000,89000,88800,88800,88800,89000
10557888,마이크로닉스 Performance II PV 600W 80PLUS브론즈 FDB,110580,114000,114000,110570,110570,110570,110570,114000
5045425,마이크로닉스 Performance II PV 600W 80PLUS브론즈 Surge 4K,98000,98000,98000,98000,98000,98000,98000,98000
10557909,마이크로닉스 Performance II PV 700W 80PLUS브론즈 FDB,130950,135000,135000,130940,130940,130940,130940,135000
5045444,마이크로닉스 Performance II PV 700W 80PLUS브론즈 Surge 4K,135000,135000,135000,135000,135000,135000,135000,135000
6537151,마이크로닉스 Performance II PV RGB Sync 600W 80PLUS브론즈,95060,98000,98000,98000,94990,94990,94990,98000
116072269,마이크로닉스 The Classic II 600W +12V Single Rail 85+ (중고),29000,29000,29000,29000,29000,29000,29000,29000
122720233,마이크로닉스 WIZMAX 750W 80PLUS골드 ATX 3.1,92053,94400,94400,94400,92050,92050,92050,93820
18741254,마이크로닉스 WIZMAX 750W 80PLUS실버,88370,89900,89900,89900,89900,89900,89900,89900
20628080,마이크로닉스 WIZMAX 750W 80PLUS실버 ATX3.0,88930,89900,89900,89500,88900,88900,88910,87970
74484749,마이크로닉스 WIZMAX 750W 80PLUS실버 ATX3.1,87203,88540,88540,88540,87190,87190,87200,87970
122720249,마이크로닉스 WIZMAX 850W 80PLUS골드 ATX 3.1,111453,114390,114390,112160,111450,111450,111450,113580
18741287,마이크로닉스 WIZMAX 850W 80PLUS실버,109900,109900,109900,109900,109900,109900,109900,109900
20628194,마이크로닉스 WIZMAX 850W 80PLUS실버 ATX3.0,109890,109900,106400,106300,106300,106390,106390,106400
74484791,마이크로닉스 WIZMAX 850W 80PLUS실버 ATX3.1,106603,109570,109570,106590,106590,106600,106600,107540
90643607,마이크로닉스 WIZMAX G-1000W 80PLUS골드 ATX3.1,192200,196890,196890,193000,193000,193000,193030,196430
92482040,마이크로닉스 WIZMAX G-1200W 80PLUS골드 ATX3.1,236110,241960,241960,237550,237560,237600,237640,241970
98242712,마이크로닉스 WIZMAX G-1650W 80PLUS골드 ATX3.1,478900,493890,493890,488980,488980,488980,488980,492730
90643544,마이크로닉스 WIZMAX G-850W 80PLUS골드 ATX3.1,153800,157830,157830,154210,154210,154220,154220,156920
89862101,마이크로닉스 WIZMAX P-2500W 80PLUS플래티넘 ATX3.1,784900,788900,788900,788900,788800,788800,788800,788900
122639254,마이크로닉스 WIZMAX S-EVO 700W ETA실버 풀모듈러 ATX 3.1,87203,87700,87700,87700,86590,86590,87200,87700
5467243,마이크로닉스 ZERO PLUS 500W Active PFC,48270,48270,48270,48270,48260,48260,48270,48270
5405967,마이크로닉스 ZERO PLUS 600W Active PFC,56830,56840,56840,56330,53880,53880,58460,58470
4186794,마이크로닉스 ZERO POWER 500W,45880,45900,45900,45900,45880,45880,45880,45900
5518039,마이크로닉스 ZERO POWER 600W 벌크,16000,16000,16000,16000,16000,16000,16000,16000
114043318,마이크로닉스 쿨맥스 FOCUS 600W 80Plus 230V EU (중고),50000,50000,50000,50000,50000,50000,50000,50000
17102117,맥스엘리트 MAXWELL COUNT 750W 80PLUS골드 풀모듈러 (본체+딥블랙),162660,162660,162660,162660,162660,162660,162660,162300
17102183,맥스엘리트 MAXWELL COUNT 750W 80PLUS골드 풀모듈러 (본체+메탈그레이),158000,158000,158000,158000,158000,158000,158000,158000
17102069,맥스엘리트 MAXWELL COUNT 750W 80PLUS골드 풀모듈러 (본체+플랫멀티팩),128000,128000,128000,128000,128000,128000,128000,128000
17101994,맥스엘리트 MAXWELL COUNT 750W 80PLUS골드 풀모듈러 (본체+플랫슬림팩),153300,153300,153300,153300,153300,153300,153300,153300
62649467,맥스엘리트 MAXWELL COUNT 750W 80PLUS골드 풀모듈러 ATX3.1,128000,128000,128000,128000,128000,128000,128000,128000
30349685,맥스엘리트 MAXWELL COUNT 850W 80PLUS골드 풀모듈러 ATX3.1,147810,147810,147810,152070,152070,152070,152070,152070
124289606,맥스엘리트 MAXWELL DUKE 1000W 80PLUS플래티넘 풀모듈러 ATX3.0 (중고),129000,126000,129000,129000,129000,129000,120000,123000
27602531,맥스엘리트 MAXWELL DUKE 1000W 80PLUS플래티넘 풀모듈러 ATX3.0 화이트,283500,283500,283500,283500,283500,283500,283500,283500
31285949,맥스엘리트 MAXWELL DUKE 1000W 80PLUS플래티넘 풀모듈러 ATX3.1,229330,229330,229330,235000,235000,235000,235000,235000
58113215,맥스엘리트 MAXWELL DUKE 1000W 80PLUS플래티넘 풀모듈러 ATX3.1 화이트,227720,227720,227720,239000,233620,233620,233620,233620
19451888,맥스엘리트 MAXWELL DUKE 1300W 80PLUS플래티넘 풀모듈러 ATX3.0,307000,307000,307000,307000,307000,307000,307000,307000
123743349,맥스엘리트 MAXWELL DUKE 1300W 80PLUS플래티넘 풀모듈러 ATX3.0 (중고),120000,123000,126000,126000,126000,129000,129000,126000
27602564,맥스엘리트 MAXWELL DUKE 1300W 80PLUS플래티넘 풀모듈러 ATX3.0 화이트,387100,387100,387100,387100,387100,387100,387100,387100
99889640,맥스엘리트 MAXWELL DUKE 1300W 80PLUS플래티넘 풀모듈러 ATX3.1,287610,287610,287610,307000,297200,297200,297200,297200
58113260,맥스엘리트 MAXWELL DUKE 1300W 80PLUS플래티넘 풀모듈러 ATX3.1 화이트,296160,296160,296160,316660,306030,306030,306030,306030
68789177,맥스엘리트 MAXWELL DUO 700W 80PLUS브론즈 PCIE5 플랫,68000,68000,68000,68000,68000,68000,68000,68000
68789216,맥스엘리트 MAXWELL DUO 700W 80PLUS브론즈 PCIE5 플랫 화이트,73000,73000,73000,74990,73000,73000,73000,73000
68789255,맥스엘리트 MAXWELL DUO 800W 80PLUS브론즈 PCIE5 플랫,81000,81000,81000,81000,81000,81000,81000,81000
68789267,맥스엘리트 MAXWELL DUO 800W 80PLUS브론즈 PCIE5 플랫 화이트,80000,80000,80000,80000,80000,80000,80000,80000
124289601,맥스엘리트 MAXWELL GAMING 600W (중고),16000,16000,16000,16000,16000,16000,16000,16000
16564070,맥스엘리트 MAXWELL GAMING PRO 600W 80PLUS스탠다드 플랫 (중고),20000,20000,20000,20000,20000,20000,20000,20000
18503351,맥스엘리트 MAXWELL PRIMO 500W 80PLUS스탠다드 플랫,44990,44990,44990,44990,44990,44990,44990,44990
18503426,맥스엘리트 MAXWELL PRIMO 600W 80PLUS스탠다드 플랫,49030,49030,49030,48690,48690,49030,49030,49030
18503468,맥스엘리트 MAXWELL PRIMO 700W 80PLUS스탠다드 플랫,54050,54050,54050,55870,54050,54050,54050,54050
101079341,맥스엘리트 MAXWELL RENAS 500W 80PLUS스탠다드,44380,44380,44380,44380,44380,44380,44380,44380
101079365,맥스엘리트 MAXWELL RENAS 600W 80PLUS스탠다드,52490,52490,52490,52490,52490,52490,52490,52490
101079392,맥스엘리트 MAXWELL RENAS 700W 80PLUS스탠다드,59820,59820,59820,59820,59820,59820,59820,59820
122667385,맥스엘리트 STARS ARIES 550W 80PLUS스탠다드,43990,43990,43990,43990,43670,43670,43670,43670
122667428,맥스엘리트 STARS ARIES 650W 80PLUS스탠다드,48990,48990,48990,48990,48990,48990,48990,48990
122667496,맥스엘리트 STARS ARIES 750W 80PLUS스탠다드,57990,57990,57990,56770,56770,56770,56770,56770
90500384,맥스엘리트 STARS CYGNUS 1000W 80PLUS골드 풀모듈러 ATX3.1,150700,150700,150700,154550,154550,154550,154550,154550
90500489,맥스엘리트 STARS CYGNUS 1000W 80PLUS골드 풀모듈러 ATX3.1 화이트,156620,156620,156620,160500,156620,156620,156620,156620
90500444,맥스엘리트 STARS CYGNUS 1200W 80PLUS골드 풀모듈러 ATX3.1,187800,187800,187800,189000,189000,189000,189000,189000
90500513,맥스엘리트 STARS CYGNUS 1200W 80PLUS골드 풀모듈러 ATX3.1 화이트,189680,189680,189680,189680,189680,189680,189680,189680
90500312,맥스엘리트 STARS CYGNUS 850W 80PLUS골드 풀모듈러 ATX3.1,110380,110380,110380,113290,113290,113290,113290,113290
90500468,맥스엘리트 STARS CYGNUS 850W 80PLUS골드 풀모듈러 ATX3.1 화이트,115500,115500,115500,118240,115500,115500,115500,115500
97362872,맥스엘리트 STARS GEMINI 650W 80PLUS브론즈 ATX3.1,54000,54000,54000,54000,54000,54000,54000,54000
97362884,맥스엘리트 STARS GEMINI 650W 80PLUS브론즈 ATX3.1 화이트,54000,54000,54000,54000,54000,54000,54000,54000
97362920,맥스엘리트 STARS GEMINI 750W 80PLUS브론즈 ATX3.1,63990,63990,63990,63990,63990,63990,63990,63990
97362938,맥스엘리트 STARS GEMINI 750W 80PLUS브론즈 ATX3.1 화이트,63990,63990,63990,63990,63990,63990,63990,63990
97363004,맥스엘리트 STARS GEMINI 850W 80PLUS브론즈 ATX3.1,73990,73990,73990,73990,73990,73990,73990,73990
97363016,맥스엘리트 STARS GEMINI 850W 80PLUS브론즈 ATX3.1 화이트,73990,73990,73990,73990,73990,73990,73990,73990
31338233,몬스타 가츠 ExtremeX FX500 80PLUS스탠다드,34490,34490,34490,34490,34490,34150,34150,34150
30255296,몬스타 가츠 ExtremeX FX600 80PLUS스탠다드,39900,39900,39900,39900,39910,38490,38490,38490
30267548,몬스타 가츠 ExtremeX FX700 80PLUS스탠다드,42880,42880,42880,42880,42880,41380,41380,41380
39103484,몬스타 가츠 ExtremeX FX700 80PLUS스탠다드 화이트,45170,45660,45840,45840,45840,44260,44260,44260
30273785,몬스타 가츠 ExtremeX FX800 80PLUS스탠다드,48530,48530,48530,48530,48530,47500,47500,47500
39103550,몬스타 가츠 ExtremeX FX800 80PLUS스탠다드 화이트,52250,52250,52250,52250,52250,49630,49630,49630
70619351,몬스타 가츠 MASTERX X1000W 80PLUS골드 블랙,123300,123300,123300,123300,123300,120210,120210,120210
70619387,몬스타 가츠 MASTERX X1000W 80PLUS골드 화이트,127950,127950,127950,127950,127950,126040,126040,126040
60425312,몬스타 가츠 MASTERX X750W 80PLUS브론즈 ATX3.1,55370,56390,56390,56390,56390,55310,55310,55310
61417925,몬스타 가츠 MASTERX X750W 80PLUS브론즈 ATX3.1 화이트,58990,58990,58990,58990,58990,57860,57860,57860
70764557,몬스타 가츠 MASTERX X850W 80PLUS골드 블랙,109180,113320,113330,109170,109170,107730,107730,107730
70764560,몬스타 가츠 MASTERX X850W 80PLUS골드 화이트,112520,113730,114940,114940,113820,112310,112310,112310
61842290,몬스타 가츠 MASTERX X850W 80PLUS브론즈 ATX3.1,61550,61550,61550,61550,61550,61550,61550,61550
61842320,몬스타 가츠 MASTERX X850W 80PLUS브론즈 ATX3.1 화이트,63320,63320,63320,63320,63320,61370,61370,61370
94080824,몬스타 가츠 PrimeX X500W 83 FLAT,29800,30380,30380,30380,30380,28300,28300,28300
122720272,몬스타 가츠 PrimeX X500W 83 FLAT 화이트,31760,31760,31760,31760,31760,31760,31760,31760
94088147,몬스타 가츠 PrimeX X600W 83 FLAT,33470,33470,33470,33470,33470,32860,32860,32860
122720294,몬스타 가츠 PrimeX X600W 83 FLAT 화이트,33890,33890,33890,33890,33890,33890,33890,33890
111755452,민웰 SMPS NES-100 12V,15470,15470,15470,15470,15470,15470,15470,15470
113651992,민웰 SMPS SE-600,97010,97010,97010,97010,97010,97010,97010,97010
9791946,비콘즈 SPACE SP-700W 80PLUS스탠다드 벌크,50690,50690,50690,50690,50690,50690,50690,50690
15709028,삼성전자 PSD-350DHGB (중고),38210,38210,38210,38210,38210,38210,38210,38210
14630879,성주컴텍 SJ-N1600 벌크,49000,49000,49000,49000,49000,49000,49000,49000
6025468,셀텍 LR1010 DC to DC 180W 19V/4.74A 90W 어댑터 포함,49000,49000,49000,49000,49000,49000,49000,49000
6025471,셀텍 LR1010 DC to DC 180W 19V/5.5A 105W 어댑터 포함,53990,53990,53990,53990,53990,53990,53990,53990
30308831,셀텍 LR1010 DC to DC 180W 19V/6.32A 120W 어댑터 포함,56730,56730,56730,56730,56730,56730,56730,56730
6025473,셀텍 LR1010 DC to DC 180W 19V/9.5A 180W 어댑터 포함,69480,71990,71990,71990,69480,71990,71990,71990
2180529,셀텍 LR1010 DC to DC 180W 24V/5A 120W 어댑터 포함,61000,61000,61000,61000,61000,61000,61000,61000
2591232,셀텍 LR1010 DC to DC 180W 24V/7A 168W 어댑터 포함,69480,71990,71990,71990,69480,71990,71990,71990
2180509,셀텍 LR1010 DC to DC 180W 어댑터 미포함,31990,31990,31990,31990,31990,31990,31990,31990
93628727,셀텍 LR1010 DC to DC 200W 19.5V/4.62A 90W 어댑터 포함,50990,50990,50990,50990,50990,50990,50990,50990
93628748,셀텍 LR1010 DC to DC 200W 19V/6.32A 120W 어댑터 포함,62990,62990,62990,62990,62990,62990,62990,62990
93628757,셀텍 LR1010 DC to DC 200W 19V/9.5A 180W 어댑터 포함,70680,70680,70680,70680,70680,70680,70680,70680
93628694,셀텍 LR1010 DC to DC 200W 어댑터 미포함,34000,34000,34000,34000,34000,34000,34000,34000
2923222,셀텍 LR1108 150W Plug Type 102W 파워어댑터 포함,48500,48500,48500,48500,48500,48500,48500,48500
13376144,셀텍 LR1108 150W Plug Type 120W 파워어댑터 포함,53990,53990,53990,53990,53990,53990,53990,53990
2923217,셀텍 LR1108 150W Plug Type 60W 파워어댑터 포함,36500,36500,36500,36500,36500,36500,36500,36500
2923220,셀텍 LR1108 150W Plug Type 72W 파워어댑터 포함,48500,48500,48500,48500,48500,48500,48500,48500
2923215,셀텍 LR1108 150W Plug Type 파워어댑터 미포함,24490,24490,24490,24490,24490,24490,24490,24490
93628955,셀텍 LR1108 160W Plug Type 102W 파워어댑터 포함,49990,49990,49990,49990,49990,49990,49990,49990
93628961,셀텍 LR1108 160W Plug Type 120W 파워어댑터 포함,54990,54990,54990,54990,54990,54990,54990,54990
93628970,셀텍 LR1108 160W Plug Type 150W 파워어댑터 포함,63240,63240,63240,63240,63240,63240,63240,63240
93628949,셀텍 LR1108 160W Plug Type 60W 파워어댑터 포함,37000,37000,37000,37000,37000,37000,37000,37000
93628913,셀텍 LR1108 160W Plug Type 파워어댑터 미포함,26000,26000,26000,26000,26000,26000,26000,26000
13369664,셀텍 LR1204 DC to DC 120W 12V/10A 120W 어댑터 포함,48800,48800,48800,48800,48800,48800,48800,48800
2105947,셀텍 LR1204 DC to DC 120W 12V/5A 60W 어댑터 포함,32890,32890,32890,32890,32890,32890,32890,32890
2105954,셀텍 LR1204 DC to DC 120W 12V/8.5A 102W 어댑터 포함,44600,44600,44600,44600,44600,44600,44600,44600
2105932,셀텍 LR1204 DC to DC 120W 어댑터 미포함,19790,19790,19790,19790,19790,19790,19790,19790
24713837,셀텍 LR1204 DC to DC 150W 12V/10A 120W 어댑터 포함,53390,53390,53390,53390,53390,53390,53390,53390
24713849,셀텍 LR1204 DC to DC 150W 12V/12.5A 150W 어댑터 포함,67890,67890,67890,67890,67890,67890,67890,67890
24713822,셀텍 LR1204 DC to DC 150W 12V/5A 60W 어댑터 포함,38890,38890,38890,38890,38890,38890,38890,38890
24713831,셀텍 LR1204 DC to DC 150W 12V/8.5A 102W 어댑터 포함,48310,48310,48310,48310,48310,48310,48310,48310
24713768,셀텍 LR1204 DC to DC 150W 어댑터 미포함,21890,21890,21890,21890,21890,21890,21890,21890
2585670,스카이디지탈 파워스테이션4 PS4-350M 86P ActivePFC V2.31,68750,69490,70230,71090,70230,70230,70230,70230
98084510,스카이디지탈 파워스테이션4 PS4-400EVT 80PLUS브론즈 V2.31,65900,65900,64900,65900,65900,63400,63400,65900
7020658,스카이디지탈 파워스테이션5 PS5-500EV 80PLUS스탠다드,45900,45900,45900,45900,45900,45900,45900,45900
44408345,스카이디지탈 파워스테이션5 PS5-500EV 80PLUS스탠다드 벌크,43000,43000,43000,43000,43000,43000,43000,43000
10268796,스카이디지탈 파워스테이션5 PS5-700EV 80PLUS스탠다드,78000,78000,78000,78000,78000,78000,78000,62400
14216270,스카이디지탈 파워스테이션5 PS5-800BR 80PLUS브론즈,73900,73900,92260,92260,92260,92260,92260,92260
9647631,스카이디지탈 파워스테이션5 PS5-850RV 80PLUS골드 풀모듈러,120590,120590,120590,120590,120590,120590,120590,120590
14217302,스카이디지탈 파워스테이션5 PS5-850SV 80PLUS실버,93900,93900,93900,93900,93900,93900,93900,93900
98085083,스카이디지탈 파워스테이션7 PS7-CSZ1000V5 풀모듈러,131450,131450,131450,105000,105000,105000,105000,105000
98084642,스카이디지탈 파워스테이션7 PS7-GPX750S 풀모듈러,82980,82990,82990,82990,82990,82990,82990,82990
98084843,스카이디지탈 파워스테이션7 PS7-GPX850S5 풀모듈러,92990,92990,92990,92990,92990,92990,92990,92990
18087920,시소닉 B12 BRONZE BC-850,130560,130560,130560,130560,130560,130560,130560,130560
18087923,시소닉 B12 BRONZE BM-750 모듈러,153440,153440,153440,153440,153440,153440,153440,153440
18087932,시소닉 B12 BRONZE BM-850 모듈러,148800,148800,148800,148800,148800,148800,148800,148800
78843782,시소닉 CORE V2 GX-650 GOLD 풀모듈러 ATX3.1,139280,140000,140000,140000,140000,140000,140000,140000
78843821,시소닉 CORE V2 GX-750 GOLD 풀모듈러 ATX3.1,153320,155000,155000,155000,155000,155000,155000,155000
78843848,시소닉 CORE V2 GX-750 GOLD 풀모듈러 ATX3.1 화이트,163620,165000,165000,165000,165000,165000,165000,165000
78844112,시소닉 CORE V2 GX-850 GOLD 풀모듈러 ATX3.1,172520,172720,172720,172500,172500,172500,172520,172720
78844340,시소닉 CORE V2 GX-850 GOLD 풀모듈러 ATX3.1 화이트,187280,195000,195000,195000,193520,193520,193520,195000
9782097,시소닉 FOCUS GOLD GM-750 모듈러,200000,200000,200000,200000,200000,200000,200000,200000
115925081,시소닉 FOCUS GOLD GM-850 Modular (중고),45000,45000,45000,45000,45000,45000,45000,45000
10448835,시소닉 FOCUS GOLD GM-850 모듈러,300000,300000,300000,300000,300000,300000,300000,300000
123743571,시소닉 FOCUS GOLD GX-750 풀모듈러 (중고),72000,72000,72000,72000,72000,72000,72000,72000
9515844,시소닉 FOCUS GOLD GX-850 풀모듈러,248000,248000,248000,248000,248000,248000,248000,248000
28416680,시소닉 NEW FOCUS GX-750 GOLD 풀모듈러 ATX3.0,227770,227770,227770,227770,227770,227770,227770,227770
30256538,시소닉 NEW FOCUS GX-850 GOLD 풀모듈러 화이트 ATX3.0,219000,219000,219000,219000,219000,219000,219000,
67577099,시소닉 NEW FOCUS V4 GX-1000 GOLD 풀모듈러 ATX3.1,264400,264400,264390,264390,264390,264390,264390,255250
67577342,시소닉 NEW FOCUS V4 GX-1000 GOLD 풀모듈러 ATX3.1 화이트,283750,283760,271240,273750,273750,273750,273750,273850
67576934,시소닉 NEW FOCUS V4 GX-750 GOLD 풀모듈러 ATX3.1,191210,198780,198780,198990,191200,191200,191210,198780
67577021,시소닉 NEW FOCUS V4 GX-850 GOLD 풀모듈러 ATX3.1,213740,213740,215960,213740,213740,212930,212930,208750
67577330,시소닉 NEW FOCUS V4 GX-850 GOLD 풀모듈러 ATX3.1 화이트,231490,231490,231490,231490,231490,231490,231490,232000
74895068,시소닉 PRIME PLATINUM PX-1600 풀모듈러 ATX3.1,797460,797460,797470,797470,797480,797480,797490,799990
62174960,시소닉 PRIME PLATINUM PX-2200 풀모듈러 ATX3,950000,950000,950000,950000,950000,950000,950000,947500
21193484,시소닉 PRIME TITANIUM TX-1300 풀모듈러 ATX3.0,957600,957600,957600,957600,957600,957600,957600,957600
74895119,시소닉 PRIME TITANIUM TX-1300 풀모듈러 ATX3.1,819630,825150,825150,825150,825150,825460,826980,829990
74895005,시소닉 PRIME TITANIUM TX-1600 풀모듈러 ATX3.1,1020000,1020000,1020000,1020000,1020000,1020000,1020000,1020000
9347682,시소닉 S1M-162CGP2 1600W 80PLUS플래티넘,355260,359000,359000,355260,355260,355260,355260,359000
5858937,시소닉 SSP-300SUB,88960,88960,88960,88960,88960,88960,88960,88960
12941177,시소닉 SSP-500ES2 80PLUS브론즈,140000,140000,140000,140000,140000,140000,140000,140000
12941267,시소닉 SSP-600ES2 80PLUS브론즈,128990,128990,128990,128990,128990,128990,128990,128990
124181856,시소닉 SSP-600ES2 80PLUS브론즈 벌크,,,,,,,,
18698087,시소닉 VERTEX GX-1200 GOLD 풀모듈러 ATX3.1,398490,398490,398490,398490,398490,398490,398490,398490
63035666,시소닉 VERTEX GX-1200 GOLD 풀모듈러 화이트 ATX3.1,422680,422680,422680,422680,422600,416000,416000,408700
15268130,써멀테이크 터프파워 GF 750W GOLD,119000,119000,119000,119000,119000,119000,119000,119000
27482198,써멀테이크 터프파워 GF3 1650W GOLD 풀모듈러 ATX3.0,532060,532060,532060,532060,532060,532060,532060,532060
19744133,써멀테이크 터프파워 GF3 850W GOLD 풀모듈러 ATX3.0,119970,121260,122550,122550,122550,122550,122550,122550
102550697,써멀테이크 터프파워 GT 1200W GOLD 풀모듈러 ATX3.1,253390,253390,253390,253390,253390,253390,253390,253390
90703292,써멀테이크 터프파워 GT 750W GOLD 풀모듈러 ATX3.1,118000,118000,118000,118000,118000,118000,118000,118000
90703352,써멀테이크 터프파워 GT 850W GOLD 풀모듈러 ATX3.1,123820,123820,123820,123820,123820,123820,123820,123820
90703364,써멀테이크 터프파워 GT Snow 850W GOLD 풀모듈러 ATX3.1,123820,123820,123820,123820,123820,123820,123820,123820
60421478,써멀테이크 터프파워 SFX 1000W 골드 풀모듈러 ATX3.0,279960,279960,279960,279960,279960,279960,279960,279960
107771537,써멀테이크 터프파워 i2000W 80PLUS플래티넘 풀모듈러 ATX 3.1,711540,711540,711540,711550,711550,711550,718990,718990
9721512,써멀테이크 터프파워 iRGB PLUS 1200W PLATINUM,335000,335000,335000,335000,335000,335000,335000,335000
5245870,써멀테이크 터프파워 그랜드 RGB 750W 골드 풀모듈러,119000,119000,119000,119000,119000,119000,119000,119000
15315824,썬루트 EX1800 80PLUS브론즈 벌크,107870,107880,107880,108010,108010,108010,108010,108010
63271172,썬루트 PN700W 80PLUS브론즈 ATX3.0,47240,47240,47240,46990,46990,46990,46990,46990
63271199,썬루트 PN700W 80PLUS브론즈 ATX3.0 벌크,45170,45170,45170,45170,45170,45170,45170,45170
100386377,썬루트 PN700W 80PLUS브론즈 ATX3.1,47240,47240,47240,47240,47240,47240,47240,47240
100386404,썬루트 PN700W 80PLUS브론즈 ATX3.1 벌크,45170,45170,45170,45170,45170,45170,45170,45170
39253877,썬루트 PN800W 80PLUS브론즈 ATX3.0,56590,56590,56590,56270,56270,56270,56270,56270
39253910,썬루트 PN800W 80PLUS브론즈 ATX3.0 벌크,54510,54510,54510,53990,53990,53990,53990,53990
16778399,썬루트 TX850 80PLUS골드 풀모듈러,77880,77880,77880,77880,77880,77880,77880,77880
16054367,아툼 HITMAN 1800W 벌크,61640,61640,61640,61640,61640,61640,61640,61640
97568945,아툼 POWERCRASH 700W 80PLUS브론즈 ATX3.1,43330,43330,43330,43330,43330,43330,43330,43330
97568981,아툼 POWERCRASH 800W 80PLUS브론즈 ATX3.1,56900,56900,56900,56727,56900,56900,56900,56900
101187416,아툼 RAGE-X ARENA 600K 벌크,19020,19020,19020,19020,19020,19020,19020,19020
96583871,아툼 RageX ARENA 500W,35300,35300,35300,35300,35300,35300,35300,35300
96583916,아툼 RageX ARENA 500W 벌크,36790,36790,36790,36790,36790,36790,36790,36790
96584006,아툼 RageX ARENA 600W,33690,34360,34360,34360,34360,34360,34360,34360
96584237,아툼 RageX Enertic 700W 80PLUS브론즈 ATX3.0,41490,41490,41490,41490,41490,41490,41490,41500
96584258,아툼 RageX Enertic 700W 80PLUS브론즈 ATX3.0 벌크,41530,41530,41530,41530,41530,41530,41530,41530
96982658,아툼 RageX Enertic 800W 80PLUS브론즈 ATX3.1,48350,48350,48350,48350,48350,48350,48350,48350
97363169,앱코 SETTLER 하이브리드 PCIE5.1 STH-1000B ETA SILVER 블랙,81000,81000,81000,81000,81000,81000,81000,81000
49741892,앱코 SETTLER 하이브리드 PCIE5.1 STH-700B ETA BRONZE 블랙,60000,60000,60000,60000,60000,60000,60000,60000
49742012,앱코 SETTLER 하이브리드 PCIE5.1 STH-700B ETA BRONZE 화이트,65000,65000,65000,65000,65000,65000,65000,65000
49742117,앱코 SETTLER 하이브리드 PCIE5.1 STH-800B ETA BRONZE 블랙,69000,69000,69000,69000,69000,69000,69000,69000
49742132,앱코 SETTLER 하이브리드 PCIE5.1 STH-800B ETA BRONZE 화이트,75000,75000,75000,75000,75000,75000,75000,75000
18872015,앱코 SETTLER-II ST-700S 80PLUS스탠다드,48000,48000,48000,48000,48000,48000,48000,48000
15493556,앱코 SUITMASTER AXE 600W (중고),27000,27000,27000,27000,27000,27000,27000,27000
123762676,앱코 SUITMASTER SETTLER 600W 80PLUS스탠다드 230V EU (중고),20000,20000,20000,20000,20000,20000,20000,20000
7932829,앱코 SUITMASTER ULTIMATE 1200W 80PLUS플래티넘,236560,241370,241370,241370,241370,241370,241370,241370
8038282,앱코 SUITMASTER ULTIMATE 1200W RGB 80PLUS플래티넘,215000,215000,215000,215000,215000,215000,215000,215000
23573519,앱코 ULTIMATE GX850 80PLUS골드 풀모듈러 ATX3.0 블랙,158990,158990,158990,158990,158990,158990,158990,158990
23575055,앱코 ULTIMATE GX850 80PLUS골드 풀모듈러 ATX3.0 화이트,95000,95000,95000,95000,95000,95000,95000,95000
17515637,앱코 XPERT XP-500N,29900,29900,29900,29900,29900,29900,29900,29900
17337491,앱코 XPERT XP-600N,34500,34500,34500,34500,34500,34500,34500,34500
17337602,앱코 XPERT XP-700N,38900,38900,38900,38900,38900,38900,38900,38900
101011325,앱코 코어맥스 CM-1050G ETA골드 ATX3.1,119000,119000,119000,119000,119000,119000,119000,119000
104626808,앱코 코어맥스 CM-1200G ETA골드 ATX3.1,149000,149000,149000,149000,149000,149000,149000,149000
101725352,앱코 코어맥스 CM-1200P ETA플래티넘 ATX3.1 블랙,189000,189000,189000,189000,189000,189000,189000,189000
73951985,앱코 코어맥스 CM-500B ETA브론즈,40900,40900,40900,40900,40900,40900,40900,40900
73952099,앱코 코어맥스 CM-600B ETA브론즈,38900,38900,38900,38900,38900,38900,38900,38900
73952144,앱코 코어맥스 CM-700B ETA브론즈,48900,48900,48900,48900,48900,48900,48900,48900
101011316,앱코 코어맥스 CM-850G ETA골드 ATX3.1,97000,97000,97000,97000,97000,97000,97000,97000
46098851,에너맥스 Cyberbron 2 ECS700B 80PLUS브론즈,89280,89280,89280,89280,89280,89280,89280,89280
123742810,에너맥스 MARBLEBRON EMB650AWT 80PLUS브론즈 모듈러 (중고),29000,29000,29000,29000,29000,29000,29000,29000
5968537,에너맥스 Platimax D.F. EPF1050EWT 80PLUS플래티넘 풀모듈러,299000,299000,,,,,,
5868913,에너맥스 Platimax EPM1700EGT,399000,399000,399000,399000,399000,399000,399000,399000
124289578,에너맥스 Platimax EPM1700EGT (중고),67620,67620,67620,67620,67620,67620,61620,67620
27608465,에너맥스 REVOLUTION ATX3.0 ERA1000EWT 80PLUS골드 풀모듈러,269000,269000,269000,269000,269000,269000,269000,269000
36709001,에너맥스 REVOLUTION D.F. X ERT850EWT 80PLUS골드 풀모듈러 ATX3.0,149000,149000,149000,149000,149000,149000,149000,149000
16142033,에너지옵티머스 EOP-1800,116200,116200,116200,116200,116200,116200,116200,116200
16505159,에너지옵티머스 EOP-2400,170050,170050,170050,170050,170050,170050,170050,170050
9842118,에너지옵티머스 EXCEL 500W 벌크,33320,33990,33990,33990,33990,33990,33990,33990
18307193,에너지옵티머스 EXCEL CLASSIC 500W 80PLUS브론즈 230V EU,44000,44000,44000,44000,44000,44000,44000,44000
18307220,에너지옵티머스 EXCEL CLASSIC 600W 80PLUS브론즈 230V EU,50960,51050,51050,50920,50920,50920,50920,50920
18307241,에너지옵티머스 EXCEL CLASSIC 700W 80PLUS브론즈 230V EU,54300,54300,54300,54300,54300,54300,54300,53770
18307766,에너지옵티머스 EXCEL CLASSIC 700W 80PLUS브론즈 230V EU 풀모듈러,59290,59790,59790,57260,57260,57260,57260,57260
18307490,에너지옵티머스 EXCEL CLASSIC 800W 80PLUS브론즈 230V EU,64190,65490,65490,63820,63820,63820,63820,63820
17702204,에너지옵티머스 EXCEL FOCUS 1000W 80PLUS골드 풀모듈러,108780,110460,110460,107320,107320,107320,107320,107320
19806944,에너지옵티머스 EXCEL FOCUS 1000W 80PLUS골드 풀모듈러 ATX3.0,127400,128230,128230,120890,120890,120890,120890,120890
17730380,에너지옵티머스 EXCEL FOCUS 850W 80PLUS골드 풀모듈러,103900,103900,103900,96630,96620,96620,96620,96620
19281344,에너지옵티머스 EXCEL II 500W 80PLUS스탠다드 230V EU,39200,39780,39780,36280,36280,36280,36280,36280
18851423,에너지옵티머스 EXCEL II 500W 80PLUS스탠다드 230V EU 벌크,35800,35800,35800,35800,35800,35800,35800,35800
124116714,에너지옵티머스 EXCEL II 600W 80PLUS스탠다드 230V EU Ver.2,45480,45480,45480,45480,45480,45480,45480,45480
124116739,에너지옵티머스 EXCEL II 600W 80PLUS스탠다드 230V EU Ver.2 벌크,41980,41980,41980,41980,41980,41980,41980,41980
19266176,에너지옵티머스 EXCEL II 700W 80PLUS스탠다드 230V EU,51940,52990,52990,48080,48080,48080,48080,48080
124289555,에너지옵티머스 EXCEL II 700W 80PLUS스탠다드 230V EU (중고),45000,45000,45000,45000,45000,45000,45000,45000
19266209,에너지옵티머스 EXCEL II 700W 80PLUS스탠다드 230V EU 벌크,48910,49280,49280,48750,48750,48750,48750,48750
55457975,에너지옵티머스 EXCEL II 700W 80PLUS스탠다드 230V EU 화이트,59580,59580,59580,59300,59300,59300,59300,59300
58026038,에너지옵티머스 EXCEL II 700W 80PLUS스탠다드 230V EU 화이트 벌크,52600,52600,52600,52490,52490,52490,52490,52490
30230108,에너지옵티머스 EXTREME 500W 벌크,33980,33980,33980,33980,33980,33980,33980,33980
9839895,에너지옵티머스 EXTREME 600W 벌크,38840,38840,38840,38840,38840,38840,38840,38840
9839922,에너지옵티머스 EXTREME 700W 벌크,44920,44920,44920,44920,44920,44920,44920,44920
16142261,에너지옵티머스 Mach III 350K 벌크,25880,25880,25880,25880,25880,25880,25880,25880
124376337,에너지옵티머스 Mach III 500K Ver.2,,,,,,,,
124376354,에너지옵티머스 Mach III 500K Ver.2 벌크,,,,,,,,
3182134,에너지옵티머스 Mach III 500K v2.3,32990,32990,32990,32990,32990,32990,32990,32990
15779807,에너지옵티머스 Mach III 500K v2.3 벌크,33000,33000,33000,33000,33000,33000,33000,33000
3188023,에너지옵티머스 Mach III 600K v2.3,37940,37940,37940,37940,37940,37940,37940,37940
15779888,에너지옵티머스 Mach III 600K v2.3 벌크,38490,38490,38490,38490,38490,38490,38490,38490
16142312,에너지옵티머스 S500 PRO 벌크,15800,15800,15800,15790,15790,15790,15790,15790
105683840,에너지옵티머스 S600 PRO 벌크,16880,16880,16880,16880,16880,16880,16880,16880
124198139,에디 REACTOR 500W,32500,32500,32500,32500,32500,32500,32500,32500
124198172,에디 REACTOR 500W 벌크,32000,32000,32000,32000,32000,32000,32000,32000
106748978,에디 REACTOR 700W 80PLUS브론즈 ATX3.1,47040,48000,48000,48000,48000,48000,48000,48000
106763702,에디 REACTOR 700W 80PLUS브론즈 ATX3.1 벌크,46060,47000,47000,47000,47000,47000,47000,47000
67979930,엔클롬 CAPO 1000W 80PLUS골드 풀모듈러 ATX3.1 블랙,104900,104900,104900,104900,104900,104900,104900,104900
67979936,엔클롬 CAPO 1000W 80PLUS골드 풀모듈러 ATX3.1 화이트,111900,111900,111400,111400,111900,111900,111900,111900
108407498,엔클롬 CAPO 500W 80PLUS스탠다드 ATX3.1,40900,40900,40900,40900,40900,40900,40900,40900
108407666,엔클롬 CAPO 600W 80PLUS스탠다드 ATX3.1,44900,44900,44900,44900,44900,44900,44900,44900
108407753,엔클롬 CAPO 700W 80PLUS스탠다드 ATX3.1,52000,52000,52000,52000,52000,52000,52000,52000
67979672,엔클롬 CAPO 750W 80PLUS골드 풀모듈러 ATX3.1 블랙,79900,79900,79900,79900,79900,79900,79900,79900
67979705,엔클롬 CAPO 750W 80PLUS골드 풀모듈러 ATX3.1 화이트,84900,84900,84900,84900,84900,84900,84900,84900
67979786,엔클롬 CAPO 850W 80PLUS골드 풀모듈러 ATX3.1 블랙,94900,95400,95400,95900,95900,95900,95900,95900
67979864,엔클롬 CAPO 850W 80PLUS골드 풀모듈러 ATX3.1 화이트,94900,95400,95400,95900,95900,97900,97900,97900
123436755,엔티스 EA 500W 80PLUS스탠다드 230V EU 벌크,36490,36490,36490,36490,36490,36490,36500,36500
123436729,엔티스 EA 600W 80PLUS스탠다드 230V EU 벌크,42090,42090,42090,42090,42090,42090,42100,42100
122702056,엔티스 EA 700W 80PLUS스탠다드 230V EU 벌크,46060,46060,46060,46060,46060,46060,46070,46070
124198894,엔티스 EA 750W 80PLUS골드 벌크,45470,46413,46460,45460,45460,45460,45470,45470
65925125,엔티스 EG 1000W 80PLUS골드 풀모듈러 ATX3.1,105900,108980,108980,108980,108980,108980,109000,109000
65925170,엔티스 EG 1000W 80PLUS골드 풀모듈러 ATX3.1 화이트,113000,113000,113000,113000,113000,113000,113000,114120
65921978,엔티스 EG 750W 80PLUS골드 풀모듈러 ATX3.1,83900,83900,83900,83900,83900,83900,83900,83900
65922035,엔티스 EG 750W 80PLUS골드 풀모듈러 ATX3.1 화이트,82900,87890,87890,87890,87890,87890,87900,87900
65924891,엔티스 EG 850W 80PLUS골드 풀모듈러 ATX3.1,95000,95000,95000,95000,95000,95000,95000,95080
65924927,엔티스 EG 850W 80PLUS골드 풀모듈러 ATX3.1 화이트,101000,101000,101000,101000,101000,101000,101000,103900
123031851,엔티스 EN 500W 벌크,32280,32280,32280,32280,32280,32280,32290,32290
123031879,엔티스 EN 600W 벌크,36480,36490,36490,36490,36490,36490,36500,36500
102124958,엔티스 ES 500W 80PLUS스탠다드 ATX3.1,41040,41050,41050,41040,41040,41040,41050,41050
102125291,엔티스 ES 500W 80PLUS스탠다드 ATX3.1 벌크,39190,39900,39900,39900,39900,39900,39910,39910
102125018,엔티스 ES 600W 80PLUS스탠다드 ATX3.1,47310,47310,47310,47320,47320,47320,47320,47320
102125282,엔티스 ES 600W 80PLUS스탠다드 ATX3.1 벌크,45560,46180,46180,46170,46170,46170,46180,46180
102125108,엔티스 ES 700W 80PLUS스탠다드 ATX3.1,55600,55640,55640,55600,55600,55600,55600,55640
102125267,엔티스 ES 700W 80PLUS스탠다드 ATX3.1 벌크,53400,54490,54490,54490,54490,54490,54500,54500
102125198,엔티스 ES 800W 80PLUS스탠다드 ATX3.1,64400,64420,64420,64000,64000,64000,64000,64420
102125246,엔티스 ES 800W 80PLUS스탠다드 ATX3.1 벌크,62220,63280,63280,63270,63270,63270,63280,63280
123798448,오쓰 X 쿨러마스터 BRONZE 550 ATX3.1 블랙,47870,48820,48820,48820,48820,48820,48830,50060
123799477,오쓰 X 쿨러마스터 BRONZE 550 ATX3.1 블랙 벌크,48990,48990,48990,48990,48990,48990,48990,48990
123798474,오쓰 X 쿨러마스터 BRONZE 650 ATX3.1 블랙,53520,53520,53520,53520,53520,53520,53520,53520
123798485,오쓰 X 쿨러마스터 BRONZE 650 ATX3.1 블랙 벌크,56380,56380,56380,55390,55390,55390,55390,55390
123798482,오쓰 X 쿨러마스터 BRONZE 650 ATX3.1 화이트,57520,57520,57520,57520,57520,57520,57520,57520
123798520,오쓰 X 쿨러마스터 BRONZE 750 ATX3.1 블랙,66230,67560,67560,67560,67560,67560,67560,69990
123798538,오쓰 X 쿨러마스터 BRONZE 750 ATX3.1 블랙 벌크,69980,69980,69980,69980,69240,69240,69240,69240
123798533,오쓰 X 쿨러마스터 BRONZE 750 ATX3.1 화이트,71890,71890,71890,71890,71890,71890,71890,71890
19067243,오존컴퍼니 마이크로박스 DC to DC 200W + 24V 5A 120W (어댑터 포함),74000,74000,74000,74000,74000,74000,74000,74000
16493285,오존컴퍼니 마이크로박스 DC to DC 200W 기본 (어댑터별도),39180,39180,39180,39180,39180,39180,39180,39180
16493324,오존컴퍼니 마이크로박스 DC to DC 200W+19.5V 7.7A 150W (어댑터포함),79990,79990,79990,79990,79990,79990,79990,79990
16493309,오존컴퍼니 마이크로박스 DC to DC 200W+19V 6.32A 120W (어댑터포함),67000,67000,67000,67000,67000,67000,67000,67000
4451343,이도디스플레이 ICE-MAN 500L V2.2 KC,16000,16000,16000,16000,16000,16000,16000,16000
1026982,이도디스플레이 ICE-MAN 500L V2.2 벌크,17500,17500,17500,17500,17500,17500,17500,17500
4451345,이도디스플레이 ICE-MAN 500T PLUS V2.2 KC,20990,20990,20990,20990,20990,20990,20990,20990
71973089,이도디스플레이 ICE-MAN 500T PLUS V2.2 KC 벌크,21840,21840,21840,21840,21840,21840,21840,21840
116861278,이도디스플레이 ICE-MAN 500T Plus V2.2 벌크,20530,20530,20530,20750,20750,20750,20750,20750
1540915,이도디스플레이 ICE-MAN 600AL V2.3 벌크,26990,26990,26990,26990,26990,26990,26990,26990
121046074,이도디스플레이 ICE-MAN 600TI V2.3,41630,41630,41630,43820,40750,40750,40750,40750
4451350,이도디스플레이 ICE-MAN 600TI V2.3 KC 벌크,30070,30390,30710,30710,30710,30710,30710,30710
4451352,이도디스플레이 ICE-MAN M450W V2.2 KC 벌크,20360,20360,20360,20360,20360,20360,20360,20360
1430348,이도디스플레이 ICE-MAN M500W V2.2,27490,27490,27490,27490,27490,27490,27490,27490
6381666,이도디스플레이 ICE-MAN M500W V2.2 NEW,26470,26470,26470,26470,26470,26470,26470,26470
4447526,이도디스플레이 ICE-MAN PREMIUM 500W V2.3,32990,32990,32990,32990,32990,32990,32990,32990
96308552,이도디스플레이 ICE-MAN PREMIUM 500W V2.3 벌크,34330,34330,34330,34330,34330,34330,34330,34330
66039971,이도디스플레이 ICE-MAN PREMIUM 600W V2.3,54990,54990,54990,54990,54330,54330,54330,54330
96308600,이도디스플레이 ICE-MAN PREMIUM 600W V2.3 벌크,37660,37660,37660,37660,37660,37660,37660,37660
3593272,이도디스플레이 ICE-MAN TFX500W,28030,28030,28030,28030,28030,28030,28030,28030
18579509,이엠텍 레드빗 CRPS BPL,347870,347870,347870,341310,341310,341310,341310,341310
122647846,이엠텍 레드빗 CRPS 서포트 키트 V2 (레드빗 전용),38480,38480,38480,38060,38060,38060,38060,38060
18392996,이엠텍 레드빗 CRPS-2000W-1U 80PLUS플래티넘,698240,698250,698250,702070,683550,683550,683550,683550
101696540,잘만 ACRUX II 1000W 80PLUS플래티넘 풀모듈러 ATX3.1,212000,212000,212000,212000,212000,212000,212000,212000
101720138,잘만 ACRUX II 1200W 80PLUS플래티넘 풀모듈러 ATX3.1,234000,234000,234000,234000,234000,234000,234000,234000
101690942,잘만 ACRUX II 850W 80PLUS플래티넘 풀모듈러 ATX3.1,190000,190000,190000,190000,190000,190000,190000,190000
49601795,잘만 DecaMax 500W 80PLUS스탠다드,42350,42350,42350,42350,42350,42350,42350,42350
49609028,잘만 DecaMax 600W 80PLUS스탠다드,47490,47490,47490,47490,47490,47490,47490,47490
49617173,잘만 DecaMax 700W 80PLUS스탠다드,51400,51400,51400,51400,51400,51400,51400,51400
65921402,잘만 DecaMax ET 600W 80PLUS스탠다드,44170,44210,44210,44210,44210,44210,44210,44210
65921480,잘만 DecaMax ET 700W 80PLUS스탠다드,48810,48810,48810,48810,48810,48810,48810,48810
6216861,잘만 EcoMax 500W,35830,35830,35830,35830,35830,35830,35830,35830
14989184,잘만 EcoMax 500W (중고),16320,16320,16320,16320,16320,16320,16320,16320
6216877,잘만 EcoMax 600W,41200,41200,41200,41200,41200,41200,41200,41200
15904337,잘만 EcoMax 600W (중고),26000,26000,26000,26000,26000,26000,26000,26000
14998259,잘만 EcoMax 700W,46900,46900,46900,46900,46900,46900,46900,46900
123994368,잘만 GV2SE 600W 80PLUS브론즈,58000,58000,58000,58000,58000,58000,58000,58000
123994399,잘만 GV2SE 700W 80PLUS브론즈,72000,72000,72000,72000,72000,72000,72000,72000
123994433,잘만 GV2SE 800W 80PLUS브론즈,81500,81500,81500,81500,81500,81500,81500,81500
9910554,잘만 GigaMax 650W 80PLUS브론즈 230V EU,51900,51900,51900,51900,51900,51900,51900,51900
31996193,잘만 GigaMax III 650W 80PLUS브론즈 모듈러 ATX3.1,71000,71000,71000,71000,71000,71000,71000,67420
29615753,잘만 GigaMax III 750W 80PLUS브론즈 모듈러 ATX3.1,77180,77180,77180,77180,77180,77180,77180,77180
94566323,잘만 GigaMax III 750W 80PLUS브론즈 모듈러 ATX3.1 화이트,76650,76650,76650,76650,76650,76650,76650,76650
29615807,잘만 GigaMax III 850W 80PLUS브론즈 모듈러 ATX3.1,88340,88340,88340,88340,88340,88340,88340,88340
94566329,잘만 GigaMax III 850W 80PLUS브론즈 모듈러 ATX3.1 화이트,90760,90760,90760,90760,90760,90760,90760,90760
10174137,잘만 MegaMax 500W 80PLUS스탠다드,44830,44830,44830,44830,44830,44830,44830,44830
10174200,잘만 MegaMax 600W 80PLUS스탠다드,49840,49840,49840,49840,49840,49840,49840,49840
15925640,잘만 MegaMax 600W 80PLUS스탠다드 (중고),36000,36000,36000,36000,36000,36000,36000,36000
10174248,잘만 MegaMax 700W 80PLUS스탠다드,58390,58390,58390,58390,58390,58390,58390,58390
15986018,잘만 MegaMax 700W 80PLUS스탠다드 (중고),41000,41000,41000,41000,41000,41000,41000,41000
15786305,잘만 MegaMax 800W 80PLUS스탠다드,63590,63590,63590,63590,63590,63590,63590,63590
17121881,잘만 MegaMax ET 500W 80PLUS스탠다드,47000,47000,47000,47000,47000,47000,47000,47000
17122130,잘만 MegaMax ET 600W 80PLUS스탠다드,49200,49200,49200,49200,49200,49200,49200,49200
17122220,잘만 MegaMax ET 700W 80PLUS스탠다드,53680,53680,53680,53680,53680,53680,53680,53680
74056880,잘만 MegaMax II 500W 80PLUS브론즈 ATX3.1,55000,55000,55000,55000,55000,55000,55000,55000
74056904,잘만 MegaMax II 600W 80PLUS브론즈 ATX3.1,56020,56020,56020,56020,56020,56020,56020,56020
74056925,잘만 MegaMax II 700W 80PLUS브론즈 ATX3.1,67040,67040,67040,67040,67040,67040,67040,67040
74056946,잘만 MegaMax II 800W 80PLUS브론즈 ATX3.1,78100,78100,78100,78100,78100,78100,78100,78100
12461447,잘만 Tager GAMING 600W 벌크,42490,42490,42490,42490,42490,42490,42490,42490
16935488,잘만 TeraMax 750W 80PLUS골드 풀모듈러,134000,134000,134000,134000,134000,134000,134000,134000
20662874,잘만 TeraMax II 1000W 80PLUS골드 풀모듈러 ATX3.1 블랙,179000,179000,179000,179000,179000,179000,179000,179000
20662922,잘만 TeraMax II 1000W 80PLUS골드 풀모듈러 ATX3.1 화이트,230580,230580,230580,230580,230580,230580,230580,230580
20663186,잘만 TeraMax II 1200W 80PLUS골드 풀모듈러 ATX3.1 블랙,173130,173130,173130,173130,173130,173130,173130,173130
20663225,잘만 TeraMax II 1200W 80PLUS골드 풀모듈러 ATX3.1 화이트,204000,204000,204000,204000,204000,204000,204000,204000
20662217,잘만 TeraMax II 750W 80PLUS골드 풀모듈러 ATX3.1 블랙,132540,132540,132540,132540,132540,132540,132540,132540
20662292,잘만 TeraMax II 750W 80PLUS골드 풀모듈러 ATX3.1 화이트,146290,146290,146290,146290,146290,146290,146290,146290
20662490,잘만 TeraMax II 850W 80PLUS골드 풀모듈러 ATX3.1 블랙,159000,159000,159000,159000,159000,159000,159000,159000
20662529,잘만 TeraMax II 850W 80PLUS골드 풀모듈러 ATX3.1 화이트,164000,164000,164000,164000,164000,164000,164000,164000
89529575,잘만 TeraMax II SE 1000W 80PLUS골드 풀모듈러 ATX3.1 블랙,143210,143210,143210,143210,143210,143210,143210,143210
89529350,잘만 TeraMax II SE 750W 80PLUS골드 풀모듈러 ATX3.1 블랙,116240,116240,116240,116240,116240,116240,116240,116240
89529503,잘만 TeraMax II SE 850W 80PLUS골드 풀모듈러 ATX3.1 블랙,125540,125540,125540,125540,125540,125540,125540,125540
94566416,잘만 TeraMax II VIEW 1000W 80PLUS골드 풀모듈러 ATX3.1 블랙,166460,166460,166460,166460,166460,166460,166460,166460
94566452,잘만 TeraMax II VIEW 1200W 80PLUS골드 풀모듈러 ATX3.1 블랙,185060,185060,185060,185060,185060,185060,185060,185060
12170843,잘만 WATTTERA 1000W 80PLUS골드,236880,236880,236880,236880,236880,236880,236880,236880
12170882,잘만 WATTTERA 1200W 80PLUS골드,269360,269360,269360,269360,269360,269360,269360,269360
12023885,잘만 Wattbit II 400W,34250,34250,34250,34250,34250,34250,34250,34250
12023939,잘만 Wattbit II 500W,37140,37140,37140,37140,37140,37140,37140,37140
12023981,잘만 Wattbit II 600W,43290,43290,43290,43290,43290,43290,43290,43290
4909726,잘만 ZM1000-ARX 80PLUS플래티넘,220170,220170,220170,220170,220170,220170,220170,220170
5488836,잘만 ZM1200-ARX 80PLUS플래티넘,259000,259000,259000,259000,259000,259000,259000,259000
18564248,잘만 ZM400-TFX 80PLUS스탠다드 230V EU,53520,53520,53520,53520,53520,53520,53520,53520
92105339,잘만 ZM500W-XEII,36740,36740,36740,36740,36740,36740,36740,36740
92105393,잘만 ZM600W-XEII,41360,41360,41360,41360,41360,41360,41360,41360
109928124,잘만 ZM700-LEII (중고),29000,29000,29000,29000,29000,29000,29000,29000
92105531,잘만 ZM700W-XEII,47100,47100,47100,47100,47100,47100,47100,47100
4909686,잘만 ZM750-ARX 80PLUS플래티넘,179000,179000,179000,179000,179000,179000,179000,179000
4909709,잘만 ZM850-ARX 80PLUS플래티넘,189100,189100,189100,189100,189100,189100,189100,189100
14230463,제이씨현 TUNDRA PRO 700W FHB 80PLUS브론즈,72800,72800,72800,72800,72800,72800,72800,72800
21483242,제이씨현 TUNDRA 리부트 500W FHB 80+ BRONZE,42000,42000,42000,42000,42000,42000,42000,42000
21483341,제이씨현 TUNDRA 리부트 600W FHB 80+ BRONZE,49000,49000,49000,49000,49000,49000,49000,49000
43619150,제이씨현 TUNDRA 리부트 700W FHB 80+ BRONZE,62000,62000,62000,62000,62000,62000,62000,62000
20311550,중앙시스템 PowerStone PM 400W 80PLUS브론즈,73980,73980,73980,72550,72550,72550,72550,72550
122618019,쿨러마스터 ELITE GOLD 1000 ATX 3.1 풀모듈러,158990,158990,158990,158990,158990,158990,158990,158990
122618046,쿨러마스터 ELITE GOLD 1000 ATX 3.1 풀모듈러 화이트,165000,165000,165000,165000,165000,165000,165000,165000
122684358,쿨러마스터 ELITE GOLD 1200 ATX 3.1 풀모듈러,185000,185000,185000,185000,185000,185000,185000,185000
122684371,쿨러마스터 ELITE GOLD 1200 ATX 3.1 풀모듈러 화이트,191410,191410,191410,191410,191410,191410,191410,191410
122618169,쿨러마스터 ELITE GOLD 650 ATX 3.1 풀모듈러,107480,107480,107480,107480,107480,107480,107480,107480
122618184,쿨러마스터 ELITE GOLD 650 ATX 3.1 풀모듈러 화이트,116680,117540,117540,117540,117540,117540,117540,117540
122618215,쿨러마스터 ELITE GOLD 750 ATX 3.1 풀모듈러,114470,114470,114470,114470,114470,114470,114470,114470
122618226,쿨러마스터 ELITE GOLD 750 ATX 3.1 풀모듈러 화이트,126770,127070,127070,127070,127070,127070,127070,127070
122618376,쿨러마스터 ELITE GOLD 850 ATX 3.1 풀모듈러,124450,124450,124450,124450,124450,124450,124450,124450
122618383,쿨러마스터 ELITE GOLD 850 ATX 3.1 풀모듈러 화이트,137020,137660,137660,137660,137660,137660,137660,137660
122693539,쿨러마스터 Elite Platinum 1000W ATX 3.1 풀모듈러 블랙,214890,214890,214890,214890,214890,214890,214890,214890
122693544,쿨러마스터 Elite Platinum 1000W ATX 3.1 풀모듈러 화이트,226590,226590,226590,226590,226590,226590,226590,226590
122693553,쿨러마스터 Elite Platinum 1300W ATX 3.1 풀모듈러 블랙,264690,264690,264690,264690,264690,264690,264690,264690
122693557,쿨러마스터 Elite Platinum 1300W ATX 3.1 풀모듈러 화이트,283810,283810,283810,283810,283810,283810,283810,283810
122693435,쿨러마스터 Elite Platinum 750W ATX 3.1 풀모듈러 블랙,160880,160880,160880,160880,160880,160880,160880,160880
122693465,쿨러마스터 Elite Platinum 750W ATX 3.1 풀모듈러 화이트,171490,171490,171490,171490,171490,171490,171490,171490
122693493,쿨러마스터 Elite Platinum 850W ATX 3.1 풀모듈러 블랙,185290,185290,185290,185290,185290,185290,185290,185290
122693505,쿨러마스터 Elite Platinum 850W ATX 3.1 풀모듈러 화이트,195890,195890,195890,195890,195890,195890,195890,195890
14209529,쿨러마스터 G800 GOLD,94000,96500,94000,99000,91500,91500,91500,91500
7259221,쿨러마스터 GOLD V650 풀모듈러,125340,128990,128990,128990,128990,128990,128990,128990
12235556,쿨러마스터 GOLD V750 V2 블랙 풀모듈러,190400,190400,190400,190400,190400,190400,190400,190400
12235604,쿨러마스터 GOLD V750 V2 화이트 풀모듈러,157160,161990,161990,161990,150650,150650,150650,150650
12235745,쿨러마스터 GOLD V850 V2 화이트 풀모듈러,231000,231000,231000,231000,231000,231000,231000,231000
28246184,쿨러마스터 GX II GOLD 750 ATX3.0,151790,151790,151790,151790,151790,151790,126500,126500
28245941,쿨러마스터 GX II GOLD 850 ATX3.0,164990,164990,164990,164990,164990,164990,164990,164990
31262567,쿨러마스터 GX III GOLD 1050 풀모듈러 ATX3.0,220020,220020,220020,220020,220020,220020,220020,220020
31262300,쿨러마스터 GX III GOLD 1250 풀모듈러 ATX3.0,290310,290310,290310,290310,290310,290310,290310,290310
28245617,쿨러마스터 GX III GOLD 850 ATX3.0,170910,174980,174980,174980,165900,165900,165900,165900
16367276,쿨러마스터 M2000 80PLUS플래티넘 230V 풀모듈러,798000,798000,798000,798000,798000,798000,798000,798000
28246559,쿨러마스터 MWE GOLD 1050 V2 ATX3.0,175740,177980,177980,175480,175480,175480,175480,175480
18429605,쿨러마스터 MWE GOLD 1250-V2 ATX3.0,195330,197990,197990,197990,195310,195310,195310,195310
77318324,쿨러마스터 MWE GOLD 550 V3 ATX3.1 블랙,68980,68980,68980,67400,67400,67400,67400,67400
77318342,쿨러마스터 MWE GOLD 550 V3 ATX3.1 화이트,73980,73980,73980,73980,72350,72350,72350,72350
77318288,쿨러마스터 MWE GOLD 650 V3 ATX3.1 화이트,79460,76970,78990,81970,79460,79460,79460,79460
75719807,쿨러마스터 MWE GOLD 750 V3 ATX3.1 블랙,88650,88980,88980,84790,84790,84790,84790,84790
75719810,쿨러마스터 MWE GOLD 750 V3 ATX3.1 화이트,92540,92540,92540,92040,92040,92040,92040,92040
75719750,쿨러마스터 MWE GOLD 850 V3 ATX3.1 블랙,88400,88400,88400,88400,88400,88400,88400,88400
75719774,쿨러마스터 MWE GOLD 850 V3 ATX3.1 화이트,104660,104980,104980,101650,101650,101650,101650,101650
65920853,쿨러마스터 MWE Gold 1050 V2 풀모듈러 ATX3.0 SF6 Blanka,244990,244990,244990,244490,244490,244490,244490,244490
122728285,쿨러마스터 MWE Gold V4 1000 ATX3.1 블랙,162200,161280,161280,161280,161280,161280,154080,154840
122728300,쿨러마스터 MWE Gold V4 850 ATX3.1 블랙,174000,174000,174000,174000,174000,174000,185000,185000
54814436,쿨러마스터 MWE 브론즈 550 V3 230V ATX3.1,52980,52980,52980,52980,50740,50740,50740,50740
54814346,쿨러마스터 MWE 브론즈 650 V3 230V ATX3.1,57600,57600,62990,61980,57600,57600,57600,57600
65921183,쿨러마스터 MWE 브론즈 650 V3 230V ATX3.1 화이트,66880,66880,66880,64960,64960,64960,64960,64960
54814202,쿨러마스터 MWE 브론즈 750 V3 230V ATX3.1,82000,82000,82000,82000,82000,82000,82000,82000
105551618,쿨러마스터 MWE 브론즈 750 V3 230V ATX3.1 Rev.2 블랙,82070,82070,82070,82070,82070,82070,82070,82070
105551648,쿨러마스터 MWE 브론즈 750 V3 230V ATX3.1 Rev.2 화이트,86290,88030,88030,88030,88030,88030,88030,88030
65920958,쿨러마스터 MWE 브론즈 750 V3 230V ATX3.1 화이트,87280,87980,87980,86120,86120,86120,86120,86120
7259851,쿨러마스터 PLATINUM V1000 풀모듈러,336540,348990,348990,324560,324560,324560,324560,324560
7259989,쿨러마스터 PLATINUM V1300 풀모듈러,405680,421990,421990,392450,392450,392450,392450,392450
7259731,쿨러마스터 PLATINUM V850 풀모듈러,277980,288590,288590,272090,272090,272090,272090,272090
123539013,쿨러마스터 V PLATINUM 3000 Workstation ATX3.1,825910,825910,825910,825910,825910,825910,825910,825910
68578502,쿨러마스터 V SFX Gold 850 ATX3.1,234000,234000,234000,234000,234000,234000,234000,234000
75536243,쿨러마스터 V SFX Gold 850 ATX3.1 화이트,249980,249980,249980,239720,239720,239720,239720,239720
2123356,쿨러마스터 V1000,384150,384150,384150,384150,384150,384150,384150,384150
23785619,쿨러마스터 V1100 SFX PLATINUM ATX3.0,344100,344100,344100,344100,344100,344100,344100,344100
23792255,쿨러마스터 V1300 SFX PLATINUM ATX3.0,411770,413390,413390,413390,412700,412700,412700,412700
17260823,쿨러마스터 V750 SFX GOLD 화이트 에디션,245000,245000,245000,245000,245000,245000,245000,245000
12573746,쿨러마스터 V850 SFX GOLD,266000,266000,266000,266000,266000,266000,266000,266000
22079534,쿨러마스터 V850 SFX 골드 ATX3.0,294000,294000,294000,294000,294000,294000,294000,294000
22079648,쿨러마스터 V850 SFX 골드 ATX3.0 화이트,322000,322000,322000,322000,322000,322000,322000,322000
82471217,쿨러마스터 X Mighty Platinum 2000W 230V ATX3.1,702000,702000,702000,702000,702000,702000,702000,702000
95845724,쿨러마스터 X Mighty Platinum 2000W ATX3.1,683040,683040,683040,683040,683040,683040,683040,683040
4401214,퍼스트큐브씨앤씨 First CUBE 450GM VALUE,19890,19890,19890,19770,19770,19770,19770,19770
2841145,퍼스트큐브씨앤씨 First CUBE 620GX V2.3,24880,24880,24880,24880,24880,24880,24880,24880
117693804,퍼스트큐브씨앤씨 First CUBE 620GX V2.3 벌크,25300,25300,25300,25300,25300,25300,25300,25300
3351026,퍼스트큐브씨앤씨 MAX 500W V2.3,30490,30490,30490,30290,30290,30290,30290,30290
34811093,포게임 ECOMASTER ECO 750 80PLUS스탠다드,56000,56000,56000,56000,56000,56000,56000,56000
17523389,포게임 MAXMASTER MAX 750 GOLD,142430,142430,142430,142430,142430,142430,142430,142430
17523305,포게임 PROMASTER PRO 700 BRONZE,59500,59500,59500,59500,59500,59500,59500,59500
5311653,피닉스CNS 듀얼파워커넥터 ADD2PSU,890,890,890,890,890,890,890,890
17529902,한국이스트 EA901,450000,450000,450000,450000,450000,450000,450000,450000
52062020,한국이스트 EA901RM,499990,499990,499990,499990,499990,499990,499990,499990
52061984,한국이스트 EA902,879990,879990,879990,879990,879990,879990,879990,879990
52062032,한국이스트 EA902RM,873000,873000,873000,873000,873000,873000,873000,873000
17529956,한국이스트 EA903,1200000,1200000,1200000,1200000,1200000,1200000,1200000,1200000
52062047,한국이스트 EA903RM,1300000,1300000,1300000,1300000,1300000,1300000,1300000,1300000
111074627,헝웨이 SMPS 120W 12V,17200,17200,17200,17570,17570,17570,17570,17570
120564532,헝웨이 SMPS 200W 12V,23630,23630,23630,24140,24140,24140,24140,24140
118555949,헝웨이 SMPS 350W 12V,30020,30020,30020,30020,30020,30020,30020,30020
9706125,현대파워 PRIME 600K 벌크,15890,15890,15890,15890,15240,15240,15240,15240
9706182,현대파워 PRIME 620K 벌크,17490,17490,17490,17070,17070,17070,17070,17070
9706308,현대파워 PRIME 650K 벌크,26040,26050,26050,25500,25500,25500,25500,25500
9367125,현대파워 PRIME 750K PLUS 벌크,30680,30680,30680,29880,29880,29880,29880,29880
9367050,현대파워 PRIME 850K PLUS 벌크,34640,34640,34640,34640,33640,33640,33640,33640
9367200,현대파워 PRIME SFX-600M 벌크,19240,19240,19240,18810,18810,18810,18810,18810
9367224,현대파워 PRIME SFX-630M 벌크,23750,23750,23750,23030,23030,23030,23030,23030
32488520,현대파워 PRIME SFX-650M 벌크,31670,31670,31670,31280,31280,31280,31280,31280
9367299,현대파워 PRIME TFX-500P 벌크,21990,21990,21990,21490,21490,21490,21490,21490
18373064,현대파워 VEGA ST-500W 벌크,30140,30140,30140,29880,29880,29880,29880,29880
18373133,현대파워 VEGA ST-600W 벌크,34990,34990,34990,34140,34140,34140,34140,34140
