product_code,product_name,2026-10-11,2026-10-10,2026-10-09,2026-10-08,2026-10-07,2026-10-06,2026-10-05,2026-10-04
65911163,32인치 HD 스마트 TV (스탠드),195050,195050,195050,195050,195050,195050,195050,195050
123845419,ASUS 젠스크린 스마트 모니터 MS32UC-P 이동형 패키지,702580,702580,702580,702580,702580,702580,702580,702580
98483957,AVISION APEXF320HK (스탠드),126000,126000,126000,126000,126000,126000,126000,126000
40715192,BD-75UHD (스탠드),750000,750000,750000,750000,750000,750000,750000,750000
37478702,DA5500C (스탠드),415170,415170,415170,415170,415170,415170,415170,415170
48940058,GTNB320HD11 (스탠드),209900,209900,209900,209900,209900,209900,209000,209000
100697258,HKC 163인치 P0.9 COB LED 올인원 이동형 전광판 스크린 (이동형 스탠드),79999990,79999990,79999990,79999990,79999990,79999990,79999990,79999990
99944372,HKC 32KIOSK (본체),539000,539000,539000,539000,539000,539000,539000,539000
101071877,HKC 32인치 고휘도 사이니지 (본체),1149990,1149990,1149990,1149990,1149990,1149990,1149990,1149990
101071952,HKC 49인치 고휘도 사이니지 (본체),1790000,1790000,1790000,1790000,1790000,1790000,1790000,1790000
69698114,KCZ40TF (스탠드),193200,193200,193200,193200,193200,193200,193200,193200
15979568,LG전자 24TK410D (스탠드),559550,559550,559550,559550,559550,559550,559550,559550
17164559,LG전자 24TQ510SP (스탠드),561250,561340,561370,561380,561450,561470,561560,561590
17164700,LG전자 24TQ510SW (스탠드),333000,333000,333000,333000,333000,333000,333000,333000
17164424,LG전자 24TQ520SW (스탠드),691600,691600,691600,691600,691600,691600,691600,691600
17164088,LG전자 27TQ615SP (스탠드),927150,927150,927150,927150,927150,927150,927150,927150
17164250,LG전자 27TQ625SW (스탠드),955990,955990,955990,955990,955990,955990,955990,955990
15978974,LG전자 28TN525S (스탠드),480200,480200,480200,489980,489980,489980,489980,489980
2791582,LG전자 32LB640R (스탠드),293990,293990,293990,299990,284990,289990,294990,289990
122655961,LG전자 32LB650BCNA (벽걸이),319740,319740,319740,308343,316850,316850,319730,319730
122655951,LG전자 32LB650BCNA (스탠드),316840,316870,316960,308525,316990,319580,319670,319790
122638487,LG전자 32LB650BENA (벽걸이),336640,336760,336790,336850,336950,337000,337100,337220
122638159,LG전자 32LB650BENA (스탠드),319580,319700,319810,319850,319920,284220,314840,314960
124101346,LG전자 32LB650BGNA (벽걸이),435000,435000,435000,435000,435000,380000,380000,380000
124101339,LG전자 32LB650BGNA (스탠드),318240,318240,318240,318240,318240,318240,318240,318240
122651666,LG전자 32LB650BKNA (벽걸이),386990,386990,386990,386990,386990,386990,386990,386990
122651664,LG전자 32LB650BKNA (스탠드),318050,310000,310000,308530,310000,318050,318050,318050
3772346,LG전자 32LH560B (스탠드),360000,360000,360000,360000,360000,360000,360000,360000
3797404,LG전자 32LH561B (스탠드),363750,363750,363750,363750,363750,363750,363750,363750
5101785,LG전자 32LJ561C (스탠드),160000,160000,160000,165000,165000,165000,160000,165000
6208639,LG전자 32LK562BENA (스탠드),390000,390000,390000,390000,390000,390000,390000,390000
8223721,LG전자 32LM560BENA (벽걸이),382200,382200,382200,389990,389990,389990,389990,389990
8223490,LG전자 32LM560BENA (스탠드),287100,287100,287100,287100,287100,287100,287100,287100
8328855,LG전자 32LM560BGNA (벽걸이),413000,413000,413000,413000,413000,413000,413000,413000
8328729,LG전자 32LM560BGNA (스탠드),310400,310400,310400,310400,310400,310400,310400,310400
9321744,LG전자 32LM561CBNA (벽걸이),460590,460590,460600,469980,469980,469990,446500,446500
9241959,LG전자 32LM561CBNA (스탠드),277530,277530,277530,277530,277530,277530,277530,310650
11111418,LG전자 32LM580BEND (벽걸이),366430,366430,366440,366440,366450,366450,366460,366460
11088819,LG전자 32LM580BEND (스탠드),290000,290000,290000,290000,290000,290000,290000,290000
13287737,LG전자 32LM581CBND (벽걸이),398850,398850,398860,399520,399520,399530,399530,399540
13287722,LG전자 32LM581CBND (스탠드),325000,325000,325000,325000,325000,325000,325000,325000
10898586,LG전자 32LM630BENA (스탠드),807500,807500,807500,807500,807500,807500,807500,807500
31681025,LG전자 32LQ635BCNA (벽걸이),367000,367000,367000,367000,367000,367000,367000,367000
31680956,LG전자 32LQ635BCNA (스탠드),306240,319850,306240,319850,319850,318680,319850,319850
36198809,LG전자 32LQ635BENA (벽걸이),365000,365000,365000,365000,365000,365000,365000,365000
31430168,LG전자 32LQ635BENA (스탠드),307000,307000,307000,307000,307000,307000,174600,179990
57290420,LG전자 32LQ635BGNA (벽걸이),364990,364990,364990,364990,364990,364990,364990,364990
57290399,LG전자 32LQ635BGNA (스탠드),320000,320000,320000,320000,320000,320000,320000,320000
16550072,LG전자 32LQ635BKNA (벽걸이),365000,365000,365000,365000,365000,365000,365000,365000
16550060,LG전자 32LQ635BKNA (스탠드),311540,311540,311540,311540,311540,311540,311540,311540
16911380,LG전자 32SM5J (본체),479900,479900,479900,479900,479900,479900,479900,479900
67621043,LG전자 37BH7N (본체),1120000,1120000,1120000,1120000,1120000,1120000,1120000,1120000
2562063,LG전자 42LB5650 (벽걸이),541500,541500,541500,541500,541500,541500,541500,541500
2514187,LG전자 42LB5650 (스탠드),541500,541500,541500,541500,541500,541500,541500,541500
10738611,LG전자 42LS75C (본체),1387650,1387650,1387650,1387650,1387650,1387650,1387650,1387650
3675113,LG전자 42LX530H (벽걸이),560500,560500,560500,560500,560500,560500,560500,560500
3223027,LG전자 42LX530H (스탠드),560500,560500,560500,560500,560500,560500,560500,560500
123681584,LG전자 43LB6500KNB (벽걸이),524390,524390,524390,548900,548900,524390,524390,524390
123681540,LG전자 43LB6500KNB (스탠드),524390,524390,524390,538350,523900,523940,524030,524150
6184546,LG전자 43LK5620ENA (벽걸이),530000,530000,530000,530000,530000,530000,530000,530000
6184521,LG전자 43LK5620ENA (스탠드),530000,530000,530000,530000,530000,530000,530000,530000
7862323,LG전자 43LM5600ENA (스탠드),591700,591700,591700,591700,591700,591700,591700,591700
7716130,LG전자 43LM5600GNA (벽걸이),560500,560500,560500,560500,560500,560500,560500,560500
7716034,LG전자 43LM5600GNA (스탠드),551000,551000,551000,551000,551000,551000,551000,551000
8679158,LG전자 43LM561C0NA (벽걸이),480000,480000,480000,480000,480000,480000,480000,480000
27925685,LG전자 43LM561C0NA (본체),488030,488030,488040,497920,497920,497930,497930,497940
8679152,LG전자 43LM561C0NA (스탠드),489990,489990,489990,489990,489990,489990,489990,489990
15165791,LG전자 43LM6350KNA (벽걸이),490000,490000,490000,490000,490000,490000,490000,490000
15165743,LG전자 43LM6350KNA (스탠드),485000,485000,485000,485000,485000,485000,485000,485000
19906400,LG전자 43LN342H (벽걸이),490000,490000,490000,490000,490000,490000,490000,490000
37931936,LG전자 43LN342H (본체),431400,431400,431400,431400,431400,431400,431400,431400
19906307,LG전자 43LN342H (스탠드),474810,474810,474810,484490,484490,484490,484490,484490
16950014,LG전자 43LT340C0UB 리퍼비시 (방문수령),528990,528990,528990,528990,528990,528990,528990,528990
19948028,LG전자 43LT340C0UB 리퍼비시 (벽걸이),569050,569050,569050,569050,569050,569050,569050,569050
16950011,LG전자 43LT340C0UB 리퍼비시 (스탠드),540550,540550,540550,540550,540550,540550,540550,540550
10067766,LG전자 43LT540H0NB (벽걸이),539990,539990,539990,539990,539990,539990,539990,539990
67579127,LG전자 43LT540H0NB (본체),468930,468930,468930,468930,468930,468930,468930,468930
10067745,LG전자 43LT540H0NB (스탠드),510000,510000,510000,510000,510000,510000,510000,510000
3400092,LG전자 43LX310C (벽걸이),544720,544720,544720,544720,544720,544720,544720,544720
10738770,LG전자 43SM5KE (본체),880000,880000,880000,880000,880000,880000,880000,880000
13108799,LG전자 43UH5F (본체),959530,959530,959530,959530,959530,959530,959530,959530
17770013,LG전자 43UH5J (본체),560000,560000,560000,560000,560000,560000,560000,560000
33899444,LG전자 43UH5N-E (벽걸이),1019690,1019690,1019690,1019690,1019690,1019690,1019690,1019690
30227276,LG전자 43UH5N-E (본체),879990,879990,879990,879990,879990,879990,879990,879990
100696052,LG전자 43UH5Q (벽걸이),810350,810470,810500,810560,810660,810730,810830,810950
99891926,LG전자 43UH5Q (본체),629500,629500,629500,629500,629500,629500,629500,629500
20218550,LG전자 43UH7J (벽걸이),1039500,1039500,1039500,1039500,1039500,1039500,1039500,1039500
17771666,LG전자 43UH7J (본체),940500,940500,940500,940500,940500,940500,940500,940500
67621127,LG전자 43UH7N (벽걸이),1039490,1039490,1039490,1039490,1039490,1039490,1039490,1039490
67621064,LG전자 43UH7N (본체),900000,900000,900000,900000,900000,900000,900000,900000
18199565,LG전자 43UL3J (벽걸이),996930,996930,996930,996930,996930,996930,996930,996930
16136780,LG전자 43UL3J (본체),644980,644980,644980,644980,644980,644980,644980,644980
94887317,LG전자 43UL3J (키오스크형),1470000,1470000,1470000,1470000,1470000,1470000,1470000,1470000
101076821,LG전자 43UL3Q (벽걸이),673450,673570,673600,673660,673760,673830,673930,673960
99892043,LG전자 43UL3Q (본체),509500,509500,509500,509500,509500,509500,509500,509500
123982838,LG전자 43UL5Q-E (벽걸이),735000,735000,735000,749990,749990,749990,749990,749990
123982802,LG전자 43UL5Q-E (본체),553700,553700,553700,553700,553700,553700,553700,553700
123982594,LG전자 43UL5Q-M (본체),570000,570000,570000,570000,570000,570000,570000,570000
16182764,LG전자 43UM3DG (본체),857570,857570,857570,857570,857570,857570,857570,857570
32489288,LG전자 43UM5N-H (벽걸이),1019690,1019690,1019690,1019690,1019690,1019690,1019690,1019690
30227408,LG전자 43UM5N-H (본체),773770,773770,773770,773770,773770,773770,773770,773770
6985111,LG전자 43UU641C (스탠드),919600,919600,919600,919600,919600,919600,919600,919600
90159263,LG전자 49S4P (본체),2405490,2405610,2405720,2405760,2405830,2405900,2405990,2406110
13120751,LG전자 49SE3KE (본체),774690,774690,774690,774690,774690,774690,774690,774690
10736964,LG전자 49SM5KE (본체),939980,939980,939980,939980,939980,939980,939980,939980
13173104,LG전자 49UH5F (벽걸이),1429750,1429750,1429750,1429750,1429750,1429750,1429750,1429750
13108763,LG전자 49UH5F (본체),967000,967000,967000,967000,967000,967000,967000,967000
17769737,LG전자 49UH5J (본체),874890,874890,874890,874890,874890,874890,874890,874890
33899453,LG전자 49UH5N-E (벽걸이),1138500,1138500,1138500,1138500,1138500,1138500,1138500,1138500
30227510,LG전자 49UH5N-E (본체),930000,930000,930000,930000,930000,930000,930000,930000
100696064,LG전자 49UH5Q (벽걸이),1004350,995100,954580,954670,954700,954740,954830,954950
99891914,LG전자 49UH5Q (본체),788630,788640,788690,788690,788690,788690,788690,788690
15105464,LG전자 49UH7F (벽걸이),1425000,1425000,1425000,1425000,1425000,1425000,1425000,1425000
13086713,LG전자 49UH7F (본체),1200000,1200000,1200000,1200000,1200000,1200000,1200000,1200000
20313650,LG전자 49UH7J (벽걸이),1237500,1237500,1237500,1237500,1237500,1237500,1237500,1237500
17739215,LG전자 49UH7J (본체),1096000,1096000,1096000,1096000,1096000,1096000,1096000,1096000
67621133,LG전자 49UH7N (벽걸이),1237490,1237490,1237490,1237490,1237490,1237490,1237490,1237490
67621085,LG전자 49UH7N (본체),1050000,1050000,1050000,1050000,1050000,1050000,1050000,1050000
16203875,LG전자 49UM3DG (본체),947660,947660,947660,947660,947660,947660,947660,947660
32489249,LG전자 49UM5N-H (벽걸이),1069200,1069200,1069200,1069200,1069200,1069200,1069200,1069200
30227627,LG전자 49UM5N-H (본체),799000,799000,799000,799000,799000,799000,799000,799000
16042973,LG전자 49VL5G (본체),1498000,1498000,1498000,1498000,,,,
100842554,LG전자 49VL5PJ (벽걸이),1567710,1567830,1567940,1594850,1594890,1594970,1595080,1595200
100842551,LG전자 49VL5PJ (본체),1310000,1310000,1310000,1310000,1310000,1310000,1310000,1310000
17387165,LG전자 50UL3G-B 리퍼비시 (방문수령),607050,607050,607050,607050,607050,607050,607050,607050
17387153,LG전자 50UL3G-B 리퍼비시 (벽걸이),678990,678990,678990,678990,678990,678990,678990,678990
16021820,LG전자 50UL3J (본체),669900,669900,669900,669900,669900,669900,669900,669900
90890093,LG전자 50UL3J-N (본체),690000,690000,690000,690000,690000,690000,690000,690000
101076824,LG전자 50UL3Q (벽걸이),755150,755150,755150,755150,755150,755150,755150,755150
99892010,LG전자 50UL3Q (본체),619000,619000,619000,619000,619000,619000,619000,619000
104964401,LG전자 50UL5Q-E (벽걸이),877900,878020,878130,878210,878250,878290,878380,878500
104964332,LG전자 50UL5Q-E (본체),683500,683500,683500,683500,683500,683500,683500,683500
124011240,LG전자 50UL5Q-M (본체),740000,740000,740000,740000,740000,740000,740000,740000
58011149,LG전자 55CT5WN (본체),1912840,1912960,1913070,1913110,1913180,1913260,1913360,1913480
58011194,LG전자 55CT5WN (스탠드),1995000,1995000,1995000,1995000,1995000,1995000,1995000,1995000
17130683,LG전자 55HU5F (본체),1144000,1144000,1144000,1144000,1144000,1144000,1144000,1144000
2514185,LG전자 55LB5650 (스탠드),1067000,1067000,1067000,1067000,1067000,1067000,1067000,1067000
5971361,LG전자 55LV540H (스탠드),1090000,1090000,1090000,1090000,1090000,1090000,1090000,1090000
17515766,LG전자 55SE3KD 리퍼비시 (벽걸이),789000,789000,789000,789000,789000,789000,789000,789000
17511482,LG전자 55SE3KE 리퍼비시 (방문수령),749000,749000,749000,749000,749000,749000,749000,749000
17511485,LG전자 55SE3KE 리퍼비시 (벽걸이),789000,789000,789000,789000,789000,789000,789000,789000
20523329,LG전자 55SM5KD 리퍼비시 (벽걸이),809000,809000,809000,809000,809000,809000,809000,809000
92545253,LG전자 55TA3E 리퍼비시 (방문수령),1009280,1009400,1009430,1009490,1009590,1009660,1009760,1009880
92545256,LG전자 55TA3E 리퍼비시 (벽걸이),1078990,1078990,1078990,1078990,1078990,1078990,1078990,1078990
16694528,LG전자 55UH5C 리퍼비시 (벽걸이),919000,919000,919000,919000,919000,919000,919000,919000
16724792,LG전자 55UH5E 리퍼비시 (방문수령),835050,835050,835050,835050,835050,835050,835050,835050
16724789,LG전자 55UH5E 리퍼비시 (벽걸이),809000,809000,809000,809000,809000,809000,809000,809000
13072484,LG전자 55UH5F (본체),1144000,1144000,1144000,1144000,1144000,1144000,1144000,1144000
17794457,LG전자 55UH5J (본체),1336490,1336490,1336490,1336490,1336490,1336490,1336490,1336490
33988937,LG전자 55UH5N-E (벽걸이),1386000,1386000,1386000,1386000,1386000,1386000,1386000,1386000
30227546,LG전자 55UH5N-E (본체),1109090,1109090,1109090,1109090,1109090,1109090,1109090,1109090
100696055,LG전자 55UH5Q (벽걸이),1070900,1071020,1071130,1071210,1071250,1071310,1071400,1071520
99891905,LG전자 55UH5Q (본체),889000,889000,889000,889000,889000,889000,889000,889000
13172402,LG전자 55UH7F (벽걸이),1710000,1710000,1710000,1710000,1710000,1710000,1710000,1710000
13108673,LG전자 55UH7F (본체),1280000,1280000,1280000,1280000,1280000,1280000,1280000,1280000
18543998,LG전자 55UH7J (벽걸이),1386000,1386000,1386000,1386000,1386000,1386000,1386000,1386000
17739317,LG전자 55UH7J (본체),1287000,1287000,1287000,1287000,1287000,1287000,1287000,1287000
67621142,LG전자 55UH7N (벽걸이),1386000,1386000,1386000,1386000,1386000,1386000,1386000,1386000
67621097,LG전자 55UH7N (본체),1253100,1253100,1253100,1253100,1253100,1253100,1253100,1253100
16662029,LG전자 55UL3G-B 리퍼비시 (방문수령),720200,720230,720310,720350,720420,720450,720540,720570
16662020,LG전자 55UL3G-B 리퍼비시 (벽걸이),808990,808990,808990,808990,808990,808990,808990,808990
16187588,LG전자 55UL3J (본체),790000,790000,790000,790000,790000,790000,790000,790000
94887170,LG전자 55UL3J (키오스크형),1989990,1989990,1989990,1989990,1989990,1989990,1989990,1989990
90890105,LG전자 55UL3J-N (본체),1196000,1196000,1196000,1196000,1196000,1196000,1196000,1196000
101074517,LG전자 55UL3Q (벽걸이),883490,883490,883490,883490,883490,883490,883490,883490
99891995,LG전자 55UL3Q (본체),744000,744000,744000,744000,744000,744000,744000,744000
124011308,LG전자 55UL5Q-E (벽걸이),1029000,1029000,1029000,1049990,1049990,1049990,1049990,1049990
124011252,LG전자 55UL5Q-E (본체),763500,763500,763500,763500,763500,763500,763500,763500
124011645,LG전자 55UL5Q-M (본체),859990,859990,859990,859990,860000,860000,860000,860000
16244165,LG전자 55UM3DG (본체),1320000,1320000,1320000,1320000,1320000,1320000,1320000,1320000
32489273,LG전자 55UM5N-H (벽걸이),1267200,1267200,1267200,1267200,1267200,1267200,1267200,1267200
30227654,LG전자 55UM5N-H (본체),1080000,1080000,1080000,1080000,1080000,1080000,1080000,1080000
12074387,LG전자 55UT340H 리퍼비시 (방문수령),550050,550050,550050,550050,550050,550050,550050,550050
21521240,LG전자 55UT340H 리퍼비시 (벽걸이),626050,626050,626050,626050,626050,626050,626050,626050
12074363,LG전자 55UT340H 리퍼비시 (스탠드),608990,608990,608990,608990,608990,608990,608990,608990
11751482,LG전자 55UT640S 리퍼비시 (방문수령),609120,609150,609230,609270,609280,609330,609350,609440
19947905,LG전자 55UT640S 리퍼비시 (벽걸이),688750,688750,688750,688750,688750,688750,688750,688750
11751275,LG전자 55UT640S 리퍼비시 (스탠드),660250,660250,660250,660250,660250,660250,660250,660250
11891545,LG전자 55UU340C 리퍼비시 (방문수령),645000,645000,645000,645000,645000,645000,645000,645000
90159245,LG전자 55XS4P (본체),3325000,3325000,3325000,3325000,3325000,3325000,3325000,3325000
17449703,LG전자 65SE3KD 리퍼비시 (방문수령),920550,920550,920550,920550,920550,920550,920550,920550
20523869,LG전자 65SE3KD 리퍼비시 (벽걸이),1006050,1006050,1006050,1006050,1006050,1006050,1006050,1006050
17449454,LG전자 65SM5KD 리퍼비시 (방문수령),958550,958550,958550,958550,958550,958550,958550,958550
123721947,LG전자 65SM5KD 리퍼비시 (벽걸이),1044050,1044050,1044050,1044050,1044050,1044050,1044050,1044050
17251382,LG전자 65UH5B 리퍼비시 (방문수령),745880,745910,745990,746030,746100,746130,746220,746250
20524121,LG전자 65UH5B 리퍼비시 (벽걸이),835050,835050,835050,835050,835050,835050,835050,835050
16811219,LG전자 65UH5E 리퍼비시 (방문수령),749550,749550,749550,749550,749550,749550,749550,749550
34658945,LG전자 65UH5E 리퍼비시 (벽걸이),835050,835050,835050,835050,835050,835050,835050,835050
13108460,LG전자 65UH5F (벽걸이),3384850,3384850,3384850,3384850,3384850,3384850,3384850,3384850
13108442,LG전자 65UH5F (본체),1039000,1039000,1039000,1039000,1039000,1039000,1039000,1039000
16233845,LG전자 65UH5F 리퍼비시 (방문수령),1099000,1099000,1099000,1099000,1099000,1099000,1099000,1099000
18476135,LG전자 65UH5J (벽걸이),929990,929990,929990,929990,929990,929990,924800,924800
17794550,LG전자 65UH5J (본체),954800,954800,954800,954800,954800,954800,954800,954800
98778047,LG전자 65UH5J 리퍼비시 (벽걸이),809370,809370,809370,804390,809370,809370,809370,809370
33988943,LG전자 65UH5N-E (벽걸이),1633490,1633490,1633490,1633490,1633490,1633490,1633490,1633490
30227582,LG전자 65UH5N-E (본체),1317000,1317000,1317000,1317000,1317000,1317000,1317000,1317000
100696061,LG전자 65UH5Q (벽걸이),1328450,1328570,1328680,1328720,1328790,1328890,1328900,1329000
99891887,LG전자 65UH5Q (본체),1135000,1135000,1135000,1135000,1135000,1135000,1135000,1135000
67621145,LG전자 65UH7N (벽걸이),1673190,1673190,1673190,1673190,1673190,1673190,1673190,1673190
67621109,LG전자 65UH7N (본체),1445000,1445000,1445000,1445000,1445000,1445000,1445000,1445000
18896954,LG전자 65UL3E 리퍼비시 (방문수령),1015550,1015550,1015550,1015550,1015550,1015550,1015550,1015550
18896945,LG전자 65UL3E 리퍼비시 (벽걸이),1148990,1148990,1148990,1148990,1148990,1148990,1148990,1148990
16187693,LG전자 65UL3J (본체),960000,960000,960000,960000,960000,960000,960000,960000
101074505,LG전자 65UL3Q (벽걸이),1133550,1133670,1133780,1133880,1133990,1134080,1134190,1134310
99891986,LG전자 65UL3Q (본체),939000,939000,939000,939000,939000,939000,939000,939000
124021311,LG전자 65UL5Q-E (벽걸이),1225000,1225000,1225000,1249990,1249990,1249990,1249990,1249990
124021291,LG전자 65UL5Q-E (본체),978500,978500,978500,978500,978500,978500,978500,978500
124021327,LG전자 65UL5Q-M (본체),1100000,1100000,1100000,1100000,1100000,1100000,1100000,1100000
32490560,LG전자 65UM5N-H (벽걸이),1633490,1633490,1633490,1633490,1633490,1633490,1633490,1633490
30227750,LG전자 65UM5N-H (본체),1375000,1375000,1375000,1375000,1375000,1375000,1375000,1375000
11487117,LG전자 65UT640S 리퍼비시 (방문수령),720230,720260,720270,720320,720410,720470,720480,720570
19948760,LG전자 65UT640S 리퍼비시 (벽걸이),873050,873050,873050,873050,873050,873050,873050,873050
11487030,LG전자 65UT640S 리퍼비시 (스탠드),868990,868990,868990,868990,868990,868990,868990,868990
17371712,LG전자 75UH5C 리퍼비시 (방문수령),1287280,1287310,1287320,1287370,1287470,1287490,1287580,1287610
4156401,LG전자 75UH5C 리퍼비시 (벽걸이),1249000,1249000,1249000,1249000,1249000,1249000,1249000,1249000
16126589,LG전자 75UH5F 리퍼비시 (방문수령),1287300,1287330,1287410,1287450,1287520,1287550,1287640,1287670
16126571,LG전자 75UH5F 리퍼비시 (벽걸이),1448990,1448990,1448990,1448990,1448990,1448990,1448990,1448990
79553285,LG전자 75UH5N-M (벽걸이),2425500,2425500,2425500,2425500,2425500,2425500,2425500,2425500
79553273,LG전자 75UH5N-M (본체),1890000,1890000,1890000,1890000,1890000,1890000,1890000,1890000
124181204,LG전자 75UH5Q (벽걸이),2254000,2254000,2254000,2257190,2257190,2257190,2257190,2257190
124181192,LG전자 75UH5Q (본체),1930000,1930000,1930000,1930000,1930000,1930000,1930000,1930000
124198242,LG전자 75UH7Q (벽걸이),2548000,2548000,2548000,2599990,2599990,2599990,2599990,2599990
124198235,LG전자 75UH7Q (본체),2449990,2449990,2449990,2449990,2449990,2449990,2449990,2449990
124198244,LG전자 75UH7Q (스탠드),2470000,2470000,2470000,2470000,2470000,2470000,2470000,2470000
16917599,LG전자 75UL3G 리퍼비시 (방문수령),1110550,1110550,1110550,1110550,1110550,1110550,1110550,1110550
16917587,LG전자 75UL3G 리퍼비시 (벽걸이),1169000,1169000,1169000,1169000,1169000,1169000,1169000,1169000
101074508,LG전자 75UL3Q (벽걸이),1561290,1561410,1561520,1561600,1561700,1561760,1561760,1561860
99891974,LG전자 75UL3Q (본체),1249000,1249000,1249000,1249000,1249000,1249000,1249000,1249000
124021477,LG전자 75UL5Q-E (벽걸이),1756550,1756670,1756780,1756870,1756900,1756940,1757030,1757150
124021429,LG전자 75UL5Q-E (본체),1574560,1574680,1574710,1574770,1574870,1574940,1575040,1575160
124021396,LG전자 75UL5Q-M (본체),1660000,1660000,1660000,1660000,1660000,1660000,1660000,1660000
17372177,LG전자 75UM3C 리퍼비시 (방문수령),1338550,1338550,1338550,1338550,1338550,1338550,1338550,1338550
17379233,LG전자 75UM3C 리퍼비시 (벽걸이),1481050,1481050,1481050,1481050,1481050,1481050,1481050,1481050
17371937,LG전자 75UM3E 리퍼비시 (방문수령),1110550,1110550,1110550,1110550,1110550,1110550,1110550,1110550
30104270,LG전자 75UM3E 리퍼비시 (벽걸이),1169000,1169000,1169000,1169000,1169000,1169000,1169000,1169000
16123103,LG전자 75UR340 리퍼비시 (방문수령),1268260,1268290,1268370,1268410,1268480,1268550,1268550,1268560
19974743,LG전자 75UR340 리퍼비시 (벽걸이),1414550,1414550,1414550,1414550,1414550,1414550,1414550,1414550
16123094,LG전자 75UR340 리퍼비시 (스탠드),1398990,1398990,1398990,1398990,1398990,1398990,1398990,1398990
11751713,LG전자 75UT640S 리퍼비시 (방문수령),960630,960720,960750,960760,960830,960850,960940,960970
19947878,LG전자 75UT640S 리퍼비시 (벽걸이),1106750,1106750,1106750,1106750,1106750,1106750,1106750,1106750
11751560,LG전자 75UT640S 리퍼비시 (스탠드),1114990,1114990,1114990,1114990,1114990,1114990,1114990,1114990
105968411,LG전자 75XS4P (본체),6424750,6424870,6424900,6424960,6425060,6425150,6425250,6425370
79553303,LG전자 86UH5N-M (벽걸이),4256990,4256990,4256990,4256990,4256990,4256990,4256990,4256990
79553300,LG전자 86UH5N-M (본체),3000000,3000000,3000000,3000000,3000000,3000000,3000000,3000000
124183253,LG전자 86UH5Q (벽걸이),3266990,3266990,3266990,3266990,3266990,3266990,3266990,3266990
124183251,LG전자 86UH5Q (본체),2989990,2989990,2989990,2989990,2989990,2989990,2989990,2989990
124021612,LG전자 86UL5Q-E (벽걸이),2793000,2793000,2793000,2849990,2849990,2849990,2849990,2849990
124021608,LG전자 86UL5Q-E (본체),2518700,2518700,2518700,2518700,2518700,2518700,2518700,2518700
124021596,LG전자 86UL5Q-M (본체),2690000,2690000,2690000,2690000,2690000,2690000,2690000,2690000
18866834,LG전자 86UR640S 리퍼비시 (방문수령),1429000,1429000,1429000,1429000,1429000,1429000,1429000,1429000
16662374,LG전자 86US340C 리퍼비시 (방문수령),1333920,1333950,1334030,1334070,1334140,1334170,1334260,1334290
19947860,LG전자 86US340C 리퍼비시 (벽걸이),1595050,1595050,1595050,1595050,1595050,1595050,1595050,1595050
16662353,LG전자 86US340C 리퍼비시 (스탠드),1628990,1628990,1628990,1628990,1628990,1628990,1628990,1628990
11751866,LG전자 86UT640S 리퍼비시 (방문수령),1353930,1354020,1354050,1354110,1354150,1354240,1354270,1354280
19947836,LG전자 86UT640S 리퍼비시 (벽걸이),1595050,1595050,1595050,1595050,1595050,1595050,1595050,1595050
11751815,LG전자 86UT640S 리퍼비시 (스탠드),1628990,1628990,1628990,1628990,1628990,1628990,1628990,1628990
43527059,LG전자 98UM5K (벽걸이),7919990,7919990,7919990,8414990,8414990,8414990,8414990,8414990
43527065,LG전자 98UM5K (본체),5950000,5950000,5950000,5950000,5950000,5950000,5950000,5950000
98411888,LG전자 EASY AI 65QNED85AKS (벽걸이),1817840,1817960,1818070,1818170,1818280,1684220,1684220,1684220
98411840,LG전자 EASY AI 65QNED85AKS (스탠드),1801070,1801190,1801300,1801340,1801410,1684220,1684220,1684220
98411942,LG전자 EASY AI 75QNED85AKS (벽걸이),2330870,2330990,2331100,2331200,2331310,2331420,2331530,2331650
98411927,LG전자 EASY AI 75QNED85AKS (스탠드),2300780,2300780,2300780,2300780,2300780,2300790,1721040,1798360
97835237,LG전자 LED 올인원 LAPA136 (본체),30998000,30998000,30998000,30998000,30998000,30998000,30998000,30998000
97471145,LG전자 LED 올인원 LAPA163 (본체),33989000,33989000,33989000,33989000,33989000,33989000,33989000,33989000
122623017,LG전자 Micro RGB evo AI 100MRGB96BK (밀착 벽걸이),13078040,13078160,13078190,13078250,13078350,13078440,13078540,13078660
122623014,LG전자 Micro RGB evo AI 100MRGB96BK (벽걸이),12437410,12437530,12437640,12437740,12437780,12437870,12437990,12438020
122622999,LG전자 Micro RGB evo AI 100MRGB96BK (스탠드),12458450,12458560,12458730,12458810,12458910,12458970,12458970,12498690
122641319,LG전자 Micro RGB evo AI 75MRGB96BKA (벽걸이),6788990,6788990,6787890,6788990,6788990,6788990,6788990,6788990
122641289,LG전자 Micro RGB evo AI 75MRGB96BKA (스탠드),6788990,6788990,6787890,6788990,6788990,6788990,6788990,6788990
122622828,LG전자 Micro RGB evo AI 86MRGB96BKA (벽걸이),7658700,7658820,7658850,7658910,7658950,7659000,7659100,7659220
122622687,LG전자 Micro RGB evo AI 86MRGB96BKA (스탠드),7659540,7659660,7659770,7659870,7659980,7660090,7660200,7660320
123651258,LG전자 Mini RGB evo AI 65MRGB83BEA (벽걸이),1852400,1852520,1852630,1852710,1852750,1593990,1852920,1853040
123651244,LG전자 Mini RGB evo AI 65MRGB83BEA (스탠드),1864960,1865080,1865190,1865290,1865330,1593990,1852920,1853040
122722945,LG전자 Mini RGB evo AI 65MRGB86BKA (벽걸이),1950300,1950300,1950300,1950300,1950300,1950300,1950300,1950300
122722885,LG전자 Mini RGB evo AI 65MRGB86BKA (스탠드),1950300,1950300,1950300,1950300,1950300,1950300,1950300,1950300
123651309,LG전자 Mini RGB evo AI 75MRGB83BEA (벽걸이),3232040,3232140,3232240,3232340,3232380,3232470,3232590,3232710
123651301,LG전자 Mini RGB evo AI 75MRGB83BEA (스탠드),3231830,3231950,3232060,3232100,3232170,3232250,3232350,3232470
122722819,LG전자 Mini RGB evo AI 75MRGB86BKA (벽걸이),3473370,3473490,3473600,3473700,3473810,3522090,3522200,3522320
122722802,LG전자 Mini RGB evo AI 75MRGB86BKA (스탠드),3537120,3537240,3537350,3537430,3537470,3537510,3537600,3537630
123651213,LG전자 Mini RGB evo AI 86MRGB83BEA (벽걸이),4262270,4262390,4262420,4262480,4262520,4262580,4262670,4262790
123651024,LG전자 Mini RGB evo AI 86MRGB83BEA (스탠드),4262210,4262330,4262360,4262420,4262460,4262530,4262630,4262750
122722780,LG전자 Mini RGB evo AI 86MRGB86BKA (벽걸이),4212040,4212160,4212190,4212250,4212290,4077120,4212460,4212490
122722703,LG전자 Mini RGB evo AI 86MRGB86BKA (스탠드),4173460,4173580,4173690,4173730,4173800,4077120,4174000,4174120
72968633,LG전자 MyView 스마트 27SR50F 이동형 패키지 (아프로마운트 AP-43S),405500,405500,405500,405500,405500,405500,405500,405500
74807867,LG전자 MyView 스마트 32SR50FP 이동형 패키지,417900,417900,417900,417900,417900,417900,417900,417900
122689932,LG전자 NANO 4K UHD AI 43NU810BENA (벽걸이),549950,549980,545080,525494,545090,537830,537830,537830
122689931,LG전자 NANO 4K UHD AI 43NU810BENA (스탠드),515090,515090,515090,525494,545090,545090,537830,537830
122623312,LG전자 NANO 4K UHD AI 43NU850BENA (벽걸이),641470,641590,641700,641800,641920,642000,642090,642120
122623273,LG전자 NANO 4K UHD AI 43NU850BENA (스탠드),641170,641290,641400,641480,641520,552680,641670,641790
122689938,LG전자 NANO 4K UHD AI 50NU810BENA (벽걸이),655970,655970,655970,628677,650120,655970,641450,641450
122689936,LG전자 NANO 4K UHD AI 50NU810BENA (스탠드),655960,655960,628130,628670,650110,655960,641450,641450
122623248,LG전자 NANO 4K UHD AI 50NU850BENA (벽걸이),1400000,1400000,1400000,1400000,1400000,1400000,1400000,1400000
122623246,LG전자 NANO 4K UHD AI 50NU850BENA (스탠드),1400000,1400000,1400000,1400000,1400000,1400000,1400000,1400000
123605259,LG전자 NANO 4K UHD AI 50NU850BXNA (벽걸이),685820,685940,685970,686050,687140,600750,690580,692670
123605257,LG전자 NANO 4K UHD AI 50NU850BXNA (스탠드),687470,687590,687700,687780,687820,687880,687970,688090
122689943,LG전자 NANO 4K UHD AI 55NU810BENA (벽걸이),765280,768120,750120,750129,765460,763430,763440,763440
122689947,LG전자 NANO 4K UHD AI 55NU810BENA (스탠드),765280,767950,750120,750129,765460,763430,763440,763440
122623225,LG전자 NANO 4K UHD AI 55NU850BENA (벽걸이),827990,827990,827990,834990,834990,834990,849990,879750
122623210,LG전자 NANO 4K UHD AI 55NU850BENA (스탠드),827760,827760,827760,828990,835000,835000,850000,887320
123681609,LG전자 NANO 4K UHD AI 65NU810BENA (벽걸이),1049950,1050070,1050180,1050260,1050300,1050340,1050450,1050480
123681608,LG전자 NANO 4K UHD AI 65NU810BENA (스탠드),1056630,1056750,1056780,1056840,1056880,1056950,1057050,1057170
122623103,LG전자 NANO 4K UHD AI 65NU850BENA (벽걸이),947320,947440,947470,947530,947570,947640,947740,947860
122623095,LG전자 NANO 4K UHD AI 65NU850BENA (스탠드),948140,948260,948370,948430,948500,948570,948660,948780
123681953,LG전자 NANO 4K UHD AI 75NU810BENA (벽걸이),1896070,1896190,1896220,1896290,1896380,1896470,1896480,1896580
123681650,LG전자 NANO 4K UHD AI 75NU810BENA (스탠드),1896170,1896290,1896320,1896380,1896480,1896530,1896630,1896750
122623091,LG전자 NANO 4K UHD AI 75NU850BENA (벽걸이),1128990,1128990,1128990,1128990,1128990,1128990,1128990,1128990
122623069,LG전자 NANO 4K UHD AI 75NU850BENA (스탠드),1128670,1128790,1128820,1128880,1128980,1128990,1128990,1128990
123682000,LG전자 NANO 4K UHD AI 85NU810BENA (벽걸이),1927210,1927210,1927210,1927210,1856490,1856530,1856620,1856740
123681972,LG전자 NANO 4K UHD AI 85NU810BENA (스탠드),1727200,1727200,1727200,1727200,1727200,1727200,1727200,1727200
122623180,LG전자 NANO 4K UHD AI 85NU850BENA (벽걸이),1672130,1672140,1672150,1672160,1672170,1489870,1675820,1675940
122623124,LG전자 NANO 4K UHD AI 85NU850BENA (스탠드),1620870,1620990,1621100,1621180,1621270,1621330,1410810,1638910
123590638,LG전자 NANO 4K UHD AI 98NU850BENB (벽걸이),3577790,3577910,3577940,3590890,3626260,3626320,3626410,3626530
123590610,LG전자 NANO 4K UHD AI 98NU850BENB (스탠드),3577790,3577910,3577940,3590890,3610840,3610910,3611010,3611130
124225173,LG전자 QNED 43QNED70 리퍼비시 (방문수령),598600,598720,598830,598870,598940,598990,598990,598990
124225172,LG전자 QNED 43QNED70 리퍼비시 (벽걸이),529000,529000,529000,529000,529000,529000,529000,529000
124225162,LG전자 QNED 43QNED70 리퍼비시 (스탠드),579000,579000,579000,579000,579000,579000,579000,579000
124225144,LG전자 QNED 55QNED70 리퍼비시 (방문수령),666720,666840,666950,667040,677130,677190,677280,677400
124225135,LG전자 QNED 55QNED70 리퍼비시 (벽걸이),740050,740050,740050,740050,740050,659000,659000,659000
124225097,LG전자 QNED 55QNED70 리퍼비시 (스탠드),718990,718990,718990,718990,728990,728990,728990,728990
65356394,LG전자 QNED 65QNED65TBA (벽걸이),1413720,1413840,1413950,1413990,1414060,1414130,1414220,1414340
65356370,LG전자 QNED 65QNED65TBA (스탠드),1414760,1414880,1414910,1414970,1415080,1415170,1415280,1415400
29868101,LG전자 QNED 65QNED70NRA (벽걸이),2090000,2090000,2090000,2090000,2090000,2090000,2090000,2090000
29867963,LG전자 QNED 65QNED70NRA (스탠드),2090000,2090000,2090000,2090000,2090000,2090000,2090000,2090000
70250306,LG전자 QNED 65QNED70TNA (벽걸이),1385820,1385820,1385820,1385820,1385820,1385820,1385820,1385820
73612979,"LG전자 QNED 65QNED70TNA (벽걸이+사운드바, SP2)",1509960,1509960,1509960,1509960,1496160,1496160,1496160,1443970
70155260,LG전자 QNED 65QNED70TNA (스탠드),1422890,1422890,1422890,1422890,1422890,1422900,1422890,1422890
73612967,"LG전자 QNED 65QNED70TNA (스탠드+사운드바, SP2)",2629500,2629500,2629500,2625510,2625510,2625510,2625510,2625510
43525391,LG전자 QNED 65QNED80TKA (벽걸이),1673820,1673820,1673820,1706990,1706990,1676470,1676470,1677250
81477482,"LG전자 QNED 65QNED80TKA (벽걸이+사운드바, S20A)",2010700,2010700,2010700,2010700,2010700,2010700,2010700,2010700
72224168,"LG전자 QNED 65QNED80TKA (벽걸이+사운드바, SP2)",1744720,1744720,1744720,1744720,1727250,1727250,1727250,1727250
43525373,LG전자 QNED 65QNED80TKA (스탠드),1673820,1673820,1673820,1706990,1706990,1706990,1676470,1676510
81476780,"LG전자 QNED 65QNED80TKA (스탠드+사운드바, S20A)",2010700,2010700,2010700,2010700,2010700,2010700,2010700,2010700
72224102,"LG전자 QNED 65QNED80TKA (스탠드+사운드바, SP2)",1744720,1744720,1744720,1744720,1727250,1727250,1727250,1727250
43522661,LG전자 QNED 65QNED85TKA (벽걸이),3942700,3942700,3942700,3942700,3942700,3942700,3942700,3942700
43522604,LG전자 QNED 65QNED85TKA (스탠드),3732520,3732520,3732520,3722670,3722670,3722670,3722670,3722670
64374935,LG전자 QNED 75QNED65TBA (벽걸이),1812570,1812690,1812800,1812880,1812920,1812960,1812960,1813060
73615544,"LG전자 QNED 75QNED65TBA (벽걸이+사운드바, S40T)",1833500,1833500,1833500,1833500,1833500,1833500,1833500,1833500
91114346,"LG전자 QNED 75QNED65TBA (벽걸이+사운드바, S60TR)",2014910,2014910,2014910,2014910,2014910,2014910,2014910,2014910
73615568,"LG전자 QNED 75QNED65TBA (벽걸이+사운드바, S70TR)",2145970,2145970,2145970,2145970,2145970,2145970,2145970,2145970
73950329,"LG전자 QNED 75QNED65TBA (벽걸이+사운드바, S95QR)",2367130,2367130,2367130,2367130,2367130,2367130,2367130,2367130
64374878,LG전자 QNED 75QNED65TBA (스탠드),1898000,1898000,1898000,1898000,1898000,1898000,1898000,1898000
72223478,"LG전자 QNED 75QNED65TBA (스탠드+사운드바, S40T)",1833500,1833500,1833500,1833500,1833500,1833500,1833500,1833500
91114337,"LG전자 QNED 75QNED65TBA (스탠드+사운드바, S60TR)",2014910,2014910,2014910,2014910,2014910,2014910,2014910,2014910
72223484,"LG전자 QNED 75QNED65TBA (스탠드+사운드바, S70TR)",2145970,2145970,2145970,2145970,2145970,2145970,2145970,2145970
72223493,"LG전자 QNED 75QNED65TBA (스탠드+사운드바, S95QR)",2367130,2367130,2367130,2367130,2367130,2367130,2367130,2367130
29868437,LG전자 QNED 75QNED70ERA (벽걸이),2183300,2183300,2183300,2183300,2183300,2213300,2213300,2213300
65916335,"LG전자 QNED 75QNED70ERA (벽걸이+사운드바, S40T)",2267240,2267240,2267240,2267240,2261700,2261700,2261700,2206750
29868323,LG전자 QNED 75QNED70ERA (스탠드),2183300,2183300,2183300,2183300,2183300,2213300,2213300,2213300
58115717,"LG전자 QNED 75QNED70ERA (스탠드+사운드바, S40T)",2267240,2267240,2267240,2267240,2261700,2261700,2261700,2206750
29933642,LG전자 QNED 75QNED70NRA (벽걸이),2185000,2185000,2185000,2185000,2185000,2185000,2185000,2185000
29933438,LG전자 QNED 75QNED70NRA (스탠드),2254000,2254000,2254000,2299990,2299990,2299990,2299990,2299990
48925898,"LG전자 QNED 75QNED70NRA (스탠드+사운드바, SP2)",3236150,3236150,3236150,3236150,3228940,3228940,3228940,3176190
71007677,LG전자 QNED 75QNED70TEA (벽걸이),1739090,1739090,1739090,1739090,1739090,1739090,1739090,1739090
71007662,LG전자 QNED 75QNED70TEA (스탠드),1739100,1739100,1739100,1739100,1739100,1739100,1739100,1739100
70529912,LG전자 QNED 75QNED70TNA (벽걸이),1850240,1850350,1850380,1850440,1850480,1850550,1850650,1850770
70529885,LG전자 QNED 75QNED70TNA (스탠드),1852110,1852230,1852340,1852440,1852550,1852650,1852770,1852890
30075053,LG전자 QNED 75QNED75FRA (벽걸이),1804060,1804060,1804060,2104250,2104250,2104250,2104250,2104250
30074528,LG전자 QNED 75QNED75FRA (스탠드),1693870,1693870,1693870,1693870,1693870,1693870,1693870,1693870
43525499,LG전자 QNED 75QNED80TKA (벽걸이),2040640,2040640,2040640,2040640,2040640,2040640,2040640,2040640
72224000,"LG전자 QNED 75QNED80TKA (벽걸이+사운드바, SP2)",4750000,4750000,4750000,4750000,4750000,4750000,4750000,4750000
43525490,LG전자 QNED 75QNED80TKA (스탠드),2090000,2090000,2090000,2090000,2090000,2090000,2090000,2090000
54815969,"LG전자 QNED 75QNED80TKA (스탠드+사운드바, SP2)",4750000,4750000,4750000,4750000,4750000,4750000,4750000,4750000
43525664,LG전자 QNED 75QNED80TMA (벽걸이),3375100,3375100,3375100,3375100,3375100,3375100,3375100,3375100
43525640,LG전자 QNED 75QNED80TMA (스탠드),3375100,3375100,3375100,3375100,3375100,3375100,3375100,3375100
43522565,LG전자 QNED 75QNED85TKA (벽걸이),2295780,2295790,2295810,2295820,2295820,2295830,2295850,2309030
43522517,LG전자 QNED 75QNED85TKA (스탠드),2197590,2197690,2197790,2197830,2197900,2044140,1818000,1818000
64374929,LG전자 QNED 86QNED65TBA (벽걸이),2569300,2569300,2569300,2569300,2569300,2569300,2569300,2569300
73696292,"LG전자 QNED 86QNED65TBA (벽걸이+사운드바, S40T)",2797190,2797190,2797190,2797190,2797190,2797190,2797190,2797190
91114121,"LG전자 QNED 86QNED65TBA (벽걸이+사운드바, S60TR)",2826940,2826940,2826940,2826940,2826940,2826940,2826940,2826940
64374893,LG전자 QNED 86QNED65TBA (스탠드),2789990,2789990,2789990,2789990,2765730,2765730,2765730,2789990
72223448,"LG전자 QNED 86QNED65TBA (스탠드+사운드바, S40T)",2797190,2797190,2797190,2797190,2797190,2797190,2797190,2797190
91114097,"LG전자 QNED 86QNED65TBA (스탠드+사운드바, S60TR)",2826940,2826940,2826940,2826940,2826940,2826940,2826940,2826940
52257974,LG전자 QNED 86QNED70TEA (벽걸이),3060330,3060450,3060560,3060660,3060770,3060870,3060990,3061110
73616447,"LG전자 QNED 86QNED70TEA (벽걸이+사운드바, S70TR)",3372930,3372930,3372930,3372930,3372930,3372930,3372930,3372930
52257953,LG전자 QNED 86QNED70TEA (스탠드),2992700,2992820,2992930,2993040,2993070,2993150,2993280,2993400
58115918,"LG전자 QNED 86QNED70TEA (스탠드+사운드바, S70TR)",3372930,3372930,3372930,3372930,3372930,3372930,3372930,3372930
51816926,LG전자 QNED 86QNED80TKA (벽걸이),2590000,2590000,2590000,2590000,2590000,2590000,2590000,2590000
65911001,"LG전자 QNED 86QNED80TKA (벽걸이+사운드바, SP2)",3241630,3241750,3241780,3299770,3299810,3299850,3299850,3299890
51816845,LG전자 QNED 86QNED80TKA (스탠드),2590000,2590000,2590000,2590000,2590000,2590000,2590000,2590000
54213179,"LG전자 QNED 86QNED80TKA (스탠드+사운드바, SP2)",3142560,3142560,3142560,3142560,3142560,3142560,3142560,3142560
48925478,LG전자 QNED 86QNED85TKA (벽걸이),3136000,3136000,3136000,3199990,3199990,3199990,3199990,3199990
48925457,LG전자 QNED 86QNED85TKA (스탠드),3115490,3115490,3115490,3115490,3115490,3115490,2369140,2369140
53300591,LG전자 QNED 98QNED89TKA (벽걸이),5400990,5400990,5400990,5400990,5400990,5400990,5400990,5400990
97407392,"LG전자 QNED 98QNED89TKA (벽걸이+사운드바, S60TR)",7030460,7030460,7030890,7031310,7031738,7033148,7064430,7034135
53296010,LG전자 QNED 98QNED89TKA (스탠드),4908990,4908990,4908990,4908990,4908990,4908990,3452010,3607110
97407374,"LG전자 QNED 98QNED89TKA (스탠드+사운드바, S60TR)",7030460,7030460,7030890,7031310,7031738,7032584,7064430,7034135
60066338,"LG전자 QNED 98QNED89TKA (스탠드+사운드바, S77S)",8531000,8531000,8531000,8531000,8531000,8531000,8531000,8531000
122688648,LG전자 QNED AI 43QNED70BKA (벽걸이),1083970,1084090,1084200,1084240,1084310,1084400,1084490,1084610
122688631,LG전자 QNED AI 43QNED70BKA (스탠드),1084030,1084150,1084180,1084240,1084350,953190,1084460,1084560
122688532,LG전자 QNED AI 50QNED70BKA (벽걸이),1319500,1319620,1319650,1319710,1319760,1193490,1319760,1319760
122688521,LG전자 QNED AI 50QNED70BKA (스탠드),1319410,1319530,1319640,1319730,1319820,1319760,1319760,1319760
123981943,LG전자 QNED AI 55QN1C70BKA (벽걸이),1060480,1060480,1060480,1095240,1095240,1095240,1095240,1095240
123981931,LG전자 QNED AI 55QN1C70BKA (스탠드),1060480,1060480,1060480,1095240,1095240,1095240,1099990,1099990
122671841,LG전자 QNED AI 55QNED65BEA (벽걸이),1147850,1147850,1160010,1166000,1166050,1169700,1169790,1169910
122671461,LG전자 QNED AI 55QNED65BEA (스탠드),1147850,1147850,1158790,1165290,1165400,1165500,1165600,1165630
98180873,LG전자 QNED AI 55QNED70ABA (벽걸이),1040370,1040490,1040600,1040680,1040720,913140,1041250,1041370
98180795,LG전자 QNED AI 55QNED70ABA (스탠드),1040020,1040140,1040170,1040230,1040320,913140,1040500,1040620
122651806,LG전자 QNED AI 55QNED70BKA (벽걸이),1123400,1123520,1123630,1070520,1070520,1070530,1070530,1070530
122651716,LG전자 QNED AI 55QNED70BKA (스탠드),1112140,1112140,1112160,1070520,1070520,1070530,1070530,1070530
78177935,LG전자 QNED AI 65QNED65ABA (벽걸이),1163810,1164070,1164050,1164070,1164110,1113390,1163960,1164080
78177899,LG전자 QNED AI 65QNED65ABA (스탠드),1141430,1128510,1128530,1128590,1156060,1116000,839530,839530
122704277,LG전자 QNED AI 65QNED65ABA + 스탠바이미2 27LX6TEGA (TV+TV),2362680,2362680,2362680,2362680,2362680,2362680,2362680,2362680
122686927,LG전자 QNED AI 65QNED65BBA (벽걸이),1193910,1194030,1194140,1202040,1202670,1193590,1193690,1193720
122686840,LG전자 QNED AI 65QNED65BBA (스탠드),1193150,1193270,1193300,1193360,1193400,1193460,1193550,1193670
122689880,LG전자 QNED AI 65QNED65BEA (벽걸이),1799990,1799990,1799990,1799990,1799990,1799990,1799990,1799990
122689878,LG전자 QNED AI 65QNED65BEA (스탠드),1719000,1719120,1719230,1719330,1719370,1719440,1719560,1719680
122688758,LG전자 QNED AI 65QNED65BNA (벽걸이),1233410,1233410,1233410,1190905,1233420,1250912,1250912,1250912
122688755,LG전자 QNED AI 65QNED65BNA (스탠드),1215930,1215930,1215930,1190905,1233410,1249450,1249540,1249660
98180633,LG전자 QNED AI 65QNED70ABA (벽걸이),1619030,1619150,1619260,1619300,1619370,1619440,1619440,1619540
98180612,LG전자 QNED AI 65QNED70ABA (스탠드),1137180,1137180,1137180,1160370,1160370,1160370,1160370,1160370
98084192,LG전자 QNED AI 65QNED70AEA (벽걸이),1238780,1238780,1238780,1238780,1238780,1238780,1238780,1238780
98084183,LG전자 QNED AI 65QNED70AEA (스탠드),1238780,1238780,1238780,1238780,1238780,1238780,1238780,1238780
122651954,LG전자 QNED AI 65QNED70BKA (벽걸이),1521450,1521570,1521680,1465612,1465612,1465612,1465612,1465612
122651911,LG전자 QNED AI 65QNED70BKA (스탠드),1520740,1520740,1520740,1465612,1465612,1465612,1465612,1465612
92185130,LG전자 QNED AI 65QNED75AEA (벽걸이),1231180,1231180,1231180,1231180,1231180,1231180,1231180,1231180
103751591,"LG전자 QNED AI 65QNED75AEA (벽걸이+사운드바, S20A)",1362500,1362500,1362500,1362500,1362500,1362500,1362500,1362500
92185115,LG전자 QNED AI 65QNED75AEA (스탠드),1244300,1244300,1244300,1244300,1244310,1244300,731990,710040
103751582,"LG전자 QNED AI 65QNED75AEA (스탠드+사운드바, S20A)",1442000,1442000,1442000,1442000,1442000,1442000,1442000,1442000
122672080,LG전자 QNED AI 65QNED75AGA (벽걸이),1668460,1668460,1668460,1668460,1668460,1668460,1668460,1668460
122672074,LG전자 QNED AI 65QNED75AGA (스탠드),1668460,1668460,1668460,1668460,1668460,1668460,1668460,1668460
92355908,LG전자 QNED AI 65QNED75ANA (벽걸이),2280000,2280000,2280000,2280000,2280000,2280000,2280000,2280000
92355866,LG전자 QNED AI 65QNED75ANA (스탠드),2279210,2279330,2279440,2279480,2279550,2279620,2279730,2279760
78178016,LG전자 QNED AI 75QNED65ABA (벽걸이),1563440,1563560,1563670,1563710,1570470,1570530,1570620,1570650
95203421,"LG전자 QNED AI 75QNED65ABA (벽걸이+사운드바, S40T)",1876940,1876940,1876940,1876940,1876940,1821550,1821550,1821550
95203448,"LG전자 QNED AI 75QNED65ABA (벽걸이+사운드바, S60TR)",2028300,2028300,2028300,2028300,2028300,1999260,1999260,1999260
95203478,"LG전자 QNED AI 75QNED65ABA (벽걸이+사운드바, S70TR)",2160080,2160080,2160080,2160080,2160080,2117660,2117660,2117660
95203529,"LG전자 QNED AI 75QNED65ABA (벽걸이+사운드바, S95TR)",2634620,2634620,2634620,2634620,2634620,2634620,2634620,2634620
78177962,LG전자 QNED AI 75QNED65ABA (스탠드),1561860,1561980,1562010,1562070,1569700,1569750,1208900,1208900
95203406,"LG전자 QNED AI 75QNED65ABA (스탠드+사운드바, S40T)",1876940,1876940,1876940,1876940,1876940,1821550,1821550,1821550
95203442,"LG전자 QNED AI 75QNED65ABA (스탠드+사운드바, S60TR)",2028300,2028300,2028300,2028300,2028300,1999260,1999260,1999260
95203463,"LG전자 QNED AI 75QNED65ABA (스탠드+사운드바, S70TR)",2160080,2160080,2160080,2160080,2160080,2117660,2117660,2117660
95203526,"LG전자 QNED AI 75QNED65ABA (스탠드+사운드바, S95TR)",2634620,2634620,2634620,2634620,2634620,2634620,2634620,2634620
122688290,LG전자 QNED AI 75QNED65BBA (벽걸이),1545660,1545780,1545890,1545990,1546100,1546190,1546190,1546290
122688289,LG전자 QNED AI 75QNED65BBA (스탠드),1543670,1543790,1543900,1543940,1544010,1544100,1544190,1544310
122671895,LG전자 QNED AI 75QNED65BEA (벽걸이),1989280,1989400,1989430,1989490,1989590,1989660,1989760,1989880
122671853,LG전자 QNED AI 75QNED65BEA (스탠드),2005860,2005980,2006090,2006180,2006210,2006270,2006360,2006480
122688864,LG전자 QNED AI 75QNED65BNA (벽걸이),3800000,3800000,3800000,3800000,3800000,3636600,2090000,2090000
122688858,LG전자 QNED AI 75QNED65BNA (스탠드),3800000,3800000,3800000,3800000,3800000,3636600,2090000,2090000
97955366,LG전자 QNED AI 75QNED70ABA (벽걸이),1575000,1575000,1575000,1575000,1575000,1575000,1575000,1575000
97955315,LG전자 QNED AI 75QNED70ABA (스탠드),1575000,1575000,1575000,1575000,1575000,1575000,1159850,1159850
98086334,LG전자 QNED AI 75QNED70ANA (벽걸이),2842000,2842000,2842000,2899990,2899990,2899990,2899990,2899990
98086289,LG전자 QNED AI 75QNED70ANA (스탠드),2842000,2842000,2842000,2899990,2899990,2899990,2899990,2899990
122652005,LG전자 QNED AI 75QNED70BKA (벽걸이),1974690,1974810,1974920,1989740,1989620,1989620,1989620,1989740
122651969,LG전자 QNED AI 75QNED70BKA (스탠드),1974690,1974810,1974920,1986240,1986340,1986430,1986530,1986560
92184944,LG전자 QNED AI 75QNED75AEA (벽걸이),1754470,1754640,1754820,1755000,1755180,1755420,1755550,1755720
103690781,"LG전자 QNED AI 75QNED75AEA (벽걸이+사운드바, S20A)",1960000,1960000,1960000,1960000,1960000,1960000,1960000,1960000
92184776,LG전자 QNED AI 75QNED75AEA (스탠드),1799500,1799620,1799730,1799810,1799910,1709720,1276300,1031990
103690772,"LG전자 QNED AI 75QNED75AEA (스탠드+사운드바, S20A)",1960000,1960000,1960000,1960000,1960000,1960000,1960000,1960000
90272588,LG전자 QNED AI 75QNED75AGA (벽걸이),2510990,2510990,2510990,2510990,2510990,2510990,2510990,2510990
90272525,LG전자 QNED AI 75QNED75AGA (스탠드),2510990,2510990,2510990,2510990,2510990,2510990,2510990,2510990
85770602,LG전자 QNED AI 75QNED80AKA (벽걸이),2162810,2162930,2163040,2163080,2163160,2163260,2163370,2163490
99916067,"LG전자 QNED AI 75QNED80AKA (벽걸이+사운드바, S20A)",2418080,2418090,2418100,2418110,2418120,2418130,2418140,2418150
96484013,"LG전자 QNED AI 75QNED80AKA (벽걸이+사운드바, SQC1)",2677950,2677950,2677950,2677950,2677950,2677950,2677950,2677940
85756610,LG전자 QNED AI 75QNED80AKA (스탠드),2162830,2162950,2163060,2163150,2163240,2163320,2163410,2163440
99916055,"LG전자 QNED AI 75QNED80AKA (스탠드+사운드바, S20A)",2418040,2418050,2418060,2418070,2418080,2418090,2418100,2418110
96484010,"LG전자 QNED AI 75QNED80AKA (스탠드+사운드바, SQC1)",2677950,2677950,2677950,2677950,2677950,2677950,2677950,2677940
98918708,LG전자 QNED AI 75QNED82AKA (벽걸이),2742740,2742860,2742970,2743010,2743080,2743150,2743240,2743360
98918699,LG전자 QNED AI 75QNED82AKA (스탠드),2743200,2490000,2743230,2743290,2743390,2666310,2490000,2743560
124199685,LG전자 QNED AI 75QNED82BKA (벽걸이),2830000,2830000,2830000,3007540,3007610,2936920,2937030,2937150
124199553,LG전자 QNED AI 75QNED82BKA (스탠드),2830000,2830000,2830000,2830000,2830000,2830000,2830000,2830000
124423974,LG전자 QNED AI 85QN1C70BKA (벽걸이),2522490,2522490,2522490,2561620,2546580,,,
124423968,LG전자 QNED AI 85QN1C70BKA (스탠드),2522490,2522490,2522490,2561620,2546580,,,
122688309,LG전자 QNED AI 85QNED65BBA (벽걸이),2361780,2361900,2362010,2362050,2362070,1922420,2362260,2362380
122688308,LG전자 QNED AI 85QNED65BBA (스탠드),2363540,2363660,2363690,2363750,2363790,1922420,2363940,2364060
122689792,LG전자 QNED AI 85QNED65BEA (벽걸이),2939850,2939970,2940000,2850000,2850000,2997750,2997840,2997960
122689790,LG전자 QNED AI 85QNED65BEA (스탠드),2939710,2939830,2939940,2997790,2997830,2997910,2997930,2998030
122688921,LG전자 QNED AI 85QNED65BNA (벽걸이),2328000,2328000,2328000,2328000,2328000,2328000,2328000,2328000
122688918,LG전자 QNED AI 85QNED65BNA (스탠드),2366120,2366120,2366120,2366120,2328000,2328000,2328000,2328000
122652030,LG전자 QNED AI 85QNED70BKA (벽걸이),2590000,2590000,2590000,2590000,2590000,2590000,2590000,2590000
122652021,LG전자 QNED AI 85QNED70BKA (스탠드),2590000,2590000,2590000,2590000,2590000,2590000,2590000,2590000
78178103,LG전자 QNED AI 86QNED65ABA (벽걸이),2108370,2108490,2108520,2108560,2108580,2108990,2161720,2161840
95203565,"LG전자 QNED AI 86QNED65ABA (벽걸이+사운드바, S40T)",2732700,2732700,2732700,2759300,2759300,2759300,2759300,2759300
95203592,"LG전자 QNED AI 86QNED65ABA (벽걸이+사운드바, S60TR)",2830800,2830800,2830800,2857010,2857010,2857010,2857010,2857010
95203652,"LG전자 QNED AI 86QNED65ABA (벽걸이+사운드바, S70TR)",2956200,2956200,2956200,2975510,2975510,2975510,2975510,2975510
95203673,"LG전자 QNED AI 86QNED65ABA (벽걸이+사운드바, S95TR)",3427090,3427090,3427090,3427090,3427090,3427090,3427090,3427090
78178064,LG전자 QNED AI 86QNED65ABA (스탠드),2149800,2149920,2062780,2062880,2062990,2063050,1793200,1793200
95203562,"LG전자 QNED AI 86QNED65ABA (스탠드+사운드바, S40T)",2732700,2732700,2732700,2759300,2759300,2759300,2759300,2759300
95203583,"LG전자 QNED AI 86QNED65ABA (스탠드+사운드바, S60TR)",2830800,2830800,2830800,2857010,2857010,2857010,2857010,2857010
95203607,"LG전자 QNED AI 86QNED65ABA (스탠드+사운드바, S70TR)",2956200,2956200,2956200,2975510,2975510,2975510,2975510,2975510
95203670,"LG전자 QNED AI 86QNED65ABA (스탠드+사운드바, S95TR)",3427090,3427090,3427090,3427090,3427090,3427090,3427090,3427090
98180516,LG전자 QNED AI 86QNED70ABA (벽걸이),2748590,2748590,2748590,2748590,2748590,2748590,2748590,2748590
98180480,LG전자 QNED AI 86QNED70ABA (스탠드),2748580,2748580,2748580,2748580,2748580,2748580,2748580,2748580
105551048,LG전자 QNED AI 86QNED70AEA (벽걸이),2063850,2063970,2064000,2064060,2064160,1914400,2064260,2064360
105550967,LG전자 QNED AI 86QNED70AEA (스탠드),2059050,2059170,2059280,2059380,2059490,2059590,2059710,2059740
98086265,LG전자 QNED AI 86QNED70ANA (벽걸이),2748580,2748580,2748580,2748580,2748580,2748580,2748580,2748580
98086229,LG전자 QNED AI 86QNED70ANA (스탠드),2748580,2748580,2748580,2748580,2748580,2748580,2748580,2748580
93318038,LG전자 QNED AI 86QNED75AEA (벽걸이),2501410,2501530,2501560,2501620,2501720,2501790,2501890,2502010
103810772,"LG전자 QNED AI 86QNED75AEA (벽걸이+사운드바, S30A)",2569000,2569000,2569000,2569000,2569000,2627380,2569000,2569000
93318020,LG전자 QNED AI 86QNED75AEA (스탠드),2550120,2550240,2550270,2550330,2550430,2550520,2550620,2550740
103810766,"LG전자 QNED AI 86QNED75AEA (스탠드+사운드바, S30A)",2569000,2569000,2569000,2569000,2569000,2627380,2569000,2569000
92356076,LG전자 QNED AI 86QNED75ANA (벽걸이),3705000,3705000,3705000,3705000,3705000,3705000,3705000,3705000
92356067,LG전자 QNED AI 86QNED75ANA (스탠드),3705000,3705000,3705000,3705000,3705000,3705000,3705000,3705000
85790948,LG전자 QNED AI 86QNED80AKA (벽걸이),3019420,3019420,3019420,3019420,3019420,3019420,3019420,3019420
95846636,"LG전자 QNED AI 86QNED80AKA (벽걸이+사운드바, S20A)",3215360,3215360,3215360,3215360,3215360,3215360,3215360,3215360
85783634,LG전자 QNED AI 86QNED80AKA (스탠드),3019430,3019430,3019430,3019430,3019430,3019430,3019430,3019430
95846621,"LG전자 QNED AI 86QNED80AKA (스탠드+사운드바, S20A)",3215350,3215350,3215350,3215350,3215350,3215350,3215350,3215350
61541225,LG전자 QNED evo 65QNED85KQA (벽걸이),3535160,3535160,3535160,3535160,3535160,3535160,3535160,3535160
41826839,LG전자 QNED evo 75QNED91TKA (벽걸이),3061530,3061530,3061530,3061530,3061530,3061530,3061530,3061530
41826827,LG전자 QNED evo 75QNED91TKA (스탠드),2969570,2969690,2969800,2969840,2969910,2969990,2970090,2970210
41262731,LG전자 QNED evo 86QNED91TKA (벽걸이),4286190,4286310,4286340,4286400,4286500,4286570,4286670,4286790
41262638,LG전자 QNED evo 86QNED91TKA (스탠드),4286350,4286470,4286580,4286660,4286700,4286740,4286740,4286840
54100826,LG전자 QNED evo 86QNED99TKB (벽걸이),10847770,10847770,10847770,10847770,10847770,10847770,10847770,10847770
54100820,LG전자 QNED evo 86QNED99TKB (스탠드),10847770,10847770,10847770,10847770,10847770,10847770,10847770,10847770
91345526,LG전자 QNED evo AI 100QNED86AK (벽걸이),8079210,8079330,8079440,8079480,8079550,8079620,8079710,8079830
91345508,LG전자 QNED evo AI 100QNED86AK (스탠드),8078900,8079020,8079050,8079110,8079210,8079280,8079380,8079500
122689712,LG전자 QNED evo AI 100QNED86BK (벽걸이),7734220,7734340,7734370,7734430,7839220,7839270,7839370,7839490
122689677,LG전자 QNED evo AI 100QNED86BK (스탠드),7734250,7734350,7734370,7734430,8080720,8080790,8080880,8080910
124130329,LG전자 QNED evo AI 115QNED90BK (스탠드),29000000,29000000,29000000,29000000,29000000,29000000,29000000,29000000
122622194,LG전자 QNED evo AI 55QNED80BEA (벽걸이),1178080,1178080,1178080,1178080,1178080,1073340,1178080,1178080
122622179,LG전자 QNED evo AI 55QNED80BEA (스탠드),1203060,1203180,1203290,1203390,1203500,1073340,1203700,1203820
122622152,LG전자 QNED evo AI 65QNED80BEA (벽걸이),1436130,1436250,1436360,1436540,1436610,1273590,1413310,1413430
122622148,LG전자 QNED evo AI 65QNED80BEA (스탠드),1436040,1436160,1436270,1436440,1436540,1397980,1147190,1147190
123982003,LG전자 QNED evo AI 65QNED81BMA (벽걸이),2293200,2293200,2293200,2339990,2339990,2339990,2339990,2339990
123981998,LG전자 QNED evo AI 65QNED81BMA (스탠드),2241690,2241810,2241920,2242000,2242040,2242080,2242170,2242290
97364579,LG전자 QNED evo AI 65QNED85AGA (벽걸이),2547020,2547020,2547020,2598990,2598990,2598990,2598990,2598990
97364546,LG전자 QNED evo AI 65QNED85AGA (스탠드),2292730,2292730,2292730,2292730,2292730,2292730,2292730,2292730
78179786,LG전자 QNED evo AI 65QNED85AKA (벽걸이),1398430,1398520,1398640,1398740,1392530,1392700,1395000,1393000
78178913,LG전자 QNED evo AI 65QNED85AKA (스탠드),1398470,1398560,1398630,1398740,1392530,1392700,1395000,1393000
89862242,LG전자 QNED evo AI 65QNED85AXA (벽걸이),1550530,1550650,1550680,1536240,1536240,1536240,1536200,1536240
89862179,LG전자 QNED evo AI 65QNED85AXA (스탠드),1557630,1557750,1557780,1543220,1543220,1543220,1543180,1543220
122689619,LG전자 QNED evo AI 65QNED86BKA (벽걸이),1554490,1554610,1554720,1553870,1553880,1553900,1553860,1553900
122689577,LG전자 QNED evo AI 65QNED86BKA (스탠드),1553540,1553660,1553770,1553810,1553880,1553820,1553860,1553900
124259417,LG전자 QNED evo AI 65QNED8MBEA (벽걸이),1589930,1590050,1590080,1590140,1590180,1433790,1590350,1590470
124259319,LG전자 QNED evo AI 65QNED8MBEA (스탠드),1589850,1589970,1590080,1590160,1590200,1590260,1590350,1590470
123590172,LG전자 QNED evo AI 65QNED91BKA (벽걸이),2318300,2318300,2318300,2318260,2389990,2415610,2415710,2415830
123590168,LG전자 QNED evo AI 65QNED91BKA (스탠드),2221300,2221300,2221300,2221300,2290000,2429600,2429690,2420790
98777390,LG전자 QNED evo AI 65QNED92AGA (벽걸이),3000000,3000000,3000000,3000000,3000000,3000000,3000000,3000000
98777369,LG전자 QNED evo AI 65QNED92AGA (스탠드),3000000,3000000,3000000,3000000,3000000,3000000,3000000,3000000
97905332,LG전자 QNED evo AI 65QNED93AGA (벽걸이),2576090,2558650,2558680,2558740,2558840,2558910,2559010,2559130
97905281,LG전자 QNED evo AI 65QNED93AGA (스탠드),2582880,2583000,2583110,2583150,2583220,2583310,2583420,2583540
94023743,LG전자 QNED evo AI 65QNED93AKA (벽걸이),2718520,2718520,2718520,2773990,2773990,2773990,2773990,2773990
94450460,LG전자 QNED evo AI 65QNED93AKA (스탠드),2401000,2401000,2401000,2449990,2449990,2449990,2449990,2449990
122622118,LG전자 QNED evo AI 75QNED80BEA (벽걸이),1788810,1788930,1789040,1789120,1789210,1789300,1789390,1789510
122622067,LG전자 QNED evo AI 75QNED80BEA (스탠드),1736090,1736210,1736240,1736300,1736340,1736430,1678340,1678340
123982102,LG전자 QNED evo AI 75QNED81BMA (벽걸이),2902490,2902610,2902720,2902760,2902830,2902920,2903030,2903150
123982099,LG전자 QNED evo AI 75QNED81BMA (스탠드),2902550,2902670,2902780,2902820,2902890,2902960,2903050,2903170
89525813,LG전자 QNED evo AI 75QNED85AKA (벽걸이),2279780,2279900,2280010,2280090,2280130,2280170,2280260,2280380
89525795,LG전자 QNED evo AI 75QNED85AKA (스탠드),2241290,2241290,2241290,2241290,2230130,2230130,1669500,1744510
89862326,LG전자 QNED evo AI 75QNED85AXA (벽걸이),7936370,7936370,7936370,7936370,7936370,7936370,7936370,7935810
89862296,LG전자 QNED evo AI 75QNED85AXA (스탠드),7936370,7936370,7936370,7936370,7936370,7935810,7935810,7935810
97364495,LG전자 QNED evo AI 75QNED86AGA (벽걸이),2525720,2525840,2525950,2526040,2526130,2526190,2526280,2526400
108397847,"LG전자 QNED evo AI 75QNED86AGA (벽걸이+사운드바, S20A)",4089000,4089000,4089000,4089000,4089000,4089000,4089000,4089000
97364474,LG전자 QNED evo AI 75QNED86AGA (스탠드),2532890,2533010,2533040,2533100,2533140,2533200,2533290,2533320
108397829,"LG전자 QNED evo AI 75QNED86AGA (스탠드+사운드바, S20A)",4089000,4089000,4089000,4089000,4089000,4089000,4089000,4089000
90960140,LG전자 QNED evo AI 75QNED86AKA (벽걸이),2705970,2706090,2706200,2706280,2706320,2706380,2706470,2706500
90960092,LG전자 QNED evo AI 75QNED86AKA (스탠드),2675480,2675600,2675710,2675750,2675820,2675910,2676000,2676120
122689490,LG전자 QNED evo AI 75QNED86BKA (벽걸이),2748080,2748200,2748310,2748350,2748420,2748520,2748620,2748650
122689396,LG전자 QNED evo AI 75QNED86BKA (스탠드),2655350,2655470,2655580,2693270,2693310,2693360,2693460,2693580
123802798,LG전자 QNED evo AI 75QNED86BMA (벽걸이),2855820,2855940,2856050,2856130,2856170,2856230,2856320,2856440
123802796,LG전자 QNED evo AI 75QNED86BMA (스탠드),2944760,2944880,2944990,2945030,2945100,2945190,2945280,2945400
124259444,LG전자 QNED evo AI 75QNED8MBEA (벽걸이),1919370,1919490,1919520,1919580,1948660,1948750,1948850,1948970
124259436,LG전자 QNED evo AI 75QNED8MBEA (스탠드),1919270,1919390,1919500,1919580,1948720,1948760,1948850,1948970
123590554,LG전자 QNED evo AI 75QNED91BKA (벽걸이),3476970,3477090,3477200,3477280,3477320,3477360,3477450,3477480
123590548,LG전자 QNED evo AI 75QNED91BKA (스탠드),3477030,3477150,3477180,3477240,3477280,3477330,3477430,3477550
98777300,LG전자 QNED evo AI 75QNED92AGA (벽걸이),2579010,2579730,2580340,2580850,2580890,2475100,2581040,2581160
98777291,LG전자 QNED evo AI 75QNED92AGA (스탠드),2579010,2579730,2580440,2580850,2580890,2580950,2581040,2581160
98085770,LG전자 QNED evo AI 75QNED93AGA (벽걸이),3698530,3698650,3698760,3698860,3698900,3698980,3699090,3699210
98085725,LG전자 QNED evo AI 75QNED93AGA (스탠드),3728220,3728340,3728450,3728490,3728560,3728630,3728720,3728840
94023680,LG전자 QNED evo AI 75QNED93AKA (벽걸이),3877290,3877410,3877520,3877600,3877640,3877700,3877790,3877910
94517618,LG전자 QNED evo AI 75QNED93AKA (스탠드),3877330,3877450,3877560,3877600,3877670,3877740,3877830,3877950
92104919,LG전자 QNED evo AI 75QNED9MAKA (벽걸이),3926530,3926650,3926680,3926750,3926780,3926860,3926970,3927090
94128371,LG전자 QNED evo AI 75QNED9MAKA (스탠드),3926770,3926890,3927000,3927040,3927110,3927190,3927290,3927410
122622314,LG전자 QNED evo AI 85QNED80BEA (벽걸이),2663680,2663800,2663910,2663990,2664860,2665470,2665560,2665590
122622279,LG전자 QNED evo AI 85QNED80BEA (스탠드),2664870,2664990,2665070,2649280,2649460,2403020,2433140,2433140
123982212,LG전자 QNED evo AI 85QNED81BMA (벽걸이),3796750,3796870,3796900,3796960,3797060,3797130,3797140,3797240
123982210,LG전자 QNED evo AI 85QNED81BMA (스탠드),3796530,3796650,3796760,3796800,3796870,3796940,3797030,3797150
124411885,LG전자 QNED evo AI 85QNED82BKA (벽걸이),3419750,3419870,3419900,3419960,3419990,,,
124411876,LG전자 QNED evo AI 85QNED82BKA (스탠드),3419750,3419870,3419900,3419960,3419990,,,
124259665,LG전자 QNED evo AI 85QNED8MBEA (벽걸이),2893000,2893000,2893000,2957530,2930600,2930600,2930600,2930600
124259548,LG전자 QNED evo AI 85QNED8MBEA (스탠드),2893000,2893000,2893000,2957470,2930600,2930600,2930600,2930600
123590594,LG전자 QNED evo AI 85QNED91BKA (벽걸이),4553690,4553810,4553920,4554000,4554040,3997020,4554190,4554310
123590577,LG전자 QNED evo AI 85QNED91BKA (스탠드),4575670,4575790,4585530,4585610,4585650,4553230,4553250,4585830
98777222,LG전자 QNED evo AI 85QNED92AGA (벽걸이),3359130,3359250,3359360,3359460,3359570,3324900,3325000,3325120
98777207,LG전자 QNED evo AI 85QNED92AGA (스탠드),3359270,3359390,3359420,3359480,3359580,3035810,2937590,2937590
98085881,LG전자 QNED evo AI 85QNED93AGA (벽걸이),5766690,5766690,5766690,5766690,5766690,5766690,5766690,5766690
98085836,LG전자 QNED evo AI 85QNED93AGA (스탠드),5766690,5766690,5766690,5766690,5766690,5766690,5766690,5766690
93380276,LG전자 QNED evo AI 85QNED93AKA (벽걸이),5114050,5114170,5114280,5114320,5114400,5114480,5114570,5114690
93380249,LG전자 QNED evo AI 85QNED93AKA (스탠드),5282200,5282200,5282200,5389990,5389990,5389990,5389990,5389990
89525882,LG전자 QNED evo AI 86QNED85AKA (벽걸이),3943390,3943510,3943620,3943660,3943740,3943810,3943910,3943940
89525849,LG전자 QNED evo AI 86QNED85AKA (스탠드),3946920,3947040,3947150,3947230,3947270,3947310,3947400,3947520
91345478,LG전자 QNED evo AI 86QNED86AKA (벽걸이),4317550,4317670,4317780,4317820,4317890,4317960,4318050,4318170
91345412,LG전자 QNED evo AI 86QNED86AKA (스탠드),4317530,4317650,4317680,4317740,4317780,4317830,4317840,4317940
122689655,LG전자 QNED evo AI 86QNED86BKA (벽걸이),4387130,4387250,4387360,4387440,4387480,4387520,4387610,4387730
122689645,LG전자 QNED evo AI 86QNED86BKA (스탠드),4377880,4378000,4378030,4378090,4378130,4378180,4378280,4378310
123802827,LG전자 QNED evo AI 86QNED86BMA (벽걸이),7673930,7674050,7674080,7674140,7674240,7674310,7674410,7674530
123802826,LG전자 QNED evo AI 86QNED86BMA (스탠드),7999990,7999990,7999990,7999990,7999990,7999990,7999990,7999990
92104979,LG전자 QNED evo AI 86QNED9MAKA (벽걸이),6091870,6091990,6092020,6092080,6092180,6092250,6092350,6092470
94128344,LG전자 QNED evo AI 86QNED9MAKA (스탠드),6249760,6249880,6249910,6249970,6250070,6250140,6250240,6250360
123681522,LG전자 갤러리 TV AI 65LX7BKNA (벽걸이),2224830,2224950,2225060,2226160,2226360,2226430,2226530,2226650
122723743,LG전자 갤러리 TV AI 65LX7BKNA (스탠드),2099000,2099000,2099000,2099000,2139000,2139000,2139000,2139000
48001325,LG전자 나노셀 75NANO81TKA (벽걸이),3218330,3218330,3218330,3218330,3211210,3211210,3211210,3158450
48001313,LG전자 나노셀 75NANO81TKA (스탠드),3218330,3218330,3218330,3218330,3211210,3211210,3211210,3158450
48001466,LG전자 나노셀 86NANO81TKA (벽걸이),4726200,4726200,4726200,4726200,4726200,4726200,4726200,4726200
48001418,LG전자 나노셀 86NANO81TKA (스탠드),4726200,4726200,4726200,4726200,4726200,4621400,4621400,4621400
105180770,LG전자 나노셀 AI 43NA1C90AKA (벽걸이),915000,915000,915000,915000,915000,915000,915000,915000
105180743,LG전자 나노셀 AI 43NA1C90AKA (스탠드),768720,768720,768720,768720,766530,766530,766530,766530
89863205,LG전자 나노셀 AI 43NANO80ANA (벽걸이),575330,575450,575560,575640,575680,575740,575830,575950
89863187,LG전자 나노셀 AI 43NANO80ANA (스탠드),578780,578890,578970,579110,579250,568210,459920,459920
78177401,LG전자 나노셀 AI 43NANO90AKA (벽걸이),1032910,1033030,1033060,1033120,1033220,1033320,1033340,1033440
78177377,LG전자 나노셀 AI 43NANO90AKA (스탠드),1035830,1035950,1036060,1036100,1036170,1036240,1036240,1036340
105180527,LG전자 나노셀 AI 50NA1C90AKA (벽걸이),944780,944780,944780,926630,926630,926630,926630,926630
105180512,LG전자 나노셀 AI 50NA1C90AKA (스탠드),944780,944780,944780,926630,926630,926630,926630,926630
78177440,LG전자 나노셀 AI 50NANO90AKA (벽걸이),927460,927460,927460,927460,927460,927460,927460,927460
86098148,"LG전자 나노셀 AI 50NANO90AKA (벽걸이+사운드바, S20A)",1057660,1057660,1057660,1057660,1057660,1057660,1057660,1052420
78177431,LG전자 나노셀 AI 50NANO90AKA (스탠드),927460,927460,927460,927460,927460,927460,927460,927460
80149910,"LG전자 나노셀 AI 50NANO90AKA (스탠드+사운드바, S20A)",1057660,1057660,1057660,1057660,1057660,1057660,1057660,1052420
124184189,LG전자 나노셀 AI 55NA1C80ANA (벽걸이),1299000,1299000,1299000,1299000,1299000,1299000,1299000,1299000
124184181,LG전자 나노셀 AI 55NA1C80ANA (스탠드),1039160,1039160,1039160,1039160,1039160,1039160,1039160,1039160
89864369,LG전자 나노셀 AI 55NANO80AEA (벽걸이),1027700,1027700,1027700,1027700,1027700,1057700,1027700,1027700
89864213,LG전자 나노셀 AI 55NANO80AEA (스탠드),1131600,1131600,1131600,1131600,1131600,1131600,1131600,1131600
89863826,LG전자 나노셀 AI 55NANO90ABA (벽걸이),1423100,1423100,1423100,1423100,1423100,1423100,1423100,1423100
89863679,LG전자 나노셀 AI 55NANO90ABA (스탠드),2848100,2848100,2848100,2848100,2848100,2848100,2848100,2848100
78177530,LG전자 나노셀 AI 55NANO90AKA (벽걸이),1323000,1323000,1323000,1349990,1349990,1349990,1349990,1349990
86098046,"LG전자 나노셀 AI 55NANO90AKA (벽걸이+사운드바, S20A)",1352330,1352330,1352330,1379910,1379910,1370360,1370360,1370360
78177506,LG전자 나노셀 AI 55NANO90AKA (스탠드),1323000,1323000,1323000,1349990,1349990,1349990,1349990,1349990
80149919,"LG전자 나노셀 AI 55NANO90AKA (스탠드+사운드바, S20A)",1352330,1352330,1352330,1379910,1379910,1370360,1370360,1370360
124411714,LG전자 나노셀 AI 55NU85CBENA (벽걸이),970910,970910,970910,1022390,1016430,1016430,,
124411705,LG전자 나노셀 AI 55NU85CBENA (스탠드),970910,970910,970910,1022390,1016430,1041390,,
105180392,LG전자 나노셀 AI 65NA1C90AKA (벽걸이),1230560,1230560,1230560,1235500,1235500,1235500,1235500,1235500
105173777,LG전자 나노셀 AI 65NA1C90AKA (스탠드),1230570,1230570,1230570,1235510,1235510,1235510,1235510,1235510
106753880,LG전자 나노셀 AI 65NA1C90AMA (벽걸이),1164590,1164710,1164820,1164910,1164940,1164990,1165090,1165210
122623374,"LG전자 나노셀 AI 65NA1C90AMA (벽걸이+사운드바, S20A)",1562310,1562310,1562310,1562310,1547690,1547690,1547690,1547690
106753868,LG전자 나노셀 AI 65NA1C90AMA (스탠드),1164590,1164710,1164820,1164910,1164940,1164990,1165090,1165210
122623360,"LG전자 나노셀 AI 65NA1C90AMA (스탠드+사운드바, S20A)",1562310,1562310,1562310,1562310,1547690,1547690,1547690,1547690
89864612,LG전자 나노셀 AI 65NANO80AEA (벽걸이),1028690,1028690,1028690,1028690,1028690,1028690,1028690,1028690
89864546,LG전자 나노셀 AI 65NANO80AEA (스탠드),1028690,1028690,1028690,1028690,1028690,1028690,1028690,1028690
89862788,LG전자 나노셀 AI 65NANO80ANA (벽걸이),1429370,1429370,1429370,1429370,1429370,1429370,1429370,1429370
89862770,LG전자 나노셀 AI 65NANO80ANA (스탠드),1429370,1429370,1429370,1429370,1429370,1429370,1429370,1429370
89863889,LG전자 나노셀 AI 65NANO90ABA (벽걸이),1708100,1708100,1708100,1708100,1708100,1708100,1708100,1708100
89863874,LG전자 나노셀 AI 65NANO90ABA (스탠드),1708100,1708100,1708100,1708100,1708100,1708100,1708100,1708100
78177569,LG전자 나노셀 AI 65NANO90AKA (벽걸이),1181500,1180300,1180300,1180300,1180300,1180300,1180300,1180300
86095484,"LG전자 나노셀 AI 65NANO90AKA (벽걸이+사운드바, S20A)",1474420,1474420,1474420,1474420,1461170,1461170,1461170,1461170
78177566,LG전자 나노셀 AI 65NANO90AKA (스탠드),1239990,1239990,1239990,1239990,1239990,1239990,1239990,1239990
80149928,"LG전자 나노셀 AI 65NANO90AKA (스탠드+사운드바, S20A)",1474420,1474420,1474420,1474420,1461170,1461170,1461170,1461170
124411764,LG전자 나노셀 AI 65NU85CBENA (벽걸이),1282870,1282870,1282870,1351850,1343980,1399130,,
124411750,LG전자 나노셀 AI 65NU85CBENA (스탠드),1282870,1282870,1282870,1351850,1343980,1408065,,
122672108,LG전자 나노셀 AI 75NA1C80ANA (벽걸이),1667320,1667320,1667320,1667320,1667320,1667320,1667320,1667320
122672106,LG전자 나노셀 AI 75NA1C80ANA (스탠드),1667320,1667320,1667320,1667320,1667320,1667320,1667320,1667320
104989907,LG전자 나노셀 AI 75NA1C90AKA (벽걸이),1606160,1606160,1606160,1616460,1616460,1616460,1616460,1616460
104989904,LG전자 나노셀 AI 75NA1C90AKA (스탠드),1606160,1606160,1606160,1616460,1616460,1616460,1244930,1244930
106753943,LG전자 나노셀 AI 75NA1C90AMA (벽걸이),1700960,1700960,1700960,1700960,1700960,1700960,1700960,1700960
108398072,"LG전자 나노셀 AI 75NA1C90AMA (벽걸이+사운드바, S20A)",1999000,1999000,1999000,1999000,1999000,1999000,1999000,1999000
106753934,LG전자 나노셀 AI 75NA1C90AMA (스탠드),1778530,1778650,1778680,1778740,1778840,1778890,1778990,1779110
108398057,"LG전자 나노셀 AI 75NA1C90AMA (스탠드+사운드바, S20A)",1999000,1999000,1999000,1999000,1999000,1999000,1999000,1999000
89864849,LG전자 나노셀 AI 75NANO80AEA (벽걸이),1215200,1215320,1215430,1189110,1227560,1113390,1204280,1204330
95202794,"LG전자 나노셀 AI 75NANO80AEA (벽걸이+사운드바, S40T)",1407460,1407460,1407460,1407460,1407460,1398090,1398090,1398090
95202860,"LG전자 나노셀 AI 75NANO80AEA (벽걸이+사운드바, S60TR)",1565910,1565910,1565910,1565910,1565910,1565910,1565910,1565910
95202929,"LG전자 나노셀 AI 75NANO80AEA (벽걸이+사운드바, S70TR)",1671030,1671030,1671030,1671030,1671030,1684310,1684310,1684310
95202950,"LG전자 나노셀 AI 75NANO80AEA (벽걸이+사운드바, S95TR)",2216500,2216500,2216500,2216500,2216500,2216500,2216500,2216500
89864801,LG전자 나노셀 AI 75NANO80AEA (스탠드),1218960,1218950,1219050,1189110,1214120,1167060,902800,943360
95202755,"LG전자 나노셀 AI 75NANO80AEA (스탠드+사운드바, S40T)",1407460,1407460,1407460,1407460,1407460,1398090,1398090,1398090
95202848,"LG전자 나노셀 AI 75NANO80AEA (스탠드+사운드바, S60TR)",1565910,1565910,1565910,1565910,1565910,1565910,1565910,1565910
95202905,"LG전자 나노셀 AI 75NANO80AEA (스탠드+사운드바, S70TR)",1671030,1671030,1671030,1671030,1671030,1684310,1684310,1684310
95202938,"LG전자 나노셀 AI 75NANO80AEA (스탠드+사운드바, S95TR)",2216500,2216500,2216500,2216500,2216500,2216500,2216500,2216500
89863103,LG전자 나노셀 AI 75NANO80ANA (벽걸이),1349960,1349960,1349960,1349960,1349960,1349960,1349960,1349960
89863088,LG전자 나노셀 AI 75NANO80ANA (스탠드),1349960,1349960,1349960,1349960,1349960,1349960,1349960,1349960
89862692,LG전자 나노셀 AI 75NANO90ABA (벽걸이),1429010,1429130,1429240,1429340,1429450,1429550,1429670,1429790
89862686,LG전자 나노셀 AI 75NANO90ABA (스탠드),1339000,1339000,1339000,1339000,1339000,1370510,1339000,1339000
78177728,LG전자 나노셀 AI 75NANO90AKA (벽걸이),1790850,1790850,1790850,1790850,1790850,1790850,1790850,1790850
86098433,"LG전자 나노셀 AI 75NANO90AKA (벽걸이+사운드바, S20A)",2106790,2106790,2106790,2106790,2106790,2106790,2106790,2106790
78177641,LG전자 나노셀 AI 75NANO90AKA (스탠드),1796340,1796340,1796340,1832770,1832870,1832940,1832950,1832990
80628449,"LG전자 나노셀 AI 75NANO90AKA (스탠드+사운드바, S20A)",2106160,2106280,2106390,2106490,2106600,2106710,2106750,2106790
124424045,LG전자 나노셀 AI 75NU85CBENA (벽걸이),1595860,1595860,1595860,1680300,1670400,,,
124424029,LG전자 나노셀 AI 75NU85CBENA (스탠드),1595860,1595860,1595860,1680300,1670400,,,
104946821,LG전자 나노셀 AI 86NA1C90AKA (벽걸이),2213610,2213610,2213610,2213610,2213610,2213610,2213610,2213610
104946788,LG전자 나노셀 AI 86NA1C90AKA (스탠드),2254510,2254630,2254660,2254720,2213610,2213610,2213610,2213610
106753907,LG전자 나노셀 AI 86NA1C90AMA (벽걸이),2139000,2139000,2139000,2139000,2139000,2139000,2139000,2139000
108407969,"LG전자 나노셀 AI 86NA1C90AMA (벽걸이+사운드바, S20A)",2118760,2118760,2118760,2118760,2118760,2118760,2118760,2118760
106753895,LG전자 나노셀 AI 86NA1C90AMA (스탠드),2118760,2118760,2118760,2118760,2118760,2118760,2118750,2118750
108407957,"LG전자 나노셀 AI 86NA1C90AMA (스탠드+사운드바, S20A)",2152000,2152000,2152000,2152000,2152000,2152000,2152000,2152000
89864963,LG전자 나노셀 AI 86NANO80AEA (벽걸이),1712310,1712430,1712540,1712620,1712660,1712720,1712810,1712930
95203046,"LG전자 나노셀 AI 86NANO80AEA (벽걸이+사운드바, S40T)",1877400,1877400,1877400,1877400,1877400,1837820,1837820,1837820
95203088,"LG전자 나노셀 AI 86NANO80AEA (벽걸이+사운드바, S60TR)",2033440,2033440,2033440,2033440,2033440,1999260,1999260,1999260
95203154,"LG전자 나노셀 AI 86NANO80AEA (벽걸이+사운드바, S70TR)",2165230,2165230,2165230,2165230,2165230,2117660,2117660,2117660
95203181,"LG전자 나노셀 AI 86NANO80AEA (벽걸이+사운드바, S95TR)",2619690,2619690,2619690,2619690,2619690,2619690,2619690,2619690
89864894,LG전자 나노셀 AI 86NANO80AEA (스탠드),1681020,1681050,1681060,1681010,1681060,1680970,1304390,1304390
95203034,"LG전자 나노셀 AI 86NANO80AEA (스탠드+사운드바, S40T)",1901650,1901650,1901650,1901650,1901650,1837820,1837820,1837820
95203073,"LG전자 나노셀 AI 86NANO80AEA (스탠드+사운드바, S60TR)",2033440,2033440,2033440,2033440,2033440,1999260,1999260,1999260
95203130,"LG전자 나노셀 AI 86NANO80AEA (스탠드+사운드바, S70TR)",2165230,2165230,2165230,2165230,2165230,2117660,2117660,2117660
95203169,"LG전자 나노셀 AI 86NANO80AEA (스탠드+사운드바, S95TR)",2619690,2619690,2619690,2619690,2619690,2619690,2619690,2619690
89862398,LG전자 나노셀 AI 86NANO90ABA (벽걸이),4750000,4750000,4750000,4750000,4750000,4750000,4750000,4750000
89862392,LG전자 나노셀 AI 86NANO90ABA (스탠드),4750000,4750000,4750000,4750000,4750000,4750000,4750000,4750000
78178793,LG전자 나노셀 AI 86NANO90AKA (벽걸이),2380000,2380000,2380000,2380000,2380000,2380000,2380000,2380000
89862128,"LG전자 나노셀 AI 86NANO90AKA (벽걸이+사운드바, S20A)",2812110,2812110,2812110,2812110,2812110,2812110,2812110,2812100
78178709,LG전자 나노셀 AI 86NANO90AKA (스탠드),2380000,2380000,2380000,2380000,2380000,2380000,2380000,2380000
89862122,"LG전자 나노셀 AI 86NANO90AKA (스탠드+사운드바, S20A)",2812110,2812110,2812110,2812110,2812110,2812110,2812110,2812100
20976872,LG전자 룸앤TV 27LQ600SW (스탠드),369000,369000,369000,369000,369000,369000,284700,284700
10369575,LG전자 룸앤TV 27TN600S (스탠드),388990,388990,388990,388990,388990,388990,388990,388990
17110733,LG전자 룸앤TV 27TQ600SW (스탠드),433700,433700,433700,433700,433700,433690,433690,433690
122672014,LG전자 스윙 27U730SAW 이동형 패키지 (LG 스윙 스탠드 라이트),665600,665600,665600,665600,665600,665600,665600,665600
90436886,LG전자 스윙 27U730SAW 이동형 패키지 (LG 스윙 스탠드),685870,685870,685870,685870,685870,685870,685870,685870
89605178,LG전자 스윙 27U731SAW 이동형 패키지 (LG 스윙 스탠드),650490,650490,650490,650490,650490,650490,650490,650490
122724632,LG전자 스윙 27U731SBW 이동형 패키지 (LG 스윙 스탠드 라이트),611280,611280,611280,611280,611280,611280,611280,611280
122724456,LG전자 스윙 32U501SBW 이동형 패키지 (LG 스윙 스탠드 라이트),394000,394000,394000,394000,394000,394000,394000,394000
122671987,LG전자 스윙 32U721SAW 이동형 패키지 (LG 스윙 스탠드 라이트),535000,535000,535000,535000,535000,535000,535000,535000
89605010,LG전자 스윙 32U721SAW 이동형 패키지 (LG 스윙 스탠드),718990,718990,718990,718990,718990,718990,718990,718990
122689731,LG전자 스윙 32U721SBW 이동형 패키지 (LG 스윙 스탠드 라이트),563050,563050,563050,563050,563050,563050,563050,563050
122659851,LG전자 스윙 32U731SAW 이동형 패키지 (LG 스윙 스탠드 라이트),659000,659000,659000,676000,676000,676000,676000,676000
89605139,LG전자 스윙 32U731SAW 이동형 패키지 (LG 스윙 스탠드),669000,669000,669000,669000,669000,669000,669000,669000
90960011,"LG전자 스윙 32U889SAW 이동형 패키지 (+스피커, 엑스붐 360 XO2T)",1180220,1180220,1180220,1180220,1180220,1180220,1159410,1159410
90959978,"LG전자 스윙 32U889SAW 이동형 패키지 (+스피커, 엑스붐 그랩)",1039890,1039890,1039890,1039890,1039890,1039890,1039890,1039890
100620038,"LG전자 스윙 32U889SAW 이동형 패키지 (+스피커, 엑스붐 바운스)",1207220,1207220,1207220,1202440,1202440,1202440,1150350,1150350
98484020,LG전자 스윙 32U889SAW 이동형 패키지 (LG 스윙 스탠드 플레이트),1416000,1416000,1416000,1416000,1416000,1416000,1416000,1416000
86913029,LG전자 스윙 32U889SAW 이동형 패키지 (LG 스윙 스탠드),883480,883500,883520,883540,883560,883580,868320,868340
122724536,LG전자 스윙 37U730SAW 이동형 패키지 (LG 스윙 스탠드 라이트),1024000,1024000,1024000,1024000,,,,
90436802,LG전자 스윙 스마트 32SR50F 이동형 패키지 (LG 스윙 스탠드),596990,596990,596990,596990,596990,596990,596990,596990
122671950,LG전자 스윙 스마트 32U880SAW 이동형 패키지 (LG 스윙 스탠드 라이트),986450,986450,986450,986450,986450,928260,928260,928260
94450433,LG전자 스윙 스마트 32U880SAW 이동형 패키지 (LG 스윙 스탠드),990000,990000,990000,990000,990000,990000,990000,990000
14751218,LG전자 스탠바이미 27ART10AKPL (이동형 스탠드),922500,922500,922500,922500,922500,922500,922500,922500
34811144,"LG전자 스탠바이미 27ART10CKPL (+스피커, XT7S)",1271460,1271460,1271460,1271460,1271460,1275260,1275260,1219080
21571574,LG전자 스탠바이미 27ART10CKPL (이동형 스탠드),939990,939990,939990,939990,939990,939990,939990,939990
56138246,"LG전자 스탠바이미 27ART10CMPL (+스피커, XT7S)",1900000,1900000,1900000,1900000,1900000,1900000,1900000,1900000
51549776,LG전자 스탠바이미 27ART10CMPL (이동형 스탠드),925330,925330,925330,925330,925330,925330,925330,925330
35812424,"LG전자 스탠바이미 27ART10DKPL (+스피커, XT7S)",1458000,1458000,1458000,1458000,1458000,1458000,1458000,1458000
29933867,LG전자 스탠바이미 27ART10DKPL (이동형 스탠드),911050,911050,911050,911050,911050,911050,911050,911050
70528952,LG전자 스탠바이미 27ART10DKPL + 퓨리케어 에어로퍼니처 AS064PBBAR (TV+공기청정기),1641890,1641890,1641890,1641890,1626340,1626340,1626340,1574140
70612886,LG전자 스탠바이미 27ART10DKPL + 퓨리케어 에어로퍼니처 AS064PWBAR (TV+공기청정기),1641890,1641890,1641890,1641890,1626340,1626340,1626340,1574140
51549707,LG전자 스탠바이미 27ART10DQPL (이동형 스탠드),1050000,1050000,1050000,1050000,1050000,1050000,1050000,1050000
77964458,"LG전자 스탠바이미 27ART10DSPL (+스피커, XT7S)",1126920,1126920,1126920,1126920,1126920,1126920,1126920,1126920
51549821,LG전자 스탠바이미 27ART10DSPL (이동형 스탠드),859900,859900,859900,859900,859900,859900,859900,859900
20361317,LG전자 스탠바이미 Go 27LX5QKNA (스탠드),1159000,1159000,1159000,1159000,1159000,1090000,1090000,1090000
49737872,LG전자 스탠바이미 Go 27LX5QMNA (스탠드),1205400,1205400,1205400,1205400,1205400,1205400,1205400,1205400
78610103,"LG전자 스탠바이미2 27LX6TEGA (+스피커, XT7S)",1411740,1411740,1411820,1411900,1411995,1405820,1413600,1387930
78237365,LG전자 스탠바이미2 27LX6TEGA (이동형 스탠드),1045820,1029300,1029410,1029500,1029500,1029500,1029500,1029500
78987482,LG전자 스탠바이미2 27LX6TEGAA (이동형 스탠드),1148160,1148280,1148390,1120550,1144982,1144982,1135470,1135470
78988934,LG전자 스탠바이미2 27LX6TEGAC (이동형 스탠드),1205880,1206000,1206110,1180786,1206143,1195980,1195970,1195970
78785894,"LG전자 스탠바이미2 27LX6TKGA (+스피커, XT7S)",1318830,1318830,1318830,1318830,1318830,1318830,1318830,1301890
78531545,LG전자 스탠바이미2 27LX6TKGA (이동형 스탠드),931580,931700,931730,931790,931830,931890,931980,932100
90500579,LG전자 스탠바이미2 27LX6TKGAA (이동형 스탠드),1349980,1349980,1349980,1349980,1349980,1349980,1349980,1349980
90500765,LG전자 스탠바이미2 27LX6TKGAC (이동형 스탠드),1480000,1480000,1480000,1480000,1480000,1480000,1480000,1480000
122619093,"LG전자 스탠바이미2 27LX6TPGA (+스마트캠 , VC25GA)",1211880,1257650,1239190,1239190,1218970,1201480,1201480,1201480
122644988,"LG전자 스탠바이미2 27LX6TPGA (+스트랩, WS25XA)",1131960,1133260,1123780,1123880,1123960,1108560,1108560,1108560
122704838,LG전자 스탠바이미2 27LX6TPGA (+스피커+스마트캠),1438100,1439390,1439940,1440060,1440720,1441240,1442610,1442960
122644989,LG전자 스탠바이미2 27LX6TPGA (+스피커+스트랩),1363590,1387380,1387930,1388060,1388720,1387300,1387300,1387300
122704798,LG전자 스탠바이미2 27LX6TPGA (+스피커+원클릭 스탠드),1412670,1414980,1415520,1415630,1416310,1416840,1418200,1418550
75854075,"LG전자 스탠바이미2 27LX6TPGA (+스피커, XT7S)",1254040,1254040,1254040,1254040,1254040,1254040,1254040,1254040
122704770,LG전자 스탠바이미2 27LX6TPGA (+원클릭 스탠드),1158340,1185580,1186130,1186250,1171470,1155010,1155010,1155010
75537515,LG전자 스탠바이미2 27LX6TPGA (이동형 스탠드),1025360,1025480,1025590,1025630,1025700,976500,850970,850970
75656888,"LG전자 스탠바이미2 27LX6TPGAA (+스피커, XT7S)",1273250,1273250,1273250,1273250,1273250,1273250,1273250,1273250
75600266,LG전자 스탠바이미2 27LX6TPGAA (이동형 스탠드),1047840,1047960,1047990,1048050,1048090,1048150,1048240,1048360
75656900,"LG전자 스탠바이미2 27LX6TPGAC (+스피커, XT7S)",1438830,1438950,1439060,1439160,1439200,1439280,1439390,1439510
75600257,LG전자 스탠바이미2 27LX6TPGAC (이동형 스탠드),1167160,1167280,1167390,1167470,1155700,1155770,1155860,1155980
75656867,"LG전자 스탠바이미2 27LX6TPGAF (+스피커, XT7S)",1461730,1480550,1480660,1480760,1480800,1480880,1480900,1481000
75600254,LG전자 스탠바이미2 27LX6TPGAF (이동형 스탠드),1162400,1162400,1162400,1162400,1162400,1162400,1162400,1162400
109483634,LG전자 스탠바이미2 27LX6TQGA (이동형 스탠드),1189980,1189980,1189980,1189980,1189980,1189980,1189980,1189980
122666342,"LG전자 스탠바이미2 Max 32LX6BEGA (+스피커, XT7S)",1553620,1553730,1553740,1553740,1553740,1502334,1502334,1502334
122655792,LG전자 스탠바이미2 Max 32LX6BEGA (이동형 스탠드),1283430,1283550,1283660,1283770,1283800,1283880,1284010,1284130
123742682,"LG전자 스탠바이미2 Max 32LX6BEGAA (+스피커, XT7S)",1749270,1750570,1751100,1751220,1751890,1752770,1754140,1756190
123742666,LG전자 스탠바이미2 Max 32LX6BEGAA (이동형 스탠드),1389660,1389660,1389660,1362475,1389650,1378440,1378440,1378440
123764464,"LG전자 스탠바이미2 Max 32LX6BEGAC (+스피커, XT7S)",1873590,1873710,1873820,1873920,1873960,1874030,1874130,1874250
123764441,LG전자 스탠바이미2 Max 32LX6BEGAC (이동형 스탠드),1476790,1476910,1477020,1448798,1477060,1465150,1465140,1465140
122686524,"LG전자 스탠바이미2 Max 32LX6BEGB (+스피커, XT7S)",1612810,1612810,1612810,1612810,1612810,1612810,1612810,1612220
124180167,LG전자 스탠바이미2 Max 32LX6BEGB (+원클릭 스탠드+스트랩),1550000,1550000,1550000,1550000,1550000,1241550,1550000,1550000
124180178,LG전자 스탠바이미2 Max 32LX6BEGB (+원클릭 스탠드+스트랩+스마트캠),1588600,1588600,1588600,1596200,1596200,1596200,1596200,1596200
124180201,"LG전자 스탠바이미2 Max 32LX6BEGB (+원클릭 스탠드+스트랩+스마트캠+스피커, XT7S)",1849000,1849000,1849000,1849000,1849000,1849000,1849000,1849000
122677339,LG전자 스탠바이미2 Max 32LX6BEGB (이동형 스탠드),1339850,1339850,1339850,1339860,1339990,1340120,1341900,1340370
122686514,"LG전자 스탠바이미2 Max 32LX6BKGA (+스피커, XT7S)",1633520,1633520,1633520,1633520,1633520,1633520,1633520,1607390
122677355,LG전자 스탠바이미2 Max 32LX6BKGA (이동형 스탠드),1172260,1172380,1172490,1172590,1172660,1172730,1172730,1172830
122710924,LG전자 스탠바이미2 Max 32LX6BPGA (+벽걸이 스트랩),1416720,1418010,1418560,1418680,1419350,1420120,1421480,1422930
122641336,"LG전자 스탠바이미2 Max 32LX6BPGA (+스피커, XT7S)",1541190,1541310,1541340,1541400,1541500,1541570,1541670,1541790
122710904,LG전자 스탠바이미2 Max 32LX6BPGA (+원클릭 스탠드),1437410,1438700,1439250,1439370,1440030,1440800,1442170,1443620
122632760,LG전자 스탠바이미2 Max 32LX6BPGA (이동형 스탠드),1289880,1289880,1289880,1289880,1288140,1288140,1288140,1288140
122728628,"LG전자 스탠바이미2 Max 32LX6BPGAA (+스피커, XT7S)",1714870,1715020,1715150,1715190,1715260,1715330,1715420,1715450
122703045,LG전자 스탠바이미2 Max 32LX6BPGAA (이동형 스탠드),1404300,1404300,1404300,1404340,1401580,1407780,1404350,1401580
123764488,"LG전자 스탠바이미2 Max 32LX6BPGAC (+스피커, XT7S)",1901380,1902670,1903210,1903330,1904000,1904780,1906150,1907600
122703056,LG전자 스탠바이미2 Max 32LX6BPGAC (이동형 스탠드),1500740,1500860,1500970,1501070,1501180,1433790,1501380,1501500
122655803,"LG전자 스탠바이미2 Max 32LX6BPGAS (+스피커, XT7S)",1725570,1726080,1726110,1726170,1726210,1726280,1726380,1726500
122633747,LG전자 스탠바이미2 Max 32LX6BPGAS (이동형 스탠드),1535450,1535570,1529920,1530000,1530040,1530100,1530190,1530310
122723571,LG전자 시그니처 올레드 T OLED77T6KNA (스탠드),105058080,105058080,105058080,105058080,105058080,105058080,105058080,105058080
123668287,LG전자 시그니처 올레드 W OLED77W6KNA (벽걸이),8992240,8992360,8992470,9069850,9070480,9070540,9070630,9070750
122723361,LG전자 시그니처 올레드 W OLED83W6KNA (벽걸이),13599450,13599570,13599680,13692110,13692280,13692350,13692450,13692570
94082075,LG전자 시그니처 올레드 evo AI 무선 OLED97M5KNA (밀착 벽걸이),44460000,44460000,44460000,44460000,44460000,44460000,44460000,44460000
94081883,LG전자 시그니처 올레드 evo AI 무선 OLED97M5KNA (스탠드),44460000,44460000,44460000,44460000,44460000,44460000,44460000,44460000
58837469,LG전자 시그니처 올레드 evo 무선 OLED65M4KNA (벽걸이),5318270,5318270,5318270,5318270,5318270,5286860,5286860,5286860
58837358,LG전자 시그니처 올레드 evo 무선 OLED77M4KNA (벽걸이),9482420,9334700,9482420,9334700,9334700,9334700,9334700,9334700
78310877,LG전자 시그니처 올레드 evo 무선 OLED77M4KNA (스탠드),9334710,9334700,9334710,9334700,9334700,9334700,9334700,9334700
59749529,LG전자 시그니처 올레드 evo 무선 OLED83M4KNA (밀착 벽걸이),9294250,9294370,9294400,9294460,9294500,9294540,9294540,9294640
58837226,LG전자 시그니처 올레드 evo 무선 OLED83M4KNA (벽걸이),9300500,9300500,9300500,9300500,9300500,9300500,9300500,9300500
92760428,LG전자 시그니처 올레드 evo 무선 OLED83M4KNA (스탠드),9294330,9294450,9294560,9294660,9294700,9294780,9294890,9295010
58831628,LG전자 시그니처 올레드 evo 무선 OLED97M4KNA (스탠드),53882600,53882600,53882600,53882600,53882600,53882600,53882600,53882600
54214883,LG전자 오브제컬렉션 포제 올레드 evo 48LX1TKNB (스탠드),2865870,2865870,2865870,2865870,2865870,2865870,2865870,2865870
54216449,LG전자 오브제컬렉션 포제 올레드 evo 55LX1TKNA (스탠드),3999990,3999990,3999990,3999990,3999990,3999990,3999990,3999990
29663714,LG전자 오브제컬렉션 포제 올레드 evo Moooi 에디션 55LX1QKNC (스탠드),3863200,3863200,3863200,3863200,3863200,3863200,3863200,3863200
62172821,LG전자 올레드 30EW5TP (본체),8762330,8762450,8762480,8762540,8762580,8762640,8762730,8762850
93861077,LG전자 올레드 55EW5P (본체),9378420,9378540,9378650,9378690,9378760,9378840,9378940,9379060
79792178,LG전자 올레드 AI OLED48B5KNA (벽걸이),1900000,1900000,1900000,1900000,1900000,1900000,1900000,1900000
79792148,LG전자 올레드 AI OLED48B5KNA (스탠드),1900000,1900000,1900000,1900000,1900000,1900000,1900000,1900000
89862656,LG전자 올레드 AI OLED48B5NNA (벽걸이),1043880,1043880,1043880,1066570,1088300,1069300,1069300,1069300
89862653,LG전자 올레드 AI OLED48B5NNA (스탠드),1043880,1043880,1043880,1066080,1066090,1066130,1066220,1066340
122637251,LG전자 올레드 AI OLED48B6KNA (벽걸이),1342310,1342430,1342540,1363110,1363150,1363210,1363300,1363330
122637189,LG전자 올레드 AI OLED48B6KNA (스탠드),1324730,1324850,1324960,1325060,1325170,1325260,1325370,1325490
123539065,LG전자 올레드 AI OLED48B6NNA (벽걸이),1269110,1269110,1269110,1282460,1282460,1282460,1282460,1282460
123539057,LG전자 올레드 AI OLED48B6NNA (스탠드),1269110,1269110,1269110,1282460,1282460,1282460,1282460,1282460
79792364,LG전자 올레드 AI OLED55B5KNA (벽걸이),1394840,1394960,1395070,1395110,1395180,1395250,1395340,1395460
99710294,"LG전자 올레드 AI OLED55B5KNA (벽걸이+사운드바, SQC1)",1581170,1581170,1581170,1581170,1581170,1581170,1581170,1581170
79792322,LG전자 올레드 AI OLED55B5KNA (스탠드),1341700,1249000,1249000,1249000,1249000,1390730,1390830,1390950
99710288,"LG전자 올레드 AI OLED55B5KNA (스탠드+사운드바, SQC1)",1581170,1581170,1581170,1581170,1581170,1581170,1581170,1581170
99320648,LG전자 올레드 AI OLED55B5NNA (벽걸이),1263310,1263310,1263310,1233323,1256550,1241410,1241410,1241410
99320636,LG전자 올레드 AI OLED55B5NNA (스탠드),1258890,1258890,1258900,1233323,1263310,1241410,920500,920500
100691891,LG전자 올레드 AI OLED55B5NNA + 스탠바이미2 27LX6TPGA (TV+TV),2581590,2581590,2581590,2581590,2581590,2581590,2581590,2581590
122671366,LG전자 올레드 AI OLED55B6BNA (벽걸이),1370380,1370500,1370610,1370650,1370720,1370710,1370780,1370780
122671349,LG전자 올레드 AI OLED55B6BNA (스탠드),1384800,1384920,1385030,1385110,1385150,1385210,1385300,1385420
123590687,LG전자 올레드 AI OLED55B6ENA (벽걸이),1443370,1443490,1443600,1443700,1443810,1443900,1444010,1444130
123590685,LG전자 올레드 AI OLED55B6ENA (스탠드),1442590,1442710,1442820,1442920,1443030,1443110,1443210,1443310
124153139,LG전자 올레드 AI OLED55B6FNA (벽걸이),2999990,2999990,2999990,2999990,2999990,2999990,2999990,2999990
124153116,LG전자 올레드 AI OLED55B6FNA (스탠드),1802860,1802860,1802860,1839640,1839640,1839640,1839640,1839640
122637172,LG전자 올레드 AI OLED55B6KNA (벽걸이),1405860,1405880,1405910,1405970,1406010,1387950,1387950,1387950
122637026,LG전자 올레드 AI OLED55B6KNA (스탠드),1413190,1413310,1413420,1413460,1413530,1413610,1413620,1413720
122655857,LG전자 올레드 AI OLED55B6XNA (벽걸이),1375040,1375040,1375040,1375040,1375040,1375040,1375040,1375040
122655828,LG전자 올레드 AI OLED55B6XNA (스탠드),1375040,1375040,1375040,1375040,1375040,1375040,1375040,1375040
89729999,LG전자 올레드 AI OLED65B5BNA (벽걸이),7936370,7936370,7936370,7936370,7936370,7936370,7936370,7935810
89729942,LG전자 올레드 AI OLED65B5BNA (스탠드),7936370,7936370,7936370,7936370,7936370,7936370,7936370,7935810
99320693,LG전자 올레드 AI OLED65B5ENA (벽걸이),2017010,2017010,2017010,1956290,1945950,1946200,1946500,1946660
99320660,LG전자 올레드 AI OLED65B5ENA (스탠드),2017010,2017010,2017010,1956290,1945950,1912900,1193990,1193990
80827037,LG전자 올레드 AI OLED65B5FNA (벽걸이),1999990,1999990,1999990,1999990,1999990,1999990,1999990,1999990
80821166,LG전자 올레드 AI OLED65B5FNA (스탠드),1840700,1840700,1840700,1840700,1840700,1840700,1407790,1407790
89525504,LG전자 올레드 AI OLED65B5HNA (벽걸이),3163100,3163100,3163100,3163100,3163100,3163100,3163100,3163100
89525495,LG전자 올레드 AI OLED65B5HNA (스탠드),2945990,2945990,2945990,2945990,2945990,2946000,2945990,2945990
99320669,LG전자 올레드 AI OLED65B5NNA (벽걸이),1950060,1950180,1955230,1955290,1955400,1955500,1955600,1955720
99320666,LG전자 올레드 AI OLED65B5NNA (스탠드),1950160,1950280,1955390,1955430,1955500,1955600,1955700,1955730
89525648,LG전자 올레드 AI OLED65B5SNA (벽걸이),2469230,2469350,2469460,2469500,2469570,2469640,2469730,2469850
89525582,LG전자 올레드 AI OLED65B5SNA (스탠드),2485530,2485650,2485760,2485840,2485880,2485920,2486010,2486130
122671408,LG전자 올레드 AI OLED65B6BNA (벽걸이),2175480,2175480,2175480,2207050,2213390,2175490,2175490,2175490
122671382,LG전자 올레드 AI OLED65B6BNA (스탠드),2106790,2106790,2106790,2207050,2189770,2106790,2106790,2106790
123590691,LG전자 올레드 AI OLED65B6ENA (벽걸이),2042720,2042720,2042720,2098710,2098780,2098870,2098960,2098990
123590690,LG전자 올레드 AI OLED65B6ENA (스탠드),2042720,2042720,2042720,2084990,2084990,2084990,2084990,2084990
122689345,LG전자 올레드 AI OLED65B6FNA (벽걸이),2290950,2291070,2291180,2291260,2291360,2291420,2291510,2291630
122689085,LG전자 올레드 AI OLED65B6FNA (스탠드),2319290,2319410,2319440,2319500,2319540,2319600,2319690,2319810
123539157,LG전자 올레드 AI OLED65B6NNA (벽걸이),3039240,3039360,3039470,3039560,3039650,3039710,3039710,3039810
123539149,LG전자 올레드 AI OLED65B6NNA (스탠드),3044990,3044990,3044990,3044990,3044990,3044990,3044990,3044990
122637015,LG전자 올레드 AI OLED65B6SNA (벽걸이),2305250,2305370,2305480,2305520,2310590,2310660,2310750,2310870
123669310,"LG전자 올레드 AI OLED65B6SNA (벽걸이+사운드바, S20A)",2527640,2527640,2527640,2527640,2512830,2512830,2512830,2512830
122637003,LG전자 올레드 AI OLED65B6SNA (스탠드),2296620,2296740,2296770,2296800,2296800,2296800,2296800,2296800
123669303,"LG전자 올레드 AI OLED65B6SNA (스탠드+사운드바, S20A)",2527640,2527640,2527640,2527640,2512830,2512830,2512830,2512830
122651565,LG전자 올레드 AI OLED65B6XNA (벽걸이),2112860,2112980,2113090,2113180,2113270,2113330,2113420,2113540
122651534,LG전자 올레드 AI OLED65B6XNA (스탠드),2011990,2012110,2012140,2012200,2012380,2012620,2012750,2012920
80164844,LG전자 올레드 AI OLED77B5FNA (벽걸이),3294250,3294370,3294480,3294560,3294600,3294640,3294730,3294850
108397955,"LG전자 올레드 AI OLED77B5FNA (벽걸이+사운드바, S20A)",5134300,5134300,5134300,5134300,5134300,5134300,5134300,5134300
80164688,LG전자 올레드 AI OLED77B5FNA (스탠드),3137700,3137820,3137930,3137970,3153060,3153160,3153260,3153380
108397949,"LG전자 올레드 AI OLED77B5FNA (스탠드+사운드바, S20A)",5134300,5134300,5134300,5134300,5134300,5134300,5134300,5134300
89525540,LG전자 올레드 AI OLED77B5HNA (벽걸이),5517400,5517400,5517400,5629990,5629990,5629990,5629990,5629990
89525525,LG전자 올레드 AI OLED77B5HNA (스탠드),5517400,5517400,5517400,5629990,5629990,5629990,5629990,5629990
89525711,LG전자 올레드 AI OLED77B5SNA (벽걸이),4590000,4590000,4590000,4590000,4590000,4590000,4590000,4590000
89525669,LG전자 올레드 AI OLED77B5SNA (스탠드),4199990,4199990,4199990,4199990,4199990,4199990,4199990,4199990
93382586,LG전자 올레드 AI OLED77B5XNA (벽걸이),4582150,4582270,4582380,4582420,4582500,4582590,4582690,4582810
93382490,LG전자 올레드 AI OLED77B5XNA (스탠드),4620030,4620150,4620260,4620300,4620370,4620460,4620570,4620690
122671290,LG전자 올레드 AI OLED77B6BNA (벽걸이),3633350,3633470,3633580,3633620,3633690,3633770,3633850,3633970
122671206,LG전자 올레드 AI OLED77B6BNA (스탠드),3668730,3668850,3668960,3669040,3669080,3634030,3634130,3633970
122703158,LG전자 올레드 AI OLED77B6FNA (벽걸이),4616270,4616390,4616420,4616480,4616520,4616570,4616670,4616790
122703151,LG전자 올레드 AI OLED77B6FNA (스탠드),4418960,4419080,4419190,4419270,4419370,4419430,4419520,4419640
123539242,LG전자 올레드 AI OLED77B6NNA (벽걸이),3894060,3894180,3894290,3894390,3894500,3894610,3894720,3894840
123539185,LG전자 올레드 AI OLED77B6NNA (스탠드),3893980,3894100,3894210,3894310,3894420,3894510,3894620,3894740
122636993,LG전자 올레드 AI OLED77B6SNA (벽걸이),3971910,3972030,3972140,3972240,3972350,3972450,3972550,3972670
124184153,"LG전자 올레드 AI OLED77B6SNA (벽걸이+사운드바, S20A)",4273820,4273820,4273820,4273820,4248740,4248740,4248740,4248740
122636735,LG전자 올레드 AI OLED77B6SNA (스탠드),3972070,3972190,3972300,3972380,3972420,3972480,3972570,3972690
124184149,"LG전자 올레드 AI OLED77B6SNA (스탠드+사운드바, S20A)",4273820,4273820,4273820,4273820,4248740,4248740,4248740,4248740
122651614,LG전자 올레드 AI OLED77B6XNA (벽걸이),3596740,3624190,3637630,3639890,3639960,3639990,3639990,3629990
124167560,"LG전자 올레드 AI OLED77B6XNA (벽걸이+사운드바, S20A)",4586500,4586520,4768870,4768930,4769010,4769070,4769170,4769290
122651601,LG전자 올레드 AI OLED77B6XNA (스탠드),3395290,3395410,3395520,3395600,3406490,3447910,3448000,3549990
124167556,"LG전자 올레드 AI OLED77B6XNA (스탠드+사운드바, S20A)",4405540,4352270,5356790,5356790,5356790,5356790,5356790,5356790
79792433,LG전자 올레드 AI OLED83B5KNA (벽걸이),4873190,4873190,4873190,4873190,4873190,4873190,4873190,4873190
79792403,LG전자 올레드 AI OLED83B5KNA (스탠드),4872360,4872480,4872590,4872670,4872710,4872770,4872860,4872980
93382424,LG전자 올레드 AI OLED83B5XNA (벽걸이),7106950,7106950,7106950,7106950,7106950,7106950,7106950,7106950
93382367,LG전자 올레드 AI OLED83B5XNA (스탠드),7106950,7106950,7106950,7106950,7106950,7106950,7106950,7106950
122655937,LG전자 올레드 AI OLED83B6KNA (벽걸이),6871080,6871200,6871230,6871290,6871330,6871390,6871480,6871600
124376072,"LG전자 올레드 AI OLED83B6KNA (벽걸이+사운드바, S60TR)",8609070,8609190,8609220,8609280,8609380,8609470,8609570,8609690
122655906,LG전자 올레드 AI OLED83B6KNA (스탠드),6871280,6871400,6871430,6871490,6871530,6871590,6871680,6871800
124376068,"LG전자 올레드 AI OLED83B6KNA (스탠드+사운드바, S60TR)",8831400,8871460,8881550,8999610,8999710,8999770,8999860,8999980
17645108,LG전자 올레드 OLED48A2ENA (벽걸이),1298500,1298500,1298500,1324990,1324990,1324990,1324990,1324990
29938511,LG전자 올레드 OLED48A2ENA (본체),1090000,1090000,1090000,1090000,1090000,1090000,1090000,1090000
17644880,LG전자 올레드 OLED48A2ENA (스탠드),1156400,1156400,1156400,1179990,1179990,1179990,1179990,1179990
48048170,LG전자 올레드 OLED48B4KNA (벽걸이),1450400,1450400,1450400,1479990,1479990,1479990,1479990,1479990
48035381,LG전자 올레드 OLED48B4KNA (스탠드),1450400,1450400,1450400,1479990,1479990,1479990,1479990,1479990
52258079,LG전자 올레드 OLED48B4NNA (벽걸이),1149000,1149000,1149000,1149000,1149000,1149000,1149000,1149000
52258061,LG전자 올레드 OLED48B4NNA (스탠드),1113940,1113990,1113990,1113990,1113990,1113990,1113990,1113990
124224714,LG전자 올레드 OLED48B6FNA (벽걸이),2999990,2999990,2999990,2999990,2999990,2999990,2999990,2999990
124224730,LG전자 올레드 OLED48B6FNA (스탠드),2999990,2999990,2999990,2999990,2999990,2999990,2999990,2999990
66045899,LG전자 올레드 OLED55B4FNA (벽걸이),1340320,1340320,1340320,1340320,1340320,1340320,1340320,1340320
66045881,LG전자 올레드 OLED55B4FNA (스탠드),1340310,1340310,1340310,1340310,1329160,1329160,1329160,1329160
45314618,LG전자 올레드 OLED55B4KNA (벽걸이),1341110,1341110,1341110,1341110,1341110,1341110,1341110,1339430
95205713,"LG전자 올레드 OLED55B4KNA (벽걸이+사운드바, S20A)",2094920,2094920,2094920,2094920,2094920,2094920,2094920,2094920
73612469,"LG전자 올레드 OLED55B4KNA (벽걸이+사운드바, SP2)",1977810,1977810,1977810,1977810,1968230,1968230,1968230,1907790
45314609,LG전자 올레드 OLED55B4KNA (스탠드),1136220,1136220,1136220,1136220,1136220,1136220,839930,634380
79403807,"LG전자 올레드 OLED55B4KNA (스탠드+사운드바, S20A)",1992460,1992460,1992460,1992460,1992460,1992460,1992460,1992460
73612463,"LG전자 올레드 OLED55B4KNA (스탠드+사운드바, SP2)",1992450,1992450,1992450,1992450,1992450,1992450,1992450,1954730
57935333,LG전자 올레드 OLED55B4NNA (벽걸이),1381780,1381780,1381780,1405220,1405220,1395160,1395160,1395160
95200430,"LG전자 올레드 OLED55B4NNA (벽걸이+사운드바, S20A)",1910640,1910640,1910640,1910640,1910640,1910640,1910640,1910640
69465674,"LG전자 올레드 OLED55B4NNA (벽걸이+사운드바, SP2)",1705860,1705860,1705860,1705860,1705860,1705860,1705860,1667040
57929402,LG전자 올레드 OLED55B4NNA (스탠드),1381780,1381780,1381780,1409970,1409970,1409970,1395160,1395160
95200418,"LG전자 올레드 OLED55B4NNA (스탠드+사운드바, S20A)",1878800,1878800,1878800,1878800,1878800,1878800,1878800,1878800
69054920,"LG전자 올레드 OLED55B4NNA (스탠드+사운드바, SP2)",1705860,1705860,1705860,1705860,1705860,1705860,1705860,1667040
92368241,LG전자 올레드 OLED55B5ENA (벽걸이),1302260,1302270,1302280,1302290,1302300,1302380,1302470,1302590
92367866,LG전자 올레드 OLED55B5ENA (스탠드),1304030,1304150,1304260,1304300,1304370,1304470,1304560,1304680
71720348,LG전자 올레드 OLED65B4ENA (벽걸이),1988310,1988310,1988310,1988310,1988310,1988310,1988310,1988310
71720327,LG전자 올레드 OLED65B4ENA (스탠드),1973380,1973500,1973610,1973690,1973730,1973790,1973880,1974000
53353010,LG전자 올레드 OLED65B4FNA (벽걸이),2200990,2201000,2201010,2201020,2201030,2201040,2201050,2201060
92546099,"LG전자 올레드 OLED65B4FNA (벽걸이+사운드바, S20A)",2493900,2493900,2493900,2493900,2493900,2493900,2493900,2493890
73616591,"LG전자 올레드 OLED65B4FNA (벽걸이+사운드바, SP2)",2283400,2283400,2283400,2283400,2283400,2283400,2283400,2283410
78308108,"LG전자 올레드 OLED65B4FNA (벽걸이+사운드바, SQC1)",3325000,3325000,3325000,3325000,3325000,3325000,3325000,3325000
53349395,LG전자 올레드 OLED65B4FNA (스탠드),1898700,1898820,1898930,1899020,1899050,1899090,1899180,1899300
92546090,"LG전자 올레드 OLED65B4FNA (스탠드+사운드바, S20A)",2493900,2493900,2493900,2493900,2493900,2493900,2493900,2493900
57309512,"LG전자 올레드 OLED65B4FNA (스탠드+사운드바, SP2)",2315550,2315550,2315550,2315550,2315550,2315550,2315550,2315550
78308096,"LG전자 올레드 OLED65B4FNA (스탠드+사운드바, SQC1)",3325000,3325000,3325000,3325000,3325000,3325000,3325000,3325000
53385080,LG전자 올레드 OLED65B4MNA (벽걸이),2369640,2369760,2369790,2369850,2369890,2369950,2369950,2369990
53382821,LG전자 올레드 OLED65B4MNA (스탠드),2246340,2246440,2246540,2246580,2222690,2222700,2222690,2222690
64296815,LG전자 올레드 OLED65B4NNA (벽걸이),2040110,2040110,2040110,2040110,2040110,2040110,2040110,2040110
99743306,"LG전자 올레드 OLED65B4NNA (벽걸이+사운드바, S20A)",3585000,3585000,3585000,3585000,3585000,3585000,3585000,3585000
69466091,"LG전자 올레드 OLED65B4NNA (벽걸이+사운드바, SP2)",2636150,2636150,2636150,2632120,2632120,2632120,2632120,2632120
64296788,LG전자 올레드 OLED65B4NNA (스탠드),2040110,2040110,2040110,2040110,2040110,2040110,2040110,2091450
99743315,"LG전자 올레드 OLED65B4NNA (스탠드+사운드바, S20A)",3585000,3585000,3585000,3585000,3585000,3585000,3585000,3585000
69054947,"LG전자 올레드 OLED65B4NNA (스탠드+사운드바, SP2)",2629780,2629780,2629780,2625790,2625790,2625790,2625790,2625790
100617818,LG전자 올레드 OLED65B4NNA + 스탠바이미2 27LX6TPGA (TV+TV),3294690,3294690,3294690,3294690,3294690,3294690,3294690,3294690
45314720,LG전자 올레드 OLED65B4SNA (벽걸이),2185400,2185400,2185400,2229990,2229990,2229990,2229990,2229990
45314714,LG전자 올레드 OLED65B4SNA (스탠드),2143990,2143990,2143990,2143990,2143990,2143990,2143990,2143990
53344109,LG전자 올레드 OLED77B4FNA (벽걸이),3458750,3458870,3458980,3459020,3459090,3459160,3459250,3459370
73613042,"LG전자 올레드 OLED77B4FNA (벽걸이+사운드바, SP2)",5160170,5160170,5160170,5157020,5157020,5157020,5157020,5156200
53340257,LG전자 올레드 OLED77B4FNA (스탠드),3245550,3245670,3245780,3245880,3245990,3246100,3246210,3246330
73613027,"LG전자 올레드 OLED77B4FNA (스탠드+사운드바, SP2)",5160170,5160170,5160170,5157020,5157020,5157020,5157020,5156200
51816725,LG전자 올레드 OLED77B4HNA (벽걸이),5225000,5225000,5225000,5225000,5225000,5225000,5225000,5225000
51816707,LG전자 올레드 OLED77B4HNA (스탠드),5225000,5225000,5225000,5225000,5225000,5225000,5225000,5225000
99051545,LG전자 올레드 OLED77B4HNA 리퍼비시 (벽걸이),3749000,3749000,3749000,3749000,3749000,3749000,3749000,3749000
53376935,LG전자 올레드 OLED77B4MNA (벽걸이),3330060,3330180,3330290,3330390,3330430,3330520,3330530,3330630
53373650,LG전자 올레드 OLED77B4MNA (스탠드),3331710,3331830,3331940,3334220,3334260,3334320,3334410,3334530
45314753,LG전자 올레드 OLED77B4SNA (벽걸이),3984470,3984470,3984470,3943400,3943400,3943400,3943400,3943400
98758601,"LG전자 올레드 OLED77B4SNA (벽걸이+사운드바, S40T)",4115990,4115990,4115990,4115990,4115990,4115990,4115990,4115990
45314729,LG전자 올레드 OLED77B4SNA (스탠드),3533990,3533990,3533990,3533990,3533990,3533990,3533990,3533990
98758595,"LG전자 올레드 OLED77B4SNA (스탠드+사운드바, S40T)",4115990,4115990,4115990,4115990,4115990,4115990,4115990,4115990
89863445,LG전자 올레드 evo AI OLED42C5ENA (벽걸이),1206600,1206720,1206750,1223350,1222730,1223590,1223660,1223660
89863406,LG전자 올레드 evo AI OLED42C5ENA (스탠드),1171860,1171860,1171860,1171860,1194000,1193990,1194000,1194000
78176453,LG전자 올레드 evo AI OLED42C5KNA (벽걸이),1583900,1584020,1584050,1584110,1584150,1584210,1584300,1584420
78176375,LG전자 올레드 evo AI OLED42C5KNA (스탠드),1581100,1581230,1581340,1589380,1589420,1589460,1589550,1589670
123538806,LG전자 올레드 evo AI OLED42C6ENA (벽걸이),1914000,1914000,1914000,1914000,1914000,1914000,1914000,1914000
123538803,LG전자 올레드 evo AI OLED42C6ENA (스탠드),1914000,1914000,1914000,1914000,1914000,1914000,1914000,1914000
122641392,LG전자 올레드 evo AI OLED42C6KNA (벽걸이),1621310,1621310,1621310,1621310,1639990,1639990,1639990,1636280
122641367,LG전자 올레드 evo AI OLED42C6KNA (스탠드),1621310,1621310,1621310,1621310,1635710,1593990,1393920,989990
89862599,LG전자 올레드 evo AI OLED48C5ENA (벽걸이),1434810,1434930,1435040,1438890,1432220,1432390,1435480,1432700
89862596,LG전자 올레드 evo AI OLED48C5ENA (스탠드),1371980,1371980,1371980,1371980,1371980,1371990,1371990,1371990
78176558,LG전자 올레드 evo AI OLED48C5KNA (벽걸이),1324400,1324540,1324680,1324820,1324950,1325150,1325270,1325410
78176501,LG전자 올레드 evo AI OLED48C5KNA (스탠드),1310400,1362150,1363410,1389970,1382990,1382780,1382800,1383490
123538845,LG전자 올레드 evo AI OLED48C6ENA (벽걸이),2700000,2700000,2700000,2700000,2700000,2700000,2700000,2700000
123538843,LG전자 올레드 evo AI OLED48C6ENA (스탠드),2700000,2700000,2700000,2700000,2700000,2700000,2700000,2700000
108402053,LG전자 올레드 evo AI OLED48C6KNA (벽걸이),1670290,1670410,1670440,1670500,1670770,1670820,1670980,1671130
108401885,LG전자 올레드 evo AI OLED48C6KNA (스탠드),1660710,1660830,1660940,1660980,1661050,1661120,1661210,1661330
93803348,LG전자 올레드 evo AI OLED55C5CNA (벽걸이),3325000,3325000,3325000,3325000,3325000,3325000,3325000,3325000
93803279,LG전자 올레드 evo AI OLED55C5CNA (스탠드),3223750,3223870,3223900,3223960,3224060,3224130,3224230,3224350
92367482,LG전자 올레드 evo AI OLED55C5ENA (벽걸이),1536520,1536520,1536520,1536520,1512560,1512570,1202180,1202180
92367503,LG전자 올레드 evo AI OLED55C5ENA (스탠드),1553080,1553080,1553080,1539120,1531210,1505320,1505320,1505320
78175898,LG전자 올레드 evo AI OLED55C5SNA (벽걸이),2288710,2288830,2288860,2288920,2288960,2289010,2289110,2289230
78175844,LG전자 올레드 evo AI OLED55C5SNA (스탠드),2273490,2273610,2273640,2273700,2273800,2273870,2273970,2274090
123538898,LG전자 올레드 evo AI OLED55C6ENA (벽걸이),1690000,1690000,1690000,1690000,1690000,2899990,2899990,2899990
123538877,LG전자 올레드 evo AI OLED55C6ENA (스탠드),1690000,1690000,1690000,1690000,1690000,1790000,2774850,2774950
108402080,LG전자 올레드 evo AI OLED55C6KNA (밀착 벽걸이),2314470,2314590,2314700,2358290,2358360,2358460,2358560,2358590
108402077,LG전자 올레드 evo AI OLED55C6KNA (벽걸이),2190770,2190890,2190920,2190980,2191070,2191070,2191070,2191070
108402071,LG전자 올레드 evo AI OLED55C6KNA (스탠드),2190790,2190910,2190940,2191000,2191070,2191070,2191070,2191070
88205381,LG전자 올레드 evo AI OLED55G5KNA (밀착 벽걸이),3097150,3097270,3097380,3097470,3097500,3097560,3097650,3097680
78237170,LG전자 올레드 evo AI OLED55G5KNA (벽걸이),2802780,2802900,2803010,2803110,2803220,2803330,2803440,2803560
77619500,LG전자 올레드 evo AI OLED55G5KNA (스탠드),2855520,2855640,2855670,2855730,2855770,2855820,2855920,2856040
108407120,LG전자 올레드 evo AI OLED55G6KNA (밀착 벽걸이),3090330,3090450,3090560,3090600,3090690,3090800,3090930,3091050
108407114,LG전자 올레드 evo AI OLED55G6KNA (벽걸이),2976930,2977050,2977080,2977140,2984600,2795510,2984380,2984500
108407057,LG전자 올레드 evo AI OLED55G6KNA (스탠드),2984180,2984300,2984410,2984450,2984520,2795510,2979670,2979790
92367659,LG전자 올레드 evo AI OLED65C5ENA (벽걸이),2373860,2373980,2374090,2374180,2374270,2374340,2374440,2374470
92367626,LG전자 올레드 evo AI OLED65C5ENA (스탠드),2378660,2378660,2378660,2378660,2374170,2374230,2374320,2374440
86098580,LG전자 올레드 evo AI OLED65C5FNA (벽걸이),2390000,2390000,2390000,2390000,2390000,2390000,2390000,2390000
86098571,LG전자 올레드 evo AI OLED65C5FNA (스탠드),2499990,2499990,2499990,2499990,2499990,2499990,2499990,2499990
86098616,LG전자 올레드 evo AI OLED65C5QNA (벽걸이),2967010,2967130,2967240,2967280,2967370,2967480,2967610,2967640
86098607,LG전자 올레드 evo AI OLED65C5QNA (스탠드),3006670,3006790,3006900,3006940,3007010,3007100,3007190,3007220
78176180,LG전자 올레드 evo AI OLED65C5SNA (벽걸이),2733150,2733150,2733150,2733150,2733150,2675610,2675610,2675610
78176147,LG전자 올레드 evo AI OLED65C5SNA (스탠드),2733150,2733150,2733150,2733150,2733150,2848990,2675610,2675610
123538950,LG전자 올레드 evo AI OLED65C6ENA (벽걸이),2619000,2619000,2619000,2619000,2619000,2619000,2619000,2619000
123538932,LG전자 올레드 evo AI OLED65C6ENA (스탠드),2619000,2619000,2619000,2619000,2619000,2619000,2619000,2619000
122636639,LG전자 올레드 evo AI OLED65C6FNA (벽걸이),2735060,2735180,2735290,2735330,2735400,2735460,2778130,2778250
122636630,LG전자 올레드 evo AI OLED65C6FNA (스탠드),2696450,2696570,2696680,2696760,2696860,2696920,2696990,2696990
108401549,LG전자 올레드 evo AI OLED65C6SNA (밀착 벽걸이),3520330,3520450,3520560,3520660,3357970,3358030,3358120,3358240
108401486,LG전자 올레드 evo AI OLED65C6SNA (벽걸이),3297710,3297830,3297940,3297980,3298050,3298120,3298210,3298330
108401444,LG전자 올레드 evo AI OLED65C6SNA (스탠드),2993370,2993370,2993370,2993370,2993370,2993370,2993370,2993370
88205369,LG전자 올레드 evo AI OLED65G5KNA (밀착 벽걸이),3730520,3730640,3730750,3730830,3730870,3730930,3731020,3731050
78237146,LG전자 올레드 evo AI OLED65G5KNA (벽걸이),2944730,2944730,2944730,2944730,2944730,2944730,2944730,2960000
77619584,LG전자 올레드 evo AI OLED65G5KNA (스탠드),2911590,2911600,2911610,2911620,2911690,2911770,2911870,2911990
108406961,LG전자 올레드 evo AI OLED65G6KNA (밀착 벽걸이),3651310,3651430,3651540,3651620,3651660,3651720,3651720,3651820
108406943,LG전자 올레드 evo AI OLED65G6KNA (벽걸이),3481470,3481590,3481620,3481680,3481730,3436320,3517320,3517440
108406814,LG전자 올레드 evo AI OLED65G6KNA (스탠드),3435890,3436010,3436130,3436220,3436260,3455220,3455320,3455440
78532109,LG전자 올레드 evo AI OLED77C5FNA (벽걸이),3892750,3892870,3892900,3892960,3893000,3893070,3893170,3893290
96649013,"LG전자 올레드 evo AI OLED77C5FNA (벽걸이+사운드바, S60TR)",5011660,5011660,5011660,5011660,5011660,5024790,5024790,4964350
78532055,LG전자 올레드 evo AI OLED77C5FNA (스탠드),3864750,3864870,3864980,3865020,3865090,3865160,3865250,3865280
96649010,"LG전자 올레드 evo AI OLED77C5FNA (스탠드+사운드바, S60TR)",5011660,5011660,5011660,5011660,5011660,5024790,5024790,4964350
88236497,LG전자 올레드 evo AI OLED77C5QNA (벽걸이),5164660,5164770,5164910,5165050,5165190,5165390,5165480,5165610
88236443,LG전자 올레드 evo AI OLED77C5QNA (스탠드),5256880,5256890,5256900,5256910,5256920,5256930,5256940,5256950
78176273,LG전자 올레드 evo AI OLED77C5SNA (벽걸이),5826950,5827070,5827180,5827280,5827400,5827500,5827610,5827730
78176225,LG전자 올레드 evo AI OLED77C5SNA (스탠드),5826950,5827070,5827180,5827280,5827390,5827500,5827610,5827730
122636648,LG전자 올레드 evo AI OLED77C6FNA (벽걸이),3951140,3951260,3951290,3951350,3951460,3817640,3817640,3817640
124375899,"LG전자 올레드 evo AI OLED77C6FNA (벽걸이+사운드바, S60TR)",6025880,6025990,6026020,6026080,6026170,6026240,6026330,6026450
122636647,LG전자 올레드 evo AI OLED77C6FNA (스탠드),3941560,3941680,3941790,3941890,3942000,3847200,3847290,3847410
124375896,"LG전자 올레드 evo AI OLED77C6FNA (스탠드+사운드바, S60TR)",6025810,6025930,6026040,6026080,6026150,6026230,6026330,6026450
108408068,LG전자 올레드 evo AI OLED77C6QNA (밀착 벽걸이),5138130,5138250,5138280,5138340,5138380,5138450,5138550,5138670
108408062,LG전자 올레드 evo AI OLED77C6QNA (벽걸이),5091810,5093390,5103280,5103340,5103380,5103430,5103530,5103650
108408050,LG전자 올레드 evo AI OLED77C6QNA (스탠드),4994000,4994000,4994000,4994000,4994000,4994000,4994000,4994000
108401783,LG전자 올레드 evo AI OLED77C6SNA (밀착 벽걸이),5378420,5378540,5378650,5378730,5378770,5378810,5378900,5379020
108401777,LG전자 올레드 evo AI OLED77C6SNA (벽걸이),4997020,4997020,4997020,5093870,5093910,5093990,5094100,5094220
108401762,LG전자 올레드 evo AI OLED77C6SNA (스탠드),4907780,4907780,4907780,4907780,4907780,4907780,4907780,4907780
88205378,LG전자 올레드 evo AI OLED77G5KNA (밀착 벽걸이),5333750,5333750,5333750,5333750,5333750,5333750,5333750,5333750
78237098,LG전자 올레드 evo AI OLED77G5KNA (벽걸이),5333740,5333740,5333740,5333740,5333750,5333750,5333750,5333750
77620280,LG전자 올레드 evo AI OLED77G5KNA (스탠드),5333750,5333750,5333750,5333750,5333750,5333750,5333750,5333750
108407285,LG전자 올레드 evo AI OLED77G6KNA (밀착 벽걸이),7743170,7743290,7743400,7743440,7743510,7743600,7743690,7743810
108407282,LG전자 올레드 evo AI OLED77G6KNA (벽걸이),7439990,7439990,7439990,7439990,7489350,7489350,7489350,7489350
108407255,LG전자 올레드 evo AI OLED77G6KNA (스탠드),7439990,7439990,7439990,7439990,7489350,6950690,7489350,7489350
81034352,LG전자 올레드 evo AI OLED83C5FNA (벽걸이),6370490,6370610,6370720,6370760,6370830,6370900,6370900,6371000
81026324,LG전자 올레드 evo AI OLED83C5FNA (스탠드),6311030,6311150,6311260,6249590,5690000,5690000,5690000,5690000
78176678,LG전자 올레드 evo AI OLED83C5KNA (벽걸이),6652890,6653010,6653040,6653100,6653140,6653220,6653220,6653320
78176621,LG전자 올레드 evo AI OLED83C5KNA (스탠드),6652790,6652910,6653020,6653060,6653130,6653210,6653310,6653430
88236593,LG전자 올레드 evo AI OLED83C5QNA (벽걸이),5859920,5859920,5859920,5789990,5789990,5789990,5789990,5789990
88236548,LG전자 올레드 evo AI OLED83C5QNA (스탠드),5756690,5756690,5756690,5689990,5689990,5690000,4712490,4712490
89730284,LG전자 올레드 evo AI OLED83C5SNA (벽걸이),12730000,12730000,12730000,12730000,12730000,12730000,12730000,12730000
89730242,LG전자 올레드 evo AI OLED83C5SNA (스탠드),12730000,12730000,12730000,12730000,12730000,12730000,12730000,12730000
93382211,LG전자 올레드 evo AI OLED83C5XNA (벽걸이),6341090,6341210,6341320,6341420,6341460,6341540,6341650,6341770
96583493,"LG전자 올레드 evo AI OLED83C5XNA (벽걸이+사운드바, S60TR)",8570120,8570120,8570120,8570120,8570120,8570120,8570120,8570120
93382136,LG전자 올레드 evo AI OLED83C5XNA (스탠드),6344880,6344890,6344900,6344910,6344920,6344930,6344940,6344950
96583526,"LG전자 올레드 evo AI OLED83C5XNA (스탠드+사운드바, S60TR)",8597500,8597500,8597500,8597500,8597500,8597500,8597500,8597500
124115463,LG전자 올레드 evo AI OLED83C6FNA (밀착 벽걸이),6007240,6007360,6007470,6007550,6090850,6080920,6010910,6010910
122636621,LG전자 올레드 evo AI OLED83C6FNA (벽걸이),5978990,6044190,6044300,6044390,6091810,6091870,6091960,6092080
122636585,LG전자 올레드 evo AI OLED83C6FNA (스탠드),5747850,5747970,5748080,5748180,5748290,5748400,5748510,5748540
122625439,LG전자 올레드 evo AI OLED83C6KNA (벽걸이),8512190,8512190,8512190,8512190,8512190,8512190,8512190,8512190
122625436,LG전자 올레드 evo AI OLED83C6KNA (스탠드),8512190,8512190,8512190,8512190,8512190,8512190,8512190,8512190
123681620,LG전자 올레드 evo AI OLED83C6QNA (밀착 벽걸이),7085110,7085230,7085260,7085320,7085420,7085470,7085570,7085690
122636695,LG전자 올레드 evo AI OLED83C6QNA (벽걸이),7063820,7063940,7063970,7064030,7064130,7064200,7064300,7064420
122636672,LG전자 올레드 evo AI OLED83C6QNA (스탠드),7068950,7069070,7069180,7069260,7069300,7069340,7069340,7069440
124115483,LG전자 올레드 evo AI OLED83C6SNA (밀착 벽걸이),7263290,7263290,7263290,7263290,7263290,7341150,7263300,7341360
122625335,LG전자 올레드 evo AI OLED83C6SNA (벽걸이),7456530,7456650,7456760,7457130,7457170,7457230,7457320,7457440
122625312,LG전자 올레드 evo AI OLED83C6SNA (스탠드),7076360,7076360,7076360,7076360,7076360,7076360,7076360,7076360
88205429,LG전자 올레드 evo AI OLED83G5KNA (밀착 벽걸이),11184630,11184750,11184780,11184840,11184940,11185000,11185090,11185210
78237077,LG전자 올레드 evo AI OLED83G5KNA (벽걸이),11186430,11186600,11186780,11186960,11187140,11187340,11187470,11187640
77620319,LG전자 올레드 evo AI OLED83G5KNA (스탠드),11144700,11144820,11144930,11144970,11145050,11145120,11145220,11145340
122631868,LG전자 올레드 evo AI OLED83G6KNA (밀착 벽걸이),12088060,12088180,12088290,12088380,12088470,12088560,12088660,12088690
122625060,LG전자 올레드 evo AI OLED83G6KNA (벽걸이),11216470,11216590,11216700,11216790,11216820,11216900,11216990,11217020
122624962,LG전자 올레드 evo AI OLED83G6KNA (스탠드),11536990,11537110,11537140,11592100,11592200,11591730,11591830,11591950
88205417,LG전자 올레드 evo AI OLED97G5KNA (밀착 벽걸이),27324850,27324970,27325080,27325180,27325290,27325390,27325510,27325540
78237050,LG전자 올레드 evo AI OLED97G5KNA (벽걸이),27330370,27330490,27330520,27330580,27330620,27330680,27330680,27330780
77620439,LG전자 올레드 evo AI OLED97G5KNA (스탠드),27325250,27325370,27325480,27325570,27325600,27325660,27325750,27325870
108407564,LG전자 올레드 evo AI OLED97G6KNA (밀착 벽걸이),37028480,37028600,37028710,37028790,37028890,37028950,37029040,37029160
108407549,LG전자 올레드 evo AI OLED97G6KNA (벽걸이),36268910,36269030,36269140,36269180,36269260,34365870,36980350,36980470
108407477,LG전자 올레드 evo AI OLED97G6KNA (스탠드),36268910,36269030,36269140,36269180,36977390,34365870,36977600,36977720
94024064,LG전자 올레드 evo AI 무선 OLED77M5KNA (밀착 벽걸이),8629010,8629130,8629240,8629320,8629360,8629400,8629490,8629610
94024061,LG전자 올레드 evo AI 무선 OLED77M5KNA (벽걸이),8453690,8453690,8453690,8453690,8453690,8453690,8453690,8453690
94636070,LG전자 올레드 evo AI 무선 OLED77M5KNA (스탠드),8698500,8698620,8698730,8698810,8698850,8698920,8698930,8699030
94024112,LG전자 올레드 evo AI 무선 OLED83M5KNA (밀착 벽걸이),12561650,12561770,12561880,12561920,12561990,12562060,12562150,12562270
94024109,LG전자 올레드 evo AI 무선 OLED83M5KNA (벽걸이),12561960,12562080,12562110,12562170,12562270,12562320,12562420,12562540
94636058,LG전자 올레드 evo AI 무선 OLED83M5KNA (스탠드),12574790,12574910,12574940,12575000,12575040,12575080,12575170,12575290
17192948,LG전자 올레드 evo OLED42C2ENA (벽걸이),1340000,1340000,1340000,1340000,1340000,1340000,1340000,1340000
17192873,LG전자 올레드 evo OLED42C2ENA (스탠드),1340000,1340000,1340000,1340000,1340000,1340000,1340000,1340000
16544918,LG전자 올레드 evo OLED42C2KNB (벽걸이),1946510,1946510,1946510,1946510,1935660,1935660,1935660,1876460
16544900,LG전자 올레드 evo OLED42C2KNB (스탠드),1410490,1410490,1410490,1410490,1410490,1410490,1410490,1410490
20219021,LG전자 올레드 evo OLED42C3CNA (벽걸이),1494300,1494300,1494300,1494300,1494300,1494300,1494300,1494300
20218991,LG전자 올레드 evo OLED42C3CNA (스탠드),1494300,1494300,1494300,1494300,1493030,1460700,1460700,1440820
20258444,LG전자 올레드 evo OLED42C3ENA (벽걸이),1409290,1409290,1409290,1409290,1409290,1409290,1409290,1409290
20258417,LG전자 올레드 evo OLED42C3ENA (스탠드),1409290,1409290,1409290,1409290,1409290,1409290,1409290,1409290
57289931,LG전자 올레드 evo OLED42C4ENA (벽걸이),1099130,1099130,1099130,1099130,1099130,1099130,839290,839290
57291809,LG전자 올레드 evo OLED42C4ENA (스탠드),1118400,1118520,1118630,1118710,1118810,1118870,1118960,1119080
41197487,LG전자 올레드 evo OLED42C4KNA (벽걸이),1449420,1449420,1449420,1478990,1478990,1478990,1478990,1478990
41165687,LG전자 올레드 evo OLED42C4KNA (스탠드),1375460,1375460,1375460,1375460,1375460,1375460,1375460,1375460
16544951,LG전자 올레드 evo OLED48C2KNA (벽걸이),2214500,2214500,2214500,2214500,2214490,2214490,2214490,2154050
16544948,LG전자 올레드 evo OLED48C2KNA (스탠드),1106690,1106690,1106690,1106690,1106690,1106690,1106690,1106690
20553590,LG전자 올레드 evo OLED48C3ENA (벽걸이),1469020,1469020,1469020,1498990,1498990,1498990,1498990,1498990
20553575,LG전자 올레드 evo OLED48C3ENA (스탠드),1421000,1421000,1421000,1449990,1449990,1449990,1449990,1449990
59293526,LG전자 올레드 evo OLED48C4ENA (벽걸이),1333620,1333630,1333640,1333650,1333660,1333670,1333680,1333690
59287700,LG전자 올레드 evo OLED48C4ENA (스탠드),1341280,1341400,1341430,1341490,1341590,1341640,1341740,1341860
41202686,LG전자 올레드 evo OLED48C4KNA (벽걸이),1853820,1854050,1854050,1854270,1846322,1846698,1854950,1846961
41191256,LG전자 올레드 evo OLED48C4KNA (스탠드),1854430,1854660,1854660,1854890,1846942,1847168,1855570,1847581
57289859,LG전자 올레드 evo OLED55C4ENA (벽걸이),1999990,1999990,1999990,1999990,1999990,1999990,1999990,1999990
57289841,LG전자 올레드 evo OLED55C4ENA (스탠드),1692000,1692000,1692000,1692000,1692000,1692000,1692000,1800000
41215970,LG전자 올레드 evo OLED55C4SNA (벽걸이),2383550,2383550,2383550,2383550,2383550,2383550,2383550,2383550
41213963,LG전자 올레드 evo OLED55C4SNA (스탠드),2383550,2383550,2383550,2383550,2383550,2383550,2383550,2383550
41002289,LG전자 올레드 evo OLED55G4KNA (벽걸이),3099520,3099530,3099540,3099550,3099560,3047880,3047880,3047970
40986737,LG전자 올레드 evo OLED55G4KNA (스탠드),3040820,3040820,3040820,3040820,3040820,3037910,3037910,3038000
79401851,LG전자 올레드 evo OLED65C4ENA (벽걸이),2429130,2429130,2429130,2429130,2429130,2429130,2429130,2429130
79401803,LG전자 올레드 evo OLED65C4ENA (스탠드),2429130,2429130,2429130,2429130,2429130,2429130,2429130,2429130
100617809,LG전자 올레드 evo OLED65C4ENA + 스탠바이미2 27LX6TPGA (TV+TV),3706520,3706520,3706520,3706520,3706520,3706520,3706520,3706520
53329451,LG전자 올레드 evo OLED65C4FNA (벽걸이),2646000,2646000,2646000,2699990,2699990,2699990,2699990,2699990
73615394,"LG전자 올레드 evo OLED65C4FNA (벽걸이+사운드바, S77S)",3676490,3676490,3676490,3676490,3676490,3682190,3682190,3624170
53327201,LG전자 올레드 evo OLED65C4FNA (스탠드),2164820,2164820,2164820,2208990,2208990,2076460,1555840,1555840
69465254,"LG전자 올레드 evo OLED65C4FNA (스탠드+사운드바, S77S)",3676492,3676492,3676490,3676490,3676490,3682190,3682190,3624170
46309190,LG전자 올레드 evo OLED65C4QNA (벽걸이),4495410,4495410,4495410,4495410,4481520,4481520,4481520,4428760
46309124,LG전자 올레드 evo OLED65C4QNA (스탠드),4495410,4495410,4495410,4495410,4481520,4481520,4481520,4428760
41230571,LG전자 올레드 evo OLED65C4SNA (벽걸이),4056000,4056000,4056000,4056000,4056000,4056000,4086000,4086000
41225915,LG전자 올레드 evo OLED65C4SNA (스탠드),3999990,3999990,3999990,3999990,3999990,3999990,3999990,3999990
41120840,LG전자 올레드 evo OLED65G4KNA (벽걸이),3157910,3157910,3157910,3157910,3157910,3157910,3157910,3157910
41061827,LG전자 올레드 evo OLED65G4KNA (스탠드),3086020,3086020,3086020,3148990,3148990,3148990,3148990,3148990
53322455,LG전자 올레드 evo OLED77C4FNA (벽걸이),3723910,3723910,3723910,3799890,3799890,3799890,3799890,3799890
73562960,"LG전자 올레드 evo OLED77C4FNA (벽걸이+사운드바, S77S)",4700000,4700000,4700000,4700000,4700000,4700000,4700000,4700000
53316953,LG전자 올레드 evo OLED77C4FNA (스탠드),3533900,3533900,3533900,3533900,3533900,3533900,3533900,3533900
69465248,"LG전자 올레드 evo OLED77C4FNA (스탠드+사운드바, S77S)",4801500,4801500,4801500,4801500,4801500,4801500,4801500,4801500
46309232,LG전자 올레드 evo OLED77C4QNA (벽걸이),5232600,5232600,5232600,5232600,5232600,5232600,5232600,5232600
46309217,LG전자 올레드 evo OLED77C4QNA (스탠드),5397840,5397840,5397840,5454790,5454830,5454870,5454960,5455080
41236718,LG전자 올레드 evo OLED77C4SNA (벽걸이),5033590,5033710,5033820,5033920,5034030,5034140,5034250,5034370
41234069,LG전자 올레드 evo OLED77C4SNA (스탠드),5290040,5290040,5290040,5359990,5359990,5359990,5359990,5359990
41116283,LG전자 올레드 evo OLED77G4KNA (벽걸이),4820000,4820000,4820000,4820000,4820000,4689300,4820000,6419990
41083736,LG전자 올레드 evo OLED77G4KNA (스탠드),4820000,4820000,4820000,4820000,4820000,4689300,4820000,6419980
46309493,LG전자 올레드 evo OLED83C4KNA (벽걸이),5199990,5199990,5199990,5199990,5199990,5199990,5199990,5199990
46309481,LG전자 올레드 evo OLED83C4KNA (스탠드),8184000,8184000,8184000,8184000,8184000,8184000,8184000,8184000
46309355,LG전자 올레드 evo OLED83C4QNA (벽걸이),5160360,5160360,5160360,5160360,5160360,5160360,5160360,5160360
46309274,LG전자 올레드 evo OLED83C4QNA (스탠드),5533490,5533490,5533490,5646500,5646500,5646500,5676500,5676500
58732895,LG전자 올레드 evo OLED83C4XNA (벽걸이),7356160,7356160,7356160,7356160,7356160,7356160,7356160,7310830
58638236,LG전자 올레드 evo OLED83C4XNA (스탠드),7356160,7356160,7356160,7356160,7356160,7356160,7356160,7310830
41115395,LG전자 올레드 evo OLED83G4KNA (밀착 벽걸이),11547100,11547100,11547100,11547100,11547100,11577100,11547100,11547100
41114858,LG전자 올레드 evo OLED83G4KNA (벽걸이),11547100,11547100,11547100,11547100,11547100,11577100,11547100,11547100
41089685,LG전자 올레드 evo OLED83G4KNA (스탠드),11547100,11547100,11547100,11547100,11547100,11577100,11547100,11547100
41112074,LG전자 올레드 evo OLED97G4KNA (벽걸이),48661600,48661600,48661600,48661600,48661600,48661600,48661600,48661600
41097329,LG전자 올레드 evo OLED97G4KNA (스탠드),48661600,48661600,48661600,48661600,48661600,48661600,48661600,48661600
101632829,LG전자 울트라HD 43UK752P0NB (벽걸이),514110,514110,514110,490561,509540,509540,502740,502740
101632811,LG전자 울트라HD 43UK752P0NB (스탠드),506570,506690,506800,490561,502450,502450,279990,352570
14242733,LG전자 울트라HD 43UP8300ENA (벽걸이),674500,674500,674500,674500,674500,674500,674500,674500
29679812,LG전자 울트라HD 43UP8300ENA (본체),635000,635000,635000,635000,635000,635000,635000,635000
14231783,LG전자 울트라HD 43UP8300ENA (스탠드),660000,660000,660000,660000,660000,660000,660000,660000
15207623,LG전자 울트라HD 43UP831C0NA (벽걸이),683650,683650,683650,697590,697590,667600,667600,667600
15207494,LG전자 울트라HD 43UP831C0NA (스탠드),645000,645000,645000,645000,645000,645000,645000,645000
17147423,LG전자 울트라HD 43UQ8300ENF (벽걸이),693500,693500,693500,693500,693500,693500,693500,693500
17147321,LG전자 울트라HD 43UQ8300ENF (스탠드),693500,693500,693500,693500,693500,693500,693500,693500
16549958,LG전자 울트라HD 43UQ9300KNA (벽걸이),850990,850990,850990,850990,850990,850990,850990,850990
16549949,LG전자 울트라HD 43UQ9300KNA (스탠드),814410,814410,814410,814410,814410,814410,814410,814410
18178064,LG전자 울트라HD 43UQ931C0NA (벽걸이),720000,720000,720000,720000,720000,720000,720000,720000
18178043,LG전자 울트라HD 43UQ931C0NA (스탠드),655000,655000,655000,655000,655000,655000,655000,655000
22061708,LG전자 울트라HD 43UQ93RC0NA (벽걸이),759700,759700,759700,759700,759700,759700,759700,759700
22060082,LG전자 울트라HD 43UQ93RC0NA (스탠드),744920,744920,744920,744920,743110,743110,743110,743110
17267684,LG전자 울트라HD 43UR340C9ND (벽걸이),547390,547390,547390,547390,547390,547390,547390,547390
17267567,LG전자 울트라HD 43UR340C9ND (스탠드),467710,467710,467710,477240,477240,477240,477240,477240
15320951,LG전자 울트라HD 43UR642S0NC (벽걸이),672530,672530,672530,672530,672530,672530,672530,672530
73616672,"LG전자 울트라HD 43UR642S0NC (벽걸이+사운드바, SP2)",1880000,1880000,1880000,1880000,1880000,1880000,1880000,1880000
15320624,LG전자 울트라HD 43UR642S0NC (스탠드),566210,566210,566210,566210,566210,566210,566210,566210
70250393,"LG전자 울트라HD 43UR642S0NC (스탠드+사운드바, SP2)",1880000,1880000,1880000,1880000,1880000,1880000,1880000,1880000
20660057,LG전자 울트라HD 43UR8300ENA (벽걸이),766170,766170,766170,766170,766170,766170,760000,760000
20660051,LG전자 울트라HD 43UR8300ENA (스탠드),766170,766170,766170,766170,766170,766170,766170,766170
19577129,LG전자 울트라HD 43UR9300KNA (벽걸이),833000,833000,833000,849990,849990,849990,849990,849990
19283045,LG전자 울트라HD 43UR9300KNA (스탠드),833000,833000,833000,849990,849990,849990,849990,849990
29941550,LG전자 울트라HD 43UR931C0NA (벽걸이),726040,726130,726160,732550,732590,732650,732650,732740
66047654,LG전자 울트라HD 43UR931C0NA (본체),746900,746900,746900,746900,746900,746900,746900,746900
29941523,LG전자 울트라HD 43UR931C0NA (스탠드),744800,744800,744800,759990,759990,759990,759990,759990
32074277,LG전자 울트라HD 43UR93RC0NA (벽걸이),1013300,1013300,1013300,1013300,1013300,1013300,1013300,1013300
32074259,LG전자 울트라HD 43UR93RC0NA (스탠드),1013300,1013300,1013300,1013300,1013300,1013300,1013300,1013300
57959261,LG전자 울트라HD 43UT8300ENA (벽걸이),675000,675000,675000,675000,675000,675000,675000,675000
57956021,LG전자 울트라HD 43UT8300ENA (스탠드),575870,575870,575870,575870,575870,575870,575870,575870
57969653,LG전자 울트라HD 43UT8300NNA (벽걸이),720000,720000,720000,720000,720000,720000,720000,720000
57968309,LG전자 울트라HD 43UT8300NNA (스탠드),700000,700000,700000,700000,700000,700000,699990,699990
68579507,LG전자 울트라HD 43UT9300KNA (벽걸이),1013320,1013320,1013320,1033990,1033990,1033990,1033990,1033990
68579492,LG전자 울트라HD 43UT9300KNA (스탠드),1013320,1013320,1013320,1033990,1033990,1033990,1033990,1033990
72310379,LG전자 울트라HD 43UT931C0NA (벽걸이),732150,732270,732300,732360,732450,732510,732610,732730
78533318,LG전자 울트라HD 43UT931C0NA (본체),722170,722170,722170,722170,722170,722170,722170,722170
72304322,LG전자 울트라HD 43UT931C0NA (스탠드),726230,726230,726230,726230,726230,726230,726230,726230
101632877,LG전자 울트라HD 50UK752P0NB (벽걸이),617580,617580,617580,602868,617580,616980,615540,615540
101632859,LG전자 울트라HD 50UK752P0NB (스탠드),602980,602980,602980,602868,609660,609720,609830,607030
13977368,LG전자 울트라HD 50UP8300ENA (벽걸이),843900,843900,843900,843900,843900,843900,843900,843900
13935794,LG전자 울트라HD 50UP8300ENA (스탠드),869990,869990,869990,869990,869990,869990,869990,869990
15220133,LG전자 울트라HD 50UP831C0NA (벽걸이),820000,820000,820000,820000,820000,820000,820000,820000
15220082,LG전자 울트라HD 50UP831C0NA (스탠드),794310,794310,794310,794310,794310,794310,794310,830000
17154284,LG전자 울트라HD 50UQ8300ENF (벽걸이),808500,808500,808500,824990,824990,824990,824990,824990
92046824,LG전자 울트라HD 50UQ8300ENF (본체),780000,780000,780000,780000,780000,780000,780000,780000
17154236,LG전자 울트라HD 50UQ8300ENF (스탠드),812420,812420,812420,828990,828990,828990,828990,828990
16549871,LG전자 울트라HD 50UQ9300KNA (벽걸이),934500,934510,934510,934520,934520,934530,934530,934540
75463784,LG전자 울트라HD 50UQ9300KNA (본체),850000,850000,850000,850000,850000,850000,850000,850000
16549859,LG전자 울트라HD 50UQ9300KNA (스탠드),916300,916300,916300,934510,934520,934520,934530,934530
18262781,LG전자 울트라HD 50UQ931C0NA (벽걸이),877100,877100,877100,894990,894990,894990,894990,894990
18262757,LG전자 울트라HD 50UQ931C0NA (스탠드),913360,913360,913360,931990,931990,902000,902000,902000
18771113,LG전자 울트라HD 50UR342C9NC (벽걸이),636110,636110,636110,636110,636100,599730,599820,599850
18771032,LG전자 울트라HD 50UR342C9NC (스탠드),588990,588990,588990,588990,588990,588990,588990,588990
15321137,LG전자 울트라HD 50UR642S0NC (벽걸이),902500,902500,902500,902500,902500,902500,902500,902500
65430461,"LG전자 울트라HD 50UR642S0NC (벽걸이+사운드바, SP2)",1974000,1974000,1974000,1974000,1974000,1974000,1974000,1974000
15321080,LG전자 울트라HD 50UR642S0NC (스탠드),807500,807500,807500,807500,807500,807500,807500,807500
58915085,"LG전자 울트라HD 50UR642S0NC (스탠드+사운드바, SP2)",1974000,1974000,1974000,1974000,1974000,1974000,1974000,1974000
20123480,LG전자 울트라HD 50UR8250KNA (벽걸이),609990,609990,609990,609990,609990,609990,609990,609990
20123432,LG전자 울트라HD 50UR8250KNA (스탠드),609990,609990,609990,609990,609990,609990,609990,609990
20073470,LG전자 울트라HD 50UR8300ENA (스탠드),825160,825160,825160,825160,825160,825160,825160,825160
19771670,LG전자 울트라HD 50UR9300KNA (벽걸이),970200,970200,970200,989990,989990,989990,989990,989990
19771613,LG전자 울트라HD 50UR9300KNA (스탠드),910000,910000,910000,910000,910000,910000,910000,910000
28533176,LG전자 울트라HD 50UR931C0NA (벽걸이),910910,910910,910910,929490,929490,929490,929490,929490
66052583,LG전자 울트라HD 50UR931C0NA (본체),847210,847210,847210,864500,864500,864500,864500,864500
28533083,LG전자 울트라HD 50UR931C0NA (스탠드),864490,864490,864490,864490,864490,864490,864490,864490
44361620,LG전자 울트라HD 50UT8300ENA (벽걸이),599840,599840,599840,599840,599840,599840,599840,599840
44356367,LG전자 울트라HD 50UT8300ENA (스탠드),599840,599840,599840,599840,599750,599750,599750,599750
54100484,LG전자 울트라HD 50UT8350KNA (벽걸이),599840,599840,599890,599890,599890,599890,599890,599890
54100466,LG전자 울트라HD 50UT8350KNA (스탠드),599840,599840,599890,599890,599890,599890,599890,599890
42510518,LG전자 울트라HD 50UT9300KNA (벽걸이),878990,878990,878990,878990,878990,878990,878990,878990
42503168,LG전자 울트라HD 50UT9300KNA (스탠드),878990,878990,878990,878990,878990,878990,878990,878990
72310376,LG전자 울트라HD 50UT931C0NA (벽걸이),894000,894000,894000,894000,894000,894000,894000,894000
78533120,LG전자 울트라HD 50UT931C0NA (본체),892400,892400,892400,892400,892400,892400,892400,892400
72304226,LG전자 울트라HD 50UT931C0NA (스탠드),894000,894000,894000,894000,894000,894000,894000,894000
75597371,LG전자 울트라HD 50UT93RC0NA (벽걸이),700120,700120,700120,700120,700120,700120,700120,700120
97879415,"LG전자 울트라HD 50UT93RC0NA (벽걸이+사운드바, S20A)",852400,852400,852400,852400,848900,848900,848900,848900
75597368,LG전자 울트라HD 50UT93RC0NA (스탠드),887050,887170,887200,887260,887300,887340,887430,887550
97775105,"LG전자 울트라HD 50UT93RC0NA (스탠드+사운드바, S20A)",852400,852400,852400,852400,848900,848900,848900,848900
6380730,LG전자 울트라HD 55UK681C (스탠드),1271000,1271000,1271000,1271000,1271000,1271000,1271000,1271000
101632904,LG전자 울트라HD 55UK752P0NB (벽걸이),741859,741859,741859,723885,741436,741587,737090,737090
101632901,LG전자 울트라HD 55UK752P0NB (스탠드),741220,741286,741333,723885,741427,741521,552360,552360
11256582,LG전자 울트라HD 55UN7850KNA (스탠드),1090000,1090000,1090000,1090000,1090000,1090000,1090000,1090000
15207875,LG전자 울트라HD 55UP831C0NA (벽걸이),1042000,1042000,1042000,1042000,1042000,1042000,1042000,1042000
15207833,LG전자 울트라HD 55UP831C0NA (스탠드),1390000,1390000,1390000,1390000,1390000,1390000,1390000,1390000
17058338,LG전자 울트라HD 55UQ8300ENF (벽걸이),975100,975100,975100,994990,994990,994990,994990,994990
17058257,LG전자 울트라HD 55UQ8300ENF (스탠드),926100,926100,926100,944990,944990,944990,944990,944990
16549814,LG전자 울트라HD 55UQ9300KNA (벽걸이),856520,856520,856520,856520,856520,856520,856520,957320
65430572,"LG전자 울트라HD 55UQ9300KNA (벽걸이+사운드바, SP2)",4000000,4000000,4000000,4000000,4000000,4000000,4000000,4000000
16549802,LG전자 울트라HD 55UQ9300KNA (스탠드),895000,895000,895000,895000,895000,895000,895000,895000
16958822,"LG전자 울트라HD 55UQ9300KNA (스탠드+사운드바, SP2)",4000000,4000000,4000000,4000000,4000000,4000000,4000000,4000000
18195896,LG전자 울트라HD 55UQ931C0NA (벽걸이),889990,889990,889990,889990,889990,889990,889990,889990
18195869,LG전자 울트라HD 55UQ931C0NA (스탠드),934000,934000,934000,934000,934000,934000,934000,934000
17173415,LG전자 울트라HD 55UR342C9NC (벽걸이),769990,769990,769990,769990,769990,769990,769990,769990
17173379,LG전자 울트라HD 55UR342C9NC (스탠드),769990,769990,769990,769990,769990,769990,769990,769990
65430377,"LG전자 울트라HD 55UR642S0NC (벽걸이+사운드바, SP2)",2068000,2068000,2068000,2068000,2068000,2068000,2068000,2068000
15321170,LG전자 울트라HD 55UR642S0NC (스탠드),757330,757420,757450,757460,757530,757630,757650,757740
59762129,"LG전자 울트라HD 55UR642S0NC (스탠드+사운드바, SP2)",2068000,2068000,2068000,2068000,2068000,2068000,2068000,2068000
20097104,LG전자 울트라HD 55UR8300ENA (벽걸이),840000,840000,840000,840000,840000,840000,840000,840000
20097008,LG전자 울트라HD 55UR8300ENA (스탠드),835000,835000,835000,835000,835000,835000,835000,835000
72303362,LG전자 울트라HD 55UR831C0NA (벽걸이),902100,902100,902100,902100,902100,902100,902100,902100
72009065,LG전자 울트라HD 55UR831C0NA (스탠드),870000,870000,870000,870000,870000,870000,870000,870000
19577138,LG전자 울트라HD 55UR9300KNA (벽걸이),888000,888000,888000,888000,888000,888000,888000,888000
65355857,"LG전자 울트라HD 55UR9300KNA (벽걸이+사운드바, SP2)",1151840,1151840,1151840,1151840,1151840,1151840,1151840,1151840
19283024,LG전자 울트라HD 55UR9300KNA (스탠드),830680,830680,830680,830680,830680,830680,830680,830680
19719416,"LG전자 울트라HD 55UR9300KNA (스탠드+사운드바, SP2)",1151840,1151840,1151840,1151840,1143640,1143640,1143640,1143640
29941637,LG전자 울트라HD 55UR931C0NA (벽걸이),885000,885000,885000,885000,885000,885000,885000,885000
29941616,LG전자 울트라HD 55UR931C0NA (스탠드),885000,885000,885000,885000,885000,885000,885000,885000
31958708,LG전자 울트라HD 55UR93RC0NA (벽걸이),969210,969210,969220,988520,988520,988530,988530,988540
31958672,LG전자 울트라HD 55UR93RC0NA (스탠드),969220,969220,969220,988990,988990,988990,988990,988990
58932665,LG전자 울트라HD 55UT8300ENA (벽걸이),999000,999000,999000,999000,999000,999000,999000,999000
58932647,LG전자 울트라HD 55UT8300ENA (스탠드),999450,999570,999600,995940,995940,995940,995940,995940
42522701,LG전자 울트라HD 55UT9300KNA (벽걸이),950600,950600,950600,969990,969990,969990,969950,969990
93380336,"LG전자 울트라HD 55UT9300KNA (벽걸이+사운드바, S20A)",1904550,1904550,1904550,1904550,1904550,1904550,1904550,1904550
65366831,"LG전자 울트라HD 55UT9300KNA (벽걸이+사운드바, SP2)",1139990,1139990,1139990,1139990,1139990,1139990,1139990,1139990
42516968,LG전자 울트라HD 55UT9300KNA (스탠드),950310,950430,950540,969750,969850,969940,969950,969990
90437381,"LG전자 울트라HD 55UT9300KNA (스탠드+사운드바, S20A)",1046230,1046230,1046230,1046230,1039690,1039690,1039690,1039690
43489133,"LG전자 울트라HD 55UT9300KNA (스탠드+사운드바, SP2)",1139990,1139990,1139990,1139990,1139990,1139990,1139990,1139990
72310322,LG전자 울트라HD 55UT931C0NA (벽걸이),932800,932920,933030,933110,933150,933190,933280,933400
72304454,LG전자 울트라HD 55UT931C0NA (스탠드),960850,960970,961080,961120,961190,961260,961350,961470
75597353,LG전자 울트라HD 55UT93RC0NA (벽걸이),1421740,1421860,1421890,1421950,1421990,1422050,1422140,1422260
75597347,LG전자 울트라HD 55UT93RC0NA (스탠드),841260,841260,841260,841260,841260,841260,841260,841260
101632730,LG전자 울트라HD 65UK752P0NB (벽걸이),877430,877430,877430,877430,877430,877430,877430,877430
101623964,LG전자 울트라HD 65UK752P0NB (스탠드),877830,877830,877830,877830,877830,877830,877830,877830
15282617,LG전자 울트라HD 65UP831C0NA (벽걸이),1790000,1790000,1790000,1790000,1790000,1790000,1790000,1790000
15282518,LG전자 울트라HD 65UP831C0NA (스탠드),1388090,1388090,1388090,1388090,1388090,1388090,1388090,1388090
16549709,LG전자 울트라HD 65UQ9300KNA (벽걸이),1215200,1215200,1215200,1239990,1239990,1239990,1239990,1239990
65306759,LG전자 울트라HD 65UQ9300KNA (본체),1290000,1290000,1290000,1290000,1290000,1290000,1290000,1290000
16549697,LG전자 울트라HD 65UQ9300KNA (스탠드),1089000,1089000,1089000,1089000,1089000,1089000,1089000,1089000
18178196,LG전자 울트라HD 65UQ931C0NA (벽걸이),1199990,1199990,1199990,1199990,1199990,1167530,1167530,1199990
68533559,LG전자 울트라HD 65UQ931C0NA (본체),1081410,1081410,1081410,1081410,1081410,1081410,1081410,1081410
18178169,LG전자 울트라HD 65UQ931C0NA (스탠드),1199990,1199990,1199990,1199990,1199990,1199990,1199990,1199990
17493086,LG전자 울트라HD 65UR342C9NC (벽걸이),882560,882560,882560,882560,882560,882560,882560,882560
17493065,LG전자 울트라HD 65UR342C9NC (스탠드),882560,882560,882560,882560,882560,882560,882560,882560
15366800,LG전자 울트라HD 65UR642S0NC (벽걸이),841350,841350,841350,841350,841350,841350,841350,841350
15366758,LG전자 울트라HD 65UR642S0NC (스탠드),837480,837510,837590,837690,837800,837830,837920,837950
20627687,LG전자 울트라HD 65UR8300ENA (벽걸이),1050000,1050000,1050000,1050000,1050000,1050000,1050000,1050000
90958202,LG전자 울트라HD 65UR8300ENA (본체),1050000,1050000,1050000,1050000,1050000,1050000,1050000,1050000
20627606,LG전자 울트라HD 65UR8300ENA (스탠드),1050000,1050000,1050000,1050000,1050000,1050000,1050000,1050000
20628287,LG전자 울트라HD 65UR8300NNA (벽걸이),1024990,1024990,1024990,1024990,1024990,1024990,1024990,1024990
20628197,LG전자 울트라HD 65UR8300NNA (스탠드),1024990,1024990,1024990,1024990,1024990,1024990,1024990,1024990
69661490,LG전자 울트라HD 65UR831C0NA (벽걸이),994330,994330,994330,994330,994330,1040000,994330,1040000
69661466,LG전자 울트라HD 65UR831C0NA (스탠드),1040000,1040000,1040000,1040000,1040000,1040000,1040000,1040000
19516757,LG전자 울트라HD 65UR9300KNA (벽걸이),1104990,1104990,1104990,1104990,1104990,1104990,1104990,1104990
65366513,"LG전자 울트라HD 65UR9300KNA (벽걸이+사운드바, SP2)",1377500,1377500,1377500,1377500,1377500,1377500,1377500,1377500
19282997,LG전자 울트라HD 65UR9300KNA (스탠드),1104990,1104990,1104990,1104990,1104990,1104990,1104990,1104990
19719308,"LG전자 울트라HD 65UR9300KNA (스탠드+사운드바, SP2)",2119560,2119560,2119560,2119560,2107870,2107870,2107870,2107870
29941679,LG전자 울트라HD 65UR931C0NA (벽걸이),1070000,1070000,1070000,1070000,1070000,1070000,1023990,1148380
29941673,LG전자 울트라HD 65UR931C0NA (스탠드),1069990,1069990,1069990,1069990,1069990,1069990,1069990,1069990
31958768,LG전자 울트라HD 65UR93RC0NA (벽걸이),1424100,1424100,1424100,1424100,1424100,1424100,1424100,1424100
31958759,LG전자 울트라HD 65UR93RC0NA (스탠드),1424100,1424100,1424100,1424100,1424100,1424100,1424100,1424100
58837661,LG전자 울트라HD 65UT8300ENA (벽걸이),1049190,1049190,1049190,1070590,1070590,1070590,1040600,1040600
58837595,LG전자 울트라HD 65UT8300ENA (스탠드),1049190,1049190,1049190,1070590,1070590,1070590,1040600,1040600
96983087,LG전자 울트라HD 65UT8300GNA (벽걸이),1703390,1703510,1703620,1703700,1703740,1703780,1703780,1703880
96983066,LG전자 울트라HD 65UT8300GNA (스탠드),1703870,1703990,1704020,1704080,1704180,1704250,1704260,1704360
58114922,LG전자 울트라HD 65UT8300NNA (벽걸이),1151330,1151330,1151330,1151330,1151330,1151330,1151330,1151330
58114904,LG전자 울트라HD 65UT8300NNA (스탠드),1151330,1151330,1151330,1151330,1151330,1151330,1151330,1151330
42538751,LG전자 울트라HD 65UT9300KNA (벽걸이),1127000,1127000,1127000,1146430,1146430,1146430,1120000,1120000
94568174,"LG전자 울트라HD 65UT9300KNA (벽걸이+사운드바, S20A)",1460000,1460000,1460000,1460000,1460000,1460000,1460000,1460000
65356505,"LG전자 울트라HD 65UT9300KNA (벽걸이+사운드바, SP2)",1314250,1314250,1314250,1314250,1314250,1314250,1314250,1314250
42533021,LG전자 울트라HD 65UT9300KNA (스탠드),1127000,1127000,1127000,1146310,1146400,1120000,1120000,1120000
90437396,"LG전자 울트라HD 65UT9300KNA (스탠드+사운드바, S20A)",1460000,1460000,1460000,1460000,1460000,1460000,1460000,1460000
43489106,"LG전자 울트라HD 65UT9300KNA (스탠드+사운드바, SP2)",1479750,1479750,1479750,1466410,1466410,1466410,1466410,1466410
72421277,LG전자 울트라HD 65UT931C0NA (벽걸이),1082980,1082980,1082980,1082980,1082980,1082980,1082980,1082980
72304490,LG전자 울트라HD 65UT931C0NA (스탠드),1074520,1074520,1074520,1074520,1074520,1074520,1074520,1074520
75597341,LG전자 울트라HD 65UT93RC0NA (벽걸이),1089000,1089000,1089000,1089000,1089000,1089000,1089000,1089000
75597338,LG전자 울트라HD 65UT93RC0NA (스탠드),990970,990970,990970,990970,990970,990970,990970,990970
20769902,LG전자 울트라HD 70UR8300ENA (벽걸이),1314800,1314800,1314800,1314800,1314800,1314800,1314800,1314800
20769755,LG전자 울트라HD 70UR8300ENA (스탠드),1314800,1314800,1314800,1314800,1314800,1314800,1314800,1314800
58114988,LG전자 울트라HD 70UT8300ENA (벽걸이),10000000,10000000,10000000,10000000,10000000,10000000,10000000,10000000
58114937,LG전자 울트라HD 70UT8300ENA (스탠드),10000000,10000000,1690300,1690300,1690300,1690300,1690290,1690300
101632712,LG전자 울트라HD 75UK752P0NB (벽걸이),1151400,1151430,1151480,1121285,1143290,1145450,1136210,1136210
101632673,LG전자 울트라HD 75UK752P0NB (스탠드),1151380,1151480,1151480,1121285,1143290,1145450,1136210,1136210
17059949,LG전자 울트라HD 75UQ8300ENA (벽걸이),1450790,1450790,1450790,1450790,1450790,1450790,1450790,1450790
17059928,LG전자 울트라HD 75UQ8300ENA (스탠드),1450790,1450790,1450790,1450790,1450790,1450790,1450790,1450790
17101829,LG전자 울트라HD 75UR342C9NC (벽걸이),1059260,1059260,1059260,1059260,1059260,1059260,1059260,1059260
17101799,LG전자 울트라HD 75UR342C9NC (스탠드),1059260,1059260,1059260,1059260,1059260,1059260,1059260,1059260
15367031,LG전자 울트라HD 75UR642S0NC (벽걸이),1119990,1119990,1119990,1119990,1119990,1119990,1119990,1119990
98918840,"LG전자 울트라HD 75UR642S0NC (벽걸이+사운드바, S20A)",1364400,1364400,1364400,1364400,1364400,1394400,1364400,1364400
73615865,"LG전자 울트라HD 75UR642S0NC (벽걸이+사운드바, SP2)",2538000,2538000,2538000,2538000,2538000,2538000,2538000,2538000
15367007,LG전자 울트라HD 75UR642S0NC (스탠드),1119990,1119990,1119990,1119990,1119990,1119990,1119990,1119990
98918831,"LG전자 울트라HD 75UR642S0NC (스탠드+사운드바, S20A)",1364400,1364400,1364400,1364400,1364400,1394400,1364400,1364400
70250402,"LG전자 울트라HD 75UR642S0NC (스탠드+사운드바, SP2)",2538000,2538000,2538000,2538000,2538000,2538000,2538000,2538000
20627747,LG전자 울트라HD 75UR8300NNA (벽걸이),1369430,1369460,1369540,1369580,1369650,1369680,1369770,1369800
20627756,LG전자 울트라HD 75UR8300NNA (스탠드),1369420,1369510,1369540,1369600,1369640,1369700,1369790,1369820
58828577,"LG전자 울트라HD 75UR8300NNA (스탠드+사운드바, SP2)",1575710,1575710,1575710,1575710,1575710,1575710,1575710,1575710
59760404,"LG전자 울트라HD 75UR8300NNA (스탠드+사운드바, SQC1)",1625840,1625840,1625840,1625840,1625840,1625840,1625840,1625840
72755555,LG전자 울트라HD 75UR831C0NA (스탠드),1610250,1694990,1694990,1694990,1694990,1694990,1694990,1694990
29941445,LG전자 울트라HD 75UR931C0NA (벽걸이),1587170,1587170,1587170,1620240,1570640,1570640,1570640,1570640
29941313,LG전자 울트라HD 75UR931C0NA (스탠드),1628800,1628800,1628800,1628800,1628800,1628800,1628800,1628800
58024955,LG전자 울트라HD 75UT8300ENA (벽걸이),1313200,1313200,1313200,1313200,1313200,1313200,1313200,1313200
72223967,"LG전자 울트라HD 75UT8300ENA (벽걸이+사운드바, S40T)",1400040,1400040,1400040,1400040,1400040,1400040,1400040,1400040
91114409,"LG전자 울트라HD 75UT8300ENA (벽걸이+사운드바, S60TR)",1490750,1490750,1490750,1490750,1490750,1490750,1490750,1490750
73616330,"LG전자 울트라HD 75UT8300ENA (벽걸이+사운드바, S70TR)",1742790,1742790,1742790,1742790,1742790,1742790,1742790,1742790
73886096,"LG전자 울트라HD 75UT8300ENA (벽걸이+사운드바, S95QR)",1823400,1823400,1823400,1823400,1823400,1823400,1823400,1823400
58024694,LG전자 울트라HD 75UT8300ENA (스탠드),1313200,1313200,1313200,1313200,1313200,1313200,1313200,1313200
72223385,"LG전자 울트라HD 75UT8300ENA (스탠드+사운드바, S40T)",1400040,1400040,1400040,1400040,1400040,1400040,1400040,1400040
91114397,"LG전자 울트라HD 75UT8300ENA (스탠드+사운드바, S60TR)",1490750,1490750,1490750,1490750,1490750,1490750,1490750,1490750
72223388,"LG전자 울트라HD 75UT8300ENA (스탠드+사운드바, S70TR)",1742790,1742790,1742790,1742790,1742790,1742790,1742790,1742790
72223403,"LG전자 울트라HD 75UT8300ENA (스탠드+사운드바, S95QR)",1823400,1823400,1823400,1823400,1823400,1823400,1823400,1823400
58024808,LG전자 울트라HD 75UT8300NNA (벽걸이),1350000,1350000,1350000,1350000,1350000,1350000,1350000,1350000
72223988,"LG전자 울트라HD 75UT8300NNA (벽걸이+사운드바, S40T)",1411160,1411160,1411160,1411160,1411160,1411160,1411160,1411160
91114064,"LG전자 울트라HD 75UT8300NNA (벽걸이+사운드바, S60TR)",1490750,1490750,1490750,1490750,1490750,1490750,1490750,1490750
73562696,"LG전자 울트라HD 75UT8300NNA (벽걸이+사운드바, S70TR)",1772950,1772950,1772950,1772950,1772950,1772950,1772950,1772950
73886072,"LG전자 울트라HD 75UT8300NNA (벽걸이+사운드바, S95QR)",1904030,1904030,1904030,1904030,1904030,1904030,1904030,1904030
58024751,LG전자 울트라HD 75UT8300NNA (스탠드),1350000,1350000,1350000,1350000,1350000,1350000,1023020,1023020
72223376,"LG전자 울트라HD 75UT8300NNA (스탠드+사운드바, S40T)",1411160,1411160,1411160,1411160,1411160,1411160,1411160,1411160
91114001,"LG전자 울트라HD 75UT8300NNA (스탠드+사운드바, S60TR)",1490750,1490750,1490750,1490750,1490750,1490750,1490750,1490750
72223391,"LG전자 울트라HD 75UT8300NNA (스탠드+사운드바, S70TR)",1742790,1742790,1742790,1742790,1742790,1742790,1742790,1742790
72223400,"LG전자 울트라HD 75UT8300NNA (스탠드+사운드바, S95QR)",1904030,1904030,1904030,1904030,1904030,1904030,1904030,1904030
57308276,LG전자 울트라HD 75UT9300BNA (벽걸이),1401780,1401900,1401930,1401990,1402030,1402080,1402180,1402300
57308234,LG전자 울트라HD 75UT9300BNA (스탠드),1389160,1389280,1389390,1389490,1389530,1389610,1389720,1389750
42551219,LG전자 울트라HD 75UT9300KNA (벽걸이),1455300,1455300,1455300,1484990,1484990,1484990,1484990,1484990
94568129,"LG전자 울트라HD 75UT9300KNA (벽걸이+사운드바, S20A)",1850000,1850000,1850000,1850000,1850000,1850000,1850000,1850000
65366786,"LG전자 울트라HD 75UT9300KNA (벽걸이+사운드바, SP2)",1836550,1836670,1836700,1817770,1817770,1817770,1817770,1817770
42547046,LG전자 울트라HD 75UT9300KNA (스탠드),1429450,1429570,1429680,1429780,1429890,1395900,1079060,1079060
94568120,"LG전자 울트라HD 75UT9300KNA (스탠드+사운드바, S20A)",1850000,1850000,1850000,1850000,1850000,1850000,1850000,1850000
43489124,"LG전자 울트라HD 75UT9300KNA (스탠드+사운드바, SP2)",1836550,1836670,1836700,1817770,1817770,1817770,1817770,1817770
72310328,LG전자 울트라HD 75UT931C0NA (벽걸이),1510870,1510990,1511100,1511200,1511310,1511420,1511530,1511650
97701944,LG전자 울트라HD 75UT931C0NA (벽걸이+사운드바),1625720,1625720,1625720,1625720,1625720,1625720,1625720,1625720
72304514,LG전자 울트라HD 75UT931C0NA (스탠드),1487990,1487990,1487990,1487990,1487990,1504000,1139060,1139060
97701950,LG전자 울트라HD 75UT931C0NA (스탠드+사운드바),1625720,1625720,1625720,1625720,1625720,1625720,1625720,1625720
75597335,LG전자 울트라HD 75UT93RC0NA (벽걸이),1624530,1617657,1624710,1624900,1617939,1618127,1625490,1579880
75597248,LG전자 울트라HD 75UT93RC0NA (스탠드),1624530,1624710,1624710,1624900,1617939,1618127,1625490,1579880
107988794,LG전자 울트라HD 86UK752P0NC (벽걸이),1609220,1609220,1609220,1579317,1609220,1609220,1609220,1609220
107988788,LG전자 울트라HD 86UK752P0NC (스탠드),1609220,1609220,1609220,1579317,1609220,1609220,1609220,1609220
29956847,LG전자 울트라HD 86UR931C0NA (벽걸이),2349990,2349990,2349990,2349990,2349990,2349990,2349990,2349990
29941025,LG전자 울트라HD 86UR931C0NA (스탠드),2534580,2534610,2534690,2534730,2534800,2534910,2534930,2535030
57947156,LG전자 울트라HD 86UT8300ENA (벽걸이),1859770,1859770,1859770,1859770,1859770,1859770,1859770,1859770
73562822,"LG전자 울트라HD 86UT8300ENA (벽걸이+사운드바, S40T)",1904030,1904030,1904030,1904030,1904030,1904030,1904030,1904030
91114175,"LG전자 울트라HD 86UT8300ENA (벽걸이+사운드바, S60TR)",1994730,1994730,1994730,1994730,1994730,1994730,1994730,1994730
73562831,"LG전자 울트라HD 86UT8300ENA (벽걸이+사운드바, S70TR)",2359550,2359550,2359550,2359550,2359550,2359560,2359560,2317010
73885844,"LG전자 울트라HD 86UT8300ENA (벽걸이+사운드바, S95QR)",2438280,2438280,2438280,2438280,2438280,2438280,2438280,2438280
95203235,"LG전자 울트라HD 86UT8300ENA (벽걸이+사운드바, S95TR)",2498710,2498710,2498710,2498710,2498710,2498710,2498710,2498710
57941654,LG전자 울트라HD 86UT8300ENA (스탠드),1906490,1906490,1906490,1906490,1906490,1906490,1906490,1906490
72223805,"LG전자 울트라HD 86UT8300ENA (스탠드+사운드바, S40T)",1904030,1904030,1904030,1904030,1904030,1904030,1904030,1904030
91114163,"LG전자 울트라HD 86UT8300ENA (스탠드+사운드바, S60TR)",1994730,1994730,1994730,1994730,1994730,1994730,1994730,1994730
72223808,"LG전자 울트라HD 86UT8300ENA (스탠드+사운드바, S70TR)",2246770,2246770,2246770,2246770,2246770,2246770,2246770,2246770
72223811,"LG전자 울트라HD 86UT8300ENA (스탠드+사운드바, S95QR)",2438280,2438280,2438280,2438280,2438280,2438280,2438280,2438280
95203223,"LG전자 울트라HD 86UT8300ENA (스탠드+사운드바, S95TR)",2498710,2498710,2498710,2498710,2498710,2498710,2498710,2498710
41262524,LG전자 울트라HD 86UT9300KNA (벽걸이),2014990,2014990,2014990,2014990,2014990,2014990,2010180,2014990
93629228,"LG전자 울트라HD 86UT9300KNA (벽걸이+사운드바, S20A)",2639990,2639990,2639990,2639990,2639990,2639990,2639990,2639990
65356232,"LG전자 울트라HD 86UT9300KNA (벽걸이+사운드바, SP2)",2648400,2648400,2648400,2648400,2648400,2648400,2648400,2648400
41262251,LG전자 울트라HD 86UT9300KNA (스탠드),2009770,2009890,2010000,2010080,2010120,2010180,2010180,2014990
90437420,"LG전자 울트라HD 86UT9300KNA (스탠드+사운드바, S20A)",2639990,2639990,2639990,2639990,2639990,2639990,2639990,2639990
43489067,"LG전자 울트라HD 86UT9300KNA (스탠드+사운드바, SP2)",2648400,2648400,2648400,2648400,2648400,2648400,2648400,2648400
72310361,LG전자 울트라HD 86UT931C0NA (벽걸이),2329990,2329990,2329990,2329990,2329990,2329990,2329990,2329990
72304541,LG전자 울트라HD 86UT931C0NA (스탠드),2103670,2103670,2103670,2145890,2145960,2146050,2146160,2146280
75597227,LG전자 울트라HD 86UT93RC0NA (벽걸이),2307960,2308080,2308190,2308290,2308400,2308500,2251760,2251840
81061394,"LG전자 울트라HD 86UT93RC0NA (벽걸이+사운드바, SQC1)",3046130,3043288,3046490,3046850,3033824,3034425,3047940,3034848
75597221,LG전자 울트라HD 86UT93RC0NA (스탠드),2308100,2308220,2308330,2308410,2308450,2312290,2251760,2251840
93802940,"LG전자 울트라HD 86UT93RC0NA (스탠드+사운드바, S20A)",2388000,2388000,2388140,2388280,2388429,2388899,2399540,2389228
77962667,"LG전자 울트라HD 86UT93RC0NA (스탠드+사운드바, SQC1)",3046130,3043288,3046490,3046850,3033824,3034181,3047940,3034848
68686163,LG전자 울트라HD 98UT9300KNA (벽걸이),3781680,3781680,3781680,3781680,3781680,3781680,3781680,3781680
68686160,LG전자 울트라HD 98UT9300KNA (스탠드),3781680,3781680,3781680,3781680,3781680,3781680,3781680,3781680
92371694,LG전자 울트라HD AI 43UA7500ENA (벽걸이),593640,593640,593640,593640,593640,593640,593640,593640
92368556,LG전자 울트라HD AI 43UA7500ENA (스탠드),581220,581220,581220,581220,581240,581230,457600,457600
90433166,LG전자 울트라HD AI 43UA7500GNA (벽걸이),1235000,1235000,1235000,1235000,1235000,1235000,1235000,1235000
90433154,LG전자 울트라HD AI 43UA7500GNA (스탠드),1235000,1235000,1235000,1235000,1235000,1235000,1235000,1235000
96423065,LG전자 울트라HD AI 43UA751C0NA (벽걸이),635940,636060,636170,636250,636290,636330,636420,636450
96423056,LG전자 울트라HD AI 43UA751C0NA (스탠드),635340,635460,635490,635550,635650,635700,635800,635920
92368502,LG전자 울트라HD AI 50UA7500ENA (벽걸이),676340,676340,676340,676340,676340,676340,676340,676340
92368454,LG전자 울트라HD AI 50UA7500ENA (스탠드),667590,667590,667590,676680,676680,633530,489060,372480
90433133,LG전자 울트라HD AI 50UA7500GNA (벽걸이),1425000,1425000,1425000,1425000,1425000,1425000,1425000,1425000
90433103,LG전자 울트라HD AI 50UA7500GNA (스탠드),1425000,1425000,1425000,1425000,1425000,1425000,1425000,1425000
89601716,LG전자 울트라HD AI 50UA7500KNA (벽걸이),630880,631180,631270,631330,631440,631500,631600,631740
89601677,LG전자 울트라HD AI 50UA7500KNA (스탠드),630880,631190,631330,631390,631450,631510,631600,631740
96369095,LG전자 울트라HD AI 50UA751C0NA (벽걸이),785400,785400,785400,785400,785400,785400,751630,785400
96369065,LG전자 울트라HD AI 50UA751C0NA (스탠드),755670,755790,755820,755880,755980,756050,756150,756270
92368436,LG전자 울트라HD AI 55UA7500ENA (벽걸이),829540,829660,829770,829850,829890,829950,830040,830160
92368370,LG전자 울트라HD AI 55UA7500ENA (스탠드),829540,829660,829770,829810,829880,829950,830040,830160
89601791,LG전자 울트라HD AI 55UA7500KNA (벽걸이),1042670,1042670,1042670,1042670,1042670,1042670,1042670,1042670
89601758,LG전자 울트라HD AI 55UA7500KNA (스탠드),1042670,1042670,1042670,1042670,1042670,1042670,1042670,1042670
96423125,LG전자 울트라HD AI 55UA751C0NA (벽걸이),864480,864600,864710,864790,864830,864870,864870,864970
96423122,LG전자 울트라HD AI 55UA751C0NA (스탠드),859990,859990,859990,859990,859990,859990,859990,859990
92377430,LG전자 울트라HD AI 65UA7500ENA (벽걸이),924980,924000,924000,924000,924000,923990,923990,923990
92376488,LG전자 울트라HD AI 65UA7500ENA (스탠드),914640,914640,914640,914640,921000,921000,710000,710000
90433280,LG전자 울트라HD AI 65UA7500GNA (벽걸이),1340530,1340530,1340530,1340530,1340530,1340530,1340530,1340530
90433244,LG전자 울트라HD AI 65UA7500GNA (스탠드),1340530,1340530,1340530,1340530,1340530,1340530,1340530,1340530
99292820,LG전자 울트라HD AI 65UA751C0NA (벽걸이),999990,999990,999990,999990,999990,999990,999980,999980
99292817,LG전자 울트라HD AI 65UA751C0NA (스탠드),1062740,296000,296000,1058730,1058820,1058930,1059060,1059180
74123714,LNP KLM3214GK (벽걸이),278000,278000,278000,278000,278000,278000,278000,278000
74123693,LNP KLM3214GK (스탠드),245100,245100,245100,245100,245100,245100,245100,245100
27857513,LNP LM4314 (벽걸이),380000,380000,380000,380000,380000,380000,380000,380000
27857459,LNP LM4314 (스탠드),380000,380000,380000,380000,380000,380000,380000,380000
99886742,MK24CX2 (본체),260260,260260,260260,260260,260260,260260,260260,260260
99886808,MK27CX2 (본체),295800,295800,295800,295800,295800,295800,295800,295800
69698789,Q3202HD (스탠드),131670,131670,131670,131670,131670,131670,131670,131670
60308444,Q4302FH (스탠드),303050,303050,303050,303050,303050,303050,303050,303050
61419143,Q4302UH (벽걸이),420000,420000,420000,420000,420000,420000,420000,420000
60245648,Q4302UH (스탠드),215000,215000,215000,215000,215000,215000,215000,215000
60245594,Q5002UH (스탠드),348990,348990,348990,348990,348990,348990,348990,348990
60245546,Q5502UH (스탠드),459610,459610,459610,459610,459610,459610,459610,459610
60245516,Q6502UH (스탠드),571900,571900,571900,571900,571900,571900,571900,571900
61419608,Q7502UH (벽걸이),902500,902500,902500,902500,902500,902500,902500,902500
60308264,Q7502UH (스탠드),642190,642310,642340,642420,642530,642640,642750,642870
60321479,Q8602UH (스탠드),1319990,1319990,1319990,1319990,1319990,1319990,1319990,1319990
79114226,SMG32H (스탠드),109000,109000,109000,109000,109000,109000,109000,109000
95845223,SMG40F (스탠드),208000,208000,208000,208000,208000,208000,208000,208000
89612885,TCL 115C7K (거치대),10999000,10999000,10999000,10999000,10999000,10999000,10999000,10999000
89612831,TCL 115C7K (스탠드),10999000,10999000,10999000,10999000,10999000,10999000,10999000,10999000
122660478,TCL 115RM9L (스탠드),29999000,29999000,29999000,29999000,29999000,29999000,29999000,29999000
48478706,TCL 115X955 MAX (스탠드),19790000,19790000,19790000,19790000,19790000,19790000,19790000,19790000
122714980,TCL 32A400 Pro 이동형 패키지,489000,489000,489000,489000,489000,489000,489000,489000
122714921,TCL 43A400 Pro (스탠드),569000,569000,569000,569000,569000,569000,569000,569000
122714950,TCL 43A400 Pro 이동형 패키지,769000,769000,769000,769000,769000,769000,769000,769000
16010606,TCL 43S65A (스탠드),700000,700000,700000,700000,700000,700000,700000,700000
93015422,TCL 50P7K (스탠드),439990,439990,439990,439990,439990,439990,439990,439990
122667088,TCL 50P7L (벽걸이),626540,626540,626540,626540,626540,626540,626540,626540
122667067,TCL 50P7L (스탠드),626540,626540,626540,626540,626540,626540,626540,626540
122713012,TCL 50P7L 이동형 패키지,749000,749000,749000,749000,749000,749000,749000,749000
77278520,TCL 55 QD-Mini LED 4K TV Q9B (스탠드),868800,868800,868800,868800,868800,868800,868800,868800
69658736,"TCL 55A300 PRO (벽걸이+사운드바, 뱅앤올룹슨)",1199000,1199000,1199000,1199000,1199000,1199000,1199000,1199000
69698147,"TCL 55A300 PRO (스탠드+사운드바, 뱅앤올룹슨)",1299000,1299000,1299000,1299000,1299000,1299000,1299000,1299000
77858762,TCL 55A300W (벽걸이),959000,959000,959000,959000,959000,959000,959000,959000
77858717,TCL 55A300W (스탠드),1059000,1059000,1059000,1059000,1059000,1059000,1059000,1059000
94880663,TCL 55C6K (벽걸이),849000,849000,849000,849000,849000,849000,849000,849000
94880660,TCL 55C6K (스탠드),849000,849000,849000,849000,849000,849000,849000,849000
92545583,TCL 55C7K (벽걸이),999000,999000,999000,999000,999000,999000,999000,999000
92545574,TCL 55C7K (스탠드),999000,999000,999000,999000,999000,999000,999000,999000
122655589,TCL 55C7L (벽걸이),1549000,1549000,1549000,,,,,
122655574,TCL 55C7L (스탠드),1499000,1499000,1499000,1499000,1499000,1499000,1499000,1499000
122713191,TCL 55C7L 이동형 패키지,1599000,1599000,1599000,1599000,1599000,1599000,1599000,1599000
122666761,TCL 55P7L (벽걸이),767020,767020,767020,767020,767020,767020,767020,767020
122666627,TCL 55P7L (스탠드),709440,709440,709440,709440,709440,709440,709440,709440
122712978,TCL 55P7L 이동형 패키지,899000,899000,899000,899000,899000,899000,899000,899000
77858867,TCL 65A300W (벽걸이),1219000,1219000,1219000,1219000,1219000,1219000,1219000,1219000
77858855,TCL 65A300W (스탠드),1319000,1319000,1319000,1319000,1319000,1319000,1319000,1319000
122711740,TCL 65A400 (스탠드),1099000,1099000,1099000,1099000,1099000,1099000,1099000,1099000
122711779,TCL 65A400 이동형 패키지,1199000,1199000,1199000,1199000,1199000,1199000,1199000,1199000
96258218,TCL 65C6K (벽걸이),1005560,1005560,1005560,1005560,1005560,1005560,1005560,1005560
96258203,TCL 65C6K (스탠드),968800,968800,968800,968800,968800,968800,968800,968800
122655544,TCL 65C7L (벽걸이),1959000,1959000,1959000,,,,,
122655488,TCL 65C7L (스탠드),1899000,1899000,1899000,1899000,1899000,1899000,1899000,1899000
122713263,TCL 65C7L 이동형 패키지,1999000,1999000,1999000,1999000,1999000,1999000,1999000,1999000
122654724,TCL 65C8L (스탠드),2199000,2199000,2199000,2199000,2199000,2199000,2199000,2199000
122713220,TCL 65C8L 이동형 패키지,2299000,2299000,2299000,2299000,2299000,2299000,2299000,2299000
96257741,TCL 65P7K (스탠드),788800,788800,788800,788800,788800,735700,735700,735700
122666830,TCL 65P7L (벽걸이),922630,922630,922630,922630,922630,922630,922630,922630
122666782,TCL 65P7L (스탠드),922630,922630,922630,922630,922630,922630,922630,922630
122713037,TCL 65P7L 이동형 패키지,1099000,1099000,1099000,1099000,1099000,1099000,1099000,1099000
78981977,TCL 65Q6C (스탠드),1029000,1029000,1029000,1029000,1029000,1029000,1029000,1029000
75470879,TCL 75 QD-Mini LED 4K TV Q9B (스탠드),1549900,1549900,1549900,1549900,1549900,1549900,1549900,1549900
77858930,TCL 75A300W (벽걸이),1719000,1719000,1719000,1719000,1719000,1719000,1719000,1719000
77858912,TCL 75A300W (스탠드),1819000,1819000,1819000,1819000,1819000,1819000,1819000,1819000
122711675,TCL 75A400 (스탠드),1599000,1599000,1599000,1599000,1599000,1599000,1599000,1599000
122711731,TCL 75A400 이동형 패키지,1719000,1719000,1719000,1719000,1719000,1719000,1719000,1719000
94937297,TCL 75C6K (벽걸이),1371830,1371830,1371830,1371840,1371840,1371840,1371840,1371840
94933034,TCL 75C6K (스탠드),1429000,1429000,1429000,1429000,1429000,1429000,1429000,1429000
92545664,TCL 75C7K (벽걸이),1999000,1999000,1999000,1999000,1999000,1999000,1999000,1999000
92545661,TCL 75C7K (스탠드),1999000,1999000,1999000,1999000,1999000,1999000,1999000,1999000
122654894,TCL 75C7L (벽걸이),2600000,2600000,2600000,,,,,
122654799,TCL 75C7L (스탠드),2495990,2495990,2495990,2495990,2495990,2495990,2495990,2495990
122713199,TCL 75C7L 이동형 패키지,2819000,2819000,2819000,2819000,2819000,2819000,2819000,2819000
92623409,TCL 75C8K (벽걸이),2559000,2559000,2559000,2559000,2559000,2559000,2559000,2559000
92623394,TCL 75C8K (스탠드),2559000,2559000,2559000,2559000,2559000,2559000,2559000,2559000
122654705,TCL 75C8L (벽걸이),3379000,3379000,3379000,,,,,
122654666,TCL 75C8L (스탠드),3299000,3299000,3299000,3299000,3299000,3299000,3299000,3299000
122713243,TCL 75C8L 이동형 패키지,3419000,3419000,3419000,3419000,3419000,3419000,3419000,3419000
122667002,TCL 75P7L (무타공 벽걸이),955590,955590,955590,955590,955590,955590,955590,955590
122666927,TCL 75P7L (스탠드),1249000,1249000,1249000,1249000,1249000,1249000,1249000,1249000
122713004,TCL 75P7L 이동형 패키지,1369000,1369000,1369000,1369000,1369000,1369000,1369000,1369000
78982010,TCL 75Q6C (스탠드),1429000,1429000,1429000,1429000,1429000,1429000,1429000,1429000
77858981,TCL 85A300W (벽걸이),2299000,2299000,2299000,2299000,2299000,2299000,2299000,2299000
77858978,TCL 85A300W (스탠드),2399000,2399000,2399000,2399000,2399000,2399000,2399000,2399000
122711573,TCL 85A400 (스탠드),2199000,2199000,2199000,2199000,2199000,2199000,2199000,2199000
122711663,TCL 85A400 이동형 패키지,2319000,2319000,2319000,2319000,2319000,2319000,2319000,2319000
122654274,TCL 85C7L (스탠드),3499000,3499000,3499000,3499000,3499000,3499000,3499000,3499000
122713273,TCL 85C7L 이동형 패키지,3619000,3619000,3619000,3619000,3619000,3619000,3619000,3619000
92623436,TCL 85C8K (벽걸이),2857000,2857000,2857000,2857000,2857000,2857000,2857000,2857000
92623430,TCL 85C8K (스탠드),2763000,2763000,2763000,2763000,2763000,2763000,2763000,2763000
122654284,TCL 85C8L (벽걸이),4649000,4649000,4649000,,,,,
122621846,TCL 85C8L (스탠드),4499000,4499000,4499000,4499000,4499000,4499000,4499000,4499000
122667015,TCL 85P7L (스탠드),1699000,1699000,1699000,1699000,1699000,1699000,1699000,1699000
122712987,TCL 85P7L 이동형 패키지,1819000,1819000,1819000,1819000,1819000,1819000,1819000,1819000
122660269,TCL 85RM9L (스탠드),7999000,7999000,7999000,7999000,7999000,7999000,7999000,7999000
122659231,TCL 85X11L (스탠드),6999000,6999000,6999000,6999000,6999000,6999000,6999000,6999000
99750065,TCL 98C7K (벽걸이),4199000,4199000,4199000,,,,,
92545736,TCL 98C7K (스탠드),4199000,4199000,4199000,4199000,4199000,4199000,4199000,4199000
122713177,TCL 98C7L (벽걸이),5199000,5199000,5199000,,,,,
122713151,TCL 98C7L (스탠드),4999000,4999000,4999000,4999000,4999000,4999000,4999000,4999000
99750068,TCL 98C8K (벽걸이),5099000,5099000,5099000,,,,,
92623454,TCL 98C8K (스탠드),5099000,5099000,5099000,5099000,5099000,5099000,5099000,5099000
122634175,TCL 98C8L (스탠드),6499000,6499000,6499000,6499000,6499000,6499000,6499000,6499000
80149520,TCL 98Q7C (벽걸이),4098000,4098000,4098000,4098000,4098000,4098000,4098000,4098000
80149505,TCL 98Q7C (스탠드),4098000,4098000,4098000,4098000,4098000,4098000,4098000,4098000
122659063,TCL 98X11L (스탠드),8999000,8999000,8999000,8999000,,,,
122667967,TCL 아이팔콘 32S55 이동형 패키지,369000,369000,369000,369000,369000,369000,369000,369000
122654154,TCL 아이팔콘 40S55 이동형 패키지,429000,429000,429000,429000,429000,429000,429000,429000
122668122,TCL 아이팔콘 43S55 이동형 패키지,469000,469000,469000,469000,469000,469000,469000,469000
122657266,TCL 아이팔콘 43U65A Pro 이동형 패키지,589000,589000,589000,589000,589000,589000,589000,589000
122653990,TCL 아이팔콘 50U65A Pro 이동형 패키지,653000,653000,653000,653000,653000,653000,653000,653000
106747007,TCL 아이팔콘 55U65A (스탠드),539000,539000,539000,539000,539000,539000,539000,539000
122619279,TCL 아이팔콘 55U65A Pro (스탠드),559000,559000,559000,559000,559000,559000,559000,559000
123693929,TCL 아이팔콘 55U65A 이동형 패키지,639000,639000,639000,639000,639000,639000,639000,639000
122664628,TCL 아이팔콘 55U95A (스탠드),999000,999000,999000,999000,999000,999000,999000,999000
122676893,TCL 아이팔콘 65A400M (스탠드),1499000,1499000,1499000,1499000,1499000,1499000,1499000,1499000
122711788,TCL 아이팔콘 65A400M 이동형 패키지,1599000,1599000,1599000,1599000,1599000,1599000,1599000,1599000
106747325,TCL 아이팔콘 65U65A (스탠드),709000,709000,709000,709000,709000,709000,709000,709000
122619211,TCL 아이팔콘 65U65A Pro (스탠드),729000,729000,729000,729000,729000,729000,729000,729000
123693626,TCL 아이팔콘 65U65A Pro 이동형 패키지,829000,829000,829000,829000,829000,829000,829000,829000
123693616,TCL 아이팔콘 65U65A 이동형 패키지,809000,809000,809000,809000,809000,809000,809000,809000
122715992,TCL 아이팔콘 65U95A 이동형 패키지,1399000,1399000,1399000,1399000,1399000,1399000,1399000,1399000
122676793,TCL 아이팔콘 75A400M (스탠드),1799000,1799000,1799000,1799000,1799000,1799000,1799000,1799000
123693812,TCL 아이팔콘 75A400M 이동형 패키지,1919000,1919000,1919000,1919000,1919000,1919000,1919000,1919000
122619258,TCL 아이팔콘 75U65A Pro (스탠드),939000,939000,939000,939000,939000,939000,939000,939000
123693714,TCL 아이팔콘 75U65A Pro 이동형 패키지,1059000,1059000,1059000,1059000,1059000,1059000,1059000,1059000
122660705,TCL 아이팔콘 75U95A (스탠드),1699000,1699000,1699000,1699000,1699000,1699000,1699000,1699000
122716034,TCL 아이팔콘 75U95A 이동형 패키지,1819000,1819000,1819000,1819000,1819000,1819000,1819000,1819000
122676454,TCL 아이팔콘 85A400M (스탠드),2399000,2399000,2399000,2399000,2399000,2399000,2399000,2399000
123693737,TCL 아이팔콘 85A400M 이동형 패키지,2519000,2519000,2519000,2519000,2519000,2519000,2519000,2519000
122664750,TCL 아이팔콘 85U65A Pro (스탠드),1399000,1399000,1399000,1399000,1399000,1399000,1399000,1399000
123693637,TCL 아이팔콘 85U65A Pro 이동형 패키지,1519000,1519000,1519000,1519000,1519000,1519000,1519000,1519000
122716062,TCL 아이팔콘 85U95A 이동형 패키지,2419000,2419000,2419000,2419000,2419000,2419000,2419000,2419000
122676254,TCL 아이팔콘 98A400M (스탠드),3599000,3599000,3599000,3599000,3599000,3599000,3599000,3599000
122664671,TCL 아이팔콘 98U95A (스탠드),3399000,3399000,3399000,3399000,3399000,3399000,3399000,3399000
17793374,TJ미디어 TD-43LEDe (스탠드),365000,365000,365000,365000,365000,365000,365000,365000
16136081,TJ미디어 TD-50ULEDa (스탠드),485000,485000,485000,485000,485000,485000,485000,485000
86711573,VRID D65KUGEL34 (스탠드),670000,670000,670000,670000,670000,670000,670000,670000
122686329,글로벌전자 GB4000FHD (스탠드),294500,294500,294500,294500,294500,294500,294500,294500
122716266,글로벌전자 GB4000FHD 이동형 패키지,340000,340000,340000,340000,340000,340000,340000,340000
17470682,금영 KY-CH2022 (스탠드),94050,94050,94050,94050,94050,94050,94050,94050
17478731,금영 KY-CH4322 (스탠드),334950,334950,334950,334950,334950,334950,334950,334950
49736924,금영 KY-CH5022 (벽걸이),480000,480000,480000,480000,480000,480000,480000,480000
17478581,금영 KY-CH5022 (스탠드),470000,470000,470000,470000,470000,470000,470000,470000
124215423,네오에스지 S3200SUH (스탠드),198990,198990,198990,198990,198990,198990,198990,198990
124215457,네오에스지 S3200SUH 이동형 패키지,259000,259000,259000,259000,259000,259000,259000,259000
124215479,네오에스지 S4300SUH (스탠드),318990,318990,318990,318990,318990,318990,318990,318990
123763732,네오에스지 S43TF5A14N (스탠드),194360,194360,194360,194360,194360,194360,194360,194360
99947210,다원 UNI550UHD (스탠드),831840,831850,831860,831870,831880,831890,831900,831910
102008330,다원 UNI650UHD (스탠드),1130000,1130000,1130000,1130000,1130000,1130000,1130000,1130000
100699643,다원 WED320HD (벽걸이),230000,230000,230000,230000,230000,230000,230000,230000
100699622,다원 WED320HD (스탠드),252950,253070,253100,253160,253200,253280,253390,253510
99947231,다원 WWE430FHD (스탠드),424230,424350,424460,424500,424570,424670,424680,424770
122647444,다원 WWE650UHD (벽걸이),1043000,1043000,1043000,1043000,1043000,1043000,1043000,1043000
102000872,다원 WWE650UHD (스탠드),1187000,1187000,1187000,1187000,1187000,1187000,1135960,1187000
37279457,대성글로벌코리아 ViewSync DST240FA11 이동형 패키지 (뷰싱크 무빙),285000,285000,285000,285000,285000,285000,285000,285000
37292414,대성글로벌코리아 ViewSync DST270FA11 이동형 패키지 (뷰싱크 무빙),309000,309000,309000,309000,309000,309000,309000,309000
19537103,대성글로벌코리아 ViewSync VSO24MTV (스탠드),149450,149450,149450,149450,149450,147860,147860,147860
19537238,대성글로벌코리아 ViewSync VSO24MTV 무결점 (스탠드),151050,151050,151050,151050,151050,147870,147870,147870
78234479,대우디스플레이 OLED65DHA1 (벽걸이),2140000,2140000,2140000,,,,,
78234473,대우디스플레이 OLED65DHA1 (스탠드),1990000,1990000,1990000,1990000,1990000,1990000,1990000,1990000
28269575,대우써머스 DH3206HB (벽걸이),329000,329000,329000,329000,329000,329000,329000,329000
97773479,대우써머스 DH3206HB (상하좌우형 벽걸이),349000,349000,349000,349000,349000,349000,349000,349000
28269533,대우써머스 DH3206HB (스탠드),278990,278990,278990,278990,278990,278990,278990,278990
49536872,대우써머스 DH55GSUBS (스탠드),863030,863030,863030,863030,845060,845060,845060,845060
53417795,대우써머스 DH65GSUBS (벽걸이),1100000,1100000,1100000,1100000,1100000,1100000,1100000,1100000
53417786,대우써머스 DH65GSUBS (스탠드),1056000,1056000,1056000,1056000,1056000,1056000,1056000,1056000
28470776,대우써머스 DH75G3UBS (스탠드),1090000,1090000,1090000,1090000,1090000,1090000,1090000,1090000
69699176,대우써머스 DH85G3UBS (벽걸이),1766400,1766400,1766400,1766400,1766400,1766400,1766400,1766400
69699170,대우써머스 DH85G3UBS (스탠드),1622400,1622400,1622400,1622400,1622400,1622400,1622400,1622400
16690982,대우써머스 DK2401FB (스탠드),211980,211980,211980,211980,211980,211990,201990,201990
21457136,대우써머스 DK2402FB (스탠드),226410,226440,226520,226560,226630,226660,226750,226780
46887428,대우써머스 DK3201HG (스탠드),237610,237610,237610,237610,237610,237610,237610,237610
122672157,대우써머스 DK32B1HG (스탠드),287400,287520,287630,287670,287740,287820,287920,288040
74248583,대우써머스 DK4001FG (스탠드),310000,310000,310000,310000,310000,310000,310000,310000
74117783,대우써머스 DK4301FG (스탠드),350000,350000,350000,350000,350000,350000,350000,350000
43528232,대우써머스 DK43B1UGS (스탠드),660000,660000,660000,660000,660000,660000,660000,660000
74005298,대우써머스 DK5002UB (스탠드),559990,559990,559990,559990,559990,559990,559990,559990
43528376,대우써머스 DK50B1UGS (스탠드),730000,730000,730000,730000,730000,730000,730000,730000
17077547,대우써머스 DK5502UB (스탠드),810000,810000,810000,810000,810000,810000,810000,810000
43528547,대우써머스 DK55B1UGS (스탠드),816680,816800,816910,816950,817030,817130,817150,817250
19767419,대우써머스 DK6501US (스탠드),934890,934920,935000,935040,935110,935180,935180,935270
43527047,대우써머스 DK65B1UGS (스탠드),1350000,1350000,1350000,1350000,1350000,1350000,1350000,1350000
43545911,대우써머스 DK75B1UGS (스탠드),1870000,,,,,,,
70767392,대우써머스 DK85B1UGS (스탠드),2320000,2320000,2320000,2320000,2320000,2320000,2320000,2320000
73695086,대우써머스 DT65A3UB (벽걸이),899000,899000,899000,,,,,
73695092,대우써머스 DT65A3UB (상하좌우형 벽걸이),919000,919000,919000,,,,,
73695068,대우써머스 DT65A3UB (스탠드),849000,849000,849000,849000,849000,849000,849000,849000
76791608,대우써머스 LE43P1FB (스탠드),449000,449000,449000,449000,449000,449000,449000,449000
78175421,대우써머스 LE55G1UGS (스탠드),725170,725170,725170,725170,725170,725170,725170,725170
70001633,대우써머스 LE65G1UGS (스탠드),1036350,1036350,1036350,1036350,1036350,1036350,1036350,1036350
100268576,대우써머스 QK43C1UG (스탠드),650000,650000,650000,650000,650000,650000,650000,650000
100268600,대우써머스 QK50C1UG (스탠드),725390,725390,725390,725390,725390,725390,725390,725390
100268624,대우써머스 QK55C1UG (스탠드),1030000,1030000,1030000,1030000,1030000,1030000,1030000,1030000
100268642,대우써머스 QK65C1UG (스탠드),1350000,1350000,1350000,1350000,1350000,1350000,1350000,1350000
100268651,대우써머스 QK75C1UG (스탠드),1869990,1869990,1869990,1869990,1869990,1869990,1869990,1869990
100268666,대우써머스 QK85C1UG (스탠드),2320000,2320000,2320000,2320000,2320000,2320000,2320000,2320000
43528079,대우써머스 SC-7500G (스탠드),2030630,,,,,,,
72820610,대우테크 AD3201EA1 (스탠드),209000,209000,209000,209000,209000,209000,209000,209000
99710192,대우테크 AD3201EA1 이동형 패키지 (대우테크 DW-STL3UW),326800,326800,326800,326800,326800,326800,326800,326800
72820697,대우테크 AF4001EA1 (스탠드),298990,298990,298990,298990,298990,298990,298990,298990
99710219,대우테크 AF4001EA1 이동형 패키지 (대우테크 DW-STL3UW),402800,402800,402800,402800,402800,402800,402800,402800
103480385,대우테크 AG43SQEA1 (스탠드),359000,359000,359000,359000,359000,359000,359000,359000
103516781,대우테크 AG55SQEA1 (스탠드),479000,479000,479000,479000,479000,479000,479000,479000
103516892,대우테크 AG65SQEA1 (스탠드),709000,709000,709000,709000,709000,709000,709000,709000
99710303,대우테크 AH5500KA1 (스탠드),449000,449000,449000,449000,449000,449000,449000,449000
79410914,더함 UA501QLED VA SH 2023C1 이동형 패키지 (더함 울트라),598000,598000,598000,598000,621860,621860,621860,621860
18255944,더함 UA551QLED VA SH 2023C1 (스탠드),519000,519000,519000,519000,519000,519000,519000,519000
18277013,더함 UA651QLED VA SH 2023C1 (벽걸이),889000,889000,889000,889000,889000,889000,889000,889000
59925311,더함 UA651QLED VA SH 2023C1 (상하좌우형 벽걸이),939000,939000,939000,939000,939000,939000,939000,939000
18256085,더함 UA651QLED VA SH 2023C1 (스탠드),699000,699000,699000,699000,699000,699000,699000,699000
18256364,더함 UA851QLED VA SH 2023C1 (스탠드),1429000,1429000,1429000,1429000,1429000,1429000,1429000,1429000
90576089,더함 노바 AMG 리얼 화이트 스마트 40인치 QLED 돌비 AI 구글5.0 (벽걸이),429000,429000,429000,429000,429000,429000,429000,429000
90576095,더함 노바 AMG 리얼 화이트 스마트 40인치 QLED 돌비 AI 구글5.0 (상하좌우형 벽걸이),469000,469000,469000,469000,469000,469000,469000,469000
90576062,더함 노바 AMG 리얼 화이트 스마트 40인치 QLED 돌비 AI 구글5.0 (스탠드),329000,329000,329000,329000,329000,329000,329000,329000
90575762,더함 노바 AMG 리얼 화이트 스마트 40인치 QLED 돌비 AI 구글5.0 이동형 패키지 (더함 라이트),386900,386900,386900,386900,386900,386900,386900,386900
59757431,더함 리얼 화이트 스마트 32 QLED 돌비 AI 구글 3.0 홈시네마 (스탠드),269000,269000,269000,269000,269000,269000,269000,269000
58113629,더함 리얼 화이트 스마트 32 QLED 돌비 AI 구글 3.0 홈시네마 이동형 패키지 (더함 라이트),311900,311900,311900,311900,311900,311900,311900,311900
65353310,더함 리얼 화이트 스마트 32 QLED 돌비 AI 구글 3.0 홈시네마 이동형 패키지 (더함 큐브),459000,459000,459000,459000,459000,459000,459000,459000
100842809,더함 리얼 화이트 스마트 43 QLED 120HZ 돌비 AI 구글5.0 (벽걸이),519000,519000,519000,519000,519000,519000,519000,519000
100842812,더함 리얼 화이트 스마트 43 QLED 120HZ 돌비 AI 구글5.0 (상하좌우형 벽걸이),559000,559000,559000,559000,559000,559000,559000,559000
77787779,더함 리얼 화이트 스마트 43 QLED 120HZ 돌비 AI 구글5.0 (스탠드),419000,419000,419000,419000,439000,439000,439000,439000
92233559,더함 리얼 화이트 스마트 43 QLED 120HZ 돌비 AI 구글5.0 이동형 패키지 (더함 라이트),481000,481000,481000,481000,481000,481000,481000,481000
68786387,더함 리얼 화이트 스마트 43 UHD 돌비 AI 구글 5.0 홈시네마 이동형 패키지 (더함 라이트),386900,386900,386900,386900,386900,386900,386900,386900
63422702,더함 삼탠바이미 43인치 스마트 TV 이동형 패키지 (더함 라이트),501900,501900,501900,501900,521900,521900,521900,521900
54698984,더함 삼탠바이미 구글 스마트 75 UHD 화이트 무빙티비,1118000,1118000,1118000,1118000,1118000,1118000,1118000,1118000
54699029,더함 삼탠바이미 구글 스마트 85 UHD 화이트 무빙티비,1563000,1563000,1563000,1563000,1563000,1563000,1563000,1563000
79251473,더함 스마트 65 MiniLED 144Hz 로컬디밍 돌비 AI 구글3.0 게이밍프로 (벽걸이),999000,999000,999000,999000,999000,999000,999000,999000
32074547,더함 스마트 65 MiniLED 144Hz 로컬디밍 돌비 AI 구글3.0 게이밍프로 (스탠드),849000,849000,849000,849000,849000,849000,849000,849000
17820902,더함 우버 AMG TA504-AVN22CB (벽걸이),469000,469000,469000,469000,469000,469000,469000,469000
17468288,더함 우버 AMG TA504-AVN22CB (스탠드),389000,389000,389000,389000,389000,389000,389000,389000
71422148,더함 우버 AMG UA431UHD M9GP CINEMA60 2025 WHITE (스탠드),419000,419000,419000,419000,419000,419000,419000,419000
123803220,더함 우버 AMG UA651MINILED (무타공 벽걸이),1168000,1168000,1168000,1168000,1168000,1168000,1168000,1168000
78713297,더함 우버 AMG UA651MINILED (벽걸이),979000,979000,979000,979000,979000,979000,979000,979000
102001514,더함 우버 AMG UA651MINILED (상하좌우형 벽걸이),1059000,1059000,1059000,1059000,1059000,1059000,1059000,1059000
78712418,더함 우버 AMG UA651MINILED (스탠드),819000,819000,819000,819000,819000,819000,819000,819000
123803269,더함 우버 AMG UA751MINILED (무타공 벽걸이),1418000,1418000,1418000,1418000,1418000,1418000,1418000,1418000
78713306,더함 우버 AMG UA751MINILED (벽걸이),1259000,1259000,1259000,1259000,1259000,1259000,1259000,1259000
100691096,더함 우버 AMG UA751MINILED (상하좌우형 벽걸이),1309000,1309000,1309000,1309000,1309000,1309000,1309000,1309000
78712469,더함 우버 AMG UA751MINILED (스탠드),1029000,1029000,1029000,1029000,1119000,1119000,1119000,1119000
79256222,더함 우버 AMG UA751MINILED 이동형 패키지 (더함 울트라),1253000,1253000,1253000,1253000,1303000,1303000,1303000,1303000
90112541,더함 우버 AMG 리얼 화이트 스마트 43 UHD 120HZ 돌비 AI 구글5.0 (벽걸이),514000,514000,514000,514000,514000,514000,514000,514000
90112547,더함 우버 AMG 리얼 화이트 스마트 43 UHD 120HZ 돌비 AI 구글5.0 (상하좌우형 벽걸이),554000,554000,554000,554000,554000,554000,554000,554000
71644193,더함 우버 AMG 리얼 화이트 스마트 43 UHD 120HZ 돌비 AI 구글5.0 (스탠드),419000,419000,419000,419000,419000,419000,419000,419000
92233529,더함 우버 AMG 리얼 화이트 스마트 43 UHD 120HZ 돌비 AI 구글5.0 이동형 패키지 (더함 라이트),481000,481000,481000,481000,501000,501000,501000,501000
78786575,더함 우버 AMG 리얼 화이트 스마트 50 QLED 120HZ 돌비 AI 구글 5.0 (벽걸이),589000,589000,589000,589000,589000,589000,589000,589000
78786578,더함 우버 AMG 리얼 화이트 스마트 50 QLED 120HZ 돌비 AI 구글 5.0 (상하좌우형 벽걸이),629000,629000,629000,629000,629000,629000,629000,629000
78786572,더함 우버 AMG 리얼 화이트 스마트 50 QLED 120HZ 돌비 AI 구글 5.0 (스탠드),479000,479000,479000,479000,479000,479000,479000,479000
78846617,더함 우버 AMG 리얼 화이트 스마트 50 QLED 120HZ 돌비 AI 구글 5.0 이동형 패키지 (더함 에센셜),625800,625800,625800,625800,625800,625800,625800,625800
77282264,더함 우버 AMG 리얼 화이트 스마트 50 QLED 120HZ 돌비 AI 구글 5.0 이동형 패키지 (더함 울트라),628000,628000,628000,628000,628000,628000,628000,628000
74335274,더함 우버 AMG 스마트 43 QLED 120HZ 돌비 AI 구글 5.0 (벽걸이),1609000,1609000,1609000,1609000,1609000,1609000,1609000,1609000
74335280,더함 우버 AMG 스마트 43 QLED 120HZ 돌비 AI 구글 5.0 (상하좌우형 벽걸이),1649000,1649000,1649000,1649000,1649000,1649000,1649000,1649000
71964602,더함 우버 AMG 스마트 43 QLED 120HZ 돌비 AI 구글 5.0 (스탠드),419000,419000,419000,419000,439000,439000,439000,439000
80243390,더함 우버 AMG 스마트 43 QLED 120HZ 돌비 AI 구글 5.0 이동형 패키지 (더함 라이트),481000,481000,481000,501000,501000,501000,501000,501000
74335304,더함 우버 AMG 스마트 50 QLED 120HZ 돌비 AI 구글 5.0 (벽걸이),589000,589000,589000,589000,589000,589000,589000,589000
74335310,더함 우버 AMG 스마트 50 QLED 120HZ 돌비 AI 구글 5.0 (상하좌우형 벽걸이),629000,629000,629000,629000,629000,629000,629000,629000
71964578,더함 우버 AMG 스마트 50 QLED 120HZ 돌비 AI 구글 5.0 (스탠드),479000,479000,479000,479000,479000,479000,479000,479000
123803185,더함 우버 AMG 스마트 55 MiniLED 120HZ 돌비 AI 구글5.0 (무타공 벽걸이),918000,918000,918000,918000,918000,918000,918000,918000
78846827,더함 우버 AMG 스마트 55 MiniLED 120HZ 돌비 AI 구글5.0 (벽걸이),689000,689000,689000,689000,689000,689000,689000,689000
78846830,더함 우버 AMG 스마트 55 MiniLED 120HZ 돌비 AI 구글5.0 (상하좌우형 벽걸이),729000,729000,729000,729000,729000,729000,729000,729000
78846818,더함 우버 AMG 스마트 55 MiniLED 120HZ 돌비 AI 구글5.0 (스탠드),579000,579000,579000,579000,579000,579000,579000,579000
92687480,더함 우버 AMG 스마트 55 MiniLED 120HZ 돌비 AI 구글5.0 이동형 패키지 (더함 울트라),698000,698000,698000,698000,698000,698000,698000,698000
74335289,더함 우버 AMG 스마트 55 QLED 120HZ 돌비 AI 구글 5.0 (벽걸이),614000,614000,614000,614000,614000,614000,614000,614000
74335292,더함 우버 AMG 스마트 55 QLED 120HZ 돌비 AI 구글 5.0 (상하좌우형 벽걸이),699000,699000,699000,699000,699000,699000,699000,699000
71964524,더함 우버 AMG 스마트 55 QLED 120HZ 돌비 AI 구글 5.0 (스탠드),499000,499000,499000,609000,609000,609000,609000,609000
79256234,더함 우버 AMG 스마트 55 QLED 120HZ 돌비 AI 구글 5.0 이동형 패키지 (더함 울트라),618000,618000,618000,618000,618000,618000,618000,618000
90270602,더함 우버 AMG 스마트 65 QLED 120HZ 돌비 AI 구글5.0 (무타공 벽걸이),1068000,1068000,1068000,1068000,1068000,1068000,1068000,1068000
76161182,더함 우버 AMG 스마트 65 QLED 120HZ 돌비 AI 구글5.0 (벽걸이),909000,909000,909000,909000,909000,909000,909000,909000
76161188,더함 우버 AMG 스마트 65 QLED 120HZ 돌비 AI 구글5.0 (상하좌우형 벽걸이),959000,959000,959000,959000,959000,959000,959000,959000
71964506,더함 우버 AMG 스마트 65 QLED 120HZ 돌비 AI 구글5.0 (스탠드),699000,699000,699000,699000,699000,699000,699000,699000
78846572,더함 우버 AMG 스마트 65 QLED 120HZ 돌비 AI 구글5.0 이동형 패키지 (더함 울트라),818000,818000,818000,818000,848000,848000,848000,848000
90270608,더함 우버 AMG 스마트 75 QLED 120HZ 돌비 AI 구글5.0 (무타공 벽걸이),1268000,1268000,1268000,1268000,1268000,1268000,1268000,1268000
76161191,더함 우버 AMG 스마트 75 QLED 120HZ 돌비 AI 구글5.0 (벽걸이),1109000,1109000,1109000,1109000,1109000,1109000,1109000,1109000
76161194,더함 우버 AMG 스마트 75 QLED 120HZ 돌비 AI 구글5.0 (상하좌우형 벽걸이),1154000,1154000,1154000,1154000,1154000,1154000,1154000,1154000
71719409,더함 우버 AMG 스마트 75 QLED 120HZ 돌비 AI 구글5.0 (스탠드),969000,969000,969000,969000,969000,969000,969000,969000
92687423,더함 우버 AMG 스마트 75 QLED 120HZ 돌비 AI 구글5.0 이동형 패키지 (더함 울트라),1152990,1152990,1152990,1152990,1152990,1152990,1153000,1153000
123803306,더함 우버 AMG 스마트 85 QLED 120HZ 돌비 AI 구글5.0 (무타공 벽걸이),1718000,1718000,1718000,1718000,1718000,1718000,1718000,1718000
77785592,더함 우버 AMG 스마트 85 QLED 120HZ 돌비 AI 구글5.0 (벽걸이),1609000,1609000,1609000,1609000,1609000,1609000,1609000,1609000
78845018,더함 우버 AMG 스마트 85 QLED 120HZ 돌비 AI 구글5.0 (상하좌우형 벽걸이),1649000,1649000,1649000,1649000,1649000,1649000,1649000,1649000
71719718,더함 우버 AMG 스마트 85 QLED 120HZ 돌비 AI 구글5.0 (스탠드),1399000,1399000,1399000,1399000,1399000,1399000,1399000,1399000
92687411,더함 우버 AMG 스마트 85 QLED 120HZ 돌비 AI 구글5.0 이동형 패키지 (더함 울트라),1563000,1563000,1563000,1563000,1625350,1625350,1625350,1625350
16021118,더함 우버 GEAR UG551QLED IPS SMART HDR 2022H (스탠드),579000,579000,579000,649000,649000,649000,649000,649000
97118711,더함 치크 32인치 QLED 구글5.0 포터블 휴대용 무선 스마트TV (스탠드),459000,459000,459000,459000,459000,459000,459000,459000
99911411,더함 치크 32인치 QLED 구글5.0 포터블 휴대용 무선 스마트TV 케이스 패키지 (스탠드),499000,499000,499000,499000,499000,499000,499000,499000
28211900,더함 치크 NA321FHD G7E CHIQ 2023 (스탠드),373000,373000,373000,373000,373000,373000,373000,373000
66505679,더함 치크 NA321FHD G7E CHIQ 2023 이동형 패키지 (더함 큐브),373000,373000,373000,373000,387880,387880,387880,387880
97476536,더함 치크 NA321QLED SH 2025C WITHE 이동형 패키지 (더함 라이트),299000,299000,299000,299000,299000,299000,299000,299000
94081391,더함 치크 리얼 화이트 스마트 32인치 QLED 돌비 AI 구글5.0 (벽걸이),359000,359000,359000,359000,359000,359000,359000,359000
94081421,더함 치크 리얼 화이트 스마트 32인치 QLED 돌비 AI 구글5.0 (상하좌우형 벽걸이),389000,389000,389000,389000,389000,389000,389000,389000
94081361,더함 치크 리얼 화이트 스마트 32인치 QLED 돌비 AI 구글5.0 (스탠드),259000,259000,259000,259000,259000,259000,259000,259000
123590407,더함 치크 리얼 화이트 스마트 32인치 QLED 돌비 AI 구글5.0 이동형 패키지,373000,373000,373000,373000,373000,373000,373000,373000
109596134,더함 치크 스마트 165cm(65인치) QD-MINILED 288Hz 돌비 AI 구글5.0 (벽걸이),1259000,1259000,1259000,1259000,1259000,1259000,1259000,1259000
109596107,더함 치크 스마트 165cm(65인치) QD-MINILED 288Hz 돌비 AI 구글5.0 (스탠드),819000,819000,819000,819000,819000,819000,819000,819000
122616744,더함 치크 스마트 165cm(65인치) QD-MINILED 288Hz 돌비 AI 구글5.0 이동형 패키지 (더함 울트라),1118000,1118000,1118000,1148000,1268000,1268000,1268000,1268000
123803280,더함 치크 스마트 191cm(75인치) QD-MINILED 288Hz 돌비 AI 구글5.0 (무타공 벽걸이),1628000,1628000,1628000,1628000,1798000,1798000,1798000,1798000
109484111,더함 치크 스마트 191cm(75인치) QD-MINILED 288Hz 돌비 AI 구글5.0 (벽걸이),1409000,1409000,1409000,1439000,1529000,1529000,1529000,1529000
122713393,더함 치크 스마트 191cm(75인치) QD-MINILED 288Hz 돌비 AI 구글5.0 (상하좌우형 벽걸이),1454000,1454000,1454000,1484000,1605000,1605000,1605000,1605000
109484081,더함 치크 스마트 191cm(75인치) QD-MINILED 288Hz 돌비 AI 구글5.0 (스탠드),1299000,1299000,1299000,1299000,1419000,1419000,1419000,1419000
122616839,더함 치크 스마트 191cm(75인치) QD-MINILED 288Hz 돌비 AI 구글5.0 이동형 패키지 (더함 울트라),1448000,1448000,1448000,1448000,1583000,1583000,1583000,1583000
123803321,더함 치크 스마트 216cm(85인치) QD-MINILED 288Hz 돌비 AI 구글5.0 (무타공 벽걸이),2218000,2218000,2218000,2218000,2418000,2418000,2418000,2418000
122616830,더함 치크 스마트 216cm(85인치) QD-MINILED 288Hz 돌비 AI 구글5.0 (벽걸이),2049000,2049000,2049000,2079000,2279000,2279000,2279000,2279000
122616832,더함 치크 스마트 216cm(85인치) QD-MINILED 288Hz 돌비 AI 구글5.0 (상하좌우형 벽걸이),2119000,2119000,2119000,2119000,2319000,2319000,2319000,2319000
122616772,더함 치크 스마트 216cm(85인치) QD-MINILED 288Hz 돌비 AI 구글5.0 (스탠드),1869000,1869000,1869000,1869000,2069000,2069000,2069000,2069000
124181915,더함 치크 스마트 254cm(100인치) QD-MINILED 288Hz 돌비 AI 구글5.0 (무타공 벽걸이),3578000,3578000,3578000,3578000,3878000,3878000,3878000,3878000
122616860,더함 치크 스마트 254cm(100인치) QD-MINILED 288Hz 돌비 AI 구글5.0 (벽걸이),3289000,3289000,3289000,3289000,3559000,3559000,3559000,3559000
122616856,더함 치크 스마트 254cm(100인치) QD-MINILED 288Hz 돌비 AI 구글5.0 (스탠드),3069000,3069000,3069000,3069000,3369000,3369000,3369000,3369000
9768171,델로라 D75PE UHD 4K TV (스탠드),949000,949000,949000,949000,949000,949000,949000,949000
94812077,델리파스 D320 HD (스탠드),160270,160270,160270,160270,160270,160270,160270,160270
52062095,드림TV A-DR321 구글 TV (스탠드),259000,259000,259000,259000,259000,259000,259000,259000
90576806,드림TV A-DR321 구글 TV 이동형 패키지,349000,349000,349000,349000,349000,349000,349000,349000
52062044,드림TV A-DR401 구글 TV (스탠드),339000,339000,339000,339000,339000,339000,339000,339000
90576836,드림TV A-DR401 구글 TV 이동형 패키지,409000,409000,409000,409000,409000,409000,409000,409000
18976982,드림TV A-DR430 (벽걸이),496000,496000,496000,496000,496000,496000,496000,496000
59759276,드림TV A-DR430 (상하좌우형 벽걸이),519000,519000,519000,519000,519000,519000,519000,519000
18976931,드림TV A-DR430 (스탠드),379000,379000,379000,379000,379000,379000,379000,379000
52062146,드림TV A-DR431 구글 TV (스탠드),369000,369000,369000,369000,369000,369000,369000,369000
90576857,드림TV A-DR431 구글 TV 이동형 패키지,439000,439000,439000,439000,439000,439000,439000,439000
18530141,드림TV A-DR500 (벽걸이),559000,559000,559000,559000,559000,559000,559000,559000
59827853,드림TV A-DR500 (상하좌우형 벽걸이),592000,592000,592000,592000,592000,592000,592000,592000
18530093,드림TV A-DR500 (스탠드),472000,472000,472000,472000,472000,472000,472000,472000
18530171,드림TV A-DR550 (벽걸이),625000,625000,625000,625000,625000,625000,625000,625000
60323564,드림TV A-DR550 (상하좌우형 벽걸이),652000,652000,652000,652000,652000,652000,652000,652000
18530159,드림TV A-DR550 (스탠드),522000,522000,522000,522000,522000,522000,522000,522000
18534011,드림TV A-DR650 (벽걸이),814000,814000,814000,814000,814000,814000,814000,814000
60323546,드림TV A-DR650 (상하좌우형 벽걸이),834000,834000,834000,834000,834000,834000,834000,834000
18533975,드림TV A-DR650 (스탠드),704000,704000,704000,704000,704000,704000,704000,704000
18530255,드림TV A-DR750 (벽걸이),1222000,1222000,1222000,1222000,1222000,1222000,1222000,1222000
60323621,드림TV A-DR750 (상하좌우형 벽걸이),1252000,1252000,1252000,1252000,1252000,1252000,1252000,1252000
18530234,드림TV A-DR750 (스탠드),1072000,1072000,1072000,1072000,1072000,1072000,1072000,1072000
18450884,드림TV DR-400FHD (벽걸이),322000,322000,322000,322000,322000,322000,322000,322000
59759768,드림TV DR-400FHD (상하좌우형 벽걸이),342000,342000,342000,342000,342000,342000,342000,342000
18450863,드림TV DR-400FHD (스탠드),232000,232000,232000,232000,232000,232000,232000,232000
18450731,드림TV DR-430FHD (벽걸이),364000,364000,364000,364000,364000,364000,364000,364000
60323489,드림TV DR-430FHD (상하좌우형 벽걸이),384000,384000,384000,384000,384000,384000,384000,384000
18450722,드림TV DR-430FHD (스탠드),274000,274000,274000,274000,274000,274000,274000,274000
18450596,드림TV DR-430UHD (벽걸이),378000,378000,378000,378000,378000,378000,378000,378000
60323528,드림TV DR-430UHD (상하좌우형 벽걸이),398000,398000,398000,398000,398000,398000,398000,398000
18450584,드림TV DR-430UHD (스탠드),288000,288000,288000,288000,288000,288000,288000,288000
18474395,드림TV DR-500UHD (벽걸이),486000,486000,486000,486000,486000,486000,486000,486000
60323501,드림TV DR-500UHD (상하좌우형 벽걸이),506000,506000,506000,506000,506000,506000,506000,506000
18474356,드림TV DR-500UHD (스탠드),386000,386000,386000,386000,386000,386000,386000,386000
18450464,드림TV DR-550UHD (벽걸이),569000,569000,569000,569000,569000,569000,569000,569000
59759795,드림TV DR-550UHD (상하좌우형 벽걸이),590000,590000,590000,590000,590000,590000,590000,590000
18450440,드림TV DR-550UHD (스탠드),460000,460000,460000,460000,460000,460000,460000,460000
18449669,드림TV DR-650UHD (벽걸이),710000,710000,710000,710000,710000,710000,710000,710000
60323540,드림TV DR-650UHD (상하좌우형 벽걸이),730000,730000,730000,730000,730000,730000,730000,730000
18449660,드림TV DR-650UHD (스탠드),600000,600000,600000,600000,600000,600000,600000,600000
18449522,드림TV DR-750UHD (벽걸이),1122000,1122000,1122000,1122000,1122000,1122000,1122000,1122000
60420980,드림TV DR-750UHD (상하좌우형 벽걸이),1152000,1152000,1152000,1152000,1152000,1152000,1152000,1152000
18449495,드림TV DR-750UHD (스탠드),972000,972000,972000,972000,972000,972000,972000,972000
67509419,드림TV DR-850UHD (스탠드),1440000,1440000,1440000,1440000,1440000,1440000,1440000,1440000
17339114,드림TV DY-EXFHD400 (스탠드),264810,264810,264810,264810,264810,264810,264810,264810
17471642,드림TV DY-EXHD320 (벽걸이),259000,259000,259000,259000,259000,259000,259000,259000
17335958,드림TV DY-EXHD320 (스탠드),179000,179000,179000,179000,179000,179000,179000,179000
20383475,드림TV Q-DR650 (스탠드),819000,819000,819000,819000,819000,819000,819000,819000
20383610,드림TV Q-DR750 (스탠드),1270000,1270000,1270000,1270000,1270000,1270000,1270000,1270000
14675153,디에스샵 브라운슈거 K32 (스탠드),114900,114900,114900,114900,114900,114900,114900,114900
7695763,디에스샵 스마트뷰 J32PE HD (스탠드),112200,112200,112200,112200,112200,112200,112200,112200
15789002,디에스샵 스마트뷰 J40PE (스탠드),189000,189000,189000,189000,189000,187110,187110,187110
7702546,디에스샵 스마트뷰 J43PE (스탠드),198990,198990,198990,198990,198990,198990,194370,194370
10943679,디에스샵 스마트뷰 J50PE (스탠드),278990,278990,278990,278990,278990,268770,268770,268770
6982861,디에스샵 스마트뷰 J50SB (스탠드),280330,280330,280330,280330,280330,280330,268770,268770
9402318,디에스샵 스마트뷰 J55PE (스탠드),328990,328990,328990,328990,328990,328990,305970,305970
6982780,디에스샵 스마트뷰 J55SB (스탠드),318990,318990,318990,318990,318990,318990,315270,315270
7327825,디에스샵 스마트뷰 J65PE (스탠드),498990,498990,498990,498990,498990,498990,464070,464070
8038393,디에스샵 스마트뷰 J75PE (벽걸이),828990,828990,828990,828990,828990,828990,828990,828990
7779676,디에스샵 스마트뷰 J75PE (스탠드),648990,648990,648990,648990,648990,648990,603570,603570
21586283,디에스샵 스마트뷰 J75PE Wi-Fi UHD TV (스탠드),726530,726530,726530,726530,726530,726530,696570,696570
7840165,디에스샵 스마트뷰 J85PE (벽걸이),1323740,1323740,1323740,1323740,1323740,1323740,1323740,1323740
7506598,디에스샵 스마트뷰 J85PE (스탠드),1155000,1155000,1155000,1155000,1155000,1155000,1106700,1106700
11309400,디에스샵 스마트뷰 J86PE (벽걸이),1429640,1429640,1429640,1429640,1429640,1429640,1429640,1429640
11211621,디에스샵 스마트뷰 J86PE (스탠드),1189990,1189990,1189990,1189990,1189990,1189990,1106700,1106700
11583674,디엑스 D320XFHD (스탠드),193250,193280,193290,193340,193440,193460,193550,193580
17829515,디엑스 D430XFHD (스탠드),345700,345700,345700,345700,345700,345700,345700,345700
16955438,디엑스 D430XUHD (스탠드),414400,414400,414400,414400,414400,414400,414400,414400
4262091,디엘티 H55CUHT (벽걸이),1125500,1125500,1125500,1125500,1125500,1125500,1125500,1125500
4121910,디엘티 H55CUHT (스탠드),1125500,1125500,1125500,1125500,1125500,1125500,1047200,1047200
5544934,디엘티 MONEX M75ACS (스탠드),1090000,1090000,1090000,1090000,1090000,1090000,1090000,1090000
14914169,디엘티 ZEUS D7501K (스탠드),938000,938000,938000,938000,968000,968000,848300,848300
14902343,디엘티 ZEUS S653683UT (스탠드),639000,639000,639000,639000,669000,669000,594150,594150
15164810,디지탈맥스 NDT5500 (스탠드),436050,436050,436050,436050,436050,436050,436050,436050
18365903,라익미 K4301S 43TV (스탠드),357700,357700,357700,357700,357700,357700,357700,357700
43524452,라익미 N43 오프화이트 제로베젤 THE AI 구글 TV (벽걸이),479000,479000,479000,479000,479000,479000,479000,479000
43524437,라익미 N43 오프화이트 제로베젤 THE AI 구글 TV (스탠드),319000,319000,319000,319000,319000,319000,319000,319000
34848836,라익미 NF40 THE AI 오프화이트 스마트 구글 TV (벽걸이),399000,399000,399000,399000,399000,399000,399000,399000
34848830,라익미 NF40 THE AI 오프화이트 스마트 구글 TV (스탠드),279000,279000,279000,279000,279000,279000,279000,279000
39252893,라익미 NF40 THE AI 오프화이트 스마트 구글 TV 이동형 패키지,506880,506880,506880,506880,506880,506880,506880,528000
42678887,라익미 NF43 THE AI 비스포크 컬러드 (벽걸이),402240,402240,402240,402240,402240,402240,402240,402240
42389378,라익미 NF43 THE AI 비스포크 컬러드 (스탠드),239000,239000,239000,239000,239000,239000,239000,239000
71723195,라익미 NF43 THE AI 비스포크 컬러드 이동형 패키지,298000,298000,298000,298000,298000,298000,298000,298000
34848803,라익미 NF43 THE AI 오프화이트 스마트 구글 TV (벽걸이),332470,332470,332470,332470,332470,332470,332470,332470
34848794,라익미 NF43 THE AI 오프화이트 스마트 구글 TV (스탠드),269000,269000,269000,269000,269000,269000,269000,269000
39251588,라익미 NF43 THE AI 오프화이트 스마트 구글 TV 이동형 패키지,526080,526080,526080,526080,526080,526080,526080,526080
26032961,라익미 스마트 27 스탠라익미 무빙TV 이동형 패키지 (라익미 무빙),308000,308000,308000,308000,308000,308000,308000,308000
13414841,라익미 스마트 DS5801L 4K HDR 다이렉트TV (벽걸이),577700,577700,577700,577700,577700,577700,577700,577700
28531220,라익미 스마트 N50 THE AI 구글 TV 제로베젤 (스탠드),389000,389000,389000,389000,389000,389000,389000,389000
28154900,라익미 스마트 N55 THE AI 구글 TV (스탠드),399000,399000,399000,399000,399000,399000,399000,399000
42342119,라익미 스마트 N55 오프화이트 제로베젤 THE AI 구글 TV (벽걸이),589000,589000,589000,589000,589000,589000,589000,589000
42285176,라익미 스마트 N55 오프화이트 제로베젤 THE AI 구글 TV (스탠드),479040,479040,479040,479040,479040,479040,479040,479040
28154801,라익미 스마트 N75 THE AI 구글 TV (스탠드),849000,849000,849000,849000,849000,849000,849000,849000
30157145,라익미 스마트 NF32 THE AI 비스포크 컬러드 (스탠드),229000,229000,229000,229000,229000,229000,229000,229000
14891336,라익미 스마트 QV750 크롬캐스트 안드로이드 QLED (벽걸이),1471550,1471550,1471550,1471550,1471550,1471550,1471550,1471550
14806571,라익미 스마트 QV750 크롬캐스트 안드로이드 QLED (스탠드),1376550,1376550,1376550,1376550,1376550,1376550,1376550,1376550
17999204,라익미 스마트 UV650 크롬캐스트 안드로이드 VA (스탠드),539000,539000,539000,539000,539000,539000,539000,539000
20698643,라익미 스마트 V320 트리플블랙 구글TV (스탠드),205240,205240,205240,205240,205240,205240,205240,205240
17233169,라익미 스마트 넘버11 V320 오프화이트 (스탠드),205240,205240,205240,205240,205240,205240,205240,205240
17275181,라익미 스마트 넘버11 V430 오프화이트 (스탠드),279000,279000,279000,279000,279000,279000,279000,279000
21454958,라익미 에코 22인치 FHD LED 소형TV (스탠드),138990,138990,138990,138990,138990,138990,138990,138990
30309917,라익미 울트라 D8501L UHD 4K HDR (스탠드),1190000,1190000,1190000,1190000,1190000,1190000,1190000,1190000
82513679,롯데하이마트 플럭스 PLX-43UHWH 이동형 패키지 (플럭스 PLX-43STWH),478220,478220,478220,478220,473180,463920,463920,463920
86151662,롯데하이마트 플럭스 PLX-TV32HDBK (스탠드),199000,199000,199000,199000,199000,199000,199000,199000
98184722,롯데하이마트 플럭스 PLX-TV32QLWH (스탠드),279000,279000,279000,279000,279000,279000,272800,272800
98184782,롯데하이마트 플럭스 PLX-TV32QLWH 이동형 패키지,312070,312070,312070,312070,312070,305970,298790,298790
122656119,롯데하이마트 플럭스 PLX-TV43FHBK (스탠드),329290,329290,329290,329290,329290,329290,322140,322140
97303952,롯데하이마트 플럭스 PLX-TV50QLBK (스탠드),579000,579000,579000,579000,579000,536640,536640,536640
122656303,롯데하이마트 플럭스 PLX-TV75QLBK (스탠드),1090000,1090000,1090000,1090000,1090000,938390,938390,938390
28185086,롯데하이마트 하이메이드 HMDT55G4UBS (벽걸이),703000,703000,703000,703000,703000,703000,703000,703000
28185056,롯데하이마트 하이메이드 HMDT55G4UBS (스탠드),646000,646000,646000,646000,646000,646000,646000,646000
17874089,롯데하이마트 하이메이드 HMT43US (스탠드),488580,488580,488580,488580,488580,488580,488580,488580
5287121,루컴즈전자 T4002C (스탠드),389060,385090,389060,396990,396990,396990,396990,396990
122659317,루컴즈전자 T4305KUG (스탠드),355750,355750,355750,355750,355750,365750,365750,365750
122659455,루컴즈전자 T5005KUG (스탠드),450740,450740,450740,450740,450740,460740,460740,460740
122659543,루컴즈전자 T5505KQLG (스탠드),512490,512490,512490,512490,512490,517990,517990,517990
31961648,루컴즈전자 구글 스마트 TV 4K UHD T7502KUG (스탠드),969000,969000,969000,969000,969000,969000,969000,969000
45997280,리프유 AT-SM550UHD13 (스탠드),1045950,1045950,1045950,1045950,1045950,1045950,1045950,1045950
46105289,리프유 BG65UHD22C13 (스탠드),1376550,1376550,1376550,1376550,1376550,1376550,1376550,1376550
45996851,리프유 CP500UHD-H01 (스탠드),618450,618450,618450,618450,618450,618450,618450,618450
46105256,리프유 EM550UHD-H01 (스탠드),939790,939910,940020,940060,940130,940190,940200,940300
45996818,리프유 HM320HD-E01 (스탠드),258400,258400,258400,258400,258400,258400,258400,258400
45996836,리프유 IS430UHD-H01 (스탠드),516800,516800,516800,516800,516800,516800,516800,516800
46742036,리프유 LH650UHD-H01 (스탠드),1230250,1230250,1230250,1230250,1230250,1230250,1230250,1230250
19402055,마루나 MRN-T40FHD (스탠드),218500,218500,218500,218500,218500,218500,218500,218500
19572251,마루나 MRN-T43FHD (벽걸이),332500,332500,332500,332500,332500,332500,332500,332500
19430285,마루나 MRN-T50UHD (벽걸이),460750,460750,460750,460750,460750,460750,460750,460750
91039346,메가자이언트 85UHDG (벽걸이),1099700,1099700,1099700,1099700,1099700,1069700,1069700,1069700
91039316,메가자이언트 85UHDG (스탠드),953430,953550,953660,953760,953870,953980,954090,954210
71902061,메가자이언트 GTNB320HD11 이동형 패키지,271260,271260,271260,271260,271260,271260,271260,271260
82971749,메가자이언트 SMG40 (스탠드),259060,259060,259060,259060,259060,259060,259060,259060
82986410,메가자이언트 SMG40 이동형 패키지,328990,328990,328990,328990,328990,328990,328990,328990
95846378,메가자이언트 SMG43F (벽걸이),444600,444600,444600,444600,444600,444600,444600,444600
95845154,메가자이언트 SMG43F (스탠드),218000,218000,218000,218000,218000,218000,218000,218000
96256205,메가자이언트 SMG50U (벽걸이),427000,427000,427000,427000,427000,427000,427000,427000
96256199,메가자이언트 SMG50U (스탠드),334000,334000,334000,334000,334000,334000,334000,334000
96256142,메가자이언트 SMG55U (벽걸이),486500,486500,486500,486500,486500,486500,486500,486500
96256127,메가자이언트 SMG55U (스탠드),453800,453800,453800,453800,453800,453800,453800,453800
96256046,메가자이언트 SMG65U (벽걸이),621500,621500,621500,621500,621500,621500,621500,621500
96256037,메가자이언트 SMG65U (스탠드),568990,568990,568990,568990,568990,568990,568990,568990
29251688,메디하임 D557XUHD (스탠드),600000,600000,600000,600000,600000,600000,600000,600000
101541629,문앤썬 인스파이어 100인치 QLED 4K UHD 스마트 구글TV (벽걸이),3299000,3299000,3299000,3299000,3299000,3299000,3299000,3299000
101541623,문앤썬 인스파이어 100인치 QLED 4K UHD 스마트 구글TV (스탠드),2799000,2799000,2799000,2799000,2799000,2799000,2799000,2799000
93380996,문앤썬 인스파이어 32인치 LED HD TV (벽걸이),199000,199000,199000,199000,199000,199000,199000,199000
93380990,문앤썬 인스파이어 32인치 LED HD TV (스탠드),129000,129000,129000,99000,99000,99000,99000,99000
93701099,문앤썬 인스파이어 40인치 FHD 스마트 구글TV (벽걸이),319000,319000,319000,319000,319000,319000,319000,319000
93701054,문앤썬 인스파이어 40인치 FHD 스마트 구글TV (스탠드),239000,239000,239000,239000,239000,239000,239000,239000
93562061,문앤썬 인스파이어 40인치 LED FHD TV (벽걸이),259000,259000,259000,259000,259000,259000,259000,259000
93562049,문앤썬 인스파이어 40인치 LED FHD TV (스탠드),209000,209000,209000,209000,209000,209000,209000,209000
93629654,문앤썬 인스파이어 43인치 LED FHD TV (벽걸이),285000,285000,285000,285000,285000,285000,285000,285000
93629630,문앤썬 인스파이어 43인치 LED FHD TV (스탠드),195000,195000,195000,195000,195000,195000,195000,195000
93629522,문앤썬 인스파이어 50인치 LED UHD TV (벽걸이),339000,339000,339000,339000,339000,339000,339000,339000
93629510,문앤썬 인스파이어 50인치 LED UHD TV (스탠드),289000,289000,289000,289000,289000,289000,289000,289000
93699842,문앤썬 인스파이어 55인치 LED UHD TV (벽걸이),409000,409000,409000,409000,409000,409000,409000,409000
93699578,문앤썬 인스파이어 55인치 LED UHD TV (스탠드),329000,329000,329000,329000,329000,329000,329000,329000
94023452,문앤썬 인스파이어 55인치 UHD 스마트 구글TV (벽걸이),479000,479000,479000,479000,479000,479000,479000,479000
94023449,문앤썬 인스파이어 55인치 UHD 스마트 구글TV (스탠드),399000,399000,399000,399000,399000,399000,399000,399000
93699980,문앤썬 인스파이어 65인치 LED UHD TV (벽걸이),509000,509000,509000,509000,509000,509000,509000,509000
93699974,문앤썬 인스파이어 65인치 LED UHD TV (스탠드),429000,429000,429000,429000,429000,429000,429000,429000
93700070,문앤썬 인스파이어 75인치 LED UHD TV (벽걸이),649000,649000,649000,649000,649000,649000,649000,649000
93700052,문앤썬 인스파이어 75인치 LED UHD TV (스탠드),549000,549000,549000,549000,549000,549000,549000,549000
94028984,문앤썬 인스파이어 75인치 UHD 스마트 구글TV (벽걸이),829000,829000,829000,829000,829000,829000,829000,829000
94028975,문앤썬 인스파이어 75인치 UHD 스마트 구글TV (스탠드),729000,729000,729000,729000,729000,729000,729000,729000
101541656,문앤썬 인스파이어 85 QLED 4K UHD 스마트 구글TV (벽걸이),1499000,1499000,1499000,1499000,1499000,1499000,1499000,1499000
101541653,문앤썬 인스파이어 85 QLED 4K UHD 스마트 구글TV (스탠드),1349000,1349000,1349000,1349000,1349000,1349000,1349000,1349000
90892382,베르켐 43인치 구글 스마트 TV 이동형 패키지 (베르켐 끌레어),339000,339000,339000,339000,339000,339000,339000,339000
17298626,비엠텍씨앤씨 TS-43WOOMN (본체),504450,504450,504450,504450,504450,504450,504450,504450
17290460,비엠텍씨앤씨 TS-55WOOMN (본체),857850,857850,857850,857850,857850,857850,857850,857850
18135149,비트엠 Newsync B2200HT (스탠드),119450,119450,119450,119450,119450,119450,119450,119450
14271701,비트엠 Newsync IM320FHD (스탠드),153550,153550,153550,153550,153550,153550,153550,153550
11738474,비트엠 Newsync IM320HD (스탠드),113830,113830,113830,113830,113830,113830,113830,113830
16542419,비트엠 Newsync IM400FHD (스탠드),217090,217090,217090,217090,217090,217090,217090,217090
11739488,비트엠 Newsync IM430UHD (스탠드),275330,275330,275330,275330,275330,275330,275330,275330
16542518,비트엠 Newsync IM500UHD (스탠드),338870,338870,338870,338870,338870,338870,338870,338870
11739653,비트엠 Newsync IM550UHD (스탠드),378910,378910,378910,378910,378910,378910,378910,378910
16083575,살루스 DS3200F (스탠드),177050,177050,177050,177050,177050,177050,177050,177050
12215051,살루스 DY3200 (SAL320HD) (스탠드),119000,119000,119000,119000,119000,119000,119000,119000
19516361,살루스 KK43NCUHDT (스탠드),265050,265050,265050,265050,265050,265050,265050,265050
18840947,살루스 S-32HS AI (스탠드),117990,117990,117990,117990,117990,117990,117990,117990
18961874,살루스 S-43FS (스탠드),212800,212800,212800,212800,212800,212800,212800,212800
18961997,살루스 S-43FS AI (스탠드),259000,259000,259000,259000,259000,259000,259000,259000
18146273,살루스 SAL430UAI (스탠드),297000,297000,297000,297000,297000,297000,297000,297000
17784506,살루스 SAL500U (스탠드),331550,331550,331550,331550,331550,331550,331550,331550
18146816,살루스 SAL550UAI (스탠드),484000,484000,484000,484000,484000,484000,484000,484000
18146867,살루스 SAL650UAI (스탠드),634000,634000,634000,634000,634000,634000,634000,634000
18146903,살루스 SAL750UAI (스탠드),945000,945000,945000,945000,945000,945000,945000,945000
19351580,살루스 SLA400F (스탠드),180420,180420,180420,180420,180420,180420,180420,180420
19352288,살루스 SS550UHD (스탠드),352570,352660,352690,352700,352760,352790,352880,352910
19351946,살루스 SS650UHD (스탠드),445550,445550,445550,445550,445550,445550,445550,445550
18867956,살루스 SS750UHD (스탠드),758990,758990,758990,758990,758990,758990,758990,758990
18898022,삼성전자 Crystal UHD 50BET-H 리퍼비시 (방문수령),401700,401700,401700,401700,401700,401700,381610,381610
78712928,삼성전자 Crystal UHD 75QE75T 리퍼비시 (방문수령),979000,979000,979000,979000,979000,979000,979000,979000
13775387,삼성전자 Crystal UHD KU43UA7000FXKR (벽걸이),697000,697000,697000,697000,697000,697000,697000,697000
13747706,삼성전자 Crystal UHD KU43UA7000FXKR (스탠드),596810,596810,596810,596810,596810,596810,596810,596810
16293677,삼성전자 Crystal UHD KU43UA7000FXKR (슬림핏 벽걸이),712500,712500,712500,712500,712500,712500,712500,712500
13802237,삼성전자 Crystal UHD KU43UA8070FXKR (벽걸이),649000,649010,649020,649030,649050,649060,649080,649080
13802123,삼성전자 Crystal UHD KU43UA8070FXKR (스탠드),636950,636980,636990,647590,647600,647670,647690,647780
14513633,삼성전자 Crystal UHD KU43UA8070FXKR (슬림핏 벽걸이),746460,746460,746460,746460,746460,808140,746460,825520
13960022,삼성전자 Crystal UHD KU43UA8090FXKR (벽걸이),810350,810350,810350,810350,810350,810350,810350,810350
13820285,삼성전자 Crystal UHD KU43UA8090FXKR (스탠드),755240,755240,755240,755240,755240,755240,755240,755240
16647257,삼성전자 Crystal UHD KU43UB8070FXKR (스탠드),668870,668960,668990,669000,669060,669090,669180,669210
16711682,삼성전자 Crystal UHD KU43UB8070FXKR (슬림핏 벽걸이),863430,863430,863430,881040,881040,881040,881040,881040
16647962,삼성전자 Crystal UHD KU43UB8070FXKR (풀모션 슬림핏 벽걸이),842800,842800,842800,859990,859990,859990,859990,859990
19105388,삼성전자 Crystal UHD KU43UC7000FXKR (스탠드),589990,589990,589990,589990,589990,589990,589990,589990
19645433,삼성전자 Crystal UHD KU43UC7000FXKR (슬림핏 벽걸이),784000,784000,784000,799990,799990,799990,799990,799990
19258658,삼성전자 Crystal UHD KU43UC7000FXKR (풀모션 슬림핏 벽걸이),610000,609990,609990,609990,609990,609990,609990,609990
19264721,삼성전자 Crystal UHD KU43UC7030FXKR (스탠드),661180,661270,661300,661310,661380,661470,661500,661590
19577180,삼성전자 Crystal UHD KU43UC7030FXKR (풀모션 슬림핏 벽걸이),760000,760000,760000,760000,760000,760000,760000,760000
19264025,삼성전자 Crystal UHD KU43UC7050FXKR (스탠드),680990,680990,680990,680990,680990,680990,680990,680990
19577258,삼성전자 Crystal UHD KU43UC7050FXKR (풀모션 슬림핏 벽걸이),760000,760000,760000,760000,760000,760000,760000,760000
19263332,삼성전자 Crystal UHD KU43UC7070FXKR (스탠드),665000,665000,665000,665000,665000,665000,665000,665000
19577477,삼성전자 Crystal UHD KU43UC7070FXKR (풀모션 슬림핏 벽걸이),760000,760000,760000,760000,760000,760000,760000,760000
19262693,삼성전자 Crystal UHD KU43UC8000FXKR (스탠드),718310,718310,718310,718310,718310,718310,718310,718310
19279040,삼성전자 Crystal UHD KU43UC8000FXKR (풀모션 슬림핏 벽걸이),742900,742900,742900,742900,742900,742900,742900,742900
39249203,삼성전자 Crystal UHD KU43UD7000FXKR (벽걸이),693650,693650,693650,707790,707790,707790,707790,707790
91118804,"삼성전자 Crystal UHD KU43UD7000FXKR (벽걸이+사운드바, HW-C400)",937580,937580,937580,937580,937580,937580,937580,937580
39248972,삼성전자 Crystal UHD KU43UD7000FXKR (스탠드),570000,570000,570000,570000,570000,570000,570000,570000
44411195,삼성전자 Crystal UHD KU43UD7030FXKR (벽걸이),614330,614450,614560,614640,614740,614800,614890,615010
44411162,삼성전자 Crystal UHD KU43UD7030FXKR (스탠드),621300,621300,621300,621300,621300,573040,573040,573040
58419401,삼성전자 Crystal UHD KU43UD7070FXKR (벽걸이),731500,731500,731500,731500,731500,731500,731500,731500
54099758,삼성전자 Crystal UHD KU43UD7070FXKR (스탠드),636030,636030,636030,636030,636030,636030,636030,636030
39248681,삼성전자 Crystal UHD KU43UD8000FXKR (벽걸이),874000,874000,874000,874000,874000,665000,665000,665000
39248609,삼성전자 Crystal UHD KU43UD8000FXKR (스탠드),795900,795900,795900,795900,795900,692990,692990,692990
41263052,삼성전자 Crystal UHD KU43UD8070FXKR (벽걸이),952230,952230,952230,952230,952230,952230,952230,952230
41263043,삼성전자 Crystal UHD KU43UD8070FXKR (스탠드),806350,806350,806350,822790,822790,822790,822790,822790
63268904,삼성전자 Crystal UHD KU43UD8090FXKR (벽걸이),1045000,1045000,1045000,1045000,1045000,1045000,1045000,1045000
63268898,삼성전자 Crystal UHD KU43UD8090FXKR (스탠드),950000,950000,950000,950000,950000,950000,950000,950000
44905142,삼성전자 Crystal UHD KU43UD8100FXKR (벽걸이),836410,836410,836410,835570,827270,827270,827270,827270
44905130,삼성전자 Crystal UHD KU43UD8100FXKR (스탠드),730482,730482,730482,730482,737170,722500,722500,722500
80569217,삼성전자 Crystal UHD KU43UF8000FXKR (벽걸이),692370,692370,692370,691260,691260,693150,692080,692080
80549891,삼성전자 Crystal UHD KU43UF8000FXKR (스탠드),639830,639830,639830,639830,639830,636700,639830,639830
96579212,삼성전자 Crystal UHD KU43UF8000FXKR 이동형 패키지 (삼성 무빙 라이트),927000,927000,927000,927000,927000,927000,927000,927000
98921279,삼성전자 Crystal UHD KU43UF8030FXKR (벽걸이),640920,640920,640920,653990,653990,653990,653990,653990
98921270,삼성전자 Crystal UHD KU43UF8030FXKR (스탠드),573300,573300,573300,584990,584990,584990,584990,584990
94204877,삼성전자 Crystal UHD KU43UF8500FXKR (벽걸이),734020,734020,734020,748990,748990,748990,748990,748990
79791548,삼성전자 Crystal UHD KU43UF8500FXKR (스탠드),686000,686000,686000,699990,699990,699990,699990,699990
96059681,삼성전자 Crystal UHD KU43UF8500FXKR 이동형 패키지 (삼성 무빙 라이트),903250,903250,903250,903250,905480,893390,893390,893390
96059705,삼성전자 Crystal UHD KU43UF8500FXKR 이동형 패키지 (삼성 무빙 스탠다드),951826,951826,951826,951826,951816,941420,941420,941420
91493240,삼성전자 Crystal UHD KU43UF8570FXKR (벽걸이),740250,740250,740250,740250,732150,732150,732150,732150
79791299,삼성전자 Crystal UHD KU43UF8570FXKR (스탠드),674240,674240,674240,687990,681150,681150,681150,681150
122713696,삼성전자 Crystal UHD KU43UH8000FXKR (벽걸이),692370,692370,692370,692370,691880,688740,691880,642920
122713688,삼성전자 Crystal UHD KU43UH8000FXKR (스탠드),640550,640670,640780,640820,640890,540680,639840,640920
122652310,삼성전자 Crystal UHD KU43UH8500FXKR (벽걸이),835260,835260,835260,852290,852290,852290,852290,852290
122652304,삼성전자 Crystal UHD KU43UH8500FXKR (스탠드),746420,746420,746420,761640,761640,761640,761640,761640
10994460,삼성전자 Crystal UHD KU43UT8050FXKR (벽걸이),855000,855000,855000,855000,855000,855000,855000,855000
10888914,삼성전자 Crystal UHD KU43UT8070FXKR (벽걸이),756030,756030,756030,756030,756030,756030,756030,756030
10887981,삼성전자 Crystal UHD KU43UT8070FXKR (스탠드),660330,660330,660330,660330,660330,660330,660330,660330
13774556,삼성전자 Crystal UHD KU50UA7000FXKR (벽걸이),694990,694990,694990,694990,694990,694990,694990,694990
13747643,삼성전자 Crystal UHD KU50UA7000FXKR (스탠드),644990,644990,644990,644990,644990,644990,644990,644990
18045269,삼성전자 Crystal UHD KU50UA7000FXKR (슬림핏 벽걸이),949340,949340,949340,949340,949340,949340,949340,949340
14203322,삼성전자 Crystal UHD KU50UA7050FXKR (벽걸이),681420,681450,681460,681510,681610,681630,681720,681750
14076893,삼성전자 Crystal UHD KU50UA7050FXKR (스탠드),633780,633810,633890,633970,634070,634130,634130,634220
15351044,삼성전자 Crystal UHD KU50UA7070FXKR (벽걸이),645000,645000,645000,645000,645000,645000,645000,645000
14078924,삼성전자 Crystal UHD KU50UA7070FXKR (스탠드),644990,644990,644990,644990,644990,644990,644990,644990
13543307,삼성전자 Crystal UHD KU50UA8000FXKR (미니슬림 벽걸이),1216000,1216000,1216000,1216000,1216000,1216000,1216000,1216000
13543304,삼성전자 Crystal UHD KU50UA8000FXKR (벽걸이),1358500,1358500,1358500,1358500,1358500,1358500,1358500,1358500
13514132,삼성전자 Crystal UHD KU50UA8000FXKR (스탠드),757760,757760,757760,757760,757760,757760,757760,757760
13810352,삼성전자 Crystal UHD KU50UA8070FXKR (벽걸이),803600,803600,803600,819990,819990,819990,819990,819990
13801802,삼성전자 Crystal UHD KU50UA8070FXKR (스탠드),734950,734980,734990,745360,745420,745500,745510,745600
14513909,삼성전자 Crystal UHD KU50UA8070FXKR (슬림핏 벽걸이),990000,990000,990000,990000,990000,990000,990000,990000
14001986,삼성전자 Crystal UHD KU50UA8090FXKR (벽걸이),1500000,1500000,1500000,1500000,,,,
16680098,삼성전자 Crystal UHD KU50UB8070FXKR (벽걸이),747740,747740,747740,762990,762990,762990,762990,762990
16647188,삼성전자 Crystal UHD KU50UB8070FXKR (스탠드),656600,656600,656600,669990,669990,669990,669990,669990
19105370,삼성전자 Crystal UHD KU50UC7000FXKR (스탠드),642150,642150,642150,642150,642150,642150,642150,642150
19258805,삼성전자 Crystal UHD KU50UC7000FXKR (풀모션 슬림핏 벽걸이),694990,694990,694990,694990,694990,694990,694990,694990
19264655,삼성전자 Crystal UHD KU50UC7030FXKR (스탠드),644990,644990,644990,644990,644990,644990,644990,644990
19577288,삼성전자 Crystal UHD KU50UC7030FXKR (풀모션 슬림핏 벽걸이),694990,694990,694990,694990,694990,694990,694990,694990
19263974,삼성전자 Crystal UHD KU50UC7050FXKR (스탠드),644990,644990,644990,644990,644990,644990,644990,644990
19577303,삼성전자 Crystal UHD KU50UC7050FXKR (풀모션 슬림핏 벽걸이),645000,645000,645000,645000,645000,645000,645000,645000
19263290,삼성전자 Crystal UHD KU50UC7070FXKR (스탠드),950000,950000,950000,950000,950000,950000,950000,950000
19577480,삼성전자 Crystal UHD KU50UC7070FXKR (풀모션 슬림핏 벽걸이),1045000,1045000,1045000,1045000,1045000,1045000,1045000,1045000
19262618,삼성전자 Crystal UHD KU50UC8000FXKR (스탠드),723240,723240,723240,737990,737990,737990,737990,737990
19279049,삼성전자 Crystal UHD KU50UC8000FXKR (풀모션 슬림핏 벽걸이),979990,979990,979990,999980,999980,999980,999980,999980
19262252,삼성전자 Crystal UHD KU50UC8070FXKR (스탠드),735290,735290,735290,735290,735290,735290,735290,735290
19299956,삼성전자 Crystal UHD KU50UC8070FXKR (풀모션 슬림핏 벽걸이),950000,950000,950000,950000,950000,950000,950000,950000
39249200,삼성전자 Crystal UHD KU50UD7000FXKR (벽걸이),784000,784000,784000,799990,799990,799990,799990,799990
39249014,삼성전자 Crystal UHD KU50UD7000FXKR (스탠드),709990,709990,709990,709990,699990,699990,699990,699990
40020815,삼성전자 Crystal UHD KU50UD7030FXKR (벽걸이),693220,693220,693220,693220,693220,693220,693220,693220
40020518,삼성전자 Crystal UHD KU50UD7030FXKR (스탠드),644990,644990,644990,644990,644990,644990,644990,644990
42942002,삼성전자 Crystal UHD KU50UD7050FXKR (벽걸이),694990,694990,694990,694990,694990,694990,694990,694990
40240517,삼성전자 Crystal UHD KU50UD7050FXKR (스탠드),644990,644990,644990,644990,644990,644990,644990,644990
57897929,삼성전자 Crystal UHD KU50UD7070FXKR (벽걸이),950000,950000,950000,950000,950000,950000,950000,950000
54099761,삼성전자 Crystal UHD KU50UD7070FXKR (스탠드),700000,700000,700000,700000,700000,799990,799990,799990
39248696,삼성전자 Crystal UHD KU50UD8000FXKR (벽걸이),730000,730000,730000,730000,730000,849990,849990,849990
39248633,삼성전자 Crystal UHD KU50UD8000FXKR (스탠드),1037820,1037820,1037820,1058990,1058990,1058990,1058990,1058990
40719569,삼성전자 Crystal UHD KU50UD8070FXKR (벽걸이),799640,799760,799790,815360,815430,815500,815590,815710
36156725,삼성전자 Crystal UHD KU50UD8070FXKR (스탠드),787090,787210,787240,787300,787340,787410,787510,787630
44905073,삼성전자 Crystal UHD KU50UD8100FXKR (벽걸이),992830,992830,992830,992830,992830,992830,992830,992830
44905049,삼성전자 Crystal UHD KU50UD8100FXKR (스탠드),912640,912640,912640,913460,903470,903470,903470,903470
80569157,삼성전자 Crystal UHD KU50UF8000FXKR (벽걸이),737580,737580,737580,737580,737060,733320,737060,737060
80549930,삼성전자 Crystal UHD KU50UF8000FXKR (스탠드),682010,682010,682010,680920,680920,677700,681520,681520
93501272,삼성전자 Crystal UHD KU50UF8030FXKR (벽걸이),678620,678620,678620,678620,678620,678620,678620,678620
93181058,삼성전자 Crystal UHD KU50UF8030FXKR (스탠드),642990,642990,642990,642990,642990,642990,642990,642990
94204589,삼성전자 Crystal UHD KU50UF8500FXKR (벽걸이),980000,980000,980000,999990,999990,999990,999990,999990
79791662,삼성전자 Crystal UHD KU50UF8500FXKR (스탠드),705600,705600,705600,719990,719990,719990,719990,719990
96059741,삼성전자 Crystal UHD KU50UF8500FXKR 이동형 패키지 (삼성 무빙 라이트),1110120,1110120,1110120,1110120,1106470,1096800,1096800,1096800
96059759,삼성전자 Crystal UHD KU50UF8500FXKR 이동형 패키지 (삼성 무빙 스탠다드),1159160,1159160,1159160,1159160,1164040,1144830,1144830,1144830
88205480,삼성전자 Crystal UHD KU50UF8570FXKR (벽걸이),723460,723460,723460,723460,722940,722940,722940,722940
79791275,삼성전자 Crystal UHD KU50UF8570FXKR (스탠드),672590,672590,672590,672260,672050,672050,672050,672050
122641037,삼성전자 Crystal UHD KU50UH8000FXKR (벽걸이),714230,714230,714230,714230,709990,695000,695000,695000
122640948,삼성전자 Crystal UHD KU50UH8000FXKR (스탠드),637830,637950,638060,638100,638170,638270,638370,638490
122652168,삼성전자 Crystal UHD KU50UH8500FXKR (벽걸이),1162710,1162710,1162710,1162710,1167880,1167880,1156190,1156190
122652160,삼성전자 Crystal UHD KU50UH8500FXKR (스탠드),1065010,1065010,1065010,1065010,1058190,1058190,1058180,1058180
10942719,삼성전자 Crystal UHD KU50UT8070FXKR (벽걸이),964030,964030,964030,964030,964030,964030,964030,964030
10889637,삼성전자 Crystal UHD KU50UT8070FXKR (스탠드),792780,792810,792890,792970,793070,793090,793180,793210
13774664,삼성전자 Crystal UHD KU55UA7000FXKR (벽걸이),1027990,1027990,1027990,1027990,1027990,1027990,1027990,1027990
13747553,삼성전자 Crystal UHD KU55UA7000FXKR (스탠드),862100,862100,862100,862100,862100,862100,862100,862100
16407977,삼성전자 Crystal UHD KU55UA7000FXKR (슬림핏 벽걸이),931000,931000,931000,931000,931000,931000,931000,931000
20082689,삼성전자 Crystal UHD KU55UA7000FXKR (풀모션 슬림핏 벽걸이),931000,931000,931000,931000,931000,931000,931000,931000
14203412,삼성전자 Crystal UHD KU55UA7050FXKR (벽걸이),1029000,1029000,1029000,1029000,1029000,1029000,1029000,1029000
14076716,삼성전자 Crystal UHD KU55UA7050FXKR (스탠드),979000,979000,979000,979000,979000,979000,979000,979000
16143857,삼성전자 Crystal UHD KU55UA7070FXKR (벽걸이),979000,979000,979000,979000,979000,979000,979000,979000
14078840,삼성전자 Crystal UHD KU55UA7070FXKR (스탠드),1029000,1029000,1029000,1029000,1029000,1029000,1029000,1029000
13801724,삼성전자 Crystal UHD KU55UA8070FXKR (미니슬림 벽걸이),1100850,1100850,1100850,1100850,1100850,1100850,1100850,1100850
13801727,삼성전자 Crystal UHD KU55UA8070FXKR (벽걸이),1127220,1127220,1127220,1146650,1140820,1140820,1140820,1140820
13801646,삼성전자 Crystal UHD KU55UA8070FXKR (스탠드),833000,833000,833000,849990,849990,849990,849990,849990
14002073,삼성전자 Crystal UHD KU55UA8090FXKR (미니슬림 벽걸이),1519990,1519990,1519990,1519990,1519990,1519990,1519990,1519990
14002061,삼성전자 Crystal UHD KU55UA8090FXKR (벽걸이),1519990,1519990,1519990,1519990,1519990,1519990,1519990,1519990
13819853,삼성전자 Crystal UHD KU55UA8090FXKR (스탠드),1282500,1282500,1282500,1282500,1282500,1282500,1282500,1282500
15611090,삼성전자 Crystal UHD KU55UA8180FXKR (벽걸이),1036170,1036170,1036170,1036170,1036170,1036170,1036170,1036170
16680257,삼성전자 Crystal UHD KU55UB8000FXKR (벽걸이),1180560,1180560,1180560,1180560,1189440,1165780,1165780,1165780
16645988,삼성전자 Crystal UHD KU55UB8000FXKR (스탠드),1078000,1078000,1078000,1095750,1082730,1082730,1082730,1082730
16687898,삼성전자 Crystal UHD KU55UB8070FXKR (벽걸이),1024900,1024900,1024900,1024900,1024900,1024900,1024900,1024900
16647149,삼성전자 Crystal UHD KU55UB8070FXKR (스탠드),1200000,1200000,1200000,1200000,1200000,1200000,1200000,1200000
16687907,삼성전자 Crystal UHD KU55UB8070FXKR (슬림핏 벽걸이),1074900,1074900,1074900,1074900,1074900,1074900,1074900,1074900
16711772,삼성전자 Crystal UHD KU55UB8100FXKR (벽걸이),1505280,1505280,1505280,1535990,1535990,1535990,1535990,1535990
16644872,삼성전자 Crystal UHD KU55UB8100FXKR (스탠드),980000,980000,980000,999990,999990,999990,999990,999990
65366705,"삼성전자 Crystal UHD KU55UC7000FXKR (벽걸이+사운드바, HW-C400)",2614800,2614800,2614800,2606210,2606210,2606210,2548190,2548190
73885679,"삼성전자 Crystal UHD KU55UC7000FXKR (벽걸이+사운드바, HW-C450)",1428390,1428390,1428390,1428390,1428390,1428390,1428390,1428390
19105334,삼성전자 Crystal UHD KU55UC7000FXKR (스탠드),756560,756560,756560,765590,765590,742000,742000,742000
20108021,"삼성전자 Crystal UHD KU55UC7000FXKR (스탠드+사운드바, HW-C450)",1443260,1443260,1443260,1443270,1439490,1439490,1439490,1439490
19258838,삼성전자 Crystal UHD KU55UC7000FXKR (풀모션 슬림핏 벽걸이),830550,830550,830550,842150,842150,842150,842150,842150
19264610,삼성전자 Crystal UHD KU55UC7030FXKR (스탠드),838990,838990,838990,838990,838990,838990,838990,838990
19577252,삼성전자 Crystal UHD KU55UC7030FXKR (풀모션 슬림핏 벽걸이),898990,898990,898990,898990,898990,898990,898990,898990
19263929,삼성전자 Crystal UHD KU55UC7050FXKR (스탠드),779990,779990,779990,779990,779990,779990,779990,779990
19577363,삼성전자 Crystal UHD KU55UC7050FXKR (풀모션 슬림핏 벽걸이),839990,839990,839990,839990,839990,839990,839990,839990
19263242,삼성전자 Crystal UHD KU55UC7070FXKR (스탠드),891780,891790,891790,909520,909520,909530,909530,909540
19577372,삼성전자 Crystal UHD KU55UC7070FXKR (풀모션 슬림핏 벽걸이),979990,979990,980000,999520,999520,999530,999530,999540
19262519,삼성전자 Crystal UHD KU55UC8000FXKR (스탠드),932600,932600,932600,951620,951620,951620,951620,951620
19279067,삼성전자 Crystal UHD KU55UC8000FXKR (풀모션 슬림핏 벽걸이),1020860,1020860,1020860,1041680,1041680,1041680,1041680,1041680
65427521,"삼성전자 Crystal UHD KU55UC8100FXKR (벽걸이+사운드바, HW-C400)",1177500,1177500,1177500,1177500,1177500,1177500,1177500,1177500
66064112,"삼성전자 Crystal UHD KU55UC8100FXKR (벽걸이+사운드바, HW-C450)",1397100,1397100,1397100,1397100,1397100,1397100,1397100,1397100
19206191,삼성전자 Crystal UHD KU55UC8100FXKR (스탠드),872160,872190,872200,872250,872290,872370,872390,872480
59928626,"삼성전자 Crystal UHD KU55UC8100FXKR (스탠드+사운드바, HW-B650)",1499200,1499200,1499200,1499200,1499200,1499200,1499200,1499200
30093479,"삼성전자 Crystal UHD KU55UC8100FXKR (스탠드+사운드바, HW-C400)",1177500,1177500,1177500,1177500,1177500,1177500,1177500,1177500
59928266,"삼성전자 Crystal UHD KU55UC8100FXKR (스탠드+사운드바, HW-C450)",1318000,1318000,1318000,1318000,1313850,1300350,1300350,1300350
19261373,삼성전자 Crystal UHD KU55UC8100FXKR (풀모션 슬림핏 벽걸이),985640,985640,985640,1005740,1005740,1005740,995200,995200
19260440,삼성전자 Crystal UHD KU55UC8500FXKR (스탠드),1133420,1133420,1133420,1133420,1133420,1119620,1119620,1119620
19278755,삼성전자 Crystal UHD KU55UC8500FXKR (풀모션 슬림핏 벽걸이),1206780,1206780,1206780,1206780,1215630,1191450,1191450,1191450
39249197,삼성전자 Crystal UHD KU55UD7000FXKR (벽걸이),899990,899990,899990,899990,899990,899990,899990,899990
65355572,"삼성전자 Crystal UHD KU55UD7000FXKR (벽걸이+사운드바, HW-C400)",814850,814850,814850,831460,831460,831460,831460,831460
39249035,삼성전자 Crystal UHD KU55UD7000FXKR (스탠드),855580,855580,855580,855580,855580,855580,855580,855580
43526558,"삼성전자 Crystal UHD KU55UD7000FXKR (스탠드+사운드바, HW-C400)",1165960,1165960,1165960,1165960,1165960,1165960,1165960,1123949
40020812,삼성전자 Crystal UHD KU55UD7030FXKR (벽걸이),849990,849990,849990,849990,849990,909990,900800,900800
40020641,삼성전자 Crystal UHD KU55UD7030FXKR (스탠드),830060,830060,830060,846990,846990,846990,817000,817000
40240784,삼성전자 Crystal UHD KU55UD7050FXKR (벽걸이),869990,869990,869990,869990,869990,869990,864000,864000
40240538,삼성전자 Crystal UHD KU55UD7050FXKR (스탠드),780080,780080,780080,795990,795990,795990,766000,766000
58421024,삼성전자 Crystal UHD KU55UD7070FXKR (벽걸이),793350,793350,793350,793350,793350,793350,793350,793350
54099764,삼성전자 Crystal UHD KU55UD7070FXKR (스탠드),784000,784000,784000,799990,799990,799990,799990,799990
39248702,삼성전자 Crystal UHD KU55UD8000FXKR (벽걸이),1213510,1213510,1213510,1213510,1213510,1213510,1213510,1213510
39248651,삼성전자 Crystal UHD KU55UD8000FXKR (스탠드),735000,735000,735000,749990,749990,900000,900000,900000
41611871,삼성전자 Crystal UHD KU55UD8070FXKR (벽걸이),862400,862400,862400,879990,879990,879990,879990,879990
41611856,삼성전자 Crystal UHD KU55UD8070FXKR (스탠드),862400,862400,862400,879990,879990,879990,879990,879990
44409785,삼성전자 Crystal UHD KU55UD8100FXKR (벽걸이),991500,991500,991500,991500,991500,991500,991500,991500
65367059,"삼성전자 Crystal UHD KU55UD8100FXKR (벽걸이+사운드바, HW-S50B)",1036990,1036990,1036990,1036990,1036990,1036990,1036990,998957
44409746,삼성전자 Crystal UHD KU55UD8100FXKR (스탠드),929920,929920,929920,948880,948880,948880,948880,948880
44409791,"삼성전자 Crystal UHD KU55UD8100FXKR (스탠드+사운드바, HW-S50B)",1036990,1036990,1036990,1036990,1036990,1036990,1036990,998957
65300090,삼성전자 Crystal UHD KU55UDE800FXKR (벽걸이),1339800,1339800,1339800,1339800,1339800,1339800,1339800,1339800
65300009,삼성전자 Crystal UHD KU55UDE800FXKR (스탠드),1400000,1400000,1400000,1400000,1400000,1400000,1400000,1400000
80569169,삼성전자 Crystal UHD KU55UF8000FXKR (벽걸이),845740,845740,845740,862990,862990,862990,862990,862990
80550953,삼성전자 Crystal UHD KU55UF8000FXKR (스탠드),821150,821150,821150,837890,837890,835400,837890,837890
93501632,삼성전자 Crystal UHD KU55UF8030FXKR (벽걸이),876520,876520,876520,887830,711190,711190,831290,831320
93501572,삼성전자 Crystal UHD KU55UF8030FXKR (스탠드),822220,822220,822220,829000,829000,799000,799000,799000
94204556,삼성전자 Crystal UHD KU55UF8500FXKR (벽걸이),1063500,1063500,1063500,1085190,1085190,1085190,1085190,1085190
79791722,삼성전자 Crystal UHD KU55UF8500FXKR (스탠드),912380,912380,912380,930990,930990,930990,930990,930990
88205486,삼성전자 Crystal UHD KU55UF8570FXKR (벽걸이),885278,885783,885783,885783,885783,885783,885783,885310
79552352,삼성전자 Crystal UHD KU55UF8570FXKR (스탠드),832420,832420,832420,832420,832420,832420,831970,831970
95285924,삼성전자 Crystal UHD KU55UF8570FXKR 이동형 패키지 (삼성 무빙 라이트),1117200,1117200,1117200,1117200,1117200,1117200,1117200,1117200
122641079,삼성전자 Crystal UHD KU55UH8000FXKR (벽걸이),878900,878990,879100,879180,879290,879360,879450,879570
122641101,삼성전자 Crystal UHD KU55UH8000FXKR (스탠드),816570,816690,816720,827030,827100,827170,827260,827290
122652195,삼성전자 Crystal UHD KU55UH8500FXKR (벽걸이),1274000,1274000,1274000,1299990,1299990,1299990,1299990,1299990
122652192,삼성전자 Crystal UHD KU55UH8500FXKR (스탠드),1176000,1176000,1176000,1199990,1199990,1199990,1199990,1199990
10822590,삼성전자 Crystal UHD KU55UT7000FXKR (스탠드),1139990,1139990,1139990,1139990,1139990,1139990,1139990,1139990
13013462,삼성전자 Crystal UHD KU55UT8180FXKR (벽걸이),1520000,1520000,1520000,1520000,1520000,1520000,1520000,1520000
13013381,삼성전자 Crystal UHD KU55UT8180FXKR (스탠드),1425000,1425000,1425000,1425000,1425000,1425000,1425000,1425000
10904901,삼성전자 Crystal UHD KU55UT8500FXKR (벽걸이),1340400,1340400,1340400,1340400,1368000,1326060,1326060,1326060
10888368,삼성전자 Crystal UHD KU55UT8500FXKR (스탠드),1340400,1340400,1340400,1340400,1368000,1326060,1326060,1326060
19105289,삼성전자 Crystal UHD KU58UC7000FXKR (스탠드),1077980,1077980,1077980,1099970,1099970,1099970,1099970,1099970
19258892,삼성전자 Crystal UHD KU58UC7000FXKR (풀모션 슬림핏 벽걸이),1078000,1078000,1078000,1099990,1099990,1099990,1099990,1099990
14001695,삼성전자 Crystal UHD KU60UA8090FXKR (벽걸이),1514150,1514150,1514150,1514150,1514150,1514150,1514150,1514150
13819751,삼성전자 Crystal UHD KU60UA8090FXKR (스탠드),1418200,1418200,1418200,1418200,1418200,1418200,1418200,1418200
16680275,삼성전자 Crystal UHD KU60UB8000FXKR (벽걸이),1392210,1392210,1392210,1420610,1420610,1420610,1420610,1420610
16645850,삼성전자 Crystal UHD KU60UB8000FXKR (스탠드),1489600,1489600,1489600,1519990,1519990,1519990,1519990,1519990
18436949,삼성전자 Crystal UHD KU60UB8000FXKR (슬림핏 벽걸이),1425000,1425000,1425000,1425000,1425000,1425000,1425000,1425000
13783070,삼성전자 Crystal UHD KU65UA7000FXKR (벽걸이),999600,999600,999600,1019990,1019990,1019990,1019990,1019990
26434688,"삼성전자 Crystal UHD KU65UA7000FXKR (벽걸이+사운드바, HW-B450)",1469000,1469000,1469000,1469000,1469000,1319120,1319120,1319120
13747409,삼성전자 Crystal UHD KU65UA7000FXKR (스탠드),978790,978790,978790,998750,998750,998750,998750,998750
14203121,삼성전자 Crystal UHD KU65UA7050FXKR (벽걸이),1830000,1830000,1830000,1830000,1830000,1830000,1830000,1830000
14076365,삼성전자 Crystal UHD KU65UA7050FXKR (스탠드),1360640,1360640,1360640,1360640,1360640,1360640,1360640,1360640
19822391,삼성전자 Crystal UHD KU65UA7070FXKR (벽걸이),1329910,1329910,1329910,1329910,1329910,1329910,1329910,1329910
14078744,삼성전자 Crystal UHD KU65UA7070FXKR (스탠드),1149500,1149500,1149500,1149500,1149500,1149500,1149500,1149500
13800641,삼성전자 Crystal UHD KU65UA8070FXKR (미니슬림 벽걸이),1795490,1795490,1795490,1795490,1795490,1795490,1795490,1795490
13822778,삼성전자 Crystal UHD KU65UA8070FXKR (벽걸이),1567990,1567990,1567990,1599980,1599980,1599980,1599980,1599980
13800347,삼성전자 Crystal UHD KU65UA8070FXKR (스탠드),1200000,1200000,1200000,1200000,1200000,1200000,1200000,1200000
14001791,삼성전자 Crystal UHD KU65UA8090FXKR (벽걸이),1469990,1469990,1469990,1499980,1499980,1499980,1499980,1499980
13819688,삼성전자 Crystal UHD KU65UA8090FXKR (스탠드),1126010,1126010,1126010,1148980,1148980,1148980,1148980,1148980
16837763,"삼성전자 Crystal UHD KU65UB8000FXKR (+사운드바, HW-B550)",4000000,4000000,4000000,4000000,4000000,4000000,4000000,4000000
16680305,삼성전자 Crystal UHD KU65UB8000FXKR (벽걸이),1469980,1469980,1469980,1499970,1499970,1499970,1499970,1499970
16645802,삼성전자 Crystal UHD KU65UB8000FXKR (스탠드),1207500,1207500,1207500,1232130,1232130,1232130,1232130,1232130
16737875,삼성전자 Crystal UHD KU65UB8070FXKR (벽걸이),1041590,1041590,1041590,1041590,1041590,1041590,1041590,1041590
16707761,삼성전자 Crystal UHD KU65UB8070FXKR (스탠드),954170,954170,954170,954170,954170,954170,954170,954170
17821715,삼성전자 Crystal UHD KU65UB8100FXKR (미니슬림 벽걸이),1332800,1332800,1332800,1332800,1332800,1332800,1332800,1332800
16655345,삼성전자 Crystal UHD KU65UB8100FXKR (벽걸이),1238310,1238310,1238310,1263570,1263570,1263570,1263570,1263570
16644791,삼성전자 Crystal UHD KU65UB8100FXKR (스탠드),1279490,1279490,1279490,1279490,1262640,1262640,1262640,1262640
66063353,"삼성전자 Crystal UHD KU65UC7000FXKR (벽걸이+사운드바, HW-C450)",2957351,2957351,2957351,2957351,2957351,2901100,2911100,2849300
19105250,삼성전자 Crystal UHD KU65UC7000FXKR (스탠드),969310,969340,969350,969630,969700,969730,969820,969850
28054760,"삼성전자 Crystal UHD KU65UC7000FXKR (스탠드+사운드바, HW-C450)",2957351,2957351,2957351,2957351,2957351,2901100,2911100,2849300
19258844,삼성전자 Crystal UHD KU65UC7000FXKR (풀모션 슬림핏 벽걸이),1027590,1027680,1027710,1048330,1048400,1048430,1048520,1048550
19264454,삼성전자 Crystal UHD KU65UC7030FXKR (스탠드),978040,978040,978040,997990,997990,959990,959990,959990
19577324,삼성전자 Crystal UHD KU65UC7030FXKR (풀모션 슬림핏 벽걸이),1067800,1067800,1067800,1067800,1067800,1067800,1067800,1067800
19263824,삼성전자 Crystal UHD KU65UC7050FXKR (스탠드),1111280,1111280,1111280,1111280,1097930,1097930,1097930,1097930
19577387,삼성전자 Crystal UHD KU65UC7050FXKR (풀모션 슬림핏 벽걸이),1187500,1187500,1187500,1187500,1187500,1187500,1187500,1187500
19263212,삼성전자 Crystal UHD KU65UC7070FXKR (스탠드),1274000,1274000,1274000,1299990,1299990,1299990,1299990,1299990
19577228,삼성전자 Crystal UHD KU65UC7070FXKR (풀모션 슬림핏 벽걸이),1372000,1372000,1372000,1399990,1399990,1399990,1399990,1399990
19262483,삼성전자 Crystal UHD KU65UC8000FXKR (스탠드),1171650,1171650,1171650,1195550,1195550,1195550,1195550,1195550
19279085,삼성전자 Crystal UHD KU65UC8000FXKR (풀모션 슬림핏 벽걸이),1221070,1221070,1221070,1245980,1245980,1245980,1245980,1245980
19261802,삼성전자 Crystal UHD KU65UC8070FXKR (스탠드),980000,980000,980000,999990,999990,999990,999990,999990
19299917,삼성전자 Crystal UHD KU65UC8070FXKR (풀모션 슬림핏 벽걸이),1048600,1048600,1048600,1069990,1069990,1069990,1069990,1069990
65427701,"삼성전자 Crystal UHD KU65UC8100FXKR (벽걸이+사운드바, HW-C400)",1426700,1426700,1426700,1426700,1426700,1426700,1426700,1426700
65427725,"삼성전자 Crystal UHD KU65UC8100FXKR (벽걸이+사운드바, HW-C450)",1547680,1547680,1547680,1547680,1533140,1525250,1525250,1525250
19206158,삼성전자 Crystal UHD KU65UC8100FXKR (스탠드),1202450,1202450,1202450,1226980,1226980,1226980,1226980,1226980
59929136,"삼성전자 Crystal UHD KU65UC8100FXKR (스탠드+사운드바, HW-B650)",1748500,1748500,1748500,1748500,1748500,1778500,1748500,1748500
59929124,"삼성전자 Crystal UHD KU65UC8100FXKR (스탠드+사운드바, HW-C400)",1426700,1426700,1426700,1426700,1426700,1426700,1426700,1426700
31282979,"삼성전자 Crystal UHD KU65UC8100FXKR (스탠드+사운드바, HW-C450)",1547680,1547680,1547680,1547680,1533140,1525250,1525250,1525250
19261358,삼성전자 Crystal UHD KU65UC8100FXKR (풀모션 슬림핏 벽걸이),1285790,1285790,1285790,1312020,1312020,1312020,1312020,1312020
39249191,삼성전자 Crystal UHD KU65UD7000FXKR (벽걸이),1097600,1097600,1097600,1119990,1119990,1119990,1090000,1090000
65366396,"삼성전자 Crystal UHD KU65UD7000FXKR (벽걸이+사운드바, HW-C400)",1465090,1465090,1465090,1465090,1465090,1331500,1198120,1198120
39249074,삼성전자 Crystal UHD KU65UD7000FXKR (스탠드),1038800,1038800,1038800,1052120,1052190,1052200,1030000,1030000
43526564,"삼성전자 Crystal UHD KU65UD7000FXKR (스탠드+사운드바, HW-C400)",1911470,1911590,1911700,1911800,1911910,1912020,1912040,1912080
40020809,삼성전자 Crystal UHD KU65UD7030FXKR (벽걸이),1094950,1094950,1094960,1094960,1094970,1094970,1094980,1094980
40020674,삼성전자 Crystal UHD KU65UD7030FXKR (스탠드),999600,999600,999600,1019990,1019990,1019990,1019990,1019990
40240778,삼성전자 Crystal UHD KU65UD7050FXKR (벽걸이),1049990,1049990,1049990,1049990,1049990,1049990,1049990,1049990
40240679,삼성전자 Crystal UHD KU65UD7050FXKR (스탠드),999010,999010,999010,999010,999010,999010,999010,999010
57896726,삼성전자 Crystal UHD KU65UD7070FXKR (벽걸이),1293590,1293590,1293600,1319800,1319810,1319810,1319820,1319820
49274150,삼성전자 Crystal UHD KU65UD7070FXKR (스탠드),1037900,1037900,1037900,1037900,1037900,1037900,1037900,1037900
39248705,삼성전자 Crystal UHD KU65UD8000FXKR (벽걸이),1129990,1129990,1129990,1129990,1129990,1179990,1179990,1179990
39248654,삼성전자 Crystal UHD KU65UD8000FXKR (스탠드),1070000,1070000,1070000,1070000,1070000,1229990,1229990,1229990
40719560,삼성전자 Crystal UHD KU65UD8070FXKR (벽걸이),1069860,1069860,1069860,1069860,1069860,1069860,1069860,1069860
36156686,삼성전자 Crystal UHD KU65UD8070FXKR (스탠드),1004310,1004430,1004540,1004580,1004660,1004760,1004780,1004880
44409380,삼성전자 Crystal UHD KU65UD8100FXKR (벽걸이),1266720,1266720,1266720,1266720,1266720,1263930,1263930,1263930
65367644,"삼성전자 Crystal UHD KU65UD8100FXKR (벽걸이+사운드바, HW-S50B)",1898100,1898100,1898100,1898100,1858140,1898100,1898100,1858140
44409317,삼성전자 Crystal UHD KU65UD8100FXKR (스탠드),1890500,1890500,1890500,1890500,1890500,1890500,1890500,1890500
44409389,"삼성전자 Crystal UHD KU65UD8100FXKR (스탠드+사운드바, HW-S50B)",1898100,1898100,1898100,1898100,1898100,1898100,1898100,1898100
80569175,삼성전자 Crystal UHD KU65UF8000FXKR (벽걸이),1108800,1107000,1118790,1107000,1124600,1109310,1104420,1104420
80565860,삼성전자 Crystal UHD KU65UF8000FXKR (스탠드),1052850,1052850,1052850,1052850,1068800,1050500,1050500,1050500
93501425,삼성전자 Crystal UHD KU65UF8030FXKR (벽걸이),1020000,1020000,1020000,1020000,1020000,1020000,1020000,1020000
93501350,삼성전자 Crystal UHD KU65UF8030FXKR (스탠드),948680,948680,948680,948680,948680,948680,948680,948680
94204571,삼성전자 Crystal UHD KU65UF8500FXKR (벽걸이),1366120,1366120,1366120,1393990,1393990,1393990,1393990,1393990
79791902,삼성전자 Crystal UHD KU65UF8500FXKR (스탠드),1213440,1213440,1213440,1238180,1238180,1238180,1238180,1238180
97707344,삼성전자 Crystal UHD KU65UF8570FXKR (벽걸이),1215200,1215200,1215200,1239990,1239990,1239990,1239990,1239990
96422462,삼성전자 Crystal UHD KU65UF8570FXKR (스탠드),1100570,1100690,1100720,1100780,1100820,1100860,1100950,1101070
122641155,삼성전자 Crystal UHD KU65UH8000FXKR (벽걸이),1068560,1068560,1068620,1068700,1068750,1068740,1068860,1068980
122641150,삼성전자 Crystal UHD KU65UH8000FXKR (스탠드),1031300,1031360,1031360,1031360,1031420,1031420,1031600,1031720
122652246,삼성전자 Crystal UHD KU65UH8500FXKR (벽걸이),1162720,1162720,1162720,1162720,1167890,1167890,1167890,1156200
122652245,삼성전자 Crystal UHD KU65UH8500FXKR (스탠드),1065020,1065020,1065020,1065020,1069760,1059250,1059250,1058190
10887327,삼성전자 Crystal UHD KU65UT8070FXKR (벽걸이),1453880,1453880,1453880,1453880,1453880,1453880,1453880,1453880
10887234,삼성전자 Crystal UHD KU65UT8070FXKR (스탠드),1329990,1329990,1329990,1329990,1329990,1329990,1329990,1329990
13782707,삼성전자 Crystal UHD KU70UA7000FXKR (벽걸이),1330800,1330800,1330800,1357940,1357940,1357940,1357940,1357940
13747316,삼성전자 Crystal UHD KU70UA7000FXKR (스탠드),1285650,1285650,1285650,1311870,1311870,1311870,1311870,1311870
16771529,삼성전자 Crystal UHD KU70UA7070FXKR (벽걸이),1406000,1406010,1406010,1406020,1406020,1406030,1406030,1406040
14078645,삼성전자 Crystal UHD KU70UA7070FXKR (스탠드),1250000,1250000,1250000,1250000,1250000,1250000,1250000,1250000
13802894,삼성전자 Crystal UHD KU70UA8070FXKR (벽걸이),1307000,1307000,1307000,1307000,1307000,1307000,1307000,1307000
13802825,삼성전자 Crystal UHD KU70UA8070FXKR (스탠드),1764000,1764000,1764000,1799990,1799990,1799990,1799990,1799990
14512571,삼성전자 Crystal UHD KU70UA8070FXKR (슬림핏 벽걸이),1710000,1710000,1710000,1710000,1710000,1710000,1710000,1710000
13956737,삼성전자 Crystal UHD KU70UA8090FXKR (벽걸이),1379730,1379740,1379740,1379750,1379750,1379760,1379770,1379770
13819493,삼성전자 Crystal UHD KU70UA8090FXKR (스탠드),1280000,1280000,1280000,1280000,1280000,1280000,1280000,1280000
19105169,삼성전자 Crystal UHD KU70UC7000FXKR (스탠드),1377500,1377500,1377500,1377500,1377500,1377500,1377500,1377500
19646045,삼성전자 Crystal UHD KU70UC7000FXKR (슬림핏 벽걸이),1900000,1900000,1900000,1900000,1900000,1900000,1900000,1900000
19278416,삼성전자 Crystal UHD KU70UC7000FXKR (풀모션 슬림핏 벽걸이),1425000,1425000,1425000,1425000,1425000,1425000,1425000,1425000
55793687,삼성전자 Crystal UHD KU70UD7070FXKR (벽걸이),1589400,1589400,1589400,1589400,1589400,1589400,1589400,1589400
54099773,삼성전자 Crystal UHD KU70UD7070FXKR (스탠드),1319400,1319400,1319400,1319400,1319400,1319400,1319400,1319400
13782767,삼성전자 Crystal UHD KU75UA7000FXKR (벽걸이),1419990,1419990,1419990,1419990,1419990,1419990,1419990,1419990
65428928,"삼성전자 Crystal UHD KU75UA7000FXKR (벽걸이+사운드바, HW-C450)",1496250,1496250,1496250,1496250,1484410,1474890,1474890,1474890
13747265,삼성전자 Crystal UHD KU75UA7000FXKR (스탠드),1365120,1365150,1365230,1365310,1365350,1365390,1365390,1365480
59927429,"삼성전자 Crystal UHD KU75UA7000FXKR (스탠드+사운드바, HW-A450)",1869000,1869000,1869000,1869000,1869000,1869000,1699000,1699000
59927396,"삼성전자 Crystal UHD KU75UA7000FXKR (스탠드+사운드바, HW-C450)",1496250,1496250,1496250,1496250,1484410,1474890,1474890,1474890
16680329,삼성전자 Crystal UHD KU75UB8000FXKR (벽걸이),1881410,,,,,,,
16645700,삼성전자 Crystal UHD KU75UB8000FXKR (스탠드),1510940,,,,,,,
16687853,삼성전자 Crystal UHD KU75UB8070FXKR (벽걸이),1359560,1359590,1359670,1359750,1359790,1359850,1359850,1359860
16646981,삼성전자 Crystal UHD KU75UB8070FXKR (스탠드),1357000,1357000,1357000,1357000,1357000,1357000,1357000,1357000
73696943,"삼성전자 Crystal UHD KU75UC7000FXKR (벽걸이+사운드바, HW-B650)",2027400,2027400,2027400,2027400,2027400,2027400,2057400,2057400
67622669,"삼성전자 Crystal UHD KU75UC7000FXKR (벽걸이+사운드바, HW-C400)",1705600,1705600,1705600,1705600,1705600,1705600,1705600,1705600
73696976,"삼성전자 Crystal UHD KU75UC7000FXKR (벽걸이+사운드바, HW-C450)",1924200,1924200,1924200,1924200,1924200,1924200,1954200,1954200
19105091,삼성전자 Crystal UHD KU75UC7000FXKR (스탠드),1300000,1300000,1300000,1300000,1300000,1300000,1300000,1300000
59827637,"삼성전자 Crystal UHD KU75UC7000FXKR (스탠드+사운드바, HW-B650)",2027400,2027400,2027400,2027400,2027400,2027400,2057400,2057400
59827607,"삼성전자 Crystal UHD KU75UC7000FXKR (스탠드+사운드바, HW-C400)",1705600,1705600,1705600,1705600,1705600,1705600,1705600,1705600
28024838,"삼성전자 Crystal UHD KU75UC7000FXKR (스탠드+사운드바, HW-C450)",1924200,1924200,1924200,1924200,1924200,1924200,1954200,1954200
19258751,삼성전자 Crystal UHD KU75UC7000FXKR (풀모션 슬림핏 벽걸이),1320000,1320000,1320000,1320000,1320000,1250000,1250000,1250000
19264316,삼성전자 Crystal UHD KU75UC7030FXKR (스탠드),1470000,1470000,1470000,1474770,1453860,1453860,1453860,1453860
19577417,삼성전자 Crystal UHD KU75UC7030FXKR (풀모션 슬림핏 벽걸이),1542460,1542460,1542460,1530400,1520140,1520140,1520140,1520140
19263779,삼성전자 Crystal UHD KU75UC7050FXKR (스탠드),1491970,1491970,1491970,1491970,1491970,1491970,,
19577396,삼성전자 Crystal UHD KU75UC7050FXKR (풀모션 슬림핏 벽걸이),1548990,1548990,1548990,1548990,1548990,1548990,,
19262456,삼성전자 Crystal UHD KU75UC8000FXKR (스탠드),1498990,1498990,1498990,1498990,1498990,1498990,,
19279097,삼성전자 Crystal UHD KU75UC8000FXKR (풀모션 슬림핏 벽걸이),1548990,1548990,1548990,1548990,1548990,1548990,,
73616336,"삼성전자 Crystal UHD KU75UC8070FXKR (벽걸이+사운드바, HW-C400)",2561210,2561320,2561430,2561510,2561550,2561610,2561700,2561820
19261733,삼성전자 Crystal UHD KU75UC8070FXKR (스탠드),1198760,1198760,1198760,1198760,1198760,1198760,1198760,1198760
45997310,"삼성전자 Crystal UHD KU75UC8070FXKR (스탠드+사운드바, HW-C400)",2561320,2561440,2561550,2561590,2561660,2561730,2561820,2561850
19299902,삼성전자 Crystal UHD KU75UC8070FXKR (풀모션 슬림핏 벽걸이),1320590,1320590,1320590,1320590,1320590,1320590,1320590,1320590
39249179,삼성전자 Crystal UHD KU75UD7000FXKR (벽걸이),1313200,1313200,1313200,1339990,1339990,1339990,1339990,1339990
65366906,"삼성전자 Crystal UHD KU75UD7000FXKR (벽걸이+사운드바, HW-C400)",1496780,1496780,1496780,1496780,1496780,1496780,1496780,1442195
39249104,삼성전자 Crystal UHD KU75UD7000FXKR (스탠드),1243620,1243620,1243620,1268530,1268640,1268740,1268840,1268960
43526543,"삼성전자 Crystal UHD KU75UD7000FXKR (스탠드+사운드바, HW-C400)",1496780,1496780,1496780,1496780,1496780,1496780,1496780,1442195
40020800,삼성전자 Crystal UHD KU75UD7030FXKR (벽걸이),1305460,1305580,1305690,1305780,1305810,1305870,1305960,1306080
40020701,삼성전자 Crystal UHD KU75UD7030FXKR (스탠드),1250780,1250900,1251010,1251050,1251120,1251210,1251320,1251440
40240775,삼성전자 Crystal UHD KU75UD7050FXKR (벽걸이),1268900,1268900,1268900,1268900,1268900,1268900,1268900,1268900
40240688,삼성전자 Crystal UHD KU75UD7050FXKR (스탠드),1268890,1268890,1268890,1268890,1268890,1253360,1253360,1253360
55384469,삼성전자 Crystal UHD KU75UD7070FXKR (벽걸이),1582700,1582700,1582700,1582700,1582700,1582700,1582700,1582700
65428874,"삼성전자 Crystal UHD KU75UD7070FXKR (벽걸이+사운드바, HW-C400)",2571080,2571080,2571080,2571080,2571080,2571080,2571080,2571080
54099776,삼성전자 Crystal UHD KU75UD7070FXKR (스탠드),1632680,1632680,1632680,1665990,1665990,1665990,1665990,1665990
55328645,"삼성전자 Crystal UHD KU75UD7070FXKR (스탠드+사운드바, HW-C400)",2571080,2571080,2571080,2571080,2571080,2571080,2571080,2571080
39248711,삼성전자 Crystal UHD KU75UD8000FXKR (벽걸이),1350000,1350000,1350000,1350000,1350000,1649990,1649990,1649990
39248663,삼성전자 Crystal UHD KU75UD8000FXKR (스탠드),1300000,1300000,1300000,1300000,1300000,1617440,1617440,1617440
41612129,삼성전자 Crystal UHD KU75UD8070FXKR (벽걸이),1422890,1422890,1422890,1422890,1422890,1422890,1422890,1422890
41612099,삼성전자 Crystal UHD KU75UD8070FXKR (스탠드),1319990,1319990,1319990,1319990,1319990,1319990,1319990,1319990
53779631,삼성전자 Crystal UHD KU75UD8090FXKR (벽걸이),1804050,1804050,1804050,1804050,1804050,1804050,1804050,1804050
53779595,삼성전자 Crystal UHD KU75UD8090FXKR (스탠드),1709050,1709050,1709050,1709050,1709050,1709050,1709050,1709050
44409626,삼성전자 Crystal UHD KU75UD8100FXKR (벽걸이),1585890,1585890,1585890,1585890,1585890,1579970,1579970,1579970
91114670,"삼성전자 Crystal UHD KU75UD8100FXKR (벽걸이+사운드바, HW-B650D)",1735510,1735510,1735510,1735510,1735510,1728400,1728400,1728400
68363690,"삼성전자 Crystal UHD KU75UD8100FXKR (벽걸이+사운드바, HW-S50B)",1796870,1796870,1796870,1833460,1833490,1833530,1788800,1788800
44409563,삼성전자 Crystal UHD KU75UD8100FXKR (스탠드),1519000,1519000,1519000,1519000,1519000,1519000,1519000,1519000
91115159,"삼성전자 Crystal UHD KU75UD8100FXKR (스탠드+사운드바, HW-B650D)",1735510,1735510,1735510,1735510,1735510,1728400,1728400,1728400
68363672,"삼성전자 Crystal UHD KU75UD8100FXKR (스탠드+사운드바, HW-S50B)",1796870,1796870,1796870,1833370,1833440,1833530,1788800,1788800
65300081,삼성전자 Crystal UHD KU75UDE800FXKR (벽걸이),1497550,1497550,1497550,1497550,1506130,1476170,1476170,1476170
65299976,삼성전자 Crystal UHD KU75UDE800FXKR (스탠드),1497550,1497550,1497550,1497550,1506130,1476170,1476170,1476170
80569193,삼성전자 Crystal UHD KU75UF8000FXKR (벽걸이),1364530,1364530,1358950,1358950,1358950,1485970,1485970,1485970
80569082,삼성전자 Crystal UHD KU75UF8000FXKR (스탠드),1293580,1301210,1301210,1306870,1306870,1425970,1425970,1425970
93501503,삼성전자 Crystal UHD KU75UF8030FXKR (벽걸이),1208830,1208830,1208830,1233490,1233490,1233490,1233490,1233490
93501482,삼성전자 Crystal UHD KU75UF8030FXKR (스탠드),1152880,1152880,1152880,1176390,1176390,1176390,1176390,1176390
101189069,삼성전자 Crystal UHD KU75UF8050FXKR (벽걸이),1227840,1227850,1227850,1227860,1227860,1227870,1227870,1227880
101189066,삼성전자 Crystal UHD KU75UF8050FXKR (스탠드),1167780,1167790,1167790,1167800,1167800,1167810,1167810,1167820
94261295,삼성전자 Crystal UHD KU75UF8500FXKR (벽걸이),1290660,1290660,1290660,1316990,1316990,1316990,1316990,1316990
79791935,삼성전자 Crystal UHD KU75UF8500FXKR (스탠드),1223040,1223040,1223040,1247990,1247990,1247990,1247990,1247990
99886166,삼성전자 Crystal UHD KU75UF8570FXKR (벽걸이),1520000,1520000,1520000,1520000,1520000,1520000,1520000,1520000
96422384,삼성전자 Crystal UHD KU75UF8570FXKR (스탠드),1425000,1425000,1425000,1425000,1425000,1425000,1425000,1425000
122641180,삼성전자 Crystal UHD KU75UH8000FXKR (벽걸이),1319730,1319850,1319880,1319940,1319310,1319350,1319440,1319560
122641174,삼성전자 Crystal UHD KU75UH8000FXKR (스탠드),1281580,1282810,1282920,1292810,1292900,1027090,1005000,1005000
122652267,삼성전자 Crystal UHD KU75UH8500FXKR (벽걸이),1358140,1358140,1358140,1358140,1364080,1364080,1364080,1352200
122652263,삼성전자 Crystal UHD KU75UH8500FXKR (스탠드),1260430,1260430,1260430,1260430,1266030,1266030,1266030,1254200
39249176,삼성전자 Crystal UHD KU85UD7000FXKR (벽걸이),1677890,1677890,1677890,1677890,1677890,1677890,1677890,1677890
65356079,"삼성전자 Crystal UHD KU85UD7000FXKR (벽걸이+사운드바, HW-C400)",2122955,2122955,2122955,2122955,2122955,2122955,2122955,2065481
39249110,삼성전자 Crystal UHD KU85UD7000FXKR (스탠드),1564890,1564890,1564890,1564890,1564890,1564890,1564890,1564890
43522466,"삼성전자 Crystal UHD KU85UD7000FXKR (스탠드+사운드바, HW-C400)",2122955,2122955,2122955,2122955,2122955,2122955,2122955,2065481
40020794,삼성전자 Crystal UHD KU85UD7030FXKR (벽걸이),1705200,1705200,1705200,1739990,1739990,1739990,1739990,1739990
40020737,삼성전자 Crystal UHD KU85UD7030FXKR (스탠드),1623560,1623590,1623680,1606780,1606780,1606780,1606780,1606780
40240772,삼성전자 Crystal UHD KU85UD7050FXKR (벽걸이),1705200,1705200,1705200,1739990,1739990,1739990,1739990,1739990
40240712,삼성전자 Crystal UHD KU85UD7050FXKR (스탠드),1626800,1626800,1626800,1659990,1659990,1659990,1659990,1659990
55384457,삼성전자 Crystal UHD KU85UD7070FXKR (벽걸이),1960000,1960000,1960000,1999990,1999990,1999990,1999990,1999990
65428052,"삼성전자 Crystal UHD KU85UD7070FXKR (벽걸이+사운드바, HW-C400)",3056910,3056910,3056910,3056910,3056910,3056910,3056910,3056910
54099779,삼성전자 Crystal UHD KU85UD7070FXKR (스탠드),1645420,1645420,1645420,1678990,1678990,1678990,1678990,1678990
55328420,"삼성전자 Crystal UHD KU85UD7070FXKR (스탠드+사운드바, HW-C400)",2074781,2074781,2074781,2074781,2074781,2074781,2074781,2017307
70002374,삼성전자 Crystal UHD KU85UD7100FXKR (벽걸이),2754990,2754990,2754990,2754990,2754990,2754990,2754990,2754990
68686781,삼성전자 Crystal UHD KU85UD7100FXKR (스탠드),2260990,2260990,2260990,2260990,2260990,2260990,2260990,2260990
39253421,삼성전자 Crystal UHD KU85UD8000FXKR (벽걸이),2427250,2427250,2427250,2427250,2427250,2427250,2427250,2427250
39253388,삼성전자 Crystal UHD KU85UD8000FXKR (스탠드),2679000,2679000,2679000,2679000,2679000,2679000,2679000,2679000
40719446,삼성전자 Crystal UHD KU85UD8070FXKR (벽걸이),2253020,2253020,2253020,2298990,2298990,2298990,2298990,2298990
40719422,삼성전자 Crystal UHD KU85UD8070FXKR (스탠드),2231990,2231990,2231990,2231990,2231990,2231990,2231990,2231990
53779637,삼성전자 Crystal UHD KU85UD8090FXKR (벽걸이),2185000,2185000,2185000,2185000,2185000,2185000,2185000,2185000
53779613,삼성전자 Crystal UHD KU85UD8090FXKR (스탠드),2090000,2090000,2090000,2090000,2090000,2090000,2090000,2090000
44409098,삼성전자 Crystal UHD KU85UD8100FXKR (벽걸이),2156000,2156000,2156000,2199990,2199990,2199990,2199990,2199990
65355440,"삼성전자 Crystal UHD KU85UD8100FXKR (벽걸이+사운드바, HW-S50B)",2352000,2352000,2352000,2365410,2365410,2365410,2365410,2365410
44409074,삼성전자 Crystal UHD KU85UD8100FXKR (스탠드),2156000,2156000,2156000,2199990,2199990,2199990,2199990,2199990
91115027,"삼성전자 Crystal UHD KU85UD8100FXKR (스탠드+사운드바, HW-B650D)",2361900,2361900,2361900,2361900,2361900,2364300,2364300,2364300
44409107,"삼성전자 Crystal UHD KU85UD8100FXKR (스탠드+사운드바, HW-S50B)",2328000,2328000,2328000,2328000,2328000,2328000,2328000,2328000
65300093,삼성전자 Crystal UHD KU85UDE800FXKR (벽걸이),2058000,2058000,2058000,2099990,2099990,2099990,2099990,2099990
65299928,삼성전자 Crystal UHD KU85UDE800FXKR (스탠드),1958890,1958890,1958890,1998850,1998850,1998850,1998850,1998850
80569208,삼성전자 Crystal UHD KU85UF8000FXKR (벽걸이),1677990,1677990,1677990,1677990,1669920,1666120,1669920,1669920
80569100,삼성전자 Crystal UHD KU85UF8000FXKR (스탠드),1567610,1567610,1567610,1567610,1560730,1556840,1560730,1560730
98758574,삼성전자 Crystal UHD KU85UF8030FXKR (벽걸이),1648080,1648200,1648310,1648410,1648520,1648630,1648740,1648860
98758571,삼성전자 Crystal UHD KU85UF8030FXKR (스탠드),1567610,1567610,1567610,1567610,1560730,1556830,1560730,1560730
102552662,삼성전자 Crystal UHD KU85UF8050FXKR (벽걸이),1719560,1719560,1719560,1719560,1719560,1719560,1719560,1719560
102001430,삼성전자 Crystal UHD KU85UF8050FXKR (스탠드),1635860,1635860,1635860,1635860,1635860,1635860,1635860,1635860
94261322,삼성전자 Crystal UHD KU85UF8500FXKR (벽걸이),2067360,2067360,2067360,2067360,2047720,2034120,2034120,2034120
79791971,삼성전자 Crystal UHD KU85UF8500FXKR (스탠드),1957920,1957920,1957920,1957920,1957920,1938650,1938650,1938730
99886367,삼성전자 Crystal UHD KU85UF8570FXKR (벽걸이),2286670,2286670,2286670,2333320,2333320,2333320,2333320,2333320
99886361,삼성전자 Crystal UHD KU85UF8570FXKR (스탠드),2177760,2177760,2177760,2184990,2184990,2184950,2184950,2184990
122641257,삼성전자 Crystal UHD KU85UH8000FXKR (벽걸이),1615410,1615530,1615560,1614630,1615660,1615710,1616140,1616240
122641211,삼성전자 Crystal UHD KU85UH8000FXKR (스탠드),1538060,1538180,1538290,1538370,1538460,1538530,1538620,1538720
122652296,삼성전자 Crystal UHD KU85UH8500FXKR (벽걸이),1821450,1821570,1841680,1841720,1841790,1841870,1841970,1842090
122652292,삼성전자 Crystal UHD KU85UH8500FXKR (스탠드),1733530,1733650,1743760,1743870,1743900,1743980,1744000,1744100
38774741,삼성전자 Crystal UHD KU98UD9000FXKR (벽걸이),4124200,4124230,4124310,4124390,4124490,4124550,4124640,4124760
36155108,삼성전자 Crystal UHD KU98UD9000FXKR (스탠드),3811130,3811130,3811130,3811130,3811130,3853690,2775200,2775200
123971740,삼성전자 Crystal UHD KU98UH9000FXKR (벽걸이),3827000,3827120,3827230,3827330,3827440,3827550,3827660,3827780
123971654,삼성전자 Crystal UHD KU98UH9000FXKR (스탠드),3579890,3579890,3579890,3579890,3579420,3579410,3579410,3579420
18000083,삼성전자 HG43BU800NFXKR (벽걸이),586150,586150,586150,586150,586150,586150,586150,586150
18000041,삼성전자 HG43BU800NFXKR (스탠드),527240,527240,527240,537990,537990,537990,537990,537990
17555963,삼성전자 HG50AU800NFXKR (스탠드),802930,802930,802930,802930,802930,802930,802930,802930
13644965,삼성전자 HG50NT670UFXKR (스탠드),708000,708000,708000,708000,708000,708000,708000,708000
17556035,삼성전자 HG55AU800NFXKR (스탠드),708360,708390,708470,708510,708590,708610,708700,708730
13418186,삼성전자 HG55NT670UFXKR (스탠드),599000,599000,599000,599000,599000,599000,599000,599000
16999505,삼성전자 HG65AU800NFXKR (스탠드),946200,946200,946200,946200,946200,946200,946200,946200
18000326,삼성전자 HG65BU800NFXKR (벽걸이),930050,930050,930050,930050,930050,930050,930050,930050
18000302,삼성전자 HG65BU800NFXKR (스탠드),837120,837120,837120,854190,854190,854190,854190,854190
123731046,삼성전자 HG65RU750NFXKR 리퍼비시 (본체),586040,586040,586040,597990,597990,597990,597990,597990
16999541,삼성전자 HG75AU800NFXKR (벽걸이),1480000,1480000,1480000,1480000,1480000,1480000,1480000,1480000
16999538,삼성전자 HG75AU800NFXKR (스탠드),1380000,1380000,1380000,1380000,1380000,1380000,1380000,1380000
18000386,삼성전자 HG75BU800NFXKR (벽걸이),1672000,1672000,1672000,1672000,1672000,1672000,1672000,1672000
18000377,삼성전자 HG75BU800NFXKR (스탠드),1417120,1417120,1417120,1417120,1417120,1417120,1417120,1417120
95932892,삼성전자 KMR115MRF95XKR (스탠드),44900000,44900000,44900000,44900000,44900000,44900000,44900000,44900000
93634166,삼성전자 KU32H5000FFXKR (벽걸이),390160,390160,390160,390160,390160,390160,390160,390160
92041343,삼성전자 KU32H5000FFXKR (스탠드),257630,257630,257630,257630,257630,257630,208410,208410
92231543,삼성전자 KU32H5050FFXKR (벽걸이),287000,287000,287000,287000,287000,287000,287000,287000
92152724,삼성전자 KU32H5050FFXKR (스탠드),222000,222000,222000,222000,222000,222000,222000,222000
90433337,삼성전자 KU32H5510FFXKR (벽걸이),393460,393460,393460,393460,389360,389360,389360,389360
87410417,삼성전자 KU32H5510FFXKR (스탠드),263840,263980,264100,264240,264390,259710,129990,248330
90432587,삼성전자 KU43F6000FFXKR (벽걸이),690000,690000,690000,,,,,
90432584,삼성전자 KU43F6000FFXKR (스탠드),417720,417840,417950,418050,418090,418180,418280,418400
93702986,삼성전자 KU43F6050FFXKR (벽걸이),443000,443120,443150,443210,457440,457510,459440,459560
93702980,삼성전자 KU43F6050FFXKR (스탠드),395370,395490,395600,395640,395710,395820,395930,396050
94636745,삼성전자 KU43F6050FFXKR 이동형 패키지,530000,530000,530000,530000,530000,530000,530000,530000
88131659,삼성전자 KU43F6510FFXKR (벽걸이),676900,676900,676900,676900,676900,676900,676900,676900
87396113,삼성전자 KU43F6510FFXKR (스탠드),475100,475100,475100,475100,475100,475100,358400,374500
11037501,삼성전자 KU43T5300AFXKR (미니슬림 벽걸이),530080,530080,530080,530080,532070,526080,526080,526080
11037513,삼성전자 KU43T5300AFXKR (벽걸이),460570,460570,460570,461130,460780,460780,460780,460780
11037330,삼성전자 KU43T5300AFXKR (스탠드),397000,397000,397000,397000,397000,397000,397000,397000
29939837,삼성전자 LH015IACCHSKR (본체),54410000,54410000,54410000,54410000,54410000,54410000,54410000,54410000
78783587,삼성전자 LH016IWAMWS (본체),7970000,7970000,7970000,7970000,7970000,7970000,7970000,7970000
100693499,삼성전자 LH115QHFEBGXKR (벽걸이),22489990,22489990,22489990,22489990,22489990,22489990,22489990,22489990
99944288,삼성전자 LH115QHFEBGXKR (본체),20659310,20659430,20659540,20659640,20659750,20659860,20659880,20659980
99944300,삼성전자 LH115QHFEBGXKR (스탠드),22489990,22489990,22489990,22489990,22489990,22489990,22489990,22489990
13022489,삼성전자 LH32DCE2LGA (본체),479000,479000,479000,479000,479000,479000,479000,479000
13022540,삼성전자 LH32DCE2LGA (스탠드),509000,509000,509000,509000,509000,509000,509000,509000
10726956,삼성전자 LH32DCEPLGA (본체),479000,479000,479000,479000,479000,479000,479000,479000
7389433,삼성전자 LH32DCEPLGA (스탠드),529000,529000,529000,529000,529000,529000,529000,529000
92106110,삼성전자 LH32EMDIAGBXKR (스탠드),1734140,1734260,1734370,1734410,1734480,1734550,1734640,1734760
37478726,삼성전자 LH32QMCEBGCXKR (벽걸이),449000,449000,449000,449000,449000,449000,449000,449000
30248924,삼성전자 LH32QMCEBGCXKR (본체),388690,388690,388690,388690,388690,388690,388690,388690
30248930,삼성전자 LH32QMCEBGCXKR (스탠드),439000,439000,439000,439000,439000,439000,439000,439000
99714410,삼성전자 LH32QMCEBGCXKR (이동형 스탠드),388990,388990,388990,388990,388990,388990,388990,388990
16184768,삼성전자 LH32QMRNBGCXKR (본체),438820,438850,438930,448720,448810,448830,426870,426870
94028720,삼성전자 LH37SHCEBGBXKR (본체),1263000,1263000,1263000,1263000,1263000,1188320,1198320,1198320
28825550,삼성전자 LH37SHRBBGBXKR (벽걸이),1683000,1683000,1683000,1683000,1683000,1683000,1683000,1683000
28208795,삼성전자 LH37SHRBBGBXKR (본체),1154000,1154000,1154000,1154000,1154000,1148850,1148850,1148850
17740172,삼성전자 LH43BEAHLBFXKR (벽걸이),518410,518410,518410,528980,528980,528980,528980,528980
17729117,삼성전자 LH43BEAHLBFXKR (스탠드),459610,459610,459610,468980,468980,468980,454770,454770
14441816,삼성전자 LH43BEAHLGFXKR (벽걸이),568400,568400,568400,579990,579990,579990,579990,579990
14506988,삼성전자 LH43BEAHLGFXKR (스탠드),459010,459040,459120,459210,459240,459280,459280,459290
95343743,삼성전자 LH43BEAHLGFXKR 리퍼비시 (스탠드),342020,342020,342020,331550,,,,
20624489,삼성전자 LH43BECHLBFXKR (벽걸이),545000,545000,545000,545000,545000,545000,545000,545000
28620245,삼성전자 LH43BECHLBFXKR (본체),485000,485000,485000,485000,485000,485000,485000,485000
20534219,삼성전자 LH43BECHLBFXKR (스탠드),499000,499000,499000,499000,499000,499000,499000,499000
20615543,삼성전자 LH43BECHLGFXKR (벽걸이),534090,534090,534090,544980,544980,544980,544980,544980
20615522,삼성전자 LH43BECHLGFXKR (스탠드),459530,459530,459530,468890,468890,468890,468890,468890
65425295,삼성전자 LH43BEDHLBFXKR (벽걸이),609860,609860,609860,622290,622290,622290,622290,622290
65349995,삼성전자 LH43BEDHLBFXKR (스탠드),466270,466270,466270,466270,466270,466270,466270,466270
67510271,삼성전자 LH43BEDHLGFXKR (벽걸이),547090,547090,547090,558240,558240,558240,558240,558240
67510259,삼성전자 LH43BEDHLGFXKR (스탠드),449800,449800,449800,458960,458960,458960,458960,458960
78234110,삼성전자 LH43BEDHLGFXKR (카멜마운트 SMB32),556210,556210,556210,556210,556210,556210,539970,539970
96579377,삼성전자 LH43BEFHLBFXKR (벽걸이),569990,569990,569990,569990,569990,569990,569990,569990
96579368,삼성전자 LH43BEFHLBFXKR (스탠드),472190,472310,472420,472500,472540,472600,472690,472810
96579386,삼성전자 LH43BEFHLBFXKR (천장형),892780,892780,892780,910990,910990,910990,910990,910990
94634699,삼성전자 LH43BEFHLGFXKR (벽걸이),550730,550730,550730,551510,551690,556210,556210,556210
108398129,삼성전자 LH43BEFHLGFXKR (삼성 무빙 라이트),658350,658350,658350,658350,658350,658350,658350,658350
94634690,삼성전자 LH43BEFHLGFXKR (스탠드),453780,453780,453780,454750,454400,454410,459420,459420
99886370,삼성전자 LH43BEFHLGFXKR (스탠드+셋톱박스 샥스 G1),619000,619000,619000,619000,619000,619000,619000,619000
104374400,삼성전자 LH43BEFHLGFXKR (오베닉 스마트마운트),569000,569000,569000,569000,569000,569000,539970,539970
124033489,삼성전자 LH43BEHHLBFXKR (벽걸이),541720,541720,541720,541730,541770,541830,541920,542000
124033466,삼성전자 LH43BEHHLBFXKR (스탠드),486740,486860,486970,486430,486540,486640,486740,486770
124033492,삼성전자 LH43BEHHLBFXKR (천장형),803090,803210,803320,803400,803440,803480,803570,803690
124101518,삼성전자 LH43BEHHLGFXKR (벽걸이),556210,556210,556210,556210,556210,556210,556210,556210
124101537,삼성전자 LH43BEHHLGFXKR (삼성 무빙 라이트),658350,658350,658350,658350,658350,658350,698000,698000
124101516,삼성전자 LH43BEHHLGFXKR (스탠드),474130,474130,474130,474140,477610,473540,473540,477610
18376613,삼성전자 LH43QBBEBGCXKR (벽걸이),616550,616550,616550,578550,578550,566370,566370,566370
16811330,삼성전자 LH43QBBEBGCXKR (본체),520340,520340,520340,520340,520340,520340,520340,520340
18376604,삼성전자 LH43QBBEBGCXKR (스탠드),607050,607050,607050,569050,569050,557070,557070,557070
28825565,삼성전자 LH43QBCEBGCXKR (벽걸이),573250,573250,573250,573250,573250,550480,556140,556140
28053254,삼성전자 LH43QBCEBGCXKR (본체),516880,516880,516880,498680,498680,498680,498680,498680
28335596,삼성전자 LH43QBCEBGCXKR (스탠드),525000,525000,525000,525000,525000,525000,525000,525000
30110939,삼성전자 LH43QBCEBGCXKR (웰컴보드형),1850000,1850000,1850000,1850000,1850000,1850000,1850000,1850000
67577537,삼성전자 LH43QBCEBGCXKR (천장형),855000,855000,855000,855000,855000,855000,855000,855000
13398194,삼성전자 LH43QBREBGCXKR (본체),669000,669000,669000,669000,669000,669000,669000,669000
17811662,삼성전자 LH43QETELGCXKR (벽걸이),658350,658350,658350,658350,692990,692990,692990,692990
16240400,삼성전자 LH43QETELGCXKR (본체),527870,527870,527870,527870,527870,527870,527870,527870
16472993,삼성전자 LH43QETELGCXKR (스탠드),615790,615790,615790,615790,615790,615790,615790,615790
18348662,삼성전자 LH43QHBEBGCXKR (벽걸이),806550,806550,806550,806550,806550,806550,789570,789570
16831487,삼성전자 LH43QHBEBGCXKR (본체),805020,805020,805020,805020,805020,805020,805020,805020
18348647,삼성전자 LH43QHBEBGCXKR (스탠드),749550,749550,749550,778050,778050,778050,761670,761670
28239005,삼성전자 LH43QHCEBGCXKR (벽걸이),755750,755750,755750,747990,747990,747990,747990,747990
28053989,삼성전자 LH43QHCEBGCXKR (본체),680000,680000,680000,678000,678000,678000,678000,678000
28238993,삼성전자 LH43QHCEBGCXKR (스탠드),752990,752990,752990,738000,738000,738000,738000,738000
30148160,삼성전자 LH43QHCEBGCXKR (키오스크형),1850000,1850000,1850000,1850000,1850000,1850000,1850000,1850000
18024716,삼성전자 LH43QMBEBGCXKR (벽걸이),664050,664050,664050,665000,665000,651000,651000,651000
16911053,삼성전자 LH43QMBEBGCXKR (본체),591300,591390,591500,592320,592330,592380,567120,567120
18024704,삼성전자 LH43QMBEBGCXKR (스탠드),654550,654550,654550,654550,654550,654550,630770,630770
17381420,삼성전자 LH43QMBEBGCXKR (키오스크형),1782000,1782000,1782000,1782000,1782000,1782000,1782000,1782000
28238873,삼성전자 LH43QMCEBGCXKR (벽걸이),639000,639000,639000,638990,638990,611940,611940,611940
28054523,삼성전자 LH43QMCEBGCXKR (본체),564000,564000,564000,564000,564000,564000,564000,564000
28238858,삼성전자 LH43QMCEBGCXKR (스탠드),629000,629000,629000,628990,628990,602640,602640,602640
27985571,삼성전자 LH43QMCEBGCXKR (키오스크형),2116130,2116130,2116130,2116130,2116130,2116130,2116130,2116130
11321157,삼성전자 LH43QMREBGCXKR (본체),721000,721000,721000,721000,721000,721000,721000,721000
20521397,삼성전자 LH46HDBPLGA 리퍼비시 (스탠드),247000,247000,247000,247000,247000,247000,247000,247000
18428159,삼성전자 LH46VMBUBGBXKR (벽걸이),1759990,1759990,1759990,1759990,1759990,1759990,1759990,1759990
17839070,삼성전자 LH46VMBUBGBXKR (본체),1268510,1268510,1268510,1268510,1268510,1268520,1268520,1268530
7044484,삼성전자 LH49DCJPLGA (스탠드),589000,589000,589000,589000,589000,589000,589000,589000
11849656,삼성전자 LH49QBREBGCXKR (본체),699000,699000,699000,699000,699000,699000,699000,699000
17740097,삼성전자 LH50BEAHLBFXKR (벽걸이),688990,688990,688990,688990,688990,640770,640770,640770
17723336,삼성전자 LH50BEAHLBFXKR (스탠드),564970,564970,564970,564970,558840,542380,542370,542370
14441801,삼성전자 LH50BEAHLGFXKR (벽걸이),699000,699000,699000,699000,699000,699000,699000,699000
19711553,삼성전자 LH50BEAHLGFXKR (본체),575730,575730,575730,575730,575730,575730,575670,575670
14545796,삼성전자 LH50BEAHLGFXKR (스탠드),575750,575750,575750,575750,575750,575670,575670,575670
20624588,삼성전자 LH50BECHLBFXKR (벽걸이),703000,703000,703000,703000,703000,703000,703000,703000
33899354,삼성전자 LH50BECHLBFXKR (본체),649000,649000,649000,649000,649000,649000,649000,649000
20534288,삼성전자 LH50BECHLBFXKR (스탠드),580000,580000,580000,580000,580000,580000,580000,580000
20690795,삼성전자 LH50BECHLGFXKR (벽걸이),708990,708990,708990,708990,708990,708990,708990,708990
20690789,삼성전자 LH50BECHLGFXKR (스탠드),608990,608990,608990,608990,608990,608990,575670,575670
65920739,삼성전자 LH50BEDHLBFXKR (벽걸이),708990,708990,708990,708990,708990,708990,708990,708990
65350010,삼성전자 LH50BEDHLBFXKR (스탠드),568990,568990,568990,568990,568990,568990,568990,568990
93566348,삼성전자 LH50BEDHLBFXKR (천장형),990000,990000,990000,990000,990000,990000,990000,990000
67510364,삼성전자 LH50BEDHLGFXKR (벽걸이),650000,650000,650000,650000,650000,650000,650000,650000
67510328,삼성전자 LH50BEDHLGFXKR (스탠드),581850,581850,581850,581850,581850,575660,575660,575660
90271628,삼성전자 LH50BEDHLGFXKR (이동형 스탠드),699000,699000,699000,699000,699000,699000,699000,699000
96484019,삼성전자 LH50BEFHLBFXKR (벽걸이),620930,620930,620930,631830,631870,631930,632020,632050
96484016,삼성전자 LH50BEFHLBFXKR (스탠드),584190,584310,584420,594480,594580,594690,594800,594920
96484022,삼성전자 LH50BEFHLBFXKR (천장형),996190,996310,996420,996510,996540,996600,996690,996720
94634723,삼성전자 LH50BEFHLGFXKR (벽걸이),658350,658350,658350,658350,658350,658350,658350,658350
109484117,삼성전자 LH50BEFHLGFXKR (삼성 무빙 라이트),825500,825500,825500,825500,825500,825500,825500,825500
94634711,삼성전자 LH50BEFHLGFXKR (스탠드),581850,581850,581850,581850,578550,575670,575670,575670
124033436,삼성전자 LH50BEHHLBFXKR (벽걸이),657900,657900,657900,657900,657900,657930,657940,657990
124033408,삼성전자 LH50BEHHLBFXKR (스탠드),601880,601880,601880,601880,601880,601930,601940,601990
124033445,삼성전자 LH50BEHHLBFXKR (천장형),921500,921500,921500,921500,921500,921500,921500,921500
124101309,삼성전자 LH50BEHHLGFXKR (벽걸이),667170,667170,667170,667170,667170,667170,667170,667170
124101543,삼성전자 LH50BEHHLGFXKR (삼성 무빙 라이트),825500,825500,825500,825500,825500,859000,859000,859000
124101305,삼성전자 LH50BEHHLGFXKR (스탠드),583510,583510,583510,583510,583510,583510,583510,583510
124101337,삼성전자 LH50BEHHLGFXKR (스탠드+셋톱박스 샥스 G1),729000,729000,729000,729000,729000,729000,729000,729000
124101343,삼성전자 LH50BEHHLGFXKR (오베닉 스마트마운트),859000,859000,859000,859000,859000,859000,859000,859000
11547299,삼성전자 LH50BETHLGFXKR (벽걸이),699000,699000,699000,699000,699000,699000,699000,699000
11526785,삼성전자 LH50BETHLGFXKR (본체),729000,729000,729000,729000,729000,729000,729000,729000
11547314,삼성전자 LH50BETHLGFXKR (스탠드),609000,609000,609000,609000,609000,609000,609000,609000
18428033,삼성전자 LH50QBBEBGCXKR (벽걸이),711550,711550,711550,673550,673550,659370,659370,659370
16832675,삼성전자 LH50QBBEBGCXKR (본체),638130,638130,638130,620390,620390,613790,613790,613790
18428015,삼성전자 LH50QBBEBGCXKR (스탠드),702050,702050,702050,664050,664050,664050,650070,650070
28825583,삼성전자 LH50QBCEBGCXKR (벽걸이),662550,662550,662550,662550,662550,642120,646120,646120
28053395,삼성전자 LH50QBCEBGCXKR (본체),619990,619990,619990,616980,616980,616980,612870,612870
28542233,삼성전자 LH50QBCEBGCXKR (스탠드),635240,635240,635240,635240,635240,632600,635240,635240
60006401,삼성전자 LH50QBCEBGCXKR (키오스크형),1750000,1750000,1750000,1750000,1750000,1750000,1750000,1750000
13682141,삼성전자 LH50QBREBGCXKR (본체),719000,719000,719000,719000,719000,719000,719000,719000
14769158,삼성전자 LH50QETELGCXKR (벽걸이),5000000,5000000,5000000,5000000,5000000,5000000,5000000,5000000
14769110,삼성전자 LH50QETELGCXKR (본체),648990,648990,648990,648990,648990,648990,648990,648990
14769152,삼성전자 LH50QETELGCXKR (스탠드),627000,627000,627000,627000,627000,627000,627000,627000
18367979,삼성전자 LH50QHBEBGCXKR (벽걸이),948100,948100,948100,938600,938600,918840,918840,918840
16831595,삼성전자 LH50QHBEBGCXKR (본체),976860,976860,976860,976860,976860,976860,976860,976860
18367967,삼성전자 LH50QHBEBGCXKR (스탠드),987990,987990,987990,977990,977990,977990,909540,909540
28239026,삼성전자 LH50QHCEBGCXKR (벽걸이),897990,897990,897990,897990,897990,897990,872340,872340
28054124,삼성전자 LH50QHCEBGCXKR (본체),826380,826470,826490,798870,798870,798870,798870,798870
28239014,삼성전자 LH50QHCEBGCXKR (스탠드),909150,909150,909150,918920,918950,918990,863040,863040
30218744,삼성전자 LH50QHCEBGCXKR (키오스크형),2050000,2050000,2050000,2050000,2050000,2050000,2050000,2050000
18428129,삼성전자 LH50QMBEBGCXKR (벽걸이),853100,853100,853100,777100,777100,777100,760740,760740
16911104,삼성전자 LH50QMBEBGCXKR (본체),699000,699000,699000,699000,699000,695630,695630,695630
18428126,삼성전자 LH50QMBEBGCXKR (스탠드),887990,887990,887990,807990,807990,751440,751440,751440
17439317,삼성전자 LH50QMBEBGCXKR (키오스크형),1980000,1980000,1980000,1980000,1980000,1980000,1980000,1980000
28238894,삼성전자 LH50QMCEBGCXKR (벽걸이),755150,755150,755150,755150,755150,755150,755150,755150
28054691,삼성전자 LH50QMCEBGCXKR (본체),693490,693490,693490,693490,693490,693490,693490,693490
28238888,삼성전자 LH50QMCEBGCXKR (스탠드),745090,745120,745200,745240,745310,745400,745420,745510
27985607,삼성전자 LH50QMCEBGCXKR (키오스크형),2398280,2398280,2398280,2398280,2398280,2398280,2398280,2398280
16081331,삼성전자 LH50QMRBBGCXKR (본체),873500,873500,873500,873500,873500,873500,873500,873500
17740127,삼성전자 LH55BEAHLBFXKR (벽걸이),717740,717740,717740,717740,717740,717740,717740,717740
67368797,삼성전자 LH55BEAHLBFXKR (본체),799000,799000,799000,799000,799000,799000,799000,799000
17723375,삼성전자 LH55BEAHLBFXKR (스탠드),661500,661500,661500,669990,669990,669990,650070,650070
94692188,삼성전자 LH55BEAHLBFXKR 리퍼비시 (스탠드),459000,459000,459000,459000,459000,459000,459000,459000
14441786,삼성전자 LH55BEAHLGFXKR (벽걸이),829000,829000,829000,829000,829000,829000,829000,829000
14528546,삼성전자 LH55BEAHLGFXKR (스탠드),689000,689000,689000,689000,689000,689000,689000,689000
20624513,삼성전자 LH55BECHLBFXKR (벽걸이),754000,754000,754000,754000,754000,754000,754000,754000
32070404,삼성전자 LH55BECHLBFXKR (본체),658000,658000,658000,658000,658000,658000,658000,658000
20534312,삼성전자 LH55BECHLBFXKR (스탠드),695790,695790,695850,695850,695900,695930,695980,696040
20690843,삼성전자 LH55BECHLGFXKR (벽걸이),708758,708758,708758,708758,708758,708758,708758,708758
45545549,삼성전자 LH55BECHLGFXKR (본체),731500,731500,731500,731500,731500,731500,731500,731500
20690837,삼성전자 LH55BECHLGFXKR (스탠드),654910,654910,654910,654910,654910,654910,654870,654910
65920754,삼성전자 LH55BEDHLBFXKR (벽걸이),820020,820020,820020,836740,836740,836740,836740,836740
65350016,삼성전자 LH55BEDHLBFXKR (스탠드),678000,678000,678000,678000,678000,678000,678000,678000
93566324,삼성전자 LH55BEDHLBFXKR (천장형),1089000,1089000,1089000,1089000,1089000,1089000,1089000,1089000
67511234,삼성전자 LH55BEDHLGFXKR (벽걸이),784000,784000,784000,797050,797050,799990,780270,780270
67511231,삼성전자 LH55BEDHLGFXKR (스탠드),691800,691800,691800,691800,691800,689000,640770,640770
90156977,삼성전자 LH55BEDHLGFXKR (이동형 스탠드 APL-GBMW),804000,804000,804000,804000,804000,804000,804000,804000
96579605,삼성전자 LH55BEFHLBFXKR (벽걸이),792340,792460,792570,804810,804880,804950,805040,805070
96579578,삼성전자 LH55BEFHLBFXKR (스탠드),706270,706390,706500,716990,717060,717130,717130,717230
96579623,삼성전자 LH55BEFHLBFXKR (천장형),1166200,1166200,1166200,1189990,1189990,1189990,1189990,1189990
94524353,삼성전자 LH55BEFHLGFXKR (벽걸이),753600,753720,754430,765730,765910,766080,766210,766390
122718876,삼성전자 LH55BEFHLGFXKR (삼성 무빙 라이트),918990,918990,918990,918990,918990,918990,918990,918990
96314936,삼성전자 LH55BEFHLGFXKR (삼성 무빙 스탠다드),839000,839000,839000,839000,839000,884000,884000,884000
94524350,삼성전자 LH55BEFHLGFXKR (스탠드),657060,657060,657060,657060,657060,671690,671690,671690
97773962,삼성전자 LH55BEFHLGFXKR (이젤형 스탠드),758000,758000,758000,758000,758000,759000,759000,759000
124033252,삼성전자 LH55BEHHLBFXKR (벽걸이),778780,778780,778780,778790,778850,778930,778940,778990
124033160,삼성전자 LH55BEHHLBFXKR (스탠드),727740,727740,727740,727740,727740,727740,727740,727740
124033265,삼성전자 LH55BEHHLBFXKR (천장형),1088090,1088210,1088320,1088360,1088430,1088500,1088590,1088620
124101366,삼성전자 LH55BEHHLGFXKR (벽걸이),741930,741930,741930,741930,741930,741930,741930,741930
124101415,삼성전자 LH55BEHHLGFXKR (삼성 무빙 라이트),999000,999000,999000,999000,999000,1000450,1000450,1000450
124101364,삼성전자 LH55BEHHLGFXKR (스탠드),649070,649070,649070,649070,649070,649070,649070,649070
124101395,삼성전자 LH55BEHHLGFXKR (이동형 스탠드 NTSL-50),834000,834000,834000,834000,834000,854000,854000,854000
124101380,삼성전자 LH55BEHHLGFXKR (이젤형 스탠드 TG-TS2000L),758000,758000,758000,758000,758000,778000,778000,778000
16769012,삼성전자 LH55BETHLGFXGO 리퍼비시 (방문수령),611140,611140,611140,611140,611140,611140,611140,611140
11547278,삼성전자 LH55BETHLGFXKR (벽걸이),854000,854000,854000,854000,854000,854000,854000,854000
11547251,삼성전자 LH55BETHLGFXKR (스탠드),748000,748000,748000,748000,748000,748000,748000,748000
28825904,삼성전자 LH55OMBEBGBXKR (본체),2132000,2132000,2132000,2132000,2132000,2132000,2132000,2132000
18428144,삼성전자 LH55QBBEBGCXKR (벽걸이),824600,824600,824600,758100,758100,758100,742140,742140
16801451,삼성전자 LH55QBBEBGCXKR (본체),738000,738000,738000,738000,738000,738000,738000,738000
18428141,삼성전자 LH55QBBEBGCXKR (스탠드),774060,774060,774060,748600,748600,732840,732840,732840
17381423,삼성전자 LH55QBBEBGCXKR (키오스크형),1910500,1910500,1910500,1910500,1910500,1910500,1910500,1910500
28825595,삼성전자 LH55QBCEBGCXKR (벽걸이),789990,789990,789990,789990,789990,751440,751440,751440
28053455,삼성전자 LH55QBCEBGCXKR (본체),735000,735000,735000,726180,726180,726180,726180,726180
28335584,삼성전자 LH55QBCEBGCXKR (스탠드),758930,758930,784000,758920,758920,742140,742140,742140
30187661,삼성전자 LH55QBCEBGCXKR (키오스크형),1950000,1950000,1950000,1950000,1950000,1950000,1950000,1950000
12724157,삼성전자 LH55QBREBGCXKR (본체),899000,899000,899000,899000,899000,899000,899000,899000
14802143,삼성전자 LH55QETELGCXKR (벽걸이),650990,650990,650990,650990,650990,650990,650990,650990
14802014,삼성전자 LH55QETELGCXKR (본체),588990,588990,588990,588990,588990,588990,588990,588990
14802131,삼성전자 LH55QETELGCXKR (스탠드),5000000,5000000,5000000,5000000,5000000,5000000,5000000,5000000
18428135,삼성전자 LH55QHBEBGCXKR (벽걸이),1015550,1015550,1015550,1044050,1044050,1022070,1022070,1022070
16832924,삼성전자 LH55QHBEBGCXKR (본체),750480,750480,750480,750480,750480,750480,750480,750480
18428132,삼성전자 LH55QHBEBGCXKR (스탠드),1015550,1015550,1015550,1011660,1011660,1011660,990350,990350
28239050,삼성전자 LH55QHCEBGCXKR (벽걸이),998000,998000,998000,998000,998000,998000,998000,998000
28054181,삼성전자 LH55QHCEBGCXKR (본체),916740,916740,916740,912720,912720,912720,912720,912720
28239047,삼성전자 LH55QHCEBGCXKR (스탠드),1000950,1000950,1000950,1000950,1000950,1000950,1000950,1000950
30218792,삼성전자 LH55QHCEBGCXKR (키오스크형),2250000,2250000,2250000,2250000,2250000,2250000,2250000,2250000
18938747,삼성전자 LH55QMBEBGCXKR (벽걸이),949050,949050,949050,970430,970430,950000,949990,949990
16831760,삼성전자 LH55QMBEBGCXKR (본체),895040,895070,895080,895130,895220,895250,895340,895370
18938735,삼성전자 LH55QMBEBGCXKR (스탠드),939550,939550,939550,939550,939550,939550,919770,919770
28238918,삼성전자 LH55QMCEBGCXKR (벽걸이),883990,883990,883990,883990,883990,883990,872340,872340
28054742,삼성전자 LH55QMCEBGCXKR (본체),813990,813990,813990,808070,808070,808070,808070,808070
28238906,삼성전자 LH55QMCEBGCXKR (스탠드),857000,857000,857000,857000,857000,857000,857000,857000
30208760,삼성전자 LH55QMCEBGCXKR (키오스크형),2100000,2100000,2100000,2100000,2100000,2100000,2100000,2100000
92105918,삼성전자 LH55VHCEBGBXKR (벽걸이),3860990,3860990,3860990,3860990,3860990,3860990,3860990,3860990
69656156,삼성전자 LH55VHCEBGBXKR (본체),2992000,2992000,2992000,2992000,2992000,2992000,2992000,2992000
92105162,삼성전자 LH55VHCRBGBXKR (벽걸이),4150670,4150790,4150900,4150980,4151020,4151060,4151060,4151160
69656243,삼성전자 LH55VHCRBGBXKR (본체),3302000,3302000,3302000,3302000,3302000,3302000,3302000,3302000
92105900,삼성전자 LH55VMCEBGBXKR (벽걸이),3167990,3167990,3167990,3167990,3167990,3167990,3167990,3167990
70769327,삼성전자 LH55VMCEBGBXKR (본체),2402000,2402000,2402000,2402000,2402000,2402000,2402000,2402000
92105207,삼성전자 LH55VMCRBGBXKR (벽걸이),3853380,3853500,3853530,3853590,3853680,3853740,3853840,3853960
70769255,삼성전자 LH55VMCRBGBXKR (본체),2991650,2991770,2991880,2991960,2991990,2984360,2984360,2984360
17740106,삼성전자 LH65BEAHLBFXKR (벽걸이),968990,968990,968990,968990,968990,968990,901170,901170
17723417,삼성전자 LH65BEAHLBFXKR (스탠드),868660,868690,868770,868810,868880,868980,808170,808170
14441762,삼성전자 LH65BEAHLGFXKR (벽걸이),989000,989000,989000,989000,989000,989000,989000,989000
14460329,삼성전자 LH65BEAHLGFXKR (스탠드),899000,899000,899000,899000,899000,899000,899000,899000
20624552,삼성전자 LH65BECHLBFXKR (벽걸이),944990,944990,944990,944990,944990,944990,944990,944990
20534339,삼성전자 LH65BECHLBFXKR (스탠드),979020,979020,979020,998990,998990,998990,998990,998990
20690924,삼성전자 LH65BECHLGFXKR (벽걸이),944720,944720,944720,963990,963990,963990,963950,963990
65916635,삼성전자 LH65BECHLGFXKR (본체),1015000,1015000,1015000,1015000,1015000,1015000,1015000,1015000
20690909,삼성전자 LH65BECHLGFXKR (스탠드),898990,898990,898990,898990,898990,874200,597260,597260
65920760,삼성전자 LH65BEDHLBFXKR (벽걸이),1021460,1021460,1021460,1042290,1042290,1042290,1042290,1042290
65350019,삼성전자 LH65BEDHLBFXKR (스탠드),951170,951170,951170,970570,970570,970570,970570,970570
93566366,삼성전자 LH65BEDHLBFXKR (천장형),1484990,1484990,1484990,1484990,1484990,1484990,1484990,1484990
67511246,삼성전자 LH65BEDHLGFXKR (벽걸이),999000,999000,999000,999000,999000,999000,999000,999000
67511240,삼성전자 LH65BEDHLGFXKR (스탠드),889000,889000,889000,889000,889000,889000,889000,889000
96579653,삼성전자 LH65BEFHLBFXKR (벽걸이),1106420,1106420,1106420,1128990,1128990,1128990,1128990,1128990
96579638,삼성전자 LH65BEFHLBFXKR (스탠드),926020,926140,926250,926290,926360,926440,926540,926660
123961676,삼성전자 LH65BEFHLBFXKR (이동형 스탠드),2128500,2128500,2128500,2128500,2128500,2128500,2128500,2128500
96579662,삼성전자 LH65BEFHLBFXKR (천장형),1323000,1323000,1323000,1349990,1349990,1349990,1349990,1349990
94567463,삼성전자 LH65BEFHLGFXKR (벽걸이),949050,949050,949050,949050,949050,948030,929070,929070
94567445,삼성전자 LH65BEFHLGFXKR (스탠드),854050,854050,854050,854050,854050,853130,836070,836070
124033294,삼성전자 LH65BEHHLBFXKR (벽걸이),988870,988870,988870,988870,988870,988870,988870,988870
124033281,삼성전자 LH65BEHHLBFXKR (스탠드),936700,936700,936700,936700,936700,936700,936700,936700
124033301,삼성전자 LH65BEHHLBFXKR (천장형),1277910,1278030,1278140,1278190,1278260,1278310,1278410,1278530
124101431,삼성전자 LH65BEHHLGFXKR (벽걸이),918360,918360,918360,918360,918360,918360,918360,918360
124101429,삼성전자 LH65BEHHLGFXKR (스탠드),847200,847200,847200,847200,847200,847200,847200,847200
11526377,삼성전자 LH65BETHLGFXKR (본체),1248890,1248890,1248890,1248890,1248890,1248890,1248890,1248890
93631463,삼성전자 LH65EDEPLGC 리퍼비시 (벽걸이),400000,400000,400000,400000,400000,400000,400000,400000
90114113,삼성전자 LH65EDEPLGC 리퍼비시 (본체),400000,400000,400000,400000,400000,400000,400000,400000
18024749,삼성전자 LH65QBBEBGCXKR (벽걸이),1082050,1082050,1082050,1015550,1015550,1015550,994170,994170
16786898,삼성전자 LH65QBBEBGCXKR (본체),997030,997040,997040,997050,997050,997060,938370,938370
28825610,삼성전자 LH65QBCEBGCXKR (벽걸이),1009000,1009000,1009000,1009000,1009000,960140,960140,960140
28053515,삼성전자 LH65QBCEBGCXKR (본체),938210,938210,938210,938210,938210,938210,938210,938210
30103214,삼성전자 LH65QBCEBGCXKR (스탠드),1041650,1041650,1041650,1041650,1041650,1022750,1026750,1026750
14802896,삼성전자 LH65QETELGCXKR (벽걸이),1111500,1111500,1111500,1111500,1111500,1111500,1111500,1111500
14802746,삼성전자 LH65QETELGCXKR (본체),848130,848220,848250,848260,848320,848350,848440,848470
14803250,삼성전자 LH65QETEPGCXKR (본체),834440,834440,834440,834440,834440,834440,834440,834440
18428114,삼성전자 LH65QHBEBGCXKR (벽걸이),1387950,1387950,1387950,1289150,1289150,1289150,1262010,1262010
16837298,삼성전자 LH65QHBEBGCXKR (본체),1376950,1376960,1376960,1376970,1376970,1376980,1376980,1376990
28238969,삼성전자 LH65QHCEBGCXKR (벽걸이),1240000,1240000,1240000,1240000,1240000,1240000,1240000,1240000
28054238,삼성전자 LH65QHCEBGCXKR (본체),1169990,1169990,1169990,1169990,1169990,1169990,1169990,1169990
30208559,삼성전자 LH65QHCEBGCXKR (스탠드),1230000,1230000,1230000,1230000,1230000,1230000,1230000,1230000
30208640,삼성전자 LH65QHCEBGCXKR (키오스크형),2800000,2800000,2800000,2800000,2800000,2800000,2800000,2800000
18479189,삼성전자 LH65QMBEBGCXKR (벽걸이),1205550,1205550,1205550,1220750,1220750,1220750,1195050,1195050
16831712,삼성전자 LH65QMBEBGCXKR (본체),1168990,1168990,1168990,1228980,1228980,1228990,1142970,1142970
28238951,삼성전자 LH65QMCEBGCXKR (벽걸이),1113860,1113860,1113860,1113860,1113860,1113860,1113860,1113860
28054790,삼성전자 LH65QMCEBGCXKR (본체),1088200,1088230,1088310,1088350,1088430,1078130,1072950,1088750
30192449,삼성전자 LH65QMCEBGCXKR (스탠드),1197840,1229850,1229950,1179000,1179000,1179000,1179000,1179000
30197459,삼성전자 LH65QMCEBGCXKR (키오스크형),2600000,2600000,2600000,2600000,2600000,2600000,2600000,2600000
17740142,삼성전자 LH75BEAHLBFXKR (벽걸이),1338990,1338990,1338990,1238990,1238990,1238990,1152270,1152270
17723282,삼성전자 LH75BEAHLBFXKR (스탠드),1132990,1132990,1132990,1132990,1132990,1132990,1059270,1059270
14441735,삼성전자 LH75BEAHLGFXKR (벽걸이),1320000,1320000,1320000,1320000,1320000,1320000,1320000,1320000
14528447,삼성전자 LH75BEAHLGFXKR (스탠드),1178990,1178990,1178990,1219980,1219980,1219980,1219980,1219980
20624531,삼성전자 LH75BECHLBFXKR (벽걸이),1262010,1262010,1262010,1287750,1287750,1287750,1287750,1287750
20534366,삼성전자 LH75BECHLBFXKR (스탠드),1210000,1210000,1210000,1210000,1210000,1210000,1210000,1210000
20691023,삼성전자 LH75BECHLGFXKR (벽걸이),1203300,1203300,1203300,1227840,1227840,1227800,1227800,1227840
20691020,삼성전자 LH75BECHLGFXKR (스탠드),1165180,1165180,1165180,1166450,1166450,1166450,1166410,1166450
65920769,삼성전자 LH75BEDHLBFXKR (벽걸이),1484990,1484990,1484990,1484990,1484990,1484990,1484990,1484990
65350022,삼성전자 LH75BEDHLBFXKR (스탠드),1189990,1189990,1189990,1189990,1189990,1189990,1189990,1189990
93566408,삼성전자 LH75BEDHLBFXKR (천장형),1831500,1831500,1831500,1831500,1831500,1831500,1831500,1831500
67511255,삼성전자 LH75BEDHLGFXKR (벽걸이),1179000,1179000,1179000,1179000,1179000,1179000,1179000,1179000
67511252,삼성전자 LH75BEDHLGFXKR (스탠드),1164840,1164960,1165070,1165900,1165990,1166060,1166070,1166110
96579731,삼성전자 LH75BEFHLBFXKR (벽걸이),1243310,1243430,1243540,1243640,1243750,1243860,1243970,1299990
96579686,삼성전자 LH75BEFHLBFXKR (스탠드),1174140,1174140,1174140,1195190,1195300,1195390,1195410,1195510
102124034,삼성전자 LH75BEFHLBFXKR (이동형 스탠드),2376000,2376000,2376000,2376000,2376000,2376000,2376000,2376000
96579734,삼성전자 LH75BEFHLBFXKR (천정형),1626380,1626500,1626610,1626690,1626730,1626770,1626860,1781990
94524377,삼성전자 LH75BEFHLGFXKR (벽걸이),1165930,1165940,1174570,1174570,1162340,1162340,1162340,1162340
94524371,삼성전자 LH75BEFHLGFXKR (스탠드),1060440,1060440,1060440,1060440,1083450,1058590,635990,635990
124033335,삼성전자 LH75BEHHLBFXKR (벽걸이),1399380,1399500,1399610,1399710,1399820,1399930,1399950,1399990
124033305,삼성전자 LH75BEHHLBFXKR (스탠드),1344780,1344900,1345010,1345110,1345220,1345310,1345420,1345540
124033337,삼성전자 LH75BEHHLBFXKR (천장형),1705790,1705910,1705940,1706000,1706040,1706090,1706190,1706220
124101498,삼성전자 LH75BEHHLGFXKR (벽걸이),1178340,1178340,1178340,1178350,1178350,1178350,1178350,1178350
124101497,삼성전자 LH75BEHHLGFXKR (스탠드),1085490,1085490,1085490,1085500,1085500,1085500,1085500,1085500
60226097,삼성전자 LH75OHAEBGBXKR (본체),16778240,16778360,16778470,16778550,16778590,16778650,16778740,16778860
18367361,삼성전자 LH75QBBEBGCXKR (벽걸이),1498990,1498990,1498990,1593890,1593890,1593890,1505670,1505670
16786832,삼성전자 LH75QBBEBGCXKR (본체),1402790,1402790,1402790,1425140,1425140,1425140,1341810,1341810
28825619,삼성전자 LH75QBCEBGCXKR (벽걸이),1408990,1408990,1408990,1408990,1408990,1388340,1388340,1388340
28053608,삼성전자 LH75QBCEBGCXKR (본체),1339000,1339000,1339000,1317680,1317680,1317680,1317680,1317680
30113915,삼성전자 LH75QBCEBGCXKR (스탠드),1395050,1395050,1395050,1395050,1395050,1384340,1388340,1388340
99286652,삼성전자 LH75QBREBGCXKR 리퍼비시 (본체),893470,893470,893470,893470,883910,883910,883910,883910
14802788,삼성전자 LH75QETELGCXKR (본체),1104130,1104130,1104130,1104130,1104130,1104130,1104130,1104130
14803370,삼성전자 LH75QETEPGCXKR (벽걸이),1057670,1057670,1057670,1057670,1056620,1056240,1056240,1056240
14803349,삼성전자 LH75QETEPGCXKR (본체),1049000,1049000,1049000,1049000,1049000,1049000,1049000,1049000
20626490,삼성전자 LH75QETEPGCXKR (웰컴보드형),1103990,1103990,1103990,1103990,1103990,1103990,1103990,1103990
67577825,삼성전자 LH75QETEPGCXKR (천장형),1539000,1539000,1539000,1539000,1539000,1539000,1539000,1539000
65920781,삼성전자 LH85BEDHLBFXKR (벽걸이),1911000,1911000,1911000,1949990,1949990,1949990,1949990,1949990
65350028,삼성전자 LH85BEDHLBFXKR (스탠드),1813000,1813000,1813000,1849990,1849990,1849990,1849990,1849990
67511282,삼성전자 LH85BEDHLGFXKR (벽걸이),1679381,1679381,1679381,1679381,1679381,1679381,1679381,1679381
67511279,삼성전자 LH85BEDHLGFXKR (스탠드),1643060,1643060,1643060,1643060,1643060,1689990,1590300,1590300
91037081,삼성전자 LH85BEDHLGFXKR (스탠드+셋톱박스 샥스 G1),1760000,1760000,1760000,1760000,1760000,1760000,1760000,1760000
96579833,삼성전자 LH85BEFHLBFXKR (벽걸이),1842090,1842210,1842320,1842360,1842440,1842540,1842650,1842770
96579821,삼성전자 LH85BEFHLBFXKR (스탠드),1769150,1769270,1769380,1769420,1769490,1769560,1769650,1769770
102123998,삼성전자 LH85BEFHLBFXKR (이동형 스탠드),3118500,3118500,3118500,3118500,3118500,3118500,3118500,3118500
94634747,삼성전자 LH85BEFHLGFXKR (벽걸이),1793300,1793420,1793530,1793610,1793650,1793710,1793800,1793920
94634741,삼성전자 LH85BEFHLGFXKR (스탠드),1582960,1582960,1582960,1582960,1582960,1607960,1607960,1607970
124033380,삼성전자 LH85BEHHLBFXKR (벽걸이),1868710,1868750,1868780,1868840,1868880,1868940,1868940,1868990
124033346,삼성전자 LH85BEHHLBFXKR (스탠드),1768600,1768670,1768780,1768860,1768900,1768940,1768940,1768990
124033393,삼성전자 LH85BEHHLBFXKR (천장형),2344130,2344250,2344360,2344440,2344480,2344520,2344610,2422500
124101507,삼성전자 LH85BEHHLGFXKR (벽걸이),1704990,1704990,1704990,1704990,1704990,1704990,1704990,1704990
124101506,삼성전자 LH85BEHHLGFXKR (스탠드),1563710,1563710,1563710,1563710,1563710,1563700,1563700,1563700
91118582,삼성전자 LH98BEDHLBFXKR (벽걸이),3719990,3719990,3719990,3719990,3719990,3719990,3719990,3719990
91039760,삼성전자 LH98BEDHLBFXKR (스탠드),3427970,3427970,3427970,3427970,3427970,3427970,3427970,3427970
102124022,삼성전자 LH98BEDHLBFXKR (이동형 스탠드),4850990,4850990,4850990,4850990,4751990,4751990,4751990,4751990
95423258,삼성전자 LH98BEDHLGFXKR (벽걸이),3755200,3755320,3755430,3755530,3755570,3755630,3755720,3755840
95423246,삼성전자 LH98BEDHLGFXKR (스탠드),3511990,3512110,3512220,3514800,3514910,3529910,3530020,3530140
98486594,삼성전자 LH98BEDHLGFXKR (이동형 스탠드 TR1800),4078000,4078000,4078000,4078000,4078000,4078000,4078000,4078000
64370990,삼성전자 LH98QECEDGCXKR (벽걸이),4630000,4630000,4630000,4630000,4630000,4630000,4630000,4630000
67577756,삼성전자 LH98QECEDGCXKR (본체),4489000,4489000,4489000,4489000,4489000,4489000,4489000,4489000
64370342,삼성전자 LH98QECEDGCXKR (스탠드),4489000,4489000,4489000,4489000,4489000,4489000,4489000,4489000
97835255,삼성전자 LH98QECEDGCXKR 리퍼비시 (벽걸이),6175000,6175000,6175000,6175000,6175000,6175000,6175000,6175000
34810904,삼성전자 LH98QECELGCXKR (벽걸이),5778990,5778990,5778990,5778990,5778990,5778990,5379000,5379000
31957964,삼성전자 LH98QECELGCXKR (스탠드),4907740,4907750,4907750,4907760,4907760,4907770,4907770,4907780
70152401,삼성전자 LH98QMCEBGCXKR (벽걸이),4799000,4799000,4799000,4799000,5108910,5108970,5109000,5109000
68785376,삼성전자 LH98QMCEBGCXKR (본체),4976420,4976540,4976570,4976620,4976710,4976760,4976790,4976790
124046979,삼성전자 Micro RGB KMR100RH85FXKR (벽걸이),10224610,10224730,10224760,10224820,10224860,10224920,10225010,10225040
124046916,삼성전자 Micro RGB KMR100RH85FXKR (스탠드),9889310,9889430,9889540,9889580,9889650,9889720,9889810,9889930
122632615,삼성전자 Micro RGB KMR65RH85AFXKR (벽걸이),2843470,2843470,2843470,2901490,2901490,2901490,2901490,2901490
122634626,"삼성전자 Micro RGB KMR65RH85AFXKR (벽걸이+사운드바, HW-B650F)",3519000,3519000,3519000,3519000,3519000,3519000,3519000,3519000
122632581,삼성전자 Micro RGB KMR65RH85AFXKR (스탠드),2754590,2754590,2754590,2809470,2809540,2809620,2809720,2809840
122634622,"삼성전자 Micro RGB KMR65RH85AFXKR (스탠드+사운드바, HW-B650F)",3405700,3405700,3405700,3405700,3405700,3405700,3405700,3405700
122632384,삼성전자 Micro RGB KMR65RH95AFXKR (벽걸이),4522900,4522900,4522900,4615190,4615190,4615190,4615190,4615190
122634772,"삼성전자 Micro RGB KMR65RH95AFXKR (벽걸이+사운드바, HW-Q990F)",6535100,6535100,6535100,6535100,6535100,6535100,6535100,6535100
122632362,삼성전자 Micro RGB KMR65RH95AFXKR (스탠드),4433140,4433170,4433990,4488110,4488200,4488270,4488370,4488490
122634771,"삼성전자 Micro RGB KMR65RH95AFXKR (스탠드+사운드바, HW-Q990F)",6421700,6421700,6421700,6421700,6421700,6421700,6421700,6421700
122632270,삼성전자 Micro RGB KMR65RH9GAFXKR (벽걸이),3110030,3110030,3110030,3173490,3173490,3173490,3173490,3173490
122635084,"삼성전자 Micro RGB KMR65RH9GAFXKR (벽걸이+사운드바, HW-Q990F)",4607600,4607600,4607600,4607600,4607600,4607600,4607600,4607600
122632256,삼성전자 Micro RGB KMR65RH9GAFXKR (스탠드),3020860,3020980,3021090,3082230,3082300,3082370,3082460,3082580
122635076,"삼성전자 Micro RGB KMR65RH9GAFXKR (스탠드+사운드바, HW-Q990F)",4494200,4494200,4494200,4494200,4494200,4494200,4494200,4494200
122632561,삼성전자 Micro RGB KMR75RH85AFXKR (벽걸이),3117130,3117250,3167360,3167400,3167470,3167570,3167580,3167680
122632540,삼성전자 Micro RGB KMR75RH85AFXKR (스탠드),2934480,2974670,3024780,3024820,3024890,3024960,3025050,3025170
122632354,삼성전자 Micro RGB KMR75RH95AFXKR (벽걸이),5520000,5520000,5520000,5520000,5520000,5520000,5520000,5520000
122634715,"삼성전자 Micro RGB KMR75RH95AFXKR (벽걸이+사운드바, HW-Q990F)",8349300,8349300,8349300,8349300,8349300,8357800,8349300,8349300
122632324,삼성전자 Micro RGB KMR75RH95AFXKR (스탠드),5539950,5539960,5539960,5539970,5539970,5539980,5539980,5539990
123721684,"삼성전자 Micro RGB KMR75RH95AFXKR (스탠드+사운드바, HW-Q930H)",6718270,6718270,6718270,6718270,6718270,6669850,6669850,6669850
122634713,"삼성전자 Micro RGB KMR75RH95AFXKR (스탠드+사운드바, HW-Q990F)",8235900,8235900,8235900,8235900,8235900,8235900,8235900,8235900
122632247,삼성전자 Micro RGB KMR75RH9GAFXKR (벽걸이),4522900,4522900,4522900,4615190,4615190,4615190,4615190,4615190
122634854,"삼성전자 Micro RGB KMR75RH9GAFXKR (벽걸이+사운드바, HW-Q990F)",6875300,6875300,6875300,6875300,6875300,6875300,6875300,6875300
122632229,삼성전자 Micro RGB KMR75RH9GAFXKR (스탠드),4238260,4238270,4238270,4238280,4238280,4238290,4238290,4238300
122634851,"삼성전자 Micro RGB KMR75RH9GAFXKR (스탠드+사운드바, HW-Q990F)",6761900,6761900,6761900,6761900,6761900,6761900,6761900,6761900
122632522,삼성전자 Micro RGB KMR85RH85AFXKR (벽걸이),5489000,5489000,5489000,5489000,5489000,5489000,5489000,5489000
122632453,삼성전자 Micro RGB KMR85RH85AFXKR (스탠드),4880000,4880120,4880150,4880210,4880310,4880360,4880460,4880580
122632316,삼성전자 Micro RGB KMR85RH95AFXKR (벽걸이),7676540,7676540,7676540,7790870,7787600,7790870,7790870,7790870
122634679,"삼성전자 Micro RGB KMR85RH95AFXKR (벽걸이+사운드바, HW-Q990F)",10050100,10050100,10050100,10050100,10050100,10050100,10050100,10050100
122632284,삼성전자 Micro RGB KMR85RH95AFXKR (스탠드),6849940,6849940,6849950,6849950,6849960,6849960,6849970,6849970
123721678,"삼성전자 Micro RGB KMR85RH95AFXKR (스탠드+사운드바, HW-Q930H)",7985890,7985890,7985890,7985890,7985890,7928340,7928340,7928340
122634676,"삼성전자 Micro RGB KMR85RH95AFXKR (스탠드+사운드바, HW-Q990F)",9823300,9823300,9823300,9823300,9823300,9823300,9823300,9823300
122632215,삼성전자 Micro RGB KMR85RH9GAFXKR (벽걸이),6033470,6033470,6033470,6156590,6156590,6156590,6156590,6156590
122634785,"삼성전자 Micro RGB KMR85RH9GAFXKR (벽걸이+사운드바, HW-Q990F)",6425760,6425760,6425760,6425760,6425760,6379450,6379450,6379450
122632046,삼성전자 Micro RGB KMR85RH9GAFXKR (스탠드),5639990,5639990,5639990,5639990,5639990,5639990,5639990,5639990
123721696,"삼성전자 Micro RGB KMR85RH9GAFXKR (스탠드+사운드바, HW-Q930H)",6620760,6620760,6620760,6620760,6620760,6619830,6619830,6619830
122634784,"삼성전자 Micro RGB KMR85RH9GAFXKR (스탠드+사운드바, HW-Q990F)",8349300,8349300,8349300,8349300,8349300,8349300,8349300,8349300
123971637,삼성전자 Mini LED KU100MH90FXKR (벽걸이),7513620,7513620,7513620,7513620,7513620,7459470,7459470,7459460
123971465,삼성전자 Mini LED KU100MH90FXKR (스탠드),7220490,7220490,7220490,7220490,7220490,7168460,7168460,7168460
122628110,삼성전자 Mini LED KU43MH70AFXKR (벽걸이),748500,748500,748500,748500,725450,725510,725590,725610
122628074,삼성전자 Mini LED KU43MH70AFXKR (스탠드),595100,595180,595180,595180,595180,595180,595180,595180
122655977,삼성전자 Mini LED KU43MH70AFXKR 이동형 패키지 (삼성 무빙 라이트),869600,869600,869600,869600,869600,863330,863330,863330
122666233,삼성전자 Mini LED KU43MH70AFXKR 이동형 패키지 (삼성 무빙 스탠다드),918500,918500,918500,918500,918500,911880,911880,911880
122628042,삼성전자 Mini LED KU50MH70AFXKR (벽걸이),817400,817400,817400,817400,816520,816590,816680,816800
122627996,삼성전자 Mini LED KU50MH70AFXKR (스탠드),734580,734700,734730,734790,734890,714240,663300,663300
122666209,삼성전자 Mini LED KU50MH70AFXKR 이동형 패키지 (삼성 무빙 라이트),969005,969005,969005,969005,969005,969005,969005,969005
122666214,삼성전자 Mini LED KU50MH70AFXKR 이동형 패키지 (삼성 무빙 스탠다드),1065020,1065020,1065020,1065020,1065020,1057340,1057340,1057340
122628151,삼성전자 Mini LED KU55MH70AFXKR (벽걸이),1111670,1111670,1111670,1091810,1069650,1069730,1069840,1069960
122628134,삼성전자 Mini LED KU55MH70AFXKR (스탠드),1049030,1049150,1049260,1030590,1049480,1003530,1003530,1003530
122627969,삼성전자 Mini LED KU55MH75AFXKR (벽걸이),991950,991950,991950,991950,992530,992010,992010,992010
122627956,삼성전자 Mini LED KU55MH75AFXKR (스탠드),938590,938590,938590,938600,948292,937930,891540,891540
122666068,삼성전자 Mini LED KU55MH75AFXKR 이동형 패키지 (삼성 무빙 라이트),1358140,1358140,1358140,1358140,1358140,1348350,1348350,1348340
122666072,삼성전자 Mini LED KU55MH75AFXKR 이동형 패키지 (삼성 무빙 스탠다드),1407040,1407040,1407040,1407040,1407040,1397050,1397050,1397050
122628584,삼성전자 Mini LED KU55MH80AFXKR (벽걸이),1076060,1076180,1076290,1076350,1076410,1078920,1079010,1079040
122691661,"삼성전자 Mini LED KU55MH80AFXKR (벽걸이+사운드바, HW-B400F)",1187800,1187800,1187810,1187850,1187900,1187900,1187900,1187900
122628567,삼성전자 Mini LED KU55MH80AFXKR (스탠드),1069200,1069200,1069200,1071760,1072170,1069190,1069190,1069190
122691650,"삼성전자 Mini LED KU55MH80AFXKR (스탠드+사운드바, HW-B400F)",1187800,1187800,1187810,1187850,1187900,1187900,1187900,1187900
122666055,삼성전자 Mini LED KU55MH80AFXKR 이동형 패키지 (삼성 무빙 라이트),1504750,1504750,1504750,1504750,1504750,1504250,1504240,1504240
122666062,삼성전자 Mini LED KU55MH80AFXKR 이동형 패키지 (삼성 무빙 스탠다드),1553560,1553560,1553560,1553560,1553560,1553560,1553560,1553560
122628170,삼성전자 Mini LED KU65MH70AFXKR (벽걸이),1278970,1278970,1278970,1278970,1278970,1291060,1286410,1345160
122628162,삼성전자 Mini LED KU65MH70AFXKR (스탠드),1204730,1208640,1209000,1220950,1199000,1232430,1232430,1245260
122617071,삼성전자 Mini LED KU65MH75AFXKR (벽걸이),1261020,1265910,1270070,1270170,1270280,1270390,1270410,1270510
122635626,"삼성전자 Mini LED KU65MH75AFXKR (벽걸이+사운드바, HW-B650F)",1553560,1553560,1553560,1553560,1553560,1553560,1553560,1548230
124166743,"삼성전자 Mini LED KU65MH75AFXKR (벽걸이+스피커, HW-LS50H)",2099140,2099140,2099140,2099140,2099140,2099140,2099140,2086230
122616533,삼성전자 Mini LED KU65MH75AFXKR (스탠드),1181370,1181370,1181370,1181370,1181370,1181380,1048960,1048960
122635624,"삼성전자 Mini LED KU65MH75AFXKR (스탠드+사운드바, HW-B650F)",1462300,1462300,1462300,1462300,1462300,1462300,1462300,1450210
124166733,"삼성전자 Mini LED KU65MH75AFXKR (스탠드+스피커, HW-LS50H)",2001000,2001000,2001000,2001000,2001000,1988230,1988230,1988230
122628495,삼성전자 Mini LED KU65MH80AFXKR (벽걸이),1563940,1563940,1563940,1563940,1563940,1563940,1563940,1563940
122691623,"삼성전자 Mini LED KU65MH80AFXKR (벽걸이+사운드바, HW-B400F)",1674520,1674640,1674750,1674790,1674840,1674840,1674840,1674840
122635653,"삼성전자 Mini LED KU65MH80AFXKR (벽걸이+사운드바, HW-B650F)",2139800,2139800,2139800,2139800,2139800,2124380,2124380,2124380
124166563,"삼성전자 Mini LED KU65MH80AFXKR (벽걸이+스피커, HW-LS70H)",2822820,2822820,2822820,2822820,2835160,2821290,2821290,2821280
122628457,삼성전자 Mini LED KU65MH80AFXKR (스탠드),1504800,1504800,1504800,1562910,1560640,1504800,1504800,1504800
122691622,"삼성전자 Mini LED KU65MH80AFXKR (스탠드+사운드바, HW-B400F)",1674520,1674640,1674750,1674790,1674840,1674840,1510000,1510000
122635651,"삼성전자 Mini LED KU65MH80AFXKR (스탠드+사운드바, HW-B650F)",2042090,2042090,2042090,2042090,2042090,2042090,2042090,2038210
124166562,"삼성전자 Mini LED KU65MH80AFXKR (스탠드+스피커, HW-LS70H)",2725110,2725110,2725110,2725110,2736940,2723280,2723280,2723280
122617086,삼성전자 Mini LED KU75MH70AFXKR (벽걸이),1503250,1503250,1503250,1503250,1503250,1503100,1503110,1503250
122616546,삼성전자 Mini LED KU75MH70AFXKR (스탠드),1422900,1422900,1449970,1412900,1458800,1430300,1430300,1430300
122617051,삼성전자 Mini LED KU75MH75AFXKR (벽걸이),1538730,1538850,1538960,1539000,1539070,1461290,1460170,1460180
122635619,"삼성전자 Mini LED KU75MH75AFXKR (벽걸이+사운드바, HW-B650F)",1700170,1700170,1700170,1700170,1700170,1700170,1700170,1695260
123860493,"삼성전자 Mini LED KU75MH75AFXKR (벽걸이+스피커, HW-LS50H)",2383090,2383090,2383090,2383090,2383090,2365920,2365920,2365910
122616528,삼성전자 Mini LED KU75MH75AFXKR (스탠드),1454900,1455020,1455130,1463230,1469980,1406900,1406890,1406900
122635618,"삼성전자 Mini LED KU75MH75AFXKR (스탠드+사운드바, HW-B650F)",1609420,1609420,1609420,1609420,1609420,1597260,1597260,1597260
123860488,"삼성전자 Mini LED KU75MH75AFXKR (스탠드+스피커, HW-LS50H)",2285380,2285380,2285380,2285380,2285380,2268920,2268920,2268910
122628320,삼성전자 Mini LED KU75MH80AFXKR (벽걸이),1870180,1870300,1870330,1870400,1870480,1864550,1864560,1870480
122704163,"삼성전자 Mini LED KU75MH80AFXKR (벽걸이+사운드바, HW-B400F)",2001170,2001290,2001400,2001520,2001570,2001580,2001580,2001590
122635646,"삼성전자 Mini LED KU75MH80AFXKR (벽걸이+사운드바, HW-B650F)",2481830,2481830,2481830,2481830,2481830,2463940,2463940,2463940
124166630,"삼성전자 Mini LED KU75MH80AFXKR (벽걸이+스피커, HW-LS70H)",3213550,3213550,3213550,3213550,3227620,3213180,3213180,3213180
122628307,삼성전자 Mini LED KU75MH80AFXKR (스탠드),1795200,1795200,1795200,1872530,1872820,1840000,1651750,1651750
122704160,"삼성전자 Mini LED KU75MH80AFXKR (스탠드+사운드바, HW-B400F)",2001150,2001270,2001380,2001480,2001570,2001580,2001580,2001590
122635644,"삼성전자 Mini LED KU75MH80AFXKR (스탠드+사운드바, HW-B650F)",2384120,2384120,2384120,2384120,2384120,2384120,2384120,2381260
124166627,"삼성전자 Mini LED KU75MH80AFXKR (스탠드+스피커, HW-LS70H)",3115850,3115850,3115850,3115850,3129480,3115180,3115180,3115180
122628194,삼성전자 Mini LED KU85MH70AFXKR (벽걸이),1965680,1965680,1965680,1965680,1965680,1965680,1965680,1965680
122628181,삼성전자 Mini LED KU85MH70AFXKR (스탠드),1867360,1867360,1867360,1867360,1906480,1906490,1906490,1906490
122627245,삼성전자 Mini LED KU85MH75AFXKR (벽걸이),2014370,2014490,2014600,2014640,2014710,2014770,2015130,2015230
122635604,"삼성전자 Mini LED KU85MH75AFXKR (벽걸이+사운드바, HW-B650F)",2188700,2188700,2188700,2188700,2188700,2188700,2188700,2185270
123860471,"삼성전자 Mini LED KU85MH75AFXKR (벽걸이+스피커, HW-LS50H)",2969330,2969330,2969330,2969330,2969330,2947930,2947930,2947930
122616190,삼성전자 Mini LED KU85MH75AFXKR (스탠드),1938250,1938370,1938400,1940700,1940770,1940840,1944750,1944860
122635602,"삼성전자 Mini LED KU85MH75AFXKR (스탠드+사운드바, HW-B650F)",2100100,2100100,2100100,2100100,2100100,2100100,2100100,2087260
123860464,"삼성전자 Mini LED KU85MH75AFXKR (스탠드+스피커, HW-LS50H)",2871630,2871630,2871630,2871630,2871630,2850930,2850930,2850930
122665735,"삼성전자 Mini LED KU85MH75AFXKR + 더 무빙스타일 KU27LSFM7AXXKR (벽걸이, TV+TV)",2726050,2726050,2726050,2726050,2726050,2726050,2726050,2724210
122665732,"삼성전자 Mini LED KU85MH75AFXKR + 더 무빙스타일 KU27LSFM7AXXKR (스탠드, TV+TV)",2628340,2628340,2628340,2628340,2628340,2609390,2609390,2609390
122628304,삼성전자 Mini LED KU85MH80AFXKR (벽걸이),2511780,2511870,2511980,2512020,2512190,2512190,2512190,2512190
122695231,"삼성전자 Mini LED KU85MH80AFXKR (벽걸이+사운드바, HW-B400F)",2632930,2633050,2633080,2633140,2633230,2633290,2633390,2633510
122635635,"삼성전자 Mini LED KU85MH80AFXKR (벽걸이+사운드바, HW-B650F)",3263380,3263380,3263380,3263380,3263380,3239870,3239870,3239870
124166618,"삼성전자 Mini LED KU85MH80AFXKR (벽걸이+스피커, HW-LS70H)",4190630,4190630,4190630,4190630,4208980,4193190,4193190,4193190
122628226,삼성전자 Mini LED KU85MH80AFXKR (스탠드),2446400,2446400,2446400,2511160,2511160,2446400,2312000,2312000
122695230,"삼성전자 Mini LED KU85MH80AFXKR (스탠드+사운드바, HW-B400F)",2651550,2651670,2651700,2651760,2651800,2580000,2580000,2580000
122635633,"삼성전자 Mini LED KU85MH80AFXKR (스탠드+사운드바, HW-B650F)",3165670,3165670,3165670,3165670,3165670,3165670,3165670,3165170
124166616,"삼성전자 Mini LED KU85MH80AFXKR (스탠드+스피커, HW-LS70H)",4092920,4092920,4092920,4092920,4110840,4110840,4110840,4095190
122665802,"삼성전자 Mini LED KU85MH80AFXKR + 더 무빙스타일 KU27LSFM7AXXKR (벽걸이, TV+TV)",3800830,3800830,3800830,3800830,3800830,3773440,3773440,3773440
122665791,"삼성전자 Mini LED KU85MH80AFXKR + 더 무빙스타일 KU27LSFM7AXXKR (스탠드, TV+TV)",3703120,3703120,3703120,3703120,3703120,3676430,3676430,3676430
13496432,삼성전자 QLED KQ43QA60AFXKR (스탠드),1068680,1068680,1068680,1068680,1068680,1068680,1068680,1068680
13473350,삼성전자 QLED KQ43QA65AFXKR (벽걸이),855000,855000,855000,855000,855000,855000,855000,855000
13473158,삼성전자 QLED KQ43QA65AFXKR (스탠드),637010,637010,637010,637010,637010,637010,637010,637010
18461315,삼성전자 QLED KQ43QA65AFXKR (슬림핏 벽걸이),963510,963510,963510,963510,963510,963510,963510,963510
16544606,삼성전자 QLED KQ43QB60AFXKR (벽걸이),906250,906250,906250,924730,924730,924730,924730,924730
16514810,삼성전자 QLED KQ43QB60AFXKR (스탠드),832020,832020,832020,848990,848990,848990,848990,848990
16544564,삼성전자 QLED KQ43QB65AFXKR (벽걸이),4000000,4000000,4000000,4000000,4000000,4000000,4000000,4000000
65430221,"삼성전자 QLED KQ43QB65AFXKR (벽걸이+사운드바, HW-C400)",826360,826360,826360,826360,823270,823270,823270,823270
16515224,삼성전자 QLED KQ43QB65AFXKR (스탠드),826370,826370,826370,826370,826370,826370,826370,826370
37926215,"삼성전자 QLED KQ43QB65AFXKR (스탠드+사운드바, HW-C400)",826360,826360,826360,826360,823270,823270,823270,823270
19099436,삼성전자 QLED KQ43QC60AFXKR (스탠드),845640,845640,845640,849990,849990,849990,849990,849990
19205225,삼성전자 QLED KQ43QC60AFXKR (풀모션 슬림핏 벽걸이),902910,902910,902910,921320,921320,921320,921320,921320
19204532,삼성전자 QLED KQ43QC65AFXKR (스탠드),868170,868200,868280,883850,883920,883950,884040,884070
19298459,삼성전자 QLED KQ43QC65AFXKR (풀모션 슬림핏 벽걸이),949600,949600,949600,968970,968970,968970,968970,968970
19918928,삼성전자 QLED KQ43QC67AFXKR (스탠드),855000,855000,855000,855000,855000,855000,855000,855000
20656496,삼성전자 QLED KQ43QC67AFXKR (풀모션 슬림핏 벽걸이),950000,950000,950000,950000,950000,950000,950000,950000
19662452,삼성전자 QLED KQ43QC68AFXKR (스탠드),980000,980000,980000,999990,999990,999990,999990,999990
19662986,삼성전자 QLED KQ43QC68AFXKR (풀모션 슬림핏 벽걸이),980000,980000,980000,999990,999990,999990,999990,999990
37927070,삼성전자 QLED KQ43QD60AFXKR (벽걸이),1078000,1078000,1078000,1099990,1099990,1099990,1099990,1099990
37927064,삼성전자 QLED KQ43QD60AFXKR (스탠드),980000,980000,980000,999990,999990,999990,999990,999990
52061831,삼성전자 QLED KQ43QD67AFXKR (벽걸이),903230,903230,903230,903230,895220,894050,894050,894050
52061825,삼성전자 QLED KQ43QD67AFXKR (스탠드),836580,836580,836580,853640,853640,853640,853640,853640
79558550,삼성전자 QLED KQ43QF7AAFXKR (벽걸이),803760,803760,803760,803760,787852,789060,789060,789605
90437798,"삼성전자 QLED KQ43QF7AAFXKR (벽걸이+사운드바, HW-C400)",951202,951202,951202,951202,951192,940800,940800,940800
79558067,삼성전자 QLED KQ43QF7AAFXKR (스탠드),741690,741690,741690,741690,741690,741690,741690,741690
89863352,"삼성전자 QLED KQ43QF7AAFXKR (스탠드+사운드바, HW-C400)",951202,951202,951202,951202,951192,940800,940800,940800
94883732,삼성전자 QLED KQ43QF7AAFXKR 이동형 패키지 (삼성 무빙 라이트),1097990,1097990,1097990,1097990,1097990,1097990,1097990,1097990
79559630,삼성전자 QLED KQ43QF7AAFXKR 이동형 패키지 (삼성 무빙(선반)),1091370,1091370,1091370,1091370,1091370,1088290,1088290,1088290
79559570,삼성전자 QLED KQ43QF7AAFXKR 이동형 패키지 (삼성 무빙),1171900,1171900,1171900,1171900,1171900,1201900,1171900,1171900
90645428,삼성전자 QLED KQ43QF8AAFXKR (벽걸이),1038800,1038800,1038800,1059990,1059990,1059990,1059990,1059990
92621198,"삼성전자 QLED KQ43QF8AAFXKR (벽걸이+사운드바, HW-B650D)",1350620,1350620,1350620,1350620,1350620,1344780,1344780,1344780
79557287,삼성전자 QLED KQ43QF8AAFXKR (스탠드),989800,989800,989800,1009990,1009990,1009990,1009990,1009990
92621192,"삼성전자 QLED KQ43QF8AAFXKR (스탠드+사운드바, HW-B650D)",1276700,1276700,1276700,1276700,1276700,1271670,1271670,1271670
122691731,"삼성전자 QLED KQ43QF8AAFXKR (스탠드+사운드바, HW-B650F)",1894430,1894430,1894430,1894430,1894430,1894430,1894430,1894430
96058883,삼성전자 QLED KQ43QF8AAFXKR 이동형 패키지 (삼성 무빙 라이트),1198000,1198000,1198000,1198000,1198000,1228000,1198000,1198000
96058889,삼성전자 QLED KQ43QF8AAFXKR 이동형 패키지 (삼성 무빙 스탠다드),1387340,1387340,1387340,1387340,1387340,1387340,1387340,1387340
79559699,삼성전자 QLED KQ43QF8AAFXKR 이동형 패키지 (삼성 무빙),2000000,2000000,2000000,2000000,2000000,2000000,2000000,2000000
10812540,삼성전자 QLED KQ43QT60AFXKR (미니슬림 벽걸이),1140000,1140000,1140000,1140000,1140000,1140000,1140000,1140000
10812519,삼성전자 QLED KQ43QT60AFXKR (벽걸이),1140000,1140000,1140000,1140000,1140000,1140000,1140000,1140000
10812396,삼성전자 QLED KQ43QT60AFXKR (스탠드),1900000,1900000,1900000,1900000,1900000,1900000,1900000,1900000
11744879,삼성전자 QLED KQ43QT67AFXKR (미니슬림 벽걸이),1330000,1330000,1330000,1330000,1330000,1330000,1330000,1330000
11695769,삼성전자 QLED KQ43QT67AFXKR (벽걸이),931000,931000,931000,931000,931000,931000,931000,931000
11695676,삼성전자 QLED KQ43QT67AFXKR (스탠드),1330000,1330000,1330000,1330000,1330000,1330000,1330000,1330000
13816016,삼성전자 QLED KQ50QA60AFXKR (벽걸이),1172350,1172350,1172350,1172350,1172350,1172350,1172350,1172350
13496357,삼성전자 QLED KQ50QA60AFXKR (스탠드),891210,891210,891210,891210,891210,891210,891210,891210
13479863,삼성전자 QLED KQ50QA65AFXKR (미니슬림 벽걸이),1471540,1471540,1471540,1471540,1471540,1471540,1471540,1471540
13479854,삼성전자 QLED KQ50QA65AFXKR (벽걸이),1149240,1149240,1149240,1149240,1149240,1149240,1149240,1149240
13479812,삼성전자 QLED KQ50QA65AFXKR (스탠드),989800,989800,989800,1009990,1009990,1009990,1009990,1009990
13479914,삼성전자 QLED KQ50QA65AFXKR (슬림핏 벽걸이),1386990,1386990,1386990,1386990,1386990,1386990,1386990,1386990
16544612,삼성전자 QLED KQ50QB60AFXKR (벽걸이),1205890,1205890,1205890,1230490,1230490,1230490,1230490,1230490
16514636,삼성전자 QLED KQ50QB60AFXKR (스탠드),963390,963390,963390,983040,983040,983040,983040,983040
65429681,"삼성전자 QLED KQ50QC60AFXKR (벽걸이+사운드바, HW-C400)",1036000,1036000,1036000,1036000,1036000,1036000,1036000,1029960
19099415,삼성전자 QLED KQ50QC60AFXKR (스탠드),916900,916900,916900,916900,916900,916900,916900,916900
28924610,"삼성전자 QLED KQ50QC60AFXKR (스탠드+사운드바, HW-C400)",1036000,1036000,1036000,1036000,1036000,1036000,1036000,1029960
19205204,삼성전자 QLED KQ50QC60AFXKR (풀모션 슬림핏 벽걸이),916900,916900,916900,916900,916900,916900,916900,916900
19204499,삼성전자 QLED KQ50QC65AFXKR (스탠드),934990,934990,934990,934990,929990,929990,929990,929990
19956275,삼성전자 QLED KQ50QC65AFXKR (슬림핏 벽걸이),960350,960350,960350,960350,960350,960350,960350,960350
19298450,삼성전자 QLED KQ50QC65AFXKR (풀모션 슬림핏 벽걸이),980000,980000,980000,989990,989990,989990,989990,989990
19918874,삼성전자 QLED KQ50QC67AFXKR (스탠드),949990,949990,949990,949990,949990,949990,949990,949990
20656487,삼성전자 QLED KQ50QC67AFXKR (풀모션 슬림핏 벽걸이),1014590,1014590,1014590,1014590,1014590,1014590,1014590,1014590
19662707,삼성전자 QLED KQ50QC68AFXKR (스탠드),980000,980000,980000,999990,999990,999990,999990,999990
19663097,삼성전자 QLED KQ50QC68AFXKR (풀모션 슬림핏 벽걸이),4010000,4010000,4010000,4010000,4010000,4010000,4010000,4010000
37289963,삼성전자 QLED KQ50QD60AFXKR (벽걸이),1292240,1292240,1292240,1292240,1314450,1288300,1288300,1288300
37289945,삼성전자 QLED KQ50QD60AFXKR (스탠드),1127000,1127000,1127000,1149990,1149990,1149990,1149990,1149990
49829528,삼성전자 QLED KQ50QD67AFXKR (벽걸이),1425000,1425000,1425000,1425000,1425000,1425000,1425000,1425000
49829498,삼성전자 QLED KQ50QD67AFXKR (스탠드),1330000,1330000,1330000,1330000,1330000,1330000,1330000,1330000
41610203,삼성전자 QLED KQ50QD80AFXKR (벽걸이),2093640,2093640,2093640,2093640,2104020,2059840,2059840,2059840
41583380,삼성전자 QLED KQ50QD80AFXKR (스탠드),1994420,1994420,1994420,1994420,1994410,1962690,1962690,1962690
79558514,삼성전자 QLED KQ50QF7AAFXKR (벽걸이),1103900,1103900,1103900,1103900,1103900,1103900,1103900,1103900
79558202,삼성전자 QLED KQ50QF7AAFXKR (스탠드),1088770,1088770,1088770,1110980,1110980,1110980,1110980,1110980
79557821,삼성전자 QLED KQ50QF8AAFXKR (벽걸이),1239500,1239500,1239500,1239500,1239500,1269500,1239500,1239500
92621261,"삼성전자 QLED KQ50QF8AAFXKR (벽걸이+사운드바, HW-B650D)",1451420,1451420,1451420,1451420,1451420,1444670,1444670,1444670
79557332,삼성전자 QLED KQ50QF8AAFXKR (스탠드),1126020,1126020,1126020,1148990,1148990,1148990,1148990,1148990
92621252,"삼성전자 QLED KQ50QF8AAFXKR (스탠드+사운드바, HW-B650D)",1350620,1350620,1350620,1350620,1350620,1344780,1344780,1344780
13519391,삼성전자 QLED KQ55QA60AFXKR (벽걸이),1425000,1425000,1425000,1425000,1425000,1425000,1425000,1425000
13496258,삼성전자 QLED KQ55QA60AFXKR (스탠드),1283650,1283650,1283650,1309830,1309830,1309830,1309830,1309830
15178916,"삼성전자 QLED KQ55QA60AFXKR (스탠드+사운드바, HW-A450)",2000000,2000000,2000000,2000000,2000000,2000000,2000000,2000000
13754591,삼성전자 QLED KQ55QA60AFXKR (슬림핏 벽걸이),1567500,1567500,1567500,1567500,1567500,1567500,1567500,1567500
13480124,삼성전자 QLED KQ55QA65AFXKR (벽걸이),1337750,1337750,1337750,1337750,1337750,1337750,1337750,1337750
13480061,삼성전자 QLED KQ55QA65AFXKR (스탠드),1094720,1094720,1094720,1117050,1117050,1117050,1117050,1117050
28465862,삼성전자 QLED KQ55QA65AFXKR (슬림핏 벽걸이),1425000,1425000,1425000,1425000,1425000,1425000,1425000,1425000
13721399,삼성전자 QLED KQ55QA70AFXKR (미니슬림 벽걸이),1691000,1691000,1691000,1691000,1691000,1691000,1691000,1691000
13721393,삼성전자 QLED KQ55QA70AFXKR (벽걸이),1501000,1501000,1501000,1501000,1501000,1501000,1501000,1501000
13688690,삼성전자 QLED KQ55QA70AFXKR (스탠드),1373610,1373610,1373610,1401630,1401630,1401630,1401630,1401630
16544615,삼성전자 QLED KQ55QB60AFXKR (벽걸이),1145720,1145720,1145720,1169090,1169090,1169090,1169090,1169090
16514585,삼성전자 QLED KQ55QB60AFXKR (스탠드),1059720,1059720,1059720,1059720,1059720,1059720,1059720,1059720
16544702,삼성전자 QLED KQ55QB65AFXKR (벽걸이),1206960,1206960,1206960,1231580,1231580,1231580,1231580,1231580
73884905,"삼성전자 QLED KQ55QB65AFXKR (벽걸이+사운드바, HW-S50B)",2104610,2104610,2104610,2104610,2103340,2070590,2070590,2070590
16515182,삼성전자 QLED KQ55QB65AFXKR (스탠드),1173210,1173210,1173210,1197140,1197140,1197140,1197140,1197140
13164843,"삼성전자 QLED KQ55QB65AFXKR (스탠드+사운드바, HW-S50B)",2033200,2033200,2033200,2033200,2033190,2000660,2000660,2000660
17529308,삼성전자 QLED KQ55QB67AFXKR (벽걸이),1197000,1197000,1197000,1197000,1197000,1197000,1197000,1197000
17529281,삼성전자 QLED KQ55QB67AFXKR (스탠드),980000,980000,980000,994990,994990,994990,994990,994990
73768406,"삼성전자 QLED KQ55QC60AFXKR (벽걸이+사운드바, HW-B650)",1342080,1342080,1342080,1342080,1371150,1323930,1323930,1323930
65368358,"삼성전자 QLED KQ55QC60AFXKR (벽걸이+사운드바, HW-C400)",1840600,1840600,1840600,1840600,1880400,1812080,1812080,1812080
73768436,"삼성전자 QLED KQ55QC60AFXKR (벽걸이+사운드바, HW-C450)",2104240,2104240,2104240,2104240,2123410,2070220,2070220,2070220
19099382,삼성전자 QLED KQ55QC60AFXKR (스탠드),999490,999490,999490,1019870,1019870,1019870,961760,961760
59928053,"삼성전자 QLED KQ55QC60AFXKR (스탠드+사운드바, HW-B650)",1342080,1342080,1342080,1342080,1371150,1323930,1323930,1323930
28185851,"삼성전자 QLED KQ55QC60AFXKR (스탠드+사운드바, HW-C400)",1840600,1840600,1840600,1840600,1848860,1812080,1812080,1812080
59928044,"삼성전자 QLED KQ55QC60AFXKR (스탠드+사운드바, HW-C450)",2104240,2104240,2104240,2104240,2123410,2070220,2070220,2070220
19205192,삼성전자 QLED KQ55QC60AFXKR (풀모션 슬림핏 벽걸이),1187640,1187640,1187640,1187640,1187640,1187640,1187640,1187640
19204469,삼성전자 QLED KQ55QC65AFXKR (스탠드),1119340,1119340,1119340,1142170,1142170,1142170,1142170,1142170
19956299,삼성전자 QLED KQ55QC65AFXKR (슬림핏 벽걸이),1235000,1235000,1235000,1235000,1235000,1235000,1235000,1235000
19298441,삼성전자 QLED KQ55QC65AFXKR (풀모션 슬림핏 벽걸이),1095250,1095250,1095250,1117590,1117590,1117590,1117590,1117590
19918844,삼성전자 QLED KQ55QC67AFXKR (스탠드),1196040,1196040,1196040,1196040,1196040,1196040,1196040,1196040
19919345,삼성전자 QLED KQ55QC67AFXKR (풀모션 슬림핏 벽걸이),1282500,1282500,1282500,1282500,1282500,1282500,1282500,1282500
19662728,삼성전자 QLED KQ55QC68AFXKR (스탠드),1372000,1372000,1372000,1399990,1399990,1399990,1399990,1399990
19663157,삼성전자 QLED KQ55QC68AFXKR (풀모션 슬림핏 벽걸이),1345000,1345000,1345000,1345000,1345000,1345000,1345000,1345000
26988695,삼성전자 QLED KQ55QC75AFXKR (스탠드),1066700,1066700,1066700,1066700,1066700,1066700,1066700,1066700
27855935,삼성전자 QLED KQ55QC75AFXKR (풀모션 슬림핏 벽걸이),1161290,1161290,1161290,1161290,1161290,1161290,1161290,1161290
25124702,삼성전자 QLED KQ55QCE1AFXKR (스탠드),1073490,1073490,1073490,1073490,1073490,1073490,1073490,1073490
25142387,삼성전자 QLED KQ55QCE1AFXKR (풀모션 슬림핏 벽걸이),1328280,1328280,1328280,1328280,1328280,1328280,1328280,1328280
35842793,삼성전자 QLED KQ55QD60AFXKR (벽걸이),1113700,1113700,1113700,1113700,1113700,1123680,1123680,1123680
65354645,"삼성전자 QLED KQ55QD60AFXKR (벽걸이+사운드바, HW-C400)",1470000,1470000,1470000,1499990,1499990,1499950,1499950,1499990
35842781,삼성전자 QLED KQ55QD60AFXKR (스탠드),1113700,1113700,1113700,1113700,1113700,1123700,1123700,1123700
36200804,"삼성전자 QLED KQ55QD60AFXKR (스탠드+사운드바, HW-C400)",1470000,1470000,1470000,1499990,1499990,1498460,1498460,1498460
56141321,삼성전자 QLED KQ55QD63AFXKR (벽걸이),1092500,1092500,1092500,1092500,1092500,1092500,1092500,1092500
48474005,삼성전자 QLED KQ55QD63AFXKR (스탠드),1065760,1065880,1065990,1086530,1086570,1086650,1086760,1086880
62870276,삼성전자 QLED KQ55QD65AFXKR (벽걸이),1330000,1330000,1330000,1330000,1330000,1330000,1330000,1330000
54099899,삼성전자 QLED KQ55QD65AFXKR (스탠드),1129700,1129700,1129700,1129700,1129700,1129700,1129700,1129700
70005254,삼성전자 QLED KQ55QD66AFXKR (벽걸이),1040000,1040000,1040000,1040000,1040000,1040000,1040000,1040000
67578005,삼성전자 QLED KQ55QD66AFXKR (스탠드),982000,982000,982000,982000,982000,982000,982000,982000
52365830,삼성전자 QLED KQ55QD67AFXKR (벽걸이),1186780,1186780,1186780,1210990,1210990,1210990,1210990,1210990
52365818,삼성전자 QLED KQ55QD67AFXKR (스탠드),1054990,1054990,1054990,1054990,1054990,1054990,1054990,1054990
47842016,삼성전자 QLED KQ55QD68AFXKR (벽걸이),1185990,1185990,1185990,1185990,1185990,1185990,1185990,1185990
47841992,삼성전자 QLED KQ55QD68AFXKR (스탠드),1323000,1323000,1323000,1349990,1349990,1349990,1349990,1349990
38703668,삼성전자 QLED KQ55QD70AFXKR (벽걸이),1198000,1198000,1198000,1198000,1198000,1198000,1198000,1198000
38703398,삼성전자 QLED KQ55QD70AFXKR (스탠드),1098000,1098000,1098000,1098000,1098000,1098000,1098000,1098000
41610221,삼성전자 QLED KQ55QD80AFXKR (벽걸이),1885120,1885120,1885120,1885120,1885120,1874730,1874730,1874730
41600732,삼성전자 QLED KQ55QD80AFXKR (스탠드),1803680,1803680,1803680,1803680,1811970,1775920,1775920,1775920
51549470,삼성전자 QLED KQ55QDE1AFXKR (벽걸이),1330000,1330000,1330000,1330000,1330000,1330000,1330000,1330000
65428325,"삼성전자 QLED KQ55QDE1AFXKR (벽걸이+사운드바, HW-B550)",1269550,1269550,1269550,1269550,1278340,1252910,1252910,1252910
51549446,삼성전자 QLED KQ55QDE1AFXKR (스탠드),1217100,1217100,1217100,1217100,1218100,1201560,1201560,1201560
55451516,"삼성전자 QLED KQ55QDE1AFXKR (스탠드+사운드바, HW-B550)",1217100,1217100,1217100,1217100,1218100,1201560,1201560,1201560
95199848,삼성전자 QLED KQ55QF6AAFXKR (벽걸이),1176000,1176000,1176000,1199590,1199660,1199740,1199840,1199960
95199845,삼성전자 QLED KQ55QF6AAFXKR (스탠드),1078000,1078000,1078000,1098470,1098510,1098570,1098660,1098780
79558520,삼성전자 QLED KQ55QF7AAFXKR (벽걸이),1045400,1045400,1045400,1045400,1045400,1045400,1045400,1045400
89605610,"삼성전자 QLED KQ55QF7AAFXKR (벽걸이+사운드바, HW-C400)",1229770,1229770,1229770,1229770,1229770,1229770,1229770,1229770
79558232,삼성전자 QLED KQ55QF7AAFXKR (스탠드),1045400,1045400,1045400,1045400,1045400,1045400,1045400,1045400
82513769,"삼성전자 QLED KQ55QF7AAFXKR (스탠드+사운드바, HW-C400)",1229770,1229770,1229770,1229770,1229770,1229770,1229770,1229770
96059486,삼성전자 QLED KQ55QF7AAFXKR 이동형 패키지 (삼성 무빙 라이트),1499990,1499990,1499990,1499990,1499990,1499990,1499990,1499990
92761847,삼성전자 QLED KQ55QF7BAFXKR (벽걸이),1498000,1498000,1498000,1498000,1498000,1498000,1498000,1498000
92761832,삼성전자 QLED KQ55QF7BAFXKR (스탠드),1398000,1398000,1398000,1398000,1398000,1398000,1398000,1398000
92546183,삼성전자 QLED KQ55QF7DAFXKR (벽걸이),1469990,1469990,1469990,1499980,1499980,1499980,1499980,1499980
87736457,삼성전자 QLED KQ55QF7DAFXKR (스탠드),1230110,1230230,1230340,1230420,1230460,1230500,1230590,1230710
96425897,삼성전자 QLED KQ55QF7DAFXKR 이동형 패키지 (삼성 무빙 라이트),2000000,2000000,2000000,1605800,1605800,1605800,1605800,1605800
94883813,삼성전자 QLED KQ55QF7DAFXKR 이동형 패키지 (삼성 무빙),2000000,2000000,2000000,2000000,2000000,2000000,2000000,2000000
97363862,삼성전자 QLED KQ55QF7SAFXKR (벽걸이),1311240,1311240,1311240,1337990,1337990,1337990,1337990,1337990
97363814,삼성전자 QLED KQ55QF7SAFXKR (스탠드),1099000,1099000,1098990,1098990,1098990,1098990,1098950,1098990
79557836,삼성전자 QLED KQ55QF8AAFXKR (벽걸이),1299990,1299990,1299990,1299990,1299990,1299990,1299990,1299990
92621162,"삼성전자 QLED KQ55QF8AAFXKR (벽걸이+사운드바, HW-B650D)",1359160,1359160,1359160,1359160,1351880,1351880,1351880,1323380
99913904,"삼성전자 QLED KQ55QF8AAFXKR (벽걸이+사운드바, HW-B650F)",1484810,1484810,1484810,1484810,1484810,1463690,1463690,1463690
79557365,삼성전자 QLED KQ55QF8AAFXKR (스탠드),1274000,1274000,1274000,1299990,1299990,1299990,1299990,1299990
92621159,"삼성전자 QLED KQ55QF8AAFXKR (스탠드+사운드바, HW-B650D)",1359160,1359160,1359160,1359160,1351880,1351880,1351880,1323380
99913883,"삼성전자 QLED KQ55QF8AAFXKR (스탠드+사운드바, HW-B650F)",1484810,1484810,1484810,1484810,1484810,1463690,1463690,1463690
96059507,삼성전자 QLED KQ55QF8AAFXKR 이동형 패키지 (삼성 무빙 라이트),1520000,1520000,1520000,1520000,1520000,1520000,1520000,1520000
94690466,삼성전자 QLED KQ55QF8DAFXKR (벽걸이),1537300,1537300,1537300,1537300,1566510,1535340,1535340,1535340
94690415,삼성전자 QLED KQ55QF8DAFXKR (스탠드),1446120,1446120,1446120,1446120,1473600,1444280,1444280,1444280
94095698,삼성전자 QLED KQ55QFE1AFXKR (벽걸이),1117200,1117200,1117200,1139990,1139990,1139990,1139990,1139990
79558964,삼성전자 QLED KQ55QFE1AFXKR (스탠드),978500,978500,978500,978500,978500,978500,978500,978500
97117721,삼성전자 QLED KQ55QFE1AFXKR 이동형 패키지 (삼성 무빙 라이트),1450370,1450370,1450370,1450370,1450370,1431050,1431050,1431050
97221062,삼성전자 QLED KQ55QFE1AFXKR 이동형 패키지 (삼성 무빙 스탠다드),1302260,1302260,1302260,1302260,1302260,1302260,1302260,1302260
11685908,삼성전자 QLED KQ55QT67AFXKR (미니슬림 벽걸이),1425000,1425000,1425000,1425000,1425000,1425000,1425000,1425000
11685881,삼성전자 QLED KQ55QT67AFXKR (벽걸이),1472400,1472400,1472400,1472400,1472400,1472400,1472400,1472400
11685761,삼성전자 QLED KQ55QT67AFXKR (스탠드),1424990,1424990,1424990,1424990,1424990,1424990,1424990,1424990
13827815,삼성전자 QLED KQ55QT68AFXKR (스탠드),1040000,1040000,1040000,1040000,1040000,1040000,1040000,1040000
13493714,삼성전자 QLED KQ65QA65AFXKR (미니슬림 벽걸이),1652050,1652050,1652050,1652050,1652050,1652050,1652050,1652050
13510586,삼성전자 QLED KQ65QA65AFXKR (벽걸이),1509990,1509990,1509990,1509990,1509990,1509990,1509990,1509990
13479971,삼성전자 QLED KQ65QA65AFXKR (스탠드),1399990,1399990,1399990,1399990,1399990,1399990,1399990,1399990
13493720,삼성전자 QLED KQ65QA65AFXKR (슬림핏 벽걸이),2783500,2783500,2783500,2783500,2783500,2783500,2783500,2783500
16106885,삼성전자 QLED KQ65QA67AFXKR (벽걸이),1558190,1558190,1558190,1589980,1589980,1589980,1589980,1589980
16092287,삼성전자 QLED KQ65QA67AFXKR (스탠드),1309970,1309970,1309970,1336690,1329840,1329840,1249630,1249630
17939948,삼성전자 QLED KQ65QB60AFXKR (미니슬림 벽걸이),1738500,1738500,1738500,1738500,1738500,1738500,1738500,1738500
16544621,삼성전자 QLED KQ65QB60AFXKR (벽걸이),1542830,1542830,1542830,1574300,1574300,1574300,1574300,1574300
16514453,삼성전자 QLED KQ65QB60AFXKR (스탠드),1403340,1403340,1403340,1431970,1431970,1431970,1431970,1431970
17519567,삼성전자 QLED KQ65QB67AFXKR (벽걸이),1219120,1219120,1219120,1243990,1243990,1243990,1243990,1243990
17519525,삼성전자 QLED KQ65QB67AFXKR (스탠드),1460200,1460200,1460200,1489990,1489990,1489990,1454080,1454080
19099343,삼성전자 QLED KQ65QC60AFXKR (스탠드),1193990,1193990,1193990,1193990,1193990,1193990,1193990,1193990
28186442,"삼성전자 QLED KQ65QC60AFXKR (스탠드+사운드바, HW-B650)",1364030,1364030,1364030,1364030,1364020,1345420,1345420,1345420
59827001,"삼성전자 QLED KQ65QC60AFXKR (스탠드+사운드바, HW-C450)",1614910,1614910,1614910,1614910,1623380,1591080,1591080,1591080
19205174,삼성전자 QLED KQ65QC60AFXKR (풀모션 슬림핏 벽걸이),1225000,1225000,1225000,1233990,1233990,1233990,1233990,1233990
19204376,삼성전자 QLED KQ65QC65AFXKR (스탠드),1193630,1193630,1193630,1216990,1216990,1216990,1216990,1216990
19298426,삼성전자 QLED KQ65QC65AFXKR (풀모션 슬림핏 벽걸이),1222780,1222780,1222780,1247720,1247720,1247720,1247720,1247720
29688542,삼성전자 QLED KQ65QC66AFXKR (스탠드),1163030,1163030,1163030,1163030,1163030,1163030,1163030,1163030
29808317,삼성전자 QLED KQ65QC66AFXKR (풀모션 슬림핏 벽걸이),1235000,1235000,1235000,1235000,1235000,1235000,1235000,1235000
19918820,삼성전자 QLED KQ65QC67AFXKR (스탠드),1162680,1162680,1162680,1186390,1186390,1186390,1186390,1186390
19919339,삼성전자 QLED KQ65QC67AFXKR (풀모션 슬림핏 벽걸이),1296270,1296270,1296270,1322710,1322710,1322710,1322710,1322710
19662737,삼성전자 QLED KQ65QC68AFXKR (스탠드),1206990,1206990,1206990,1206990,1206990,1206990,1206990,1206990
19663211,삼성전자 QLED KQ65QC68AFXKR (풀모션 슬림핏 벽걸이),1228990,1228990,1228990,1228990,1228990,1228990,1228990,1228990
26983778,삼성전자 QLED KQ65QC75AFXKR (스탠드),1421000,1421000,1421000,1449990,1449990,1449990,1449990,1449990
26986937,삼성전자 QLED KQ65QC75AFXKR (풀모션 슬림핏 벽걸이),1342600,1342600,1342600,1369990,1369990,1369990,1369990,1369990
29482355,삼성전자 QLED KQ65QC83AFXKR (스탠드),2172320,2172320,2172320,2172320,2195000,2136880,2136880,2136880
29482382,삼성전자 QLED KQ65QC83AFXKR (풀모션 슬림핏 벽걸이),2280280,2280280,2280280,2280280,2280270,2242600,2242600,2242600
65430041,"삼성전자 QLED KQ65QCE1AFXKR (벽걸이+사운드바, HW-C450)",1546840,1546840,1546840,1546840,1555370,1524430,1524430,1524430
25120244,삼성전자 QLED KQ65QCE1AFXKR (스탠드),1355030,1355030,1355030,1355030,1355030,1355030,1355030,1355030
27988919,"삼성전자 QLED KQ65QCE1AFXKR (스탠드+사운드바, HW-C450)",1546840,1546840,1546840,1546840,1555370,1524430,1524430,1524430
25141742,삼성전자 QLED KQ65QCE1AFXKR (풀모션 슬림핏 벽걸이),1407570,1407570,1407570,1407570,1407570,1407570,1407570,1407570
35842724,삼성전자 QLED KQ65QD60AFXKR (벽걸이),1346700,1346700,1346700,1346700,1346700,1356700,1356700,1356700
65354219,"삼성전자 QLED KQ65QD60AFXKR (벽걸이+사운드바, HW-C400)",1468040,1468040,1468040,1487840,1487840,1487840,1487800,1487840
35842712,삼성전자 QLED KQ65QD60AFXKR (스탠드),1274000,1274000,1274000,1299990,1299990,1299990,1299990,1299990
36200795,"삼성전자 QLED KQ65QD60AFXKR (스탠드+사운드바, HW-C400)",1468040,1468040,1468040,1489990,1489990,1489990,1489990,1489990
46675166,삼성전자 QLED KQ65QD63AFXKR (벽걸이),1568000,1568000,1568000,1599990,1599990,1599990,1599990,1599990
46675160,삼성전자 QLED KQ65QD63AFXKR (스탠드),1180880,1180880,1180880,1189990,1189990,1189990,1189990,1189990
55457735,삼성전자 QLED KQ65QD65AFXKR (벽걸이),1439590,1439590,1439590,1439590,1439590,1439590,1439590,1439590
54099926,삼성전자 QLED KQ65QD65AFXKR (스탠드),1326190,1326190,1326190,1326190,1326190,1326190,1326190,1326190
71903351,삼성전자 QLED KQ65QD66AFXKR (벽걸이),1567020,1567020,1567020,1599000,1599000,1599000,1599000,1599000
67577975,삼성전자 QLED KQ65QD66AFXKR (스탠드),1469020,1469020,1469020,1499000,1499000,1499000,1499000,1499000
52061810,삼성전자 QLED KQ65QD67AFXKR (벽걸이),1349990,1349990,1349990,1349990,1349990,1349990,1349990,1349990
52061801,삼성전자 QLED KQ65QD67AFXKR (스탠드),1249990,1249990,1249990,1249990,1249990,1249990,1249990,1249990
70529045,"삼성전자 QLED KQ65QD67AFXKR (스탠드+사운드바, HW-C450)",1548430,1548430,1548430,1548430,1581930,1525980,1525980,1525980
47842085,삼성전자 QLED KQ65QD68AFXKR (벽걸이),1618400,1618400,1618400,1386090,1386090,1386090,1386090,1386090
47842076,삼성전자 QLED KQ65QD68AFXKR (스탠드),1445810,1445810,1445810,1412890,1412890,1412890,1412890,1412890
38703677,삼성전자 QLED KQ65QD70AFXKR (벽걸이),2660000,2660000,2660000,2660000,2660000,2660000,2660000,2660000
38703404,삼성전자 QLED KQ65QD70AFXKR (스탠드),1956670,1956670,1956670,1956670,1956670,1956670,1956670,1956670
77279273,삼성전자 QLED KQ65QD75AFXKR (벽걸이),2315690,2315690,2315690,2315690,2315690,2315690,2315690,2315690
77279243,삼성전자 QLED KQ65QD75AFXKR (스탠드),1500000,1500000,1500000,1500000,1500000,1500000,1500000,1500000
41610113,삼성전자 QLED KQ65QD80AFXKR (벽걸이),2483570,2483570,2483570,2483570,2483570,2467970,2467970,2467970
41606420,삼성전자 QLED KQ65QD80AFXKR (스탠드),2409460,2409460,2409460,2409460,2442620,2369090,2369090,2369090
61816973,삼성전자 QLED KQ65QD83AFXKR (스탠드),2499990,2499990,2499990,2499990,2499990,2499990,2499990,2499990
50129489,삼성전자 QLED KQ65QDE1AFXKR (벽걸이),1444000,1444000,1444000,1444000,1514640,1458450,1458450,1458450
65368454,"삼성전자 QLED KQ65QDE1AFXKR (벽걸이+사운드바, HW-B550)",1446790,1446790,1446790,1446790,1438920,1426460,1426460,1426460
45546254,삼성전자 QLED KQ65QDE1AFXKR (스탠드),1303350,1303350,1303350,1329930,1329930,1329930,1329930,1329930
59829872,"삼성전자 QLED KQ65QDE1AFXKR (스탠드+사운드바, HW-B550)",1341710,1341710,1341710,1341710,1337580,1323560,1323560,1323560
55451510,"삼성전자 QLED KQ65QDE1AFXKR (스탠드+사운드바, HW-B650D)",1452000,1452000,1452000,1452000,1436880,1436880,1436880,1384680
94884509,삼성전자 QLED KQ65QF6AAFXKR (벽걸이),1469710,1469830,1469940,1496770,1496930,1497160,1497260,1497380
94884482,삼성전자 QLED KQ65QF6AAFXKR (스탠드),1352400,1352400,1352400,1379990,1379990,1379990,1379990,1379990
79558523,삼성전자 QLED KQ65QF7AAFXKR (벽걸이),1478400,1478400,1478400,1478400,1478400,1469610,1469610,1469610
89605601,"삼성전자 QLED KQ65QF7AAFXKR (벽걸이+사운드바, HW-C400)",1797990,1797990,1797990,1797990,1797990,1797990,1797990,1797990
79558265,삼성전자 QLED KQ65QF7AAFXKR (스탠드),1382400,1382400,1382400,1382400,1382400,1382400,1382400,1382400
82471766,"삼성전자 QLED KQ65QF7AAFXKR (스탠드+사운드바, HW-C400)",1755120,1755150,1755240,1736970,1736970,1736970,1736970,1736970
92546450,삼성전자 QLED KQ65QF7DAFXKR (벽걸이),1142250,1142250,1142250,1165550,1165550,1165550,1165550,1165550
87743447,삼성전자 QLED KQ65QF7DAFXKR (스탠드),1467900,1468000,1468020,1497810,1497900,1394060,1394070,1350000
97363745,삼성전자 QLED KQ65QF7SAFXKR (벽걸이),1469000,1469000,1426290,1426370,1426470,1426530,1426620,1426740
97363703,삼성전자 QLED KQ65QF7SAFXKR (스탠드),1398840,1398960,1237360,1237430,1237470,1237510,1237600,1237720
79557845,삼성전자 QLED KQ65QF8AAFXKR (벽걸이),1660680,1660800,1660910,1661010,1661120,1661230,1661340,1661370
92621378,"삼성전자 QLED KQ65QF8AAFXKR (벽걸이+사운드바, HW-B650D)",1714530,1714530,1714530,1714530,1722910,1688630,1688630,1688630
94095563,"삼성전자 QLED KQ65QF8AAFXKR (벽걸이+사운드바, HW-B650F)",1729220,1729220,1729220,1729220,1729220,1729220,1729220,1729220
79557377,삼성전자 QLED KQ65QF8AAFXKR (스탠드),1651960,1651960,1651960,1651960,1627360,1627360,1627360,1627360
92621366,"삼성전자 QLED KQ65QF8AAFXKR (스탠드+사운드바, HW-B650D)",1714530,1714530,1714530,1714530,1722910,1688630,1688630,1688630
94095572,"삼성전자 QLED KQ65QF8AAFXKR (스탠드+사운드바, HW-B650F)",1729220,1729220,1729220,1729220,1729220,1729220,1729220,1729220
94690337,삼성전자 QLED KQ65QF8DAFXKR (벽걸이),1740000,1740000,1740000,1740000,1740000,1740000,1740000,1740000
94690286,삼성전자 QLED KQ65QF8DAFXKR (스탠드),1879240,1879240,1879240,1879240,1878640,1878750,1878860,1878980
92190776,삼성전자 QLED KQ65QFE1AFXKR (벽걸이),1320500,1320500,1320500,1320500,1320500,1320500,1320500,1320500
79559060,삼성전자 QLED KQ65QFE1AFXKR (스탠드),1292000,1292000,1292000,1292000,1292000,1292000,1292000,1292000
17529173,삼성전자 QLED KQ75QB67AFXKR (벽걸이),1700000,1700000,1700000,1700000,1700000,1700000,1700000,1700000
17529125,삼성전자 QLED KQ75QB67AFXKR (스탠드),1323980,1323980,1323980,1350990,1350990,1350990,1350990,1350990
29808446,삼성전자 QLED KQ75QC66AFXKR (스탠드),1383000,1383000,1383000,1383000,1383000,1383000,1383000,1383000
29808476,삼성전자 QLED KQ75QC66AFXKR (풀모션 슬림핏 벽걸이),1433000,1433000,1433000,1433000,1433000,1433000,1433000,1433000
29482265,삼성전자 QLED KQ75QC83AFXKR (스탠드),2739820,2739820,2614000,2614000,2614000,2614000,2614000,2614000
29482301,삼성전자 QLED KQ75QC83AFXKR (풀모션 슬림핏 벽걸이),2739820,2739820,2739820,2739820,2739820,2739820,2739820,2682350
35842868,삼성전자 QLED KQ75QD60AFXKR (벽걸이),1665910,1665910,1665910,1671020,1671020,1671020,1671020,1671020
65356649,"삼성전자 QLED KQ75QD60AFXKR (벽걸이+사운드바, HW-C400)",1743330,1743330,1743330,1743330,1757540,1716830,1716830,1716830
35842862,삼성전자 QLED KQ75QD60AFXKR (스탠드),1509790,1509790,1509790,1509790,1509790,1489990,1489990,1489990
36200819,"삼성전자 QLED KQ75QD60AFXKR (스탠드+사운드바, HW-C400)",1719250,1719250,1719250,1719250,1756430,1693250,1693250,1693250
50071433,삼성전자 QLED KQ75QD63AFXKR (벽걸이),1699940,1699940,1699940,1699940,1699940,1699940,1699940,1699940
48474008,삼성전자 QLED KQ75QD63AFXKR (스탠드),1685000,1685000,1685000,1685000,1685000,1685000,1685000,1685000
55249808,삼성전자 QLED KQ75QD65AFXKR (벽걸이),1881600,1881600,1881600,1919990,1919990,1919990,1919990,1919990
65428193,"삼성전자 QLED KQ75QD65AFXKR (벽걸이+사운드바, HW-S50B)",4099990,4099990,4099990,4099990,4099990,4099990,4099990,4099990
54099938,삼성전자 QLED KQ75QD65AFXKR (스탠드),1793550,1793550,1793550,1830140,1830140,1830140,1830140,1830140
55252751,"삼성전자 QLED KQ75QD65AFXKR (스탠드+사운드바, HW-S50B)",4099990,4099990,4099990,4099990,4099990,4099990,4099990,4099990
71903339,삼성전자 QLED KQ75QD66AFXKR (벽걸이),3420000,3420000,3420000,3420000,3420000,3420000,3420000,3420000
67577930,삼성전자 QLED KQ75QD66AFXKR (스탠드),1681970,1681970,1681970,1681970,1707840,1673860,1673860,1673860
48479162,삼성전자 QLED KQ75QD67AFXKR (벽걸이),1793300,1793420,1793450,1793510,1793550,1793610,1793700,1793820
48479153,삼성전자 QLED KQ75QD67AFXKR (스탠드),1643560,1643560,1643560,1674110,1674150,1674200,1674210,1674310
47841950,삼성전자 QLED KQ75QD68AFXKR (벽걸이),1757760,1757760,1757760,1759490,1759490,1759490,1759490,1759490
47841941,삼성전자 QLED KQ75QD68AFXKR (스탠드),1618780,1618900,1619010,1619090,1619130,1619170,1619260,1619380
38703683,삼성전자 QLED KQ75QD70AFXKR (벽걸이),2453030,2453030,2453030,2453020,2416770,2416770,2416780,2360590
38703419,삼성전자 QLED KQ75QD70AFXKR (스탠드),2236040,2236040,2236040,2236040,2236040,2236040,2236040,2179760
77378963,삼성전자 QLED KQ75QD75AFXKR (스탠드),2000000,2000000,2000000,2000000,2000000,2000000,2000000,2000000
41610137,삼성전자 QLED KQ75QD80AFXKR (벽걸이),3580720,3580720,3580720,3580720,3580720,3556250,3556250,3556250
41608457,삼성전자 QLED KQ75QD80AFXKR (스탠드),3583750,3583750,3583750,3583750,3583740,3523950,3523950,3467760
61816922,삼성전자 QLED KQ75QD83AFXKR (벽걸이),2349890,2349890,2349890,2349890,2349890,2349890,2349890,2349890
61816901,삼성전자 QLED KQ75QD83AFXKR (스탠드),2099890,2099890,1847000,1847000,1847000,1847000,1847000,1847000
50129492,삼성전자 QLED KQ75QDE1AFXKR (벽걸이),1989990,1989990,1989990,1989990,1969860,1969860,1913680,1913690
65368838,"삼성전자 QLED KQ75QDE1AFXKR (벽걸이+사운드바, HW-B550)",2228700,2228700,2228700,2228700,2228700,2258700,2228700,2228700
65368817,"삼성전자 QLED KQ75QDE1AFXKR (벽걸이+사운드바, HW-B650D)",2025840,2025840,2025840,2068040,2010240,2010240,2010240,1955300
45546215,삼성전자 QLED KQ75QDE1AFXKR (스탠드),1807310,1807430,1807540,1807620,1807660,1807700,1807790,1807910
59832317,"삼성전자 QLED KQ75QDE1AFXKR (스탠드+사운드바, HW-B550)",2172000,2172000,2172000,2172000,2172000,2172000,2172000,2172000
55451489,"삼성전자 QLED KQ75QDE1AFXKR (스탠드+사운드바, HW-B650D)",1703970,1703970,1703970,1703970,1703970,1694890,1694890,1694890
94444370,삼성전자 QLED KQ75QF6AAFXKR (벽걸이),1762340,1762340,1762340,1762340,1762340,1762340,1762340,1762340
94444358,삼성전자 QLED KQ75QF6AAFXKR (스탠드),1665530,1665530,1665530,1665530,1665530,1665530,1665530,1665530
79558532,삼성전자 QLED KQ75QF7AAFXKR (벽걸이),1797120,1797120,1797120,1797120,1797120,1797120,1797120,1797120
91039850,"삼성전자 QLED KQ75QF7AAFXKR (벽걸이+사운드바, HW-C400)",2150000,2150000,2150000,2150000,2150000,2150000,2150000,2150000
79558289,삼성전자 QLED KQ75QF7AAFXKR (스탠드),1797120,1797120,1797120,1797120,1797120,1797120,1797120,1797120
122641817,"삼성전자 QLED KQ75QF7AAFXKR (스탠드+사운드바, HW-B400F)",2240890,2240890,2240890,2240890,2240890,2240890,2240890,2240890
91039847,"삼성전자 QLED KQ75QF7AAFXKR (스탠드+사운드바, HW-C400)",1827100,1827100,1827100,1827100,1827100,1827100,1827100,1827100
82471532,삼성전자 QLED KQ75QF7DAFXKR (벽걸이),1921690,1921810,1921920,1922020,1922060,1922150,1922250,1922370
79791206,삼성전자 QLED KQ75QF7DAFXKR (스탠드),1895330,1895330,1895330,1895330,1895330,1895330,1895330,1895330
97363922,삼성전자 QLED KQ75QF7SAFXKR (벽걸이),1856250,1856370,1856400,1856460,1856500,1856550,1856650,1856770
97363901,삼성전자 QLED KQ75QF7SAFXKR (스탠드),1750930,1751050,1751160,1751260,1751370,1751480,1751590,1751710
98486543,"삼성전자 QLED KQ75QF7SAFXKR (스탠드+사운드바, HW-S55B)",2088900,2088900,2088900,2088900,2088900,2088900,2088900,2088900
79557851,삼성전자 QLED KQ75QF8AAFXKR (벽걸이),2116290,2116410,2116440,2116500,2116540,2116600,2116690,2116810
92621222,"삼성전자 QLED KQ75QF8AAFXKR (벽걸이+사운드바, HW-B650D)",2339230,2339230,2339230,2339230,2339230,2324740,2324740,2324740
94095785,"삼성전자 QLED KQ75QF8AAFXKR (벽걸이+사운드바, HW-B650F)",2183760,2183760,2183760,2183760,2188040,2148080,2148080,2148080
79557452,삼성전자 QLED KQ75QF8AAFXKR (스탠드),2130060,2130180,2130210,2130270,2130370,2130430,2130520,2130640
92621216,"삼성전자 QLED KQ75QF8AAFXKR (스탠드+사운드바, HW-B650D)",2339230,2339230,2339230,2339230,2339230,2324740,2324740,2324740
94095758,"삼성전자 QLED KQ75QF8AAFXKR (스탠드+사운드바, HW-B650F)",2183760,2183760,2183760,2183760,2188040,2148080,2148080,2148080
96421913,"삼성전자 QLED KQ75QF8AAFXKR + KQ43QF7AAFXKR 무빙스타일 (벽걸이, TV+TV)",2987990,2987990,2987990,2987990,2978280,2935580,2935580,2935580
96421904,"삼성전자 QLED KQ75QF8AAFXKR + KQ43QF7AAFXKR 무빙스타일 (스탠드, TV+TV)",2856080,2856080,2856080,2856080,2856080,2837590,2837590,2837590
96368072,"삼성전자 QLED KQ75QF8AAFXKR + KU43UD7000FXKR (벽걸이, TV+TV)",2768470,2768470,2768470,2768470,2768470,2750720,2750720,2750720
96368069,"삼성전자 QLED KQ75QF8AAFXKR + KU43UD7000FXKR (스탠드, TV+TV)",2669210,2669210,2669210,2669210,2669210,2652190,2652190,2652190
92546270,삼성전자 QLED KQ75QF8DAFXKR (벽걸이),2340240,2340240,2340240,2387990,2387990,2387990,2387990,2387990
88133561,삼성전자 QLED KQ75QF8DAFXKR (스탠드),2242240,2242240,2242240,2287990,2287990,2287990,2287990,2287990
92190773,삼성전자 QLED KQ75QFE1AFXKR (벽걸이),1723820,1723820,1723820,1757390,1757390,1757390,1757390,1757390
79559081,삼성전자 QLED KQ75QFE1AFXKR (스탠드),1626800,1626800,1626800,1659990,1659990,1659990,1659990,1659990
96365543,"삼성전자 QLED KQ75QFE1AFXKR + KQ43QF7AAFXKR 무빙스타일 (벽걸이, TV+TV)",2437170,2437170,2437170,2437170,2470590,2396220,2396220,2396220
96365537,"삼성전자 QLED KQ75QFE1AFXKR + KQ43QF7AAFXKR 무빙스타일 (스탠드, TV+TV)",2312460,2312460,2312460,2312460,2312460,2298240,2298240,2298240
46675247,삼성전자 QLED KQ85QC66AFXKR (스탠드),1993000,1993000,1993000,1993000,1993000,1993000,1993000,1993000
46675271,삼성전자 QLED KQ85QC66AFXKR (풀모션 슬림핏 벽걸이),2093000,2093000,2093000,2093000,2093000,2093000,2093000,2093000
29481848,삼성전자 QLED KQ85QC83AFXKR (스탠드),2581680,2581680,2581680,2581680,2581680,2581680,2581680,2581680
29481902,삼성전자 QLED KQ85QC83AFXKR (풀모션 슬림핏 벽걸이),4228300,4228300,4228300,4228300,4228300,4150070,4150070,4150070
35842922,삼성전자 QLED KQ85QD60AFXKR (벽걸이),2315010,2315010,2315010,2315010,2315000,2292140,2292140,2292140
65366591,"삼성전자 QLED KQ85QD60AFXKR (벽걸이+사운드바, HW-C400)",2427120,2427120,2427120,2427120,2427120,2427120,2427120,2387540
35842907,삼성전자 QLED KQ85QD60AFXKR (스탠드),2078990,2078990,2078990,2078990,2078990,2078990,2078990,2078990
36200996,"삼성전자 QLED KQ85QD60AFXKR (스탠드+사운드바, HW-C400)",2445010,2445010,2445010,2445010,2445010,2445010,2445010,2387540
50072024,삼성전자 QLED KQ85QD63AFXKR (벽걸이),2439580,2439700,2439730,2439790,2439890,2439970,2440080,2440200
48474011,삼성전자 QLED KQ85QD63AFXKR (스탠드),2324990,2324990,2324990,2324990,2322100,2322160,2322250,2322370
55328870,삼성전자 QLED KQ85QD65AFXKR (벽걸이),2710840,2710840,2710840,2766150,2766150,2766150,2766150,2766150
65428562,"삼성전자 QLED KQ85QD65AFXKR (벽걸이+사운드바, HW-S50B)",3630050,3630050,3630050,3630050,3630050,3630050,3630050,3630050
54099941,삼성전자 QLED KQ85QD65AFXKR (스탠드),2415660,2415660,2415660,2464940,2464940,2464940,2464940,2464940
55329035,"삼성전자 QLED KQ85QD65AFXKR (스탠드+사운드바, HW-S50B)",3630050,3630050,3630050,3630050,3630050,3630050,3630050,3630050
60226490,삼성전자 QLED KQ85QD66AFXKR (스탠드),4542600,4542600,4542600,4542600,4542600,4572600,4542600,4542600
49829645,삼성전자 QLED KQ85QD67AFXKR (벽걸이),2644730,2644850,2644960,2669480,2669520,2669580,2669670,2669700
49829639,삼성전자 QLED KQ85QD67AFXKR (스탠드),2309770,2309770,2309770,2356890,2356890,2356890,2356890,2356890
46308818,삼성전자 QLED KQ85QD68AFXKR (벽걸이),2329990,2329990,2329990,2329990,2329990,2329990,2329990,2329990
46308815,삼성전자 QLED KQ85QD68AFXKR (스탠드),2135070,2135070,2135070,2135070,2135070,2135070,2135070,2135070
38703692,삼성전자 QLED KQ85QD70AFXKR (벽걸이),3099690,3099690,3099690,3099690,3008420,3008530,3008640,3008760
73562762,"삼성전자 QLED KQ85QD70AFXKR (벽걸이+사운드바, HW-C400)",3526000,3526000,3526000,3526000,3526000,3526000,3526000,3526000
38703437,삼성전자 QLED KQ85QD70AFXKR (스탠드),2711930,2712050,2712160,2712200,2712270,2712340,2712430,2712550
44761853,"삼성전자 QLED KQ85QD70AFXKR (스탠드+사운드바, HW-C400)",3297700,3297700,3297700,3297700,3297700,3297700,3297700,3297700
41610170,삼성전자 QLED KQ85QD80AFXKR (벽걸이),4578120,4578120,4578120,4578120,4578120,4545920,4545920,4545920
41609858,삼성전자 QLED KQ85QD80AFXKR (스탠드),4430380,4430380,4430380,4430380,4430380,4347950,4347950,4347950
49175021,삼성전자 QLED KQ85QDE1AFXKR (벽걸이),2274670,2274670,2274670,2274670,2274670,2260720,2260720,2260720
65368628,"삼성전자 QLED KQ85QDE1AFXKR (벽걸이+사운드바, HW-B550)",2432800,2432800,2432800,2432800,2432790,2391940,2391940,2391940
65368676,"삼성전자 QLED KQ85QDE1AFXKR (벽걸이+사운드바, HW-B650D)",2357760,2357760,2357760,2357760,2357760,2343130,2343130,2343130
45546146,삼성전자 QLED KQ85QDE1AFXKR (스탠드),2128510,2128510,2128510,2128510,2127360,2093990,2093990,2093990
59927402,"삼성전자 QLED KQ85QDE1AFXKR (스탠드+사운드바, HW-B550)",2329100,2329100,2329100,2329100,2329100,2290410,2290410,2290410
55451474,"삼성전자 QLED KQ85QDE1AFXKR (스탠드+사운드바, HW-B650D)",2166160,2166160,2166160,2166160,2166160,2153180,2153180,2153180
65369012,"삼성전자 QLED KQ85QDE1AFXKR + LS32DM1E3UKXKR 무빙스타일 (벽걸이, TV+TV)",2932380,2932380,2932380,2932380,2970540,2881120,2881120,2867350
61436069,"삼성전자 QLED KQ85QDE1AFXKR + LS32DM1E3UKXKR 무빙스타일 (스탠드, TV+TV)",2827470,2827470,2827470,2827470,2864640,2778400,2778400,2765940
94444403,삼성전자 QLED KQ85QF6AAFXKR (벽걸이),2319360,2319480,2319590,2366300,2366410,2366510,2366630,2366750
94444394,삼성전자 QLED KQ85QF6AAFXKR (스탠드),2227380,2227500,2227610,2255570,2255670,2255740,2255840,2255870
79558541,삼성전자 QLED KQ85QF7AAFXKR (벽걸이),2344480,2344600,2344630,2344690,2344780,2344840,2344850,2344890
122641824,"삼성전자 QLED KQ85QF7AAFXKR (벽걸이+사운드바, HW-B400F)",2799530,2799530,2799530,2799530,2799530,2799530,2799530,2799530
91039889,"삼성전자 QLED KQ85QF7AAFXKR (벽걸이+사운드바, HW-C400)",2372480,2372600,2372630,2372690,2372780,2372840,2372850,2386000
79558316,삼성전자 QLED KQ85QF7AAFXKR (스탠드),2222550,2222550,2222550,2267890,2266100,2266100,2266100,2266100
122641823,"삼성전자 QLED KQ85QF7AAFXKR (스탠드+사운드바, HW-B400F)",2799530,2799530,2799530,2799530,2799530,2799530,2799530,2799530
91039883,"삼성전자 QLED KQ85QF7AAFXKR (스탠드+사운드바, HW-C400)",2258280,2258280,2258280,2258280,2307040,2221050,2221050,2221050
97306427,삼성전자 QLED KQ85QF7DAFXKR (벽걸이),2407760,2407760,2407760,2407760,2407760,2407760,2407760,2407760
86099390,삼성전자 QLED KQ85QF7DAFXKR (스탠드),2128490,2128490,2128490,2128490,2128490,2128490,2128490,2128490
97956050,삼성전자 QLED KQ85QF7SAFXKR (벽걸이),2338900,2339020,2339130,2339170,2339240,2339310,2339400,2339520
97955978,삼성전자 QLED KQ85QF7SAFXKR (스탠드),2259210,2259330,2259440,2259480,2259560,2259620,2259710,2259830
98758700,"삼성전자 QLED KQ85QF7SAFXKR (스탠드+사운드바, HW-S55B)",2748900,2748900,2748900,2748900,2748900,2748900,2748900,2748900
79557860,삼성전자 QLED KQ85QF8AAFXKR (벽걸이),2814720,2814720,2814720,2814720,2814720,2814720,2814720,2814720
92621303,"삼성전자 QLED KQ85QF8AAFXKR (벽걸이+사운드바, HW-B650D)",3079880,3079880,3079880,3079880,3064860,3025550,3025550,2994950
99913940,"삼성전자 QLED KQ85QF8AAFXKR (벽걸이+사운드바, HW-B650F)",2799390,2799390,2799390,2799390,2802760,2750900,2750900,2750900
79557503,삼성전자 QLED KQ85QF8AAFXKR (스탠드),2799370,2799370,2799370,2814710,2814710,2814710,2814710,2814710
92621300,"삼성전자 QLED KQ85QF8AAFXKR (스탠드+사운드바, HW-B650D)",3039890,3039890,3039890,3039890,3030120,2986390,2986390,2986390
99913928,"삼성전자 QLED KQ85QF8AAFXKR (스탠드+사운드바, HW-B650F)",2799390,2799390,2799390,2799390,2802760,2750900,2750900,2750900
96421901,"삼성전자 QLED KQ85QF8AAFXKR + KQ43QF7AAFXKR 무빙스타일 (벽걸이, TV+TV)",3745640,3745640,3745640,3745640,3745640,3720250,3720250,3720250
96421895,"삼성전자 QLED KQ85QF8AAFXKR + KQ43QF7AAFXKR 무빙스타일 (스탠드, TV+TV)",3547960,3547960,3547960,3547960,3547960,3524100,3524100,3524100
96368009,"삼성전자 QLED KQ85QF8AAFXKR + KU43UD7000FXKR (벽걸이, TV+TV)",3562170,3562170,3562170,3562170,3562170,3538220,3538220,3538220
96367991,"삼성전자 QLED KQ85QF8AAFXKR + KU43UD7000FXKR (스탠드, TV+TV)",3363770,3363770,3363770,3363770,3363770,3341260,3341260,3341260
92546351,삼성전자 QLED KQ85QF8DAFXKR (벽걸이),2396630,2396630,2396630,2396880,2407880,2500480,2514980,2546980
88133564,삼성전자 QLED KQ85QF8DAFXKR (스탠드),1999390,1999390,1999390,1999640,2010640,1999530,1648110,2097640
92190764,삼성전자 QLED KQ85QFE1AFXKR (벽걸이),2150500,2150500,2150500,2150500,2150500,2150500,2150500,2150500
79559114,삼성전자 QLED KQ85QFE1AFXKR (스탠드),2147340,2147460,2147570,2147650,2147690,2147730,2147820,2147940
96365324,"삼성전자 QLED KQ85QFE1AFXKR + KQ43QF7AAFXKR 무빙스타일 (벽걸이, TV+TV)",3188300,3188300,3188300,3188300,3228920,3131720,3131720,3131720
96365156,"삼성전자 QLED KQ85QFE1AFXKR + KQ43QF7AAFXKR 무빙스타일 (스탠드, TV+TV)",3046550,3046550,3046550,3046550,3046550,3026550,3026550,3026550
58833539,삼성전자 QLED KQ98QC88AFXKR (벽걸이),5938800,5938800,5938800,6059990,6059990,6059990,6059990,6059990
58828712,삼성전자 QLED KQ98QC88AFXKR (스탠드),5644800,5644800,5644800,5759990,5759990,5759990,5759990,5759990
106703459,삼성전자 QLED KQ98QF7AAFXKR (벽걸이),4266020,4266020,4266020,4299420,4301920,4267660,4267660,4303730
103452803,삼성전자 QLED KQ98QF7AAFXKR (스탠드),3688990,3688990,3688990,3688990,3688990,3689000,3698990,3698990
94882985,삼성전자 SB43L-350 (키오스크형),1370000,1370000,1370000,1370000,1370000,1370000,1370000,1370000
94883006,삼성전자 SB43L-700 (키오스크형),1600000,1600000,1600000,1600000,1600000,1600000,1600000,1600000
94883075,삼성전자 SB55L-350 (키오스크형),1675000,1675000,1675000,1675000,1675000,1675000,1675000,1675000
94883084,삼성전자 SB55L-500 (키오스크형),1850000,1850000,1850000,1850000,1850000,1850000,1850000,1850000
4602403,삼성전자 UN32K4120BFXKR (벽걸이),364900,364900,364900,364900,364900,364900,364900,364900
5331153,삼성전자 UN32M4000AFXKR (벽걸이),372400,372400,372400,372400,372400,372400,372400,372400
5331111,삼성전자 UN32M4000AFXKR (스탠드),344400,344400,344400,344400,344400,344400,344400,344400
5552661,삼성전자 UN32M4010AFXKR (벽걸이),363660,363660,363660,363660,363660,363660,363660,363660
5552433,삼성전자 UN32M4010AFXKR (스탠드),399720,399720,399720,399720,399720,399720,399720,399720
6565573,삼성전자 UN32N4000AFXKR (벽걸이),327760,327790,327800,331830,331900,331970,331970,332060
6565371,삼성전자 UN32N4000AFXKR (스탠드),254260,254260,254260,255390,255400,255460,255470,255560
6553322,삼성전자 UN32N4010AFXKR (벽걸이),309900,309900,309900,309900,309900,309900,296580,309900
6552389,삼성전자 UN32N4010AFXKR (스탠드),258770,258770,258770,261560,261520,261350,261330,261330
6610846,삼성전자 UN32N4020AFXKR (벽걸이),311520,311520,311520,311790,308000,317810,317810,317810
6600976,삼성전자 UN32N4020AFXKR (스탠드),246380,246380,246380,251390,251390,251390,251390,251390
2145584,삼성전자 UN40F5030AF (벽걸이),565000,565000,565000,565000,565000,565000,565000,565000
2626044,삼성전자 UN40H4000AF (벽걸이),562990,562990,562990,562990,562990,562990,562990,562990
2621739,삼성전자 UN40H4000AF (스탠드),545490,545490,545490,545490,545490,545490,545490,545490
2498061,삼성전자 UN40H5020AF (벽걸이),468930,468930,468930,468930,468930,468930,468930,468930
4312112,삼성전자 UN43K5110AFXKR (벽걸이),569070,569070,569070,569070,569070,569070,569070,569070
4636192,삼성전자 UN43K5110BFXKR (미니슬림 벽걸이),511100,511100,511100,511100,511100,511100,511100,511100
4586775,삼성전자 UN43K5110BFXKR (벽걸이),511100,511100,511100,511100,511100,511100,511100,511100
6429280,삼성전자 UN43N5000AFXKR (벽걸이),510000,510000,510000,510000,510000,510000,510000,510000
6429273,삼성전자 UN43N5000AFXKR (스탠드),388000,388000,388000,388000,388000,388000,388000,388000
6409701,삼성전자 UN43N5010AFXKR (벽걸이),432460,432460,432460,434720,439340,443200,439340,414470
27524549,삼성전자 UN43N5010AFXKR (본체),406280,406280,406280,410100,409780,409780,409780,409890
6409692,삼성전자 UN43N5010AFXKR (스탠드),406280,406280,406280,410080,409780,405790,409780,409780
6407484,삼성전자 UN43N5020AFXKR (미니슬림 벽걸이),491150,491150,491150,491150,491150,491150,491150,491150
6407474,삼성전자 UN43N5020AFXKR (벽걸이),439174,439174,439174,439174,439174,439174,439174,414315
18432080,삼성전자 UN43N5020AFXKR (본체),418000,418000,418000,418000,418000,418000,418000,418000
6407264,삼성전자 UN43N5020AFXKR (스탠드),404190,404190,404190,404190,404190,404190,404190,404190
7598650,삼성전자 UN65RU7150FXKR (벽걸이),1425000,1425000,1425000,1425000,1425000,1425000,1425000,1425000
90111050,삼성전자 네오QLED KQ100QNF80FXKR (벽걸이),8451400,8451400,8451400,8451400,8451400,8451400,8451400,8451400
96363359,"삼성전자 네오QLED KQ100QNF80FXKR (벽걸이+사운드바, HW-Q800F)",9114930,9114930,9114930,9114930,9114930,9050000,9050000,9050000
79857029,삼성전자 네오QLED KQ100QNF80FXKR (스탠드),7746940,7746940,7746940,7905030,7905030,7905030,7905030,7905030
96363353,"삼성전자 네오QLED KQ100QNF80FXKR (스탠드+사운드바, HW-Q800F)",9114930,9114930,9114930,9114930,9114930,9050000,9050000,9050000
122635926,삼성전자 네오QLED KQ100QNH80FXKR (벽걸이),9184660,9184660,9184660,9184660,9189990,9096260,9096260,9096260
122635919,삼성전자 네오QLED KQ100QNH80FXKR (스탠드),7269990,7269990,7269990,7269990,7258120,7258120,7258120,7258120
97958390,삼성전자 네오QLED KQ115QNF90FXKR (벽걸이),23364880,23364880,23364880,23364880,23588750,23578760,23578760,23578760
93385034,삼성전자 네오QLED KQ115QNF90FXKR (스탠드),22700000,22700000,22700000,22700000,22700000,22700000,22700000,22700000
19101701,삼성전자 네오QLED KQ43QNC90AFXKR (스탠드),1436180,1436180,1436180,1436180,1444820,1416080,1416080,1416080
19266695,삼성전자 네오QLED KQ43QNC90AFXKR (풀모션 슬림핏 벽걸이),1805000,1805000,1805000,1805000,1805000,1805000,1805000,1805000
38343338,삼성전자 네오QLED KQ43QND90AFXKR (벽걸이),1434200,1434200,1434200,1434200,1434200,1464200,1434200,1434200
38339543,삼성전자 네오QLED KQ43QND90AFXKR (스탠드),1556670,1556670,1556670,1556670,1556670,1586670,1556670,1556670
96059021,삼성전자 네오QLED KQ43QNF90AFXKR 이동형 패키지 (삼성 무빙 라이트),1999990,1999990,1999990,1999990,1999990,1999990,1999990,1999990
122629140,삼성전자 네오QLED KQ43QNH70AFXKR (벽걸이),952300,952300,952300,952300,915120,915180,915270,896150
122629113,삼성전자 네오QLED KQ43QNH70AFXKR (스탠드),872360,872360,872369,872369,864201,880350,880350,880350
38703752,삼성전자 네오QLED KQ50QND90AFXKR (벽걸이),2198450,2198450,2198450,2198450,2222480,2162470,2162470,2158260
38450168,삼성전자 네오QLED KQ50QND90AFXKR (스탠드),2093640,2093640,2093640,2093640,2104020,2059840,2059840,2058990
77785232,삼성전자 네오QLED KQ50QNF80AFXKR (벽걸이),1452260,1452260,1452260,1471280,1464410,1464410,1464410,1464410
92621144,"삼성전자 네오QLED KQ50QNF80AFXKR (벽걸이+사운드바, HW-B650F)",1677210,1677210,1677210,1677210,1677210,1668390,1668390,1668390
77784848,삼성전자 네오QLED KQ50QNF80AFXKR (스탠드),1459210,1459210,1459210,1488980,1488980,1488980,1488980,1488980
92621138,"삼성전자 네오QLED KQ50QNF80AFXKR (스탠드+사운드바, HW-B650F)",1677210,1677210,1677210,1677210,1677210,1668390,1668390,1668390
95340932,삼성전자 네오QLED KQ50QNF80AFXKR 이동형 패키지 (삼성 무빙 라이트),1821500,1821500,1821500,1821500,1821500,1811440,1811440,1811440
96059339,삼성전자 네오QLED KQ50QNF80AFXKR 이동형 패키지 (삼성 무빙 스탠다드),1924660,1924660,1924660,1924660,1924660,1913600,1913600,1913600
77784176,삼성전자 네오QLED KQ50QNF90AFXKR (벽걸이),2514010,2514010,2514010,2135600,2135600,2135600,2135600,2135600
122629102,삼성전자 네오QLED KQ50QNH70AFXKR (벽걸이),2009340,2009460,2009570,2009660,1136000,1117100,1117100,1117100
122629083,삼성전자 네오QLED KQ50QNH70AFXKR (스탠드),1913620,1913740,1913850,1913950,1031800,1031800,1031800,1031800
47841638,삼성전자 네오QLED KQ55QND80BFXKR (벽걸이),2179980,2179980,2179980,2179980,2179980,2179980,2179980,2179980
47841605,삼성전자 네오QLED KQ55QND80BFXKR (스탠드),2050230,2050230,2050230,2050230,2050230,2050230,2050230,2050230
49829591,삼성전자 네오QLED KQ55QND83BFXKR (벽걸이),2671400,2671400,2671400,2671400,2671400,2671400,2671400,2671400
49829567,삼성전자 네오QLED KQ55QND83BFXKR (스탠드),2557900,2557900,2557900,2557900,2557900,2587900,2587900,2587900
45312866,삼성전자 네오QLED KQ55QND85BFXKR (무타공 벽걸이),2424880,2424880,2424880,2424880,2424880,2424880,2424880,2424880
36915557,삼성전자 네오QLED KQ55QND85BFXKR (벽걸이),1979500,1979500,1979500,2019880,2019880,2019880,2019880,2019880
36075119,삼성전자 네오QLED KQ55QND85BFXKR (스탠드),1783600,1783600,1783600,1819990,1819990,1819990,1819990,1819990
39910436,삼성전자 네오QLED KQ55QND87AFXKR (벽걸이),2303250,2303250,2303250,2303250,2332700,2265090,2265090,2259370
39909524,삼성전자 네오QLED KQ55QND87AFXKR (스탠드),2198450,2198450,2198450,2198450,2222480,2162470,2162470,2158260
58798430,삼성전자 네오QLED KQ55QND88AFXKR (벽걸이),2499990,2499990,2499990,2499990,2499990,2499990,2499990,2499990
58790645,삼성전자 네오QLED KQ55QND88AFXKR (스탠드),2392500,2392500,2392500,2392500,2392500,2392500,2392500,2392500
38344916,삼성전자 네오QLED KQ55QND90AFXKR (벽걸이),2683040,2683040,2683040,2683040,2683050,2665760,2665760,2665760
36123536,삼성전자 네오QLED KQ55QND90AFXKR (스탠드),2785870,2785870,2785870,2785870,2785870,2785870,2785870,2785870
38858120,삼성전자 네오QLED KQ55QND95AFXKR (벽걸이),3082010,3082010,3082010,3082010,3082010,3061510,3061510,3061510
38849348,삼성전자 네오QLED KQ55QND95AFXKR (스탠드),3254400,3254400,3254400,3254400,3254400,3254400,3254400,3254400
55451537,삼성전자 네오QLED KQ55QNDX1AFXKR (벽걸이),1716200,1716200,1716200,1716200,1716200,1677700,1677700,1677700
52155335,삼성전자 네오QLED KQ55QNDX1AFXKR (스탠드),1604400,1604400,1604400,1604400,1604400,1634400,1568400,1568400
78239756,삼성전자 네오QLED KQ55QNF70AFXKR (벽걸이),1999990,1999990,1999990,1999990,1999990,1999990,1999990,1999990
78239732,삼성전자 네오QLED KQ55QNF70AFXKR (스탠드),1862000,1862000,1862000,1899990,1899990,1899990,1899990,1899990
96059579,삼성전자 네오QLED KQ55QNF70AFXKR 이동형 패키지 (삼성 무빙 라이트),1943670,1943670,1943670,1943670,1943670,1932450,1932450,1932450
94883831,삼성전자 네오QLED KQ55QNF70AFXKR 이동형 패키지 (삼성 무빙),2000000,2000000,2000000,2000000,2000000,2000000,2000000,2000000
77785340,삼성전자 네오QLED KQ55QNF80AFXKR (벽걸이),1766990,1766990,1766990,1766990,1766990,1766990,1766990,1766990
92621183,"삼성전자 네오QLED KQ55QNF80AFXKR (벽걸이+사운드바, HW-B650F)",1836600,1836600,1836600,1836600,1844870,1808160,1808160,1808160
77784914,삼성전자 네오QLED KQ55QNF80AFXKR (스탠드),1802720,1802840,1802950,1802990,1803060,1803140,1803240,1803360
92621177,"삼성전자 네오QLED KQ55QNF80AFXKR (스탠드+사운드바, HW-B650F)",1818260,1818260,1818260,1818260,1818260,1808160,1808160,1808160
78609317,삼성전자 네오QLED KQ55QNF85AFXKR (벽걸이),2380240,2380360,2380470,2380510,2385220,2489250,2489340,2489460
78609266,삼성전자 네오QLED KQ55QNF85AFXKR (스탠드),2358630,2358750,2358780,2358840,2358880,2358940,2359050,2359170
122629064,삼성전자 네오QLED KQ55QNH70AFXKR (벽걸이),1344500,1344500,1344500,1344500,1344500,1327600,1327600,1327600
122629024,삼성전자 네오QLED KQ55QNH70AFXKR (스탠드),1240300,1240300,1240300,1240300,1240300,1222300,1222300,1222300
122629488,삼성전자 네오QLED KQ55QNH80AFXKR (벽걸이),1768320,1768320,1768320,1804390,1804390,1804390,1804390,1804390
122629465,삼성전자 네오QLED KQ55QNH80AFXKR (스탠드),1663990,1663990,1663990,1653990,1663990,1663990,1663990,1663990
19104731,삼성전자 네오QLED KQ65QNC83AFXKR (스탠드),1510500,,,,,,,
19278506,삼성전자 네오QLED KQ65QNC83AFXKR (풀모션 슬림핏 벽걸이),1956890,,,,,,,
43523570,삼성전자 네오QLED KQ65QND800FXKR (무타공 벽걸이),6212600,6212600,6212600,6212600,6212600,6242600,6212600,6212600
38214398,삼성전자 네오QLED KQ65QND800FXKR (벽걸이),5531600,5531600,5531600,5531600,5531600,5531600,5531600,5531600
36154694,삼성전자 네오QLED KQ65QND800FXKR (스탠드),4700000,4700000,4700000,4700000,4700000,4700000,4700000,4700000
47841740,삼성전자 네오QLED KQ65QND80BFXKR (벽걸이),2903340,2903340,2903340,2903340,2903340,2903340,2733340,2733340
47841716,삼성전자 네오QLED KQ65QND80BFXKR (스탠드),2750010,2750010,2750010,2750010,2750010,2780010,2580010,2580010
50124056,삼성전자 네오QLED KQ65QND83BFXKR (벽걸이),2330290,2330290,2330290,2330290,2330290,2330290,2330290,2330290
50124047,삼성전자 네오QLED KQ65QND83BFXKR (스탠드),2117020,2117020,2117020,2117020,2117020,2117020,2117020,2117020
45311972,삼성전자 네오QLED KQ65QND85BFXKR (무타공 벽걸이),3197800,3197800,3197800,3197800,3197800,3197800,3197800,3197800
36924464,삼성전자 네오QLED KQ65QND85BFXKR (벽걸이),2762610,2762610,2762610,2818980,2818980,2818980,2818980,2818980
36068204,삼성전자 네오QLED KQ65QND85BFXKR (스탠드),2111900,2111900,2111900,2154990,2154990,2154990,2154990,2154990
64296665,삼성전자 네오QLED KQ65QND86BFXKR (벽걸이),2175660,2175660,2175660,2175660,2198520,2140160,2140160,2112870
64296560,삼성전자 네오QLED KQ65QND86BFXKR (스탠드),2069750,2069750,2069750,2069750,2050000,2036450,2036450,2015480
39910439,삼성전자 네오QLED KQ65QND87AFXKR (벽걸이),1999990,1999990,1999990,1999990,1999990,1999990,1999990,1999990
39910394,삼성전자 네오QLED KQ65QND87AFXKR (스탠드),1914000,1914000,1914000,1914000,1914000,1914000,1914000,1914000
58818644,삼성전자 네오QLED KQ65QND88AFXKR (벽걸이),2940000,2940000,2940000,2999990,2999990,2999990,2999990,2999990
58800173,삼성전자 네오QLED KQ65QND88AFXKR (스탠드),2481300,2481300,2481300,2481300,2481300,2481300,2481300,2481300
38344802,삼성전자 네오QLED KQ65QND90AFXKR (벽걸이),3421110,3421110,3421110,3421110,3397600,3397690,3397780,3397890
36118733,삼성전자 네오QLED KQ65QND90AFXKR (스탠드),3359040,3359040,3359040,3359040,3298900,3298900,3298900,3298910
38881397,삼성전자 네오QLED KQ65QND95AFXKR (벽걸이),4396700,4396700,4396700,4396700,4396700,4396700,4396700,4396700
38864384,삼성전자 네오QLED KQ65QND95AFXKR (스탠드),4286900,4286900,4286900,4286900,4286900,4286900,4286900,4286900
55451498,삼성전자 네오QLED KQ65QNDX1AFXKR (벽걸이),1984860,1984860,1984860,1984860,1984860,1973610,1973610,1973610
65369231,"삼성전자 네오QLED KQ65QNDX1AFXKR (벽걸이+사운드바, HW-Q600C)",2056080,2056080,2056080,2056080,2084600,2023060,2023060,2023060
52155452,삼성전자 네오QLED KQ65QNDX1AFXKR (스탠드),2056080,2056080,2056080,2056080,2100500,2023060,2023060,2023060
52155467,"삼성전자 네오QLED KQ65QNDX1AFXKR (스탠드+사운드바, HW-Q600C)",2034730,2034730,2034730,2034730,2034730,2023060,2023060,2023060
78239504,삼성전자 네오QLED KQ65QNF70AFXKR (벽걸이),1859990,1859990,1859990,1859990,1859990,1859990,1859990,1859990
78239501,삼성전자 네오QLED KQ65QNF70AFXKR (스탠드),1844540,1844660,1844770,1844810,1844870,1821280,1821280,1821280
92890604,삼성전자 네오QLED KQ65QNF75AFXKR (벽걸이),2286340,2286340,2286340,2332990,2332990,2332990,2332990,2332990
92890583,삼성전자 네오QLED KQ65QNF75AFXKR (스탠드),2177560,2177560,2177560,2221990,2221990,2221990,2221990,2221990
77785358,삼성전자 네오QLED KQ65QNF80AFXKR (벽걸이),2000000,2000000,2000000,2000000,2000000,2000000,2000000,2000000
99476729,"삼성전자 네오QLED KQ65QNF80AFXKR (벽걸이+사운드바, HW-B650D)",2744450,2744450,2744450,2744450,2744450,2744450,2744450,2744450
92621486,"삼성전자 네오QLED KQ65QNF80AFXKR (벽걸이+사운드바, HW-B650F)",2411300,2411300,2411300,2411300,2411300,2396220,2396220,2396220
90645485,"삼성전자 네오QLED KQ65QNF80AFXKR (벽걸이+사운드바, HW-Q800F)",2754160,2754160,2754160,2754160,2754160,2736420,2736420,2736420
77785028,삼성전자 네오QLED KQ65QNF80AFXKR (스탠드),2000000,2000000,2000000,2000000,2000000,2000000,2000000,2000000
99476714,"삼성전자 네오QLED KQ65QNF80AFXKR (스탠드+사운드바, HW-B650D)",2744450,2744450,2744450,2744450,2744450,2744450,2744450,2744450
92621477,"삼성전자 네오QLED KQ65QNF80AFXKR (스탠드+사운드바, HW-B650F)",2411300,2411300,2411300,2411300,2411300,2396220,2396220,2396220
77786612,"삼성전자 네오QLED KQ65QNF80AFXKR (스탠드+사운드바, HW-Q800F)",2705760,2705760,2705760,2705760,2705760,2688440,2688440,2688440
105181328,삼성전자 네오QLED KQ65QNF83AFXKR (벽걸이),2499980,2499980,2499980,2499980,2499980,2499980,2499980,2499980
105181316,삼성전자 네오QLED KQ65QNF83AFXKR (스탠드),2399980,2399980,2399980,2399980,2399980,2399980,2399980,2399980
78609434,삼성전자 네오QLED KQ65QNF85AFXKR (벽걸이),3806000,3806120,3806230,3806270,3806340,3806380,3974160,3974280
78609338,삼성전자 네오QLED KQ65QNF85AFXKR (스탠드),2560000,2560000,2560000,2560000,2560000,2560000,2560000,2560000
77784194,삼성전자 네오QLED KQ65QNF90AFXKR (벽걸이),3680000,3680000,3680000,3680000,3680000,3680000,3680000,3680000
90645038,"삼성전자 네오QLED KQ65QNF90AFXKR (벽걸이+사운드바, HW-Q800F)",3859930,3859930,3859930,3859930,3859930,3833720,3833720,3833720
77783792,삼성전자 네오QLED KQ65QNF90AFXKR (스탠드),3571810,3571810,3571810,3571810,3571810,3571810,3571810,3571810
77786498,"삼성전자 네오QLED KQ65QNF90AFXKR (스탠드+사운드바, HW-Q800F)",3761080,3761080,3761080,3761080,3761080,3735550,3735550,3735550
90645980,삼성전자 네오QLED KQ65QNFE1AFXKR (벽걸이),1797640,1797640,1797640,1797640,1802520,1770000,1770000,1770000
99476855,"삼성전자 네오QLED KQ65QNFE1AFXKR (벽걸이+사운드바, HW-B650D)",2205060,2205060,2205060,2205060,2205060,2205060,2205060,2205060
99912653,"삼성전자 네오QLED KQ65QNFE1AFXKR (벽걸이+사운드바, HW-B650F)",1849900,1849900,1849900,1849900,1854620,1821180,1821180,1821180
90645896,삼성전자 네오QLED KQ65QNFE1AFXKR (스탠드),1763045,1763045,1763045,1763045,1763045,1731160,1741160,1684960
99476843,"삼성전자 네오QLED KQ65QNFE1AFXKR (스탠드+사운드바, HW-B650D)",2205060,2205060,2205060,2205060,2205060,2205060,2205060,2205060
99912644,"삼성전자 네오QLED KQ65QNFE1AFXKR (스탠드+사운드바, HW-B650F)",1849900,1849900,1849900,1849900,1854620,1821180,1821180,1821180
122628999,삼성전자 네오QLED KQ65QNH70AFXKR (벽걸이),1842720,1842840,1842950,1843050,1843160,1794890,1794890,1794890
122635535,"삼성전자 네오QLED KQ65QNH70AFXKR (벽걸이+사운드바, HW-B650F)",1991230,1991230,1991230,1991230,1991230,1976880,1976880,1976870
124166697,"삼성전자 네오QLED KQ65QNH70AFXKR (벽걸이+스피커, HW-LS50H)",2575930,2575930,2575930,2575930,2575930,2575930,2575930,2573650
122628974,삼성전자 네오QLED KQ65QNH70AFXKR (스탠드),1740160,1740280,1740390,1740490,1740530,1740620,1740720,1740840
122635534,"삼성전자 네오QLED KQ65QNH70AFXKR (스탠드+사운드바, HW-B650F)",1893620,1893620,1893620,1893620,1893620,1879980,1879980,1879970
124166692,"삼성전자 네오QLED KQ65QNH70AFXKR (스탠드+스피커, HW-LS50H)",2478320,2478320,2478320,2478320,2478320,2478320,2478320,2475750
122629446,삼성전자 네오QLED KQ65QNH80AFXKR (벽걸이),2311180,2311300,2311410,2311500,2311530,2311590,2311680,2311710
122635587,"삼성전자 네오QLED KQ65QNH80AFXKR (벽걸이+사운드바, HW-B650F)",2674460,2674460,2674460,2674460,2674460,2655190,2655190,2655190
122629419,삼성전자 네오QLED KQ65QNH80AFXKR (스탠드),2210590,2210710,2210820,2210900,2210940,2211000,2211090,2211210
122635585,"삼성전자 네오QLED KQ65QNH80AFXKR (스탠드+사운드바, HW-B650F)",2576860,2576860,2576860,2576860,2576860,2558290,2558290,2558290
43523594,삼성전자 네오QLED KQ75QND800FXKR (무타공 벽걸이),8142000,8142000,8142000,8142000,8142000,8142000,8142000,8142000
38215817,삼성전자 네오QLED KQ75QND800FXKR (벽걸이),6065850,6065850,6065850,6065850,6065850,6065850,6065850,6065850
36154619,삼성전자 네오QLED KQ75QND800FXKR (스탠드),5887600,5887600,5887600,5887600,5887600,5887600,5887600,5887600
47841809,삼성전자 네오QLED KQ75QND80BFXKR (벽걸이),3296801,3296801,3296801,3296801,3296801,3296801,3296801,3239327
68363582,"삼성전자 네오QLED KQ75QND80BFXKR (벽걸이+사운드바, HW-Q600C)",3296801,3296801,3296801,3296801,3296801,3296801,3296801,3239327
47841791,삼성전자 네오QLED KQ75QND80BFXKR (스탠드),3194966,3194966,3194966,3194966,3194966,3194966,3194966,3137492
55328228,"삼성전자 네오QLED KQ75QND80BFXKR (스탠드+사운드바, HW-Q600C)",3194966,3194966,3194966,3194966,3194966,3194966,3194966,3137492
47489009,삼성전자 네오QLED KQ75QND83BFXKR (벽걸이),3650380,3650380,3650380,3650380,3650380,3650380,3650380,3650380
47488997,삼성전자 네오QLED KQ75QND83BFXKR (스탠드),3414780,3414780,3414780,3414780,3414780,3414780,3414780,3414780
38759519,삼성전자 네오QLED KQ75QND850FXKR (벽걸이),6920170,6920170,6920170,6920170,6960730,6785890,6785890,6737450
38755913,삼성전자 네오QLED KQ75QND850FXKR (스탠드),6815270,6815270,6815270,6815270,6977700,6683170,6683170,6635460
45311993,삼성전자 네오QLED KQ75QND85BFXKR (무타공 벽걸이),4312040,4312040,4312040,4312040,4312040,4312040,4312040,4312040
36935258,삼성전자 네오QLED KQ75QND85BFXKR (벽걸이),3012500,3012500,3012500,3073960,3073960,3073960,3073960,3073960
36061424,삼성전자 네오QLED KQ75QND85BFXKR (스탠드),3036030,3036030,3036030,3097980,3097980,3097980,3097980,3097980
64296569,삼성전자 네오QLED KQ75QND86BFXKR (스탠드),2769600,2769600,2769600,2769600,2769600,2751810,2751810,2751810
39910442,삼성전자 네오QLED KQ75QND87AFXKR (벽걸이),3349500,3349500,3349500,3349500,3349500,3349500,3500000,3500000
39910403,삼성전자 네오QLED KQ75QND87AFXKR (스탠드),3000000,3000000,3000000,3000000,3000000,3000000,3000000,3000000
58818053,삼성전자 네오QLED KQ75QND88AFXKR (벽걸이),3299990,3299990,3299990,3299990,3299990,3299990,3299990,3299990
58802018,삼성전자 네오QLED KQ75QND88AFXKR (스탠드),3057660,3057780,3057810,3057870,3057910,3057970,3058060,3058180
38815463,삼성전자 네오QLED KQ75QND900FXKR (벽걸이),10757880,10757880,10757880,10757880,10757880,10757880,10757880,10757880
38806877,삼성전자 네오QLED KQ75QND900FXKR (스탠드),10662880,10662880,10662880,10662880,10662880,10662880,10662880,10662880
38344682,삼성전자 네오QLED KQ75QND90AFXKR (벽걸이),4101590,4101590,4101590,4101590,4101590,4101590,4101590,4101590
36114155,삼성전자 네오QLED KQ75QND90AFXKR (스탠드),3998990,3998990,3998990,3998990,3998990,3998990,3998990,3998990
38882603,삼성전자 네오QLED KQ75QND95AFXKR (벽걸이),5575540,5575540,5575540,5575540,5575540,5535870,5535870,5535870
38869706,삼성전자 네오QLED KQ75QND95AFXKR (스탠드),5542380,5542380,5542380,5542380,5542380,5436790,5436790,5436790
55451519,삼성전자 네오QLED KQ75QNDX1AFXKR (벽걸이),2584270,2584270,2584270,2584270,2584270,2567870,2567870,2567870
65368730,"삼성전자 네오QLED KQ75QNDX1AFXKR (벽걸이+사운드바, HW-Q600C)",2832660,2832660,2832660,2832660,2832660,2814100,2814100,2814100
52155560,삼성전자 네오QLED KQ75QNDX1AFXKR (스탠드),2913440,2913440,2913440,2913440,2913440,2913440,2913440,2913440
52155599,"삼성전자 네오QLED KQ75QNDX1AFXKR (스탠드+사운드바, HW-Q600C)",2782790,2782790,2782790,2782790,2782790,2764740,2764740,2764740
78239693,삼성전자 네오QLED KQ75QNF70AFXKR (벽걸이),2646000,2646000,2646000,2699990,2699990,2699990,2699990,2699990
78239663,삼성전자 네오QLED KQ75QNF70AFXKR (스탠드),2450000,2450000,2450000,2499990,2499990,2499990,2499990,2499990
99914240,삼성전자 네오QLED KQ75QNF70BFXKR (벽걸이),2579520,2579520,2579520,2579520,2579520,2545200,2545200,2545200
99914234,삼성전자 네오QLED KQ75QNF70BFXKR (스탠드),2687010,2687010,2687010,2687010,2722810,2640860,2640860,2640860
92890550,삼성전자 네오QLED KQ75QNF75AFXKR (벽걸이),2393790,2393790,2393790,2393790,2393790,2379010,2379010,2379010
92890523,삼성전자 네오QLED KQ75QNF75AFXKR (스탠드),2646000,2646000,2646000,2699990,2699990,2699990,2699990,2699990
77785376,삼성전자 네오QLED KQ75QNF80AFXKR (벽걸이),2999990,2999990,2999990,2999990,2999990,2999990,2999990,2999990
99476762,"삼성전자 네오QLED KQ75QNF80AFXKR (벽걸이+사운드바, HW-B650D)",3469400,3469400,3469400,3469400,3469400,3469400,3469400,3469400
92621447,"삼성전자 네오QLED KQ75QNF80AFXKR (벽걸이+사운드바, HW-B650F)",2954920,2954920,2954920,2954920,2954920,2935580,2935580,2935580
90645533,"삼성전자 네오QLED KQ75QNF80AFXKR (벽걸이+사운드바, HW-Q800F)",3307620,3307620,3307620,3307620,3307620,3307620,3307620,3307620
77785064,삼성전자 네오QLED KQ75QNF80AFXKR (스탠드),2940000,2940000,2940000,2999990,2999990,2999990,2999990,2999990
99476756,"삼성전자 네오QLED KQ75QNF80AFXKR (스탠드+사운드바, HW-B650D)",3469400,3469400,3469400,3469400,3469400,3469400,3469400,3469400
92621432,"삼성전자 네오QLED KQ75QNF80AFXKR (스탠드+사운드바, HW-B650F)",2954920,2954920,2954920,2954920,2954920,2935580,2935580,2935580
77786573,"삼성전자 네오QLED KQ75QNF80AFXKR (스탠드+사운드바, HW-Q800F)",3185230,3185230,3185230,3185230,3225820,3128710,3128710,3128710
105181226,삼성전자 네오QLED KQ75QNF83AFXKR (벽걸이),2940000,2940000,2940000,2999990,2999990,2999990,2999990,2999990
105181202,삼성전자 네오QLED KQ75QNF83AFXKR (스탠드),2491460,2491460,2491460,2491460,2491460,2491460,2491460,2491460
78609443,삼성전자 네오QLED KQ75QNF85AFXKR (벽걸이),3878350,3878350,3878350,3878350,3920830,3873410,3873410,3873410
78609371,삼성전자 네오QLED KQ75QNF85AFXKR (스탠드),2899880,2899880,2899880,2899880,2899880,2723780,1726440,1726440
101069939,삼성전자 네오QLED KQ75QNF85BFXKR (벽걸이),3723710,3723830,3723940,3793530,3793600,3793690,3793710,3793810
101069828,삼성전자 네오QLED KQ75QNF85BFXKR (스탠드),2957070,2957070,2957070,2957070,2957070,2927080,2927080,2927080
77708663,삼성전자 네오QLED KQ75QNF900FXKR (벽걸이),5290000,5290000,5290000,5290000,5290000,5290000,5290000,5290000
90647795,"삼성전자 네오QLED KQ75QNF900FXKR (벽걸이+사운드바, HW-Q930F)",6503070,6503070,6503070,6503070,6523080,6377470,6377470,6377470
77623343,삼성전자 네오QLED KQ75QNF900FXKR (스탠드),5189990,5189990,5189990,5189990,5189990,5189990,5189990,5189990
77786462,"삼성전자 네오QLED KQ75QNF900FXKR (스탠드+사운드바, HW-Q930F)",6423340,6423340,6423340,6423340,6423340,6377470,6377470,6377470
81402050,삼성전자 네오QLED KQ75QNF900FXKR + 솔라셀 리모트 (벽걸이),6209440,6209440,6209440,6209440,6209440,6165750,6165750,6165750
81397571,삼성전자 네오QLED KQ75QNF900FXKR + 솔라셀 리모트 (스탠드),6110600,6110600,6110600,6110600,6110600,6067580,6067580,6067580
77784200,삼성전자 네오QLED KQ75QNF90AFXKR (벽걸이),5891100,5891100,5891100,5891100,5891100,5891100,5891100,5891100
90645035,"삼성전자 네오QLED KQ75QNF90AFXKR (벽걸이+사운드바, HW-Q800F)",5917360,5917360,5917360,5917360,5975720,5803960,5803960,5803960
77783825,삼성전자 네오QLED KQ75QNF90AFXKR (스탠드),5891100,5891100,5891100,5891100,5891100,5891100,5891100,5891100
77786486,"삼성전자 네오QLED KQ75QNF90AFXKR (스탠드+사운드바, HW-Q800F)",5816080,5816080,5816080,5816080,5816080,5704790,5704790,5704790
99914528,삼성전자 네오QLED KQ75QNF90BFXKR (벽걸이),5639900,5639900,5639900,5639900,5639900,5639900,5639900,5639900
99914507,삼성전자 네오QLED KQ75QNF90BFXKR (스탠드),5639900,5639900,5639900,5639900,5639900,5639900,5639900,5639900
96255743,삼성전자 네오QLED KQ75QNF930FXKR (벽걸이),7237230,7237350,7237380,7237440,7237540,7237590,7237690,7237810
96255737,삼성전자 네오QLED KQ75QNF930FXKR (스탠드),7272160,7272280,7272390,7272430,7272510,7272570,7272660,7272780
77783579,삼성전자 네오QLED KQ75QNF990FXKR (벽걸이),10585180,10585180,10585180,10585180,10585180,10508900,10508900,10508900
77783483,삼성전자 네오QLED KQ75QNF990FXKR (스탠드),10685820,10685820,10685820,10685820,10685810,10478160,10478160,10421970
90645710,삼성전자 네오QLED KQ75QNF990FXKR + 솔라셀 리모트 (벽걸이),10030970,10030970,10030970,10030970,10030970,9958550,9958550,9954290
90645665,삼성전자 네오QLED KQ75QNF990FXKR + 솔라셀 리모트 (스탠드),9931230,9931230,9931230,9931230,9931230,9859560,9859560,9855390
80150021,삼성전자 네오QLED KQ75QNF9XAFXKR (벽걸이),5071080,5071200,5071230,5071300,5071390,5071470,5071580,5071610
79251875,삼성전자 네오QLED KQ75QNF9XAFXKR (스탠드),4887130,4887250,4887360,4887440,4887480,4887520,4887610,4887730
90645032,삼성전자 네오QLED KQ75QNFE1AFXKR (벽걸이),2440922,2440922,2440922,2440922,2440922,2394920,2404920,2348720
99914771,"삼성전자 네오QLED KQ75QNFE1AFXKR (벽걸이+사운드바, HW-B650F)",2555090,2555090,2555090,2555090,2558950,2511680,2511680,2511680
90645029,삼성전자 네오QLED KQ75QNFE1AFXKR (스탠드),2590500,2590500,2590500,2590500,2590500,2590500,2590500,2590500
99914765,"삼성전자 네오QLED KQ75QNFE1AFXKR (스탠드+사운드바, HW-B650F)",2555090,2555090,2555090,2555090,2558950,2511680,2511680,2511680
122628953,삼성전자 네오QLED KQ75QNH70AFXKR (벽걸이),2103900,2103900,2103900,2103900,2104580,2104570,2104570,2069840
122635528,"삼성전자 네오QLED KQ75QNH70AFXKR (벽걸이+사운드바, HW-B650F)",2381650,2381650,2381650,2381650,2381650,2364490,2364490,2364480
122628833,삼성전자 네오QLED KQ75QNH70AFXKR (스탠드),2009070,2009070,2009070,2009070,2015900,2015900,2015900,1972040
122635524,"삼성전자 네오QLED KQ75QNH70AFXKR (스탠드+사운드바, HW-B650F)",2284040,2284040,2284040,2284040,2284040,2267590,2267590,2267580
122629378,삼성전자 네오QLED KQ75QNH80AFXKR (벽걸이),2923150,2923270,2923380,2960890,2961000,2961100,2961220,2961340
122635575,"삼성전자 네오QLED KQ75QNH80AFXKR (벽걸이+사운드바, HW-B650F)",3260090,3260090,3260090,3260090,3260090,3236600,3236600,3236600
122629354,삼성전자 네오QLED KQ75QNH80AFXKR (스탠드),2796970,2797090,2797200,2797290,2797320,2797380,2797380,2797480
122635572,"삼성전자 네오QLED KQ75QNH80AFXKR (스탠드+사운드바, HW-B650F)",3162480,3162480,3162480,3162480,3162480,3139700,3139700,3139690
38215064,삼성전자 네오QLED KQ85QND800FXKR (벽걸이),8689500,8689500,8689500,8689500,8689500,8689500,8689500,8689500
36153035,삼성전자 네오QLED KQ85QND800FXKR (스탠드),8462700,8462700,8462700,8462700,8462700,8462700,8471200,8471200
47841881,삼성전자 네오QLED KQ85QND80BFXKR (벽걸이),4299990,4299990,4299990,4299990,4299990,4299990,4299990,4299990
73769465,"삼성전자 네오QLED KQ85QND80BFXKR (벽걸이+사운드바, HW-Q600C)",4746200,4746200,4746200,4746200,4746200,4746200,4746200,4746200
47841854,삼성전자 네오QLED KQ85QND80BFXKR (스탠드),4299990,4299990,4299990,4299990,4299990,4299990,4299990,4299990
55366835,"삼성전자 네오QLED KQ85QND80BFXKR (스탠드+사운드바, HW-Q600C)",4528500,4528500,4528500,4528500,4528500,4528500,4528500,4528500
49645607,삼성전자 네오QLED KQ85QND83BFXKR (벽걸이),4401140,4401260,4401370,4401460,4401490,4401530,4401620,4401740
49645586,삼성전자 네오QLED KQ85QND83BFXKR (스탠드),3875000,3875000,3875000,3875000,3875000,3875000,3875000,3875000
38771309,삼성전자 네오QLED KQ85QND850FXKR (벽걸이),8689500,8689500,8689500,8689500,8689500,8689500,8719500,8719500
38767223,삼성전자 네오QLED KQ85QND850FXKR (스탠드),8462700,8462700,8462700,8462700,8462700,8462700,8462700,8462700
45311999,삼성전자 네오QLED KQ85QND85BFXKR (무타공 벽걸이),7631300,7631300,7631300,7631300,7631300,7631300,7631300,7631300
36943541,삼성전자 네오QLED KQ85QND85BFXKR (벽걸이),4899910,4899910,4899910,4999890,4999890,4999890,4999890,4999890
36037136,삼성전자 네오QLED KQ85QND85BFXKR (스탠드),4899910,4899910,4899910,4999890,4999890,4999890,4999890,4999890
39910448,삼성전자 네오QLED KQ85QND87AFXKR (벽걸이),5262060,5262180,5262210,5262280,5262370,5262440,5262540,5262660
39910415,삼성전자 네오QLED KQ85QND87AFXKR (스탠드),3694490,3694490,3694490,3694490,3694490,3694490,3694490,3694490
58804205,삼성전자 네오QLED KQ85QND88AFXKR (스탠드),4744690,4744690,4744690,4744690,4744690,4744690,4744690,4744690
38825600,삼성전자 네오QLED KQ85QND900FXKR (벽걸이),10871780,10871780,10871780,10871780,10804060,10804060,10787810,10787820
38823248,삼성전자 네오QLED KQ85QND900FXKR (스탠드),10672310,10672310,10672310,10672310,10672310,10605830,10605830,10589990
38344598,삼성전자 네오QLED KQ85QND90AFXKR (벽걸이),6173990,6173990,6173990,6173990,6173990,6136060,6136060,6132260
36109091,삼성전자 네오QLED KQ85QND90AFXKR (스탠드),7517800,7517800,7517800,7517800,7517800,7547800,7517800,7517800
38883725,삼성전자 네오QLED KQ85QND95AFXKR (벽걸이),6971920,6971920,6971920,6971920,6971920,6921850,6921850,6921850
38874080,삼성전자 네오QLED KQ85QND95AFXKR (스탠드),6856840,6856840,6856840,6856840,7004510,6723880,6723880,6723880
55451504,삼성전자 네오QLED KQ85QNDX1AFXKR (벽걸이),3979680,3979680,3979680,3979680,3979680,3953200,3953200,3953200
65427131,"삼성전자 네오QLED KQ85QNDX1AFXKR (벽걸이+사운드바, HW-Q600C)",3979680,3979680,3979680,3979680,3979680,3956110,3956110,3956110
52155623,삼성전자 네오QLED KQ85QNDX1AFXKR (스탠드),3979680,3979680,3979680,3979680,3979680,3979680,3979680,3979680
52155674,"삼성전자 네오QLED KQ85QNDX1AFXKR (스탠드+사운드바, HW-Q600C)",3979680,3979680,3979680,3979680,3979680,3956110,3956110,3956110
78239585,삼성전자 네오QLED KQ85QNF70AFXKR (벽걸이),3375120,3375120,3375120,3443990,3443990,3443990,3443990,3443990
78239570,삼성전자 네오QLED KQ85QNF70AFXKR (스탠드),3234000,3234000,3234000,3299990,3299990,3299990,3299990,3299990
99914198,삼성전자 네오QLED KQ85QNF70BFXKR (벽걸이),3535500,3535500,3535500,3535500,3535500,3300100,3300100,3300100
99914168,삼성전자 네오QLED KQ85QNF70BFXKR (스탠드),3204220,3204220,3204220,3204220,3204210,3147300,3147300,3147300
92890493,삼성전자 네오QLED KQ85QNF75AFXKR (벽걸이),3723830,3723950,3723980,3797730,3797800,3797890,3798000,3798120
92890439,삼성전자 네오QLED KQ85QNF75AFXKR (스탠드),3375230,3375350,3375460,3375540,3375580,3375640,3375730,3375850
77785397,삼성전자 네오QLED KQ85QNF80AFXKR (벽걸이),4000000,4000000,4000000,4000000,4000000,4000000,4000000,4000000
99476795,"삼성전자 네오QLED KQ85QNF80AFXKR (벽걸이+사운드바, HW-B650D)",4649440,4649440,4649440,4649440,4649440,4649440,4649440,4649440
91111772,"삼성전자 네오QLED KQ85QNF80AFXKR (벽걸이+사운드바, HW-Q800F)",4356190,4356190,4356190,4356190,4356190,4326180,4326180,4326180
77785106,삼성전자 네오QLED KQ85QNF80AFXKR (스탠드),3988900,3989020,3989130,3989210,3989250,3989290,3989380,3989500
99476792,"삼성전자 네오QLED KQ85QNF80AFXKR (스탠드+사운드바, HW-B650D)",4649440,4649440,4649440,4649440,4649440,4649440,4649440,4649440
77786552,"삼성전자 네오QLED KQ85QNF80AFXKR (스탠드+사운드바, HW-Q800F)",4257350,4257350,4257350,4257350,4257350,4228110,4228110,4228110
98230997,삼성전자 네오QLED KQ85QNF83AFXKR (벽걸이),5000000,5000000,5000000,5000000,5000000,5000000,5000000,5000000
98230967,삼성전자 네오QLED KQ85QNF83AFXKR (스탠드),4644480,4644480,4644480,4644480,4644480,4644480,4644480,4644480
78609464,삼성전자 네오QLED KQ85QNF85AFXKR (벽걸이),5276490,5276610,5276720,5276760,5276760,5170750,5170780,5170780
78609401,삼성전자 네오QLED KQ85QNF85AFXKR (스탠드),5332440,5332560,5332670,5332750,5332850,5332910,5333000,5333120
101069951,삼성전자 네오QLED KQ85QNF85BFXKR (벽걸이),5174500,5174500,5174500,5174500,5174500,5174500,5179700,5179700
101069807,삼성전자 네오QLED KQ85QNF85BFXKR (스탠드),4590000,4590000,4590000,4590000,4590000,4590000,4590000,4590000
92891315,삼성전자 네오QLED KQ85QNF87AFXKR (벽걸이),6631000,6631000,6631000,6631000,6631000,6631000,6631000,6631000
92891306,삼성전자 네오QLED KQ85QNF87AFXKR (스탠드),6631000,6631000,6631000,6631000,6631000,6631000,6631000,6631000
77708639,삼성전자 네오QLED KQ85QNF900FXKR (벽걸이),9198950,9198950,9198950,9198950,9198950,9133420,9133420,9133420
91111532,"삼성전자 네오QLED KQ85QNF900FXKR (벽걸이+사운드바, HW-Q930F)",8318420,8318420,8318420,8318420,8318420,8266850,8266850,8256870
77623259,삼성전자 네오QLED KQ85QNF900FXKR (스탠드),7653290,7653290,7653290,7653290,7653290,7653290,7653290,7653290
77786447,"삼성전자 네오QLED KQ85QNF900FXKR (스탠드+사운드바, HW-Q930F)",8118940,8118940,8118940,8118940,8118940,8068520,8068520,8059230
91111577,삼성전자 네오QLED KQ85QNF900FXKR + 솔라셀 리모트 (벽걸이),8983100,8983100,8983100,8983100,8983100,8983100,8983100,8983100
91111568,삼성전자 네오QLED KQ85QNF900FXKR + 솔라셀 리모트 (스탠드),8765400,8765400,8765400,8765400,8765400,8765400,8765400,8765400
99914429,삼성전자 네오QLED KQ85QNF90BFXKR (벽걸이),9526800,9526920,9527030,9527110,9527210,9527270,9527360,9527480
99914390,삼성전자 네오QLED KQ85QNF90BFXKR (스탠드),5839990,5839990,5839990,5839990,5839990,5840000,5840000,5840000
97958438,삼성전자 네오QLED KQ85QNF95AFXKR (벽걸이),7791000,7791000,7791000,7791000,7791000,7791000,7791000,7791000
78609821,삼성전자 네오QLED KQ85QNF95AFXKR (스탠드),7541000,7541000,7541000,7541000,7541000,7541000,7541000,7541000
77783591,삼성전자 네오QLED KQ85QNF990FXKR (벽걸이),13864030,13864030,13864030,13864030,13864030,13777480,13777480,13754450
91111787,"삼성전자 네오QLED KQ85QNF990FXKR (벽걸이+사운드바, HW-Q930F)",13913900,13913900,13913900,13913900,13913900,13827020,13827020,13803850
77783468,삼성전자 네오QLED KQ85QNF990FXKR (스탠드),13664550,13664550,13664550,13664550,13664550,13612920,13612920,13556730
77786276,"삼성전자 네오QLED KQ85QNF990FXKR (스탠드+사운드바, HW-Q930F)",13714420,13714420,13714420,13714420,13714420,13628870,13628870,13606030
90646055,삼성전자 네오QLED KQ85QNF990FXKR + 솔라셀 리모트 (벽걸이),13721300,13721300,13721300,13721300,13721300,13622950,13622950,13622950
90646037,삼성전자 네오QLED KQ85QNF990FXKR + 솔라셀 리모트 (스탠드),13524650,13524650,13524650,13524650,13524650,13427710,13427710,13427710
91111667,삼성전자 네오QLED KQ85QNFE1AFXKR (벽걸이),3720900,3720900,3720900,3720900,3720900,3720900,3720900,3720900
104546051,삼성전자 네오QLED KQ85QNFE1AFXKR (벽걸이+빔프로젝터),4001420,4001420,4001420,4001420,4001420,4001420,4001420,4001420
99476837,"삼성전자 네오QLED KQ85QNFE1AFXKR (벽걸이+사운드바, HW-B650D)",4059360,4059360,4059360,4059360,4059360,4059360,4059360,4059360
99912578,"삼성전자 네오QLED KQ85QNFE1AFXKR (벽걸이+사운드바, HW-B650F)",3786300,3786300,3786300,3786300,3786300,3816300,3786300,3786300
91111634,삼성전자 네오QLED KQ85QNFE1AFXKR (스탠드),3624900,3624900,3624900,3698860,3698860,3698860,3698860,3698860
104545625,삼성전자 네오QLED KQ85QNFE1AFXKR (스탠드+빔프로젝터),3464440,3464440,3464440,3464440,3464440,3464440,3464440,3464440
99476828,"삼성전자 네오QLED KQ85QNFE1AFXKR (스탠드+사운드바, HW-B650D)",4059360,4059360,4059360,4059360,4059360,4059360,4059360,4059360
99912593,"삼성전자 네오QLED KQ85QNFE1AFXKR (스탠드+사운드바, HW-B650F)",3462000,3462000,3462000,3462000,3434390,3399720,3399720,3399720
122628750,삼성전자 네오QLED KQ85QNH70AFXKR (벽걸이),2799290,2799290,2785830,2785910,2789930,2786100,2786200,2786320
122635498,"삼성전자 네오QLED KQ85QNH70AFXKR (벽걸이+사운드바, HW-B650F)",3064880,3064880,3064880,3064880,3064880,3042790,3042790,3042790
122628639,삼성전자 네오QLED KQ85QNH70AFXKR (스탠드),2584670,2584780,2586990,2596930,2596990,2508740,1979590,1601990
122635493,"삼성전자 네오QLED KQ85QNH70AFXKR (스탠드+사운드바, HW-B650F)",2869670,2869670,2869670,2869670,2869670,2848990,2848990,2848980
122665576,"삼성전자 네오QLED KQ85QNH70AFXKR + 더 무빙스타일 KU27LSFM7AXXKR (벽걸이, TV+TV)",3601710,3601710,3601710,3601710,3601710,3575760,3575760,3575750
122665572,"삼성전자 네오QLED KQ85QNH70AFXKR + 더 무빙스타일 KU27LSFM7AXXKR (스탠드, TV+TV)",3406500,3406500,3406500,3406500,3406500,3381950,3381950,3381940
122629239,삼성전자 네오QLED KQ85QNH80AFXKR (벽걸이),3812010,3812010,3812010,3889790,3889790,3889790,3889790,3889790
122635554,"삼성전자 네오QLED KQ85QNH80AFXKR (벽걸이+사운드바, HW-B650F)",4236140,4236140,4236140,4236140,4236140,4205610,4205610,4205610
122629189,삼성전자 네오QLED KQ85QNH80AFXKR (스탠드),3478910,3479030,3479140,3479300,3479460,3479600,3479710,3479820
122635552,"삼성전자 네오QLED KQ85QNH80AFXKR (스탠드+사운드바, HW-B650F)",4040930,4040930,4040930,4040930,4040930,4011800,4011800,4011800
122665649,"삼성전자 네오QLED KQ85QNH80AFXKR + 더 무빙스타일 KU27LSFM7AXXKR (벽걸이, TV+TV)",4772960,4772960,4772960,4772960,4772960,4772960,4772960,4772960
122665648,"삼성전자 네오QLED KQ85QNH80AFXKR + 더 무빙스타일 KU27LSFM7AXXKR (스탠드, TV+TV)",4577750,4577750,4577750,4577750,4577750,4557480,4557480,4557480
38703476,삼성전자 네오QLED KQ98QND90AFXKR (벽걸이),10871790,10871790,10871790,10871790,10871790,10804070,10804070,10787820
36102236,삼성전자 네오QLED KQ98QND90AFXKR (스탠드),10709350,10709350,10709350,10709350,10932580,10496190,10496190,10491250
77784218,삼성전자 네오QLED KQ98QNF90AFXKR (벽걸이),11450750,11450750,11450750,11450750,11450750,11368230,11368230,11368230
77783840,삼성전자 네오QLED KQ98QNF90AFXKR (스탠드),11154650,11154650,11154650,11154650,11154650,11074260,11074260,11074260
77783600,삼성전자 네오QLED KQ98QNF990FXKR (벽걸이),46250000,46250000,46250000,46250000,46250000,46250000,46250000,46250000
90644903,"삼성전자 네오QLED KQ98QNF990FXKR (벽걸이+사운드바, HW-Q990F)",49111250,49111250,49111250,49111250,49111250,48756550,48756550,48709840
77783459,삼성전자 네오QLED KQ98QNF990FXKR (스탠드),46000000,46000000,46000000,46000000,46000000,46000000,46000000,46000000
77786165,"삼성전자 네오QLED KQ98QNF990FXKR (스탠드+사운드바, HW-Q990F)",48802380,48802380,48802380,48802380,48802380,48449940,48449940,48403480
90645365,삼성전자 네오QLED KQ98QNF990FXKR + 솔라셀 리모트 (스탠드),47232260,47232260,47232260,47232260,47232260,46891870,46891870,46891870
98076260,삼성전자 더 무빙스타일 KU27LSFM7AXXKR (이동형 스탠드),1135000,1135000,1135000,1135000,1135000,1135000,1135000,1135000
16689335,삼성전자 더 세로 KQ43LSB05BFXKR (스탠드),1507000,1507000,1507000,,,,,
16629926,삼성전자 더 세리프 KQ43LSB01AFXKR (스탠드),1019200,1019200,1019200,1039990,1039990,1039990,1039990,1039990
49538111,삼성전자 더 세리프 KQ43LSD01AFXKR (스탠드),900320,900440,900550,900590,900680,872040,749590,749590
51549581,삼성전자 더 세리프 KQ43LSD01AFXKR + 뮤직 프레임 HW-LS60D (TV+스피커),1510950,1510950,1510950,1510950,1498900,1489280,1489280,1489280
16630100,삼성전자 더 세리프 KQ50LSB01AFXKR (스탠드),1470000,1470000,1470000,1485990,1485990,1485990,1485990,1485990
49538051,삼성전자 더 세리프 KQ50LSD01AFXKR (스탠드),1024270,1024270,1024270,1024270,1048040,1024510,1024510,1035757
51549602,삼성전자 더 세리프 KQ50LSD01AFXKR + 뮤직 프레임 HW-LS60D (TV+스피커),1677210,1677210,1677210,1677210,1677210,1668390,1668390,1668390
49537925,삼성전자 더 세리프 KQ55LSD01AFXKR (스탠드),1199000,1199000,1199000,1249920,1249920,1249920,1039200,1039200
51549608,삼성전자 더 세리프 KQ55LSD01AFXKR + 뮤직 프레임 HW-LS60D (TV+스피커),1777080,1777080,1777080,1777080,1777080,1767360,1767360,1767360
49537979,삼성전자 더 세리프 KQ65LSD01AFXKR (스탠드),1679000,1679000,1679000,1739520,1739520,1739520,1739520,1739520
51549620,삼성전자 더 세리프 KQ65LSD01AFXKR + 뮤직 프레임 HW-LS60D (TV+스피커),2722670,2722670,2722670,2722670,2758830,2675780,2675780,2664540
16729673,삼성전자 더 프레임 KQ32LSB03BFXKR (벽걸이),1330000,1330000,1330000,1330000,1330000,1330000,1330000,1330000
16707905,삼성전자 더 프레임 KQ32LSB03BFXKR (스탠드),953687,953687,953687,953687,962410,943260,943260,943260
13723688,삼성전자 더 프레임 KQ32LST03BFXKR (스탠드),1235000,1235000,1235000,1235000,1235000,1235000,1235000,1235000
16589051,삼성전자 더 프레임 KQ43LSB03AFXKR (벽걸이),1900000,1900000,1900000,1900000,1900000,1900000,1900000,1900000
16554299,삼성전자 더 프레임 KQ43LSB03AFXKR (스탠드),1349330,1349330,1349330,1349330,1344920,1331030,1331030,1331030
18180260,삼성전자 더 프레임 KQ43LSB03AFXKR (슬림핏 벽걸이),1995000,1995000,1995000,1995000,1995000,1995000,1995000,1995000
38451422,삼성전자 더 프레임 KQ43LSD03AFXKR (스탠드),1829540,1829540,1829540,1829540,1837800,1801240,1801240,1801240
66010523,"삼성전자 더 프레임 KQ43LSD03AFXKR (스탠드, 챔퍼 샌드골드)",1573810,1573810,1573810,1573810,1582320,1550830,1550830,1550830
66009326,"삼성전자 더 프레임 KQ43LSD03AFXKR (스탠드, 플랫 브라운)",1807870,1807870,1807870,1807870,1816150,1780020,1780020,1780020
66008705,"삼성전자 더 프레임 KQ43LSD03AFXKR (스탠드, 플랫 티크)",1893810,1893810,1893810,1893810,1893800,1864170,1864170,1864170
66009932,"삼성전자 더 프레임 KQ43LSD03AFXKR (스탠드, 플랫 화이트)",1621920,1621920,1621920,1621920,1621920,1607100,1607100,1570280
65963483,삼성전자 더 프레임 KQ43LSD03AFXKR + 뮤직 프레임 HW-LS60D (챔퍼 샌드골드+스피커),1870460,1870460,1870460,1870460,1870450,1841310,1841310,1841310
65964866,삼성전자 더 프레임 KQ43LSD03AFXKR + 뮤직 프레임 HW-LS60D (플랫 브라운+스피커),2429360,2429360,2429360,2429360,2426020,2388570,2388570,2388570
65962712,삼성전자 더 프레임 KQ43LSD03AFXKR + 뮤직 프레임 HW-LS60D (플랫 티크+스피커),2429360,2429360,2429360,2429360,2426020,2388570,2388570,2388570
65961029,삼성전자 더 프레임 KQ43LSD03AFXKR + 뮤직 프레임 HW-LS60D (플랫 화이트+스피커),1870460,1870460,1870460,1870460,1870450,1841310,1841310,1841310
77708471,삼성전자 더 프레임 KQ43LSF03AFXKR (스탠드),1124230,1124230,1124230,1124230,1124230,1124230,1124230,1124230
78096965,"삼성전자 더 프레임 KQ43LSF03AFXKR (스탠드, 챔퍼 샌드골드)",1735620,1735620,1735620,1735620,1743970,1709270,1709270,1709270
78098819,삼성전자 더 프레임 KQ43LSF03AFXKR + 뮤직프레임 HW-LS60D (챔퍼 샌드골드+스피커),1934620,1934620,1934620,1934620,1945030,1904130,1904130,1904130
97224638,삼성전자 더 프레임 KQ43LSF03AFXKR 이동형 패키지 (삼성 무빙 라이트),1869000,1869000,1869000,1869000,1869000,1869000,1869000,1869000
79561151,"삼성전자 더 프레임 KQ43LSF03AFXKR 이동형 패키지 (삼성 무빙(선반), 챔퍼 샌드골드)",1884690,1884690,1884690,1884690,1892360,1855240,1855240,1855240
79561067,"삼성전자 더 프레임 KQ43LSF03AFXKR 이동형 패키지 (삼성 무빙(선반), 플랫 화이트)",1742500,1742500,1742500,1742500,1750850,1716010,1716010,1716010
79561139,"삼성전자 더 프레임 KQ43LSF03AFXKR 이동형 패키지 (삼성 무빙, 챔퍼 샌드골드)",1685490,1685490,1685490,1685490,1685480,1660190,1660190,1660190
79561022,"삼성전자 더 프레임 KQ43LSF03AFXKR 이동형 패키지 (삼성 무빙, 플랫 화이트)",1732920,1732920,1732920,1732920,1741280,1706630,1706630,1706630
122720611,"삼성전자 더 프레임 KQ43LSH03EFXKR (스탠드, 챔퍼 샌드골드)",1260430,1260430,1260430,1260430,1256990,1256990,1256990,1250910
38451461,삼성전자 더 프레임 KQ50LSD03AFXKR (스탠드),1766260,1766260,1766260,1766260,1747860,1747860,1747860,1695660
75373208,"삼성전자 더 프레임 KQ50LSD03AFXKR (스탠드, 챔퍼 샌드골드)",1668290,1668290,1668290,1668290,1668290,1643350,1643350,1643350
75373247,"삼성전자 더 프레임 KQ50LSD03AFXKR (스탠드, 플랫 브라운)",2051890,2051890,2051890,2051890,2068360,2018960,2018960,2018960
75373214,"삼성전자 더 프레임 KQ50LSD03AFXKR (스탠드, 플랫 티크)",1651930,1651930,1651930,1651930,1660360,1627330,1627330,1627330
75373232,"삼성전자 더 프레임 KQ50LSD03AFXKR (스탠드, 플랫 화이트)",1739510,1739510,1739510,1739510,1739510,1718110,1718110,1661920
65957387,삼성전자 더 프레임 KQ50LSD03AFXKR + 뮤직 프레임 HW-LS60D (챔퍼 샌드골드+스피커),1968660,1968660,1968660,1968660,1980830,1937460,1937460,1937460
65957993,삼성전자 더 프레임 KQ50LSD03AFXKR + 뮤직 프레임 HW-LS60D (플랫 브라운+스피커),2740160,2740160,2740160,2740160,2718570,2692900,2692900,2692900
65956400,삼성전자 더 프레임 KQ50LSD03AFXKR + 뮤직 프레임 HW-LS60D (플랫 티크+스피커),1968660,1968660,1968660,1968660,1980830,1937460,1937460,1937460
65954882,삼성전자 더 프레임 KQ50LSD03AFXKR + 뮤직 프레임 HW-LS60D (플랫 화이트+스피커),1968660,1968660,1968660,1968660,1980830,1937460,1937460,1937460
77708726,삼성전자 더 프레임 KQ50LSF03AFXKR (벽걸이),1471570,1471570,1471570,1501590,1501590,1501590,1501590,1501590
77708450,삼성전자 더 프레임 KQ50LSF03AFXKR (스탠드),1375920,1375920,1375920,1403990,1403990,1403990,1403990,1403990
38703371,삼성전자 더 프레임 KQ55LSD03AFXKR (벽걸이),2165120,2165120,2165120,2165120,2165120,2165120,2165120,2110650
38451500,삼성전자 더 프레임 KQ55LSD03AFXKR (스탠드),2023610,2023610,2023610,2023610,2007920,2007920,2007920,2007920
65975753,"삼성전자 더 프레임 KQ55LSD03AFXKR (스탠드, 챔퍼 샌드골드)",2016360,2016360,2016360,2016360,2059940,1984180,1984180,1984180
65974295,"삼성전자 더 프레임 KQ55LSD03AFXKR (스탠드, 플랫 브라운)",1994420,1994420,1994420,1994420,1994410,1962690,1962690,1962690
65973527,"삼성전자 더 프레임 KQ55LSD03AFXKR (스탠드, 플랫 티크)",1994420,1994420,1994420,1994420,1994410,1962690,1962690,1962690
65975066,"삼성전자 더 프레임 KQ55LSD03AFXKR (스탠드, 플랫 화이트)",1994420,1994420,1994420,1994420,1994410,1962690,1962690,1962690
65925239,삼성전자 더 프레임 KQ55LSD03AFXKR + 뮤직 프레임 HW-LS60D (챔퍼 샌드골드+스피커),2134470,2134470,2134470,2134470,2134470,2134470,2134470,2134470
65925224,삼성전자 더 프레임 KQ55LSD03AFXKR + 뮤직 프레임 HW-LS60D (플랫 브라운+스피커),2223280,2223280,2223280,2223280,2248600,2186790,2186790,2186790
65925233,삼성전자 더 프레임 KQ55LSD03AFXKR + 뮤직 프레임 HW-LS60D (플랫 티크+스피커),2223280,2223280,2223280,2223280,2248600,2186790,2186790,2186790
65925248,삼성전자 더 프레임 KQ55LSD03AFXKR + 뮤직 프레임 HW-LS60D (플랫 화이트+스피커),2223280,2223280,2223280,2223280,2248600,2186790,2186790,2186790
77708729,삼성전자 더 프레임 KQ55LSF03AFXKR (벽걸이),3045200,3045200,3045200,3045200,3045200,3045200,3045200,3045200
77708651,삼성전자 더 프레임 KQ55LSF03AFXKR (스탠드),2251300,2251300,2251300,2251300,2251300,2251300,2251300,2251300
77964734,"삼성전자 더 프레임 KQ55LSF03AFXKR (스탠드, 챔퍼 샌드골드)",2335060,2335060,2335060,2335060,2366150,2296230,2296230,2296230
77964668,"삼성전자 더 프레임 KQ55LSF03AFXKR (스탠드, 플랫 브라운)",2382240,2382240,2382240,2382240,2381500,2381500,2381500,2326560
77966501,삼성전자 더 프레임 KQ55LSF03AFXKR + 뮤직 프레임 HW-LS60D (챔퍼 샌드골드+스피커),2535180,2535180,2535180,2535180,2569550,2492200,2492200,2492200
77964803,삼성전자 더 프레임 KQ55LSF03AFXKR + 뮤직 프레임 HW-LS60D (플랫 브라운+스피커),2279540,2279540,2279540,2279540,2307760,2241870,2241870,2241870
77966477,삼성전자 더 프레임 KQ55LSF03AFXKR + 뮤직 프레임 HW-LS60D (플랫 티크+스피커),2279540,2279540,2279540,2279540,2307760,2241870,2241870,2241870
77966492,삼성전자 더 프레임 KQ55LSF03AFXKR + 뮤직 프레임 HW-LS60D (플랫 화이트+스피커),2409550,2409550,2409550,2409550,2409170,2369180,2369180,2369180
122720516,"삼성전자 더 프레임 KQ55LSH03EFXKR (스탠드, 플랫 화이트)",1748970,1748970,1748970,1748970,1748970,1736360,1736360,1736360
38451569,삼성전자 더 프레임 KQ65LSD03AFXKR (스탠드),2080000,2080000,2080000,2080000,2080000,2080000,2080000,2080000
65999045,"삼성전자 더 프레임 KQ65LSD03AFXKR (스탠드, 챔퍼 샌드골드)",2654980,2654980,2654980,2654980,2654970,2614520,2614520,2558330
65998142,"삼성전자 더 프레임 KQ65LSD03AFXKR (스탠드, 플랫 티크)",2406350,2406350,2406350,2406350,2406340,2371060,2371060,2314880
65998775,"삼성전자 더 프레임 KQ65LSD03AFXKR (스탠드, 플랫 화이트)",2572120,2572120,2572120,2572120,2572120,2533390,2533390,2477200
65993291,삼성전자 더 프레임 KQ65LSD03AFXKR + 뮤직 프레임 HW-LS60D (플랫 브라운+스피커),3879940,3879940,3879940,3879940,3927170,3808950,3808950,3808950
65991482,삼성전자 더 프레임 KQ65LSD03AFXKR + 뮤직 프레임 HW-LS60D (플랫 티크+스피커),2689380,2689380,2689380,2689380,2725210,2643180,2643180,2643180
123961468,"삼성전자 더 프레임 KQ65LSH03EFXKR (스탠드, 챔퍼 샌드골드)",2335220,2335220,2335220,2335220,2335220,2318380,2318380,2318380
123961473,"삼성전자 더 프레임 KQ65LSH03EFXKR (스탠드, 플랫 브라운)",2335220,2335220,2335220,2335220,2335220,2318380,2318380,2318380
123961471,"삼성전자 더 프레임 KQ65LSH03EFXKR (스탠드, 플랫 티크)",2335220,2335220,2335220,2335220,2335220,2318380,2318380,2318380
122720668,"삼성전자 더 프레임 KQ65LSH03EFXKR (스탠드, 플랫 화이트)",2335220,2335220,2335220,2335220,2335220,2318380,2318380,2318380
44412572,삼성전자 더 프레임 KQ75LSD03AFXKR (벽걸이),2247440,2247560,2247670,2247770,2213390,2213400,2213390,2213390
38451218,삼성전자 더 프레임 KQ75LSD03AFXKR (스탠드),2212700,2212700,2212700,2212690,2212700,2176430,2176430,2176430
65959805,"삼성전자 더 프레임 KQ75LSD03AFXKR (스탠드, 챔퍼 샌드골드)",2958000,2958000,2958000,2958000,2958000,2947510,2947510,2947510
65951207,"삼성전자 더 프레임 KQ75LSD03AFXKR (스탠드, 플랫 브라운)",2689000,2689000,2689000,2689000,2689000,2689000,2689000,2689000
65950304,"삼성전자 더 프레임 KQ75LSD03AFXKR (스탠드, 플랫 티크)",3266770,3266770,3266770,3266770,3266760,3213570,3213570,3157390
65949503,"삼성전자 더 프레임 KQ75LSD03AFXKR (스탠드, 플랫 화이트)",2689000,2689000,2689000,2689000,2689000,2689000,2689000,2689000
77378156,삼성전자 더 프레임 KQ75LSD03AFXKR + 뮤직 프레임 HW-LS60D (챔퍼 샌드골드+스피커),3082010,3082010,3082010,3082010,3082010,3061510,3061510,3061510
77378153,삼성전자 더 프레임 KQ75LSD03AFXKR + 뮤직 프레임 HW-LS60D (플랫 브라운+스피커),3621950,3621950,3621950,3621950,3621950,3556340,3556340,3556340
38704097,삼성전자 더 프레임 KQ75LSD03AFXKR + 뮤직 프레임 HW-LS60D (플랫 티크+스피커),3364200,3364200,3364200,3364200,3364200,3364200,3364200,3364200
77378159,삼성전자 더 프레임 KQ75LSD03AFXKR + 뮤직 프레임 HW-LS60D (플랫 화이트+스피커),5331090,5331090,5331090,5331090,5331080,5229890,5229890,5229890
122720694,삼성전자 더 프레임 KQ75LSH03EFXKR (스탠드),2589990,2589990,2589990,2589990,2589990,2589990,2589990,2589990
122720727,"삼성전자 더 프레임 KQ75LSH03EFXKR (스탠드, 챔퍼 샌드골드)",2921460,2921460,2921460,2921460,2934340,2934340,2934340,2920210
124166753,"삼성전자 더 프레임 KQ75LSH03EFXKR (스탠드, 플랫 브라운)",2774950,2774950,2774950,2774950,2787050,2787050,2787050,2773270
124166754,"삼성전자 더 프레임 KQ75LSH03EFXKR (스탠드, 플랫 티크)",2774950,2774950,2774950,2774950,2787050,2787050,2787050,2773270
38451641,삼성전자 더 프레임 KQ85LSD03AFXKR (스탠드),4573060,4573060,4573060,4573060,4626930,4487640,4487640,4487640
65988920,"삼성전자 더 프레임 KQ85LSD03AFXKR (스탠드, 챔퍼 샌드골드)",4584150,4584150,4584150,4584150,4584140,4503530,4503530,4447340
65987369,"삼성전자 더 프레임 KQ85LSD03AFXKR (스탠드, 플랫 브라운)",3873700,3873700,3873700,3873700,3850910,3807860,3807860,3751670
65986649,"삼성전자 더 프레임 KQ85LSD03AFXKR (스탠드, 플랫 티크)",4404910,4404910,4404910,4404910,4457170,4323000,4323000,4323000
65988236,"삼성전자 더 프레임 KQ85LSD03AFXKR (스탠드, 플랫 화이트)",4503680,4503680,4503680,4503680,4556880,4419710,4419710,4419710
38704085,삼성전자 더 프레임 KQ85LSD03AFXKR + 뮤직 프레임 HW-LS60D (TV+스피커),4677870,4677870,4677870,4677870,4677870,4677870,4677870,4651080
65945003,삼성전자 더 프레임 KQ85LSD03AFXKR + 뮤직 프레임 HW-LS60D (플랫 브라운+스피커),4865720,4865720,4865720,4865720,4927480,4774210,4774210,4774210
65942951,삼성전자 더 프레임 KQ85LSD03AFXKR + 뮤직 프레임 HW-LS60D (플랫 티크+스피커),4865720,4865720,4865720,4865720,4927480,4774210,4774210,4774210
65942030,삼성전자 더 프레임 KQ85LSD03AFXKR + 뮤직 프레임 HW-LS60D (플랫 화이트+스피커),4865720,4865720,4865720,4865720,4927480,4774210,4774210,4774210
122720756,삼성전자 더 프레임 KQ85LSH03EFXKR (스탠드),3389990,3389990,3389990,3389990,3389990,3389990,3389990,3389990
122720771,"삼성전자 더 프레임 KQ85LSH03EFXKR (스탠드, 챔퍼 샌드골드)",3898540,3898540,3898540,3898540,3915530,3915530,3915530,3900220
124166778,"삼성전자 더 프레임 KQ85LSH03EFXKR (스탠드, 플랫 브라운)",3703120,3703120,3703120,3703120,3719340,3719340,3719340,3704210
124166774,"삼성전자 더 프레임 KQ85LSH03EFXKR (스탠드, 플랫 티크)",3703120,3703120,3703120,3703120,3719340,3719340,3719340,3704210
124086926,"삼성전자 더 프레임 KQ85LSH03EFXKR (스탠드, 플랫 화이트)",3703120,3703120,3703120,3703120,3719340,3719340,3719340,3704210
122720851,삼성전자 더 프레임 KQ98LSH03EFXKR (스탠드),7611320,7611320,7611320,7611320,7611320,7556470,7556470,7556470
124086973,삼성전자 더 프레임 프로 KQ55LSH03WFXKR (스탠드),2152220,2152340,2152450,2152490,2152560,2152600,2152600,2152600
124086993,"삼성전자 더 프레임 프로 KQ55LSH03WFXKR (스탠드, 플랫 화이트)",2357760,2357760,2357760,2357760,2357760,2277510,2277520,2254740
97306520,삼성전자 더 프레임 프로 KQ65LSF03WFXKR (벽걸이),3389990,3389990,3389990,3389990,3389990,3389990,3389990,3389990
80589530,삼성전자 더 프레임 프로 KQ65LSF03WFXKR (스탠드),3289990,3289990,3289990,3289990,3289990,3289990,3289990,3289990
80570441,"삼성전자 더 프레임 프로 KQ65LSF03WFXKR (스탠드, 플랫 브라운)",2660000,2660000,2660000,2660000,2660000,2660000,2660000,2660000
96363380,삼성전자 더 프레임 프로 KQ65LSF03WFXKR + 뮤직 프레임 HW-LS60D (플랫 브라운+스피커),3528820,3528820,3528820,3528820,3548460,3465150,3465150,3465150
96363371,삼성전자 더 프레임 프로 KQ65LSF03WFXKR + 뮤직 프레임 HW-LS60D (플랫 티크+스피커),3528820,3528820,3528820,3528820,3572700,3465150,3465150,3465150
96363386,삼성전자 더 프레임 프로 KQ65LSF03WFXKR + 뮤직 프레임 HW-LS60D (플랫 화이트+스피커),3511880,3511880,3511880,3511880,3511880,3465150,3465150,3465150
122634404,삼성전자 더 프레임 프로 KQ65LSH03WFXKR (스탠드),2989990,2989990,2989990,2989990,2989990,2998600,2998600,2998600
122634415,"삼성전자 더 프레임 프로 KQ65LSH03WFXKR (스탠드, 챔퍼 샌드골드)",3019170,3019170,3019170,3019170,3019170,2997410,2997410,2997410
123961487,"삼성전자 더 프레임 프로 KQ65LSH03WFXKR (스탠드, 플랫 브라운)",3050260,3050260,3050260,3050260,3050260,3028280,3028280,3028280
123961480,"삼성전자 더 프레임 프로 KQ65LSH03WFXKR (스탠드, 플랫 티크)",3050260,3050260,3050260,3050260,3050260,3028280,3028280,3028280
123961491,"삼성전자 더 프레임 프로 KQ65LSH03WFXKR (스탠드, 플랫 화이트)",3050260,3050260,3050260,3050260,3050260,3028280,3028280,3028280
123798501,삼성전자 더 프레임 프로 KQ75LSF03WFXKR (벽걸이),3002030,3002030,3002030,3002030,3002030,3002030,3002030,3002030
92967281,"삼성전자 더 프레임 프로 KQ75LSF03WFXKR (벽걸이, 플랫 브라운)",4592650,4592650,4592650,4592650,4592650,4592650,4592650,4592650
92967260,"삼성전자 더 프레임 프로 KQ75LSF03WFXKR (벽걸이, 플랫 화이트)",3053100,3053100,3053100,3053100,3053100,3053100,3053100,3053100
80589614,삼성전자 더 프레임 프로 KQ75LSF03WFXKR (스탠드),3031360,3031480,3031590,2823270,3035370,2664990,2664990,2664990
80570360,"삼성전자 더 프레임 프로 KQ75LSF03WFXKR (스탠드, 플랫 브라운)",3053100,3053100,3053100,3053100,3053100,3053100,3053100,3053100
80570348,"삼성전자 더 프레임 프로 KQ75LSF03WFXKR (스탠드, 플랫 티크)",3053100,3053100,3053100,3053100,3053100,3053100,3053100,3053100
80569790,"삼성전자 더 프레임 프로 KQ75LSF03WFXKR (스탠드, 플랫 화이트)",3053100,3053100,3053100,3053100,3053100,3053100,3053100,3053100
96363416,삼성전자 더 프레임 프로 KQ75LSF03WFXKR + 뮤직 프레임 HW-LS60D (플랫 브라운+스피커),3045040,3045040,3045040,3045040,3045040,2994960,2994960,2994960
96363413,삼성전자 더 프레임 프로 KQ75LSF03WFXKR + 뮤직 프레임 HW-LS60D (플랫 티크+스피커),3045040,3045040,3045040,3045040,3045040,2994960,2994960,2994960
96363410,삼성전자 더 프레임 프로 KQ75LSF03WFXKR + 뮤직 프레임 HW-LS60D (플랫 화이트+스피커),3876670,3876670,3876670,3876670,3876670,3876670,3876670,3876670
122634325,삼성전자 더 프레임 프로 KQ75LSH03WFXKR (스탠드),4339990,4339990,4339990,4339990,4339990,4340000,4340000,4340000
122634395,"삼성전자 더 프레임 프로 KQ75LSH03WFXKR (스탠드, 챔퍼 샌드골드)",4240460,4240460,4240460,4240460,4259090,4259090,4259090,4243170
124166686,"삼성전자 더 프레임 프로 KQ75LSH03WFXKR (스탠드, 플랫 브라운)",4284220,4284220,4284220,4284220,4259090,4259090,4259090,4259090
124166683,"삼성전자 더 프레임 프로 KQ75LSH03WFXKR (스탠드, 플랫 티크)",4284220,4284220,4284220,4284220,4259090,4259090,4259090,4259090
124086956,"삼성전자 더 프레임 프로 KQ75LSH03WFXKR (스탠드, 플랫 화이트)",4284220,4284220,4284220,4284220,4259090,4259090,4259090,4259090
98777900,삼성전자 더 프레임 프로 KQ85LSF03WFXKR (벽걸이),3766310,3766430,3766460,3766490,3766490,3766490,3766490,3766490
80589647,삼성전자 더 프레임 프로 KQ85LSF03WFXKR (스탠드),3728810,3728930,3728960,3728990,3750920,3750920,3750920,3750930
80570243,"삼성전자 더 프레임 프로 KQ85LSF03WFXKR (스탠드, 플랫 브라운)",4074200,4074200,4074200,4074200,4074200,4074200,4074200,4074200
80570132,"삼성전자 더 프레임 프로 KQ85LSF03WFXKR (스탠드, 플랫 티크)",5594990,5594990,5594990,5594990,5570330,5570330,5570330,5570330
80569946,"삼성전자 더 프레임 프로 KQ85LSF03WFXKR (스탠드, 플랫 화이트)",4562760,4562760,4562760,4562760,4562760,4562760,4562760,4562760
96363554,삼성전자 더 프레임 프로 KQ85LSF03WFXKR + 뮤직 프레임 HW-LS60D (챔퍼 샌드골드+스피커),5786420,5786420,5786420,5786420,5895720,5675740,5675740,5675740
96363437,삼성전자 더 프레임 프로 KQ85LSF03WFXKR + 뮤직 프레임 HW-LS60D (플랫 브라운+스피커),5140670,5140670,5140670,5140670,5140670,5140670,5140670,5140670
96363434,삼성전자 더 프레임 프로 KQ85LSF03WFXKR + 뮤직 프레임 HW-LS60D (플랫 티크+스피커),5140670,5140670,5140670,5140670,5140670,5140670,5140670,5140670
96363431,삼성전자 더 프레임 프로 KQ85LSF03WFXKR + 뮤직 프레임 HW-LS60D (플랫 화이트+스피커),5140670,5140670,5140670,5140670,5140670,3963970,3963970,3963970
122634241,삼성전자 더 프레임 프로 KQ85LSH03WFXKR (스탠드),5789990,5789990,5789990,5789990,5789990,5789990,5789990,5789990
122634290,"삼성전자 더 프레임 프로 KQ85LSH03WFXKR (스탠드, 챔퍼 샌드골드)",5657170,5657170,5657170,5657170,5681970,5681970,5681970,5664130
124166673,"삼성전자 더 프레임 프로 KQ85LSH03WFXKR (스탠드, 플랫 브라운)",5715550,5715550,5715550,5715550,5681970,5681970,5681970,5681970
124166676,"삼성전자 더 프레임 프로 KQ85LSH03WFXKR (스탠드, 플랫 티크)",5715550,5715550,5715550,5715550,5681970,5681970,5681970,5681970
124086953,"삼성전자 더 프레임 프로 KQ85LSH03WFXKR (스탠드, 플랫 화이트)",5715550,5715550,5715550,5715550,5681970,5681970,5681970,5681970
96585011,삼성전자 무빙스타일 Edge LS32FM700 이동형 패키지 (다크플래쉬 BM-02),679760,679760,679760,679760,679760,679760,679760,679760
96059873,삼성전자 무빙스타일 Edge LS32FM700 이동형 패키지 (삼성 무빙 라이트),790470,790590,790620,790680,790720,790780,790870,790990
95987516,삼성전자 무빙스타일 Edge LS32FM700 이동형 패키지 (삼성 무빙 스탠다드),780000,780000,780000,780000,780000,780000,780000,780000
94096241,삼성전자 무빙스타일 M1 LS32FM1E3 이동형 패키지 (삼성 무빙 라이트),623760,623760,620780,620780,620330,620330,620330,620340
99476003,삼성전자 무빙스타일 M1 LS32FM1E3 이동형 패키지 (삼성 무빙 스탠다드),778890,778890,778890,778890,778890,773270,773270,773270
94096256,삼성전자 무빙스타일 M1 LS32FM1E3 이동형 패키지 (삼성 무빙),759940,760060,760090,760150,760250,760300,760400,760520
94104587,삼성전자 무빙스타일 M1 LS43FM1E3 이동형 패키지 (삼성 무빙 라이트),733820,733820,733820,733820,747450,732650,732650,732185
99050054,삼성전자 무빙스타일 M1 LS43FM1E3 이동형 패키지 (삼성 무빙 스탠다드),917060,917060,917060,917060,917060,910450,910450,910450
72590807,삼성전자 무빙스타일 M1 S32DM1E3 이동형 패키지 (삼성 무빙(선반)),553600,553600,553600,553600,554420,554420,554420,554420
74116388,삼성전자 무빙스타일 M1 S32DM1E3 이동형 패키지 (삼성 무빙(선반)+하만카돈 스피커),743065,743065,743065,743065,752450,734950,734950,734950
72590798,삼성전자 무빙스타일 M1 S32DM1E3 이동형 패키지 (삼성 무빙),610700,610700,610700,610700,610700,610700,610700,610700
74115839,삼성전자 무빙스타일 M1 S43DM1E3 이동형 패키지 (삼성 무빙(선반)),767660,767660,767660,767660,767660,767660,767660,767660
74117624,삼성전자 무빙스타일 M1 S43DM1E3 이동형 패키지 (삼성 무빙(선반)+하만카돈 스피커),921007,921007,921007,921007,926512,910940,910940,910940
74115872,삼성전자 무빙스타일 M1 S43DM1E3 이동형 패키지 (삼성 무빙),1037000,1037000,1037000,1037000,1037000,1037000,1037000,1037000
97221686,삼성전자 무빙스타일 M5 LS27FM502 이동형 패키지 (삼성 무빙 라이트),395644,395644,395644,395644,395010,394710,395370,395370
97221701,삼성전자 무빙스타일 M5 LS27FM502 이동형 패키지 (삼성 무빙 스탠다드),474000,474000,474000,474000,478800,480130,478800,478800
102123671,삼성전자 무빙스타일 M5 LS27FM502 이동형 패키지 (삼성 무빙),439930,439940,439940,439950,439950,439960,439960,439970
96366071,삼성전자 무빙스타일 M5 LS27FM503 이동형 패키지 (삼성 무빙 라이트),406009,406009,416250,397760,397760,394710,397760,397760
96059831,삼성전자 무빙스타일 M5 LS27FM503 이동형 패키지 (삼성 무빙 스탠다드),469000,469000,469000,469060,474050,474050,474050,474050
102123659,삼성전자 무빙스타일 M5 LS27FM503 이동형 패키지 (삼성 무빙),505990,505990,505990,505990,505990,480700,480700,480700
42945761,삼성전자 무빙스타일 M5 M50C S27CM502 이동형 패키지 (삼성 무빙),443000,443000,443000,443000,443000,443000,443000,443000
42945680,삼성전자 무빙스타일 M5 M50C S27CM503 이동형 패키지 (삼성 무빙),1039000,1039000,1039000,421800,421800,421800,421800,421800
70529549,삼성전자 무빙스타일 M5 M50C S32CM502 이동형 패키지 (삼성 무빙(선반)),524860,524860,524860,524860,524860,524860,524860,524860
42945653,삼성전자 무빙스타일 M5 M50C S32CM502 이동형 패키지 (삼성 무빙),541000,541000,541000,541000,541000,541000,541000,541000
104359295,삼성전자 무빙스타일 M5 M50F LS27FM501 이동형 패키지 (삼성 무빙 스탠다드),712660,712660,712660,712660,712660,705080,705080,705080
124327097,삼성전자 무빙스타일 M5 M50F LS32FM500 이동형 패키지 (스마트마운트 VI-200-S(블랙)),490870,490990,491100,491200,491240,491320,464070,464070
122724780,삼성전자 무빙스타일 M5 M50F LS32FM501 이동형 패키지 (스마트마운트 FMS101W),462430,462430,462430,462430,462430,462430,462430,462430
122724934,삼성전자 무빙스타일 M5 M50F LS32FM501 이동형 패키지 (스마트마운트 VI-201-S(화이트)),490890,491010,491120,491220,491260,473540,464070,464070
91115642,삼성전자 무빙스타일 M5 S27DM500 이동형 패키지 (스마트마운트 VI-201-S(화이트)),464990,464990,464990,464990,464990,464990,436170,436170
96308624,삼성전자 무빙스타일 M5 S27DM501 이동형 패키지 (스마트마운트 FMS101W),431790,431790,431790,431790,431790,431790,431790,431790
73693088,삼성전자 무빙스타일 M5 S27DM501 이동형 패키지 (스마트마운트 VI-201-S(화이트)),431000,431000,431000,431000,431000,431000,431000,431000
96425864,삼성전자 무빙스타일 M5 S27DM501 이동형 패키지 (엘디엘마운트 APL-SMV),408990,408990,408990,408990,408990,408990,408990,408990
58666310,삼성전자 무빙스타일 M5 S27DM502 이동형 패키지 (삼성 무빙(선반)),486500,486500,486500,486500,490680,490680,490680,490680
100384463,삼성전자 무빙스타일 M5 S27DM502 이동형 패키지 (삼성 무빙(선반)+하만카돈 스피커),593200,593200,593200,593200,593200,593200,593200,593200
48645410,삼성전자 무빙스타일 M5 S27DM502 이동형 패키지 (삼성 무빙),438490,438490,438490,440380,440380,440380,440380,440380
58666322,삼성전자 무빙스타일 M5 S27DM503 이동형 패키지 (삼성 무빙(선반)),466550,466550,466550,466750,471720,466410,466410,466410
100384436,삼성전자 무빙스타일 M5 S27DM503 이동형 패키지 (삼성 무빙(선반)+하만카돈 스피커),604500,604500,604500,604500,604500,604500,604500,604500
48645443,삼성전자 무빙스타일 M5 S27DM503 이동형 패키지 (삼성 무빙),425000,425000,425000,425000,425000,425000,425000,425000
99289796,삼성전자 무빙스타일 M5 S32CM500 이동형 패키지 (스마트마운트 VI-200-S(블랙)),410620,410620,410620,418990,418990,418990,418990,418990
26423273,삼성전자 무빙스타일 M5 S32CM501 이동형 패키지 (스마트마운트 VI-201-S(화이트)),431030,431060,431140,439850,439890,439950,439950,439990
124129732,삼성전자 무빙스타일 M5 S32DM500 이동형 패키지 (삼성 무빙 스탠다드),557620,557620,557620,569000,569000,569000,569000,569000
96308690,삼성전자 무빙스타일 M5 S32DM500 이동형 패키지 (스마트마운트 FMS100B),439000,439000,439000,439000,439000,439000,439000,439000
72675026,삼성전자 무빙스타일 M5 S32DM500 이동형 패키지 (스마트마운트 VI-200-S(블랙)),407030,407150,407260,407360,407470,407580,407600,407640
54817031,삼성전자 무빙스타일 M5 S32DM500 이동형 패키지 (스마트마운트 VI-201-S(화이트)),452000,452000,452000,452000,452000,452000,452000,452000
72591065,삼성전자 무빙스타일 M5 S32DM500 이동형 패키지 (스마트마운트 무탠바이미),739000,739000,739000,739000,739000,739000,739000,739000
96422555,삼성전자 무빙스타일 M5 S32DM501 이동형 패키지 (삼성 무빙 스탠다드),519070,519070,519070,519070,519070,477000,477000,477000
96585095,삼성전자 무빙스타일 M5 S32DM501 이동형 패키지 (스마트마운트 FMS101W),489000,489000,489000,489000,489000,489000,489000,489000
54816869,삼성전자 무빙스타일 M5 S32DM501 이동형 패키지 (스마트마운트 VI-201-S(화이트)),416500,416620,416730,416810,416850,416890,416890,416930
72591080,삼성전자 무빙스타일 M5 S32DM501 이동형 패키지 (스마트마운트 무탠바이미),739000,739000,739000,739000,739000,739000,739000,739000
96059801,삼성전자 무빙스타일 M5 S32DM502 이동형 패키지 (삼성 무빙 라이트),418750,418750,418750,418750,418750,418750,418750,418750
96059816,삼성전자 무빙스타일 M5 S32DM502 이동형 패키지 (삼성 무빙 스탠다드),535390,535390,520560,531170,531170,531170,531170,531170
58666349,삼성전자 무빙스타일 M5 S32DM502 이동형 패키지 (삼성 무빙(선반)),496680,496680,496680,496680,493180,493180,493180,493180
48645473,삼성전자 무빙스타일 M5 S32DM502 이동형 패키지 (삼성 무빙),483300,483300,483300,483300,487640,487640,487640,487640
58666364,삼성전자 무빙스타일 M5 S32DM502 이동형 패키지 (삼성 무빙+하만카돈 스피커),618582,618582,618582,618582,621360,611820,611820,611820
97221758,삼성전자 무빙스타일 M5 S32DM503 이동형 패키지 (삼성 무빙 라이트),437000,437000,437000,437000,437000,437000,437000,437000
97221017,삼성전자 무빙스타일 M5 S32DM503 이동형 패키지 (삼성 무빙 스탠다드),533960,534080,534110,534170,534210,534260,534360,534480
66508898,삼성전자 무빙스타일 M5 S32DM503 이동형 패키지 (삼성 무빙(선반)),547200,547200,547200,547200,548340,548340,548340,548340
100384508,삼성전자 무빙스타일 M5 S32DM503 이동형 패키지 (삼성 무빙(선반)+하만카돈 스피커),695300,695300,695300,695300,695300,695300,695300,695300
48645485,삼성전자 무빙스타일 M5 S32DM503 이동형 패키지 (삼성 무빙),429000,429000,429000,429000,429000,423010,423010,423290
72590417,삼성전자 무빙스타일 M5 S32DM503 이동형 패키지 (원더스탠드),429000,429000,429000,429000,429000,429000,429000,429000
93698537,삼성전자 무빙스타일 M7 LS32FM702 이동형 패키지 (삼성 무빙 라이트),611070,611070,611070,611070,611070,611070,611070,611070
93698579,삼성전자 무빙스타일 M7 LS32FM702 이동형 패키지 (삼성 무빙 스탠다드),749000,749000,749000,749000,749000,749000,749000,749000
93698396,삼성전자 무빙스타일 M7 LS32FM703 이동형 패키지 (삼성 무빙 라이트),744710,744710,744710,744710,744710,739340,739340,739340
93698426,삼성전자 무빙스타일 M7 LS32FM703 이동형 패키지 (삼성 무빙 스탠다드),774160,774160,774160,774160,774160,768580,768580,768580
93697793,삼성전자 무빙스타일 M7 LS32FM703 이동형 패키지 (삼성 무빙),1595990,1595990,1595990,1595990,1595990,1595990,1595990,1595990
99739844,삼성전자 무빙스타일 M7 LS43FM701 이동형 패키지 (삼성 무빙 스탠다드),995000,995000,995000,995000,995000,995000,995000,995000
93631037,삼성전자 무빙스타일 M7 LS43FM701 이동형 패키지 (큐소닉 스마트 무빙 400),817700,817700,817700,817700,817700,805670,805670,805670
93698126,삼성전자 무빙스타일 M7 LS43FM702 이동형 패키지 (삼성 무빙 라이트),741350,741350,741350,741350,741350,741350,741350,741350
93698009,삼성전자 무빙스타일 M7 LS43FM702 이동형 패키지 (삼성 무빙 스탠다드),911490,911490,911490,911490,911500,904930,904930,904930
93698297,삼성전자 무빙스타일 M7 LS43FM703 이동형 패키지 (삼성 무빙 라이트),862390,862390,862390,862390,861750,856180,856180,856180
93698219,삼성전자 무빙스타일 M7 LS43FM703 이동형 패키지 (삼성 무빙 스탠다드),911490,911490,911490,911490,911490,904930,904930,904930
42946112,삼성전자 무빙스타일 M7 M70B S32BM703 이동형 패키지 (삼성 무빙),669000,669000,669000,669000,669000,669000,669000,669000
98488856,삼성전자 무빙스타일 M7 M70F LS43FM700 (큐소닉 스마트 무빙 400),849000,849000,849000,849000,849000,849000,849000,849000
52157774,삼성전자 무빙스타일 M7 S32BM700 이동형 패키지 (카멜마운트 SMB32),609000,609000,609000,609000,608990,608990,608990,608990
68687114,삼성전자 무빙스타일 M7 S32BM701 이동형 패키지 (카멜마운트 SMB32),618990,618990,618990,618990,618990,618990,618990,618990
75939485,삼성전자 무빙스타일 M7 S32BM701 이동형 패키지 (카멜마운트 SMB35),629000,629000,629000,629000,629000,629000,629000,629000
91559084,삼성전자 무빙스타일 M7 S32DM700 이동형 패키지 (스마트마운트 무탠바이미),997000,997000,997000,997000,997000,997000,997000,997000
67682639,삼성전자 무빙스타일 M7 S32DM701 이동형 패키지 (다크플래쉬 BM-02),678990,678990,678990,678990,678990,678990,678990,679000
91559033,삼성전자 무빙스타일 M7 S32DM701 이동형 패키지 (스마트마운트 무탠바이미),999000,999000,999000,999000,999000,999000,999000,999000
71778971,삼성전자 무빙스타일 M7 S32DM702 이동형 패키지 (삼성 무빙(선반)),635967,635967,635967,635967,639680,629020,629020,629020
98544944,삼성전자 무빙스타일 M7 S32DM702 이동형 패키지 (삼성 무빙(선반)+하만카돈 스피커),793535,793535,793535,793535,800790,784860,784860,784860
48645497,삼성전자 무빙스타일 M7 S32DM702 이동형 패키지 (삼성 무빙),691900,691900,691900,691900,691900,721900,691900,691900
58666391,삼성전자 무빙스타일 M7 S32DM703 이동형 패키지 (삼성 무빙(선반)),817919,817919,817919,817919,825400,808980,808980,808980
74117687,삼성전자 무빙스타일 M7 S32DM703 이동형 패키지 (삼성 무빙(선반)+하만카돈 스피커),854200,854200,854200,854200,854200,854200,854200,854200
48645503,삼성전자 무빙스타일 M7 S32DM703 이동형 패키지 (삼성 무빙),648900,648900,648900,648900,648900,648900,648900,648900
92146589,삼성전자 무빙스타일 M7 S32DM703 이동형 패키지 (엔산 NTSL-43C),630000,630000,630000,648000,638000,648000,648000,648000
95001047,삼성전자 무빙스타일 M7 S32FM701 이동형 패키지 (다크플래쉬 BM-02),655290,655290,655290,655290,655290,655290,655290,655290
96422591,삼성전자 무빙스타일 M7 S32FM701 이동형 패키지 (삼성 무빙 스탠다드),758490,758270,758360,758460,755660,754680,748800,748800
99912020,삼성전자 무빙스타일 M7 S32FM701 이동형 패키지 (엔산 NTSL-43C),630000,630000,630000,648000,638000,648000,648000,648000
98781524,삼성전자 무빙스타일 M7 S32FM701 이동형 패키지 (카멜마운트 SMB32),629000,629000,629000,629000,629000,629000,629000,629000
42946055,삼성전자 무빙스타일 M7 S43BM701 이동형 패키지 (큐소닉 스마트 무빙 200),849000,849000,849000,849000,849000,849000,849000,849000
48643304,삼성전자 무빙스타일 M7 S43DM700 이동형 패키지 (큐소닉 스마트 무빙 200),750000,750000,750000,750000,750000,750000,750000,750000
91869362,삼성전자 무빙스타일 M7 S43DM700 이동형 패키지 (큐소닉 스마트 무빙 400),838990,838990,838990,838990,838990,838990,838990,838990
48643280,삼성전자 무빙스타일 M7 S43DM701 이동형 패키지 (큐소닉 스마트 무빙 400),834950,835070,835180,835260,835300,835360,835360,835460
72590648,삼성전자 무빙스타일 M7 S43DM702 이동형 패키지 (삼성 무빙(선반)),954519,954519,954519,954519,963250,944080,944080,944080
48645527,삼성전자 무빙스타일 M7 S43DM702 이동형 패키지 (삼성 무빙),822700,822700,822700,822700,822700,822700,822700,822700
71638169,삼성전자 무빙스타일 M7 S43DM703 이동형 패키지 (삼성 무빙(선반)),888500,888500,888500,888500,888500,888500,888500,888500
58666397,삼성전자 무빙스타일 M8 S32DM803 이동형 패키지 (삼성 무빙(선반)),6636670,6636670,6636670,6636670,6636670,6666670,6466670,6466670
77704037,삼성전자 무빙스타일 M8 S32DM803 이동형 패키지 (삼성 무빙(선반)+하만카돈 스피커),1149040,1149040,1149040,1149040,1138000,1134910,1134910,1134910
52067711,삼성전자 무빙스타일 M8 S32DM803 이동형 패키지 (삼성 무빙),1013200,1013200,1013200,1013200,1013200,1043200,1013200,1013200
123961899,삼성전자 무빙스타일 M8 S32FM803 이동형 패키지 (삼성 무빙 스탠다드),1050000,1050000,1050000,1050000,1050000,1050000,1050000,1050000
94636115,삼성전자 무빙스타일 M8 S32FM803 이동형 패키지 (삼성 무빙),1050000,1050000,1050000,1050000,1050000,1050000,1050000,1050000
77786051,삼성전자 올레드 KQ42SF90AEXKR (벽걸이),1677200,1677200,1677200,1677200,1668380,1668380,1668380,1668380
77785775,삼성전자 올레드 KQ42SF90AEXKR (스탠드),1568000,1568000,1519960,1550060,1550170,1550270,1550370,1550490
96058073,삼성전자 올레드 KQ42SF90AEXKR 이동형 패키지 (삼성 무빙 라이트),1836790,1836790,1836790,1836790,1836790,1826550,1826550,1826550
96058103,삼성전자 올레드 KQ42SF90AEXKR 이동형 패키지 (삼성 무빙 스탠다드),1987420,1987420,1987420,1987420,1987420,1975980,1975980,1975980
79578626,삼성전자 올레드 KQ42SF90AEXKR 이동형 패키지 (삼성 무빙(선반)),1921100,1921100,1921100,1921100,1921100,1921100,1921100,1921100
79552208,삼성전자 올레드 KQ42SF90AEXKR 이동형 패키지 (삼성 무빙),1780260,1780260,1780260,1780260,1788570,1752980,1752980,1752980
96363446,삼성전자 올레드 KQ42SF90AEXKR 이동형 패키지 + 뮤직 프레임 HW-LS60D (삼성 무빙(선반)+스피커),2003440,2003440,2003440,2003440,1984730,1971520,1971520,1971520
98766215,삼성전자 올레드 KQ42SF9EAEXKR (벽걸이),1990000,1990000,1990000,1990000,1990000,1520000,1520000,1520000
98766203,삼성전자 올레드 KQ42SF9EAEXKR (스탠드),1190000,1190000,1190000,1190000,1190000,1190000,1190000,1190000
97224584,삼성전자 올레드 KQ42SF9EAEXKR 이동형 패키지 (삼성 무빙 라이트),1898100,1898100,1898100,1898100,1898100,1898100,1898100,1898100
99732311,삼성전자 올레드 KQ42SF9EAEXKR 이동형 패키지 (삼성 무빙 스탠다드),2299980,2299980,2299980,2299980,2299980,2299980,2299980,2299980
122637376,삼성전자 올레드 KQ42SH90AEXKR (벽걸이),1642300,1642300,1642300,1642300,1642300,1642300,1642300,1642300
122637355,삼성전자 올레드 KQ42SH90AEXKR (스탠드),1565000,1565000,1565000,1565000,1565000,1565000,1565000,1565000
122665965,삼성전자 올레드 KQ42SH90AEXKR 이동형 패키지 (삼성 무빙 라이트),1954370,1954370,1954370,1954370,1954370,1940280,1940280,1940280
122665940,삼성전자 올레드 KQ42SH90AEXKR 이동형 패키지 (삼성 무빙 스탠다드),2003480,2003480,2003480,2003480,2003480,1989040,1989040,1989040
44905301,삼성전자 올레드 KQ48SD90AEXKR (벽걸이),1367390,1367390,1367390,1367390,1367390,1367390,1367390,1367390
44905265,삼성전자 올레드 KQ48SD90AEXKR (스탠드),1292340,1292340,1292340,1292340,1292340,1292340,1292340,1292340
77786066,삼성전자 올레드 KQ48SF90AEXKR (벽걸이),1685600,1685600,1685600,1719990,1719990,1719990,1719990,1719990
77785811,삼성전자 올레드 KQ48SF90AEXKR (스탠드),1568000,1568000,1568000,1599990,1599990,1599990,1599990,1599990
95283341,삼성전자 올레드 KQ48SF90AEXKR 이동형 패키지 (삼성 무빙 라이트),2079050,2079050,2079050,2079050,2079050,2066670,2066670,2066670
96058169,삼성전자 올레드 KQ48SF90AEXKR 이동형 패키지 (삼성 무빙 스탠다드),2257060,2257060,2257060,2257060,2257060,2243420,2243420,2243420
97304558,삼성전자 올레드 KQ48SF9EAEXKR (벽걸이),2268460,2268600,2268660,2268720,2268800,2268970,2269060,2269180
97304552,삼성전자 올레드 KQ48SF9EAEXKR (스탠드),1497170,1497290,1497400,1497500,1497610,1497720,1497830,1497950
97304603,삼성전자 올레드 KQ48SF9EAEXKR 이동형 패키지 (삼성 무빙 라이트),2447710,2447830,2447860,2447920,2447960,2448010,2448110,2448140
122632012,삼성전자 올레드 KQ48SH85AEXKR (벽걸이),1455850,1455850,1455850,1455850,1455850,1445350,1445350,1445350
122631997,삼성전자 올레드 KQ48SH85AEXKR (스탠드),1358140,1358140,1358140,1358140,1358140,1348350,1358130,1357860
122665866,삼성전자 올레드 KQ48SH85AEXKR 이동형 패키지 (삼성 무빙 라이트),1593600,1593600,1593600,1593600,1622400,1622400,1622400,1622400
122665880,삼성전자 올레드 KQ48SH85AEXKR 이동형 패키지 (삼성 무빙 스탠다드),1754760,1754760,1754760,1754760,1745240,1745240,1745240,1745250
122637347,삼성전자 올레드 KQ48SH90AEXKR (벽걸이),2254800,2254800,2254800,2254800,2254800,2238550,2238550,2238550
122637321,삼성전자 올레드 KQ48SH90AEXKR (스탠드),2148010,2148010,2148010,2148010,2148010,2148010,2148010,2148010
122666022,삼성전자 올레드 KQ48SH90AEXKR 이동형 패키지 (삼성 무빙 라이트),2306280,2306280,2306280,2306280,2306280,2289660,2289660,2289660
122666039,삼성전자 올레드 KQ48SH90AEXKR 이동형 패키지 (삼성 무빙 스탠다드),2357760,2357760,2357760,2357760,2357760,2340770,2340770,2340770
44407607,삼성전자 올레드 KQ55SD90AFXKR (무타공 벽걸이),3290600,3290600,3290600,3290600,3290600,3290600,3320600,3320600
38451017,삼성전자 올레드 KQ55SD90AFXKR (벽걸이),1939340,1939340,1939340,1978900,1978900,1978900,1978900,1978900
38450945,삼성전자 올레드 KQ55SD90AFXKR (스탠드),1939340,1939340,1939340,1978900,1978900,1978900,1978900,1978900
40716863,삼성전자 올레드 KQ55SD95AFXKR (벽걸이),3468200,3468200,3468200,3468200,3468200,3431450,3431450,3375270
40716923,삼성전자 올레드 KQ55SD95AFXKR (스탠드),3385520,3385520,3385520,3385520,3385510,3329850,3329850,3273660
75988433,삼성전자 올레드 KQ55SF85AEXKR (벽걸이),1708230,1708230,1708230,1708230,1708230,1708230,1708230,1708230
75988430,삼성전자 올레드 KQ55SF85AEXKR (스탠드),1508300,1508300,1508300,1508300,1508300,1508300,1508300,1508300
96059591,삼성전자 올레드 KQ55SF85AEXKR 이동형 패키지 (삼성 무빙 라이트),1596940,1596940,1596940,1596940,1596940,1596940,1596940,1596940
96059594,삼성전자 올레드 KQ55SF85AEXKR 이동형 패키지 (삼성 무빙 스탠다드),1653940,1653940,1653940,1653940,1653940,1653940,1653940,1653940
98918510,삼성전자 올레드 KQ55SF8EAEXKR (벽걸이),1470000,1470000,1470000,1499990,1499990,1499990,1499990,1499990
98918504,삼성전자 올레드 KQ55SF8EAEXKR (스탠드),1244090,1244090,1244090,1244090,1244090,1244090,1244090,1244090
99732284,삼성전자 올레드 KQ55SF8EAEXKR 이동형 패키지 (삼성 무빙 라이트),1699990,1699990,1699990,1699990,1699990,1699990,1699990,1699990
77709080,삼성전자 올레드 KQ55SF90AFXKR (벽걸이),2107340,2107340,2107340,2107340,2107340,2107340,2107340,2107340
77623796,삼성전자 올레드 KQ55SF90AFXKR (스탠드),2099150,2099150,2099150,2141980,2141980,2141980,2141980,2141980
122631989,삼성전자 올레드 KQ55SH85AEXKR (벽걸이),1553560,1553560,1553560,1553560,1553560,1542350,1542350,1542350
122631981,삼성전자 올레드 KQ55SH85AEXKR (스탠드),1455850,1455850,1455850,1455850,1455850,1455850,1455850,1455850
122671158,삼성전자 올레드 KQ55SH85AEXKR 이동형 패키지 (삼성 무빙 라이트),2101700,2101700,2101700,2101700,2101700,2091710,2091710,2091710
122671180,삼성전자 올레드 KQ55SH85AEXKR 이동형 패키지 (삼성 무빙 스탠다드),2150810,2150810,2150810,2150810,2150810,2135320,2140820,2140820
122637306,삼성전자 올레드 KQ55SH90AFXKR (벽걸이),2530630,2530630,2530630,2530630,2515780,2515780,2515780,2515780
122637286,삼성전자 올레드 KQ55SH90AFXKR (스탠드),2432920,2432920,2432920,2432920,2432920,2432920,2432920,2432920
122629747,삼성전자 올레드 KQ55SH95AFXKR (벽걸이),3053090,3053090,3053090,3053090,3053090,3053090,3053090,3053090
122629736,삼성전자 올레드 KQ55SH95AFXKR (스탠드),2950990,2950990,2950990,2950990,2950990,2950990,2950990,2950990
73562993,"삼성전자 올레드 KQ65SC9SAFXKR (벽걸이+사운드바, HW-Q600C)",2899990,2899990,2899990,2899990,2899990,2899990,2899990,2899990
29393717,삼성전자 올레드 KQ65SC9SAFXKR (스탠드),2490000,2490000,2490000,2490000,2490000,2490000,2490000,2490000
55366571,"삼성전자 올레드 KQ65SC9SAFXKR (스탠드+사운드바, HW-Q600C)",2899990,2899990,2899990,2899990,2899990,2899990,2899990,2899990
29393828,삼성전자 올레드 KQ65SC9SAFXKR (풀모션 슬림핏 벽걸이),2590000,2590000,2590000,2590000,2590000,2590000,2590000,2590000
38451203,삼성전자 올레드 KQ65SD90AFXKR (벽걸이),2902340,2902340,2902340,2902340,2940220,2851710,2851710,2851710
73697231,"삼성전자 올레드 KQ65SD90AFXKR (벽걸이+사운드바, HW-Q800D)",4271800,4271800,4271800,4271800,4271800,4271800,4271800,4271800
38451065,삼성전자 올레드 KQ65SD90AFXKR (스탠드),2798550,2798550,2798550,2798550,2798540,2750080,2750080,2750080
38704247,"삼성전자 올레드 KQ65SD90AFXKR (스탠드+사운드바, HW-Q800D)",4158200,4158200,4158200,4158200,4158200,4158200,4158200,4158200
38921336,삼성전자 올레드 KQ65SD95AFXKR (벽걸이),5152850,5152850,5152850,5152850,5152840,5060380,5060380,5004190
38903870,삼성전자 올레드 KQ65SD95AFXKR (스탠드),5048750,5048750,5048750,5048750,5048740,4958450,4958450,4902270
77789306,삼성전자 올레드 KQ65SF85AEXKR (벽걸이),2497990,2497990,2497990,2497990,2497990,2497990,2497990,2497990
94095329,"삼성전자 올레드 KQ65SF85AEXKR (벽걸이+사운드바, HW-QS700F)",3481040,3481040,3481040,3481040,3481040,3457730,3457730,3457730
77789177,삼성전자 올레드 KQ65SF85AEXKR (스탠드),2379990,2379990,2379990,2379990,2379990,2379990,2379990,2379990
77789399,"삼성전자 올레드 KQ65SF85AEXKR (스탠드+사운드바, HW-QS700F)",3382200,3382200,3382200,3382200,3382200,3359560,3359560,3359560
98542994,삼성전자 올레드 KQ65SF8EAEXKR (벽걸이),1998000,1998000,1998000,1998000,1998000,1998000,1998000,1998000
98542988,삼성전자 올레드 KQ65SF8EAEXKR (스탠드),1898000,1898000,1898000,1897330,1897370,1897410,1897500,1897620
77709086,삼성전자 올레드 KQ65SF90AFXKR (벽걸이),3211380,3211380,3211380,3211380,3211380,3211380,3211380,3211380
77623823,삼성전자 올레드 KQ65SF90AFXKR (스탠드),3060490,3060490,3060490,3060490,3060490,3060490,3060490,3060490
77785541,삼성전자 올레드 KQ65SF95AFXKR (스탠드),3951990,3951990,3951990,3951990,3135290,3135290,3135290,3135290
122631945,삼성전자 올레드 KQ65SH85AEXKR (벽걸이),2237510,2237510,2237510,2237510,2237510,2221380,2221380,2221380
122641498,"삼성전자 올레드 KQ65SH85AEXKR (벽걸이+사운드바, HW-B650F)",2347150,2347150,2347150,2347150,2347150,2330240,2330240,2330240
122631927,삼성전자 올레드 KQ65SH85AEXKR (스탠드),2139800,2139800,2139800,2139800,2139800,2129800,2129800,2129810
122641495,"삼성전자 올레드 KQ65SH85AEXKR (스탠드+사운드바, HW-B650F)",2249030,2249030,2249030,2249030,2249030,2232830,2232830,2232830
122637276,삼성전자 올레드 KQ65SH90AFXKR (벽걸이),3700630,3700750,3700860,3700960,3701000,3701080,3701190,3701310
122641792,"삼성전자 올레드 KQ65SH90AFXKR (벽걸이+스피커, HW-LS50H)",4040600,4040600,4040600,4040600,4040600,4040600,4040600,4040600
122637275,삼성전자 올레드 KQ65SH90AFXKR (스탠드),3389990,3389990,3389990,3254400,3254400,3254400,3254400,3254400
122641789,"삼성전자 올레드 KQ65SH90AFXKR (스탠드+스피커, HW-LS50H)",3927200,3927200,3927200,3927200,3927200,3931200,3927200,3927200
122635123,"삼성전자 올레드 KQ65SH93AEXKR (벽걸이+스피커, HW-LS50H)",4097300,4097300,4097300,4097300,4097300,4097300,4097300,4097300
122629715,삼성전자 올레드 KQ65SH95AFXKR (벽걸이),3812010,3812010,3812010,3889790,3870430,3870430,3870430,3870430
122635158,"삼성전자 올레드 KQ65SH95AFXKR (벽걸이+스피커, HW-LS50H)",4758400,4758400,4758400,4758400,4758400,4758400,4758400,4758400
122629682,삼성전자 올레드 KQ65SH95AFXKR (스탠드),3723220,3723220,3723220,3799190,3780830,3790820,3777890,3777890
122635156,"삼성전자 올레드 KQ65SH95AFXKR (스탠드+스피커, HW-LS50H)",4650600,4650600,4650600,4650600,4650600,4650600,4650600,4650600
66314579,"삼성전자 올레드 KQ77SC9SAFXKR (벽걸이+사운드바, HW-Q600C)",4599990,4599990,4599990,4599990,4599990,4599990,4599990,4599990
29393903,삼성전자 올레드 KQ77SC9SAFXKR (스탠드),4599990,4599990,4599990,4599990,4599990,4599990,4599990,4599990
55366172,"삼성전자 올레드 KQ77SC9SAFXKR (스탠드+사운드바, HW-Q600C)",4599990,4599990,4599990,4599990,4599990,4599990,4599990,4599990
29393963,삼성전자 올레드 KQ77SC9SAFXKR (풀모션 슬림핏 벽걸이),3505460,3505460,3505460,3576990,3576990,3576990,3576990,3576990
46308869,삼성전자 올레드 KQ77SD85AEXKR (벽걸이),5188430,5188430,5188430,5188430,5209970,5090200,5090200,5060140
46308857,삼성전자 올레드 KQ77SD85AEXKR (스탠드),4240000,4240000,4240000,4240000,4240000,4240000,4240000,4240000
38450813,삼성전자 올레드 KQ77SD90AFXKR (벽걸이),3724000,3724000,3724000,3799990,3799990,3799990,3799990,3799990
74804501,"삼성전자 올레드 KQ77SD90AFXKR (벽걸이+사운드바, HW-Q800D)",8817500,8817500,8817500,8817500,8817500,8847500,8817500,8817500
35998871,삼성전자 올레드 KQ77SD90AFXKR (스탠드),3699990,3699990,3699990,3699990,3699990,3699990,3699990,3699990
38704256,"삼성전자 올레드 KQ77SD90AFXKR (스탠드+사운드바, HW-Q800D)",6174990,6174990,6174990,6174990,6174990,6174990,6174990,6174990
38926736,삼성전자 올레드 KQ77SD95AFXKR (벽걸이),5585940,5585940,5585940,5699920,5699920,5699920,5699920,5699920
38912696,삼성전자 올레드 KQ77SD95AFXKR (스탠드),5292000,5292000,5292000,5399990,5399990,5399990,5399990,5399990
77789294,삼성전자 올레드 KQ77SF85AEXKR (벽걸이),3596600,3596600,3596600,3669870,3669960,3089990,3089990,3089990
90644804,"삼성전자 올레드 KQ77SF85AEXKR (벽걸이+사운드바, HW-Q800F)",5276630,5276630,5276630,5276630,5276630,5239730,5239730,5239730
77789204,삼성전자 올레드 KQ77SF85AEXKR (스탠드),3548990,3548990,3548990,3548990,3548990,2989990,2989990,2989990
77789354,"삼성전자 올레드 KQ77SF85AEXKR (스탠드+사운드바, HW-Q800F)",5341130,5341130,5341130,5341130,5400210,5239730,5239730,5239730
98483498,삼성전자 올레드 KQ77SF8EAEXKR (벽걸이),3989990,3989990,3989990,3989990,3989990,3090000,3090000,3090000
98483489,삼성전자 올레드 KQ77SF8EAEXKR (스탠드),3454100,3454100,3454100,3454100,3454100,2990000,2990000,2990000
99743777,삼성전자 올레드 KQ77SF90AEXKR (벽걸이),5918500,5918500,5918500,5918500,5918500,5918500,5918500,5918500
90698051,"삼성전자 올레드 KQ77SF90AEXKR (벽걸이+사운드바, HW-Q800F)",6107120,6107120,6107120,6107120,6107110,5994790,5994790,5938610
90698027,삼성전자 올레드 KQ77SF90AEXKR (스탠드),5785500,5785500,5785500,5785500,5785500,5785500,5785500,5785500
90698042,"삼성전자 올레드 KQ77SF90AEXKR (스탠드+사운드바, HW-Q800F)",6006000,6006000,6006000,6006000,6005990,5895770,5895770,5839580
77709065,삼성전자 올레드 KQ77SF90AFXKR (벽걸이),4508110,4508230,4508260,4508320,4508420,4508490,4508590,4508710
90645041,"삼성전자 올레드 KQ77SF90AFXKR (벽걸이+사운드바, HW-Q800F)",5974700,5974700,5974700,5974700,5974700,5932710,5932710,5932710
77623742,삼성전자 올레드 KQ77SF90AFXKR (스탠드),4737260,4737380,4737410,4737480,4737570,4737650,4737760,4737880
77786879,"삼성전자 올레드 KQ77SF90AFXKR (스탠드+사운드바, HW-Q800F)",5874830,5874830,5874830,5874830,5874830,5833650,5833650,5833650
77785658,삼성전자 올레드 KQ77SF95AFXKR (벽걸이),7125700,7125820,7125850,7125910,7125950,7126000,7126100,7126220
77785565,삼성전자 올레드 KQ77SF95AFXKR (스탠드),6370000,6370000,6370000,6499910,6499950,6045000,4960000,4960000
122631913,삼성전자 올레드 KQ77SH85AEXKR (벽걸이),3900890,3900890,3900890,3980490,3980490,3980490,3980490,3980490
122641545,"삼성전자 올레드 KQ77SH85AEXKR (벽걸이+사운드바, HW-B650F)",4065850,4065850,4065850,4065850,4065850,4036550,4036550,4036540
122631905,삼성전자 올레드 KQ77SH85AEXKR (스탠드),3589990,3589990,3589990,3589990,3589990,3589990,3589990,3589990
122641539,"삼성전자 올레드 KQ77SH85AEXKR (스탠드+사운드바, HW-B650F)",3967620,3967620,3967620,3967620,3967620,3939030,3939030,3939030
122637269,삼성전자 올레드 KQ77SH90AFXKR (벽걸이),5600000,5600000,5600000,5600000,5600000,5600000,5600000,5600000
122641806,"삼성전자 올레드 KQ77SH90AFXKR (벽걸이+스피커, HW-LS70H)",5832620,5832620,5832620,5832620,5832620,5832620,5832620,5832620
122637268,삼성전자 올레드 KQ77SH90AFXKR (스탠드),5499990,5499990,5499990,5499990,5499990,5499990,5499990,5499990
122641805,"삼성전자 올레드 KQ77SH90AFXKR (스탠드+스피커, HW-LS70H)",5733770,5733770,5733770,5733770,5700070,5692450,5692450,5692450
122635204,"삼성전자 올레드 KQ77SH93AEXKR (벽걸이+스피커, HW-LS70H)",6295900,6295900,6295900,6295900,6295900,6295900,6295900,6295900
122635199,"삼성전자 올레드 KQ77SH93AEXKR (스탠드+스피커, HW-LS70H)",6194500,6194500,6194500,6194500,6194500,6194500,6194500,6194500
122629666,삼성전자 올레드 KQ77SH95AFXKR (벽걸이),5855800,5855800,5855800,5975290,5975290,5975290,5975290,5975290
122635408,"삼성전자 올레드 KQ77SH95AFXKR (벽걸이+무빙스타일+스피커, HW-LS70H)",7747540,7747540,7747540,7747540,7747540,7691700,7691700,7691700
122629632,삼성전자 올레드 KQ77SH95AFXKR (스탠드),5766860,5766860,5766860,5816370,5816370,5816370,5816370,5816370
122635405,"삼성전자 올레드 KQ77SH95AFXKR (스탠드+무빙스타일+스피커, HW-LS70H)",7649420,7649420,7649420,7649420,7649420,7594290,7594290,7594290
46309547,삼성전자 올레드 KQ83SD85AEXKR (벽걸이),6572950,6572950,6572950,6572950,6572950,6525810,6525810,6525810
46309541,삼성전자 올레드 KQ83SD85AEXKR (스탠드),6553550,6553550,6553550,6553550,6607560,6426920,6426920,6426920
44905391,삼성전자 올레드 KQ83SD90AEXKR (벽걸이),7589990,7589990,7589990,7589990,7589990,7589990,7589990,7589990
44905373,삼성전자 올레드 KQ83SD90AEXKR (스탠드),7399980,7399980,7399980,7399980,7399980,7399980,7399980,7399980
77789282,삼성전자 올레드 KQ83SF85AEXKR (벽걸이),4966300,4966300,4966300,4966300,4966300,4966300,4966300,4966300
77789228,삼성전자 올레드 KQ83SF85AEXKR (스탠드),4966300,4966300,4966300,4966300,4966300,4966300,4966300,4966300
98542982,삼성전자 올레드 KQ83SF8EBEXKR (벽걸이),6935000,6935000,6935000,6935000,6935000,6935000,6935000,6935000
98483603,삼성전자 올레드 KQ83SF8EBEXKR (스탠드),4975450,4975450,4975450,4975450,4975450,4975450,4975450,4666580
77709092,삼성전자 올레드 KQ83SF90AEXKR (벽걸이),6592050,6592050,6592050,6592050,6592050,6592050,6592050,6592050
77623862,삼성전자 올레드 KQ83SF90AEXKR (스탠드),4950000,4950000,4950000,4950000,4950000,4950000,3958720,3958720
77785670,삼성전자 올레드 KQ83SF95AEXKR (벽걸이),9249390,9249390,9249390,9249390,9249390,9097280,9097280,9097280
77785574,삼성전자 올레드 KQ83SF95AEXKR (스탠드),9219840,9219840,9219840,9219840,9219840,9219840,9219840,9219840
122631900,삼성전자 올레드 KQ83SH85AEXKR (벽걸이),5764850,5764850,5764850,5882490,5882490,5882490,5882490,5882490
122641563,"삼성전자 올레드 KQ83SH85AEXKR (벽걸이+사운드바, HW-B650F)",6324550,6324550,6324550,6324550,6324550,6278980,6278980,6278970
122631871,삼성전자 올레드 KQ83SH85AEXKR (스탠드),5675970,5675970,5675970,5699990,5699990,5699990,5699990,5699990
122641561,"삼성전자 올레드 KQ83SH85AEXKR (스탠드+사운드바, HW-B650F)",6226330,6226330,6226330,6226330,6226330,6181450,6181450,6181450
122637265,삼성전자 올레드 KQ83SH90AEXKR (벽걸이),6998820,6998820,6998820,6998820,6957660,6948390,6948390,6948390
122637258,삼성전자 올레드 KQ83SH90AEXKR (스탠드),6699990,6699990,6699990,6699990,6699990,6699990,6699990,6699990
122629823,삼성전자 올레드 KQ83SH93AEXKR (벽걸이),7239600,7239600,7239600,7239600,7239600,7239600,7239600,7239600
122629764,삼성전자 올레드 KQ83SH93AEXKR (스탠드),7137400,7137400,7137400,7137400,7137400,7137400,7137400,7137400
122629617,삼성전자 올레드 KQ83SH95AEXKR (벽걸이),7709020,7709020,7709020,7709020,7653470,7653470,7653470,7653470
122641714,"삼성전자 올레드 KQ83SH95AEXKR (벽걸이+사운드바, HW-Q990F)",9304100,9304100,9304100,9304100,9304100,9334100,9304100,9304100
122629531,삼성전자 올레드 KQ83SH95AEXKR (스탠드),7508660,7508780,7508890,7508930,7508990,7362470,7362470,7362470
37925813,삼성전자 호텔TV HG43CU700NFXKR (벽걸이),598990,598990,598990,598990,598990,598990,598990,598990
37279460,삼성전자 호텔TV HG43CU700NFXKR (스탠드),512890,512890,512890,512890,512890,512890,512890,512900
103408151,삼성전자 호텔TV HG43U700FNFXKR (벽걸이),605460,605460,605460,595960,602630,602630,602630,602630
102553277,삼성전자 호텔TV HG43U700FNFXKR (스탠드),502720,502720,502720,502720,502720,489870,493870,493870
37925819,삼성전자 호텔TV HG50CU700NFXKR (벽걸이),658990,658990,658990,658990,658990,658990,658990,658990
37279451,삼성전자 호텔TV HG50CU700NFXKR (스탠드),594260,594260,594260,594260,594260,594260,594260,594260
103408139,삼성전자 호텔TV HG50U700FNFXKR (벽걸이),661760,661760,661760,672310,672310,672310,672310,661760
102553229,삼성전자 호텔TV HG50U700FNFXKR (스탠드),605350,605350,605350,605350,605350,605350,605350,605350
37925822,삼성전자 호텔TV HG55CU700NFXKR (벽걸이),788990,788990,788990,788990,788990,788990,788990,788990
37279439,삼성전자 호텔TV HG55CU700NFXKR (스탠드),681900,681900,681900,681900,681900,681900,681900,681900
103408121,삼성전자 호텔TV HG55U700FNFXKR (벽걸이),770800,770800,770800,770800,770800,770800,770800,770800
102552896,삼성전자 호텔TV HG55U700FNFXKR (스탠드),670580,670580,670580,670580,670580,645630,655630,655630
70156970,삼성전자 호텔TV HG65CU700NFXKR (벽걸이),959000,959000,959000,959000,959000,959000,959000,959000
70156946,삼성전자 호텔TV HG65CU700NFXKR (스탠드),899000,899000,899000,899000,899000,899000,899000,899000
103413464,삼성전자 호텔TV HG65U700FNFXKR (벽걸이),962560,962560,962560,962560,962560,962560,962560,962560
103408202,삼성전자 호텔TV HG65U700FNFXKR (스탠드),892010,892010,892010,892010,892010,892010,892010,892010
37925828,삼성전자 호텔TV HG75CU700NFXKR (벽걸이),1467990,1467990,1467990,1467990,1467990,1396420,1406420,1403690
37279424,삼성전자 호텔TV HG75CU700NFXKR (스탠드),1199000,1199000,1199000,1199000,1199000,1199000,1199000,1199000
103413683,삼성전자 호텔TV HG75U700FNFXKR (벽걸이),1708100,1708100,1708100,1708100,1708100,1708100,1708100,1708100
103413662,삼성전자 호텔TV HG75U700FNFXKR (스탠드),1411990,1411990,1411990,1411990,1411990,1411990,1411990,1411990
102355859,샤오미 L85MA-MAXEA (벽걸이),1858910,1858910,1858910,1858910,1858910,1858910,1858910,1858900
99325985,샤오미 L85MA-MAXEA (스탠드),1715870,1715870,1715870,1715870,1715870,1715870,1715870,1715870
74484800,샤오미 Mi TV A PRO 75 2025 (스탠드),956050,956050,956050,956050,956050,929060,929060,929060
74484875,샤오미 Mi TV A Pro 43 2025 (스탠드),615960,615960,615960,482720,482720,482720,482720,482720
74484842,샤오미 Mi TV A Pro 55 2025 (스탠드),520600,520600,520600,520600,520600,538000,509640,509640
74484734,샤오미 Mi TV A Pro 65 2025 (스탠드),699000,699000,699000,699000,699000,650070,650070,650070
75374906,샤오미 S MINI LED 75 2025 (벽걸이),1772510,1772510,1772510,1772510,1772510,1772510,1772510,1772510
75374897,샤오미 S MINI LED 75 2025 (스탠드),1587360,1587360,1587360,1587360,1587360,1587360,1587360,1587360
65426801,샤오미 스마트 TV 맥스 86인치 (벽걸이),1858910,1858910,1858910,1858910,1858910,1858910,1858910,1858900
64377782,샤오미 스마트 TV 맥스 86인치 (스탠드),1225500,1225500,1225500,1225500,1225500,1290000,1290000,1290000
16670633,센티오 STO-50UHD (스탠드),338530,338530,338530,338530,338530,338530,338530,338530
124247982,스카이뷰 32인치 FHD QLED 화이트에디션 이동형 패키지,229000,229000,229000,229000,229000,229000,229000,229000
124183096,스카이뷰 32인치 HD QLED 화이트에디션 이동형 패키지,199000,199000,199000,199000,199000,199000,199000,199000
124236883,스카이뷰 43인치 4K UHD QLED 이동형 패키지,329000,329000,329000,329000,329000,329000,329000,329000
124153508,스카이뷰 43인치 FHD QLED 이동형 패키지,289000,289000,289000,289000,289000,289000,289000,289000
101076737,스카이뷰 DS9801C (스탠드),2129690,2129690,2129690,2129690,2129690,2129690,2129690,2129690
123972871,스카이뷰 KKZ4302FH (스탠드),209000,209000,209000,209000,209000,209000,209000,209000
124247798,스카이뷰 S4002DU (스탠드),187260,187380,187490,187570,187610,187660,187760,187880
100694867,스카이뷰 SG430FHD (벽걸이),212430,212430,212430,212430,212430,212430,212430,212430
100694861,스카이뷰 SG430FHD (스탠드),203670,203670,203670,203660,203660,203660,203660,203660
122653758,스타인즈 KKZ3200SUH (스탠드),239000,239000,239000,239000,239000,239000,239000,239000
122658862,스타인즈 KKZ3200SUH 이동형 패키지,227050,227050,227050,227050,227050,227050,227050,227050
106746743,스타인즈 KKZ4002FH (스탠드),223730,223730,223730,223730,223730,223730,223730,223730
76404605,스타인즈 KKZ4302FH (스탠드),242630,242630,242630,242630,242630,242630,242630,242630
106747967,스타인즈 KKZ5500SUH 이동형 패키지,367070,367190,367300,367340,367410,367480,367570,367690
19746353,스타티브이 에어리브 NTR-SM55UHD (스탠드),515580,515580,515580,515580,515580,515580,515580,515580
32034839,시스메이트 QBC430S (키오스크형),1599990,1599990,1599990,1599990,1599990,1599990,1599990,1599990
31977515,시스메이트 QBC550S (키오스크형),2178000,2178000,2178000,2178000,2178000,2178000,2178000,2178000
32034977,시스메이트 QBC650S (키오스크형),2574000,2574000,2574000,2574000,2574000,2574000,2574000,2574000
32035031,시스메이트 QBC750S (키오스크형),3849990,3849990,3849990,3849990,3849990,3849990,3849990,3849990
94445273,시스메이트 QBC750S + 매직인포 네트워크 솔루션 (키오스크형),4279280,4279280,4279280,4279280,4279280,4279280,4279280,4279280
31958216,시스메이트 QHC430S (키오스크형),1881000,1881000,1881000,1881000,1881000,1881000,1881000,1881000
31958255,시스메이트 QHC500S (키오스크형),2128500,2128500,2128500,2128500,2128500,2128500,2128500,2128500
31958282,시스메이트 QHC550S (키오스크형),2326500,2326500,2326500,2326500,2326500,2326500,2326500,2326500
31958315,시스메이트 QHC650S (키오스크형),3266990,3266990,3266990,3266990,3266990,3266990,3266990,3266990
31958342,시스메이트 QHC750S (키오스크형),4257000,4257000,4257000,4257000,4257000,4257000,4257000,4257000
31949489,시스메이트 QMC430S (키오스크형),1732500,1732500,1732500,1732500,1732500,1732500,1732500,1732500
31977740,시스메이트 QMC500S (키오스크형),1980000,1980000,1980000,1980000,1980000,1980000,1980000,1980000
31958084,시스메이트 QMC550S (키오스크형),2326500,2326500,2326500,2326500,2326500,2326500,2326500,2326500
31958126,시스메이트 QMC650S (키오스크형),2772000,2772000,2772000,2772000,2772000,2772000,2772000,2772000
31958156,시스메이트 QMC750S (키오스크형),3960000,3960000,3960000,3960000,3960000,3960000,3960000,3960000
99893933,시스메이트 더 갤러리 QB43F-WTE (벽걸이),1472500,1472500,1472500,1472500,1472500,1472500,1472500,1472500
98924666,시스메이트 더 갤러리 QB43F-WTE (본체),1089000,1089000,1089000,1089000,1089000,1089000,1089000,1089000
99735026,시스메이트 더 갤러리 QB50F-WTE (벽걸이),1662500,1662500,1662500,1662500,1662500,1662500,1662500,1662500
98924621,시스메이트 더 갤러리 QB50F-WTE (본체),1237500,1237500,1237500,1237500,1237500,1237500,1237500,1237500
99893918,시스메이트 더 갤러리 QB55F-WTE (벽걸이),1757500,1757500,1757500,1757500,1757500,1757500,1757500,1757500
98924636,시스메이트 더 갤러리 QB55F-WTE (본체),1336500,1336500,1336500,1336500,1336500,1336500,1336500,1336500
99735062,시스메이트 더 갤러리 QB65F-WTE (벽걸이),2090000,2090000,2090000,2090000,2090000,2090000,2090000,2090000
98924657,시스메이트 더 갤러리 QB65F-WTE (본체),1633500,1633500,1633500,1633500,1633500,1633500,1633500,1633500
99893885,시스메이트 더 갤러리 QH43F-WTE (벽걸이),1662500,1662500,1662500,1662500,1662500,1662500,1662500,1662500
98924807,시스메이트 더 갤러리 QH43F-WTE (본체),1287000,1287000,1287000,1287000,1287000,1287000,1287000,1287000
99893846,시스메이트 더 갤러리 QH50F-WTE (벽걸이),1852500,1852500,1852500,1852500,1852500,1852500,1852500,1852500
98924804,시스메이트 더 갤러리 QH50F-WTE (본체),1485000,1485000,1485000,1485000,1485000,1485000,1485000,1485000
99893897,시스메이트 더 갤러리 QH55F-WTE (벽걸이),1995000,1995000,1995000,1995000,1995000,1995000,1995000,1995000
98924789,시스메이트 더 갤러리 QH55F-WTE (본체),1633500,1633500,1633500,1633500,1633500,1633500,1633500,1633500
99747641,시스메이트 더 갤러리 QH65F-WTE (벽걸이),2375000,2375000,2375000,2375000,2375000,2375000,2375000,2375000
98924783,시스메이트 더 갤러리 QH65F-WTE (본체),1930500,1930500,1930500,1930500,1930500,1930500,1930500,1930500
99735038,시스메이트 더 갤러리 QM43F-WTE (벽걸이),1567500,1567500,1567500,1567500,1567500,1567500,1567500,1567500
98924696,시스메이트 더 갤러리 QM43F-WTE (본체),1188000,1188000,1188000,1188000,1188000,1188000,1188000,1188000
99893873,시스메이트 더 갤러리 QM50F-WTE (벽걸이),1757500,1757500,1757500,1757500,1757500,1757500,1757500,1757500
98924711,시스메이트 더 갤러리 QM50F-WTE (본체),1336500,1336500,1336500,1336500,1336500,1336500,1336500,1336500
99893858,시스메이트 더 갤러리 QM55F-WTE (벽걸이),1995000,1995000,1995000,1995000,1995000,1995000,1995000,1995000
98924726,시스메이트 더 갤러리 QM55F-WTE (본체),1485000,1485000,1485000,1485000,1485000,1485000,1485000,1485000
99893861,시스메이트 더 갤러리 QM65F-WTE (벽걸이),2232500,2232500,2232500,2232500,2232500,2232500,2232500,2232500
98924747,시스메이트 더 갤러리 QM65F-WTE (본체),1782000,1782000,1782000,1782000,1782000,1782000,1782000,1782000
99556358,시큐릿 퀀텀 스마트 TV 50인치 (스탠드),672600,672600,672600,672600,672600,672600,672600,672600
98074802,시큐릿 퀀텀 스마트 TV 55인치 (스탠드),699430,699550,699580,699640,699730,699790,699890,700010
98074820,시큐릿 퀀텀 스마트 TV 65인치 (스탠드),975020,975140,975250,975290,975360,975430,975520,975640
98410772,시큐릿 퀀텀 스마트 TV 75인치 (스탠드),1352810,1352930,1352960,1353020,1353060,1353100,1353190,1353310
98182463,시큐릿 퀀텀 스마트 TV 85인치 (스탠드),1599990,1599990,1599990,1599990,1599990,1599990,1599990,1599990
15317816,신일전자 QLED STV-65MQAEH68 안드로이드 (벽걸이),849990,849990,849990,849990,849990,849990,849990,849990
15012557,신일전자 QLED STV-65MQAEH68 안드로이드 (스탠드),749990,749990,749990,749990,749990,749990,749990,749990
90111695,써밋티비 A1000ES QLED (벽걸이),3039990,3039990,3039990,3039990,3039990,3039990,3039990,3039990
90111683,써밋티비 A1000ES QLED (스탠드),2589990,2589990,2589990,2589990,2589990,2589990,2589990,2589990
90111728,써밋티비 A1000ES QLED 이동형 패키지 (지마운트 GMT-SM7700M),3369990,3369990,3369990,3369990,3369990,3369990,3369990,3369990
16740380,써밋티비 A320E (벽걸이),191100,191100,191100,191100,191100,191100,191100,191100
16740338,써밋티비 A320E (스탠드),119000,119000,119000,119000,119000,119000,119000,119000
17300504,써밋티비 A320E FHD (벽걸이),218400,218400,218400,218400,218400,218400,218400,218400
17267213,써밋티비 A320E FHD (스탠드),154700,154700,148000,148000,148000,148000,148000,148000
18406046,써밋티비 A320ES HD (벽걸이),309000,309000,309000,309000,309000,309000,309000,309000
18405971,써밋티비 A320ES HD (스탠드),229000,229000,229000,229000,229000,229000,229000,229000
53879975,써밋티비 A320ES HD 이동형 패키지 (지마운트 GMT-FS110),310410,310530,310640,310720,310760,310820,305500,305490
77709812,써밋티비 A320ESW QLED (벽걸이),348990,348990,348990,348990,348990,348990,334170,334170
77709818,써밋티비 A320ESW QLED (상하좌우형 벽걸이),392550,392550,392550,392550,392550,392550,392550,392550
77208644,써밋티비 A320ESW QLED (스탠드),267110,267110,267110,267110,267110,267110,267110,267110
77709830,써밋티비 A320ESW QLED 이동형 패키지,309000,309000,309000,309000,309000,309000,309000,309000
122677665,써밋티비 A325ES HD (벽걸이),309000,309000,309000,309000,309000,309000,309000,309000
122677619,써밋티비 A325ES HD (스탠드),229000,229000,229000,229000,229000,229000,229000,229000
123971850,써밋티비 A325ES HD 이동형 패키지,289000,289000,289000,289000,289000,289000,289000,289000
122677694,써밋티비 A325ESW HD (벽걸이),328990,328990,328990,328990,328990,328990,328990,328990
122677672,써밋티비 A325ESW HD (스탠드),248990,248990,248990,248990,248990,248990,248990,248990
123971868,써밋티비 A325ESW HD 이동형 패키지,328990,328990,328990,328990,328990,328990,328990,328990
17305040,써밋티비 A400E FHD (벽걸이),270270,270270,270270,270270,270270,270270,270270,270270
59827139,써밋티비 A400E FHD (상하좌우형 벽걸이),288470,288470,288470,288470,288470,288470,288470,288470
17267300,써밋티비 A400E FHD (스탠드),189000,189000,189000,189000,189000,189000,189000,189000
18406199,써밋티비 A400ES FHD (벽걸이),369000,369000,369000,369000,369000,369000,369000,369000
60004490,써밋티비 A400ES FHD (상하좌우형 벽걸이),404000,404000,404000,404000,404000,404000,404000,404000
18406154,써밋티비 A400ES FHD (스탠드),279000,279000,279000,279000,279000,279000,279000,279000
53879987,써밋티비 A400ES FHD 이동형 패키지 (지마운트 GMT-FS220),388920,388930,388930,388940,388940,388950,388950,388960
122677563,써밋티비 A405ES FHD (벽걸이),369000,369000,369000,369000,369000,369000,369000,369000
122677564,써밋티비 A405ES FHD (상하좌우형 벽걸이),389000,389000,389000,389000,389000,389000,389000,389000
122677500,써밋티비 A405ES FHD (스탠드),279000,279000,279000,279000,279000,279000,279000,279000
123860993,써밋티비 A405ES FHD 이동형 패키지,339000,339000,339000,339000,339000,339000,339000,339000
122677596,써밋티비 A405ESW FHD (벽걸이),388990,388990,388990,388990,388990,388990,388990,388990
122677599,써밋티비 A405ESW FHD (상하좌우형 벽걸이),408990,408990,408990,408990,408990,408990,408990,408990
122677575,써밋티비 A405ESW FHD (스탠드),298990,298990,298990,298990,298990,298990,298990,298990
123860584,써밋티비 A405ESW FHD 이동형 패키지,388990,388990,388990,388990,388990,388990,388990,388990
17267150,써밋티비 A430E FHD (벽걸이),299390,299390,299390,299390,299390,299390,299390,299390
59827199,써밋티비 A430E FHD (상하좌우형 벽걸이),317590,317590,317590,317590,317590,317590,317590,317590
17267072,써밋티비 A430E FHD (스탠드),219000,219000,219000,219000,219000,219000,219000,219000
17234126,써밋티비 A430E UHD (벽걸이),329420,329420,329420,329420,329420,329420,329420,329420
59826959,써밋티비 A430E UHD (상하좌우형 벽걸이),347620,347620,347620,347620,347620,347620,347620,347620
17208980,써밋티비 A430E UHD (스탠드),265720,265720,265720,265720,265720,265720,265720,265720
18406721,써밋티비 A430ES FHD (벽걸이),409000,409000,409000,409000,409000,409000,409000,409000
59828693,써밋티비 A430ES FHD (상하좌우형 벽걸이),429000,429000,429000,429000,429000,429000,429000,429000
18406622,써밋티비 A430ES FHD (스탠드),319000,319000,319000,319000,319000,319000,319000,319000
53880005,써밋티비 A430ES FHD 이동형 패키지 (지마운트 GMT-FS220),408990,408990,408990,408990,408990,408990,408990,408990
77709152,써밋티비 A430ES QLED 구글TV (벽걸이),443990,443990,443990,443990,443990,443990,443990,443990
77709158,써밋티비 A430ES QLED 구글TV (상하좌우형 벽걸이),499000,499000,499000,499000,499000,499000,499000,499000
76791146,써밋티비 A430ES QLED 구글TV (스탠드),388990,388990,388990,388990,388990,388990,388990,388990
77709209,써밋티비 A430ES QLED 구글TV 이동형 패키지,439000,439000,439000,439000,439000,439000,439000,439000
18406412,써밋티비 A430ES9 UHD (벽걸이),449000,449000,449000,449000,449000,449000,449000,449000
59760146,써밋티비 A430ES9 UHD (상하좌우형 벽걸이),469000,469000,469000,469000,469000,469000,469000,469000
18406319,써밋티비 A430ES9 UHD (스탠드),359000,359000,359000,359000,359000,359000,359000,359000
122677946,써밋티비 A435ES FHD (벽걸이),409000,409000,409000,409000,409000,409000,409000,409000
122677953,써밋티비 A435ES FHD (상하좌우형 벽걸이),429000,429000,429000,429000,429000,429000,429000,429000
122677884,써밋티비 A435ES FHD (스탠드),319000,319000,319000,319000,319000,319000,319000,319000
123846506,써밋티비 A435ES FHD 이동형 패키지,379000,379000,379000,379000,379000,379000,379000,379000
122677974,써밋티비 A435ESW FHD (벽걸이),428990,428990,428990,428990,428990,428990,428990,428990
122677979,써밋티비 A435ESW FHD (상하좌우형 벽걸이),448990,448990,448990,448990,448990,448990,448990,448990
122677963,써밋티비 A435ESW FHD (스탠드),338990,338990,338990,338990,338990,338990,338990,338990
123860573,써밋티비 A435ESW FHD 이동형 패키지,428990,428990,428990,428990,428990,428990,428990,428990
122678017,써밋티비 A436ES UHD (벽걸이),449000,449000,449000,449000,449000,449000,449000,449000
122678024,써밋티비 A436ES UHD (상하좌우형 벽걸이),469000,469000,469000,469000,469000,469000,469000,469000
122677996,써밋티비 A436ES UHD (스탠드),359000,359000,359000,359000,359000,359000,359000,359000
123846518,써밋티비 A436ES UHD 이동형 패키지,439000,439000,439000,439000,439000,439000,439000,439000
122678038,써밋티비 A436ESW UHD (벽걸이),468990,468990,468990,468990,468990,468990,468990,468990
122678039,써밋티비 A436ESW UHD (상하좌우형 벽걸이),488990,488990,488990,488990,488990,488990,488990,488990
122678026,써밋티비 A436ESW UHD (스탠드),378990,378990,378990,378990,378990,378990,378990,378990
124021345,써밋티비 A436ESW UHD 이동형 패키지,468990,468990,468990,468990,468990,468990,468990,468990
17234117,써밋티비 A500E UHD (벽걸이),395850,395850,395850,395850,395850,395850,395850,395850
59828594,써밋티비 A500E UHD (상하좌우형 벽걸이),414050,414050,414050,414050,414050,414050,414050,414050
17209145,써밋티비 A500E UHD (스탠드),323050,323050,323050,323050,323050,323050,323050,323050
78098135,써밋티비 A500E UHD 이동형 패키지,465920,465920,465920,465920,465920,465920,465920,465920
77962430,써밋티비 A500ES QLED 구글TV (벽걸이),548990,548990,548990,548990,548990,548990,548990,548990
77962436,써밋티비 A500ES QLED 구글TV (상하좌우형 벽걸이),568990,568990,568990,568990,568990,568990,568990,568990
76791176,써밋티비 A500ES QLED 구글TV (스탠드),439000,439000,439000,439000,439000,439000,439000,439000
77962469,써밋티비 A500ES QLED 구글TV 이동형 패키지,539000,539000,539000,539000,539000,539000,539000,539000
124183025,써밋티비 A500ES UHD (스탠드),442700,442700,442700,442700,442700,442700,442700,442700
17308253,써밋티비 A500ES9 UHD (벽걸이),466830,466830,466830,466830,466830,466830,466830,466830
59827460,써밋티비 A500ES9 UHD (상하좌우형 벽걸이),485030,485030,485030,485030,485030,485030,485030,485030
17308193,써밋티비 A500ES9 UHD (스탠드),394030,394030,394030,394030,394030,394030,394030,394030
17423471,써밋티비 A500ES9 UHD 이동형 패키지 (지마운트 GMT-SM3620),538000,538000,538000,538000,538000,538000,530370,530370
122694627,써밋티비 A505ES UHD (벽걸이),509000,509000,509000,509000,509000,509000,509000,509000
122694634,써밋티비 A505ES UHD (상하좌우형 벽걸이),529000,529000,529000,529000,529000,529000,529000,529000
122694616,써밋티비 A505ES UHD (스탠드),399000,399000,399000,399000,399000,399000,399000,399000
122694636,써밋티비 A505ES UHD 이동형 패키지,583990,583990,583990,583990,583990,583990,583990,583990
17234129,써밋티비 A550E UHD (벽걸이),478990,478990,478990,478990,478990,478990,468540,468540
59827382,써밋티비 A550E UHD (상하좌우형 벽걸이),485030,485030,485030,485030,485030,485030,468540,468540
17209271,써밋티비 A550E UHD (스탠드),369000,369000,369000,369000,369000,369000,369000,369000
18571262,써밋티비 A550E UHD 이동형 패키지 (지마운트 GMT-SM4700M),552000,552000,552000,552000,552000,552000,552000,552000
17304341,써밋티비 A550ES9 UHD (벽걸이),560990,560990,560990,560990,560990,560990,560990,560990
59826947,써밋티비 A550ES9 UHD (상하좌우형 벽걸이),581000,581000,581000,581000,581000,581000,581000,581000
17304314,써밋티비 A550ES9 UHD (스탠드),459000,459000,459000,459000,459000,459000,459000,459000
17423399,써밋티비 A550ES9 UHD 이동형 패키지 (지마운트 GMT-SM4700M),649990,649990,649990,649990,649990,649990,649990,649990
122692630,써밋티비 A555ES UHD (벽걸이),569000,569000,569000,569000,569000,569000,569000,569000
122692633,써밋티비 A555ES UHD (상하좌우형 벽걸이),589000,589000,589000,589000,589000,589000,589000,589000
122692616,써밋티비 A555ES UHD (스탠드),459000,459000,459000,459000,459000,459000,459000,459000
122692638,써밋티비 A555ES UHD 이동형 패키지,658000,658000,658000,658000,658000,658000,658000,658000
17023631,써밋티비 A650E UHD (벽걸이),659000,659000,659000,659000,659000,659000,659000,659000
59760005,써밋티비 A650E UHD (상하좌우형 벽걸이),679000,679000,679000,679000,679000,679000,679000,679000
17023568,써밋티비 A650E UHD (스탠드),579000,579000,579000,579000,579000,579000,579000,579000
59829461,써밋티비 A650E UHD 이동형 패키지 (지마운트 GMT-SM4700M),758000,758000,758000,758000,758000,758000,758000,758000
17304164,써밋티비 A650ES9 UHD (벽걸이),778990,778990,778990,778990,778990,778990,778990,778990
59827115,써밋티비 A650ES9 UHD (상하좌우형 벽걸이),798990,798990,798990,798990,798990,798990,798990,798990
17304131,써밋티비 A650ES9 UHD (스탠드),669000,669000,669000,669000,669000,669000,669000,669000
17423864,써밋티비 A650ES9 UHD 이동형 패키지,877990,877990,877990,877990,877990,877990,877990,877990
122692597,써밋티비 A655ES UHD (벽걸이),779000,779000,779000,779000,779000,779000,779000,779000
122692600,써밋티비 A655ES UHD (상하좌우형 벽걸이),799000,799000,799000,799000,799000,799000,799000,799000
122692572,써밋티비 A655ES UHD (스탠드),669000,669000,669000,669000,669000,669000,669000,669000
122692607,써밋티비 A655ES UHD 이동형 패키지,878000,878000,878000,878000,878000,878000,878000,878000
67509524,써밋티비 A700E UHD (벽걸이),787990,787990,787990,787990,787990,787990,787990,787990
67509533,써밋티비 A700E UHD (상하좌우형 벽걸이),817990,817990,817990,817990,817990,817990,817990,817990
67509512,써밋티비 A700E UHD (스탠드),687990,687990,687990,687990,687990,687990,687990,687990
67509542,써밋티비 A700E UHD 이동형 패키지,976990,976990,976990,976990,976990,976990,976990,976990
17234141,써밋티비 A750E UHD (벽걸이),978990,978990,978990,978990,978990,978990,978990,978990
59759903,써밋티비 A750E UHD (상하좌우형 벽걸이),1008990,1008990,1008990,1008990,1008990,1008990,1008990,1008990
17209403,써밋티비 A750E UHD (스탠드),829000,829000,829000,829000,829000,829000,829000,829000
19521563,써밋티비 A750E UHD 이동형 패키지 (라익미 GMT-SM48F),1193990,1193990,1193990,1193990,1193990,1193990,1193990,1193990
19705400,써밋티비 A750ES QLED (벽걸이),1109000,1109000,1109000,1109000,1109000,1109000,1109000,1109000
17304017,써밋티비 A750ES9 UHD (벽걸이),1028990,1028990,1028990,1028990,1028990,1028990,1028990,1028990
59826278,써밋티비 A750ES9 UHD (상하좌우형 벽걸이),1058990,1058990,1058990,1058990,1058990,1058990,1058990,1058990
17303981,써밋티비 A750ES9 UHD (스탠드),879000,879000,879000,879000,879000,879000,879000,879000
17423657,써밋티비 A750ES9 UHD 이동형 패키지 (라익미 GMT-SM48F),1217990,1217990,1217990,1217990,1217990,1217990,1217990,1217990
122691811,써밋티비 A755ES UHD (벽걸이),1029000,1029000,1029000,1029000,1029000,1029000,1029000,1029000
122691812,써밋티비 A755ES UHD (상하좌우형 벽걸이),1059000,1059000,1059000,1059000,1059000,1059000,1059000,1059000
122691766,써밋티비 A755ES UHD (스탠드),879000,879000,879000,879000,879000,879000,879000,879000
122691996,써밋티비 A755ES UHD 이동형 패키지,1218000,1218000,1218000,1218000,1218000,1218000,1218000,1218000
18771683,써밋티비 A850E UHD (벽걸이),1310000,1310000,1310000,1310000,1310000,1310000,1310000,1310000
59826365,써밋티비 A850E UHD (상하좌우형 벽걸이),1340000,1340000,1340000,1340000,1340000,1340000,1340000,1340000
18777962,써밋티비 A850E UHD (스탠드),1189860,1189870,1189870,1189880,1189880,1189890,1189890,1189900
90111545,써밋티비 A850ES QLED (벽걸이),1610000,1610000,1610000,1610000,1610000,1610000,1610000,1610000
90111551,써밋티비 A850ES QLED (상하좌우형 벽걸이),1650000,1650000,1650000,1650000,1650000,1650000,1650000,1650000
90111533,써밋티비 A850ES QLED (스탠드),1460000,1460000,1460000,1460000,1460000,1460000,1460000,1460000
90111563,써밋티비 A850ES QLED 이동형 패키지 (지마운트 GMT-SM5900M),1860000,1860000,1860000,1860000,1860000,1860000,1860000,1860000
78614945,써밋티비 B320HD (스탠드),141000,141000,141000,141000,141000,141000,141000,141000
79114424,써밋티비 B400FHD (스탠드),208990,208990,208990,208990,208990,208990,208990,209000
78977501,써밋티비 B430FHD (스탠드),230000,230000,230000,230000,230000,230000,230000,230000
79117151,써밋티비 B500UHD (스탠드),346000,346000,346000,346000,346000,346000,346000,346000
60062870,써밋티비 B5500LB UHD (벽걸이),469000,469000,469000,469000,469000,469000,469000,469000
60062876,써밋티비 B5500LB UHD (상하좌우형 벽걸이),489000,489000,489000,489000,489000,489000,489000,489000
60005525,써밋티비 B5500LB UHD (스탠드),399000,399000,399000,399000,399000,399000,399000,399000
60062978,써밋티비 B5500LB UHD 이동형 패키지 (지마운트 GMT-SM4700M),559000,559000,559000,559000,559000,559000,559000,559000
79114574,써밋티비 B550UHD (스탠드),409000,409000,409000,409000,409000,409000,409000,409000
60062897,써밋티비 B6500LB UHD (벽걸이),659000,659000,659000,659000,659000,659000,659000,659000
60062855,써밋티비 B6500LB UHD (상하좌우형 벽걸이),679000,679000,679000,679000,679000,679000,679000,679000
60005429,써밋티비 B6500LB UHD (스탠드),579000,579000,579000,579000,579000,579000,579000,579000
60062936,써밋티비 B6500LB UHD 이동형 패키지,759000,759000,759000,759000,759000,759000,759000,759000
59929514,써밋티비 B650LB UHD (스탠드),549000,549000,549000,549000,549000,549000,549000,549000
78977576,써밋티비 B750UHD (스탠드),809000,809000,809000,809000,809000,809000,809000,809000
92889437,써밋티비 BIZ55 SMART (스탠드),408990,408990,408990,408990,408990,408990,408990,408990
93181133,써밋티비 BIZ55 SMART 이동형 패키지,616000,616000,616000,616000,616000,616000,616000,616000
93014816,써밋티비 BIZ75 SMART (벽걸이),1297000,1297000,1297000,1297000,1297000,1297000,1297000,1297000
92889824,써밋티비 BIZ75 SMART (스탠드),1179000,1179000,1179000,1179000,1179000,1179000,1179000,1179000
122694966,써밋티비 Q325ES FHD (벽걸이),329000,329000,329000,329000,329000,329000,329000,329000
122694929,써밋티비 Q325ES FHD (스탠드),249000,249000,249000,249000,249000,249000,249000,249000
123971873,써밋티비 Q325ES FHD 이동형 패키지,309000,309000,309000,309000,309000,309000,309000,309000
122701911,써밋티비 Q325ESW FHD (벽걸이),348990,348990,348990,348990,348990,348990,348990,348990
122701896,써밋티비 Q325ESW FHD (스탠드),269000,269000,269000,269000,269000,269000,269000,269000
123860989,써밋티비 Q325ESW FHD 이동형 패키지,329000,329000,329000,329000,329000,329000,329000,329000
122701894,써밋티비 Q405ESW FHD (벽걸이),408990,408990,408990,408990,408990,408990,408990,408990
122701895,써밋티비 Q405ESW FHD (상하좌우형 벽걸이),429000,429000,429000,429000,429000,429000,429000,429000
122701735,써밋티비 Q405ESW FHD (스탠드),318990,318990,318990,318990,318990,318990,318990,318990
123971876,써밋티비 Q405ESW FHD 이동형 패키지,379000,379000,379000,379000,379000,379000,379000,379000
122701719,써밋티비 Q436ESW UHD (벽걸이),478990,478990,478990,478990,478990,478990,478990,478990
122701723,써밋티비 Q436ESW UHD (상하좌우형 벽걸이),498990,498990,498990,498990,498990,498990,498990,498990
122701694,써밋티비 Q436ESW UHD (스탠드),389000,389000,389000,389000,389000,389000,389000,389000
123961563,써밋티비 Q436ESW UHD 이동형 패키지,449000,449000,449000,449000,449000,449000,449000,449000
122701636,써밋티비 Q505ESW UHD (벽걸이),548990,548990,548990,548990,548990,548990,548990,548990
122701638,써밋티비 Q505ESW UHD (상하좌우형 벽걸이),568990,568990,568990,568990,568990,568990,568990,568990
122701587,써밋티비 Q505ESW UHD (스탠드),439000,439000,439000,439000,439000,439000,439000,439000
123971841,써밋티비 Q505ESW UHD 이동형 패키지 (무빙스탠드),578990,578990,578990,578990,578990,578990,578990,578990
122701653,써밋티비 Q505ESW UHD 이동형 패키지 (지마운트 GMT-SM3620),663990,663990,663990,663990,663990,663990,663990,663990
122694853,써밋티비 Q555ES UHD (벽걸이),619000,619000,619000,619000,619000,619000,619000,619000
122694854,써밋티비 Q555ES UHD (상하좌우형 벽걸이),639000,639000,639000,639000,639000,639000,639000,639000
122694825,써밋티비 Q555ES UHD (스탠드),509000,509000,509000,509000,509000,509000,509000,509000
122694860,써밋티비 Q555ES UHD 이동형 패키지,708000,708000,708000,708000,708000,708000,708000,708000
122701161,써밋티비 Q555ESW UHD (벽걸이),658990,658990,658990,658990,658990,658990,658990,658990
122701162,써밋티비 Q555ESW UHD (상하좌우형 벽걸이),678990,678990,678990,678990,678990,678990,678990,678990
122701095,써밋티비 Q555ESW UHD (스탠드),548990,548990,548990,548990,548990,548990,548990,548990
122701174,써밋티비 Q555ESW UHD 이동형 패키지,747990,747990,747990,747990,747990,747990,747990,747990
122694806,써밋티비 Q655ES UHD (벽걸이),809000,809000,809000,809000,809000,809000,809000,809000
122694809,써밋티비 Q655ES UHD (상하좌우형 벽걸이),829000,829000,829000,829000,829000,829000,829000,829000
122694778,써밋티비 Q655ES UHD (스탠드),699000,699000,699000,699000,699000,699000,699000,699000
122694813,써밋티비 Q655ES UHD 이동형 패키지,908000,908000,908000,908000,908000,908000,908000,908000
122694686,써밋티비 Q755ES UHD (벽걸이),1148990,1148990,1148990,1148990,1148990,1148990,1148990,1148990
122694687,써밋티비 Q755ES UHD (상하좌우형 벽걸이),1178990,1178990,1178990,1178990,1178990,1178990,1178990,1178990
122694677,써밋티비 Q755ES UHD (스탠드),998990,998990,998990,998990,998990,998990,998990,998990
122694689,써밋티비 Q755ES UHD 이동형 패키지,1337990,1337990,1337990,1337990,1337990,1337990,1337990,1337990
108462266,쓰리윈즈 인터픽셀 43인치 무빙스마트 삼탠바이미,459000,459000,459000,459000,459000,459000,459000,459000
14025629,아남전자 AMG-7500BS (벽걸이),1444450,1444450,1444450,1444450,1444450,1444450,1444450,1444450
12847568,아남전자 AMG-7500BS (스탠드),1398390,1398390,1398390,1398390,1398390,1398390,1398390,1398390
64391207,아남전자 ANAM-320SMART (스탠드),198990,198990,198990,198990,198990,198990,198990,199000
64391225,아남전자 ANAM-320SMART 이동형 패키지,298990,278990,298990,278990,298990,298990,278990,298990
13222277,아남전자 ANAM-500SMART (스탠드),515000,515000,515000,515000,515000,515000,515000,515000
13184465,아남전자 ANAM-650SMART (스탠드),649000,649000,649000,649000,649000,649000,649000,649000
65429177,아남전자 ANAM-850SMART (벽걸이),2017430,2017430,2017430,2017430,2017430,2017430,2017430,2017430
53522402,아남전자 ANAM-850SMART (스탠드),1259700,1259700,1259700,1259700,1259700,1259700,1259700,1259700
4696682,아남전자 CST-401IM (스탠드),312390,312390,312390,312390,312390,312390,312390,312390
122676178,아바 4K HDR PRO 85인치 제로베젤 UHD TV (스탠드),849000,849000,849000,849000,849000,849000,849000,849000
122669473,아바 스마트 PRO 50 UHD AI 구글TV (스탠드),406890,406890,406890,406890,406890,406890,406890,406890
62162687,아바 스마트 PRO 55 UHD AI 구글TV (스탠드),429000,429000,429000,429000,429000,429000,429000,429000
123806534,아바 스마트 PRO 65 QLED 구글 5.0 TV (벽걸이),639000,639000,639000,639000,639000,639000,639000,639000
123806538,아바 스마트 PRO 65 QLED 구글 5.0 TV (상하좌우형 벽걸이),689000,689000,689000,689000,689000,689000,689000,689000
123806463,아바 스마트 PRO 65 QLED 구글 5.0 TV (스탠드),529000,529000,529000,529000,529000,529000,529000,529000
123806680,아바 스마트 PRO 65 QLED 구글 5.0 TV (아바 이젤형 스탠드 A타입),729000,729000,729000,729000,729000,729000,729000,729000
123806683,아바 스마트 PRO 65 QLED 구글 5.0 TV (아바 이젤형 스탠드 B타입),739000,739000,739000,739000,739000,739000,739000,739000
123806692,아바 스마트 PRO 65 QLED 구글 5.0 TV (아바 이젤형 스탠드 D타입),739000,739000,739000,739000,739000,739000,739000,739000
123806693,아바 스마트 PRO 65 QLED 구글 5.0 TV (아바 이젤형 스탠드 E타입),699000,699000,699000,699000,699000,699000,699000,699000
123806650,아바 스마트 PRO 65 QLED 구글 5.0 TV 이동형 패키지 (아바 이동형 스탠드 B타입),709000,709000,709000,709000,709000,709000,709000,709000
123845841,아바 스마트 PRO 75 QLED 구글 5.0 TV (벽걸이),829000,829000,829000,829000,829000,829000,829000,829000
123845846,아바 스마트 PRO 75 QLED 구글 5.0 TV (상하좌우형 벽걸이),879000,879000,879000,879000,879000,879000,879000,879000
123845768,아바 스마트 PRO 75 QLED 구글 5.0 TV (스탠드),749000,749000,749000,749000,749000,749000,749000,749000
123845850,아바 스마트 PRO 75 QLED 구글 5.0 TV (아바 이젤형 스탠드 C타입),939000,939000,939000,939000,939000,939000,939000,939000
123845854,아바 스마트 PRO 75 QLED 구글 5.0 TV 이동형 패키지 (아바 이동형 스탠드 A타입),979000,979000,979000,979000,979000,979000,979000,979000
123845108,아바 스마트 PRO 75 UHD 구글 5.0 TV (벽걸이),789000,789000,789000,789000,789000,789000,789000,789000
123845111,아바 스마트 PRO 75 UHD 구글 5.0 TV (상하좌우형 벽걸이),839000,839000,839000,839000,839000,839000,839000,839000
123844975,아바 스마트 PRO 75 UHD 구글 5.0 TV (스탠드),709000,709000,709000,709000,709000,709000,709000,709000
123845135,아바 스마트 PRO 75 UHD 구글 5.0 TV (아바 이젤형 스탠드 C타입),899000,899000,899000,899000,899000,899000,899000,899000
123845146,아바 스마트 PRO 75 UHD 구글 5.0 TV 이동형 패키지 (아바 이동형 스탠드 A타입),939000,939000,939000,939000,939000,939000,939000,939000
123845997,아바 스마트 PRO 85 QLED 구글 5.0 TV (벽걸이),1219000,1219000,1219000,1219000,1219000,1219000,1219000,1219000
123846000,아바 스마트 PRO 85 QLED 구글 5.0 TV (상하좌우형 벽걸이),1269000,1269000,1269000,1269000,1269000,1269000,1269000,1269000
123845964,아바 스마트 PRO 85 QLED 구글 5.0 TV (스탠드),1039000,1039000,1039000,1039000,1039000,1039000,1039000,1039000
123846007,아바 스마트 PRO 85 QLED 구글 5.0 TV (아바 이젤형 스탠드 C타입),1229000,1229000,1229000,1229000,1229000,1229000,1229000,1229000
123846011,아바 스마트 PRO 85 QLED 구글 5.0 TV 이동형 패키지 (아바 이동형 스탠드 A타입),1269000,1269000,1269000,1269000,1269000,1269000,1269000,1269000
123845328,아바 스마트 PRO 85 UHD 구글 5.0 TV (벽걸이),1119000,1119000,1119000,1119000,1119000,1119000,1119000,1119000
123845334,아바 스마트 PRO 85 UHD 구글 5.0 TV (상하좌우형 벽걸이),1169000,1169000,1169000,1169000,1169000,1169000,1169000,1169000
123845168,아바 스마트 PRO 85 UHD 구글 5.0 TV (스탠드),939000,939000,939000,939000,939000,939000,939000,939000
123845360,아바 스마트 PRO 85 UHD 구글 5.0 TV (아바 이젤형 스탠드 A타입),1129000,1129000,1129000,1129000,1129000,1129000,1129000,1129000
123845351,아바 스마트 PRO 85 UHD 구글 5.0 TV 이동형 패키지 (아바 이동형 스탠드 A타입),1169000,1169000,1169000,1169000,1169000,1169000,1169000,1169000
40984994,아이사 HK500UHD-DA (스탠드),279650,279650,279650,279650,279650,279650,279650,279650
17207408,아이온코리아 BOSSWIZ 32인치 FHD LED TV (스탠드),230000,230000,230000,230000,230000,230000,230000,230000
17197325,아이온코리아 BOSSWIZ 50인치 구글 UHD 4K LED 스마트 TV (스탠드),510000,510000,510000,510000,510000,510000,510000,510000
17197793,아이온코리아 BOSSWIZ 55인치 UHD 4K LED TV (스탠드),679000,679000,679000,679000,679000,679000,679000,679000
17271842,아이온코리아 BOSSWIZ 55인치 구글 UHD 4K LED TV (스탠드),729000,729000,729000,729000,729000,729000,729000,729000
17257718,아이온코리아 BOSSWIZ 65인치 UHD 4K LED TV (스탠드),945000,945000,945000,945000,945000,945000,945000,945000
17258048,아이온코리아 BOSSWIZ 65인치 구글 UHD 4K LED TV (스탠드),899000,899000,899000,899000,899000,899000,899000,899000
17202563,아이온코리아 BOSSWIZ 75인치 UHD 4K LED TV (스탠드),1360000,1360000,1360000,1360000,1360000,1360000,1360000,1360000
17270762,아이온코리아 BOSSWIZ 75인치 구글 UHD 4K LED TV (스탠드),1290000,1290000,1290000,1290000,1290000,1290000,1290000,1290000
96655172,아이온코리아 JS100QLEDTV (스탠드),3766500,3766500,3766500,3766500,3766500,3766500,3766500,3766500
96655421,아이온코리아 JS55QLEDTV (스탠드),854670,854670,854670,854670,854670,854670,854670,854670
96655298,아이온코리아 JS65QLEDTV (스탠드),1116000,1116000,1116000,1116000,1116000,1116000,1116000,1116000
96655517,아이온코리아 JS85QLEDTV (스탠드),2139000,2139000,2139000,2139000,2139000,2139000,2139000,2139000
28540766,아이온코리아 PLANTIUM 22인치 FHD LED TV (벽걸이),205000,205000,205000,205000,205000,205000,205000,205000
16906460,아이온코리아 PLANTIUM 22인치 FHD LED TV (스탠드),205000,205000,205000,205000,205000,205000,205000,205000
16906964,아이온코리아 PLANTIUM 32인치 FHD LED TV (스탠드),230000,230000,230000,230000,230000,230000,230000,230000
54814205,아이온코리아 PLANTIUM 32인치 HD LED 스마트 TV (벽걸이),359000,359000,359000,359000,359000,359000,359000,359000
54814193,아이온코리아 PLANTIUM 32인치 HD LED 스마트 TV (스탠드),359000,359000,359000,359000,359000,359000,359000,359000
16907183,아이온코리아 PLANTIUM 40인치 FHD LED TV (스탠드),304000,304000,304000,304000,304000,304000,304000,304000
16907843,아이온코리아 PLANTIUM 43인치 구글 안드로이드 UHD 4K LED TV (스탠드),499000,499000,499000,499000,499000,499000,499000,499000
16904297,아이온코리아 PLANTIUM 50인치 UHD 4K LED TV (스탠드),592300,592300,592300,592300,592300,592300,592300,592300
61441262,아이온코리아 PLANTIUM 50인치 구글 안드로이드 UHD 4K LED TV (스탠드),559000,559000,559000,559000,559000,559000,559000,559000
16908200,아이온코리아 PLANTIUM 55인치 UHD 4K LED TV (스탠드),679000,679000,679000,679000,679000,679000,679000,679000
16908401,아이온코리아 PLANTIUM 55인치 구글 안드로이드 UHD 4K LED TV (스탠드),604500,604500,604500,604500,604500,604500,604500,604500
28540958,아이온코리아 PLANTIUM 65인치 UHD 4K LED TV (벽걸이),945000,945000,945000,945000,945000,945000,945000,945000
16903829,아이온코리아 PLANTIUM 65인치 UHD 4K LED TV (스탠드),945000,945000,945000,945000,945000,945000,945000,945000
16904048,아이온코리아 PLANTIUM 65인치 구글 안드로이드 UHD 4K LED TV (스탠드),836070,836070,836070,836070,899000,899000,899000,899000
27635972,아이온코리아 PLANTIUM 75인치 UHD 4K LED TV (벽걸이),1360000,1360000,1360000,1360000,1360000,1360000,1360000,1360000
17157404,아이온코리아 PLANTIUM 75인치 UHD 4K LED TV (스탠드),1359990,1359990,1359990,1359990,1359990,1359990,1359990,1359990
17157035,아이온코리아 PLANTIUM 75인치 구글 안드로이드 UHD 4K LED TV (스탠드),1199700,1199700,1199700,1199700,1199700,1199700,1199700,1199700
50129465,아이온코리아 PLANTIUM 스마트 40인치 FHD TV (벽걸이),429000,429000,429000,429000,429000,429000,429000,429000
50129459,아이온코리아 PLANTIUM 스마트 40인치 FHD TV (스탠드),429000,429000,429000,429000,429000,429000,429000,429000
50129480,아이온코리아 PLANTIUM 스마트 40인치 FHD TV 이동형 패키지,615660,615660,615660,615660,,,,
54699113,아이온코리아 PLANTIUM 스마트 43인치 FHD TV (스탠드),550000,550000,550000,550000,550000,550000,550000,550000
54699203,아이온코리아 PLANTIUM 스마트 43인치 FHD TV 이동형 패키지,662160,662160,662160,662160,662160,662160,662160,662160
94566428,아이티스토리글로벌 티비아울렛 65인치 슬림베젤 UHD 4K LED TV (스탠드),479000,479000,479000,479000,479000,479000,479000,479000
76872494,아이티스토리글로벌 티비아울렛 65인치 제로베젤 UHD 4K LED TV (스탠드),493050,493050,493050,493050,493050,493050,493050,493050
76874894,아이티스토리글로벌 티비아울렛 70인치 제로베젤 UHD 4K LED TV (스탠드),638990,638990,638990,638990,638990,638990,638990,638990
77277800,아이티스토리글로벌 티비아울렛 85인치 제로베젤 UHD 4K LED TV (벽걸이),1405530,1405530,1405530,1405530,1405530,1405530,1405530,1405530
77277779,아이티스토리글로벌 티비아울렛 85인치 제로베젤 UHD 4K LED TV (스탠드),999000,999000,999000,999000,999000,999000,999000,999000
76339115,아이티스토리글로벌 티비아울렛 NF32 화이트에디션 (스탠드),309000,309000,309000,309000,309000,309000,309000,309000
76328594,아이티스토리글로벌 티비아울렛 NF32 화이트에디션 이동형 패키지,358150,358270,358380,358420,358490,358570,358670,358790
76463597,아이티스토리글로벌 티비아울렛 글로리 무빙 50인치 UHD TV 이동형 패키지,459000,459000,459000,459000,459000,459000,459000,459000
94202462,알에프 40인치 윈스크린 2x1 패키지 (본체),1660780,1660780,1660780,1660780,1660780,1660780,1660780,1660780
94203443,알에프 40인치 윈스크린 3x1 패키지 (본체),2100670,2100670,2100670,2100670,2100670,2100670,2100670,2100670
94203464,알에프 40인치 윈스크린 4x1 패키지 (본체),2540560,2540560,2540560,2540560,2540560,2540560,2540560,2540560
94937711,알에프 50인치 윈스크린 2x1 패키지 (본체),2034780,2034780,2034780,2034780,2034780,2034780,2034780,2034780
94937717,알에프 50인치 윈스크린 3x1 패키지 (본체),2661670,2661670,2661670,2661670,2661670,2661670,2661670,2661670
94937723,알에프 50인치 윈스크린 4x1 패키지 (본체),3288560,3288560,3288560,3288560,3288560,3288560,3288560,3288560
94202723,알에프 7시리즈 43인치 원스크린 2x1 패키지 (본체),1792780,1792780,1792780,1792780,1792780,1792780,1792780,1792780
94203629,알에프 7시리즈 43인치 원스크린 3x1 패키지 (본체),2298670,2298670,2298670,2298670,2298670,2298670,2298670,2298670
94203638,알에프 7시리즈 43인치 원스크린 4x1 패키지 (본체),2804560,2804560,2804560,2804560,2804560,2804560,2804560,2804560
97778411,알에프 7시리즈 55인치 원스크린 2x1 패키지 (본체),2254780,2254780,2254780,2254780,2254780,2254780,2254780,2254780
97778417,알에프 7시리즈 55인치 원스크린 3x1 패키지 (본체),2991670,2991670,2991670,2991670,2991670,2991670,2991670,2991670
97778423,알에프 7시리즈 55인치 원스크린 4x1 패키지 (본체),3728560,3728560,3728560,3728560,3728560,3728560,3728560,3728560
96775814,알에프 8시리즈 40인치 원스크린 2x1 패키지 (본체),1771880,1771880,1771880,1771880,1771880,1771880,1771880,1771880
96775826,알에프 8시리즈 40인치 원스크린 3x1 패키지 (본체),2245320,2245320,2245320,2245320,2245320,2245320,2245320,2245320
96775838,알에프 8시리즈 40인치 원스크린 4x1 패키지 (본체),2718760,2718760,2718760,2718760,2718760,2718760,2718760,2718760
97777688,알에프 8시리즈 43인치 원스크린 2x1 패키지 (본체),1848880,1848880,1848880,1848880,1848880,1848880,1848880,1848880
97777724,알에프 8시리즈 43인치 원스크린 3x1 패키지 (본체),2382820,2382820,2382820,2382820,2382820,2382820,2382820,2382820
97777748,알에프 8시리즈 43인치 원스크린 4x1 패키지 (본체),2916760,2916760,2916760,2916760,2916760,2916760,2916760,2916760
97778099,알에프 8시리즈 50인치 원스크린 2x1 패키지 (본체),2233880,2233880,2233880,2233880,2233880,2233880,2233880,2233880
97778105,알에프 8시리즈 50인치 원스크린 3x1 패키지 (본체),2960320,2960320,2960320,2960320,2960320,2960320,2960320,2960320
97778114,알에프 8시리즈 50인치 원스크린 4x1 패키지 (본체),3686760,3686760,3686760,3686760,3686760,3686760,3686760,3686760
97778219,알에프 8시리즈 55인치 원스크린 2x1 패키지 (본체),2497880,2497880,2497880,2497880,2497880,2497880,2497880,2497880
97778231,알에프 8시리즈 55인치 원스크린 3x1 패키지 (본체),3356320,3356320,3356320,3356320,3356320,3356320,3356320,3356320
97778243,알에프 8시리즈 55인치 원스크린 4x1 패키지 (본체),4214760,4214760,4214760,4214760,4214760,4214760,4214760,4214760
92042429,알에프 RDBP12S-28ITW (본체),1140000,1140000,1140000,1140000,1140000,1140000,1140000,1140000
92235461,알에프 RDBP12S-31ITH (본체),1680000,1680000,1680000,1680000,1680000,1680000,1680000,1680000
92235524,알에프 RDBP12S-35ITH (본체),2250000,2250000,2250000,2250000,2250000,2250000,2250000,2250000
91346690,알에프 RDBP12S-39ITW (본체),1680000,1680000,1680000,1680000,1680000,1680000,1680000,1680000
92889944,알에프 RDBP12S-40ITH (본체),3135000,3135000,3135000,3135000,3135000,3135000,3135000,3135000
91633742,알에프 RDBP12S-42ICW (천장형),2675940,2675940,2675940,2675940,2675940,2675940,2675940,2675940
91633754,알에프 RDBP12S-42ISW (스탠드),2683150,2683150,2683150,2683150,2683150,2683150,2683150,2683150
91346729,알에프 RDBP12S-42ITW (본체),2641950,2641950,2641950,2641950,2641950,2641950,2641950,2641950
92626118,알에프 RDBP12S-45ITH (본체),2821500,2821500,2821500,2821500,2821500,2821500,2821500,2821500
92042633,알에프 RDBP12S-53ITW (본체),3762000,3762000,3762000,3762000,3762000,3762000,3762000,3762000
92153306,알에프 RDBP12S-70ICW (천장형),7042740,7042740,7042740,7042740,7042740,7042740,7042740,7042740
91912322,알에프 RDBP12S-70IKH (키오스크형),3308360,3308360,3308360,3308360,3308360,3308360,3308360,3308360
92153330,알에프 RDBP12S-70IMW (이동형 스탠드),7477800,7477800,7477800,7477800,7477800,7477800,7477800,7477800
92153282,알에프 RDBP12S-70ITW (본체),7338750,7338750,7338750,7338750,7338750,7338750,7338750,7338750
91912352,알에프 RDBP12S-78IKH (키오스크형),9766460,9766460,9766460,9766460,9766460,9766460,9766460,9766460
91911446,알에프 RDBP20S-28ICW (천장형),650000,650000,650000,650000,650000,650000,650000,650000
91907450,알에프 RDBP20S-28ISW (스탠드),650000,650000,650000,650000,650000,650000,650000,650000
91347056,알에프 RDBP20S-28ITW (본체),644000,644000,644000,644000,644000,644000,644000,644000
92233730,알에프 RDBP20S-31IEW (이젤형 스탠드),1330000,1330000,1330000,1330000,1330000,1330000,1330000,1330000
91497011,알에프 RDBP20S-31ITH (본체),984000,984000,984000,984000,984000,984000,984000,984000
92626349,알에프 RDBP20S-35IEW (이젤형 스탠드),1210000,1210000,1210000,1210000,1210000,1210000,1210000,1210000
91496975,알에프 RDBP20S-35ITH (본체),1324000,1324000,1324000,1324000,1324000,1324000,1324000,1324000
91871405,알에프 RDBP20S-39ICW (천장형),990000,990000,990000,990000,990000,990000,990000,990000
92043545,알에프 RDBP20S-39ISW (스탠드),990000,990000,990000,990000,990000,990000,990000,990000
91346984,알에프 RDBP20S-39ITW (본체),984000,984000,984000,984000,984000,984000,984000,984000
92680589,알에프 RDBP20S-40IEH (이젤형 스탠드),1670000,1670000,1670000,1670000,1670000,1670000,1670000,1670000
91496987,알에프 RDBP20S-40ITH (본체),1664000,1664000,1664000,1664000,1664000,1664000,1664000,1664000
92043968,알에프 RDBP20S-42ICW (천장형),1378140,1378140,1378140,1378140,1378140,1378140,1378140,1378140
92043998,알에프 RDBP20S-42ISW (스탠드),1385350,1385350,1385350,1385350,1385350,1385350,1385350,1385350
92043962,알에프 RDBP20S-42ITW (본체),1344150,1344150,1344150,1344150,1344150,1344150,1344150,1344150
92626319,알에프 RDBP20S-45IEH (이젤형 스탠드),2010000,2010000,2010000,2010000,2010000,2010000,2010000,2010000
91496945,알에프 RDBP20S-45ITH (본체),1683000,1683000,1683000,1683000,1683000,1683000,1683000,1683000
91911548,알에프 RDBP20S-53ICW (천장형),2010000,2010000,2010000,2010000,2010000,2010000,2010000,2010000
91347194,알에프 RDBP20S-53ITW (본체),2004000,2004000,2004000,2004000,2004000,2004000,2004000,2004000
91911491,알에프 RDBP20S-56ICW (천장형),2690000,2690000,2690000,2690000,2690000,2690000,2690000,2690000
91911536,알에프 RDBP20S-56IMW (이동형 스탠드),2395000,2395000,2395000,2395000,2395000,2395000,2395000,2395000
91347116,알에프 RDBP20S-56ITW (본체),2715000,2715000,2715000,2715000,2715000,2715000,2715000,2715000
92044196,알에프 RDBP20S-67ICW (천장형),3370000,3370000,3370000,3370000,3370000,3370000,3370000,3370000
92044214,알에프 RDBP20S-67IMW (이동형 스탠드),3370000,3370000,3370000,3370000,3370000,3370000,3370000,3370000
92044181,알에프 RDBP20S-67ITW (본체),3364000,3364000,3364000,3364000,3364000,3364000,3364000,3364000
92044334,알에프 RDBP20S-70ICW (천장형),3767740,3767740,3767740,3767740,3767740,3767740,3767740,3767740
91912457,알에프 RDBP20S-70IKH (키오스크형),1722160,1722160,1722160,1722160,1722160,1722160,1722160,1722160
92044364,알에프 RDBP20S-70IMW (이동형 스탠드),3872800,3872800,3872800,3872800,3872800,3872800,3872800,3872800
91347296,알에프 RDBP20S-70ITW (본체),3400000,3400000,3400000,3400000,3400000,3400000,3400000,3400000
91912409,알에프 RDBP20S-73IKH (키오스크형),3710000,3710000,3710000,3710000,3710000,3710000,3710000,3710000
91912379,알에프 RDBP20S-78IKH (키오스크형),5007860,5007860,5007860,5007860,5007860,5007860,5007860,5007860
92044235,알에프 RDBP20S-79ICW (천장형),4050000,4050000,4050000,4050000,4050000,4050000,4050000,4050000
92044241,알에프 RDBP20S-79IMW (이동형 스탠드),4050000,4050000,4050000,4050000,4050000,4050000,4050000,4050000
91347230,알에프 RDBP20S-79ITW (본체),4044000,4044000,4044000,4044000,4044000,4044000,4044000,4044000
92107064,알에프 RDBP20S-81ICW (천장형),5070000,5070000,5070000,5070000,5070000,5070000,5070000,5070000
92107085,알에프 RDBP20S-81IMW (이동형 스탠드),5070000,5070000,5070000,5070000,5070000,5070000,5070000,5070000
92107040,알에프 RDBP20S-81ITW (본체),4000000,4000000,4000000,4000000,4000000,4000000,4000000,4000000
92153396,알에프 RDBP20S-84ICW (천장형),6090000,6090000,6090000,6090000,6090000,6090000,6090000,6090000
92153411,알에프 RDBP20S-84IMW (이동형 스탠드),6090000,6090000,6090000,6090000,6090000,6090000,6090000,6090000
92153375,알에프 RDBP20S-84ITW (본체),6080000,6080000,6080000,6080000,6080000,6080000,6080000,6080000
91907552,알에프 RDBP25S-28OCW (천장형),690000,690000,690000,690000,690000,690000,690000,690000
91907570,알에프 RDBP25S-28OSW (스탠드),690000,690000,690000,690000,690000,690000,690000,690000
91560704,알에프 RDBP25S-28OTW (본체),680000,680000,680000,680000,680000,680000,680000,680000
92190218,알에프 RDBP25S-31OEW (이젤형 스탠드),1050000,1050000,1050000,1050000,1050000,1050000,1050000,1050000
91496894,알에프 RDBP25S-31OTH (본체),1044000,1044000,1044000,1044000,1044000,1044000,1044000,1044000
92190257,알에프 RDBP25S-35OEW (이젤형 스탠드),1410000,1410000,1410000,1410000,1410000,1410000,1410000,1410000
92190236,알에프 RDBP25S-35OTH (본체),1404000,1404000,1404000,1404000,1404000,1404000,1404000,1404000
91911614,알에프 RDBP25S-39OCW (천장형),1050000,1050000,1050000,1050000,1050000,1050000,1050000,1050000
92045810,알에프 RDBP25S-39OSW (스탠드),1050000,1050000,1050000,1050000,1050000,1050000,1050000,1050000
91560731,알에프 RDBP25S-39OTW (본체),1039990,1039990,1039990,1039990,1039990,1039990,1039990,1039990
91633547,알에프 RDBP25S-40OEH (이젤형 스탠드),1770000,1770000,1770000,1770000,1770000,1770000,1770000,1770000
91496927,알에프 RDBP25S-40OTH (본체),1764000,1764000,1764000,1764000,1764000,1764000,1764000,1764000
92153435,알에프 RDBP25S-42OCW (천장형),1590000,1590000,1590000,1590000,1590000,1590000,1590000,1590000
92045555,알에프 RDBP25S-42OSW (스탠드),1700000,1700000,1700000,1700000,1700000,1700000,1700000,1700000
91560743,알에프 RDBP25S-42OTW (본체),1580000,1580000,1580000,1580000,1580000,1580000,1580000,1580000
92190281,알에프 RDBP25S-45OEH (이젤형 스탠드),2130000,2130000,2130000,2130000,2130000,2130000,2130000,2130000
91496912,알에프 RDBP25S-45OTH (본체),1782000,1782000,1782000,1782000,1782000,1782000,1782000,1782000
91909733,알에프 RDBP25S-53OCW (천장형),2130000,2130000,2130000,2130000,2130000,2130000,2130000,2130000
91560767,알에프 RDBP25S-53OTW (본체),2120000,2120000,2120000,2120000,2120000,2120000,2120000,2120000
91909697,알에프 RDBP25S-56OCW (천장형),2850000,2850000,2850000,2850000,2850000,2850000,2850000,2850000
91909706,알에프 RDBP25S-56OMW (이동형 스탠드),3035000,3035000,3035000,3035000,3035000,3035000,3035000,3035000
91560782,알에프 RDBP25S-56OTW (본체),2840000,2840000,2840000,2840000,2840000,2840000,2840000,2840000
91907717,알에프 RDBP25S-67OCW (천장형),3570000,3570000,3570000,3570000,3570000,3570000,3570000,3570000
91907735,알에프 RDBP25S-67OMW (이동형 스탠드),3570000,3570000,3570000,3570000,3570000,3570000,3570000,3570000
91560800,알에프 RDBP25S-67OTW (본체),3560000,3560000,3560000,3560000,3560000,3560000,3560000,3560000
91907693,알에프 RDBP25S-70OCW (천장형),4470000,4470000,4470000,4470000,4470000,4470000,4470000,4470000
91912433,알에프 RDBP25S-70OKH (키오스크형),1950000,1950000,1950000,1950000,1950000,1950000,1950000,1950000
91907699,알에프 RDBP25S-70OMW (이동형 스탠드),4470000,4470000,4470000,4470000,4470000,4470000,4470000,4470000
91560821,알에프 RDBP25S-70OTW (본체),4460000,4460000,4460000,4460000,4460000,4460000,4460000,4460000
91912400,알에프 RDBP25S-73OKH (키오스크형),3930000,3930000,3930000,3930000,3930000,3930000,3930000,3930000
91912370,알에프 RDBP25S-78OKH (키오스크형),5910000,5910000,5910000,5910000,5910000,5910000,5910000,5910000
91907609,알에프 RDBP25S-79OCW (천장형),4290000,4290000,4290000,4290000,4290000,4290000,4290000,4290000
91907642,알에프 RDBP25S-79OMW (이동형 스탠드),4290000,4290000,4290000,4290000,4290000,4290000,4290000,4290000
91560806,알에프 RDBP25S-79OTW (본체),4280000,4280000,4280000,4280000,4280000,4280000,4280000,4280000
91907594,알에프 RDBP25S-81OCW (천장형),5370000,5370000,5370000,5370000,5370000,5370000,5370000,5370000
91561247,알에프 RDBP25S-81OMW (이동형 스탠드),5370000,5370000,5370000,5370000,5370000,5370000,5370000,5370000
91560851,알에프 RDBP25S-81OTW (본체),5360000,5360000,5360000,5360000,5360000,5360000,5360000,5360000
91907579,알에프 RDBP25S-84OCW (천장형),6450000,6450000,6450000,6450000,6450000,6450000,6450000,6450000
91561154,알에프 RDBP25S-84OMW (이동형 스탠드),6450000,6450000,6450000,6450000,6450000,6450000,6450000,6450000
91560890,알에프 RDBP25S-84OTW (본체),6440000,6440000,6440000,6440000,6440000,6440000,6440000,6440000
92046404,알에프 RDBP40S-28OCW (천장형),570000,570000,570000,570000,570000,570000,570000,570000
92046437,알에프 RDBP40S-28OSW (스탠드),570000,570000,570000,570000,570000,570000,570000,570000
92046344,알에프 RDBP40S-28OTW (본체),560000,560000,560000,560000,560000,560000,560000,560000
91633619,알에프 RDBP40S-31OEW (이젤형 스탠드),870000,870000,870000,870000,870000,870000,870000,870000
91633598,알에프 RDBP40S-31OTH (본체),864000,864000,864000,864000,864000,864000,864000,864000
92190380,알에프 RDBP40S-35OEW (이젤형 스탠드),1170000,1170000,1170000,1170000,1170000,1170000,1170000,1170000
92190371,알에프 RDBP40S-35OTH (본체),1160000,1160000,1160000,1160000,1160000,1160000,1160000,1160000
92046704,알에프 RDBP40S-39OCW (천장형),870000,870000,870000,870000,870000,870000,870000,870000
92046707,알에프 RDBP40S-39OSW (스탠드),870000,870000,870000,870000,870000,870000,870000,870000
92046701,알에프 RDBP40S-39OTW (본체),860000,860000,860000,860000,860000,860000,860000,860000
92190422,알에프 RDBP40S-40OEH (이젤형 스탠드),1470000,1470000,1470000,1470000,1470000,1470000,1470000,1470000
92190410,알에프 RDBP40S-40OTH (본체),1464000,1464000,1464000,1464000,1464000,1464000,1464000,1464000
92045732,알에프 RDBP40S-42OCW (천장형),1192740,1192740,1192740,1192740,1192740,1192740,1192740,1192740
92045804,알에프 RDBP40S-42OSW (스탠드),1165000,1165000,1165000,1165000,1165000,1165000,1165000,1165000
92045615,알에프 RDBP40S-42OTW (본체),1158750,1158750,1158750,1158750,1158750,1158750,1158750,1158750
92190461,알에프 RDBP40S-45OEH (이젤형 스탠드),1770000,1770000,1770000,1770000,1770000,1770000,1770000,1770000
92190455,알에프 RDBP40S-45OTH (본체),1485000,1485000,1485000,1485000,1485000,1485000,1485000,1485000
92153531,알에프 RDBP40S-53OCW (천장형),1780000,1780000,1780000,1780000,1780000,1780000,1780000,1780000
92153513,알에프 RDBP40S-53OTW (본체),1760000,1760000,1760000,1760000,1760000,1760000,1760000,1760000
92151233,알에프 RDBP40S-56OCW (천장형),2370000,2370000,2370000,2370000,2370000,2370000,2370000,2370000
92151239,알에프 RDBP40S-56OMW (이동형 스탠드),2370000,2370000,2370000,2370000,2370000,2370000,2370000,2370000
92151218,알에프 RDBP40S-56OTW (본체),2360000,2360000,2360000,2360000,2360000,2360000,2360000,2360000
92151479,알에프 RDBP40S-67OCW (천장형),2970000,2970000,2970000,2970000,2970000,2970000,2970000,2970000
92151500,알에프 RDBP40S-67OMW (이동형 스탠드),2970000,2970000,2970000,2970000,2970000,2970000,2970000,2970000
92151536,알에프 RDBP40S-70OCW (천장형),3252740,3252740,3252740,3252740,3252740,3252740,3252740,3252740
91912484,알에프 RDBP40S-70OKH (키오스크형),1495560,1495560,1495560,1495560,1495560,1495560,1495560,1495560
92151557,알에프 RDBP40S-70OMW (이동형 스탠드),3357800,3357800,3357800,3357800,3357800,3357800,3357800,3357800
92151518,알에프 RDBP40S-70OTW (본체),2925000,2925000,2925000,2925000,2925000,2925000,2925000,2925000
91912418,알에프 RDBP40S-73OKH (키오스크형),3270000,3270000,3270000,3270000,3270000,3270000,3270000,3270000
91912385,알에프 RDBP40S-78OKH (키오스크형),4328060,4328060,4328060,4328060,4328060,4328060,4328060,4328060
92151167,알에프 RDBP40S-79OCW (천장형),3570000,3570000,3570000,3570000,3570000,3570000,3570000,3570000
92151197,알에프 RDBP40S-79OMW (이동형 스탠드),3570000,3570000,3570000,3570000,3570000,3570000,3570000,3570000
92151152,알에프 RDBP40S-79OTW (본체),3560000,3560000,3560000,3560000,3560000,3560000,3560000,3560000
92105669,알에프 RDBP40S-81OCW (천장형),4470000,4470000,4470000,4470000,4470000,4470000,4470000,4470000
92151260,알에프 RDBP40S-81OMW (이동형 스탠드),4470000,4470000,4470000,4470000,4470000,4470000,4470000,4470000
92105579,알에프 RDBP40S-81OTW (본체),3550000,3550000,3550000,3550000,3550000,3550000,3550000,3550000
92105432,알에프 RDBP40S-84OCW (천장형),5370000,5370000,5370000,5370000,5370000,5370000,5370000,5370000
92105471,알에프 RDBP40S-84OMW (이동형 스탠드),5370000,5370000,5370000,5370000,5370000,5370000,5370000,5370000
92105402,알에프 RDBP40S-84OTW (본체),5360000,5360000,5360000,5360000,5360000,5360000,5360000,5360000
68244905,알에프 RDS3032H (벽걸이 ABR3265),372400,372400,372400,372400,372400,372400,372400,372400
17071373,알에프 RDS3032H (벽걸이 TBR0022),332890,332890,332890,332890,332890,332890,332890,332890
17071364,알에프 RDS3032H (본체),317900,317900,317900,317900,317900,317900,317900,317900
68244551,알에프 RDS3032H (천장형 CBR2052),355890,355890,355890,355890,355890,355890,355890,355890
68244554,알에프 RDS3032H (천장형 CBR2053),362890,362890,362890,362890,362890,362890,362890,362890
68244644,알에프 RDS3032H (천장형 VBR0232C),1397090,1397210,1397320,1397410,1397440,1397490,1397590,1397710
68244671,알에프 RDS3032H (천장형 VBR0332C),2167950,2167950,2167950,2167950,2167950,2167950,2167950,2167950
68245079,"알에프 RDS3032H 벽걸이 (2대, TBR0022)",679000,679000,679000,679000,679000,679000,679000,679000
68245019,"알에프 RDS3032H 벽걸이 (3대, TBR0022)",1049990,1049990,1049990,1049990,1049990,1049990,1049990,1049990
68244575,"알에프 RDS3032H 천장형 (2대, CBR2052)",708690,708690,708690,708690,708690,708690,708690,708690
68244602,"알에프 RDS3032H 천장형 (2대, CBR2053)",727790,727790,727790,727790,727790,727790,727790,727790
68244581,"알에프 RDS3032H 천장형 (3대, CBR2052)",1118990,1118990,1118990,1118990,1118990,1118990,1118990,1118990
68244710,"알에프 RDS3032H 천장형 (3대, CBR2053)",1105800,1105800,1105800,1105800,1105800,1105800,1105800,1105800
68575808,알에프 RDS3040F (벽걸이 ABR3265),442890,442890,442890,442890,442890,442890,442890,442890
17074724,알에프 RDS3040F (벽걸이 TBR0022),412890,412890,412890,412890,412890,412890,412890,412890
17074703,알에프 RDS3040F (본체),397890,397890,397890,397890,397890,397890,397890,397890
67580126,알에프 RDS3040F (천장형 CBR2052),435890,435890,435890,435890,435890,435890,435890,435890
71217941,알에프 RDS3040F (천장형 CBR2053),442890,442890,442890,442890,442890,442890,442890,442890
90505961,알에프 RDS3040F (천장형 VBR0240C),1092840,1092960,1092990,1093040,1093130,1093190,1093280,1093400
90505898,알에프 RDS3040F (천장형 VBR0340C),1637240,1637330,1637440,1637530,1637620,1637710,1637720,1637810
90580037,알에프 RDS3040F (천장형 VBR0440C),2039000,2039090,2039200,2039290,2039320,2039360,2039140,2039230
68575787,"알에프 RDS3040F 벽걸이 (2대, TBR0022)",825790,825790,825790,825790,825790,825790,825790,825790
68575793,"알에프 RDS3040F 벽걸이 (3대, TBR0022)",1238690,1238690,1238690,1238690,1238690,1238690,1238690,1238690
68575802,"알에프 RDS3040F 벽걸이 (4대, TBR0022)",1651590,1651590,1651590,1651590,1651590,1651590,1651590,1651590
90575432,"알에프 RDS3040F 천장형 (2대, CBR2052)",871790,871790,871790,871790,871790,871790,871790,871790
74421563,"알에프 RDS3040F 천장형 (2대, CBR2053)",885790,885790,885790,885790,885790,885790,885790,885790
90575441,"알에프 RDS3040F 천장형 (3대, CBR2052)",1307690,1307690,1307690,1307690,1307690,1307690,1307690,1307690
74421566,"알에프 RDS3040F 천장형 (3대, CBR2053)",1328690,1328690,1328690,1328690,1328690,1328690,1328690,1328690
69057395,알에프 RDS3043U (벽걸이 ABR3265),502890,502890,502890,502890,502890,502890,502890,502890
17074991,알에프 RDS3043U (벽걸이 TBR0022),472890,472890,472890,472890,472890,472890,472890,472890
17074979,알에프 RDS3043U (본체),457890,457890,457890,457890,457890,457890,457890,457890
68364629,알에프 RDS3043U (천장형 CBR2052),495890,495890,495890,495890,495890,495890,495890,495890
68364647,알에프 RDS3043U (천장형 CBR2053),499500,499500,499500,499500,499500,499500,499500,499500
69057359,"알에프 RDS3043U 벽걸이 (2대, TBR0022)",945790,945790,945790,945790,945790,945790,945790,945790
69057362,"알에프 RDS3043U 벽걸이 (3대, TBR0022)",1418690,1418690,1418690,1418690,1418690,1418690,1418690,1418690
69057368,"알에프 RDS3043U 벽걸이 (4대, TBR0022)",1891590,1891590,1891590,1891590,1891590,1891590,1891590,1891590
102004181,"알에프 RDS3043U 벽걸이 (5대, TBR0022)",2364490,2364490,2364490,2364490,2364490,2364490,2364490,2364490
76792529,"알에프 RDS3043U 천장형 (2대, CBR2052)",991800,991800,991800,991800,991800,991800,991800,991800
74253347,"알에프 RDS3043U 천장형 (2대, CBR2053)",1005790,1005790,1005790,1005790,1005790,1005790,1005790,1005790
68364662,"알에프 RDS3043U 천장형 (2대, VBR0240C)",1222800,1222800,1222800,1222800,1222800,1222800,1222800,1222800
74253314,"알에프 RDS3043U 천장형 (3대, CBR2052)",1487700,1487700,1487700,1487700,1487700,1487700,1487700,1487700
76792541,"알에프 RDS3043U 천장형 (3대, CBR2053)",1508690,1508690,1508690,1508690,1508690,1508690,1508690,1508690
68364674,"알에프 RDS3043U 천장형 (3대, VBR0340C)",1831690,1831690,1831690,1831690,1831690,1831690,1831690,1831690
74253332,"알에프 RDS3043U 천장형 (4대, CBR2052)",1983600,1983600,1983600,1983600,1983600,1983600,1983600,1983600
74253368,"알에프 RDS3043U 천장형 (4대, CBR2053)",2011590,2011590,2011590,2011590,2011590,2011590,2011590,2011590
68364713,"알에프 RDS3043U 천장형 (4대, VBR0440C)",2039990,2039990,2039990,2039990,2039990,2039990,2039990,2039990
68437376,알에프 RDS3050U (벽걸이 ABR3265),623710,623710,623710,623710,623710,623710,623710,623710
17051699,알에프 RDS3050U (벽걸이 TBR0044),592890,592890,592890,592890,592890,592890,592890,592890
17051654,알에프 RDS3050U (본체),567900,567900,567900,567900,567900,567900,567900,567900
68437274,알에프 RDS3050U (천장형 CBR2052),608890,608890,608890,608890,608890,608890,608890,608890
68437334,알에프 RDS3050U (천장형 CBR2053),614890,614890,614890,614890,614890,614890,614890,614890
68437391,"알에프 RDS3050U 벽걸이 (2대, TBR0044)",1185790,1185790,1185790,1185790,1185790,1185790,1185790,1185790
68437394,"알에프 RDS3050U 벽걸이 (3대, TBR0044)",1778690,1778690,1778690,1778690,1778690,1778690,1778690,1778690
68437400,"알에프 RDS3050U 벽걸이 (4대, TBR0044)",2371590,2371590,2371590,2371590,2371590,2371590,2371590,2371590
68437280,"알에프 RDS3050U 천장형 (2대, CBR2052)",1217790,1217790,1217790,1217790,1217790,1217790,1217790,1217790
68437343,"알에프 RDS3050U 천장형 (2대, CBR2053)",1229790,1229790,1229790,1229790,1229790,1229790,1229790,1229790
68437418,"알에프 RDS3050U 천장형 (2대, VBR0240C)",1442790,1442790,1442790,1442790,1442790,1442790,1442790,1442790
68437295,"알에프 RDS3050U 천장형 (3대, CBR2052)",1826690,1826690,1826690,1826690,1826690,1826690,1826690,1826690
68437346,"알에프 RDS3050U 천장형 (3대, CBR2053)",1844690,1844690,1844690,1844690,1844690,1844690,1844690,1844690
68437433,"알에프 RDS3050U 천장형 (3대, VBR0340C)",2161690,2161690,2161690,2161690,2161690,2161690,2161690,2161690
68437298,"알에프 RDS3050U 천장형 (4대, CBR2052)",2435590,2435590,2435590,2435590,2435590,2435590,2435590,2435590
68437355,"알에프 RDS3050U 천장형 (4대, CBR2053)",2459590,2459590,2459590,2459590,2459590,2459590,2459590,2459590
68437439,"알에프 RDS3050U 천장형 (4대, VBR0440C)",2891670,2891790,2891900,2891940,2892010,2892100,2892210,2892330
17051954,알에프 RDS3055U (벽걸이 TBR0044),692890,692890,692890,692890,692890,692890,692890,692890
17051942,알에프 RDS3055U (본체),667890,667890,667890,667890,667890,667890,667890,667890
67624274,알에프 RDS3055U (천장형 CBR2052),708890,708890,708890,708890,708890,708890,708890,708890
67624406,알에프 RDS3055U (천장형 CBR2053),714890,714890,714890,714890,714890,714890,714890,714890
67624133,"알에프 RDS3055U 벽걸이 (2대, TBR0044)",1385790,1385790,1385790,1385790,1385790,1385790,1385790,1385790
67624139,"알에프 RDS3055U 벽걸이 (3대, TBR0044)",2078690,2078690,2078690,2078690,2078690,2078690,2078690,2078690
67624148,"알에프 RDS3055U 벽걸이 (4대, TBR0044)",2771590,2771590,2771590,2771590,2771590,2771590,2771590,2771590
67624334,"알에프 RDS3055U 천장형 (2대, CBR2052)",1417790,1417790,1417790,1417790,1417790,1417790,1417790,1417790
67624532,"알에프 RDS3055U 천장형 (2대, CBR2053)",1429790,1429790,1429790,1429790,1429790,1429790,1429790,1429790
67624340,"알에프 RDS3055U 천장형 (3대, CBR2052)",2126690,2126690,2126690,2126690,2126690,2126690,2126690,2126690
67624541,"알에프 RDS3055U 천장형 (3대, CBR2053)",2144690,2144690,2144690,2144690,2144690,2144690,2144690,2144690
67580756,알에프 RDS3065U (벽걸이 ABR3265),942890,942890,942890,942890,942890,942890,942890,942890
17131565,알에프 RDS3065U (벽걸이 TBR0044),922890,922890,922890,922890,922890,922890,922890,922890
17131553,알에프 RDS3065U (본체),897890,897890,897890,897890,897890,897890,897890,897890
67580864,알에프 RDS3065U (천장형 CBR2053),944890,944890,944890,944890,944890,944890,944890,944890
102005216,알에프 RDS3075U (벽걸이 ABR7586),1600500,1600500,1600500,1600500,1600500,1600500,1600500,1600500
102004304,알에프 RDS3075U (벽걸이 TBR0077),1600500,1600500,1600500,1600500,1600500,1600500,1600500,1600500
17278151,알에프 RDS3075U (본체),1404890,1404890,1404890,1404890,1404890,1404890,1404890,1404890
17625599,알에프 RDS3132H (본체),450000,450000,450000,450000,450000,450000,450000,450000
67625033,알에프 RDS3132H (천장형 CBR2052),616900,616900,616900,616900,616900,616900,616900,616900
28804769,알에프 RDS3140F (벽걸이),728900,728900,728900,728900,728900,728900,728900,728900
67625750,알에프 RDS3140F (천장형 CBR2052),676900,676900,676900,676900,676900,676900,676900,676900
67625822,알에프 RDS3140F (천장형 CBR2053),683900,683900,683900,683900,683900,683900,683900,683900
67625687,"알에프 RDS3140F 벽걸이 (2대, TBR0022)",1457800,1457800,1457800,1457800,1457800,1457800,1457800,1457800
67625702,"알에프 RDS3140F 벽걸이 (4대, TBR0022)",2618610,2618610,2618610,2618610,2618610,2618610,2618610,2618610
67625753,"알에프 RDS3140F 천장형 (2대, CBR2052)",1353800,1353800,1353800,1353800,1353800,1353800,1353800,1353800
67625831,"알에프 RDS3140F 천장형 (2대, CBR2053)",1367800,1367800,1367800,1367800,1367800,1367800,1367800,1367800
67625762,"알에프 RDS3140F 천장형 (3대, CBR2052)",2030700,2030700,2030700,2030700,2030700,2030700,2030700,2030700
67625843,"알에프 RDS3140F 천장형 (3대, CBR2053)",2051700,2051700,2051700,2051700,2051700,2051700,2051700,2051700
67625768,"알에프 RDS3140F 천장형 (4대, CBR2052)",2707600,2707600,2707600,2707600,2707600,2707600,2707600,2707600
17602367,알에프 RDS3143U (본체),570000,570000,570000,570000,570000,570000,570000,570000
67623278,"알에프 RDS3143U 벽걸이 (2대, TBR0022)",1427800,1427800,1427800,1427800,1427800,1427800,1427800,1427800
67623281,"알에프 RDS3143U 벽걸이 (3대, TBR0022)",2141700,2141700,2141700,2141700,2141700,2141700,2141700,2141700
67623287,"알에프 RDS3143U 벽걸이 (4대, TBR0022)",2855600,2855600,2855600,2855600,2855600,2855600,2855600,2855600
67623293,"알에프 RDS3143U 벽걸이 (5대, TBR0022)",3569500,3569500,3569500,3569500,3569500,3569500,3569500,3569500
28804538,알에프 RDS3150U (벽걸이 TBR0044),833900,833900,833900,833900,833900,833900,833900,833900
17602541,알에프 RDS3150U (본체),680000,680000,680000,680000,680000,680000,680000,680000
65306525,알에프 RDS3150U (이동형 스탠드),922900,922900,922900,922900,922900,922900,922900,922900
67624778,알에프 RDS3150U (천장형 CBR2053),855900,855900,855900,855900,855900,855900,855900,855900
17602583,알에프 RDS3155U (본체),780000,780000,780000,780000,780000,780000,780000,780000
17602616,알에프 RDS3165U (본체),1010000,1010000,1010000,1010000,1010000,1010000,1010000,1010000
78784070,알에프 RDS4032F (본체),395400,395400,395400,395400,395400,395400,395400,395400
78783740,알에프 RDS4040F (본체),430400,430400,430400,430400,430400,430400,430400,430400
78784019,알에프 RDS4043U (본체),485400,485400,485400,485400,485400,485400,485400,485400
78783863,알에프 RDS4050U (본체),660400,660400,660400,660400,660400,660400,660400,660400
78784124,알에프 RDS4055U (본체),780400,780400,780400,780400,780400,780400,780400,780400
81716471,알에프 RDS4132F (본체),525400,525400,525400,525400,525400,525400,525400,525400
81716450,알에프 RDS4140F (본체),560400,560400,560400,560400,560400,560400,560400,560400
81716489,알에프 RDS4143U (본체),595400,595400,595400,595400,595400,595400,595400,595400
91040213,알에프 RDS4150U (벽걸이 ABR3265),890340,890340,890340,890340,890340,890340,890340,890340
81716468,알에프 RDS4150U (본체),770400,770400,770400,770400,770400,770400,770400,770400
91037153,알에프 RDS4155U (벽걸이 ABR3265),1022340,1022340,1022340,1022340,1022340,1022340,1022340,1022340
81716441,알에프 RDS4155U (본체),890400,890400,890400,890400,890400,890400,890400,890400
102005105,알에프 RDS5132H (벽걸이 TBR0022),589890,589890,589890,589890,589890,589890,589890,589890
17206505,알에프 RDS5132H (본체),451990,451990,451990,451990,451990,451990,451990,451990
73950887,알에프 RDS5132H (천장형 CBR2052),612890,612890,612890,612890,612890,612890,612890,612890
73950890,알에프 RDS5132H (천장형 CBR2053),619890,619890,619890,619890,619890,619890,619890,619890
102005093,"알에프 RDS5132H 벽걸이 (2대, TBR0022)",1074890,1074890,1074890,1074890,1074890,1074890,1074890,1074890
102005096,"알에프 RDS5132H 벽걸이 (3대, TBR0022)",1559890,1559890,1559890,1559890,1559890,1559890,1559890,1559890
102005099,"알에프 RDS5132H 벽걸이 (4대, TBR0022)",2044890,2044890,2044890,2044890,2044890,2044890,2044890,2044890
102005102,"알에프 RDS5132H 벽걸이 (5대, TBR0022)",2529890,2529890,2529890,2529890,2529890,2529890,2529890,2529890
102005126,"알에프 RDS5132H 천장형 (2대, CBR2052)",1120890,1120890,1120890,1120890,1120890,1120890,1120890,1120890
102005111,"알에프 RDS5132H 천장형 (2대, CBR2053)",1134900,1134900,1134900,1134900,1134900,1134900,1134900,1134900
102005129,"알에프 RDS5132H 천장형 (3대, CBR2052)",1628890,1628890,1628890,1628890,1628890,1628890,1628890,1628890
102005117,"알에프 RDS5132H 천장형 (3대, CBR2053)",1649890,1649890,1649890,1649890,1649890,1649890,1649890,1649890
102005135,"알에프 RDS5132H 천장형 (4대, CBR2052)",2136890,2136890,2136890,2136890,2136890,2136890,2136890,2136890
102005123,"알에프 RDS5132H 천장형 (4대, CBR2053)",2164890,2164890,2164890,2164890,2164890,2164890,2164890,2164890
17205653,알에프 RDS5140F (벽걸이 TBR0022),652900,652900,652900,652900,652900,626730,626630,626720
17205623,알에프 RDS5140F (본체),520000,520000,520000,520000,520000,520000,520000,520000
67581287,알에프 RDS5140F (천장형 CBR2052),655430,675890,675890,675890,675890,675890,675890,675890
67581329,알에프 RDS5140F (천장형 CBR2053),682890,682890,682890,682890,682890,682890,682890,682890
67581164,"알에프 RDS5140F 벽걸이 (2대, TBR0022)",1204890,1204890,1204890,1204890,1204890,1204890,1204890,1204890
67581170,"알에프 RDS5140F 벽걸이 (3대, TBR0022)",1754890,1754890,1754890,1754890,1754890,1754890,1754890,1754890
102004121,"알에프 RDS5140F 벽걸이 (4대, TBR0022)",2304890,2304890,2304890,2304890,2304890,2304890,2304890,2304890
102004124,"알에프 RDS5140F 벽걸이 (5대, TBR0022)",2854890,2854890,2854890,2854890,2854890,2854890,2854890,2854890
102004037,"알에프 RDS5140F 천장형 (2대, CBR2052)",1250890,1250890,1250890,1250890,1250890,1250890,1250890,1250890
102004100,"알에프 RDS5140F 천장형 (2대, CBR2053)",1264890,1264890,1264890,1264890,1264890,1264890,1264890,1264890
102004058,"알에프 RDS5140F 천장형 (3대, CBR2052)",1823890,1823890,1823890,1823890,1823890,1823890,1823890,1823890
102004106,"알에프 RDS5140F 천장형 (3대, CBR2053)",1844890,1844890,1844890,1844890,1844890,1844890,1844890,1844890
102004067,"알에프 RDS5140F 천장형 (4대, CBR2052)",2396890,2396890,2396890,2396890,2396890,2396890,2396890,2396890
102004112,"알에프 RDS5140F 천장형 (4대, CBR2053)",2424890,2424890,2424890,2424890,2424890,2424890,2424890,2424890
17325191,알에프 RDS5143U (벽걸이 TBR0022),685280,685310,685390,685470,685570,685590,685680,685710
17325188,알에프 RDS5143U (본체),571990,571990,571990,571990,571990,571990,571990,571990
67579397,알에프 RDS5143U (천장형 CBR2052),735890,735890,735890,735890,735890,735890,735890,735890
67579421,알에프 RDS5143U (천장형 CBR2053),742890,742890,742890,742890,742890,742890,742890,742890
102004994,"알에프 RDS5143U 벽걸이 (2대, TBR0022)",1330890,1330890,1330890,1330890,1330890,1330890,1330890,1330890
102004991,"알에프 RDS5143U 벽걸이 (3대, TBR0022)",1943890,1943890,1943890,1943890,1943890,1943890,1943890,1943890
102004997,"알에프 RDS5143U 벽걸이 (4대, TBR0022)",2556890,2556890,2556890,2556890,2556890,2556890,2556890,2556890
102005000,"알에프 RDS5143U 벽걸이 (5대, TBR0022)",3169890,3169890,3169890,3169890,3169890,3169890,3169890,3169890
102005006,"알에프 RDS5143U 천장형 (2대, CBR2052)",1376890,1376890,1376890,1376890,1376890,1376890,1376890,1376890
102005045,"알에프 RDS5143U 천장형 (2대, CBR2053)",1390890,1390890,1390890,1390890,1390890,1390890,1390890,1390890
102005012,"알에프 RDS5143U 천장형 (3대, CBR2052)",2012890,2012890,2012890,2012890,2012890,2012890,2012890,2012890
102005048,"알에프 RDS5143U 천장형 (3대, CBR2053)",2033890,2033890,2033890,2033890,2033890,2033890,2033890,2033890
102005015,"알에프 RDS5143U 천장형 (4대, CBR2052)",2648890,2648890,2648890,2648890,2648890,2648890,2648890,2648890
102005051,"알에프 RDS5143U 천장형 (4대, CBR2053)",2676890,2676890,2676890,2676890,2676890,2676890,2676890,2676890
17406617,"알에프 RDS5150U (벽걸이, TBR0044)",832890,832890,832890,832890,832890,832890,832890,832890
17406614,알에프 RDS5150U (본체),681990,681990,681990,681990,681990,681990,681990,681990
67576853,알에프 RDS5150U (천장형 CBR2052),848890,848890,848890,848890,848890,848890,848890,848890
67576871,알에프 RDS5150U (천장형 CBR2053),854890,854890,854890,854890,854890,854890,854890,854890
17352038,알에프 RDS5155U (본체),796370,796370,796370,796370,796370,796370,796370,796370
124086801,알에프 RDS5165U (벽걸이),1169760,1169880,1169910,1169970,1170070,1170130,1170220,1170340
17328392,알에프 RDS5165U (본체),1011990,1011990,1011990,1011990,1011990,1011990,1011990,1011990
90955781,알에프 RDS6132F (본체),613900,613900,613900,613900,613900,613900,613900,613900
81062213,알에프 RDS6140F (본체),648400,648400,648400,648400,648400,648400,648400,648400
79856879,알에프 RDS6143U (본체),663400,663400,663400,663400,663400,663400,663400,663400
79843040,알에프 RDS6150U (본체),838400,838400,838400,838400,838400,838400,838400,838400
81062138,알에프 RDS6155U (본체),958400,958400,958400,958400,958400,958400,958400,958400
81062108,알에프 RDS6165U (본체),1168400,1168400,1168400,1168400,1168400,1168400,1168400,1168400
65305556,알에프 RDS7132H (벽걸이 TBR0022),812890,812890,812890,812890,812890,812890,812890,812890
53780369,알에프 RDS7132H (본체),669990,669990,669990,669990,669990,669990,669990,669990
88233830,알에프 RDS7132H (천장형 CBR2052),835890,835890,835890,835890,835890,835890,835890,835890
88136918,알에프 RDS7132H (천장형 CBR2053),842890,842890,842890,842890,842890,842890,842890,842890
90269297,"알에프 RDS7132H 벽걸이 (3대, TBR0022)",2258890,2258890,2258890,2258890,2258890,2258890,2258890,2258890
90500594,"알에프 RDS7132H 벽걸이 (4대, TBR0022)",2976890,2976890,2976890,2976890,2976890,2976890,2976890,2976890
90158930,"알에프 RDS7132H 천장형 (2대, CBR2052)",1586890,1586890,1586890,1586890,1586890,1586890,1586890,1586890
90267665,"알에프 RDS7132H 천장형 (2대, CBR2053)",1600890,1600890,1600890,1600890,1600890,1600890,1600890,1600890
90435257,"알에프 RDS7132H 천장형 (3대, CBR2052)",2327890,2327890,2327890,2327890,2327890,2327890,2327890,2327890
90435194,"알에프 RDS7132H 천장형 (3대, CBR2053)",2348890,2348890,2348890,2348890,2348890,2348890,2348890,2348890
90500693,"알에프 RDS7132H 천장형 (4대, CBR2052)",3068890,3068890,3068890,3068890,3068890,3068890,3068890,3068890
76330691,알에프 RDS7140F (벽걸이 TBR0022),932890,932890,932890,932890,932890,932890,932890,932890
88233734,"알에프 RDS7140F (벽걸이, ABR3265)",2454690,2454690,2454690,2454690,2454690,2454690,2454690,2454690
53780549,알에프 RDS7140F (본체),789990,789990,789990,789990,789990,789990,789990,789990
88233842,알에프 RDS7140F (천장형 CBR2053),955890,955890,955890,955890,955890,955890,955890,955890
90156986,"알에프 RDS7140F 벽걸이 (2대, TBR0022)",1790780,1790900,1790930,1790990,1791080,1791150,1791240,1791360
90269306,"알에프 RDS7140F 벽걸이 (3대, TBR0022)",2364700,2364700,2364700,2364700,2364700,2364700,2364700,2364700
90500624,"알에프 RDS7140F 벽걸이 (4대, TBR0022)",3480890,3480890,3480890,3480890,3480890,3480890,3480890,3480890
90159536,"알에프 RDS7140F 천장형 (2대, CBR2052)",1838890,1838890,1838890,1838890,1838890,1838890,1838890,1838890
90267650,"알에프 RDS7140F 천장형 (2대, CBR2053)",1852890,1852890,1852890,1852890,1852890,1852890,1852890,1852890
90435245,"알에프 RDS7140F 천장형 (3대, CBR2052)",2447890,2447890,2447890,2447890,2447890,2447890,2447890,2447890
90435218,"알에프 RDS7140F 천장형 (3대, CBR2053)",2353760,2353880,2353990,2354030,2354100,2354180,2354280,2354400
53881151,알에프 RDS7140U (본체),810000,810000,810000,810000,810000,810000,810000,810000
76332023,알에프 RDS7143U (벽걸이 TBR0022),952890,952890,952890,952890,952890,952890,952890,952890
53881199,알에프 RDS7143U (본체),809990,809990,809990,809990,809990,809990,809990,809990
88136861,알에프 RDS7143U (천장형 CBR2052),740890,740890,740890,740890,740890,740890,740890,740890
73560698,알에프 RDS7143U (천장형 CBR2053),747890,747890,747890,747890,747890,747890,747890,747890
90157016,"알에프 RDS7143U 벽걸이 (2대, TBR0022)",1834890,1834890,1834890,1834890,1834890,1834890,1834890,1834890
90434078,"알에프 RDS7143U 벽걸이 (3대, TBR0022)",2699890,2699890,2699890,2699890,2699890,2699890,2699890,2699890
90500612,"알에프 RDS7143U 벽걸이 (4대, TBR0022)",3564890,3564890,3564890,3564890,3564890,3564890,3564890,3564890
90159551,"알에프 RDS7143U 천장형 (2대, CBR2052)",1376890,1376890,1376890,1376890,1376890,1376890,1376890,1376890
90267623,"알에프 RDS7143U 천장형 (2대, CBR2053)",1390890,1390890,1390890,1390890,1390890,1390890,1390890,1390890
90434888,"알에프 RDS7143U 천장형 (3대, CBR2052)",2012890,2012890,2012890,2012890,2012890,2012890,2012890,2012890
90437339,"알에프 RDS7143U 천장형 (3대, CBR2053)",2033890,2033890,2033890,2033890,2033890,2033890,2033890,2033890
88135094,알에프 RDS7150U (벽걸이 ABR3265),1092890,1092890,1092890,1092890,1092890,1092890,1092890,1092890
71283239,알에프 RDS7150U (벽걸이 TBR0044T),1072890,1072890,1072890,1072890,1072890,1072890,1072890,1072890
53880980,알에프 RDS7150U (본체),1009990,1009990,1009990,1009990,1009990,1009990,1009990,1009990
88233818,알에프 RDS7150U (천장형 CBR2053),864890,864890,864890,864890,864890,864890,864890,864890
90158327,"알에프 RDS7150U 벽걸이 (2대, TBR0044T)",2145790,2145790,2145790,2145790,2145790,2145790,2145790,2145790
90434048,"알에프 RDS7150U 벽걸이 (3대, TBR0044T)",3134890,3134890,3134890,3134890,3134890,3134890,3134890,3134890
90500471,"알에프 RDS7150U 벽걸이 (4대, TBR0044T)",4291600,4291600,4291600,4291600,4291600,4291600,4291600,4291600
90159998,"알에프 RDS7150U 천장형 (2대, CBR2052)",2116890,2116890,2116890,2116890,2116890,2116890,2116890,2116890
90267488,"알에프 RDS7150U 천장형 (2대, CBR2053)",1624890,1624890,1624890,1624890,1624890,1624890,1624890,1624890
90434906,"알에프 RDS7150U 천장형 (3대, CBR2052)",2384890,2384890,2384890,2384890,2384890,2384890,2384890,2384890
88234817,알에프 RDS7155U (벽걸이 ABR3265),1192890,1192890,1192890,1192890,1192890,1192890,1192890,1192890
88233446,알에프 RDS7155U (벽걸이 TBR0044),1172890,1172890,1172890,1172890,1172890,1172890,1172890,1172890
56059595,알에프 RDS7155U (본체),1018890,1018890,1018890,1018890,1018890,1018890,1018890,1018890
88136255,알에프 RDS7155U (천장형 CBR2053),1194890,1194890,1194890,1194890,1194890,1194890,1194890,1194890
90158360,"알에프 RDS7155U 벽걸이 (2대, TBR0044)",2294890,2294890,2294890,2294890,2294890,2294890,2294890,2294890
90434069,"알에프 RDS7155U 벽걸이 (3대, TBR0044)",3389890,3389890,3389890,3389890,3389890,3389890,3389890,3389890
90500642,"알에프 RDS7155U 벽걸이 (4대, TBR0044)",4484890,4484890,4484890,4484890,4484890,4484890,4484890,4484890
90267512,"알에프 RDS7155U 천장형 (2대, CBR2053)",2338890,2338890,2338890,2338890,2338890,2338890,2338890,2338890
90437216,"알에프 RDS7155U 천장형 (3대, CBR2053)",3455890,3455890,3455890,3455890,3455890,3455890,3455890,3455890
124086837,알에프 RDS7165U (벽걸이),1293900,1293900,1293900,1293900,1293900,1293900,1293900,1293900
53881244,알에프 RDS7165U (본체),1249990,1249990,1249990,1249990,1249990,1249990,1249990,1249990
124086839,알에프 RDS7175U (벽걸이),2268900,2268900,2268900,2268900,2268900,2268900,2268900,2268900
53881085,알에프 RDS7175U (본체),2049990,2049990,2049990,2049990,2049990,2049990,2049990,2049990
124086828,알에프 RDS7186U (벽걸이),3577890,3577890,3577890,3577890,3577890,3577890,3577890,3577890
54100304,알에프 RDS7186U (본체),3359990,3359990,3359990,3359990,3359990,3359990,3359990,3359990
82471655,알에프 RDS8132F (본체),745400,745400,745400,745400,745400,745400,745400,745400
82471673,알에프 RDS8140F (본체),820400,820400,820400,820400,820400,820400,820400,820400
81062186,알에프 RDS8143U (본체),835400,835400,835400,835400,835400,835400,835400,835400
81062156,알에프 RDS8150U (본체),1010400,1010400,1010400,1010400,1010400,1010400,1010400,1010400
82471688,알에프 RDS8155U (본체),1130400,1130400,1130400,1130400,1130400,1130400,1130400,1130400
82471697,알에프 RDS8165U (본체),1340400,1340400,1340400,1340400,1340400,1340400,1340400,1340400
97842608,알에프 RHS7155F (벽걸이 ABR3265),2895000,2895000,2895000,2895000,2895000,2895000,2895000,2895000
97842605,알에프 RHS7155F (벽걸이 TBR0044),2875000,2875000,2875000,2875000,2875000,2875000,2875000,2875000
97777427,알에프 RHS7155F (본체),2850000,2850000,2850000,2850000,2850000,2850000,2850000,2850000
97842617,알에프 RHS7155F (천장형 CBR2053),2895000,2895000,2895000,2895000,2895000,2895000,2895000,2895000
93179936,애플본 MG-43QG50TV (스탠드),699000,699000,699000,699000,699000,699000,699000,699000
18686888,에스포 AC430FHD-H01 (스탠드),220000,220000,220000,220000,220000,220000,220000,220000
19682492,에스포 GTN50UHD (스탠드),338000,338000,338000,338000,338000,338000,338000,338000
19681754,에스포 GTN75UHD 안드로이드 스마트 TV (벽걸이),860000,860000,860000,860000,860000,860000,860000,860000
19681736,에스포 GTN75UHD 안드로이드 스마트 TV (스탠드),770000,770000,770000,770000,770000,770000,770000,770000
18902879,에스포 YT320HD-E01 ZERO (벽걸이),202350,202350,202350,202350,202350,202350,202350,202350
18902777,에스포 YT320HD-E01 ZERO (스탠드),103000,103000,103000,103000,103000,103000,103000,103000
19683689,에스포 YT400FHD-H01 ZERO (스탠드),200000,200000,200000,200000,200000,200000,200000,200000
18908969,에스포 YT500UHD-H01 ZERO (스탠드),348000,348000,348000,348000,348000,348000,348000,348000
18645227,에스포 YT550UHD-H01 ZERO (스탠드),370000,370000,370000,370000,370000,370000,370000,370000
18204941,오리온LED LT4375GK (벽걸이),356960,356960,356960,356960,356960,356960,349600,349600
76792412,오존컴퍼니 몬스터박스 50 UHD 4K TV (스탠드),295000,295000,295000,295000,295000,295000,295000,295000
15427694,와사비망고 H320TA (벽걸이),204820,204820,204820,209000,209000,209000,209000,209000
15422630,와사비망고 H320TA (스탠드),126420,126420,126420,129000,129000,129000,129000,129000
49642088,와사비망고 HGP322 (벽걸이),283220,283220,283220,289000,289000,289000,289000,289000
59927156,와사비망고 HGP322 (상하좌우형 벽걸이),293020,293020,293020,299000,299000,299000,299000,299000
40666931,와사비망고 HGP322 (스탠드),204820,204820,204820,209000,209000,209000,209000,209000
124115654,와사비망고 UGP502 와글와글 플레이 (벽걸이),449820,449820,449820,459000,459000,459000,459000,459000
77621714,와사비망고 UGP502 와글와글 플레이 (스탠드),371420,371420,371420,379000,379000,339000,339000,339000
28185095,와사비망고 UGP652 와글와글 플레이 (벽걸이),626220,626220,626220,639000,639000,639000,639000,639000
59760866,와사비망고 UGP652 와글와글 플레이 (상하좌우형 벽걸이),714420,714420,714420,729000,729000,729000,729000,729000
27895532,와사비망고 UGP652 와글와글 플레이 (스탠드),596820,596820,596820,609000,609000,609000,609000,609000
30025145,와사비망고 UGP752 와글와글 플레이 (벽걸이),930020,930020,930020,949000,949000,949000,949000,949000
60423446,와사비망고 UGP752 와글와글 플레이 (상하좌우형 벽걸이),949620,969000,969000,969000,969000,969000,969000,969000
30001988,와사비망고 UGP752 와글와글 플레이 (스탠드),792820,792820,792820,809000,809000,809000,809000,809000
70157090,와사비망고 UGP852 와글와글 플레이 (벽걸이),1282820,1282820,1282820,1309000,1309000,1270000,1270000,1270000
70153712,와사비망고 UGP852 와글와글 플레이 (스탠드),1106420,1106420,1106420,1129000,1129000,1090000,1090000,1090000
124237041,와우피프티 32HD-QS (벽걸이),269000,269000,269000,269000,269000,269000,250100,250100
124236980,와우피프티 32HD-QS (스탠드),167360,167480,167510,167570,167610,167660,167760,167880
124434168,와우피프티 32인치 HD LED TV (벽걸이),208550,208550,208550,208550,,,,
124434164,와우피프티 32인치 HD LED TV (스탠드),130950,130950,130950,130950,,,,
98769680,와우피프티 32인치 HD TV LG패널 (스탠드),108990,108990,108990,103550,115430,115430,115430,115430
106746806,와우피프티 32인치 HD TV LG패널 이동형 패키지,239000,239000,239000,239000,239000,239000,239000,239000
99640205,와우피프티 40인치 FHD TV LG패널 (스탠드),179000,179000,179000,179000,179000,179000,179000,179000
124217314,와우피프티 43FHD-QS (벽걸이),348000,348000,348000,348000,348000,348000,348000,348000
124217274,와우피프티 43FHD-QS (스탠드),237400,237410,237410,237420,237420,237430,237430,237440
124247677,와우피프티 43FHD-S (벽걸이),,,,,,,,
124182662,와우피프티 43UHD-QS (벽걸이),379000,379000,379000,379000,379000,379000,379000,379000
124182659,와우피프티 43UHD-QS (스탠드),232240,232360,232390,232450,232490,236930,237020,237140
98760431,와우피프티 43인치 FHD TV LG패널 (스탠드),202730,202730,202730,202730,202730,202730,202730,202730
98761655,와우피프티 43인치 UHD TV (스탠드),289000,289000,289000,289000,289000,289000,289000,289000
124180633,와우피프티 50UHD-QS (벽걸이),460000,460000,460000,460000,460000,460000,460000,460000
124180631,와우피프티 50UHD-QS (스탠드),333920,334040,334150,334190,334260,334340,334440,334470
122668648,와우피프티 50인치 4K UHD TV LG패널 (벽걸이),338990,338990,338990,338990,338990,338990,338990,338990
122668638,와우피프티 50인치 4K UHD TV LG패널 (스탠드),289000,289000,289000,289000,289000,289000,289000,289000
124224288,와우피프티 55UHD-QS (벽걸이),519000,519000,519000,519000,519000,519000,519000,519000
124224241,와우피프티 55UHD-QS (스탠드),371160,371280,371390,371490,371600,371690,371800,371920
98766245,와우피프티 55인치 4K UHD TV LG패널 (벽걸이),349000,349000,349000,349000,349000,349000,349000,349000
98766242,와우피프티 55인치 4K UHD TV LG패널 (스탠드),299000,299000,299000,299000,299000,299000,299000,299000
124011352,와우피프티 65 ULTRA HD LED TV (스탠드),489000,489000,489000,489000,489000,489000,489000,489000
124259058,와우피프티 65UHD-QS (벽걸이),699000,699000,678030,678030,699000,699000,699000,699000
124259047,와우피프티 65UHD-QS (스탠드),492860,492870,492880,492890,503370,503380,503390,503400
124167729,와우피프티 85UHD-QS (벽걸이),1202800,1202800,1202800,1202800,1202800,1202800,1202800,1202800
124167714,와우피프티 85UHD-QS (스탠드),779950,779960,779960,779970,835870,835880,835890,835900
124167617,와우피프티 85인치 UHD TV (스탠드),1008990,1008990,1008990,1008990,1008990,1008990,1008990,1008990
5395389,와이드뷰 BNB-550U (스탠드),407710,407710,407710,407710,407710,407710,407710,407710
34740938,와이드뷰 CBXWT400FHD11 (스탠드),309430,309430,309430,309430,309430,309430,309430,309430
79783199,와이드뷰 EKW1001QA (벽걸이),2187000,2187000,2187000,2187000,2187000,2187000,2187000,2187000
79783196,와이드뷰 EKW1001QA (스탠드),2349020,2349030,2349030,2349040,2349040,2349050,2324070,2324070
37292507,와이드뷰 EKW27FMA11 이동형 패키지 (와이드뷰 V1),384130,384130,384130,384130,384130,384130,384130,384130
17912756,와이드뷰 EKW32HA11 (스탠드),179000,179000,169000,179000,169000,169000,169000,179000
59082113,와이드뷰 EKW32HA11 블랙에디션 이동형 패키지 (와이드뷰 V1),248320,248320,248320,248320,248320,248320,248320,248320
13171110,와이드뷰 EKW40FA11 (스탠드),239000,239000,239000,239000,239000,239000,239000,239000
59757362,와이드뷰 EKW40FA11 이동형 패키지 (와이드뷰 V1),316220,316220,316220,316220,316220,316220,316220,316220
19809917,와이드뷰 EKW40FT1C (스탠드),205860,205860,205860,205860,205860,205860,205860,205860
17888702,와이드뷰 EKW43FA11 (스탠드),290030,290030,290030,290030,290030,290030,290030,290030
59074538,와이드뷰 EKW43FA11 블랙에디션 (와이드뷰 V1),356000,356000,356000,356000,356000,356000,356000,356000
19809533,와이드뷰 EKW43FT1 (스탠드),241530,241530,241530,241530,241530,241530,241530,241530
18357119,와이드뷰 EKW50UT1 (스탠드),359000,359000,359000,359000,359000,359000,359000,359000
74051738,와이드뷰 EKW551QA (스탠드),450230,450240,450240,450250,450250,450250,445470,445470
71779220,와이드뷰 EKW551QA 이동형 패키지 (와이드뷰 EKWBYME50),569000,569000,569000,569000,569000,569000,569000,569000
122697580,와이드뷰 EKW552QA (스탠드),626040,626040,626040,626040,626040,612860,612860,612860
19765046,와이드뷰 EKW55UT1 (스탠드),388550,388550,388550,388550,388550,398990,380370,380370
74051777,와이드뷰 EKW651QA (스탠드),664050,664050,664050,664050,664050,688990,650070,650070
71779076,와이드뷰 EKW651QA 이동형 패키지 (와이드뷰 EKWBYME50),789000,789000,789000,789000,789000,789000,789000,789000
19829903,와이드뷰 EKW65UT1 (스탠드),597550,597550,597550,597550,597550,618990,584970,584970
54100001,와이드뷰 EKW70UT1 (스탠드),569050,569050,569050,562100,562100,557070,557070,557070
19807730,와이드뷰 EKW75UT1 (스탠드),789000,789000,789000,789000,789000,789000,789000,789000
79783202,와이드뷰 EKW851QA (스탠드),1339000,1339000,1339000,1339000,1339000,1339000,1339000,1339000
79783208,와이드뷰 EKW851QA 이동형 패키지,1589000,1589000,1589000,1589000,1589000,1589000,1589000,1589000
78986105,와이드뷰 GTNB320HD11 화이트에디션 이동형 패키지 (엘디엘마운트 APL-LBM),312550,312550,312550,312550,312550,312550,312550,312550
58113410,와이드뷰 GTNB320HD11 화이트에디션 이동형 패키지 (엘디엘마운트 APL-SCV),288990,288990,288990,288990,288990,288990,288990,288990
104372540,와이드뷰 GTWV320FHDQ (스탠드),219000,219000,219000,219000,219000,219000,219000,219000
106746476,와이드뷰 GTWV320FHDQ 이동형 패키지 (와이드뷰 V1),278100,278100,278100,278100,278100,278100,278100,278100
106746482,와이드뷰 GTWV320FHDQ 이동형 패키지 (와이드뷰 V2),287100,287100,287100,287100,287100,287100,287100,287100
106718894,와이드뷰 GTWV320FHDQ 이동형 패키지 (와이드뷰 V3),287100,287100,287100,287100,287100,287100,287100,287100
71060930,와이드뷰 GTWV320FHDQ11 (스탠드),262260,262260,262260,262260,262260,262260,262260,262260
71060972,와이드뷰 GTWV320FHDQ11 이동형 패키지 (와이드뷰 V1),339000,339000,339000,339000,339000,339000,339000,339000
96484001,와이드뷰 GTWV320FHDQ11 이동형 패키지 (와이드뷰 V2),296100,296100,296100,296100,296100,296100,296100,296100
92965811,와이드뷰 GTWV320FHDQ11 이동형 패키지 (와이드뷰 V3),359000,359000,359000,359000,359000,359000,359000,359000
90506438,와이드뷰 GTWV320FHDQ11 이동형 패키지 (와이드뷰 클래식),305100,305100,305100,305100,305100,305100,305100,305100
88133399,와이드뷰 GTWV320FHDQ11 이동형 패키지 (와이드뷰 타원형),329000,329000,329000,329000,329000,329000,329000,329000
106709840,와이드뷰 GTWV320FHDQDC 화이트에디션 유무선 이동형 패키지 (와이드뷰 V3-Air),409000,409000,409000,409000,409000,409000,409000,409000
30416288,와이드뷰 GTWV320HD11 (스탠드),243460,243460,243460,243460,243460,243460,243460,243460
37926122,와이드뷰 GTWV320HD11 이동형 패키지 (와이드뷰 V1),292500,292500,292500,292500,292500,292500,292500,292500
88133591,와이드뷰 GTWV320HD11 이동형 패키지 (와이드뷰 V2),238500,238500,238500,238500,238500,238500,238500,238500
88136117,와이드뷰 GTWV320HD11 이동형 패키지 (와이드뷰 V3),359100,359100,359100,359100,359100,359100,359100,359100
91637072,와이드뷰 GTWV320HD11 이동형 패키지 (와이드뷰 클래식),278100,278100,278100,278100,278100,278100,278100,278100
71778065,와이드뷰 GTWV320HD11 이동형 패키지 (와이드뷰 타원형),303050,303050,303050,303050,303050,296670,296670,296670
30408113,와이드뷰 GTWV400FHD11 (스탠드),299860,299860,299860,299860,299860,299860,299860,299860
59757359,와이드뷰 GTWV400FHD11 이동형 패키지 (와이드뷰 V1),379000,379000,379000,379000,379000,379000,379000,379000
88133597,와이드뷰 GTWV400FHD11 이동형 패키지 (와이드뷰 V2),359100,359100,359100,359100,359100,359100,359100,359100
94811831,와이드뷰 GTWV400FHD11 이동형 패키지 (와이드뷰 V3),399000,399000,399000,399000,399000,399000,399000,399000
90506483,와이드뷰 GTWV400FHD11 이동형 패키지 (와이드뷰 클래식),341100,341100,341100,341100,341100,341100,341100,341100
71778119,와이드뷰 GTWV400FHD11 이동형 패키지 (와이드뷰 타원형),360050,360050,360050,360050,360050,352470,352470,352470
98231681,와이드뷰 GTWV400FHDQ11 (스탠드),318660,318660,318660,318660,318660,318660,318660,318660
98231690,와이드뷰 GTWV400FHDQ11 이동형 패키지 (와이드뷰 V1),399000,399000,399000,399000,399000,399000,399000,399000
98231693,와이드뷰 GTWV400FHDQ11 이동형 패키지 (와이드뷰 V2),347400,347400,347400,347400,347400,347400,347400,347400
98231735,와이드뷰 GTWV400FHDQ11 이동형 패키지 (와이드뷰 V3),389940,398050,377000,363230,363230,366990,366990,367000
99286991,와이드뷰 GTWV400FHDQ11 이동형 패키지 (와이드뷰 클래식),309600,309600,309600,309600,309600,309600,309600,309600
108353861,와이드뷰 GTWV400FHDQ11 이동형 패키지 (와이드뷰 타원형),379000,379000,379000,379000,379000,379000,379000,379000
33332147,와이드뷰 GTWV430FHD11 (스탠드),333870,333870,333870,333870,333870,333870,333870,333870
60146651,와이드뷰 GTWV430FHD11 이동형 패키지 (와이드뷰 V1),419000,419000,419000,419000,419000,419000,419000,419000
96484004,와이드뷰 GTWV430FHD11 이동형 패키지 (와이드뷰 V2),400110,400110,400110,400110,400110,380710,380710,380710
85449773,와이드뷰 GTWV430FHD11 이동형 패키지 (와이드뷰 V3),439000,439000,439000,439000,439000,439000,439000,439000
90506396,와이드뷰 GTWV430FHD11 이동형 패키지 (와이드뷰 클래식),353700,353700,353700,353700,353700,353700,353700,353700
71061410,와이드뷰 GTWV430FHD11 이동형 패키지 (와이드뷰 타원형),398050,398050,398050,398050,398050,408990,389670,389670
48333596,와이드뷰 GTWV430UHD (스탠드),365660,365660,365660,365660,365660,365660,365660,365660
58104392,와이드뷰 GTWV430UHD 이동형 패키지 (와이드뷰 V1),449000,449000,449000,449000,449000,449000,449000,449000
88133609,와이드뷰 GTWV430UHD 이동형 패키지 (와이드뷰 V2),427450,427450,427450,427450,427450,427450,427450,427450
90697202,와이드뷰 GTWV430UHD 이동형 패키지 (와이드뷰 V3),469000,469000,469000,469000,469000,469000,469000,469000
90506498,와이드뷰 GTWV430UHD 이동형 패키지 (와이드뷰 클래식),413100,413100,413100,413100,413100,413100,413100,413100
71061449,와이드뷰 GTWV430UHD 이동형 패키지 (와이드뷰 타원형),426550,426550,426550,426550,426550,439000,417570,417570
20631656,와이드뷰 QNGE751UHD (스탠드),999000,999000,999000,999000,999000,999000,999000,999000
68687963,와이드뷰 QWGE43UT1 (스탠드),393860,393860,393860,393860,393860,393860,393860,393860
96483998,와이드뷰 QWGE43UT1 이동형 패키지 (와이드뷰 V1),389700,389700,389700,389700,389700,389700,389700,389700
96484007,와이드뷰 QWGE43UT1 이동형 패키지 (와이드뷰 V2),398700,398700,398700,398700,398700,398700,398700,398700
88236242,와이드뷰 QWGE43UT1 이동형 패키지 (와이드뷰 V3),499000,499000,499000,499000,499000,499000,499000,499000
90506504,와이드뷰 QWGE43UT1 이동형 패키지 (와이드뷰 클래식),431100,431100,431100,431100,431100,431100,431100,431100
71061479,와이드뷰 QWGE43UT1 이동형 패키지 (와이드뷰 타원형),455050,455050,455050,455050,455050,468990,445470,445470
65912804,와이드뷰 QWGE50UT1 (스탠드),450260,450260,450260,450260,450260,450260,450260,450260
71060780,와이드뷰 QWGE50UT1 이동형 패키지 (와이드뷰 EKWBYME50),551700,551700,551700,551700,551700,551700,551700,551700
97563830,와이드뷰 QWGE55UT1 (스탠드),516060,516060,516060,516060,516060,516060,516060,516060
97563842,와이드뷰 QWGE55UT1 이동형 패키지 (와이드뷰 EKWBYME50),608400,608400,608400,608400,608400,608400,608400,608400
16835984,와이드뷰 SGA75UEX1 (스탠드),806550,806550,806550,806550,806550,806550,789570,789570
32843507,와이드뷰 WGE43UT1 (스탠드),349000,349000,349000,349000,349000,349000,349000,349000
63482081,와이드뷰 WGE43UT1 이동형 패키지 (와이드뷰 V1),399000,399000,399000,399000,399000,399000,399000,399000
30336554,와이드뷰 WGE50UT1 (스탠드),379000,379000,379000,379000,379000,379000,379000,379000
68688830,와이드뷰 WGE50UT1 이동형 패키지 (와이드뷰 EKWBYME50),489000,489000,489000,489000,489000,489000,489000,489000
31901513,와이드뷰 WGE55UT1 (스탠드),438990,429000,438990,438990,438990,438990,429000,436170
71222054,와이드뷰 WGE55UT1 이동형 패키지 (와이드뷰 EKWBYME50),539000,539000,539000,539000,539000,539000,539000,539000
21649823,와이드뷰 WGE65UT1 (스탠드),645050,645050,645050,645050,645050,668990,631470,631470
71222096,와이드뷰 WGE65UT1 이동형 패키지 (와이드뷰 EKWBYME50),769000,769000,769000,769000,769000,769000,769000,769000
19807610,와이드뷰 WGE75UT1 (스탠드),806550,806550,806550,806550,806550,838990,789570,789570
71222081,와이드뷰 WGE75UT1 이동형 패키지 (와이드뷰 EKWBYME50),939000,939000,939000,939000,939000,939000,939000,939000
8114005,와이드뷰 WV220FHD-E01 (스탠드),115430,115430,115430,115430,115430,115430,115430,115430
99049814,와이드뷰 WV320FHD-E01 (스탠드),154230,154230,154230,154230,154230,154230,154230,154230
5395197,와이드뷰 WV320HD-S01 (스탠드),134000,134000,134000,140000,140000,134000,134000,140000
5735041,와이드뷰 WV400FHD-S01 (스탠드),320410,320410,320410,320410,320410,320410,320410,320410
5805592,와이드뷰 WV430UHD-S01 (스탠드),264740,264740,264740,264740,264740,264740,264740,264740
7484605,와이드뷰 WV500UHD-E01 (스탠드),379490,379490,379490,379490,379490,379490,379490,379490
6335234,와이드뷰 WV650UHD-S02 (스탠드),529490,529490,529490,529490,529490,529490,529490,529490
6964117,와이드뷰 WV750UHD-S01 (스탠드),868000,868000,868000,868000,868000,868000,868000,868000
6475235,와이드뷰 WV750UHD-S02 (스탠드),900140,900140,900140,900140,900140,900140,900140,900140
94811147,와이드뷰 WV850UHD-E01 (스탠드),1025150,1025150,1025150,1025150,1025150,1079090,1003560,1003560
33428078,와이드테크 BASIC 24F (스탠드),135000,135000,135000,135000,135000,135000,135000,135000
17538758,와이드테크 BASIC 40F (스탠드),231000,231000,231000,231000,231000,231000,231000,231000
17865386,와이드테크 BASIC 55U (스탠드),370640,370640,370640,370640,370640,370640,370640,370640
17865242,와이드테크 BASIC 65U (스탠드),529490,529490,529490,529490,529490,529490,529490,529490
62569223,와이드테크 GTWT85UHD (스탠드),1273000,1273000,1273000,1273000,1273000,1273000,1273000,1273000
11051688,와이드테크 WT430FHD (스탠드),194390,194390,194390,194390,194390,194390,194390,194390
11072604,와이드테크 WT550UHD (벽걸이),444770,444770,444770,444770,444770,444770,444770,444770
15144101,우신총판 행운 4K UHD 스마트 QLED TV (벽걸이),1548990,1548990,1548990,1548990,1548990,1548990,1548990,1548990
15144047,우신총판 행운 4K UHD 스마트 QLED TV (스탠드),1349990,1349990,1349990,1349990,1349990,1349990,1349990,1349990
7841611,우신총판 행운 HW43KUGEL (스탠드),459000,459000,459000,459000,459000,459000,459000,459000
7841362,우신총판 행운 HW49KUGEL (스탠드),599000,599000,599000,599000,599000,599000,599000,599000
77964020,원테크 GZ32HDY1G (스탠드),178600,178600,178600,178600,178600,178600,178600,178600
78310421,원테크 GZ43FHDY1G (스탠드),254600,254600,254600,254600,254600,254600,254600,254600
77963960,원테크 GZ55UHDY1G (스탠드),397100,397100,397100,397100,397100,397100,397100,397100
78308360,원테크 GZ65UHDY1G (스탠드),530100,530100,530100,530100,530100,530100,530100,530100
77963459,원테크 GZ75UHDY1G (스탠드),747990,747990,747990,747990,747990,747990,747990,747990
77963384,원테크 GZ85UHDY1G (스탠드),1119840,1119960,1119990,1119670,1119710,1119750,1119750,1119850
77963744,원테크 GZ98UHDY1G (스탠드),2278100,2278100,2278100,2278100,2278100,2278100,2278100,2278100
18833000,웨스팅하우스 32HW5005C (벽걸이),352490,352490,352490,352490,352490,352490,352490,352490
57509339,웨스팅하우스 DEC32H100 (벽걸이),329000,329000,329000,,,,,
57509321,웨스팅하우스 DEC32H100 (스탠드),279000,279000,279000,279000,279000,279000,279000,279000
62275736,웨스팅하우스 DEC50U100 (벽걸이),649000,649000,649000,649000,649000,649000,649000,649000
62275742,웨스팅하우스 DEC50U100 (상하좌우형 벽걸이),649000,649000,649000,649000,649000,649000,649000,649000
62275730,웨스팅하우스 DEC50U100 (스탠드),609500,609500,609500,609500,609500,609500,609500,609500
62275919,웨스팅하우스 DEC55G100 (스탠드),990000,990000,990000,990000,990000,990000,990000,990000
124215371,웨스팅하우스 DEC55QG (벽걸이),843000,843000,843000,,,,,
124215373,웨스팅하우스 DEC55QG (상하좌우형 벽걸이),843000,843000,843000,,,,,
124215313,웨스팅하우스 DEC55QG (스탠드),843000,843000,843000,843000,843000,843000,843000,843000
62275826,웨스팅하우스 DEC65G100 (스탠드),1320000,1320000,1320000,1320000,1320000,1320000,1320000,1320000
62635271,웨스팅하우스 DEC75G100 (스탠드),1760000,1760000,1760000,1760000,1760000,1760000,1760000,1760000
5615044,위니아 WV55BU4000 (벽걸이),602510,602510,602510,602510,602510,605820,602510,602510
5548157,위니아 WV55BU4000 (스탠드),570440,570440,570440,570440,570440,570440,570440,570440
5607016,위니아 WV65BU4000 (벽걸이),783640,783640,783640,783640,781220,781220,781220,781220
5547602,위니아 WV65BU4000 (스탠드),582059,582059,582059,597240,597240,597240,597240,597240
104613914,위드라이프 85 UHD TV (벽걸이),1169000,1169000,1169000,1169000,1169000,1169000,1169000,1169000
104613923,위드라이프 85 UHD TV (상하좌우형 벽걸이),1189000,1189000,1189000,1189000,1189000,1189000,1189000,1189000
104613896,위드라이프 85 UHD TV (스탠드),988990,988990,988990,988990,988990,988990,988990,988990
123806173,위드라이프 KHZ4006SUH (벽걸이),371000,371000,371000,371000,371000,371000,371000,371000
123806176,위드라이프 KHZ4006SUH (상하좌우형 벽걸이),378000,378000,378000,378000,378000,378000,378000,378000
123806103,위드라이프 KHZ4006SUH (스탠드),286140,286140,286140,286140,286140,286140,286140,286140
29932778,위드라이프 WITH32FEX (스탠드),148990,148990,148990,148990,147640,147640,147640,147640
30000941,위드라이프 WITH32HEX (벽걸이),191000,191000,191000,191000,191000,191000,191000,191000
59827046,위드라이프 WITH32HEX (상하좌우형 벽걸이),198000,198000,198000,198000,198000,198000,198000,198000
29932850,위드라이프 WITH32HEX (스탠드),112990,112990,112990,112990,112990,110460,110460,110460
30000959,위드라이프 WITH32SMART (벽걸이),281000,281000,281000,281000,281000,281000,281000,281000
59924675,위드라이프 WITH32SMART (상하좌우형 벽걸이),288000,288000,288000,288000,288000,288000,288000,288000
29933018,위드라이프 WITH32SMART (스탠드),197960,197960,197960,197960,193800,193800,193800,193800
54810962,위드라이프 WITH32SMART 이동형 패키지 (와이드뷰 V1),251800,251800,251800,251800,251800,265050,246500,246500
94881908,위드라이프 WITH32SMART 이동형 패키지 (위드라이프 WLTSTB2),258990,258990,258990,258990,258990,258990,258990,258990
31999817,위드라이프 WITH32SMARTW (벽걸이),271000,271000,271000,271000,271000,271000,271000,271000
59759465,위드라이프 WITH32SMARTW (상하좌우형 벽걸이),278000,278000,278000,278000,278000,278000,278000,278000
31999796,위드라이프 WITH32SMARTW (스탠드),182670,182670,182670,182670,182670,185320,178820,178820
94881893,위드라이프 WITH32SMARTW 이동형 패키지 (위드라이프 WLTSTB2),257050,257050,257050,257050,257050,257050,257050,257050
53416238,위드라이프 WITH32SMARTW 이동형 패키지 (위드라이프 WLTSTW2),260930,260930,260930,260930,260930,260930,258600,258600
30000977,위드라이프 WITH40FEX (벽걸이),271000,271000,271000,281000,281000,281000,281000,281000
72005453,위드라이프 WITH40FEX (상하좌우형 벽걸이),278000,278000,278000,288000,288000,288000,288000,288000
29933129,위드라이프 WITH40FEX (스탠드),193030,193030,193030,199000,199000,199000,199000,199000
64376483,위드라이프 WITH40SMART (벽걸이),341000,341000,341000,341000,341000,341000,341000,341000
64376492,위드라이프 WITH40SMART (상하좌우형 벽걸이),348000,348000,348000,348000,348000,348000,348000,348000
30067667,위드라이프 WITH40SMART (스탠드),258990,258990,258990,258990,258990,258990,258990,258990
54810941,위드라이프 WITH40SMART 이동형 패키지 (와이드뷰 V1),303540,303540,303540,303540,303540,319510,297140,297140
97225148,위드라이프 WITH40SMART 이동형 패키지 (위드라이프 WLTSTB2),299720,299720,299720,299720,299720,299720,299720,299720
32000162,위드라이프 WITH40SMARTW (벽걸이),351000,351000,351000,351000,351000,351000,351000,351000
59826713,위드라이프 WITH40SMARTW (상하좌우형 벽걸이),358000,358000,358000,358000,358000,358000,358000,358000
32000144,위드라이프 WITH40SMARTW (스탠드),264190,264190,264190,264190,258630,258630,258630,258630
53416232,위드라이프 WITH40SMARTW 이동형 패키지 (위드라이프 WLTSTW2),303050,303050,303050,303050,303050,319000,296670,296670
30067748,위드라이프 WITH43SMART (벽걸이),361000,361000,361000,361000,361000,361000,361000,361000
59826356,위드라이프 WITH43SMART (상하좌우형 벽걸이),368000,368000,368000,368000,368000,368000,368000,368000
30067742,위드라이프 WITH43SMART (스탠드),263560,263560,263560,263560,258020,258020,258020,258020
100691126,위드라이프 WITH43SMART 이동형 패키지 (위드라이프 WLTSTB2),319120,319120,319120,319120,313410,313410,313410,313410
123981776,위드라이프 WITH43SMARTW (스탠드),269650,269650,269650,269650,268770,268770,268770,268770
56138987,위드라이프 WITH43SMARTW 이동형 패키지 (위드라이프 WLTSTW2),328060,328060,328060,328060,328060,322710,322710,322710
30068111,위드라이프 WITH50SMART4K (벽걸이),414000,414000,414000,426000,426000,426000,426000,426000
72059138,위드라이프 WITH50SMART4K (상하좌우형 벽걸이),422000,422000,422000,434000,434000,434000,434000,434000
30068099,위드라이프 WITH50SMART4K (스탠드),309430,309430,309430,328990,324270,324270,324270,324270
30276887,위드라이프 WITH50UEX (벽걸이),406000,406000,406000,406000,406000,406000,406000,406000
64300325,위드라이프 WITH50UEX (상하좌우형 벽걸이),414000,414000,414000,414000,414000,414000,414000,414000
30067949,위드라이프 WITH50UEX (스탠드),315490,315490,315490,315490,308850,308850,308850,308850
72299471,위드라이프 WITH55SMART4K (상하좌우형 벽걸이),496000,496000,496000,476000,476000,476000,476000,476000
30068960,위드라이프 WITH55SMART4K (스탠드),396530,396530,388990,388990,388190,388190,388190,388190
30001205,위드라이프 WITH55UEX (벽걸이),466000,466000,466000,486000,486000,486000,486000,486000
67510088,위드라이프 WITH55UEX (상하좌우형 벽걸이),474000,474000,474000,494000,494000,494000,494000,494000
30001151,위드라이프 WITH55UEX (스탠드),359000,359000,359000,378140,370180,370180,370180,370180
30069404,위드라이프 WITH65SMART4K (스탠드),567900,567900,567900,567900,555950,555950,555950,555950
103480298,위드라이프 WITH65SMART4KV5 (벽걸이),696000,696000,696000,696000,696000,696000,696000,696000
103480307,위드라이프 WITH65SMART4KV5 (상하좌우형 벽걸이),704000,704000,704000,704000,704000,704000,704000,704000
103480289,위드라이프 WITH65SMART4KV5 (스탠드),578000,578000,578000,578000,578000,578000,578000,578000
30069269,위드라이프 WITH65UEX (벽걸이),656000,656000,656000,656000,656000,656000,656000,656000
59826401,위드라이프 WITH65UEX (상하좌우형 벽걸이),664000,664000,664000,664000,664000,664000,664000,664000
30069215,위드라이프 WITH65UEX (스탠드),532260,532260,532260,532260,521060,521060,521060,521060
30094418,위드라이프 WITH75SMART4K (벽걸이),946000,946000,946000,946000,946000,946000,946000,946000
76328915,위드라이프 WITH75SMART4K (상하좌우형 벽걸이),966000,966000,966000,966000,966000,966000,966000,966000
30094373,위드라이프 WITH75SMART4K (스탠드),743020,743020,743020,743020,727380,727380,727380,727380
30094217,위드라이프 WITH75UEX (벽걸이),889000,889000,889000,889000,889000,889000,889000,889000
59827751,위드라이프 WITH75UEX (상하좌우형 벽걸이),909000,909000,909000,909000,909000,909000,909000,909000
30094127,위드라이프 WITH75UEX (스탠드),726510,726510,726510,726510,711210,711210,711210,711210
82471538,위드라이프 WITH85SMART4K (벽걸이),1230000,1230000,1230000,1230000,1230000,1230000,1230000,1230000
104613947,위드라이프 WITH85SMART4K (상하좌우형 벽걸이),1250000,1250000,1250000,1250000,1250000,1250000,1250000,1250000
82471529,위드라이프 WITH85SMART4K (스탠드),1044990,1044990,1044990,1044990,1023000,1023000,1023000,1023000
30094751,위드라이프 WITH86UEX (스탠드),1080000,1080000,1080000,1080000,1080000,1080000,1080000,1080000
98071958,위드라이프 WITH98SMART4K (벽걸이),2570000,2570000,2570000,2570000,2570000,2570000,2570000,2570000
98071940,위드라이프 WITH98SMART4K (스탠드),2059990,2059990,2059990,2059990,2040320,2040320,2040320,2040320
30000992,위드라이프 WN432FHD (벽걸이),291000,291000,291000,301000,301000,301000,301000,301000
102759821,위드라이프 WN432FHD (상하좌우형 벽걸이),298000,298000,298000,308000,308000,308000,308000,308000
29933213,위드라이프 WN432FHD (스탠드),212430,212430,212430,215260,213040,213040,213040,213040
93444374,윈스타비투비 WS-QB-430 (키오스크형),1500000,1500000,1500000,1500000,1500000,1500000,1500000,1500000
50124230,윈스타비투비 WS-QB-430G (키오스크형),1650000,1650000,1650000,1633500,1633500,1633500,1633500,1633500
93444428,윈스타비투비 WS-QB-430IR (키오스크형),1850000,1850000,1850000,1850000,1850000,1850000,1850000,1850000
93444704,윈스타비투비 WS-QB-500 (키오스크형),1720000,1720000,1720000,1720000,1720000,1720000,1720000,1720000
50124260,윈스타비투비 WS-QB-500G (키오스크형),1881000,1881000,1881000,1782000,1782000,1782000,1782000,1782000
93444731,윈스타비투비 WS-QB-500IR (키오스크형),2130000,2130000,2130000,2130000,2130000,2130000,2130000,2130000
93444896,윈스타비투비 WS-QB-550 (키오스크형),1990000,1990000,1990000,1990000,1990000,1990000,1990000,1990000
50124299,윈스타비투비 WS-QB-550G (키오스크형),2170000,2170000,2170000,2029500,2029500,2029500,2029500,2029500
93444923,윈스타비투비 WS-QB-550IR (키오스크형),2410000,2410000,2410000,2410000,2410000,2410000,2410000,2410000
93444959,윈스타비투비 WS-QB-650 (키오스크형),2590000,2590000,2590000,2590000,2590000,2590000,2590000,2590000
50124335,윈스타비투비 WS-QB-650G (키오스크형),2545000,2435570,2435570,2196320,2196320,2196320,2196320,2196320
93444983,윈스타비투비 WS-QB-650IR (키오스크형),3150000,3150000,3150000,3150000,3150000,3150000,3150000,3150000
93445070,윈스타비투비 WS-QB-750 (키오스크형),3750000,3750000,3750000,3750000,3750000,3750000,3750000,3750000
50124362,윈스타비투비 WS-QB-750G (키오스크형),3959990,3959990,3959990,3400000,3400000,3400000,3400000,3400000
93445088,윈스타비투비 WS-QB-750IR (키오스크형),4400000,4400000,4400000,4400000,4400000,4400000,4400000,4400000
50124488,윈스타비투비 WS-QH-430G (키오스크형),1880000,1880000,1880000,1782000,1782000,1782000,1782000,1782000
50124497,윈스타비투비 WS-QH-500G (키오스크형),2177990,2177990,2177990,1930500,1930500,1930500,1930500,1930500
50124503,윈스타비투비 WS-QH-550G (키오스크형),2385890,2385890,2385890,2276990,2276990,2276990,2276990,2276990
94128959,윈스타비투비 WS-QH-650 (키오스크형),3090000,3090000,3090000,3090000,3090000,3090000,3090000,3090000
50124542,윈스타비투비 WS-QH-650G (키오스크형),3217490,3217490,3217490,2871000,2871000,2871000,2871000,2871000
94128977,윈스타비투비 WS-QH-650IR (키오스크형),3670000,3670000,3670000,3670000,3670000,3670000,3670000,3670000
94028621,윈스타비투비 WS-QH-750 (키오스크형),4400000,4400000,4400000,4400000,4400000,4400000,4400000,4400000
49999076,윈스타비투비 WS-QH-750G (키오스크형),4059000,4059000,4059000,3960000,3960000,3960000,3960000,3960000
94028636,윈스타비투비 WS-QH-750IR (키오스크형),5300000,5300000,5300000,5300000,5300000,5300000,5300000,5300000
49999133,윈스타비투비 WS-QM-430G (키오스크형),1750000,1750000,1750000,1692900,1692900,1692900,1692900,1692900
49999157,윈스타비투비 WS-QM-500G (키오스크형),1999790,1999790,1999790,1930500,1930500,1930500,1930500,1930500
49999208,윈스타비투비 WS-QM-550G (키오스크형),2239990,2239990,2239990,2128490,2128490,2128490,2128490,2128490
93861149,윈스타비투비 WS-QM-650 (키오스크형),2830000,2830000,2830000,2830000,2830000,2830000,2830000,2830000
49999262,윈스타비투비 WS-QM-650G (키오스크형),2870990,2870990,2870990,2574000,2574000,2574000,2574000,2574000
93861161,윈스타비투비 WS-QM-650IR (키오스크형),3410000,3410000,3410000,3410000,3410000,3410000,3410000,3410000
93864236,윈스타비투비 WS-QM-750 (키오스크형),4140000,4140000,4140000,4140000,4140000,4140000,4140000,4140000
49999316,윈스타비투비 WS-QM-750G (키오스크형),3861000,3861000,3861000,3861000,3861000,3861000,3861000,3861000
93864251,윈스타비투비 WS-QM-750IR (키오스크형),5130000,5130000,5130000,5130000,5130000,5130000,5130000,5130000
18639512,유니피엠 APEU109F (스탠드),562160,562190,562270,562350,562450,562470,562480,562570
18639395,유니피엠 APEU320H (스탠드),333280,333310,333320,333370,333410,333450,333450,333540
18647225,유니피엠 APEU400F (스탠드),478380,478410,478420,478470,478570,478590,478680,478710
49740827,유니피엠 HQ32TVHD (스탠드),224200,224200,224200,224200,224200,224200,224200,224200
49740947,유니피엠 HQ40TVFHD (스탠드),308800,308920,309030,309070,309150,309240,309340,309460
49740965,유니피엠 HQ43TVFHD (스탠드),346920,347040,347070,347130,347170,347230,347320,347440
49742006,유니피엠 HQG50TVUHD (스탠드),706760,706880,706990,707070,707170,707230,707230,707330
49740758,유니피엠 HQG55TVUHD (스탠드),960990,960990,960990,960990,960990,960990,960990,960990
49996643,유니피엠 HQG65TVUHD (스탠드),1237800,1237920,1238030,1238070,1238150,1238240,1238340,1238460
18647519,유니피엠 PEU500U (스탠드),687180,687210,687290,687370,687410,687450,687450,687540
18647708,유니피엠 PEU550U (스탠드),868110,868200,868230,868290,868400,868430,868520,868550
18647933,유니피엠 PEU650U (스탠드),1095180,1095210,1095290,1095330,1095340,1095410,1095450,1095540
29940629,유맥스 Ai32G (스탠드),259000,259000,259000,259000,259000,259000,259000,259000
56342900,유맥스 Ai32G 이동형 패키지,259000,259000,259000,259000,259000,259000,259000,259000
21647807,유맥스 Ai43G (스탠드),379000,379000,379000,379000,379000,379000,371020,371020
20380409,유맥스 Ai50G (스탠드),448870,448870,448870,448870,448870,449340,449330,449330
21455417,유맥스 Ai55G (스탠드),507550,507550,507550,507550,507550,518990,508070,508070
20648171,유맥스 Ai65G (스탠드),683570,683570,683570,683570,683570,684290,684280,684280
20639987,유맥스 Ai75G (스탠드),988990,988990,988990,988990,988990,988990,968180,968180
86100059,유맥스 MX32F (스위블 스탠드),189000,189000,189000,189000,189000,189000,185020,185020
6401933,유맥스 MX32F (스탠드),159000,159000,159000,159000,159000,159000,155650,155650
85663322,유맥스 MX32H (스위블 스탠드),169000,169000,169000,169000,169000,169000,169000,169000
6420645,유맥스 MX32H (스탠드),143000,143000,143000,143000,143000,143000,139990,139990
6520743,유맥스 MX40F (스탠드),219000,219000,219000,219000,219000,219000,214390,214390
6707206,유맥스 MX43F (스탠드),245000,245000,245000,245000,245000,245000,239840,239840
10289484,유맥스 UHD43S (스탠드),299000,299000,299000,299000,299000,299000,292700,292700
9909033,유맥스 UHD50L (스탠드),339000,339000,339000,339000,339000,339000,331870,331870
6416690,유맥스 UHD55L (스탠드),399000,399000,399000,399000,399000,399000,390600,390600
7097710,유맥스 UHD65L (스탠드),599000,599000,599000,599000,599000,599000,586390,586390
122677374,유맥스 스테이온유 SU27DUO 이동형 패키지,411310,411310,411310,411310,411310,411310,411310,411310
31995983,이노스 32FHD KU 돌비 스마트 AI 구글3.0 (스탠드),269000,269000,269000,269000,269000,269000,269000,269000
48925709,이노스 32HD 화이트에디션 구글 스마트 TV (스탠드),289000,289000,289000,289000,289000,289000,289000,289000
68579810,이노스 70UHD 화이트에디션 클리어쾀 (벽걸이),637840,637840,637840,637840,637840,637840,637840,637840
57289679,이노스 70UHD 화이트에디션 클리어쾀 (스탠드),603700,603700,603700,603700,603700,603700,603700,603700
6442302,이노스 E4000FC (스탠드),434000,434000,434000,434000,434000,434000,434000,434000
46675871,이노스 E5500UHD 제로베젤 VA (스탠드),639000,639000,639000,639000,639000,639000,639000,639000
8126020,이노스 E6500UHD 제로베젤 (벽걸이),729000,729000,729000,729000,729000,729000,729000,729000
5653117,이노스 E6500UHD 제로베젤 (스탠드),729000,729000,729000,729000,729000,729000,729000,729000
17710265,이노스 E7500UHD 제로베젤 (스탠드),1199000,1199000,1199000,1199000,1199000,1199000,1199000,1199000
90272150,이노스 S2401KU (스탠드),299000,299000,299000,299000,299000,299000,299000,299000
18298493,이노스 S5501KU IPS (스탠드),649000,649000,649000,649000,649000,649000,649000,649000
17695136,이노스 S5511KU (스탠드),999000,999000,999000,999000,999000,999000,999000,999000
18298289,이노스 S6501KU (스탠드),899000,899000,899000,899000,899000,899000,899000,899000
20159936,이노스 S7501KU (스탠드),1279000,1279000,1279000,1279000,1279000,1279000,1279000,1279000
19536308,이노스 S8511KU (스탠드),1190000,1190000,1190000,1190000,1190000,1190000,1190000,1190000
59990615,이노스 X55 PRO 144Hz QLED TV 화이트 (스탠드),969000,969000,969000,969000,969000,969000,969000,969000
53730134,이노스 X55 PRO QLED 퀀텀 스마트 Ai 구글 3.0 (스탠드),1010000,1010000,1010000,1010000,1010000,1010000,1010000,1010000
59993726,이노스 X65 PRO 144Hz QLED TV 화이트 (스탠드),899000,899000,899000,899000,839000,839000,839000,839000
53726285,이노스 X65 PRO QLED 퀀텀 스마트 Ai 구글 3.0 (스탠드),1060000,1060000,1060000,1060000,1060000,1060000,1060000,1060000
59980043,이노스 X75 PRO 144Hz QLED TV 화이트 (스탠드),1599000,1599000,1599000,1599000,1599000,1599000,1599000,1599000
58836992,이노스 X75 QLED 퀀텀 스마트 Ai 구글 3.0 (스탠드),1609000,1609000,1609000,1609000,1609000,1609000,1609000,1609000
12332891,이노스 네츄럴 S6530GG 스마트 Pure Sound (스탠드),1159000,1159000,1159000,1159000,1159000,1159000,1159000,1159000
12332477,이노스 네츄럴 S7530GG 스마트 Pure Sound (스탠드),938000,938000,938000,938000,938000,938000,938000,938000
72967820,이노스 삼탠바이미 32FHD 화이트 이동형 패키지 (이노스 FS-20),349000,349000,349000,349000,349000,349000,343170,343170
48925718,이노스 삼탠바이미 32HD 스마트 구글 TV 이동형 패키지 (이노스 FS-20),349000,349000,349000,349000,349000,349000,349000,349000
65354753,이노스 삼탠바이미 43FHD 구글 스마트 TV 이동형 패키지 (이노스 FS-20),559000,559000,559000,559000,559000,559000,559000,559000
49997972,이노스 삼탠바이미 75UHD 구글 스마트 TV 이동형 패키지 (이노스 FS-30),1199000,1199000,1199000,1199000,1199000,1199000,1199000,1199000
15951605,이노스 하이센스 55A6G 스마트 (스탠드),431920,431920,431920,431920,431920,431920,431920,431920
58009070,이브이인터내셔널 EV3200H (스탠드),96000,96000,96000,96000,96000,96000,96000,96000
59828855,이스트라 144HZ VRR 85 UHD AI 구글 TV (상하좌우형 벽걸이),1503920,1503920,1503920,1503920,1503920,1503920,1503920,1503920
59760353,이스트라 144Hz VRR 65 UHD AI 구글 TV (상하좌우형 벽걸이),711920,711920,711920,711920,711920,,,
71720666,이스트라 AI 맥스 139cm (55인치) UHD 구글 5.0 스마트TV (스탠드),928000,928000,928000,928000,928000,928000,928000,928000
71007590,이스트라 AI 맥스 165cm (65인치) QLED 구글 5.0 스마트TV (스탠드),1449000,1449000,1449000,1449000,1449000,1449000,1449000,1449000
71972279,이스트라 AI 맥스 65 UHD 구글 5.0 스마트TV (스탠드),1259000,1259000,1259000,1259000,1259000,1259000,1259000,1259000
54940940,이스트라 쿠카 144HZ AI 75 QLED 퀀텀 사운드 구글TV (벽걸이),1195920,1195920,1195920,1195920,1195920,,,
53521796,이스트라 쿠카 144HZ AI 75 QLED 퀀텀 사운드 구글TV (스탠드),1125520,1125520,1125520,1125520,1125520,,,
62318153,이스트라 쿠카 144Hz AI 55 미니LED 퀀텀 사운드 구글TV (상하좌우형 벽걸이),767360,767360,767360,767360,767360,767360,767360,767360
59829671,이스트라 쿠카 144Hz AI 75 미니LED 퀀텀 사운드 구글TV (벽걸이),1407120,1407120,1407120,1407120,1407120,,,
59829695,이스트라 쿠카 144Hz AI 75 미니LED 퀀텀 사운드 구글TV (상하좌우형 벽걸이),1451120,1451120,1451120,1451120,1451120,1451120,1451120,1451120
59749982,이스트라 쿠카 144Hz AI 75 미니LED 퀀텀 사운드 구글TV (스탠드),1336720,1336720,1336720,1336720,1336720,,,
59829710,이스트라 쿠카 144Hz AI 75 미니LED 퀀텀 사운드 구글TV (이스트라 이젤형 스탠드 C타입),1503920,1503920,1503920,1503920,1503920,1503920,1503920,1503920
30340727,이스트라 쿠카 UC861UHD SMART THE MAXIMUM (스탠드),1999000,1999000,1999000,1999000,1999000,1999000,1999000,1999000
63421757,이스트라 쿠카 팔로미 24 스마트 포터블 구글TV (스탠드),700900,700900,700900,700900,700900,700900,700900,700900
64296809,이스트라 쿠카 팔로미 24 스마트 포터블 구글TV 이동형 패키지 (이스트라 팔로미 24 무빙스탠드 C타입),774900,774900,774900,774900,774900,774900,774900,774900
72063230,익스프레스럭코리아 GTNB320HD11 화이트에디션 이동형 패키지 (와이드뷰 V1),367630,367630,367630,367630,367630,367630,367630,367630
122703068,익스프레스럭코리아 HQ85TVUHD (스탠드),2322990,2322990,2322990,2322990,2322990,2322990,2322990,2322990
21544109,익스프레스럭코리아 LE-401FC (스탠드),208050,208050,208050,208050,208050,208050,203670,203670
18545726,익스프레스럭코리아 LE-751U (스탠드),759050,759050,759050,759050,759050,743070,743070,743070
16975058,익스프레스럭코리아 NB400FHD (스탠드),257940,257940,257940,257940,257940,257940,245040,245040
16946117,익스프레스럭코리아 NBH550UHD-E01 (스탠드),388550,388550,388550,388550,388550,388550,380370,380370
16943804,익스프레스럭코리아 NBH650UHD-E01 (스탠드),597550,597550,597550,597550,597550,584970,584970,584970
16985633,익스프레스럭코리아 SGA43UEX1 (스탠드),341050,341050,341050,341050,341050,341050,333870,333870
16998680,익스프레스럭코리아 SGA50UEX1 (스탠드),379050,379050,379050,379050,379050,379050,371070,371070
17027234,익스프레스럭코리아 SGA55UEX1 (스탠드),445550,445550,445550,445550,445550,445550,436170,436170
16836164,익스프레스럭코리아 SGA65UEX1 (스탠드),645050,645050,645050,645050,645050,631470,631470,631470
17792735,인켈 EF43HK (스탠드),269590,269590,269590,269000,273764,273764,273764,273764
17765657,인켈 EU55HKD (스탠드),428990,428990,409000,409000,428990,428990,428990,409000
34815713,인켈 IK27HKG 이동형 패키지,712010,712010,712010,712010,712010,712010,712010,712010
11282844,인켈 KF43HK (스탠드),368000,368000,368000,368000,368000,368000,368000,368000
17999795,인켈 PIC65U (스탠드),579000,579000,579000,579000,579000,579000,579000,579000
17831738,인켈 PIH32H (스탠드),163220,163220,163220,164970,165735,165735,165735,165735
17864780,인켈 PIH50U (스탠드),375060,375060,375060,375060,375060,375060,375060,375060
16689773,인켈 SD32HK (벽걸이),237060,237060,237060,239610,241956,241956,241956,241956
15893222,인켈 SD32HK (스탠드),145890,145890,145890,147460,148896,148896,148896,148896
10945695,인켈 SD43HK (벽걸이),342820,342820,342820,346510,349906,349906,349906,349906
10939209,인켈 SD43HK (스탠드),297230,297230,297230,300430,303376,303376,303376,303376
101076998,인켈 SU430CHD (스탠드),739000,739000,739000,739000,739000,331550,331550,331550
17856698,인켈 SU50HKD (스탠드),475000,475000,475000,475000,475000,475000,475000,475000
92106755,인켈 SU550CHD (스탠드),1690000,1690000,1690000,1690000,1690000,1690000,1690000,1690000
90577364,인켈 SU55CKD (벽걸이),531770,531770,531770,531770,533234,533234,533234,533234
27223559,인켈 SU55CKD (스탠드),433730,433730,433730,435900,440174,440174,440174,440174
101077136,인켈 SU650CHD (스탠드),678030,678030,678030,678030,678030,678030,678030,678030
101077532,인켈 SU750CHD (벽걸이),2490000,2490000,2490000,2490000,2490000,2490000,2490000,2490000
101077304,인켈 SU750CHD (스탠드),829990,829990,829990,829990,829990,829990,829990,829990
92106704,인켈 SUS430CHD (스탠드),483000,483000,483000,483000,483000,483000,483000,483000
101076830,인켈 SUS550CHD (스탠드),521000,521000,521000,521000,521000,521000,521000,521000
92106737,인켈 SUS650CHD (스탠드),1940260,1940260,1940260,1940260,1921100,1921100,1921100,1921100
92106821,인켈 SUS750CHD (스탠드),2218770,2218770,2218770,2218770,2211210,2211210,2211210,2211210
64296191,인켈 구글 75 홈스튜디오 PRO 144QD (스탠드),990000,990000,990000,990000,990000,990000,990000,990000
64296206,인켈 구글 86 홈스튜디오 PRO 144QD (스탠드),1790000,1790000,1790000,1790000,1790000,1790000,1790000,1790000
17829599,자비오씨엔씨 엑사비오 X4300EWT (스탠드),352600,352600,352600,352600,352600,352600,352600,352600
18276476,잘컴 ZMB-320A (벽걸이),600000,600000,600000,600000,600000,600000,600000,600000
18542420,잘컴 ZSD-430U (키오스크형),1480000,1480000,1480000,1480000,1480000,1480000,1480000,1480000
6785905,저스트인테크 JIT200TV (스탠드),147860,147860,147860,147860,147860,147860,147860,147860
9760641,저스트인테크 JIT320TV (스탠드),166250,166250,166250,166250,166250,166250,166250,166250
90437765,정림전자 GMASTAR JS25V60 이동형 패키지 (뷰시스 무빙),210000,210000,210000,210000,210000,210000,210000,210000
10843350,제노스미디어 CO320SHD (스탠드),220000,220000,220000,210540,210540,210540,210540,210540
72756719,제노스미디어 CO430BAQD (스탠드),379050,379050,379050,379050,379050,379050,379050,379050
122625505,제노스미디어 CO430MTQD (스탠드),398220,398340,398370,398430,398470,398540,398640,398760
72816548,제노스미디어 CO550BAQD (스탠드),524870,524990,525100,525200,525310,525410,525530,525650
72816617,제노스미디어 CO650BAQD (스탠드),649900,649900,649900,649900,649900,649900,649900,649900
72816584,제노스미디어 CO750BAQD (스탠드),940500,940500,940500,940500,940500,940500,940500,940500
2921894,제이투닷컴 프리미어 JT1500 (스탠드),518910,518910,518910,518910,518910,518910,518910,518910
11787946,주연전자 H4K65HDR (스탠드),990000,990000,990000,990000,990000,990000,990000,990000
13950470,주연전자 JD550SUN-K (스탠드),420000,420000,420000,420000,420000,420000,420000,420000
87969644,주연테크 HG-320ZX 이동형 패키지 (이노스 FS-20),392000,392000,392000,400000,400000,400000,400000,400000
21462404,주연테크 J50HDR-DN8 (벽걸이),518420,518420,518420,529000,529000,529000,529000,529000
18198623,주연테크 J50HDR-DN8 (스탠드),449000,449000,449000,449000,449000,449000,449000,449000
18178970,주연테크 J65HDR-DN8 (벽걸이),899000,899000,899000,899000,899000,899000,899000,899000
18178937,주연테크 J65HDR-DN8 (스탠드),789000,789000,789000,789000,789000,789000,789000,789000
90647399,주연테크 JC320HD (스탠드),180000,180000,180000,180000,180000,180000,180000,180000
94519130,주연테크 JD504QGUN-G (스탠드),565430,565430,565430,565430,565430,565430,565430,565430
29682146,주연테크 JGQ55HDR-DN8 (스탠드),685020,685020,685020,699000,699000,699000,699000,699000
94639862,주연테크 JSG50HDR-DN7 (벽걸이),659000,659000,659000,659000,659000,659000,659000,659000
94639859,주연테크 JSG50HDR-DN7 (스탠드),555000,555000,555000,555000,555000,555000,555000,555000
65224445,주연테크 JSG55HDR-DN7 (스탠드),587020,587020,587020,599000,599000,599000,599000,599000
52154231,주연테크 JSG65HDR-DN7 (벽걸이),990000,990000,990000,990000,990000,990000,990000,990000
52154225,주연테크 JSG65HDR-DN7 (스탠드),890000,890000,890000,890000,890000,890000,890000,890000
19238699,주연테크 JSG75HDR-DN7 (스탠드),1371020,1371020,1371020,1399000,1399000,1399000,1399000,1399000
92762339,주연테크 JSG75HDR-DN9 (벽걸이),1330000,1330000,1330000,1330000,1330000,1330000,1330000,1330000
89604521,주연테크 JSG75HDR-DN9 (스탠드),1230000,1230000,1230000,1230000,1230000,1230000,1230000,1230000
52156319,주연테크 UN550ZX (벽걸이),669000,669000,669000,669000,669000,669000,669000,669000
52156301,주연테크 UN550ZX (스탠드),479220,479220,479220,489000,489000,489000,489000,489000
52156175,주연테크 UN650ZX (스탠드),685020,685020,685020,699000,699000,699000,699000,699000
123803151,창홍 CH551UHD Google N9GPB1 (무타공 벽걸이),778000,778000,778000,778000,778000,778000,778000,778000
123742699,창홍 CH551UHD Google N9GPB1 (스탠드),479000,479000,479000,479000,479000,479000,479000,479000
124115525,창홍 CH551UHD Google N9GPB1 이동형 패키지,532000,532000,532000,532000,532000,532000,532000,532000
124101558,창홍 CH651UHD Google N9GPB1 (스탠드),684000,684000,684000,679000,679000,679000,679000,679000
124101625,창홍 CH651UHD Google N9GPB1 이동형 패키지,716000,716000,716000,712000,712000,712000,712000,712000
124115533,창홍 CH751UHD Google N9GPB1 (스탠드),898990,898990,898990,898990,898990,898990,898990,898990
124115619,창홍 CH751UHD Google N9GPB1 이동형 패키지,1102000,1102000,1102000,1102000,1102000,1102000,1102000,1102000
55457600,창홍 U43G7L (벽걸이),309000,309000,309000,309000,309000,309000,309000,309000
57304067,창홍 U50G7L (벽걸이),387030,387030,387030,387030,387030,387030,387030,387030
20384102,창홍 U65G7L (스탠드),807500,807500,807500,807500,807500,807500,807500,807500
106223462,창홍 스마트TV 4K CH401FHD Google M9GPW1 (벽걸이),373000,373000,373000,363000,363000,363000,363000,363000
106223468,창홍 스마트TV 4K CH401FHD Google M9GPW1 (상하좌우형 벽걸이),405000,405000,405000,395000,395000,395000,395000,395000
106223384,창홍 스마트TV 4K CH401FHD Google M9GPW1 (스탠드),305000,305000,305000,295000,295000,295000,295000,295000
106223483,창홍 스마트TV 4K CH401FHD Google M9GPW1 이동형 패키지,350000,350000,350000,357900,357900,357900,357900,357900
98924981,창홍 스마트TV 4K CH431UHD Google M9GPW1 120Hz 구글 5.0 (스탠드),359000,359000,359000,359000,359000,359000,359000,359000
100621493,창홍 스마트TV 4K CH431UHD Google M9GPW1 120Hz 구글 5.0 이동형 패키지 (창홍 라이트),419000,419000,419000,411900,411900,411900,411900,411900
122711921,창홍 스마트TV 4K CH431UHD Google M9GPW1 120Hz 구글 5.0 이동형 패키지 (창홍 에센셜),445900,445900,445900,445900,445900,445900,445900,445900
122711923,창홍 스마트TV 4K CH431UHD Google M9GPW1 120Hz 구글 5.0 이동형 패키지 (창홍 큐브),444900,444900,444900,444900,444900,444900,444900,444900
108398381,창홍 스마트TV 4K CH501FHD Google M9GPW1 (벽걸이),462000,462000,462000,462000,462000,462000,462000,462000
108398393,창홍 스마트TV 4K CH501FHD Google M9GPW1 (상하좌우형 벽걸이),494000,494000,494000,494000,494000,494000,494000,494000
108398342,창홍 스마트TV 4K CH501FHD Google M9GPW1 (스탠드),349000,349000,349000,349000,349000,349000,349000,349000
124115145,창홍 스마트TV 4K CH501FHD Google M9GPW1 이동형 패키지,512000,512000,512000,512000,512000,512000,512000,512000
78234197,창홍 스마트TV 4K U43M9 120Hz 구글 5.0 안드로이드 14 (벽걸이),431000,431000,431000,423000,423000,423000,423000,423000
98765963,창홍 스마트TV 4K U43M9 120Hz 구글 5.0 안드로이드 14 (상하좌우형 벽걸이),463000,463000,463000,455000,455000,455000,455000,455000
78234209,창홍 스마트TV 4K U50M9 120Hz 구글 5.0 안드로이드 14 (벽걸이),413000,413000,413000,413000,413000,413000,413000,413000
98765969,창홍 스마트TV 4K U50M9 120Hz 구글 5.0 안드로이드 14 (상하좌우형 벽걸이),445000,445000,445000,445000,445000,445000,445000,445000
78234206,창홍 스마트TV 4K U50M9 120Hz 구글 5.0 안드로이드 14 (스탠드),373000,373000,373000,373000,373000,373000,373000,373000
123803158,창홍 스마트TV 4K U55M9 120Hz 구글 5.0 안드로이드 14 (무타공 벽걸이),758000,758000,758000,758000,758000,758000,758000,758000
78234368,창홍 스마트TV 4K U55M9 120Hz 구글 5.0 안드로이드 14 (벽걸이),547000,547000,547000,547000,547000,547000,547000,547000
98765972,창홍 스마트TV 4K U55M9 120Hz 구글 5.0 안드로이드 14 (상하좌우형 벽걸이),579000,579000,579000,579000,579000,579000,579000,579000
78234362,창홍 스마트TV 4K U55M9 120Hz 구글 5.0 안드로이드 14 (스탠드),458990,458990,458990,458990,458990,458990,458990,458990
123803194,창홍 스마트TV 4K U65M9 120Hz 구글 5.0 안드로이드 14 (무타공 벽걸이),978000,978000,978000,978000,978000,978000,978000,978000
78234404,창홍 스마트TV 4K U65M9 120Hz 구글 5.0 안드로이드 14 (벽걸이),761000,761000,761000,756000,756000,756000,756000,756000
98765975,창홍 스마트TV 4K U65M9 120Hz 구글 5.0 안드로이드 14 (상하좌우형 벽걸이),801000,801000,801000,796000,796000,796000,796000,796000
78234398,창홍 스마트TV 4K U65M9 120Hz 구글 5.0 안드로이드 14 (스탠드),659000,659000,659000,659000,659000,659000,659000,659000
123803227,창홍 스마트TV 4K U75M9 120Hz 구글 5.0 안드로이드 14 (무타공 벽걸이),1198000,1198000,1198000,1198000,1198000,1198000,1198000,1198000
78234434,창홍 스마트TV 4K U75M9 120Hz 구글 5.0 안드로이드 14 (벽걸이),976000,976000,976000,976000,976000,976000,976000,976000
98765978,창홍 스마트TV 4K U75M9 120Hz 구글 5.0 안드로이드 14 (상하좌우형 벽걸이),1012000,1012000,1012000,1012000,1012000,1012000,1012000,1012000
78234428,창홍 스마트TV 4K U75M9 120Hz 구글 5.0 안드로이드 14 (스탠드),867000,867000,867000,867000,867000,867000,867000,867000
124115457,창홍 스마트TV CH321FHD Google M9GPW1 구글 5.0 (벽걸이),308550,308550,308550,301550,301550,301550,301550,301550
124115460,창홍 스마트TV CH321FHD Google M9GPW1 구글 5.0 (상하좌우형 벽걸이),318550,318550,318550,311550,311550,311550,311550,311550
103691357,창홍 스마트TV CH321FHD Google M9GPW1 구글 5.0 (스탠드),246000,246000,246000,239000,239000,239000,239000,239000
17700314,카멜 CDS3220 (본체),239000,239000,239000,239000,239000,239000,239000,239000
19766792,카멜 CDS3220 (스탠드),305260,305260,305260,305260,305260,305260,305260,305260
20137853,카멜 CDS3220 (이동형 스탠드),250970,250970,250970,250970,250970,250970,250970,250970
67578422,카멜 CDS3220 + DS플레이어 (본체),321700,321700,321700,321700,321700,321700,321700,321700
58911995,카멜 CDS3220 + DS플레이어 (이동형 스탠드),387180,387180,387180,387180,387180,387180,387180,387180
31343357,카멜 CDS3220 + 셋탑박스 AP2000 (이동형 스탠드),412500,412500,412500,412500,412500,412500,412500,412500
58911968,카멜 CDS3220 + 셋탑박스 MB2310 (이동형 스탠드),317790,317790,317790,317790,317790,317790,317790,317790
91040537,카멜 CDS3220 + 순번호출 (벽걸이 WBT42E),389690,389690,389690,389690,389690,389690,389690,389690
91040399,카멜 CDS3220 + 순번호출 (이동형 스탠드),411570,411570,411570,411570,411570,411570,411570,411570
91040507,카멜 CDS3220 + 순번호출 (천장형 CB32),448000,448000,448000,448000,448000,448000,448000,448000
16298327,카멜 CDS4010 (본체),399000,399000,399000,399000,399000,399000,399000,399000
20137910,카멜 CDS4010 (이동형 스탠드),411490,411490,411490,411490,411490,411490,411490,411490
67578113,카멜 CDS4010 + DS플레이어 (본체),473530,473530,473530,473530,473530,473530,473530,473530
58912061,카멜 CDS4010 + DS플레이어 (이동형 스탠드),539020,539020,539020,539020,539020,539020,539020,539020
94083263,카멜 CDS4010 + DS플레이어 (이젤형 스탠드 PS55),481780,481780,481780,481780,481780,481780,481780,481780
58912103,카멜 CDS4010 + 셋톱박스 AP2000 (이동형 스탠드),491570,491570,491570,491570,491570,491570,491570,491570
71283230,카멜 CDS4010 + 셋톱박스 MB2300 (이동형 스탠드),502500,502500,502500,502500,502500,502500,502500,502500
74052500,"카멜 CDS4010 + 셋톱박스 MB2310 (벽걸이, WB42)",398400,398400,398400,398400,398400,398400,398400,398400
74052527,"카멜 CDS4010 + 셋톱박스 MB2310 (벽걸이, WBT42E)",399280,399280,399280,399280,399280,399280,399280,399280
58912130,카멜 CDS4010 + 셋톱박스 MB2310 (이동형 스탠드),466240,466240,466240,466240,466240,466240,466240,466240
94881020,카멜 CDS4010 + 순번호출 (벽걸이 WBT42E),508970,508970,508970,508970,508970,508970,508970,508970
94880945,카멜 CDS4010 + 순번호출 (천장형 CB55),537940,537940,537940,537940,537940,537940,537940,537940
94880978,카멜 CDS4010 + 순번호출 (카멜마운트 SMB32),543200,543200,543200,543200,543200,543200,543200,543200
71283182,카멜 CDS4010 + 플레이어 모듈 (스탠드 ASB55F),590570,590580,590580,590590,590590,590600,590600,603430
17071454,카멜 CDS4310 (본체),429990,429990,429990,429990,429990,429990,412260,412260
94082927,카멜 CDS4310 (이젤형 스탠드 PS55),394020,394020,394020,394020,394020,394020,394020,394020
67579700,카멜 CDS4310 + DS플레이어 (본체),502940,502940,502940,502940,502940,502940,502940,502940
58912184,카멜 CDS4310 + DS플레이어 (이동형 스탠드 SMB49),588360,588360,588360,588360,588360,588360,588360,588360
94083038,카멜 CDS4310 + DS플레이어 (이젤형 스탠드 PS55),508970,508970,508970,508970,508970,508970,508970,508970
18021800,카멜 CDS4310 + 셋탑박스 MB2300 (본체),480000,480000,480000,480000,480000,480000,480000,480000
48477299,카멜 CDS4310 + 셋탑박스 MB2310 (이동형 스탠드 SMB49),549000,549000,549000,549000,549000,549000,549000,549000
94881071,카멜 CDS4310 + 순번호출 (벽걸이 BT55),543200,543200,543200,543200,543200,543200,543200,543200
94880795,카멜 CDS4310 + 순번호출 (천장형 CB55),565140,565140,565140,565140,565140,565140,565140,565140
123971956,"카멜 CDS4310 천장형 (3대, MB3)",1438190,1438190,1438190,1438190,1438190,1422890,1422890,1422890
17205440,카멜 CDS4320S (키오스크형),1200000,1200000,1200000,1200000,1200000,1200000,1200000,1200000
17052170,카멜 CDS5520 (본체),578990,578990,578990,578990,578990,578990,578990,578990
94083149,카멜 CDS5520 (이젤형 스탠드 PS55),525650,525650,525650,525650,525650,525650,525650,525650
95001380,카멜 CDS5520 + DS플레이어 (본체),645290,645290,645290,645290,645290,645290,645290,645290
94083200,카멜 CDS5520 + DS플레이어 (이젤형 스탠드 PS55),729000,729000,729000,729000,729000,729000,729000,729000
74052578,"카멜 CDS5520 + 셋탑박스 MB2310 (벽걸이, BT55)",570400,570400,570400,570400,570400,570400,570400,570400
74052560,"카멜 CDS5520 + 셋탑박스 MB2310 (벽걸이, WB65)",566020,566020,566020,566020,566020,566020,566020,566020
94881113,카멜 CDS5520 + 순번호출 (벽걸이 BT55),683610,683610,683610,683610,683610,683610,683610,683610
94880783,카멜 CDS5520 + 순번호출 (천장형 CB55),695910,695910,695910,695910,695910,695910,695910,695910
72300002,카멜 CLC2.512V (이동형 스탠드 PS55),963860,963860,963860,963860,963860,963860,963860,963860
30104132,카멜 CLS2.5111V (스탠드),1700000,1700000,1700000,1700000,1700000,1700000,1700000,1700000
58912433,카멜 CLS2.5111VS (키오스크형),2100000,2100000,2100000,2100000,2100000,2100000,2100000,2100000
94083932,카멜 CLS2.5210VD (키오스크형),5800000,5800000,5800000,5800000,5800000,5800000,5800000,5800000
94083989,카멜 CLS2.5211VS (키오스크형),3300000,3300000,3300000,3300000,3300000,3300000,3300000,3300000
69697331,카멜 CLS2.525V (천장형),1490000,1490000,1490000,1490000,1490000,1490000,,
30144167,카멜 CLS2.5311V (스탠드),3625140,3625140,3625140,3625140,3625140,3625140,3625140,3625140
90703439,카멜 CLS2.5311VF (이동형 스탠드),4169290,4169290,4169290,4169290,4169290,4169290,4169290,4169290
58591988,카멜 CLS2.5311VS (키오스크형),4400000,4400000,4400000,4400000,4400000,4400000,4400000,4400000
30143978,카멜 CLS2.533H (본체),990000,990000,990000,990000,990000,990000,990000,990000
67580009,카멜 CLS2.533H (스탠드 FSB65W),1190000,1190000,1190000,1190000,1190000,1190000,1190000,1190000
30143765,카멜 CLS2.533H (스탠드),991000,991000,991000,991000,991000,991000,991000,991000
67579967,카멜 CLS2.533H (천장형),1025000,1025000,1025000,1025000,1025000,1025000,1025000,1025000
30144074,카멜 CLS2.541H (본체),590000,590000,590000,590000,590000,590000,590000,590000
30216947,카멜 CLS2.541H (스탠드 FSB65W),689000,689000,689000,689000,689000,689000,689000,689000
67624670,카멜 CLS2.541H (천장형),625000,625000,625000,625000,625000,625000,625000,625000
30216908,카멜 CLS2.541H (카멜마운트 SMB32),679000,679000,679000,679000,679000,679000,679000,679000
30143867,카멜 CLS2.544H (본체),2690000,2690000,2690000,2690000,2690000,2690000,2690000,2690000
30209183,카멜 CLS2.544H (스탠드),2789000,2789000,2789000,2789000,2789000,2789000,2789000,2789000
30209219,카멜 CLS2.544H (이동형 스탠드),2799000,2799000,2799000,2799000,2799000,2799000,2799000,2799000
67625915,카멜 CLS2.544H (천장형),2725000,2725000,2725000,2725000,2725000,2725000,2725000,2725000
30144026,카멜 CLS2.555H (본체),3890000,3890000,3890000,3890000,3890000,3890000,3890000,3890000
30209249,카멜 CLS2.555H (이동형 스탠드),4130000,4130000,4130000,4130000,4130000,4130000,4130000,4130000
30144266,카멜 CLS2.566H (본체),5290000,5290000,5290000,5290000,5290000,5290000,5290000,5290000
30209282,카멜 CLS2.566H (이동형 스탠드),5620000,5620000,5620000,5620000,5620000,5620000,5620000,5620000
69697268,카멜 CLS2.581H (천장형),1100000,1100000,1100000,1100000,1100000,1100000,1100000,1100000
95422598,카멜 CT3210IPS (본체),698990,698990,698990,698990,698990,698990,698990,698990
95422481,카멜 CT3210IPS + DS플레이어 (본체),648550,648550,648550,648550,648550,648550,648550,648550
95422517,카멜 CT3210IPS + DS플레이어 (이동형 스탠드),721860,721860,721860,721860,721860,721860,721860,721860
95422805,카멜 OCLS2.5211V (키오스크형),4790000,4790000,4790000,4790000,4790000,4790000,4790000,4790000
89731052,카멜 OCLS2.526VA (이동형 스탠드),2042850,2042850,2042850,2042850,2042850,2042850,2042850,2042850
89606867,카멜 OCLS2.526VB (이동형 스탠드),2042850,2042850,2042850,2042850,2042850,2042850,2042850,2042850
94083848,카멜 OCLS2.5311V (키오스크형),5900000,5900000,5900000,5900000,5900000,5900000,5900000,5900000
27201824,카멜 OCLS2.561H (벽걸이),1391000,1391000,1391000,1391000,1391000,1391000,1391000,1391000
67578971,카멜 OCLS2.561H (천장형),1390000,1390000,1390000,1390000,1390000,1390000,1390000,1390000
89731019,카멜 OCLS3.0211V (키오스크형),3490000,3490000,3490000,3490000,3490000,3490000,3490000,3490000
89730875,카멜 OCLS3.026VA (이동형 스탠드),1755000,1755000,1755000,1755000,1755000,1755000,1755000,1755000
89730794,카멜 OCLS3.026VB (이동형 스탠드),1755000,1755000,1755000,1755000,1755000,1755000,1755000,1755000
95422742,카멜 OCLS3.0311V (키오스크형),4590000,4590000,4590000,4590000,4590000,4590000,4590000,4590000
89606918,카멜 OCLS4.026VA (이동형 스탠드),1569280,1569280,1569280,1569280,1569280,1569280,1569280,1569280
89606891,카멜 OCLS4.026VB (이동형 스탠드),1569280,1569280,1569280,1569280,1569280,1569280,1569280,1569280
20545349,카멜 PF2410S (스탠드),564570,564570,564570,564570,564570,564570,564570,564570
10738800,카멜 스탠드 POP PF3210S (본체),763000,763000,763000,763000,763000,763000,763000,763000
17438942,카멜 스탠드 POP PF3210S (스탠드),708500,708500,708500,708500,708500,708500,708500,708500
48477167,카멜 스탠드 POP PF3210S (이동형 스탠드),754930,754930,754930,754930,754930,754930,754930,754930
69057824,카멜 하이크비전 DS-D41Q15CA-1GS (본체),137900,137900,137900,137900,137900,137900,137900,137900
69057881,카멜 하이크비전 DS-D41Q15CA-1PH (본체),115690,115690,115690,115690,115690,107610,107600,107600
100694642,카멜 하이크비전 DS-D41Q15CA-1PHT (본체),118400,118400,118400,118400,118400,118400,118400,118400
100694705,카멜 하이크비전 DS-D41Q18CA-1GS (본체),86490,86490,86490,86490,86490,86490,80440,80440
69057848,카멜 하이크비전 DS-D41Q18CA-1PH (본체),69190,69190,69190,69190,69190,69190,64360,64360
100694630,카멜 하이크비전 DS-D41Q18CA-1PHT (본체),77900,77900,77900,77900,77900,77900,77900,77900
100694594,카멜 하이크비전 DS-D41Q20CA-1PHT (본체),63790,63790,63790,63790,63790,59340,59340,59340
69057800,카멜 하이크비전 DS-D41Q25CA-1GS (본체),57890,57890,57890,57890,57890,57890,53840,53840
100694579,카멜 하이크비전 DS-D41Q25CA-1PHT (본체),50890,50890,50890,50890,50890,50890,47330,47330
69057722,카멜 하이크비전 DS-D43Q30CA-1PH (본체),69190,69190,69190,69190,69190,69190,64350,64350
69057749,카멜 하이크비전 DS-D43Q40CA-1PH (본체),44390,44390,44390,44390,44390,44390,41290,41290
54315884,커스템 스타일비전 55 OLED 이젤핏 (이젤형 스탠드),2440000,2440000,2440000,2440000,2440000,2450000,2450000,2450000
54316079,커스템 스타일비전 55 OLED 캐비넷핏 (스탠드),2440000,2440000,2440000,2440000,2440000,2450000,2450000,2450000
18007844,큐브코리아 HOOK TV HT2010LED 무결점 (스탠드),146460,146520,146570,146630,146630,146670,146720,146780
106749629,큐빅스 32인치 FHD TV (벽걸이),253300,253300,253300,253300,253300,253300,253300,253300
19392053,큐빅스 32인치 FHD TV (스탠드),246300,246300,246300,246300,246300,246300,246300,246300
27600614,큐빅스 CBX240FHD (스탠드),147860,147860,147860,147860,147860,147860,147860,147860
32845265,큐빅스 CBXTV220HD (스탠드),110660,110660,110660,110660,110660,110660,110660,110660
30980342,큐빅스 CBXTV320FHD (스탠드),148850,148880,148960,151040,,,,
30292187,큐빅스 CBXTV320HD (스탠드),110660,110660,110660,110660,110660,110660,110660,110660
30291905,큐빅스 CBXTV400FHD (스탠드),208050,208050,208050,208050,208050,203670,203670,203670
30766580,큐빅스 CBXTV430FHD (스탠드),209000,209000,209000,209000,209000,209000,209000,209000
30318080,큐빅스 CBXTV430UHD (벽걸이),450500,450500,299000,450500,299000,299000,299000,299000
30317972,큐빅스 CBXTV430UHD (스탠드),279000,279000,279000,279000,278060,278060,278060,278060
30291809,큐빅스 CBXTV500UHD (스탠드),299000,299000,299000,299000,299000,299000,299000,299000
30370841,큐빅스 CBXTV550UHD (스탠드),369000,369000,369000,369000,369000,369000,369000,369000
30256757,큐빅스 CBXTV650UHD (스탠드),558990,558990,558990,558990,558990,547770,547770,547770
30292058,큐빅스 CBXTV750UHD (스탠드),780260,780260,780260,780260,780260,780260,780260,780260
30295115,큐빅스 CBXTV860UHD-S (스탠드),1130500,1130500,1130500,1130500,1130500,1130500,1130500,1130500
34741106,큐빅스 CBXWT320HD11 (스탠드),219000,219000,219000,219000,219000,219000,219000,219000
124298809,큐빅스 CBXWT320HD11 (이젤형 스탠드),289000,289000,289000,289000,289000,289000,289000,289000
32885423,큐빅스 CBXWT430FHD11 (스탠드),333860,333860,333860,333860,333860,333860,333860,333860
91038164,큐빅스 CX700UHD-X01 (스탠드),612860,612860,612860,612860,612860,612860,612860,612860
27689060,큐빅스 EKW40FA11 (스탠드),249000,249000,249000,249000,249000,249000,249000,249000
109598954,큐빅스 GAT321FHDQ (스탠드),228800,228810,228810,228820,228820,228830,228830,228840
30003467,큐빅스 GAT321HD (스탠드),179000,179000,179000,179000,179000,179000,179000,179000
30258092,큐빅스 GAT401FHD (스탠드),248990,248990,248990,248990,248990,248990,248990,248990
30766370,큐빅스 GAT431FHD (스탠드),286160,286170,286170,286180,286180,286190,286190,286200
79402190,큐빅스 GSQBX100UHD-A1 (스탠드),2501690,2501690,2501690,2501690,2501690,2501690,2501690,2501690
72295676,큐빅스 GSQBX43UHD-A1 (스탠드),388820,388830,388830,388840,388840,388850,388850,388860
98075687,큐빅스 GSQBX43UHD-A1 (이젤형 스탠드),445460,445460,445460,445460,445460,445460,445460,445460
71783378,큐빅스 GSQBX50UHD-A1 (스탠드),445460,445460,445460,445460,445460,445460,445460,445460
79404611,큐빅스 GSQBX55UHD-A1 (스탠드),468990,468990,468990,468990,468990,468990,468990,469000
79404422,큐빅스 GSQBX65UHD-A1 (스탠드),648990,648990,648990,648990,648990,648990,648990,648990
79404284,큐빅스 GSQBX85UHD-A1 (스탠드),1245260,1245260,1245260,1245260,1245260,1245260,1245260,1245260
30766499,큐빅스 GTCBX43UHD-A1 (스탠드),361590,361600,361600,361610,361610,361620,361620,361630
28240436,큐빅스 GTCBX50UHD-A1 (스탠드),371000,371010,371010,371020,371020,371030,371030,371040
28323911,큐빅스 GTCBX50UHD-A1 (이젤형 스탠드),547760,547760,547760,547760,547760,547760,547760,547760
30317117,큐빅스 GTCBX55UHD-A1 (스탠드),445120,445130,445130,445140,445140,445150,445150,445160
55040273,큐빅스 GTCBX55UHD-A1 (이젤형 스탠드),629000,629000,629000,629000,629000,629000,629000,629000
30316442,큐빅스 GTCBX65UHD-A1 (스탠드),618990,618990,618990,618990,618990,618990,618990,618990
55040258,큐빅스 GTCBX65UHD-A1 (이젤형 스탠드),809000,809000,809000,809000,809000,809000,809000,809000
30249377,큐빅스 GTCBX75UHD-A1 (스탠드),808160,808160,808160,808160,808160,808160,808160,808170
55040240,큐빅스 GTCBX75UHD-A1 (이젤형 스탠드),990000,990000,990000,990000,990000,990000,990000,990000
70154837,큐빅스 GTCX320QFHD (스탠드),249000,249000,249000,249000,249000,249000,249000,249000
98075711,큐빅스 GTCX320QFHD (이젤형 스탠드),309000,309000,309000,309000,309000,309000,309000,309000
124215531,큐빅스 GTNB240FHD (스탠드),199000,199000,199000,199000,199000,199000,199000,199000
40713578,큐빅스 GTNB401FHD11 (스탠드),293170,293180,293180,293190,293190,293200,293200,293210
99944171,큐빅스 GTNB401FHDQ11 (스탠드),309000,309000,309000,309000,309000,309000,309000,309000
40713593,큐빅스 GTNB431FHD11 (스탠드),329000,329000,329000,329000,329000,329000,329000,329000
62159606,큐빅스 GTNB431UHD (스탠드),360170,360180,360180,360190,360190,360200,360200,360210
93804149,큐빅스 GTNB551UHD (스탠드),505240,505250,505250,505260,505260,505270,505270,505280
27691814,큐빅스 GTWV43UHD (스탠드),369000,369000,369000,369000,369000,369000,369000,369000
27693182,큐빅스 GTWV50UHD-E1 (스탠드),365000,365000,365000,365000,365000,365000,365000,365000
27689240,큐빅스 GTWV55UHD (스탠드),469000,469000,469000,469000,469000,469000,469000,469000
27693896,큐빅스 GTWV65UHD (스탠드),629000,629000,629000,629000,629000,629000,629000,629000
27694385,큐빅스 GTWV75UHD-E1 (스탠드),869000,869000,869000,869000,869000,869000,869000,869000
27689603,큐빅스 NB320FHD-S01 (스탠드),151050,151050,151050,151050,151050,151050,147870,147870
19391813,큐빅스 NBH750UHD-E01 (스탠드),839000,839000,839000,839000,839000,839000,839000,839000
20384138,큐빅스 NGE651UHD (스탠드),658630,658630,658630,658630,658630,658630,631470,631470
124046268,큐빅스 QNGE240FHD (스탠드),178990,178990,178990,178990,178990,178990,178990,178990
27694124,큐빅스 QNGE751UHD (스탠드),1090000,1090000,1090000,1090000,1090000,1090000,1090000,1090000
27679193,큐빅스 SGA65QUEX1 (스탠드),669000,669000,669000,669000,669000,669000,669000,669000
124198348,큐빅스 무빙큐빅스 CX240FQW11 유무선 이동형 패키지 (프리미엄 AIR),361610,361620,361620,361630,361630,361640,361640,361650
124198333,큐빅스 무빙큐빅스 CX240FQW11 이동형 패키지 (큐빅스 X1),268760,268760,268760,268760,268760,268760,268760,268760
124180449,큐빅스 무빙큐빅스 CX240FQW11 이동형 패키지 (큐빅스 X2),268760,268760,268760,268760,268760,268760,268760,268760
124180423,큐빅스 무빙큐빅스 CX240FQW11 이동형 패키지 (큐빅스 퍼스트),240860,240860,240860,240860,240860,240860,240860,240860
109599077,큐빅스 무빙큐빅스 GAT321FHDQ 이동형 패키지 (큐빅스 X1),305960,305960,305960,305960,305960,305960,305960,305960
109599113,큐빅스 무빙큐빅스 GAT321FHDQ 이동형 패키지 (큐빅스 X2),305960,305960,305960,305960,305960,305960,305960,305960
109599050,큐빅스 무빙큐빅스 GAT321FHDQ 이동형 패키지 (큐빅스 퍼스트),249000,249000,249000,249000,249000,249000,249000,249000
94261733,큐빅스 무빙큐빅스 GAT321HD 이동형 패키지 (큐빅스 X1),259460,259460,259460,259460,259460,259460,259460,259460
55454054,큐빅스 무빙큐빅스 GAT321HD 이동형 패키지 (큐빅스 X2),270630,270630,270630,270630,270630,270630,270630,270630
94261709,큐빅스 무빙큐빅스 GAT401FHD 이동형 패키지 (큐빅스 X1),324560,324560,324560,324560,324560,324560,324560,324560
33901583,큐빅스 무빙큐빅스 GAT401FHD 이동형 패키지 (큐빅스 X2),268990,268990,268990,268990,268990,268990,268990,268990
94261781,큐빅스 무빙큐빅스 GAT431FHD 이동형 패키지 (큐빅스 X1),361760,361760,361760,361760,361760,361760,361760,361760
33989309,큐빅스 무빙큐빅스 GAT431FHD 이동형 패키지 (큐빅스 X2),361760,361760,361760,361760,361760,361760,361760,361760
89863097,큐빅스 무빙큐빅스 GSQBX43UHD-A1 이동형 패키지 (큐빅스 X1),464060,464060,464060,464060,464060,464060,464060,464060
71903591,큐빅스 무빙큐빅스 GSQBX43UHD-A1 이동형 패키지 (큐빅스 X2),464060,464060,464060,464060,464060,464060,464060,464060
92544278,큐빅스 무빙큐빅스 GSQBX43UHD-A1 이동형 패키지 (큐빅스 퍼스트),445460,445460,445460,445460,445460,445460,445460,445460
68297105,큐빅스 무빙큐빅스 GSQBX50UHD-A1 이동형 패키지,478990,478990,478990,478990,478990,478990,478990,478990
71422754,큐빅스 무빙큐빅스 GSQBX55UHD-A1 QLED 이동형 패키지,508990,508990,508990,508990,508990,508990,508990,508990
71422631,큐빅스 무빙큐빅스 GSQBX65UHD-A1 QLED 이동형 패키지,698990,698990,698990,698990,698990,698990,698990,698990
90112166,큐빅스 무빙큐빅스 GSQBX85UHD-A1 이동형 패키지 (스탠드),1355930,1355930,1355930,1355930,1355930,1355930,1355930,1355930
122619385,큐빅스 무빙큐빅스 GTA321HD 이동형 패키지 (큐빅스 X1),279000,279000,279000,279000,279000,279000,279000,279000
33901520,큐빅스 무빙큐빅스 GTA321HD 이동형 패키지 (큐빅스 X2),259460,259460,259460,259460,259460,259460,259460,259460
94261808,큐빅스 무빙큐빅스 GTCBX43UHD-A1 이동형 패키지 (큐빅스 X1),426860,426860,426860,426860,426860,426860,426860,426860
33989327,큐빅스 무빙큐빅스 GTCBX43UHD-A1 이동형 패키지 (큐빅스 X2),379000,379000,379000,379000,379000,379000,379000,379000
109599380,큐빅스 무빙큐빅스 GTCBX50UHD-A1 이동형 패키지,463130,463130,463130,463130,463130,463130,463130,463130
71422712,큐빅스 무빙큐빅스 GTCBX55UHD-A1 이동형 패키지,528230,528230,528230,528230,528230,528230,528230,528230
71422607,큐빅스 무빙큐빅스 GTCBX65UHD-A1 이동형 패키지,668990,668990,668990,668990,668990,668990,668990,668990
71903786,큐빅스 무빙큐빅스 GTCBX75UHD-A1 이동형 패키지,918830,918830,918830,918830,918830,918830,918830,918830
72911855,큐빅스 무빙큐빅스 GTCX320QFHD 이동형 패키지 (큐빅스 X1),333860,333860,333860,333860,333860,333860,333860,333860
70154798,큐빅스 무빙큐빅스 GTCX320QFHD 이동형 패키지 (큐빅스 X2),333860,333860,333860,333860,333860,333860,333860,333860
92544209,큐빅스 무빙큐빅스 GTCX320QFHD 이동형 패키지 (큐빅스 퍼스트),314980,314990,314990,315000,315000,315010,315010,315020
124198301,큐빅스 무빙큐빅스 GTCX320QFHDDC 화이트에디션 유무선 이동형 패키지 (프리미엄 AIR),398810,398820,398820,398830,398830,398840,398840,398850
71778698,큐빅스 무빙큐빅스 GTNB321HD11 이동형 패키지 (큐빅스 X1),305960,305960,305960,305960,305960,305960,305960,305960
31423421,큐빅스 무빙큐빅스 GTNB321HD11 이동형 패키지 (큐빅스 X2),305960,305960,305960,305960,305960,305960,305960,305960
92544188,큐빅스 무빙큐빅스 GTNB321HD11 이동형 패키지 (큐빅스 퍼스트),250160,250160,250160,250160,250160,250160,250160,250160
71778674,큐빅스 무빙큐빅스 GTNB401FHD11 이동형 패키지 (큐빅스 X1),371060,371060,371060,371060,371060,371060,371060,371060
31424624,큐빅스 무빙큐빅스 GTNB401FHD11 이동형 패키지 (큐빅스 X2),371060,371060,371060,371060,371060,371060,371060,371060
92544242,큐빅스 무빙큐빅스 GTNB401FHD11 이동형 패키지 (큐빅스 퍼스트),315260,315260,315260,315260,315260,315260,315260,315260
98543927,큐빅스 무빙큐빅스 GTNB401FHDQ11 이동형 패키지 (큐빅스 X1),389660,389660,389660,389660,389660,389660,389660,389660
98486786,큐빅스 무빙큐빅스 GTNB401FHDQ11 이동형 패키지 (큐빅스 X2),338990,338990,338990,338990,338990,338990,338990,338990
98760449,큐빅스 무빙큐빅스 GTNB401FHDQ11 이동형 패키지 (큐빅스 퍼스트),371060,371060,371060,371060,371060,371060,371060,371060
89863121,큐빅스 무빙큐빅스 GTNB431FHD11 이동형 패키지 (큐빅스 X1),408260,408260,408260,408260,408260,408260,408260,408260
31980794,큐빅스 무빙큐빅스 GTNB431FHD11 이동형 패키지 (큐빅스 X2),408260,408260,408260,408260,408260,408260,408260,408260
92890964,큐빅스 무빙큐빅스 GTNB431FHD11 이동형 패키지 (큐빅스 퍼스트),352460,352460,352460,352460,352460,352460,352460,352460
79114103,큐빅스 무빙큐빅스 GTNB431UHD 이동형 패키지 (큐빅스 X1),445550,445550,445550,445550,445550,445550,445550,445550
52062332,큐빅스 무빙큐빅스 GTNB431UHD 이동형 패키지 (큐빅스 X2),436160,436160,436160,436160,436160,436160,436160,436160
92544254,큐빅스 무빙큐빅스 GTNB431UHD 이동형 패키지 (큐빅스 퍼스트),417560,417560,417560,417560,417560,417560,417560,417560
91637135,큐빅스 무빙큐빅스 GTNB551UHD 이동형 패키지 (큐빅스 대형),603560,603560,603560,603560,603560,603560,603560,603560
94812950,클라인즈 K8600TU (스탠드),1186550,1186550,1186550,1186550,1186550,1249000,1161570,1161570
6431869,클라인즈 KIZ32HD (스탠드),113050,113050,113050,113050,113050,119000,110670,110670
9915864,클라인즈 KIZ40TF (벽걸이),306800,306830,306840,306890,306930,306980,306990,307080
9915837,클라인즈 KIZ40TF (스탠드),277160,277190,277200,277250,277290,277340,277340,277430
44405303,클라인즈 KIZ4302FH (스탠드),219000,219000,219000,219000,219000,219000,219000,219000
44983943,클라인즈 KIZ5002UH (스탠드),295880,295880,295880,295880,295880,289650,289650,289650
45318584,클라인즈 KIZ5502UH (스탠드),361390,361390,361390,361390,361390,380410,353790,353790
31963664,클라인즈 KIZ6502UH (스탠드),498510,498510,498510,498510,498510,524740,488010,488010
93566195,클라인즈 KIZ7500SUH (스탠드),835050,835050,835050,835050,835050,879000,817470,817470
32488334,클라인즈 아인츠 E9801TUS (스탠드),2114600,2114600,2114600,2114600,2114600,2114600,2114600,2114600
39916631,클라인즈 아인츠 KEZ4302FH (스탠드),260000,260000,260000,260000,260000,260000,260000,260000
32488220,클라인즈 아인츠 KEZ5002UH (스탠드),500250,500250,500250,500250,500250,500250,500250,500250
32488514,클라인즈 아인츠 KEZ8602UH (스탠드),12610000,12610000,12610000,12610000,12610000,12610000,12610000,12610000
54315851,클라인즈 아인츠 KIZ7502UH (스탠드),733560,733560,733560,733560,733560,772160,718110,718110
31829270,클라인즈 아텝 AT-430FHD (스탠드),264000,264000,264000,264000,264000,264000,264000,264000
70764950,클라인즈 아텝 AT550UHD (스탠드),359000,359000,359000,359000,359000,359000,359000,359000
71778767,클라인즈 아텝 AT650UHD (스탠드),449000,449000,449000,449000,449000,449000,449000,449000
71778842,클라인즈 아텝 AT750UHD (스탠드),699000,699000,699000,699000,699000,699000,699000,699000
17428418,클라인즈 아텝 KM-32TH (스탠드),130000,130000,130000,130000,130000,130000,130000,130000
78614870,클라인즈 아텝 KM-32TH 이동형 패키지,236610,236610,236610,236610,236610,236610,236610,236610
72969101,클라인즈 아텝 SAT320HD (스탠드),199000,199000,199000,199000,199000,199000,199000,199000
72969212,클라인즈 아텝 SAT550UHD (스탠드),399000,399000,399000,399000,399000,399000,399000,399000
72914261,클라인즈 아텝 SAT650UHD 구글 TV (스탠드),573990,573990,573990,573990,573990,573990,573990,573990
72969269,클라인즈 아텝 SAT750UHD (스탠드),779000,779000,779000,779000,779000,779000,779000,779000
76330499,클라인즈 아텝 SAT850UHD (스탠드),875000,875000,875000,875000,875000,875000,875000,875000
100383668,클라인즈 제스타 GTNB320HD11 이동형 패키지,419000,419000,419000,419000,419000,419000,419000,419000
28022759,클라인즈 제스타 KHZ5002UH (스탠드),508250,508250,508250,508250,508250,508250,508250,508250
28022054,클라인즈 제스타 KHZ5502UH (스탠드),593750,593750,593750,593750,593750,593750,593750,593750
78309260,클라인즈 제스타 KHZ6500SUH (스탠드),853100,853100,853100,853100,853100,853100,853100,853100
28021790,클라인즈 제스타 KHZ6502UH (스탠드),836000,836000,836000,836000,836000,836000,836000,836000
28155110,클라인즈 제스타 KHZ7502UH (스탠드),1377500,1377500,1377500,1377500,1377500,1377500,1377500,1377500
16151468,클라인즈 제스타 KNZ32HD (스탠드),232750,210990,210990,210990,210990,210990,210990,210990
28088528,클라인즈 제스타 KNZ4302FH (스탠드),407550,407550,407550,407550,407550,407550,407550,407550
28088810,클라인즈 제스타 KNZ4302UH (스탠드),432250,424690,424770,424850,424890,424930,425020,425050
4529154,클라인즈 카레나 F65T3E (스탠드),794240,794240,794240,794240,794240,794240,794240,794240
91868579,테레비ZONE 43인치 LED HD TV (스탠드),249260,249260,249260,249260,249260,249260,249260,249260
99555464,테크커넥트 TF12 LED 디스플레이 (본체),2970000,2970000,2970000,2970000,2970000,2970000,2970000,2970000
99555476,테크커넥트 TF15 LED 디스플레이 (본체),2420000,2420000,2420000,2420000,2420000,2420000,2420000,2420000
99555482,테크커넥트 TF18 LED 디스플레이 (본체),1980000,1980000,1980000,1980000,1980000,1980000,1980000,1980000
99555491,테크커넥트 TF25 LED 디스플레이 (본체),1320000,1320000,1320000,1320000,1320000,1320000,1320000,1320000
99555434,테크커넥트 TH12 LED 디스플레이 (본체),2200000,2200000,2200000,2200000,2200000,2200000,2200000,2200000
99555422,테크커넥트 TH15 LED 디스플레이 (본체),1650000,1650000,1650000,1650000,1650000,1650000,1650000,1650000
99555410,테크커넥트 TH18 LED 디스플레이 (본체),1320000,1320000,1320000,1320000,1320000,1320000,1320000,1320000
99555392,테크커넥트 TH25 LED 디스플레이 (본체),990000,990000,990000,990000,990000,990000,990000,990000
14836829,토너먼트 TNM-3200KHD (스탠드),239000,239000,239000,239000,239000,239000,239000,239000
65911202,트리 에코비전 DA3200K (스탠드),226010,226010,226010,226010,226010,226010,226010,226010
65911634,트리 에코비전 DA4300KF (스탠드),352900,352900,352900,352900,352900,352900,352900,352900
65911799,트리 에코비전 DA5500K (스탠드),605860,605860,605860,605860,605860,605860,605860,605860
65911421,트리 에코비전 DA6500K (벽걸이),1005560,1005560,1005560,1005560,1005560,1005560,1005560,1005560
65911409,트리 에코비전 DA6500K (스탠드),1005550,1005550,1005550,1005550,1005550,1005550,1005550,1005550
65911286,트리 에코비전 DA7500K (벽걸이),1412990,1412990,1412990,1412990,1412990,1412990,1412990,1412990
65911271,트리 에코비전 DA7500K (스탠드),1412990,1412990,1412990,1412990,1412990,1412990,1412990,1412990
92107799,티브이로직 LUM-550H (스탠드),9911000,9911000,9911000,9911000,9911000,9911000,9911000,9911000
101541593,티브이로직 LVM-328W (스탠드),5508460,5508460,5508460,5508460,5508460,5508460,5508460,5508460
101074973,티브이로직 LXM-320P (스탠드),10130000,10130000,10130000,10130000,10130000,10130000,10130000,10130000
101075027,티브이로직 LXM-550U (스탠드),10670000,10670000,10670000,10670000,10670000,10670000,10670000,10670000
44405246,티브이지 320SHD (스탠드),109000,109000,109000,109000,109000,109000,109000,109000
69564578,티브이지 32HD 스마트TV (스탠드),179000,179000,179000,149000,149000,149000,149000,149000
124363153,티브이지 32HD 스마트TV 이동형 패키지,228990,228990,228990,228990,228990,228990,228990,228990
69467546,티브이지 40인치 FHD TV (스탠드),193030,193030,193030,193030,198910,198990,189050,189050
107770913,티브이지 43형 QLED 구글TV (스탠드),289000,289000,289000,289000,289000,289000,289000,289000
107770949,티브이지 43형 QLED 구글TV 이동형 패키지 (스탠드),349000,349000,349000,349000,349000,349000,349000,349000
12262076,티브이지 50FQ5000S UHD (스탠드),329000,329000,329000,329000,329000,329000,329000,329000
107771702,티브이지 50형 QLED 구글TV (스탠드),318990,318990,318990,318990,318990,318990,312550,312550
60064445,티브이지 55인치 4K UHD 구글 스마트TV (상하좌우형 벽걸이),509000,509000,509000,509000,509000,509000,509000,509000
60004988,티브이지 55인치 4K UHD 구글 스마트TV (스탠드),369540,369540,369540,369540,369540,369540,369540,369540
35233256,티브이지 65FQ6500SUHD (벽걸이),579000,579000,579000,579000,579000,579000,579000,579000
35233211,티브이지 65FQ6500SUHD (스탠드),509000,509000,509000,509000,509000,509000,509000,509000
59926949,티브이지 75FQ7500UHD (상하좌우형 벽걸이),929000,929000,929000,929000,929000,929000,929000,929000
12219884,티브이지 75FQ7500UHD (스탠드),765330,765330,765330,765330,765330,765330,765330,765330
59074913,티브이지 85인치 4K UHD LED TV (벽걸이),1199000,1199000,1199000,1199000,1199000,1199000,1199000,1199000
59074904,티브이지 85인치 4K UHD LED TV (스탠드),1099000,1099000,1099000,1099000,1099000,1099000,1099000,1099000
59074919,티브이지 85인치 4K UHD LED TV 이동형 패키지,1249000,1249000,1249000,1249000,1249000,1249000,1249000,1249000
60238232,티브이지 85인치 구글 스마트 TV (벽걸이),1163030,1163030,1163030,1163030,1163030,1163030,1163030,1163030
60238214,티브이지 85인치 구글 스마트 TV (스탠드),1066030,1066030,1066030,1066030,1066030,1066030,1066030,1066030
60238253,티브이지 85인치 구글 스마트 TV 이동형 패키지,1211530,1211530,1211530,1211530,1211530,1211530,1211530,1211530
14736080,티브이지 FQ320SFHD (스탠드),149000,149000,149000,149000,149000,149000,149000,149000
12193724,티브이지 FQ320SHD (스탠드),89000,89000,89000,89000,89000,89000,89000,89000
19454489,티브이지 FQ550SUHD (벽걸이),489000,489000,489000,489000,489000,489000,489000,489000
19454438,티브이지 FQ550SUHD (스탠드),429000,429000,429000,429000,429000,429000,429000,429000
19454288,티브이지 FQ650SUHD (스탠드),529000,529000,529000,529000,529000,529000,529000,529000
19354031,티브이지 FQ860SUHD (스탠드),949000,949000,949000,949000,949000,949000,949000,949000
5062932,티비퀸 Q650 UHD TV (스탠드),1211530,1211530,1211530,1211530,1211530,1211530,1099120,1099120
18462785,티엑스 101cm FHD 안드로이드 스마트 TV (스탠드),270630,270630,270630,270630,270630,270630,265050,265050
17820947,티엑스 109cm UHD 스마트 TV (스탠드),299000,299000,299000,299000,299000,286150,299000,
17717501,티엑스 126cm LED TV UHD (스탠드),322050,322050,322050,322050,322050,322050,322050,322050
16658531,티엑스 218cm LED TV 4K UHD (스탠드),1083000,1083000,1083000,1083000,1083000,1083000,1083000,1083000
18461990,티엑스 55cm LED TV FHD (스탠드),108300,108300,108300,108300,108300,108300,108300,108300
7340272,티엑스 81cm LED TV HD (스탠드),265050,265050,265050,265050,265050,265050,265050,265050
33367535,티엑스 네모로 216cm LED TV UHD HDR (스탠드),1083000,1083000,1083000,1083000,1083000,1083000,1083000,1083000
28533374,파트로 D4300TU (스탠드),262020,262020,262020,262020,262020,262020,262020,262020
37931069,포딕스시스템 LH43QBCS (키오스크형),2277000,2277000,2277000,2277000,2277000,2277000,2277000,2277000
37928690,포딕스시스템 LH43QHCS (키오스크형),2574000,2574000,2574000,2574000,2574000,2574000,2574000,2574000
37931078,포딕스시스템 LH50QBCS (키오스크형),2574000,2574000,2574000,2574000,2574000,2574000,2574000,2574000
37928723,포딕스시스템 LH50QHCS (키오스크형),2821500,2821500,2821500,2821500,2821500,2821500,2821500,2821500
37931096,포딕스시스템 LH55QBCS (키오스크형),2871000,2871000,2871000,2871000,2871000,2871000,2871000,2871000
37928753,포딕스시스템 LH55QHCS (키오스크형),3019500,3019500,3019500,3019500,3019500,3019500,3019500,3019500
37931111,포딕스시스템 LH65QBCS (키오스크형),3465000,3465000,3465000,3465000,3465000,3465000,3465000,3465000
37928780,포딕스시스템 LH65QHCS (키오스크형),3762000,3762000,3762000,3762000,3762000,3762000,3762000,3762000
37931129,포딕스시스템 LH75QBCS (키오스크형),4653000,4653000,4653000,4653000,4653000,4653000,4653000,4653000
37928807,포딕스시스템 LH75QHCS (키오스크형),5544000,5544000,5544000,5544000,5544000,5544000,5544000,5544000
74253584,포스텍 CW-500DS (키오스크형),1210000,1210000,1210000,1210000,1210000,1210000,1210000,1210000
16374380,포유디지탈 아이뮤즈 MU32HFGTV (스탠드),199000,199000,199000,199000,199000,199000,199000,199000
94027088,프레미디 스마트 32인치 TV 이동형 패키지 (와이드뷰 V3),339000,339000,339000,339000,339000,339000,339000,339000
49536215,프레미디 스마트 32인치 TV 이동형 패키지 (프레미디 스탠무빙),312000,312000,312000,312000,312000,312000,312000,312000
94998557,프레미디 스탠무빙 40인치 TV 이동형 패키지 (와이드뷰 V3),429000,429000,429000,429000,429000,429000,429000,429000
49536347,프레미디 스탠무빙 40인치 TV 이동형 패키지 (프레미디 스탠무빙),432000,432000,432000,432000,432000,432000,432000,432000
94027139,프레미디 스탠무빙 43인치 TV 이동형 패키지 (와이드뷰 V3),473000,473000,473000,473000,473000,473000,473000,473000
49536377,프레미디 스탠무빙 43인치 TV 이동형 패키지 (프레미디 스탠무빙),446000,446000,446000,446000,446000,446000,446000,446000
94027217,프레미디 스탠무빙 43인치 UHD TV 이동형 패키지 (와이드뷰 V3),529000,529000,529000,529000,529000,529000,529000,529000
91864673,프리즘코리아 CP32G5W (스탠드),469000,469000,469000,469000,469000,469000,469000,469000
93499793,프리즘코리아 CP32G5W 이동형 패키지 (프리즘 PL2743),609000,609000,609000,609000,609000,609000,609000,609000
70251005,프리즘코리아 CP50G5 (스탠드),579000,579000,579000,579000,579000,579000,579000,579000
92361620,프리즘코리아 CP50G5 이동형 패키지 (프리즘 PL5075),759000,759000,759000,759000,759000,759000,759000,759000
68440862,프리즘코리아 CP55G5 (스탠드),1019000,1019000,1019000,1019000,1019000,1019000,1019000,1019000
92361710,프리즘코리아 CP55G5 이동형 패키지 (프리즘 PL5075),799000,799000,799000,799000,799000,799000,799000,799000
70251059,프리즘코리아 CP55G5Q (스탠드),639000,639000,639000,639000,639000,639000,639000,639000
92361629,프리즘코리아 CP55G5Q 이동형 패키지 (프리즘 PL5075),819000,819000,819000,819000,819000,819000,819000,819000
62869568,프리즘코리아 CP65G3MG (스탠드),2055000,2055000,2055000,2055000,2055000,2055000,2055000,2055000
71062823,프리즘코리아 CP65G5 (스탠드),899000,899000,899000,899000,899000,899000,899000,899000
92361644,프리즘코리아 CP65G5 이동형 패키지 (프리즘 PL5075),979000,979000,979000,979000,979000,979000,979000,979000
62869835,프리즘코리아 CP75G3MG (스탠드),3181000,3181000,3181000,3181000,3181000,3181000,3181000,3181000
72587723,프리즘코리아 CP85G5Q (스탠드),1599000,1599000,1599000,1599000,1599000,1599000,1599000,1599000
102123755,프리즘코리아 DP86G3 (스탠드),1599000,1599000,1599000,1599000,1599000,1599000,1599000,1599000
102860819,프리즘코리아 아우라 AR32G5WP (스탠드),354000,354000,354000,354000,354000,354000,354000,354000
102860972,프리즘코리아 아우라 AR43G5BP (스탠드),502000,502000,502000,502000,502000,502000,502000,502000
102881657,프리즘코리아 아우라 AR43G5WP (스탠드),531000,531000,531000,531000,531000,531000,531000,531000
102880226,프리즘코리아 아우라 AR50G3BP (스탠드),689000,689000,689000,689000,689000,689000,689000,689000
102880439,프리즘코리아 아우라 AR55G5BP (스탠드),671000,671000,671000,671000,671000,671000,671000,671000
102881399,프리즘코리아 아우라 AR65G3MGP (스탠드),1515000,1515000,1515000,1515000,1515000,1515000,1515000,1515000
102881090,프리즘코리아 아우라 AR65G3Q (스탠드),951000,951000,951000,951000,951000,951000,951000,951000
102912323,프리즘코리아 아우라 AR75G3MGP (스탠드),2315000,2315000,2315000,2315000,2315000,2315000,2315000,2315000
102882065,프리즘코리아 아우라 AR75G5QP (스탠드),1245000,1245000,1245000,1245000,1245000,1245000,1245000,1245000
102912614,프리즘코리아 아우라 AR85G5QP (스탠드),2099000,2099000,2099000,2099000,2099000,2099000,2099000,2099000
102913391,프리즘코리아 아우라 시큐릿 AR32G5WS (스탠드),803000,803000,803000,803000,803000,803000,803000,803000
102913472,프리즘코리아 아우라 시큐릿 AR43G5BS (스탠드),1032000,1032000,1032000,1032000,1032000,1032000,1032000,1032000
103129493,프리즘코리아 아우라 시큐릿 AR43G5WS (스탠드),1076000,1076000,1076000,1076000,1076000,1076000,1076000,1076000
103129688,프리즘코리아 아우라 시큐릿 AR50G3BS (스탠드),1321000,1321000,1321000,1321000,1321000,1321000,1321000,1321000
103129766,프리즘코리아 아우라 시큐릿 AR55G5BS (스탠드),1315000,1315000,1315000,1315000,1315000,1315000,1315000,1315000
103130360,프리즘코리아 아우라 시큐릿 AR65G3MGS (스탠드),2345000,2345000,2345000,2345000,2345000,2345000,2345000,2345000
103130057,프리즘코리아 아우라 시큐릿 AR65G3QS (스탠드),1749000,1749000,1749000,1749000,1749000,1749000,1749000,1749000
103401554,프리즘코리아 아우라 시큐릿 AR75G3MGS (스탠드),3944000,3944000,3944000,3944000,3944000,3944000,3944000,3944000
103130102,프리즘코리아 아우라 시큐릿 AR75G5QS (스탠드),2200000,2200000,2200000,2200000,2200000,2200000,2200000,2200000
103401404,프리즘코리아 아우라 시큐릿 AR85G5QBS (스탠드),3525000,3525000,3525000,3525000,3525000,3525000,3525000,3525000
106748486,프리토스 109cm(43인치) QLED 4K 스마트 TV (스탠드),288990,288990,288990,288990,288990,288990,288990,288990
122670343,프리토스 127cm(50인치) QLED 4K 스마트 TV (스탠드),299000,299000,299000,299000,299000,299000,299000,299000
73561571,프리토스 32인치 HD TV (스탠드),101990,101990,101990,101990,101990,96900,96900,96900
68916332,프리토스 32인치 HD 구글3.0 스마트 TV (스탠드),179000,179000,179000,179000,179000,179000,179000,179000
123806026,프리토스 32인치 HD 구글3.0 스마트 TV 이동형 패키지,224650,224650,224650,224650,224650,224650,224650,224650
92625113,프리토스 43SMART 화이트 (스탠드),239000,239000,239000,239000,239000,239000,239000,239000
58914563,프리토스 55인치 4K UHD 베젤리스 구글 스마트 TV (벽걸이),420980,420980,420980,420980,420980,420980,420980,420980
58914557,프리토스 55인치 4K UHD 베젤리스 구글 스마트 TV (스탠드),365650,365650,365650,365650,365650,365650,365650,365650
58914569,프리토스 55인치 4K UHD 베젤리스 구글 스마트 TV 이동형 패키지,547820,547820,547820,547820,547820,547820,547820,547820
58932905,프리토스 65인치 4K UHD 베젤리스 구글 스마트 TV (벽걸이),581030,581030,581030,581030,581030,581030,581030,581030
58914677,프리토스 65인치 4K UHD 베젤리스 구글 스마트 TV (스탠드),516780,516900,516930,516990,517030,517080,517180,517300
58932914,프리토스 65인치 4K UHD 베젤리스 구글 스마트 TV 이동형 패키지,665420,665420,665420,665420,665420,665420,665420,665420
124298725,프리토스 75인치 QD MINI LED 구글 스마트TV (스탠드),998990,998990,998990,998990,998990,998990,998990,998990
58025657,프리토스 85인치 4K UHD TV (벽걸이),1139050,1139050,1139050,1139050,1139050,1115070,1115070,1115070
58025645,프리토스 85인치 4K UHD TV (스탠드),949000,949000,949000,949000,949000,949000,949000,949000
58025666,프리토스 85인치 4K UHD TV 이동형 패키지,1186550,1186550,1186550,1186550,1186550,1249000,1161570,1161570
59074709,프리토스 85인치 4K UHD 베젤리스 구글 스마트 TV (벽걸이),1163030,1163030,1163030,1163030,1163030,1163030,1163030,1163030
59074691,프리토스 85인치 4K UHD 베젤리스 구글 스마트 TV (스탠드),949000,949000,949000,949000,949000,949000,949000,949000
59074712,프리토스 85인치 4K UHD 베젤리스 구글 스마트 TV 이동형 패키지,1211530,1211530,1211530,1211530,1211530,1211530,1211530,1211530
77208902,프리토스 86인치 TV 4K UHD LED (벽걸이),1163030,1163030,1163030,1163030,1163030,1163030,1163030,1163030
77208908,프리토스 86인치 TV 4K UHD LED (상하좌우형 벽걸이),1182430,1182430,1182430,1182430,1182430,1182430,1182430,1182430
77208890,프리토스 86인치 TV 4K UHD LED (스탠드),949000,949000,949000,949000,949000,949000,949000,949000
77208914,프리토스 86인치 TV 4K UHD LED 이동형 패키지,1211530,1211530,1211530,1211530,1211530,1211530,1211530,1211530
7143421,프리토스 FT320SHD (스탠드),98000,98000,98000,98000,98000,97640,97640,97640
7895281,프리토스 FT400SHD (스탠드),198550,198550,198550,198550,198550,198550,198550,198550
6502084,프리토스 FT550SUHD (스탠드),349000,349000,349000,349000,349000,349000,349000,349000
6414547,프리토스 FT650SUHD (스탠드),479000,479000,479000,479000,479000,479000,479000,479000
12640223,프리토스 FT860SUHD (스탠드),949000,949000,949000,949000,949000,949000,949000,949000
62071484,프리토스 프리미엄 55인치 4K HDR TV (스탠드),362780,362780,362780,362780,362780,362780,362780,362780
98766110,플럭스 PLX-TV55QLBK (스탠드),699000,699000,699000,699000,699000,651840,651840,651840
14794979,피디케이전자 스마트에버 SW40F (스탠드),208000,208000,208000,208000,208000,208000,208000,208000
123993861,픽소라(PIXORA) 32인치 HD LED TV (벽걸이),117620,117620,117620,118880,118960,118970,118970,118980
123971786,픽소라(PIXORA) 32인치 HD LED TV (스탠드),123220,123220,123280,123280,123320,123320,123380,123380
124130731,픽소라(PIXORA) 50인치 UHD TV (벽걸이),410200,410200,410200,413740,413740,413750,413750,413760
124130722,픽소라(PIXORA) 50인치 UHD TV (스탠드),309090,315250,315260,339000,339000,339000,339000,339000
124153398,픽소라(PIXORA) 55인치 UHD TV (벽걸이),469010,469010,469020,469040,469040,469050,469050,469060
124153395,픽소라(PIXORA) 55인치 UHD TV (스탠드),345040,352430,352440,399460,399460,399470,399470,399480
124166908,픽소라(PIXORA) 65인치 UHD TV (벽걸이),595000,595010,595010,595020,595020,595030,595030,595040
124166885,픽소라(PIXORA) 65인치 UHD TV (스탠드),488620,498960,498970,517990,517990,518000,518000,518010
123971874,픽소라(PIXORA) Q50D71E (스탠드),308630,315250,315260,349230,349230,349240,349240,349250
123972052,픽소라(PIXORA) Q55D71E (스탠드),348680,352450,352460,407290,407290,407300,407300,407310
123972069,픽소라(PIXORA) Q65C71E (스탠드),493700,498980,498990,517830,517830,517840,517840,517850
19947155,필립스 65OLED708/61 (스탠드),1490000,1490000,1490000,1490000,1490000,1490000,1490000,1490000
90506177,필립스 65PUN5130 (스탠드),549000,549000,549000,549000,549000,549000,549000,549000
36154811,하이드림LCD HDL-T240-OV-P-F (본체),369990,369990,369990,369990,369990,369990,369990,369990
43531394,하이드림LCD HDL-T270-OV-P-F (본체),434080,434200,434230,434290,434330,434370,434460,434580
43531487,하이드림LCD HDL-T320-OV-P-F (본체),667630,667750,667860,667960,668070,668180,668290,668410
20529005,하이드림LCD HDL-T430-OV-IR-EU2 (본체),934000,934000,934000,934000,934000,934000,934000,934000
53417990,하이드림LCD HDL-T430-OV-IR-EU3 (본체),1245000,1245000,1245000,1245000,1245000,1245000,1245000,1245000
74253752,하이드림LCD HDL-T430-OV-P-U (본체),1221990,1221990,1179900,1179900,1222000,1222000,1222000,1222000
70001549,하이드림LCD HDL-T500-OV-IR-EU (본체),1099790,1099790,1099790,1099790,1099790,1099790,1099790,1099790
56143601,하이드림LCD HDL-T550-OV-IR-EU (본체),1242980,1243100,1243210,1243310,1243410,1243500,1243600,1243630
35810936,하이드림LCD HDL-T550-OV-P-U (본체),1788990,1788990,1788990,1788990,1788990,1788990,1788990,1788990
32040371,하이드림LCD HDL-T650-OV-IR-NU (본체),1951990,1951990,1951990,1951990,1951990,1951990,1951990,1951990
35811002,하이드림LCD HDL-T650-OV-P-U (본체),2496990,2496990,2496990,2496990,2496990,2496990,2496990,2496990
100691834,하이센스 55U6NKRG (스탠드),605000,605000,605000,609000,609000,609000,609000,609000
52366463,하이센스 65U6N (스탠드),904770,904890,905000,905090,905120,905180,905270,905390
100617704,하이센스 65U6NKRG (스탠드),873000,873000,873000,873200,873200,873200,873200,873200
52366352,하이센스 75U6N (벽걸이),2163560,2163560,2163560,2163560,2163560,2163560,2163560,2163560
52366343,하이센스 75U6N (스탠드),2163560,2163560,2163560,2163560,2163560,2163560,2163560,2163560
9596292,한샘 HIF-MO432 (스탠드),149000,149000,149000,149000,149000,149000,149000,149000
124012101,한성컴퓨터 TFG27F06PTS 이동형패키지,699000,699000,699000,699000,699000,699000,699000,699000
123723338,한성컴퓨터 뷰스타일 ELEX TV3200FSQ 이동형패키지,329000,329000,329000,329000,329000,329000,329000,329000
123729433,한성컴퓨터 뷰스타일 ELEX TV4300USQ 이동형패키지,469000,469000,469000,469000,469000,469000,469000,469000
20408531,한화테크윈 SMT-3211K (본체),708030,708030,708030,708030,708030,708030,708030,708030
20408372,한화테크윈 SMT-3240 (스탠드),758790,761790,764790,785790,776790,731920,785790,746920
17945897,한화테크윈 SMT-4310 (본체),786390,786390,786390,786390,786390,786390,786390,792300
20408270,한화테크윈 SMT-4320K (스탠드),872190,872190,872190,872190,872190,872190,872190,878750
20408477,한화테크윈 SMT-4330 (본체),1105370,1105370,1105370,1105370,1105370,1105370,1105370,1113690
20408609,한화테크윈 SMT-5020 (스탠드),1319990,1319990,1319990,1319990,1319990,1319990,1319990,1319990
7762789,해커씨앤씨 DH4300 (벽걸이),375330,375330,375330,375330,375330,375330,375330,375330
7762777,해커씨앤씨 DH4300 (스탠드),277970,277970,277970,277970,277970,277970,277970,277970
30292706,화봄 CR500UHD (스탠드),398240,398240,398240,398240,398240,398240,398240,398240
