product_code,product_name,2026-10-07,2026-10-06,2026-10-05,2026-10-04,2026-10-03,2026-10-02,2026-10-01,2026-09-30,2026-09-29,2026-09-28,2026-09-27,2026-09-26,2026-09-25,2026-09-24,2026-09-23,2026-09-22,2026-09-21,2026-09-20,2026-09-19,2026-09-18,2026-09-17,2026-09-16,2026-09-15,2026-09-14,2026-09-13,2026-09-12,2026-09-11,2026-09-10,2026-09-09,2026-09-08,2026-09-07,2026-09-06,2026-09-05,2026-09-04,2026-09-03,2026-09-02,2026-09-01,2026-08-31,2026-08-30,2026-08-29,2026-08-28,2026-08-27,2026-08-26,2026-08-25,2026-08-24,2026-08-23,2026-08-22,2026-08-21,2026-08-20,2026-08-19,2026-08-18,2026-08-17,2026-08-16,2026-08-15,2026-08-14,2026-08-13,2026-08-12,2026-08-11,2026-08-10,2026-08-09
16275866,A320 (중고),39400,39400,39400,39400,39400,39400,39400,36240,36240,,,,,36240,,,,,,38760,,,38760,,,,,37700,38760,38760,38760,38760,,38760,38660,38690,38700,,39130,39160,39210,39280,39380,39470,39470,39470,39470,39470,39050,39050,39050,39050,39050,39050,39050,39050,39050,39050,39050,39050
13165257,A520 (중고),45990,45990,45990,45990,45990,45990,45990,45990,45990,,,,,45990,,,,,,47250,,,47400,,,,,48160,48200,48210,48300,48330,,48450,48540,48650,48670,,48790,48860,48910,48980,49030,49130,49150,49230,49250,49350,49460,49550,49570,49670,49690,49790,49810,49910,49930,49940,51730,51750
98184140,ADVANTECH ASMB-807-00A1,1288210,1288210,1288210,1288210,1288210,1288210,1288210,1288210,1288210,,,,,1460000,,,,,,1120440,,,1460000,,,,,1460000,1460000,1460000,1460000,1460000,,1460000,1460000,1460000,1460000,,1460000,1460000,1158030,1133540,1120440,1120440,1120440,1120440,1120440,1120440,1120440,1120440,1120440,1120440,1120440,1120440,1120440,1120440,1120440,1120450,1122210,1122210
108401501,ADVANTECH ASMB-817I-00A1 아이보라,1068990,1068990,1068990,1068990,1068990,1068990,1068990,1068990,1392180,,,,,1392170,,,,,,1138980,,,1138980,,,,,1138990,1138990,1138990,1138990,1138990,,1138990,1138990,1138990,1138990,,1138990,1138990,1138990,1138990,1138990,1138990,1138990,1138990,1138990,1138990,1138990,1138990,1138990,1139000,1139000,1139000,1139000,1139000,1139000,1139000,1139000,1138990
103415894,ADVANTECH ASMB-818I-00A1,1264630,1306780,1306780,1306780,1306780,1306780,1297410,1266180,1266180,,,,,1230000,,,,,,1232720,,,1232720,,,,,1232730,1232730,1232730,1232740,1232740,,1232740,1232740,1232740,1232740,,1272270,1272270,1272270,1272270,1272270,1569000,1569000,1569000,1569000,1569000,1569000,1569000,1569000,1569000,1569000,1569000,1569000,1569000,1569000,1569000,1569000,1569000
96366245,ADVANTECH ASMB-925-00A1,1031460,1031460,1031460,1031460,1031460,1031460,1031460,,,,,,,,,,,,,,,,,,,,,,,,,,,,,,,,,,,,,,,,,,,,,,,,,,,,,
99948020,ADVANTECH ASMB-927T2-00A1 아이보라,2245680,2245680,2245680,2245680,2245680,2241990,2241990,2248090,2248090,,,,,2097200,,,,,,2097180,,,2097180,,,,,2097190,2097190,2097190,2097190,2097190,,2097190,2097190,2097190,2097190,,2097190,2097190,2097190,2097190,2097190,2097190,2097190,2097190,2097190,2097190,2097190,2097190,2097190,2097200,2097200,2097200,2097200,2097200,2097200,2097200,2097200,2097190
124199122,ADVANTECH ASMB-981T2-00A1 아이보라,2742810,2742810,2742810,2742810,2742810,2742810,2742810,2742810,2742810,,,,,2742810,,,,,,2742810,,,2668670,,,,,,,,,,,,,,,,,,,,,,,,,,,,,,,,,,,,,
10864752,ASRock A320M-HDVP 디앤디컴,150000,150000,150000,150000,150000,150000,150000,150000,150000,,,,,150000,,,,,,150000,,,150000,,,,,150000,150000,150000,150000,150000,,150000,150000,150000,150000,,150000,150000,150000,150000,150000,150000,150000,150000,150000,150000,150000,150000,150000,150000,150000,150000,150000,150000,150000,150000,150000,150000
18403331,ASRock A520M-HDV 대원씨티에스,69890,69890,69890,69890,69890,69890,69890,69750,69750,,,,,69750,,,,,,69890,,,69890,,,,,69890,69890,69890,69890,69890,,69890,69890,69890,69890,,69890,69890,69890,69890,69890,69890,69890,69900,69900,69900,69900,69900,69900,69900,69900,69900,69900,69900,69900,69900,69900,69900
12092663,ASRock A520M-HDV 디앤디컴,67490,66850,66850,66850,66860,68800,68810,66850,68810,,,,,66620,,,,,,68390,,,64690,,,,,66690,66690,66690,66690,66480,,66483,66690,66690,66690,,67500,67500,68900,68380,67490,67490,67490,67490,67500,67490,67490,67490,67490,67490,67490,67500,68900,68400,67490,67490,67490,67490
12660353,ASRock A520M-HDV 디앤디컴 (벌크),66630,66570,66590,66610,66630,66650,66650,66650,66650,,,,,66450,,,,,,66650,,,64003,,,,,66650,66650,66610,66650,65457,,65457,66650,66450,66650,,66590,66640,66650,66640,66570,66610,66580,66610,66630,66610,66630,66630,66630,66620,66620,66640,66650,66690,66670,66670,66660,66650
12130286,ASRock A520M-HDV 에즈윈,65870,65870,65870,65870,65870,65870,65870,64990,64990,,,,,64990,,,,,,65840,,,64500,,,,,65860,65860,65870,65870,65870,,65870,65870,65870,65870,,65870,65870,65870,65880,61390,61920,61970,61970,62080,58000,58000,58000,64900,64900,64900,64900,64900,58000,64900,64900,58000,58000
25213067,ASRock A520M-HDV 에즈윈 (벌크),67240,67240,67240,67240,67240,67240,67240,67240,67240,,,,,67240,,,,,,65120,,,65120,,,,,65120,65120,65120,65120,65120,,65120,65120,139000,139000,,139000,139000,139000,139000,139000,139000,139000,139000,139000,139000,139000,139000,139000,139000,139000,139000,139000,139000,139000,139000,139000,139000
77706989,ASRock A520M-HVS 대원씨티에스,52710,52720,52720,52760,52960,52980,52986,52990,52990,,,,,53010,,,,,,53230,,,53230,,,,,54440,54440,54440,54440,54450,,54440,54440,54440,54440,,54530,54610,54700,54840,54990,55120,57760,57860,57880,57900,57920,57920,57920,57920,57810,57920,57920,57920,57920,57920,57920,55296
12121013,ASRock A520M-ITX/ac 디앤디컴,175540,178880,173420,173430,173440,179000,175680,179000,179000,,,,,174920,,,,,,179000,,,175430,,,,,179000,179000,173190,179000,173440,,178640,178190,176480,178190,,176490,176490,178190,178180,176480,176480,176480,176480,176490,176480,176480,175530,176480,176480,176480,176490,179000,178170,176480,176480,176480,176480
97565858,ASRock A620AI WiFi 대원씨티에스,226590,226600,226600,226600,226600,226600,226600,226600,226600,,,,,226600,,,,,,226000,,,226170,,,,,226550,226580,226600,226610,226610,,226610,226620,226170,226180,,226390,226420,226430,226500,226580,226600,226600,226600,226610,226620,226610,225140,225140,225140,225140,225140,225140,225140,225140,225140,225140,225140
94081679,ASRock A620AM-HVS + WiFi6E 랜카드 패키지 디앤디컴,134500,134500,134500,134500,134500,134500,134500,134500,134500,,,,,123000,,,,,,123000,,,123000,,,,,123000,130000,134500,130000,130000,,130000,130000,130000,130000,,130000,130000,130000,130000,130000,130000,130000,130000,130000,130000,130000,130000,130000,130000,130000,130000,130000,130000,130000,130000,130000,130000
92108180,ASRock A620AM-HVS 대원씨티에스,100720,100720,100720,100720,100720,100720,100720,100720,100720,,,,,93500,,,,,,93500,,,93500,,,,,93500,93500,93500,93500,93500,,93500,93500,93500,93500,,93500,93500,93500,93500,93500,98500,98500,98500,98500,98500,98500,94000,94000,94000,94000,94000,94000,94000,94000,94000,94000,94000
92149667,ASRock A620AM-HVS 디앤디컴,90340,90330,90330,90330,90330,90340,90330,90340,90340,,,,,90340,,,,,,91900,,,88870,,,,,93990,94000,90100,90100,88980,,88983,90100,89740,90100,,90100,90100,90100,90100,90100,90100,90100,90490,91790,91800,89690,89690,89690,89690,89690,89700,89700,89760,89760,89760,89760,89750
92360591,ASRock A620AM-HVS 에즈윈,90750,90740,90740,90740,90740,90750,90750,90750,90750,,,,,90740,,,,,,90750,,,89390,,,,,90740,90740,90750,90750,89460,,89460,89460,89460,89460,,90740,90740,90740,90740,90740,90740,90740,90740,90740,90740,90740,90740,90740,90740,90740,90740,90740,90740,90740,90750,89450,89450
94081583,ASRock A620AM-X + WiFi6E 랜카드 패키지 디앤디컴,180700,180700,180700,180700,180700,180700,180700,180700,180700,,,,,180700,,,,,,180700,,,180700,,,,,180700,180700,180700,116020,116020,,116020,116020,116020,116020,,116020,116020,164480,164480,164480,164480,164480,164480,164480,164480,164480,164480,164480,164480,164480,164480,164480,164480,164480,164480,164460,164460
90506507,ASRock A620AM-X 디앤디컴,98390,98390,98390,98390,98390,98390,98390,98390,98390,,,,,98390,,,,,,98390,,,98410,,,,,98690,98730,98790,98900,99020,,99130,99160,99170,99270,,99460,99490,100730,101640,101640,101640,101640,101640,101640,101640,101640,101640,101640,101640,101640,101640,101640,101640,101650,102000,102000,102000
1357994,ASRock A780GM-LE (중고),46000,46000,46000,46000,46000,46000,46000,46000,46000,,,,,46000,,,,,,46000,,,46000,,,,,46000,46000,46000,46000,46000,,46000,46000,46000,46000,,46000,46000,46000,46000,46000,46000,46000,46000,46000,18620,18620,18620,18620,18620,18620,18620,18620,18620,18620,18620,18620,18620
6017713,ASRock B360M PRO4 디앤디컴,146000,146000,146000,146000,146000,146000,146000,146000,146000,,,,,146000,,,,,,146000,,,146000,,,,,146000,146000,146000,146000,146000,,146000,146000,146000,146000,,146000,146000,146000,146000,146000,146000,146000,146000,146000,146000,146000,146000,146000,146000,146000,146000,146000,146000,146000,146000,146000,146000
6494014,ASRock B450 PRO4 디앤디컴,166000,166000,166000,166000,166000,166000,166000,166000,166000,,,,,166000,,,,,,166000,,,166000,,,,,166000,166000,166000,166000,166000,,166000,166000,166000,166000,,166000,166000,166000,166000,166000,166000,166000,166000,166000,166000,166000,166000,166000,166000,166000,166000,166000,166000,166000,166000,166000,166000
7097008,ASRock B450M 스틸레전드 디앤디컴,157000,157000,157000,157000,157000,157000,157000,157000,157000,,,,,157000,,,,,,157000,,,157000,,,,,157000,157000,157000,157000,157000,,157000,157000,157000,157000,,157000,157000,157000,157000,157000,157000,157000,157000,157000,157000,157000,157000,157000,157000,157000,157000,157000,157000,157000,157000,157000,157000
29879357,ASRock B450M-HDV R4.0 대원씨티에스,980000,980000,980000,980000,980000,980000,980000,930000,930000,,,,,930000,,,,,,980000,,,970000,,,,,970000,970000,970000,970000,970000,,970000,970000,970000,970000,,970000,970000,970000,970000,970000,980000,980000,980000,980000,,,,,,,,,,,,,
93382583,ASRock B550M Phantom Gaming 4 + WiFi6E 랜카드 패키지 디앤디컴,136570,136530,136530,136530,136550,136570,136570,136570,136570,,,,,136030,,,,,,136590,,,136030,,,,,136590,136590,136550,136590,136030,,136590,136590,136550,136590,,136580,136580,136590,136590,136570,136570,142460,142460,142460,142460,142460,142460,142460,142460,142460,142460,142460,142460,142460,142460,142460,142460
122618520,ASRock B550M Phantom Gaming 4 + WiFi7 랜카드 패키지 디앤디컴,153440,153320,153380,153400,153420,153440,153440,153440,153440,,,,,152000,,,,,,153470,,,152640,,,,,153620,153740,152640,153740,153580,,157000,154630,154610,154630,,156990,156990,157000,156990,156960,156980,159950,159940,161400,161400,161400,161400,161400,161400,161480,161480,161480,161480,161480,161480,161480,161470
19627397,ASRock B550M Phantom Gaming 4 대원씨티에스,109700,109700,109700,109700,109700,109700,109700,109700,109700,,,,,109700,,,,,,109700,,,109700,,,,,111290,111290,111290,111290,111290,,111290,111300,111290,111290,,111290,111290,111290,111290,111290,111290,111290,111290,111290,111290,111290,109870,109870,109870,109870,109870,109870,109870,109870,109870,109870,109870
12487823,ASRock B550M Phantom Gaming 4 디앤디컴,113000,110740,110740,110740,110750,113000,112990,113000,113000,,,,,110750,,,,,,110750,,,110460,,,,,110750,110750,112770,113000,110450,,110460,113000,112990,113000,,112990,112990,112990,112990,112990,112990,112990,112990,112990,112990,112990,112990,112990,112990,112990,112990,113000,113080,113070,113080,113090,113060
12464213,ASRock B550M Phantom Gaming 4 에즈윈,110750,110750,110750,110750,110750,110750,111780,111770,111770,,,,,110820,,,,,,110830,,,110320,,,,,110830,110830,111770,111770,111760,,111760,111760,111770,112190,,112190,112190,112190,112190,112190,112190,112190,112190,112190,112190,112190,112200,112200,112200,112200,112200,112210,112210,112210,112210,112210,112210
49538822,ASRock B550M Pro RS + WiFi6E 랜카드 패키지 디앤디컴,159600,159600,158820,158820,158830,159600,159600,159600,159600,,,,,159590,,,,,,159600,,,156300,,,,,173000,173000,173000,173000,173000,,159780,159780,159780,159780,,159780,159780,159780,159780,159690,159690,159690,159690,159690,159690,159690,159690,159690,159690,159690,159690,159780,159780,159780,159780,159770,159770
122618538,ASRock B550M Pro RS + WiFi7 랜카드 패키지 디앤디컴,177990,173440,173430,173430,173440,177990,177980,178000,178000,,,,,172940,,,,,,177990,,,170950,,,,,190900,190900,190900,190900,190900,,190900,190900,178000,178000,,178000,178000,178000,177940,175990,175990,175990,175990,175990,175990,175990,175990,175990,175990,175990,175990,175990,175990,175990,175990,175980,175980
49995851,ASRock B550M Pro RS 대원씨티에스,121140,121200,121290,121330,123890,123930,117170,117170,117170,,,,,117170,,,,,,116990,,,121360,,,,,121480,121480,121490,121490,121490,,121500,120940,121510,121510,,121530,121560,121610,121660,121750,121820,121860,121870,121890,121950,121970,120140,120140,120140,120140,120140,120140,120140,120140,120140,120140,120140
49162646,ASRock B550M Pro RS 디앤디컴,123860,123630,120130,120130,120140,123870,123870,123990,123860,,,,,120130,,,,,,122990,,,118550,,,,,123990,120140,122040,122250,120140,,120690,122250,120140,122250,,122240,122240,122240,121470,121480,122480,122480,122480,122480,122480,122480,122480,122490,122490,122490,122500,122500,122520,122510,122520,122470,122450
49740182,ASRock B550M Pro RS 에즈윈,123000,123000,123000,123000,123000,123000,123000,123000,123000,,,,,123000,,,,,,123000,,,123000,,,,,123000,123000,123000,123000,123000,,123000,123000,123000,128220,,128220,128220,128220,124000,124000,124000,124000,124000,124000,124000,124000,124000,124000,124000,124000,124000,124000,124000,124000,124000,124000,124000
122829100,ASRock B550M Pro-A + WiFi6E 랜카드 패키지 디앤디컴,144000,142090,142070,142070,142090,144000,144000,144000,144000,,,,,141220,,,,,,144000,,,141220,,,,,144000,144000,141220,144000,141220,,144000,144000,141220,144000,,143990,143990,144000,143990,143970,143970,143970,143960,143980,143960,143980,143780,143970,143960,143960,143980,144000,144000,143780,143780,143970,143960
108398135,ASRock B550M Pro-A 대원씨티에스,111990,107900,107900,107900,107900,107900,107900,107900,107900,,,,,107900,,,,,,107850,,,107860,,,,,107900,107900,107900,107900,107900,,107900,107910,107900,107900,,107900,107900,107900,107900,107900,107900,107900,107900,107900,107900,107900,107900,107900,107900,107900,107900,107900,107900,107900,107900,107900,107900
122726258,ASRock B550M Pro-A 디앤디컴,118970,115940,115930,115930,115950,118970,118970,116750,116750,,,,,115260,,,,,,116650,,,115260,,,,,116800,116800,115950,116860,115920,,116130,116860,115260,116840,,118880,118880,118890,118890,118860,118880,118870,118860,118880,118860,118880,118440,117280,117260,117270,118440,118900,118970,117380,117380,115260,115260
13289012,ASRock B560 PRO4 에즈윈,246000,246000,246000,246000,246000,246000,246000,246000,246000,,,,,246000,,,,,,246000,,,246000,,,,,246000,246000,246000,246000,246000,,246000,246000,246000,246000,,246000,246000,246000,246000,246000,246000,246000,246000,246000,246000,246000,246000,246000,246000,246000,246000,246000,246000,246000,246000,246000,246000
13289171,ASRock B560M PRO4 에즈윈,226000,226000,226000,226000,226000,226000,226000,226000,226000,,,,,226000,,,,,,226000,,,226000,,,,,226000,226000,226000,226000,226000,,226000,226000,226000,226000,,226000,226000,226000,226000,226000,226000,226000,226000,226000,226000,226000,226000,226000,226000,226000,226000,226000,226000,226000,226000,226000,226000
19754957,ASRock B560M-HDV/M.2 디앤디컴,156000,156000,156000,156000,156000,156000,156000,156000,156000,,,,,156000,,,,,,156000,,,156000,,,,,156000,156000,156000,136000,136000,,136000,136000,136000,136000,,136000,136000,136000,136000,136000,136000,136000,136000,136000,136000,136000,136000,136000,136000,136000,136000,136000,136000,136000,136000,136000,136000
17971196,ASRock B650 PG Lightning 디앤디컴,359000,359000,359000,359000,359000,359000,359000,359000,359000,,,,,323750,,,,,,323750,,,323750,,,,,323750,323750,323750,323750,323750,,323750,323750,323750,323750,,323750,323750,323750,323750,323750,323750,323750,323750,323750,323750,323750,323750,323750,323750,323750,323750,323750,323750,323750,323750,323750,323750
19648718,ASRock B650 Pro RS + WiFi6E 모듈 패키지 디앤디컴,379320,379320,379320,379320,379320,379320,379320,379320,379320,,,,,379320,,,,,,379320,,,379320,,,,,379320,379320,379320,379320,379320,,379320,379320,379320,379320,,379320,379320,379320,379320,379320,379320,379320,379320,379320,379320,379320,379320,379320,379320,379320,379320,379320,379320,379320,379320,379320,379320
17971202,ASRock B650 Pro RS 디앤디컴,379000,379000,379000,379000,379000,379000,379000,379000,379000,,,,,379000,,,,,,379000,,,379000,,,,,379000,379000,379000,379000,379000,,379000,379000,379000,379000,,379000,379000,379000,379000,379000,379000,379000,379000,379000,379000,379000,379000,379000,379000,379000,379000,379000,379000,379000,379000,379000,379000
17971247,ASRock B650 Pro RS 에즈윈,379000,379000,379000,379000,379000,379000,379000,379000,379000,,,,,329000,,,,,,329000,,,329000,,,,,329000,329000,329000,329000,329000,,329000,329000,329000,329000,,329000,329000,329000,313670,313670,313670,313670,313670,313670,313670,313670,313670,313670,313670,313670,313670,313670,313670,313670,313670,313670,313670
72304610,ASRock B650 스틸레전드 WiFi 대원씨티에스,220490,220490,220490,220490,220490,220490,220490,220490,220490,,,,,220490,,,,,,220490,,,220490,,,,,220490,220490,220490,220490,220490,,220490,220500,220490,220490,,220490,220490,220490,220490,220490,220490,220490,220490,220490,220500,220490,220490,220490,220490,220490,220490,220490,220490,220490,220490,220490,220490
64394135,ASRock B650 스틸레전드 WiFi 디앤디컴,210000,207410,207410,207410,207410,207410,207410,207410,207410,,,,,207410,,,,,,207410,,,228300,,,,,228300,228300,228300,228300,228300,,228300,228300,228300,228300,,228300,228300,228300,228310,243870,243870,243870,243870,243870,243870,243870,243870,243870,243870,243870,243870,243870,243870,243870,243870,243870,243870
18007478,ASRock B650E PG Riptide WiFi 대원씨티에스,355100,355100,355100,355100,355100,355100,355100,355100,355100,,,,,355100,,,,,,355100,,,355100,,,,,355100,355100,355100,355100,355100,,355100,355100,355100,355100,,355100,355100,355100,355100,355100,355100,355100,355100,355100,355100,355100,355100,355100,355100,355100,355100,355100,355100,355100,355100,355100,355100
18007499,ASRock B650E 스틸레전드 WiFi 대원씨티에스,438970,438970,438970,438970,438970,438970,438970,438970,438970,,,,,438970,,,,,,438970,,,438970,,,,,438970,438970,438970,438970,438970,,438970,438970,438970,438970,,438970,438970,438970,438970,438970,438970,438970,438970,438970,438970,438970,438970,438970,438970,438970,438970,438970,438970,438970,438970,438970,438970
30167879,ASRock B650M PG Lightning + WiFi6E 모듈 패키지 디앤디컴,136840,136830,136830,136830,136830,136840,136840,136840,136840,,,,,190000,,,,,,190000,,,190000,,,,,154100,154100,154000,142000,142000,,142000,142000,142000,142000,,142000,142000,142000,138720,138720,138720,138720,138720,138720,138720,141900,142000,142000,142000,142000,142000,142000,142000,142000,141990,141980,141980
30622283,ASRock B650M PG Lightning + WiFi6E 모듈 패키지 에즈윈,195410,182910,180410,180410,180410,197910,197910,197910,180410,,,,,197910,,,,,,195410,,,192910,,,,,197910,197910,197910,197910,197910,,197910,197910,197910,197910,,197910,197910,142090,142090,142090,142090,142090,142090,142090,142090,157650,197910,197910,197910,182910,182910,197910,197910,197910,149920,148550,148550
46742996,ASRock B650M PG Lightning WiFi 디앤디컴,170000,170000,170000,170000,170000,170000,170000,170000,170000,,,,,170000,,,,,,170000,,,170000,,,,,170000,170000,170000,170000,170000,,170000,170000,170000,170000,,170000,170000,170000,170000,170000,170000,170000,170000,170000,114000,170000,170000,170000,170000,170000,170000,170000,170000,170000,170000,170000,170000
30300260,ASRock B650M PG Lightning 대원씨티에스,117410,117410,117410,117410,117410,117420,117420,117420,117420,,,,,117420,,,,,,121060,,,139530,,,,,121660,121660,121660,120000,120000,,114990,114990,114990,114990,,114990,114990,114990,114990,114990,114990,114990,114990,114990,114980,114980,114990,114940,114990,114990,115000,87000,114130,114130,113770,114130,110960
29908775,ASRock B650M PG Lightning 디앤디컴,111490,113530,111480,111480,113520,113530,113530,113530,113530,,,,,114000,,,,,,127000,,,130520,,,,,127000,127000,117690,114000,114000,,114000,114000,113530,113530,,113530,113530,111480,111470,111470,111480,111470,111470,111480,111480,113520,112010,112010,112010,112000,112000,112000,112000,111480,110080,110070,110070
28603964,ASRock B650M PG Lightning 에즈윈,129000,129000,129000,129000,129000,129000,129000,129000,129000,,,,,129000,,,,,,139000,,,139000,,,,,139000,129000,129000,127000,127000,,127000,127000,127000,127000,,127000,127000,127000,119000,113610,113760,113900,114000,115520,107500,107500,107500,107500,107500,107500,107500,107500,107500,107500,107500,107500,107500
63269363,ASRock B650M PG Riptide WiFi White 디앤디컴,248500,248490,248490,248490,248490,248500,248500,248500,248500,,,,,239500,,,,,,239500,,,239500,,,,,239500,239500,239500,239500,239500,,239500,239500,239500,239500,,239500,239500,239500,239500,239500,239500,239500,239500,239500,239500,239500,239500,239500,239500,239500,239500,239500,239500,239500,239500,239500,239500
62791640,ASRock B650M PG Riptide WiFi White 에즈윈,218430,218430,218430,218930,222220,218930,223570,218430,218430,,,,,218430,,,,,,218930,,,218930,,,,,219420,219420,219420,219430,219430,,219430,219430,219430,219430,,219430,219430,219430,219430,219430,219430,219430,219430,219430,219430,219430,219430,219430,219430,219430,219430,219430,219430,219430,219430,219430,219430
17971604,ASRock B650M PG Riptide 대원씨티에스,184000,177600,177600,177600,177600,177600,177600,177600,177600,,,,,177600,,,,,,177600,,,177600,,,,,177600,177600,177600,177600,175990,,175990,175990,175990,175990,,175990,175990,175990,175990,175990,175990,175990,175990,175990,175990,175990,175990,159500,159500,159500,159500,159500,159500,159500,159500,159500,159500
17971253,ASRock B650M PG Riptide 에즈윈,299000,299000,299000,299000,299000,299000,299000,299000,299000,,,,,299000,,,,,,299000,,,299000,,,,,299000,299000,299000,299000,299000,,299000,299000,299000,299000,,299000,299000,299000,299000,299000,299000,299000,299000,299000,299000,299000,299000,299000,299000,299000,299000,299000,299000,299000,299000,299000,299000
124183411,ASRock B650M PRO-A Gen5 + WiFi6E 모듈 패키지 디앤디컴,166270,166270,164010,164010,164030,166270,166270,166270,166270,,,,,163020,,,,,,166270,,,166270,,,,,,,,,,,,,,,,,,,,,,,,,,,,,,,,,,,,,
124183390,ASRock B650M PRO-A Gen5 + WiFi7 모듈 패키지 디앤디컴,185330,182800,182790,182790,182810,182840,185330,185330,185330,,,,,181720,,,,,,185330,,,185330,,,,,,,,,,,,,,,,,,,,,,,,,,,,,,,,,,,,,
122699502,ASRock B650M PRO-A Gen5 대원씨티에스,127000,127000,127000,127000,127000,127000,127000,127000,122790,,,,,122790,,,,,,133430,,,133430,,,,,134080,134080,134080,134080,134080,,134080,134090,135540,135540,,135540,135540,135540,135540,135540,135540,135540,135540,135540,135540,135550,135550,135550,135550,135550,135550,135550,135550,135550,135550,135550,135550
122697250,ASRock B650M PRO-A Gen5 디앤디컴,128900,128900,128900,128900,128900,130530,130530,130530,130530,,,,,129800,,,,,,130560,,,128910,,,,,130560,130560,133950,134740,134700,,134740,134740,132990,133800,,133800,133800,133800,133800,133800,133800,133800,133000,134990,134960,134980,134980,135000,134990,137560,137580,137640,137640,137630,136370,138270,138940
21627827,ASRock B650M Pro RS 대원씨티에스,165000,165000,165000,165000,165000,165000,165000,165000,165000,,,,,165000,,,,,,165000,,,165000,,,,,165000,165000,165000,165000,165000,,165000,165000,165000,165000,,165000,165000,165000,165000,165000,165000,165000,165000,165000,165000,165000,165000,165000,165000,165000,165000,165000,165000,165000,165000,165000,165000
122678326,ASRock B650M Pro X3D + WiFi6E 모듈 패키지 디앤디컴,156500,156500,156490,156490,156500,160620,158850,160620,160620,,,,,158720,,,,,,160630,,,156510,,,,,161490,160250,161480,161490,158840,,161490,161490,161490,161490,,161490,161490,161490,161490,161490,161490,161490,161490,161490,161490,161490,161500,161500,161500,161500,161500,161500,161500,162000,161990,161990,161990
93702833,ASRock B650M Pro X3D WiFi 대원씨티에스,175070,178990,178950,178990,178990,178990,178990,171770,171770,,,,,171600,,,,,,171590,,,171540,,,,,172610,172610,172610,172610,172610,,172610,172610,172610,172610,,172610,172610,172610,172610,172610,172620,172620,172620,172620,172620,172620,172620,172620,172620,172620,172620,172620,172620,172620,172620,172620,172620
77786621,ASRock B650M Pro X3D WiFi 디앤디컴,177140,174250,173400,173400,173420,178800,174420,174430,174430,,,,,172370,,,,,,173500,,,171150,,,,,172000,172000,172000,172000,172000,,172000,172000,172000,172000,,172000,172000,172000,172000,172000,172000,172000,172000,172990,172960,172980,172980,173000,172990,175500,175520,177160,177160,177150,175530,171490,171490
93317309,ASRock B650M Pro X3D WiFi 에즈윈,178990,178990,178990,178990,178990,178990,178990,179000,179000,,,,,179000,,,,,,178990,,,178990,,,,,178990,178990,178990,178990,178990,,178990,178990,178990,178990,,178990,178990,178990,178990,178990,178990,174740,174740,174740,173150,173150,173150,173150,173150,173150,173150,173150,173150,173150,173150,173150,173150
77706647,ASRock B650M Pro X3D 대원씨티에스,128510,130740,130720,130740,130760,130800,132290,130360,133280,,,,,128520,,,,,,128510,,,134430,,,,,135030,135030,135030,135030,135060,,135310,135420,134490,134490,,134490,134490,134490,134490,134490,134490,134500,134490,134490,134490,134490,134490,134490,134490,134490,134460,134490,134490,134490,134490,134490,131120
77786816,ASRock B650M Pro X3D 디앤디컴,133410,133400,133400,133400,133410,134760,134760,135600,135600,,,,,132980,,,,,,134740,,,133440,,,,,134740,132990,138090,138840,138860,,139790,139790,137070,139360,,139320,139350,139540,139620,140230,140830,140850,140910,141020,141550,141570,140570,141440,141490,141530,141590,141610,141610,141610,140570,141460,141530
76509641,ASRock B650M Pro X3D 에즈윈,125600,125600,125080,125080,125080,125080,125080,125080,125080,,,,,125080,,,,,,122810,,,125130,,,,,125130,125130,125130,125130,125130,,125130,125130,125130,123390,,125130,125130,125130,125130,125130,125130,125130,125130,125650,125650,125650,125650,125650,125650,125650,125650,125650,125650,125650,125650,125650,125650
19536692,ASRock B650M-HDV/M.2 에즈윈,186680,196500,186680,186680,186680,186680,186680,184710,184710,,,,,184710,,,,,,184710,,,184710,,,,,184710,184710,184710,184710,184710,,184710,184710,186680,186680,,186680,186680,186680,186680,186680,186680,186680,186680,186680,186680,186680,196500,196500,196500,196500,196500,186680,186680,186680,184710,186680,186680
16089554,ASRock B660M Pro RS D4 에즈윈,196000,196000,196000,196000,196000,196000,196000,196000,196000,,,,,196000,,,,,,196000,,,196000,,,,,196000,196000,196000,196000,196000,,196000,196000,196000,196000,,196000,196000,196000,196000,196000,196000,196000,196000,196000,196000,196000,196000,196000,196000,196000,196000,196000,196000,186000,186000,186000,186000
16094537,ASRock B660M-HDV D4 디앤디컴,156000,156000,156000,156000,156000,156000,156000,156000,156000,,,,,156000,,,,,,156000,,,156000,,,,,156000,156000,156000,156000,156000,,156000,156000,156000,156000,,156000,156000,156000,156000,156000,156000,156000,156000,156000,156000,156000,156000,156000,156000,156000,156000,156000,156000,156000,156000,156000,156000
2951174,ASRock B75M (중고),20000,20000,20000,20000,16500,20000,15900,15900,17500,,,,,16500,,,,,,16500,,,17500,,,,,17500,20000,20000,20000,20000,,20000,20000,20000,20000,,20000,20000,20000,20000,20000,20000,20000,20000,20000,20000,20000,20000,20000,20000,20000,20000,20000,20000,20000,20000,20000,20000
4497752,ASRock B75M-GL (중고),31000,31000,31000,31000,31000,31000,31000,31000,31000,,,,,31000,,,,,,31000,,,31000,,,,,31000,31000,31000,31000,31000,,31000,31000,31000,31000,,31000,31000,31000,31000,31000,31000,31000,31000,31000,31000,31000,31000,31000,31000,31000,31000,31000,31000,31000,31000,31000,31000
18646154,ASRock B760M PG SONIC WiFi D5 에즈윈,180000,180000,180000,180000,180000,180000,180000,180000,180000,,,,,180000,,,,,,180000,,,180000,,,,,180000,180000,180000,180000,180000,,180000,180000,180000,180000,,180000,180000,180000,180000,180000,180000,180000,180000,180000,180000,180000,180000,180000,180000,180000,180000,180000,180000,180000,180000,180000,180000
20103287,ASRock B760M Pro RS D5 + WiFi6E 모듈 패키지 디앤디컴,183490,184050,184060,184140,187990,184150,187990,184150,184150,,,,,184200,,,,,,184200,,,184780,,,,,185380,182820,180480,185480,182830,,186040,186040,185480,188000,,185440,185490,187990,187990,185460,185460,185440,185480,185490,185480,185480,185480,185480,185480,185480,185490,186760,186760,185480,177070,177070,177070
30638927,ASRock B760M Pro RS D5 + WiFi6E 모듈 패키지 에즈윈,225000,225000,225000,225000,225000,225000,225000,225000,225000,,,,,225000,,,,,,225000,,,225000,,,,,188370,188370,188370,188370,188370,,188370,188370,188370,188000,,188000,188000,188000,188000,188000,188000,188000,188000,188000,188000,188000,188000,188000,188000,188000,188000,188000,188000,188370,188370,188370,188370
31959920,ASRock B760M Pro RS D5 + WiFi7 모듈 패키지 디앤디컴,211950,202970,202970,202970,202970,202980,211950,202980,202980,,,,,203020,,,,,,203030,,,203530,,,,,203540,203540,203530,205780,144020,,205780,205780,205780,205780,,205740,205790,203790,201310,201310,201310,201300,201300,204360,204360,204370,204360,204370,204360,204360,204360,204370,204370,204370,204370,204410,204410
19498640,ASRock B760M Pro RS D5 디앤디컴,152100,152090,152090,152090,152090,152100,152100,152100,152100,,,,,152090,,,,,,152100,,,152090,,,,,152120,152120,152120,152120,152110,,152120,152120,154390,154400,,154390,154390,154390,154390,154390,154390,154390,154390,154390,154390,154390,154390,154390,154390,154390,154400,154470,154470,154470,154470,154460,154460
19536062,ASRock B760M Pro RS D5 에즈윈,148500,148500,148500,148500,148500,148500,148500,148500,148500,,,,,148500,,,,,,148500,,,142980,,,,,144980,144980,144980,144980,144980,,144980,144980,144980,144980,,146530,146530,146530,146530,146530,146530,146530,146530,146530,146530,146530,146530,146530,146530,146530,146530,146530,146530,146530,146530,146530,146530
69469049,ASRock B760M Pro RS D5 인텍앤컴퍼니,146530,146530,146530,146530,146530,146530,146530,146530,146530,,,,,146530,,,,,,146530,,,146530,,,,,146530,146530,146530,146530,146530,,146530,146530,146530,146530,,146530,146530,146530,146660,146660,146660,146660,146660,146660,146660,146660,146660,146660,146660,146660,146660,146660,146660,146660,146660,146660,146660
40895255,ASRock B760M Pro-A 에즈윈,171500,171500,171500,171500,171500,171500,171500,171500,171500,,,,,171500,,,,,,171500,,,171500,,,,,171500,171500,171500,171500,171500,,171500,171500,171500,171500,,171500,171500,171500,171500,171500,171500,171500,171500,171500,171500,171500,171500,171500,171500,171500,171500,171500,171500,171500,171500,171500,171500
106717613,ASRock B760M Pro-A 에즈윈 (벌크),134500,134490,134490,134490,134490,134500,134500,134500,134500,,,,,134490,,,,,,134500,,,134490,,,,,134490,134490,134500,134500,134490,,134490,134490,134490,134500,,134490,134490,134490,134490,134490,134490,134490,134490,134490,134490,134490,134490,134490,134490,134490,134490,134490,134490,134490,134500,134490,134490
69468977,ASRock B760M Pro-A 인텍앤컴퍼니,129000,129000,129000,129000,129000,129000,138500,138500,138500,,,,,124500,,,,,,124500,,,124500,,,,,125000,138500,138500,138500,138500,,138500,138500,138500,125000,,138500,138500,138500,138500,138500,138500,138500,138500,138500,138500,124900,124900,124900,138500,138500,138500,138500,138500,138500,138500,138500,138500
122678463,ASRock B760M Pro-A/D4 + WiFi6E 모듈 패키지 디앤디컴,167900,164060,164000,164020,164040,167900,167900,167900,167900,,,,,163020,,,,,,167900,,,161620,,,,,167900,167900,163030,167900,164000,,167900,167900,163030,167900,,167880,167880,167890,167900,167870,167870,167870,167860,167880,167860,167880,167560,167560,167550,167550,167570,167900,168000,167560,167560,167950,167940
122678434,ASRock B760M Pro-A/D4 + WiFi7 모듈 패키지 디앤디컴,190790,185890,185950,185970,185990,190790,190790,190790,190790,,,,,185930,,,,,,190790,,,183190,,,,,190780,190790,184830,190780,185950,,190780,190780,183190,190780,,190860,190880,190890,190900,190850,190870,190860,190840,190880,190850,190870,189980,189980,189970,189970,189990,190790,190790,189980,189980,190790,190930
106749107,ASRock B760M Pro-A/D4 디앤디컴,130000,128900,128900,128900,129990,130000,130010,130010,129000,,,,,128110,,,,,,129000,,,129000,,,,,129000,129000,129000,129000,129000,,129000,129000,129000,129000,,129000,129000,129000,129000,129000,129000,129000,129000,129990,129960,129980,129980,130000,129990,132770,132790,132800,132990,132180,132180,130540,130530
109483313,ASRock B760M Pro-A/D4 에즈윈,129200,129200,129200,129200,129200,129200,129200,129200,129200,,,,,129190,,,,,,129200,,,129190,,,,,129190,129190,129200,129200,129190,,129190,129190,129280,130220,,130220,130220,130220,130220,130220,130220,130220,130220,130220,130220,130220,130220,130220,130220,130220,130220,130220,130220,130220,130230,130220,130220
20536331,ASRock B760M-HDVP D5 에즈윈 (벌크),120820,120820,121320,122280,122280,121320,122290,120320,120320,,,,,120320,,,,,,120810,,,121310,,,,,121310,121310,121310,121320,121320,,121320,121320,121320,121320,,121320,121320,121320,121320,121320,121320,121320,121320,121320,121320,121320,121320,121320,121320,121320,121320,121320,121320,121320,121320,121320,121320
99714806,ASRock B760M-X Gen5 에즈윈 (벌크),123900,123900,123900,123900,123900,123900,123900,123900,123900,,,,,123890,,,,,,123890,,,123890,,,,,123890,123890,123900,123900,123890,,123890,123890,123890,123900,,123890,123890,123890,123900,123900,123890,123890,123890,123890,123890,123890,123890,123890,123890,123890,123890,123890,123890,123890,123900,123890,123890
97702355,ASRock B850 Challenger WiFi 7 White 대원씨티에스,249350,249350,249350,254350,249350,254350,254350,253630,253630,,,,,253630,,,,,,254350,,,254350,,,,,254350,254350,254350,254350,254350,,254350,254350,254350,254350,,254350,254350,254350,254290,254350,254350,254350,254350,254350,256160,253000,253000,253000,253000,253000,253000,253000,253000,253000,253000,253000,253000
99054896,ASRock B850 Challenger WiFi 7 White 디앤디컴,241530,241530,241530,241530,241530,241530,241530,241530,241530,,,,,241530,,,,,,239000,,,241530,,,,,241530,241530,241530,241530,241530,,241530,241530,241530,241530,,241530,241530,241530,241530,241530,241530,241530,250090,248500,250090,250090,250090,250090,250090,250090,250090,250100,250100,250090,250090,250090,250090
100383200,ASRock B850 Challenger WiFi 7 White 에즈윈,266650,266650,266650,266650,268660,267150,267150,266650,266650,,,,,266650,,,,,,267150,,,267150,,,,,268550,268580,268600,268660,268660,,268660,268660,268660,268660,,266010,266010,266010,266010,266010,266010,266010,266010,266010,266010,266010,266010,266010,266010,266010,266010,266010,266010,266010,266010,266010,266010
97702418,ASRock B850 Challenger WiFi 7 대원씨티에스,254150,254150,254150,254150,254150,254150,254150,242920,242920,,,,,238460,,,,,,238460,,,238460,,,,,238530,238590,238640,238670,238670,,238700,238710,238760,238760,,238810,238830,238840,238840,238860,238880,238960,238960,238990,238990,239000,239000,239000,239000,239000,239000,239000,239000,239000,239000,239000,239000
74250353,ASRock B850 LiveMixer WiFi 대원씨티에스,278000,278000,278000,278000,278000,278000,278000,278000,278000,,,,,282970,,,,,,282970,,,282970,,,,,282970,282970,282970,282970,282970,,282970,282970,282970,282970,,282970,282970,282970,282970,282970,282970,282970,282970,282970,282970,282970,282970,282970,282970,282970,282970,282970,282970,282970,282970,282970,282970
75939005,ASRock B850 Pro RS WiFi 대원씨티에스,244840,251820,251820,251820,251820,251820,250940,251820,251820,,,,,247590,,,,,,247590,,,247590,,,,,247590,247590,247590,247600,247600,,247600,247600,247600,247600,,247590,247590,247590,247590,247590,247600,251810,251810,251810,251810,251810,251810,251810,251810,251810,251810,251810,251810,251810,251810,251810,251810
74340596,ASRock B850 Pro RS WiFi 디앤디컴,254400,250800,250790,250790,250810,254400,250830,254400,254400,,,,,249220,,,,,,252000,,,249480,,,,,249490,250810,249200,251990,249440,,251990,251990,247570,251940,,249460,249460,249470,249490,247590,247590,247590,247590,247590,247590,247600,247600,247600,247600,247600,247600,247600,247600,247600,247600,247600,247600
73952600,ASRock B850 Pro RS WiFi 에즈윈,240400,240400,240400,237660,240400,240400,240400,240400,240400,,,,,240400,,,,,,240400,,,240400,,,,,240400,240400,240400,240400,240400,,240400,240400,240400,240400,,240400,240400,240400,240400,240150,237660,240400,240160,240160,240160,240160,240160,240160,240160,240160,240160,240160,240160,240160,240160,240160,240160
73952525,ASRock B850 Pro RS 에즈윈,238860,240400,240400,240400,240400,240400,242890,240400,240400,,,,,237900,,,,,,237900,,,237900,,,,,241430,235400,240400,240400,240400,,240400,240400,242860,242880,,243010,243010,243010,243030,241430,233860,241350,238860,238860,241350,241350,238860,233860,241360,241430,238860,233860,241360,241430,238860,233860,236360
79410761,ASRock B850 Pro-A WiFi 디앤디컴,210990,210890,210930,210950,210970,210990,211070,214180,214200,,,,,181000,,,,,,181000,,,181000,,,,,181000,181000,181000,181000,181000,,181000,181000,181000,181000,,182000,182000,182000,181000,181000,181000,215360,215400,215400,215360,215420,215420,215360,215380,215400,215420,215380,215440,215440,215400,215400,215400
78990293,ASRock B850 Pro-A WiFi 에즈윈,226490,233460,227510,233480,230510,232090,230510,233500,230510,,,,,230510,,,,,,233500,,,230500,,,,,233480,227510,227510,233510,232080,,227520,232080,227510,230510,,232080,232080,226760,226760,232750,232080,232080,229760,229760,229760,229760,229760,232630,226760,229760,232650,232690,229760,232710,232730,229760,229760
74250455,ASRock B850 Pro-A 대원씨티에스,218310,218310,218310,218310,218310,218310,218310,218310,218310,,,,,218310,,,,,,218328,,,218330,,,,,218330,218330,218330,218330,218330,,218330,218340,218891,220650,,220650,220650,220650,220650,220650,220650,220650,220650,220650,220660,220660,214740,214740,214740,214740,214740,214740,214740,214740,214740,214740,214740
74341610,ASRock B850 Pro-A 디앤디컴,216270,211280,211270,211270,211270,213780,216220,216260,216260,,,,,216100,,,,,,216280,,,215680,,,,,215920,215930,215920,216030,216050,,216090,216160,216170,216260,,217470,217540,217570,217640,217640,217720,217680,217720,217720,217700,217740,217740,217680,217700,217720,217740,217700,217760,217740,217710,217720,217720
74999933,ASRock B850 Pro-A 에즈윈,220010,220010,220010,220010,220010,220010,220010,220010,220010,,,,,220000,,,,,,220010,,,220010,,,,,220000,220000,220010,220010,220000,,220000,220000,220010,220010,,220000,220000,220000,220010,220010,220000,220000,220000,220000,220000,220000,220000,220000,220000,220000,220000,220000,220000,220000,220010,220000,220000
74250557,ASRock B850 Riptide WiFi 대원씨티에스,295190,295190,295190,295190,295190,295190,295190,295190,295190,,,,,295190,,,,,,295210,,,295220,,,,,295220,295220,295220,295220,295220,,295220,295230,295967,298230,,298240,298260,298270,298320,298340,298360,298360,298360,298360,298370,298370,287530,287530,287530,287530,287530,287530,287530,287530,287530,287530,287530
107958404,ASRock B850 Rock WiFi 7 대원씨티에스,230390,230390,230390,230390,230390,230390,230390,230390,230390,,,,,230390,,,,,,230390,,,230480,,,,,231820,231820,231820,231820,231820,,231820,231830,231830,231830,,231840,231940,231970,232030,232050,232070,232070,232070,232070,232080,232020,227240,227240,227240,227240,227240,227240,227240,227240,227240,227240,227240
122694871,ASRock B850 Rock WiFi 7 디앤디컴,237940,231930,231890,231910,231920,237940,231930,231930,237940,,,,,230520,,,,,,231930,,,228950,,,,,231730,231750,231780,231820,231870,,231930,231930,228950,231930,,230790,230810,230860,230870,230900,230960,228990,228990,229090,229180,229270,229300,229350,229400,229450,229450,229480,229500,229520,229560,229640,229640
106717493,ASRock B850 Rock WiFi 7 에즈윈,228750,228750,228750,228750,228750,228750,228750,228750,228750,,,,,228750,,,,,,228750,,,224660,,,,,224660,224660,224660,224660,224660,,224660,224660,227050,227050,,227050,227050,227050,227050,227050,227050,227050,227050,227050,227050,227050,228750,228750,228750,228750,228750,227050,227050,227050,224660,227050,227050
74340710,ASRock B850 스틸레전드 WiFi 디앤디컴,282800,278890,278920,278940,278960,278980,278990,278960,278980,,,,,224840,,,,,,278980,,,278960,,,,,278980,278980,278940,278990,278950,,278990,278990,278970,278990,,282550,282610,282650,282710,282680,282760,282400,282440,282440,282420,282460,282460,282420,282420,282420,282460,282420,280440,280480,280460,280460,280460
77278937,ASRock B850 스틸레전드 WiFi 에즈윈,287770,287770,287770,287770,287770,287770,287770,287770,287770,,,,,293890,,,,,,287770,,,287770,,,,,287770,287770,287770,287770,287770,,287770,287770,287770,287770,,290280,287780,292480,292480,290280,292480,292480,292480,287490,287790,283810,283810,281380,283810,283810,283810,281380,283810,283810,283810,281380,283810
77278676,ASRock B850I Lightning WiFi 대원씨티에스,335210,335210,335210,335210,335210,335210,335210,335210,335210,,,,,335210,,,,,,335210,,,335210,,,,,335210,335210,335210,335210,335210,,335210,335220,335210,335210,,335210,335210,335210,335210,335210,335210,335210,335210,335210,335220,335220,335220,335220,335220,335220,335220,335220,331550,331550,331550,331550,331550
73952591,ASRock B850I Lightning WiFi 에즈윈,338650,338720,338770,338790,338790,338850,338910,338910,338910,,,,,338910,,,,,,338990,,,340610,,,,,340590,340610,340630,340630,340580,,340580,340580,340600,340620,,342430,342480,342490,342560,342590,342610,342310,342350,342350,342390,342410,342470,342490,342510,342530,342550,342590,342610,342610,342650,338080,338080
107956478,ASRock B850M Challenger WiFi 7 White 대원씨티에스,239330,239330,239330,239330,239330,239330,239330,239330,239330,,,,,228500,,,,,,228500,,,234770,,,,,234830,234830,234840,234850,234850,,234870,235380,235870,235870,,236380,236380,236380,236380,236380,236380,236950,236950,238330,238340,238340,238340,237370,237370,237930,237930,238340,238340,238340,238340,231890,231900
107768525,ASRock B850M Challenger WiFi 7 White 디앤디컴,230440,224640,224640,224640,224660,224690,234250,230440,230440,,,,,223260,,,,,,230440,,,221150,,,,,230440,230440,223260,230440,224630,,230440,230440,221150,230440,,232750,232770,232800,232830,232780,232290,232200,232200,232280,234280,234280,226970,229490,229480,229480,229500,230440,230440,229500,226980,230440,231970
106728485,ASRock B850M Challenger WiFi 7 White 에즈윈,242250,242250,242250,242250,242250,242250,242250,239700,239700,,,,,239000,,,,,,232810,,,232810,,,,,232810,232810,232810,232810,232810,,232810,232810,232810,232810,,239000,239000,239000,238990,238990,238990,238990,238990,238990,238990,238990,238990,238990,238990,238990,238990,238990,238990,238990,238990,238990,238990
93804581,ASRock B850M Pro Plus WiFi 디앤디컴,212170,212120,212110,212110,212120,209330,218990,217630,217630,,,,,212110,,,,,,212120,,,209330,,,,,212120,209330,212120,212120,212110,,212120,212120,212110,212120,,213680,213680,213680,213690,213680,213680,213680,213680,213680,213680,213690,213690,216670,216670,216670,216670,216680,216680,216680,214210,214210,214210
78534680,ASRock B850M Pro RS + WiFi6E 모듈 패키지 디앤디컴,259000,259000,250800,250800,250810,259000,259000,259000,259000,,,,,237900,,,,,,237900,,,237900,,,,,237900,237900,237900,237900,237900,,237900,237900,237900,237900,,237900,237900,237900,237900,237900,237900,237900,237900,237900,237900,237900,237900,237900,237900,237900,237900,237900,237900,237900,237900,237900,237900
94028396,ASRock B850M Pro RS WiFi WHITE 대원씨티에스,198030,198030,198030,198030,198030,198030,198030,198030,198030,,,,,198030,,,,,,198030,,,198030,,,,,195190,195190,195190,195190,195190,,195190,198040,198020,198020,,198020,198020,198020,198020,198020,198020,198020,198020,198020,198040,198030,192730,192730,192730,192730,192730,192730,192730,192730,192730,192730,192730
93803822,ASRock B850M Pro RS WiFi WHITE 디앤디컴,203110,200580,200580,200580,200590,203230,203310,203320,203320,,,,,197970,,,,,,198990,,,198980,,,,,198990,197980,198990,198990,198980,,198990,198990,197980,197980,,198980,198980,198980,198990,198980,198980,198980,198980,198980,198990,198990,198990,198980,198980,198980,198980,198990,198990,198990,198990,198980,198980
75600851,ASRock B850M Pro RS WiFi 디앤디컴,207990,207990,207990,207990,207990,207990,205230,205240,205240,,,,,197860,,,,,,197860,,,197860,,,,,197860,197860,197860,197860,197860,,197860,197860,197860,197860,,197860,197860,197860,197860,197860,197860,197860,197860,197860,197860,197860,197860,197860,197860,197860,197860,197860,197860,197860,197860,197860,197860
73952732,ASRock B850M Pro RS WiFi 에즈윈,208590,208590,208590,208590,208590,208590,208590,208590,208590,,,,,207990,,,,,,208000,,,208000,,,,,208000,208000,208000,208000,208000,,208000,208000,208000,208000,,208000,208000,208000,208000,208000,208000,208000,208000,208000,208000,208000,208000,208000,208000,208000,208000,208000,208000,208000,208000,208000,208000
75538394,ASRock B850M Pro RS 대원씨티에스,196980,196980,196980,196980,196980,196980,196980,196980,196980,,,,,196980,,,,,,196980,,,196980,,,,,196990,196990,196990,196990,196990,,196990,197000,196990,196990,,196990,196990,196990,196990,196990,196990,196990,196990,196990,197000,196990,196990,196990,196990,196990,196990,196990,196990,196990,196990,196990,196990
75600842,ASRock B850M Pro RS 디앤디컴,198500,198400,198440,198460,198480,198510,198530,198520,198520,,,,,198340,,,,,,198520,,,198150,,,,,198430,198420,198460,198530,198490,,198530,198530,198490,198510,,199670,199690,199690,199770,199820,199860,199880,199940,200050,200110,200150,200210,200270,200360,200380,200460,200500,200580,200680,200740,200780,200780
73952729,ASRock B850M Pro RS 에즈윈,197480,198750,202490,198750,202490,201250,203740,203740,196250,,,,,200490,,,,,,200490,,,200490,,,,,197990,200490,197990,198000,200500,,198000,201260,203700,203720,,203720,203720,203720,203760,202490,197480,202470,199980,199980,199980,199980,199980,199980,199980,199980,199980,202470,202480,203250,203250,203220,203220
75540665,ASRock B850M Pro-A WiFi 대원씨티에스,184990,184990,184990,184990,184990,184990,184990,184990,184990,,,,,184990,,,,,,184990,,,184990,,,,,184990,184990,184990,184990,184990,,184990,185000,180990,180990,,180990,180990,180990,180990,180990,180990,180990,180990,180990,181000,180990,180990,180990,180990,180990,180990,180990,181000,181000,181000,181000,181000
79553249,ASRock B850M Pro-A WiFi 디앤디컴,180840,178590,178600,178620,178640,178660,180860,180860,180860,,,,,177570,,,,,,180860,,,177570,,,,,180860,180860,178630,180860,178620,,180860,180860,178630,180860,,180840,180840,180850,180850,180820,180840,180830,180820,180840,180820,180840,180840,180830,180820,180820,180840,180860,180860,180840,180830,180830,180820
74341325,ASRock B850M Pro-A WiFi 에즈윈,193540,191360,193520,193520,193520,193540,191360,193540,191360,,,,,182000,,,,,,182000,,,182000,,,,,182000,182000,182000,182000,182000,,182000,182000,191370,193140,,193140,193140,191390,193490,192950,192950,191390,191390,192950,192950,192950,191390,192950,192950,192950,191390,192950,192950,191390,192950,192880,192880
75538754,ASRock B850M Pro-A 대원씨티에스,282130,282130,282130,282130,282130,282130,282130,282130,282130,,,,,229000,,,,,,229000,,,229000,,,,,229000,229000,229000,229000,229000,,229000,229000,229000,229000,,229000,229000,229000,229000,229000,229000,229000,229000,229000,229000,229000,229000,229000,229000,229000,229000,229000,229000,229000,229000,229000,229000
75724184,ASRock B850M Pro-A 디앤디컴,159840,159810,159800,159800,159820,159850,159870,159860,159860,,,,,158870,,,,,,161210,,,160420,,,,,161390,161420,161420,161530,161580,,161630,161730,161780,161870,,162000,162030,162070,162150,162230,162280,162360,162460,162560,162610,162720,161220,160860,160860,160860,160880,160910,160910,160950,160900,160890,160890
74341163,ASRock B850M Pro-A 에즈윈,165050,165020,165030,165030,165030,165050,165060,165050,165050,,,,,164070,,,,,,159790,,,159790,,,,,161780,161780,161780,161790,161790,,161790,161790,161790,161790,,164880,164940,164940,164960,164870,164870,164470,164510,164510,164550,164630,164710,164750,164770,164790,164810,164850,164870,164870,164870,164840,164840
77705072,ASRock B850M Riptide WiFi 대원씨티에스,247020,247020,247020,247020,247020,247020,247020,247020,247020,,,,,247020,,,,,,247040,,,247040,,,,,247050,247050,247050,247050,247050,,247050,247060,249660,249660,,249660,249660,249660,249660,249660,249660,249660,249660,249660,249670,249670,247040,247040,247040,247040,247040,247040,247040,247040,247040,247040,247040
107960645,ASRock B850M Rock WiFi 대원씨티에스,178230,178230,178230,178230,178230,178230,178230,178230,178230,,,,,178230,,,,,,178220,,,178220,,,,,178220,178220,178220,178220,178220,,178220,178230,178230,178230,,178230,178230,178230,178230,178230,178230,178230,178230,178230,178230,178230,178230,178230,178230,178230,178230,178230,178230,178230,178230,178230,178230
122694865,ASRock B850M Rock WiFi 디앤디컴,194530,191070,190780,190780,190780,197220,198950,197220,197210,,,,,191060,,,,,,192220,,,191060,,,,,192220,192220,191060,192220,192160,,192220,192220,191060,192220,,192720,192810,192870,192940,193020,193040,193030,193020,193040,192690,192710,192710,192710,192700,192700,192720,192730,192730,192710,192660,192670,192660
106717577,ASRock B850M Rock WiFi 에즈윈,189050,189050,189050,189050,189050,189050,189050,187060,187060,,,,,187060,,,,,,187060,,,187060,,,,,187060,187060,187060,187060,187060,,187060,187060,189050,189050,,189050,189050,189050,189050,189050,189050,189050,189050,189050,189050,189050,190410,190410,190410,190410,190410,189050,189050,189050,187060,189050,189050
77704688,ASRock B850M 스틸레전드 WiFi 대원씨티에스,234980,234990,234990,234990,237800,237800,237800,237800,237800,,,,,237800,,,,,,237810,,,237810,,,,,237810,237810,237820,237820,237820,,237820,237830,238426,240340,,240340,240340,240340,240340,240340,240340,240340,240340,240340,240350,240350,234990,234990,234990,234990,234990,234990,234990,234990,234990,234990,234990
78102476,ASRock B850M 스틸레전드 WiFi 디앤디컴,224460,219470,219420,219440,219460,216390,219470,224470,224470,,,,,218060,,,,,,219470,,,216380,,,,,219470,219470,216380,219470,219430,,219470,219470,219460,219470,,220150,220210,220220,220230,220150,220190,220160,220190,220210,220190,220210,219830,219820,219810,219810,219830,219850,219850,219830,219820,219850,219840
74341418,ASRock B850M 스틸레전드 WiFi 에즈윈,242890,235400,241430,235400,237900,240400,242900,242890,242890,,,,,229000,,,,,,229000,,,229000,,,,,229000,229000,229000,229000,229000,,229000,229000,229000,229000,,229000,229000,229000,229000,229000,229000,229000,229000,229000,229000,229000,229000,229000,229000,229000,229000,229000,229000,231500,231500,231500,231500
79556738,ASRock B850M-X R2.0 대원씨티에스,158530,158530,158530,158530,158530,158530,158530,158530,158530,,,,,158530,,,,,,158530,,,158530,,,,,158530,158530,155990,155990,155990,,155990,156000,155990,155990,,155990,155990,155990,155990,155990,155990,155990,155990,156000,156000,156000,155990,155990,155990,155990,155990,155990,156000,156000,156000,156000,156000
79553456,ASRock B850M-X R2.0 디앤디컴,146240,146170,146170,146170,146190,146230,146270,152600,150140,,,,,147450,,,,,,150140,,,146010,,,,,148410,148410,147430,152600,148390,,151370,152600,147450,152600,,150120,150120,150130,150140,150120,152570,152590,149210,152580,152560,152580,151600,151590,151580,151580,151600,151610,151610,151610,149880,151100,151100
82093181,ASRock B850M-X R2.0 에즈윈,154210,155090,155150,155170,155170,155190,155190,155190,155190,,,,,155110,,,,,,155190,,,155170,,,,,155170,155170,155190,154210,154200,,154200,154200,154200,154210,,154190,154190,154190,154190,154190,154190,154190,154190,154190,154190,154190,154190,154190,154190,154190,154190,154190,154190,154190,154200,154190,154190
74341787,ASRock B850M-X 디앤디컴,147390,147390,147390,147390,147390,147390,147390,147390,147390,,,,,147390,,,,,,147390,,,147390,,,,,147390,147390,147390,147390,147390,,147390,147390,147390,147390,,147390,147390,147390,147390,147390,147390,147390,147390,147390,147390,147390,147390,147390,147390,147390,147390,147440,147440,147440,147440,147440,147440
6145461,ASRock B85M (중고),21900,21900,21900,21900,21900,21900,21900,21900,21900,,,,,21900,,,,,,21900,,,21900,,,,,21900,21900,19310,19310,19310,,19310,19310,19310,19380,,19490,19520,19570,19640,19650,19730,19730,19730,19730,19520,19520,19520,19520,19520,19520,19520,19520,19520,19520,19520,19520,19520
5994057,ASRock B85M PRO4 (중고),34780,34780,34780,34780,34780,34780,34780,32550,32550,,,,,32550,,,,,,34760,,,34790,,,,,34730,34730,34740,34790,34790,,34490,34490,34490,34490,,34490,34490,34490,34740,34790,34770,34790,34770,34790,34770,34790,34730,34490,34490,34490,34490,34490,34490,34490,34490,34490,34490
4478863,ASRock B85M-DGS (중고),25370,25370,25370,25370,25370,25370,25370,25370,25370,,,,,25370,,,,,,25370,,,25100,,,,,23180,23180,23180,23180,23180,,23180,23180,23180,23180,,23180,23180,23190,23240,23340,23430,23430,23430,23430,23430,23430,23430,23430,23430,23430,23430,23430,23430,23430,23430,23430,23430
4488764,ASRock B85M-HDS (중고),25560,25600,25680,25720,25800,25840,25930,25940,26020,,,,,26290,,,,,,24450,,,24190,,,,,24190,24190,24190,24190,24190,,24190,24190,24190,24190,,24190,24190,24190,24260,24360,24200,24200,24200,24200,24200,24200,24200,24200,24200,24200,24200,24200,24200,24200,24200,24200,24200
74116181,ASRock B860 LiveMixer WiFi 인텍앤컴퍼니,273990,278980,271490,271490,271490,278980,278980,278980,278980,,,,,276490,,,,,,276490,,,273990,,,,,278980,276490,270050,277550,280040,,270050,277550,280040,272000,,272000,272000,272000,272000,272000,272000,272000,272000,272000,272000,272000,278300,271060,273560,276060,278560,281050,286050,283560,286060,272000,272000
75935651,ASRock B860 Pro RS WiFi 디앤디컴,236000,236000,236000,236000,236000,236000,236000,236000,236000,,,,,221500,,,,,,219000,,,219000,,,,,236000,236000,219000,219000,219000,,219000,219000,219000,219000,,219000,219000,219000,219000,219000,219000,219000,219000,258460,258450,258470,253880,256180,256170,256170,256190,256200,256200,256200,253880,258270,258260
74415509,ASRock B860 Pro RS WiFi 에즈윈,261130,261110,261110,261110,261110,261130,261130,261130,261130,,,,,259680,,,,,,259690,,,259680,,,,,260630,260630,260640,260650,260640,,260640,260640,260640,260650,,260630,260630,260630,260640,260630,260630,260630,260630,260630,260630,260630,260630,260630,260630,260630,260630,260630,260640,260640,260640,260630,260630
74415482,ASRock B860 Pro RS 에즈윈,251620,241630,251600,246630,251600,251620,251620,251620,251620,,,,,249880,,,,,,249890,,,249890,,,,,249880,249880,249890,249890,249890,,249890,249890,249890,249890,,249880,249880,249880,249890,249880,249880,249880,249880,249880,249880,249880,249890,247490,247610,247730,247850,247870,242940,247890,245450,247950,244880
82470941,ASRock B860 Pro-A WiFi 에즈윈,240630,240630,240630,240630,240630,240630,240630,240630,240630,,,,,239000,,,,,,239000,,,239000,,,,,239000,239000,239000,239000,239000,,239000,239000,239000,239000,,239000,239000,239000,239000,239000,239000,239000,239000,239000,239000,239000,239000,239000,239000,239000,239000,239000,239000,239000,239000,239000,239000
92360492,ASRock B860 Pro-A 에즈윈,227480,227480,227480,227480,227480,227480,227480,227480,227480,,,,,227480,,,,,,227480,,,227480,,,,,227480,227480,227480,227480,227480,,227480,227480,227480,227480,,227480,227480,227480,227480,227480,227480,227480,227480,227480,227480,227480,227480,227480,227480,227480,227480,227480,227480,227480,227480,227480,227480
106748744,ASRock B860 Rock WiFi 7 디앤디컴,228990,222530,222520,222520,222530,229000,228990,228990,223650,,,,,223260,,,,,,222530,,,219690,,,,,223450,221020,223430,223470,222540,,223510,223510,219690,223670,,222170,222200,222210,216700,216700,216700,216690,216690,216690,216700,216700,216700,216700,216700,216700,216700,216700,216700,216700,216700,216700,216690
106728086,ASRock B860 Rock WiFi 7 에즈윈,223550,223450,223510,223530,223530,223550,223560,223550,223550,,,,,223450,,,,,,223550,,,223340,,,,,223460,223480,223500,223560,223500,,223520,223520,223540,223540,,223680,224970,224970,225070,225090,225150,225070,225120,225120,225160,225220,225300,225340,225360,225380,225400,225420,225440,225440,225460,222210,222210
122642347,ASRock B860 Rock WiFi7 인텍앤컴퍼니,221520,221520,221520,221520,221520,221520,221520,214400,214400,,,,,214400,,,,,,221520,,,221520,,,,,221530,221530,221530,221530,221530,,221530,221530,221530,208990,,208990,208990,208990,208990,208990,208990,208990,208990,208990,208990,208990,202650,202650,202650,213690,213690,193000,193000,193000,193000,193000,193000
74116589,ASRock B860 스틸레전드 WiFi 인텍앤컴퍼니,399000,399000,399000,399000,399000,399000,399000,399000,399000,,,,,399000,,,,,,399000,,,399000,,,,,399000,399000,399000,399000,399000,,349000,349000,349000,349000,,349000,349000,349000,349000,349000,349000,349000,349000,349000,349000,349000,349000,349000,349000,349000,349000,349000,349000,349000,349000,328060,328060
75935729,ASRock B860I WiFi 디앤디컴,267000,267000,267000,267000,267000,267000,267000,267000,267000,,,,,267000,,,,,,267000,,,267000,,,,,266500,266500,266500,266500,266500,,266500,266500,266500,266500,,266500,266500,266500,266500,266500,266500,266500,266500,266500,321580,321580,291500,276990,276990,276990,277000,277000,277020,277020,277020,277020,277010
74491295,ASRock B860I WiFi 에즈윈,282140,282060,282100,282120,282120,282140,282140,282140,282140,,,,,282050,,,,,,282140,,,282120,,,,,288960,288960,288980,288980,280370,,280370,280370,289000,289000,,289000,289000,289000,289000,289000,289000,289000,289000,289000,286500,289000,284000,284000,284000,284000,284000,284000,286500,289000,289000,289000,289000
122726205,ASRock B860M Challenger WiFi 7 White 디앤디컴,257200,250780,250780,250780,250800,257080,257080,257200,257200,,,,,249220,,,,,,257200,,,247570,,,,,257200,256200,249220,257230,250770,,257230,250810,247570,250810,,258850,258940,258980,258990,258940,258960,258940,258940,258980,258950,258970,253870,256180,256170,256170,256190,257240,257240,256190,253870,257240,258930
74116334,ASRock B860M LiveMixer WiFi 인텍앤컴퍼니,203440,220000,203450,203450,203450,203450,208800,208900,208900,,,,,208900,,,,,,208790,,,208790,,,,,217500,217500,217500,217560,217560,,217560,217560,217560,217560,,217560,217560,217560,217560,217560,217560,217560,217560,217560,206860,206860,206860,206860,206860,206860,206860,206860,206860,206860,206860,206860,206850
75935612,ASRock B860M Pro RS WiFi 디앤디컴,216600,212020,212050,212070,212090,212110,212110,212110,212110,,,,,212070,,,,,,213390,,,213350,,,,,213390,213390,213350,213390,213350,,213390,213390,213370,213390,,213370,213370,213380,213390,213360,213370,213390,213380,213380,216560,216580,218990,216660,216650,216650,214680,216680,216680,216680,214680,218940,218930
74415038,ASRock B860M Pro RS WiFi 에즈윈,211670,211660,211670,211670,211670,211670,211670,211670,211670,,,,,211660,,,,,,211670,,,211660,,,,,211660,211660,211670,211680,211680,,211680,211680,211680,211680,,211660,211660,211660,211670,211660,211660,211660,211660,211660,211660,211660,211660,211660,211660,211660,211660,211660,211660,211660,211660,211640,211640
74121977,ASRock B860M Pro RS WiFi 인텍앤컴퍼니,217500,217500,217500,217500,217500,218000,219000,217500,217500,,,,,217500,,,,,,212180,,,212180,,,,,212180,212180,212180,212180,212180,,212180,212180,212180,212180,,212180,212180,212180,212180,212180,212180,212180,212180,212180,212180,212180,212180,212180,212180,212180,212180,212180,212180,212180,212180,212180,212180
74422025,ASRock B860M Pro RS 디앤디컴,208980,208980,206860,206880,206900,208980,208980,208990,208990,,,,,201700,,,,,,201700,,,202470,,,,,202500,202490,202450,202500,201450,,202500,202500,201450,202500,,202480,202480,202490,202500,201670,201670,201690,201680,201680,201660,201680,201680,201670,201660,201660,201670,201680,201700,201700,201680,201670,201660
74013710,ASRock B860M Pro RS 에즈윈,202500,202490,202490,202490,202490,202500,202500,202500,202500,,,,,200650,,,,,,200660,,,200660,,,,,200650,200650,200660,200670,200670,,200670,200670,200670,200670,,200660,200660,200660,200670,200670,200670,200670,200670,200670,200670,200670,200670,194400,194400,194400,194400,194400,194400,194400,194400,194400,194400
102412697,ASRock B860M Pro-A 디앤디컴,172920,169240,169230,169230,169250,169270,169280,169270,169270,,,,,168220,,,,,,171750,,,171160,,,,,171750,171750,171400,171450,171410,,171450,171450,171410,171450,,173800,173870,173950,177410,177470,177540,177640,177650,177720,177830,177940,177990,177990,177990,177990,177990,177990,170700,177990,176680,177780,177770
98415419,ASRock B860M Pro-A 에즈윈,171550,171550,171550,171550,171550,171550,171560,171560,171560,,,,,171560,,,,,,171560,,,171560,,,,,171560,171560,171560,171560,171560,,171560,171560,171560,171560,,171560,171560,171560,171560,171560,171560,171560,171560,171560,171560,169440,169440,169440,169440,169440,169440,169440,169440,169440,169440,169440,169440
75856643,ASRock B860M Pro-A 인텍앤컴퍼니,184590,185000,185000,185000,185000,185000,185000,184820,184820,,,,,174000,,,,,,174000,,,174000,,,,,174000,174000,174000,174000,174000,,174000,174000,174000,174000,,174000,174000,174000,178000,178000,178000,178000,178000,181000,154200,154200,154200,154200,154200,154200,154200,154200,154200,154200,154200,154200,154200
122694855,ASRock B860M Rock WiFi 디앤디컴,180310,180300,180300,180300,180300,180310,180310,180310,180310,,,,,180300,,,,,,180310,,,180300,,,,,180310,180310,180310,180310,180300,,180310,180310,180300,180310,,180310,180310,180310,190800,190790,190790,190790,190790,190790,190790,190790,190790,190790,190790,190790,190800,190800,190850,190850,190840,190850,190850
106728191,ASRock B860M Rock WiFi 에즈윈,190620,190620,190620,190620,190620,190620,190620,190620,190620,,,,,189560,,,,,,189560,,,189560,,,,,190070,190620,190620,185000,185000,,185000,185000,185000,185000,,190620,190620,190620,190620,190620,190620,190620,190620,190620,190620,190620,190620,190620,190620,190620,190620,190620,190620,190620,190620,190620,190620
108456887,ASRock B860M Rock WiFi 인텍앤컴퍼니,191480,191480,191480,191480,191480,191480,191480,191480,191480,,,,,191480,,,,,,191480,,,187290,,,,,187290,187290,187290,187290,187290,,187290,187290,187290,187290,,184990,184990,184990,184990,184990,184990,184990,184990,184990,184990,184990,174100,174100,174100,174100,174100,174100,174100,174100,174100,174100,174100
75935675,ASRock B860M 스틸레전드 WiFi 디앤디컴,263990,265410,263750,261940,265410,262930,265430,268900,268900,,,,,263750,,,,,,262920,,,263750,,,,,265410,265410,263750,268900,262920,,268900,268580,262920,268900,,263560,263560,263560,268900,268870,264010,264040,263980,266480,268860,266490,268630,266120,263980,263980,266480,268630,266140,266140,268630,263960,263740
74116682,ASRock B860M 스틸레전드 WiFi 인텍앤컴퍼니,263520,263520,263520,263520,263520,263520,263520,263520,263520,,,,,263520,,,,,,263520,,,263520,,,,,263520,263520,263520,263520,263520,,263520,263520,263520,263520,,263520,263520,263520,263520,263520,263520,263520,263520,263520,263520,263520,263520,263520,263520,263520,263520,263520,263520,263520,263520,263520,263520
122620820,ASRock B860M-HDVP 에즈윈 (벌크),146680,146670,146670,146670,146670,146680,146680,146680,146680,,,,,146670,,,,,,146680,,,146670,,,,,146680,146680,146680,146680,146670,,146670,146670,146670,146670,,146670,146670,146670,146670,146670,146670,146670,146670,146670,146670,146670,146670,146670,146670,146670,146670,146670,146670,146670,146680,146670,146670
102412694,ASRock B860M-X Gen5 디앤디컴,161330,161330,161330,161330,161330,161330,161330,161330,161330,,,,,161330,,,,,,161340,,,162470,,,,,162470,162470,162470,162470,162470,,162470,162470,162470,162470,,162470,162470,162470,162470,162470,162470,162470,162470,162480,157190,157190,157190,157190,157190,157190,157190,157190,157190,157190,157190,157190,157190
104966246,ASRock B860M-X Gen5 에즈윈,164780,164720,164780,164840,164870,164910,164950,165050,165050,,,,,164950,,,,,,165050,,,164800,,,,,164960,164980,165000,165060,165000,,165000,165000,165020,165040,,167750,167810,167810,167890,167910,167950,167570,167610,167610,167650,167730,167810,167850,167870,167890,167910,167930,167950,167950,167970,164070,164070
103415765,ASRock B860M-X Gen5 에즈윈 (벌크),144280,144270,144270,144270,144270,144280,144280,144280,144280,,,,,144270,,,,,,144280,,,144270,,,,,144270,144270,144280,144280,144270,,144270,144270,144270,144270,,144270,144270,144270,144270,144270,144270,144270,144270,144270,144270,144270,144270,144270,144270,144270,144270,144270,144270,144270,144280,144270,144270
104628878,ASRock B860M-X Gen5 인텍앤컴퍼니,166110,166110,166110,166110,166110,166110,166110,166110,166110,,,,,166110,,,,,,166110,,,166110,,,,,166110,166110,166110,166110,166110,,166110,166110,166110,166110,,166110,166110,166110,166110,166110,166110,166110,166110,166110,166110,166110,166110,166110,166110,166110,166110,166110,166110,166110,166110,166110,166110
78307601,ASRock B860M-X 디앤디컴,179000,179000,179000,179000,179000,179000,179000,179000,179000,,,,,179000,,,,,,179000,,,179000,,,,,179000,179000,179000,179000,179000,,179000,179000,179000,179000,,179000,179000,179000,179000,179000,179000,179000,179000,179000,179000,179000,179000,179000,179000,179000,179000,179000,179000,179000,179000,179000,179000
74491253,ASRock B860M-X 에즈윈,168000,168000,168000,168000,168000,168000,168000,168000,168000,,,,,168000,,,,,,168000,,,168000,,,,,168000,168000,168000,169000,169000,,169000,169000,169000,169000,,169000,169000,169000,169000,169000,169000,169000,169000,169000,169000,169000,169000,169000,169000,169000,169000,169000,169000,173000,173000,173000,173000
74122352,ASRock B860M-X 인텍앤컴퍼니,172380,172380,172380,172380,172380,172380,172380,172380,172380,,,,,160960,,,,,,160960,,,161470,,,,,162490,162490,162490,160500,160500,,162490,162490,162490,171000,,171000,171000,171000,170000,169990,170000,166500,170000,170000,170000,166080,166080,165790,162400,166080,166080,166080,166080,166080,166080,164300,164300
4465818,ASRock G31M-S (중고),38400,38400,38400,38400,38400,38400,38400,37200,37200,,,,,37200,,,,,,38400,,,38000,,,,,38000,38000,38000,38000,38000,,38000,38000,38000,38000,,38000,38000,38000,38000,38000,38400,38400,38400,38400,38400,38400,38400,38400,38400,38400,38400,38400,38400,38400,38400,38400,38400
4467580,ASRock G41M-S3 (중고),27440,27440,27440,27440,27440,27440,27440,27440,27440,,,,,27440,,,,,,27440,,,27160,,,,,27160,27160,27160,27160,27160,,27160,27160,27160,27160,,27160,27160,27160,27160,27160,27440,27440,27440,27440,27440,27440,27440,27440,27440,27440,27440,27440,27440,27440,27440,27440,27440
6153694,ASRock H110M-HDV (중고),49000,49000,49000,49000,49000,49000,49000,45570,45570,,,,,45570,,,,,,49000,,,49000,,,,,49000,37000,37000,37000,37000,,37000,37000,37000,37000,,37000,37000,37000,37000,37000,37000,37000,37000,37000,37000,37000,37000,37000,37000,37000,30880,30880,30880,30880,30880,30880,30880
17021852,ASRock H310CM-HDVP 에즈윈,156000,156000,156000,156000,156000,156000,156000,156000,156000,,,,,156000,,,,,,156000,,,156000,,,,,156000,156000,156000,156000,156000,,156000,156000,156000,156000,,156000,156000,156000,156000,156000,156000,156000,156000,156000,156000,156000,156000,156000,156000,156000,156000,156000,156000,156000,156000,156000,156000
67372934,ASRock H510M-HDV/M.2 SE 디앤디컴,114000,102000,102000,102000,102000,101990,101990,101990,101990,,,,,101990,,,,,,,,,,,,,,,,,,,,,,,,,,,,,,,,,,,,,,,,,,,,,,
59826524,ASRock H610M-H2/M.2 D4 디앤디컴,75980,74130,74170,74170,74190,75990,74220,76000,76000,,,,,73720,,,,,,75990,,,71008,,,,,75980,75960,76290,79000,75600,,75681,77060,76300,78990,,78920,78980,78990,78980,78910,78950,78840,78870,78950,78950,78970,78230,78880,78870,78870,78890,78900,78930,78070,78070,78060,78050
59827064,ASRock H610M-H2/M.2 D4 디앤디컴 (벌크),73500,73170,73160,73160,73180,73500,73200,73500,73500,,,,,72680,,,,,,73190,,,70004,,,,,70000,66500,75490,75490,74664,,74664,75490,75480,75490,,75490,75490,75490,75490,75490,75490,75480,75480,75480,75490,75490,75490,75490,75490,75490,75490,75490,76000,76000,76000,76000,75990
58432343,ASRock H610M-H2/M.2 D4 에즈윈,73230,73220,73230,73250,73250,73250,73250,73250,73250,,,,,73240,,,,,,73250,,,71008,,,,,72720,72720,72730,72730,72720,,72720,72720,77900,77900,,77900,77900,77900,77900,77900,77900,77900,77900,77900,77900,77900,77900,77900,77900,77900,77900,77900,77900,77900,77900,77900,77900
58623128,ASRock H610M-H2/M.2 D4 에즈윈 (벌크),77390,77390,77390,77390,77390,77390,77390,77390,77390,,,,,77390,,,,,,77390,,,77400,,,,,77400,77400,76320,76320,76320,,76320,82500,82490,82490,,82490,82490,82490,82490,82490,82490,82490,82490,82490,82490,82490,82490,82490,82490,82490,82490,82490,82490,82490,82490,82490,82490
79559189,ASRock H610M-H2/M.2 D4 인텍앤컴퍼니,76000,76000,76000,76000,76000,76000,76000,76000,76000,,,,,76000,,,,,,76000,,,76000,,,,,83000,83000,83000,78920,78920,,78920,78920,84000,84000,,84000,84000,84000,84000,84000,84000,84000,84000,84000,84000,84000,84000,84000,84000,84000,84000,84000,84000,84000,84000,84000,84000
28183691,ASRock H610M-H2/M.2 D5 디앤디컴,78170,77200,77230,77250,77270,78160,78230,76300,76300,,,,,76290,,,,,,76300,,,74090,,,,,76300,76300,77260,78600,77250,,78600,78710,76840,78710,,78650,78700,78710,81180,81140,81140,81120,81150,81170,81150,81170,81280,81280,81270,81270,81290,81300,81390,81370,81370,81360,81350
28183721,ASRock H610M-H2/M.2 D5 디앤디컴 (벌크),77990,77990,76210,76230,76250,77990,77990,77260,77260,,,,,75800,,,,,,77990,,,73005,,,,,77990,78000,75800,78000,76230,,78000,78000,78000,76220,,77920,77980,77990,81890,81820,81860,81830,81860,81880,81860,81880,81370,81880,81870,81870,81890,81900,81940,81920,81370,81890,81880
96776582,ASRock H610M-H2/M.2 D5 에즈윈,70030,70020,70020,70020,70020,70030,70030,70030,70030,,,,,69690,,,,,,70050,,,80300,,,,,82570,82570,82590,82590,81270,,81270,81270,81270,81270,,82570,82570,82570,82570,82560,82560,82510,82510,82510,82510,82510,82510,82510,82530,82550,82550,82560,82570,82570,82590,81270,81270
28029617,ASRock H610M-H2/M.2 D5 에즈윈 (벌크),68470,68460,68460,68460,68460,68470,68470,68470,68470,,,,,68460,,,,,,68490,,,77100,,,,,77100,78000,78000,78000,78000,,78000,78000,78000,78000,,78000,80500,78000,80200,80200,80200,80200,80200,80200,80200,80200,80200,80200,80200,80200,80200,80200,80200,80200,80200,80190,80190
101069831,ASRock H610M-HDV/M.2 D5 Gen5 디앤디컴,95440,95440,95440,95440,95440,95450,95450,95450,95450,,,,,95450,,,,,,95460,,,94540,,,,,95460,94990,95450,95460,94540,,94550,95460,95450,95460,,95460,95460,95460,98090,98090,98090,98090,98090,98090,98090,98090,98090,98090,98090,98090,98100,98100,98140,98140,98140,98140,98130
101074493,ASRock H610M-HDV/M.2 D5 Gen5 디앤디컴 (벌크),94120,94110,94110,94110,94110,94120,94120,94120,94120,,,,,94110,,,,,,94120,,,93410,,,,,97080,97080,97080,97080,93400,,93410,97080,97790,97800,,97800,97800,97800,97740,97790,97790,97790,97790,97790,97790,97790,97800,97790,97790,97790,97800,97800,97840,97840,97840,97870,97990
99714851,ASRock H610M-HDV/M.2 D5 Gen5 에즈윈,98590,98570,98590,98590,98590,98610,98690,98740,98740,,,,,98640,,,,,,98740,,,97380,,,,,98650,98670,98690,98650,97390,,97390,97390,97400,97400,,98930,98950,99590,99640,98110,98110,98110,98110,98110,98110,98110,98110,98110,98110,98110,98110,98110,98110,98110,98110,97390,97390
17792948,ASRock H610M-HDV/M.2 R2.0 D4 디앤디컴,91900,89390,88800,88800,88810,91890,90960,90960,90960,,,,,88820,,,,,,91900,,,86590,,,,,88800,88800,87570,91900,86930,,86931,88800,88800,91900,,89340,89390,91860,91890,89360,89360,89340,89380,89390,89380,89380,89380,89380,89380,89380,89390,90710,90710,89480,89480,89480,89480
17831603,ASRock H610M-HDV/M.2 R2.0 D4 디앤디컴 (벌크),91000,88490,88490,88490,88490,88500,91000,91000,90990,,,,,87890,,,,,,87900,,,87890,,,,,87900,87900,87900,87900,87890,,87900,87900,87900,87900,,87900,87900,87900,87890,87890,87890,87890,87890,87890,87900,87900,87900,87900,87900,87900,87900,87900,87900,87900,87900,87900,87900
17847224,ASRock H610M-HDV/M.2 R2.0 D4 에즈윈,91900,92000,91710,91710,91710,91900,91900,89820,89820,,,,,89820,,,,,,89820,,,87720,,,,,91790,91800,91800,104330,104330,,104330,104330,104330,104330,,104330,104330,104330,104330,104330,104330,104330,104330,104330,104330,104330,104330,104330,104330,104330,104330,104330,104330,104330,104330,104330,104330
17847233,ASRock H610M-HDV/M.2 R2.0 D4 에즈윈 (벌크),87900,87890,87890,87890,87890,87900,87900,87900,87900,,,,,87890,,,,,,87900,,,86600,,,,,87890,87890,87900,87900,86940,,86940,86940,86940,86940,,87890,87890,87890,87890,87890,87890,87890,87890,87890,87890,87890,87890,87890,87890,87890,87890,87890,87890,87890,87900,86940,86940
27546074,ASRock H610M-HDV/M.2+ D5 대원씨티에스,89810,89810,89810,89810,89810,89810,89810,89810,89810,,,,,84000,,,,,,84000,,,90080,,,,,90080,90080,90080,90080,90080,,90080,90090,90080,90080,,90080,90080,90080,90090,90090,90090,90090,90090,90100,90100,90090,90090,90090,90090,90090,90090,90090,90090,90090,90090,90090,90090
27409910,ASRock H610M-HDV/M.2+ D5 디앤디컴,88790,88790,88790,88790,88790,88790,88810,89790,89790,,,,,89780,,,,,,89790,,,89780,,,,,89790,89790,89780,89790,89780,,89790,89790,89790,89790,,89740,89790,91250,92230,92210,92240,92190,92230,92230,92230,92240,92240,92240,92240,92240,92240,92240,92240,92240,92240,92240,92240
28059134,ASRock H610M-HDV/M.2+ D5 디앤디컴 (벌크),90940,90940,90940,90940,90940,90940,90940,90940,90940,,,,,90940,,,,,,90940,,,90940,,,,,90950,90950,90950,90950,90950,,90950,90960,90960,90960,,90960,90960,95860,97900,97900,97900,97900,97890,97890,97900,97900,97900,97900,97070,97070,97070,97900,98000,98000,98000,98000,97980
25866491,ASRock H610M-HDV/M.2+ D5 에즈윈,80850,80850,80850,80850,80850,80850,80850,80850,80850,,,,,80840,,,,,,80850,,,93500,,,,,93500,93500,92070,92070,92070,,92070,92070,92070,92070,,93890,93890,93890,93890,93890,93890,93890,93890,93890,93890,93890,93890,93890,93890,93890,93890,93890,93890,93890,93890,92390,92390
25869083,ASRock H610M-HDV/M.2+ D5 에즈윈 (벌크),83690,83690,83690,83690,83690,83690,83690,83690,83690,,,,,83690,,,,,,83700,,,93930,,,,,93930,93930,93940,93940,93930,,93930,93930,93940,93940,,93930,93930,93930,93940,93940,93930,93930,93930,93930,93930,93930,93930,93930,93930,93930,93930,93930,93930,93930,93940,93930,93930
29880134,ASRock H610M-HVS M.2 R2.0 D4 대원씨티에스,95000,95000,95000,95000,95000,95000,95000,95000,95000,,,,,95000,,,,,,95000,,,95000,,,,,95000,95000,95000,95000,95000,,95000,95000,95000,95000,,95000,95000,95000,95000,95000,95000,95000,95000,95000,95000,95000,95000,95000,95000,95000,95000,95000,95000,95000,95000,95000,95000
69468782,ASRock H610M-HVS M.2 R2.0 D4 인텍앤컴퍼니,97200,97200,97200,97200,97200,97200,97200,97200,97200,,,,,97200,,,,,,97200,,,97200,,,,,97200,97200,97200,97200,97200,,97200,97200,97200,97200,,97200,97200,97200,97200,97200,97200,97200,97200,97200,97200,97200,97200,97200,97200,97200,97200,97200,97200,97200,97200,97200,97200
17793371,ASRock H610M-HVS/M.2 R2.0 D4 디앤디컴,85130,84610,84610,84610,84620,83500,84240,84240,84240,,,,,84230,,,,,,84240,,,82040,,,,,84240,83500,84240,84250,82840,,82845,84240,84620,84610,,85130,85130,85130,85120,85130,85120,85120,85120,85120,85120,85130,86430,86450,86440,86440,85130,85140,68000,68000,68000,68000,68000
104595728,ASRock H610M-X D5 Gen5 대원씨티에스,102180,102180,102180,102180,102180,102180,102180,102180,102180,,,,,102180,,,,,,102190,,,102190,,,,,102680,102680,102680,102680,102680,,102680,102690,102680,102680,,102680,102680,102680,102680,102680,102680,98580,98580,98580,98580,98580,98580,98580,98580,98580,98580,98580,98580,98580,98580,98580,98580
101069660,ASRock H610M-X D5 Gen5 디앤디컴,112170,112170,112170,112170,112170,112180,112180,112180,112180,,,,,112180,,,,,,112190,,,112180,,,,,112190,112190,112190,112190,105970,,112190,112190,112190,105970,,105970,105970,108890,108890,108890,108890,108890,108890,108890,108890,108890,108890,108890,108890,108890,108890,108890,108890,108890,108890,108890,108890
101074490,ASRock H610M-X D5 Gen5 디앤디컴 (벌크),114200,112780,112780,112780,112790,114200,114200,114200,114200,,,,,110690,,,,,,112790,,,111350,,,,,113490,112790,113500,114200,112720,,112730,114200,111350,114200,,114190,114190,114190,114190,114190,114190,114190,114190,114190,114190,114190,114190,114190,114190,114190,114200,114200,114200,114190,114190,114190,114190
103415738,ASRock H610M-X D5 Gen5 에즈윈,112250,112250,112250,112250,112250,112250,112250,112250,112250,,,,,112250,,,,,,112250,,,112260,,,,,112250,112250,112260,112260,112250,,112250,112250,112250,112260,,112250,112250,112250,112250,112250,112250,112250,112250,112250,112250,112250,112250,112250,112250,112250,112250,112250,112250,112250,112260,112200,112200
99714830,ASRock H610M-X D5 Gen5 에즈윈 (벌크),109610,109610,109610,109610,109610,109610,109610,109610,109610,,,,,108660,,,,,,108660,,,108660,,,,,108650,108650,108650,108660,108660,,108660,108660,108660,108660,,108660,108660,108660,108660,108660,108660,108660,108660,108660,108660,108660,108660,108660,108660,108660,108660,108660,108660,108660,108660,108660,108660
63087650,ASRock H610M-X D5 디앤디컴,91960,91960,91960,91960,91960,91960,91970,94490,94490,,,,,94490,,,,,,94490,,,94490,,,,,94490,94490,94490,94490,94490,,94490,94490,95210,95210,,96250,96280,96700,96690,96690,96690,96690,96690,96690,96690,96690,96690,96690,96690,96690,96700,96700,96790,96780,96800,96800,96790
63140087,ASRock H610M-X D5 디앤디컴 (벌크),90940,90800,90840,90860,90880,90900,90940,94440,94440,,,,,69000,,,,,,69000,,,93400,,,,,95300,95300,95000,95300,93400,,93410,95300,94490,95300,,95290,95290,95300,95290,95270,95270,95290,95280,95280,95260,95280,95280,95280,95270,95270,95290,95300,95400,95380,95380,95380,95370
61423463,ASRock H610M-X D5 에즈윈 (벌크),101770,101770,101770,102370,102370,102380,102400,102380,102380,,,,,102370,,,,,,102380,,,101380,,,,,102030,102030,101770,101770,101390,,101390,101390,101400,101400,,102520,102520,102520,102520,102500,102520,101760,101760,101760,101760,101760,101720,101720,101740,101760,101760,104310,104310,104310,104320,101380,101380
69468680,ASRock H610M-X D5 인텍앤컴퍼니 (벌크),109000,109000,109000,109000,109000,109000,109000,109000,109000,,,,,84000,,,,,,84000,,,84000,,,,,87190,87190,87190,87190,87190,,87190,87190,87190,87190,,87190,87190,87190,87190,87190,87190,87190,87190,87190,87190,87190,82000,82000,82000,82000,82000,82000,82000,82000,82000,82000,82000
103187837,ASRock H610TM-ITX 에즈윈 (120W 어댑터 포함),208990,208990,208990,208990,208990,208990,208990,199950,199950,,,,,199950,,,,,,208990,,,208990,,,,,208990,208990,208990,208990,208990,,208990,208990,208990,208990,,208990,208990,208990,208990,208990,208990,208990,208990,208990,208990,208990,208990,208990,208990,208990,208990,208990,208990,208990,208990,208990,208990
103187846,ASRock H610TM-ITX 에즈윈 (180W 어댑터 포함),209240,209240,209240,209240,209240,209240,209240,209240,209240,,,,,209240,,,,,,209240,,,207140,,,,,207740,207770,207870,207980,208100,,208350,208460,208550,208650,,208880,208910,208970,209100,209150,209240,209240,209240,209240,209240,209240,209240,209240,209240,209240,209240,209240,209240,209240,209240,209280,209390
103187819,ASRock H610TM-ITX 에즈윈 (벌크),167850,167820,167830,167830,167830,167850,167850,167850,167850,,,,,167690,,,,,,167700,,,167690,,,,,167690,167690,167700,167700,167690,,167690,167690,167700,167700,,167690,167690,167690,167690,167700,167690,167690,167690,167690,167690,167690,167690,167690,167690,167690,167690,167690,167690,167690,167690,167380,167380
4471514,ASRock H61M-DGS (B3) (중고),18000,18000,18000,18000,18000,18000,18000,18000,18000,,,,,18000,,,,,,18000,,,18000,,,,,18000,18000,18000,18000,18000,,18000,18000,18000,18000,,18000,18000,18000,18000,18000,18000,18000,18000,18000,18000,18000,18000,18000,18000,18000,18000,18000,18000,18000,18000,18000,18000
4494526,ASRock H61M-HVGS (B3) (중고),39500,39500,39500,39500,39500,39500,39500,39500,39500,,,,,39500,,,,,,39500,,,39500,,,,,39500,39500,39500,39500,39500,,39500,39500,39500,39500,,39500,39500,39500,39500,39500,39500,39500,39500,39500,39500,39500,39500,39500,39500,39500,39500,39500,39500,39500,39500,39500,39500
6343237,ASRock H77 Pro4/MVP (중고),71000,71000,71000,71000,71000,71000,71000,71000,71000,,,,,71000,,,,,,71000,,,71000,,,,,71000,71000,71000,71000,71000,,71000,71000,71000,71000,,71000,71000,71000,71000,71000,71000,71000,71000,71000,71000,71000,71000,71000,71000,71000,71000,71000,71000,71000,71000,71000,71000
13889696,ASRock H81 PRO BTC R2.0 (중고),75000,75000,75000,75000,75000,75000,75000,75000,75000,,,,,75000,,,,,,75000,,,75000,,,,,75000,75000,75000,75000,75000,,75000,75000,75000,75000,,75000,75000,75000,75000,75000,75000,75000,75000,75000,75000,75000,75000,75000,75000,75000,75000,75000,75000,75000,75000,75000,75000
92971409,ASRock H810M-H 인텍앤컴퍼니,119000,119000,119000,119000,119000,119000,119000,119000,119000,,,,,119000,,,,,,119000,,,119000,,,,,119000,119000,119000,119000,119000,,119000,119000,119000,119000,,119000,119000,119000,119000,119000,119000,119000,119000,119000,119000,114170,114170,114170,114170,114170,114170,114170,114170,114170,114170,114170,114170
105969083,ASRock H810M-HDVP 디앤디컴,130000,130000,130000,130000,130000,130000,130000,130000,130000,,,,,128230,,,,,,130010,,,130550,,,,,133000,133000,133000,133000,130570,,133000,133000,133000,133000,,133000,133000,133000,133000,133000,133000,133000,133000,136520,138580,138590,131490,131490,131490,131490,131500,131500,131510,131510,131510,131500,131500
106717637,ASRock H810M-HDVP 에즈윈 (벌크),132050,132050,132050,132050,132050,132050,132050,130660,130660,,,,,130660,,,,,,130660,,,130660,,,,,130660,130660,130660,130660,130660,,130660,130660,132050,132050,,132050,132050,132050,132050,132050,132050,132050,132050,132050,132050,132050,134970,134970,134990,134990,134990,132050,132050,132050,130660,132050,132050
106709246,ASRock H810M-P Gen5 + WiFi6E 랜카드 패키지 디앤디컴,128750,128760,128750,128750,128750,128760,128760,128760,128760,,,,,127090,,,,,,132830,,,127880,,,,,132830,132830,128760,132830,129490,,130910,132830,127880,132830,,132820,132820,132830,137050,137050,137050,137050,137000,137990,137960,137980,137980,138000,137990,140840,140860,140870,140870,140860,137150,137150,137140
106729403,ASRock H810M-P Gen5 + WiFi7 랜카드 패키지 디앤디컴,150010,149370,149410,149410,149430,150010,150010,150010,150010,,,,,148490,,,,,,150010,,,147530,,,,,150010,150010,147520,150010,149420,,150010,150010,148490,150010,,149930,149990,150000,158390,158350,158350,158330,158360,158380,158360,158380,158380,158380,158370,158370,158390,158500,158500,158470,158470,158470,158460
106689341,ASRock H810M-P Gen5 디앤디컴,98980,98980,98980,98980,98980,98980,98980,98980,98980,,,,,98980,,,,,,98990,,,98980,,,,,98990,98990,98990,98990,98980,,98990,98980,98990,98990,,98990,98990,98990,110000,109990,110000,110000,110000,110000,110000,110000,110000,110000,110000,111170,111190,111200,111280,111260,111260,111240,111230
106689347,ASRock H810M-P Gen5 디앤디컴 (벌크),99360,99360,99350,99350,99350,99360,99360,99360,99360,,,,,98400,,,,,,99360,,,99090,,,,,99360,99360,99350,99360,99080,,99090,99360,99070,99360,,99360,99360,99360,108290,108290,108290,108290,108290,108290,108290,108290,108290,108290,108290,108290,108300,108300,108340,108340,108340,108340,108340
106220351,ASRock H810M-P Gen5 에즈윈,94050,94050,94050,94050,94050,94050,94050,93060,93060,,,,,93060,,,,,,93060,,,103790,,,,,103790,103790,103790,103790,103790,,103790,103790,103790,103790,,103790,103790,103790,103790,105900,105900,105900,105900,105900,105900,105900,105900,105900,105900,105900,105900,105900,105900,105900,105900,105900,105900
106746197,ASRock H810M-P Gen5 인텍앤컴퍼니,114170,114170,114170,114170,114170,114170,114170,110670,110670,,,,,99000,,,,,,99000,,,105840,,,,,105840,105840,105840,105840,105840,,105840,105840,105840,105830,,105830,105830,106330,107990,107990,107990,107990,107990,109070,109070,109070,100000,100000,100000,100000,100000,100000,100000,100000,100000,100000,100000
106710032,ASRock H810M-X Gen5 + WiFi6E 랜카드 패키지 디앤디컴,156690,156690,156690,156690,156690,156700,156700,156700,156700,,,,,156410,,,,,,156700,,,155760,,,,,156700,156700,156700,156700,156700,,156700,156700,156700,156700,,156700,156700,156700,156700,156700,156700,156700,156000,156990,156960,156980,156980,157000,156990,157370,157390,157480,157480,157460,157460,157450,157440
106729391,ASRock H810M-X Gen5 + WiFi7 랜카드 패키지 디앤디컴,177490,177490,177490,177490,177490,177500,177500,177500,177500,,,,,177500,,,,,,177500,,,177500,,,,,177500,177500,177500,177500,177500,,177500,177500,177490,177500,,177500,177500,177500,177500,177500,177500,177500,177500,177500,177500,177500,177500,177500,177500,177960,177980,177990,177990,177970,177970,177950,177940
106689353,ASRock H810M-X Gen5 디앤디컴,129690,129690,129690,129690,129690,129700,129700,129700,129700,,,,,128110,,,,,,129700,,,129700,,,,,129700,129700,129700,129700,129700,,129700,129700,129690,129700,,129700,129700,129700,129700,129700,129700,129700,129700,129990,129960,129980,129980,130000,129990,133670,133690,133700,133800,133780,133780,133780,133770
106689356,ASRock H810M-X Gen5 디앤디컴 (벌크),132360,129450,129500,129520,129540,129560,129560,129560,129560,,,,,127090,,,,,,132590,,,130860,,,,,132900,132900,132900,132900,130850,,130910,132940,132960,132910,,132960,132980,132990,132980,132960,132870,132870,132860,132880,131950,131970,131970,131970,131960,131960,131980,131990,131990,131970,131970,131970,131960
104966219,ASRock H810M-X Gen5 에즈윈,130950,130980,130990,131080,131110,131130,127620,129490,129490,,,,,129340,,,,,,129350,,,128820,,,,,129120,129150,129180,129270,129260,,129260,129260,129270,128670,,128860,128950,129040,129180,129230,129260,129250,129250,129250,129250,129250,129250,129250,129250,129250,129250,129250,129250,129250,129260,129260,129260
122663744,ASRock H810M-X Gen5 에즈윈 (벌크),128670,128660,128660,128660,128660,128670,128670,128670,128670,,,,,128660,,,,,,128670,,,128660,,,,,128660,128660,128670,128670,128660,,128660,128660,128670,128670,,128660,128660,128660,128660,128660,128660,128660,128660,128660,128660,128660,128660,128660,128660,128660,128660,128660,128660,128660,128660,128660,128660
105184787,ASRock H810M-X Gen5 인텍앤컴퍼니,133880,134000,134000,134000,134000,134000,134000,134000,134000,,,,,127580,,,,,,127580,,,127650,,,,,127740,127760,127780,127790,127790,,127790,127790,127790,127790,,127840,127850,127860,127860,128980,129000,129080,129080,129190,129230,129260,127250,127250,127250,127250,127250,127250,127250,127250,127250,127250,127250
78307670,ASRock H810M-X WIFI 디앤디컴,155000,155000,155000,155000,155000,155000,155000,155000,155000,,,,,155000,,,,,,155000,,,155000,,,,,149000,149000,154880,154900,150630,,153640,154900,154900,148990,,148940,151990,149000,152000,148970,148950,148940,148980,148990,151960,154880,154880,148990,149540,148990,151980,151990,154990,151980,149000,149000,149000
78307739,ASRock H810M-X 디앤디컴,116490,116460,116450,116450,116470,116490,116610,116600,116620,,,,,114220,,,,,,116500,,,114940,,,,,116860,116780,116820,116860,114950,,114990,136000,135980,136000,,135980,135980,135990,135990,135960,135980,132980,132980,132980,133920,133960,133980,135940,135950,135970,135990,136040,136060,136060,136040,136030,136020
78312209,ASRock H810M-X 디앤디컴 (벌크),117410,114930,114930,114930,114930,114930,114940,114930,114940,,,,,114930,,,,,,134970,,,133000,,,,,134970,134970,134970,134970,134960,,134970,134970,134960,134970,,134970,134970,134970,134960,134960,134960,134970,134960,132990,133000,133000,133000,134970,134970,134970,134970,134970,134970,134970,134960,134970,134960
74885192,ASRock H810M-X 에즈윈,124160,128300,128300,128300,128300,128310,128310,124320,124320,,,,,124160,,,,,,124160,,,124150,,,,,124160,124160,124170,124170,124160,,124160,124160,124170,124170,,126490,126490,126490,126490,126500,126490,126490,126490,126490,126490,126490,126490,126490,126490,126490,126490,126490,126490,126490,126500,125680,125680
74885201,ASRock H810M-X 에즈윈 (벌크),131750,131730,131730,131730,131730,131750,131750,131750,131750,,,,,131740,,,,,,131750,,,131740,,,,,131740,131740,131750,131760,131740,,131740,131740,131750,131750,,131740,131740,131740,131740,131070,131070,131080,131080,131080,131080,131080,131080,131080,131080,131080,131080,131080,131080,131080,131080,131090,131090
108352127,ASRock H810TM-ITX 에즈윈 (벌크) (120W 어댑터 포함),218990,218990,218990,218990,218990,218990,218990,209250,209250,,,,,209250,,,,,,218990,,,218990,,,,,218990,218990,218990,218990,218990,,218990,218990,218990,218990,,218990,218990,218990,218990,218990,218990,218990,218990,218990,218990,218990,218990,218990,218990,218990,218990,218990,218990,218990,218990,218990,218990
108352133,ASRock H810TM-ITX 에즈윈 (벌크) (180W 어댑터 포함),228990,228990,228990,228990,228990,228990,228990,218550,218550,,,,,218550,,,,,,228990,,,228990,,,,,228990,228990,228990,228990,228990,,228990,228990,228990,228990,,228990,228990,228990,228990,228990,228990,228990,228990,228990,228990,228990,228990,228990,228990,228990,228990,228990,228990,228990,228990,228990,228990
103877579,ASRock H810TM-ITX 에즈윈 (벌크) (어댑터 미포함),178630,178610,178610,178610,178610,178630,178630,178630,178630,,,,,178530,,,,,,180410,,,180590,,,,,180840,180870,180900,181020,181140,,181380,181410,181430,181520,,181760,181790,181800,181830,181850,181890,181930,182050,182070,182090,182110,182130,182170,182290,182410,182530,182610,182690,182710,182730,182790,182910
5994682,ASRock H81M-DG4 (중고),21120,21120,21120,21120,21120,21120,21120,20460,20460,,,,,20460,,,,,,21120,,,20900,,,,,20900,20900,20900,20900,20900,,20900,20900,20900,20900,,20900,20900,20260,20260,20360,20450,20450,20450,20450,20450,20450,20450,20450,20450,20450,20450,20450,20450,20450,20450,20450,20450
4489542,ASRock H81M-DGS (중고),21450,21520,21530,21610,21720,21880,21990,20460,20460,,,,,20460,,,,,,21860,,,21310,,,,,21640,21700,21710,21800,21830,,21950,19310,19310,19310,,19310,19310,19320,19330,19430,19520,19520,19520,19520,19520,19520,19520,19520,19520,19520,19520,19520,19520,19520,19520,19520,19520
5994821,ASRock H81M-HDS (중고),23550,23660,23690,23700,23780,23810,21990,20460,20460,,,,,20460,,,,,,21990,,,21990,,,,,21990,23690,23690,23780,23810,,23930,22780,22780,22780,,22780,22810,22860,22930,22940,23020,23020,23020,23020,23020,23020,23020,23080,23100,23200,23220,23320,23340,23440,23540,23560,23660
6558463,ASRock H97 Performance (중고),47890,47890,47890,47890,47890,47890,49890,48820,48820,,,,,48820,,,,,,49890,,,49890,,,,,49890,49890,49890,49890,49890,,49890,49890,49890,49890,,49890,49890,49890,49890,49890,49890,49890,49890,49890,49890,49890,49890,49890,49890,49890,49890,49890,49890,49890,49890,49890,49890
5516497,ASRock Q87M vPRO (중고),170000,170000,170000,170000,170000,170000,170000,170000,170000,,,,,170000,,,,,,170000,,,170000,,,,,170000,170000,170000,170000,170000,,170000,170000,170000,170000,,170000,170000,170000,170000,170000,170000,170000,170000,170000,170000,170000,170000,170000,170000,170000,170000,170000,170000,170000,170000,170000,170000
24703229,ASRock Rack ROME2D16-2T,1336000,1336000,1336000,1336000,1336000,1336000,1336000,1336000,1336000,,,,,1336000,,,,,,1336000,,,1336000,,,,,1336000,1336000,1336000,1336000,1336000,,1336000,1336000,1336000,1336000,,1336000,1336000,1336000,1336000,1336000,1336000,1336000,1336000,1336000,1336000,1336000,1336000,1336000,1336000,1336000,1336000,1336000,1336000,1336000,1336000,1336000,1336000
73071959,ASRock Rack SP2C741D16X-2T 명인일렉트로닉스,2090000,2090000,2090000,2090000,2090000,2090000,2090000,2090000,2090000,,,,,2090000,,,,,,2090000,,,2090000,,,,,2090000,2090000,2090000,2090000,2090000,,2090000,2090000,2090000,2090000,,2090000,2090000,2090000,2090000,2090000,2090000,2090000,2090000,2090000,2090000,2090000,2090000,2090000,2090000,2090000,2090000,2090000,2090000,2090000,2090000,2090000,2090000
73072130,ASRock Rack SPC741D8-2L2T/BCM 명인일렉트로닉스,1980990,1980990,1980990,1980990,1980990,1980990,1980990,1980990,1980990,,,,,1980990,,,,,,1980990,,,1980990,,,,,1980990,1980990,1980990,1980990,1980990,,1980990,1980990,1980990,1980990,,1980990,1980990,1980990,1980990,1980990,1980990,1980990,1980990,1980990,1980990,1980990,1980990,1980990,1980990,1980990,1980990,1980990,1980990,1980990,1980990,1980990,1980990
105969170,ASRock Rack SPC741D8UD-2T/X550 명인일렉트로닉스,1349940,1349940,1349940,1349940,1349940,1349940,1349940,1349940,1349940,,,,,1324990,,,,,,1324990,,,1324990,,,,,1324990,1324990,1324990,1325000,1325000,,1325000,1325000,1325000,1325000,,1324990,1324990,1324990,1324990,1324990,1324990,1324990,1324990,1324990,1324990,1324990,1324990,1324990,1324990,1324990,1324990,1324990,1324990,1324990,1324990,1324990,1324990
77784170,ASRock W790 WS R2.0 에즈윈,1276500,1276500,1276500,1276500,1276500,1276500,1276500,1276500,1276500,,,,,1276500,,,,,,1276500,,,1276500,,,,,1276500,1276500,1276500,1276500,1276500,,1276500,1276500,1276500,1276500,,1276500,1276500,1276500,1276500,1276500,1276500,1276500,1276500,1276500,1276500,1276500,1276500,1276500,1276500,1276500,1276500,1276500,1276500,1276500,1276500,1276500,1276500
48647831,ASRock WRX90 WS EVO 대원씨티에스,1861720,1861730,1861730,1861730,1861730,1861730,1861730,1826500,1826500,,,,,1826500,,,,,,1826500,,,1826500,,,,,1826500,1861730,1861730,1861730,1861730,,1861730,1861730,1861730,1861730,,1861730,1861730,1861730,1861730,1861730,1861730,1861730,1861730,1861730,1861730,1861730,1861730,1861730,1861730,1861730,1861730,1861730,1861730,1861730,1861730,1861730,1861730
68242124,ASRock X870 Pro RS WiFi 대원씨티에스,316500,317910,314000,317910,316500,314350,316850,316850,317910,,,,,314350,,,,,,317910,,,313070,,,,,315570,313070,313070,313070,313070,,315570,313070,315570,315570,,313070,315570,313070,313070,315570,317910,316500,317910,317910,316500,314000,317910,316500,314000,317910,316500,316500,315580,314000,314000,315580,315580
79410686,ASRock X870 Pro RS WiFi 디앤디컴,324000,324000,324000,324000,324000,324000,324000,324000,324000,,,,,324000,,,,,,324000,,,324000,,,,,324000,324000,324000,324000,324000,,324000,324000,324000,324000,,324000,324000,324000,324000,324000,324000,323980,323970,323970,323950,323970,323970,323970,323960,323960,323980,323990,323990,323990,323970,323950,323940
70101260,ASRock X870 Pro RS WiFi 에즈윈,322850,322850,322850,322850,322850,322850,322850,322850,322850,,,,,322850,,,,,,322850,,,322850,,,,,322850,322850,322850,322850,322850,,322850,322850,322850,322850,,322850,322850,322850,322850,322850,322850,322850,322850,322850,322850,322850,322850,322850,322850,322850,322850,322850,322850,322850,322850,322850,322850
68242145,ASRock X870 Pro RS 대원씨티에스,278000,278000,278000,278000,278000,278000,278000,278000,278000,,,,,278000,,,,,,278000,,,278000,,,,,278000,278000,278000,278000,278000,,278000,278000,278000,278000,,278000,278000,278000,278000,278000,278000,278000,278000,278000,278000,278000,278000,278000,278000,278000,278000,278000,278000,278000,278000,278000,278000
70875566,ASRock X870 Pro RS 디앤디컴,283330,319000,292780,292780,292780,292780,292780,283680,283680,,,,,283680,,,,,,283330,,,283330,,,,,283330,283330,283330,283330,283330,,283330,283330,283330,283330,,301980,301980,301980,301990,301820,301820,301820,301820,301820,301820,301830,301840,292420,292420,292420,292420,292420,292420,292420,292420,294160,301800
67695641,ASRock X870 Pro RS 에즈윈,302000,302000,302000,302000,302000,302000,302000,302000,302000,,,,,288490,,,,,,287980,,,259900,,,,,273500,273500,288990,273500,273500,,284000,284000,289000,289000,,284100,284100,284100,284100,284100,284100,284100,284100,284100,284100,284100,284100,284100,284100,284100,284100,284100,284100,284100,284100,284100,284100
98925365,ASRock X870 Pro-A WiFi 대원씨티에스,296790,296790,296790,296790,296790,296790,296790,287860,287860,,,,,286470,,,,,,286470,,,286460,,,,,286460,286460,286460,286460,286460,,286460,286460,286460,286460,,286460,286460,286460,286460,286460,286470,286470,286470,286470,286470,286470,286470,286470,286470,286470,286470,286470,286470,286470,286470,286470,286470
97224935,ASRock X870 Pro-A WiFi 디앤디컴,308990,308990,308990,308990,308990,308990,308990,308990,308990,,,,,259000,,,,,,266000,,,266000,,,,,266000,266000,266000,308990,308990,,308990,308990,309000,305890,,305870,305870,305870,305880,305870,305890,293940,293940,296490,296500,291290,291290,291290,291290,291290,291290,291290,291290,291290,291290,291850,291840
75541040,ASRock X870 Riptide WiFi 대원씨티에스,315590,315590,315590,315590,315590,315590,315590,315590,315590,,,,,315590,,,,,,315590,,,315590,,,,,315590,315590,315590,315590,315590,,315590,315590,315590,315590,,315590,315590,315590,315590,315590,315590,315590,315590,315590,315590,315590,315590,315590,315590,315590,315590,315590,315590,315590,315590,315590,315590
103750595,ASRock X870 Taichi Creator 대원씨티에스,597000,597000,597000,597000,597000,597000,597000,597000,598340,,,,,598340,,,,,,634380,,,634380,,,,,616340,616340,616340,616340,616340,,616340,616340,616340,597000,,596990,596990,596990,597000,595000,595000,584560,584560,584560,481440,583670,583680,584560,584560,584560,584560,584560,584560,584560,584560,584560,584560
68242061,ASRock X870 스틸레전드 WiFi 대원씨티에스,319210,319210,319210,319210,319210,319210,362090,362090,362090,,,,,348990,,,,,,338580,,,338580,,,,,299000,299000,279000,279000,279000,,279000,279000,279000,279000,,279000,279000,279000,279000,279000,279000,279000,279000,279000,279000,279000,279000,279000,279000,279000,279000,279000,279000,279000,279000,279000,279000
68440103,ASRock X870 스틸레전드 WiFi 디앤디컴,344780,344790,344790,344790,344790,344800,344830,361540,361540,,,,,361520,,,,,,363200,,,362740,,,,,363190,363200,363190,363200,363190,,363240,363240,363230,363240,,363290,363290,363290,367690,367460,367680,367680,367540,367660,367680,367690,367690,367690,367690,367690,367690,367690,367690,367690,367690,364620,364620
70769987,ASRock X870E Nova WiFi 대원씨티에스,455000,455000,455000,455000,455000,455000,455000,455000,455000,,,,,455000,,,,,,455000,,,455000,,,,,455000,455000,455000,455000,455000,,455000,455000,455000,455000,,455000,455000,455000,455000,455000,455000,455000,455000,455000,455000,455000,455000,455000,455000,455000,455000,455000,455000,455000,455000,448990,448990
72757274,ASRock X870E Nova WiFi 디앤디컴,498470,482670,482710,482730,482750,498470,498470,499000,498980,,,,,476670,,,,,,476680,,,476680,,,,,476680,476680,476680,476680,476680,,476680,476680,476680,476680,,476680,476680,476680,476680,476680,476680,476680,476680,476680,476680,476680,476680,476680,476680,476680,476680,476680,476680,476680,476680,476680,476680
67852967,ASRock X870E Nova WiFi 에즈윈,481950,481940,481940,481940,481940,481950,481950,481950,481950,,,,,472400,,,,,,472400,,,472400,,,,,472400,472400,472400,472400,472400,,472400,472400,472400,472400,,472400,472400,472400,472400,472400,472400,472400,472400,472400,472400,472400,472400,472400,472400,472400,472400,472400,472400,472400,472400,472400,472400
124056572,ASRock X870E Taichi WHITE 디앤디컴,802500,802460,802450,802450,802470,823160,828940,823160,797500,,,,,797500,,,,,,800010,,,792050,,,,,818400,815900,815890,828990,828990,,828990,813320,812990,813000,,,,,,,,,,,,,,,,,,,,,,,
68246816,ASRock X870E Taichi 대원씨티에스,768000,768000,768000,768000,768000,768000,768000,768000,768000,,,,,768000,,,,,,768000,,,768000,,,,,768000,768000,768000,768000,768000,,768000,768000,768000,768000,,768000,768000,768000,768000,768000,768000,768000,768000,768000,768000,768000,768000,768000,768000,768000,768000,768000,768000,768000,768000,768000,768000
68440085,ASRock X870E Taichi 디앤디컴,799000,799000,798990,798990,798990,799000,799000,779000,778990,,,,,809000,,,,,,,,,,,,,,,,,,,,,,,,,,,,,,,,,,,,,,,,,,,,,,
67850639,ASRock X870E Taichi 에즈윈,753000,753000,753000,753000,753000,753000,753000,753000,753000,,,,,753000,,,,,,753000,,,753000,,,,,753000,753000,753000,753000,753000,,753000,753000,753000,753000,,753000,753000,753000,753000,753000,753000,753000,753000,753000,753000,753000,753000,753000,753000,753000,753000,753000,753000,753000,753000,753000,753000
18052340,ASRock Z790 PG Lightning D5 에즈윈,361250,361250,361250,361250,361250,361250,361250,361250,361250,,,,,361250,,,,,,346800,,,346800,,,,,346800,346800,346800,346800,346800,,346800,346800,346800,346800,,346800,346800,346800,346800,346800,346800,346800,346800,346800,346800,346800,346800,346800,346800,346800,346800,346800,346800,346800,346800,346800,346800
20012147,ASRock Z790 Pro RS D5 + WiFi6E 모듈 패키지 디앤디컴,386000,386000,386000,386000,386000,386000,386000,386000,386000,,,,,386000,,,,,,386000,,,386000,,,,,386000,386000,386000,386000,270200,,386000,386000,386000,386000,,386000,386000,386000,386000,386000,386000,386000,386000,386000,386000,386000,386000,386000,386000,386000,386000,386000,386000,368300,386000,386000,386000
31959437,ASRock Z790 Pro RS D5 + WiFi7 모듈 패키지 디앤디컴,405000,405000,405000,405000,405000,405000,405000,405000,405000,,,,,405000,,,,,,405000,,,405000,,,,,405000,405000,405000,405000,283500,,405000,405000,405000,405000,,405000,405000,405000,405000,405000,405000,405000,405000,405000,405000,405000,405000,405000,405000,405000,405000,405000,405000,495000,405000,405000,405000
18060353,ASRock Z790 Pro RS D5 디앤디컴,351000,351000,351000,351000,351000,351000,351000,351000,351000,,,,,351000,,,,,,351000,,,351000,,,,,351000,351000,351000,351000,245700,,351000,351000,351000,351000,,351000,351000,351000,351000,351000,351000,351000,351000,351000,351000,351000,351000,351000,351000,351000,351000,351000,351000,334800,351000,351000,351000
71007920,ASRock Z890 Lightning WiFi 에즈윈,403210,403210,403210,403210,421190,403210,421190,403210,403210,,,,,403210,,,,,,403210,,,403210,,,,,403210,403210,403210,403210,403210,,403210,403210,421200,414950,,403210,403210,403210,403210,403210,403210,403210,403210,403290,403290,403290,403290,403290,403290,403290,403290,403290,403290,403290,403290,403290,403290
69868430,ASRock Z890 LiveMixer WiFi 인텍앤컴퍼니,369000,369000,369000,369000,369000,369000,369000,369000,369000,,,,,369000,,,,,,369000,,,369000,,,,,360700,360700,360700,360700,360700,,360700,360700,369000,369000,,360700,360700,360700,360700,360700,360700,360700,360700,369000,333000,333000,316500,316500,316500,316500,316500,316500,316500,316500,316500,316500,316500
69471320,ASRock Z890 Nova WiFi 에즈윈,529000,529000,529000,529000,529000,529000,529000,529000,529000,,,,,529000,,,,,,529000,,,529000,,,,,529000,529000,529000,529000,529000,,529000,529000,529000,529000,,529000,529000,529000,529000,529000,529000,529000,529000,529000,529000,529000,529000,529000,529000,529000,529000,529000,529000,500800,529000,529000,529000
69868301,ASRock Z890 Nova WiFi 인텍앤컴퍼니,490500,490500,490500,490500,490500,490500,490500,490500,490500,,,,,490500,,,,,,490500,,,490500,,,,,490500,490500,490000,490000,490000,,490000,490000,490000,490000,,490000,490000,490000,490000,490000,490000,490000,490000,490000,490000,490000,490000,490000,490000,490000,490000,490000,490000,490000,490000,638000,638000
71010251,ASRock Z890 Pro RS WiFi White 디앤디컴,319000,319000,319000,319000,319000,319000,319000,319000,341690,,,,,340650,,,,,,349350,,,345560,,,,,349350,349350,349350,349360,349350,,349360,349360,349350,349360,,351490,351490,353770,353870,351480,351480,353980,351490,351490,351480,351480,351480,351440,351460,351480,351490,353990,353990,351480,351480,351480,351480
68687816,ASRock Z890 Pro RS WiFi White 에즈윈,344940,344930,344930,344930,344930,344940,344940,344940,344940,,,,,343360,,,,,,340890,,,340750,,,,,340760,340760,340790,340790,340790,,340790,340790,340880,340880,,340790,340790,340790,340790,340810,340810,340810,340810,340810,340820,340820,340840,340850,340880,340880,340880,340880,340880,340880,340890,340880,340880
122694851,ASRock Z890 Pro RS WiFi 디앤디컴,318970,308130,308180,308200,308220,308240,308250,308240,308240,,,,,308190,,,,,,318960,,,311720,,,,,318920,318970,318930,318870,318930,,318970,318940,318960,318870,,318960,318980,318990,331140,331130,331130,331130,331130,331130,331130,331140,331140,331140,331140,331140,331140,331140,331140,331140,331140,331130,331130
69868478,ASRock Z890 Pro RS WiFi 인텍앤컴퍼니,320000,320000,320000,320000,320000,320000,320000,320000,320000,,,,,318500,,,,,,318500,,,321500,,,,,321500,321500,321500,321500,321500,,321500,321500,321500,315000,,315000,315000,315000,315000,315000,315000,315000,315000,315000,315000,315000,304000,304000,304000,304000,304000,304000,304000,304000,304000,304000,304000
70006589,ASRock Z890 Pro RS 디앤디컴,339000,339000,339000,339000,339000,339000,339000,339000,339000,,,,,339000,,,,,,339000,,,339000,,,,,339000,339000,339000,339000,339000,,339000,339000,339000,339000,,339000,339000,339000,339000,339000,339000,339000,339000,339000,339000,339000,339000,339000,339000,339000,339000,339000,339000,339000,339000,339000,339000
68687615,ASRock Z890 Pro RS 에즈윈,331380,331380,331380,331380,331380,331380,331380,331380,331380,,,,,331380,,,,,,331380,,,331380,,,,,331380,331380,331380,331380,331380,,331380,331380,331380,331380,,331380,331380,331380,331380,331380,331380,331380,331380,331380,331380,331380,331370,331370,331370,331370,331370,331370,331370,331370,331370,331370,331370
78102458,ASRock Z890 Pro-A WiFi 디앤디컴,323710,316210,316210,316210,316210,316220,316220,316220,316220,,,,,316210,,,,,,316990,,,316950,,,,,319610,319610,319570,319610,321130,,323720,323720,323700,323720,,328630,328690,328770,328840,328940,328840,328870,328850,328950,328950,328970,328970,328970,328960,328960,328980,328990,328990,328990,328970,328940,328930
69053765,ASRock Z890 Pro-A WiFi 에즈윈,320740,320730,320730,320730,320730,320740,320750,320740,320740,,,,,320730,,,,,,320740,,,320730,,,,,322900,322900,322910,322920,322920,,322920,322920,329000,329000,,329000,329000,329000,329000,329000,329000,329000,329000,329000,329000,329000,325000,320880,320880,320880,320880,320880,320880,320880,320880,320740,320740
69868499,ASRock Z890 Pro-A WiFi 인텍앤컴퍼니,316000,316000,316000,316000,316000,316000,316000,316000,316000,,,,,298800,,,,,,298800,,,299300,,,,,299300,316000,316000,316000,316000,,316000,316000,316000,316000,,316000,316000,316000,316000,316000,316000,314940,314940,314940,314940,314940,314940,314940,314940,314940,314940,314940,314940,314940,314940,300000,300000
70006610,ASRock Z890 Pro-A 디앤디컴,308750,308230,308230,308230,308240,308240,308260,308240,308240,,,,,308230,,,,,,314900,,,302240,,,,,315570,312620,315740,315800,315790,,315800,315800,316480,318620,,316490,316490,318750,318840,316460,316480,318980,316490,316490,316480,316480,316480,316480,316480,316480,316490,318990,318990,316480,316480,316480,316480
68919209,ASRock Z890 Pro-A 에즈윈,310490,310480,310480,310480,307490,310490,310490,310490,307490,,,,,310480,,,,,,310490,,,310490,,,,,319000,319000,318990,318990,318990,,318990,318990,318990,318990,,318990,318990,318990,318990,318990,319000,318000,318000,318000,318000,318000,318000,318000,318000,318000,318000,318000,318000,315580,315580,315580,315580
69868004,ASRock Z890 Taichi AQUA 인텍앤컴퍼니,1514290,1514290,1514290,1514290,1514290,1514290,1514290,1514290,1514290,,,,,1514290,,,,,,1514290,,,1514290,,,,,1514290,1514290,1514290,1514290,1514290,,1514290,1514290,1514290,1514290,,1514290,1514290,1514290,1514290,1514290,1514290,1514290,1514290,1514290,1514290,1514290,1514290,1514290,1514290,1514290,1514290,1514290,1514290,1514290,1514290,1514290,1514290
69868175,ASRock Z890 Taichi OCF 인텍앤컴퍼니,938990,938990,938990,938990,938990,938990,938990,938990,938990,,,,,938990,,,,,,938990,,,938990,,,,,938990,938990,938990,938990,938990,,938990,938990,938990,938990,,938990,938990,938990,938990,938990,938990,938990,938990,938990,938990,938990,938990,938990,938990,938990,938990,938990,938990,938990,938990,882660,882660
70000382,ASRock Z890 Taichi 디앤디컴,677120,677100,677100,677100,677100,677110,677120,677110,677110,,,,,677100,,,,,,690200,,,686350,,,,,690200,690200,690190,690210,690200,,690210,690210,690210,690210,,696440,696490,696480,698870,696440,696460,696410,696480,696490,696480,696480,696480,696480,696480,696480,696490,698990,698990,696480,696480,682450,682450
68776211,ASRock Z890 Taichi 에즈윈,665500,665500,665500,665500,677530,665500,677540,665500,665500,,,,,665500,,,,,,665500,,,665500,,,,,665500,665500,665500,665500,665500,,665500,665500,677530,677530,,665500,665500,665500,665500,665500,665500,665500,665500,665500,665500,665500,665500,665500,665500,665500,665500,665500,665500,665500,665500,677530,665500
69867902,ASRock Z890 Taichi 인텍앤컴퍼니,699000,699000,699000,699000,699000,699000,699000,699000,699000,,,,,683300,,,,,,683300,,,683870,,,,,683900,683900,683900,683900,683900,,683900,683900,683900,683900,,683900,683900,683900,683900,683900,683900,683900,683900,683900,683900,674960,674960,674960,674960,674960,674960,674960,674960,674960,674960,674970,674970
69471116,ASRock Z890I Nova WiFi 에즈윈,661250,661250,661250,661250,661250,661250,661250,661250,661250,,,,,645000,,,,,,645000,,,645000,,,,,645000,645000,645000,645000,645000,,645000,645000,645000,645000,,645000,645000,645000,645000,645000,645000,645000,645000,645000,645000,645000,645000,645000,645000,645000,645000,645000,645000,645000,645000,529000,529000
95420366,ASUS B850M MAX GAMING WIFI STCOM,188000,187980,187970,187990,187990,188000,188000,188000,188000,,,,,183870,,,,,,188000,,,188000,,,,,197500,194710,194710,194710,194710,,194710,194710,194700,194710,,197490,197490,197490,197490,198920,198990,197680,197680,197680,197680,197680,197680,197680,197490,197590,197990,198000,203000,203000,203000,199690,199690
93071258,ASUS B850M MAX GAMING WIFI 대원씨티에스,182560,179030,182560,182560,182560,182560,182560,182570,182570,,,,,183100,,,,,,183870,,,183870,,,,,183930,183930,183930,183930,183940,,183990,184000,184000,188390,,192380,192380,192390,192390,194510,188300,194590,194580,194580,194590,194590,188660,188500,188660,188660,188660,188660,188670,188670,190360,190360,190360
103188218,ASUS B850M MAX GAMING WIFI 인텍앤컴퍼니,180030,178580,180030,180030,180030,180030,180030,180030,180030,,,,,180030,,,,,,180030,,,178560,,,,,188990,188990,188990,188990,188990,,188990,188990,191080,191080,,188380,188380,188380,188380,188380,188300,188390,188390,188390,188390,188390,188390,191080,191080,191080,191080,188610,188630,188660,188700,188790,188790
5679942,ASUS B85M-F (중고),28270,28270,28270,28270,28270,28270,28280,28260,28260,,,,,28260,,,,,,28270,,,27960,,,,,27960,27960,27960,27960,27960,,27960,27960,27960,27960,,27990,28020,28070,28140,28240,28270,28270,28270,28270,28270,28270,28270,28270,28270,28270,28270,28270,28270,28270,28270,28270,28270
4482977,ASUS B85M-G (중고),29000,29000,29000,29000,29000,29000,29000,28830,28830,,,,,28820,,,,,,28820,,,28650,,,,,27980,28740,28830,28860,28950,,28990,27040,27040,27040,,27040,27040,27080,27150,27250,27050,27050,27050,27050,27050,27050,27050,27050,27050,27050,27050,27050,27050,27050,27050,27050,27050
75536555,ASUS B860M AYW GAMING WIFI 인텍앤컴퍼니,174310,171040,174980,174490,174980,174430,174980,174430,174980,,,,,172490,,,,,,174990,,,171418,,,,,169570,169570,169570,169570,166640,,166640,166640,166640,166640,,171380,171380,171380,171380,171380,171380,171380,171380,171380,171380,171380,174710,174710,174710,174710,174710,169640,169640,169640,169570,171070,171070
7452148,ASUS EX A320M-GAMING 대원씨티에스,116000,116000,116000,116000,116000,116000,116000,116000,116000,,,,,116000,,,,,,116000,,,116000,,,,,116000,116000,116000,116000,116000,,116000,116000,116000,116000,,116000,116000,116000,116000,116000,116000,116000,116000,116000,116000,116000,116000,116000,116000,116000,116000,116000,116000,116000,116000,116000,116000
18652511,ASUS EX B760M-V5 D4 코잇,121990,121990,121990,121990,121990,121990,121990,121990,121990,,,,,121990,,,,,,121990,,,121990,,,,,127500,127500,127500,127500,127500,,127500,127500,127500,127500,,127500,127500,127500,127500,127500,127500,127500,127500,127500,127500,127500,127500,127500,127500,127500,127500,127500,127500,127500,127500,127500,127500
16260506,ASUS EX H610M-V3 D4 STCOM,97900,95400,97890,97890,95400,97900,97900,97850,97850,,,,,92980,,,,,,95220,,,95220,,,,,95220,95220,95220,95220,95220,,95220,92720,95220,95220,,95220,95220,95220,95220,95220,93630,93630,93630,93630,93630,93630,93630,93630,93620,93620,93620,93630,93630,93630,93630,93630,93630
3548546,ASUS H110M-K STCOM,123170,123150,123140,123160,123160,123170,123170,123170,123170,,,,,115041,,,,,,123170,,,119090,,,,,121720,121720,121720,121720,121720,,121720,121720,120880,121720,,120880,120880,120880,120880,120880,120890,121720,121720,121720,121720,121730,121730,121730,121720,122730,121150,121730,121730,121730,121730,121730,121730
3603620,ASUS H110M-K 아이보라,123170,123170,123170,123170,123170,119980,119980,119980,119980,,,,,115041,,,,,,119980,,,119090,,,,,126770,126770,126770,127400,127400,,125790,125790,125800,125800,,126770,120890,120890,120890,120890,120890,120270,126770,119980,119980,119980,119980,122290,122290,122290,124790,124790,124300,124300,122290,121790,124290
76463696,ASUS H810M AYW GAMING WIFI STCOM,155800,155800,155760,155760,155760,155760,155760,155760,155760,,,,,154720,,,,,,154720,,,154730,,,,,154720,154720,154720,154720,154720,,154720,154720,154720,154720,,154720,154720,154720,154720,154720,154720,154720,154720,154720,154720,154720,154720,154720,154720,154720,154720,154720,154720,154720,154720,154730,154730
77083265,ASUS H810M AYW GAMING WIFI 코잇,153470,153470,153470,153470,153470,153470,153470,153470,153470,,,,,153470,,,,,,153470,,,153470,,,,,153480,153480,153480,153480,153480,,153480,153480,153480,153480,,153480,153480,153480,153480,153480,153480,153480,153480,153480,153480,153480,153480,153480,153480,153480,153480,153480,153480,153480,153480,153480,153480
76463777,ASUS H810M AYW GAMING WIFI-CSM STCOM,161000,161000,160970,160990,160990,161000,161000,161000,161000,,,,,158790,,,,,,161000,,,161000,,,,,160990,160990,160990,160990,160990,,160990,160990,160990,160990,,160990,160990,160990,160990,160990,160990,160990,160990,160990,160990,159880,159880,159880,159870,159870,159890,159900,159900,159900,159900,159900,159900
2976233,ASUS H81M-A (중고),21600,21600,21600,21600,21600,21600,21070,20020,20020,,,,,20020,,,,,,21070,,,20860,,,,,20860,20860,20860,20860,20860,,20860,20860,20860,20860,,20860,20860,20860,20860,20860,21070,21070,21070,21070,21070,21070,21070,21070,21070,21070,21070,21070,21070,21070,21070,21070,21070
5713431,ASUS H81M-D PLUS (중고),23990,23990,23990,23990,23990,23990,23990,22320,22320,,,,,22320,,,,,,23990,,,23990,,,,,23990,23990,23990,23990,23990,,23990,23990,23990,23990,,23990,23990,23990,23990,23990,23990,23990,23990,23990,23990,23990,23990,23990,23990,23990,23990,23990,23990,23990,23990,23990,23990
2976067,ASUS H81M-E (중고),21480,21480,21480,21480,21480,21480,21490,21470,21470,,,,,21470,,,,,,21480,,,21250,,,,,21250,21250,21250,21250,21250,,21250,21250,21250,21250,,21260,21270,21320,21390,21400,21480,21480,21480,21480,21480,21480,21480,21480,21480,21480,21480,21480,21480,21480,21480,21480,21480
3266921,ASUS H81M-K (벌크),119980,119980,119980,119980,119980,119980,119980,119980,119980,,,,,119980,,,,,,119980,,,119980,,,,,119980,119980,119980,119980,119980,,119980,119980,119980,119980,,119980,119980,119980,119980,119980,119980,119980,119980,119980,119980,119980,119980,119980,119980,119980,119980,119980,119980,119980,119980,119980,119980
4483142,ASUS H81M-K (중고),21010,21010,21010,21010,21010,21010,21010,20020,20020,,,,,20020,,,,,,21010,,,21010,,,,,21010,21990,21990,21990,21990,,21990,21400,21510,21530,,21650,21720,21770,21840,21890,20670,20710,20810,20830,20930,20950,21030,21050,21150,21170,21270,21290,21390,21410,21420,21510,21530
2976087,ASUS H87-PLUS (중고),96000,96000,96000,96000,96000,96000,96000,96000,96000,,,,,96000,,,,,,96000,,,96000,,,,,96000,96000,96000,96000,96000,,96000,96000,96000,96000,,96000,96000,96000,96000,96000,96000,96000,96000,96000,96000,96000,96000,96000,96000,96000,96000,96000,96000,96000,96000,96000,96000
6145321,ASUS H97-PLUS (중고),96000,96000,96000,96000,96000,96000,96000,96000,96000,,,,,96000,,,,,,96000,,,96000,,,,,96000,96000,96000,96000,96000,,96000,96000,96000,96000,,96000,96000,96000,96000,96000,96000,96000,96000,96000,96000,96000,96000,96000,96000,96000,96000,96000,96000,96000,96000,96000,96000
6643243,ASUS P11C-X 아이보라,711000,711000,711000,711000,711000,711000,711000,711000,711000,,,,,711000,,,,,,711000,,,711000,,,,,711000,711000,711000,711000,711000,,711000,711000,711000,711000,,711000,711000,711000,711000,711000,711000,711000,711000,711000,711000,711000,711000,711000,711000,711000,711000,711000,711000,711000,711000,711000,711000
14872736,ASUS P11C-X 인텍앤컴퍼니,445470,445470,445470,445470,445470,445470,445470,445470,445470,,,,,445470,,,,,,459840,,,455050,,,,,455050,455050,455050,455050,455050,,455050,455050,455050,455050,,455050,455050,455050,455050,455050,459840,459840,459840,459840,459840,459840,459840,459840,459840,459840,459840,459840,459840,459840,459840,459840,459840
19927871,ASUS P12R-I STCOM,359000,358780,358770,358790,358990,358990,358990,358990,358990,,,,,350020,,,,,,358990,,,358620,,,,,358890,358950,358970,358980,358980,,358980,358980,358960,358960,,358980,358980,358980,358990,358990,359000,357520,357520,357520,357520,357520,357520,357520,357530,357550,357580,358100,358100,358100,358100,358100,358100
123033137,ASUS P13R-E STCOM,807290,807200,807200,807200,807200,807400,807400,807400,807400,,,,,797270,,,,,,807410,,,807410,,,,,807410,817980,817980,817980,817980,,817980,817980,817980,817980,,817980,817980,817980,817980,817980,817980,817980,817980,817980,817980,817980,817980,817980,817980,817980,817980,817980,817980,817980,817980,817980,817980
122712415,ASUS P13R-M STCOM,743290,743200,743200,743200,743200,743320,743320,743320,743320,,,,,733540,,,,,,743330,,,743330,,,,,743330,754950,754950,754950,754950,,754950,754950,754950,754950,,754950,754950,754950,754950,754950,754960,754970,754970,754970,728860,728860,728860,728860,728860,728860,728860,728860,728860,728860,728860,728860,728860
4470793,ASUS P5G41T-M LX (중고),30000,30000,30000,30000,30000,30000,30000,30000,30000,,,,,30000,,,,,,30000,,,19220,,,,,19220,19220,19220,19220,19220,,19220,19220,19220,19220,,19220,19230,19270,19340,19350,19430,19430,19430,19430,19430,19430,19430,19430,19430,19430,19430,19430,19430,19430,19430,19430,19430
4471893,ASUS P5KPL-AM (중고),98000,98000,98000,98000,98000,98000,98000,98000,98000,,,,,98000,,,,,,98000,,,97000,,,,,97000,97000,97000,97000,97000,,97000,97000,97000,97000,,97000,97000,97000,97000,97000,98000,98000,98000,98000,98000,98000,98000,98000,98000,98000,98000,98000,98000,98000,98000,98000,98000
4489619,ASUS P7H55-M LX (중고),23030,23030,23030,23030,23030,23030,23030,23030,23030,,,,,23030,,,,,,23030,,,22800,,,,,22800,22800,22800,22800,22800,,22800,22800,22800,22800,,22800,22800,22800,22800,22800,23030,23030,23030,23030,23030,23030,23030,23030,23030,23030,23030,23030,23030,23030,23030,23030,23030
4489674,ASUS P8B75-M LX (중고),26500,26500,26500,26500,26500,26500,26510,26490,26490,,,,,26490,,,,,,26030,,,25750,,,,,25750,25750,25750,25750,25750,,25750,25750,25750,25750,,25790,25820,25870,25940,25950,25760,25760,25760,25760,25760,25760,25760,25760,25760,25760,25760,25760,25760,25760,25760,25760,25760
14267837,ASUS P8H61-M PLUS2 (B3) (중고),38000,38000,38000,38000,38000,38000,38000,38000,38000,,,,,38000,,,,,,38000,,,38000,,,,,38000,38000,38000,38000,38000,,38000,38000,38000,38000,,38000,38000,38000,38000,38000,38000,38000,38000,38000,38000,38000,38000,38000,38000,38000,38000,38000,38000,38000,38000,38000,38000
3032975,ASUS P8H61-MX (B3) (중고),21560,21560,21560,21560,21560,21560,21560,21560,21560,,,,,21560,,,,,,21560,,,21340,,,,,21340,21340,21340,21340,21340,,21340,21340,21340,21340,,21340,21340,21340,21340,21340,21560,21560,21560,21560,21560,21560,21560,21560,21560,21560,21560,21560,21560,21560,21560,21560,21560
6449392,ASUS P8H67 B3 (중고),153790,153790,153790,153790,153790,153790,153790,153790,153790,,,,,97300,,,,,,97300,,,97300,,,,,97300,97300,97300,97300,97300,,97300,97300,97300,97300,,97300,97300,97300,97300,97300,97300,97300,97300,97300,97300,97300,97300,97300,97300,97300,97300,33490,33490,33490,33490,33490,33490
3226637,ASUS P9D-MH/10G-DUAL STCOM,525000,524980,524980,525000,525000,525000,525000,525000,525000,,,,,180230,,,,,,180230,,,180230,,,,,180230,180230,180230,180230,180230,,180230,180230,180230,180230,,180230,180230,180230,180230,180230,180230,180230,180230,180230,180230,180230,180230,180230,180230,180230,180230,180230,180230,180230,180230,180230,180230
16284179,ASUS PRIME A520M-A II 대원씨티에스,79770,79770,79770,79770,79770,79770,79770,79770,79770,,,,,79770,,,,,,79770,,,78000,,,,,79770,79770,79770,79770,79770,,79776,79776,79776,79776,,80900,80900,80900,80900,78580,78580,80900,80900,81000,80900,80900,80900,80900,80900,80900,80900,80900,79760,79760,79760,79760,79760
122721897,ASUS PRIME A520M-K ARGB 대원씨티에스,66380,66380,66400,66420,66420,66420,66420,66420,66420,,,,,66490,,,,,,66670,,,64003,,,,,65450,65450,65450,65450,65457,,65457,65457,65457,65457,,67450,67450,67460,67460,67470,67490,67490,67480,67480,67490,67490,66410,66410,66430,66450,66450,66450,66460,66460,66460,65430,65430
12060293,ASUS PRIME A520M-K STCOM,64930,64720,64710,64730,64730,64930,64930,64890,64890,,,,,62060,,,,,,62070,,,60910,,,,,62900,62900,62910,62910,62900,,64490,64490,63600,63600,,64150,64150,64150,64490,65000,65000,65000,65000,65000,65000,65000,65000,65000,64990,64990,64990,65000,65000,65000,65000,65000,64990
12069566,ASUS PRIME A520M-K 대원씨티에스,59600,58563,60300,60300,60300,60300,60240,60300,60300,,,,,60300,,,,,,60300,,,60300,,,,,60300,60300,60300,60300,60300,,60300,60300,60300,60309,,60540,60540,60540,60540,60490,60540,60540,60540,60540,60540,60540,60540,60540,60540,60540,60540,60540,60540,60540,60540,60540,60540
12067610,ASUS PRIME A520M-K 아이보라,74661,75421,75421,73775,73775,79000,79000,79000,79000,,,,,64000,,,,,,64000,,,64000,,,,,64000,64000,64000,64000,64000,,64000,64000,64000,64000,,64000,64000,64000,64000,64000,64000,64000,64000,64000,64000,65000,65000,65000,64700,64700,64700,65000,65000,65000,65000,65000,65000
122643555,ASUS PRIME A520M-K 인텍앤컴퍼니,60340,60350,60350,60350,60350,59550,61330,61340,61350,,,,,61310,,,,,,62520,,,62530,,,,,58570,58570,58570,58570,58570,,58570,58570,62100,62100,,62100,62100,62100,62100,62100,62100,62100,62100,62100,62100,58250,58250,62300,62300,62300,62100,62090,62090,62090,61430,61990,61990
104989559,ASUS PRIME A620AM-A STCOM,124860,124850,124850,124850,124850,124850,124850,124850,124850,,,,,124850,,,,,,124850,,,124860,,,,,124850,124850,124850,124850,124850,,124850,124850,124850,124860,,117250,117250,117250,116250,116250,116250,116250,116250,117410,117410,116740,116740,116740,116740,116740,116740,116740,116740,116740,116740,116300,116300
106703432,ASUS PRIME A620AM-A 대원씨티에스,108450,109000,109000,109000,109000,109000,109000,108590,108590,,,,,108590,,,,,,108450,,,108450,,,,,108450,108450,108450,108450,108450,,108450,108450,108450,108450,,109000,109000,109000,109000,109000,109000,109000,109000,109000,109000,109000,109000,109000,109000,109000,109000,109000,109000,109000,109000,109000,109000
106703318,ASUS PRIME A620AM-K 대원씨티에스,109750,109750,109750,109750,109750,109750,109750,109750,109750,,,,,109750,,,,,,109280,,,109280,,,,,109270,109280,109280,109280,109280,,109280,109280,109280,109280,,110800,110840,110850,110850,110860,112050,104500,104500,112040,112050,112050,108880,108880,108880,108880,108880,108890,108890,109990,109990,109990,108890
19924310,ASUS PRIME A620M-A STCOM,280000,280000,280000,280000,280000,280000,280000,280000,280000,,,,,280000,,,,,,280000,,,267960,,,,,280000,280000,280000,280000,280000,,280000,280000,280000,280000,,280000,280000,280000,280000,280000,280000,280000,280000,280000,280000,280000,280000,280000,280000,280000,280000,267960,128000,128000,128000,128000,128000
19926611,ASUS PRIME A620M-A 대원씨티에스,142990,130350,127560,127560,130350,121000,121000,121000,121000,,,,,132990,,,,,,142990,,,142990,,,,,132990,132990,132990,132990,132990,,132990,132990,132990,142990,,142990,142990,142990,142990,142990,142990,142990,127560,127560,142990,142990,142990,142990,142990,142990,142990,142990,142850,142870,142970,142990,127560
21428693,ASUS PRIME A620M-K 대원씨티에스,117300,117300,117300,117300,117300,117300,117300,117300,117300,,,,,117300,,,,,,117300,,,117300,,,,,117300,117300,117300,117300,117300,,117300,117300,117300,117300,,117300,117300,117300,117300,117300,117300,117300,117300,117300,117300,117300,117300,117300,117300,117300,117300,117300,117300,117300,117300,117300,117300
11574458,ASUS PRIME B550M-A 대원씨티에스,122040,121540,123380,123380,123380,123380,123380,123380,123380,,,,,123380,,,,,,123380,,,123380,,,,,123380,123380,123380,123380,123380,,123380,123380,123380,123490,,123490,123490,123490,123490,123490,123490,123490,123490,123490,123490,123490,123490,123490,123490,123490,123580,123580,123580,123580,123580,123580,123590
105968858,ASUS PRIME B550M-K ARGB STCOM,113890,113890,114380,114380,114390,117930,113940,111180,111180,,,,,111180,,,,,,114430,,,114440,,,,,114430,114430,114430,114430,114430,,114430,114430,114430,114430,,114430,114430,114430,114440,114240,114320,114410,114420,114430,114440,117400,117400,117480,117490,117590,117970,117990,114650,114650,117990,116900,116900
105968849,ASUS PRIME B550M-K ARGB 대원씨티에스,108170,108170,108170,108170,108170,108170,108170,108170,108170,,,,,108170,,,,,,108170,,,108170,,,,,108170,108170,108170,108170,108170,,108170,108170,108170,108170,,108170,108170,108170,108170,108170,108170,108170,108170,108170,108170,108170,108170,108170,108170,108170,108170,108170,108170,108170,108170,108170,108170
18128375,ASUS PRIME B650-PLUS STCOM,339430,332270,332270,332270,332270,332280,332290,332280,332280,,,,,332280,,,,,,339990,,,,,,,,,,,,,,,,,,,,,,,,,,,,,,,,,,,,,,,,
96712895,ASUS PRIME B650EM-A STCOM,147000,147000,147000,147000,147000,147000,147000,147000,147000,,,,,147000,,,,,,147000,,,146990,,,,,146980,146980,146990,146990,146970,,147000,147000,146970,146970,,146970,146970,146970,146970,146970,146980,146980,146980,146980,146980,141490,141490,141490,141490,141490,141490,141490,141490,141490,141490,141490,141490
122723330,ASUS PRIME B650EM-A WIFI-CSM 대원씨티에스,162950,162950,162970,162990,162990,162990,162990,162990,162990,,,,,163030,,,,,,163900,,,163900,,,,,162020,162020,162020,162020,162020,,162020,162020,162020,162030,,163970,163970,163980,163980,163980,163990,163990,163980,163980,163990,163990,163030,163030,163030,163030,163030,163030,163030,163030,163030,163030,163030
97119959,ASUS PRIME B650EM-A 대원씨티에스,144000,144000,144000,143990,143990,143990,143990,143990,143990,,,,,135000,,,,,,135000,,,135000,,,,,135000,135000,135000,135000,135000,,135000,135000,135000,134990,,134990,134990,134990,134960,134970,134990,134990,134990,134990,134990,134990,134990,134990,134990,134990,134990,134990,134990,134990,134990,135000,135000
102004853,ASUS PRIME B650EM-A 인텍앤컴퍼니,158990,158990,158990,158990,158990,159000,159000,144000,144000,,,,,144000,,,,,,144000,,,144000,,,,,135000,135000,135000,135000,135000,,135000,135000,135000,135000,,135000,135000,130500,135000,135000,135000,135000,130500,135000,135000,135000,135000,135000,135000,135000,135000,135000,135000,135000,135000,135000,135000
19163258,ASUS PRIME B650M-A II STCOM,227000,227000,227000,227000,227000,227000,227000,227000,227000,,,,,227000,,,,,,227000,,,227000,,,,,227000,227000,227000,227000,227000,,227000,227000,227000,227000,,227000,227000,227000,227000,227000,227000,227000,227000,227000,227000,227000,227000,226990,226990,226990,226990,226990,226990,226990,226990,226990,226990
19691519,ASUS PRIME B650M-A II 대원씨티에스,134000,134000,134000,134000,134000,134000,134000,134000,134000,,,,,129810,,,,,,129810,,,129810,,,,,129810,129810,129810,129810,129810,,129810,129810,129810,129810,,129810,129810,129810,129810,129810,129810,129810,129810,129810,129810,129810,129810,129810,129810,129810,129810,129810,129810,129810,129810,129810,129810
19429325,ASUS PRIME B760-PLUS STCOM,288000,288000,288000,288000,288000,288000,288000,288000,288000,,,,,288000,,,,,,288000,,,288000,,,,,288000,288000,288000,288000,288000,,288000,288000,288000,288000,,288000,288000,288000,288000,288000,288000,288000,288000,288000,288000,288000,288000,288000,288000,288000,288000,288000,288000,288000,288000,288000,288000
19772519,ASUS PRIME B760-PLUS 인텍앤컴퍼니,279000,279000,279000,279000,279000,279000,279000,279000,279000,,,,,279000,,,,,,279000,,,279000,,,,,279000,279000,279000,279000,279000,,279000,279000,279000,279000,,279000,279000,279000,279000,279000,279000,279000,279000,279000,279000,279000,279000,279000,279000,279000,279000,279000,279000,279000,279000,279000,279000
19756130,ASUS PRIME B760-PLUS 코잇,250250,250250,250250,250250,250250,250250,250250,250250,250250,,,,,246600,,,,,,250250,,,75000,,,,,75000,71300,71200,71200,71300,,75000,75000,75000,75000,,75000,75000,75000,75000,75000,75000,75000,75000,75000,75000,75000,75000,75000,71200,75000,71200,71200,71200,75000,75000,75000,71200
18652898,ASUS PRIME B760M-A D4 STCOM,128870,128660,128660,128680,128680,128870,128870,129000,129000,,,,,126430,,,,,,128500,,,129000,,,,,129000,129000,126900,126900,126900,,126900,127960,129000,126210,,128900,128900,128900,128930,128960,129000,128990,128990,128990,128990,128990,128990,128990,128990,128990,128990,128990,149990,149990,149990,143000,143000
106708949,ASUS PRIME B760M-A D4 코잇,132710,132710,132710,132710,132710,132710,132710,132710,132710,,,,,132710,,,,,,133090,,,133590,,,,,142980,142980,142980,142980,142980,,142980,142980,142980,142980,,142980,142980,142980,142980,142980,142980,142980,142980,142980,142980,142980,142980,142980,142980,142980,142980,142980,143150,143150,143150,143150,143150
99733238,ASUS PRIME B760M-A II 코잇,148300,148300,148300,148300,148300,148300,148300,148300,148300,,,,,148310,,,,,,149530,,,149530,,,,,151440,151440,151450,151450,151450,,151450,151450,151450,151450,,151450,151450,151450,151450,151450,151450,151450,151450,151450,151450,151450,151450,151450,151450,151450,151450,151450,151450,151450,151450,151450,151450
19605602,ASUS PRIME B760M-A STCOM,155840,154300,154290,154310,154310,154320,154320,154320,154320,,,,,152530,,,,,,156000,,,155990,,,,,155980,155980,155980,155980,155980,,155980,155980,155980,155980,,155980,155980,155980,155980,155980,155980,155780,155780,155780,155780,155780,155780,155780,155790,155810,155830,155980,155980,155980,155980,155980,155980
19772375,ASUS PRIME B760M-A 인텍앤컴퍼니,149000,149000,149000,149000,149000,149000,149000,148990,148990,,,,,143800,,,,,,143800,,,144300,,,,,146960,146950,151500,151510,151510,,149450,149220,149330,149330,,149450,149850,149900,149970,150070,150090,149460,149460,150080,150080,150090,150090,150090,150090,150090,150090,150090,150090,150090,150090,150090,150090
19704527,ASUS PRIME B760M-A 코잇,141000,141000,141000,141000,141000,141000,141000,141000,141000,,,,,141000,,,,,,141000,,,141000,,,,,148320,148320,148320,148320,148320,,148320,148320,148320,148320,,148320,148320,148320,148320,148320,148320,148320,148320,148320,148320,148320,148320,148320,148320,148320,148320,148320,148320,148320,148320,148320,148320
18652895,ASUS PRIME B760M-K D4 STCOM,124040,123980,124010,123620,123620,123630,123630,123630,123630,,,,,122210,,,,,,123740,,,123750,,,,,123740,123740,123740,123740,123740,,123740,123740,123740,123740,,124030,124030,124030,124030,124030,124030,124030,124030,124030,124030,124030,124030,124030,124020,124020,124020,124030,134980,134980,134980,134980,134980
18652442,ASUS PRIME B760M-K D4 코잇,123470,123470,123470,123470,123470,123470,123470,123470,123470,,,,,123470,,,,,,124610,,,124610,,,,,130650,130650,130650,130650,130650,,130650,130650,130650,130650,,130650,130650,130650,130650,130650,130650,130650,130650,130650,130650,130650,130650,130650,130650,130650,130650,130650,130650,130650,130650,130650,130650
20710217,ASUS PRIME B760M-K 인텍앤컴퍼니,130890,130890,130890,130890,130890,130890,130890,130890,130890,,,,,130890,,,,,,130890,,,126800,,,,,130900,126800,131270,126800,126800,,126800,131000,131000,129000,,126800,126800,131270,131270,131270,131270,126300,126300,126300,126300,126300,126300,126300,126300,126300,131270,131270,131270,131270,131270,131270,131270
20343650,ASUS PRIME B760M-K 코잇,138600,138600,138600,138600,138600,138600,138600,138600,138600,,,,,158990,,,,,,158990,,,158990,,,,,158990,158990,158990,158990,158990,,158990,158990,158990,158990,,158990,158990,158990,158990,158990,158990,158990,158990,158990,158990,158990,158990,158990,158990,158990,158990,158990,158990,158990,158990,158990,158990
20612690,ASUS PRIME B760M-KS 코잇 (벌크),134710,134710,134710,134710,134710,134710,134710,134710,134710,,,,,134710,,,,,,134710,,,134710,,,,,134710,134710,134710,134710,134710,,134710,134710,134710,134710,,134710,134710,134710,134710,134710,134710,134710,134710,134710,134710,134710,134710,134710,134710,134710,134710,134710,134710,134710,134710,134710,134710
34372580,ASUS PRIME B760M-PLUS-CSM STCOM,225540,225540,225540,225540,225030,225030,224630,224040,224040,,,,,224040,,,,,,226980,,,227380,,,,,227990,227990,227990,227990,227990,,227990,227990,227990,227990,,227990,227990,227990,227990,227990,227990,227990,227990,227990,227990,227990,227990,227990,227990,227990,227990,227990,227990,227990,227990,227990,227990
34810925,ASUS PRIME B760M-PLUS-CSM 인텍앤컴퍼니,169000,169000,169000,169000,174570,169000,169000,169000,169000,,,,,169000,,,,,,169000,,,162000,,,,,162000,162000,162000,162000,162000,,162000,162000,162000,162000,,162000,162000,162000,162000,162000,162000,162000,162000,162000,162000,162000,162000,162000,162000,162000,162000,162000,164000,164000,164000,164000,164000
73769357,ASUS PRIME B840-PLUS WIFI-CSM 대원씨티에스,282720,282720,282720,282720,282720,282720,282720,272800,272800,,,,,272800,,,,,,282720,,,279780,,,,,279780,279780,279780,279780,279780,,279780,279780,279780,279780,,279780,279780,279780,279780,279780,282720,282720,282720,282720,282720,282720,282720,282720,282720,282720,282720,282720,282720,282720,282720,282720,282720
73884143,ASUS PRIME B840M-A WIFI-CSM STCOM,239400,239400,239400,239400,239400,239400,239400,236880,236880,,,,,236880,,,,,,236880,,,236880,,,,,236880,236880,236880,236880,236880,,236880,236880,239400,239400,,239400,239400,239400,239400,239400,239400,239400,239400,239400,239400,239400,251970,251970,251960,251960,251990,239400,239400,239400,236880,239400,239400
73769318,ASUS PRIME B840M-A WIFI-CSM 대원씨티에스,234980,234980,234980,234980,234980,234980,234980,234980,234980,,,,,234980,,,,,,234980,,,234980,,,,,234980,234980,234980,234980,234980,,234980,234980,234980,234980,,234980,234980,234980,234980,234980,234980,234980,234980,234980,234980,234980,234460,234460,234460,234460,234460,234460,234460,234460,234460,234460,234460
73884173,ASUS PRIME B840M-A-CSM STCOM,221350,221350,221350,221350,221350,221350,221350,219020,219020,,,,,219020,,,,,,219020,,,219020,,,,,219020,219020,219020,219020,219020,,219020,219020,221350,221350,,221350,221350,221350,221350,221350,221350,221350,221350,221350,221350,221350,232980,232980,232970,232970,232990,221350,221350,221350,219020,221350,221350
73769342,ASUS PRIME B840M-A-CSM 대원씨티에스,223110,223110,223110,223110,223110,223110,223110,223110,223110,,,,,223110,,,,,,223110,,,223110,,,,,223110,223110,223110,223110,223110,,223110,223110,223110,223110,,223110,223110,223110,223110,223110,223110,223110,223110,223110,223110,223110,223110,223110,223110,223110,223110,223110,223110,223110,223110,223110,223110
74491244,ASUS PRIME B840M-A-CSM 인텍앤컴퍼니,144240,144240,144240,144240,144240,144240,144240,144240,144240,,,,,144240,,,,,,144430,,,144430,,,,,144930,144930,144930,144930,144930,,144930,144930,144930,144930,,144930,144930,144930,144930,144930,144930,144930,144930,144930,144930,144930,144930,144930,144930,144930,144930,144930,144930,144930,144930,144930,144930
95420537,ASUS PRIME B850M-A-CSM STCOM,215990,215990,215990,215990,215990,215990,215990,215990,215990,,,,,199000,,,,,,199000,,,199000,,,,,190500,192900,199000,199000,199000,,199000,199000,192900,199000,,199000,199000,199000,199000,199000,199000,196500,192900,199000,192900,190500,192900,199000,199000,199000,199000,199000,190500,192900,199000,199000,199000
93022751,ASUS PRIME B850M-A-CSM 대원씨티에스,190680,190680,190680,190680,190680,190680,190680,190680,190680,,,,,190680,,,,,,192200,,,192200,,,,,192210,192210,192210,192210,192220,,192780,192780,192780,192780,,192770,192770,192780,192740,192740,192740,192740,192730,192730,192740,192760,192140,192140,192150,192170,192170,192180,192180,192180,192180,192180,192170
101184890,ASUS PRIME B850M-A-CSM 인텍앤컴퍼니,194060,194060,194060,194060,194060,194060,194060,194060,194060,,,,,194060,,,,,,194060,,,194060,,,,,194060,194060,194060,194060,194060,,194060,194060,194060,194060,,194060,194060,194060,194060,194060,194060,194060,194060,194060,194060,194060,194060,194060,194060,194060,194060,194060,194060,194060,194060,194060,194060
74255120,ASUS PRIME B860-PLUS WIFI-CSM STCOM,293900,293900,293830,293870,293890,293990,293990,287760,287760,,,,,284180,,,,,,292580,,,292760,,,,,293980,293980,293980,293980,286490,,288330,281990,308990,308990,,305570,308990,308990,308990,308990,308990,308970,308970,306500,308970,308970,308970,307380,306500,308960,308980,306500,308990,308990,308990,305670,305670
74255327,ASUS PRIME B860-PLUS WIFI-CSM 인텍앤컴퍼니,225870,225870,228794,228794,228794,214000,214000,214000,214000,,,,,214000,,,,,,214000,,,214000,,,,,223459,223459,223459,228794,225870,,225870,225870,225870,225870,,230370,230370,230370,230370,230370,230370,230370,223459,223459,214000,214000,214000,228794,225870,225870,225870,227291,224320,224320,224320,224320,224320
74255114,ASUS PRIME B860-PLUS-CSM STCOM,289800,289800,289800,289800,289800,289800,294000,289800,275000,,,,,266420,,,,,,274980,,,274990,,,,,274980,274980,274990,264540,274990,,274990,274990,294900,294920,,294920,294920,294920,294930,298980,298980,298990,298990,298990,298990,288180,288180,288180,288170,288170,288170,288180,288180,287700,287700,287700,285200
74337014,ASUS PRIME B860-PLUS-CSM 코잇,279330,279330,279330,279330,279330,279330,279330,279330,279330,,,,,275000,,,,,,275000,,,275000,,,,,275000,283450,283450,283460,287940,,287940,287950,288030,288970,,288810,288960,288970,288980,289060,289060,289060,288830,289050,289060,289060,289060,289060,289050,288710,289050,289060,289070,279000,279000,279000,279000
74255033,ASUS PRIME B860M-A WIFI-CSM STCOM,246000,246000,245970,245990,245990,247000,247000,247000,247000,,,,,207690,,,,,,247000,,,246990,,,,,244970,244970,210000,247000,247000,,247000,214000,210750,210750,,207690,207690,207690,207690,207690,207690,207690,207690,214000,214000,210750,207690,207690,207690,207690,207690,207690,214000,209000,214000,214000,214000
74255204,ASUS PRIME B860M-A WIFI-CSM 인텍앤컴퍼니,207590,207600,207600,207600,207600,207670,207670,207670,207670,,,,,207670,,,,,,207670,,,207680,,,,,207680,207680,207680,207680,207680,,207680,207680,207680,207680,,207680,207680,207680,207680,207680,207680,207680,207680,207680,207680,207680,207680,207680,207680,207680,207680,207680,207680,207680,207680,207680,207680
100698416,ASUS PRIME B860M-A WIFI-CSM 코잇,205960,205960,205960,205960,205960,205960,205960,205960,205960,,,,,205960,,,,,,205960,,,205960,,,,,205960,205960,205970,205970,205970,,205970,205970,207000,207000,,207000,207000,207000,207000,207000,207000,207000,207000,207000,207000,207000,207000,207000,207000,207000,207000,207000,207000,207000,207000,207000,207000
74255060,ASUS PRIME B860M-A-CSM STCOM,226900,226840,226850,226870,226890,226990,226990,226990,226990,,,,,189500,,,,,,189500,,,191500,,,,,191500,191500,191500,191500,191500,,191500,191500,191500,191500,,191500,191500,191500,191500,191500,191500,191500,191500,191500,191500,191500,191500,191500,191500,191500,191500,191500,191500,191500,191500,191500,191500
74255321,ASUS PRIME B860M-A-CSM 인텍앤컴퍼니,178990,178990,178990,178990,178990,178990,178990,178990,178990,,,,,178990,,,,,,178990,,,178990,,,,,178990,181690,181690,181700,181700,,181700,181700,181700,181700,,181690,181690,181690,181690,182760,182760,178990,178990,178990,178990,178990,178990,178990,178990,178990,178990,178990,178990,178990,178990,178990,178990
74337680,ASUS PRIME B860M-A-CSM 코잇,178050,178050,178050,178050,178050,178050,178050,178050,178050,,,,,178050,,,,,,178050,,,178050,,,,,178050,178050,178050,178050,178050,,178050,178050,178050,178050,,178050,178050,178050,179590,179590,179590,179590,179590,179590,179590,179590,179590,179590,179590,179590,179590,179590,179590,179590,179590,179590,179590
74255084,ASUS PRIME B860M-K-CSM STCOM,185900,185880,185870,185890,185890,186000,186000,186000,186000,,,,,181780,,,,,,186000,,,186000,,,,,185980,185980,185500,185500,185500,,185500,185500,198990,198990,,198990,198990,198990,198990,198990,198990,198920,198920,198920,198920,198920,198920,198920,198930,198950,198970,198980,198980,198980,198980,198740,198840
6024335,ASUS PRIME H310M-K STCOM,156000,156000,156000,156000,156000,156000,156000,156000,156000,,,,,156000,,,,,,156000,,,156000,,,,,156000,156000,156000,156000,156000,,156000,156000,156000,156000,,156000,156000,156000,156000,156000,156000,156000,156000,156000,156000,156000,156000,156000,156000,156000,156000,156000,156000,156000,156000,156000,156000
16971290,ASUS PRIME H410M-A STCOM,120000,120000,120000,120000,120000,120000,120000,120000,120000,,,,,120000,,,,,,120000,,,120000,,,,,120000,120000,120000,120000,120000,,120000,120000,120000,120000,,120000,120000,120000,120000,120000,120000,120000,120000,120000,120000,120000,120000,120000,120000,120000,120000,120000,120000,120000,120000,120000,120000
28511822,ASUS PRIME H510M-K R2.0 STCOM,117500,117930,117930,117970,117990,118000,116500,114170,114170,,,,,110670,,,,,,115430,,,114000,,,,,116490,116490,116490,116490,116490,,116490,116490,114670,114670,,114670,114670,114670,114670,114670,114670,114670,114670,114670,114670,114670,114670,114680,114680,114730,114750,114760,114760,114760,114760,114760,114760
20027564,ASUS PRIME H510M-K R2.0 인텍앤컴퍼니,300000,300000,300000,300000,300000,300000,300000,300000,300000,,,,,300000,,,,,,300000,,,300000,,,,,300000,300000,300000,300000,300000,,300000,300000,300000,300000,,300000,300000,300000,300000,300000,300000,300000,300000,300000,300000,300000,300000,300000,300000,300000,300000,300000,300000,300000,300000,300000,300000
14005334,ASUS PRIME H510M-K 인텍앤컴퍼니,142100,142100,142100,142100,142100,142100,142100,134850,134850,,,,,134850,,,,,,142100,,,140650,,,,,140650,140650,140650,140650,140650,,140650,140650,140650,140650,,140650,140650,140650,140650,140650,142100,142100,142100,142100,,,,,,,,,,,,,
29393921,ASUS PRIME H610I-PLUS 코잇,194450,190470,190470,190470,190470,190470,190470,190470,190470,,,,,190470,,,,,,190470,,,191960,,,,,200790,200790,200790,200790,200790,,200790,200790,200790,200790,,200790,200790,200790,200790,200790,200790,200790,200790,200790,200790,200790,200790,200790,200790,200790,200790,200790,200790,200790,200790,200790,200790
16103177,ASUS PRIME H610M-A D4 STCOM,106890,104500,104430,104470,104490,106890,106890,107000,107000,,,,,103840,,,,,,106490,,,104500,,,,,104490,104490,104490,104490,104490,,104490,104490,104490,104490,,104490,104490,104490,104490,104490,104490,104500,104490,104500,106980,104690,104690,104690,104290,104390,104680,104690,104690,104690,104690,104690,104690
34739282,ASUS PRIME H610M-CS 2.5G 코잇,112990,112990,112990,112990,112990,112990,112990,112990,112990,,,,,112990,,,,,,112990,,,112990,,,,,112990,112990,112990,112990,112990,,112990,112990,112990,112990,,112990,112990,112990,112990,112990,112990,112990,112990,112990,112990,112990,112990,112990,112990,112990,112990,112990,112990,112990,112990,112990,112990
20344700,ASUS PRIME H610M-CS D4 코잇,75080,75080,75080,75080,75080,75080,75080,75080,75080,,,,,75080,,,,,,75080,,,75080,,,,,80180,80180,80180,80180,80180,,80180,80180,80180,80180,,80180,80180,80180,80180,80180,80180,80180,80180,80180,80180,80180,80180,80180,80180,80180,72000,80180,80180,80180,80180,80180,80180
29942195,ASUS PRIME H610M-D 코잇,108240,108360,108550,108610,108690,108680,110490,108000,108000,,,,,107950,,,,,,110500,,,110500,,,,,110500,110500,110500,110500,108690,,110500,110500,110500,110500,,109480,110490,109500,109500,110500,110500,110500,109490,110490,110500,110500,109500,108540,110490,110490,109490,108540,110500,110500,110500,110500,110490
16103297,ASUS PRIME H610M-E D4 아이보라,161180,161180,161180,161180,161180,161180,157560,157560,157560,,,,,157560,,,,,,157560,,,157560,,,,,157560,157560,157560,157560,157560,,157560,157560,157560,157560,,157560,157560,157560,159370,159370,159370,159370,159370,159370,159370,159370,159370,159370,159370,159370,159370,159370,159370,159370,159370,159370,159370
27572138,ASUS PRIME H610M-E 인텍앤컴퍼니,169990,169990,169990,169990,169990,169990,166170,166170,166170,,,,,166170,,,,,,166170,,,166170,,,,,166170,166170,166170,166170,166170,,166170,166170,166170,166170,,166170,166170,166170,168080,168080,168080,168080,168080,168080,168080,168080,168080,168080,168080,168080,168080,168080,168080,168080,168080,168080,168080
27675110,ASUS PRIME H610M-E 코잇,107790,105540,105540,105540,105540,107790,107790,107790,103940,,,,,103940,,,,,,103950,,,104880,,,,,110130,110130,110130,110130,110130,,110130,110130,110130,110130,,110130,110130,110130,110130,110130,110130,110130,110130,110130,110130,110130,110130,110130,110130,110130,110130,110130,110130,110130,110130,110130,110130
28857623,ASUS PRIME H610M-K ARGB 인텍앤컴퍼니,127000,127000,127000,127000,127000,127000,127000,127000,127000,,,,,127000,,,,,,127000,,,178960,,,,,162350,162350,162350,162350,162350,,162350,162350,162350,162350,,162350,162350,162350,164210,164210,164210,164210,164210,164210,164210,164210,164210,164210,164210,164210,164210,164210,164210,164210,164210,164210,164210
18523409,ASUS PRIME H610M-K D4 아이보라,77400,77400,77400,77400,77400,77400,77400,77390,77390,,,,,76260,,,,,,79530,,,79000,,,,,86450,86450,86450,86450,86450,,86450,86450,86450,86450,,86450,86450,82770,82770,82770,82770,86450,86450,86460,83905,83905,83905,84330,84330,84330,84330,84330,84330,84330,84330,84330,84330
16083650,ASUS PRIME H610M-K D4 인텍앤컴퍼니,76590,73800,76590,76590,76590,76590,76590,76590,76250,,,,,76260,,,,,,76600,,,76600,,,,,77480,77480,77490,77490,77490,,77490,77490,77490,77490,,77490,77490,77490,77840,77840,77840,77840,77840,77840,77840,77840,77840,77840,77840,77840,73900,73900,77840,77840,77840,77840,73900
28857518,ASUS PRIME H610M-K D5 인텍앤컴퍼니,79900,79900,79900,79900,79900,79900,79900,79900,79900,,,,,79900,,,,,,79900,,,79900,,,,,79900,79900,79900,79900,79900,,79900,79900,79900,79900,,79900,79900,79900,79900,79900,79900,79900,79900,79900,79900,79900,79900,79900,79900,79900,79900,79900,79900,79900,79900,79900,79900
74336033,ASUS PRIME H810M-A STCOM,125300,125300,125270,125290,125290,125390,125390,125390,125390,,,,,122530,,,,,,125390,,,125400,,,,,125390,125390,125390,125390,125390,,125390,125390,125390,125390,,125390,125390,125390,125390,130000,133000,129580,129580,129580,129580,129580,129580,129580,129390,129490,129890,129900,129900,129900,129900,129900,129900
74336888,ASUS PRIME H810M-A WIFI STCOM,154000,153980,153970,153990,153990,154990,154990,154990,154990,,,,,151480,,,,,,154980,,,144000,,,,,144000,140050,140050,144000,144000,,144000,144000,144000,144000,,143630,143630,143630,143630,143630,155000,143630,143630,150570,150570,150570,144000,144000,144000,144000,144000,144000,144000,144000,144000,144000,144000
77083238,ASUS PRIME H810M-A WIFI 코잇,137990,137990,137990,137990,137990,137990,137990,137990,137990,,,,,137990,,,,,,137990,,,137990,,,,,137990,137990,137990,137990,137990,,137990,137990,137990,137990,,137990,137990,137990,137990,137990,137990,137990,137990,137990,137990,137990,137990,137990,137990,137990,137990,137990,137990,137990,137990,137990,137990
74336894,ASUS PRIME H810M-A WIFI-CSM STCOM,158000,158000,157970,157990,157990,158990,158990,158990,158990,,,,,155660,,,,,,158980,,,158990,,,,,158980,158980,158980,158980,158980,,158980,158980,158990,158990,,158990,158990,158990,158990,159000,159000,158920,158920,158920,158920,158920,158920,158920,158910,158910,158930,158940,158940,158940,158940,157000,157000
75720068,ASUS PRIME H810M-A 인텍앤컴퍼니,122260,122260,122260,122260,122260,122260,122260,122260,122260,,,,,122260,,,,,,122260,,,122260,,,,,122260,122260,122260,122260,122260,,122260,122260,122260,122260,,122260,122260,122260,122260,122260,122260,122260,122260,122260,122260,122260,122260,122260,122260,122260,122260,122260,122260,122260,122260,122260,122260
77083181,ASUS PRIME H810M-A 코잇,120420,120420,120420,120420,120420,120440,120440,120440,120440,,,,,120440,,,,,,120440,,,120450,,,,,122490,122490,122490,122490,122490,,122980,122980,122980,122980,,122980,122980,122980,122980,122980,122980,122980,122980,122980,122980,122980,122980,122980,122980,122980,122980,122980,122980,122980,122980,122600,122600
74336102,ASUS PRIME H810M-A-CSM STCOM,134990,140180,137990,143980,137990,143990,137990,143990,137810,,,,,140170,,,,,,140180,,,140190,,,,,140180,140180,140180,140180,140180,,140180,140180,140180,140180,,140180,140180,140180,140180,140180,140180,140160,140160,140160,140160,140190,143770,143770,143780,143800,143820,143830,143830,143830,143830,143980,143880
100691990,ASUS PRIME H810M-E 코잇,113170,113170,113170,113170,113170,113170,113170,113170,113170,,,,,113170,,,,,,113170,,,113180,,,,,115190,115190,115190,115190,115190,,115190,115190,115190,115190,,115190,115190,115190,115190,115190,115190,115190,115190,115190,115190,115190,115190,115190,115190,115190,115190,115190,115190,115190,115190,115190,115190
104989499,ASUS PRIME H810M-K STCOM,123900,123900,123870,123890,123890,123990,123990,119800,119800,,,,,119490,,,,,,119500,,,119990,,,,,119980,119980,119980,119980,119980,,119980,119980,119980,119980,,119980,119980,119980,119980,119990,120000,119930,119930,119930,119930,119950,119970,119970,119990,119990,119990,119990,119990,119990,119990,119990,119990
104616128,ASUS PRIME H810M-K 인텍앤컴퍼니,94330,93730,94330,94330,94330,94330,87970,87970,87970,,,,,87970,,,,,,87970,,,87970,,,,,94930,94930,98990,98990,98990,,98990,98990,98990,98990,,98990,98990,98990,99000,104940,104940,104940,104940,104940,104940,104940,104940,104940,104940,104940,104940,111290,111290,111290,111290,111290,111290
108167225,ASUS PRIME H810M-X 2.5G Gen5 코잇,118340,118340,118340,118340,118340,118340,118340,118340,118340,,,,,118340,,,,,,119410,,,119410,,,,,121470,121470,121470,121470,121470,,121470,121470,121470,121470,,121470,121470,121470,121470,121470,121470,121470,121470,121470,121470,121470,121470,121470,121470,121470,121470,118640,118640,118640,118640,118640,118640
67693886,ASUS PRIME X870-P WIFI-CSM STCOM,379590,379410,377930,377970,377990,379590,379590,375950,375950,,,,,346500,,,,,,346500,,,346500,,,,,346500,346500,346500,346500,346500,,408980,408980,408970,408970,,408970,408970,408970,408970,408970,408980,407440,407440,407440,407440,407440,407440,407440,407390,407390,407740,408880,408880,408880,408880,408890,408900
67851653,ASUS PRIME X870-P WIFI-CSM 대원씨티에스,327650,327650,327650,327650,327650,327650,327650,330690,330690,,,,,330690,,,,,,330700,,,330700,,,,,330700,330700,330700,330700,330700,,330700,331880,331880,331880,,331880,331880,331880,331880,331880,331880,331880,331880,331880,331880,331880,331880,331880,331880,331880,331880,331880,331880,331880,331880,331880,331880
67693952,ASUS PRIME X870-P-CSM STCOM,346000,345990,345990,346000,346000,346000,346000,346000,346000,,,,,345980,,,,,,346000,,,346000,,,,,346000,346000,346000,346000,346000,,346000,346000,346000,346000,,346000,346000,346000,346000,346000,346000,346000,346000,346000,346000,346000,346000,346000,346000,346000,346000,346000,346000,346000,346000,323500,323500
67851971,ASUS PRIME X870-P-CSM 대원씨티에스,321000,321000,321000,321000,321000,321000,321000,319540,319540,,,,,319540,,,,,,319540,,,319540,,,,,319540,319540,319540,321000,321000,,321000,321000,321000,321000,,321000,321000,321000,321000,321000,321000,321000,321000,321000,319540,319540,319540,319540,319540,319540,319540,319540,319540,319540,308000,308000,308000
18054881,ASUS PRIME Z790-P WIFI-CSM 코잇,374000,374020,374020,374020,374020,383990,383990,383990,383990,,,,,383990,,,,,,368500,,,368500,,,,,396500,386390,386390,386390,386390,,386390,396500,449650,452930,,452930,452940,387340,398000,386390,386390,386390,386390,386390,386390,386390,386390,386390,386390,386390,386390,386390,386390,386390,386390,386390,386390
18054803,ASUS PRIME Z790-P-CSM 코잇,340180,340180,340180,340180,340180,340180,340180,340180,340180,,,,,340180,,,,,,340180,,,340180,,,,,340180,340180,340180,340180,340180,,340180,340180,340180,340180,,340180,340180,340180,340180,340180,340180,340180,340180,340180,340180,340180,340180,354000,354000,354000,354000,354000,379000,353000,340180,340180,340180
20079008,ASUS PRIME Z790M-PLUS-CSM 코잇,348990,348990,348990,348990,348990,348990,348990,348990,348990,,,,,347650,,,,,,348990,,,348990,,,,,355000,355000,355000,355000,355000,,355000,355000,355000,355000,,355000,355000,355000,355000,355000,355000,355000,355000,355000,355000,355000,355000,355000,355000,355000,355000,355000,355000,355000,355000,355000,355000
69661250,ASUS PRIME Z890-P WIFI-CSM STCOM,406990,406990,406970,406990,406990,407090,407090,407090,407090,,,,,407060,,,,,,410800,,,410810,,,,,410800,410800,410800,410800,410800,,410800,410800,410800,410800,,410800,410800,410800,410800,410800,410800,410740,410740,410740,410740,410740,410740,410740,410750,410770,410790,410800,410800,410800,410800,410800,407980
69656816,ASUS PRIME Z890-P WIFI-CSM 인텍앤컴퍼니,398880,398880,398880,398880,398880,398880,398880,398880,398880,,,,,398880,,,,,,398880,,,398880,,,,,398880,398880,398880,398880,398880,,398880,398880,398880,398880,,398880,398880,398880,398880,398880,398880,398880,398880,398880,398880,398880,398880,398880,398880,398880,398880,398880,398880,398880,398880,398880,398880
69696089,ASUS PRIME Z890-P WIFI-CSM 코잇,375900,375900,375900,375900,375900,375900,375900,375900,375900,,,,,375900,,,,,,375900,,,375900,,,,,386200,383070,386200,386200,386200,,386200,386200,386200,386200,,386200,386200,386200,386200,386200,386200,386200,386200,386200,386200,383250,383250,383250,383250,383250,383250,383250,383250,383250,383250,383250,383250
69661526,ASUS PRIME Z890-P-CSM STCOM,368000,368000,368000,368000,368000,368000,368000,368000,368000,,,,,336330,,,,,,336330,,,336330,,,,,336330,336330,336330,336330,352380,,352380,352380,352380,366990,,366990,366990,366990,366990,366990,367000,368000,368000,368000,368000,368000,368000,368000,368000,368000,368000,368000,368000,368000,368000,368000,368000
69656858,ASUS PRIME Z890-P-CSM 인텍앤컴퍼니,338990,338990,338990,338990,338990,338990,338990,328960,328960,,,,,328960,,,,,,328960,,,328960,,,,,328960,328960,326500,328960,328960,,328960,328960,328960,364450,,367450,370450,370450,370450,364450,367450,370450,370450,370450,370450,370450,370450,370450,370450,370450,370450,370450,370450,370450,370450,356000,356000
69696269,ASUS PRIME Z890-P-CSM 코잇,330220,330220,330220,330220,330220,330220,330220,330220,330220,,,,,330220,,,,,,330220,,,330220,,,,,354210,354210,354210,354210,354210,,354210,354210,355930,355930,,355930,355930,355930,355930,355930,355930,355930,355930,355930,355930,355930,355930,355940,355940,355940,355940,355940,355940,355940,355940,355950,355950
70002455,ASUS PRIME Z890M-PLUS WIFI-CSM STCOM,376000,376000,375950,375990,375990,379000,379000,378990,378990,,,,,369870,,,,,,378980,,,378960,,,,,378980,378980,378980,378980,378980,,378980,378980,378990,378990,,378990,378990,378990,379000,379000,379000,377900,377900,377900,377900,377900,377900,377900,377900,377900,377900,377900,377900,377900,377900,377900,377900
69696464,ASUS PRIME Z890M-PLUS WIFI-CSM 코잇,365320,365320,365320,365320,365320,365320,365320,365320,365320,,,,,365320,,,,,,365320,,,365320,,,,,372630,372630,372630,372630,372640,,372640,372640,372640,372640,,372980,372980,372980,372980,372980,372980,372980,372980,372980,372980,372980,372980,372980,372980,372980,372980,372980,372980,372980,372980,372980,372990
99913676,ASUS PRO WS B850M-ACE SE STCOM,622990,620840,620830,620870,620890,622490,622490,622490,622490,,,,,608110,,,,,,622480,,,622490,,,,,622980,622980,622980,622980,622980,,622980,622980,622980,622980,,622980,622980,622980,622980,622980,622980,608480,608480,608480,608480,608480,608480,608480,608490,608590,608990,609000,609000,609000,623000,623000,623000
32043872,ASUS PRO WS TRX50-SAGE WiFi (해외구매),1721600,1735600,1770600,1567600,1623600,1679600,1728600,1749600,1546600,,,,,1560600,,,,,,1637600,,,1707600,,,,,1658600,1665600,1707600,1763600,1560600,,1672600,1728600,1735600,1742600,,1581600,1623600,1637600,1644600,1686600,1693600,1700600,1742600,1798600,1595600,1651600,1700600,1756600,1553600,1609600,1665600,1721600,1777600,1784600,1791600,1574600,1581600
96259139,ASUS PRO WS TRX50-SAGE WiFi A 아이보라,1463890,1463980,1463980,1464070,1464100,1405050,1405050,1405050,1405050,,,,,1405050,,,,,,1423860,,,1453140,,,,,1370000,1370000,1453140,1453140,1453140,,1453140,1453140,1453140,1453140,,1453140,1453140,1453140,1453140,1453140,1448820,1448840,1448840,1448840,1454170,1454170,1454170,1454170,1454170,1454170,1454170,1454170,1454170,1454170,1454180,1454170,1454170
32126690,ASUS PRO WS TRX50-SAGE WiFi STCOM,1466000,1466000,1465970,1465990,1465990,1443980,1656000,1350000,1658880,,,,,1440000,,,,,,1440000,,,1443990,,,,,1428470,1428470,1428470,1428470,1428470,,1428470,1428470,1443980,1443980,,1443980,1443980,1443980,1443980,1443980,1443980,1439900,1439900,1439900,1439900,1439900,1439900,1439900,1439910,1439910,1439930,1443980,1443980,1443980,1443980,1443980,1443980
32487287,ASUS PRO WS TRX50-SAGE WiFi 대원씨티에스,1396980,1396980,1396980,1396980,1396980,1396980,1396980,1396980,1396980,,,,,1396980,,,,,,1396980,,,1396980,,,,,1396980,1396980,1396980,1396980,1396980,,1396980,1396980,1396980,1396980,,1396980,1396980,1396980,1396980,1396980,1396980,1396980,1396980,1396980,1396980,1396980,1396980,1396980,1396980,1396980,1396980,1396980,1396980,1396980,1396980,1396980,1396980
75465857,ASUS PRO WS TRX50-SAGE WiFi 아이보라,1431280,1431290,1431290,1431290,1431290,1387290,1387290,1387290,1387290,,,,,1387290,,,,,,1387290,,,,,,,,,,,,,,,,,,,,,,,,,,,,,,,,,,,,,,,,
19556732,ASUS PRO WS W680-ACE IPMI STCOM,721980,719430,720950,721460,724980,728000,728000,778630,778630,,,,,731000,,,,,,729990,,,688000,,,,,688000,688000,700500,688000,688000,,688000,701000,701000,701000,,688000,688000,688000,688000,688000,701000,688000,688000,688000,688000,688000,688000,688000,688000,688000,688000,688000,688000,688000,688000,688000,688000
19556996,ASUS PRO WS W680-ACE STCOM,609000,608980,608980,609000,609000,609000,657220,657220,657220,,,,,657220,,,,,,581000,,,598990,,,,,598990,598920,598950,598970,598980,,598980,598980,598960,598960,,598980,598980,598980,598990,598990,599000,599000,598990,598990,599000,599000,599000,599000,596680,596680,596680,599000,599000,599000,599000,599000,598920
25208807,ASUS PRO WS W790-ACE STCOM,1539990,1539970,1539960,1539980,1539980,1539990,1539990,1539990,1539990,,,,,1506780,,,,,,1539990,,,1539570,,,,,1539900,1539930,1539950,1541990,1541990,,1541990,1541990,1541990,1541990,,1541990,1541990,1541990,1541990,1541990,1541990,1541990,1541990,1541990,1541990,1539160,1539160,1539160,1539170,1539170,1539200,1540320,1540320,1540320,1540320,1540320,1540320
25129808,ASUS PRO WS W790E-SAGE SE STCOM,2559020,2559020,2559020,2206570,2206570,2206570,2206570,2206570,2206570,,,,,2206570,,,,,,2164020,,,2164020,,,,,2163990,2163990,2163990,2162990,2162990,,2163990,2163990,2162990,2161990,,2164980,2134990,2143990,2155990,2164980,2149990,2167990,2141990,2165990,2168830,2168830,2168830,2168830,2168860,2168880,2168900,2168910,2168910,2168910,2168910,2168910,2168910
28780247,ASUS PRO WS W790E-SAGE SE 대원씨티에스,2475640,2475640,2475640,2475640,2475640,2475640,2475640,2475640,2475640,,,,,2391720,,,,,,2192260,,,1980000,,,,,1980000,1980000,1980000,1980000,1980000,,1980000,1980000,1980000,1980000,,1980000,1980000,1980000,1980000,1980000,1980000,1980000,1980000,1980000,1980000,1980000,1980000,1980000,1980000,1980000,1980000,1980000,1980000,1980000,1980000,1980000,1980000
75373118,ASUS PRO WS W790E-SAGE SE 아이보라,3000000,3000000,3000000,3000000,3000000,3000000,3000000,3000000,3000000,,,,,3000000,,,,,,2100000,,,2100000,,,,,2100000,2100000,1880000,1880000,1880000,,1880000,1880000,1880000,1880000,,1880000,1880000,1880000,1880000,1880000,1880000,1880000,1880000,1880000,1900000,1900000,1900000,1900000,1900000,1900000,1900000,1900000,1900000,1900000,1900000,1900000,1900000
33363434,ASUS PRO WS W790E-SAGE SE 코잇,1929000,1929000,1929000,1929000,1929000,1929000,1929000,1929000,1929000,,,,,1929000,,,,,,1929000,,,1929000,,,,,1929000,1929000,1929000,1929000,1929000,,1929000,1929000,1929000,1929000,,1929000,1929000,1929000,1929000,1929000,1929000,1929000,1929000,1929000,1929000,1929000,1929000,1929000,1929000,1929000,1929000,1929000,1929000,1929000,1929000,1929000,1929000
92687522,ASUS PRO WS W880-ACE SE STCOM,783990,795940,790980,795970,795990,786090,845250,845250,845250,,,,,786500,,,,,,786120,,,786380,,,,,786890,786890,776990,756990,776990,,766990,784490,786890,786890,,786890,786890,786890,786890,786890,786900,786930,780000,780000,787000,787000,787000,787000,787000,787000,787000,787000,787000,787000,787000,787000,787000
122701088,ASUS PRO WS W880-ACE SE 아이보라,746500,746500,746500,746500,746500,746500,746500,768830,768830,,,,,768830,,,,,,768830,,,768830,,,,,748260,,,,,,,,,,,,,,,,,,,,,,,,,,,,,,,,
122718531,ASUS PRO WS W890-SAGE STCOM,1569990,1569990,1569990,1570000,1570000,1570490,1570490,1570490,1570490,,,,,1551720,,,,,,1570500,,,1570500,,,,,1572620,1586380,1586380,1586380,1586380,,1586380,1586380,1586380,1586380,,1586380,1586380,1586380,1586380,1586380,1586380,1586380,1586380,1586380,1586380,1586380,1586380,1586380,1586380,1586380,1586380,1586380,1586380,1586380,1586380,1586380,1586380
123775341,ASUS PRO WS W890-SAGE 아이보라,1579980,1579980,1579980,1579980,1579980,1579980,1579980,1579980,1579980,,,,,1579980,,,,,,1579990,,,1589990,,,,,1589990,1589990,1590000,1590000,1590000,,1590000,1590000,1590000,1590000,,1590000,1590000,1590000,1590000,1610000,1610000,1610000,1610000,1610000,1610000,1610000,1610000,1610000,1586380,1586380,1586380,1586380,1586380,1586380,1586390,1586390,1586390
122621970,ASUS PRO WS W890E-SAGE SE STCOM,2433990,2430000,2430000,2430000,2430000,2435000,2435000,2435000,2435000,,,,,2351620,,,,,,2435000,,,2434990,,,,,2435000,2451990,2451990,2451990,2432820,,2451990,2451990,2449000,2449000,,2449000,2449000,2449000,2452000,2452000,2452000,2445430,2445430,2445430,2445430,2445430,2445430,2445430,2445430,2445440,2445450,2451990,2451990,2451990,2451990,2398670,2398670
122718845,ASUS PRO WS W890E-SAGE SE 아이보라,2399780,2399780,2399780,2399780,2399780,2399780,2399780,2399780,2399780,,,,,2399780,,,,,,2399780,,,2399790,,,,,2399790,2399790,2399790,2399790,2399790,,2399790,2399790,2399790,2399790,,2399790,2399790,2399790,2399790,2372150,2372150,2372150,2372150,2372150,2372150,2372150,2372150,2372150,2372150,2372150,2372150,2372150,2372150,2372150,2372150,2372150,2372150
38347157,ASUS PRO WS WRX90E-SAGE SE STCOM,2205000,2199960,2199930,2199970,2199990,2205000,2182000,2182000,2182000,,,,,2182000,,,,,,2182000,,,2182000,,,,,2182000,2169490,2169500,2182000,2170000,,2182000,2030820,2100000,2100000,,2047900,2047900,2047900,2047900,2047900,2059920,2059920,2059920,2083960,2083960,2083960,2083960,2083960,2083960,2083960,2083960,2083960,2083960,2083960,2083960,2094550,2094550
45257993,ASUS PRO WS WRX90E-SAGE SE 대원씨티에스,2081280,2081280,2081280,2081280,2081280,2081280,2081280,2081280,2081280,,,,,2083960,,,,,,2072550,,,2081350,,,,,2081410,2081410,2081410,2081410,2081410,,2033320,2030820,2030820,2030820,,2047900,2047900,2047900,2047900,2047900,2047900,2047890,2047890,2081410,2081410,2081410,2081410,2081410,2081430,2081450,2081450,2081450,2081450,2081450,2081450,2081460,2081470
77382695,ASUS PRO WS Z890-ACE SE STCOM,858000,857980,857970,857990,857990,871000,877000,,,,,,,,,,,,,,,,,,,,,,,,,,,,,,,,,,,,,,,,,,,,,,,,,,,,,
96426692,ASUS Pro H610T-CSM D5 코잇 (벌크) (120W 어댑터 포함),201590,204590,204590,201590,201590,201590,201590,204590,204590,,,,,201590,,,,,,204590,,,202390,,,,,202390,202390,202390,202390,202390,,202390,202390,202390,202390,,202390,202390,202390,202390,202390,204590,201590,201590,201590,204590,204590,201590,201590,201590,201590,204590,204590,201590,201590,201590,201590,204590
96426704,ASUS Pro H610T-CSM D5 코잇 (벌크) (어댑터 미포함),175760,175760,175760,175760,175760,175760,175760,175760,175760,,,,,175760,,,,,,175760,,,173870,,,,,174320,174350,174450,174560,174680,,174930,175040,175070,175170,,175310,175390,175480,175620,175670,175760,175760,175760,175760,175760,175760,175760,175760,175760,175760,175760,175760,175760,175760,175760,175760,175760
17193002,ASUS Pro H610T/CSM D4 코잇 (벌크) (120W 어댑터),203020,205520,205520,203020,203020,203020,203020,205520,205520,,,,,203020,,,,,,205520,,,203310,,,,,203310,203310,203310,203310,203310,,203310,203310,203310,203310,,203310,203310,203310,203310,203310,205520,205520,205520,205520,205520,203020,203020,203020,203020,205520,205520,205520,205520,203020,203020,203020,203020
17192960,ASUS Pro H610T/CSM D4 코잇 (벌크) (기본),175760,175760,175760,175760,175760,175760,175760,175760,175760,,,,,173990,,,,,,173990,,,173870,,,,,173870,173870,173870,173870,173870,,173870,173870,173870,173870,,173870,173870,173870,173870,173900,173990,173990,173990,173990,173990,173990,173990,173990,173990,173990,173990,173990,173990,173990,173990,173990,173990
103414778,ASUS Pro H810T-CSM (120W 어댑터 포함),209240,209240,209240,209240,209240,209240,209240,209240,209240,,,,,209240,,,,,,209240,,,207120,,,,,207720,207760,207860,207980,208100,,208250,208360,208450,208550,,208690,208770,208860,209000,209150,209240,209240,209240,209240,209240,209240,209240,209240,209240,209240,209240,209240,209240,209310,209330,209430,209550
103414784,ASUS Pro H810T-CSM (180W 어댑터 포함),216420,216420,216420,216420,216420,216420,216420,216420,216420,,,,,216420,,,,,,216420,,,216580,,,,,216980,217000,217100,217220,217340,,217590,217700,217730,217830,,217970,218050,218140,218280,218430,218540,218540,218540,218540,218540,218540,218540,218540,218540,218540,218540,218540,218540,218540,218540,218540,218590
103414754,ASUS Pro H810T-CSM (어댑터 미포함),178470,178470,178470,178470,178470,178470,178470,178470,178470,,,,,178470,,,,,,178470,,,178470,,,,,178470,178470,178470,178470,178470,,178470,178470,178470,178470,,178470,178470,178470,178470,178470,178470,178470,178470,178470,178470,178470,178470,178470,178470,178470,178470,178470,178470,178470,178470,178470,178470
122670803,ASUS ProArt B850-CREATOR WIFI NEO STCOM,379000,379000,379000,379000,379000,379000,379000,379000,379000,,,,,379000,,,,,,403210,,,403210,,,,,403210,403210,403210,403210,403210,,403210,403210,403210,403210,,403200,403200,403200,407510,379000,379000,379000,379000,379000,378980,378980,378980,378980,377860,377860,377870,378980,378980,378980,378980,378980,378980
122641599,ASUS ProArt B850-CREATOR WIFI NEO 대원씨티에스,367230,367230,367230,367230,367230,367230,367230,367230,367230,,,,,367230,,,,,,368130,,,369940,,,,,369940,369940,369940,369940,369950,,371490,371500,371500,372050,,372050,372050,372050,372050,374890,372060,374890,374890,374890,374890,379000,379000,379000,379000,379000,379000,372060,372050,372050,372050,372050,372050
122663533,ASUS ProArt B850-CREATOR WIFI NEO 인텍앤컴퍼니,368610,367170,368610,368610,368610,368610,368610,368610,368610,,,,,368610,,,,,,368620,,,357120,,,,,355740,355740,370590,370590,370590,,370590,370590,370590,370590,,370590,370590,370590,370590,370590,370590,370590,370590,370590,370590,370590,370590,370590,370590,370590,370590,370590,370590,370590,370590,370590,370590
67694132,ASUS ProArt X870E-CREATOR WIFI STCOM,768000,768000,767970,767990,767990,768000,768000,760810,760810,,,,,742120,,,,,,766000,,,766500,,,,,730000,730000,769000,769000,769000,,769000,769000,769000,769000,,769000,769000,769000,769000,769000,769000,769000,769000,769000,769000,769000,769000,769000,769000,769000,769000,769000,769000,769000,769000,769000,769000
67852106,ASUS ProArt X870E-CREATOR WIFI 대원씨티에스,744020,744020,744020,744030,744030,744030,744030,744030,744030,,,,,744030,,,,,,744030,,,744030,,,,,744030,740950,751180,751180,751180,,751180,751180,751180,744030,,751180,751180,751180,751180,751180,751180,751180,751180,751180,751180,751180,751180,751180,751180,751180,751180,751180,751180,751180,751180,751180,751180
70001147,ASUS ProArt Z890-CREATOR WIFI STCOM,828800,828790,828790,828800,828800,828840,828840,828840,828840,,,,,822330,,,,,,841990,,,842000,,,,,770400,854000,854000,854000,854000,,854000,850990,853990,853990,,853990,853990,853990,853990,853990,815000,815000,815000,815000,815000,815000,815000,815000,815000,815000,815000,815000,815000,815000,815000,815000,815000
69696563,ASUS ProArt Z890-CREATOR WIFI 코잇,837620,837620,837620,837620,837620,837620,837620,837620,837620,,,,,837620,,,,,,837620,,,837620,,,,,843940,843960,843980,843980,817200,,817200,829600,829600,829600,,829600,829600,829600,829600,829600,829600,829600,829600,829600,829600,817200,817200,817200,817200,817200,817200,817200,810600,810600,810600,811670,811670
122690875,ASUS ROG CROSSHAIR 2006 STCOM,1244960,1244960,1244960,1244960,1244960,1244960,1244960,1244960,1244960,,,,,1228840,,,,,,1244960,,,1244970,,,,,1244970,1244960,1244960,1244960,1244960,,1244960,1244960,1244960,1244960,,1244960,1244960,1244960,1244970,1244970,1244970,1244960,1244960,1244960,1244960,1222990,1222990,1222990,1222990,1222990,1222990,1222990,1222990,1222990,1222990,1223000,1223000
123651170,ASUS ROG CROSSHAIR 2006 대원씨티에스,1245390,1245390,1245390,1245390,1245390,1245390,1245390,1245390,1245390,,,,,1245390,,,,,,1245390,,,1245390,,,,,1245390,1245390,1245390,1245390,1245390,,1245390,1245390,1245390,1245390,,1245390,1245390,1245390,1245390,1245390,1245390,1245390,1245390,1245390,1245390,,,,,,,,,,,,
122705643,ASUS ROG CROSSHAIR 2006 인텍앤컴퍼니,1189050,1189050,1189050,1189050,1189050,1189050,1189050,1189050,1189050,,,,,1189050,,,,,,1189050,,,1177840,,,,,1170460,1170460,1170460,1195310,1195310,,1195310,1195310,1195310,1195310,,1195310,1195310,1195310,1195310,1195310,1195310,1195310,1195310,1195310,1195310,1195310,1195310,1195310,1195310,1195310,1195310,1195310,1195310,1195310,1170460,1170460,1170460
12701975,ASUS ROG CROSSHAIR VIII DARK HERO STCOM,750000,750000,750000,750000,750000,750000,750000,750000,750000,,,,,750000,,,,,,750000,,,750000,,,,,750000,750000,750000,750000,750000,,750000,750000,750000,750000,,750000,750000,750000,750000,750000,750000,750000,750000,750000,750000,750000,750000,750000,750000,750000,750000,750000,750000,750000,750000,750000,750000
92971469,ASUS ROG CROSSHAIR X870E APEX STCOM,970150,937490,947470,947520,965010,967600,970190,938460,955960,,,,,916230,,,,,,950950,,,950090,,,,,965100,965100,965100,965100,965100,,965100,965100,967610,972600,,956480,946490,948990,956490,958990,973990,967000,949510,952010,954510,955340,955340,955340,955340,955340,964000,984000,998480,1018480,1020320,1020320,1020320
93019088,ASUS ROG CROSSHAIR X870E APEX 대원씨티에스,958500,958500,958500,958500,958500,958500,871500,871500,871500,,,,,833490,,,,,,833480,,,798990,,,,,799000,799000,799000,799000,799000,,799000,799000,799000,799000,,799000,799000,799000,799000,799000,799000,799000,799000,799000,799000,799000,799000,799000,799000,799000,799000,799000,799000,799000,799000,799000,799000
104554913,ASUS ROG CROSSHAIR X870E DARK HERO STCOM,1151140,1151140,1151060,1151100,1151120,1151130,1151130,1151130,1151130,,,,,1115700,,,,,,1115700,,,1115700,,,,,1115700,1115700,1115700,1115700,1115700,,1115700,1115700,1115700,1115700,,1115700,1115700,1115700,1115700,1115700,1115700,1151130,1151130,1151130,1151130,1153250,1159080,1159080,1159090,1159190,1159590,1159600,1099000,1099000,1099000,1099000,1099000
104989463,ASUS ROG CROSSHAIR X870E DARK HERO 대원씨티에스,1054580,1060520,1062410,1062450,1063820,1063820,1063820,1050180,1050180,,,,,1050180,,,,,,1050180,,,1050680,,,,,1051160,1051160,1051160,1051160,1051160,,1051160,1051160,1051160,1051160,,1051160,1051160,1051160,1051160,1051170,1051180,1053660,1051180,1053660,1053670,1053670,1051170,1051170,1051180,1051180,1051180,1051180,1051180,1051180,1051180,1051180,1051180
93018986,ASUS ROG CROSSHAIR X870E EXTREME STCOM,1470510,1470000,1470000,1470000,1470000,1470630,1470690,1470700,1470700,,,,,1449320,,,,,,1473400,,,1473640,,,,,1387000,1611790,1498990,1498990,1498990,,1498990,1498990,1498990,1498990,,1498990,1498990,1498990,1498490,1498480,1498480,1490000,1490000,1490000,1490000,1466500,1466500,1466500,1466500,1466500,1466500,1466500,1466500,1466500,1466500,1466500,1466500
93022430,ASUS ROG CROSSHAIR X870E EXTREME 대원씨티에스,1474790,1474790,1474790,1474790,1474790,1474790,1474790,1474790,1499000,,,,,1449000,,,,,,1439000,,,1449000,,,,,1449000,1441500,1441500,1441500,1446500,,1441500,1446500,1449000,1449000,,1449000,1449000,1449000,1449000,1449000,1449000,1436500,1449000,1449000,1449000,1449000,1449000,1449000,1449000,1449000,1449000,1449000,1449000,1449000,1449000,1449000,1449000
97476398,ASUS ROG CROSSHAIR X870E HERO BTF STCOM,1122780,1097040,1097070,1097130,1097150,1097160,1097160,1097160,1097160,,,,,1097140,,,,,,1123980,,,1123990,,,,,1123980,1123980,1123980,1123980,1117550,,1123980,1123980,1123980,1123980,,1123980,1123980,1123980,1123980,1123980,1124000,1120660,1120660,1120660,1120660,1120680,1120700,1120700,1120730,1120750,1120780,1123980,1123980,1123980,1123980,1123980,1123980
67694456,ASUS ROG CROSSHAIR X870E HERO STCOM,1028680,1028680,1028670,1015660,1015660,1015660,1015660,1015660,1015660,,,,,1015670,,,,,,1017610,,,1017620,,,,,1017610,1017610,1017620,1017620,1017620,,1017620,1017620,1017620,1017620,,1028690,1028690,1028690,1028690,1028690,1028690,1040000,1040000,1040000,1040000,1040000,1040000,1040000,1040000,1040000,1040000,1040000,1040000,1040000,1040000,1040000,1039990
67852211,ASUS ROG CROSSHAIR X870E HERO 대원씨티에스,1357700,1357700,1357700,1357700,1357700,1357700,1357700,1357700,1357700,,,,,1357700,,,,,,1357700,,,1040000,,,,,1040000,1040000,1040000,1040000,1040000,,1040000,1040000,1040000,1040000,,1040000,1040000,1040000,1040000,1040000,1040000,1040000,1040000,1040000,1040000,1040000,1040000,1040000,1040000,1040000,1040000,1040000,1040000,1040000,1011020,1011150,1011290
77460956,ASUS ROG CROSSHAIR X870E HERO 인텍앤컴퍼니,956240,943880,953870,953870,951700,924880,924980,924990,923990,,,,,919190,,,,,,919190,,,919190,,,,,923340,923340,923350,923350,923350,,923350,923350,923350,929030,,998940,998940,998940,949010,1040000,1040000,1130350,1130350,1130350,1066440,1100350,1100350,1073830,1073830,1073830,1073830,1040000,1040000,1040000,1040000,972000,972000
13875599,ASUS ROG MAXIMUS XIII APEX 인텍앤컴퍼니,650000,650000,650000,650000,650000,650000,650000,650000,650000,,,,,650000,,,,,,650000,,,650000,,,,,650000,650000,650000,650000,650000,,650000,650000,650000,650000,,650000,650000,650000,650000,650000,650000,650000,650000,650000,650000,650000,650000,650000,650000,650000,650000,650000,650000,650000,650000,650000,650000
16285538,ASUS ROG MAXIMUS Z690 EXTREME GLACIAL STCOM,3500000,3500000,3500000,3500000,3500000,3500000,3500000,3500000,3500000,,,,,2994000,,,,,,2994000,,,2994000,,,,,2994000,2994000,2994000,2994000,2994000,,2994000,2994000,2994000,2994000,,2994000,2994000,2994000,2994000,2994000,2994000,2994000,2994000,2994000,2994000,2994000,2994000,2994000,2994000,2994000,2994000,2994000,2994000,2994000,2994000,2994000,2994000
15673778,ASUS ROG MAXIMUS Z690 EXTREME GLACIAL 아이보라,3264000,3264000,3264000,3264000,3264000,3264000,3264000,3162000,3162000,,,,,3162000,,,,,,3264000,,,3230000,,,,,3230000,3230000,3230000,3230000,3230000,,3230000,3230000,3230000,3230000,,3230000,3230000,3230000,3230000,3230000,3264000,3264000,3264000,3264000,3264000,3264000,3264000,3264000,3264000,3264000,3264000,3264000,3264000,3264000,3264000,3264000,3264000
28803482,ASUS ROG MAXIMUS Z790 APEX ENCORE STCOM,898000,898000,897990,897990,897990,898000,898000,897990,897990,,,,,876690,,,,,,897990,,,897550,,,,,897880,897930,897930,897990,897990,,897990,897990,897990,897990,,897990,897990,897990,897990,897990,898000,898000,897990,897990,897990,897990,897990,897990,895540,895540,895550,897990,897990,897990,897990,897990,897990
18169316,ASUS ROG MAXIMUS Z790 HERO (해외구매),1541000,1541000,1541000,1541000,1541000,1541000,1541000,1491000,1491000,,,,,1491000,,,,,,1541000,,,1541000,,,,,1541000,1541000,1541000,1541000,1541000,,1541000,1541000,1541000,1541000,,1541000,1541000,1541000,1541000,1541000,1541000,1541000,1541000,1541000,1541000,1541000,1541000,1541000,1541000,1541000,1541000,1541000,1541000,1541000,1541000,1541000,1541000
18059849,ASUS ROG MAXIMUS Z790 HERO STCOM,1444980,1444980,1444980,1444980,1444980,1444980,1444980,1444980,1444980,,,,,1444980,,,,,,1444980,,,1444980,,,,,1186000,1186000,1186000,1186000,1186000,,1186000,1186000,1186000,1186000,,1186000,1186000,1186000,1186000,1186000,1186000,1186000,1186000,1186000,1186000,1186000,1186000,1186000,1186000,1186000,1186000,1186000,1186000,1186000,1186000,1186000,1186000
18254819,ASUS ROG MAXIMUS Z790 HERO 코잇,1038490,1038490,1038490,1038490,1038490,1038490,1038490,1038490,1038490,,,,,1038490,,,,,,1038490,,,1038490,,,,,1038490,1038490,1038490,1038490,1038490,,1038490,1038490,1038490,1038490,,1038490,1038490,1038490,1038490,1038490,1038490,1038490,1038490,1038490,1038490,1038490,1038490,1038490,1038490,1038490,1038490,1038490,1038490,1038490,1038490,1038490,1038490
69661643,ASUS ROG MAXIMUS Z890 APEX STCOM,746000,745990,745990,746000,746000,748980,748980,748980,748980,,,,,731440,,,,,,748980,,,748980,,,,,799000,799000,799000,799000,799000,,799000,799000,799000,799000,,799000,799000,799000,799000,799000,799000,799000,799000,799000,799000,799000,799000,799000,799000,799000,799000,799000,799000,799000,799000,759050,745870
69566399,ASUS ROG MAXIMUS Z890 APEX 인텍앤컴퍼니,724350,724350,724350,724350,724350,724350,724350,724350,724350,,,,,724350,,,,,,724350,,,724350,,,,,836380,836380,836380,836380,836380,,836380,836380,836380,836380,,836380,836380,836380,836380,836380,836380,836380,836380,836380,836380,836380,780910,780910,780910,780910,780910,780910,780910,780910,780910,836380,836380
69696602,ASUS ROG MAXIMUS Z890 APEX 코잇,729610,729610,729610,729610,729610,729610,729610,729610,729610,,,,,699000,,,,,,699000,,,699000,,,,,729610,729610,729610,729610,729610,,729610,729610,729610,729610,,729610,729610,729610,729610,729610,729610,729610,729610,729610,729610,644620,729610,729610,729610,729610,729610,729610,729610,729610,729610,729610,729610
69696641,ASUS ROG MAXIMUS Z890 EXTREME 코잇,1907000,1739000,1754000,1778000,1802000,1826000,1850000,1862000,1883000,,,,,1808000,,,,,,1778000,,,1808000,,,,,1748000,1751000,1769000,1793000,1817000,,1865000,1889000,1892000,1895000,,1763000,1781000,1787000,1790000,1799000,1817000,1838000,1853000,1877000,1901000,1751000,1772000,1796000,1820000,1844000,1868000,1892000,1742000,1766000,1787000,1808000,1832000
69661799,ASUS ROG MAXIMUS Z890 HERO STCOM,1192320,1192320,1192320,1192320,1192320,1192320,1192320,1155060,1155060,,,,,1155060,,,,,,1192320,,,1179900,,,,,1054280,1179900,1034990,1034990,1034990,,1034990,1034990,1034990,1034990,,1034990,1034990,1034990,1034990,1034990,998000,998000,998000,998000,998000,998000,998000,998000,998000,997990,997990,997990,997990,997990,997990,997990,997990
69566996,ASUS ROG MAXIMUS Z890 HERO 인텍앤컴퍼니,935000,935000,935000,935000,935000,935000,935000,935000,910530,,,,,924770,,,,,,934990,,,933150,,,,,933430,933450,933550,933660,933780,,934020,934140,934170,934480,,934620,934700,934790,904930,934990,934990,934990,934990,934990,934990,934990,934990,934990,934990,934990,934990,934990,934990,934990,934990,934990,934990
69696719,ASUS ROG MAXIMUS Z890 HERO 코잇,905500,905500,905500,905500,905500,897980,905500,905500,905500,,,,,905500,,,,,,911180,,,911180,,,,,935180,935180,935180,935190,1026830,,1026840,1026840,1026840,1026840,,1026840,1026840,1026840,1026860,997900,935000,935000,935000,935000,935000,935000,935000,935000,935000,935000,935000,935000,935000,935000,935000,935000,935000
13924805,ASUS ROG STRIX B560-A GAMING WIFI STCOM,500000,500000,500000,500000,500000,500000,500000,500000,500000,,,,,500000,,,,,,500000,,,500000,,,,,500000,500000,500000,500000,500000,,500000,500000,500000,500000,,500000,500000,500000,500000,500000,500000,500000,500000,500000,500000,500000,500000,500000,500000,500000,500000,500000,500000,500000,500000,500000,500000
18044567,ASUS ROG STRIX B650-A GAMING WIFI STCOM,364000,364000,364000,364000,364000,364000,364000,364000,364000,,,,,364000,,,,,,364000,,,364000,,,,,364000,364000,364000,364000,364000,,364000,364000,364000,364000,,364000,364000,364000,364000,364000,364000,364000,364000,364000,364000,364000,364000,364000,364000,364000,364000,364000,364000,364000,364000,364000,364000
18021842,ASUS ROG STRIX B650-A GAMING WIFI 대원씨티에스,302150,302150,302150,302150,302150,300950,300950,300950,300950,,,,,300950,,,,,,302150,,,298900,,,,,298900,298900,296920,296920,296920,,296920,296920,296920,296920,,289950,289950,289950,285230,301990,302080,292080,292080,292080,285230,285230,285230,285230,285230,285230,285230,285230,285230,285230,285230,285240,285240
18044582,ASUS ROG STRIX B650E-E GAMING WIFI STCOM,476500,476500,476500,476500,476500,476500,476500,476500,476500,,,,,476500,,,,,,476500,,,476500,,,,,476500,476500,476500,476500,476500,,476500,476500,476500,476500,,476500,476500,349730,349730,349730,349730,349730,349730,349730,476500,476500,476500,476500,476500,476500,476500,476500,476500,476500,476500,476500,476500
18265715,ASUS ROG STRIX B650E-F GAMING WIFI 대원씨티에스,593000,593000,593000,593000,593000,593000,593000,593000,593000,,,,,593000,,,,,,593000,,,593000,,,,,593000,593000,593000,593000,593000,,593000,593000,593000,593000,,593000,593000,593000,593000,567510,593000,,,,,,,,,,,,,,,,
19903481,ASUS ROG STRIX B760-G GAMING WIFI 코잇,219230,219230,219230,219230,219230,219230,219230,219230,219230,,,,,219230,,,,,,219250,,,221010,,,,,228470,228470,228470,228470,228470,,228470,228470,228470,228470,,228480,228480,228480,228480,228480,228480,228480,228480,228480,228480,228480,228480,228480,228480,228480,228480,228480,228480,228480,228480,228480,228480
18662789,ASUS ROG STRIX B760-I GAMING WIFI STCOM,398990,389550,392550,392970,395990,398990,399000,386550,392550,,,,,386550,,,,,,386550,,,385330,,,,,397970,397970,391870,382330,376330,,379330,391870,382330,385330,,379330,385330,391880,382000,394000,400000,400000,400000,400000,400000,400000,400000,400000,400000,400000,400000,400000,400000,400000,400000,400000,400000
18716924,ASUS ROG STRIX B760-I GAMING WIFI 코잇,376990,376990,376990,376990,376990,376990,376990,376990,376990,,,,,376970,,,,,,376970,,,376970,,,,,389000,389000,376980,376980,263890,,376980,376980,376980,376980,,376980,376980,376980,376980,381150,381150,381150,381150,381150,381150,381150,381150,381150,381150,381150,381150,381150,381150,376980,376980,376980,376980
73883867,ASUS ROG STRIX B850-A GAMING WIFI STCOM,374590,374400,365620,365640,365640,365650,365650,365660,365660,,,,,365690,,,,,,374980,,,374420,,,,,376160,378660,373660,373670,373670,,373670,373670,373670,372820,,372830,376980,376980,376980,376980,376980,376960,376960,374490,376960,376960,376960,375320,376950,376910,376970,384490,408980,408980,408980,408980,408980
73764137,ASUS ROG STRIX B850-A GAMING WIFI 대원씨티에스,416270,416270,416270,411270,416270,418770,409610,414610,414610,,,,,417110,,,,,,411270,,,411770,,,,,411770,414270,414270,414270,411770,,414270,411770,414270,414270,,414270,414270,411770,411770,408760,408770,411270,416270,411270,413770,416270,418770,408770,413770,408770,416270,418770,418770,418770,408770,411270,413770
78099548,ASUS ROG STRIX B850-A GAMING WIFI 인텍앤컴퍼니,408990,408990,408990,408990,408990,408990,408990,408990,408990,,,,,408990,,,,,,408990,,,408990,,,,,408990,408990,408990,408990,408990,,408990,408990,408990,408990,,408990,408990,408990,408990,408990,408990,408990,408990,408990,408990,408990,408990,408990,408990,408990,408990,408990,408990,408990,408990,408990,408990
122670765,ASUS ROG STRIX B850-A GAMING WIFI7 NEO STCOM,400190,399140,399140,399140,399140,399140,399140,399150,399150,,,,,389000,,,,,,389000,,,389000,,,,,389000,389000,400190,400190,400190,,400190,400190,400190,400190,,400190,400190,400190,400190,400190,400190,399900,399900,399900,399900,399900,399900,399900,399900,399900,399900,399900,384000,384000,384000,384000,384000
122642245,ASUS ROG STRIX B850-A GAMING WIFI7 NEO 대원씨티에스,375580,375580,375580,375580,375580,375600,375600,375610,376500,,,,,376500,,,,,,382200,,,379250,,,,,384390,384390,384400,384410,384410,,384410,384410,384410,384410,,384410,384410,384410,384410,384410,384410,384410,384410,384410,384410,384410,384410,384410,384410,384410,384410,384410,384410,384410,384410,384410,384410
122663567,ASUS ROG STRIX B850-A GAMING WIFI7 NEO 인텍앤컴퍼니,392630,392630,392630,392630,392630,392630,392630,392630,392630,,,,,392630,,,,,,392630,,,388368,,,,,382450,382450,376920,376920,376920,,376920,376920,380930,380930,,380930,380930,380930,380930,380930,380930,380930,381560,380930,380930,381680,388330,388330,388330,388330,388330,380930,380930,380930,376920,380240,380240
77618858,ASUS ROG STRIX B850-E GAMING WIFI STCOM,518240,510870,508240,510880,510900,510910,510910,510910,508430,,,,,507780,,,,,,516080,,,518590,,,,,518580,518580,518590,518590,518590,,518590,518590,518590,518590,,522480,522480,522480,522480,522480,522480,512410,512410,512410,512410,512430,512450,512450,512470,512490,512490,520000,540790,540790,540790,545800,546990
73767836,ASUS ROG STRIX B850-E GAMING WIFI 대원씨티에스,510350,510350,510350,508460,508460,508460,508460,508470,508470,,,,,513440,,,,,,513610,,,514940,,,,,511920,511920,511920,511940,511990,,511990,512010,510120,510110,,512130,512190,512200,512210,514720,522460,534960,534960,534960,527470,529970,532460,534970,534970,534970,537220,537220,537220,537220,537220,537220,537220
77460890,ASUS ROG STRIX B850-E GAMING WIFI 인텍앤컴퍼니,519940,547290,547290,547290,547290,547290,547290,509530,509530,,,,,509530,,,,,,528990,,,528990,,,,,528990,528990,528990,528990,473950,,528990,528990,528990,528990,,395010,395010,395010,395010,395010,395010,395010,395010,395010,395010,395010,395010,395010,382471,374860,374860,367700,367700,367700,363830,367050,367050
73883918,ASUS ROG STRIX B850-F GAMING WIFI STCOM,390380,384420,384410,384430,384430,384440,384440,384440,384440,,,,,384500,,,,,,390370,,,390380,,,,,390400,390400,390400,390400,390400,,390400,390400,390410,390410,,398940,398970,398980,398980,398990,399000,397020,397020,397020,397020,397020,397020,397020,397030,397050,397070,398980,416000,416000,416000,416000,415990
73767989,ASUS ROG STRIX B850-F GAMING WIFI 대원씨티에스,422550,422550,422550,422550,422550,422550,422550,421290,421290,,,,,421290,,,,,,422550,,,422550,,,,,422550,422550,422550,422550,422550,,422550,422550,422550,422550,,422550,422550,422550,422550,422550,422550,422550,422550,422550,422550,422550,422550,422550,422550,422550,422550,422550,422550,422550,422550,422550,422550
76944080,ASUS ROG STRIX B850-F GAMING WIFI 인텍앤컴퍼니,448990,448990,448990,448990,448990,448990,448990,448990,448990,,,,,394000,,,,,,394000,,,394000,,,,,399000,399000,399000,399000,399000,,399000,399000,399000,399000,,399000,399000,399000,399000,399000,399000,399000,399000,399000,399000,399000,399000,399000,399000,399000,399000,399000,421120,421120,421120,421120,421120
122637941,ASUS ROG STRIX B850-F GAMING WIFI7 NEO STCOM,432370,432370,432370,432370,432370,432370,432370,432370,432370,,,,,425250,,,,,,425250,,,425250,,,,,435670,428980,428980,425230,425230,,425230,434850,423200,423200,,423200,423200,423200,423200,423200,423200,423200,423200,426280,426280,428400,428430,428490,428530,428590,428590,428690,428740,429560,429560,429560,430130
122642236,ASUS ROG STRIX B850-F GAMING WIFI7 NEO 대원씨티에스,425320,425320,425320,425320,425320,425320,425320,425320,425320,,,,,425320,,,,,,425060,,,425150,,,,,424190,424190,424190,424190,424190,,424190,424190,424190,424190,,424190,424190,424190,424190,424190,424190,424190,424190,424190,424190,424190,424190,424200,424200,424260,424380,424410,425750,425750,425750,425750,425750
122663559,ASUS ROG STRIX B850-F GAMING WIFI7 NEO 인텍앤컴퍼니,446130,446130,446130,446130,446130,446130,446130,441430,441430,,,,,441430,,,,,,441430,,,427652,,,,,423930,423930,413780,413780,413780,,413780,413780,418190,418190,,418190,418190,418190,418190,418190,418190,418190,418190,418190,418190,418190,426310,426310,426310,426310,426310,418190,418190,418190,413780,417430,417430
95420465,ASUS ROG STRIX B850-G GAMING WIFI STCOM,378590,369830,369820,369860,369880,369890,369890,369890,369890,,,,,367600,,,,,,368330,,,370840,,,,,365850,368340,365850,365850,365850,,370840,368350,370840,370840,,377990,377990,377990,377990,377990,377990,334700,334700,334700,334700,334700,334700,334700,334700,334700,334700,334700,334700,334700,334700,334700,334700
94815752,ASUS ROG STRIX B850-G GAMING WIFI 대원씨티에스,349000,349000,349000,349000,349000,349000,349000,349000,349000,,,,,338530,,,,,,338530,,,338530,,,,,338530,338530,338530,338530,338530,,338530,338530,338530,338530,,338530,338530,338530,338530,338530,338530,338530,338530,338530,338530,338530,338530,338530,338530,338530,338530,338530,338530,338530,338530,338530,338530
73883963,ASUS ROG STRIX B850-I GAMING WIFI STCOM,450470,450320,439840,439860,439860,439870,439870,439880,439880,,,,,407100,,,,,,434350,,,434350,,,,,434340,434340,434350,434360,434360,,411310,411310,411310,411310,,411310,411310,411310,415000,419120,419120,419120,419610,419610,420050,449360,429500,420050,420050,420050,449370,420050,429500,420050,420050,420050,429490
73768364,ASUS ROG STRIX B850-I GAMING WIFI 대원씨티에스,460740,460740,460740,460740,460740,460740,460740,426800,426800,,,,,426800,,,,,,460740,,,460740,,,,,437720,437720,437720,437720,437720,,437720,437720,437720,437720,,437720,437720,437720,437720,437720,442320,442320,442320,442320,442320,442320,442320,442320,442320,460740,460740,460740,460740,442320,442320,442320,442320
76946525,ASUS ROG STRIX B850-I GAMING WIFI 인텍앤컴퍼니,376670,376670,376670,376670,376670,376670,376670,376670,376670,,,,,376670,,,,,,376670,,,376670,,,,,376670,376670,376670,376670,376670,,405400,405400,405400,405400,,381220,381220,381220,381220,381220,381220,381220,381220,381220,381220,381220,381220,381220,381220,381220,381220,381220,381220,381220,381220,381220,381220
74254586,ASUS ROG STRIX B860-A GAMING WIFI STCOM,399000,399000,399000,399000,399000,399000,399000,399000,399000,,,,,399000,,,,,,399000,,,398990,,,,,381930,381930,386940,389430,389430,,389430,379440,384430,384430,,384430,384430,384430,384430,384430,384430,384920,384920,384920,382450,382450,384940,381380,386370,388870,386930,389430,386940,389430,389430,379430,381840
74255333,ASUS ROG STRIX B860-A GAMING WIFI 인텍앤컴퍼니,398050,398990,398990,398990,398990,398990,398990,389670,389670,,,,,389670,,,,,,398840,,,398280,,,,,398880,398920,398930,398990,398990,,398990,398990,398990,398990,,398990,398990,398990,398990,398990,398990,398990,398990,398990,398990,398990,398990,398990,398990,398990,398990,398990,398990,398990,398990,398990,398990
74337722,ASUS ROG STRIX B860-A GAMING WIFI 코잇,369000,369000,369000,369000,369000,369000,369000,369000,369000,,,,,369000,,,,,,369000,,,369000,,,,,369000,369000,369000,369000,369000,,369000,369000,369000,369000,,369000,369000,369000,369000,369000,369000,369000,369000,369000,369000,369000,369000,369000,369000,369000,369000,369000,369000,369000,369000,369000,369000
74253692,ASUS ROG STRIX B860-F GAMING WIFI STCOM,439900,431450,439870,438940,439890,440720,440720,440720,440720,,,,,428130,,,,,,428140,,,428140,,,,,428140,428140,428140,428140,428140,,428140,425640,428140,428140,,428140,428140,428140,428140,428130,428140,428140,428140,428140,428140,428140,428140,428140,428140,428140,425640,428140,428140,425640,428140,433140,435460
74255336,ASUS ROG STRIX B860-F GAMING WIFI 인텍앤컴퍼니,431940,431940,431940,431940,431940,431940,431940,431940,431940,,,,,431940,,,,,,431940,,,431940,,,,,431940,431940,431940,431940,431940,,431940,431940,431940,431940,,431940,431940,431940,445000,445000,445000,445000,445000,445000,445000,445000,445000,445000,445000,445000,445000,445000,445000,445000,445000,445000,445000
74338013,ASUS ROG STRIX B860-F GAMING WIFI 코잇,427400,427400,427400,427400,427400,438790,438790,438790,421160,,,,,424710,,,,,,424710,,,424710,,,,,450920,450920,450920,450920,450920,,450920,450920,450920,450920,,450920,450920,450920,450920,450920,450920,450920,450920,450920,450920,450920,450920,450920,450920,450920,450920,450920,450920,450920,450920,450920,450920
74338115,ASUS ROG STRIX B860-G GAMING WIFI 코잇,279990,279990,279990,279990,279990,280300,280300,280300,280300,,,,,280300,,,,,,280300,,,280300,,,,,280300,280300,280300,280300,280300,,280300,280300,280300,280300,,280300,280300,280300,280300,280300,280300,280300,280300,280300,280300,280300,280300,280300,280300,280300,280300,280300,280300,280300,280300,280300,280300
74253203,ASUS ROG STRIX B860-I GAMING WIFI STCOM,418000,418500,419000,419000,419000,419000,420430,420430,420430,,,,,419000,,,,,,429000,,,429000,,,,,429000,429000,429000,429000,429000,,429000,429000,429000,429000,,429000,429000,429000,429000,429000,429000,429000,429000,429000,425000,417670,417670,417670,417670,417670,417670,417670,417670,417670,417670,417670,417670
74255369,ASUS ROG STRIX B860-I GAMING WIFI 인텍앤컴퍼니,424700,424700,424700,424700,411840,,,,,,,,,,,,,,,,,,,,,,,,,,,,,,,,,,,,,,,,,,,,,,,,,,,,,,,
74338499,ASUS ROG STRIX B860-I GAMING WIFI 코잇,416230,416230,416230,416230,416230,416230,416230,416230,416230,,,,,416230,,,,,,502850,,,429000,,,,,429000,429000,429000,429000,429000,,429000,429000,428990,419000,,419000,419000,419000,419000,419000,419000,419000,419000,419000,419000,419000,419000,419000,418990,418990,418990,419000,419000,419000,419000,419000,418990
17926748,ASUS ROG STRIX X670E-A GAMING WIFI STCOM,670900,670900,670890,670890,670890,670900,670900,670900,670900,,,,,656200,,,,,,669100,,,669140,,,,,669330,669330,669390,669390,668900,,669490,669490,670900,670900,,670900,670900,670900,670900,670900,670900,670900,670900,670900,670900,670900,670900,670900,670320,670320,670320,670900,670900,670900,670900,670900,670900
17926787,ASUS ROG STRIX X670E-A GAMING WIFI 대원씨티에스,421940,421940,421940,421940,421940,421940,421940,421940,421940,,,,,421940,,,,,,421940,,,421940,,,,,421940,421940,421940,421940,421940,,421940,421940,421940,421940,,421940,421940,421940,421940,421940,421940,421940,421940,421940,421940,421940,421940,421940,421940,421940,421940,421940,421940,421940,421940,421940,421940
13158504,ASUS ROG STRIX X670E-F GAMING WIFI STCOM,749000,749000,749000,749000,749000,749000,749000,749000,749000,,,,,749000,,,,,,749000,,,749000,,,,,749000,749000,749000,749000,749000,,749000,749000,749000,749000,,749000,749000,749000,749000,749000,749000,749000,749000,749000,749000,749000,749000,749000,749000,749000,749000,749000,749000,749000,749000,749000,749000
67694840,ASUS ROG STRIX X870-A GAMING WIFI STCOM,538000,538000,537990,538000,538000,538000,538000,538000,538000,,,,,537990,,,,,,537990,,,538000,,,,,540000,540000,540000,540000,540000,,540000,540000,541500,541500,,541500,541500,541500,541500,541500,541500,541500,541500,541500,541500,539990,539990,539990,539990,539990,539990,539990,539990,539990,539990,539990,539990
67852265,ASUS ROG STRIX X870-A GAMING WIFI 대원씨티에스,698950,716510,716510,716510,716510,698990,713670,698950,698950,,,,,559000,,,,,,559000,,,548990,,,,,556730,556730,556730,556730,556730,,556730,549000,548990,549500,,527510,527510,527510,527510,527510,527510,527510,527510,527510,527510,527510,523180,523180,523190,523190,523190,523190,523190,523190,523190,523190,523190
77460980,ASUS ROG STRIX X870-A GAMING WIFI 인텍앤컴퍼니,477750,539000,539000,539000,539000,539000,539000,539000,539000,,,,,539000,,,,,,539000,,,538990,,,,,538990,538990,538990,539000,539000,,539000,539000,539000,539000,,538990,538990,538990,538990,538990,538990,539000,538990,538990,538990,538990,538990,538990,538990,538990,538990,538990,538990,538990,538990,538990,538990
67695545,ASUS ROG STRIX X870-F GAMING WIFI STCOM,712000,712000,712000,712000,712000,712000,712000,712000,712000,,,,,668000,,,,,,668000,,,668000,,,,,668000,668000,668000,668000,668000,,668000,668000,668000,668000,,668000,668000,668000,668000,674000,674000,671500,671500,671500,671500,685100,685100,685100,685100,685100,685100,685100,685100,685100,685100,685100,685090
67852793,ASUS ROG STRIX X870-F GAMING WIFI 대원씨티에스,647460,647460,647460,647460,647460,647460,647460,647460,647460,,,,,647460,,,,,,647460,,,647460,,,,,647460,647460,647460,647460,647470,,647470,647470,647890,649580,,653970,655680,656750,657360,658490,658660,700140,700140,700140,700140,700140,700140,700140,700160,700180,700180,700180,698950,700180,700180,698990,700180
67976948,ASUS ROG STRIX X870-I GAMING WIFI STCOM,751210,746610,746610,741300,741300,741300,741300,741300,741300,,,,,743820,,,,,,758990,,,745990,,,,,758490,758990,758990,758990,758990,,758490,758990,748490,748490,,748490,748490,748490,751000,758490,758490,745950,745950,745950,745950,745950,743500,745950,745970,745990,745990,745990,736000,738500,753500,750060,743490
67852946,ASUS ROG STRIX X870-I GAMING WIFI 대원씨티에스,740000,740000,740000,740000,740000,739990,740000,737490,737490,,,,,740000,,,,,,742480,,,742480,,,,,740000,740000,737510,740000,740010,,754890,754890,754890,754890,,754880,754880,754890,754890,754940,754980,754980,754970,754970,754980,754980,744100,744100,744130,744150,744150,744160,744160,744160,744160,744160,744150
122930700,ASUS ROG STRIX X870-I GAMING WIFI 인텍앤컴퍼니,520000,520000,520000,520000,520000,520000,520000,520000,520000,,,,,520000,,,,,,499000,,,499000,,,,,499000,559000,559000,499000,499000,,499000,499000,499000,499000,,499000,499000,499000,499000,540880,540880,540880,540880,540880,540880,540880,540880,540880,540880,540880,540880,540880,540880,540880,540880,540880,540880
122676913,ASUS ROG STRIX X870E-A GAMING WIFI7 NEO STCOM,687270,687270,687270,687270,687270,687270,687270,687270,687270,,,,,652300,,,,,,652300,,,660700,,,,,668130,661200,661200,658700,658700,,658700,682680,661230,661230,,658730,658730,658730,658730,663750,666250,663750,663750,663750,663750,666250,683000,683000,683000,683000,683000,683000,683000,683000,663750,671280,671280
122645205,ASUS ROG STRIX X870E-A GAMING WIFI7 NEO 대원씨티에스,671810,671810,671830,671830,671830,671830,671830,657500,657500,,,,,657500,,,,,,676010,,,676010,,,,,676070,670710,676070,676070,676080,,676090,676100,680740,680740,,682940,682940,682950,682950,682950,682950,682950,682940,682940,682950,682970,675810,675810,675840,675860,675860,675870,675870,675870,675870,675870,675860
122663659,ASUS ROG STRIX X870E-A GAMING WIFI7 NEO 인텍앤컴퍼니,663140,663140,663140,663140,663140,663130,663130,663130,662300,,,,,663130,,,,,,657290,,,631210,,,,,649850,649850,649850,655300,655300,,655300,655300,655300,655300,,655300,655300,655300,655300,655300,655300,655300,655300,655300,655300,655300,663670,663670,663670,663670,663670,655300,655300,655300,649850,649850,649850
67694921,ASUS ROG STRIX X870E-E GAMING WIFI STCOM,835000,835000,835000,835000,835000,835000,835000,835000,835000,,,,,835000,,,,,,835000,,,835000,,,,,835000,835000,835000,835000,835000,,835000,835000,835000,835000,,835000,835000,835000,835000,835000,835000,835000,835000,835000,835000,835000,835000,835000,835000,835000,835000,835000,835000,835000,835000,835000,835000
67852766,ASUS ROG STRIX X870E-E GAMING WIFI 대원씨티에스,1050000,1050000,1050000,1050000,1050000,1050000,1050000,1050000,1050000,,,,,1050000,,,,,,1050000,,,1050000,,,,,1004850,1004850,1050000,1050000,1050000,,789530,789530,789530,789530,,789530,789530,789530,789530,789530,789530,789530,789530,789530,789530,789530,789530,789530,789530,789530,789530,789530,789530,789530,789530,789530,789530
122684807,ASUS ROG STRIX X870E-E GAMING WIFI7 NEO STCOM,913790,913790,910980,910980,910980,910980,910980,910980,910980,,,,,906990,,,,,,910980,,,910990,,,,,910990,910990,910990,910990,910990,,910990,910990,910990,910990,,910990,910990,910990,913490,913500,913500,913000,913000,913000,913000,913790,913790,913790,913790,913790,913790,913790,913800,913800,894820,894880,894880
122642210,ASUS ROG STRIX X870E-E GAMING WIFI7 NEO 대원씨티에스,891320,891320,891340,891340,891340,891340,891340,891340,891340,,,,,891380,,,,,,891130,,,891230,,,,,893220,893220,893220,893220,893230,,893240,893240,893240,893240,,893380,893480,893560,909950,909950,909950,909950,909940,909940,909950,909950,898400,898400,898430,898450,898450,898460,898460,898460,898460,898460,898450
97476215,ASUS ROG STRIX X870E-H GAMING WIFI7 STCOM,569000,569000,568970,568990,568990,569000,569000,569000,569000,,,,,554810,,,,,,546000,,,546000,,,,,546000,546000,546000,546000,546000,,546000,546000,546000,546000,,546000,546000,546000,546000,546000,546000,546000,546000,546000,562280,562280,562280,562280,562290,562390,562780,562790,562790,562790,562790,562870,562770
98544125,ASUS ROG STRIX X870E-H GAMING WIFI7 대원씨티에스,626000,626000,626000,626000,626000,626000,626000,626000,626000,,,,,626000,,,,,,626000,,,626000,,,,,626000,626000,626000,626000,626000,,626000,626000,626000,626000,,626000,626000,626000,626000,626000,626000,626000,626000,626000,626000,626000,626000,626000,626000,626000,626000,626000,626000,626000,626000,626000,626000
11210097,ASUS ROG STRIX Z490-E GAMING STCOM,500000,500000,500000,500000,500000,500000,500000,500000,500000,,,,,500000,,,,,,500000,,,500000,,,,,500000,500000,500000,500000,500000,,500000,500000,500000,500000,,500000,500000,500000,500000,500000,500000,500000,500000,500000,500000,500000,500000,500000,500000,500000,500000,500000,500000,500000,500000,500000,500000
13355441,ASUS ROG STRIX Z590-F GAMING WIFI 인텍앤컴퍼니,600000,600000,600000,600000,600000,600000,600000,600000,600000,,,,,600000,,,,,,600000,,,600000,,,,,600000,600000,600000,600000,600000,,600000,600000,600000,600000,,600000,600000,600000,600000,600000,600000,600000,600000,600000,600000,600000,600000,600000,600000,600000,600000,600000,600000,600000,600000,600000,600000
69656168,ASUS ROG STRIX Z890-A GAMING WIFI 인텍앤컴퍼니,518900,518900,518900,518900,518900,518900,518900,518900,518900,,,,,518900,,,,,,518900,,,518900,,,,,518900,518900,518900,518900,518900,,518900,518900,518900,518900,,518900,518900,518900,518900,518900,518900,518900,518900,518900,518900,518900,518900,518900,518900,518900,518900,518900,518900,518900,518900,518900,518900
69662105,ASUS ROG STRIX Z890-E GAMING WIFI STCOM,820000,829000,820000,819180,825180,828180,831180,823930,826000,,,,,826000,,,,,,,,,,,,,,,,,,,,,,,,,,,,,,,,,,,,,,,,,,,,,,
69656276,ASUS ROG STRIX Z890-E GAMING WIFI 인텍앤컴퍼니,799000,778240,788240,788240,788240,786450,784730,784730,784730,,,,,799000,,,,,,792820,,,759000,,,,,799200,800910,800910,800910,799000,,799000,799000,799000,799000,,805890,805890,805890,805890,805890,805890,805890,805890,805890,805890,805890,805890,805890,805890,805890,809000,802000,802000,802000,802000,798890,805890
69696863,ASUS ROG STRIX Z890-E GAMING WIFI 코잇,814970,814970,814970,814970,814970,814970,814970,814970,814970,,,,,814970,,,,,,839000,,,839000,,,,,839000,839000,839000,839000,839000,,839000,839000,839000,839000,,839000,839000,839000,839000,814970,814970,814970,814970,814970,814970,814970,814970,814970,814970,814970,814970,814970,814970,814970,814970,814970,814970
69662114,ASUS ROG STRIX Z890-F GAMING WIFI STCOM,730000,730000,730000,730000,730000,730000,730000,730000,730000,,,,,712640,,,,,,722240,,,722240,,,,,722240,722240,722240,722240,722240,,722240,722240,722240,722240,,722240,722240,722240,689000,689000,689000,689000,689000,689000,689000,689000,689000,689000,689000,689000,689000,689000,689000,689000,689000,689000,689000
69656426,ASUS ROG STRIX Z890-F GAMING WIFI 인텍앤컴퍼니,729000,710040,720040,720040,720040,718400,716830,716830,716830,,,,,729000,,,,,,724220,,,689000,,,,,731610,731610,731610,731610,729000,,729000,729000,729000,729000,,731610,731610,731610,731610,731610,731610,731610,731610,731610,731610,731610,731610,731610,731610,731610,731610,731610,731610,731610,731610,715015,715015
69696959,ASUS ROG STRIX Z890-F GAMING WIFI 코잇,744500,744500,744500,744500,744500,744500,744500,744500,744500,,,,,744500,,,,,,758960,,,758980,,,,,771500,771500,771500,771500,771500,,771500,771500,771500,769000,,769000,769000,769000,769000,769000,769000,769000,769000,769000,769000,769000,769000,769000,769000,769000,769000,744500,744500,744500,741790,741790,741790
74808266,ASUS ROG STRIX Z890-I GAMING WIFI 인텍앤컴퍼니,799000,778240,788240,788240,788240,786450,784730,784730,784730,,,,,799000,,,,,,791010,,,759000,,,,,776800,776800,756000,747000,732000,,729000,753000,756000,759000,,747000,750000,759000,753000,750000,753000,756000,738000,756000,776800,776800,776800,776800,776800,776800,776800,776800,776800,776800,776800,776800,776800
69697016,ASUS ROG STRIX Z890-I GAMING WIFI 코잇,738280,738280,738280,738280,738280,738280,738280,738280,738280,,,,,738280,,,,,,738280,,,738280,,,,,738290,738300,744540,744540,744540,,744540,744540,744540,744540,,744540,744540,744540,744540,744540,744540,744540,744540,744540,744540,744540,744540,744540,738290,738290,738290,738290,738290,738290,738290,738290,738290
12761789,ASUS ROG ZENITH EXTREME ALPHA 대원씨티에스,741930,741930,741930,741930,741930,741930,741940,741930,741930,,,,,741930,,,,,,741930,,,741930,,,,,741930,741930,741930,741940,741940,,741940,741940,741940,741940,,746980,747020,747080,747140,747220,747280,747340,747380,747440,747500,747550,747610,747670,747730,747790,747850,747890,747940,747960,748000,748020,748070
13396157,ASUS TUF B450M-PRO GAMING (해외구매),182770,182770,182770,182770,182770,182770,182770,168150,168150,,,,,168150,,,,,,171420,,,175190,,,,,171420,171420,171420,171420,171420,,171420,171420,171420,175190,,169500,169500,169500,169500,169500,169500,169500,169500,169500,169500,169500,169500,169500,169500,169500,169500,169500,169500,169500,169500,169500,169500
20318291,ASUS TUF Gaming A620-PRO WIFI STCOM,276990,276790,276770,276790,276990,277000,277000,276990,276990,,,,,270230,,,,,,266200,,,266700,,,,,266700,266700,266700,266700,266700,,269190,269190,266700,266700,,267110,267110,266700,266700,267110,267110,272590,273430,275930,276030,269380,269380,269380,269370,269370,269390,269400,269400,269400,269400,269400,269400
19925807,ASUS TUF Gaming A620M-PLUS STCOM,186000,186000,186000,186000,186000,186000,186000,186000,186000,,,,,186000,,,,,,186000,,,186000,,,,,186000,186000,186000,186000,186000,,186000,186000,186000,186000,,186000,186000,186000,186000,186000,186000,186000,186000,186000,186000,186000,186000,186000,186000,186000,186000,186000,186000,186000,186000,186000,186000
19926059,ASUS TUF Gaming A620M-PLUS WIFI STCOM,205000,205000,205000,205000,205000,205000,205000,205000,205000,,,,,205000,,,,,,205000,,,205000,,,,,205000,205000,205000,205000,205000,,205000,205000,205000,205000,,205000,205000,205000,205000,205000,205000,205000,205000,205000,205000,205000,205000,205000,205000,205000,205000,205000,205000,205000,205000,205000,205000
19927037,ASUS TUF Gaming A620M-PLUS WIFI 대원씨티에스,181000,181000,181000,181000,181000,181000,181000,181000,181000,,,,,181000,,,,,,181000,,,181000,,,,,181000,181000,181000,181000,181000,,181000,181000,181000,181000,,181000,181000,181000,181000,181000,181000,181000,181000,181000,181000,181000,181000,181000,181000,181000,181000,181000,181000,181000,181000,181000,181000
19926731,ASUS TUF Gaming A620M-PLUS 대원씨티에스,154990,154990,154990,154990,154990,154990,154990,144150,144150,,,,,144150,,,,,,154990,,,154990,,,,,154990,154990,154990,154990,154990,,154990,154990,154990,154990,,154990,154990,154990,154990,154990,154990,154990,154990,154990,154990,154990,154990,154990,154990,154990,154990,154990,154990,154990,154990,154990,154990
11571368,ASUS TUF Gaming B550M-PLUS STCOM,159000,154940,154930,154970,157890,159000,158830,159000,149960,,,,,154610,,,,,,158990,,,154640,,,,,154600,152920,154480,154580,154630,,157310,154600,154630,154630,,155250,155300,155330,155480,155670,155720,155780,155800,155880,155900,152870,156700,152840,152830,152830,152830,152880,152920,156700,156700,156800,152910
18398498,ASUS TUF Gaming B560M-PLUS WIFI (해외구매),279550,282590,282590,285630,288670,291710,291710,277160,257800,,,,,257800,,,,,,257800,,,256080,,,,,256080,256080,256080,256080,256080,,256080,256080,256080,256080,,256080,256080,256080,256080,256080,257800,257800,257800,257800,257800,257800,257800,257800,257800,257800,257800,257800,257800,257800,257800,257800,257800
13561976,ASUS TUF Gaming B560M-PLUS WIFI 인텍앤컴퍼니,330000,330000,330000,330000,330000,330000,330000,330000,330000,,,,,330000,,,,,,330000,,,330000,,,,,330000,330000,330000,330000,330000,,330000,330000,330000,330000,,330000,330000,330000,330000,330000,330000,330000,330000,330000,330000,330000,330000,330000,330000,330000,330000,330000,330000,330000,330000,330000,330000
18044558,ASUS TUF Gaming B650-PLUS WIFI STCOM,358710,358710,358710,389000,389000,389000,358710,358710,358710,,,,,312610,,,,,,376640,,,260990,,,,,376650,373310,373310,260990,260990,,260990,260990,260990,260990,,260990,260990,260990,260990,260990,260990,260990,260990,260990,260990,260990,260990,260990,260990,260990,260990,260990,260990,260990,260990,260990,260990
95421218,ASUS TUF Gaming B650EM-E WIFI STCOM,207000,207000,207000,207000,207000,207000,207000,207000,207000,,,,,189000,,,,,,189000,,,189000,,,,,189000,183100,178060,189000,189000,,189000,178060,178070,189000,,189000,189000,189000,189000,189000,189000,189000,178070,178070,178070,178070,178070,178070,178070,178070,178070,178070,178070,189000,174760,187900,179500
93703418,ASUS TUF Gaming B650EM-E WIFI 대원씨티에스,200650,200650,200650,200650,200650,196150,200650,200650,200650,,,,,183100,,,,,,183100,,,183100,,,,,183100,183100,183100,183100,183100,,183100,178060,178060,178060,,178060,178060,178060,178060,178060,178070,178070,178070,178070,183100,178070,178070,178070,178070,178070,178070,178070,178070,178070,174760,174760,174760
99893756,ASUS TUF Gaming B650EM-E WIFI 인텍앤컴퍼니,199000,199000,199000,199000,199000,189000,189000,182430,182430,,,,,182430,,,,,,182430,,,182430,,,,,167040,167040,167040,166830,164000,,182430,182430,182430,182430,,189000,189000,189000,189000,189000,189000,189000,189000,189000,193480,193480,193480,193480,193480,193480,193480,193480,193480,193480,193480,193480,193480
48476933,ASUS TUF Gaming B650M-E STCOM,214950,214950,214950,214950,214950,214460,214080,214080,214080,,,,,193800,,,,,,193800,,,218540,,,,,218540,218540,218540,218540,218540,,218540,218540,218540,219750,,219750,216750,216750,216750,216750,216750,216990,219750,219750,219750,219760,219760,219760,219760,219760,219760,219760,219760,219760,219760,219760,219760
21427535,ASUS TUF Gaming B650M-E WIFI 대원씨티에스,267000,267000,267000,267000,267000,267000,267000,267000,267000,,,,,267000,,,,,,267000,,,267000,,,,,267000,267000,267000,267000,267000,,267000,267000,267000,267000,,267000,267000,267000,267000,267000,267000,267000,267000,267000,267000,267000,267000,267000,267000,267000,267000,267000,267000,267000,267000,267000,267000
18044519,ASUS TUF Gaming B650M-PLUS STCOM,267430,267430,267430,267430,267430,267430,267430,259340,259340,,,,,259340,,,,,,267430,,,264650,,,,,264650,264650,264650,264650,264650,,264650,264650,264650,264650,,264650,264650,264650,264650,264650,267430,219000,219000,219000,273000,273000,273000,273000,273000,273000,273000,267430,267430,265940,219000,219000,219000
18044522,ASUS TUF Gaming B650M-PLUS WIFI STCOM,249100,249100,249100,249120,249630,249640,249640,249640,249640,,,,,249700,,,,,,250650,,,252180,,,,,253710,253710,253710,253710,253710,,253710,253710,253710,253710,,253710,253710,253710,253710,253720,256500,258970,258970,258970,258970,256160,256160,256160,255100,255100,255100,256200,256200,256200,256200,256200,256200
16085327,ASUS TUF Gaming B660M-E D4 인텍앤컴퍼니,226900,226900,226900,226900,226900,226900,226900,226900,226900,,,,,226900,,,,,,226900,,,226900,,,,,226900,226900,226900,226900,226900,,226900,226900,226900,226900,,226900,226900,226900,226900,226900,226900,226900,226900,226900,226900,226900,226900,226900,226900,226900,226900,226900,226900,226900,226900,226900,226900
19306598,ASUS TUF Gaming B760-PLUS WIFI 인텍앤컴퍼니,462000,462000,462000,462000,462000,462000,462000,462000,462000,,,,,462000,,,,,,462000,,,442140,,,,,442140,442140,442140,442140,442140,,442140,442140,442140,442140,,442140,442140,442140,442140,442140,442140,442140,442140,442140,442140,442140,442140,442140,442140,442140,442140,442140,442140,442140,442140,442140,442140
19756199,ASUS TUF Gaming B760-PLUS WIFI 코잇,281560,281560,281560,281560,281560,281570,278090,278090,278090,,,,,278090,,,,,,278640,,,279160,,,,,289700,289700,289700,289700,289700,,289700,289700,289700,289700,,289700,289700,289700,289700,289700,289700,289700,289700,289700,289700,270350,270350,270350,270350,270350,270350,270350,270850,270850,270850,270850,270850
34815659,ASUS TUF Gaming B760M-PLUS II 코잇,161960,161960,161960,161960,161960,161960,161960,161960,161960,,,,,161960,,,,,,161970,,,162700,,,,,162700,162700,162700,162700,162700,,162700,162700,162700,162700,,162700,162700,162700,162700,162700,162700,162700,162700,162700,162700,162700,158500,158490,160990,162700,160990,162700,162700,162700,162700,162700,162700
19628207,ASUS TUF Gaming B760M-PLUS 코잇,190890,190890,190890,190890,190890,190890,190890,190890,190890,,,,,190890,,,,,,190890,,,190890,,,,,190890,190890,190890,190890,190890,,190890,190890,190890,190890,,190890,190890,190890,190890,190890,190890,190890,190890,190890,190890,190890,190890,190890,190890,190890,190890,190890,190890,190890,190890,190890,190890
96656717,ASUS TUF Gaming B850-BTF WIFI W STCOM,401420,401410,401410,401420,401420,401420,401420,401420,401420,,,,,401420,,,,,,401420,,,401420,,,,,401420,401420,401420,401420,401420,,401430,408490,403660,401170,,398670,403660,403660,403660,401170,403660,403660,401170,403660,401170,403660,401170,403660,401170,403660,401170,403660,403670,406170,408660,403670,403670
92678840,ASUS TUF Gaming B850-BTF WIFI W 인텍앤컴퍼니,390630,390630,390650,390650,390650,390680,390680,390680,390680,,,,,390680,,,,,,390730,,,390740,,,,,390740,390740,390740,390740,390740,,390740,390740,390740,390740,,390740,390740,390740,390740,390740,390740,390740,390740,390740,390740,390740,390740,390740,390740,390740,390740,390740,390740,390740,390740,390740,390740
73884083,ASUS TUF Gaming B850-PLUS WIFI STCOM,319700,318420,319680,319700,319700,319700,319700,319700,318500,,,,,307770,,,,,,317750,,,318320,,,,,321980,308860,308860,308860,306300,,308860,308860,308870,310700,,310700,310700,310700,313250,325001,325001,325001,318290,318290,325206,325206,328140,319812,322480,325080,325200,319000,319000,319000,323544,318500,318490
73763492,ASUS TUF Gaming B850-PLUS WIFI 대원씨티에스,302880,303440,303450,303460,303460,303540,306090,307110,307570,,,,,307760,,,,,,309740,,,309930,,,,,304290,304380,304380,304380,304380,,304380,304380,304380,303620,,303620,303620,303620,303620,303620,304380,304380,304380,306410,306420,306410,306410,306420,306420,309100,306420,309100,309100,309100,309100,309100,309100
77460911,ASUS TUF Gaming B850-PLUS WIFI 인텍앤컴퍼니,310070,310070,310070,310070,310570,310570,318980,310070,310070,,,,,310070,,,,,,310570,,,318940,,,,,318980,318990,318990,318990,318990,,318990,318990,319000,319000,,310570,310570,310570,310570,310570,310570,310570,310570,310570,310570,310570,310570,310570,310570,310570,310570,310570,310570,310570,310570,310570,310570
122670820,ASUS TUF Gaming B850-PRO WIFI7 W NEO STCOM,341950,337570,337570,337570,337570,337570,337570,337570,337570,,,,,336950,,,,,,338270,,,338790,,,,,341950,340370,341950,341950,341950,,336090,336600,338980,338980,,333600,333600,333600,333600,333600,341950,333590,333430,333550,333590,338720,338740,338740,338590,338690,339100,339110,339120,339120,339120,339180,339180
122642328,ASUS TUF Gaming B850-PRO WIFI7 W NEO 대원씨티에스,327750,327750,327750,327750,327750,327750,327750,327750,327750,,,,,327750,,,,,,327990,,,327990,,,,,327990,327990,327990,327990,327990,,327990,327990,327990,321000,,320990,320990,320990,320990,320990,320990,320990,320990,320990,320990,320990,320990,320990,320990,320990,320990,321000,321000,321000,321000,321060,321060
122663671,ASUS TUF Gaming B850-PRO WIFI7 W NEO 인텍앤컴퍼니,328400,327910,328400,328400,328400,328400,328400,324940,324940,,,,,324940,,,,,,324940,,,314802,,,,,325430,325430,325430,325430,325430,,321630,333580,333580,333580,,333580,333580,333580,333580,333580,333580,333580,333580,333580,333580,333580,333580,333580,333580,333580,333580,333580,333580,333580,333590,333590,333590
95988443,ASUS TUF Gaming B850M-E WIFI STCOM,252990,252990,252980,252990,252990,252990,252990,252990,252990,,,,,252990,,,,,,253000,,,253000,,,,,253000,253000,253000,253000,253000,,253000,253000,253000,253000,,253000,253000,253000,245000,245000,253000,245000,245000,245000,245000,245000,253000,253000,253000,253000,253000,253000,253000,253000,253000,253000,253000
97121303,ASUS TUF Gaming B850M-E WIFI 대원씨티에스,240360,240360,240360,240360,230140,230120,232620,240120,230130,,,,,234000,,,,,,239000,,,231500,,,,,236500,238540,233550,236050,238550,,234000,236500,239000,239000,,238550,238550,239000,239000,239000,239000,231040,236040,236490,236500,239000,233550,234000,234000,234000,234000,234000,234000,238990,238990,238990,238990
95988578,ASUS TUF Gaming B850M-PLUS II STCOM,248000,243630,243620,243640,247990,248000,248000,240890,240890,,,,,230890,,,,,,230890,,,236040,,,,,230890,230890,240300,247990,240300,,247990,247990,240300,247460,,247500,247500,247540,247580,249600,249600,249600,247590,247590,249580,249580,249580,249600,248200,248200,248210,249600,249600,246129,246129,246120,245570
97119116,ASUS TUF Gaming B850M-PLUS II 대원씨티에스,233400,233490,233490,230240,230240,230240,230240,230240,230240,,,,,230240,,,,,,230240,,,230240,,,,,230240,230240,230240,230240,230240,,230240,230240,230240,230240,,230240,230240,230240,230240,230240,230240,230240,230240,230240,230240,230240,230240,230240,230240,230240,230240,230240,230240,230240,230240,230240,230240
103188215,ASUS TUF Gaming B850M-PLUS II 인텍앤컴퍼니,240370,240370,240370,240370,240370,240370,240370,240370,240370,,,,,240370,,,,,,240370,,,240370,,,,,239340,230390,230390,230390,230390,,234230,234230,236730,236730,,236730,236730,236730,236730,236730,236730,236730,236730,236730,236730,236730,239340,240930,240930,240930,240930,236730,236730,236730,234230,236300,236300
73884029,ASUS TUF Gaming B850M-PLUS STCOM,254000,254000,254000,254000,254000,254000,254000,254000,254000,,,,,254000,,,,,,254000,,,254000,,,,,254000,254000,254000,254000,254000,,254000,254000,254000,254000,,254000,254000,254000,254000,254000,254000,254000,254000,254000,254000,254000,254000,254000,254000,254000,254000,254000,254000,254000,254000,254000,254000
73884041,ASUS TUF Gaming B850M-PLUS WIFI STCOM,251000,251000,251000,251000,251000,251000,251000,251000,251000,,,,,251000,,,,,,251000,,,280120,,,,,280000,280000,280000,280000,280000,,280000,280000,280000,280000,,280000,280000,280000,280000,267770,267770,267770,267770,267770,267770,267770,267770,267770,267770,267770,267770,267770,267770,267770,267770,267770,267770
73763909,ASUS TUF Gaming B850M-PLUS WIFI 대원씨티에스,233040,250590,233030,233030,233040,258900,259000,274550,274550,,,,,274550,,,,,,275660,,,278990,,,,,278990,278990,278990,278990,278990,,278990,278990,278990,278990,,278990,278990,278990,278990,278990,278990,278990,278990,278990,278990,278990,278990,278990,278990,278990,278990,278990,278990,278990,278990,278990,278990
74491250,ASUS TUF Gaming B850M-PLUS WIFI 인텍앤컴퍼니,275650,275650,275650,275650,275650,274550,274550,274550,274550,,,,,274550,,,,,,277590,,,305130,,,,,305730,305760,305860,305970,306090,,306340,306450,306560,306580,,306700,306780,306870,307010,307060,307160,307180,307280,285990,307500,285990,285990,285990,285990,285990,285990,285990,285990,285990,282960,282960,282960
95988710,ASUS TUF Gaming B850M-PLUS WIFI7 STCOM,267900,260670,260660,265150,267900,267900,268710,269000,268990,,,,,258270,,,,,,268990,,,254520,,,,,257670,257730,257760,257780,257830,,258040,258100,258180,258280,,258510,258600,258680,258810,258860,259240,258880,258880,258890,259220,259220,259220,259320,259300,259360,259360,259400,259400,259480,259500,259280,259280
95988944,ASUS TUF Gaming B850M-PLUS WIFI7 W STCOM,274400,268760,268760,272740,278800,279000,276500,279000,273160,,,,,265940,,,,,,265980,,,259350,,,,,268530,268610,268650,268680,268730,,268920,269010,269050,269080,,269100,269100,269100,269160,269200,269280,269380,269460,269480,270100,268440,268440,268180,268300,268420,268450,268450,268450,268060,268060,268060,268050
97120361,ASUS TUF Gaming B850M-PLUS WIFI7 W 대원씨티에스,271800,271810,271810,271830,271220,271220,273370,272590,272150,,,,,269820,,,,,,273030,,,273130,,,,,272260,272260,272260,272260,272260,,272260,272260,271590,271570,,272260,272260,272260,272260,272260,272260,272260,272260,272260,272260,272260,272260,272260,272260,272260,272260,272260,272270,272270,272090,272140,272140
101184935,ASUS TUF Gaming B850M-PLUS WIFI7 W 인텍앤컴퍼니,269950,269950,269950,269950,269950,269950,269950,269950,269950,,,,,269950,,,,,,269950,,,269950,,,,,271000,271000,271000,271000,271000,,271000,271000,271000,271000,,271000,271000,271000,271000,271000,271000,271000,271000,271000,271000,271000,271000,271000,271000,271000,271000,271000,271000,271000,271000,271000,271000
97118543,ASUS TUF Gaming B850M-PLUS WIFI7 대원씨티에스,262700,260970,261060,261180,261300,261420,259870,259870,259870,,,,,234770,,,,,,263620,,,264060,,,,,266520,267100,267140,267170,267240,,267390,267410,269780,263090,,263280,263310,261570,261700,261850,261940,262020,262160,262180,262250,262310,261920,262040,262160,262280,262300,262310,262310,262310,259550,262310,262310
99894263,ASUS TUF Gaming B850M-PLUS WIFI7 인텍앤컴퍼니,265510,260620,265880,265880,265880,265880,265880,265880,265880,,,,,265520,,,,,,265880,,,256234,,,,,256640,256640,256640,262100,255000,,264410,264410,264430,264490,,264700,264800,264920,264990,264990,264990,259170,259170,259170,259210,259250,259280,259320,259360,259370,259370,259460,259490,259510,259510,259540,259540
73883426,ASUS TUF Gaming B850M-PLUS 대원씨티에스,328890,328890,328890,328890,328890,328890,328890,328890,328890,,,,,328890,,,,,,328890,,,328890,,,,,328890,328890,328890,328890,328890,,328890,328890,328890,328890,,328890,328890,328890,328890,328890,328890,328890,328890,328890,328890,328890,328890,328890,328890,328890,328890,328890,328890,328890,328890,328890,328890
74254724,ASUS TUF Gaming B860-PLUS WIFI STCOM,297830,297830,282940,282940,282940,282940,282940,276990,276990,,,,,276990,,,,,,297830,,,297830,,,,,297830,297830,297830,297830,297830,,297830,297830,319000,319000,,319000,319000,319000,319000,319000,319000,319000,319000,319000,319000,319000,319000,299130,299130,299130,299130,299130,299130,319000,319000,319000,319000
74255378,ASUS TUF Gaming B860-PLUS WIFI 인텍앤컴퍼니,279920,274760,281270,281270,281270,281270,281270,278310,278310,,,,,278310,,,,,,278310,,,269626,,,,,340060,340060,340060,340060,340060,,340060,340060,343680,343680,,343680,343680,343680,343680,343680,343680,343680,343680,343680,343680,343680,350360,350360,350360,353020,350360,343680,343680,343680,340060,343060,343060
74338622,ASUS TUF Gaming B860-PLUS WIFI 코잇,289710,289710,289710,289710,289710,289710,289710,289710,289710,,,,,289710,,,,,,291380,,,291420,,,,,308400,305770,308400,308400,308400,,308400,308400,308400,308400,,308400,308400,308400,308400,308400,308400,308400,308400,308400,308400,308400,308400,308400,308400,308400,308400,308400,308400,308400,308400,308400,308400
74254832,ASUS TUF Gaming B860M-PLUS STCOM,242000,242000,241970,241990,241990,245000,245000,244990,244990,,,,,239250,,,,,,240010,,,240020,,,,,239510,239520,240510,240510,240510,,240510,240510,240520,248760,,248760,248760,248760,248760,248760,248780,238420,238420,240510,240520,240520,240520,240520,240520,240520,240520,240520,240520,240520,240520,241080,241070
74254814,ASUS TUF Gaming B860M-PLUS WIFI STCOM,274000,273980,273970,273990,273990,277000,276990,276990,276990,,,,,269960,,,,,,270000,,,270000,,,,,269500,270000,271000,271500,271500,,273000,275470,278400,278400,,278400,278400,278400,278400,278400,278400,278400,278400,278400,278400,278400,278400,278400,278400,278400,278400,278400,278400,278400,278400,278400,278400
102621374,ASUS TUF Gaming B860M-PLUS 코잇,256000,256000,256000,256000,256000,256000,256000,256000,256000,,,,,240900,,,,,,240900,,,240900,,,,,,,,,,,,,,,,,,,,,,,,,,,,,,,,,,,,,
67695563,ASUS TUF Gaming X870-PLUS WIFI STCOM,437000,437000,437000,437000,437000,437000,437000,437000,437000,,,,,395950,,,,,,395950,,,395950,,,,,395950,395950,395950,395950,419050,,419500,419500,419500,419500,,419050,419050,419500,419500,419500,419500,419500,419050,419050,419500,419500,419500,419500,419500,419500,419500,419500,419500,419500,437000,419500,419500
67852838,ASUS TUF Gaming X870-PLUS WIFI 대원씨티에스,381960,381960,381960,381960,381960,381960,381960,381960,381960,,,,,381960,,,,,,381960,,,381960,,,,,381960,381960,381960,381960,381960,,381960,381960,381960,381960,,381960,381960,381960,381960,381960,381960,381960,381960,381960,381960,381960,381960,381960,381960,381960,381960,381960,381960,381960,381960,381960,381960
74814188,ASUS TUF Gaming X870-PLUS WIFI 인텍앤컴퍼니,334370,328510,334370,334370,334370,334370,334370,330850,330850,,,,,330850,,,,,,330850,,,320516,,,,,342020,342020,342020,342020,342020,,342020,342020,342020,342020,,342020,342020,342020,342020,342020,342020,342020,342020,342020,342020,342020,342020,342020,342020,342020,342020,351820,351820,351820,351820,351820,351820
122621357,ASUS TUF Gaming X870-PRO WIFI7 W NEO STCOM,406390,406390,406390,406390,406390,406390,406390,406390,406390,,,,,406390,,,,,,406610,,,406850,,,,,408900,408950,408970,408980,408980,,408980,408980,405980,405990,,406060,406100,406180,406280,406370,406390,405320,405320,405330,405330,405330,405330,405330,405330,405330,405330,405330,405340,405350,405400,405420,405970
106746452,ASUS TUF Gaming X870-PRO WIFI7 W NEO 대원씨티에스,391700,391700,391700,391700,391700,391700,391700,391700,391700,,,,,391700,,,,,,391710,,,391710,,,,,391710,391720,391730,394950,394960,,395890,395890,395890,395890,,396000,396070,396110,396180,396260,396380,396480,396470,396600,396610,396630,396210,396230,396250,396270,396290,396310,396310,396310,396310,396320,396310
97475957,ASUS TUF Gaming X870E-PLUS WIFI7 STCOM,427990,427990,417880,417920,417940,417950,417950,417950,417950,,,,,415360,,,,,,418980,,,427990,,,,,397000,397000,397000,397000,397000,,397000,397000,397000,397000,,397000,427960,427960,427960,427960,427960,426520,426520,426520,426520,426540,426560,426560,426570,426590,426950,433830,433840,440760,440760,433000,430220
99288923,ASUS TUF Gaming X870E-PLUS WIFI7 대원씨티에스,402020,402080,402190,402250,402270,402300,402350,402350,402350,,,,,402350,,,,,,403150,,,396500,,,,,403160,403160,403160,403160,403160,,403160,403160,403160,403160,,403160,396990,396990,396990,396990,397000,397000,397000,397000,397000,397000,396990,396990,396990,396990,396990,403310,403350,404190,404190,398050,404190
103183034,ASUS TUF Gaming X870E-PLUS WIFI7 인텍앤컴퍼니,419000,418990,418990,418990,418990,418990,418990,418990,418990,,,,,418990,,,,,,418990,,,418320,,,,,418400,418430,418530,418640,418760,,414490,418170,418200,418300,,418440,418520,418610,418750,418900,418990,418990,418990,418990,419000,418990,418990,419000,387780,387780,387780,387780,387780,387780,386140,387780,387780
13587644,ASUS TUF Gaming Z590-PLUS 인텍앤컴퍼니,500000,500000,500000,500000,500000,500000,500000,500000,500000,,,,,500000,,,,,,500000,,,500000,,,,,500000,500000,500000,500000,500000,,500000,500000,500000,500000,,500000,500000,500000,500000,500000,500000,500000,500000,500000,500000,500000,500000,500000,500000,500000,500000,500000,500000,500000,500000,500000,500000
69697058,ASUS TUF Gaming Z890-PLUS WIFI 코잇,395890,395890,395890,395890,395890,397420,397420,397420,397420,,,,,397420,,,,,,397420,,,397420,,,,,397460,397460,397460,397460,397460,,397460,397460,397460,397460,,397460,397460,397460,397460,397460,397460,397460,397460,397460,397460,397460,397460,397460,397460,397460,397460,397460,397460,397460,397460,397460,397460
69662171,ASUS TUF Gaming Z890-PRO WIFI STCOM,412800,412780,412770,412790,412790,412880,412880,411290,412880,,,,,408530,,,,,,417340,,,417980,,,,,439590,439620,439620,439630,439630,,439630,439630,439630,439630,,439670,439680,439690,439690,439730,439810,439890,439890,439960,440050,440080,440140,440180,440230,440280,440280,440380,440430,440460,440560,440690,440690
54816743,ASUS Tinker Edge R (병행수입),192290,186290,183290,186290,195290,186290,186290,195290,189290,,,,,186990,,,,,,186990,,,189990,,,,,183990,186990,189990,186990,183990,,189990,189990,189990,183990,,186990,183990,186990,189990,187190,193190,184190,193190,193190,184190,187190,193190,193190,193190,193190,193190,193190,193190,184190,187190,193190,184190
28577999,ASUS Tinker Edge R (어댑터 포함),243990,243990,243990,243990,243990,243990,243990,243990,243990,,,,,243990,,,,,,243990,,,243990,,,,,243990,243990,243990,244000,244000,,244000,244000,244000,244000,,244000,244000,244000,244000,244000,244000,244000,244000,244000,244000,244000,244000,244000,244000,244000,244000,244000,244000,244000,244000,244000,244000
92357948,ASUS WS C422 PRO/SE,1499000,1499000,1499000,1499000,1499000,1499000,1499000,1499000,1499000,,,,,1499000,,,,,,1499000,,,1499000,,,,,1499000,1499000,1499000,1499000,1499000,,1499000,1499000,1499000,1499000,,1499000,1499000,1499000,1499000,1499000,1499000,1499000,1499000,1499000,1499000,1499000,1499000,1499000,1499000,1499000,1499000,1499000,1499000,1499000,1499000,1499000,1499000
5896041,ASUS WS X299 SAGE 아이보라,1438880,1438880,1438880,1438880,1438880,1438880,1438880,1438880,1438880,,,,,1353000,,,,,,1302560,,,1302560,,,,,1302560,1302560,1302560,1302560,1302560,,1302560,1302560,1302560,1302560,,1302560,1302560,1302560,1302560,1302560,1302560,,,,,,,,,,,,,,,,
8345859,ASUS WS X299 SAGE/10G STCOM,1219000,1219000,1219000,1219000,1219000,1219000,1219000,1219000,1219000,,,,,1219000,,,,,,1219000,,,1219000,,,,,1219000,1219000,1219000,1219000,1219000,,1219000,1219000,1219000,1219000,,1219000,1219000,1219000,1219000,1219000,1219000,1219000,1219000,1219000,1219000,1219000,1219000,1219000,1219000,1219000,1219000,1219000,1219000,1219000,1219000,1219000,1219000
42860537,ASUS Z13PE-D16 STCOM,2054990,2054990,2054960,2054980,2054980,2054990,2054990,2054990,2054990,,,,,2006250,,,,,,2055000,,,2055000,,,,,2055000,2071980,2071980,2071980,2057420,,2071980,2071980,2072000,2072000,,2072000,2072000,2072000,2072000,2072000,2072000,2066460,2066460,2066460,2066460,2066460,2066460,2066460,2066470,2066470,2066500,2071990,2071990,2071990,2429490,2429490,2429490
75372923,ASUS Z13PE-D16 아이보라,2037110,2037110,2037110,2037110,2037110,2037110,2037110,2037110,2037110,,,,,2037110,,,,,,2037110,,,2037110,,,,,2037110,2037110,2037110,2037110,2037110,,2037110,2037110,2037110,2037110,,2037110,2037110,2037110,2037110,2037110,2037110,2037110,2037110,2037110,2037110,2037110,2037110,2037110,2037120,2037120,2037120,2037120,2037120,2095030,2321390,2321390,2321390
2976245,ASUS Z87-PRO V (중고),73280,73280,73280,73280,73280,73280,73290,73270,73270,,,,,73270,,,,,,73280,,,54490,,,,,51780,75000,75000,75000,75000,,75000,75000,75000,75000,,75000,75000,75000,75000,75000,75000,75000,75000,75000,75000,75000,75000,75000,75000,75000,75000,75000,75000,43120,44000,44000,43990
69662327,ASUS Z890 AYW GAMING WIFI W STCOM,424890,424890,424890,424900,424900,424980,424980,424990,424990,,,,,409000,,,,,,409000,,,409000,,,,,395750,398270,409000,409000,409000,,409000,409000,409000,409000,,409000,409000,409000,409000,409000,409000,409000,409000,409000,409000,409000,409000,409000,409000,409000,409000,409000,409000,409000,409000,409000,409000
69661004,ASUS Z890 AYW GAMING WIFI W 인텍앤컴퍼니,393990,383640,393630,393640,393640,395000,391880,391880,391880,,,,,394000,,,,,,395920,,,375720,,,,,400190,400200,400200,400200,400200,,400200,400200,400200,406550,,406770,406860,406950,407090,407240,407330,407330,407330,407330,407330,407330,407330,407330,407330,407330,407330,407330,407330,407330,407330,400360,400360
69697280,ASUS Z890 AYW GAMING WIFI W 코잇,392290,392290,392290,392290,392290,392290,392290,392290,392300,,,,,392300,,,,,,392300,,,392300,,,,,392300,392300,392300,392300,392300,,392300,395700,395700,395700,,395700,395700,395700,395700,395700,395700,395700,395700,395700,395700,395700,395700,395700,395700,395700,395700,395700,395700,395700,395700,395700,395700
15498581,Arduino 아두이노 MQ135 유해가스 감지 센서 모듈,1800,1800,1800,1800,1800,1800,1800,1800,1800,,,,,1800,,,,,,1800,,,1800,,,,,1800,1800,1800,1800,1800,,1800,1800,1800,1800,,1800,1800,1800,1800,1800,1800,1800,1800,1800,1800,1800,1800,1800,1800,1800,1800,1800,1800,1800,1800,1800,1800
15498641,Arduino 아두이노 MQ9 일산화탄소 감지 센서 모듈,1800,1800,1800,1800,1800,1800,1800,1800,1800,,,,,1800,,,,,,1800,,,1800,,,,,1800,1800,1800,1800,1800,,1800,1800,1800,1800,,1800,1800,1800,1800,1800,1800,1800,1800,1800,1800,1800,1800,1800,1800,1800,1800,1800,1800,1800,1800,1800,1800
5686862,Arduino 아두이노 메가 부속품 (케이스),1490,1490,1490,1490,1470,1490,1480,1490,1470,,,,,1490,,,,,,1490,,,1490,,,,,1470,1490,1490,1490,1490,,1490,1490,1490,1490,,1490,1490,1490,1490,1490,1490,1490,1490,1490,1490,1490,1490,1490,1490,1490,1490,1490,1490,1490,1490,1490,1490
13057787,Arduino 아두이노 우노 R3 DIP타입 호환보드 DM70,16620,16980,16980,16980,16980,17340,17340,16980,16980,,,,,11850,,,,,,11850,,,11850,,,,,11850,11850,11850,11850,11600,,11600,12790,12790,11600,,12790,12790,12790,12790,12790,16650,12790,12790,12790,16650,12790,12790,12790,12790,12790,12790,16650,12790,12790,12790,17000,12790
3502710,Arduino 아두이노 우노 R3 부속품 (케이스),500,500,500,500,500,500,500,470,470,,,,,470,,,,,,490,,,490,,,,,490,490,490,490,490,,490,490,490,490,,490,490,490,490,490,490,490,490,490,490,490,490,490,490,490,490,490,490,490,490,490,490
3502709,Arduino 아두이노 우노 R3 부속품 (호환보드),2900,2900,2900,2900,2900,2900,2900,2900,2900,,,,,2900,,,,,,2900,,,2900,,,,,2900,2900,2900,2900,2900,,2900,2900,2900,2900,,2900,2900,2900,2900,2900,2900,2900,2900,2900,2900,2900,2900,2900,2900,2900,2900,2900,2900,2900,2900,2900,2900
5682458,Arduino 아두이노 우노 R3 스타터 키트 (기본),35000,35340,35340,35340,35340,35340,35340,35340,35340,,,,,35000,,,,,,36480,,,36480,,,,,35000,36480,36480,36480,36480,,36480,36480,36480,36480,,36480,36480,36480,36480,36480,36480,37620,37620,37620,37620,37620,37620,37620,37620,37620,37620,37620,37620,37620,37620,37620,37620
15497969,Arduino 아두이노 우노 R3 호환보드 DM72,3520,3520,3520,3520,3520,3520,3520,3520,3520,,,,,3520,,,,,,3520,,,3520,,,,,3520,3520,3520,3520,3520,,3520,3520,3520,3520,,3520,3520,3520,3520,3520,3520,3520,3520,3520,3520,3520,3520,3520,3520,3520,3520,3520,3520,3520,3520,3520,3520
6897841,B150 M-ATX (중고),31000,31030,31110,31150,29110,29120,29130,29090,29090,,,,,29090,,,,,,30560,,,30710,,,,,31040,31080,31090,31100,31190,,23900,23900,23900,23900,,23900,23900,23900,23900,23900,23900,23900,23900,23900,23900,23900,23900,23900,23900,23900,23900,23900,23900,23900,23900,23900,23900
6898861,B250 ATX (중고),41490,41490,41490,41490,41490,41490,41490,41490,41490,,,,,41490,,,,,,42990,,,42990,,,,,42990,42990,42990,42990,42990,,42990,42990,42990,42990,,42990,42990,42990,42990,42990,43490,43490,43490,43490,43490,43490,43490,43490,43490,43490,43490,43490,43490,43490,43490,43490,43490
6898747,B250 M-ATX (중고),36130,36130,36130,36130,36130,36130,36130,36160,36160,,,,,36160,,,,,,36170,,,35930,,,,,36260,36290,36380,36410,36500,,36620,36700,36700,36740,,36860,36890,36940,37010,37020,37100,37100,37100,37100,37100,37100,37100,37100,37100,37100,37100,37100,37100,37100,37100,37100,37100
16276010,B350 (중고),45990,45990,45990,45990,45990,45990,45990,45990,45990,,,,,45990,,,,,,47060,,,47210,,,,,47540,47580,47590,47680,47710,,46370,48190,48190,48190,,48430,48460,48510,48580,48680,48730,48730,48730,48730,48730,48730,48730,48730,48730,48730,48730,48730,48730,48730,48730,48730,48730
11973377,B360 (중고),34900,34900,34900,34900,34900,34900,34890,32550,32550,,,,,32550,,,,,,34990,,,34990,,,,,34990,34990,34990,34990,34990,,34990,34990,34990,34990,,34990,34990,34990,34990,34990,34990,34990,34990,34990,34990,34990,34990,34990,34990,34990,34990,34990,34990,34990,34990,34990,34990
11973419,B365 (중고),39890,39890,39890,39890,39890,34000,37000,37000,37000,,,,,37000,,,,,,37000,,,39990,,,,,39990,39990,39990,39990,39990,,39990,39990,39990,39990,,39990,39990,39990,39990,39990,39990,39990,39990,39990,39990,39990,39990,37690,37710,37810,37830,37930,37950,37960,38050,38070,38170
13902929,B450 (중고),61000,61000,61000,61000,50000,50000,50000,50000,50000,,,,,50000,,,,,,54490,,,54490,,,,,54490,64980,64980,64980,64980,,64980,64980,64980,64980,,64990,64990,64990,64990,64990,64990,64990,64990,64990,64990,64990,64990,64990,64990,64990,64990,64990,64990,64990,63990,63990,63990
16275503,B460 (중고),58000,58000,58000,58000,58000,58000,58000,58000,58000,,,,,58000,,,,,,58000,,,58000,,,,,58000,61990,61990,61990,61990,,61990,61990,61990,61990,,62890,62920,62970,63040,63140,63230,63230,63230,63230,63230,63230,63230,63230,63230,63230,63230,63230,63230,63230,63230,63230,63230
16277339,B550 (중고),88390,88390,88390,88390,88390,88340,88340,88340,88340,,,,,88340,,,,,,85400,,,85400,,,,,85390,85390,85390,85400,85400,,85400,85390,85390,85350,,85690,85720,85770,85840,85850,85930,85930,85930,85930,85930,85930,85930,85930,85930,85930,85930,85930,85930,85930,85930,85930,85930
16275551,B560 (중고),65900,65900,65900,65900,65900,65900,65900,65900,65900,,,,,65900,,,,,,65900,,,65900,,,,,65890,99750,99750,99750,99750,,99750,99750,99750,89900,,99750,99750,99750,99750,99750,100800,100800,100800,100800,100800,100800,100800,100800,100800,100800,100800,100800,100800,100800,100800,100800,100800
17743769,B660 DDR4 (중고),105000,105000,105000,105000,105000,105000,105000,105000,105000,,,,,105000,,,,,,99000,,,99000,,,,,99000,99000,99000,99000,99000,,99000,99000,99000,99000,,156000,156000,156000,156000,156000,156000,156000,156000,156000,156000,156000,156000,156000,156000,156000,156000,156000,156000,156000,156000,156000,156000
108411866,BIOSTAR A520MSP 제이씨현,61990,61980,61980,61990,61990,61990,61990,61990,61380,,,,,61990,,,,,,61990,,,61990,,,,,61990,61990,61990,61990,61990,,61990,61980,61990,61990,,61980,61990,61990,61990,61990,61990,61990,61990,61990,61990,61990,55380,61990,61990,61990,61990,61990,61990,61900,61900,61900,61990
97903310,BIOSTAR A620MS-E 제이씨현,89550,76000,76000,76000,76000,89550,89560,87420,87420,,,,,79000,,,,,,89560,,,89560,,,,,93060,94100,94590,94680,94710,,94770,94780,94990,94990,,94980,95000,95000,95000,94980,95000,95000,94990,95000,95000,94610,94610,94600,94600,94600,94600,94600,93310,90930,90930,90930,90930
29759561,BIOSTAR B650MT-E PRO 제이씨현,118810,118810,118810,118810,118810,118810,118810,118810,118810,,,,,118810,,,,,,118820,,,118820,,,,,118880,118920,119950,119950,119940,,121970,122970,123870,123870,,122990,123000,123000,123870,110870,110870,110870,110870,110870,110870,110870,110870,123870,123870,123870,123870,123870,123870,123870,123870,123860,123860
78102320,BIOSTAR B850MT-E PRO 제이씨현,142510,128990,128990,129000,129000,142510,132690,132700,132700,,,,,119000,,,,,,129000,,,129000,,,,,129200,129200,129200,129200,118980,,129200,128700,128700,128700,,128690,128700,142520,129260,129260,129260,129260,129250,129260,129260,129260,129260,129260,129250,129250,129260,129260,129260,129260,129260,129260,129250
95930900,BIOSTAR B850MT2-E DJ 제이씨현,126990,99000,99000,99000,99000,127100,126590,127100,127005,,,,,99000,,,,,,126990,,,126990,,,,,127000,127000,127000,127160,98990,,127150,127140,124480,124480,,124460,124470,124470,124470,124470,124480,124480,124470,124480,124480,124480,124480,126500,125270,125880,125500,125500,126710,126700,125380,126710,125910
4465664,BIOSTAR G31-M7 TE (중고),19600,19600,19600,19600,19600,19600,19600,19600,19600,,,,,19600,,,,,,19600,,,19400,,,,,19400,19400,19400,19400,19400,,19400,19400,19400,19400,,19400,19400,19400,19400,19400,19600,19600,19600,19600,19600,19600,19600,19600,19600,19600,19600,19600,19600,19600,19600,19600,19600
20178734,BIOSTAR H610MH D5 이엠텍,98050,98050,98050,98050,98050,98050,98050,98050,98050,,,,,98050,,,,,,98050,,,98050,,,,,98050,98050,98050,98050,98050,,98050,98050,98050,98050,,98050,98050,98050,98050,98050,98050,98050,98050,98050,98050,98050,98050,98050,98050,98050,98050,98050,98050,98050,98050,98050,98050
28248743,BIOSTAR H610MHD D5 제이씨현,84920,84900,79050,84990,79050,84990,79050,79050,79050,,,,,77460,,,,,,77460,,,77460,,,,,79050,79050,79050,79050,79050,,79050,79050,79050,79050,,84530,84540,84540,84540,84530,84530,79050,79050,79050,79050,59000,59000,79050,79050,79050,79050,79050,79050,79050,79050,79050,79050
96314975,BIOSTAR H610MHD D5 제이씨현 (중고),79000,79000,79000,79000,79000,79000,79000,79000,79000,,,,,79000,,,,,,79000,,,79000,,,,,79000,82800,82800,82800,82800,,82800,82800,82800,82800,,82800,82800,82800,82800,82800,82800,82800,82800,82800,82800,82800,82800,82800,82800,82800,82800,82800,82800,82800,82800,82800,82800
28248950,BIOSTAR H610MS 제이씨현,65000,65000,65000,65000,65000,65000,65000,65000,65000,,,,,65000,,,,,,75000,,,75000,,,,,75000,75000,75000,75000,74980,,75000,74980,75000,75000,,74980,75000,75000,75000,71760,71760,71760,71760,71760,71760,71760,66860,71760,71760,71760,71760,71760,71760,71760,71760,71760,71760
103694657,BIOSTAR H610MT-E D5 제이씨현,83890,83900,82730,82732,83150,83156,83900,83410,83990,,,,,79780,,,,,,79780,,,80280,,,,,80290,80290,80290,80290,80270,,80280,80290,80290,80290,,80270,80280,80280,80280,80280,80280,80290,80290,80290,80280,80280,80290,80290,80290,80290,80290,80290,80280,80290,80290,80290,80290
6192932,BIOSTAR H77MU3 소백 (중고) 이엠텍,75000,75000,75000,75000,75000,75000,75000,75000,75000,,,,,75000,,,,,,75000,,,75000,,,,,75000,75000,75000,75000,75000,,75000,75000,75000,75000,,75000,75000,75000,75000,75000,75000,75000,75000,75000,75000,75000,75000,75000,75000,75000,75000,75000,75000,75000,75000,75000,75000
122645671,BIOSTAR H810MT-E 2.0 제이씨현,107900,107900,107900,107900,107900,107900,107900,107900,107510,,,,,107900,,,,,,108000,,,108000,,,,,108000,108000,108000,108000,108000,,108000,108000,108000,108000,,108000,108000,108000,108000,108000,108980,104300,104300,104300,104300,104300,104300,104300,104300,104300,104300,104300,104290,104300,104300,104300,104300
6153801,BIOSTAR H81MDV3 (중고),24500,24500,24500,24500,24500,24500,24500,24500,24500,,,,,24500,,,,,,24500,,,24250,,,,,24250,24250,24250,24250,24250,,24250,24250,24250,24250,,24250,24250,24250,24250,24250,24500,24500,24500,24500,24500,24500,24500,24500,24500,24500,24500,24500,24500,24500,24500,24500,24500
5881295,BIOSTAR Hi-Fi B85S3+ (중고) 이엠텍,46000,46000,46000,46000,46000,46000,46000,46000,46000,,,,,46000,,,,,,46000,,,46000,,,,,46000,46000,46000,46000,46000,,46000,46000,46000,46000,,46000,46000,46000,46000,46000,46000,46000,46000,46000,46000,46000,46000,46000,46000,46000,46000,46000,46000,46000,46000,46000,46000
5232347,BIOSTAR TB250-BTC (해외구매),112200,112200,112200,112200,112200,112200,112200,112200,112200,,,,,112200,,,,,,112200,,,112200,,,,,112200,147160,147160,147160,147160,,147160,147160,147160,147160,,147160,147160,147160,147160,147160,147160,153300,153300,153300,153300,153300,153300,153300,153300,153300,153300,153300,153300,153300,153300,153300,153300
30311870,COLORFUL BATTLE-AX A520M-K M.2 V14 STCOM,161220,161220,161220,161220,161220,161220,161220,161220,161220,,,,,161220,,,,,,161220,,,161220,,,,,161220,161220,161220,161220,161220,,161220,161220,161220,161220,,161220,161220,161220,163070,163070,163070,163070,163070,163070,163070,163070,163070,163070,163070,163070,163070,163070,163070,163070,163070,163070,163070
106785044,COLORFUL BATTLE-AX A520M-K M.2 V14 도우정보,68000,68000,68000,68000,68000,68000,68000,68000,67920,,,,,67920,,,,,,67750,,,68000,,,,,68000,68000,68000,68000,68000,,68000,68000,68000,68000,,68000,68000,68000,68000,68000,68000,68000,68000,68000,68000,68000,68000,68000,68000,68000,68000,68000,68000,68000,68000,68000,68000
106784699,COLORFUL BATTLE-AX B650M-E PRO V14 도우정보,116000,116000,116000,116000,116000,116000,116000,116000,116000,,,,,116000,,,,,,116000,,,116000,,,,,116000,116000,116000,116000,116000,,116000,116000,116000,116000,,116000,116000,116000,116000,116000,116000,116000,116000,116000,116000,116000,116000,116000,116000,116000,116000,116000,116000,116000,116000,116000,116000
60151763,COLORFUL BATTLE-AX B650M-PLUS V14 STCOM,127040,129270,130040,130040,130040,138270,138270,136040,127040,,,,,125280,,,,,,125280,,,125280,,,,,125280,128280,128280,128280,128280,,128280,128280,128280,128280,,128280,128280,128280,128280,128280,128280,128280,128280,128280,128280,128280,128280,113280,113280,113280,113280,113280,113280,113280,113280,113280,113280
106785122,COLORFUL BATTLE-AX B760M-D PRO D4 V20 도우정보,125000,125000,125000,125000,125000,125000,125000,122800,122800,,,,,122800,,,,,,124730,,,125000,,,,,125000,125000,125000,124990,124990,,124990,124990,125000,125000,,125000,125000,125000,125000,125000,125000,125000,125000,125000,125000,125000,125000,125000,125000,125000,125000,125000,125000,125000,125000,125000,125000
20738630,COLORFUL BATTLE-AX B760M-K V20 D5 STCOM,124610,124610,124610,124610,124610,124610,124610,124610,124610,,,,,122570,,,,,,122570,,,122570,,,,,123590,123590,124850,124870,124910,,124910,124930,124950,124950,,124970,125030,125030,125050,125070,125110,125150,125190,125190,125210,125230,125230,125250,125270,125290,125290,125290,125290,125290,125290,125310,125310
18663323,COLORFUL BATTLE-AX B760M-PLUS V20 D5 STCOM,149750,149750,149750,154720,154720,149750,149750,149750,149750,,,,,149750,,,,,,149750,,,154720,,,,,154720,154720,154720,154720,154720,,154720,154720,154720,154720,,154720,154720,154720,154720,154720,154720,154720,154720,154720,154720,154720,154720,154720,154720,154720,154720,154720,154720,154720,154720,154710,154710
94129904,COLORFUL BATTLE-AX B850M-PLUS PRO WIFI V14 STCOM,178560,178560,178580,178600,178600,178600,178600,178600,178600,,,,,159000,,,,,,159000,,,179500,,,,,179600,179620,179620,179640,179680,,179680,179700,179720,179720,,183930,183990,183990,183990,178530,178550,178570,178610,178610,178620,178640,178660,178680,178700,178720,178720,178740,178760,178760,178760,178780,178780
124075601,COLORFUL BATTLE-AX B850M-PLUS S WIFI7 V14 도우정보,208990,208990,191020,191020,191020,191020,208990,209000,209000,,,,,189000,,,,,,189000,,,189000,,,,,189000,209000,209000,208990,208990,,208990,208990,209000,218890,,,,,,,,,,,,,,,,,,,,,,,
106784549,COLORFUL BATTLE-AX B850M-T WIFI V14 도우정보,165000,165000,165000,165000,165000,165000,165000,165000,165000,,,,,165000,,,,,,164520,,,165000,,,,,165000,165000,162000,161990,161990,,161990,161990,162000,162000,,162000,162000,162000,162000,161990,162000,162000,162000,162000,162000,162000,162000,162000,162000,162000,162000,162000,162000,162000,162000,162000,162000
58115534,COLORFUL COLORFIRE B760M-MEOW WIFI D5 ORANGE STCOM,236990,236990,236990,236990,236990,236990,236990,236990,236990,,,,,236990,,,,,,236990,,,236990,,,,,236990,236990,236990,237000,237000,,237000,237000,237000,237000,,237000,237000,237000,237000,237000,237000,237000,237000,237000,237000,237000,237000,237000,237000,237000,237000,237000,237000,237000,237000,237000,237000
89861528,COLORFUL CVN X870 ARK FROZEN V14 STCOM,340340,340340,340360,340380,340380,340380,340380,340380,340380,,,,,340380,,,,,,340460,,,340460,,,,,340540,340540,340540,340560,340600,,340600,340620,340640,340640,,348180,348230,348310,348410,340020,340080,340100,340140,340140,340140,340140,340140,340160,340180,340200,340200,340220,340240,340240,340240,340280,340280
124076275,COLORFUL CVN X870E ARK FROZEN V14 도우정보,389000,389000,355530,355530,355530,355530,389000,389000,389000,,,,,349000,,,,,,349000,,,349000,,,,,389000,389000,389000,388990,388990,,388990,388990,389000,379130,,,,,,,,,,,,,,,,,,,,,,,
106785227,COLORFUL H610M-D V20A 도우정보,75000,75000,75000,75000,75000,75000,75000,75000,75000,,,,,75000,,,,,,74740,,,75000,,,,,75000,75000,75000,73990,73990,,73990,73990,74000,74000,,74000,74000,74000,74000,74000,74000,74000,74000,74000,74000,74490,74400,74490,74490,74490,74490,74490,75000,75000,75000,75000,75000
19523846,COLORFUL H610M-E M.2 V20 D4 STCOM,77740,77740,77740,77740,77740,77740,77740,77740,77740,,,,,77740,,,,,,77740,,,77740,,,,,77740,77740,77740,77740,77740,,77740,77740,77740,77740,,77740,77740,77740,77740,77740,77740,77740,77740,77740,77740,77740,77740,77740,77740,77740,77740,77740,77740,77740,77740,77740,77740
4489363,ECS DELUXE H81H3-M3 (중고),22540,22540,22540,22540,22540,22540,22540,22540,22540,,,,,22540,,,,,,20580,,,20370,,,,,20370,20370,20370,20370,20370,,20370,20750,20760,20840,,20960,20990,19640,19640,19650,19730,19790,19790,19890,19910,20010,20030,20130,20150,20250,20270,20370,20390,20400,20490,20510,20610
19753526,ECS DURATHON2 B760H7-M8 코잇,142580,142580,142580,142580,142580,142580,142580,142580,142580,,,,,142580,,,,,,142580,,,142580,,,,,142580,142580,142580,142580,142580,,142580,142580,142580,142580,,142580,142580,142580,142580,142580,142580,142580,142580,142580,142580,142580,142580,142580,142580,142580,142580,142580,142580,142580,142580,142580,142580
19673975,ECS DURATHON2 B760H7-M8 코잇 (벌크),142140,142140,142140,142140,142140,142140,142140,142140,142140,,,,,142140,,,,,,142150,,,142150,,,,,142150,142150,142150,142150,142150,,142150,142150,142150,142150,,142150,142150,142150,142150,142150,142150,142150,142150,142150,142150,142150,142150,142150,142150,142150,142150,142150,142150,142150,142150,142150,142150
10525335,ECS DURATHON2 GLKD-I-J4005 코잇 (벌크) (65W 어댑터),470580,470580,470580,470580,470580,470580,470580,470580,470580,,,,,470580,,,,,,485760,,,480700,,,,,480700,480700,480700,480700,480700,,480700,480700,480700,480700,,480700,480700,480700,480700,480700,485760,485760,485760,485760,485760,485760,485760,485760,485760,485760,485760,485760,485760,485760,485760,485760,485760
10525329,ECS DURATHON2 GLKD-I-J4005 코잇 (벌크) (기본),475990,475990,475990,475990,475990,475990,475990,451980,451980,,,,,451980,,,,,,475990,,,475990,,,,,475990,475990,475990,475990,475990,,475990,475990,475990,475990,,475990,475990,475990,475990,475990,475990,475990,475990,475990,475990,475990,475990,475990,475990,475990,475990,475990,475990,475990,475990,475990,475990
16388984,ECS DURATHON2 GLKD-I-N4020 코잇 (벌크) (65W 어댑터),495990,495990,495990,495990,495990,495990,495990,470580,470580,,,,,470580,,,,,,495990,,,495990,,,,,495990,495990,495990,495990,495990,,495990,495990,495990,495990,,495990,495990,495990,495990,495990,495990,495990,495990,495990,495990,495990,495990,495990,495990,495990,495990,495990,495990,495990,495990,495990,495990
16313690,ECS DURATHON2 GLKD-I-N4020 코잇 (벌크) (기본),475990,475990,475990,475990,475990,475990,475990,451980,451980,,,,,451980,,,,,,475990,,,475990,,,,,475990,475990,475990,475990,475990,,475990,475990,475990,475990,,475990,475990,475990,475990,475990,475990,475990,475990,475990,475990,475990,475990,475990,475990,475990,475990,475990,475990,475990,475990,475990,475990
17395088,ECS DURATHON2 H610H7-M2 코잇,103220,103220,103220,103220,103220,103220,103220,103220,103220,,,,,103220,,,,,,103220,,,102220,,,,,102220,102230,102230,102320,102350,,102470,102560,102680,102770,,102880,102910,102960,103030,103130,103220,103220,103220,103220,103220,103220,103220,103220,103220,103220,103220,103220,103220,103220,103220,103230,103220
5994884,ECS ESSENTIALS H81H3-M4 (중고),19490,19490,19490,19490,19490,19490,19490,19490,19490,,,,,19490,,,,,,19490,,,19490,,,,,19490,19490,19490,19490,19490,,19490,19460,19490,19250,,19340,19370,19420,19490,19150,19170,19250,19350,19370,19470,19490,19110,19130,19230,19250,19350,19370,19380,19470,19490,19110,19130
4470743,ECS G41T-M (중고),18620,18620,18620,18620,18620,18620,18620,18620,18620,,,,,18620,,,,,,18620,,,18430,,,,,18430,18430,18430,18430,18430,,18430,18430,18430,18430,,18430,18430,18430,18430,18430,18620,18620,18620,18620,18620,18620,18620,18620,18620,18620,18620,18620,18620,18620,18620,18620,18620
4468027,ECS G41T-M6 (중고),22540,22540,22540,22540,22540,22540,22540,21390,21390,,,,,21390,,,,,,22540,,,22310,,,,,22310,22310,22310,22310,22310,,22310,22310,22310,22310,,22310,22310,22310,22310,22310,22540,22540,22540,22540,22540,22540,22540,22540,22540,22540,22540,22540,22540,22540,22540,22540,22540
4496749,ECS H55H-M (중고),76000,76000,76000,76000,76000,76000,36000,36000,36000,,,,,36000,,,,,,36000,,,36000,,,,,36000,36000,36000,36000,36000,,36000,36000,36000,36000,,36000,36000,36000,36000,36000,36000,36000,36000,36000,36000,36000,36000,36000,36000,36000,36000,36000,36000,36000,36000,36000,36000
99125693,ECS H610H7-TI5 D5 V2.2 코잇 (120W 어댑터 포함),194340,194340,194340,194340,194340,194340,194340,194340,194340,,,,,194340,,,,,,194340,,,194340,,,,,194340,194340,194340,194340,194340,,194340,194340,194340,194340,,194340,194340,194340,194340,194340,194340,194340,194340,194340,194340,194340,194340,194340,194340,194340,194340,194340,194340,194340,194340,194340,194340
99125729,ECS H610H7-TI5 D5 V2.2 코잇 (150W 어댑터 포함),203750,203750,203750,203750,203750,203750,203750,203750,203750,,,,,203750,,,,,,203750,,,203750,,,,,203750,203750,203750,203750,203750,,203750,203750,203750,203750,,203750,203750,203750,203750,203750,203750,203750,203750,203750,203750,203750,203750,203750,203750,203750,203750,203750,203750,203750,203750,203750,203750
99125546,ECS H610H7-TI5 D5 V2.2 코잇 (어댑터 미포함),171120,171120,171120,171120,171120,171120,171120,171120,171120,,,,,171120,,,,,,171120,,,171120,,,,,171300,171350,171350,171350,171350,,171350,171350,171350,171350,,171350,171350,171350,171350,171350,171350,171350,171350,171350,171350,171350,171350,171350,171350,171350,171350,171350,171350,171350,171350,171350,171350
19240112,ECS H610H7-TI5 코잇 (기본),165000,165000,165000,165000,165000,165000,165000,165000,165000,,,,,165000,,,,,,165000,,,165000,,,,,165000,165000,165000,165000,165000,,165000,165000,165000,165000,,165000,165000,165000,165000,165000,165000,165000,165000,165000,165000,165000,165000,165000,165000,165000,165000,165000,165000,,,,
4471394,ECS H67H2-M3 (중고),51000,51000,51000,51000,51000,51000,51000,51000,51000,,,,,51000,,,,,,51000,,,51000,,,,,51000,51000,51000,51000,51000,,51000,51000,51000,51000,,51000,51000,51000,51000,51000,51000,51000,51000,51000,51000,51000,51000,51000,51000,51000,51000,51000,51000,51000,51000,51000,51000
122678230,ECS H810H8-TI 코잇,175460,175460,175460,175460,175460,175460,175460,175460,175460,,,,,175460,,,,,,175460,,,175460,,,,,175460,175460,175460,175460,175460,,175460,175460,175460,175460,,175460,175460,175460,175460,175460,175460,175460,175460,175460,175460,175460,175460,175460,175460,175460,175460,175460,175460,175460,175460,175460,175460
122678247,ECS H810H8-TI 코잇 (125W 어댑터 포함),202000,202000,202000,202000,202000,202000,202000,202000,202000,,,,,202000,,,,,,202000,,,202000,,,,,202000,202000,202000,202000,202000,,202000,202000,202000,202000,,202000,202000,202000,202000,202000,202000,202000,202000,202000,202000,202000,202000,202000,202000,202000,202000,202000,202000,202000,202000,202000,202000
122678251,ECS H810H8-TI 코잇 (152W 어댑터 포함),214890,214890,214890,214890,214890,214890,214890,214890,214890,,,,,214890,,,,,,214890,,,214890,,,,,214890,214890,214890,214890,214890,,214890,214890,214890,214890,,214890,214890,214890,214890,214890,214890,214890,214890,214890,214890,214890,214910,214910,214930,214950,214950,214950,214960,214960,214960,214990,214990
2951159,FOXCONN G31MX-K (중고),30000,30000,30000,30000,30000,30000,30000,30000,30000,,,,,30000,,,,,,30000,,,30000,,,,,30000,30000,30000,30000,30000,,30000,30000,30000,30000,,30000,30000,30000,30000,30000,30000,30000,30000,30000,30000,30000,30000,30000,30000,30000,30000,30000,30000,28910,22540,22540,22540
4494385,FOXCONN G41MX-K (중고),20000,20000,20000,20000,20000,20000,20000,20000,20000,,,,,20000,,,,,,20000,,,20000,,,,,20000,20000,20000,20000,20000,,20000,20000,20000,20000,,20000,20000,20000,20000,20000,20000,20000,20000,20000,20000,20000,20000,20000,20000,20000,20000,20000,20000,20000,20000,20000,20000
4471348,FOXCONN H55MXV (중고),12490,12490,12490,12490,12490,12490,12490,12490,12490,,,,,12490,,,,,,12490,,,11000,,,,,11000,12410,12410,12410,12410,,12410,12410,12410,12410,,12410,12410,12410,12460,12470,12420,12420,12420,12420,12420,12420,12420,12420,12420,12420,12420,12420,12420,12420,12420,12420,12420
4471379,FOXCONN H55MXV-LE (중고),76000,76000,76000,76000,76000,76000,36000,36000,36000,,,,,36000,,,,,,36000,,,36000,,,,,36000,36000,36000,36000,36000,,36000,36000,36000,36000,,36000,36000,36000,36000,36000,36000,36000,36000,36000,36000,36000,36000,36000,36000,36000,36000,36000,36000,36000,36000,36000,36000
4470578,FOXCONN H61MXL-K (중고),17000,17000,17000,17000,17000,17000,17000,17000,17000,,,,,17000,,,,,,17000,,,17000,,,,,17000,17000,17000,17000,17000,,17000,17000,17000,17000,,17000,17000,17000,17000,17000,17000,17000,17000,17000,17000,17000,17000,17000,17000,17000,17000,17000,17000,17000,17000,17000,17000
6500307,GIGABYTE A320M-H 듀러블에디션 피씨디렉트,110000,110000,110000,110000,110000,110000,110000,110000,110000,,,,,110000,,,,,,110000,,,110000,,,,,110000,110000,110000,110000,110000,,110000,110000,110000,110000,,110000,110000,110000,110000,110000,110000,110000,110000,110000,110000,110000,110000,110000,110000,110000,110000,110000,110000,110000,110000,110000,110000
20459081,GIGABYTE A520M K V2 제이씨현,55990,55990,55990,55990,55990,55990,55990,55990,55990,,,,,55990,,,,,,55990,,,58070,,,,,59280,59280,59280,59280,52000,,59290,59290,61330,61340,,52000,52000,61950,61950,61950,61950,54000,54000,54000,61950,55000,56970,56970,56970,56970,56970,56970,56970,56970,56980,56980,56980
19431530,GIGABYTE A520M K V2 피씨디렉트,56550,55895,55990,56000,56990,57170,57170,57260,57290,,,,,58000,,,,,,59880,,,57950,,,,,61470,59880,61470,61320,54000,,61480,61480,59300,59310,,62130,62170,62190,62220,62270,62290,62290,62290,62290,62290,62290,56990,57000,57000,57000,61950,61950,61950,61950,62160,62230,62230
12077093,GIGABYTE A520M S2H 듀러블에디션 제이씨현,465000,465000,465000,465000,465000,465000,465000,465000,465000,,,,,465000,,,,,,480000,,,475000,,,,,168330,168330,168330,168330,168330,,168330,168330,168330,168330,,168330,168330,168330,168330,168330,168330,168330,168330,168330,168330,168330,168330,168330,168330,168330,168330,168330,168330,480000,480000,480000,480000
19673600,GIGABYTE A620M GAMING X 제이씨현,151520,151520,151520,151520,151520,151520,151520,151520,151520,,,,,151520,,,,,,151520,,,151520,,,,,151840,151970,152070,152160,153160,,153160,153160,153170,153170,,160190,160190,160190,160190,160190,160190,160200,160210,160210,160210,160210,160210,160220,160220,151470,151470,151470,151470,151470,151470,151470,151470
19725299,GIGABYTE A620M GAMING X 피씨디렉트,169840,169840,168230,168230,168230,169840,169840,169840,169850,,,,,166350,,,,,,166350,,,166350,,,,,166350,166350,166350,166350,166350,,166350,166350,166340,166340,,166340,166340,166340,166340,166350,166350,166350,166350,166350,166350,166360,172990,172990,170490,170490,170490,172990,172990,172990,172990,170480,170480
106465508,GIGABYTE A620M H 피씨디렉트,96060,96050,96110,96130,96150,98600,98610,98610,96920,,,,,96130,,,,,,94540,,,94540,,,,,94770,94480,94480,94500,94540,,94540,94540,94550,94550,,98450,98530,98540,98560,98560,98560,98560,98550,98550,98560,98580,98210,98210,98220,98220,98220,98600,98610,98980,98990,98990,98990
11684576,GIGABYTE B550M AORUS ELITE 제이씨현,117680,116420,117680,117680,117680,117680,117680,117680,117680,,,,,117680,,,,,,117680,,,117680,,,,,117680,117680,117680,117680,114000,,117680,117680,118670,118670,,115000,118670,118670,118670,118670,118670,118670,118670,118670,118900,118900,118900,118900,118900,118900,118900,118900,115900,118900,118900,118900,118900
11751599,GIGABYTE B550M AORUS ELITE 피씨디렉트,117330,117330,117330,117330,117330,117330,114250,114250,116110,,,,,115990,,,,,,117150,,,115220,,,,,116730,115780,115780,115970,115980,,115860,115980,114260,114260,,117180,117190,118320,118320,118320,118320,118890,118930,118950,118960,118980,117230,117230,117230,117230,117230,117230,117230,120430,121450,118940,118950
124298817,GIGABYTE B550M X AORUS ELITE 피씨디렉트,143990,143990,143990,143990,143990,144000,144000,148250,148250,,,,,,,,,,,,,,,,,,,,,,,,,,,,,,,,,,,,,,,,,,,,,,,,,,,
18397403,GIGABYTE B560M AORUS PRO AX (해외구매),278200,278200,278200,278200,278200,278200,278200,278200,278200,,,,,278200,,,,,,278200,,,278200,,,,,278200,278200,278200,278200,278200,,278200,278200,278200,278200,,278200,278200,278200,229900,229900,229900,229900,229900,229900,229900,229900,229900,229900,229900,229900,229900,229900,229900,229900,229900,229900,229900
30070400,GIGABYTE B650 AORUS ELITE AX ICE 제이씨현,262000,262000,281000,262000,281000,262000,262000,262000,262000,,,,,262000,,,,,,262000,,,262000,,,,,281000,281000,281000,281000,281000,,281000,281000,281000,262000,,262000,262000,262000,262000,262000,262000,262000,262000,262000,262000,262000,262000,262000,262000,262000,262000,262000,262000,262000,262000,262000,262000
32078006,GIGABYTE B650 AORUS ELITE V2 제이씨현,200000,200000,200000,200000,200000,200000,200000,200000,200000,,,,,200000,,,,,,297000,,,297000,,,,,209000,209000,209000,209000,209000,,209000,209000,209000,209000,,209000,209000,209000,209000,209000,209000,209000,209000,209000,209000,209000,209000,209000,209000,209000,209000,209000,209000,209000,209000,209000,209000
32071067,GIGABYTE B650 AORUS ELITE V2 피씨디렉트,361300,361300,361300,361300,361300,361300,361300,361300,361300,,,,,361300,,,,,,208990,,,208990,,,,,203970,203970,203970,203970,203770,,203970,203970,203970,203970,,203970,203970,203970,203970,203970,203970,203970,203970,203970,203970,203970,203970,203970,203970,203970,203970,203970,203970,203970,203970,203750,203750
18189497,GIGABYTE B650 AORUS ELITE 피씨디렉트,212500,212500,212500,212500,212500,212500,212500,212500,212500,,,,,212500,,,,,,212500,,,212500,,,,,214500,214500,214500,214500,214500,,214500,214500,214500,214500,,214500,214500,214500,214500,214500,214500,214500,214500,214500,214500,214500,214500,214500,214500,214500,214500,214500,214500,214500,214500,214500,214500
34741730,GIGABYTE B650E AORUS ELITE X AX ICE 제이씨현,251690,251690,251690,251690,251690,251690,251690,251690,251690,,,,,251690,,,,,,251690,,,251690,,,,,251690,251690,251690,251690,251690,,251690,251690,251690,251690,,251690,251690,251690,251690,251690,251690,251690,251690,251690,251690,251690,251690,251690,251690,251690,251690,251690,251690,258570,251690,251690,251690
102553601,GIGABYTE B650EM DS3H WIFI6E 피씨디렉트,160380,160380,160380,160380,160380,160380,160380,162000,162000,,,,,162000,,,,,,,,,,,,,,,,,,,,,,,,,,,,,,,,,,,,,,,,,,,,,,
18344240,GIGABYTE B650M AORUS ELITE AX (해외구매),418970,418970,418970,418970,418970,418970,418970,418970,418970,,,,,418970,,,,,,418970,,,418970,,,,,418970,418970,418970,418970,418970,,418970,418970,418970,418970,,418970,418970,418970,418970,418970,418970,410310,410310,410310,410310,410310,410310,410310,410310,410310,410310,410310,410310,410310,410310,410310,410310
29863127,GIGABYTE B650M AORUS ELITE AX ICE 제이씨현,291400,291400,240000,291400,240000,291400,291400,271290,271290,,,,,271290,,,,,,291400,,,240000,,,,,240000,240000,240000,202740,202740,,202740,202740,202740,240000,,240000,240000,240000,240000,240000,240000,240000,240000,240000,240000,240000,240000,240000,240000,240000,240000,240000,240000,240000,240000,240000,240000
29916821,GIGABYTE B650M AORUS ELITE AX ICE 피씨디렉트,239040,239040,239040,239040,239040,239040,239040,231570,231570,,,,,199000,,,,,,,,,,,,,,,,,,,,,,,,,,,,,,,,,,,,,,,,,,,,,,
18113015,GIGABYTE B650M AORUS ELITE AX 피씨디렉트,198980,198980,198910,198940,198980,198970,198980,199000,199000,,,,,198990,,,,,,314900,,,314900,,,,,314900,314900,314900,314900,314900,,314900,314900,314900,314900,,314900,314900,314900,314900,314900,314900,314900,314900,314900,314900,314900,314900,314900,314900,314900,314900,314900,314900,314900,314900,314900,314900
17970338,GIGABYTE B650M AORUS ELITE 제이씨현,173230,173230,167230,173230,173230,180480,164220,173220,167220,,,,,170220,,,,,,167230,,,165340,,,,,165480,168340,168340,184480,168340,,168340,184480,168340,171340,,178470,175470,172460,175460,175460,181480,184480,173430,170430,178470,181480,184480,184480,184480,184480,173480,173480,173480,173480,184480,184480,173430
20324882,GIGABYTE B650M K 제이씨현,112980,112980,112980,112990,113000,112430,112430,112430,112430,,,,,113450,,,,,,115170,,,116880,,,,,116880,116880,116880,116880,116880,,116880,116880,116880,116880,,116880,116880,116880,116890,111920,111920,111920,111920,111920,105470,111920,111920,111920,111920,111920,111920,111920,111920,111920,111920,110240,110240
94080773,GIGABYTE B650M K 제이씨현 (벌크),115900,115900,115900,115900,115900,115900,115900,115900,115900,,,,,115900,,,,,,115900,,,116980,,,,,116980,116980,116990,117000,117900,,117900,117900,117900,117900,,117900,117900,117900,117900,117900,117900,118510,118510,118510,114000,114000,114000,114000,114000,114000,114000,113180,113180,113180,113180,113180,113180
21727307,GIGABYTE B650M K 피씨디렉트,112950,112950,115900,115930,115950,113420,113420,112430,113440,,,,,112230,,,,,,112210,,,112210,,,,,112210,112210,112210,112210,112210,,112230,112230,112240,111760,,113990,113990,110470,115990,111900,111900,111900,111900,111900,111900,111900,111900,111900,111900,111900,111900,111900,111900,111900,113400,110080,110080
21731021,GIGABYTE B650M S2H 제이씨현,174720,174720,174720,174720,174720,174720,174720,169260,169260,,,,,169260,,,,,,174720,,,174720,,,,,174720,174720,174720,174720,174720,,174720,174720,174720,174720,,174720,174720,174720,174720,174720,174720,174720,174720,174720,174720,174720,174720,174720,174720,174720,174720,174720,174720,174720,174720,174720,174720
105817802,GIGABYTE B760M AORUS ELITE D4 GEN5 제이씨현,177480,177120,177480,177480,177480,177480,177480,177480,177480,,,,,177480,,,,,,177480,,,177480,,,,,177480,177480,177480,177480,177480,,177480,177480,177480,177480,,177480,177480,177480,177480,177480,177480,177480,177480,177490,178980,178980,178980,178980,178980,178980,178990,178990,180560,180560,180560,180560,180560
105813494,GIGABYTE B760M AORUS ELITE D4 GEN5 피씨디렉트,173360,172870,172870,173360,173370,173400,173400,173400,173400,,,,,173370,,,,,,173400,,,173400,,,,,173420,173440,173460,173480,173550,,173700,173800,174000,174100,,174470,174690,174880,175000,175100,175300,175400,175490,175690,175900,176000,176100,176300,176290,176390,176330,176800,176900,178600,178600,178600,178600
18651545,GIGABYTE B760M AORUS ELITE D4 피씨디렉트,197330,197330,197330,197330,197330,197330,197330,191360,191360,,,,,191360,,,,,,197330,,,195280,,,,,195280,195280,195280,195280,195280,,195280,195280,195280,195280,,195280,195280,195280,195280,195280,197330,197330,197330,197330,197330,197330,197330,197330,197330,197330,197330,197330,197330,197330,197330,197330,197330
90271250,GIGABYTE B760M AORUS ELITE GEN5 제이씨현,174440,174450,174450,174450,174460,176390,176390,176390,176390,,,,,169000,,,,,,176390,,,176410,,,,,174450,174450,174450,174450,174450,,175400,175400,176400,176400,,176400,176400,176400,177000,177000,177000,169520,171500,172000,172000,172800,172800,172800,172800,172800,172800,170000,169990,169990,169990,169990,169990
90502931,GIGABYTE B760M AORUS ELITE GEN5 피씨디렉트,176230,176230,176230,176230,176240,178980,178980,178990,178990,,,,,176480,,,,,,178970,,,178980,,,,,178530,177080,178530,178530,176200,,176230,176230,178160,177080,,178160,178160,178160,178160,178160,178160,178160,178160,178160,178160,178160,174490,174490,174490,174490,174490,174490,174500,165000,165000,165000,165000
18649997,GIGABYTE B760M AORUS ELITE 제이씨현,190000,190000,190000,190000,190000,190000,190000,190000,190000,,,,,190000,,,,,,190000,,,190000,,,,,190000,190000,190000,190000,190000,,190000,190000,190000,190000,,190000,190000,190000,190000,190000,190000,190000,190000,190000,190000,190000,190000,190000,190000,190000,190000,190000,190000,190000,190000,190000,190000
18651431,GIGABYTE B760M AORUS ELITE 피씨디렉트,190000,190000,190000,190000,190000,190000,190000,189990,189990,,,,,189990,,,,,,189990,,,189990,,,,,189990,189990,189990,190000,190000,,190000,190000,190000,190000,,190000,190000,190000,190000,190000,190000,190000,190000,190000,190000,190000,190000,190000,190000,190000,190000,190000,190000,190000,190000,190000,190000
94888226,GIGABYTE B760M D2HX LITE SI GEN5 피씨디렉트 (벌크),100760,98180,98180,98180,98190,100760,101070,100760,100760,,,,,98220,,,,,,100750,,,96820,,,,,100760,100760,101350,101350,101350,,101350,101360,101370,80000,,101760,101760,101760,95000,95000,95000,95000,95000,95000,95000,95000,101760,101760,101760,101760,101760,101760,101760,101760,101380,101380,101390
106044725,GIGABYTE B760M DS3H D4 GEN5 제이씨현,133050,133050,130620,130620,130630,133050,133050,133050,133050,,,,,126580,,,,,,133050,,,133050,,,,,133060,133060,133060,133060,133060,,133060,133060,133070,133070,,133900,134090,134300,134380,134490,134490,134490,134490,134490,134490,134490,134490,134490,134490,134490,134490,134490,134490,134490,134490,134490,134490
109597367,GIGABYTE B760M DS3H D4 GEN5 피씨디렉트,131580,131570,131630,131650,131670,131690,132150,132150,132160,,,,,130350,,,,,,129750,,,129750,,,,,129750,129760,130840,131160,131660,,131660,131660,130840,130840,,134280,134350,134360,134390,134390,134390,133830,133830,133840,134390,134410,133580,133580,133590,133610,133630,133640,134460,140620,140620,140630,140690
18650483,GIGABYTE B760M DS3H D4 제이씨현,123130,123180,123180,123180,123680,123680,123180,122280,127490,,,,,127490,,,,,,128250,,,127970,,,,,127970,127970,127970,127970,127970,,127970,129700,129700,129700,,129700,129720,129720,129720,129720,129720,129720,129720,129720,129720,129720,129720,129720,129720,129720,129720,129720,127680,127680,127680,127680,127680
18651560,GIGABYTE B760M DS3H D4 피씨디렉트,122270,122270,122270,122270,122280,122280,122990,122990,122990,,,,,122990,,,,,,123300,,,123290,,,,,123290,123300,125600,127490,127490,,125610,125610,125610,127480,,128280,128280,128280,127070,127070,127070,127070,127070,127070,127070,128270,128280,128280,128280,128280,126810,127080,128280,129960,129960,129960,129960
91871951,GIGABYTE B760M DS3H GEN5 제이씨현,132990,132990,132990,132990,132990,132990,132990,132990,132990,,,,,132990,,,,,,132990,,,132990,,,,,134980,134980,134980,134990,134990,,134990,134990,134970,134970,,134970,134970,134970,138710,139990,128550,140000,128280,128280,140000,140000,120520,120520,120520,120520,120520,120520,120520,120520,120520,120520,120520
91872095,GIGABYTE B760M DS3H GEN5 피씨디렉트,135850,135850,135840,135840,135860,139780,139790,140000,137050,,,,,134340,,,,,,134340,,,134340,,,,,134340,134340,134340,134340,134210,,134340,134340,135340,135340,,135330,135350,135360,135380,135380,135400,138980,128280,128280,138980,138990,128816,128816,130750,130870,130990,134730,134730,134740,134740,127020,127020
106047329,GIGABYTE B760M DS3H WIFI6E D4 GEN5 제이씨현,155120,155120,155120,155120,155120,155120,155120,155120,155130,,,,,149000,,,,,,155000,,,155000,,,,,155000,155000,155000,155000,155000,,155000,155000,155000,155000,,155000,155000,155000,155000,155000,155000,155000,155000,155000,155000,155000,155000,155000,155000,155000,155000,155000,160270,162990,162990,162990,162990
105968915,GIGABYTE B760M DS3H WIFI6E D4 GEN5 피씨디렉트,145170,145170,145220,145240,145260,148590,148690,148690,148700,,,,,146170,,,,,,149010,,,149010,,,,,150350,150350,150350,150370,150420,,148210,148210,150460,150460,,154190,154260,154270,154290,154340,154340,154340,154330,154330,154290,154340,153650,153650,153630,153640,153700,154340,154350,158870,158870,158870,158870
18813608,GIGABYTE B760M DS3H 제이씨현,139000,139000,139000,139000,139000,139000,139000,139000,139000,,,,,139000,,,,,,139000,,,139000,,,,,139000,139000,139000,139000,139000,,139000,139000,139000,139000,,139000,139000,139000,139000,139000,139000,139000,139000,139000,139000,139000,139000,139000,139000,139000,139000,139000,139000,139000,139000,139000,139000
18781991,GIGABYTE B760M DS3H 피씨디렉트,151720,151720,151720,151720,151720,151720,151720,151720,151720,,,,,151720,,,,,,151720,,,151720,,,,,151720,151720,151720,151720,151720,,151720,151720,151720,151720,,151720,151720,151720,151720,151720,151720,151720,151720,151720,151720,151720,151720,151720,151720,151720,151720,151720,151720,151720,151720,151720,151720
73892279,GIGABYTE B850 AORUS ELITE WIFI7 ICE 제이씨현,289030,289030,289030,289030,289030,289030,289030,289030,289030,,,,,289030,,,,,,290050,,,290050,,,,,290060,298980,298980,298980,298980,,298980,298980,298980,298980,,298980,298980,298980,298980,298980,298980,298980,298980,298980,298980,298990,299000,299000,299000,299000,299000,299000,299000,300790,300790,300790,300790
73891778,GIGABYTE B850 AORUS ELITE WIFI7 ICE 피씨디렉트,291460,291450,291490,291510,291530,295200,295200,295200,295210,,,,,295150,,,,,,288530,,,288540,,,,,288540,288540,287730,295200,291530,,291530,291530,289710,289710,,289710,289710,289710,289900,289900,289900,289900,286960,289890,289900,292190,289190,295220,291810,295210,294810,295220,292240,302950,300220,300210,303200
73892309,GIGABYTE B850 AORUS ELITE WIFI7 제이씨현,280370,260000,260000,260000,260000,280370,280370,280370,280370,,,,,270000,,,,,,280370,,,280370,,,,,285640,288410,288410,288410,288410,,288410,288410,288410,288410,,288410,288410,288410,288410,288410,288410,288410,288410,288410,288410,288410,288410,288410,288410,288410,288410,288410,288410,288410,288410,288410,288410
73891739,GIGABYTE B850 AORUS ELITE WIFI7 피씨디렉트,279290,279290,279290,279290,279290,279290,279290,279290,279310,,,,,279310,,,,,,279310,,,279330,,,,,279330,279330,279330,279330,279330,,279330,279330,279330,279330,,279330,279330,279330,279330,279330,279330,279330,279330,279330,279330,279330,279330,279340,279340,279340,279340,279340,279350,290780,290780,290750,290750
122726156,GIGABYTE B850 AORUS ELITE X3D 제이씨현,317980,317980,317980,317980,317980,317980,317980,317980,317980,,,,,317980,,,,,,317980,,,317980,,,,,317980,317980,317980,317980,317980,,317980,317980,317980,317980,,317980,317980,317980,317980,317980,317980,317980,317980,317980,317980,317980,317980,317990,317990,317990,318000,319040,319040,319040,319040,319040,319040
122718466,GIGABYTE B850 AORUS ELITE X3D 피씨디렉트,310230,310230,310280,310300,310320,314240,310340,310330,314240,,,,,310320,,,,,,310320,,,308390,,,,,310320,308410,308410,310220,310270,,308410,308410,308410,308410,,314130,314210,314220,314240,314240,314240,314240,314230,314230,314240,314240,314220,314220,314210,314210,314230,314240,314250,323770,321770,321770,321780
124088229,GIGABYTE B850 AORUS ELITE-P ICE 제이씨현,319020,319020,319020,319020,319020,319020,319020,319020,319020,,,,,319020,,,,,,319020,,,319020,,,,,319040,319040,324720,324720,324780,,317000,316990,327240,,,,,,,,,,,,,,,,,,,,,,,,
124130429,GIGABYTE B850 AORUS ELITE-P ICE 피씨디렉트,319710,319710,319700,319700,319720,316430,316440,323290,323290,,,,,322360,,,,,,319710,,,323361,,,,,324060,,,,,,,,,,,,,,,,,,,,,,,,,,,,,,,,
93500939,GIGABYTE B850 AORUS STEALTH ICE 제이씨현,379000,379000,379000,379000,379000,379000,379000,379000,379000,,,,,379000,,,,,,379000,,,379000,,,,,379000,379000,379000,379000,369950,,370460,370460,379000,378990,,376490,376490,378990,347230,378990,378990,378990,376490,376490,378990,378990,379000,379000,376490,376490,376490,377900,377900,377900,377900,377720,376490
93442604,GIGABYTE B850 AORUS STEALTH ICE 피씨디렉트,378220,378220,378220,378220,378230,386490,378230,386500,386500,,,,,386490,,,,,,372750,,,379740,,,,,377990,377990,377990,377990,377990,,377990,378000,384850,384850,,384850,384860,384870,384940,384960,384980,384980,384980,384980,384980,384980,384980,384980,384980,384980,384980,384980,384980,384980,384980,378960,378960
108227489,GIGABYTE B850 AORUS STEALTH 제이씨현,378990,378990,378990,378990,378990,378990,378990,379000,379000,,,,,379000,,,,,,379000,,,378990,,,,,378990,378990,378990,378990,378990,,378990,378990,378990,378990,,378990,378990,378990,378990,378990,379000,379000,379000,379000,379000,379000,379000,379000,379000,379000,379000,379000,379000,379000,379000,379000,379000
104966336,GIGABYTE B850 AORUS STEALTH 피씨디렉트,378130,378130,378180,378200,378220,385570,385160,385570,385580,,,,,381410,,,,,,382560,,,378160,,,,,378220,380950,380950,380970,378210,,378210,378210,375900,375900,,382630,382680,382720,382740,382750,382770,382770,382760,382760,382770,382770,382770,382770,382760,382760,382760,382770,382770,382770,382130,382130,382140
99746582,GIGABYTE B850 EAGLE ICE 제이씨현,224890,224890,224890,224890,224890,224890,224890,224890,224890,,,,,224890,,,,,,224890,,,224890,,,,,224890,224980,224980,224980,224980,,224980,224980,224980,224980,,224980,224980,224980,224980,224980,224980,224980,224980,224980,224980,224980,224980,224980,224980,224980,224980,224980,224980,224980,224980,224980,224980
100192475,GIGABYTE B850 EAGLE ICE 피씨디렉트,220210,220020,220050,220170,220230,220230,220230,211890,211890,,,,,211890,,,,,,220210,,,219910,,,,,220230,220180,220220,220990,220990,,220990,220990,220930,220930,,220930,220930,220930,220930,220930,220930,220940,220980,220940,220940,220940,220940,225940,225930,225930,225930,225950,226000,229090,229090,229050,230660
77856971,GIGABYTE B850I AORUS PRO 피씨디렉트,317750,317750,317750,317750,315490,315490,315490,318000,318000,,,,,324960,,,,,,324990,,,324990,,,,,327990,327990,327990,327990,319710,,317750,317750,327990,327990,,320240,320270,325000,327990,327990,327990,339000,339000,339000,339000,339000,339000,339000,339000,339000,339000,339000,339000,339000,330220,330220,330230
73892423,GIGABYTE B850M AORUS ELITE WIFI6E ICE 제이씨현,218180,218180,209000,209000,209000,218180,218180,218180,218180,,,,,210000,,,,,,218180,,,218180,,,,,218180,228900,228900,228990,220000,,217340,229000,231350,231350,,228000,231350,231350,231350,231350,231360,231820,231820,231820,231820,231820,231820,231820,231820,231820,231820,231820,231820,231820,227490,227490,227490
73892000,GIGABYTE B850M AORUS ELITE WIFI6E ICE 피씨디렉트,221870,221640,221640,221730,223560,224100,219480,219480,224360,,,,,217620,,,,,,222250,,,220020,,,,,221070,220210,220220,222840,223480,,222220,222220,222220,221720,,223910,223990,224000,224000,224010,224630,224630,224710,224820,224840,224840,224480,224490,224840,224840,224860,224870,224880,237980,237980,237980,238040
78843671,GIGABYTE B850M AORUS ELITE WIFI6E 제이씨현,214630,214630,214630,214630,214630,214630,214630,214630,214630,,,,,214630,,,,,,217840,,,217840,,,,,217840,221920,221920,221920,221920,,221920,221920,221920,221930,,223490,223490,223490,223490,223490,223490,223490,223490,223490,223490,223490,223490,223490,223490,223490,223490,223490,223490,223490,223490,223490,223490
79000790,GIGABYTE B850M AORUS ELITE WIFI6E 피씨디렉트,222430,222430,222430,222430,222430,222440,222440,222440,222450,,,,,218550,,,,,,222450,,,219920,,,,,228480,221720,223460,223470,223540,,221070,221070,226480,223560,,226470,226490,226500,221100,221100,221490,221480,223470,223470,219580,221500,224480,224490,226750,226750,226760,228760,228370,232000,232000,232000,232000
99746822,GIGABYTE B850M AORUS ELITE WIFI7 ICE-P 제이씨현,315000,315000,315000,315000,315000,315000,315000,315000,315000,,,,,295000,,,,,,295000,,,258990,,,,,258990,258990,258990,258990,258990,,258990,258990,258990,258990,,258990,258990,258990,258990,258990,258990,258990,258990,258990,258990,258990,258990,258990,258990,258990,258990,258990,258990,262900,262900,262900,262900
99945386,GIGABYTE B850M AORUS ELITE WIFI7 ICE-P 피씨디렉트,236500,236500,236500,236500,236500,236500,236500,236500,264000,,,,,258990,,,,,,258990,,,258990,,,,,259000,252710,252710,252720,252770,,252840,252840,253830,253830,,253290,254920,255970,257380,257680,257680,258230,258220,258220,258230,258230,258250,258310,258280,258280,258280,258290,258290,261320,254990,254990,254990
106727312,GIGABYTE B850M AORUS PRO WIFI7 제이씨현,250870,250870,250870,250870,250870,250870,250870,250870,250870,,,,,250870,,,,,,250870,,,252330,,,,,258490,258540,258540,258540,258540,,258540,258540,258540,258540,,258540,258540,258540,258540,258540,258540,258540,258540,258550,258990,258990,258990,258990,258990,258990,258990,258990,258990,260050,260050,260050,260050
106695713,GIGABYTE B850M AORUS PRO WIFI7 피씨디렉트,252770,252760,252800,252820,252840,252870,258490,258490,258500,,,,,258440,,,,,,255740,,,252830,,,,,258490,255750,255750,255750,252840,,249990,249990,249990,249990,,249990,249990,249990,249990,249990,249990,249990,249990,249990,249990,249990,249990,249990,249990,249990,249990,250000,255240,255240,255250,255240,255240
122711070,GIGABYTE B850M AORUS STEALTH ICE 제이씨현,298790,298790,298790,298790,298790,298790,298790,298790,298790,,,,,298790,,,,,,295110,,,295110,,,,,298790,298820,298820,298820,298820,,298820,298820,298820,298820,,298820,298820,298820,298820,298820,298820,298820,298820,298820,298820,298820,298820,288000,288000,288000,288000,293300,293300,298820,298820,298820,298820
122710775,GIGABYTE B850M AORUS STEALTH ICE 피씨디렉트,280920,280920,280970,280990,281010,281020,281020,281030,287990,,,,,280970,,,,,,280940,,,280940,,,,,279330,276850,279330,280940,280990,,281010,281010,279330,279330,,287890,287960,287970,287990,287950,287990,287990,287980,287980,287990,287990,287060,287060,287050,287050,287080,287990,287990,292600,289320,289320,289330
122711072,GIGABYTE B850M AORUS STEALTH 제이씨현,278750,278750,278750,278750,278750,278750,278750,278750,278750,,,,,278750,,,,,,280370,,,280370,,,,,287970,298870,298870,298870,298870,,298870,298870,298870,298870,,298870,298870,298870,298870,298870,298870,298870,298870,298870,298870,298870,289880,289880,289880,289880,289880,289880,289880,298880,298880,298880,298880
122710792,GIGABYTE B850M AORUS STEALTH 피씨디렉트,281010,281010,281000,281000,281020,276850,284900,284900,287980,,,,,280970,,,,,,281020,,,279330,,,,,281020,276840,276840,280920,280970,,279330,279330,279330,279330,,287860,287930,287940,287970,287980,287980,287980,287970,287970,287980,287980,287070,287070,287060,287060,287080,287990,287990,292600,292600,292600,292600
77460818,GIGABYTE B850M DS3H ICE 제이씨현,164270,164270,164270,164270,164270,164270,164270,164270,164290,,,,,165700,,,,,,165700,,,165700,,,,,168230,170000,170000,170000,170000,,170010,170010,170010,170010,,170010,170010,170010,170010,170010,170010,170010,170010,170010,170010,170010,170010,170010,170010,170010,170010,170010,170010,170010,170010,170010,170010
77620880,GIGABYTE B850M DS3H ICE 피씨디렉트,154040,154060,154090,154110,154130,154140,154140,154140,154150,,,,,154120,,,,,,165250,,,167760,,,,,167750,167750,167750,169810,169820,,167760,167760,167760,167760,,169100,169120,169120,169120,169120,169120,169120,169120,169120,169120,169120,168350,168350,168350,168360,169980,171450,169970,171630,172040,171330,171330
73892354,GIGABYTE B850M DS3H 제이씨현,158990,158990,158990,158990,158990,158980,158990,158990,158990,,,,,158990,,,,,,166190,,,166450,,,,,168220,172480,172480,162760,162760,,162760,162760,162760,162760,,162760,162760,162760,162760,162760,162760,162760,162760,162760,162760,162760,162760,162760,162760,162760,162760,162760,162760,162760,162780,162780,162780
73892084,GIGABYTE B850M DS3H 피씨디렉트,154530,154550,154580,154600,154620,154630,155140,153680,154700,,,,,158870,,,,,,163720,,,165380,,,,,166280,163790,163790,165390,165400,,162490,162490,162490,166260,,166280,166280,166280,166280,162490,162490,162490,162490,167570,167570,170050,167570,167580,167990,167990,167990,167990,169970,169990,169990,168460,168460
122699665,GIGABYTE B850M FORCE V2 제이씨현,155900,139000,139000,139000,139000,155900,155900,155900,155900,,,,,139000,,,,,,162370,,,162370,,,,,162370,163100,161740,164260,164340,,164470,164510,164540,164590,,164700,164740,164770,164830,164870,164910,164910,164910,164910,164950,164980,164980,164980,164980,164980,164980,164980,164980,164980,164980,164980,164980
106704263,GIGABYTE B850M FORCE V2 피씨디렉트,150550,150550,150570,150570,149340,149340,149340,149340,149350,,,,,149320,,,,,,158830,,,160630,,,,,161610,158830,161610,163940,163990,,163030,163030,163030,163030,,164880,164960,164970,164990,165000,165000,165000,165000,165000,165000,165000,164950,164950,164940,164940,164960,164970,164970,164970,161910,161910,161920
95280263,GIGABYTE B850M FORCE 제이씨현,147300,145290,147300,147300,147300,147300,147300,147300,147300,,,,,147300,,,,,,147760,,,147760,,,,,149430,149430,144620,144620,144620,,144620,144620,144630,144630,,146490,146490,146490,146490,146490,146490,146490,146490,151400,151400,151400,151400,151400,151400,151400,151400,151400,151400,153480,154580,154580,154580
95200499,GIGABYTE B850M FORCE 피씨디렉트,150570,150070,150070,150080,151460,151470,151200,151480,151500,,,,,151210,,,,,,161670,,,150920,,,,,154310,151990,161670,151990,152000,,151020,151020,153610,161134,,152350,152350,152350,152350,150770,150770,163390,158070,158190,163370,163370,160070,160070,161680,161690,161700,163390,158230,158230,156080,156080,156080
122697197,GIGABYTE B850M GAMING X WIFI6E 제이씨현,188070,186850,188070,188070,188070,188070,188070,188070,188070,,,,,188070,,,,,,188070,,,188070,,,,,190670,190740,190740,190740,190740,,191090,191090,191090,191090,,191090,191090,191480,192210,192210,192210,192210,192210,192210,192210,192210,192210,192210,192210,192210,192210,192210,192210,192210,192210,192210,192210
122694530,GIGABYTE B850M GAMING X WIFI6E 피씨디렉트,194990,190160,190160,190160,190160,194990,188210,192350,192350,,,,,191290,,,,,,194990,,,192990,,,,,188850,187340,188870,188870,188870,,188630,188630,189210,189210,,190520,190610,190980,191970,191000,191260,191260,191210,191210,191980,191980,191980,191990,191980,191980,192000,192010,192020,197290,197290,195280,195290
74250827,GIGABYTE B860 AORUS ELITE WIFI7 ICE 제이씨현,279770,279770,279770,279770,279770,279770,279770,279770,279770,,,,,279770,,,,,,281340,,,281340,,,,,281360,281360,281360,281380,281400,,281400,281400,281400,281400,,287990,288290,288480,288600,288670,288670,288670,288670,288670,288670,288670,288670,288670,288670,288670,288670,288670,288670,288670,288670,288670,288670
74255381,GIGABYTE B860 AORUS ELITE WIFI7 ICE 피씨디렉트,276870,276860,276900,276920,276940,283790,283790,283790,283800,,,,,281000,,,,,,276920,,,276920,,,,,281840,281840,281850,281850,276930,,276930,276930,274730,274730,,274730,274730,274730,274730,274730,274730,274730,274730,274730,274730,274730,274730,274730,274730,274730,274730,274730,274740,289040,284080,284080,284090
74250974,GIGABYTE B860M AORUS ELITE WIFI6E ICE 제이씨현,258470,258470,258470,258470,258470,258470,258470,258470,258480,,,,,258480,,,,,,257980,,,257980,,,,,257980,257980,257980,257990,257990,,257990,257990,258400,258400,,258400,258400,258400,258400,258400,258400,258400,258400,258400,258400,258400,258400,258400,258400,258400,258400,258400,258400,258400,258400,258400,258400
74255387,GIGABYTE B860M AORUS ELITE WIFI6E ICE 피씨디렉트,248100,248100,248100,248100,248100,248100,248100,248100,248100,,,,,248100,,,,,,248100,,,248100,,,,,248100,248100,248100,248100,248100,,248100,248100,248100,248100,,249860,249860,249860,249870,252000,252200,252300,252390,252590,252700,252700,252800,253010,253990,254090,254490,254600,257990,265990,261130,261130,261140
74251187,GIGABYTE B860M AORUS ELITE WIFI6E 제이씨현,261100,261100,261100,261100,261100,261100,261100,261110,261110,,,,,250990,,,,,,261090,,,261090,,,,,261090,261090,261090,261090,261090,,261090,261090,261000,261190,,261190,261190,261190,261190,261190,261190,261190,261190,261190,261190,261190,261190,261190,261190,261190,261190,261190,261190,261190,261190,261190,261190
74255390,GIGABYTE B860M AORUS ELITE WIFI6E 피씨디렉트,244400,244390,244430,244450,244470,245670,245670,245670,245990,,,,,244020,,,,,,247900,,,244400,,,,,244470,247980,247990,244470,244470,,244470,244470,247430,244480,,247470,247540,247550,247570,247570,247570,247570,247560,247560,247570,247570,243490,243490,243480,243480,243480,243490,242150,266160,260930,260930,260940
74251253,GIGABYTE B860M AORUS ELITE 제이씨현,216980,216980,216980,216980,216980,216980,216980,216980,216980,,,,,209250,,,,,,216980,,,216980,,,,,216980,216980,216980,216980,216980,,216980,216980,219800,219900,,220290,220590,220780,220900,220990,220990,220990,220990,220990,220990,220990,220990,220990,220990,220990,220990,220990,221000,224980,224980,224980,224980
74255384,GIGABYTE B860M AORUS ELITE 피씨디렉트,215270,215270,215260,215260,215280,219990,218180,219990,220000,,,,,212990,,,,,,212990,,,212990,,,,,212990,212990,212990,212990,212990,,212990,212990,212990,212990,,212990,212990,212990,212990,212990,212990,212990,212990,212990,212990,212990,212990,219930,219790,219810,219900,219910,220990,233990,231590,227490,227500
74251349,GIGABYTE B860M DS3H 제이씨현,167460,167460,167460,167460,167460,167460,167460,167460,167460,,,,,167460,,,,,,167460,,,167460,,,,,167460,167470,167470,167470,167470,,167470,167470,167480,167490,,167490,167490,167490,167490,167490,167490,167490,167490,169770,169770,171000,171000,171000,171000,171000,171000,171000,171000,171000,171000,171000,171000
74255393,GIGABYTE B860M DS3H 피씨디렉트,169800,169810,169840,170240,170260,170270,167750,167750,171320,,,,,167750,,,,,,167750,,,167750,,,,,167750,167750,167750,170220,170250,,167760,167760,167490,167490,,169690,169730,169740,169760,171470,171470,171480,171480,171500,171510,171510,169660,169680,169690,169730,169750,169760,172120,176240,176320,176670,176700
122676874,GIGABYTE B860M GAMING X 제이씨현,181590,181590,181590,181590,181590,181590,181590,181590,181590,,,,,181590,,,,,,181590,,,181590,,,,,181610,181610,181610,181610,181670,,181690,182700,182700,182700,,183090,183390,183580,183700,183800,183800,183800,183800,183800,183800,183800,183800,183800,183800,183800,183800,183800,184000,184100,184200,184300,184390
122669173,GIGABYTE B860M GAMING X 피씨디렉트,180690,180690,180740,180760,180780,182070,182070,182070,182080,,,,,183430,,,,,,182820,,,180700,,,,,180770,180770,180770,183900,180770,,178080,178080,178080,178080,,185290,185360,185370,185390,185400,185420,185420,185410,185410,185420,185420,184620,184620,184590,184610,184660,185420,185430,187260,182990,182990,182990
5997948,GIGABYTE GA-A320M-S2H 듀러블에디션 피씨디렉트,110000,110000,110000,110000,110000,110000,110000,110000,110000,,,,,110000,,,,,,110000,,,110000,,,,,110000,110000,110000,110000,110000,,110000,110000,110000,110000,,110000,110000,110000,110000,110000,110000,110000,110000,110000,110000,110000,110000,110000,110000,110000,110000,110000,110000,110000,110000,110000,110000
3025492,GIGABYTE GA-B75M-D3H (중고),28230,28230,28230,28230,28230,28230,28230,26780,26780,,,,,26780,,,,,,28230,,,27940,,,,,27940,27940,27940,27940,27940,,27940,27940,27940,27940,,27940,27940,27940,27940,27940,28000,28000,28000,28000,28000,28000,26000,26000,26000,26000,28000,26000,26000,26000,26000,26000,26000
4490813,GIGABYTE GA-B75M-D3V (중고),25630,25630,25630,25630,25630,25630,25630,25630,25630,,,,,25630,,,,,,25630,,,25630,,,,,25630,25630,25630,25630,25630,,25630,25630,25630,25630,,25630,25630,25630,25630,25630,25630,25630,25630,25630,25630,25630,25630,25630,25630,25630,25630,25630,25630,26690,26690,26690,26690
5994200,GIGABYTE GA-B85-HD3 (중고),28500,28500,28500,28500,28500,28500,24190,24190,24190,,,,,24190,,,,,,24190,,,24190,,,,,24250,24280,24370,24380,24480,,24610,24610,26300,26300,,26300,26300,26300,25170,30000,30000,26300,26300,26300,26300,26300,26300,26300,26300,26300,26300,26300,26300,26300,26300,26300,26300
5994380,GIGABYTE GA-B85M-D2V (중고),23430,23430,23430,23430,23430,23430,23440,23420,23420,,,,,23420,,,,,,23430,,,23180,,,,,23180,23180,23180,23180,23180,,23180,23180,23180,23180,,23220,23230,23280,23340,23350,23430,23430,23430,23430,23430,23430,23430,23430,23430,23430,23430,23430,23430,23430,23430,23430,23430
4490529,GIGABYTE GA-B85M-D3H (중고),41500,41500,41500,38710,38710,38710,38710,38640,38640,,,,,37000,,,,,,37000,,,36990,,,,,36990,39430,39430,39430,39430,,39430,39430,39430,39430,,39430,39430,39430,39430,39430,39840,39840,39840,39840,39840,39840,39840,39840,39840,39840,39840,39840,39840,39840,39840,39840,39840
4496138,GIGABYTE GA-B85M-DS3H (중고),30000,30000,30000,30000,30000,30000,30000,29760,29760,,,,,29760,,,,,,30000,,,30000,,,,,30000,31990,31990,31990,31990,,31990,31990,31990,31990,,31990,31990,31990,31990,31990,31990,31990,31990,31990,31990,31990,31990,31990,31990,31990,31990,31990,31990,31990,31990,31990,31990
6371155,GIGABYTE GA-B85M-DS3H-A (중고),32540,32540,32540,32540,32540,32540,32540,32540,32540,,,,,32540,,,,,,32540,,,32190,,,,,32190,32190,32190,32190,32190,,32190,32190,32190,32200,,32300,32330,32380,32450,32460,32200,32200,32200,32200,32200,32200,32200,32200,32200,32200,32200,32200,32200,32200,32200,32200,32200
4489009,GIGABYTE GA-B85M-HD3 (중고),24450,24450,24450,24450,24450,24450,24460,24440,24440,,,,,24440,,,,,,24450,,,24190,,,,,24190,24190,24190,24190,24190,,24190,24190,24190,24190,,24210,24240,24290,24360,24370,24450,24450,24450,24450,24450,24450,24450,24450,24450,24450,24450,24450,24450,24450,24450,24450,24450
4490850,GIGABYTE GA-G31M-ES2L (중고),34300,34300,34300,34300,34300,34300,34300,34300,34300,,,,,34300,,,,,,34300,,,33950,,,,,33950,33950,33950,33950,33950,,33950,33950,33950,33950,,33950,33950,33950,33950,33950,34300,34300,34300,34300,34300,34300,34300,34300,34300,34300,34300,34300,34300,34300,34300,34300,34300
6153564,GIGABYTE GA-H110-D3A BTC 듀러블에디션 (중고),142300,142300,142300,142300,142300,142300,142300,130910,130910,,,,,130910,,,,,,136600,,,136600,,,,,133760,136600,136600,136600,136600,,136600,136600,136600,136600,,136600,136600,136600,136600,136600,136600,142300,142300,142300,142300,142300,142300,142300,142300,142300,142300,142300,142300,142300,142300,142300,142300
6153517,GIGABYTE GA-H110M-DS2V 듀러블에디션 (중고),32000,32000,32000,32000,32000,32000,30000,27900,27900,,,,,30000,,,,,,28670,,,31920,,,,,31920,27750,27760,27850,27880,,28000,28090,28200,28200,,28320,28390,28440,28530,28580,28680,28800,28800,28800,28800,28800,32260,32260,32260,32260,32260,32260,32260,32260,32260,32260,32260
4470858,GIGABYTE GA-H61M-D2 (B3) (중고),24500,24500,24500,24500,24500,24500,24500,24500,24500,,,,,24500,,,,,,24500,,,24250,,,,,24250,24250,24250,24250,24250,,24250,24250,24250,24250,,24500,24500,24500,24500,24500,24500,24500,24500,24500,24500,24500,24500,24500,24500,24500,24500,24500,24500,24500,24500,24500,24500
4471621,GIGABYTE GA-H61M-DS2V (B3) (중고),16640,16640,16640,16640,16640,16640,16630,16630,16630,,,,,16630,,,,,,16640,,,16460,,,,,16460,16460,16460,16460,16460,,16460,16460,16460,16460,,16460,16460,16480,16550,16560,16640,16640,16640,16640,16640,16640,16640,16640,16640,16640,16640,16640,16640,16640,16640,16640,16640
4490623,GIGABYTE GA-H61M-S2V (B3) (중고),26950,26950,26950,26950,26950,26950,26950,26950,26950,,,,,26950,,,,,,26950,,,14530,,,,,14530,14530,14530,14530,14530,,14530,14530,14530,14530,,14530,14530,14530,14600,14610,14690,14690,14690,14690,14690,14690,14690,14690,14690,14690,14690,14690,14690,14690,14690,14690,14690
4497542,GIGABYTE GA-H77M-D3H (중고),75000,75000,75000,75000,75000,75000,75000,75000,75000,,,,,75000,,,,,,75000,,,75000,,,,,75000,75000,75000,75000,75000,,75000,75000,75000,75000,,75000,75000,75000,75000,75000,75000,75000,75000,75000,75000,75000,75000,75000,75000,75000,75000,75000,75000,75000,75000,75000,75000
4497687,GIGABYTE GA-H81M-D2V (중고),22050,22050,22050,22050,22050,22050,22050,20920,20920,,,,,20920,,,,,,22050,,,22490,,,,,22490,21830,21830,21830,21830,,21830,21830,21830,21830,,21830,21830,21830,21830,21830,22050,22050,22050,22050,22050,22050,22050,22050,22050,22050,22050,22050,22050,22050,22050,22050,22050
6179521,GIGABYTE GA-H81M-D3V (중고),36000,36000,36000,36000,36000,36000,36000,36000,36000,,,,,36000,,,,,,36000,,,36000,,,,,36000,36000,36000,36000,36000,,36000,36000,36000,36000,,36000,36000,25770,25770,25770,25770,25770,25770,25770,25770,25770,25770,25770,25770,25770,25770,25770,25770,25770,25770,25770,25770
4495710,GIGABYTE GA-H81M-DS2V (중고),22290,22290,22290,22290,22290,19900,19900,19900,19900,,,,,19900,,,,,,19900,,,19900,,,,,19900,19900,19900,19900,19900,,19900,19900,19900,19900,,19900,19900,19900,19900,19900,21930,21950,22050,22070,22170,22190,22270,22290,21670,21690,21790,21810,21910,21930,21940,22030,22050
6179481,GIGABYTE GA-H81M-HD2 (중고),24010,24010,24010,24010,24010,24010,24010,24010,24010,,,,,23980,,,,,,23980,,,23980,,,,,23980,23980,23980,23980,23980,,23980,23980,23980,23980,,23980,23980,23980,23980,23980,23980,23980,23980,23980,23980,23980,23980,23980,23980,23980,23980,23980,23980,23980,23980,23980,23980
4471645,GIGABYTE GA-H81M-S2PV (중고),22050,22050,22050,22050,22050,22050,22050,22050,22050,,,,,22050,,,,,,22050,,,21830,,,,,21830,21830,21830,21830,22490,,22490,22490,22490,22370,,22460,22490,21770,21770,21890,21910,21990,22010,22110,22130,22230,22250,22350,22370,22470,22490,21510,21530,21540,21630,21650,21750
6179549,GIGABYTE GA-H87M-HD3 (중고),90000,90000,90000,90000,90000,90000,90000,90000,90000,,,,,90000,,,,,,90000,,,90000,,,,,90000,90000,90000,90000,90000,,90000,90000,90000,90000,,90000,90000,90000,90000,90000,90000,90000,90000,90000,90000,90000,90000,90000,90000,90000,90000,90000,90000,90000,90000,90000,90000
5727101,GIGABYTE GA-P55A-UD3R (중고),146000,146000,146000,146000,146000,146000,71000,71000,71000,,,,,71000,,,,,,71000,,,71000,,,,,71000,71000,71000,71000,71000,,71000,71000,71000,71000,,71000,71000,71000,71000,71000,71000,71000,71000,71000,71000,71000,71000,71000,71000,71000,71000,71000,71000,71000,71000,71000,71000
19719305,GIGABYTE H310M HD2 2.0 듀러블에디션 (중고),156000,156000,156000,156000,156000,156000,156000,156000,156000,,,,,156000,,,,,,156000,,,156000,,,,,156000,156000,156000,156000,156000,,156000,156000,156000,156000,,156000,156000,156000,156000,156000,156000,156000,156000,156000,156000,156000,156000,156000,156000,156000,156000,156000,156000,156000,156000,156000,156000
6016659,GIGABYTE H370 HD3 듀러블에디션 피씨디렉트,200000,200000,200000,200000,200000,200000,200000,200000,200000,,,,,200000,,,,,,200000,,,200000,,,,,200000,200000,200000,200000,200000,,200000,200000,200000,200000,,200000,200000,200000,200000,200000,200000,200000,200000,200000,200000,200000,200000,200000,200000,200000,200000,200000,200000,200000,200000,200000,200000
13830011,GIGABYTE H510M H 듀러블에디션 제이씨현,960000,960000,960000,960000,960000,960000,960000,930000,930000,,,,,930000,,,,,,960000,,,950000,,,,,950000,950000,950000,950000,950000,,950000,950000,950000,950000,,950000,950000,950000,950000,950000,960000,960000,960000,960000,960000,960000,960000,960000,960000,960000,960000,960000,960000,960000,960000,960000,960000
17697992,GIGABYTE H610I D4 듀러블에디션 피씨디렉트,161930,161930,161960,161980,161980,162490,162490,162490,162500,,,,,161930,,,,,,161970,,,161970,,,,,164100,164130,165980,165980,161990,,161980,161980,165930,165930,,165920,165940,165960,163440,163440,163440,163440,163430,163430,160990,160990,165470,165470,165460,165460,165460,165470,165470,165470,165480,165480,165940
16102367,GIGABYTE H610M H D4 듀러블에디션 제이씨현,102000,102000,102000,102000,102000,102000,102000,102000,102000,,,,,102000,,,,,,102000,,,,,,,,,,,,,,,,,,,,,,,,,,,,,,,,,,,,,,,,
20462924,GIGABYTE H610M H V2 D4 제이씨현,92120,92120,92120,92120,92120,92120,92120,87420,87420,,,,,87420,,,,,,92120,,,91180,,,,,91180,91180,91180,91180,91180,,93990,93990,93990,93990,,93990,93990,93990,93990,93990,93990,93990,93990,92120,93990,93990,93990,93990,93990,93990,93990,93990,93990,93990,93990,93990,93990
27534158,GIGABYTE H610M H V2 D4 제이씨현 (벌크),105640,105640,105640,105640,105640,105640,105640,105640,105640,,,,,99000,,,,,,99000,,,99000,,,,,99000,99000,99000,99000,99000,,99000,99000,99000,99000,,99000,99000,99000,99000,99000,99000,99000,99000,99000,99000,99000,99000,99000,99000,99000,99000,99000,99000,99000,101000,101000,101000
20119583,GIGABYTE H610M H V2 D4 피씨디렉트,78360,78360,78350,78350,78370,78890,78910,78980,78980,,,,,77880,,,,,,82800,,,83750,,,,,84110,84110,84110,84530,84580,,87110,87110,86010,86010,,86000,86020,86030,85980,86000,86970,86000,85990,86960,86970,87040,86380,86380,86390,86410,86430,86950,87080,87480,85580,85580,85590
37286591,GIGABYTE H610M H V2 D4 피씨디렉트 (벌크),86380,86380,86380,86380,86380,80730,80730,80730,80730,,,,,80730,,,,,,86380,,,86380,,,,,86380,86380,86380,86380,86380,,86380,86380,86380,86380,,86380,86380,86380,86380,86380,86380,86380,86380,86380,86380,86380,86380,87890,87890,87890,87890,87890,87890,87890,87890,87890,87890
66046259,GIGABYTE H610M H V2 제이씨현,96420,96420,96420,96420,96420,96420,96420,96420,96420,,,,,98540,,,,,,98540,,,98540,,,,,98540,98540,98540,98540,98540,,98540,98540,98540,98540,,98540,98540,98540,98540,98540,98540,98540,98540,98540,98540,98540,98540,98540,98540,98540,98540,98540,98540,98540,98540,98540,98540
64375265,GIGABYTE H610M H V2 피씨디렉트,99500,99500,99500,99500,99500,99500,99500,99500,99500,,,,,99500,,,,,,99500,,,101990,,,,,102480,102480,102480,102490,102380,,100850,100850,105390,105390,,105390,105390,105390,105390,105390,105390,105390,105390,105390,105390,105390,104570,106740,104350,104470,104580,106740,106740,106740,106760,104480,104480
19619507,GIGABYTE H610M H 듀러블에디션 제이씨현,108000,108000,108000,108000,108000,108000,108000,108000,108000,,,,,108000,,,,,,108000,,,108000,,,,,108000,108000,108000,108000,108000,,108000,108000,108000,108000,,108000,108000,108000,108000,108000,108000,108000,108000,108000,108000,108000,108000,108000,108000,108000,108000,108000,108000,108000,108000,108000,108000
18670778,GIGABYTE H610M K D4 제이씨현,70950,64000,64000,64000,64000,69700,70950,70950,70950,,,,,65000,,,,,,71310,,,71310,,,,,72320,72320,72320,72320,64500,,72320,72320,72320,72320,,67000,72400,72400,72400,72990,72990,67000,67000,67000,72990,72990,72990,67000,67000,67000,72990,66000,72990,72990,72990,72990,72990
32002067,GIGABYTE H610M K D4 제이씨현 (벌크),68800,68800,68790,68800,68800,68800,68800,68800,68800,,,,,70380,,,,,,70380,,,70380,,,,,71390,71390,71390,71390,71400,,71400,71400,71400,71400,,71400,71400,71400,71400,71930,71930,71930,71930,71930,71930,71930,71940,71940,71940,71940,71940,71940,71940,71940,71940,71940,71940
18663455,GIGABYTE H610M K D4 피씨디렉트,67870,67870,67870,67870,67870,67870,67870,66830,67880,,,,,66840,,,,,,69190,,,71310,,,,,72990,72990,72990,72990,72990,,72990,72990,72400,72400,,72400,72400,72400,72400,72990,72990,72990,72990,72990,72990,72990,72990,72990,72990,72990,72990,72990,72990,72990,72990,72990,72990
37286501,GIGABYTE H610M K D4 피씨디렉트 (벌크),67890,67880,67870,67870,67870,67880,67890,67880,67890,,,,,67870,,,,,,71500,,,71905,,,,,73530,73530,73530,73530,73530,,73539,73539,73539,73539,,74180,74180,74180,74180,74190,74190,74190,74190,74190,74190,74190,74190,74190,74190,74190,74190,74190,74190,74190,74190,74190,74190
66046349,GIGABYTE H610M K V2 제이씨현,74500,74500,74500,74500,74500,74500,74500,74500,74500,,,,,74500,,,,,,74500,,,74500,,,,,75200,75200,75200,75200,75200,,75200,75200,75070,75070,,75070,75070,75070,75070,79480,79490,73490,73490,73490,73490,73490,73490,73490,73490,73490,73490,73490,73490,73490,73490,73490,73490
94080806,GIGABYTE H610M K V2 제이씨현 (벌크),73000,73000,73000,73000,73000,73000,73000,73000,73000,,,,,73000,,,,,,73000,,,73000,,,,,74980,74980,74990,74990,74990,,74990,74990,74990,74990,,74990,74990,74990,74990,74990,74990,74990,74990,74990,74990,74990,74990,74990,74990,74990,74990,74990,74990,74990,74990,74990,74990
67678283,GIGABYTE H610M K V2 피씨디렉트,77060,77070,77100,77120,78380,78380,74130,74130,74130,,,,,69190,,,,,,72990,,,72990,,,,,73990,73990,73990,73990,73990,,73990,73990,73990,73990,,74990,74990,74990,74990,74990,74990,74990,74990,74990,74990,74990,74990,74990,74990,74990,74990,74990,74990,74990,74990,74990,74990
19938515,GIGABYTE H610M K 제이씨현,79000,79000,79000,79000,79000,79000,82790,82790,82790,,,,,82790,,,,,,82990,,,82100,,,,,82100,82100,82100,82100,82100,,82100,82100,82100,82100,,82100,82100,82100,84960,84990,84990,84990,84990,84990,84990,84990,84990,84990,84990,84990,84990,84990,84990,84990,84990,84990,84990
19999916,GIGABYTE H610M K 피씨디렉트,81000,81000,81000,81000,81000,81000,81000,81000,81000,,,,,81000,,,,,,81000,,,81000,,,,,81000,81000,81000,69900,69900,,69900,69900,69900,69900,,69900,69900,69900,69900,69900,69900,69900,69900,69900,69900,69900,69900,69900,69900,69900,69900,69900,69900,89000,89000,89000,89000
37286687,GIGABYTE H610M K 피씨디렉트 (벌크),95450,95450,95030,95030,95030,95450,95450,95450,95450,,,,,95080,,,,,,95450,,,93410,,,,,95450,95450,95450,95450,93410,,93410,93410,93410,93410,,95450,95450,95450,95450,95450,95450,95450,95450,95450,95450,95450,95450,95450,95450,95450,95450,95450,95450,95450,95450,95450,93400
96314954,GIGABYTE H610M K 피씨디렉트 (중고),81000,81000,81000,81000,81000,81000,81000,81000,81000,,,,,81000,,,,,,81000,,,81000,,,,,81000,81000,81000,81000,81000,,81000,81000,81000,81000,,81000,81000,81000,81000,81000,81000,81000,81000,81000,81000,81000,81000,81000,81000,81000,81000,81000,81000,81000,81000,81000,81000
16102667,GIGABYTE H610M S2H D4 듀러블에디션 제이씨현,129000,129000,129000,129000,129000,129000,129000,129000,129000,,,,,129000,,,,,,129000,,,129000,,,,,129000,129000,129000,129000,129000,,129000,129000,129000,129000,,129000,129000,129000,129000,129000,129000,129000,129000,129000,129000,129000,129000,129000,129000,129000,129000,129000,129000,129000,129000,129000,129000
19242146,GIGABYTE H610M S2H V2 D4 듀러블에디션 제이씨현,106990,105950,107080,107080,107080,107080,107080,107080,107080,,,,,107080,,,,,,104990,,,108380,,,,,108390,108390,108390,108390,108390,,108390,108390,108390,108390,,109990,109990,109990,109990,109990,109990,109990,109990,109990,109990,109990,109990,109990,109990,109990,109990,106300,109990,109990,109990,109990,109990
19170107,GIGABYTE H610M S2H V2 D4 듀러블에디션 피씨디렉트,116000,116000,116000,116000,116000,116000,116000,114000,114000,,,,,114000,,,,,,114000,,,109770,,,,,108700,110090,107800,107820,105550,,105540,105540,104900,104900,,104900,104900,104900,104900,104920,106030,106040,107670,107790,107790,107790,107770,107800,107800,107820,107820,108570,108580,113940,113920,111480,111480
66046067,GIGABYTE H610M S2H V2 제이씨현,112040,112040,112040,112040,112040,112040,112040,112040,112040,,,,,112500,,,,,,112530,,,107500,,,,,106500,106500,112530,106500,112530,,112530,112530,106500,106500,,106500,112530,112530,106500,106500,112530,106500,112530,112530,112530,112530,112540,112540,112540,112540,112540,112540,85000,85000,112540,112540,112540
65307479,GIGABYTE H610M S2H V2 피씨디렉트,107320,107320,107320,107320,107320,107320,107320,107320,107330,,,,,106100,,,,,,107990,,,105940,,,,,107990,107990,107990,107990,105960,,107990,107990,107780,107780,,107780,107780,107780,107980,107980,107980,107790,107790,107790,107980,108000,107790,107990,107790,107790,107990,107990,108000,113100,113120,111480,111480
106454201,GIGABYTE H810M D2HX SI GEN5 제이씨현,115460,115480,115520,115540,115560,113100,113100,113100,113100,,,,,113100,,,,,,111980,,,112780,,,,,115510,115510,115510,115530,115570,,115570,115570,115570,116300,,118090,118390,118540,118900,119000,118990,118990,118990,118990,119000,119000,119000,118990,118990,118990,118990,119000,119000,120990,120990,120990,120990
106735550,GIGABYTE H810M D2HX SI GEN5 피씨디렉트,115280,115270,115330,115350,115370,115380,115380,115380,115390,,,,,115330,,,,,,115380,,,115280,,,,,115380,115280,115280,115300,115350,,115360,115360,115240,115240,,115270,115350,115360,115380,115380,115380,115340,115330,115330,115340,115360,115390,115400,115410,115430,115450,115460,115470,124770,124070,124070,124080
124033966,GIGABYTE H810M H GEN5 제이씨현,116000,113900,113900,113900,113900,116000,116000,115990,115990,,,,,113900,,,,,,115990,,,115990,,,,,115990,116000,116000,116000,116000,,116000,116000,116000,116000,,116000,116000,116000,,,,,,,,,,,,,,,,,,,
106045001,GIGABYTE H810M H GEN5 피씨디렉트,112690,112690,112740,112760,112780,113550,113550,113550,113560,,,,,112850,,,,,,115750,,,112710,,,,,112660,112660,112660,112680,112710,,112700,112700,112140,112140,,115620,115690,115700,115720,115730,115750,115750,115740,115740,115750,115750,114260,115170,115150,115160,115210,115750,115760,116820,113870,113870,113880
76941815,GIGABYTE H810M H 제이씨현,98220,98220,98220,98220,98220,98220,98220,98220,98220,,,,,98220,,,,,,100320,,,100320,,,,,100320,100320,100320,100330,100330,,101400,101400,103230,103230,,103110,103190,103230,103240,104990,104990,104990,104990,104990,104990,104990,104990,104990,104990,104990,104990,104990,104990,104990,104990,104990,104990
76942061,GIGABYTE H810M H 피씨디렉트,112480,112480,112480,112480,112480,112480,112480,112490,112490,,,,,109800,,,,,,109800,,,109800,,,,,104000,104000,104000,104000,104000,,104000,104000,104000,104000,,104000,104000,104000,104000,110300,110580,105300,103500,110930,110930,110930,110930,110940,110930,110930,110940,110940,111990,111990,111990,111980,111980
108401528,GIGABYTE H810M K GEN5 제이씨현,100000,97800,101030,101030,101030,101030,101030,101030,101030,,,,,100700,,,,,,101030,,,101030,,,,,101050,101050,101050,101680,101740,,101760,101760,101760,101760,,104080,104390,104590,104780,104980,104980,104990,104990,104990,104990,104990,104990,104990,104990,104990,104990,104990,104990,105390,105390,105390,105390
106045718,GIGABYTE H810M K GEN5 피씨디렉트,102160,99436,102210,102230,102250,102260,102280,102290,102290,,,,,101960,,,,,,101230,,,101230,,,,,101240,101240,101240,101240,101240,,101240,101240,101240,101250,,101660,101660,101660,101660,101660,101660,99690,99690,104910,104940,104950,103340,103360,103370,103410,103450,103460,103480,107670,105880,105880,105880
76941983,GIGABYTE H810M K 제이씨현,103990,105067,105067,106130,107210,107210,108351,109790,109790,,,,,104990,,,,,,104990,,,104990,,,,,104990,104990,104990,105000,104990,,105000,105000,105000,105000,,105000,105000,105000,105000,105000,105000,105000,105000,105000,105000,105000,105000,105000,105490,105490,105490,105480,105490,111950,112780,110480,110480
76942073,GIGABYTE H810M K 피씨디렉트,102220,100526,102220,102220,102220,102220,102220,102220,102380,,,,,100990,,,,,,100850,,,100850,,,,,100990,100990,100990,100990,100990,,100850,100850,100990,100652,,100990,100990,100990,100990,100990,100990,100990,100990,100990,100990,100990,100990,100990,100990,100990,101000,101000,101700,105990,105880,105880,105890
122687782,GIGABYTE H810M S2H GEN5 제이씨현,114850,114850,114850,114850,114850,114850,114850,114850,114850,,,,,114850,,,,,,111070,,,111070,,,,,111070,111070,111070,111070,111070,,111070,111070,112100,112100,,113590,113890,114100,114200,126930,126930,126930,126930,126930,126930,126930,126930,126930,126930,126930,126940,126940,126940,126940,126940,126940,126940
106688174,GIGABYTE H810M S2H GEN5 피씨디렉트,109360,115870,115920,115940,115960,116490,116490,116490,116500,,,,,115980,,,,,,115240,,,115240,,,,,113310,114180,114180,115900,115950,,114190,114190,115260,115260,,118800,118880,118890,118910,118920,118930,118930,118920,118920,118930,118950,118320,118360,118370,118390,118450,118970,118980,123230,121770,121770,121780
76941716,GIGABYTE H810M S2H 제이씨현,118960,118990,118950,118990,118590,118630,118630,118700,116250,,,,,116110,,,,,,113450,,,110180,,,,,116240,116250,118750,118780,118780,,118780,118780,118580,118580,,118720,118750,118760,118780,118950,118950,118950,118950,118950,118950,118970,118950,118950,118970,118990,118990,118990,119000,124990,124990,123220,123220
76942094,GIGABYTE H810M S2H 피씨디렉트,115920,115920,115920,115920,115920,115920,115920,115930,115930,,,,,115970,,,,,,115970,,,115970,,,,,115970,115970,115970,115980,115960,,115960,115960,117710,117710,,115200,115200,115200,115210,115220,116470,116470,116470,116470,116470,116470,116470,116480,116430,116490,116490,118450,118970,123450,123430,122970,122970
31472456,GIGABYTE TRX50 AERO D 피씨디렉트,1039690,1039690,1039690,1039690,1039690,1039690,1039700,1041590,1041600,,,,,1061480,,,,,,1023650,,,1023650,,,,,1038690,1023650,1038690,1038700,1038700,,1023650,1032190,1032190,1032190,,1032190,1032190,1032190,1035990,1042980,1042980,1042980,1042980,1042980,1042980,1030990,1035980,1035980,1035980,1035980,1035980,1035980,1044990,1063000,1069000,1069000,1069000
63938699,GIGABYTE TRX50 AI TOP 제이씨현,1403130,1403130,1403130,1403130,1403130,1403130,1403130,1403130,1403130,,,,,1403140,,,,,,1403140,,,1403140,,,,,1403150,1403150,1409910,1409910,1409910,,1409910,1409910,1409920,1409920,,1409920,1409920,1409920,1409930,1409930,1409930,1409930,1409930,1409930,1409930,1409930,1409930,1409930,1409930,1409930,1409930,1409930,1409930,1409930,1409930,1409930,1409930
64267934,GIGABYTE TRX50 AI TOP 피씨디렉트,1380390,1384230,1384230,1384230,1384230,1384230,1384230,1384230,1384240,,,,,1380380,,,,,,1380380,,,1380380,,,,,1380380,1380380,1380390,1380390,1380390,,1371750,1371750,1380390,1380390,,1407480,1407480,1407480,1407480,1407480,1407480,1407480,1404950,1404970,1407480,1407480,1401870,1401870,1401870,1401870,1395790,1401870,1401870,1401870,1401870,1372580,1372580
75988922,GIGABYTE W790 AI TOP 제이씨현,1410000,1410000,1410000,1410000,1410000,1410000,1410000,1410000,1410000,,,,,1410000,,,,,,1410000,,,1410000,,,,,1410000,1410000,1410000,1410000,1410000,,1410000,1410000,1410000,1410000,,1410000,1410000,1410000,1410000,1410000,1410000,1410000,1410000,1410000,1410000,1410000,1410000,1410000,1410000,1410000,1410000,1410000,1410000,1410000,1410000,1410000,1410000
75856148,GIGABYTE W790 AI TOP 피씨디렉트,1488430,1488430,1488460,1488480,1479630,1488510,1488510,1488520,1488520,,,,,1470160,,,,,,1498880,,,1470160,,,,,1470220,1498830,1498830,1498850,1470220,,1461050,1461050,1480780,1480780,,1480810,1486880,1495850,1498850,1498850,1498850,1498850,1498840,1498840,1498850,1498870,1492620,1492620,1492650,1492670,1487130,1492680,1488640,1492730,1492770,1483960,1483970
17915426,GIGABYTE X670 AORUS ELITE AX 제이씨현,279000,279000,279000,279000,279000,279000,279000,279000,279000,,,,,279000,,,,,,279000,,,279000,,,,,279000,279000,279000,279000,279000,,279000,279000,279000,279000,,279000,279000,279000,279000,279000,279000,279000,279000,279000,279000,279000,279000,279000,279000,279000,279000,279000,279000,,,,
67845863,GIGABYTE X870 AORUS ELITE WIFI7 ICE 제이씨현,341320,341320,341320,341320,341320,341320,341320,341320,341320,,,,,341320,,,,,,342900,,,343240,,,,,344190,350450,357990,357990,345180,,358000,358000,358000,358000,,348680,348790,358000,358000,357990,358000,356890,356890,356990,358800,356200,356200,356200,353620,353620,353630,356200,356200,356200,356200,356200,356200
67847492,GIGABYTE X870 AORUS ELITE WIFI7 ICE 피씨디렉트,344380,344370,343510,343510,343510,356990,356990,356990,343410,,,,,343410,,,,,,357480,,,346890,,,,,348240,348250,354140,354890,345180,,344540,344540,345990,345990,,345990,345990,345990,347300,346690,356510,356510,347870,347872,356510,356510,353340,353340,353340,353340,353340,353340,357990,360190,360200,360170,360170
67845815,GIGABYTE X870 AORUS ELITE WIFI7 제이씨현,334510,334510,334510,334510,334510,334510,334510,334510,334510,,,,,334510,,,,,,334510,,,338510,,,,,339690,360790,360790,360790,360790,,360790,360790,360790,362400,,362400,362400,362400,362400,362400,362400,362400,362400,362400,362400,362400,362400,362400,362400,362400,362400,362400,362400,357130,357140,357140,357140
67847474,GIGABYTE X870 AORUS ELITE WIFI7 피씨디렉트,340630,340630,340630,340630,340640,341980,341980,341980,341990,,,,,336980,,,,,,343160,,,340630,,,,,344990,345210,345220,345230,340620,,340640,340640,339880,339880,,339870,339880,339880,339880,339880,339880,339880,339880,339880,339880,339880,339880,339890,339890,345621,345621,348980,348980,360160,357930,357920,357920
122728388,GIGABYTE X870 AORUS INFINITY 제이씨현,1064510,1064510,1064510,1064510,1064510,1064510,1064510,1064510,1064510,,,,,1064520,,,,,,1064520,,,1064520,,,,,1064520,1064520,1064520,1064520,1064520,,1064520,1064520,1070400,1070600,,1088990,1089290,1089500,1089600,1089700,1089900,1090000,1090090,1090290,1090400,1090500,1090600,1090780,1090790,1090890,1091290,1091790,,,,,
122726583,GIGABYTE X870 AORUS INFINITY 피씨디렉트,1022690,1022690,1022690,1022690,1022690,1022690,1022690,1022690,1022690,,,,,1022690,,,,,,1022690,,,1022670,,,,,1029090,1029090,1029090,1029110,1029160,,1022840,1022840,1022840,1022840,,1053850,1053930,1053940,1053970,1053980,1053990,1053990,1053980,1053980,1053990,1053990,1051310,1051310,1051320,1051320,1051340,1053990,1053990,1072800,1061030,1061030,1061040
93073223,GIGABYTE X870 AORUS STEALTH ICE 제이씨현,444790,444790,444790,444790,444790,444790,444790,444790,444790,,,,,444790,,,,,,444790,,,444790,,,,,444790,444900,444900,444900,444900,,444900,444900,444900,445100,,448000,448000,448000,448000,448000,448000,448000,448000,448000,448000,441690,441690,441690,441690,441690,441690,441690,441690,441690,441690,441690,441690
93073367,GIGABYTE X870 AORUS STEALTH ICE 피씨디렉트,445100,445100,445650,445670,447220,456990,452840,457000,457000,,,,,446790,,,,,,447010,,,447010,,,,,447140,447140,447140,447150,447170,,447210,447210,456330,456330,,441000,441000,441000,441000,441000,441000,441000,441000,441000,441000,441000,441000,455770,455760,455760,455760,455770,455770,455770,455790,442340,442340
108227564,GIGABYTE X870 AORUS STEALTH 제이씨현,444570,444570,444570,444570,444570,444570,444570,444570,444570,,,,,444570,,,,,,444570,,,444570,,,,,444590,444590,444590,444700,444700,,444700,444700,444900,445090,,445090,445090,445090,445090,445090,445090,445090,445090,445090,445090,445090,445090,445090,445090,445090,445090,445090,445090,445090,445090,445090,445090
104966306,GIGABYTE X870 AORUS STEALTH 피씨디렉트,447130,447120,447180,447200,447220,456890,447240,456890,453330,,,,,450960,,,,,,452300,,,444410,,,,,447220,453080,455960,455990,447210,,444430,444430,456230,453080,,456260,456860,456870,456890,456890,456890,456890,456880,456880,456890,456890,456830,456990,456830,456830,456840,456990,456990,456990,447460,447460,447470
67846052,GIGABYTE X870 EAGLE WIFI7 제이씨현,321990,321990,321990,321990,321990,321990,321990,321990,321990,,,,,295000,,,,,,308990,,,308990,,,,,308990,308990,308990,309000,309000,,309000,309000,309000,309000,,309000,309000,309000,309000,309000,309000,309000,309000,309000,309000,309000,309000,309000,309000,309000,309000,308500,308500,311310,311310,311310,311310
67852706,GIGABYTE X870 EAGLE WIFI7 피씨디렉트,285380,285380,285380,285380,283500,283500,283500,283500,283510,,,,,283500,,,,,,296900,,,296900,,,,,296900,296900,296900,296900,296900,,296500,296500,296900,296900,,296900,296900,296900,296910,296910,296900,296900,296900,296900,296900,296900,296900,297000,297000,297000,297000,297000,302990,302990,302990,302990,302990
122662050,GIGABYTE X870E AERO X3D DARK WOOD 제이씨현,559870,559870,559870,559870,559870,559870,559870,559870,559880,,,,,560440,,,,,,560440,,,560440,,,,,560460,560460,560460,560460,560520,,560540,560540,560540,560540,,560540,560600,560600,560600,560600,560600,560600,560600,560600,560600,560600,560600,560600,560600,560600,560600,560600,560600,560600,560600,560600,560600
122681102,GIGABYTE X870E AERO X3D DARK WOOD 피씨디렉트,562060,562050,562110,562130,562150,562160,562160,562170,569670,,,,,562110,,,,,,562080,,,562080,,,,,562160,562160,562160,562160,562150,,558670,558670,553950,562170,,576420,576560,576570,576590,576590,576590,576470,576550,576570,576590,576590,569160,569160,569170,569170,569190,569200,569200,569200,562120,562120,562130
122829806,GIGABYTE X870E AERO X3D WOOD 피씨디렉트,562030,562030,562080,562100,562120,562170,567740,562180,567750,,,,,562110,,,,,,562080,,,562080,,,,,562100,553950,562100,562100,562090,,558670,558670,562160,562160,,567630,567710,567720,567740,567740,567740,567740,567730,567730,567740,567740,567700,567700,567710,567710,567730,567740,567740,567740,562100,562100,562110
73949327,GIGABYTE X870E AORUS ELITE WIFI7 (해외구매),609990,609990,609990,609990,609990,650580,650580,650580,650580,,,,,422080,,,,,,422080,,,416530,,,,,416850,416380,415400,411470,411470,,408760,408760,409560,409110,,411040,411930,414320,415480,415010,416530,416420,416380,419010,418500,422080,422080,422080,422080,422080,422080,422080,423210,423210,423240,423240,426290
106767464,GIGABYTE X870E AORUS ELITE X3D ICE 제이씨현,418960,418960,418960,418960,418960,418960,418960,418960,418960,,,,,419150,,,,,,421630,,,421690,,,,,426950,426990,426990,426990,426990,,426990,426990,427000,427000,,427000,427000,427000,427000,427000,427000,427000,427000,427000,427000,427000,427000,427000,427000,427000,427000,427000,427000,434620,434620,434620,434620
106765016,GIGABYTE X870E AORUS ELITE X3D ICE 피씨디렉트,416840,416830,416870,416890,416890,425990,425990,425990,426000,,,,,419780,,,,,,416430,,,416430,,,,,425990,422400,426000,411990,412000,,412000,412000,416270,416270,,416290,416370,420550,426860,422400,426880,420910,420500,420500,425820,425830,422150,426950,425860,425860,425860,426990,426990,438980,433790,428230,428240
107989658,GIGABYTE X870E AORUS ELITE X3D 제이씨현,419150,419150,419150,419150,419150,419150,419160,419160,419160,,,,,419160,,,,,,421850,,,421910,,,,,432970,434630,434630,434630,422010,,434630,434630,434630,434630,,426490,426490,427000,426990,426990,426990,426990,426990,426990,426990,426990,426990,426990,426990,426990,426990,426990,426990,434630,434630,434630,434630
106764977,GIGABYTE X870E AORUS ELITE X3D 피씨디렉트,416800,416800,416850,416870,416890,421690,422130,422130,422130,,,,,416840,,,,,,425730,,,425960,,,,,435500,449000,449000,449000,449000,,449000,449000,426173,415700,,415600,415680,420840,414100,414100,414100,414100,414100,414100,414100,414100,414100,414110,414110,414110,414110,414110,414120,425520,425510,425510,425510
98227940,GIGABYTE X870E AORUS MASTER X3D ICE 제이씨현,833430,833430,833430,833430,833430,833430,833430,833430,839000,,,,,812590,,,,,,820850,,,820850,,,,,838000,828880,826110,826110,828670,,811980,835970,838000,838990,,839000,839000,839000,839000,839000,839000,839000,839000,839000,839000,839000,839000,839000,839000,839000,839000,839000,839000,839000,839000,839000,839000
98613731,GIGABYTE X870E AORUS MASTER X3D ICE 피씨디렉트,792310,792310,792310,792310,816540,816560,,,,,,,,,,,,,,,,,,,,,,,,,,,,,,,,,,,,,,,,,,,,,,,,,,,,,,
67845785,GIGABYTE X870E AORUS PRO ICE 제이씨현,697490,697490,697490,697490,697490,697490,697490,697490,648080,,,,,648080,,,,,,648080,,,648080,,,,,648090,648090,648090,648090,648090,,648090,648090,648090,648090,,648090,648090,712500,712500,712500,720000,735000,735000,735000,735000,735000,735000,735000,735000,735000,735000,720000,720000,720000,720000,720000,720000
67847609,GIGABYTE X870E AORUS PRO ICE 피씨디렉트,507080,513080,504080,504080,513080,507080,513090,504070,513070,,,,,507070,,,,,,618550,,,623520,,,,,623520,626520,644520,608520,632520,,620520,644520,647520,660660,,660660,635120,630310,712500,712500,720000,735000,735000,735000,735000,735000,735000,735000,735000,735000,735000,720000,720000,720000,720000,720000,720000
98229074,GIGABYTE X870E AORUS PRO X3D ICE 제이씨현,599860,599860,599860,599860,599860,599870,600830,600830,600840,,,,,603320,,,,,,604170,,,604180,,,,,616960,616990,616950,617000,616820,,617000,617000,629920,629920,,623240,623340,629920,629920,629920,629920,629810,629900,629940,629990,629990,629990,619130,629970,629980,632330,632330,632330,619000,619000,612640,612630
98543660,GIGABYTE X870E AORUS PRO X3D ICE 피씨디렉트,594950,594950,594950,594950,594950,594960,594980,595000,595000,,,,,594340,,,,,,594350,,,592650,,,,,593030,594440,593070,594440,594430,,594490,594490,594430,593070,,594430,594440,594450,593990,593990,593990,593990,593990,593990,593990,593990,593990,593990,593990,593990,594000,596560,596570,596570,596570,596570,596560
75600170,GIGABYTE X870E AORUS PRO 제이씨현,393900,393900,393900,393900,393900,393900,393900,393900,447990,,,,,435000,,,,,,428000,,,408316,,,,,405590,405590,405590,405590,405590,,405590,405590,409900,409140,,409350,409440,409530,409670,409820,409850,409890,411980,411980,411980,411980,411990,412040,412040,412040,412000,411990,412040,412040,407700,412040,412040
73560548,GIGABYTE X870E AORUS PRO 피씨디렉트,449990,449990,449990,449990,449990,449990,449990,430990,424320,,,,,424910,,,,,,425430,,,425600,,,,,426530,426530,426530,426540,425640,,426980,426980,426960,426960,,426980,426980,426980,426980,426980,426980,424030,424030,424490,411980,411980,412840,412890,412890,412890,412000,411990,412040,412040,407700,412040,412040
73770854,GIGABYTE X870E AORUS XTREME AI TOP 피씨디렉트,939000,939000,939000,939000,939000,939000,939000,939000,939000,,,,,939000,,,,,,939000,,,939000,,,,,939000,939000,939000,939000,939000,,939000,939000,939000,939000,,939000,939000,939000,939000,939000,939000,939000,939000,939000,939000,939000,939000,939000,939000,939000,939000,939000,939000,872000,939000,939000,939000
79402439,GIGABYTE X870I AORUS PRO ICE 제이씨현,516470,516480,518990,518990,518940,518950,516460,516470,516490,,,,,477000,,,,,,477000,,,477000,,,,,477000,477000,477000,477000,477000,,477000,477000,477000,477000,,477000,477000,477000,477000,477000,477000,477000,477000,477000,462000,477000,462000,477000,462000,477000,477000,477000,477000,479000,479000,493050,493050
77791190,GIGABYTE X870I AORUS PRO ICE 피씨디렉트,460680,460680,460680,460680,457190,457180,457180,463690,463690,,,,,462100,,,,,,462000,,,458170,,,,,462000,464980,464980,464980,464990,,462090,462090,476830,476830,,476840,476920,476940,476960,476970,476990,476990,476960,476970,476990,476990,474960,475000,474980,474980,474980,476980,476980,477150,474980,477140,477150
6508375,GIGABYTE Z390 AORUS ULTRA 제이씨현,350000,350000,350000,350000,350000,350000,350000,350000,350000,,,,,350000,,,,,,350000,,,350000,,,,,350000,350000,350000,350000,350000,,350000,350000,350000,350000,,350000,350000,350000,350000,350000,350000,350000,350000,350000,350000,350000,350000,350000,350000,350000,350000,350000,350000,350000,350000,350000,350000
13537568,GIGABYTE Z590 AORUS ULTRA 제이씨현,550000,550000,550000,550000,550000,550000,550000,550000,550000,,,,,550000,,,,,,550000,,,550000,,,,,550000,550000,550000,550000,550000,,550000,550000,550000,550000,,550000,550000,550000,550000,550000,550000,550000,550000,550000,550000,550000,550000,550000,550000,550000,550000,550000,550000,550000,550000,550000,550000
13448285,GIGABYTE Z590 AORUS ULTRA 피씨디렉트,550000,550000,550000,550000,550000,550000,550000,550000,550000,,,,,550000,,,,,,550000,,,550000,,,,,550000,550000,550000,550000,550000,,550000,550000,550000,550000,,550000,550000,550000,550000,550000,550000,550000,550000,550000,550000,550000,550000,550000,550000,550000,550000,550000,550000,550000,550000,550000,550000
15653582,GIGABYTE Z690 AORUS ELITE 피씨디렉트,450000,450000,450000,450000,450000,450000,450000,450000,450000,,,,,450000,,,,,,450000,,,450000,,,,,450000,450000,450000,450000,450000,,450000,450000,450000,450000,,450000,450000,450000,450000,450000,450000,450000,450000,450000,450000,450000,450000,450000,450000,450000,450000,450000,450000,450000,450000,450000,450000
15932150,GIGABYTE Z690 AORUS XTREME WATERFORCE 피씨디렉트,1080000,1080000,1080000,1080000,1080000,1080000,1080000,1080000,1080000,,,,,1080000,,,,,,1080000,,,1080000,,,,,1080000,1080000,1080000,1080000,1080000,,1080000,1080000,1080000,1080000,,1080000,1080000,1080000,1080000,1080000,1080000,1080000,1080000,1080000,1080000,1080000,1080000,1080000,1080000,1080000,1080000,1080000,1080000,1080000,1080000,1080000,1080000
18264857,GIGABYTE Z790 AORUS ELITE AX 제이씨현,450000,450000,450000,450000,450000,450000,450000,450000,450000,,,,,450000,,,,,,450000,,,450000,,,,,450000,450000,450000,450000,450000,,450000,450000,450000,450000,,450000,450000,450000,450000,450000,450000,450000,450000,450000,450000,450000,450000,450000,450000,450000,450000,450000,450000,450000,450000,450000,450000
18261176,GIGABYTE Z790 AORUS ELITE AX 피씨디렉트,450000,450000,450000,450000,450000,450000,450000,450000,450000,,,,,450000,,,,,,450000,,,450000,,,,,450000,450000,450000,450000,450000,,450000,450000,450000,450000,,450000,450000,450000,450000,450000,450000,450000,450000,450000,450000,450000,450000,450000,450000,450000,450000,450000,450000,450000,450000,450000,450000
18112316,GIGABYTE Z790 AORUS ELITE 제이씨현,235670,253670,253670,256680,243380,240370,240370,243370,243370,,,,,240370,,,,,,237380,,,234760,,,,,256680,234760,256680,256680,237760,,237760,253670,256680,256680,,256680,253670,253670,253670,234760,235680,238730,250660,256680,235730,253680,244640,238730,235730,244650,238680,256680,256680,235730,235670,256680,238730
54326606,GIGABYTE Z790 AORUS XTREME X ICE + AORUS 지포스 RTX 4080 SUPER XTREME ICE 패키지 피씨디렉트,3115260,3115260,3115260,3115260,3115260,3115260,3115260,3115260,3115260,,,,,3115260,,,,,,3115260,,,3115260,,,,,3115260,3115260,3115260,3115260,3115260,,3115260,3115260,3115260,3115260,,3115260,3115260,3115260,3115260,3115260,3115260,3115260,3115260,3115260,3115260,3115260,3115260,3115260,3115260,3115260,3115260,3115260,3115260,3115260,3115260,3115260,3115260
18460412,GIGABYTE Z790 AORUS XTREME 제이씨현,1550000,1550000,1550000,1550000,1550000,1550000,1550000,1550000,1550000,,,,,1550000,,,,,,1550000,,,1550000,,,,,1550000,1550000,1550000,1550000,1550000,,1550000,1550000,1550000,1550000,,1550000,1550000,1550000,1550000,1550000,1550000,1550000,1550000,1550000,1550000,1550000,1550000,1550000,1550000,1550000,1550000,1550000,1550000,,,,
18265187,GIGABYTE Z790 UD 제이씨현,514500,514500,514500,514500,514500,514500,514500,514500,514500,,,,,514500,,,,,,514500,,,509250,,,,,509250,509250,509250,509250,509250,,509250,509250,509250,509250,,509250,509250,509250,509250,280000,280000,280000,280000,280000,280000,280000,280000,280000,280000,280000,280000,298000,298000,298000,298000,298000,298000
18261245,GIGABYTE Z790 UD 피씨디렉트,301960,301970,301970,301970,301980,303460,303460,303460,303470,,,,,309360,,,,,,297530,,,301950,,,,,301960,309960,302490,309980,301970,,301020,301020,304030,304030,,304030,304100,304140,304160,304170,307490,308590,308590,308590,308590,308570,308620,309990,308340,308360,305290,309990,309990,317000,317990,310490,310490
122618006,GIGABYTE Z890 AORUS ELITE DUO X 제이씨현,445900,445900,445900,445900,445900,445900,445900,445910,445910,,,,,437000,,,,,,437000,,,437000,,,,,437000,437000,437000,437000,437000,,437000,437000,437000,437000,,437000,437000,437000,437000,437000,437000,437000,437000,437000,437000,437000,437000,437000,437000,437000,437000,437000,437000,438890,438890,438890,438890
109680482,GIGABYTE Z890 AORUS ELITE DUO X 피씨디렉트,422960,422970,423060,423100,423120,420020,423120,409440,409440,,,,,409000,,,,,,409000,,,408990,,,,,408990,408990,408990,408990,408990,,408990,408990,408990,408990,,408990,408990,408990,408990,408990,409000,409000,408990,408990,409000,409000,408000,408000,407990,407990,407990,408000,407990,407990,401310,401310,401320
69699071,GIGABYTE Z890 AORUS ELITE WIFI7 ICE 제이씨현,348030,348030,348030,348030,348030,350400,350400,350400,350400,,,,,347710,,,,,,351190,,,351190,,,,,351300,351300,351300,351300,351300,,351300,351500,351500,351500,,358980,358980,358980,358980,369600,369600,369600,369600,369600,369600,369600,369600,369600,369600,369600,369600,360990,360990,369600,369600,369600,369600
69699599,GIGABYTE Z890 AORUS ELITE WIFI7 ICE 피씨디렉트,348490,348490,348490,348490,348490,348490,348490,348490,348500,,,,,348490,,,,,,348490,,,348490,,,,,347990,347990,347990,347990,347990,,347990,347990,347990,347990,,337500,337500,337500,337500,337000,337000,337000,337000,337000,337000,337000,337000,337000,337000,337000,337000,337000,335270,335270,334260,334260,334270
122618900,GIGABYTE Z890 AORUS ELITE WIFI7 PLUS 제이씨현,341710,341710,341710,341710,341710,341710,341710,341710,341710,,,,,341710,,,,,,341720,,,341720,,,,,341720,341720,341720,341720,341720,,341720,341720,341720,341720,,348990,349290,349450,352850,367580,367580,367580,367580,367580,367580,367580,367580,367580,367580,367580,367580,367580,367580,367580,367580,367580,367580
122617802,GIGABYTE Z890 AORUS ELITE WIFI7 PLUS 피씨디렉트,342670,342680,342670,342670,342690,342710,348830,349190,349200,,,,,331770,,,,,,331770,,,331770,,,,,331770,331770,331770,331770,331770,,331770,331770,335300,338580,,329820,329820,329820,350930,350940,350960,350930,350930,350940,350960,350960,343970,343970,343960,343960,343980,343990,343990,343990,343980,343980,343980
69699182,GIGABYTE Z890 AORUS ELITE WIFI7 제이씨현,344050,344050,344050,344050,344050,344050,344050,344050,344060,,,,,347190,,,,,,347190,,,347190,,,,,347190,347190,347190,347190,347190,,347300,347300,347300,347300,,347300,347300,347300,347300,347300,347300,347300,347300,347300,347300,347300,347300,347300,347300,347300,347300,347300,347300,347300,347300,347300,347300
69699671,GIGABYTE Z890 AORUS ELITE WIFI7 피씨디렉트,357000,357000,357000,357000,357000,357000,357000,353000,353000,,,,,353000,,,,,,351890,,,351900,,,,,343800,338820,343800,343810,343810,,342310,342310,351910,351910,,351900,351980,352020,352020,352020,352030,351780,351870,351990,352040,357000,353000,309000,353000,353000,353000,353000,353000,354500,349890,350400,350400
69699467,GIGABYTE Z890 AORUS MASTER 피씨디렉트,633890,633890,633890,633890,633890,633890,633900,636500,636510,,,,,639020,,,,,,636540,,,636540,,,,,640570,640560,640560,640560,640560,,640560,640560,640570,640570,,654300,654300,654300,654300,654300,654300,654300,654300,654300,654300,654300,648570,654140,654200,654320,654340,654350,659540,660070,660070,656980,656980
69698870,GIGABYTE Z890 AORUS PRO ICE 제이씨현,406490,406490,406490,406490,406490,406490,406500,406490,406490,,,,,406490,,,,,,414890,,,414980,,,,,414990,414990,415000,415000,415000,,415000,415000,415000,415000,,415000,415000,415000,415000,421000,421000,421000,421000,421000,421000,421000,421000,421000,421000,421000,421000,421000,399000,399000,399000,399000,399000
69699584,GIGABYTE Z890 AORUS PRO ICE 피씨디렉트,423920,421790,421790,421790,423920,423920,423920,423920,423930,,,,,418910,,,,,,419910,,,420480,,,,,420490,420490,420490,420490,420490,,420490,420490,414460,414460,,409810,409810,409810,409810,399000,399000,399000,399000,399000,399000,399000,399000,399000,399000,399000,399000,399000,398910,398910,394700,394700,394700
72227675,GIGABYTE Z890 AORUS XTREME AI TOP 피씨디렉트,1650240,1650240,1650240,1650240,1650240,1650240,1650240,1598670,1598670,,,,,1598670,,,,,,1650240,,,1633050,,,,,1498500,1498500,1498500,1498500,1499000,,1499000,1499000,1499000,1499000,,1498500,1498500,1498500,1498500,1498500,1498500,1498500,1498500,1498500,1498500,1498500,1497000,1497000,1487940,1487940,1487940,1487940,1487940,1487940,1487960,1494480,1494480
69699317,GIGABYTE Z890 UD 제이씨현,287850,287850,287850,287850,287850,287850,287850,287850,287850,,,,,289040,,,,,,289100,,,289100,,,,,289100,289100,289100,289100,289100,,289110,290400,290400,290400,,290400,290400,290400,290400,312800,312800,312800,312800,312800,312800,312800,312800,312800,312800,312800,312800,312800,312800,312800,312800,312800,312800
69699425,GIGABYTE Z890 UD 피씨디렉트,291720,290520,290520,290520,290520,290540,291720,291720,291730,,,,,285690,,,,,,285670,,,285670,,,,,285690,285690,285690,285690,285690,,285690,285690,286990,286990,,286990,286990,286990,286990,286990,286990,286990,286990,286990,286990,286990,286990,287000,287000,287000,287000,287000,294120,294120,294120,290500,290500
69699389,GIGABYTE Z890I AORUS ULTRA 제이씨현,486920,486920,486920,486920,486920,486930,498910,498370,498990,,,,,486920,,,,,,486930,,,486930,,,,,487990,487990,487990,487990,486940,,486930,486930,487980,487980,,487980,487980,487980,487990,487990,487990,487990,487990,487990,487990,487990,487990,487990,487990,487990,487990,487990,487990,497410,499000,496480,492410
69699695,GIGABYTE Z890I AORUS ULTRA 피씨디렉트,485490,476520,476520,476520,473520,476520,476520,482970,481930,,,,,473530,,,,,,470120,,,470120,,,,,470120,469620,470120,476520,476520,,476520,476520,476520,470120,,483830,483860,485220,483910,485400,485470,485240,485310,485430,485450,485450,482290,485440,485490,485490,482290,482290,482290,483920,483920,483920,483920
122617854,GIGABYTE Z890M AORUS ELITE WIFI7 ICE 피씨디렉트,319620,319620,319670,319690,319710,327070,324090,327070,319660,,,,,326610,,,,,,323380,,,319620,,,,,319710,317750,317750,324380,319710,,319710,319710,317750,317750,,327800,327860,327870,327900,327910,327910,327910,327900,327900,327910,327930,323760,326510,326520,326540,326590,327970,327980,345120,340690,341350,341360
122617914,GIGABYTE Z890M AORUS ELITE WIFI7 피씨디렉트,300790,300820,300900,300920,300940,295730,295770,295780,295780,,,,,295500,,,,,,295490,,,295170,,,,,294910,294950,294950,294990,294990,,294990,294990,294990,294950,,294820,294910,294990,294950,294990,295000,295000,294990,294990,295000,295000,294990,294990,295000,295000,295000,294980,294980,294980,294140,290460,290450
6898267,H110 M-ATX (중고),22900,22900,22900,22900,22900,22900,22900,22320,22320,,,,,22320,,,,,,22900,,,22900,,,,,22900,22000,23990,23990,23990,,23990,23990,23990,23990,,23990,23990,23990,23990,23990,23990,23990,23990,23990,23990,23990,25000,25000,25000,25000,25000,25000,25000,25000,25000,25000,25000
6899626,H170 ATX (중고),39480,39480,39480,39480,39480,39480,39480,39510,39510,,,,,39510,,,,,,39090,,,39090,,,,,39090,39090,39090,39090,39090,,39090,39090,39100,39170,,39280,39310,39360,39430,39440,39520,39520,39520,39520,39520,39520,39520,39520,39520,39520,39520,39520,39520,39520,39520,39520,39520
6901537,H170 M-ATX (중고),39000,39000,39000,39000,39000,39000,39000,39000,39000,,,,,39000,,,,,,39000,,,39000,,,,,39000,150000,150000,150000,150000,,150000,150000,150000,150000,,150000,150000,150000,150000,150000,150000,150000,150000,150000,150000,150000,150000,150000,150000,150000,150000,150000,150000,150000,150000,150000,150000
6900835,H270 ATX (중고),45990,45990,45990,45990,45990,45990,45990,44170,44170,,,,,44170,,,,,,47480,,,47480,,,,,47480,47480,47480,47480,47480,,47480,47480,47480,47480,,47490,47490,27000,46500,46500,46500,46500,46500,46500,46500,46500,46500,46500,46500,46500,46500,46500,46500,46500,46500,46500,46500
11973338,H310 (중고),23000,23000,23000,23000,23000,23000,23000,23000,23000,,,,,23000,,,,,,23000,,,23000,,,,,23000,23000,23000,23000,23000,,23000,23000,23000,23000,,23000,23000,23000,23000,23000,23000,23000,23000,23000,23000,23000,23000,23000,23000,23000,23000,23000,23000,23000,23000,23000,23000
11973452,H370 (중고),47990,47990,47990,47990,47990,47990,47990,47990,47990,,,,,47990,,,,,,48820,,,48570,,,,,48900,48930,49020,49050,49140,,49260,49290,49300,49380,,49500,49530,49580,49650,49750,49770,49850,49870,49970,49990,51250,51250,51250,51250,51250,51250,51250,51250,51250,51250,51250,51250
16275521,H410 (중고),41390,41390,41390,41390,41390,41390,41400,41400,41400,,,,,41400,,,,,,41400,,,41400,,,,,41400,41400,41400,41400,41400,,41400,41400,41400,41400,,43650,43680,43730,43800,43810,43890,43890,43890,43890,43890,41400,41400,41400,41400,41400,41400,41400,41400,41400,41400,41400,41400
16275497,H470 (중고),40450,40450,40450,40450,40450,40450,40460,40440,40440,,,,,40440,,,,,,40450,,,40010,,,,,40170,40250,40250,40340,40370,,40490,40580,40610,40700,,40820,40850,40900,40970,41070,41090,41180,41190,41290,45840,45840,45840,45840,45840,45840,45840,45840,45840,45840,45840,45840,45840
16275566,H510 (중고),50000,47620,47700,47740,47750,47830,49990,50000,50000,,,,,50000,,,,,,50000,,,50000,,,,,50000,55980,55980,55990,55000,,55000,55000,55000,55000,,55000,55000,55000,55000,45000,45000,55000,55000,55000,55000,55000,55000,55000,55000,55000,55000,55000,55000,55000,55000,55000,55000
16275545,H570 (중고),88420,88450,88530,88570,88650,88690,88780,82680,82680,,,,,82680,,,,,,88080,,,88230,,,,,88560,88590,88590,88680,88710,,88790,88790,88790,88790,,88790,88790,88790,88790,88790,88790,88790,88790,88790,88790,88790,88790,88790,88790,88790,88790,88790,88790,88790,88790,88790,88790
28652501,H610 DDR5 (중고),49900,49900,49900,49900,49900,49900,44900,44900,44900,,,,,44900,,,,,,44900,,,44900,,,,,44900,44900,44900,44900,44900,,44900,44900,44900,44900,,44900,44900,44900,37000,37000,37000,37000,37000,37000,37000,37000,37000,37000,37000,37000,37000,37000,37000,37000,37000,37000,37000
15497894,HC-06 아두이노 블루투스 모듈,2390,2390,2390,2390,2390,2230,2230,2230,2230,,,,,2240,,,,,,2390,,,2390,,,,,2390,2390,2390,2390,2390,,2390,2390,2390,2390,,2390,2390,2390,2390,2390,2390,2390,2390,2390,2390,2390,2390,2390,2390,2390,2390,2390,2390,2390,2390,2390,2390
13949627,LKino MEGA128 트레이닝 보드 LA18,97900,97900,97900,97900,97900,97900,97900,90070,90070,,,,,90070,,,,,,97900,,,97900,,,,,97900,97900,97900,97900,97900,,97900,97900,97900,97900,,97900,97900,97900,97900,97900,97900,97900,97900,97900,97900,97900,97900,97900,97900,97900,97900,97900,97900,97900,97900,97900,97900
76948292,MAXSUN e스포츠 B650ITX WIFI ICE 디앤디컴,182840,182830,182830,182830,182830,182840,182840,182840,182840,,,,,182840,,,,,,184290,,,184300,,,,,184300,184300,184300,184300,184300,,184300,184290,184290,184290,,184290,184290,184290,184290,184290,184290,184290,184290,184290,184290,184290,184290,184290,184290,184290,184290,184290,184300,184300,184300,184300,184300
92043230,MAXSUN e스포츠 B850ITX WIFI ICE 디앤디컴,210790,210790,210790,210790,210790,210790,210790,210790,210790,,,,,201500,,,,,,201500,,,201500,,,,,201500,201500,201500,201500,201500,,201500,201500,201500,201500,,201500,201500,201500,201500,201500,201500,201500,201500,201500,201500,201500,201500,201500,201500,201500,201500,201500,201500,201500,201500,201500,201500
103452395,MAXSUN e스포츠 B850M WIFI ICE 디앤디컴,138640,138640,138640,138640,138640,138640,138640,138640,138640,,,,,138640,,,,,,138850,,,138860,,,,,138850,138860,164040,164050,164050,,162960,162960,162960,162960,,164360,162960,162960,164610,164700,164720,164730,164730,164730,164740,164740,164740,164740,164740,164740,164740,164740,164750,164750,164750,164750,164750
124364751,MAXSUN 마일스톤 H610M 2.5G V3 디앤디컴 (벌크),102700,,,,,,,,,,,,,,,,,,,,,,,,,,,,,,,,,,,,,,,,,,,,,,,,,,,,,,,,,,,
77283125,MAXSUN 아이크레프트 Z890 아크틱 디앤디컴,445970,445970,445970,445970,445970,445970,445970,445970,445970,,,,,445970,,,,,,445980,,,445980,,,,,453400,453400,453400,453400,453400,,453400,453400,453400,453400,,453400,453400,453400,453400,453400,453400,453400,453400,453400,453400,453400,453400,453400,453400,453400,453400,453400,453400,453380,453380,453380,453380
122616566,MAXSUN 아이크레프트 Z890 퍼시픽 디앤디컴,449990,449990,449990,449990,449990,449990,449990,449990,449990,,,,,449990,,,,,,449990,,,453990,,,,,453990,454000,453990,453990,453990,,444520,444520,464000,569050,,569050,569050,569050,569050,569050,575040,575040,575040,575040,575040,575040,575040,575040,575040,575040,575040,575040,575040,575040,575040,575040,575040
76948274,MAXSUN 챌린저 A620A 2.5G 디앤디컴,119000,119000,119000,119000,119000,119000,119000,119000,119000,,,,,119000,,,,,,119000,,,119000,,,,,99990,99990,99990,99990,99990,,99990,99990,99990,99990,,99990,99990,99990,99990,99990,99990,99990,99990,99990,99990,99990,99990,99990,99990,99990,99990,99990,99990,99990,99990,99990,99990
124087254,MAXSUN 챌린저 B460M-D 디앤디컴,102210,101360,101360,101360,101370,102210,102210,102210,102210,,,,,101361,,,,,,104000,,,104000,,,,,104000,104000,103990,103990,101370,,104000,102730,,,,,,,,,,,,,,,,,,,,,,,,,
77313929,MAXSUN 챌린저 B760ITX D5 디앤디컴,184000,184000,184000,184000,184000,184000,184000,184000,184000,,,,,184000,,,,,,184000,,,178000,,,,,199000,199000,199000,199000,199000,,199000,199000,199000,199000,,199000,199000,199000,199000,199000,199000,199000,199000,199000,199000,199000,199000,199000,199000,199000,199000,199000,199000,199000,199000,199000,199000
58837484,MAXSUN 챌린저 H610ITX 2LAN 디앤디컴,141450,141450,141450,141450,141450,141450,141450,141450,141450,,,,,141450,,,,,,141460,,,141460,,,,,141460,141980,142470,142470,142470,,142470,142470,142470,142470,,142470,142470,142470,142470,142470,142470,142470,142470,142470,142470,142470,142470,142470,142470,142470,142470,142470,142470,142470,142470,142470,142470
43557464,MAXSUN 챌린저 H610M,228750,228750,228750,228750,228750,228750,228750,212730,212730,,,,,212730,,,,,,228750,,,228750,,,,,228750,228750,228750,228750,228750,,228750,228750,228750,228750,,228750,228750,228750,228750,228750,228750,228750,228750,228750,228750,228750,228750,228750,228750,228750,228750,228750,228750,228750,228750,128750,128750
102004862,MAXSUN 챌린저 H810ITX WIFI 디앤디컴,197880,197880,197880,197880,197880,197880,197880,197880,197880,,,,,197880,,,,,,197900,,,197910,,,,,198880,198880,211480,211490,211490,,211490,211490,211490,211490,,211490,211490,211490,211490,211490,211490,211490,211490,211490,211500,211510,211510,211500,211500,211500,211510,211510,211510,211510,211500,211500,211500
102004859,MAXSUN 챌린저 H810M 2.5G 디앤디컴,125380,125370,125370,124620,125370,125380,125380,125380,125380,,,,,125370,,,,,,125380,,,125390,,,,,125390,125390,125390,125390,125390,,125390,125390,125390,125390,,126840,126840,126840,126850,127790,128080,128090,128160,128280,128310,128310,128080,128070,128070,128070,128080,128300,128310,128310,123980,123980,123980
103130498,MAXSUN 챌린저 H810M-F 디앤디컴,93310,93310,93310,93310,93310,93310,93310,93310,93310,,,,,93310,,,,,,93310,,,93320,,,,,94000,96290,92980,93870,93870,,93870,93870,93870,93420,,93630,93730,93810,93870,94020,94110,94110,94110,94110,94110,94120,94120,94120,94120,94120,94120,94120,94130,94130,94110,94110,94110
43546877,MAXSUN 터미네이터 B760M D5,323750,323750,323750,323750,323750,323750,323750,301080,301080,,,,,159000,,,,,,159000,,,156500,,,,,156500,159000,159000,159000,156500,,156500,159000,159000,154000,,154000,159000,159000,159000,154000,156500,159000,159000,159000,159000,154000,154000,159000,159000,156500,154000,159000,154000,156500,159000,156500,154000
77319245,MAXSUN 터미네이터 Z890-A WIFI 디앤디컴,223500,223500,223500,223500,223500,223500,223500,223500,223500,,,,,223500,,,,,,223500,,,223500,,,,,223500,305950,252490,252490,252490,,252490,252490,252490,252490,,252490,252490,252490,252490,252490,252500,252500,252500,252500,252500,252500,252500,252500,252500,252500,252500,252500,252500,252500,252500,252500,252500
12067598,MSI A520M-A PRO,69740,69640,69640,69730,69730,69750,69750,69200,69300,,,,,65030,,,,,,66480,,,66960,,,,,65540,65540,64200,64200,66520,,66520,67100,69210,67400,,67550,67550,69830,70870,69760,69460,69310,69310,69310,69310,70500,63000,69760,63000,63000,63000,70870,69680,67340,63000,62870,62970
13411379,MSI A520M-A PRO (해외구매),71000,71000,70500,70500,71000,71000,71000,71000,71000,,,,,61970,,,,,,66480,,,66240,,,,,62010,62080,61310,63020,65140,,66310,66180,67100,64280,,67560,67560,64740,70480,70900,70900,71140,71140,71590,71590,72180,72180,72570,72510,72510,72600,72600,72790,72790,72800,72800,69840
18036965,MSI B550M PRO-VDH WIFI (해외구매),167800,167800,167800,167800,167800,167800,167800,167800,167800,,,,,167800,,,,,,170240,,,170240,,,,,164470,164470,164470,166390,166390,,168310,170230,170230,170230,,170230,170230,170230,170230,170230,170230,170230,170230,170230,170230,170230,170230,170230,170230,170230,170230,170230,170230,170230,170230,170230,170230
122694411,MSI B550M-A PRO,96970,89100,96800,96800,96800,97400,96980,97400,97400,,,,,92070,,,,,,97400,,,97400,,,,,97400,97400,97400,97400,97390,,97400,97400,97400,94555,,97390,97390,97400,97400,96970,97390,97390,97390,97390,96970,97390,97000,96820,96820,96820,96820,97400,96980,97400,97390,96000,96000
53418977,MSI B650M 프로젝트 제로,223250,223250,223230,223230,223230,223250,223250,220900,220900,,,,,220890,,,,,,220900,,,220900,,,,,220900,220900,220900,220900,220890,,220900,220900,223250,223250,,223240,223240,223250,223250,222120,222130,223240,223240,223240,223240,223240,226000,223240,223240,223240,223240,223250,223250,223250,220890,223240,223240
6354378,MSI B75MA-E33 GEN3 (중고),31000,31000,31000,31000,31000,31000,31000,31000,31000,,,,,31000,,,,,,31000,,,31000,,,,,31000,31000,31000,31000,31000,,31000,31000,31000,31000,,31000,31000,31000,31000,31000,31000,31000,31000,31000,31000,31000,31000,31000,31000,31000,31000,31000,31000,31000,31000,31000,31000
53419463,MSI B760M 프로젝트 제로,233700,233700,233700,233700,233700,233700,233700,233700,233700,,,,,233700,,,,,,238700,,,238700,,,,,236200,238700,238700,238700,236200,,238700,236500,239000,239000,,239000,239000,239000,239000,236500,234000,238800,236300,233800,238800,238800,236300,233800,238800,238800,236300,233800,238800,238800,236300,233800,238800
122639563,MSI B850M 게이밍 플러스 WIFI6E,206490,199000,204400,204400,204400,206490,204790,206490,206490,,,,,198370,,,,,,206490,,,206490,,,,,206490,206490,206490,206490,206460,,186690,183330,183330,183490,,206460,183970,184470,184500,184500,184500,186780,186780,186780,186780,195690,195690,195690,195690,196740,196740,196740,196740,196740,199580,199580,199580
5994603,MSI B85M-E33 (중고),23430,23430,23430,23430,23430,23430,23440,23420,23420,,,,,23420,,,,,,23430,,,23180,,,,,23180,23180,23180,23180,23180,,23180,23180,23180,23180,,23180,23180,23190,23240,23340,23430,23430,23430,23430,23430,23430,23430,23430,23430,23430,23430,23430,23430,23430,23430,23430,23430
4468421,MSI G31TM-P21 (중고),20580,20580,20580,20580,20580,20580,20580,20580,20580,,,,,20580,,,,,,20580,,,20370,,,,,20370,20370,20370,20370,20370,,20370,20370,20370,20370,,20370,20370,20370,20370,20370,20580,20580,20580,20580,20580,20580,20580,20580,20580,20580,20580,20580,20580,20580,20580,20580,20580
19719872,MSI H110M PRO-VD PLUS (중고),73010,73010,73010,73010,73010,73010,73010,72220,72220,,,,,72220,,,,,,73010,,,73010,,,,,73010,73010,73010,73010,73010,,73010,73010,73010,73010,,73010,73010,73010,73010,73010,73790,73790,73790,73790,73790,73790,73790,73790,73790,73790,73790,73790,73790,73790,73790,73790,73790
13628021,MSI H510M-A PRO,150000,150000,150000,150000,150000,150000,150000,150000,150000,,,,,150000,,,,,,150000,,,150000,,,,,150000,150000,150000,150000,150000,,150000,150000,150000,150000,,150000,150000,150000,150000,150000,150000,150000,150000,150000,150000,150000,150000,150000,150000,150000,150000,150000,150000,150000,150000,150000,150000
5993711,MSI H81M-P33 (중고),21990,21990,21990,21990,21990,21990,21990,21990,21990,,,,,21990,,,,,,21990,,,21990,,,,,21990,21340,21340,21340,21340,,21340,21340,21340,21340,,21340,21340,21340,21340,21340,21560,21560,21560,21560,21560,21560,21560,21560,21560,21560,21560,21560,21560,21560,21560,21560,21560
13631252,MSI MAG B550 토마호크 (해외구매),304530,304530,304530,304530,304530,304520,304520,304520,304520,,,,,299370,,,,,,297920,,,297920,,,,,297920,297920,297920,297920,297920,,297920,296650,289660,289330,,295310,297920,297920,297920,297930,298170,298900,298900,299160,319970,319990,320070,276320,276320,276320,276320,276320,276320,276320,276320,276320,276320
17438588,MSI MAG B560 토피도 해외구매,339000,339000,339000,339000,339000,339000,339000,339000,339000,,,,,339000,,,,,,339000,,,339000,,,,,339000,339000,339000,339000,339000,,339000,339000,339000,339000,,339000,339000,339000,339000,339000,339000,339000,339000,339000,339000,339000,339000,339000,339000,339000,339000,339000,339000,339000,339000,339000,339000
17971181,MSI MAG B650 토마호크 WIFI,249190,249200,249200,249200,249200,249280,249320,249330,249330,,,,,249050,,,,,,252580,,,252780,,,,,252980,253020,253040,253100,253100,,253210,253280,253340,253410,,253000,253000,253530,253620,253690,253710,253740,253750,253780,253800,253900,253880,253890,253900,253960,253980,253970,253970,253970,250000,250000,250000
18223226,MSI MAG B650 토마호크 WIFI (해외구매),286570,286570,286570,286570,295620,286570,286570,295620,289590,,,,,243300,,,,,,243300,,,243300,,,,,243300,243300,243300,243300,243300,,243300,243300,243300,243300,,243300,243300,243300,243300,243300,243300,243300,243300,243300,243300,243300,243300,243300,243300,243300,243300,243300,243300,243300,243300,243300,243300
17971187,MSI MAG B650M 박격포 WIFI,205980,205050,205050,205050,205050,206000,206000,206000,206000,,,,,199000,,,,,,202840,,,202820,,,,,205890,203960,206000,205880,203900,,204260,206490,208980,206490,,205790,206000,208990,208990,202720,202730,203180,203180,203180,203190,206210,206190,204310,204310,204310,204310,204320,204310,204320,200820,203180,203180
16089002,MSI MAG B660M 박격포 DDR4,196000,196000,196000,196000,196000,196000,196000,196000,196000,,,,,196000,,,,,,196000,,,196000,,,,,196000,196000,196000,196000,196000,,196000,196000,196000,186000,,186000,186000,186000,186000,186000,186000,186000,186000,186000,186000,186000,186000,186000,186000,186000,186000,186000,186000,186000,186000,186000,186000
18652865,MSI MAG B760 토마호크 WIFI,227640,227640,227600,227680,227690,227740,227750,227750,227750,,,,,227760,,,,,,227820,,,227820,,,,,227830,227840,227850,227850,227840,,227850,227850,227860,227860,,227860,227860,227870,227870,227870,227870,227880,227870,227880,227940,227990,227990,227990,227990,227990,227990,228000,228000,228000,227990,227990,227990
37226114,MSI MAG B760M 박격포 II,175700,175670,175600,175600,175600,175670,178650,175890,175890,,,,,169000,,,,,,176490,,,176500,,,,,176520,176520,178990,178990,174900,,177080,177120,178990,173610,,173590,173590,173620,173610,173600,173610,174320,174320,174320,174320,172290,172290,172280,172280,172290,172290,172300,172300,172290,172280,172280,172280
74814341,MSI MAG B850 토마호크 맥스 WIFI,326510,326580,325000,326620,326650,326700,326720,326730,326740,,,,,326370,,,,,,326440,,,325450,,,,,327840,327900,327960,316590,317640,,320150,320150,320610,315410,,318980,323980,316490,318990,317950,321490,318990,318990,318990,324000,316470,318980,316470,316470,316470,316470,326480,323980,326490,323990,323980,323980
91493696,MSI MAG B850M 박격포,248940,248940,248940,248940,248940,247370,247370,247370,247370,,,,,239000,,,,,,242580,,,241400,,,,,241400,241400,241400,241400,241390,,241370,241370,241370,241370,,241360,241360,241370,241400,241390,241390,241420,241420,241420,241380,241420,241430,241430,241430,241430,241430,241440,241450,241450,239780,241460,241460
79397648,MSI MAG B850M 박격포 WIFI,268990,264010,264010,264020,264220,264260,268890,264310,261980,,,,,269000,,,,,,271500,,,269000,,,,,269000,262430,262840,268990,268990,,266170,266170,265360,261150,,261110,261130,261150,261170,260920,260870,261460,261460,261460,261470,267790,267880,267000,267000,267000,267000,267950,267970,267980,258410,262920,262920
74340455,MSI MAG B860 토마호크 WIFI,278500,280980,280980,278630,278880,283890,288690,283890,288890,,,,,278870,,,,,,286390,,,285890,,,,,285890,285890,278390,278390,278390,,280890,283390,285890,285890,,285880,285880,285890,285890,281490,271490,286480,283990,283990,283990,274800,278990,278990,281000,281000,273990,273990,273990,276490,278990,285000,283990
122636609,MSI MAG B860M 박격포,243120,243020,243020,244980,244980,244990,244990,244990,244990,,,,,240190,,,,,,242620,,,245590,,,,,245590,245590,245590,245590,245580,,245590,245590,245590,245590,,245580,245580,245590,245590,245580,245580,245580,245580,245580,245580,245580,245580,245580,245580,245580,245580,245580,245580,245580,245580,245580,245580
74340266,MSI MAG B860M 박격포 WIFI,265320,265000,265000,265000,265000,267400,267400,267400,266990,,,,,266890,,,,,,267000,,,267400,,,,,267450,263890,263890,268990,268660,,263980,263750,266700,268990,,264350,264450,264510,267440,264250,263120,262570,262570,262570,262580,265000,265000,265000,265000,265000,265000,263970,263970,263980,259520,266490,263970
27576677,MSI MAG X670E 토마호크 WIFI (해외구매),442710,442710,442710,442710,442710,442710,442710,442710,442710,,,,,442710,,,,,,442710,,,442710,,,,,442710,442710,442710,442710,442710,,442710,442710,442710,442710,,442710,442710,442710,442710,442710,447680,447680,447680,447680,447680,447680,447680,447680,447680,447680,447680,447680,447680,447680,447680,447680,447680
67852370,MSI MAG X870 토마호크 WIFI,395430,395430,395430,418160,418990,418160,418160,418160,418160,,,,,418160,,,,,,418160,,,418160,,,,,418160,418160,418160,418160,418160,,418160,418160,418160,418160,,418160,418160,418160,418160,418160,418160,418160,418160,418160,418160,418160,418160,418160,418160,418160,418160,418160,418160,418160,418160,418160,418160
75857021,MSI MAG X870E 토마호크 WIFI,449730,458430,449730,449730,440140,439600,439600,439600,439600,,,,,439600,,,,,,443770,,,441060,,,,,443870,441400,443910,453910,453970,,454010,454010,454010,446270,,446000,446000,446320,446420,446460,446000,443980,443980,443980,450000,444910,444300,444300,444300,444300,444300,444310,444310,444310,444300,444300,444300
124011856,MSI MAG X870E 토마호크 맥스 WIFI,473000,472990,472990,472990,472990,473000,473000,473000,473000,,,,,472990,,,,,,473000,,,473000,,,,,473000,473000,473000,473000,472990,,473000,473000,473000,473000,,472990,472990,473000,473000,,,,,,,,,,,,,,,,,,
104325440,MSI MAG X870E 토마호크 맥스 WIFI PZ,526480,526480,526480,526480,526480,526490,526490,526490,526490,,,,,526470,,,,,,526490,,,526430,,,,,526490,526490,526490,526490,526480,,526490,526490,528990,528930,,528980,528980,528990,528990,528980,528980,528990,528990,528990,526000,526000,526000,526000,526000,526000,526000,528990,528990,528990,526000,526000,526000
69697766,MSI MAG Z890 토마호크 WIFI,458990,458990,458990,458990,458990,458990,458990,458990,458990,,,,,458990,,,,,,446490,,,458990,,,,,433990,436490,451490,436490,453990,,458930,458930,458930,458930,,455000,455000,458930,458930,455000,455000,455000,455000,455000,455000,455000,455000,450000,450000,450000,450000,458990,458990,458990,450000,450000,450000
124011866,MSI MAG Z890 토마호크 WIFI II,473000,472990,472990,472990,472990,473000,473000,473000,450250,,,,,450250,,,,,,473000,,,473000,,,,,473000,473000,473000,473000,472990,,473000,473000,473000,473000,,472990,472990,473000,473000,,,,,,,,,,,,,,,,,,
124335753,MSI MEG X870E 에이스 맥스,869000,868980,868980,868980,868980,868990,868990,889560,,,,,,,,,,,,,,,,,,,,,,,,,,,,,,,,,,,,,,,,,,,,,,,,,,,,
13612370,MSI MEG Z490I 유니파이 (해외구매),298030,298030,298030,298030,298030,298030,298030,298030,298030,,,,,298030,,,,,,301190,,,301190,,,,,301190,301190,301190,301190,301190,,301190,301190,301190,301190,,301190,301190,301190,301190,301190,301190,301190,301190,301190,301190,301190,301190,301190,301190,301190,301190,301190,301190,301190,301190,301190,301190
69697592,MSI MEG Z890 에이스,948970,948970,948960,948960,948960,948970,911130,909000,909000,,,,,909000,,,,,,948630,,,948770,,,,,948770,948790,948810,948830,948860,,948910,948930,948950,948970,,948890,948910,948930,948950,948970,948980,948960,948970,948980,948980,948980,949000,948790,948840,948960,948980,949000,949000,949000,949000,948980,948980
69698594,MSI MEG Z890 유니파이-X,696980,690000,690000,690000,690000,694470,694470,694470,694470,,,,,694460,,,,,,694470,,,694480,,,,,698990,698990,698990,699000,694000,,699000,699000,699000,691490,,691480,691480,691490,691490,678020,678030,691480,691480,691480,691480,691480,691480,691480,691480,691480,691480,691490,691490,691490,691480,691480,691480
18172115,MSI MPG B650 엣지 WIFI,401490,401490,401490,401490,401490,373780,373780,373780,373780,,,,,373780,,,,,,365490,,,365490,,,,,365490,365490,365490,365490,365490,,365490,365490,365490,368490,,368490,389490,395490,398490,377490,380490,383490,401490,386490,389490,392490,371490,395490,374490,380490,366240,401490,384240,329000,329000,329000,329000
17971178,MSI MPG B650 카본 WIFI,915000,915000,915000,915000,915000,915000,915000,915000,915000,,,,,915000,,,,,,915000,,,915000,,,,,915000,915000,915000,915000,915000,,915000,915000,915000,915000,,915000,915000,915000,915000,855000,858000,861000,876000,900000,903000,906000,840000,864000,888000,912000,852000,876000,879000,882000,900000,840000,864000
18449468,MSI MPG B650I 엣지 WIFI (해외구매),585200,585200,585200,585200,585200,585200,585200,585200,585200,,,,,585200,,,,,,585200,,,585200,,,,,585200,585200,585200,585200,585200,,585200,585200,585200,585200,,585200,585200,585200,585200,585200,585200,426150,426150,426150,426150,370760,370760,426150,426150,426150,426150,426150,370760,370760,370760,370760,426150
74814380,MSI MPG B850 엣지 TI WIFI,368470,365000,365000,365000,365000,368990,368600,368990,368990,,,,,367960,,,,,,368970,,,368970,,,,,368970,368970,368970,368520,365000,,368970,368970,368990,368990,,368860,368940,368990,368990,364000,364000,367610,367610,367610,364000,363000,363000,363000,363000,363000,363000,367620,367620,367620,360000,360000,360000
97121510,MSI MPG B850I 엣지 TI WIFI,378990,375000,375000,375000,375000,378990,371360,371360,371360,,,,,366940,,,,,,378990,,,363370,,,,,378990,378990,378990,378990,378980,,378990,378990,378990,378990,,378980,378980,378990,378990,367620,367620,378980,378980,378980,375000,375000,375000,375000,375000,375000,375000,378990,378990,368160,368150,376000,376000
9500100,MSI MPG X470 게이밍 플러스 맥스,186990,186990,186990,186990,186990,186990,186990,173910,173910,,,,,173910,,,,,,186990,,,186990,,,,,186990,186990,186990,186990,186990,,186990,186990,186990,186990,,186990,186990,186990,186990,186990,186990,186990,186990,186990,186990,186990,186990,186990,186990,186990,186990,186990,186990,186990,186990,186990,186990
97903919,MSI MPG X670E 카본 WiFi (중고),589180,589180,589180,589180,589180,589180,589180,559710,559710,,,,,519200,,,,,,519200,,,519200,,,,,519200,519200,519200,519200,519200,,519200,519200,519200,519200,,519200,519200,519200,519200,519200,519200,519200,519200,519200,519200,519200,519200,519200,519200,519200,519200,519200,519200,519200,519200,519200,519200
18222359,MSI MPG X670E 카본 WiFi (해외구매),821370,821370,821370,821370,821370,821370,821370,821370,821370,,,,,644620,,,,,,644620,,,644620,,,,,644620,644620,644620,644620,644620,,644620,644620,644620,644620,,644620,644620,644620,644620,644620,644620,644620,644620,644620,644620,644620,644620,644620,644620,644620,644620,644620,644620,644620,644620,644620,644620
75538472,MSI MPG X870E 엣지 TI WIFI,498280,495000,495000,495000,495000,498410,498470,478610,478610,,,,,476160,,,,,,479200,,,484250,,,,,490460,490490,490490,490490,490480,,498350,498420,498510,498570,,498690,498720,498740,498840,495000,495000,498980,498980,498980,495000,495000,495000,495000,495000,495000,495000,498990,498990,498990,495370,495370,495370
67852652,MSI MPG X870E 카본 WIFI,513450,513450,513450,513450,513450,390300,390300,359070,359070,,,,,359070,,,,,,513450,,,513450,,,,,513450,513450,513450,513450,513450,,513450,513450,513450,513450,,513450,513450,513450,668990,535050,665000,665000,665000,665000,665000,665000,665000,665000,665000,665000,665000,668990,668990,668990,665000,665000,665000
124335598,MSI MPG X870E 카본 맥스 WIFI,691520,691480,691490,691490,691490,691500,668990,691530,,,,,,,,,,,,,,,,,,,,,,,,,,,,,,,,,,,,,,,,,,,,,,,,,,,,
16513202,MSI MPG Z490 게이밍 플러스 (해외구매),232770,232770,232770,232770,232770,232770,232770,232770,232770,,,,,209700,,,,,,209700,,,209700,,,,,209700,209700,209700,209700,209700,,209700,209700,209700,209700,,209700,209700,209700,209700,209700,209700,209700,209700,209700,209700,209700,209700,209700,209700,209700,209700,209700,209700,209700,209700,209700,209700
15504146,MSI MPG Z590 게이밍 카본 WIFI (해외구매),550000,550000,550000,550000,550000,550000,550000,550000,550000,,,,,550000,,,,,,550000,,,550000,,,,,550000,550000,550000,550000,550000,,550000,550000,550000,550000,,550000,550000,550000,550000,550000,550000,550000,550000,550000,550000,550000,550000,550000,550000,550000,550000,550000,550000,550000,550000,550000,550000
69698492,MSI MPG Z890 엣지 TI WIFI,547990,545000,545000,545000,545000,547990,548410,526500,526500,,,,,526500,,,,,,548990,,,548990,,,,,548990,548990,548990,548990,545000,,548990,548990,548990,548990,,548980,548980,548990,548990,532520,532530,548990,548990,548990,545000,545000,545000,545000,545000,545000,545000,549000,549000,549000,540000,540000,540000
69698066,MSI MPG Z890 카본 WIFI,598790,595000,595000,595000,595000,598910,598990,574190,574190,,,,,574190,,,,,,594540,,,594780,,,,,595080,595100,595160,595240,595200,,595350,595420,595510,595580,,591000,591000,595700,595800,595860,595000,595000,595000,595000,594000,594000,594000,594000,594000,594000,594000,598990,598990,598990,594000,594000,594000
4489472,MSI P55-CD53 (중고),146000,146000,146000,146000,146000,146000,66000,66000,66000,,,,,66000,,,,,,66000,,,66000,,,,,66000,66000,66000,66000,66000,,66000,66000,66000,66000,,66000,66000,66000,66000,66000,66000,66000,66000,66000,66000,66000,66000,66000,66000,66000,66000,66000,66000,66000,66000,66000,66000
100192175,MSI PRO A620AM-B EVO,98990,98000,98000,98000,98000,98990,98890,93000,93000,,,,,93000,,,,,,98990,,,98990,,,,,98990,98990,98990,98990,98980,,98990,94400,94400,94400,,94400,94400,94400,94400,94390,94390,94390,94390,94390,94390,94390,94400,94390,94390,94390,94390,94400,94400,94400,94400,94390,94390
39249221,MSI PRO A620M-C EX,118990,118480,118490,118500,118590,118990,118870,118990,118990,,,,,118980,,,,,,118990,,,118990,,,,,118990,113990,113990,118990,118980,,113990,116490,118990,118990,,118980,118980,118990,118990,118980,118980,118980,118980,118980,118980,118980,118980,118980,118980,118980,118980,118990,118990,118990,118980,118980,118980
19705316,MSI PRO A620M-E,109000,109000,109000,109000,109000,109000,109000,109000,109000,,,,,109000,,,,,,109000,,,148500,,,,,148500,151500,154500,142500,148500,,151500,145500,154500,145500,,148500,154500,145500,142500,142500,145500,148500,151500,145500,154500,142500,148500,142500,151500,154500,148500,142500,145500,148500,151500,145500,154500
122694479,MSI PRO B550M-P,115000,115000,115000,115000,115000,115000,115000,115000,115000,,,,,115000,,,,,,115000,,,115000,,,,,114370,114370,114370,114370,114360,,114370,114370,114370,114370,,114360,114360,114370,113300,113290,113290,113290,113290,113290,113290,113290,113000,112490,112490,112490,112490,112500,112500,111300,113290,110810,110810
62568890,MSI PRO B650M-A,152020,148720,148720,148720,149510,152030,149680,152180,152180,,,,,144000,,,,,,148240,,,145130,,,,,147130,147130,147130,147130,147120,,147130,147130,147130,147130,,148220,148230,148240,148240,150370,149100,149100,149100,149100,149110,149110,149110,149100,149100,149100,149100,149110,149110,149110,147880,149120,149100
17971184,MSI PRO B650M-A WIFI,165300,165330,165370,165600,165820,165840,164350,167100,167100,,,,,159000,,,,,,163990,,,163900,,,,,163990,163730,163710,163980,163970,,163980,163980,163980,163980,,163920,163970,163990,163920,163960,163980,163990,163980,163990,163990,163990,163990,163980,163980,163980,163980,163990,163990,163990,162410,163300,163300
57295043,MSI PRO B650M-B,111140,111130,111130,111130,111130,111140,109970,109970,109970,,,,,109960,,,,,,109970,,,109970,,,,,109970,109970,109970,109980,109970,,109980,109980,111150,111150,,111130,111130,111140,111140,109990,109990,109990,109990,109990,109990,109990,109990,109990,109990,109990,109990,110000,110000,110000,109960,109960,109960
20108249,MSI PRO B650M-P,124900,124800,124800,124800,124800,124900,124870,124870,118900,,,,,118900,,,,,,128970,,,118900,,,,,118900,118900,128970,128970,118900,,128980,118900,125100,118900,,118900,118900,118900,118900,118900,118900,118900,118900,118900,118900,115900,115900,115900,115900,115900,115900,115900,115900,115900,122490,122490,115900
18222278,MSI PRO B660M-A WIFI (해외구매),458900,458900,458900,458900,458900,458900,458900,458900,458900,,,,,458900,,,,,,458900,,,458900,,,,,458900,458900,458900,458900,458900,,458900,458900,458900,458900,,458900,458900,458900,458900,458900,458900,458900,458900,458900,458900,458900,458900,458900,458900,458900,458900,458900,458900,458900,458900,458900,458900
27474755,MSI PRO B760M-A DDR4 II,142500,141480,141480,141480,141490,140990,143990,143860,143990,,,,,142270,,,,,,142490,,,143880,,,,,143830,143870,143890,143910,143940,,144990,145000,145000,144970,,144960,144970,144990,144000,143970,144410,144430,144450,144480,143000,143000,143000,143000,143000,143000,143000,145000,144990,141000,140990,140990,140990
19241759,MSI PRO B760M-A WIFI,154990,149000,154950,155500,155500,158960,158830,158960,158960,,,,,149000,,,,,,153530,,,153530,,,,,155530,153030,155530,153030,153020,,155530,153030,153010,155530,,153300,153990,154000,156500,153300,153160,153980,153980,153980,153300,153980,153980,153900,153900,153180,153050,155680,153300,157280,152290,152260,152290
97904522,MSI PRO B760M-A WIFI (중고),108900,108900,108900,108900,108900,108900,108900,108900,108900,,,,,108900,,,,,,108900,,,108900,,,,,108900,145350,145350,109000,109000,,109000,109000,109000,109000,,109000,109000,109000,109000,109000,109000,109000,109000,109000,109000,109000,109000,109000,109000,109000,109000,109000,109000,109000,109000,109000,109000
122637313,MSI PRO B760M-E DDR4,117500,117490,117490,117490,117490,117500,117490,117500,117500,,,,,117490,,,,,,117500,,,117500,,,,,117500,117500,117500,117500,117490,,117500,117500,117500,117500,,117490,117490,117500,117500,115420,115430,117490,117490,117490,117490,117490,117490,117490,117490,117490,117490,117500,117500,117500,117490,117490,117490
20171636,MSI PRO B760M-P,134990,134490,134490,134500,134590,134980,134840,134840,134840,,,,,134870,,,,,,134980,,,134990,,,,,134990,134990,134990,134990,134980,,134990,134990,134990,134990,,134980,134980,134990,134990,134980,134980,134980,134980,134980,134980,134980,134980,134980,134980,134980,134980,134990,134990,134990,134980,134980,134980
18652889,MSI PRO B760M-P DDR4,125130,125090,125090,125090,125120,125130,125130,125130,125130,,,,,125120,,,,,,125130,,,125120,,,,,125130,125130,125130,125130,125120,,125130,125130,125130,125130,,125120,125120,125130,125130,125120,125110,125130,128990,128990,127000,127000,127000,127000,127000,127000,127000,129000,128590,126500,126490,126490,126490
73948922,MSI PRO B840-P WIFI,191500,191490,191490,191490,191490,196500,194000,199000,194000,,,,,174500,,,,,,174500,,,174500,,,,,174500,174500,174500,174500,174500,,174500,174500,174500,174500,,174500,174500,174500,174500,174500,171000,159730,159720,160730,160530,162060,162420,162930,162930,163030,163030,163000,162550,163440,163450,170270,194580
93502442,MSI PRO B850M-A WIFI,182850,179000,182800,182930,182930,182940,182940,182940,182940,,,,,179000,,,,,,182990,,,183050,,,,,183060,183060,183060,183060,183050,,183060,183060,183060,183060,,183060,183060,183060,183060,183060,183060,183060,183060,183060,183060,183060,183110,183110,183110,183110,183110,183120,183120,183120,183110,183110,183110
98544692,MSI PRO B850M-P,178990,178390,176340,176340,176340,178990,178810,176350,176350,,,,,176150,,,,,,178990,,,178990,,,,,178990,178990,168260,168260,168260,,168260,168260,170050,170050,,170050,170050,170050,170050,170050,170050,170050,170050,170050,170050,170050,175390,175390,175390,175390,175390,170050,170050,170050,168260,170050,170050
74339975,MSI PRO B860M-A WIFI,208990,208990,208990,208990,208990,208990,208990,208990,208990,,,,,208990,,,,,,208990,,,208990,,,,,208990,208990,208990,208990,208990,,196460,196460,198550,198550,,198550,198550,198550,208990,208990,208990,208990,201500,206500,208990,208990,208990,208990,208990,208990,208990,208990,208990,208990,208990,208990,208990
123668879,MSI PRO B860M-A WIFI6E,204770,199000,204400,204400,204400,205350,204780,206510,206510,,,,,199000,,,,,,203780,,,206510,,,,,205500,205500,206510,202730,202720,,202730,202730,202720,202700,,202680,202700,202720,202720,198470,202720,202720,202720,202720,202720,202720,200640,198550,198550,198550,198550,198550,198550,206510,206500,206500,206500
16637543,MSI PRO H610M-C EX,110000,109990,109990,109990,109990,110000,110000,110000,110000,,,,,109990,,,,,,110000,,,110000,,,,,110000,110000,110000,110000,110000,,110000,110000,110000,110000,,109990,109990,110000,110000,109990,109990,109990,109990,109990,109990,109990,110000,111040,111040,111040,111040,111050,111050,111050,111040,111040,111040
18109313,MSI PRO H610M-E DDR4,88000,86900,86900,86900,86900,88000,86000,83570,83570,,,,,85420,,,,,,85430,,,85430,,,,,85430,85430,85430,85430,85420,,80780,80780,80780,80780,,87840,87840,87850,87850,87840,87840,87840,87840,87840,87840,87910,87910,87910,87910,87910,87910,87920,87920,87920,87910,87900,87900
97837412,MSI PRO H610M-E DDR5,90990,90980,90980,90980,90980,90990,90960,90970,90970,,,,,89990,,,,,,90000,,,89990,,,,,89990,89990,89990,89990,89980,,89990,89990,89990,89990,,89980,89980,89990,89990,89980,89990,89990,89990,89990,89990,89990,89990,89990,89990,89990,89990,90000,90000,90000,89990,89990,89990
16314863,MSI PRO H610M-G DDR4,122000,122000,122000,122000,122000,122000,122000,122000,122000,,,,,122000,,,,,,122000,,,122000,,,,,122000,122000,122000,122000,122000,,122000,122000,122000,122000,,122000,122000,122000,122000,122000,122000,122000,122000,122000,122000,122000,122000,122000,122000,122000,122000,122000,122000,122000,122000,122000,122000
18301766,MSI PRO H610M-G DDR4 (해외구매),126400,126570,126650,126690,126730,120480,116660,116660,116660,,,,,116660,,,,,,118810,,,121740,,,,,118800,118800,118800,118800,118800,,118800,118800,118800,117590,,117590,117590,117590,117590,117590,117590,117590,117590,117410,117590,117590,117390,117590,117590,117600,117590,117590,117590,117590,117590,117590,117590
97121798,MSI PRO H810M-B,126240,126130,126140,126230,126230,126240,126240,126240,125130,,,,,120990,,,,,,120990,,,120990,,,,,120990,120990,120990,125040,125030,,125040,125040,125040,125040,,124910,124910,124920,124920,124910,124910,124910,124910,124910,124910,124910,124910,124910,124910,124910,124910,124920,124920,124920,126230,126230,126230
105969161,MSI PRO H810M-C EX,134500,134490,134500,134500,134630,135000,134850,134850,134850,,,,,133810,,,,,,135000,,,135000,,,,,135000,135000,135000,135000,133000,,135000,135000,135000,135000,,130940,130940,130950,130950,130940,130950,132490,132490,132490,132490,132490,132490,132490,132490,133900,133900,135000,134990,134990,133900,133900,133900
122675438,MSI PRO H810M-E,117500,109000,116570,116570,116580,117500,116580,117500,117500,,,,,110670,,,,,,117500,,,117500,,,,,117500,117500,117500,117500,117490,,117500,117500,116270,115666,,117490,117490,117500,117500,116460,117490,117490,117490,117490,116580,117490,117490,117490,117490,117490,117490,117500,117500,117500,117490,117490,117490
27475169,MSI PRO Z790-P WIFI,283180,283180,283230,283270,283350,283390,283170,283170,283170,,,,,283170,,,,,,283180,,,280130,,,,,289840,289870,289960,280140,245000,,350000,350000,350000,350000,,350000,350000,350000,350000,350000,350000,350000,350000,350000,350000,350000,350000,350000,350000,350000,350000,350000,350000,,,,
69697916,MSI PRO Z890-A WIFI,373900,373900,373900,385000,385000,388880,388580,388880,388880,,,,,373880,,,,,,373900,,,373900,,,,,373900,373900,373900,373900,373900,,373900,373900,373900,373900,,373900,373900,388880,388880,385000,385000,388870,388870,388870,385000,385000,385000,385000,385000,385000,385000,388880,388880,388880,385000,385000,385000
71216543,MSI PRO Z890-P WIFI,348990,345990,348990,348990,345990,348990,345990,348990,348990,,,,,348990,,,,,,345990,,,348990,,,,,348990,348990,348990,348990,348980,,348990,348990,348990,348990,,348980,348980,348990,348990,338520,338530,348980,348980,348980,348980,348980,348980,345000,345000,345000,345000,348990,348990,348990,345000,345000,345000
13164092,MSI 프레스티지 X570 크리에이션 (해외구매),600000,600000,600000,600000,600000,600000,600000,600000,600000,,,,,600000,,,,,,600000,,,600000,,,,,600000,600000,600000,600000,600000,,600000,600000,600000,600000,,600000,600000,600000,600000,600000,600000,600000,600000,600000,600000,600000,600000,600000,600000,600000,600000,600000,600000,600000,600000,600000,600000
13571723,NE555P 타이머IC,,,,,,,,,,,,,,,,,,,,,,,,,,,,,,,,,,,,,,,,,,,,,,,,,,,,,,,,,,,,
17700305,NVIDIA Jetson AGX Orin Developer Kit (해외구매),4078650,4078690,4078770,4078810,4078890,4078930,4079030,4079040,4079040,,,,,4079040,,,,,,4079040,,,4079040,,,,,4079040,4079040,4079040,4079040,4079040,,4079040,4079040,4079040,4035690,,4035690,4035690,4035690,4035690,4035690,4035690,4035690,4035690,4035690,4035690,4035690,4035690,4035690,4035690,4035690,4035690,4035690,4035690,4035690,4035690,4035690,4035690
16259744,NVIDIA Jetson AGX Xavier Developer Kit (해외구매),3450000,3450000,3450000,3450000,3450000,3450000,3450000,3450000,3450000,,,,,3450000,,,,,,3450000,,,3450000,,,,,3450000,3450000,3450000,3450000,3450000,,3450000,3450000,3450000,3450000,,3450000,3450000,3450000,3450000,3450000,3450000,3450000,3450000,3450000,3450000,3450000,3450000,3450000,3450000,3450000,3450000,3450000,3450000,3450000,3450000,3450000,3450000
14200919,NVIDIA Jetson Xavier NX Developer Kit (해외구매),1449990,1449990,1449990,1449990,1449990,1449990,1449990,1363000,1363000,,,,,1363000,,,,,,1363000,,,1363000,,,,,1363000,1363000,1363000,1363000,1363000,,1363000,1363000,1363000,1363000,,1348500,1348500,1348500,1348500,1348500,1348500,1348500,1348500,1348500,1348500,1348500,1348500,1348500,1348500,1348500,1348500,1348500,1348500,1348500,1348500,1348500,1348500
96981164,NZXT N7 B850 Black,455780,455780,455780,455780,455780,455780,455790,444540,444540,,,,,444540,,,,,,477380,,,477380,,,,,477380,477380,477380,477380,477380,,477380,477380,477380,477380,,477380,477380,477380,477380,477380,477400,478000,478000,478000,478000,478000,478000,477990,477990,477990,477990,477990,478000,478000,478000,478000,478000
96981215,NZXT N7 B850 White,470980,470980,470980,470980,470980,470980,470980,444540,444540,,,,,444540,,,,,,471050,,,471160,,,,,471160,471160,471160,471160,471160,,471160,471160,471160,471160,,471180,471180,471180,471190,471190,471200,457760,457760,457760,457760,457760,457760,460760,460760,460760,460760,460760,478000,460760,478000,478000,477990
90957212,NZXT N9 X870E Black,659000,659000,659000,659000,659000,659000,659000,659000,659000,,,,,659000,,,,,,659000,,,659000,,,,,659000,659000,659000,659000,659000,,659000,659000,659000,659000,,659000,659000,659000,659000,659000,659000,649000,649000,649000,649000,649000,649000,649000,649000,649000,649000,649000,649000,649000,649000,649000,649000
90957218,NZXT N9 X870E White,659000,659000,659000,659000,659000,659000,659000,659000,659000,,,,,659000,,,,,,659000,,,659000,,,,,659000,659000,659000,659000,659000,,659000,659000,659000,659000,,659000,659000,659000,659000,659000,659000,649000,649000,649000,649000,649000,649000,649000,649000,649000,649000,649000,649000,649000,649000,649000,649000
77460638,NZXT N9 Z890 Black,711450,711450,711450,711450,711450,711450,736200,711450,711450,,,,,711450,,,,,,748560,,,754580,,,,,757590,757590,757600,757600,757600,,760600,757600,757600,757600,,757600,757600,757600,757600,757600,757600,757600,757600,757600,757600,760590,760600,760600,760600,760600,760600,760600,765000,765000,765000,765000,764990
77460707,NZXT N9 Z890 White,639900,639900,639900,639900,639900,639900,639900,639900,639900,,,,,639900,,,,,,649900,,,649900,,,,,749670,749670,749670,749670,749670,,749670,749670,749670,749670,,749670,749670,749670,749670,749670,749670,749670,749670,749670,749670,749670,649900,649900,649900,649900,649900,649900,649900,649900,649900,659900,659900
2191233,PEGATRON IPMSB/H61 (B3) (중고) 인텍앤컴퍼니,25000,25000,25000,25000,25000,25000,25000,25000,25000,,,,,25000,,,,,,25000,,,25000,,,,,25000,25000,25000,25000,25000,,25000,25000,25000,25000,,25000,25000,25000,25000,25000,25000,25000,25000,25000,25000,25000,25000,25000,25000,25000,25000,25000,25000,25000,25000,25000,25000
54326471,Raspberry Pi 라즈베리 파이 4 모델 B (해외구매) (2GB),91170,91170,91170,91170,91170,91170,91170,91170,91170,,,,,91170,,,,,,93250,,,93250,,,,,93250,93250,93250,93250,93250,,93250,93250,93250,96130,,92260,92260,92260,92260,92260,92260,92260,92260,92260,92260,92260,92260,92260,92260,92260,92260,92260,92260,92260,92260,92260,92260
54326486,Raspberry Pi 라즈베리 파이 4 모델 B (해외구매) (4GB),115700,115700,115700,115700,115700,115700,115700,114440,114440,,,,,114440,,,,,,123160,,,123160,,,,,123160,123160,123160,123160,123160,,123160,123160,123160,123160,,123160,123160,123160,123160,123160,123160,123160,123160,123160,123160,123160,123160,123160,123160,123160,123160,123160,123160,124390,120930,120930,120930
54326459,Raspberry Pi 라즈베리 파이 4 모델 B (해외구매) (8GB),159760,159760,159760,159760,159760,159760,159760,149970,149970,,,,,149970,,,,,,163010,,,163010,,,,,163010,163010,163010,163010,163010,,163010,163010,163010,163010,,163010,163010,163010,148840,148840,142800,149430,149430,149430,149430,149430,149430,149430,149430,149430,149430,149430,149430,149430,149430,149430,149430
12647513,SG90 미니 서보모터,1210,1210,1210,1210,1210,1210,1210,1140,1140,,,,,1140,,,,,,1210,,,1210,,,,,1210,1210,1210,1210,1210,,1210,1210,1210,1210,,1210,1210,1210,1210,1210,1210,1210,1210,1210,1210,1210,1210,1210,1210,1210,1210,1210,1210,1210,1210,1210,1210
71502050,Supermicro H13SSL-NT R2.0 STCOM,1395350,1404990,1404990,1404990,1404990,1404990,1404990,1397070,1397070,,,,,1397070,,,,,,1395340,,,1395340,,,,,1395340,1395350,1395350,1395350,1395350,,1395350,1395350,1395350,1395350,,1404980,1404980,1404980,1404980,1404980,1404980,1404980,1404980,1404980,1404980,1404980,1404980,1404980,1404990,1404990,1404990,1404990,1404990,1404990,1404990,1404990,1404990
20226770,Supermicro X13SAZ-Q STCOM,703790,703790,703790,703790,703790,703790,703790,703790,703790,,,,,683600,,,,,,683590,,,683590,,,,,684090,684100,684100,684100,684100,,684100,684100,684100,684100,,684100,684100,684100,684100,684100,684100,684100,684100,684100,684100,684100,684100,684100,684100,684100,684100,684100,684100,684100,684100,684100,684100
20606708,Supermicro X13SRA-TF STCOM,1273400,1273400,1273400,1273400,1273400,1273400,1273400,1273400,1273400,,,,,1375000,,,,,,1375000,,,1375000,,,,,1375000,1375000,1375000,1375000,1375000,,1375000,1375000,1375000,1375000,,1375000,1375000,1375000,1375000,1375000,1375000,1375000,1375000,1375000,1375000,1375000,1375000,1375000,1375000,1375000,1375000,1375000,1375000,1375000,1375000,1375000,1375000
16946948,W238 PWM 아두이노 초음파 거리센서,34770,34770,34770,34770,34770,34400,34400,34400,34400,,,,,34400,,,,,,34770,,,34400,,,,,34400,34400,34400,34430,34460,,34580,34670,34400,34400,,34430,34460,34510,34580,34680,34770,34770,34770,34770,34770,34770,34770,34770,34770,34770,34770,34770,34770,34770,34770,34770,34770
16946939,W238 UART 아두이노 초음파 거리센서,36260,36260,36260,36260,36260,36260,36260,34410,34410,,,,,34410,,,,,,36990,,,36990,,,,,36990,36990,36990,36990,36990,,36990,36990,36990,36990,,36990,36990,36990,36990,36990,36990,36990,36990,36990,36990,36990,36990,36990,36990,36990,36990,36990,36990,36990,36990,36990,36990
15497837,W302 USB 호스트 쉴드 보드 아두이노,57200,57200,57200,57200,57200,57200,57200,57200,57200,,,,,57200,,,,,,57200,,,57200,,,,,57200,57200,57200,57200,57200,,57200,57200,57200,57200,,57200,57200,57200,57200,57200,57200,57200,57200,57200,57200,57200,57200,57200,57200,57200,57200,57200,57200,57200,57200,57200,57200
18917408,X470 (중고),82000,82000,82000,82000,82000,82000,82000,82000,82000,,,,,82000,,,,,,88670,,,81700,,,,,80690,93990,93990,93990,93990,,93990,93990,93990,93990,,95000,95000,95000,95000,95000,96000,96000,96000,96000,96000,96000,96000,96000,96000,96000,96000,96000,96000,96000,96000,96000,96000
16276364,X570 (중고),125000,125000,125000,125000,125000,125000,125000,125000,125000,,,,,125000,,,,,,120000,,,120000,,,,,120000,254400,254400,254400,254400,,254400,254400,254400,254400,,254400,254400,254400,254400,254400,254400,254400,254400,254400,254400,254400,254400,254400,254400,254400,254400,254400,254400,254400,254400,254400,254400
6899308,Z170 ATX (중고),45980,45980,45980,45980,45980,45980,45980,45980,45980,,,,,45980,,,,,,45980,,,45980,,,,,45980,45980,45980,45980,45980,,45980,45980,45980,45980,,46250,46280,46330,46400,46410,46490,46490,46490,46490,46490,46490,46490,46490,46490,46490,46490,46490,46490,46490,46490,46490,46490
6900646,Z270 ATX (중고),74000,74000,74000,74000,74000,74000,74000,74000,74000,,,,,74000,,,,,,74000,,,74000,,,,,74000,74000,74000,74000,74000,,74000,74000,74000,74000,,74000,74000,74000,74000,74000,74000,74000,74000,74000,74000,74000,74000,74000,74000,74000,74000,74000,74000,74000,74000,74000,74000
11973272,Z370 (중고),51990,51990,51990,51990,51990,51990,51990,51990,51990,,,,,51990,,,,,,53750,,,53170,,,,,53430,53460,53550,53580,53670,,53800,53820,53900,54000,,54030,54100,54140,54210,54260,54270,54330,54340,54440,54460,54510,54510,54510,54510,54510,54510,54510,54510,54510,54510,53990,53990
11973482,Z390 (중고),68990,68990,68990,68990,68990,68990,68990,68990,68990,,,,,71130,,,,,,71140,,,70370,,,,,70370,70370,70370,70370,70370,,71600,71600,71600,71610,,9900,9900,9900,9900,9900,9900,9900,9900,9900,9900,9900,9900,9900,9900,9900,9900,9900,9900,9900,9900,9900,9900
16275491,Z490 (중고),85000,85000,85000,85000,85000,85000,85000,85000,85000,,,,,85000,,,,,,85000,,,85000,,,,,85000,89490,89490,89490,89490,,89490,89490,89490,89490,,89590,89590,89590,89590,89590,89590,89590,89590,89590,89590,89590,89590,89590,89590,89590,89590,89590,89590,89590,89590,89590,89590
16275539,Z590 (중고),108990,108990,108990,108990,108990,108990,108990,108990,108990,,,,,108990,,,,,,108990,,,108990,,,,,108990,119000,119000,119000,119000,,119000,119000,119000,119000,,152980,152990,153000,188610,188660,188680,188700,188760,188820,188860,188920,188960,188960,188980,188990,180870,180870,173410,188990,188990,188990,188990
13170663,Z690 DDR4 (중고),149000,149000,149000,149000,149000,149000,157490,157490,157490,,,,,328900,,,,,,328900,,,328900,,,,,328900,328900,328900,328900,328900,,328900,328900,328900,328900,,328900,328900,328900,328900,328900,328900,328900,328900,328900,328900,328900,328900,328900,328900,328900,328900,328900,328900,328900,328900,328900,328900
13170711,Z690 DDR5 (중고),99000,99000,99000,99000,99000,99000,99000,99000,99000,,,,,99000,,,,,,99000,,,99000,,,,,99000,99000,99000,109000,109000,,109000,109000,109000,109000,,109000,109000,109000,109000,109000,109000,109000,109000,109000,109000,129000,129000,129000,129000,129000,129000,129000,129000,129000,129000,129000,129000
28651910,Z790 (중고),165000,165000,165000,165000,165000,165000,99900,99900,99900,,,,,99900,,,,,,99900,,,99900,,,,,99900,165000,165000,165000,165000,,165000,165000,165000,165000,,175000,175000,175000,175000,175000,175000,175000,175000,175000,175000,175000,175000,129900,129900,129900,109900,109900,109900,109900,109900,109900,109900
17529074,라즈베리파이 3B 아크릴 케이스,3040,3040,2940,2940,2940,2940,2940,2890,2890,,,,,2890,,,,,,2720,,,2720,,,,,2720,2720,2720,2720,2720,,2720,2720,2720,2720,,3010,3010,3010,3010,3010,3040,3040,3040,3040,2970,2970,2970,3040,3040,3040,3040,3100,3100,3100,3100,3100,3100
12968927,라즈베리파이 실습용 프리미엄 키트 41종 (SZH-EK041),97160,97160,96140,96140,96140,96140,96140,94220,94220,,,,,94220,,,,,,89080,,,89080,,,,,91080,91080,91080,91080,91080,,91080,91080,91080,91080,,96140,96140,96140,96140,96140,97160,97160,97160,97160,97160,97160,97160,97160,97160,97160,97160,101200,101200,101200,101200,101200,101200
15497753,라즈베리파이 호환 18650 5V 4A UPS 충전모듈,47330,47330,47300,47300,47300,47300,47300,45890,45890,,,,,45900,,,,,,44300,,,44300,,,,,46300,46300,46300,46300,46300,,46300,46300,46300,46300,,46840,46840,46840,46840,46840,47330,47330,47330,47330,47320,47320,47320,47330,47330,47330,47330,49300,49300,49300,49300,49300,49300
15497636,리니어레일 슬라이드 아두이노 구동 부품 세트,45100,48000,48000,45100,45100,45100,45100,48000,45100,,,,,47990,,,,,,47990,,,45090,,,,,45090,45090,45090,45090,47990,,45090,45090,45090,47990,,45090,45090,47990,47990,47990,45090,45090,45090,45090,47990,47990,45090,45090,45090,45090,47990,47990,45090,47990,47990,45090,45090
60064028,마이크로틱 MikroTik L11UG-5HaxD,121000,121000,121000,121000,121000,121000,120990,121000,121000,,,,,121000,,,,,,121000,,,121000,,,,,121000,121000,121000,121000,120990,,120990,120990,120990,120990,,121000,121000,121000,121000,121000,121000,121000,121000,121000,117990,117990,117990,117990,115670,115670,115680,115730,115790,117990,117990,117990,117990
13607285,삼성전자 H61S1 (중고),12480,12480,12480,12480,12480,12480,12480,12090,12090,,,,,12090,,,,,,12480,,,12350,,,,,12350,12350,12350,12350,12350,,12350,12350,12350,12350,,12350,12350,12350,12350,12350,12220,12220,12220,12220,12220,12220,12220,12220,12220,12220,12220,12220,12220,12220,12220,12220,12220
92523728,싸이피아 아두이노 INA219 직류 전류 센서 모듈 DM2250,13340,13340,13340,13340,13340,13340,13340,13340,13340,,,,,13340,,,,,,13340,,,13200,,,,,13200,13200,13200,13200,13200,,13200,13200,13200,13200,,13200,13200,13200,13200,13250,13340,13340,13340,13340,13340,13340,13340,13340,13340,13340,13340,13340,13340,13340,13340,13340,13340
13435439,아두이노 0.96인치 OLED 모듈 3종,6760,6760,6760,6760,6760,6760,6760,6760,6760,,,,,5200,,,,,,5200,,,5200,,,,,5200,5200,5200,5200,5200,,5200,5200,5200,5200,,5200,5200,5200,5200,5200,5200,5200,5200,5200,5200,5200,5200,5200,5200,5200,5200,5200,5200,5200,5200,5200,5200
13889813,아두이노 16채널 12V 릴레이 모듈,10710,11560,11560,11560,11560,11800,11800,11560,11560,,,,,11320,,,,,,11810,,,11810,,,,,11320,11810,11810,11810,11810,,11810,11810,11810,13890,,11810,11810,11810,11810,11810,11810,12180,12180,12180,12180,12180,12180,12180,12180,12180,12180,12180,12180,12180,12180,12180,12180
16507886,아두이노 1채널 12V 릴레이 모듈,550,550,550,550,550,550,550,550,550,,,,,550,,,,,,550,,,550,,,,,550,550,550,550,550,,550,550,550,550,,550,550,550,550,550,550,550,550,550,550,550,550,550,550,550,550,550,550,550,550,550,550
17529134,아두이노 CDS 조도 센서 GL5537,,,,,,,,,,,,,,,,,,,,,,,,,,,,,,,,,,,,,,,,,,,,,,,,,,,,,,,,,,,,
12971276,아두이노 CH341A USB EEOROM 롬라이터,3220,3220,3220,3220,3220,3180,3180,3180,3180,,,,,2740,,,,,,2740,,,2740,,,,,2740,2740,2740,2740,2740,,2740,2740,2740,2740,,2740,2740,2740,2740,2740,2740,2740,2740,2740,2740,2740,2740,2740,2740,2740,2740,2740,2740,2740,2740,2740,2740
13278866,아두이노 HM-10 블루투스 4.0 모듈,3760,3760,3760,3760,3760,3680,3680,3680,3680,,,,,3690,,,,,,3760,,,3720,,,,,3720,3720,3720,3720,3720,,3720,3720,3720,3720,,3720,3720,3720,3720,3720,3760,3760,3760,3760,3760,3760,3760,3760,3760,3760,3760,3760,3760,3760,3760,3760,3760
13949195,아두이노 MAX485 TTL to RS485 컨버터 모듈,430,430,430,430,430,430,430,430,430,,,,,430,,,,,,430,,,430,,,,,430,440,440,440,440,,440,440,440,440,,440,440,440,390,390,390,380,370,370,380,370,370,380,370,390,390,390,390,390,400,400,420
15141536,아두이노 MG996R 180도 서보모터,3140,3140,3140,3140,3140,3140,3140,3140,3140,,,,,3140,,,,,,3140,,,3140,,,,,3140,3140,3140,3140,3140,,3140,3140,3140,3140,,3140,3140,3140,3140,3140,3140,3140,3140,3140,3140,3140,3140,3140,3140,3140,3140,3140,3140,3160,3160,3160,3160
13949078,아두이노 MP1584EN DC-DC 스텝다운,860,860,860,860,860,860,860,860,860,,,,,700,,,,,,700,,,700,,,,,700,700,700,700,700,,700,700,700,700,,700,700,700,700,700,700,700,700,700,700,700,700,700,700,700,700,700,700,700,700,700,700
15140333,아두이노 Micro USB TP4056 리튬배터리 충전모듈,380,380,380,380,380,380,380,380,380,,,,,140,,,,,,140,,,140,,,,,140,140,140,140,140,,220,220,220,220,,220,220,220,220,220,220,220,220,220,290,290,290,290,290,290,280,290,290,280,290,280,280
14749595,아두이노 PS2 조이스틱 모듈,440,440,440,440,440,440,440,440,440,,,,,440,,,,,,440,,,440,,,,,440,440,440,440,440,,440,440,440,440,,440,440,440,440,440,440,440,440,440,440,440,440,440,440,440,440,440,440,440,440,440,440
13889939,아두이노 Pro Micro 보드,6620,6760,6760,6760,6760,6910,6910,6760,6760,,,,,6420,,,,,,6420,,,6420,,,,,6540,6550,6570,6590,6590,,6590,6590,6590,6590,,6590,6590,6590,6590,6590,6590,6590,6590,6590,6590,6600,6600,6600,6600,6600,6600,6600,6600,6600,6600,6600,6600
17054963,아두이노 RGB 3색 LED 4핀 센서,330,330,330,330,330,330,330,330,330,,,,,330,,,,,,330,,,330,,,,,330,330,330,330,330,,330,330,330,330,,330,330,330,330,330,330,330,330,330,330,330,330,330,330,330,330,330,330,330,330,330,330
13058783,아두이노 RGB 모듈 5mm DM52,580,580,580,580,580,580,580,590,590,,,,,570,,,,,,570,,,570,,,,,570,570,570,570,570,,570,570,570,570,,570,570,570,570,570,570,570,570,570,570,570,570,570,570,570,570,570,570,570,570,570,570
15497456,아두이노 S335 토양 습도 수분 감지 센서 Probe,9570,9570,9570,9570,9570,9570,9570,9570,9570,,,,,5200,,,,,,5200,,,5200,,,,,5200,5200,5200,5200,5200,,5200,5200,5200,5200,,5200,5200,5200,5200,5200,5200,5200,5200,5200,5200,5200,5200,5200,5200,5200,5200,5200,5200,5200,5200,5200,5200
13222421,아두이노 나노 V3.0 호환보드,3220,3220,3220,3220,3220,3060,3060,3060,3060,,,,,2740,,,,,,2740,,,2740,,,,,2740,2740,2740,2740,2740,,2740,2740,2740,2740,,2740,2740,2740,2740,2740,2740,2740,2740,2740,2740,2740,2740,2740,2740,2740,2740,2740,3190,3200,3220,3220,3220
14146994,아두이노 레오나르도 R3 호환보드,6240,6240,6240,6240,6240,6240,6240,6240,6240,,,,,6240,,,,,,6240,,,6200,,,,,6200,6200,6200,6200,6200,,6200,6200,6200,6200,,6200,6200,6200,6200,6200,6240,6240,6240,6240,6240,6240,6240,6240,6240,6240,6240,6240,6240,6240,6240,6240,6240
13165613,아두이노 센서 적외선 포토 인터럽트 C73,2190,2190,2190,2190,2190,2190,2190,2190,2190,,,,,2190,,,,,,2190,,,2190,,,,,2190,2190,2190,2190,2190,,2190,2190,2190,2190,,2190,2190,2190,2190,2190,2190,2190,2190,2190,2190,2190,2190,2190,2190,2190,2190,2190,2190,2190,2190,2190,2190
13057682,아두이노 압력 센서 FSR402,3850,3850,3850,3850,3850,3850,3850,3850,3850,,,,,3790,,,,,,3850,,,3850,,,,,3850,3850,3850,3850,3850,,3850,3850,3850,3850,,3850,3850,3850,3850,3850,3850,3850,3850,3850,3850,3850,3850,3850,3850,3850,3850,3850,3850,3850,3850,3850,3850
13435784,아두이노 완전정복 + 스타터 키트 라이트,86900,86900,86900,86900,86900,86900,86900,86900,86900,,,,,86900,,,,,,86900,,,86900,,,,,86900,86900,86900,86900,86900,,86900,86900,86900,86900,,86900,86900,86900,86900,86900,86900,86900,86900,86900,86900,86900,86900,86900,86900,86900,86900,86900,86900,86900,86900,86900,86900
13435838,아두이노 완전정복 + 스타터 키트 스탠다드,221100,221100,221100,221100,221100,221100,221100,221100,221100,,,,,221100,,,,,,221100,,,221100,,,,,221100,221100,221100,221100,221100,,221100,221100,221100,221100,,221100,221100,221100,221100,221100,221100,221100,221100,221100,221100,221100,221100,221100,221100,221100,221100,221100,221100,221100,221100,221100,221100
13435628,아두이노 우노 2.4인치 TFT 터치 LCD 쉴드,10710,10710,10710,10710,10710,10710,10710,10710,10710,,,,,7390,,,,,,5940,,,5940,,,,,5940,5940,5940,5940,5940,,5940,5940,5940,5940,,5940,5940,5940,5940,5940,5940,5940,5940,5940,5940,5940,5940,5940,5940,5940,5940,5940,5940,5940,5940,5940,5940
13435220,아두이노 적외선 PIR 인체감지센서 HC-SR501,830,800,830,850,830,830,830,830,830,,,,,740,,,,,,740,,,740,,,,,740,740,740,740,740,,740,740,740,740,,740,740,740,740,560,560,560,560,560,560,560,560,560,560,560,560,560,740,560,560,560,560
13058087,아두이노 적외선 광센서 TCRT5000,,,,,,,,,,,,,,,,,,,,,,,,,,,,,,,,,,,,,,,,,,,,,,,,,,,,,,,,,,,,
14146880,아두이노 전압측정센서 모듈,190,190,190,190,190,190,190,190,190,,,,,190,,,,,,190,,,190,,,,,190,190,190,190,190,,190,190,190,190,,190,190,190,190,190,190,190,190,190,190,190,190,190,190,190,190,190,190,190,190,190,190
13057562,아두이노 터치 센서 TTP223B,270,270,270,270,270,260,260,260,260,,,,,260,,,,,,270,,,270,,,,,270,270,270,270,270,,270,270,270,270,,270,270,270,210,210,210,210,210,210,210,210,210,210,210,210,210,210,210,210,210,210,210
13949315,아두이노 텍스트 LCD 2004 (20X4),5980,6110,6110,6110,6110,6110,6110,6110,6110,,,,,5980,,,,,,6240,,,6240,,,,,5980,6240,6240,6240,6240,,6240,6240,6240,6240,,6240,6240,6240,6240,6240,6240,6440,6440,6440,6440,6440,6440,6440,6440,6440,6440,6440,6440,6440,6440,6440,6440
14146673,아이노비아 H81-BTC (중고),75000,75000,75000,75000,75000,75000,75000,75000,75000,,,,,75000,,,,,,75000,,,75000,,,,,75000,75000,75000,75000,75000,,75000,75000,75000,75000,,75000,75000,75000,75000,75000,75000,75000,75000,75000,75000,75000,75000,75000,75000,75000,75000,75000,75000,75000,75000,75000,75000
101956625,액슬 MBAIH310 R2 에즈윈,96260,96260,96260,96260,96260,96260,96260,96260,96260,,,,,96260,,,,,,96260,,,92070,,,,,87440,87440,87440,87440,87440,,85608,85608,85608,85608,,87440,87440,87440,87440,87440,87440,87440,87440,87440,87440,87440,87440,87440,87440,87440,87440,87440,87440,87440,87440,87440,87440
16734461,에너지옵티머스 B250 BTC-12P (벌크),141000,141000,141000,141000,141000,141000,141000,141000,141000,,,,,141000,,,,,,141000,,,141000,,,,,141000,141000,141000,141000,141000,,141000,141000,141000,141000,,141000,141000,141000,141000,141000,141000,141000,141000,141000,141000,141000,141000,141000,141000,141000,141000,141000,141000,141000,141000,141000,141000
16991345,에너지옵티머스 B75USB BTC (벌크),103000,103000,103000,103000,103000,103000,103000,103000,103000,,,,,103000,,,,,,103000,,,103000,,,,,103000,103000,103000,103000,103000,,103000,103000,103000,103000,,103000,103000,103000,103000,103000,103000,103000,103000,103000,103000,103000,103000,103000,103000,103000,103000,103000,103000,103000,103000,103000,103000
5991341,코코아팹 오렌지보드 BLE (기본),24200,24200,24200,24200,24200,24200,24200,24200,24200,,,,,24200,,,,,,24200,,,24200,,,,,24200,24200,24200,24200,24200,,24200,24200,24200,24200,,24200,24200,24200,24200,24200,24200,24200,24200,24200,24200,24200,24200,24200,24200,24200,24200,24200,24200,24200,24200,24200,24200
5991461,코코아팹 오렌지보드 Nano (기본),20240,20680,20680,20680,20680,20680,20680,20680,20680,,,,,20240,,,,,,20140,,,20420,,,,,20100,20560,20570,20700,20710,,20850,20980,20990,21120,,21120,21120,21120,21120,21120,21120,21120,21120,21120,21120,21120,21120,20240,20240,20240,20240,20240,20240,20240,20240,20240,20240
99640991,타무즈 B760M-ID5 (벌크),103580,103580,103580,103580,103580,103580,103580,103580,103580,,,,,103580,,,,,,103580,,,103580,,,,,103770,103770,103770,103770,103600,,103600,103600,103600,103600,,103770,103770,103770,103770,103770,103770,103770,103770,103770,103770,103770,103770,103770,103770,103770,103770,103770,103770,103770,103770,103590,103590
92678384,타무즈 H610M-ID4,75750,75750,75750,75750,75750,75750,75750,75750,75750,,,,,75750,,,,,,75750,,,73040,,,,,75750,75750,75750,75750,74700,,74700,74700,74700,74700,,75750,75750,75750,75750,75750,75750,75750,75750,75750,75750,75750,75750,75750,75750,75750,75750,75750,75750,75750,75750,74700,74700
92678408,타무즈 H610M-ID5,78370,78370,78370,78370,78370,78370,78370,78370,78370,,,,,78370,,,,,,79390,,,79390,,,,,79390,77820,77820,77820,77820,,77820,77820,77820,77820,,77820,77820,77820,77820,77820,77820,77820,77820,77820,77820,77820,77820,77820,77820,77820,77820,77820,77820,77820,77820,76680,76680
117799474,파츠키츠 MCU확장 4x4 16키 매트릭스 모듈 for 아두이노,600,600,600,600,600,600,600,560,560,,,,,560,,,,,,590,,,590,,,,,590,590,590,600,600,,600,600,,,,,,,,,,,,,,,,,,,,,,,,,
