collected_at,product_code,product_name,product_url,usage,generation,capacity,speed,timing,voltage,module_count,heatsink,led_color,height,features,full_spec,registration_month,fetch_status,error
2026-10-04T01:48:11+00:00,10363848,ACPI DDR3-1600 (8GB),https://prod.danawa.com/info/?pcode=10363848&cate=112752,데스크탑용,DDR3,8GB,1600MHz (PC3-12800),,1.35V,1개,미포함,,,,데스크탑용 / DDR3 / 1600MHz (PC3-12800) / 1.35V / 램개수: 1개 / 히트싱크: 미포함,2020/01,ok,
2026-10-04T01:48:11+00:00,17020214,ADATA DDR4-3200 CL22 중고 (16GB),https://prod.danawa.com/info/?pcode=17020214&cate=112752,데스크탑용,DDR4,16GB,3200MHz (PC4-25600),CL22-22-22,1.20V,1개,미포함,,,,데스크탑용 / DDR4 / 3200MHz (PC4-25600) / 램타이밍: CL22-22-22 / 1.20V / 램개수: 1개 / 히트싱크: 미포함,2020/07,ok,
2026-10-04T01:48:11+00:00,94450319,ADATA DDR4-3200 CL22 파인인포 (16GB),https://prod.danawa.com/info/?pcode=94450319&cate=112752,데스크탑용,DDR4,16GB,3200MHz (PC4-25600),CL22-22-22,1.20V,1개,미포함,,,,데스크탑용 / DDR4 / 3200MHz (PC4-25600) / 램타이밍: CL22-22-22 / 1.20V / 램개수: 1개 / 히트싱크: 미포함,2025/07,ok,
2026-10-04T01:48:11+00:00,100387547,ADATA DDR4-3200 CL22 파인인포 (32GB),https://prod.danawa.com/info/?pcode=100387547&cate=112752,데스크탑용,DDR4,32GB,3200MHz (PC4-25600),CL22-22-22,1.20V,1개,미포함,,40mm,,데스크탑용 / DDR4 / 3200MHz (PC4-25600) / 램타이밍: CL22-22-22 / 1.20V / 램개수: 1개 / 히트싱크: 미포함 / 높이: 40mm,2025/07,ok,
2026-10-04T01:48:11+00:00,94450340,ADATA DDR4-3200 CL22 파인인포 (8GB),https://prod.danawa.com/info/?pcode=94450340&cate=112752,데스크탑용,DDR4,8GB,3200MHz (PC4-25600),CL22-22-22,1.20V,1개,미포함,,,,데스크탑용 / DDR4 / 3200MHz (PC4-25600) / 램타이밍: CL22-22-22 / 1.20V / 램개수: 1개 / 히트싱크: 미포함,2025/07,ok,
2026-10-04T01:48:11+00:00,93804974,ADATA DDR5-4800 CL40 서린 (32GB),https://prod.danawa.com/info/?pcode=93804974&cate=112752,데스크탑용,DDR5,32GB,4800MHz (PC5-38400),CL40,1.10V,1개,미포함,,32mm,온다이ECC,데스크탑용 / DDR5 / 4800MHz (PC5-38400) / 램타이밍: CL40 / 1.10V / 램개수: 1개 / 온다이ECC / 히트싱크: 미포함 / 높이: 32mm,2025/07,ok,
2026-10-04T01:48:11+00:00,15598841,ADATA DDR5-5200 CL38 LANCER 블랙 패키지 (32GB(16Gx2)),https://prod.danawa.com/info/?pcode=15598841&cate=112752,데스크탑용,DDR5,32GB(16Gx2),5200MHz (PC5-41600),CL38-38-38,,2개,방열판,,40mm,XMP3.0 / 온다이ECC,데스크탑용 / DDR5 / 5200MHz (PC5-41600) / 램타이밍: CL38-38-38 / 램개수: 2개 / XMP3.0 / 온다이ECC / 히트싱크: 방열판 / 방열판 색상: 블랙 / 높이: 40mm,2021/11,ok,
2026-10-04T01:48:11+00:00,104374652,ADATA DDR5-5600 CL46 ARMAX 서린 (16GB),https://prod.danawa.com/info/?pcode=104374652&cate=112752,데스크탑용,DDR5,16GB,5600MHz (PC5-44800),CL46-45-45,1.10V,1개,방열판,,39.5mm,XMP3.0 / EXPO / 온다이ECC,데스크탑용 / DDR5 / 5600MHz (PC5-44800) / 램타이밍: CL46-45-45 / 1.10V / 램개수: 1개 / XMP3.0 / EXPO / 온다이ECC / 히트싱크: 방열판 / 방열판 색상: 블랙 / 높이: 39.5mm,2026/01,ok,
2026-10-04T01:48:11+00:00,103415363,ADATA DDR5-5600 CL46 ARMAX 파인인포 (16GB),https://prod.danawa.com/info/?pcode=103415363&cate=112752,데스크탑용,DDR5,16GB,5600MHz (PC5-44800),CL46-45-45,1.10V,1개,방열판,,33.49mm,XMP3.0 / EXPO / 온다이ECC / PMIC 언락,데스크탑용 / DDR5 / 5600MHz (PC5-44800) / 램타이밍: CL46-45-45 / 1.10V / 램개수: 1개 / XMP3.0 / EXPO / 온다이ECC / 히트싱크: 방열판 / 방열판 색상: 블랙 / 높이: 33.49mm / 모듈제조사: SK하이닉스 / PMIC 언락,2026/01,ok,
2026-10-04T01:48:11+00:00,76071389,ADATA DDR5-5600 CL46 ECC/REG (32GB),https://prod.danawa.com/info/?pcode=76071389&cate=112752,서버용,DDR5,32GB,5600MHz (PC5-44800),CL46-45-45,1.10V,1개,미포함,,31.2mm,온다이ECC / ECC,서버용 / DDR5 / 5600MHz (PC5-44800) / 램타이밍: CL46-45-45 / 1.10V / 램개수: 1개 / 온다이ECC / ECC / REG / 온도센서 / 히트싱크: 미포함 / 높이: 31.2mm,2025/02,ok,
2026-10-04T01:48:11+00:00,105818030,ADATA DDR5-5600 CL46 ECC/REG 파인인포 (16GB),https://prod.danawa.com/info/?pcode=105818030&cate=112752,서버용,DDR5,16GB,5600MHz (PC5-44800),CL46-45-45,1.10V,1개,미포함,,31.2mm,온다이ECC / ECC,서버용 / DDR5 / 5600MHz (PC5-44800) / 램타이밍: CL46-45-45 / 1.10V / 램개수: 1개 / 온다이ECC / ECC / REG / 온도센서 / 히트싱크: 미포함 / 높이: 31.2mm,2026/02,ok,
2026-10-04T01:48:11+00:00,105818027,ADATA DDR5-5600 CL46 ECC/REG 파인인포 (32GB),https://prod.danawa.com/info/?pcode=105818027&cate=112752,서버용,DDR5,32GB,5600MHz (PC5-44800),CL46-45-45,1.10V,1개,미포함,,31.2mm,온다이ECC / ECC,서버용 / DDR5 / 5600MHz (PC5-44800) / 램타이밍: CL46-45-45 / 1.10V / 램개수: 1개 / 온다이ECC / ECC / REG / 온도센서 / 히트싱크: 미포함 / 높이: 31.2mm,2026/02,ok,
2026-10-04T01:48:11+00:00,105818036,ADATA DDR5-5600 CL46 ECC/REG 파인인포 (64GB),https://prod.danawa.com/info/?pcode=105818036&cate=112752,서버용,DDR5,64GB,5600MHz (PC5-44800),CL46-45-45,1.10V,1개,미포함,,31.2mm,온다이ECC / ECC,서버용 / DDR5 / 5600MHz (PC5-44800) / 램타이밍: CL46-45-45 / 1.10V / 램개수: 1개 / 온다이ECC / ECC / REG / 온도센서 / 히트싱크: 미포함 / 높이: 31.2mm,2026/02,ok,
2026-10-04T01:48:11+00:00,81036575,ADATA DDR5-5600 CL46 LANCER BLADE 블랙 서린 (16GB),https://prod.danawa.com/info/?pcode=81036575&cate=112752,데스크탑용,DDR5,16GB,5600MHz (PC5-44800),CL46-45-45,1.10V,1개,방열판,,33.8mm,XMP3.0 / EXPO / 온다이ECC,데스크탑용 / DDR5 / 5600MHz (PC5-44800) / 램타이밍: CL46-45-45 / 1.10V / 램개수: 1개 / XMP3.0 / EXPO / 온다이ECC / 히트싱크: 방열판 / 방열판 색상: 블랙 / 높이: 33.8mm,2025/04,ok,
2026-10-04T01:48:11+00:00,81036614,ADATA DDR5-5600 CL46 LANCER BLADE 블랙 서린 (32GB),https://prod.danawa.com/info/?pcode=81036614&cate=112752,데스크탑용,DDR5,32GB,5600MHz (PC5-44800),CL46-45-45,1.10V,1개,방열판,,33.8mm,XMP3.0 / EXPO / 온다이ECC,데스크탑용 / DDR5 / 5600MHz (PC5-44800) / 램타이밍: CL46-45-45 / 1.10V / 램개수: 1개 / XMP3.0 / EXPO / 온다이ECC / 히트싱크: 방열판 / 방열판 색상: 블랙 / 높이: 33.8mm,2025/04,ok,
2026-10-04T01:48:11+00:00,95202428,ADATA DDR5-5600 CL46 LANCER BLADE 블랙 파인인포 (16GB),https://prod.danawa.com/info/?pcode=95202428&cate=112752,데스크탑용,DDR5,16GB,5600MHz (PC5-44800),CL46-45-45,1.10V,1개,방열판,,33.8mm,XMP3.0 / EXPO / 온다이ECC,데스크탑용 / DDR5 / 5600MHz (PC5-44800) / 램타이밍: CL46-45-45 / 1.10V / 램개수: 1개 / XMP3.0 / EXPO / 온다이ECC / 히트싱크: 방열판 / 방열판 색상: 블랙 / 높이: 33.8mm / 26년 8월부로 전압 1.35V→1.1V 변경,2025/08,ok,
2026-10-04T01:48:11+00:00,95205869,ADATA DDR5-5600 CL46 LANCER BLADE 블랙 파인인포 (32GB),https://prod.danawa.com/info/?pcode=95205869&cate=112752,데스크탑용,DDR5,32GB,5600MHz (PC5-44800),CL46-45-45,1.10V,1개,방열판,,33.8mm,XMP3.0 / EXPO / 온다이ECC,데스크탑용 / DDR5 / 5600MHz (PC5-44800) / 램타이밍: CL46-45-45 / 1.10V / 램개수: 1개 / XMP3.0 / EXPO / 온다이ECC / 히트싱크: 방열판 / 방열판 색상: 블랙 / 높이: 33.8mm / 26년 8월부로 전압 1.35V→1.1V 변경,2025/08,ok,
2026-10-04T01:48:11+00:00,81036653,ADATA DDR5-5600 CL46 LANCER BLADE 화이트 서린 (16GB),https://prod.danawa.com/info/?pcode=81036653&cate=112752,데스크탑용,DDR5,16GB,5600MHz (PC5-44800),CL46-45-45,1.10V,1개,방열판,,33.8mm,XMP3.0 / EXPO / 온다이ECC,데스크탑용 / DDR5 / 5600MHz (PC5-44800) / 램타이밍: CL46-45-45 / 1.10V / 램개수: 1개 / XMP3.0 / EXPO / 온다이ECC / 히트싱크: 방열판 / 방열판 색상: 화이트 / 높이: 33.8mm,2025/04,ok,
2026-10-04T01:48:11+00:00,81036776,ADATA DDR5-5600 CL46 LANCER BLADE 화이트 서린 (32GB),https://prod.danawa.com/info/?pcode=81036776&cate=112752,데스크탑용,DDR5,32GB,5600MHz (PC5-44800),CL46-45-45,1.10V,1개,방열판,,33.8mm,XMP3.0 / EXPO / 온다이ECC,데스크탑용 / DDR5 / 5600MHz (PC5-44800) / 램타이밍: CL46-45-45 / 1.10V / 램개수: 1개 / XMP3.0 / EXPO / 온다이ECC / 히트싱크: 방열판 / 방열판 색상: 화이트 / 높이: 33.8mm,2025/04,ok,
2026-10-04T01:48:11+00:00,95202470,ADATA DDR5-5600 CL46 LANCER BLADE 화이트 파인인포 (16GB),https://prod.danawa.com/info/?pcode=95202470&cate=112752,데스크탑용,DDR5,16GB,5600MHz (PC5-44800),CL46-45-45,1.10V,1개,방열판,,33.8mm,XMP3.0 / EXPO / 온다이ECC,데스크탑용 / DDR5 / 5600MHz (PC5-44800) / 램타이밍: CL46-45-45 / 1.10V / 램개수: 1개 / XMP3.0 / EXPO / 온다이ECC / 히트싱크: 방열판 / 방열판 색상: 화이트 / 높이: 33.8mm / 26년 8월부로 전압 1.35V→1.1V 변경,2025/08,ok,
2026-10-04T01:48:11+00:00,95205893,ADATA DDR5-5600 CL46 LANCER BLADE 화이트 파인인포 (32GB),https://prod.danawa.com/info/?pcode=95205893&cate=112752,데스크탑용,DDR5,32GB,5600MHz (PC5-44800),CL46-45-45,1.10V,1개,방열판,,33.8mm,XMP3.0 / EXPO / 온다이ECC,데스크탑용 / DDR5 / 5600MHz (PC5-44800) / 램타이밍: CL46-45-45 / 1.10V / 램개수: 1개 / XMP3.0 / EXPO / 온다이ECC / 히트싱크: 방열판 / 방열판 색상: 화이트 / 높이: 33.8mm / 26년 8월부로 전압 1.35V→1.1V 변경,2025/08,ok,
2026-10-04T01:48:11+00:00,68918912,ADATA DDR5-5600 CL46-45-45 서린 (16GB),https://prod.danawa.com/info/?pcode=68918912&cate=112752,데스크탑용,DDR5,16GB,5600MHz (PC5-44800),CL46-45-45,1.10V,1개,미포함,,32mm,온다이ECC,데스크탑용 / DDR5 / 5600MHz (PC5-44800) / 램타이밍: CL46-45-45 / 1.10V / 램개수: 1개 / 온다이ECC / 히트싱크: 미포함 / 높이: 32mm / 모듈제조사: 기타,2024/10,ok,
2026-10-04T01:48:11+00:00,29822102,ADATA DDR5-5600 CL46-45-45 코잇 (16GB),https://prod.danawa.com/info/?pcode=29822102&cate=112752,데스크탑용,DDR5,16GB,5600MHz (PC5-44800),CL46-45-45,1.10V,1개,미포함,,,온다이ECC,데스크탑용 / DDR5 / 5600MHz (PC5-44800) / 램타이밍: CL46-45-45 / 1.10V / 램개수: 1개 / 온다이ECC / 히트싱크: 미포함 / 모듈제조사: 기타,2023/11,ok,
2026-10-04T01:48:11+00:00,79397219,ADATA DDR5-5600 CL46-45-45 파인인포 (16GB),https://prod.danawa.com/info/?pcode=79397219&cate=112752,데스크탑용,DDR5,16GB,5600MHz (PC5-44800),CL46-45-45,1.10V,1개,미포함,,,온다이ECC,데스크탑용 / DDR5 / 5600MHz (PC5-44800) / 램타이밍: CL46-45-45 / 1.10V / 램개수: 1개 / 온다이ECC / 히트싱크: 미포함 / 모듈제조사: 기타,2025/04,ok,
2026-10-04T01:48:11+00:00,79397198,ADATA DDR5-5600 CL46-45-45 파인인포 (32GB),https://prod.danawa.com/info/?pcode=79397198&cate=112752,데스크탑용,DDR5,32GB,5600MHz (PC5-44800),CL46-45-45,1.10V,1개,미포함,,,온다이ECC,데스크탑용 / DDR5 / 5600MHz (PC5-44800) / 램타이밍: CL46-45-45 / 1.10V / 램개수: 1개 / 온다이ECC / 히트싱크: 미포함 / 모듈제조사: 기타,2025/04,ok,
2026-10-04T01:48:11+00:00,103516745,ADATA DDR5-5600 CL46-45-45 파인인포 (8GB),https://prod.danawa.com/info/?pcode=103516745&cate=112752,데스크탑용,DDR5,8GB,5600MHz (PC5-44800),CL46-45-45,1.10V,1개,미포함,,,온다이ECC,데스크탑용 / DDR5 / 5600MHz (PC5-44800) / 램타이밍: CL46-45-45 / 1.10V / 램개수: 1개 / 온다이ECC / 히트싱크: 미포함 / 모듈제조사: 기타,2026/01,ok,
2026-10-04T01:48:11+00:00,104374655,ADATA DDR5-6000 CL30 ARMAX RGB 패키지 서린 (32GB(16Gx2)),https://prod.danawa.com/info/?pcode=104374655&cate=112752,데스크탑용,DDR5,32GB(16Gx2),6000MHz (PC5-48000),CL30-40-40,1.40V,2개,방열판,RGB,49.5mm,XMP3.0 / EXPO / 온다이ECC / PMIC 언락,"데스크탑용 / DDR5 / 6000MHz (PC5-48000) / 램타이밍: CL30-40-40 / 1.40V / 램개수: 2개 / LED 라이트 / XMP3.0 / EXPO / 온다이ECC / 히트싱크: 방열판 / 방열판 색상: 블랙 / LED색상: RGB / LED 시스템: AURA SYNC , MYSTIC LIGHT , RGB FUSION , POLYCHROME / 높이: 49.5mm / 모듈제조사: SK하이닉스 / PMIC 언락",2026/01,ok,
2026-10-04T01:48:11+00:00,103415291,ADATA DDR5-6000 CL30 ARMAX RGB 패키지 파인인포 (32GB(16Gx2)),https://prod.danawa.com/info/?pcode=103415291&cate=112752,데스크탑용,DDR5,32GB(16Gx2),6000MHz (PC5-48000),CL30-40-40,1.40V,2개,방열판,RGB,49.5mm,XMP3.0 / EXPO / 온다이ECC / PMIC 언락,"데스크탑용 / DDR5 / 6000MHz (PC5-48000) / 램타이밍: CL30-40-40 / 1.40V / 램개수: 2개 / LED 라이트 / XMP3.0 / EXPO / 온다이ECC / 히트싱크: 방열판 / 방열판 색상: 블랙 / LED색상: RGB / LED 시스템: AURA SYNC , MYSTIC LIGHT , RGB FUSION , POLYCHROME / 높이: 49.5mm / 모듈제조사: SK하이닉스 / PMIC 언락",2026/01,ok,
2026-10-04T01:48:11+00:00,109483625,ADATA DDR5-6000 CL30 ARMAX 패키지 파인인포 (32GB(16Gx2)),https://prod.danawa.com/info/?pcode=109483625&cate=112752,데스크탑용,DDR5,32GB(16Gx2),6000MHz (PC5-48000),CL30-40-40,1.10V,2개,방열판,,39.49mm,XMP3.0 / EXPO / 온다이ECC / PMIC 언락,데스크탑용 / DDR5 / 6000MHz (PC5-48000) / 램타이밍: CL30-40-40 / 1.10V / 램개수: 2개 / XMP3.0 / EXPO / 온다이ECC / 히트싱크: 방열판 / 방열판 색상: 블랙 / 높이: 39.49mm / PMIC 언락,2026/03,ok,
2026-10-04T01:48:11+00:00,75938444,ADATA DDR5-6000 CL30 LANCER BLADE RGB 화이트 패키지 서린 (48GB(24Gx2)),https://prod.danawa.com/info/?pcode=75938444&cate=112752,데스크탑용,DDR5,48GB(24Gx2),6000MHz (PC5-48000),CL30-40-40,1.35V,2개,방열판,RGB,40mm,XMP3.0 / EXPO / 온다이ECC / PMIC 언락,"데스크탑용 / DDR5 / 6000MHz (PC5-48000) / 램타이밍: CL30-40-40 / 1.35V / 램개수: 2개 / LED 라이트 / XMP3.0 / EXPO / 온다이ECC / 히트싱크: 방열판 / 방열판 색상: 화이트 / LED색상: RGB / LED 시스템: AURA SYNC , MYSTIC LIGHT , RGB FUSION , POLYCHROME , XPG RGB / 높이: 40mm / 모듈제조사: SK하이닉스 / PMIC 언락 / 출시가: 224,000원",2025/02,ok,
2026-10-04T01:48:11+00:00,93179012,ADATA DDR5-6000 CL30 LANCER BLADE RGB 화이트 패키지 파인인포 (32GB(16Gx2)),https://prod.danawa.com/info/?pcode=93179012&cate=112752,데스크탑용,DDR5,32GB(16Gx2),6000MHz (PC5-48000),CL30-40-40,1.35V,2개,방열판,RGB,40mm,XMP3.0 / EXPO / 온다이ECC / PMIC 언락,"데스크탑용 / DDR5 / 6000MHz (PC5-48000) / 램타이밍: CL30-40-40 / 1.35V / 램개수: 2개 / LED 라이트 / XMP3.0 / EXPO / 온다이ECC / 히트싱크: 방열판 / 방열판 색상: 화이트 / LED색상: RGB / LED 시스템: AURA SYNC , MYSTIC LIGHT , RGB FUSION , POLYCHROME , XPG RGB / 높이: 40mm / 모듈제조사: SK하이닉스 / PMIC 언락",2025/06,ok,
2026-10-04T01:48:11+00:00,93179039,ADATA DDR5-6000 CL30 LANCER BLADE RGB 화이트 패키지 파인인포 (48GB(24Gx2)),https://prod.danawa.com/info/?pcode=93179039&cate=112752,데스크탑용,DDR5,48GB(24Gx2),6000MHz (PC5-48000),CL30-40-40,1.35V,2개,방열판,RGB,40mm,XMP3.0 / EXPO / 온다이ECC / PMIC 언락,"데스크탑용 / DDR5 / 6000MHz (PC5-48000) / 램타이밍: CL30-40-40 / 1.35V / 램개수: 2개 / LED 라이트 / XMP3.0 / EXPO / 온다이ECC / 히트싱크: 방열판 / 방열판 색상: 화이트 / LED색상: RGB / LED 시스템: AURA SYNC , MYSTIC LIGHT , RGB FUSION , POLYCHROME , XPG RGB / 높이: 40mm / 모듈제조사: SK하이닉스 / PMIC 언락",2025/06,ok,
2026-10-04T01:48:11+00:00,102621410,ADATA DDR5-6000 CL30 LANCER BLADE 블랙 파인인포 (32GB),https://prod.danawa.com/info/?pcode=102621410&cate=112752,데스크탑용,DDR5,32GB,6000MHz (PC5-48000),CL30-40-40,1.35V,1개,방열판,,33.8mm,XMP3.0 / EXPO / 온다이ECC / PMIC 언락,데스크탑용 / DDR5 / 6000MHz (PC5-48000) / 램타이밍: CL30-40-40 / 1.35V / 램개수: 1개 / XMP3.0 / EXPO / 온다이ECC / 히트싱크: 방열판 / 방열판 색상: 블랙 / 높이: 33.8mm / PMIC 언락,2025/12,ok,
2026-10-04T01:48:11+00:00,93178988,ADATA DDR5-6000 CL30 LANCER BLADE 블랙 패키지 파인인포 (32GB(16Gx2)),https://prod.danawa.com/info/?pcode=93178988&cate=112752,데스크탑용,DDR5,32GB(16Gx2),6000MHz (PC5-48000),CL30-40-40,1.35V,2개,방열판,,33.8mm,XMP3.0 / EXPO / 온다이ECC / PMIC 언락,데스크탑용 / DDR5 / 6000MHz (PC5-48000) / 램타이밍: CL30-40-40 / 1.35V / 램개수: 2개 / XMP3.0 / EXPO / 온다이ECC / 히트싱크: 방열판 / 방열판 색상: 블랙 / 높이: 33.8mm / 모듈제조사: SK하이닉스 / PMIC 언락,2025/06,ok,
2026-10-04T01:48:11+00:00,68787977,ADATA DDR5-6000 CL30 LANCER BLADE 화이트 패키지 서린 (32GB(16Gx2)),https://prod.danawa.com/info/?pcode=68787977&cate=112752,데스크탑용,DDR5,32GB(16Gx2),6000MHz (PC5-48000),CL30-40-40,1.35V,2개,방열판,,33.8mm,XMP3.0 / EXPO / 온다이ECC / PMIC 언락,"데스크탑용 / DDR5 / 6000MHz (PC5-48000) / 램타이밍: CL30-40-40 / 1.35V / 램개수: 2개 / XMP3.0 / EXPO / 온다이ECC / 히트싱크: 방열판 / 방열판 색상: 화이트 / 높이: 33.8mm / 모듈제조사: SK하이닉스 / PMIC 언락 / 출시가: 158,000원",2024/10,ok,
2026-10-04T01:48:11+00:00,93178919,ADATA DDR5-6000 CL30 LANCER BLADE 화이트 패키지 파인인포 (32GB(16Gx2)),https://prod.danawa.com/info/?pcode=93178919&cate=112752,데스크탑용,DDR5,32GB(16Gx2),6000MHz (PC5-48000),CL30-40-40,1.35V,2개,방열판,,33.8mm,XMP3.0 / EXPO / 온다이ECC / PMIC 언락,데스크탑용 / DDR5 / 6000MHz (PC5-48000) / 램타이밍: CL30-40-40 / 1.35V / 램개수: 2개 / XMP3.0 / EXPO / 온다이ECC / 히트싱크: 방열판 / 방열판 색상: 화이트 / 높이: 33.8mm / 모듈제조사: SK하이닉스 / PMIC 언락,2025/06,ok,
2026-10-04T01:48:11+00:00,68914628,ADATA DDR5-6000 CL30 LANCER RGB 블랙 패키지 서린 (32GB(16Gx2)),https://prod.danawa.com/info/?pcode=68914628&cate=112752,데스크탑용,DDR5,32GB(16Gx2),6000MHz (PC5-48000),CL30-40-40,1.35V,2개,방열판,RGB,44mm,XMP3.0 / EXPO / 온다이ECC / PMIC 언락,"데스크탑용 / DDR5 / 6000MHz (PC5-48000) / 램타이밍: CL30-40-40 / 1.35V / 램개수: 2개 / LED 라이트 / XMP3.0 / EXPO / 온다이ECC / 히트싱크: 방열판 / 방열판 색상: 블랙 / LED색상: RGB / LED 시스템: AURA SYNC , MYSTIC LIGHT , RGB FUSION , POLYCHROME , XPG RGB / 높이: 44mm / 모듈제조사: SK하이닉스 / PMIC 언락 / 출시가: 166,000원",2024/10,ok,
2026-10-04T01:48:11+00:00,93629063,ADATA DDR5-6000 CL30 LANCER RGB 블랙 패키지 파인인포 (32GB(16Gx2)),https://prod.danawa.com/info/?pcode=93629063&cate=112752,데스크탑용,DDR5,32GB(16Gx2),6000MHz (PC5-48000),CL30-40-40,1.35V,2개,방열판,RGB,40mm,XMP3.0 / EXPO / 온다이ECC,"데스크탑용 / DDR5 / 6000MHz (PC5-48000) / 램타이밍: CL30-40-40 / 1.35V / 램개수: 2개 / LED 라이트 / XMP3.0 / EXPO / 온다이ECC / 히트싱크: 방열판 / 방열판 색상: 블랙 / LED색상: RGB / LED 시스템: AURA SYNC , MYSTIC LIGHT , RGB FUSION , POLYCHROME / 높이: 40mm",2025/07,ok,
2026-10-04T01:48:11+00:00,68915270,ADATA DDR5-6000 CL30 LANCER RGB 화이트 패키지 서린 (32GB(16Gx2)),https://prod.danawa.com/info/?pcode=68915270&cate=112752,데스크탑용,DDR5,32GB(16Gx2),6000MHz (PC5-48000),CL30-40-40,1.35V,2개,방열판,RGB,44mm,XMP3.0 / EXPO / 온다이ECC / PMIC 언락,"데스크탑용 / DDR5 / 6000MHz (PC5-48000) / 램타이밍: CL30-40-40 / 1.35V / 램개수: 2개 / LED 라이트 / XMP3.0 / EXPO / 온다이ECC / 히트싱크: 방열판 / 방열판 색상: 화이트 / LED색상: RGB / LED 시스템: AURA SYNC , MYSTIC LIGHT , RGB FUSION , POLYCHROME , XPG RGB / 높이: 44mm / 모듈제조사: SK하이닉스 / PMIC 언락 / 출시가: 166,000원",2024/10,ok,
2026-10-04T01:48:11+00:00,93629033,ADATA DDR5-6000 CL30 LANCER RGB 화이트 패키지 파인인포 (32GB(16Gx2)),https://prod.danawa.com/info/?pcode=93629033&cate=112752,데스크탑용,DDR5,32GB(16Gx2),6000MHz (PC5-48000),CL30-40-40,1.35V,2개,방열판,RGB,40mm,XMP3.0 / EXPO / 온다이ECC,"데스크탑용 / DDR5 / 6000MHz (PC5-48000) / 램타이밍: CL30-40-40 / 1.35V / 램개수: 2개 / LED 라이트 / XMP3.0 / EXPO / 온다이ECC / 히트싱크: 방열판 / 방열판 색상: 화이트 / LED색상: RGB / LED 시스템: AURA SYNC , MYSTIC LIGHT , RGB FUSION , POLYCHROME / 높이: 40mm",2025/07,ok,
2026-10-04T01:48:11+00:00,95205638,ADATA DDR5-6000 CL34 LANCER BLADE 블랙 패키지 파인인포 (32GB(16Gx2)),https://prod.danawa.com/info/?pcode=95205638&cate=112752,데스크탑용,DDR5,32GB(16Gx2),6000MHz (PC5-48000),CL34-38-38,1.35V,2개,방열판,,33.8mm,XMP3.0 / EXPO / 온다이ECC / PMIC 언락,데스크탑용 / DDR5 / 6000MHz (PC5-48000) / 램타이밍: CL34-38-38 / 1.35V / 램개수: 2개 / XMP3.0 / EXPO / 온다이ECC / 히트싱크: 방열판 / 방열판 색상: 블랙 / 높이: 33.8mm / 모듈제조사: SK하이닉스 / PMIC 언락,2025/08,ok,
2026-10-04T01:48:11+00:00,100695821,ADATA DDR5-6000 CL36 LANCER BLADE RGB 블랙 패키지 파인인포 (32GB(16Gx2)),https://prod.danawa.com/info/?pcode=100695821&cate=112752,데스크탑용,DDR5,32GB(16Gx2),6000MHz (PC5-48000),CL36,1.35V,2개,방열판,RGB,40mm,XMP3.0 / EXPO / 온다이ECC,"데스크탑용 / DDR5 / 6000MHz (PC5-48000) / 램타이밍: CL36 / 1.35V / 램개수: 2개 / LED 라이트 / XMP3.0 / EXPO / 온다이ECC / 히트싱크: 방열판 / 방열판 색상: 블랙 / LED색상: RGB / LED 시스템: AURA SYNC , MYSTIC LIGHT , RGB FUSION , POLYCHROME , XPG RGB / 높이: 40mm",2025/11,ok,
2026-10-04T01:48:11+00:00,81037301,ADATA DDR5-6000 CL36 LANCER BLADE RGB 화이트 패키지 서린 (32GB(16Gx2)),https://prod.danawa.com/info/?pcode=81037301&cate=112752,데스크탑용,DDR5,32GB(16Gx2),6000MHz (PC5-48000),CL36,1.35V,2개,방열판,RGB,40mm,XMP3.0 / EXPO / 온다이ECC,"데스크탑용 / DDR5 / 6000MHz (PC5-48000) / 램타이밍: CL36 / 1.35V / 램개수: 2개 / LED 라이트 / XMP3.0 / EXPO / 온다이ECC / 히트싱크: 방열판 / 방열판 색상: 화이트 / LED색상: RGB / LED 시스템: AURA SYNC , MYSTIC LIGHT , RGB FUSION , POLYCHROME , XPG RGB / 높이: 40mm",2025/04,ok,
2026-10-04T01:48:11+00:00,95205599,ADATA DDR5-6000 CL36 LANCER BLADE 블랙 패키지 파인인포 (32GB(16Gx2)),https://prod.danawa.com/info/?pcode=95205599&cate=112752,데스크탑용,DDR5,32GB(16Gx2),6000MHz (PC5-48000),CL36-38-38,1.35V,2개,방열판,,33.8mm,XMP3.0 / EXPO / 온다이ECC,데스크탑용 / DDR5 / 6000MHz (PC5-48000) / 램타이밍: CL36-38-38 / 1.35V / 램개수: 2개 / XMP3.0 / EXPO / 온다이ECC / 히트싱크: 방열판 / 방열판 색상: 블랙 / 높이: 33.8mm,2025/08,ok,
2026-10-04T01:48:11+00:00,95205719,ADATA DDR5-6000 CL36 LANCER BLADE 화이트 패키지 파인인포 (32GB(16Gx2)),https://prod.danawa.com/info/?pcode=95205719&cate=112752,데스크탑용,DDR5,32GB(16Gx2),6000MHz (PC5-48000),CL36-38-38,1.35V,2개,방열판,,33.8mm,XMP3.0 / EXPO / 온다이ECC,데스크탑용 / DDR5 / 6000MHz (PC5-48000) / 램타이밍: CL36-38-38 / 1.35V / 램개수: 2개 / XMP3.0 / EXPO / 온다이ECC / 히트싱크: 방열판 / 방열판 색상: 화이트 / 높이: 33.8mm,2025/08,ok,
2026-10-04T01:48:11+00:00,68788169,ADATA DDR5-6400 CL32 LANCER BLADE RGB 블랙 패키지 서린 (32GB(16Gx2)),https://prod.danawa.com/info/?pcode=68788169&cate=112752,데스크탑용,DDR5,32GB(16Gx2),6400MHz (PC5-51200),CL32-39-39,1.40V,2개,방열판,RGB,40mm,XMP3.0 / EXPO / 온다이ECC / PMIC 언락,"데스크탑용 / DDR5 / 6400MHz (PC5-51200) / 램타이밍: CL32-39-39 / 1.40V / 램개수: 2개 / LED 라이트 / XMP3.0 / EXPO / 온다이ECC / 히트싱크: 방열판 / 방열판 색상: 블랙 / LED색상: RGB / LED 시스템: AURA SYNC , MYSTIC LIGHT , RGB FUSION , POLYCHROME , XPG RGB / 높이: 40mm / 모듈제조사: SK하이닉스 / PMIC 언락 / 출시가: 167,000원",2024/10,ok,
2026-10-04T01:48:11+00:00,75938468,ADATA DDR5-6400 CL32 LANCER BLADE RGB 화이트 패키지 서린 (48GB(24Gx2)),https://prod.danawa.com/info/?pcode=75938468&cate=112752,데스크탑용,DDR5,48GB(24Gx2),6400MHz (PC5-51200),CL32-39-39,1.40V,2개,방열판,RGB,40mm,XMP3.0 / EXPO / 온다이ECC / PMIC 언락,"데스크탑용 / DDR5 / 6400MHz (PC5-51200) / 램타이밍: CL32-39-39 / 1.40V / 램개수: 2개 / LED 라이트 / XMP3.0 / EXPO / 온다이ECC / 히트싱크: 방열판 / 방열판 색상: 화이트 / LED색상: RGB / LED 시스템: AURA SYNC , MYSTIC LIGHT , RGB FUSION , POLYCHROME , XPG RGB / 높이: 40mm / 모듈제조사: SK하이닉스 / PMIC 언락 / 출시가: 232,000원",2024/10,ok,
2026-10-04T01:48:11+00:00,68915306,ADATA DDR5-6400 CL32 LANCER RGB 화이트 패키지 서린 (64GB(32Gx2)),https://prod.danawa.com/info/?pcode=68915306&cate=112752,데스크탑용,DDR5,64GB(32Gx2),6400MHz (PC5-51200),CL32-39-39,1.40V,2개,방열판,RGB,44mm,XMP3.0 / EXPO / 온다이ECC / PMIC 언락,"데스크탑용 / DDR5 / 6400MHz (PC5-51200) / 램타이밍: CL32-39-39 / 1.40V / 램개수: 2개 / LED 라이트 / XMP3.0 / EXPO / 온다이ECC / 히트싱크: 방열판 / 방열판 색상: 화이트 / LED색상: RGB / LED 시스템: AURA SYNC , MYSTIC LIGHT , RGB FUSION , POLYCHROME , XPG RGB / 높이: 44mm / 모듈제조사: SK하이닉스 / PMIC 언락 / 출시가: 335,000원",2024/10,ok,
2026-10-04T01:48:11+00:00,122709317,ADATA DDR5-6400 CL52 CUDIMM 파인인포 (16GB),https://prod.danawa.com/info/?pcode=122709317&cate=112752,데스크탑용,DDR5,16GB,6400MHz (PC5-51200),CL52-52-52,1.10V,1개,방열판,RGB,40mm,온다이ECC / PMIC 언락,데스크탑용 / DDR5 / 6400MHz (PC5-51200) / 램타이밍: CL52-52-52 / 1.10V / 램개수: 1개 / 클럭드라이버 / 온다이ECC / 히트싱크: 방열판 / 방열판 색상: 블랙 / LED색상: RGB / 높이: 40mm / PMIC 언락,2026/06,ok,
2026-10-04T01:48:11+00:00,124237133,ADATA DDR5-6400 CL52 CUDIMM 파인인포 (32GB),https://prod.danawa.com/info/?pcode=124237133&cate=112752,데스크탑용,DDR5,32GB,6400MHz (PC5-51200),CL52-52-52,1.10V,1개,방열판,RGB,40mm,온다이ECC / PMIC 언락,데스크탑용 / DDR5 / 6400MHz (PC5-51200) / 램타이밍: CL52-52-52 / 1.10V / 램개수: 1개 / 클럭드라이버 / 온다이ECC / 히트싱크: 방열판 / 방열판 색상: 블랙 / LED색상: RGB / 높이: 40mm / PMIC 언락,2026/06,ok,
2026-10-04T01:48:11+00:00,124237121,ADATA DDR5-6400 CL52 CUDIMM 파인인포 (64GB),https://prod.danawa.com/info/?pcode=124237121&cate=112752,데스크탑용,DDR5,64GB,6400MHz (PC5-51200),CL52-52-52,1.10V,1개,방열판,RGB,40mm,온다이ECC / PMIC 언락,데스크탑용 / DDR5 / 6400MHz (PC5-51200) / 램타이밍: CL52-52-52 / 1.10V / 램개수: 1개 / 클럭드라이버 / 온다이ECC / 히트싱크: 방열판 / 방열판 색상: 블랙 / LED색상: RGB / 높이: 40mm / PMIC 언락,2026/06,ok,
2026-10-04T01:48:11+00:00,124184376,ADATA TRUSTA DDR5-5600 CL46 ECC/REG (16GB),https://prod.danawa.com/info/?pcode=124184376&cate=112752,서버용,DDR5,16GB,5600MHz (PC5-44800),CL46-45-45-45,1.10V,1개,미포함,,31.2mm,온다이ECC / ECC,서버용 / DDR5 / 5600MHz (PC5-44800) / 램타이밍: CL46-45-45-45 / 1.10V / 램개수: 1개 / 온다이ECC / ECC / REG / 온도센서 / 히트싱크: 미포함 / 높이: 31.2mm,2026/09,ok,
2026-10-04T01:48:11+00:00,124184373,ADATA TRUSTA DDR5-5600 CL46 ECC/REG (32GB),https://prod.danawa.com/info/?pcode=124184373&cate=112752,서버용,DDR5,32GB,5600MHz (PC5-44800),CL46-45-45-45,1.10V,1개,미포함,,31.2mm,온다이ECC / ECC,서버용 / DDR5 / 5600MHz (PC5-44800) / 램타이밍: CL46-45-45-45 / 1.10V / 램개수: 1개 / 온다이ECC / ECC / REG / 온도센서 / 히트싱크: 미포함 / 높이: 31.2mm,2026/09,ok,
2026-10-04T01:48:11+00:00,124184364,ADATA TRUSTA DDR5-5600 CL46 ECC/REG (64GB),https://prod.danawa.com/info/?pcode=124184364&cate=112752,서버용,DDR5,64GB,5600MHz (PC5-44800),CL46-45-45-45,1.10V,1개,미포함,,31.2mm,온다이ECC / ECC,서버용 / DDR5 / 5600MHz (PC5-44800) / 램타이밍: CL46-45-45-45 / 1.10V / 램개수: 1개 / 온다이ECC / ECC / REG / 온도센서 / 히트싱크: 미포함 / 높이: 31.2mm,2026/09,ok,
2026-10-04T01:48:11+00:00,11196249,ADATA 노트북 DDR4-3200 CL22 (16GB),https://prod.danawa.com/info/?pcode=11196249&cate=112752,노트북용,DDR4,16GB,3200MHz (PC4-25600),CL22,1.20V,1개,미포함,,,,노트북용 / DDR4 / 3200MHz (PC4-25600) / 램타이밍: CL22 / 1.20V / 램개수: 1개 / 히트싱크: 미포함,2020/04,ok,
2026-10-04T01:48:11+00:00,11196246,ADATA 노트북 DDR4-3200 CL22 (8GB),https://prod.danawa.com/info/?pcode=11196246&cate=112752,노트북용,DDR4,8GB,3200MHz (PC4-25600),CL22,1.20V,1개,미포함,,,,노트북용 / DDR4 / 3200MHz (PC4-25600) / 램타이밍: CL22 / 1.20V / 램개수: 1개 / 히트싱크: 미포함,2020/04,ok,
2026-10-04T01:48:11+00:00,94450280,ADATA 노트북 DDR4-3200 CL22 파인인포 (16GB),https://prod.danawa.com/info/?pcode=94450280&cate=112752,노트북용,DDR4,16GB,3200MHz (PC4-25600),CL22-22-22,1.20V,1개,미포함,,,,노트북용 / DDR4 / 3200MHz (PC4-25600) / 램타이밍: CL22-22-22 / 1.20V / 램개수: 1개 / 히트싱크: 미포함,2025/07,ok,
2026-10-04T01:48:11+00:00,94450292,ADATA 노트북 DDR4-3200 CL22 파인인포 (8GB),https://prod.danawa.com/info/?pcode=94450292&cate=112752,노트북용,DDR4,8GB,3200MHz (PC4-25600),CL22-22-22,1.20V,1개,미포함,,,,노트북용 / DDR4 / 3200MHz (PC4-25600) / 램타이밍: CL22-22-22 / 1.20V / 램개수: 1개 / 히트싱크: 미포함,2025/07,ok,
2026-10-04T01:48:11+00:00,68918960,ADATA 노트북 DDR5-5600 CL46 서린 (16GB),https://prod.danawa.com/info/?pcode=68918960&cate=112752,노트북용,DDR5,16GB,5600MHz (PC5-44800),CL46-45-45,1.10V,1개,미포함,,,온다이ECC,"노트북용 / DDR5 / 5600MHz (PC5-44800) / 램타이밍: CL46-45-45 / 1.10V / 램개수: 1개 / 온다이ECC / 히트싱크: 미포함 / 모듈제조사: 기타 / 출시가: 58,000원",2024/10,ok,
2026-10-04T01:48:11+00:00,68918936,ADATA 노트북 DDR5-5600 CL46 서린 (32GB),https://prod.danawa.com/info/?pcode=68918936&cate=112752,노트북용,DDR5,32GB,5600MHz (PC5-44800),CL46-45-45,1.10V,1개,미포함,,,온다이ECC,"노트북용 / DDR5 / 5600MHz (PC5-44800) / 램타이밍: CL46-45-45 / 1.10V / 램개수: 1개 / 온다이ECC / 히트싱크: 미포함 / 모듈제조사: 기타 / 출시가: 117,000원",2024/10,ok,
2026-10-04T01:48:11+00:00,79397039,ADATA 노트북 DDR5-5600 CL46 파인인포 (16GB),https://prod.danawa.com/info/?pcode=79397039&cate=112752,노트북용,DDR5,16GB,5600MHz (PC5-44800),CL46-45-45,1.10V,1개,미포함,,,온다이ECC,노트북용 / DDR5 / 5600MHz (PC5-44800) / 램타이밍: CL46-45-45 / 1.10V / 램개수: 1개 / 온다이ECC / 히트싱크: 미포함 / 모듈제조사: 기타,2025/04,ok,
2026-10-04T01:48:11+00:00,79397126,ADATA 노트북 DDR5-5600 CL46 파인인포 (32GB),https://prod.danawa.com/info/?pcode=79397126&cate=112752,노트북용,DDR5,32GB,5600MHz (PC5-44800),CL46-45-45,1.10V,1개,미포함,,,온다이ECC,노트북용 / DDR5 / 5600MHz (PC5-44800) / 램타이밍: CL46-45-45 / 1.10V / 램개수: 1개 / 온다이ECC / 히트싱크: 미포함 / 모듈제조사: 기타,2025/04,ok,
2026-10-04T01:48:11+00:00,92046671,ADATA 노트북 DDR5-5600 CL46 파인인포 (8GB),https://prod.danawa.com/info/?pcode=92046671&cate=112752,노트북용,DDR5,8GB,5600MHz (PC5-44800),CL46-45-45,1.10V,1개,미포함,,,온다이ECC,노트북용 / DDR5 / 5600MHz (PC5-44800) / 램타이밍: CL46-45-45 / 1.10V / 램개수: 1개 / 온다이ECC / 히트싱크: 미포함 / 모듈제조사: 기타,2025/06,ok,
2026-10-04T01:48:11+00:00,122830277,AFOX DDR4-2666 CL19 대원씨티에스 (16GB),https://prod.danawa.com/info/?pcode=122830277&cate=112752,데스크탑용,DDR4,16GB,2666MHz (PC4-21300),CL19-19-19-43,1.20V,1개,미포함,,,,데스크탑용 / DDR4 / 2666MHz (PC4-21300) / 램타이밍: CL19-19-19-43 / 1.20V / 램개수: 1개 / 히트싱크: 미포함,2026/07,ok,
2026-10-04T01:48:11+00:00,97124171,AFOX DDR4-3200 CL22 대원씨티에스 (16GB),https://prod.danawa.com/info/?pcode=97124171&cate=112752,데스크탑용,DDR4,16GB,3200MHz (PC4-25600),CL22-22-22-52,1.20V,1개,미포함,,,,데스크탑용 / DDR4 / 3200MHz (PC4-25600) / 램타이밍: CL22-22-22-52 / 1.20V / 램개수: 1개 / 히트싱크: 미포함,2025/09,ok,
2026-10-04T01:48:11+00:00,97124168,AFOX DDR4-3200 CL22 대원씨티에스 (8GB),https://prod.danawa.com/info/?pcode=97124168&cate=112752,데스크탑용,DDR4,8GB,3200MHz (PC4-25600),CL22-22-22-52,1.20V,1개,미포함,,,,데스크탑용 / DDR4 / 3200MHz (PC4-25600) / 램타이밍: CL22-22-22-52 / 1.20V / 램개수: 1개 / 히트싱크: 미포함,2025/09,ok,
2026-10-04T01:48:11+00:00,101628668,AGI DDR4-3200 CL22 UD138 서린 (16GB),https://prod.danawa.com/info/?pcode=101628668&cate=112752,데스크탑용,DDR4,16GB,3200MHz (PC4-25600),CL22-22-22-52,1.20V,1개,미포함,,31.3mm,,데스크탑용 / DDR4 / 3200MHz (PC4-25600) / 램타이밍: CL22-22-22-52 / 1.20V / 램개수: 1개 / 히트싱크: 미포함 / 높이: 31.3mm,2025/12,ok,
2026-10-04T01:48:11+00:00,101628665,AGI DDR4-3200 CL22 UD138 서린 (8GB),https://prod.danawa.com/info/?pcode=101628665&cate=112752,데스크탑용,DDR4,8GB,3200MHz (PC4-25600),CL22-22-22-52,1.20V,1개,미포함,,31.3mm,,데스크탑용 / DDR4 / 3200MHz (PC4-25600) / 램타이밍: CL22-22-22-52 / 1.20V / 램개수: 1개 / 히트싱크: 미포함 / 높이: 31.3mm,2025/12,ok,
2026-10-04T01:48:11+00:00,101628743,AGI DDR4-3600 CL18 TURBOJET UD848 RGB BLACK 서린 (32GB(16Gx2)),https://prod.danawa.com/info/?pcode=101628743&cate=112752,데스크탑용,DDR4,32GB(16Gx2),3600MHz (PC4-28800),CL18-22-22-42,1.35V,1개,방열판,RGB,37mm,XMP / 온다이ECC,"데스크탑용 / DDR4 / 3600MHz (PC4-28800) / 램타이밍: CL18-22-22-42 / 1.35V / 램개수: 1개 / XMP / 온다이ECC / 히트싱크: 방열판 / 방열판 색상: 블랙 / LED색상: RGB / LED 시스템: AURA SYNC , MYSTIC LIGHT , RGB FUSION , POLYCHROME / 높이: 37mm",2025/12,ok,
2026-10-04T01:48:11+00:00,124236524,AGI DDR5-5600 CL46 RD238 ECC/REG (32GB),https://prod.danawa.com/info/?pcode=124236524&cate=112752,서버용,DDR5,32GB,5600MHz (PC5-44800),CL46-46-46-90,1.10V,1개,미포함,,31.3mm,온다이ECC / ECC,서버용 / DDR5 / 5600MHz (PC5-44800) / 램타이밍: CL46-46-46-90 / 1.10V / 램개수: 1개 / 온다이ECC / ECC / REG / 히트싱크: 미포함 / 높이: 31.3mm,2026/09,ok,
2026-10-04T01:48:11+00:00,124236516,AGI DDR5-5600 CL46 RD238 ECC/REG (64GB),https://prod.danawa.com/info/?pcode=124236516&cate=112752,서버용,DDR5,64GB,5600MHz (PC5-44800),CL46-46-46-90,1.10V,1개,미포함,,31.3mm,온다이ECC / ECC,서버용 / DDR5 / 5600MHz (PC5-44800) / 램타이밍: CL46-46-46-90 / 1.10V / 램개수: 1개 / 온다이ECC / ECC / REG / 히트싱크: 미포함 / 높이: 31.3mm,2026/09,ok,
2026-10-04T01:48:11+00:00,99737048,AGI DDR5-5600 CL46 UD238 서린 (16GB),https://prod.danawa.com/info/?pcode=99737048&cate=112752,데스크탑용,DDR5,16GB,5600MHz (PC5-44800),CL46,1.10V,1개,미포함,,31.3mm,온다이ECC,데스크탑용 / DDR5 / 5600MHz (PC5-44800) / 램타이밍: CL46 / 1.10V / 램개수: 1개 / 온다이ECC / 히트싱크: 미포함 / 높이: 31.3mm,2025/10,ok,
2026-10-04T01:48:11+00:00,99737063,AGI DDR5-5600 CL46 UD238 서린 (32GB),https://prod.danawa.com/info/?pcode=99737063&cate=112752,데스크탑용,DDR5,32GB,5600MHz (PC5-44800),CL46,1.10V,1개,미포함,,31.3mm,온다이ECC,데스크탑용 / DDR5 / 5600MHz (PC5-44800) / 램타이밍: CL46 / 1.10V / 램개수: 1개 / 온다이ECC / 히트싱크: 미포함 / 높이: 31.3mm,2025/10,ok,
2026-10-04T01:48:11+00:00,124129601,AGI DDR5-5600 CL46 UD238 엠씨케이글로벌 (16GB),https://prod.danawa.com/info/?pcode=124129601&cate=112752,데스크탑용,DDR5,16GB,5600MHz (PC5-44800),CL46,1.10V,1개,미포함,,31.3mm,온다이ECC,데스크탑용 / DDR5 / 5600MHz (PC5-44800) / 램타이밍: CL46 / 1.10V / 램개수: 1개 / 온다이ECC / 히트싱크: 미포함 / 높이: 31.3mm,2026/09,ok,
2026-10-04T01:48:11+00:00,101078582,AGI DDR5-6000 CL30 TURBOJET UD858 RGB 블랙 패키지 서린 (32GB(16Gx2)),https://prod.danawa.com/info/?pcode=101078582&cate=112752,데스크탑용,DDR5,32GB(16Gx2),6000MHz (PC5-48000),CL30,1.35V,2개,방열판,RGB,37mm,XMP3.0 / EXPO / 온다이ECC,"데스크탑용 / DDR5 / 6000MHz (PC5-48000) / 램타이밍: CL30 / 1.35V / 램개수: 2개 / LED 라이트 / XMP3.0 / EXPO / 온다이ECC / 히트싱크: 방열판 / 방열판 색상: 블랙 / LED색상: RGB / LED 시스템: AURA SYNC , MYSTIC LIGHT , RGB FUSION , POLYCHROME / 높이: 37mm",2025/11,ok,
2026-10-04T01:48:11+00:00,103752776,AGI DDR5-6000 CL30 TURBOJET UD858 RGB 블랙 패키지 서린 (48GB(24Gx2)),https://prod.danawa.com/info/?pcode=103752776&cate=112752,데스크탑용,DDR5,48GB(24Gx2),6000MHz (PC5-48000),CL30,1.40V,2개,방열판,RGB,37mm,XMP3.0 / EXPO / 온다이ECC,"데스크탑용 / DDR5 / 6000MHz (PC5-48000) / 램타이밍: CL30 / 1.40V / 램개수: 2개 / LED 라이트 / XMP3.0 / EXPO / 온다이ECC / 히트싱크: 방열판 / 방열판 색상: 블랙 / LED색상: RGB / LED 시스템: AURA SYNC , MYSTIC LIGHT , RGB FUSION , POLYCHROME / 높이: 37mm",2026/01,ok,
2026-10-04T01:48:11+00:00,106694363,AGI DDR5-6000 CL30 TURBOJET UD858 RGB 블루그린 패키지 서린 (32GB(16Gx2)),https://prod.danawa.com/info/?pcode=106694363&cate=112752,데스크탑용,DDR5,32GB(16Gx2),6000MHz (PC5-48000),30-40-40-96,1.35V,2개,방열판,RGB,42mm,XMP3.0 / EXPO / 온다이ECC,"데스크탑용 / DDR5 / 6000MHz (PC5-48000) / 램타이밍: 30-40-40-96 / 1.35V / 램개수: 2개 / LED 라이트 / XMP3.0 / EXPO / 온다이ECC / 히트싱크: 방열판 / 방열판 색상: 블루 / LED색상: RGB / LED 시스템: AURA SYNC , MYSTIC LIGHT , RGB FUSION , POLYCHROME / 높이: 42mm",2026/02,ok,
2026-10-04T01:48:11+00:00,101078618,AGI DDR5-6000 CL30 TURBOJET UD858 RGB 화이트 패키지 서린 (32GB(16Gx2)),https://prod.danawa.com/info/?pcode=101078618&cate=112752,데스크탑용,DDR5,32GB(16Gx2),6000MHz (PC5-48000),CL30,1.35V,2개,방열판,RGB,37mm,XMP3.0 / EXPO / 온다이ECC,"데스크탑용 / DDR5 / 6000MHz (PC5-48000) / 램타이밍: CL30 / 1.35V / 램개수: 2개 / LED 라이트 / XMP3.0 / EXPO / 온다이ECC / 히트싱크: 방열판 / 방열판 색상: 화이트 / LED색상: RGB / LED 시스템: AURA SYNC , MYSTIC LIGHT , RGB FUSION , POLYCHROME / 높이: 37mm",2025/11,ok,
2026-10-04T01:48:11+00:00,101078510,AGI DDR5-6000 CL30 TURBOJET UD858 블랙 패키지 서린 (32GB(16Gx2)),https://prod.danawa.com/info/?pcode=101078510&cate=112752,데스크탑용,DDR5,32GB(16Gx2),6000MHz (PC5-48000),CL30,1.35V,2개,방열판,,37mm,XMP3.0 / EXPO / 온다이ECC,데스크탑용 / DDR5 / 6000MHz (PC5-48000) / 램타이밍: CL30 / 1.35V / 램개수: 2개 / XMP3.0 / EXPO / 온다이ECC / 히트싱크: 방열판 / 방열판 색상: 블랙 / 높이: 37mm,2025/11,ok,
2026-10-04T01:48:11+00:00,108418964,AGI DDR5-6000 CL36 TURBOJET UD858 RGB 블랙 패키지 서린 (32GB(16Gx2)),https://prod.danawa.com/info/?pcode=108418964&cate=112752,데스크탑용,DDR5,32GB(16Gx2),6000MHz (PC5-48000),CL36-44-44-96,1.35V,2개,방열판,RGB,37mm,XMP3.0 / EXPO / 온다이ECC,"데스크탑용 / DDR5 / 6000MHz (PC5-48000) / 램타이밍: CL36-44-44-96 / 1.35V / 램개수: 2개 / LED 라이트 / XMP3.0 / EXPO / 온다이ECC / 히트싱크: 방열판 / 방열판 색상: 블랙 / LED색상: RGB / LED 시스템: AURA SYNC , MYSTIC LIGHT , RGB FUSION , POLYCHROME / 높이: 37mm",2026/03,ok,
2026-10-04T01:48:11+00:00,108419015,AGI DDR5-6000 CL36 TURBOJET UD858 RGB 화이트 패키지 서린 (32GB(16Gx2)),https://prod.danawa.com/info/?pcode=108419015&cate=112752,데스크탑용,DDR5,32GB(16Gx2),6000MHz (PC5-48000),CL36-44-44-96,1.35V,2개,방열판,RGB,37mm,XMP3.0 / EXPO / 온다이ECC,"데스크탑용 / DDR5 / 6000MHz (PC5-48000) / 램타이밍: CL36-44-44-96 / 1.35V / 램개수: 2개 / LED 라이트 / XMP3.0 / EXPO / 온다이ECC / 히트싱크: 방열판 / 방열판 색상: 화이트 / LED색상: RGB / LED 시스템: AURA SYNC , MYSTIC LIGHT , RGB FUSION , POLYCHROME / 높이: 37mm",2026/03,ok,
2026-10-04T01:48:11+00:00,124236511,AGI DDR5-6400 CL52 RD238 ECC/REG (64GB),https://prod.danawa.com/info/?pcode=124236511&cate=112752,서버용,DDR5,64GB,6400MHz (PC5-51200),CL52-51-102,1.10V,1개,미포함,,31.3mm,온다이ECC / ECC,서버용 / DDR5 / 6400MHz (PC5-51200) / 램타이밍: CL52-51-102 / 1.10V / 램개수: 1개 / 온다이ECC / ECC / REG / 히트싱크: 미포함 / 높이: 31.3mm,2026/09,ok,
2026-10-04T01:48:11+00:00,101725853,AGI 노트북 DDR4-3200 CL22 SD138 서린 (16GB),https://prod.danawa.com/info/?pcode=101725853&cate=112752,노트북용,DDR4,16GB,3200MHz (PC4-25600),CL22,1.20V,1개,미포함,,30mm,,노트북용 / DDR4 / 3200MHz (PC4-25600) / 램타이밍: CL22 / 1.20V / 램개수: 1개 / 히트싱크: 미포함 / 높이: 30mm,2025/12,ok,
2026-10-04T01:48:11+00:00,101725856,AGI 노트북 DDR4-3200 CL22 SD138 서린 (8GB),https://prod.danawa.com/info/?pcode=101725856&cate=112752,노트북용,DDR4,8GB,3200MHz (PC4-25600),CL22,1.20V,1개,미포함,,30mm,,노트북용 / DDR4 / 3200MHz (PC4-25600) / 램타이밍: CL22 / 1.20V / 램개수: 1개 / 히트싱크: 미포함 / 높이: 30mm,2025/12,ok,
2026-10-04T01:48:11+00:00,101721581,AGI 노트북 DDR5-5600 CL46 SD238 서린 (16GB),https://prod.danawa.com/info/?pcode=101721581&cate=112752,노트북용,DDR5,16GB,5600MHz (PC5-44800),CL46,1.10V,1개,미포함,,30mm,온다이ECC,노트북용 / DDR5 / 5600MHz (PC5-44800) / 램타이밍: CL46 / 1.10V / 램개수: 1개 / 온다이ECC / 히트싱크: 미포함 / 높이: 30mm,2025/12,ok,
2026-10-04T01:48:11+00:00,101721578,AGI 노트북 DDR5-5600 CL46 SD238 서린 (32GB),https://prod.danawa.com/info/?pcode=101721578&cate=112752,노트북용,DDR5,32GB,5600MHz (PC5-44800),CL46,1.10V,1개,미포함,,30mm,온다이ECC,노트북용 / DDR5 / 5600MHz (PC5-44800) / 램타이밍: CL46 / 1.10V / 램개수: 1개 / 온다이ECC / 히트싱크: 미포함 / 높이: 30mm,2025/12,ok,
2026-10-04T01:48:11+00:00,124129562,AGI 노트북 DDR5-5600 CL46 SD238 엠씨케이글로벌 (16GB),https://prod.danawa.com/info/?pcode=124129562&cate=112752,노트북용,DDR5,16GB,5600MHz (PC5-44800),CL46,1.10V,1개,미포함,,30mm,온다이ECC,노트북용 / DDR5 / 5600MHz (PC5-44800) / 램타이밍: CL46 / 1.10V / 램개수: 1개 / 온다이ECC / 히트싱크: 미포함 / 높이: 30mm,2026/09,ok,
2026-10-04T01:48:11+00:00,15414239,ANACOMDA DDR4-3200 CL22 디앤디컴 (16GB),https://prod.danawa.com/info/?pcode=15414239&cate=112752,데스크탑용,DDR4,16GB,3200MHz (PC4-25600),CL22,1.20V,1개,미포함,,32mm,,"데스크탑용 / DDR4 / 3200MHz (PC4-25600) / 램타이밍: CL22 / 1.20V / 램개수: 1개 / 히트싱크: 미포함 / 높이: 32mm / 모듈제조사: SK하이닉스 / 2022년 8월 CL값, 전압 수정(CL16 오표기→CL22으로 수정)",2021/10,ok,
2026-10-04T01:48:11+00:00,124012173,ANACOMDA DDR4-3200 CL22 얼티메이크 (16GB),https://prod.danawa.com/info/?pcode=124012173&cate=112752,데스크탑용,DDR4,16GB,3200MHz (PC4-25600),CL22,1.20V,1개,미포함,,31mm,,데스크탑용 / DDR4 / 3200MHz (PC4-25600) / 램타이밍: CL22 / 1.20V / 램개수: 1개 / 히트싱크: 미포함 / 높이: 31mm / 모듈제조사: SK하이닉스,2026/08,ok,
2026-10-04T01:48:11+00:00,91496405,ANACOMDA DDR5-5600 CL46 디앤디컴 (16GB),https://prod.danawa.com/info/?pcode=91496405&cate=112752,데스크탑용,DDR5,16GB,5600MHz (PC5-44800),CL46,1.10V,1개,미포함,,32mm,,데스크탑용 / DDR5 / 5600MHz (PC5-44800) / 램타이밍: CL46 / 1.10V / 램개수: 1개 / 히트싱크: 미포함 / 높이: 32mm,2025/05,ok,
2026-10-04T01:48:11+00:00,105966707,ANACOMDA DDR5-6000 CL38 KING SNAKE 블랙 얼티메이크 (32GB(16Gx2)),https://prod.danawa.com/info/?pcode=105966707&cate=112752,데스크탑용,DDR5,32GB(16Gx2),6000MHz (PC5-48000),CL38,1.35V,2개,방열판,,31.25mm,XMP3.0 / EXPO / 온다이ECC,데스크탑용 / DDR5 / 6000MHz (PC5-48000) / 램타이밍: CL38 / 1.35V / 램개수: 2개 / XMP3.0 / EXPO / 온다이ECC / 히트싱크: 방열판 / 방열판 색상: 블랙 / 높이: 31.25mm,2026/02,ok,
2026-10-04T01:48:11+00:00,105966770,ANACOMDA DDR5-6000 CL38 KING SNAKE 화이트 얼티메이크 (32GB(16Gx2)),https://prod.danawa.com/info/?pcode=105966770&cate=112752,데스크탑용,DDR5,32GB(16Gx2),6000MHz (PC5-48000),CL38,1.35V,2개,방열판,,31.25mm,XMP3.0 / EXPO / 온다이ECC,데스크탑용 / DDR5 / 6000MHz (PC5-48000) / 램타이밍: CL38 / 1.35V / 램개수: 2개 / XMP3.0 / EXPO / 온다이ECC / 히트싱크: 방열판 / 방열판 색상: 화이트 / 높이: 31.25mm,2026/02,ok,
2026-10-04T01:48:11+00:00,2430601,AVEXIR DDR3-1600 CL10 Blitz 1.1 Original 패키지 대양케이스 (16GB(8Gx2)),https://prod.danawa.com/info/?pcode=2430601&cate=112752,데스크탑용,DDR3,16GB(8Gx2),1600MHz (PC3-12800),CL10-10-10-24,1.50V,2개,방열판,화이트,,,데스크탑용 / DDR3 / 1600MHz (PC3-12800) / 램타이밍: CL10-10-10-24 / 1.50V / 램개수: 2개 / LED 라이트 / 히트싱크: 방열판 / 방열판 색상: 블랙 / LED색상: 화이트,2014/01,ok,
2026-10-04T01:48:11+00:00,109483274,Apacer DDR4-3200 CL22 (16GB),https://prod.danawa.com/info/?pcode=109483274&cate=112752,데스크탑용,DDR4,16GB,3200MHz (PC4-25600),CL22,1.20V,1개,,,,,데스크탑용 / DDR4 / 3200MHz (PC4-25600) / 램타이밍: CL22 / 1.20V / 램개수: 1개,2026/03,ok,
2026-10-04T01:48:11+00:00,109483250,Apacer DDR4-3200 CL22 (8GB),https://prod.danawa.com/info/?pcode=109483250&cate=112752,데스크탑용,DDR4,8GB,3200MHz (PC4-25600),CL22,1.20V,1개,,,,,데스크탑용 / DDR4 / 3200MHz (PC4-25600) / 램타이밍: CL22 / 1.20V / 램개수: 1개,2026/03,ok,
2026-10-04T01:48:11+00:00,99886835,Apacer DDR5-5200 CL40 NOX BLACK 패키지 (32GB(16Gx2)),https://prod.danawa.com/info/?pcode=99886835&cate=112752,데스크탑용,DDR5,32GB(16Gx2),5200MHz (PC5-41600),CL40-40-40-80,1.25V,2개,방열판,,32mm,XMP3.0 / EXPO / 온다이ECC,데스크탑용 / DDR5 / 5200MHz (PC5-41600) / 램타이밍: CL40-40-40-80 / 1.25V / 램개수: 2개 / XMP3.0 / EXPO / 온다이ECC / 히트싱크: 방열판 / 방열판 색상: 블랙 / 높이: 32mm,2025/11,ok,
2026-10-04T01:48:11+00:00,99749048,Apacer DDR5-5200 CL40 NOX RGB BLACK 패키지 (32GB(16Gx2)),https://prod.danawa.com/info/?pcode=99749048&cate=112752,데스크탑용,DDR5,32GB(16Gx2),5200MHz (PC5-41600),CL40-40-40-80,1.25V,2개,방열판,RGB,42.67mm,XMP3.0 / EXPO / 온다이ECC,"데스크탑용 / DDR5 / 5200MHz (PC5-41600) / 램타이밍: CL40-40-40-80 / 1.25V / 램개수: 2개 / LED 라이트 / XMP3.0 / EXPO / 온다이ECC / 히트싱크: 방열판 / 방열판 색상: 블랙 / LED색상: RGB / LED 시스템: AURA SYNC , MYSTIC LIGHT , RGB FUSION , POLYCHROME / 높이: 42.67mm",2025/10,ok,
2026-10-04T01:48:11+00:00,99749258,Apacer DDR5-5200 CL40 NOX RGB SILVER 패키지 (32GB(16Gx2)),https://prod.danawa.com/info/?pcode=99749258&cate=112752,데스크탑용,DDR5,32GB(16Gx2),5200MHz (PC5-41600),CL40-40-40-80,1.25V,2개,방열판,RGB,42.67mm,XMP3.0 / EXPO / 온다이ECC,"데스크탑용 / DDR5 / 5200MHz (PC5-41600) / 램타이밍: CL40-40-40-80 / 1.25V / 램개수: 2개 / LED 라이트 / XMP3.0 / EXPO / 온다이ECC / 히트싱크: 방열판 / 방열판 색상: 실버/그레이 / LED색상: RGB / LED 시스템: AURA SYNC , MYSTIC LIGHT , RGB FUSION , POLYCHROME / 높이: 42.67mm",2025/10,ok,
2026-10-04T01:48:11+00:00,99887309,Apacer DDR5-5200 CL40 NOX WHITE 패키지 (32GB(16Gx2)),https://prod.danawa.com/info/?pcode=99887309&cate=112752,데스크탑용,DDR5,32GB(16Gx2),5200MHz (PC5-41600),CL40-40-40-80,1.25V,2개,방열판,,32mm,XMP3.0 / EXPO / 온다이ECC,데스크탑용 / DDR5 / 5200MHz (PC5-41600) / 램타이밍: CL40-40-40-80 / 1.25V / 램개수: 2개 / XMP3.0 / EXPO / 온다이ECC / 히트싱크: 방열판 / 방열판 색상: 화이트 / 높이: 32mm,2025/11,ok,
2026-10-04T01:48:11+00:00,99893666,Apacer DDR5-5600 CL46 (16GB),https://prod.danawa.com/info/?pcode=99893666&cate=112752,데스크탑용,DDR5,16GB,5600MHz (PC5-44800),CL46,1.10V,1개,미포함,,32mm,온다이ECC,데스크탑용 / DDR5 / 5600MHz (PC5-44800) / 램타이밍: CL46 / 1.10V / 램개수: 1개 / 온다이ECC / 히트싱크: 미포함 / 높이: 32mm,2025/11,ok,
2026-10-04T01:48:11+00:00,99893684,Apacer DDR5-5600 CL46 (32GB),https://prod.danawa.com/info/?pcode=99893684&cate=112752,데스크탑용,DDR5,32GB,5600MHz (PC5-44800),CL46,1.10V,1개,미포함,,32mm,온다이ECC,데스크탑용 / DDR5 / 5600MHz (PC5-44800) / 램타이밍: CL46 / 1.10V / 램개수: 1개 / 온다이ECC / 히트싱크: 미포함 / 높이: 32mm,2025/11,ok,
2026-10-04T01:48:11+00:00,99887372,Apacer DDR5-6000 CL38 NOX BLACK 패키지 (32GB(16Gx2)),https://prod.danawa.com/info/?pcode=99887372&cate=112752,데스크탑용,DDR5,32GB(16Gx2),6000MHz (PC5-48000),CL38-48-48-96,1.35V,2개,방열판,,32mm,XMP3.0 / EXPO / 온다이ECC,데스크탑용 / DDR5 / 6000MHz (PC5-48000) / 램타이밍: CL38-48-48-96 / 1.35V / 램개수: 2개 / XMP3.0 / EXPO / 온다이ECC / 히트싱크: 방열판 / 방열판 색상: 블랙 / 높이: 32mm,2025/11,ok,
2026-10-04T01:48:11+00:00,99749339,Apacer DDR5-6000 CL38 NOX RGB BLACK 패키지 (32GB(16Gx2)),https://prod.danawa.com/info/?pcode=99749339&cate=112752,데스크탑용,DDR5,32GB(16Gx2),6000MHz (PC5-48000),CL38-48-48-96,1.35V,2개,방열판,RGB,42.67mm,XMP3.0 / EXPO / 온다이ECC,"데스크탑용 / DDR5 / 6000MHz (PC5-48000) / 램타이밍: CL38-48-48-96 / 1.35V / 램개수: 2개 / LED 라이트 / XMP3.0 / EXPO / 온다이ECC / 히트싱크: 방열판 / 방열판 색상: 블랙 / LED색상: RGB / LED 시스템: AURA SYNC , MYSTIC LIGHT , RGB FUSION , POLYCHROME / 높이: 42.67mm",2025/10,ok,
2026-10-04T01:48:11+00:00,99749558,Apacer DDR5-6000 CL38 NOX RGB SILVER 패키지 (32GB(16Gx2)),https://prod.danawa.com/info/?pcode=99749558&cate=112752,데스크탑용,DDR5,32GB(16Gx2),6000MHz (PC5-48000),CL38-48-48-96,1.35V,2개,방열판,RGB,42.67mm,XMP3.0 / EXPO / 온다이ECC,"데스크탑용 / DDR5 / 6000MHz (PC5-48000) / 램타이밍: CL38-48-48-96 / 1.35V / 램개수: 2개 / LED 라이트 / XMP3.0 / EXPO / 온다이ECC / 히트싱크: 방열판 / 방열판 색상: 실버/그레이 / LED색상: RGB / LED 시스템: AURA SYNC , MYSTIC LIGHT , RGB FUSION , POLYCHROME / 높이: 42.67mm",2025/10,ok,
2026-10-04T01:48:11+00:00,99749564,Apacer DDR5-6000 CL38 NOX RGB SILVER 패키지 (64GB(32Gx2)),https://prod.danawa.com/info/?pcode=99749564&cate=112752,데스크탑용,DDR5,64GB(32Gx2),6000MHz (PC5-48000),CL38-48-48-96,1.35V,2개,방열판,RGB,42.67mm,XMP3.0 / EXPO / 온다이ECC,"데스크탑용 / DDR5 / 6000MHz (PC5-48000) / 램타이밍: CL38-48-48-96 / 1.35V / 램개수: 2개 / LED 라이트 / XMP3.0 / EXPO / 온다이ECC / 히트싱크: 방열판 / 방열판 색상: 실버/그레이 / LED색상: RGB / LED 시스템: AURA SYNC , MYSTIC LIGHT , RGB FUSION , POLYCHROME / 높이: 42.67mm",2025/10,ok,
2026-10-04T01:48:11+00:00,99887405,Apacer DDR5-6000 CL38 NOX WHITE 패키지 (32GB(16Gx2)),https://prod.danawa.com/info/?pcode=99887405&cate=112752,데스크탑용,DDR5,32GB(16Gx2),6000MHz (PC5-48000),CL38-48-48-96,1.35V,2개,방열판,,32mm,XMP3.0 / EXPO / 온다이ECC,데스크탑용 / DDR5 / 6000MHz (PC5-48000) / 램타이밍: CL38-48-48-96 / 1.35V / 램개수: 2개 / XMP3.0 / EXPO / 온다이ECC / 히트싱크: 방열판 / 방열판 색상: 화이트 / 높이: 32mm,2025/11,ok,
2026-10-04T01:48:11+00:00,101665346,Apacer 노트북 DDR5-5600 CL46 (16GB),https://prod.danawa.com/info/?pcode=101665346&cate=112752,노트북용,DDR5,16GB,5600MHz (PC5-44800),CL46,1.10V,1개,미포함,,,온다이ECC,노트북용 / DDR5 / 5600MHz (PC5-44800) / 램타이밍: CL46 / 1.10V / 램개수: 1개 / 온다이ECC / 히트싱크: 미포함,2025/12,ok,
2026-10-04T01:48:11+00:00,101667029,Apacer 노트북 DDR5-5600 CL46 (32GB),https://prod.danawa.com/info/?pcode=101667029&cate=112752,노트북용,DDR5,32GB,5600MHz (PC5-44800),CL46,1.10V,1개,미포함,,,온다이ECC,노트북용 / DDR5 / 5600MHz (PC5-44800) / 램타이밍: CL46 / 1.10V / 램개수: 1개 / 온다이ECC / 히트싱크: 미포함,2025/12,ok,
2026-10-04T01:48:11+00:00,14091533,ArchMemory DDR4-2666 ECC for Synology (16GB),https://prod.danawa.com/info/?pcode=14091533&cate=112752,서버용,DDR4,16GB,2666MHz (PC4-21300),,1.20V,1개,미포함,,,ECC,서버용 / DDR4 / 2666MHz (PC4-21300) / 1.20V / 램개수: 1개 / ECC / 히트싱크: 미포함 / Dual Rank 2Rx8,2021/05,ok,
2026-10-04T01:48:11+00:00,95423780,BIWIN DDR4-3200 CL22 (16GB),https://prod.danawa.com/info/?pcode=95423780&cate=112752,데스크탑용,DDR4,16GB,3200MHz (PC4-25600),CL22,1.20V,1개,미포함,,31.24mm,,데스크탑용 / DDR4 / 3200MHz (PC4-25600) / 램타이밍: CL22 / 1.20V / 램개수: 1개 / 히트싱크: 미포함 / 높이: 31.24mm,2025/08,ok,
2026-10-04T01:48:11+00:00,101079248,BIWIN DDR5-4800 CL40 (16GB),https://prod.danawa.com/info/?pcode=101079248&cate=112752,데스크탑용,DDR5,16GB,4800MHz (PC5-38400),CL40-39-39-77,1.10V,1개,미포함,,31.25mm,온다이ECC,데스크탑용 / DDR5 / 4800MHz (PC5-38400) / 램타이밍: CL40-39-39-77 / 1.10V / 램개수: 1개 / 온다이ECC / 히트싱크: 미포함 / 높이: 31.25mm,2025/11,ok,
2026-10-04T01:48:11+00:00,101079236,BIWIN DDR5-4800 CL40 (32GB),https://prod.danawa.com/info/?pcode=101079236&cate=112752,데스크탑용,DDR5,32GB,4800MHz (PC5-38400),CL40-39-39-77,1.10V,1개,미포함,,31.25mm,온다이ECC,데스크탑용 / DDR5 / 4800MHz (PC5-38400) / 램타이밍: CL40-39-39-77 / 1.10V / 램개수: 1개 / 온다이ECC / 히트싱크: 미포함 / 높이: 31.25mm,2025/11,ok,
2026-10-04T01:48:11+00:00,95423924,BIWIN DDR5-5600 CL46 (16GB),https://prod.danawa.com/info/?pcode=95423924&cate=112752,데스크탑용,DDR5,16GB,5600MHz (PC5-44800),CL46-45-45-89,1.10V,1개,미포함,,31.25mm,온다이ECC,데스크탑용 / DDR5 / 5600MHz (PC5-44800) / 램타이밍: CL46-45-45-89 / 1.10V / 램개수: 1개 / 온다이ECC / 히트싱크: 미포함 / 높이: 31.25mm,2025/08,ok,
2026-10-04T01:48:11+00:00,95423906,BIWIN DDR5-5600 CL46 (32GB),https://prod.danawa.com/info/?pcode=95423906&cate=112752,데스크탑용,DDR5,32GB,5600MHz (PC5-44800),CL46-45-45-89,1.10V,1개,미포함,,31.25mm,온다이ECC,데스크탑용 / DDR5 / 5600MHz (PC5-44800) / 램타이밍: CL46-45-45-89 / 1.10V / 램개수: 1개 / 온다이ECC / 히트싱크: 미포함 / 높이: 31.25mm,2025/08,ok,
2026-10-04T01:48:11+00:00,124180487,BIWIN DDR5-6000 CL26 Origin Code VORTEX RGB 블랙 패키지 (96GB(48Gx2)),https://prod.danawa.com/info/?pcode=124180487&cate=112752,데스크탑용,DDR5,96GB(48Gx2),6000MHz (PC5-48000),CL26-35-35-72,1.45V,2개,방열판,RGB,47.3mm,EXPO,"데스크탑용 / DDR5 / 6000MHz (PC5-48000) / 램타이밍: CL26-35-35-72 / 1.45V / 램개수: 2개 / LED 라이트 / EXPO / 히트싱크: 방열판 / 방열판 색상: 블랙 / LED색상: RGB / LED 시스템: AURA SYNC , MYSTIC LIGHT , RGB FUSION , POLYCHROME / 높이: 47.3mm / 모듈제조사: SK하이닉스",2026/09,ok,
2026-10-04T01:48:11+00:00,124180438,BIWIN DDR5-6000 CL26 Origin Code VORTEX RGB 패키지 (192GB(48Gx4)),https://prod.danawa.com/info/?pcode=124180438&cate=112752,데스크탑용,DDR5,192GB(48Gx4),6000MHz (PC5-48000),CL26-35-35-102,1.45V,4개,방열판,RGB,47.3mm,EXPO,"데스크탑용 / DDR5 / 6000MHz (PC5-48000) / 램타이밍: CL26-35-35-102 / 1.45V / 램개수: 4개 / LED 라이트 / EXPO / 히트싱크: 방열판 / 방열판 색상: 실버 / LED색상: RGB / LED 시스템: AURA SYNC , MYSTIC LIGHT , RGB FUSION , POLYCHROME / 높이: 47.3mm / 모듈제조사: SK하이닉스",2026/09,ok,
2026-10-04T01:48:11+00:00,95424089,BIWIN DDR5-6000 CL28 DW100 RGB 블랙 패키지 (48GB(24Gx2)),https://prod.danawa.com/info/?pcode=95424089&cate=112752,데스크탑용,DDR5,48GB(24Gx2),6000MHz (PC5-48000),CL28-36-36-72,1.40V,2개,방열판,RGB,50.24mm,XMP3.0 / EXPO / 온다이ECC,"데스크탑용 / DDR5 / 6000MHz (PC5-48000) / 램타이밍: CL28-36-36-72 / 1.40V / 램개수: 2개 / LED 라이트 / XMP3.0 / EXPO / 온다이ECC / 히트싱크: 방열판 / 방열판 색상: 블랙 / LED색상: RGB / LED 시스템: AURA SYNC , MYSTIC LIGHT , RGB FUSION , POLYCHROME / 높이: 50.24mm",2025/08,ok,
2026-10-04T01:48:11+00:00,95424116,BIWIN DDR5-6000 CL28 DW100 RGB 화이트 패키지 (48GB(24Gx2)),https://prod.danawa.com/info/?pcode=95424116&cate=112752,데스크탑용,DDR5,48GB(24Gx2),6000MHz (PC5-48000),CL28-36-36-72,1.40V,2개,방열판,RGB,50.24mm,XMP3.0 / EXPO / 온다이ECC,"데스크탑용 / DDR5 / 6000MHz (PC5-48000) / 램타이밍: CL28-36-36-72 / 1.40V / 램개수: 2개 / LED 라이트 / XMP3.0 / EXPO / 온다이ECC / 히트싱크: 방열판 / 방열판 색상: 화이트 / LED색상: RGB / LED 시스템: AURA SYNC , MYSTIC LIGHT , RGB FUSION , POLYCHROME / 높이: 50.24mm",2025/08,ok,
2026-10-04T01:48:11+00:00,123807465,BIWIN 노트북 DDR5-4800 CL40 (16GB),https://prod.danawa.com/info/?pcode=123807465&cate=112752,노트북용,DDR5,16GB,4800MHz (PC5-38400),CL40-39-39-77,1.10V,1개,미포함,,30mm,온다이ECC,노트북용 / DDR5 / 4800MHz (PC5-38400) / 램타이밍: CL40-39-39-77 / 1.10V / 램개수: 1개 / 온다이ECC / 히트싱크: 미포함 / 높이: 30mm,2026/08,ok,
2026-10-04T01:48:11+00:00,13244855,CORSAIR DDR4-3200 CL16 VENGEANCE RGB PRO SL WHITE 패키지 (16GB(8Gx2)),https://prod.danawa.com/info/?pcode=13244855&cate=112752,데스크탑용,DDR4,16GB(8Gx2),3200MHz (PC4-25600),CL16-20-20-38,1.35V,2개,방열판,RGB,,XMP,"데스크탑용 / DDR4 / 3200MHz (PC4-25600) / 램타이밍: CL16-20-20-38 / 1.35V / 램개수: 2개 / LED 라이트 / XMP / 히트싱크: 방열판 / 방열판 색상: 화이트 / LED색상: RGB / LED 시스템: AURA SYNC , MYSTIC LIGHT , RGB FUSION , CORSAIR iCUE",2021/01,ok,
2026-10-04T01:48:11+00:00,16239491,CORSAIR DDR5-5200 CL40 Dominator Platinum RGB 패키지 (64GB(32Gx2)),https://prod.danawa.com/info/?pcode=16239491&cate=112752,데스크탑용,DDR5,64GB(32Gx2),5200MHz (PC5-41600),CL40-40-40-77,1.25V,2개,방열판,RGB,44.8mm,XMP3.0 / 온다이ECC,"데스크탑용 / DDR5 / 5200MHz (PC5-41600) / 램타이밍: CL40-40-40-77 / 1.25V / 램개수: 2개 / LED 라이트 / XMP3.0 / 온다이ECC / 히트싱크: 방열판 / 방열판 색상: 블랙 / LED색상: RGB / LED 시스템: AURA SYNC , MYSTIC LIGHT , RGB FUSION , CORSAIR iCUE / 높이: 44.8mm",2022/01,ok,
2026-10-04T01:48:11+00:00,27788273,CORSAIR DDR5-5600 CL40 VENGEANCE RGB BLACK 패키지 (128GB(32Gx4)),https://prod.danawa.com/info/?pcode=27788273&cate=112752,데스크탑용,DDR5,128GB(32Gx4),5600MHz (PC5-44800),CL40-40-40-77,1.25V,4개,방열판,RGB,56mm,XMP3.0 / 온다이ECC,데스크탑용 / DDR5 / 5600MHz (PC5-44800) / 램타이밍: CL40-40-40-77 / 1.25V / 램개수: 4개 / LED 라이트 / XMP3.0 / 온다이ECC / 히트싱크: 방열판 / 방열판 색상: 블랙 / LED색상: RGB / LED 시스템: CORSAIR iCUE / 높이: 56mm,2023/08,ok,
2026-10-04T01:48:11+00:00,105969257,CORSAIR DDR5-5600 CL48 VENGEANCE SODIMM (16GB),https://prod.danawa.com/info/?pcode=105969257&cate=112752,데스크탑용,DDR5,16GB,5600MHz (PC5-44800),CL48-48-48-90,1.10V,1개,방열판,,30mm,온다이ECC,데스크탑용 / DDR5 / 5600MHz (PC5-44800) / 램타이밍: CL48-48-48-90 / 1.10V / 램개수: 1개 / 온다이ECC / 히트싱크: 방열판 / 방열판 색상: 그레이 / 높이: 30mm,2026/02,ok,
2026-10-04T01:48:11+00:00,124377551,CORSAIR DDR5-6000 CL28 SHUGO 패키지 (32GB(16Gx2)),https://prod.danawa.com/info/?pcode=124377551&cate=112752,데스크탑용,DDR5,32GB(16Gx2),6000MHz (PC5-48000),CL28-36-36-96,1.40V,2개,방열판,RGB,57.3mm,XMP3.0 / EXPO,"데스크탑용 / DDR5 / 6000MHz (PC5-48000) / 램타이밍: CL28-36-36-96 / 1.40V / 램개수: 2개 / LED 라이트 / XMP3.0 / EXPO / 히트싱크: 방열판 / 방열판 색상: 블랙 / LED색상: RGB / LED 시스템: AURA SYNC , MYSTIC LIGHT , RGB FUSION , POLYCHROME / 높이: 57.3mm / LEK 디자인용 모듈 2개 포함",2026/10,ok,
2026-10-04T01:48:11+00:00,72471092,CORSAIR DDR5-6000 CL30 VENGEANCE RGB DP WHITE 패키지 (32GB(16Gx2)),https://prod.danawa.com/info/?pcode=72471092&cate=112752,데스크탑용,DDR5,32GB(16Gx2),6000MHz (PC5-48000),CL30-36-36-76,1.40V,2개,방열판,RGB,45mm,XMP3.0 / EXPO,"데스크탑용 / DDR5 / 6000MHz (PC5-48000) / 램타이밍: CL30-36-36-76 / 1.40V / 램개수: 2개 / LED 라이트 / XMP3.0 / EXPO / 히트싱크: 방열판 / 방열판 색상: 화이트 / LED색상: RGB / LED 시스템: AURA SYNC , MYSTIC LIGHT , RGB FUSION , CORSAIR iCUE / 높이: 45mm",2024/12,ok,
2026-10-04T01:48:11+00:00,27666047,CORSAIR DDR5-6000 CL30 VENGEANCE RGB WHITE 패키지 (32GB(16Gx2)),https://prod.danawa.com/info/?pcode=27666047&cate=112752,데스크탑용,DDR5,32GB(16Gx2),6000MHz (PC5-48000),CL30-36-36-76,1.40V,2개,방열판,RGB,56mm,XMP3.0,"데스크탑용 / DDR5 / 6000MHz (PC5-48000) / 램타이밍: CL30-36-36-76 / 1.40V / 램개수: 2개 / LED 라이트 / XMP3.0 / 히트싱크: 방열판 / 방열판 색상: 화이트 / LED색상: RGB / LED 시스템: AURA SYNC , MYSTIC LIGHT , RGB FUSION , CORSAIR iCUE / 높이: 56mm",2023/08,ok,
2026-10-04T01:48:11+00:00,59829371,CORSAIR DDR5-6000 CL30 VENGEANCE RGB 패키지 (32GB(16Gx2)),https://prod.danawa.com/info/?pcode=59829371&cate=112752,데스크탑용,DDR5,32GB(16Gx2),6000MHz (PC5-48000),CL30-36-36-76,1.40V,2개,방열판,RGB,45mm,XMP3.0 / EXPO,"데스크탑용 / DDR5 / 6000MHz (PC5-48000) / 램타이밍: CL30-36-36-76 / 1.40V / 램개수: 2개 / LED 라이트 / XMP3.0 / EXPO / 히트싱크: 방열판 / 방열판 색상: 블랙 / LED색상: RGB / LED 시스템: AURA SYNC , MYSTIC LIGHT , RGB FUSION , CORSAIR iCUE / 높이: 45mm / 모듈제조사: SK하이닉스",2024/07,ok,
2026-10-04T01:48:11+00:00,59829239,CORSAIR DDR5-6000 CL30 VENGEANCE RGB 패키지 (64GB(32Gx2)),https://prod.danawa.com/info/?pcode=59829239&cate=112752,데스크탑용,DDR5,64GB(32Gx2),6000MHz (PC5-48000),CL30-36-36-76,1.40V,2개,방열판,RGB,56mm,XMP3.0 / EXPO,"데스크탑용 / DDR5 / 6000MHz (PC5-48000) / 램타이밍: CL30-36-36-76 / 1.40V / 램개수: 2개 / LED 라이트 / XMP3.0 / EXPO / 히트싱크: 방열판 / 방열판 색상: 블랙 / LED색상: RGB / LED 시스템: AURA SYNC , MYSTIC LIGHT , RGB FUSION , CORSAIR iCUE / 높이: 56mm",2024/07,ok,
2026-10-04T01:48:11+00:00,59829503,CORSAIR DDR5-6000 CL30 VENGEANCE 패키지 (32GB(16Gx2)),https://prod.danawa.com/info/?pcode=59829503&cate=112752,데스크탑용,DDR5,32GB(16Gx2),6000MHz (PC5-48000),CL30-36-36-76,1.40V,2개,방열판,,35mm,XMP3.0 / EXPO,데스크탑용 / DDR5 / 6000MHz (PC5-48000) / 램타이밍: CL30-36-36-76 / 1.40V / 램개수: 2개 / XMP3.0 / EXPO / 히트싱크: 방열판 / 방열판 색상: 블랙 / 높이: 35mm / 모듈제조사: SK하이닉스,2024/07,ok,
2026-10-04T01:48:11+00:00,59829446,CORSAIR DDR5-6000 CL30 VENGEANCE 패키지 (64GB(32Gx2)),https://prod.danawa.com/info/?pcode=59829446&cate=112752,데스크탑용,DDR5,64GB(32Gx2),6000MHz (PC5-48000),CL30-36-36-76,1.40V,2개,방열판,,35mm,XMP3.0 / EXPO,데스크탑용 / DDR5 / 6000MHz (PC5-48000) / 램타이밍: CL30-36-36-76 / 1.40V / 램개수: 2개 / XMP3.0 / EXPO / 히트싱크: 방열판 / 방열판 색상: 블랙 / 높이: 35mm / 모듈제조사: SK하이닉스,2024/07,ok,
2026-10-04T01:48:11+00:00,106045133,CORSAIR DDR5-6000 CL36 VENGEANCE (16GB),https://prod.danawa.com/info/?pcode=106045133&cate=112752,데스크탑용,DDR5,16GB,6000MHz (PC5-48000),CL36-44-44-96,1.35V,1개,방열판,LED,35mm,XMP3.0 / EXPO / 온다이ECC,"데스크탑용 / DDR5 / 6000MHz (PC5-48000) / 램타이밍: CL36-44-44-96 / 1.35V / 램개수: 1개 / LED 라이트 / XMP3.0 / EXPO / 온다이ECC / 히트싱크: 방열판 / 방열판 색상: 그레이 / LED 시스템: AURA SYNC , MYSTIC LIGHT , RGB FUSION , CORSAIR iCUE / 높이: 35mm",2026/02,ok,
2026-10-04T01:48:11+00:00,106046342,CORSAIR DDR5-6000 CL36 VENGEANCE RGB (16GB),https://prod.danawa.com/info/?pcode=106046342&cate=112752,데스크탑용,DDR5,16GB,6000MHz (PC5-48000),CL36-44-44-96,1.35V,1개,방열판,RGB,35mm,XMP3.0 / EXPO / 온다이ECC,"데스크탑용 / DDR5 / 6000MHz (PC5-48000) / 램타이밍: CL36-44-44-96 / 1.35V / 램개수: 1개 / LED 라이트 / XMP3.0 / EXPO / 온다이ECC / 히트싱크: 방열판 / 방열판 색상: 그레이 / LED색상: RGB / LED 시스템: AURA SYNC , MYSTIC LIGHT , RGB FUSION , CORSAIR iCUE / 높이: 35mm",2026/02,ok,
2026-10-04T01:48:11+00:00,17544278,CORSAIR DDR5-6000 CL36 VENGEANCE RGB BLACK 패키지 (32GB(16Gx2)),https://prod.danawa.com/info/?pcode=17544278&cate=112752,데스크탑용,DDR5,32GB(16Gx2),6000MHz (PC5-48000),CL36-44-44-96,1.35V,2개,방열판,RGB,45mm,XMP3.0 / EXPO / 온다이ECC,"데스크탑용 / DDR5 / 6000MHz (PC5-48000) / 램타이밍: CL36-44-44-96 / 1.35V / 램개수: 2개 / LED 라이트 / XMP3.0 / EXPO / 온다이ECC / 히트싱크: 방열판 / 방열판 색상: 블랙 / LED색상: RGB / LED 시스템: AURA SYNC , MYSTIC LIGHT , RGB FUSION , CORSAIR iCUE / 높이: 45mm",2022/07,ok,
2026-10-04T01:48:11+00:00,105969236,CORSAIR DDR5-6000 CL36 VENGEANCE RGB RS 패키지 (32GB(16Gx2)),https://prod.danawa.com/info/?pcode=105969236&cate=112752,데스크탑용,DDR5,32GB(16Gx2),6000MHz (PC5-48000),CL36-44-44-96,1.35V,2개,방열판,RGB,35mm,XMP3.0 / EXPO / 온다이ECC,"데스크탑용 / DDR5 / 6000MHz (PC5-48000) / 램타이밍: CL36-44-44-96 / 1.35V / 램개수: 2개 / LED 라이트 / XMP3.0 / EXPO / 온다이ECC / 히트싱크: 방열판 / 방열판 색상: 그레이 / LED색상: RGB / LED 시스템: AURA SYNC , MYSTIC LIGHT , RGB FUSION , CORSAIR iCUE / 높이: 35mm",2026/02,ok,
2026-10-04T01:48:11+00:00,105969242,CORSAIR DDR5-6000 CL36 VENGEANCE WHITE 패키지 (32GB(16Gx2)),https://prod.danawa.com/info/?pcode=105969242&cate=112752,데스크탑용,DDR5,32GB(16Gx2),6000MHz (PC5-48000),CL36-44-44-96,1.35V,2개,방열판,LED,35mm,XMP3.0 / EXPO / 온다이ECC,"데스크탑용 / DDR5 / 6000MHz (PC5-48000) / 램타이밍: CL36-44-44-96 / 1.35V / 램개수: 2개 / LED 라이트 / XMP3.0 / EXPO / 온다이ECC / 히트싱크: 방열판 / 방열판 색상: 그레이 / LED 시스템: MYSTIC LIGHT , RGB FUSION , POLYCHROME / 높이: 35mm",2026/02,ok,
2026-10-04T01:48:11+00:00,105969251,CORSAIR DDR5-6000 CL36 VENGEANCE 패키지 (32GB(16Gx2)),https://prod.danawa.com/info/?pcode=105969251&cate=112752,데스크탑용,DDR5,32GB(16Gx2),6000MHz (PC5-48000),CL36-44-44-96,1.35V,2개,방열판,LED,35mm,XMP3.0 / EXPO / 온다이ECC,"데스크탑용 / DDR5 / 6000MHz (PC5-48000) / 램타이밍: CL36-44-44-96 / 1.35V / 램개수: 2개 / LED 라이트 / XMP3.0 / EXPO / 온다이ECC / 히트싱크: 방열판 / 방열판 색상: 그레이 / LED 시스템: AURA SYNC , MYSTIC LIGHT , RGB FUSION , CORSAIR iCUE / 높이: 35mm",2026/02,ok,
2026-10-04T01:48:11+00:00,124377550,CORSAIR DDR5-6000 CL40 VENGEANCE 패키지 (64GB(32Gx2)),https://prod.danawa.com/info/?pcode=124377550&cate=112752,데스크탑용,DDR5,64GB(32Gx2),6000MHz (PC5-48000),CL40-50-50-96,1.35V,2개,방열판,,35mm,XMP3.0 / EXPO / 온다이ECC,데스크탑용 / DDR5 / 6000MHz (PC5-48000) / 램타이밍: CL40-50-50-96 / 1.35V / 램개수: 2개 / XMP3.0 / EXPO / 온다이ECC / 히트싱크: 방열판 / 방열판 색상: 그레이 / 높이: 35mm,2026/10,ok,
2026-10-04T01:48:11+00:00,100692866,CORSAIR DDR5-6400 CL32 VENGEANCE BLACK 패키지 (64GB(32Gx2)),https://prod.danawa.com/info/?pcode=100692866&cate=112752,데스크탑용,DDR5,64GB(32Gx2),6400MHz (PC5-51200),CL32-40-40-84,1.40V,2개,방열판,,35mm,XMP3.0 / 온다이ECC,데스크탑용 / DDR5 / 6400MHz (PC5-51200) / 램타이밍: CL32-40-40-84 / 1.40V / 램개수: 2개 / XMP3.0 / 온다이ECC / 히트싱크: 방열판 / 방열판 색상: 블랙 / 높이: 35mm,2025/11,ok,
2026-10-04T01:48:11+00:00,27779540,CORSAIR DDR5-6400 CL32 VENGEANCE RGB BLACK 패키지 (64GB(32Gx2)),https://prod.danawa.com/info/?pcode=27779540&cate=112752,데스크탑용,DDR5,64GB(32Gx2),6400MHz (PC5-51200),CL32-40-40-84,1.40V,2개,방열판,RGB,8mm,XMP3.0,데스크탑용 / DDR5 / 6400MHz (PC5-51200) / 램타이밍: CL32-40-40-84 / 1.40V / 램개수: 2개 / LED 라이트 / XMP3.0 / 히트싱크: 방열판 / 방열판 색상: 블랙 / LED색상: RGB / LED 시스템: CORSAIR iCUE / 높이: 8mm,2023/08,ok,
2026-10-04T01:48:11+00:00,103482146,CORSAIR DDR5-8400 CL40 VENGEANCE RGB BLACK 패키지 (48GB(24Gx2)),https://prod.danawa.com/info/?pcode=103482146&cate=112752,데스크탑용,DDR5,48GB(24Gx2),8400MHz (PC5-67200),CL40-52-52-132,1.40V,2개,방열판,RGB,45mm,XMP3.0,데스크탑용 / DDR5 / 8400MHz (PC5-67200) / 램타이밍: CL40-52-52-132 / 1.40V / 램개수: 2개 / LED 라이트 / XMP3.0 / 클럭드라이버 / 히트싱크: 방열판 / 방열판 색상: 실버/그레이 / LED색상: RGB / LED 시스템: CORSAIR iCUE / 높이: 45mm,2026/01,ok,
2026-10-04T01:48:11+00:00,44178593,CORSAIR 노트북 DDR5-5600 CL48 VENGEANCE (16GB),https://prod.danawa.com/info/?pcode=44178593&cate=112752,노트북용,DDR5,16GB,5600MHz (PC5-44800),CL48-48-48-90,1.10V,1개,미포함,,30mm,XMP3.0 / 온다이ECC,노트북용 / DDR5 / 5600MHz (PC5-44800) / 램타이밍: CL48-48-48-90 / 1.10V / 램개수: 1개 / XMP3.0 / 온다이ECC / 히트싱크: 미포함 / 높이: 30mm,2024/03,ok,
2026-10-04T01:48:11+00:00,1676907,CYNEX DDR3-1600 엠트란 매직 (4GB),https://prod.danawa.com/info/?pcode=1676907&cate=112752,데스크탑용,DDR3,4GB,1600MHz (PC3-12800),CL11,1.50V,1개,방열판,,,,데스크탑용 / DDR3 / 1600MHz (PC3-12800) / 램타이밍: CL11 / 1.50V / 램개수: 1개 / 히트싱크: 방열판 / 방열판 색상: 블루,2012/05,ok,
2026-10-04T01:48:11+00:00,2030384,CYNEX DDR3-1600 엠트란 매직 (8GB),https://prod.danawa.com/info/?pcode=2030384&cate=112752,데스크탑용,DDR3,8GB,1600MHz (PC3-12800),CL11,1.50V,1개,방열판,,,,데스크탑용 / DDR3 / 1600MHz (PC3-12800) / 램타이밍: CL11 / 1.50V / 램개수: 1개 / 히트싱크: 방열판 / 방열판 색상: 블루,2013/05,ok,
2026-10-04T01:48:11+00:00,99746915,DLI MEMORY DDR4-3200 CL22 (16GB),https://prod.danawa.com/info/?pcode=99746915&cate=112752,데스크탑용,DDR4,16GB,3200MHz (PC4-25600),CL22-22-22-52,1.20V,1개,미포함,,,,데스크탑용 / DDR4 / 3200MHz (PC4-25600) / 램타이밍: CL22-22-22-52 / 1.20V / 램개수: 1개 / 히트싱크: 미포함,2025/10,ok,
2026-10-04T01:48:11+00:00,636450,Dreamware DDR2-800 FB For APPLE (1GB),https://prod.danawa.com/info/?pcode=636450&cate=112752,서버용,DDR2,1GB,800MHz (PC2-6400),,,1개,미포함,,,ECC,서버용 / DDR2 / 800MHz (PC2-6400) / 램개수: 1개 / ECC / 히트싱크: 미포함,2008/02,ok,
2026-10-04T01:48:11+00:00,857349,Dreamware DDR3-1066 ECC Mac Pro (2GB),https://prod.danawa.com/info/?pcode=857349&cate=112752,서버용,DDR3,2GB,1066MHz (PC3-8500),,,1개,미포함,,,,서버용 / DDR3 / 1066MHz (PC3-8500) / 램개수: 1개 / 히트싱크: 미포함,2009/03,ok,
2026-10-04T01:48:11+00:00,876470,Dreamware DDR3-1066 ECC Mac Pro (4GB),https://prod.danawa.com/info/?pcode=876470&cate=112752,서버용,DDR3,4GB,1066MHz (PC3-8500),,,1개,방열판,,,,서버용 / DDR3 / 1066MHz (PC3-8500) / 램개수: 1개 / 히트싱크: 방열판 / 방열판 색상: 오렌지,2009/04,ok,
2026-10-04T01:48:11+00:00,1177353,Dreamware DDR3-1333 ECC Mac Pro (2GB),https://prod.danawa.com/info/?pcode=1177353&cate=112752,서버용,DDR3,2GB,1333MHz (PC3-10600),,,1개,미포함,,,ECC,서버용 / DDR3 / 1333MHz (PC3-10600) / 램개수: 1개 / ECC / 히트싱크: 미포함,2010/09,ok,
2026-10-04T01:48:11+00:00,1177359,Dreamware DDR3-1333 ECC Mac Pro (4GB),https://prod.danawa.com/info/?pcode=1177359&cate=112752,서버용,DDR3,4GB,1333MHz (PC3-10600),,,1개,방열판,,,ECC,서버용 / DDR3 / 1333MHz (PC3-10600) / 램개수: 1개 / ECC / 히트싱크: 방열판 / 방열판 색상: 실버/그레이,2010/09,ok,
2026-10-04T01:48:11+00:00,2672598,Dreamware DDR3-1866 ECC Mac Pro (16GB),https://prod.danawa.com/info/?pcode=2672598&cate=112752,서버용,DDR3,16GB,1866MHz (PC3-14900),,,1개,미포함,,,ECC,서버용 / DDR3 / 1866MHz (PC3-14900) / 램개수: 1개 / ECC / 히트싱크: 미포함 / Apple용,2014/06,ok,
2026-10-04T01:48:11+00:00,2671270,Dreamware DDR3-1866 ECC Mac Pro (4GB),https://prod.danawa.com/info/?pcode=2671270&cate=112752,서버용,DDR3,4GB,1866MHz (PC3-14900),,,1개,미포함,,,ECC,서버용 / DDR3 / 1866MHz (PC3-14900) / 램개수: 1개 / ECC / 히트싱크: 미포함 / Apple용,2014/06,ok,
2026-10-04T01:48:11+00:00,2672596,Dreamware DDR3-1866 ECC Mac Pro (8GB),https://prod.danawa.com/info/?pcode=2672596&cate=112752,서버용,DDR3,8GB,1866MHz (PC3-14900),,,1개,미포함,,,ECC,서버용 / DDR3 / 1866MHz (PC3-14900) / 램개수: 1개 / ECC / 히트싱크: 미포함 / Apple용,2014/06,ok,
2026-10-04T01:48:11+00:00,1183663,EKMEMORY DDR3-1333 인디핑크 (4GB),https://prod.danawa.com/info/?pcode=1183663&cate=112752,데스크탑용,DDR3,4GB,1333MHz (PC3-10600),,,1개,방열판,,,,데스크탑용 / DDR3 / 1333MHz (PC3-10600) / 램개수: 1개 / 히트싱크: 방열판 / 방열판 색상: 핑크,2010/09,ok,
2026-10-04T01:48:11+00:00,1741833,EKMEMORY DDR3-1600 (4GB),https://prod.danawa.com/info/?pcode=1741833&cate=112752,데스크탑용,DDR3,4GB,1600MHz (PC3-12800),CL11-11-11,1.50V,1개,미포함,,,,데스크탑용 / DDR3 / 1600MHz (PC3-12800) / 램타이밍: CL11-11-11 / 1.50V / 램개수: 1개 / 히트싱크: 미포함,2012/07,ok,
2026-10-04T01:48:11+00:00,1885748,EKMEMORY DDR3-1600 (8GB),https://prod.danawa.com/info/?pcode=1885748&cate=112752,데스크탑용,DDR3,8GB,1600MHz (PC3-12800),CL11-11-11,1.50V,1개,미포함,,,,데스크탑용 / DDR3 / 1600MHz (PC3-12800) / 램타이밍: CL11-11-11 / 1.50V / 램개수: 1개 / 히트싱크: 미포함,2013/01,ok,
2026-10-04T01:48:11+00:00,4152022,ESSENCORE KLEVV DDR3-1600 CL9 URBANE 패키지 (16GB(8Gx2)),https://prod.danawa.com/info/?pcode=4152022&cate=112752,데스크탑용,DDR3,16GB(8Gx2),1600MHz (PC3-12800),CL9-9-9,1.50V,2개,방열판,,,XMP,데스크탑용 / DDR3 / 1600MHz (PC3-12800) / 램타이밍: CL9-9-9 / 1.50V / 램개수: 2개 / XMP / 히트싱크: 방열판 / 방열판 색상: 실버/그레이,2016/06,ok,
2026-10-04T01:48:11+00:00,4152056,ESSENCORE KLEVV DDR3-1866 CL9 URBANE 패키지 (16GB(8Gx2)),https://prod.danawa.com/info/?pcode=4152056&cate=112752,데스크탑용,DDR3,16GB(8Gx2),1866MHz (PC3-14900),CL9-10-9,1.50V,2개,방열판,,,XMP,데스크탑용 / DDR3 / 1866MHz (PC3-14900) / 램타이밍: CL9-10-9 / 1.50V / 램개수: 2개 / XMP / 히트싱크: 방열판 / 방열판 색상: 실버/그레이,2016/06,ok,
2026-10-04T01:48:11+00:00,3409631,ESSENCORE KLEVV DDR3-2666 CL12 URBANE 패키지 (8GB(4Gx2)),https://prod.danawa.com/info/?pcode=3409631&cate=112752,데스크탑용,DDR3,8GB(4Gx2),2666MHz (PC3-21300),CL12-13-13,1.65V,2개,방열판,,,XMP,데스크탑용 / DDR3 / 2666MHz (PC3-21300) / 램타이밍: CL12-13-13 / 1.65V / 램개수: 2개 / XMP / 히트싱크: 방열판 / 방열판 색상: 블랙,2015/09,ok,
2026-10-04T01:48:11+00:00,9390978,ESSENCORE KLEVV DDR4-2666 CL19 파인인포 (16GB),https://prod.danawa.com/info/?pcode=9390978&cate=112752,데스크탑용,DDR4,16GB,2666MHz (PC4-21300),CL19-19-19-43,1.20V,1개,미포함,,,,데스크탑용 / DDR4 / 2666MHz (PC4-21300) / 램타이밍: CL19-19-19-43 / 1.20V / 램개수: 1개 / 히트싱크: 미포함 / 모듈제조사: SK하이닉스,2019/08,ok,
2026-10-04T01:48:11+00:00,9390900,ESSENCORE KLEVV DDR4-2666 CL19 파인인포 (4GB),https://prod.danawa.com/info/?pcode=9390900&cate=112752,데스크탑용,DDR4,4GB,2666MHz (PC4-21300),CL19-19-19-43,1.20V,1개,미포함,,,,데스크탑용 / DDR4 / 2666MHz (PC4-21300) / 램타이밍: CL19-19-19-43 / 1.20V / 램개수: 1개 / 히트싱크: 미포함 / 모듈제조사: SK하이닉스,2019/08,ok,
2026-10-04T01:48:11+00:00,27867110,ESSENCORE KLEVV DDR4-3200 CL16 BOLT X 서린 (8GB),https://prod.danawa.com/info/?pcode=27867110&cate=112752,데스크탑용,DDR4,8GB,3200MHz (PC4-25600),CL16-18-18-38,1.35V,1개,방열판,,33mm,XMP,데스크탑용 / DDR4 / 3200MHz (PC4-25600) / 램타이밍: CL16-18-18-38 / 1.35V / 램개수: 1개 / XMP / 히트싱크: 방열판 / 방열판 색상: 블랙 / 높이: 33mm / 모듈제조사: SK하이닉스,2023/08,ok,
2026-10-04T01:48:11+00:00,123133867,ESSENCORE KLEVV DDR4-3200 CL22 중고 (32GB),https://prod.danawa.com/info/?pcode=123133867&cate=112752,데스크탑용,DDR4,32GB,3200MHz (PC4-25600),CL22-22-22-51,1.20V,1개,미포함,,,,데스크탑용 / DDR4 / 3200MHz (PC4-25600) / 램타이밍: CL22-22-22-51 / 1.20V / 램개수: 1개 / 히트싱크: 미포함 / 모듈제조사: SK하이닉스,2021/07,ok,
2026-10-04T01:48:11+00:00,123133874,ESSENCORE KLEVV DDR4-3200 CL22 중고 (8GB),https://prod.danawa.com/info/?pcode=123133874&cate=112752,데스크탑용,DDR4,8GB,3200MHz (PC4-25600),CL22-22-22-51,1.20V,1개,미포함,,,,데스크탑용 / DDR4 / 3200MHz (PC4-25600) / 램타이밍: CL22-22-22-51 / 1.20V / 램개수: 1개 / 히트싱크: 미포함 / 모듈제조사: SK하이닉스,2020/07,ok,
2026-10-04T01:48:11+00:00,11787091,ESSENCORE KLEVV DDR4-3200 CL22 파인인포 (16GB),https://prod.danawa.com/info/?pcode=11787091&cate=112752,데스크탑용,DDR4,16GB,3200MHz (PC4-25600),CL22-22-22-51,1.20V,1개,미포함,,,,데스크탑용 / DDR4 / 3200MHz (PC4-25600) / 램타이밍: CL22-22-22-51 / 1.20V / 램개수: 1개 / 히트싱크: 미포함 / 모듈제조사: SK하이닉스,2020/07,ok,
2026-10-04T01:48:11+00:00,14858474,ESSENCORE KLEVV DDR4-3200 CL22 파인인포 (32GB),https://prod.danawa.com/info/?pcode=14858474&cate=112752,데스크탑용,DDR4,32GB,3200MHz (PC4-25600),CL22-22-22-51,1.20V,1개,미포함,,,,데스크탑용 / DDR4 / 3200MHz (PC4-25600) / 램타이밍: CL22-22-22-51 / 1.20V / 램개수: 1개 / 히트싱크: 미포함 / 모듈제조사: SK하이닉스,2021/07,ok,
2026-10-04T01:48:11+00:00,11787049,ESSENCORE KLEVV DDR4-3200 CL22 파인인포 (8GB),https://prod.danawa.com/info/?pcode=11787049&cate=112752,데스크탑용,DDR4,8GB,3200MHz (PC4-25600),CL22-22-22-51,1.20V,1개,미포함,,,,데스크탑용 / DDR4 / 3200MHz (PC4-25600) / 램타이밍: CL22-22-22-51 / 1.20V / 램개수: 1개 / 히트싱크: 미포함 / 모듈제조사: SK하이닉스,2020/07,ok,
2026-10-04T01:48:11+00:00,58107197,ESSENCORE KLEVV DDR5-5600 CL30 FIT V WHITE 서린 (16GB),https://prod.danawa.com/info/?pcode=58107197&cate=112752,데스크탑용,DDR5,16GB,5600MHz (PC5-44800),CL30-36-36-88,1.25V,1개,방열판,,33.21mm,XMP3.0 / EXPO / 온다이ECC,데스크탑용 / DDR5 / 5600MHz (PC5-44800) / 램타이밍: CL30-36-36-88 / 1.25V / 램개수: 1개 / XMP3.0 / EXPO / 온다이ECC / 히트싱크: 방열판 / 방열판 색상: 화이트 / 높이: 33.21mm / 모듈제조사: SK하이닉스 / 코어울트라 미지원,2024/06,ok,
2026-10-04T01:48:11+00:00,92152220,ESSENCORE KLEVV DDR5-5600 CL30 FIT V 서린 (16GB),https://prod.danawa.com/info/?pcode=92152220&cate=112752,데스크탑용,DDR5,16GB,5600MHz (PC5-44800),CL30-36-36-88,1.25V,1개,방열판,,33.21mm,XMP3.0 / EXPO / 온다이ECC,"데스크탑용 / DDR5 / 5600MHz (PC5-44800) / 램타이밍: CL30-36-36-88 / 1.25V / 램개수: 1개 / XMP3.0 / EXPO / 온다이ECC / 히트싱크: 방열판 / 방열판 색상: 블랙 / 높이: 33.21mm / 모듈제조사: SK하이닉스 / 코어울트라 미지원 / 출시가: 154,000원",2025/06,ok,
2026-10-04T01:48:11+00:00,94638185,ESSENCORE KLEVV DDR5-5600 CL46 AMD 파인인포 (16GB),https://prod.danawa.com/info/?pcode=94638185&cate=112752,데스크탑용,DDR5,16GB,5600MHz (PC5-44800),CL46-46-46-90,1.10V,1개,미포함,,31.25mm,온다이ECC,데스크탑용 / DDR5 / 5600MHz (PC5-44800) / 램타이밍: CL46-46-46-90 / 1.10V / 램개수: 1개 / 온다이ECC / 히트싱크: 미포함 / 높이: 31.25mm / 모듈제조사: SK하이닉스 / 코어울트라 미지원,2025/07,ok,
2026-10-04T01:48:11+00:00,94638203,ESSENCORE KLEVV DDR5-5600 CL46 AMD 파인인포 (8GB),https://prod.danawa.com/info/?pcode=94638203&cate=112752,데스크탑용,DDR5,8GB,5600MHz (PC5-44800),CL46-46-46-90,1.10V,1개,미포함,,31.25mm,온다이ECC,데스크탑용 / DDR5 / 5600MHz (PC5-44800) / 램타이밍: CL46-46-46-90 / 1.10V / 램개수: 1개 / 온다이ECC / 히트싱크: 미포함 / 높이: 31.25mm / 모듈제조사: SK하이닉스 / 코어울트라 미지원,2025/07,ok,
2026-10-04T01:48:11+00:00,124167264,ESSENCORE KLEVV DDR5-5600 CL46 NEO 중고 (16GB),https://prod.danawa.com/info/?pcode=124167264&cate=112752,데스크탑용,DDR5,16GB,5600MHz (PC5-44800),CL46-46-46-90,1.10V,1개,미포함,,31.25mm,온다이ECC,데스크탑용 / DDR5 / 5600MHz (PC5-44800) / 램타이밍: CL46-46-46-90 / 1.10V / 램개수: 1개 / 온다이ECC / 히트싱크: 미포함 / 높이: 31.25mm / 모듈제조사: SK하이닉스,2024/11,ok,
2026-10-04T01:48:11+00:00,71216363,ESSENCORE KLEVV DDR5-5600 CL46 NEO 파인인포 (16GB),https://prod.danawa.com/info/?pcode=71216363&cate=112752,데스크탑용,DDR5,16GB,5600MHz (PC5-44800),CL46-46-46-90,1.10V,1개,미포함,,31.25mm,온다이ECC,데스크탑용 / DDR5 / 5600MHz (PC5-44800) / 램타이밍: CL46-46-46-90 / 1.10V / 램개수: 1개 / 온다이ECC / 히트싱크: 미포함 / 높이: 31.25mm / 모듈제조사: SK하이닉스,2024/11,ok,
2026-10-04T01:48:11+00:00,18965774,ESSENCORE KLEVV DDR5-5600 CL46 파인인포 (16GB),https://prod.danawa.com/info/?pcode=18965774&cate=112752,데스크탑용,DDR5,16GB,5600MHz (PC5-44800),CL46-46-46-90,1.10V,1개,미포함,,31.25mm,온다이ECC,데스크탑용 / DDR5 / 5600MHz (PC5-44800) / 램타이밍: CL46-46-46-90 / 1.10V / 램개수: 1개 / 온다이ECC / 히트싱크: 미포함 / 높이: 31.25mm / 모듈제조사: SK하이닉스,2023/02,ok,
2026-10-04T01:48:11+00:00,27913391,ESSENCORE KLEVV DDR5-5600 CL46 파인인포 (32GB),https://prod.danawa.com/info/?pcode=27913391&cate=112752,데스크탑용,DDR5,32GB,5600MHz (PC5-44800),CL46-46-46-90,1.10V,1개,미포함,,31.25mm,온다이ECC,데스크탑용 / DDR5 / 5600MHz (PC5-44800) / 램타이밍: CL46-46-46-90 / 1.10V / 램개수: 1개 / 온다이ECC / 히트싱크: 미포함 / 높이: 31.25mm / 모듈제조사: SK하이닉스,2023/02,ok,
2026-10-04T01:48:11+00:00,91188350,ESSENCORE KLEVV DDR5-6000 CL28 BOLT V WHITE 패키지 서린 (32GB(16Gx2)),https://prod.danawa.com/info/?pcode=91188350&cate=112752,데스크탑용,DDR5,32GB(16Gx2),6000MHz (PC5-48000),CL28-36-36-76,1.40V,2개,방열판,,34mm,XMP3.0 / EXPO / 온다이ECC,데스크탑용 / DDR5 / 6000MHz (PC5-48000) / 램타이밍: CL28-36-36-76 / 1.40V / 램개수: 2개 / XMP3.0 / EXPO / 온다이ECC / 히트싱크: 방열판 / 방열판 색상: 화이트 / 높이: 34mm / 모듈제조사: SK하이닉스,2025/05,ok,
2026-10-04T01:48:11+00:00,91188470,ESSENCORE KLEVV DDR5-6000 CL28 CRAS V RGB WHITE 패키지 서린 (32GB(16Gx2)),https://prod.danawa.com/info/?pcode=91188470&cate=112752,데스크탑용,DDR5,32GB(16Gx2),6000MHz (PC5-48000),CL28-36-36-76,1.40V,2개,방열판,RGB,44mm,XMP3.0 / EXPO / 온다이ECC,"데스크탑용 / DDR5 / 6000MHz (PC5-48000) / 램타이밍: CL28-36-36-76 / 1.40V / 램개수: 2개 / LED 라이트 / XMP3.0 / EXPO / 온다이ECC / 히트싱크: 방열판 / 방열판 색상: 화이트 / LED색상: RGB / LED 시스템: AURA SYNC , MYSTIC LIGHT , RGB FUSION , POLYCHROME / 높이: 44mm / 모듈제조사: SK하이닉스",2025/05,ok,
2026-10-04T01:48:11+00:00,91188443,ESSENCORE KLEVV DDR5-6000 CL28 CRAS V RGB 패키지 서린 (32GB(16Gx2)),https://prod.danawa.com/info/?pcode=91188443&cate=112752,데스크탑용,DDR5,32GB(16Gx2),6000MHz (PC5-48000),CL28-36-36-76,1.40V,2개,방열판,RGB,44mm,XMP3.0 / EXPO / 온다이ECC,"데스크탑용 / DDR5 / 6000MHz (PC5-48000) / 램타이밍: CL28-36-36-76 / 1.40V / 램개수: 2개 / LED 라이트 / XMP3.0 / EXPO / 온다이ECC / 히트싱크: 방열판 / 방열판 색상: 블랙 / LED색상: RGB / LED 시스템: AURA SYNC , MYSTIC LIGHT , RGB FUSION , POLYCHROME / 높이: 44mm / 모듈제조사: SK하이닉스",2025/05,ok,
2026-10-04T01:48:11+00:00,123437610,ESSENCORE KLEVV DDR5-6000 CL28 FIT V BLACK AMD 패키지 서린 (32GB(16Gx2)),https://prod.danawa.com/info/?pcode=123437610&cate=112752,데스크탑용,DDR5,32GB(16Gx2),6000MHz (PC5-48000),CL28-36-36-76,1.40V,2개,방열판,,33.21mm,XMP3.0 / EXPO / 온다이ECC,데스크탑용 / DDR5 / 6000MHz (PC5-48000) / 램타이밍: CL28-36-36-76 / 1.40V / 램개수: 2개 / XMP3.0 / EXPO / 온다이ECC / 히트싱크: 방열판 / 방열판 색상: 블랙 / 높이: 33.21mm / 모듈제조사: SK하이닉스 / 코어울트라 미지원,2026/07,ok,
2026-10-04T01:48:11+00:00,123437617,ESSENCORE KLEVV DDR5-6000 CL28 FIT V WHITE AMD 패키지 서린 (32GB(16Gx2)),https://prod.danawa.com/info/?pcode=123437617&cate=112752,데스크탑용,DDR5,32GB(16Gx2),6000MHz (PC5-48000),CL28-36-36-76,1.40V,2개,방열판,,33.21mm,XMP3.0 / EXPO / 온다이ECC,데스크탑용 / DDR5 / 6000MHz (PC5-48000) / 램타이밍: CL28-36-36-76 / 1.40V / 램개수: 2개 / XMP3.0 / EXPO / 온다이ECC / 히트싱크: 방열판 / 방열판 색상: 화이트 / 높이: 33.21mm / 모듈제조사: SK하이닉스 / 코어울트라 미지원,2026/07,ok,
2026-10-04T01:48:11+00:00,100692755,ESSENCORE KLEVV DDR5-6000 CL28 URBANE V RGB 블랙 패키지 서린 (32GB(16Gx2)),https://prod.danawa.com/info/?pcode=100692755&cate=112752,데스크탑용,DDR5,32GB(16Gx2),6000MHz (PC5-48000),CL28-36-36-76,1.40V,2개,방열판,RGB,42.5mm,XMP3.0 / EXPO / 온다이ECC,"데스크탑용 / DDR5 / 6000MHz (PC5-48000) / 램타이밍: CL28-36-36-76 / 1.40V / 램개수: 2개 / LED 라이트 / XMP3.0 / EXPO / 온다이ECC / 히트싱크: 방열판 / 방열판 색상: 블랙 / LED색상: RGB / LED 시스템: AURA SYNC , MYSTIC LIGHT , RGB FUSION , POLYCHROME / 높이: 42.5mm / 모듈제조사: SK하이닉스",2025/11,ok,
2026-10-04T01:48:11+00:00,100692737,ESSENCORE KLEVV DDR5-6000 CL28 URBANE V RGB 화이트 패키지 서린 (32GB(16Gx2)),https://prod.danawa.com/info/?pcode=100692737&cate=112752,데스크탑용,DDR5,32GB(16Gx2),6000MHz (PC5-48000),CL28-36-36-76,1.40V,2개,방열판,RGB,42.5mm,XMP3.0 / EXPO / 온다이ECC,"데스크탑용 / DDR5 / 6000MHz (PC5-48000) / 램타이밍: CL28-36-36-76 / 1.40V / 램개수: 2개 / LED 라이트 / XMP3.0 / EXPO / 온다이ECC / 히트싱크: 방열판 / 방열판 색상: 화이트 / LED색상: RGB / LED 시스템: AURA SYNC , MYSTIC LIGHT , RGB FUSION , POLYCHROME / 높이: 42.5mm / 모듈제조사: SK하이닉스",2025/11,ok,
2026-10-04T01:48:11+00:00,123538748,ESSENCORE KLEVV DDR5-6000 CL30 BOLT V WHITE AMD 패키지 서린 (32GB(16Gx2)),https://prod.danawa.com/info/?pcode=123538748&cate=112752,데스크탑용,DDR5,32GB(16Gx2),6000MHz (PC5-48000),CL30-36-36-76,1.35V,2개,방열판,,34mm,XMP3.0 / EXPO / 온다이ECC,데스크탑용 / DDR5 / 6000MHz (PC5-48000) / 램타이밍: CL30-36-36-76 / 1.35V / 램개수: 2개 / XMP3.0 / EXPO / 온다이ECC / 히트싱크: 방열판 / 방열판 색상: 화이트 / 높이: 34mm / 모듈제조사: SK하이닉스 / 코어울트라 미지원,2026/07,ok,
2026-10-04T01:48:11+00:00,92152256,ESSENCORE KLEVV DDR5-6000 CL30 BOLT V WHITE 패키지 서린 (32GB(16Gx2)),https://prod.danawa.com/info/?pcode=92152256&cate=112752,데스크탑용,DDR5,32GB(16Gx2),6000MHz (PC5-48000),CL30-36-36-76,1.35V,2개,방열판,,34mm,XMP3.0 / EXPO / 온다이ECC,데스크탑용 / DDR5 / 6000MHz (PC5-48000) / 램타이밍: CL30-36-36-76 / 1.35V / 램개수: 2개 / XMP3.0 / EXPO / 온다이ECC / 히트싱크: 방열판 / 방열판 색상: 화이트 / 높이: 34mm / 모듈제조사: SK하이닉스,2025/06,ok,
2026-10-04T01:48:11+00:00,94568981,ESSENCORE KLEVV DDR5-6000 CL30 BOLT V WHITE 패키지 서린 (64GB(32Gx2)),https://prod.danawa.com/info/?pcode=94568981&cate=112752,데스크탑용,DDR5,64GB(32Gx2),6000MHz (PC5-48000),CL30-36-36-76,1.35V,2개,방열판,,34mm,XMP3.0 / EXPO / 온다이ECC,데스크탑용 / DDR5 / 6000MHz (PC5-48000) / 램타이밍: CL30-36-36-76 / 1.35V / 램개수: 2개 / XMP3.0 / EXPO / 온다이ECC / 히트싱크: 방열판 / 방열판 색상: 화이트 / 높이: 34mm / 모듈제조사: SK하이닉스,2025/06,ok,
2026-10-04T01:48:11+00:00,27894470,ESSENCORE KLEVV DDR5-6000 CL30 BOLT V 패키지 서린 (32GB(16Gx2)),https://prod.danawa.com/info/?pcode=27894470&cate=112752,데스크탑용,DDR5,32GB(16Gx2),6000MHz (PC5-48000),CL30-36-36-76,1.35V,2개,방열판,,34mm,XMP3.0 / EXPO / 온다이ECC,데스크탑용 / DDR5 / 6000MHz (PC5-48000) / 램타이밍: CL30-36-36-76 / 1.35V / 램개수: 2개 / XMP3.0 / EXPO / 온다이ECC / 히트싱크: 방열판 / 방열판 색상: 블랙 / 높이: 34mm / 모듈제조사: SK하이닉스,2023/08,ok,
2026-10-04T01:48:11+00:00,94568963,ESSENCORE KLEVV DDR5-6000 CL30 BOLT V 패키지 서린 (64GB(32Gx2)),https://prod.danawa.com/info/?pcode=94568963&cate=112752,데스크탑용,DDR5,64GB(32Gx2),6000MHz (PC5-48000),CL30-36-36-76,1.35V,2개,방열판,,34mm,XMP3.0 / EXPO / 온다이ECC,데스크탑용 / DDR5 / 6000MHz (PC5-48000) / 램타이밍: CL30-36-36-76 / 1.35V / 램개수: 2개 / XMP3.0 / EXPO / 온다이ECC / 히트싱크: 방열판 / 방열판 색상: 블랙 / 높이: 34mm / 모듈제조사: SK하이닉스,2025/07,ok,
2026-10-04T01:48:11+00:00,79010636,ESSENCORE KLEVV DDR5-6000 CL30 CRAS V RGB WHITE AMD 패키지 서린 (32GB(16Gx2)),https://prod.danawa.com/info/?pcode=79010636&cate=112752,데스크탑용,DDR5,32GB(16Gx2),6000MHz (PC5-48000),CL30-36-36-76,1.35V,2개,방열판,RGB,44mm,XMP3.0 / EXPO / 온다이ECC,"데스크탑용 / DDR5 / 6000MHz (PC5-48000) / 램타이밍: CL30-36-36-76 / 1.35V / 램개수: 2개 / LED 라이트 / XMP3.0 / EXPO / 온다이ECC / 히트싱크: 방열판 / 방열판 색상: 화이트 / LED색상: RGB / LED 시스템: AURA SYNC , MYSTIC LIGHT , RGB FUSION , POLYCHROME / 높이: 44mm / 모듈제조사: SK하이닉스 / 코어울트라 미지원",2025/04,ok,
2026-10-04T01:48:11+00:00,32076077,ESSENCORE KLEVV DDR5-6000 CL30 CRAS V RGB WHITE 패키지 서린 (32GB(16Gx2)),https://prod.danawa.com/info/?pcode=32076077&cate=112752,데스크탑용,DDR5,32GB(16Gx2),6000MHz (PC5-48000),CL30-36-36-76,1.35V,2개,방열판,RGB,44mm,XMP3.0 / EXPO / 온다이ECC,"데스크탑용 / DDR5 / 6000MHz (PC5-48000) / 램타이밍: CL30-36-36-76 / 1.35V / 램개수: 2개 / LED 라이트 / XMP3.0 / EXPO / 온다이ECC / 히트싱크: 방열판 / 방열판 색상: 화이트 / LED색상: RGB / LED 시스템: AURA SYNC , MYSTIC LIGHT , RGB FUSION , POLYCHROME / 높이: 44mm / 모듈제조사: SK하이닉스",2024/01,ok,
2026-10-04T01:48:11+00:00,37988975,ESSENCORE KLEVV DDR5-6000 CL30 CRAS V RGB WHITE 패키지 서린 (48GB(24Gx2)),https://prod.danawa.com/info/?pcode=37988975&cate=112752,데스크탑용,DDR5,48GB(24Gx2),6000MHz (PC5-48000),CL30-36-36-76,1.35V,2개,방열판,RGB,44mm,XMP3.0 / EXPO / 온다이ECC,"데스크탑용 / DDR5 / 6000MHz (PC5-48000) / 램타이밍: CL30-36-36-76 / 1.35V / 램개수: 2개 / LED 라이트 / XMP3.0 / EXPO / 온다이ECC / 히트싱크: 방열판 / 방열판 색상: 화이트 / LED색상: RGB / LED 시스템: AURA SYNC , MYSTIC LIGHT , RGB FUSION , POLYCHROME / 높이: 44mm",2024/02,ok,
2026-10-04T01:48:11+00:00,37989017,ESSENCORE KLEVV DDR5-6000 CL30 CRAS V RGB WHITE 패키지 서린 (64GB(32Gx2)),https://prod.danawa.com/info/?pcode=37989017&cate=112752,데스크탑용,DDR5,64GB(32Gx2),6000MHz (PC5-48000),CL30-36-36-76,1.35V,2개,방열판,RGB,44mm,XMP3.0 / EXPO / 온다이ECC,"데스크탑용 / DDR5 / 6000MHz (PC5-48000) / 램타이밍: CL30-36-36-76 / 1.35V / 램개수: 2개 / LED 라이트 / XMP3.0 / EXPO / 온다이ECC / 히트싱크: 방열판 / 방열판 색상: 화이트 / LED색상: RGB / LED 시스템: AURA SYNC , MYSTIC LIGHT , RGB FUSION , POLYCHROME / 높이: 44mm",2024/02,ok,
2026-10-04T01:48:11+00:00,27886268,ESSENCORE KLEVV DDR5-6000 CL30 CRAS V RGB 패키지 서린 (32GB(16Gx2)),https://prod.danawa.com/info/?pcode=27886268&cate=112752,데스크탑용,DDR5,32GB(16Gx2),6000MHz (PC5-48000),CL30-36-36-76,1.35V,2개,방열판,RGB,44mm,XMP3.0 / EXPO / 온다이ECC,"데스크탑용 / DDR5 / 6000MHz (PC5-48000) / 램타이밍: CL30-36-36-76 / 1.35V / 램개수: 2개 / LED 라이트 / XMP3.0 / EXPO / 온다이ECC / 히트싱크: 방열판 / 방열판 색상: 블랙 / LED색상: RGB / LED 시스템: AURA SYNC , MYSTIC LIGHT , RGB FUSION , POLYCHROME / 높이: 44mm / 모듈제조사: SK하이닉스",2023/08,ok,
2026-10-04T01:48:11+00:00,30002609,ESSENCORE KLEVV DDR5-6000 CL30 CRAS V RGB 패키지 서린 (48GB(24Gx2)),https://prod.danawa.com/info/?pcode=30002609&cate=112752,데스크탑용,DDR5,48GB(24Gx2),6000MHz (PC5-48000),CL30-36-36-76,1.35V,2개,방열판,RGB,44mm,XMP3.0 / EXPO / 온다이ECC,"데스크탑용 / DDR5 / 6000MHz (PC5-48000) / 램타이밍: CL30-36-36-76 / 1.35V / 램개수: 2개 / LED 라이트 / XMP3.0 / EXPO / 온다이ECC / 히트싱크: 방열판 / 방열판 색상: 블랙 / LED색상: RGB / LED 시스템: AURA SYNC , MYSTIC LIGHT , RGB FUSION , POLYCHROME / 높이: 44mm / 모듈제조사: SK하이닉스",2023/11,ok,
2026-10-04T01:48:11+00:00,30002663,ESSENCORE KLEVV DDR5-6000 CL30 CRAS V RGB 패키지 서린 (64GB(32Gx2)),https://prod.danawa.com/info/?pcode=30002663&cate=112752,데스크탑용,DDR5,64GB(32Gx2),6000MHz (PC5-48000),CL30-36-36-76,1.35V,2개,방열판,RGB,44mm,XMP3.0 / EXPO / 온다이ECC,"데스크탑용 / DDR5 / 6000MHz (PC5-48000) / 램타이밍: CL30-36-36-76 / 1.35V / 램개수: 2개 / LED 라이트 / XMP3.0 / EXPO / 온다이ECC / 히트싱크: 방열판 / 방열판 색상: 블랙 / LED색상: RGB / LED 시스템: AURA SYNC , MYSTIC LIGHT , RGB FUSION , POLYCHROME / 높이: 44mm / 모듈제조사: SK하이닉스",2023/11,ok,
2026-10-04T01:48:11+00:00,122663226,ESSENCORE KLEVV DDR5-6000 CL30 FIT V AMD 패키지 서린 (16GB(8Gx2)),https://prod.danawa.com/info/?pcode=122663226&cate=112752,데스크탑용,DDR5,16GB(8Gx2),6000MHz (PC5-48000),CL30-36-36-76,1.35V,2개,방열판,,33.21mm,XMP3.0 / EXPO / 온다이ECC,데스크탑용 / DDR5 / 6000MHz (PC5-48000) / 램타이밍: CL30-36-36-76 / 1.35V / 램개수: 2개 / XMP3.0 / EXPO / 온다이ECC / 히트싱크: 방열판 / 방열판 색상: 블랙 / 높이: 33.21mm / 모듈제조사: SK하이닉스 / 코어울트라 미지원,2026/05,ok,
2026-10-04T01:48:11+00:00,122663232,ESSENCORE KLEVV DDR5-6000 CL30 FIT V WHITE AMD 패키지 서린 (16GB(8Gx2)),https://prod.danawa.com/info/?pcode=122663232&cate=112752,데스크탑용,DDR5,16GB(8Gx2),6000MHz (PC5-48000),CL30-36-36-76,1.35V,2개,방열판,,33.21mm,XMP3.0 / EXPO / 온다이ECC,데스크탑용 / DDR5 / 6000MHz (PC5-48000) / 램타이밍: CL30-36-36-76 / 1.35V / 램개수: 2개 / XMP3.0 / EXPO / 온다이ECC / 히트싱크: 방열판 / 방열판 색상: 화이트 / 높이: 33.21mm / 모듈제조사: SK하이닉스 / 코어울트라 미지원,2026/05,ok,
2026-10-04T01:48:11+00:00,91188716,ESSENCORE KLEVV DDR5-6000 CL30 FIT V WHITE 패키지 서린 (32GB(16Gx2)),https://prod.danawa.com/info/?pcode=91188716&cate=112752,데스크탑용,DDR5,32GB(16Gx2),6000MHz (PC5-48000),CL30-36-36-76,1.35V,2개,방열판,,33.21mm,XMP3.0 / EXPO / 온다이ECC,데스크탑용 / DDR5 / 6000MHz (PC5-48000) / 램타이밍: CL30-36-36-76 / 1.35V / 램개수: 2개 / XMP3.0 / EXPO / 온다이ECC / 히트싱크: 방열판 / 방열판 색상: 화이트 / 높이: 33.21mm / 모듈제조사: SK하이닉스 / 코어울트라 미지원,2025/05,ok,
2026-10-04T01:48:11+00:00,91188656,ESSENCORE KLEVV DDR5-6000 CL30 FIT V 패키지 서린 (32GB(16Gx2)),https://prod.danawa.com/info/?pcode=91188656&cate=112752,데스크탑용,DDR5,32GB(16Gx2),6000MHz (PC5-48000),CL30-36-36-76,1.35V,2개,방열판,,33.21mm,XMP3.0 / EXPO / 온다이ECC,"데스크탑용 / DDR5 / 6000MHz (PC5-48000) / 램타이밍: CL30-36-36-76 / 1.35V / 램개수: 2개 / XMP3.0 / EXPO / 온다이ECC / 히트싱크: 방열판 / 방열판 색상: 블랙 / 높이: 33.21mm / 모듈제조사: SK하이닉스 / 코어울트라 미지원 / 출시가: 154,000원",2025/05,ok,
2026-10-04T01:48:11+00:00,100692833,ESSENCORE KLEVV DDR5-6000 CL30 URBANE V RGB 블랙 패키지 서린 (32GB(16Gx2)),https://prod.danawa.com/info/?pcode=100692833&cate=112752,데스크탑용,DDR5,32GB(16Gx2),6000MHz (PC5-48000),CL30-36-36-76,1.35V,2개,방열판,RGB,42.5mm,XMP3.0 / EXPO / 온다이ECC,"데스크탑용 / DDR5 / 6000MHz (PC5-48000) / 램타이밍: CL30-36-36-76 / 1.35V / 램개수: 2개 / LED 라이트 / XMP3.0 / EXPO / 온다이ECC / 히트싱크: 방열판 / 방열판 색상: 블랙 / LED색상: RGB / LED 시스템: AURA SYNC , MYSTIC LIGHT , RGB FUSION , POLYCHROME / 높이: 42.5mm / 모듈제조사: SK하이닉스",2025/11,ok,
2026-10-04T01:48:11+00:00,72587681,ESSENCORE KLEVV DDR5-6000 CL30 URBANE V RGB 패키지 서린 (32GB(16Gx2)),https://prod.danawa.com/info/?pcode=72587681&cate=112752,데스크탑용,DDR5,32GB(16Gx2),6000MHz (PC5-48000),CL30-36-36-76,1.35V,2개,방열판,RGB,42.5mm,XMP3.0 / EXPO / 온다이ECC,"데스크탑용 / DDR5 / 6000MHz (PC5-48000) / 램타이밍: CL30-36-36-76 / 1.35V / 램개수: 2개 / LED 라이트 / XMP3.0 / EXPO / 온다이ECC / 히트싱크: 방열판 / 방열판 색상: 화이트 / LED색상: RGB / LED 시스템: AURA SYNC , MYSTIC LIGHT , RGB FUSION , POLYCHROME / 높이: 42.5mm / 모듈제조사: SK하이닉스",2024/12,ok,
2026-10-04T01:48:11+00:00,78849281,ESSENCORE KLEVV DDR5-6000 CL30 URBANE V RGB 패키지 서린 (48GB(24Gx2)),https://prod.danawa.com/info/?pcode=78849281&cate=112752,데스크탑용,DDR5,48GB(24Gx2),6000MHz (PC5-48000),CL30-36-36-76,1.35V,2개,방열판,RGB,42.5mm,XMP3.0 / EXPO / 온다이ECC,"데스크탑용 / DDR5 / 6000MHz (PC5-48000) / 램타이밍: CL30-36-36-76 / 1.35V / 램개수: 2개 / LED 라이트 / XMP3.0 / EXPO / 온다이ECC / 히트싱크: 방열판 / 방열판 색상: 화이트 / LED색상: RGB / LED 시스템: AURA SYNC , MYSTIC LIGHT , RGB FUSION , POLYCHROME / 높이: 42.5mm / 모듈제조사: SK하이닉스",2025/03,ok,
2026-10-04T01:48:11+00:00,93805103,ESSENCORE KLEVV DDR5-6400 CL30 BOLT V WHITE 패키지 서린 (32GB(16Gx2)),https://prod.danawa.com/info/?pcode=93805103&cate=112752,데스크탑용,DDR5,32GB(16Gx2),6400MHz (PC5-51200),CL30-38-38-78,1.40V,2개,방열판,,34mm,XMP3.0 / EXPO / 온다이ECC,데스크탑용 / DDR5 / 6400MHz (PC5-51200) / 램타이밍: CL30-38-38-78 / 1.40V / 램개수: 2개 / XMP3.0 / EXPO / 온다이ECC / 히트싱크: 방열판 / 방열판 색상: 화이트 / 높이: 34mm / 모듈제조사: SK하이닉스 / 25년 8월부로 전압 1.35V→1.4V 변경,2025/07,ok,
2026-10-04T01:48:11+00:00,93805016,ESSENCORE KLEVV DDR5-6400 CL30 BOLT V 패키지 서린 (32GB(16Gx2)),https://prod.danawa.com/info/?pcode=93805016&cate=112752,데스크탑용,DDR5,32GB(16Gx2),6400MHz (PC5-51200),CL30-38-38-78,1.40V,2개,방열판,,34mm,XMP3.0 / EXPO / 온다이ECC,데스크탑용 / DDR5 / 6400MHz (PC5-51200) / 램타이밍: CL30-38-38-78 / 1.40V / 램개수: 2개 / XMP3.0 / EXPO / 온다이ECC / 히트싱크: 방열판 / 방열판 색상: 블랙 / 높이: 34mm / 모듈제조사: SK하이닉스 / 25년 8월부로 전압 1.35V→1.4V 변경,2025/07,ok,
2026-10-04T01:48:11+00:00,123538770,ESSENCORE KLEVV DDR5-6400 CL32 BOLT V WHITE AMD 패키지 서린 (32GB(16Gx2)),https://prod.danawa.com/info/?pcode=123538770&cate=112752,데스크탑용,DDR5,32GB(16Gx2),6400MHz (PC5-51200),CL32-38-38-78,1.35V,2개,방열판,,34mm,XMP3.0 / 온다이ECC,데스크탑용 / DDR5 / 6400MHz (PC5-51200) / 램타이밍: CL32-38-38-78 / 1.35V / 램개수: 2개 / XMP3.0 / 온다이ECC / 히트싱크: 방열판 / 방열판 색상: 화이트 / 높이: 34mm / 모듈제조사: SK하이닉스 / 코어울트라 미지원,2026/07,ok,
2026-10-04T01:48:11+00:00,79017092,ESSENCORE KLEVV DDR5-6400 CL32 CRAS V RGB WHITE AMD 패키지 서린 (32GB(16Gx2)),https://prod.danawa.com/info/?pcode=79017092&cate=112752,데스크탑용,DDR5,32GB(16Gx2),6400MHz (PC5-51200),CL32-38-38-78,1.35V,2개,방열판,RGB,44mm,XMP3.0 / 온다이ECC,"데스크탑용 / DDR5 / 6400MHz (PC5-51200) / 램타이밍: CL32-38-38-78 / 1.35V / 램개수: 2개 / LED 라이트 / XMP3.0 / 온다이ECC / 히트싱크: 방열판 / 방열판 색상: 화이트 / LED색상: RGB / LED 시스템: AURA SYNC , MYSTIC LIGHT , RGB FUSION , POLYCHROME / 높이: 44mm / 코어울트라 미지원",2025/04,ok,
2026-10-04T01:48:11+00:00,32075993,ESSENCORE KLEVV DDR5-6400 CL32 CRAS V RGB WHITE 패키지 서린 (32GB(16Gx2)),https://prod.danawa.com/info/?pcode=32075993&cate=112752,데스크탑용,DDR5,32GB(16Gx2),6400MHz (PC5-51200),CL32-38-38-78,1.35V,2개,방열판,RGB,44mm,XMP3.0 / 온다이ECC,"데스크탑용 / DDR5 / 6400MHz (PC5-51200) / 램타이밍: CL32-38-38-78 / 1.35V / 램개수: 2개 / LED 라이트 / XMP3.0 / 온다이ECC / 히트싱크: 방열판 / 방열판 색상: 화이트 / LED색상: RGB / LED 시스템: AURA SYNC , MYSTIC LIGHT , RGB FUSION , POLYCHROME / 높이: 44mm",2024/01,ok,
2026-10-04T01:48:11+00:00,37989107,ESSENCORE KLEVV DDR5-6400 CL32 CRAS V RGB WHITE 패키지 서린 (48GB(24Gx2)),https://prod.danawa.com/info/?pcode=37989107&cate=112752,데스크탑용,DDR5,48GB(24Gx2),6400MHz (PC5-51200),CL32-38-38-78,1.35V,2개,방열판,RGB,44mm,XMP3.0 / 온다이ECC,"데스크탑용 / DDR5 / 6400MHz (PC5-51200) / 램타이밍: CL32-38-38-78 / 1.35V / 램개수: 2개 / LED 라이트 / XMP3.0 / 온다이ECC / 히트싱크: 방열판 / 방열판 색상: 화이트 / LED색상: RGB / LED 시스템: AURA SYNC , MYSTIC LIGHT , RGB FUSION , POLYCHROME / 높이: 44mm",2024/02,ok,
2026-10-04T01:48:11+00:00,37989125,ESSENCORE KLEVV DDR5-6400 CL32 CRAS V RGB WHITE 패키지 서린 (64GB(32Gx2)),https://prod.danawa.com/info/?pcode=37989125&cate=112752,데스크탑용,DDR5,64GB(32Gx2),6400MHz (PC5-51200),CL32-38-38-78,1.35V,2개,방열판,RGB,44mm,XMP3.0 / 온다이ECC,"데스크탑용 / DDR5 / 6400MHz (PC5-51200) / 램타이밍: CL32-38-38-78 / 1.35V / 램개수: 2개 / LED 라이트 / XMP3.0 / 온다이ECC / 히트싱크: 방열판 / 방열판 색상: 화이트 / LED색상: RGB / LED 시스템: AURA SYNC , MYSTIC LIGHT , RGB FUSION , POLYCHROME / 높이: 44mm",2024/02,ok,
2026-10-04T01:48:11+00:00,27886454,ESSENCORE KLEVV DDR5-6400 CL32 CRAS V RGB 패키지 서린 (32GB(16Gx2)),https://prod.danawa.com/info/?pcode=27886454&cate=112752,데스크탑용,DDR5,32GB(16Gx2),6400MHz (PC5-51200),CL32-38-38-78,1.35V,2개,방열판,RGB,44mm,XMP3.0 / 온다이ECC,"데스크탑용 / DDR5 / 6400MHz (PC5-51200) / 램타이밍: CL32-38-38-78 / 1.35V / 램개수: 2개 / LED 라이트 / XMP3.0 / 온다이ECC / 히트싱크: 방열판 / 방열판 색상: 블랙 / LED색상: RGB / LED 시스템: AURA SYNC , MYSTIC LIGHT , RGB FUSION , POLYCHROME / 높이: 44mm / 모듈제조사: SK하이닉스",2023/08,ok,
2026-10-04T01:48:11+00:00,30002834,ESSENCORE KLEVV DDR5-6400 CL32 CRAS V RGB 패키지 서린 (48GB(24Gx2)),https://prod.danawa.com/info/?pcode=30002834&cate=112752,데스크탑용,DDR5,48GB(24Gx2),6400MHz (PC5-51200),CL32-38-38-78,1.35V,2개,방열판,RGB,44mm,XMP3.0 / 온다이ECC,"데스크탑용 / DDR5 / 6400MHz (PC5-51200) / 램타이밍: CL32-38-38-78 / 1.35V / 램개수: 2개 / LED 라이트 / XMP3.0 / 온다이ECC / 히트싱크: 방열판 / 방열판 색상: 블랙 / LED색상: RGB / LED 시스템: AURA SYNC , MYSTIC LIGHT , RGB FUSION , POLYCHROME / 높이: 44mm / 모듈제조사: SK하이닉스",2023/11,ok,
2026-10-04T01:48:11+00:00,72587687,ESSENCORE KLEVV DDR5-6400 CL32 URBANE V RGB 패키지 서린 (32GB(16Gx2)),https://prod.danawa.com/info/?pcode=72587687&cate=112752,데스크탑용,DDR5,32GB(16Gx2),6400MHz (PC5-51200),CL32-38-38-78,1.35V,2개,방열판,RGB,42.5mm,XMP3.0 / EXPO / 온다이ECC,"데스크탑용 / DDR5 / 6400MHz (PC5-51200) / 램타이밍: CL32-38-38-78 / 1.35V / 램개수: 2개 / LED 라이트 / XMP3.0 / EXPO / 온다이ECC / 히트싱크: 방열판 / 방열판 색상: 화이트 / LED색상: RGB / LED 시스템: AURA SYNC , MYSTIC LIGHT , RGB FUSION , POLYCHROME / 높이: 42.5mm / 모듈제조사: SK하이닉스",2024/12,ok,
2026-10-04T01:48:11+00:00,78849305,ESSENCORE KLEVV DDR5-6400 CL32 URBANE V RGB 패키지 서린 (48GB(24Gx2)),https://prod.danawa.com/info/?pcode=78849305&cate=112752,데스크탑용,DDR5,48GB(24Gx2),6400MHz (PC5-51200),CL32-38-38-78,1.35V,2개,방열판,RGB,42.5mm,XMP3.0 / EXPO / 온다이ECC,"데스크탑용 / DDR5 / 6400MHz (PC5-51200) / 램타이밍: CL32-38-38-78 / 1.35V / 램개수: 2개 / LED 라이트 / XMP3.0 / EXPO / 온다이ECC / 히트싱크: 방열판 / 방열판 색상: 화이트 / LED색상: RGB / LED 시스템: AURA SYNC , MYSTIC LIGHT , RGB FUSION , POLYCHROME / 높이: 42.5mm / 모듈제조사: SK하이닉스",2025/03,ok,
2026-10-04T01:48:11+00:00,74340050,ESSENCORE KLEVV DDR5-6400 CL52 CUDIMM 파인인포 (16GB),https://prod.danawa.com/info/?pcode=74340050&cate=112752,데스크탑용,DDR5,16GB,6400MHz (PC5-51200),CL52-52-52-103,1.10V,1개,미포함,LED,31.25mm,,데스크탑용 / DDR5 / 6400MHz (PC5-51200) / 램타이밍: CL52-52-52-103 / 1.10V / 램개수: 1개 / LED 라이트 / 클럭드라이버 / 히트싱크: 미포함 / 높이: 31.25mm / 모듈제조사: SK하이닉스 / A다이 언락,2025/01,ok,
2026-10-04T01:48:11+00:00,64376690,ESSENCORE KLEVV DDR5-7200 CL34 CRAS V RGB ROG 패키지 서린 (32GB(16Gx2)),https://prod.danawa.com/info/?pcode=64376690&cate=112752,데스크탑용,DDR5,32GB(16Gx2),7200MHz (PC5-57600),CL34-44-44-84,1.40V,2개,방열판,RGB,44mm,XMP3.0 / EXPO / 온다이ECC,"데스크탑용 / DDR5 / 7200MHz (PC5-57600) / 램타이밍: CL34-44-44-84 / 1.40V / 램개수: 2개 / LED 라이트 / XMP3.0 / EXPO / 온다이ECC / 히트싱크: 방열판 / 방열판 색상: 실버/그레이 / LED색상: RGB / LED 시스템: AURA SYNC , MYSTIC LIGHT , RGB FUSION , POLYCHROME / 높이: 44mm",2024/08,ok,
2026-10-04T01:48:11+00:00,37989197,ESSENCORE KLEVV DDR5-7200 CL34 CRAS V RGB White 패키지 서린 (32GB(16Gx2)),https://prod.danawa.com/info/?pcode=37989197&cate=112752,데스크탑용,DDR5,32GB(16Gx2),7200MHz (PC5-57600),CL34-44-44-84,1.40V,2개,방열판,RGB,44mm,XMP3.0 / 온다이ECC,"데스크탑용 / DDR5 / 7200MHz (PC5-57600) / 램타이밍: CL34-44-44-84 / 1.40V / 램개수: 2개 / LED 라이트 / XMP3.0 / 온다이ECC / 히트싱크: 방열판 / 방열판 색상: 화이트 / LED색상: RGB / LED 시스템: AURA SYNC , MYSTIC LIGHT , RGB FUSION , POLYCHROME / 높이: 44mm",2024/02,ok,
2026-10-04T01:48:11+00:00,37989224,ESSENCORE KLEVV DDR5-7200 CL34 CRAS V RGB White 패키지 서린 (48GB(24Gx2)),https://prod.danawa.com/info/?pcode=37989224&cate=112752,데스크탑용,DDR5,48GB(24Gx2),7200MHz (PC5-57600),CL34-44-44-84,1.40V,2개,방열판,RGB,44mm,XMP3.0 / 온다이ECC,"데스크탑용 / DDR5 / 7200MHz (PC5-57600) / 램타이밍: CL34-44-44-84 / 1.40V / 램개수: 2개 / LED 라이트 / XMP3.0 / 온다이ECC / 히트싱크: 방열판 / 방열판 색상: 화이트 / LED색상: RGB / LED 시스템: AURA SYNC , MYSTIC LIGHT , RGB FUSION , POLYCHROME / 높이: 44mm",2024/02,ok,
2026-10-04T01:48:11+00:00,27886676,ESSENCORE KLEVV DDR5-7200 CL34 CRAS V RGB 패키지 서린 (32GB(16Gx2)),https://prod.danawa.com/info/?pcode=27886676&cate=112752,데스크탑용,DDR5,32GB(16Gx2),7200MHz (PC5-57600),CL34-44-44-84,1.40V,2개,방열판,RGB,44mm,XMP3.0 / 온다이ECC,"데스크탑용 / DDR5 / 7200MHz (PC5-57600) / 램타이밍: CL34-44-44-84 / 1.40V / 램개수: 2개 / LED 라이트 / XMP3.0 / 온다이ECC / 히트싱크: 방열판 / 방열판 색상: 블랙 / LED색상: RGB / LED 시스템: AURA SYNC , MYSTIC LIGHT , RGB FUSION , POLYCHROME / 높이: 44mm / 모듈제조사: SK하이닉스",2023/08,ok,
2026-10-04T01:48:11+00:00,19240181,ESSENCORE KLEVV 노트북 DDR4-2666 CL19 중고 (4GB),https://prod.danawa.com/info/?pcode=19240181&cate=112752,노트북용,DDR4,4GB,2666MHz (PC4-21300),CL19-19-19-43,1.20V,1개,미포함,,,,노트북용 / DDR4 / 2666MHz (PC4-21300) / 램타이밍: CL19-19-19-43 / 1.20V / 램개수: 1개 / 히트싱크: 미포함,2019/08,ok,
2026-10-04T01:48:11+00:00,11787178,ESSENCORE KLEVV 노트북 DDR4-3200 CL22 파인인포 (16GB),https://prod.danawa.com/info/?pcode=11787178&cate=112752,노트북용,DDR4,16GB,3200MHz (PC4-25600),CL22-22-22-51,1.20V,1개,미포함,,,,노트북용 / DDR4 / 3200MHz (PC4-25600) / 램타이밍: CL22-22-22-51 / 1.20V / 램개수: 1개 / 히트싱크: 미포함,2020/07,ok,
2026-10-04T01:48:11+00:00,14205968,ESSENCORE KLEVV 노트북 DDR4-3200 CL22 파인인포 (32GB),https://prod.danawa.com/info/?pcode=14205968&cate=112752,노트북용,DDR4,32GB,3200MHz (PC4-25600),CL22-22-22-51,1.20V,1개,미포함,,,,노트북용 / DDR4 / 3200MHz (PC4-25600) / 램타이밍: CL22-22-22-51 / 1.20V / 램개수: 1개 / 히트싱크: 미포함 / 모듈제조사: SK하이닉스,2021/05,ok,
2026-10-04T01:48:11+00:00,11787154,ESSENCORE KLEVV 노트북 DDR4-3200 CL22 파인인포 (8GB),https://prod.danawa.com/info/?pcode=11787154&cate=112752,노트북용,DDR4,8GB,3200MHz (PC4-25600),CL22-22-22-51,1.20V,1개,미포함,,,,노트북용 / DDR4 / 3200MHz (PC4-25600) / 램타이밍: CL22-22-22-51 / 1.20V / 램개수: 1개 / 히트싱크: 미포함,2020/07,ok,
2026-10-04T01:48:11+00:00,28208825,ESSENCORE KLEVV 노트북 DDR5-5600 CL46 파인인포 (16GB),https://prod.danawa.com/info/?pcode=28208825&cate=112752,노트북용,DDR5,16GB,5600MHz (PC5-44800),CL46-46-46-90,1.10V,1개,미포함,,30mm,온다이ECC,노트북용 / DDR5 / 5600MHz (PC5-44800) / 램타이밍: CL46-46-46-90 / 1.10V / 램개수: 1개 / 온다이ECC / 히트싱크: 미포함 / 높이: 30mm / 모듈제조사: SK하이닉스,2023/09,ok,
2026-10-04T01:48:11+00:00,70003763,ESSENCORE KLEVV 노트북 DDR5-5600 CL46 파인인포 (32GB),https://prod.danawa.com/info/?pcode=70003763&cate=112752,노트북용,DDR5,32GB,5600MHz (PC5-44800),CL46-46-46-90,1.10V,1개,미포함,,30mm,온다이ECC,노트북용 / DDR5 / 5600MHz (PC5-44800) / 램타이밍: CL46-46-46-90 / 1.10V / 램개수: 1개 / 온다이ECC / 히트싱크: 미포함 / 높이: 30mm / 모듈제조사: SK하이닉스,2024/10,ok,
2026-10-04T01:48:11+00:00,124129284,FASTRO DDR4-3200 (16GB),https://prod.danawa.com/info/?pcode=124129284&cate=112752,데스크탑용,DDR4,16GB,3200MHz (PC4-25600),CL22-22-22,1.20V,1개,미포함,,31.25mm,,데스크탑용 / DDR4 / 3200MHz (PC4-25600) / 램타이밍: CL22-22-22 / 1.20V / 램개수: 1개 / 히트싱크: 미포함 / 높이: 31.25mm,2026/09,ok,
2026-10-04T01:48:11+00:00,124129316,FASTRO DDR5-5600 (16GB),https://prod.danawa.com/info/?pcode=124129316&cate=112752,데스크탑용,DDR5,16GB,5600MHz (PC5-44800),CL46-46-46-90,1.10V,1개,미포함,,31.25mm,온다이ECC,데스크탑용 / DDR5 / 5600MHz (PC5-44800) / 램타이밍: CL46-46-46-90 / 1.10V / 램개수: 1개 / 온다이ECC / 히트싱크: 미포함 / 높이: 31.25mm,2026/09,ok,
2026-10-04T01:48:11+00:00,6540147,G.SKILL DDR4-2666 CL19 AEGIS (16GB),https://prod.danawa.com/info/?pcode=6540147&cate=112752,데스크탑용,DDR4,16GB,2666MHz (PC4-21300),CL19-19-19-43,1.20V,1개,미포함,,,,데스크탑용 / DDR4 / 2666MHz (PC4-21300) / 램타이밍: CL19-19-19-43 / 1.20V / 램개수: 1개 / 히트싱크: 미포함,2018/10,ok,
2026-10-04T01:48:11+00:00,6002268,G.SKILL DDR4-2666 CL19 AEGIS (8GB),https://prod.danawa.com/info/?pcode=6002268&cate=112752,데스크탑용,DDR4,8GB,2666MHz (PC4-21300),CL19-19-19-43,1.20V,1개,미포함,,,,데스크탑용 / DDR4 / 2666MHz (PC4-21300) / 램타이밍: CL19-19-19-43 / 1.20V / 램개수: 1개 / 히트싱크: 미포함,2018/03,ok,
2026-10-04T01:48:11+00:00,4905041,G.SKILL DDR4-3200 CL14 TRIDENT Z RGB 패키지 (16GB(8Gx2)),https://prod.danawa.com/info/?pcode=4905041&cate=112752,데스크탑용,DDR4,16GB(8Gx2),3200MHz (PC4-25600),CL14-14-14-34,1.35V,2개,방열판,RGB,,XMP,"데스크탑용 / DDR4 / 3200MHz (PC4-25600) / 램타이밍: CL14-14-14-34 / 1.35V / 램개수: 2개 / XMP / LED 라이트 / 히트싱크: 방열판 / 방열판 색상: 블랙 / LED색상: RGB / LED 시스템: G.SKILL Lighting , MYSTIC LIGHT , AURA SYNC , RGB FUSION",2017/02,ok,
2026-10-04T01:48:11+00:00,9593742,G.SKILL DDR4-3200 CL16 AEGIS (16GB),https://prod.danawa.com/info/?pcode=9593742&cate=112752,데스크탑용,DDR4,16GB,3200MHz (PC4-25600),CL16-18-18-38,1.35V,1개,미포함,,,XMP,데스크탑용 / DDR4 / 3200MHz (PC4-25600) / 램타이밍: CL16-18-18-38 / 1.35V / 램개수: 1개 / XMP / 히트싱크: 미포함,2019/09,ok,
2026-10-04T01:48:11+00:00,9593730,G.SKILL DDR4-3200 CL16 AEGIS (8GB),https://prod.danawa.com/info/?pcode=9593730&cate=112752,데스크탑용,DDR4,8GB,3200MHz (PC4-25600),CL16-18-18-38,1.35V,1개,미포함,,,XMP,데스크탑용 / DDR4 / 3200MHz (PC4-25600) / 램타이밍: CL16-18-18-38 / 1.35V / 램개수: 1개 / XMP / 히트싱크: 미포함,2019/09,ok,
2026-10-04T01:48:11+00:00,10019382,G.SKILL DDR4-3200 CL16 RIPJAWS V VK 패키지 (64GB(32Gx2)),https://prod.danawa.com/info/?pcode=10019382&cate=112752,데스크탑용,DDR4,64GB(32Gx2),3200MHz (PC4-25600),CL16-18-18-38,1.35V,2개,방열판,,,XMP,데스크탑용 / DDR4 / 3200MHz (PC4-25600) / 램타이밍: CL16-18-18-38 / 1.35V / 램개수: 2개 / XMP / 히트싱크: 방열판 / 방열판 색상: 블랙,2019/11,ok,
2026-10-04T01:48:11+00:00,4905070,G.SKILL DDR4-3200 CL16 TRIDENT Z RGB 패키지 (16GB(8Gx2)),https://prod.danawa.com/info/?pcode=4905070&cate=112752,데스크탑용,DDR4,16GB(8Gx2),3200MHz (PC4-25600),CL16-18-18-38,1.35V,2개,방열판,RGB,,XMP,"데스크탑용 / DDR4 / 3200MHz (PC4-25600) / 램타이밍: CL16-18-18-38 / 1.35V / 램개수: 2개 / XMP / LED 라이트 / 히트싱크: 방열판 / 방열판 색상: 블랙 / LED색상: RGB / LED 시스템: G.SKILL Lighting , MYSTIC LIGHT , RGB FUSION , AURA SYNC",2017/02,ok,
2026-10-04T01:48:11+00:00,3439724,G.SKILL DDR4-3200 CL16 TRIDENT Z 패키지 (16GB(8Gx2)),https://prod.danawa.com/info/?pcode=3439724&cate=112752,데스크탑용,DDR4,16GB(8Gx2),3200MHz (PC4-25600),CL16-18-18-38,1.35V,2개,방열판,,,XMP,데스크탑용 / DDR4 / 3200MHz (PC4-25600) / 램타이밍: CL16-18-18-38 / 1.35V / 램개수: 2개 / XMP / 히트싱크: 방열판 / 방열판 색상: 실버/그레이 / 2016년 10월 부로 이노베이션티뮤 → 서린씨앤아이 로 유통사가 변경되었습니다.,2015/09,ok,
2026-10-04T01:48:11+00:00,3717286,G.SKILL DDR4-3200 CL16 TRIDENT Z 패키지 (32GB(16Gx2)),https://prod.danawa.com/info/?pcode=3717286&cate=112752,데스크탑용,DDR4,32GB(16Gx2),3200MHz (PC4-25600),CL16,1.35V,2개,방열판,,,XMP,데스크탑용 / DDR4 / 3200MHz (PC4-25600) / 램타이밍: CL16 / 1.35V / 램개수: 2개 / XMP / 히트싱크: 방열판 / 방열판 색상: 실버/그레이 / 동작전압 1.35V / 2016년 10월 부로 이노베이션티뮤 → 서린씨앤아이 로 유통사가 변경되었습니다.,2016/01,ok,
2026-10-04T01:48:11+00:00,4589107,G.SKILL DDR4-3200 CL16 TRIDENT ZKW 패키지 (16GB(8Gx2)),https://prod.danawa.com/info/?pcode=4589107&cate=112752,데스크탑용,DDR4,16GB(8Gx2),3200MHz (PC4-25600),CL16-18-18-38,1.35V,2개,방열판,,,XMP,데스크탑용 / DDR4 / 3200MHz (PC4-25600) / 램타이밍: CL16-18-18-38 / 1.35V / 램개수: 2개 / XMP / 히트싱크: 방열판 / 방열판 색상: 블랙,2016/10,ok,
2026-10-04T01:48:11+00:00,9470838,G.SKILL DDR4-3600 CL16 TRIDENT Z NEO C 패키지 (16GB(8Gx2)),https://prod.danawa.com/info/?pcode=9470838&cate=112752,데스크탑용,DDR4,16GB(8Gx2),3600MHz (PC4-28800),CL16-19-19-39,1.35V,2개,방열판,RGB,,XMP,"데스크탑용 / DDR4 / 3600MHz (PC4-28800) / 램타이밍: CL16-19-19-39 / 1.35V / 램개수: 2개 / LED 라이트 / XMP / 히트싱크: 방열판 / 방열판 색상: 블랙 / LED색상: RGB / LED 시스템: MYSTIC LIGHT , RGB FUSION , AURA SYNC , POLYCHROME",2019/09,ok,
2026-10-04T01:48:11+00:00,9480405,G.SKILL DDR4-3600 CL16 TRIDENT Z NEO C 패키지 (32GB(16Gx2)),https://prod.danawa.com/info/?pcode=9480405&cate=112752,데스크탑용,DDR4,32GB(16Gx2),3600MHz (PC4-28800),CL16-19-19-39,1.35V,2개,방열판,RGB,,XMP,"데스크탑용 / DDR4 / 3600MHz (PC4-28800) / 램타이밍: CL16-19-19-39 / 1.35V / 램개수: 2개 / LED 라이트 / XMP / 히트싱크: 방열판 / 방열판 색상: 블랙 / LED색상: RGB / LED 시스템: AURA SYNC , MYSTIC LIGHT , RGB FUSION , POLYCHROME",2019/09,ok,
2026-10-04T01:48:11+00:00,11431059,G.SKILL DDR4-3600 CL18 TRIDENT Z RGB 패키지 (16GB(8Gx2)),https://prod.danawa.com/info/?pcode=11431059&cate=112752,데스크탑용,DDR4,16GB(8Gx2),3600MHz (PC4-28800),CL18-22-22-42,1.35V,2개,방열판,RGB,,XMP,"데스크탑용 / DDR4 / 3600MHz (PC4-28800) / 램타이밍: CL18-22-22-42 / 1.35V / 램개수: 2개 / XMP / LED 라이트 / 히트싱크: 방열판 / 방열판 색상: 블랙 / LED색상: RGB / LED 시스템: RGB FUSION , MYSTIC LIGHT , AURA SYNC , POLYCHROME",2020/05,ok,
2026-10-04T01:48:11+00:00,11431083,G.SKILL DDR4-3600 CL18 TRIDENT Z RGB 패키지 (32GB(16Gx2)),https://prod.danawa.com/info/?pcode=11431083&cate=112752,데스크탑용,DDR4,32GB(16Gx2),3600MHz (PC4-28800),CL18-22-22-42,1.35V,2개,방열판,RGB,,XMP,"데스크탑용 / DDR4 / 3600MHz (PC4-28800) / 램타이밍: CL18-22-22-42 / 1.35V / 램개수: 2개 / LED 라이트 / XMP / 히트싱크: 방열판 / 방열판 색상: 블랙 / LED색상: RGB / LED 시스템: AURA SYNC , MYSTIC LIGHT , RGB FUSION , POLYCHROME",2020/05,ok,
2026-10-04T01:48:11+00:00,18643175,G.SKILL DDR4-3600 CL18 TRIDENT Z RGB 패키지 (해외구매) (16GB(8Gx2)),https://prod.danawa.com/info/?pcode=18643175&cate=112752,데스크탑용,DDR4,16GB(8Gx2),3600MHz (PC4-28800),CL18-22-22-42,1.35V,2개,방열판,RGB,,XMP,"데스크탑용 / DDR4 / 3600MHz (PC4-28800) / 램타이밍: CL18-22-22-42 / 1.35V / 램개수: 2개 / LED 라이트 / XMP / 히트싱크: 방열판 / 방열판 색상: 블랙 / LED색상: RGB / LED 시스템: AURA SYNC , MYSTIC LIGHT , RGB FUSION , POLYCHROME",2020/05,ok,
2026-10-04T01:48:11+00:00,54102935,G.SKILL DDR5-5200 CL40 FLARE X5 J 패키지 (48GB(24Gx2)),https://prod.danawa.com/info/?pcode=54102935&cate=112752,데스크탑용,DDR5,48GB(24Gx2),5200MHz (PC5-41600),CL40-40-40-83,1.10V,2개,방열판,,33mm,EXPO / 온다이ECC,"데스크탑용 / DDR5 / 5200MHz (PC5-41600) / 램타이밍: CL40-40-40-83 / 1.10V / 램개수: 2개 / EXPO / 온다이ECC / 히트싱크: 방열판 / 방열판 색상: 블랙 / 높이: 33mm / 출시가: 189,000원",2024/05,ok,
2026-10-04T01:48:11+00:00,54102995,G.SKILL DDR5-5200 CL40 FLARE X5 J 패키지 (96GB(48Gx2)),https://prod.danawa.com/info/?pcode=54102995&cate=112752,데스크탑용,DDR5,96GB(48Gx2),5200MHz (PC5-41600),CL40-40-40-83,1.10V,2개,방열판,,33mm,EXPO / 온다이ECC,"데스크탑용 / DDR5 / 5200MHz (PC5-41600) / 램타이밍: CL40-40-40-83 / 1.10V / 램개수: 2개 / EXPO / 온다이ECC / 히트싱크: 방열판 / 방열판 색상: 블랙 / 높이: 33mm / 출시가: 354,000원",2024/05,ok,
2026-10-04T01:48:11+00:00,56151461,G.SKILL DDR5-5200 CL40 RIPJAWS M5 RGB 블랙 패키지 (32GB(16Gx2)),https://prod.danawa.com/info/?pcode=56151461&cate=112752,데스크탑용,DDR5,32GB(16Gx2),5200MHz (PC5-41600),CL40-40-40-83,1.10V,2개,,RGB,41mm,XMP3.0 / 온다이ECC,"데스크탑용 / DDR5 / 5200MHz (PC5-41600) / 램타이밍: CL40-40-40-83 / 1.10V / 램개수: 2개 / LED 라이트 / XMP3.0 / 온다이ECC / 방열판 색상: 블랙 / LED색상: RGB / LED 시스템: AURA SYNC , MYSTIC LIGHT , RGB FUSION , POLYCHROME / 높이: 41mm / 출시가: 149,000원",2024/06,ok,
2026-10-04T01:48:11+00:00,56151416,G.SKILL DDR5-5200 CL40 RIPJAWS M5 RGB 블랙 패키지 (64GB(32Gx2)),https://prod.danawa.com/info/?pcode=56151416&cate=112752,데스크탑용,DDR5,64GB(32Gx2),5200MHz (PC5-41600),CL40-40-40-83,1.10V,2개,,RGB,41mm,XMP3.0 / 온다이ECC,"데스크탑용 / DDR5 / 5200MHz (PC5-41600) / 램타이밍: CL40-40-40-83 / 1.10V / 램개수: 2개 / LED 라이트 / XMP3.0 / 온다이ECC / 방열판 색상: 블랙 / LED색상: RGB / LED 시스템: AURA SYNC , MYSTIC LIGHT , RGB FUSION , POLYCHROME / 높이: 41mm / 출시가: 269,000원",2024/06,ok,
2026-10-04T01:48:11+00:00,56151521,G.SKILL DDR5-5200 CL40 RIPJAWS M5 RGB 화이트 패키지 (32GB(16Gx2)),https://prod.danawa.com/info/?pcode=56151521&cate=112752,데스크탑용,DDR5,32GB(16Gx2),5200MHz (PC5-41600),CL40-40-40-83,1.10V,2개,,RGB,41mm,XMP3.0 / 온다이ECC,"데스크탑용 / DDR5 / 5200MHz (PC5-41600) / 램타이밍: CL40-40-40-83 / 1.10V / 램개수: 2개 / LED 라이트 / XMP3.0 / 온다이ECC / 방열판 색상: 화이트 / LED색상: RGB / LED 시스템: AURA SYNC , MYSTIC LIGHT , RGB FUSION , POLYCHROME / 높이: 41mm / 출시가: 149,000원",2024/06,ok,
2026-10-04T01:48:11+00:00,56151509,G.SKILL DDR5-5200 CL40 RIPJAWS M5 RGB 화이트 패키지 (64GB(32Gx2)),https://prod.danawa.com/info/?pcode=56151509&cate=112752,데스크탑용,DDR5,64GB(32Gx2),5200MHz (PC5-41600),CL40-40-40-83,1.10V,2개,,RGB,41mm,XMP3.0 / 온다이ECC,"데스크탑용 / DDR5 / 5200MHz (PC5-41600) / 램타이밍: CL40-40-40-83 / 1.10V / 램개수: 2개 / LED 라이트 / XMP3.0 / 온다이ECC / 방열판 색상: 화이트 / LED색상: RGB / LED 시스템: AURA SYNC , MYSTIC LIGHT , RGB FUSION , POLYCHROME / 높이: 41mm / 출시가: 269,000원",2024/06,ok,
2026-10-04T01:48:11+00:00,54103109,G.SKILL DDR5-5200 CL40 RIPJAWS S5 J 블랙 패키지 (32GB(16Gx2)),https://prod.danawa.com/info/?pcode=54103109&cate=112752,데스크탑용,DDR5,32GB(16Gx2),5200MHz (PC5-41600),CL40-40-40-83,1.10V,2개,방열판,,33mm,XMP3.0 / 온다이ECC,"데스크탑용 / DDR5 / 5200MHz (PC5-41600) / 램타이밍: CL40-40-40-83 / 1.10V / 램개수: 2개 / XMP3.0 / 온다이ECC / 히트싱크: 방열판 / 방열판 색상: 블랙 / 높이: 33mm / 출시가: 144,000원",2024/05,ok,
2026-10-04T01:48:11+00:00,54103163,G.SKILL DDR5-5200 CL40 RIPJAWS S5 J 블랙 패키지 (64GB(32Gx2)),https://prod.danawa.com/info/?pcode=54103163&cate=112752,데스크탑용,DDR5,64GB(32Gx2),5200MHz (PC5-41600),CL40-40-40-83,1.10V,2개,방열판,,33mm,XMP3.0 / 온다이ECC,"데스크탑용 / DDR5 / 5200MHz (PC5-41600) / 램타이밍: CL40-40-40-83 / 1.10V / 램개수: 2개 / XMP3.0 / 온다이ECC / 히트싱크: 방열판 / 방열판 색상: 블랙 / 높이: 33mm / 출시가: 264,000원",2024/05,ok,
2026-10-04T01:48:11+00:00,54103169,G.SKILL DDR5-5200 CL40 RIPJAWS S5 J 블랙 패키지 (96GB(48Gx2)),https://prod.danawa.com/info/?pcode=54103169&cate=112752,데스크탑용,DDR5,96GB(48Gx2),5200MHz (PC5-41600),CL40-40-40-83,1.10V,2개,방열판,,33mm,XMP3.0 / 온다이ECC,"데스크탑용 / DDR5 / 5200MHz (PC5-41600) / 램타이밍: CL40-40-40-83 / 1.10V / 램개수: 2개 / XMP3.0 / 온다이ECC / 히트싱크: 방열판 / 방열판 색상: 블랙 / 높이: 33mm / 출시가: 354,000원",2024/05,ok,
2026-10-04T01:48:11+00:00,54103232,G.SKILL DDR5-5200 CL40 RIPJAWS S5 J 화이트 패키지 (32GB(16Gx2)),https://prod.danawa.com/info/?pcode=54103232&cate=112752,데스크탑용,DDR5,32GB(16Gx2),5200MHz (PC5-41600),CL40-40-40-83,1.10V,2개,방열판,,33mm,XMP3.0 / 온다이ECC,"데스크탑용 / DDR5 / 5200MHz (PC5-41600) / 램타이밍: CL40-40-40-83 / 1.10V / 램개수: 2개 / XMP3.0 / 온다이ECC / 히트싱크: 방열판 / 방열판 색상: 화이트 / 높이: 33mm / 출시가: 144,000원",2024/05,ok,
2026-10-04T01:48:11+00:00,54103175,G.SKILL DDR5-5200 CL40 RIPJAWS S5 J 화이트 패키지 (96GB(48Gx2)),https://prod.danawa.com/info/?pcode=54103175&cate=112752,데스크탑용,DDR5,96GB(48Gx2),5200MHz (PC5-41600),CL40-40-40-83,1.10V,2개,방열판,,33mm,XMP3.0 / 온다이ECC,"데스크탑용 / DDR5 / 5200MHz (PC5-41600) / 램타이밍: CL40-40-40-83 / 1.10V / 램개수: 2개 / XMP3.0 / 온다이ECC / 히트싱크: 방열판 / 방열판 색상: 화이트 / 높이: 33mm / 출시가: 354,000원",2024/05,ok,
2026-10-04T01:48:11+00:00,109682708,G.SKILL DDR5-5600 CL28 G5 ECC/REG 패키지 (128GB(32Gx4)),https://prod.danawa.com/info/?pcode=109682708&cate=112752,서버용,DDR5,128GB(32Gx4),5600MHz (PC5-44800),CL28-34-34-89,1.35V,4개,미포함,,32mm,XMP3.0 / 온다이ECC / ECC,서버용 / DDR5 / 5600MHz (PC5-44800) / 램타이밍: CL28-34-34-89 / 1.35V / 램개수: 4개 / XMP3.0 / 온다이ECC / ECC / REG / 히트싱크: 미포함 / 높이: 32mm,2026/04,ok,
2026-10-04T01:48:11+00:00,109682669,G.SKILL DDR5-5600 CL28 G5 NEO ECC/REG 패키지 (128GB(32Gx4)),https://prod.danawa.com/info/?pcode=109682669&cate=112752,서버용,DDR5,128GB(32Gx4),5600MHz (PC5-44800),CL28-34-34-89,1.35V,4개,미포함,,32mm,EXPO / 온다이ECC / ECC,서버용 / DDR5 / 5600MHz (PC5-44800) / 램타이밍: CL28-34-34-89 / 1.35V / 램개수: 4개 / EXPO / 온다이ECC / ECC / REG / 히트싱크: 미포함 / 높이: 32mm,2026/04,ok,
2026-10-04T01:48:11+00:00,28241219,G.SKILL DDR5-5600 CL36 AEGIS 5 (16GB),https://prod.danawa.com/info/?pcode=28241219&cate=112752,데스크탑용,DDR5,16GB,5600MHz (PC5-44800),CL36-36-36-89,1.20V,1개,미포함,,31mm,XMP / EXPO / 온다이ECC,데스크탑용 / DDR5 / 5600MHz (PC5-44800) / 램타이밍: CL36-36-36-89 / 1.20V / 램개수: 1개 / XMP / EXPO / 온다이ECC / 히트싱크: 미포함 / 높이: 31mm,2023/09,ok,
2026-10-04T01:48:11+00:00,75656471,G.SKILL DDR5-5600 CL36 AEGIS 5 (32GB),https://prod.danawa.com/info/?pcode=75656471&cate=112752,데스크탑용,DDR5,32GB,5600MHz (PC5-44800),CL36-36-36-89,1.25V,1개,미포함,,31mm,XMP3.0 / EXPO / 온다이ECC,데스크탑용 / DDR5 / 5600MHz (PC5-44800) / 램타이밍: CL36-36-36-89 / 1.25V / 램개수: 1개 / XMP3.0 / EXPO / 온다이ECC / 히트싱크: 미포함 / 높이: 31mm,2025/02,ok,
2026-10-04T01:48:11+00:00,102553307,G.SKILL DDR5-5600 CL36 FLARE X5 AMD 블랙 (8GB),https://prod.danawa.com/info/?pcode=102553307&cate=112752,데스크탑용,DDR5,8GB,5600MHz (PC5-44800),CL36-36-36-89,1.20V,1개,방열판,,33mm,EXPO / 온다이ECC,데스크탑용 / DDR5 / 5600MHz (PC5-44800) / 램타이밍: CL36-36-36-89 / 1.20V / 램개수: 1개 / EXPO / 온다이ECC / 히트싱크: 방열판 / 방열판 색상: 블랙 / 높이: 33mm / 코어울트라 미지원,2025/12,ok,
2026-10-04T01:48:11+00:00,56151770,G.SKILL DDR5-5600 CL40 RIPJAWS M5 RGB 화이트 패키지 (96GB(48Gx2)),https://prod.danawa.com/info/?pcode=56151770&cate=112752,데스크탑용,DDR5,96GB(48Gx2),5600MHz (PC5-44800),CL40-40-40-89,1.25V,2개,,RGB,41mm,XMP3.0 / 온다이ECC,"데스크탑용 / DDR5 / 5600MHz (PC5-44800) / 램타이밍: CL40-40-40-89 / 1.25V / 램개수: 2개 / LED 라이트 / XMP3.0 / 온다이ECC / 방열판 색상: 화이트 / LED색상: RGB / LED 시스템: AURA SYNC , MYSTIC LIGHT , RGB FUSION , POLYCHROME / 높이: 41mm / 출시가: 488,000원",2024/06,ok,
2026-10-04T01:48:11+00:00,40551086,G.SKILL DDR5-5600 CL40 RIPJAWS S5 J 블랙 패키지 (96GB(48Gx2)),https://prod.danawa.com/info/?pcode=40551086&cate=112752,데스크탑용,DDR5,96GB(48Gx2),5600MHz (PC5-44800),CL40-40-40-89,1.25V,2개,방열판,,33mm,XMP3.0 / 온다이ECC,데스크탑용 / DDR5 / 5600MHz (PC5-44800) / 램타이밍: CL40-40-40-89 / 1.25V / 램개수: 2개 / XMP3.0 / 온다이ECC / 히트싱크: 방열판 / 방열판 색상: 블랙 / 높이: 33mm,2024/03,ok,
2026-10-04T01:48:11+00:00,122720444,G.SKILL DDR5-5600 CL46 G5 ECC/REG (32GB),https://prod.danawa.com/info/?pcode=122720444&cate=112752,서버용,DDR5,32GB,5600MHz (PC5-44800),CL46-45-45-89,1.10V,1개,,,32mm,온다이ECC / ECC,서버용 / DDR5 / 5600MHz (PC5-44800) / 램타이밍: CL46-45-45-89 / 1.10V / 램개수: 1개 / 온다이ECC / ECC / REG / 높이: 32mm,2026/07,ok,
2026-10-04T01:48:11+00:00,122720466,G.SKILL DDR5-5600 CL46 G5 ECC/REG (48GB),https://prod.danawa.com/info/?pcode=122720466&cate=112752,서버용,DDR5,48GB,5600MHz (PC5-44800),CL46-45-45-89,1.10V,1개,미포함,,32mm,온다이ECC / ECC,서버용 / DDR5 / 5600MHz (PC5-44800) / 램타이밍: CL46-45-45-89 / 1.10V / 램개수: 1개 / 온다이ECC / ECC / REG / 히트싱크: 미포함 / 높이: 32mm,2026/07,ok,
2026-10-04T01:48:11+00:00,122720491,G.SKILL DDR5-5600 CL46 G5 ECC/REG (64GB),https://prod.danawa.com/info/?pcode=122720491&cate=112752,서버용,DDR5,64GB,5600MHz (PC5-44800),CL46-45-45-89,1.10V,1개,미포함,,32mm,온다이ECC / ECC,서버용 / DDR5 / 5600MHz (PC5-44800) / 램타이밍: CL46-45-45-89 / 1.10V / 램개수: 1개 / 온다이ECC / ECC / REG / 히트싱크: 미포함 / 높이: 32mm,2026/07,ok,
2026-10-04T01:48:11+00:00,80151371,G.SKILL DDR5-6000 CL26 TRIDENT Z5 NEO RGB H 화이트 패키지 (32GB(16Gx2)),https://prod.danawa.com/info/?pcode=80151371&cate=112752,데스크탑용,DDR5,32GB(16Gx2),6000MHz (PC5-48000),CL26-36-36-96,1.45V,2개,방열판,RGB,44mm,EXPO / 온다이ECC,"데스크탑용 / DDR5 / 6000MHz (PC5-48000) / 램타이밍: CL26-36-36-96 / 1.45V / 램개수: 2개 / LED 라이트 / EXPO / 온다이ECC / 히트싱크: 방열판 / 방열판 색상: 화이트 / LED색상: RGB / LED 시스템: AURA SYNC , MYSTIC LIGHT , RGB FUSION , POLYCHROME / 높이: 44mm",2025/04,ok,
2026-10-04T01:48:11+00:00,122727537,G.SKILL DDR5-6000 CL26 TRIDENT Z5 NeoX RGB for AMD ULL 글로시블랙 패키지 (32GB(16Gx2)),https://prod.danawa.com/info/?pcode=122727537&cate=112752,데스크탑용,DDR5,32GB(16Gx2),6000MHz (PC5-48000),CL26-36-36-32,1.45V,2개,방열판,RGB,44mm,EXPO / 온다이ECC,"데스크탑용 / DDR5 / 6000MHz (PC5-48000) / 램타이밍: CL26-36-36-32 / 1.45V / 램개수: 2개 / LED 라이트 / EXPO / 온다이ECC / 히트싱크: 방열판 / 방열판 색상: 블랙 / LED색상: RGB / LED 시스템: AURA SYNC , MYSTIC LIGHT , RGB FUSION , POLYCHROME / 높이: 44mm",2026/07,ok,
2026-10-04T01:48:11+00:00,122727539,G.SKILL DDR5-6000 CL26 TRIDENT Z5 NeoX RGB for AMD ULL 매트블랙 패키지 (32GB(16Gx2)),https://prod.danawa.com/info/?pcode=122727539&cate=112752,데스크탑용,DDR5,32GB(16Gx2),6000MHz (PC5-48000),CL26-36-36-32,1.45V,2개,방열판,RGB,44mm,EXPO / 온다이ECC,"데스크탑용 / DDR5 / 6000MHz (PC5-48000) / 램타이밍: CL26-36-36-32 / 1.45V / 램개수: 2개 / LED 라이트 / EXPO / 온다이ECC / 히트싱크: 방열판 / 방열판 색상: 블랙 / LED색상: RGB / LED 시스템: AURA SYNC , MYSTIC LIGHT , RGB FUSION , POLYCHROME / 높이: 44mm",2026/07,ok,
2026-10-04T01:48:11+00:00,122727540,G.SKILL DDR5-6000 CL26 TRIDENT Z5 NeoX RGB for AMD ULL 매트화이트 패키지 (32GB(16Gx2)),https://prod.danawa.com/info/?pcode=122727540&cate=112752,데스크탑용,DDR5,32GB(16Gx2),6000MHz (PC5-48000),CL26-36-36-32,1.45V,2개,방열판,RGB,44mm,EXPO / 온다이ECC,"데스크탑용 / DDR5 / 6000MHz (PC5-48000) / 램타이밍: CL26-36-36-32 / 1.45V / 램개수: 2개 / LED 라이트 / EXPO / 온다이ECC / 히트싱크: 방열판 / 방열판 색상: 화이트 / LED색상: RGB / LED 시스템: AURA SYNC , MYSTIC LIGHT , RGB FUSION , POLYCHROME / 높이: 44mm",2026/07,ok,
2026-10-04T01:48:11+00:00,72913436,G.SKILL DDR5-6000 CL28 FLARE X5 J 패키지 (32GB(16Gx2)),https://prod.danawa.com/info/?pcode=72913436&cate=112752,데스크탑용,DDR5,32GB(16Gx2),6000MHz (PC5-48000),CL28-36-36-96,1.40V,2개,방열판,,33mm,EXPO / 온다이ECC,데스크탑용 / DDR5 / 6000MHz (PC5-48000) / 램타이밍: CL28-36-36-96 / 1.40V / 램개수: 2개 / EXPO / 온다이ECC / 히트싱크: 방열판 / 방열판 색상: 블랙 / 높이: 33mm,2024/12,ok,
2026-10-04T01:48:11+00:00,75656702,G.SKILL DDR5-6000 CL28 FLARE X5 J 패키지 (64GB(32Gx2)),https://prod.danawa.com/info/?pcode=75656702&cate=112752,데스크탑용,DDR5,64GB(32Gx2),6000MHz (PC5-48000),CL28-36-36-96,1.40V,2개,방열판,,33mm,EXPO / 온다이ECC,데스크탑용 / DDR5 / 6000MHz (PC5-48000) / 램타이밍: CL28-36-36-96 / 1.40V / 램개수: 2개 / EXPO / 온다이ECC / 히트싱크: 방열판 / 방열판 색상: 블랙 / 높이: 33mm,2025/02,ok,
2026-10-04T01:48:11+00:00,72913478,G.SKILL DDR5-6000 CL28 FLARE X5 J 화이트 패키지 (32GB(16Gx2)),https://prod.danawa.com/info/?pcode=72913478&cate=112752,데스크탑용,DDR5,32GB(16Gx2),6000MHz (PC5-48000),CL28-36-36-96,1.40V,2개,방열판,,33mm,EXPO / 온다이ECC,데스크탑용 / DDR5 / 6000MHz (PC5-48000) / 램타이밍: CL28-36-36-96 / 1.40V / 램개수: 2개 / EXPO / 온다이ECC / 히트싱크: 방열판 / 방열판 색상: 화이트 / 높이: 33mm,2024/12,ok,
2026-10-04T01:48:11+00:00,75656726,G.SKILL DDR5-6000 CL28 FLARE X5 J 화이트 패키지 (64GB(32Gx2)),https://prod.danawa.com/info/?pcode=75656726&cate=112752,데스크탑용,DDR5,64GB(32Gx2),6000MHz (PC5-48000),CL28-36-36-96,1.40V,2개,방열판,,33mm,EXPO / 온다이ECC,데스크탑용 / DDR5 / 6000MHz (PC5-48000) / 램타이밍: CL28-36-36-96 / 1.40V / 램개수: 2개 / EXPO / 온다이ECC / 히트싱크: 방열판 / 방열판 색상: 화이트 / 높이: 33mm,2025/02,ok,
2026-10-04T01:48:11+00:00,72913520,G.SKILL DDR5-6000 CL28 RIPJAWS M5 NEO RGB 블랙 패키지 (32GB(16Gx2)),https://prod.danawa.com/info/?pcode=72913520&cate=112752,데스크탑용,DDR5,32GB(16Gx2),6000MHz (PC5-48000),CL28-36-36-96,1.40V,2개,,RGB,41mm,EXPO / 온다이ECC,"데스크탑용 / DDR5 / 6000MHz (PC5-48000) / 램타이밍: CL28-36-36-96 / 1.40V / 램개수: 2개 / LED 라이트 / EXPO / 온다이ECC / 방열판 색상: 블랙 / LED색상: RGB / LED 시스템: AURA SYNC , MYSTIC LIGHT , RGB FUSION , POLYCHROME / 높이: 41mm / 출시가: 180,000원",2024/12,ok,
2026-10-04T01:48:11+00:00,75724346,G.SKILL DDR5-6000 CL28 RIPJAWS M5 NEO RGB 블랙 패키지 (64GB(32Gx2)),https://prod.danawa.com/info/?pcode=75724346&cate=112752,데스크탑용,DDR5,64GB(32Gx2),6000MHz (PC5-48000),CL28-36-36-96,1.40V,2개,,RGB,41mm,EXPO / 온다이ECC,"데스크탑용 / DDR5 / 6000MHz (PC5-48000) / 램타이밍: CL28-36-36-96 / 1.40V / 램개수: 2개 / LED 라이트 / EXPO / 온다이ECC / 방열판 색상: 블랙 / LED색상: RGB / LED 시스템: AURA SYNC , MYSTIC LIGHT , RGB FUSION , POLYCHROME / 높이: 41mm / 출시가: 180,000원",2025/02,ok,
2026-10-04T01:48:11+00:00,72913541,G.SKILL DDR5-6000 CL28 RIPJAWS M5 NEO RGB 화이트 패키지 (32GB(16Gx2)),https://prod.danawa.com/info/?pcode=72913541&cate=112752,데스크탑용,DDR5,32GB(16Gx2),6000MHz (PC5-48000),CL28-36-36-96,1.40V,2개,,RGB,41mm,EXPO / 온다이ECC,"데스크탑용 / DDR5 / 6000MHz (PC5-48000) / 램타이밍: CL28-36-36-96 / 1.40V / 램개수: 2개 / LED 라이트 / EXPO / 온다이ECC / 방열판 색상: 화이트 / LED색상: RGB / LED 시스템: AURA SYNC , MYSTIC LIGHT , RGB FUSION , POLYCHROME / 높이: 41mm / 출시가: 180,000원",2024/12,ok,
2026-10-04T01:48:11+00:00,93385487,G.SKILL DDR5-6000 CL28 TRIDENT Z5 NEO RGB J 패키지 (32GB(16Gx2)),https://prod.danawa.com/info/?pcode=93385487&cate=112752,데스크탑용,DDR5,32GB(16Gx2),6000MHz (PC5-48000),CL28-36-36-96,1.40V,2개,방열판,RGB,44mm,EXPO / 온다이ECC,"데스크탑용 / DDR5 / 6000MHz (PC5-48000) / 램타이밍: CL28-36-36-96 / 1.40V / 램개수: 2개 / LED 라이트 / EXPO / 온다이ECC / 히트싱크: 방열판 / 방열판 색상: 블랙 / LED색상: RGB / LED 시스템: AURA SYNC , MYSTIC LIGHT , RGB FUSION , POLYCHROME / 높이: 44mm",2025/07,ok,
2026-10-04T01:48:11+00:00,67980524,G.SKILL DDR5-6000 CL28 TRIDENT Z5 NEO RGB J 화이트 패키지 (32GB(16Gx2)),https://prod.danawa.com/info/?pcode=67980524&cate=112752,데스크탑용,DDR5,32GB(16Gx2),6000MHz (PC5-48000),CL28-36-36-96,1.40V,2개,방열판,RGB,44mm,EXPO / 온다이ECC,"데스크탑용 / DDR5 / 6000MHz (PC5-48000) / 램타이밍: CL28-36-36-96 / 1.40V / 램개수: 2개 / LED 라이트 / EXPO / 온다이ECC / 히트싱크: 방열판 / 방열판 색상: 화이트 / LED색상: RGB / LED 시스템: AURA SYNC , MYSTIC LIGHT , RGB FUSION , POLYCHROME / 높이: 44mm",2024/10,ok,
2026-10-04T01:48:11+00:00,122727531,G.SKILL DDR5-6000 CL28 TRIDENT Z5 NeoX RGB for AMD ULL 글로시블랙 패키지 (32GB(16Gx2)),https://prod.danawa.com/info/?pcode=122727531&cate=112752,데스크탑용,DDR5,32GB(16Gx2),6000MHz (PC5-48000),CL28-36-36-32,1.40V,2개,방열판,RGB,44mm,EXPO / 온다이ECC,"데스크탑용 / DDR5 / 6000MHz (PC5-48000) / 램타이밍: CL28-36-36-32 / 1.40V / 램개수: 2개 / LED 라이트 / EXPO / 온다이ECC / 히트싱크: 방열판 / 방열판 색상: 블랙 / LED색상: RGB / LED 시스템: AURA SYNC , MYSTIC LIGHT , RGB FUSION , POLYCHROME / 높이: 44mm",2026/07,ok,
2026-10-04T01:48:11+00:00,122727533,G.SKILL DDR5-6000 CL28 TRIDENT Z5 NeoX RGB for AMD ULL 매트블랙 패키지 (32GB(16Gx2)),https://prod.danawa.com/info/?pcode=122727533&cate=112752,데스크탑용,DDR5,32GB(16Gx2),6000MHz (PC5-48000),CL28-36-36-32,1.40V,2개,방열판,RGB,44mm,EXPO / 온다이ECC,"데스크탑용 / DDR5 / 6000MHz (PC5-48000) / 램타이밍: CL28-36-36-32 / 1.40V / 램개수: 2개 / LED 라이트 / EXPO / 온다이ECC / 히트싱크: 방열판 / 방열판 색상: 블랙 / LED색상: RGB / LED 시스템: AURA SYNC , MYSTIC LIGHT , RGB FUSION , POLYCHROME / 높이: 44mm",2026/07,ok,
2026-10-04T01:48:11+00:00,122727534,G.SKILL DDR5-6000 CL28 TRIDENT Z5 NeoX RGB for AMD ULL 매트화이트 패키지 (32GB(16Gx2)),https://prod.danawa.com/info/?pcode=122727534&cate=112752,데스크탑용,DDR5,32GB(16Gx2),6000MHz (PC5-48000),CL28-36-36-32,1.40V,2개,방열판,RGB,44mm,EXPO / 온다이ECC,"데스크탑용 / DDR5 / 6000MHz (PC5-48000) / 램타이밍: CL28-36-36-32 / 1.40V / 램개수: 2개 / LED 라이트 / EXPO / 온다이ECC / 히트싱크: 방열판 / 방열판 색상: 화이트 / LED색상: RGB / LED 시스템: AURA SYNC , MYSTIC LIGHT , RGB FUSION , POLYCHROME / 높이: 44mm",2026/07,ok,
2026-10-04T01:48:11+00:00,67847312,G.SKILL DDR5-6000 CL28 TRIDENT Z5 ROYAL NEO 골드 패키지 (32GB(16Gx2)),https://prod.danawa.com/info/?pcode=67847312&cate=112752,데스크탑용,DDR5,32GB(16Gx2),6000MHz (PC5-48000),CL28-36-36-96,1.40V,2개,방열판,RGB,44mm,EXPO / 온다이ECC,"데스크탑용 / DDR5 / 6000MHz (PC5-48000) / 램타이밍: CL28-36-36-96 / 1.40V / 램개수: 2개 / LED 라이트 / EXPO / 온다이ECC / 히트싱크: 방열판 / 방열판 색상: 골드 / LED색상: RGB / LED 시스템: AURA SYNC , MYSTIC LIGHT , RGB FUSION , POLYCHROME / 높이: 44mm / 출시가: 279,000원",2024/09,ok,
2026-10-04T01:48:11+00:00,102553352,G.SKILL DDR5-6000 CL30 FLARE X5 AMD 블랙 (8GB),https://prod.danawa.com/info/?pcode=102553352&cate=112752,데스크탑용,DDR5,8GB,6000MHz (PC5-48000),CL30-38-38-96,1.35V,1개,방열판,,33mm,EXPO / 온다이ECC,데스크탑용 / DDR5 / 6000MHz (PC5-48000) / 램타이밍: CL30-38-38-96 / 1.35V / 램개수: 1개 / EXPO / 온다이ECC / 히트싱크: 방열판 / 방열판 색상: 블랙 / 높이: 33mm / 코어울트라 미지원,2025/12,ok,
2026-10-04T01:48:11+00:00,40022765,G.SKILL DDR5-6000 CL30 FLARE X5 J 패키지 (32GB(16Gx2)),https://prod.danawa.com/info/?pcode=40022765&cate=112752,데스크탑용,DDR5,32GB(16Gx2),6000MHz (PC5-48000),CL30-38-38-96,1.35V,2개,방열판,,33mm,EXPO / 온다이ECC,데스크탑용 / DDR5 / 6000MHz (PC5-48000) / 램타이밍: CL30-38-38-96 / 1.35V / 램개수: 2개 / EXPO / 온다이ECC / 히트싱크: 방열판 / 방열판 색상: 블랙 / 높이: 33mm,2024/03,ok,
2026-10-04T01:48:11+00:00,40022774,G.SKILL DDR5-6000 CL30 FLARE X5 J 패키지 (64GB(32Gx2)),https://prod.danawa.com/info/?pcode=40022774&cate=112752,데스크탑용,DDR5,64GB(32Gx2),6000MHz (PC5-48000),CL30-40-40-96,1.40V,2개,방열판,,33mm,EXPO / 온다이ECC,데스크탑용 / DDR5 / 6000MHz (PC5-48000) / 램타이밍: CL30-40-40-96 / 1.40V / 램개수: 2개 / EXPO / 온다이ECC / 히트싱크: 방열판 / 방열판 색상: 블랙 / 높이: 33mm,2024/03,ok,
2026-10-04T01:48:11+00:00,75656753,G.SKILL DDR5-6000 CL30 FLARE X5 J 패키지 (96GB(48Gx2)),https://prod.danawa.com/info/?pcode=75656753&cate=112752,데스크탑용,DDR5,96GB(48Gx2),6000MHz (PC5-48000),CL30-36-36-96,1.35V,2개,방열판,,33mm,EXPO / 온다이ECC,데스크탑용 / DDR5 / 6000MHz (PC5-48000) / 램타이밍: CL30-36-36-96 / 1.35V / 램개수: 2개 / EXPO / 온다이ECC / 히트싱크: 방열판 / 방열판 색상: 블랙 / 높이: 33mm,2025/02,ok,
2026-10-04T01:48:11+00:00,75656765,G.SKILL DDR5-6000 CL30 FLARE X5 J 화이트 패키지 (96GB(48Gx2)),https://prod.danawa.com/info/?pcode=75656765&cate=112752,데스크탑용,DDR5,96GB(48Gx2),6000MHz (PC5-48000),CL30-36-36-96,1.35V,2개,방열판,,33mm,EXPO / 온다이ECC,데스크탑용 / DDR5 / 6000MHz (PC5-48000) / 램타이밍: CL30-36-36-96 / 1.35V / 램개수: 2개 / EXPO / 온다이ECC / 히트싱크: 방열판 / 방열판 색상: 화이트 / 높이: 33mm,2025/02,ok,
2026-10-04T01:48:11+00:00,75724463,G.SKILL DDR5-6000 CL30 RIPJAWS M5 NEO RGB 블랙 패키지 (32GB(16Gx2)),https://prod.danawa.com/info/?pcode=75724463&cate=112752,데스크탑용,DDR5,32GB(16Gx2),6000MHz (PC5-48000),CL30-38-38-96,1.35V,2개,,RGB,41mm,EXPO / 온다이ECC,"데스크탑용 / DDR5 / 6000MHz (PC5-48000) / 램타이밍: CL30-38-38-96 / 1.35V / 램개수: 2개 / LED 라이트 / EXPO / 온다이ECC / 방열판 색상: 블랙 / LED색상: RGB / LED 시스템: AURA SYNC , MYSTIC LIGHT , RGB FUSION , POLYCHROME / 높이: 41mm / 출시가: 180,000원",2025/02,ok,
2026-10-04T01:48:11+00:00,75724439,G.SKILL DDR5-6000 CL30 RIPJAWS M5 NEO RGB 블랙 패키지 (64GB(32Gx2)),https://prod.danawa.com/info/?pcode=75724439&cate=112752,데스크탑용,DDR5,64GB(32Gx2),6000MHz (PC5-48000),CL30-40-40-96,1.40V,2개,,RGB,41mm,EXPO / 온다이ECC,"데스크탑용 / DDR5 / 6000MHz (PC5-48000) / 램타이밍: CL30-40-40-96 / 1.40V / 램개수: 2개 / LED 라이트 / EXPO / 온다이ECC / 방열판 색상: 블랙 / LED색상: RGB / LED 시스템: AURA SYNC , MYSTIC LIGHT , RGB FUSION , POLYCHROME / 높이: 41mm / 출시가: 180,000원",2025/02,ok,
2026-10-04T01:48:11+00:00,75724418,G.SKILL DDR5-6000 CL30 RIPJAWS M5 NEO RGB 블랙 패키지 (96GB(48Gx2)),https://prod.danawa.com/info/?pcode=75724418&cate=112752,데스크탑용,DDR5,96GB(48Gx2),6000MHz (PC5-48000),CL30-36-36-96,1.35V,2개,,RGB,41mm,EXPO / 온다이ECC,"데스크탑용 / DDR5 / 6000MHz (PC5-48000) / 램타이밍: CL30-36-36-96 / 1.35V / 램개수: 2개 / LED 라이트 / EXPO / 온다이ECC / 방열판 색상: 블랙 / LED색상: RGB / LED 시스템: AURA SYNC , MYSTIC LIGHT , RGB FUSION , POLYCHROME / 높이: 41mm / 출시가: 180,000원",2025/02,ok,
2026-10-04T01:48:11+00:00,75724553,G.SKILL DDR5-6000 CL30 RIPJAWS M5 NEO RGB 화이트 패키지 (32GB(16Gx2)),https://prod.danawa.com/info/?pcode=75724553&cate=112752,데스크탑용,DDR5,32GB(16Gx2),6000MHz (PC5-48000),CL30-38-38-96,1.35V,2개,,RGB,41mm,EXPO / 온다이ECC,"데스크탑용 / DDR5 / 6000MHz (PC5-48000) / 램타이밍: CL30-38-38-96 / 1.35V / 램개수: 2개 / LED 라이트 / EXPO / 온다이ECC / 방열판 색상: 화이트 / LED색상: RGB / LED 시스템: AURA SYNC , MYSTIC LIGHT , RGB FUSION , POLYCHROME / 높이: 41mm / 출시가: 180,000원",2025/02,ok,
2026-10-04T01:48:11+00:00,75724526,G.SKILL DDR5-6000 CL30 RIPJAWS M5 NEO RGB 화이트 패키지 (64GB(32Gx2)),https://prod.danawa.com/info/?pcode=75724526&cate=112752,데스크탑용,DDR5,64GB(32Gx2),6000MHz (PC5-48000),CL30-40-40-96,1.40V,2개,,RGB,41mm,EXPO / 온다이ECC,"데스크탑용 / DDR5 / 6000MHz (PC5-48000) / 램타이밍: CL30-40-40-96 / 1.40V / 램개수: 2개 / LED 라이트 / EXPO / 온다이ECC / 방열판 색상: 화이트 / LED색상: RGB / LED 시스템: AURA SYNC , MYSTIC LIGHT , RGB FUSION , POLYCHROME / 높이: 41mm / 출시가: 180,000원",2025/02,ok,
2026-10-04T01:48:11+00:00,75724505,G.SKILL DDR5-6000 CL30 RIPJAWS M5 NEO RGB 화이트 패키지 (96GB(48Gx2)),https://prod.danawa.com/info/?pcode=75724505&cate=112752,데스크탑용,DDR5,96GB(48Gx2),6000MHz (PC5-48000),CL30-36-36-96,1.35V,2개,,RGB,41mm,EXPO / 온다이ECC,"데스크탑용 / DDR5 / 6000MHz (PC5-48000) / 램타이밍: CL30-36-36-96 / 1.35V / 램개수: 2개 / LED 라이트 / EXPO / 온다이ECC / 방열판 색상: 화이트 / LED색상: RGB / LED 시스템: AURA SYNC , MYSTIC LIGHT , RGB FUSION , POLYCHROME / 높이: 41mm / 출시가: 180,000원",2025/02,ok,
2026-10-04T01:48:11+00:00,56151878,G.SKILL DDR5-6000 CL30 RIPJAWS M5 RGB 블랙 패키지 (32GB(16Gx2)),https://prod.danawa.com/info/?pcode=56151878&cate=112752,데스크탑용,DDR5,32GB(16Gx2),6000MHz (PC5-48000),CL30-40-40-96,1.35V,2개,,RGB,41mm,XMP3.0 / 온다이ECC,"데스크탑용 / DDR5 / 6000MHz (PC5-48000) / 램타이밍: CL30-40-40-96 / 1.35V / 램개수: 2개 / LED 라이트 / XMP3.0 / 온다이ECC / 방열판 색상: 블랙 / LED색상: RGB / LED 시스템: AURA SYNC , MYSTIC LIGHT , RGB FUSION , POLYCHROME / 높이: 41mm / 출시가: 180,000원",2024/06,ok,
2026-10-04T01:48:11+00:00,56151800,G.SKILL DDR5-6000 CL30 RIPJAWS M5 RGB 블랙 패키지 (64GB(32Gx2)),https://prod.danawa.com/info/?pcode=56151800&cate=112752,데스크탑용,DDR5,64GB(32Gx2),6000MHz (PC5-48000),CL30-40-40-96,1.40V,2개,,RGB,41mm,XMP3.0 / 온다이ECC,"데스크탑용 / DDR5 / 6000MHz (PC5-48000) / 램타이밍: CL30-40-40-96 / 1.40V / 램개수: 2개 / LED 라이트 / XMP3.0 / 온다이ECC / 방열판 색상: 블랙 / LED색상: RGB / LED 시스템: AURA SYNC , MYSTIC LIGHT , RGB FUSION , POLYCHROME / 높이: 41mm / 출시가: 338,000원",2024/06,ok,
2026-10-04T01:48:11+00:00,56151998,G.SKILL DDR5-6000 CL30 RIPJAWS M5 RGB 화이트 패키지 (32GB(16Gx2)),https://prod.danawa.com/info/?pcode=56151998&cate=112752,데스크탑용,DDR5,32GB(16Gx2),6000MHz (PC5-48000),CL30-40-40-96,1.35V,2개,,RGB,41mm,XMP3.0 / 온다이ECC,"데스크탑용 / DDR5 / 6000MHz (PC5-48000) / 램타이밍: CL30-40-40-96 / 1.35V / 램개수: 2개 / LED 라이트 / XMP3.0 / 온다이ECC / 방열판 색상: 화이트 / LED색상: RGB / LED 시스템: AURA SYNC , MYSTIC LIGHT , RGB FUSION , POLYCHROME / 높이: 41mm / 출시가: 180,000원",2024/06,ok,
2026-10-04T01:48:11+00:00,56151980,G.SKILL DDR5-6000 CL30 RIPJAWS M5 RGB 화이트 패키지 (64GB(32Gx2)),https://prod.danawa.com/info/?pcode=56151980&cate=112752,데스크탑용,DDR5,64GB(32Gx2),6000MHz (PC5-48000),CL30-40-40-96,1.40V,2개,,RGB,41mm,XMP3.0 / 온다이ECC,"데스크탑용 / DDR5 / 6000MHz (PC5-48000) / 램타이밍: CL30-40-40-96 / 1.40V / 램개수: 2개 / LED 라이트 / XMP3.0 / 온다이ECC / 방열판 색상: 화이트 / LED색상: RGB / LED 시스템: AURA SYNC , MYSTIC LIGHT , RGB FUSION , POLYCHROME / 높이: 41mm / 출시가: 338,000원",2024/06,ok,
2026-10-04T01:48:11+00:00,16875872,G.SKILL DDR5-6000 CL30 RIPJAWS S5 J 블랙 패키지 (32GB(16Gx2)),https://prod.danawa.com/info/?pcode=16875872&cate=112752,데스크탑용,DDR5,32GB(16Gx2),6000MHz (PC5-48000),CL30-40-40-96,1.35V,2개,방열판,,33mm,XMP3.0 / 온다이ECC,데스크탑용 / DDR5 / 6000MHz (PC5-48000) / 램타이밍: CL30-40-40-96 / 1.35V / 램개수: 2개 / XMP3.0 / 온다이ECC / 히트싱크: 방열판 / 방열판 색상: 블랙 / 높이: 33mm,2022/04,ok,
2026-10-04T01:48:11+00:00,17000666,G.SKILL DDR5-6000 CL30 RIPJAWS S5 J 블랙 패키지 (64GB(32Gx2)),https://prod.danawa.com/info/?pcode=17000666&cate=112752,데스크탑용,DDR5,64GB(32Gx2),6000MHz (PC5-48000),CL30-40-40-96,1.40V,2개,방열판,,33mm,XMP3.0 / 온다이ECC,데스크탑용 / DDR5 / 6000MHz (PC5-48000) / 램타이밍: CL30-40-40-96 / 1.40V / 램개수: 2개 / XMP3.0 / 온다이ECC / 히트싱크: 방열판 / 방열판 색상: 블랙 / 높이: 33mm,2022/05,ok,
2026-10-04T01:48:11+00:00,16875908,G.SKILL DDR5-6000 CL30 RIPJAWS S5 J 화이트 패키지 (32GB(16Gx2)),https://prod.danawa.com/info/?pcode=16875908&cate=112752,데스크탑용,DDR5,32GB(16Gx2),6000MHz (PC5-48000),CL30-40-40-96,1.35V,2개,방열판,,33mm,XMP3.0 / 온다이ECC,데스크탑용 / DDR5 / 6000MHz (PC5-48000) / 램타이밍: CL30-40-40-96 / 1.35V / 램개수: 2개 / XMP3.0 / 온다이ECC / 히트싱크: 방열판 / 방열판 색상: 화이트 / 높이: 33mm,2022/04,ok,
2026-10-04T01:48:11+00:00,17000741,G.SKILL DDR5-6000 CL30 RIPJAWS S5 J 화이트 패키지 (64GB(32Gx2)),https://prod.danawa.com/info/?pcode=17000741&cate=112752,데스크탑용,DDR5,64GB(32Gx2),6000MHz (PC5-48000),CL30-40-40-96,1.40V,2개,방열판,,33mm,XMP3.0 / 온다이ECC,데스크탑용 / DDR5 / 6000MHz (PC5-48000) / 램타이밍: CL30-40-40-96 / 1.40V / 램개수: 2개 / XMP3.0 / 온다이ECC / 히트싱크: 방열판 / 방열판 색상: 화이트 / 높이: 33mm,2022/05,ok,
2026-10-04T01:48:11+00:00,17139398,G.SKILL DDR5-6000 CL30 TRIDENT Z5 J 실버 패키지 (32GB(16Gx2)),https://prod.danawa.com/info/?pcode=17139398&cate=112752,데스크탑용,DDR5,32GB(16Gx2),6000MHz (PC5-48000),CL30-40-40-96,1.35V,2개,방열판,,44mm,XMP3.0 / 온다이ECC,데스크탑용 / DDR5 / 6000MHz (PC5-48000) / 램타이밍: CL30-40-40-96 / 1.35V / 램개수: 2개 / XMP3.0 / 온다이ECC / 히트싱크: 방열판 / 방열판 색상: 실버/그레이 / 높이: 44mm,2022/05,ok,
2026-10-04T01:48:11+00:00,17139356,G.SKILL DDR5-6000 CL30 TRIDENT Z5 J 패키지 (32GB(16Gx2)),https://prod.danawa.com/info/?pcode=17139356&cate=112752,데스크탑용,DDR5,32GB(16Gx2),6000MHz (PC5-48000),CL30-40-40-96,1.35V,2개,방열판,,44mm,XMP3.0 / 온다이ECC,데스크탑용 / DDR5 / 6000MHz (PC5-48000) / 램타이밍: CL30-40-40-96 / 1.35V / 램개수: 2개 / XMP3.0 / 온다이ECC / 히트싱크: 방열판 / 방열판 색상: 블랙 / 높이: 44mm,2022/05,ok,
2026-10-04T01:48:11+00:00,17139326,G.SKILL DDR5-6000 CL30 TRIDENT Z5 J 패키지 (64GB(32Gx2)),https://prod.danawa.com/info/?pcode=17139326&cate=112752,데스크탑용,DDR5,64GB(32Gx2),6000MHz (PC5-48000),CL30-40-40-96,1.40V,2개,방열판,,44mm,XMP3.0 / 온다이ECC,데스크탑용 / DDR5 / 6000MHz (PC5-48000) / 램타이밍: CL30-40-40-96 / 1.40V / 램개수: 2개 / XMP3.0 / 온다이ECC / 히트싱크: 방열판 / 방열판 색상: 블랙 / 높이: 44mm,2022/05,ok,
2026-10-04T01:48:11+00:00,17932031,G.SKILL DDR5-6000 CL30 TRIDENT Z5 NEO J 패키지 (32GB(16Gx2)),https://prod.danawa.com/info/?pcode=17932031&cate=112752,데스크탑용,DDR5,32GB(16Gx2),6000MHz (PC5-48000),CL30-38-38-96,1.35V,2개,방열판,,44mm,EXPO / 온다이ECC,데스크탑용 / DDR5 / 6000MHz (PC5-48000) / 램타이밍: CL30-38-38-96 / 1.35V / 램개수: 2개 / EXPO / 온다이ECC / 히트싱크: 방열판 / 방열판 색상: 블랙 / 높이: 44mm,2022/10,ok,
2026-10-04T01:48:11+00:00,40559801,G.SKILL DDR5-6000 CL30 TRIDENT Z5 NEO J 패키지 (64GB(32Gx2)),https://prod.danawa.com/info/?pcode=40559801&cate=112752,데스크탑용,DDR5,64GB(32Gx2),6000MHz (PC5-48000),CL30-40-40-96,1.40V,2개,방열판,,44mm,EXPO / 온다이ECC,데스크탑용 / DDR5 / 6000MHz (PC5-48000) / 램타이밍: CL30-40-40-96 / 1.40V / 램개수: 2개 / EXPO / 온다이ECC / 히트싱크: 방열판 / 방열판 색상: 블랙 / 높이: 44mm,2024/03,ok,
2026-10-04T01:48:11+00:00,17931836,G.SKILL DDR5-6000 CL30 TRIDENT Z5 NEO RGB J 패키지 (32GB(16Gx2)),https://prod.danawa.com/info/?pcode=17931836&cate=112752,데스크탑용,DDR5,32GB(16Gx2),6000MHz (PC5-48000),CL30-38-38-96,1.35V,2개,방열판,RGB,44mm,EXPO / 온다이ECC,"데스크탑용 / DDR5 / 6000MHz (PC5-48000) / 램타이밍: CL30-38-38-96 / 1.35V / 램개수: 2개 / LED 라이트 / EXPO / 온다이ECC / 히트싱크: 방열판 / 방열판 색상: 블랙 / LED색상: RGB / LED 시스템: AURA SYNC , MYSTIC LIGHT , RGB FUSION , POLYCHROME / 높이: 44mm",2022/10,ok,
2026-10-04T01:48:11+00:00,40572260,G.SKILL DDR5-6000 CL30 TRIDENT Z5 NEO RGB J 패키지 (64GB(32Gx2)),https://prod.danawa.com/info/?pcode=40572260&cate=112752,데스크탑용,DDR5,64GB(32Gx2),6000MHz (PC5-48000),CL30-40-40-96,1.40V,2개,방열판,RGB,44mm,EXPO / 온다이ECC,"데스크탑용 / DDR5 / 6000MHz (PC5-48000) / 램타이밍: CL30-40-40-96 / 1.40V / 램개수: 2개 / LED 라이트 / EXPO / 온다이ECC / 히트싱크: 방열판 / 방열판 색상: 블랙 / LED색상: RGB / LED 시스템: AURA SYNC , MYSTIC LIGHT , RGB FUSION , POLYCHROME / 높이: 44mm",2024/03,ok,
2026-10-04T01:48:11+00:00,90114077,G.SKILL DDR5-6000 CL30 TRIDENT Z5 NEO RGB J 패키지 (96GB(48Gx2)),https://prod.danawa.com/info/?pcode=90114077&cate=112752,데스크탑용,DDR5,96GB(48Gx2),6000MHz (PC5-48000),CL30-36-36-96,1.35V,2개,방열판,RGB,44mm,EXPO / 온다이ECC,"데스크탑용 / DDR5 / 6000MHz (PC5-48000) / 램타이밍: CL30-36-36-96 / 1.35V / 램개수: 2개 / LED 라이트 / EXPO / 온다이ECC / 히트싱크: 방열판 / 방열판 색상: 블랙 / LED색상: RGB / LED 시스템: AURA SYNC , MYSTIC LIGHT , RGB FUSION , POLYCHROME / 높이: 44mm",2025/05,ok,
2026-10-04T01:48:11+00:00,40579721,G.SKILL DDR5-6000 CL30 TRIDENT Z5 NEO RGB J 화이트 패키지 (32GB(16Gx2)),https://prod.danawa.com/info/?pcode=40579721&cate=112752,데스크탑용,DDR5,32GB(16Gx2),6000MHz (PC5-48000),CL30-36-36-96,1.35V,2개,방열판,RGB,44mm,EXPO / 온다이ECC,"데스크탑용 / DDR5 / 6000MHz (PC5-48000) / 램타이밍: CL30-36-36-96 / 1.35V / 램개수: 2개 / LED 라이트 / EXPO / 온다이ECC / 히트싱크: 방열판 / 방열판 색상: 화이트 / LED색상: RGB / LED 시스템: AURA SYNC , MYSTIC LIGHT , RGB FUSION , POLYCHROME / 높이: 44mm",2024/03,ok,
2026-10-04T01:48:11+00:00,40578827,G.SKILL DDR5-6000 CL30 TRIDENT Z5 NEO RGB J 화이트 패키지 (64GB(32Gx2)),https://prod.danawa.com/info/?pcode=40578827&cate=112752,데스크탑용,DDR5,64GB(32Gx2),6000MHz (PC5-48000),CL30-36-36-96,1.40V,2개,방열판,RGB,44mm,EXPO / 온다이ECC,"데스크탑용 / DDR5 / 6000MHz (PC5-48000) / 램타이밍: CL30-36-36-96 / 1.40V / 램개수: 2개 / LED 라이트 / EXPO / 온다이ECC / 히트싱크: 방열판 / 방열판 색상: 화이트 / LED색상: RGB / LED 시스템: AURA SYNC , MYSTIC LIGHT , RGB FUSION , POLYCHROME / 높이: 44mm",2024/03,ok,
2026-10-04T01:48:11+00:00,90114119,G.SKILL DDR5-6000 CL30 TRIDENT Z5 NEO RGB J 화이트 패키지 (96GB(48Gx2)),https://prod.danawa.com/info/?pcode=90114119&cate=112752,데스크탑용,DDR5,96GB(48Gx2),6000MHz (PC5-48000),CL30-36-36-96,1.35V,2개,방열판,RGB,44mm,EXPO / 온다이ECC,"데스크탑용 / DDR5 / 6000MHz (PC5-48000) / 램타이밍: CL30-36-36-96 / 1.35V / 램개수: 2개 / LED 라이트 / EXPO / 온다이ECC / 히트싱크: 방열판 / 방열판 색상: 화이트 / LED색상: RGB / LED 시스템: AURA SYNC , MYSTIC LIGHT , RGB FUSION , POLYCHROME / 높이: 44mm",2025/05,ok,
2026-10-04T01:48:11+00:00,122727495,G.SKILL DDR5-6000 CL30 TRIDENT Z5 NeoX RGB for AMD ULL 글로시블랙 패키지 (32GB(16Gx2)),https://prod.danawa.com/info/?pcode=122727495&cate=112752,데스크탑용,DDR5,32GB(16Gx2),6000MHz (PC5-48000),CL30-38-38-32,1.35V,2개,방열판,RGB,44mm,EXPO / 온다이ECC,"데스크탑용 / DDR5 / 6000MHz (PC5-48000) / 램타이밍: CL30-38-38-32 / 1.35V / 램개수: 2개 / LED 라이트 / EXPO / 온다이ECC / 히트싱크: 방열판 / 방열판 색상: 블랙 / LED색상: RGB / LED 시스템: AURA SYNC , MYSTIC LIGHT , RGB FUSION , POLYCHROME / 높이: 44mm",2026/07,ok,
2026-10-04T01:48:11+00:00,122727504,G.SKILL DDR5-6000 CL30 TRIDENT Z5 NeoX RGB for AMD ULL 매트블랙 패키지 (32GB(16Gx2)),https://prod.danawa.com/info/?pcode=122727504&cate=112752,데스크탑용,DDR5,32GB(16Gx2),6000MHz (PC5-48000),CL30-38-38-32,1.35V,2개,방열판,RGB,44mm,EXPO / 온다이ECC,"데스크탑용 / DDR5 / 6000MHz (PC5-48000) / 램타이밍: CL30-38-38-32 / 1.35V / 램개수: 2개 / LED 라이트 / EXPO / 온다이ECC / 히트싱크: 방열판 / 방열판 색상: 블랙 / LED색상: RGB / LED 시스템: AURA SYNC , MYSTIC LIGHT , RGB FUSION , POLYCHROME / 높이: 44mm",2026/07,ok,
2026-10-04T01:48:11+00:00,122727512,G.SKILL DDR5-6000 CL30 TRIDENT Z5 NeoX RGB for AMD ULL 매트화이트 패키지 (32GB(16Gx2)),https://prod.danawa.com/info/?pcode=122727512&cate=112752,데스크탑용,DDR5,32GB(16Gx2),6000MHz (PC5-48000),CL30-38-38-32,1.35V,2개,방열판,RGB,44mm,EXPO / 온다이ECC,"데스크탑용 / DDR5 / 6000MHz (PC5-48000) / 램타이밍: CL30-38-38-32 / 1.35V / 램개수: 2개 / LED 라이트 / EXPO / 온다이ECC / 히트싱크: 방열판 / 방열판 색상: 화이트 / LED색상: RGB / LED 시스템: AURA SYNC , MYSTIC LIGHT , RGB FUSION , POLYCHROME / 높이: 44mm",2026/07,ok,
2026-10-04T01:48:11+00:00,17001281,G.SKILL DDR5-6000 CL30 TRIDENT Z5 RGB J 실버 패키지 (64GB(32Gx2)),https://prod.danawa.com/info/?pcode=17001281&cate=112752,데스크탑용,DDR5,64GB(32Gx2),6000MHz (PC5-48000),CL30-40-40-96,1.40V,2개,방열판,RGB,44mm,XMP3.0 / 온다이ECC,"데스크탑용 / DDR5 / 6000MHz (PC5-48000) / 램타이밍: CL30-40-40-96 / 1.40V / 램개수: 2개 / LED 라이트 / XMP3.0 / 온다이ECC / 히트싱크: 방열판 / 방열판 색상: 실버/그레이 / LED색상: RGB / LED 시스템: AURA SYNC , MYSTIC LIGHT , RGB FUSION , POLYCHROME / 높이: 44mm",2022/05,ok,
2026-10-04T01:48:11+00:00,16873946,G.SKILL DDR5-6000 CL30 TRIDENT Z5 RGB J 패키지 (32GB(16Gx2)),https://prod.danawa.com/info/?pcode=16873946&cate=112752,데스크탑용,DDR5,32GB(16Gx2),6000MHz (PC5-48000),CL30-40-40-96,1.35V,2개,방열판,RGB,44mm,XMP3.0 / 온다이ECC,"데스크탑용 / DDR5 / 6000MHz (PC5-48000) / 램타이밍: CL30-40-40-96 / 1.35V / 램개수: 2개 / LED 라이트 / XMP3.0 / 온다이ECC / 히트싱크: 방열판 / 방열판 색상: 블랙 / LED색상: RGB / LED 시스템: AURA SYNC , MYSTIC LIGHT , RGB FUSION , POLYCHROME / 높이: 44mm",2022/04,ok,
2026-10-04T01:48:11+00:00,17001209,G.SKILL DDR5-6000 CL30 TRIDENT Z5 RGB J 패키지 (64GB(32Gx2)),https://prod.danawa.com/info/?pcode=17001209&cate=112752,데스크탑용,DDR5,64GB(32Gx2),6000MHz (PC5-48000),CL30-40-40-96,1.40V,2개,방열판,RGB,44mm,XMP3.0 / 온다이ECC,"데스크탑용 / DDR5 / 6000MHz (PC5-48000) / 램타이밍: CL30-40-40-96 / 1.40V / 램개수: 2개 / LED 라이트 / XMP3.0 / 온다이ECC / 히트싱크: 방열판 / 방열판 색상: 블랙 / LED색상: RGB / LED 시스템: AURA SYNC , MYSTIC LIGHT , RGB FUSION , POLYCHROME / 높이: 44mm",2022/05,ok,
2026-10-04T01:48:11+00:00,21639437,G.SKILL DDR5-6000 CL30 TRIDENT Z5 RGB 화이트 패키지 (64GB(32Gx2)),https://prod.danawa.com/info/?pcode=21639437&cate=112752,데스크탑용,DDR5,64GB(32Gx2),6000MHz (PC5-48000),CL30-40-40-96,1.40V,2개,방열판,RGB,44mm,XMP3.0 / 온다이ECC,"데스크탑용 / DDR5 / 6000MHz (PC5-48000) / 램타이밍: CL30-40-40-96 / 1.40V / 램개수: 2개 / LED 라이트 / XMP3.0 / 온다이ECC / 히트싱크: 방열판 / 방열판 색상: 화이트 / LED색상: RGB / LED 시스템: AURA SYNC , MYSTIC LIGHT , RGB FUSION , POLYCHROME / 높이: 44mm",2023/07,ok,
2026-10-04T01:48:11+00:00,17931401,G.SKILL DDR5-6000 CL32 FLARE X5 J 패키지 (32GB(16Gx2)),https://prod.danawa.com/info/?pcode=17931401&cate=112752,데스크탑용,DDR5,32GB(16Gx2),6000MHz (PC5-48000),CL32-38-38-96,1.35V,2개,방열판,,33mm,EXPO / 온다이ECC,데스크탑용 / DDR5 / 6000MHz (PC5-48000) / 램타이밍: CL32-38-38-96 / 1.35V / 램개수: 2개 / EXPO / 온다이ECC / 히트싱크: 방열판 / 방열판 색상: 블랙 / 높이: 33mm,2022/10,ok,
2026-10-04T01:48:11+00:00,18610958,G.SKILL DDR5-6000 CL32 TRIDENT Z5 NEO RGB J 패키지 (64GB(32Gx2)),https://prod.danawa.com/info/?pcode=18610958&cate=112752,데스크탑용,DDR5,64GB(32Gx2),6000MHz (PC5-48000),CL32-38-38-96,1.40V,2개,방열판,RGB,44mm,EXPO / 온다이ECC,"데스크탑용 / DDR5 / 6000MHz (PC5-48000) / 램타이밍: CL32-38-38-96 / 1.40V / 램개수: 2개 / LED 라이트 / EXPO / 온다이ECC / 히트싱크: 방열판 / 방열판 색상: 블랙 / LED색상: RGB / LED 시스템: AURA SYNC , MYSTIC LIGHT , RGB FUSION , POLYCHROME / 높이: 44mm",2022/12,ok,
2026-10-04T01:48:11+00:00,93385544,G.SKILL DDR5-6000 CL32 TRIDENT Z5 NEO RGB J 화이트 패키지 (64GB(32Gx2)),https://prod.danawa.com/info/?pcode=93385544&cate=112752,데스크탑용,DDR5,64GB(32Gx2),6000MHz (PC5-48000),CL32-38-38-96,1.40V,2개,방열판,RGB,44mm,EXPO / 온다이ECC,"데스크탑용 / DDR5 / 6000MHz (PC5-48000) / 램타이밍: CL32-38-38-96 / 1.40V / 램개수: 2개 / LED 라이트 / EXPO / 온다이ECC / 히트싱크: 방열판 / 방열판 색상: 화이트 / LED색상: RGB / LED 시스템: AURA SYNC , MYSTIC LIGHT , RGB FUSION , POLYCHROME / 높이: 44mm",2025/07,ok,
2026-10-04T01:48:11+00:00,51541061,G.SKILL DDR5-6000 CL32 TRIDENT Z5 RGB J 화이트 패키지 (32GB(16Gx2)),https://prod.danawa.com/info/?pcode=51541061&cate=112752,데스크탑용,DDR5,32GB(16Gx2),6000MHz (PC5-48000),CL32-38-38-96,1.35V,2개,방열판,RGB,44mm,XMP3.0 / 온다이ECC,"데스크탑용 / DDR5 / 6000MHz (PC5-48000) / 램타이밍: CL32-38-38-96 / 1.35V / 램개수: 2개 / LED 라이트 / XMP3.0 / 온다이ECC / 히트싱크: 방열판 / 방열판 색상: 화이트 / LED색상: RGB / LED 시스템: AURA SYNC , MYSTIC LIGHT , RGB FUSION , POLYCHROME / 높이: 44mm",2024/05,ok,
2026-10-04T01:48:11+00:00,93803003,G.SKILL DDR5-6000 CL34 FLARE X5 J 패키지 (128GB(64Gx2)),https://prod.danawa.com/info/?pcode=93803003&cate=112752,데스크탑용,DDR5,128GB(64Gx2),6000MHz (PC5-48000),CL34-44-44-96,1.35V,2개,방열판,,33mm,EXPO / 온다이ECC,데스크탑용 / DDR5 / 6000MHz (PC5-48000) / 램타이밍: CL34-44-44-96 / 1.35V / 램개수: 2개 / EXPO / 온다이ECC / 히트싱크: 방열판 / 방열판 색상: 블랙 / 높이: 33mm,2025/07,ok,
2026-10-04T01:48:11+00:00,93803096,G.SKILL DDR5-6000 CL34 RIPJAWS S5 J 블랙 패키지 (128GB(64Gx2)),https://prod.danawa.com/info/?pcode=93803096&cate=112752,데스크탑용,DDR5,128GB(64Gx2),6000MHz (PC5-48000),CL34-44-44-96,1.35V,2개,방열판,,33mm,XMP3.0 / 온다이ECC,데스크탑용 / DDR5 / 6000MHz (PC5-48000) / 램타이밍: CL34-44-44-96 / 1.35V / 램개수: 2개 / XMP3.0 / 온다이ECC / 히트싱크: 방열판 / 방열판 색상: 블랙 / 높이: 33mm,2025/07,ok,
2026-10-04T01:48:11+00:00,93803243,G.SKILL DDR5-6000 CL34 TRIDENT Z5 NEO RGB J 패키지 (128GB(64Gx2)),https://prod.danawa.com/info/?pcode=93803243&cate=112752,데스크탑용,DDR5,128GB(64Gx2),6000MHz (PC5-48000),CL34-44-44-96,1.35V,2개,방열판,RGB,44mm,EXPO / 온다이ECC,"데스크탑용 / DDR5 / 6000MHz (PC5-48000) / 램타이밍: CL34-44-44-96 / 1.35V / 램개수: 2개 / LED 라이트 / EXPO / 온다이ECC / 히트싱크: 방열판 / 방열판 색상: 블랙 / LED색상: RGB / LED 시스템: AURA SYNC , MYSTIC LIGHT , RGB FUSION , POLYCHROME / 높이: 44mm",2025/07,ok,
2026-10-04T01:48:11+00:00,93803210,G.SKILL DDR5-6000 CL34 TRIDENT Z5 RGB J 패키지 (128GB(64Gx2)),https://prod.danawa.com/info/?pcode=93803210&cate=112752,데스크탑용,DDR5,128GB(64Gx2),6000MHz (PC5-48000),CL34-44-44-96,1.35V,2개,방열판,RGB,44mm,XMP3.0 / 온다이ECC,"데스크탑용 / DDR5 / 6000MHz (PC5-48000) / 램타이밍: CL34-44-44-96 / 1.35V / 램개수: 2개 / LED 라이트 / XMP3.0 / 온다이ECC / 히트싱크: 방열판 / 방열판 색상: 블랙 / LED색상: RGB / LED 시스템: AURA SYNC , MYSTIC LIGHT , RGB FUSION , POLYCHROME / 높이: 44mm",2025/07,ok,
2026-10-04T01:48:11+00:00,72913406,G.SKILL DDR5-6000 CL36 AEGIS 5 (16GB),https://prod.danawa.com/info/?pcode=72913406&cate=112752,데스크탑용,DDR5,16GB,6000MHz (PC5-48000),CL36-36-36-96,1.35V,1개,미포함,,31mm,XMP3.0 / EXPO / 온다이ECC,데스크탑용 / DDR5 / 6000MHz (PC5-48000) / 램타이밍: CL36-36-36-96 / 1.35V / 램개수: 1개 / XMP3.0 / EXPO / 온다이ECC / 히트싱크: 미포함 / 높이: 31mm,2024/12,ok,
2026-10-04T01:48:11+00:00,75656486,G.SKILL DDR5-6000 CL36 AEGIS 5 (32GB),https://prod.danawa.com/info/?pcode=75656486&cate=112752,데스크탑용,DDR5,32GB,6000MHz (PC5-48000),CL36-36-36-96,1.35V,1개,미포함,,31mm,XMP3.0 / EXPO / 온다이ECC,데스크탑용 / DDR5 / 6000MHz (PC5-48000) / 램타이밍: CL36-36-36-96 / 1.35V / 램개수: 1개 / XMP3.0 / EXPO / 온다이ECC / 히트싱크: 미포함 / 높이: 31mm,2025/02,ok,
2026-10-04T01:48:11+00:00,93803030,G.SKILL DDR5-6000 CL36 FLARE X5 J 패키지 (256GB(64Gx4)),https://prod.danawa.com/info/?pcode=93803030&cate=112752,데스크탑용,DDR5,256GB(64Gx4),6000MHz (PC5-48000),CL36-44-44-96,1.25V,4개,방열판,,33mm,EXPO / 온다이ECC,데스크탑용 / DDR5 / 6000MHz (PC5-48000) / 램타이밍: CL36-44-44-96 / 1.25V / 램개수: 4개 / EXPO / 온다이ECC / 히트싱크: 방열판 / 방열판 색상: 블랙 / 높이: 33mm,2025/07,ok,
2026-10-04T01:48:11+00:00,17931533,G.SKILL DDR5-6000 CL36 FLARE X5 J 패키지 (32GB(16Gx2)),https://prod.danawa.com/info/?pcode=17931533&cate=112752,데스크탑용,DDR5,32GB(16Gx2),6000MHz (PC5-48000),CL36-36-36-96,1.35V,2개,방열판,,33mm,EXPO / 온다이ECC,데스크탑용 / DDR5 / 6000MHz (PC5-48000) / 램타이밍: CL36-36-36-96 / 1.35V / 램개수: 2개 / EXPO / 온다이ECC / 히트싱크: 방열판 / 방열판 색상: 블랙 / 높이: 33mm,2022/10,ok,
2026-10-04T01:48:11+00:00,72913559,G.SKILL DDR5-6000 CL36 FLARE X5 J 패키지 (64GB(32Gx2)),https://prod.danawa.com/info/?pcode=72913559&cate=112752,데스크탑용,DDR5,64GB(32Gx2),6000MHz (PC5-48000),CL36-36-36-96,1.35V,2개,방열판,,33mm,XMP3.0 / EXPO / 온다이ECC,데스크탑용 / DDR5 / 6000MHz (PC5-48000) / 램타이밍: CL36-36-36-96 / 1.35V / 램개수: 2개 / XMP3.0 / EXPO / 온다이ECC / 히트싱크: 방열판 / 방열판 색상: 블랙 / 높이: 33mm,2024/12,ok,
2026-10-04T01:48:11+00:00,72913568,G.SKILL DDR5-6000 CL36 FLARE X5 J 화이트 패키지 (64GB(32Gx2)),https://prod.danawa.com/info/?pcode=72913568&cate=112752,데스크탑용,DDR5,64GB(32Gx2),6000MHz (PC5-48000),CL36-36-36-96,1.35V,2개,방열판,,33mm,XMP3.0 / EXPO / 온다이ECC,데스크탑용 / DDR5 / 6000MHz (PC5-48000) / 램타이밍: CL36-36-36-96 / 1.35V / 램개수: 2개 / XMP3.0 / EXPO / 온다이ECC / 히트싱크: 방열판 / 방열판 색상: 화이트 / 높이: 33mm,2024/12,ok,
2026-10-04T01:48:11+00:00,78983834,G.SKILL DDR5-6000 CL36 RIPJAWS M5 NEO RGB 블랙 패키지 (32GB(16Gx2)),https://prod.danawa.com/info/?pcode=78983834&cate=112752,데스크탑용,DDR5,32GB(16Gx2),6000MHz (PC5-48000),CL36-36-36-96,1.35V,2개,,RGB,41mm,XMP3.0 / EXPO / 온다이ECC,"데스크탑용 / DDR5 / 6000MHz (PC5-48000) / 램타이밍: CL36-36-36-96 / 1.35V / 램개수: 2개 / LED 라이트 / XMP3.0 / EXPO / 온다이ECC / 방열판 색상: 블랙 / LED색상: RGB / LED 시스템: AURA SYNC , MYSTIC LIGHT , RGB FUSION , POLYCHROME / 높이: 41mm",2025/04,ok,
2026-10-04T01:48:11+00:00,72913592,G.SKILL DDR5-6000 CL36 RIPJAWS M5 NEO RGB 블랙 패키지 (64GB(32Gx2)),https://prod.danawa.com/info/?pcode=72913592&cate=112752,데스크탑용,DDR5,64GB(32Gx2),6000MHz (PC5-48000),CL36-36-36-96,1.35V,2개,,RGB,41mm,XMP3.0 / EXPO / 온다이ECC,"데스크탑용 / DDR5 / 6000MHz (PC5-48000) / 램타이밍: CL36-36-36-96 / 1.35V / 램개수: 2개 / LED 라이트 / XMP3.0 / EXPO / 온다이ECC / 방열판 색상: 블랙 / LED색상: RGB / LED 시스템: AURA SYNC , MYSTIC LIGHT , RGB FUSION , POLYCHROME / 높이: 41mm",2024/12,ok,
2026-10-04T01:48:11+00:00,78983882,G.SKILL DDR5-6000 CL36 RIPJAWS M5 NEO RGB 화이트 패키지 (32GB(16Gx2)),https://prod.danawa.com/info/?pcode=78983882&cate=112752,데스크탑용,DDR5,32GB(16Gx2),6000MHz (PC5-48000),CL36-36-36-96,1.35V,2개,,RGB,41mm,XMP3.0 / EXPO / 온다이ECC,"데스크탑용 / DDR5 / 6000MHz (PC5-48000) / 램타이밍: CL36-36-36-96 / 1.35V / 램개수: 2개 / LED 라이트 / XMP3.0 / EXPO / 온다이ECC / 방열판 색상: 화이트 / LED색상: RGB / LED 시스템: AURA SYNC , MYSTIC LIGHT , RGB FUSION , POLYCHROME / 높이: 41mm",2025/04,ok,
2026-10-04T01:48:11+00:00,72913613,G.SKILL DDR5-6000 CL36 RIPJAWS M5 NEO RGB 화이트 패키지 (64GB(32Gx2)),https://prod.danawa.com/info/?pcode=72913613&cate=112752,데스크탑용,DDR5,64GB(32Gx2),6000MHz (PC5-48000),CL36-36-36-96,1.35V,2개,,RGB,41mm,XMP3.0 / EXPO / 온다이ECC,"데스크탑용 / DDR5 / 6000MHz (PC5-48000) / 램타이밍: CL36-36-36-96 / 1.35V / 램개수: 2개 / LED 라이트 / XMP3.0 / EXPO / 온다이ECC / 방열판 색상: 화이트 / LED색상: RGB / LED 시스템: AURA SYNC , MYSTIC LIGHT , RGB FUSION , POLYCHROME / 높이: 41mm",2024/12,ok,
2026-10-04T01:48:11+00:00,71218634,G.SKILL DDR5-6000 CL36 RIPJAWS M5 RGB 블랙 패키지 (32GB(16Gx2)),https://prod.danawa.com/info/?pcode=71218634&cate=112752,데스크탑용,DDR5,32GB(16Gx2),6000MHz (PC5-48000),CL36-36-36-96,1.35V,2개,,RGB,41mm,XMP3.0 / 온다이ECC,"데스크탑용 / DDR5 / 6000MHz (PC5-48000) / 램타이밍: CL36-36-36-96 / 1.35V / 램개수: 2개 / LED 라이트 / XMP3.0 / 온다이ECC / 방열판 색상: 블랙 / LED색상: RGB / LED 시스템: AURA SYNC , MYSTIC LIGHT , RGB FUSION , POLYCHROME / 높이: 41mm / 출시가: 180,000원",2024/11,ok,
2026-10-04T01:48:11+00:00,71218667,G.SKILL DDR5-6000 CL36 RIPJAWS M5 RGB 화이트 패키지 (32GB(16Gx2)),https://prod.danawa.com/info/?pcode=71218667&cate=112752,데스크탑용,DDR5,32GB(16Gx2),6000MHz (PC5-48000),CL36-36-36-96,1.35V,2개,,RGB,41mm,XMP3.0 / 온다이ECC,"데스크탑용 / DDR5 / 6000MHz (PC5-48000) / 램타이밍: CL36-36-36-96 / 1.35V / 램개수: 2개 / LED 라이트 / XMP3.0 / 온다이ECC / 방열판 색상: 화이트 / LED색상: RGB / LED 시스템: AURA SYNC , MYSTIC LIGHT , RGB FUSION , POLYCHROME / 높이: 41mm / 출시가: 180,000원",2024/11,ok,
2026-10-04T01:48:11+00:00,102553379,G.SKILL DDR5-6000 CL36 RIPJAWS S5 블랙 (16GB),https://prod.danawa.com/info/?pcode=102553379&cate=112752,데스크탑용,DDR5,16GB,6000MHz (PC5-48000),CL36-36-36-96,1.35V,1개,방열판,,33mm,XMP3.0 / EXPO / 온다이ECC,데스크탑용 / DDR5 / 6000MHz (PC5-48000) / 램타이밍: CL36-36-36-96 / 1.35V / 램개수: 1개 / XMP3.0 / EXPO / 온다이ECC / 히트싱크: 방열판 / 방열판 색상: 블랙 / 높이: 33mm,2025/12,ok,
2026-10-04T01:48:11+00:00,16192574,G.SKILL DDR5-6000 CL36 TRIDENT Z5 J 실버 패키지 (32GB(16Gx2)),https://prod.danawa.com/info/?pcode=16192574&cate=112752,데스크탑용,DDR5,32GB(16Gx2),6000MHz (PC5-48000),CL36-36-36-96,1.35V,2개,방열판,,44mm,XMP3.0 / 온다이ECC,데스크탑용 / DDR5 / 6000MHz (PC5-48000) / 램타이밍: CL36-36-36-96 / 1.35V / 램개수: 2개 / XMP3.0 / 온다이ECC / 히트싱크: 방열판 / 방열판 색상: 실버/그레이 / 높이: 44mm,2022/01,ok,
2026-10-04T01:48:11+00:00,16192424,G.SKILL DDR5-6000 CL36 TRIDENT Z5 J 패키지 (32GB(16Gx2)),https://prod.danawa.com/info/?pcode=16192424&cate=112752,데스크탑용,DDR5,32GB(16Gx2),6000MHz (PC5-48000),CL36-36-36-96,1.35V,2개,방열판,,44mm,XMP3.0 / 온다이ECC,데스크탑용 / DDR5 / 6000MHz (PC5-48000) / 램타이밍: CL36-36-36-96 / 1.35V / 램개수: 2개 / XMP3.0 / 온다이ECC / 히트싱크: 방열판 / 방열판 색상: 블랙 / 높이: 44mm,2022/01,ok,
2026-10-04T01:48:11+00:00,17932061,G.SKILL DDR5-6000 CL36 TRIDENT Z5 NEO J 패키지 (32GB(16Gx2)),https://prod.danawa.com/info/?pcode=17932061&cate=112752,데스크탑용,DDR5,32GB(16Gx2),6000MHz (PC5-48000),CL36-36-36-96,1.35V,2개,방열판,,44mm,EXPO / 온다이ECC,데스크탑용 / DDR5 / 6000MHz (PC5-48000) / 램타이밍: CL36-36-36-96 / 1.35V / 램개수: 2개 / EXPO / 온다이ECC / 히트싱크: 방열판 / 방열판 색상: 블랙 / 높이: 44mm,2022/10,ok,
2026-10-04T01:48:11+00:00,93803294,G.SKILL DDR5-6000 CL36 TRIDENT Z5 NEO RGB J 패키지 (256GB(64Gx4)),https://prod.danawa.com/info/?pcode=93803294&cate=112752,데스크탑용,DDR5,256GB(64Gx4),6000MHz (PC5-48000),CL36-44-44-96,1.25V,4개,방열판,RGB,44mm,EXPO / 온다이ECC,"데스크탑용 / DDR5 / 6000MHz (PC5-48000) / 램타이밍: CL36-44-44-96 / 1.25V / 램개수: 4개 / LED 라이트 / EXPO / 온다이ECC / 히트싱크: 방열판 / 방열판 색상: 블랙 / LED색상: RGB / LED 시스템: AURA SYNC , MYSTIC LIGHT , RGB FUSION , POLYCHROME / 높이: 44mm",2025/07,ok,
2026-10-04T01:48:11+00:00,17931893,G.SKILL DDR5-6000 CL36 TRIDENT Z5 NEO RGB J 패키지 (32GB(16Gx2)),https://prod.danawa.com/info/?pcode=17931893&cate=112752,데스크탑용,DDR5,32GB(16Gx2),6000MHz (PC5-48000),CL36-36-36-96,1.35V,2개,방열판,RGB,44mm,EXPO / 온다이ECC,"데스크탑용 / DDR5 / 6000MHz (PC5-48000) / 램타이밍: CL36-36-36-96 / 1.35V / 램개수: 2개 / LED 라이트 / EXPO / 온다이ECC / 히트싱크: 방열판 / 방열판 색상: 블랙 / LED색상: RGB / LED 시스템: AURA SYNC , MYSTIC LIGHT , RGB FUSION , POLYCHROME / 높이: 44mm",2022/10,ok,
2026-10-04T01:48:11+00:00,72913664,G.SKILL DDR5-6000 CL36 TRIDENT Z5 NEO RGB J 패키지 (64GB(32Gx2)),https://prod.danawa.com/info/?pcode=72913664&cate=112752,데스크탑용,DDR5,64GB(32Gx2),6000MHz (PC5-48000),CL36-36-36-96,1.35V,2개,방열판,RGB,44mm,XMP3.0 / EXPO / 온다이ECC,"데스크탑용 / DDR5 / 6000MHz (PC5-48000) / 램타이밍: CL36-36-36-96 / 1.35V / 램개수: 2개 / LED 라이트 / XMP3.0 / EXPO / 온다이ECC / 히트싱크: 방열판 / 방열판 색상: 블랙 / LED색상: RGB / LED 시스템: AURA SYNC , MYSTIC LIGHT , RGB FUSION , POLYCHROME / 높이: 44mm",2024/12,ok,
2026-10-04T01:48:11+00:00,93385616,G.SKILL DDR5-6000 CL36 TRIDENT Z5 NEO RGB J 화이트 패키지 (32GB(16Gx2)),https://prod.danawa.com/info/?pcode=93385616&cate=112752,데스크탑용,DDR5,32GB(16Gx2),6000MHz (PC5-48000),CL36-36-36-96,1.35V,2개,방열판,RGB,44mm,EXPO / 온다이ECC,"데스크탑용 / DDR5 / 6000MHz (PC5-48000) / 램타이밍: CL36-36-36-96 / 1.35V / 램개수: 2개 / LED 라이트 / EXPO / 온다이ECC / 히트싱크: 방열판 / 방열판 색상: 화이트 / LED색상: RGB / LED 시스템: AURA SYNC , MYSTIC LIGHT , RGB FUSION , POLYCHROME / 높이: 44mm",2025/07,ok,
2026-10-04T01:48:11+00:00,72913682,G.SKILL DDR5-6000 CL36 TRIDENT Z5 NEO RGB J 화이트 패키지 (64GB(32Gx2)),https://prod.danawa.com/info/?pcode=72913682&cate=112752,데스크탑용,DDR5,64GB(32Gx2),6000MHz (PC5-48000),CL36-36-36-96,1.35V,2개,방열판,RGB,44mm,XMP3.0 / EXPO / 온다이ECC,"데스크탑용 / DDR5 / 6000MHz (PC5-48000) / 램타이밍: CL36-36-36-96 / 1.35V / 램개수: 2개 / LED 라이트 / XMP3.0 / EXPO / 온다이ECC / 히트싱크: 방열판 / 방열판 색상: 화이트 / LED색상: RGB / LED 시스템: AURA SYNC , MYSTIC LIGHT , RGB FUSION , POLYCHROME / 높이: 44mm",2024/12,ok,
2026-10-04T01:48:11+00:00,122727449,G.SKILL DDR5-6000 CL36 TRIDENT Z5 NeoX RGB for AMD ULL 글로시블랙 패키지 (32GB(16Gx2)),https://prod.danawa.com/info/?pcode=122727449&cate=112752,데스크탑용,DDR5,32GB(16Gx2),6000MHz (PC5-48000),CL36-36-36-76,1.35V,2개,방열판,RGB,44mm,EXPO / 온다이ECC,"데스크탑용 / DDR5 / 6000MHz (PC5-48000) / 램타이밍: CL36-36-36-76 / 1.35V / 램개수: 2개 / LED 라이트 / EXPO / 온다이ECC / 히트싱크: 방열판 / 방열판 색상: 블랙 / LED색상: RGB / LED 시스템: AURA SYNC , MYSTIC LIGHT , RGB FUSION , POLYCHROME / 높이: 44mm",2026/07,ok,
2026-10-04T01:48:11+00:00,122727471,G.SKILL DDR5-6000 CL36 TRIDENT Z5 NeoX RGB for AMD ULL 매트블랙 패키지 (32GB(16Gx2)),https://prod.danawa.com/info/?pcode=122727471&cate=112752,데스크탑용,DDR5,32GB(16Gx2),6000MHz (PC5-48000),CL36-36-36-76,1.35V,2개,방열판,RGB,44mm,EXPO / 온다이ECC,"데스크탑용 / DDR5 / 6000MHz (PC5-48000) / 램타이밍: CL36-36-36-76 / 1.35V / 램개수: 2개 / LED 라이트 / EXPO / 온다이ECC / 히트싱크: 방열판 / 방열판 색상: 블랙 / LED색상: RGB / LED 시스템: AURA SYNC , MYSTIC LIGHT , RGB FUSION , POLYCHROME / 높이: 44mm",2026/07,ok,
2026-10-04T01:48:11+00:00,122727477,G.SKILL DDR5-6000 CL36 TRIDENT Z5 NeoX RGB for AMD ULL 매트화이트 패키지 (32GB(16Gx2)),https://prod.danawa.com/info/?pcode=122727477&cate=112752,데스크탑용,DDR5,32GB(16Gx2),6000MHz (PC5-48000),CL36-36-36-76,1.35V,2개,방열판,RGB,44mm,EXPO / 온다이ECC,"데스크탑용 / DDR5 / 6000MHz (PC5-48000) / 램타이밍: CL36-36-36-76 / 1.35V / 램개수: 2개 / LED 라이트 / EXPO / 온다이ECC / 히트싱크: 방열판 / 방열판 색상: 화이트 / LED색상: RGB / LED 시스템: AURA SYNC , MYSTIC LIGHT , RGB FUSION , POLYCHROME / 높이: 44mm",2026/07,ok,
2026-10-04T01:48:11+00:00,16193702,G.SKILL DDR5-6000 CL36 TRIDENT Z5 RGB J 실버 패키지 (32GB(16Gx2)),https://prod.danawa.com/info/?pcode=16193702&cate=112752,데스크탑용,DDR5,32GB(16Gx2),6000MHz (PC5-48000),CL36-36-36-96,1.35V,2개,방열판,RGB,44mm,XMP3.0 / 온다이ECC,"데스크탑용 / DDR5 / 6000MHz (PC5-48000) / 램타이밍: CL36-36-36-96 / 1.35V / 램개수: 2개 / LED 라이트 / XMP3.0 / 온다이ECC / 히트싱크: 방열판 / 방열판 색상: 실버/그레이 / LED색상: RGB / LED 시스템: AURA SYNC , MYSTIC LIGHT , RGB FUSION , POLYCHROME / 높이: 44mm",2022/01,ok,
2026-10-04T01:48:11+00:00,16193474,G.SKILL DDR5-6000 CL36 TRIDENT Z5 RGB J 패키지 (32GB(16Gx2)),https://prod.danawa.com/info/?pcode=16193474&cate=112752,데스크탑용,DDR5,32GB(16Gx2),6000MHz (PC5-48000),CL36-36-36-96,1.35V,2개,방열판,RGB,44mm,XMP3.0 / 온다이ECC,"데스크탑용 / DDR5 / 6000MHz (PC5-48000) / 램타이밍: CL36-36-36-96 / 1.35V / 램개수: 2개 / LED 라이트 / XMP3.0 / 온다이ECC / 히트싱크: 방열판 / 방열판 색상: 블랙 / LED색상: RGB / LED 시스템: AURA SYNC , MYSTIC LIGHT , RGB FUSION , POLYCHROME / 높이: 44mm",2022/01,ok,
2026-10-04T01:48:11+00:00,15980393,G.SKILL DDR5-6000 CL36 TRIDENT Z5 RGB 패키지 (32GB(16Gx2)),https://prod.danawa.com/info/?pcode=15980393&cate=112752,데스크탑용,DDR5,32GB(16Gx2),6000MHz (PC5-48000),CL36-36-36-76,1.30V,2개,방열판,RGB,44mm,XMP3.0 / 온다이ECC,"데스크탑용 / DDR5 / 6000MHz (PC5-48000) / 램타이밍: CL36-36-36-76 / 1.30V / 램개수: 2개 / LED 라이트 / XMP3.0 / 온다이ECC / 히트싱크: 방열판 / 방열판 색상: 블랙 / LED색상: RGB / LED 시스템: AURA SYNC , MYSTIC LIGHT , RGB FUSION , POLYCHROME / 높이: 44mm",2021/12,ok,
2026-10-04T01:48:11+00:00,21639443,G.SKILL DDR5-6000 CL36 TRIDENT Z5 RGB 화이트 패키지 (32GB(16Gx2)),https://prod.danawa.com/info/?pcode=21639443&cate=112752,데스크탑용,DDR5,32GB(16Gx2),6000MHz (PC5-48000),CL36-36-36-96,1.35V,2개,방열판,RGB,44mm,XMP3.0 / 온다이ECC,"데스크탑용 / DDR5 / 6000MHz (PC5-48000) / 램타이밍: CL36-36-36-96 / 1.35V / 램개수: 2개 / LED 라이트 / XMP3.0 / 온다이ECC / 히트싱크: 방열판 / 방열판 색상: 화이트 / LED색상: RGB / LED 시스템: AURA SYNC , MYSTIC LIGHT , RGB FUSION , POLYCHROME / 높이: 44mm",2023/07,ok,
2026-10-04T01:48:11+00:00,67847150,G.SKILL DDR5-6400 CL30 TRIDENT Z5 NEO RGB J 화이트 패키지 (32GB(16Gx2)),https://prod.danawa.com/info/?pcode=67847150&cate=112752,데스크탑용,DDR5,32GB(16Gx2),6400MHz (PC5-51200),CL30-39-39-102,1.40V,2개,방열판,RGB,44mm,EXPO / 온다이ECC,"데스크탑용 / DDR5 / 6400MHz (PC5-51200) / 램타이밍: CL30-39-39-102 / 1.40V / 램개수: 2개 / LED 라이트 / EXPO / 온다이ECC / 히트싱크: 방열판 / 방열판 색상: 화이트 / LED색상: RGB / LED 시스템: AURA SYNC , MYSTIC LIGHT , RGB FUSION , POLYCHROME / 높이: 44mm / 출시가: 214,000원",2024/09,ok,
2026-10-04T01:48:11+00:00,67847408,G.SKILL DDR5-6400 CL30 TRIDENT Z5 ROYAL NEO 실버 패키지 (32GB(16Gx2)),https://prod.danawa.com/info/?pcode=67847408&cate=112752,데스크탑용,DDR5,32GB(16Gx2),6400MHz (PC5-51200),CL30-39-39-102,1.40V,2개,방열판,RGB,44mm,EXPO / 온다이ECC,"데스크탑용 / DDR5 / 6400MHz (PC5-51200) / 램타이밍: CL30-39-39-102 / 1.40V / 램개수: 2개 / LED 라이트 / EXPO / 온다이ECC / 히트싱크: 방열판 / 방열판 색상: 실버/그레이 / LED색상: RGB / LED 시스템: AURA SYNC , MYSTIC LIGHT , RGB FUSION , POLYCHROME / 높이: 44mm / 출시가: 244,000원",2024/09,ok,
2026-10-04T01:48:11+00:00,98576942,G.SKILL DDR5-6400 CL32 G5 ECC/REG 패키지 (128GB(32Gx4)),https://prod.danawa.com/info/?pcode=98576942&cate=112752,서버용,DDR5,128GB(32Gx4),6400MHz (PC5-51200),CL32-39-39-102,1.40V,4개,미포함,,,XMP3.0 / 온다이ECC / ECC,서버용 / DDR5 / 6400MHz (PC5-51200) / 램타이밍: CL32-39-39-102 / 1.40V / 램개수: 4개 / XMP3.0 / 온다이ECC / ECC / REG / 히트싱크: 미포함,2025/10,ok,
2026-10-04T01:48:11+00:00,98572421,G.SKILL DDR5-6400 CL32 G5 ECC/REG 패키지 (192GB(48Gx4)),https://prod.danawa.com/info/?pcode=98572421&cate=112752,서버용,DDR5,192GB(48Gx4),6400MHz (PC5-51200),CL32-39-39-102,1.40V,4개,미포함,,,XMP3.0 / 온다이ECC / ECC,서버용 / DDR5 / 6400MHz (PC5-51200) / 램타이밍: CL32-39-39-102 / 1.40V / 램개수: 4개 / XMP3.0 / 온다이ECC / ECC / REG / 히트싱크: 미포함,2025/10,ok,
2026-10-04T01:48:11+00:00,56152076,G.SKILL DDR5-6400 CL32 RIPJAWS M5 RGB 블랙 패키지 (32GB(16Gx2)),https://prod.danawa.com/info/?pcode=56152076&cate=112752,데스크탑용,DDR5,32GB(16Gx2),6400MHz (PC5-51200),CL32-39-39-102,1.40V,2개,,RGB,41mm,XMP3.0 / 온다이ECC,"데스크탑용 / DDR5 / 6400MHz (PC5-51200) / 램타이밍: CL32-39-39-102 / 1.40V / 램개수: 2개 / LED 라이트 / XMP3.0 / 온다이ECC / 방열판 색상: 블랙 / LED색상: RGB / LED 시스템: AURA SYNC , MYSTIC LIGHT , RGB FUSION , POLYCHROME / 높이: 41mm / 출시가: 184,000원",2024/06,ok,
2026-10-04T01:48:11+00:00,56152055,G.SKILL DDR5-6400 CL32 RIPJAWS M5 RGB 블랙 패키지 (64GB(32Gx2)),https://prod.danawa.com/info/?pcode=56152055&cate=112752,데스크탑용,DDR5,64GB(32Gx2),6400MHz (PC5-51200),CL32-39-39-102,1.40V,2개,,RGB,41mm,XMP3.0,"데스크탑용 / DDR5 / 6400MHz (PC5-51200) / 램타이밍: CL32-39-39-102 / 1.40V / 램개수: 2개 / LED 라이트 / XMP3.0 / 방열판 색상: 블랙 / LED색상: RGB / LED 시스템: AURA SYNC , MYSTIC LIGHT , RGB FUSION , POLYCHROME / 높이: 41mm / 출시가: 348,000원",2024/06,ok,
2026-10-04T01:48:11+00:00,56152154,G.SKILL DDR5-6400 CL32 RIPJAWS M5 RGB 화이트 패키지 (32GB(16Gx2)),https://prod.danawa.com/info/?pcode=56152154&cate=112752,데스크탑용,DDR5,32GB(16Gx2),6400MHz (PC5-51200),CL32-39-39-102,1.40V,2개,,RGB,41mm,XMP3.0 / 온다이ECC,"데스크탑용 / DDR5 / 6400MHz (PC5-51200) / 램타이밍: CL32-39-39-102 / 1.40V / 램개수: 2개 / LED 라이트 / XMP3.0 / 온다이ECC / 방열판 색상: 화이트 / LED색상: RGB / LED 시스템: AURA SYNC , MYSTIC LIGHT , RGB FUSION , POLYCHROME / 높이: 41mm / 출시가: 184,000원",2024/06,ok,
2026-10-04T01:48:11+00:00,56152124,G.SKILL DDR5-6400 CL32 RIPJAWS M5 RGB 화이트 패키지 (64GB(32Gx2)),https://prod.danawa.com/info/?pcode=56152124&cate=112752,데스크탑용,DDR5,64GB(32Gx2),6400MHz (PC5-51200),CL32-39-39-102,1.40V,2개,,RGB,41mm,XMP3.0 / 온다이ECC,"데스크탑용 / DDR5 / 6400MHz (PC5-51200) / 램타이밍: CL32-39-39-102 / 1.40V / 램개수: 2개 / LED 라이트 / XMP3.0 / 온다이ECC / 방열판 색상: 화이트 / LED색상: RGB / LED 시스템: AURA SYNC , MYSTIC LIGHT , RGB FUSION , POLYCHROME / 높이: 41mm / 출시가: 348,000원",2024/06,ok,
2026-10-04T01:48:11+00:00,98613503,G.SKILL DDR5-6400 CL32 T5 NEO ECC/REG 패키지 (128GB(32Gx4)),https://prod.danawa.com/info/?pcode=98613503&cate=112752,서버용,DDR5,128GB(32Gx4),6400MHz (PC5-51200),CL32-39-39-102,1.35V,4개,미포함,,,EXPO / 온다이ECC / ECC,서버용 / DDR5 / 6400MHz (PC5-51200) / 램타이밍: CL32-39-39-102 / 1.35V / 램개수: 4개 / EXPO / 온다이ECC / ECC / REG / 히트싱크: 미포함,2025/10,ok,
2026-10-04T01:48:11+00:00,98613491,G.SKILL DDR5-6400 CL32 T5 NEO ECC/REG 패키지 (192GB(48Gx4)),https://prod.danawa.com/info/?pcode=98613491&cate=112752,서버용,DDR5,192GB(48Gx4),6400MHz (PC5-51200),CL32-39-39-102,1.40V,4개,미포함,,,EXPO / 온다이ECC / ECC,서버용 / DDR5 / 6400MHz (PC5-51200) / 램타이밍: CL32-39-39-102 / 1.40V / 램개수: 4개 / EXPO / 온다이ECC / ECC / REG / 히트싱크: 미포함,2025/10,ok,
2026-10-04T01:48:11+00:00,16272947,G.SKILL DDR5-6400 CL32 TRIDENT Z5 J 실버 패키지 (32GB(16Gx2)),https://prod.danawa.com/info/?pcode=16272947&cate=112752,데스크탑용,DDR5,32GB(16Gx2),6400MHz (PC5-51200),CL32-39-39-102,1.40V,2개,방열판,,44mm,XMP3.0 / 온다이ECC,데스크탑용 / DDR5 / 6400MHz (PC5-51200) / 램타이밍: CL32-39-39-102 / 1.40V / 램개수: 2개 / XMP3.0 / 온다이ECC / 히트싱크: 방열판 / 방열판 색상: 실버/그레이 / 높이: 44mm,2022/01,ok,
2026-10-04T01:48:11+00:00,18036599,G.SKILL DDR5-6400 CL32 TRIDENT Z5 RGB J 실버 패키지 (64GB(32Gx2)),https://prod.danawa.com/info/?pcode=18036599&cate=112752,데스크탑용,DDR5,64GB(32Gx2),6400MHz (PC5-51200),CL32-39-39-102,1.40V,2개,방열판,RGB,44mm,XMP3.0 / 온다이ECC,"데스크탑용 / DDR5 / 6400MHz (PC5-51200) / 램타이밍: CL32-39-39-102 / 1.40V / 램개수: 2개 / LED 라이트 / XMP3.0 / 온다이ECC / 히트싱크: 방열판 / 방열판 색상: 실버/그레이 / LED색상: RGB / LED 시스템: AURA SYNC , MYSTIC LIGHT , RGB FUSION , POLYCHROME / 높이: 44mm",2022/10,ok,
2026-10-04T01:48:11+00:00,16272698,G.SKILL DDR5-6400 CL32 TRIDENT Z5 RGB J 패키지 (32GB(16Gx2)),https://prod.danawa.com/info/?pcode=16272698&cate=112752,데스크탑용,DDR5,32GB(16Gx2),6400MHz (PC5-51200),CL32-39-39-102,1.40V,2개,방열판,RGB,44mm,XMP3.0 / 온다이ECC,"데스크탑용 / DDR5 / 6400MHz (PC5-51200) / 램타이밍: CL32-39-39-102 / 1.40V / 램개수: 2개 / LED 라이트 / XMP3.0 / 온다이ECC / 히트싱크: 방열판 / 방열판 색상: 블랙 / LED색상: RGB / LED 시스템: AURA SYNC , MYSTIC LIGHT , RGB FUSION , POLYCHROME / 높이: 44mm",2022/01,ok,
2026-10-04T01:48:11+00:00,18036602,G.SKILL DDR5-6400 CL32 TRIDENT Z5 RGB J 패키지 (64GB(32Gx2)),https://prod.danawa.com/info/?pcode=18036602&cate=112752,데스크탑용,DDR5,64GB(32Gx2),6400MHz (PC5-51200),CL32-39-39-102,1.40V,2개,방열판,RGB,44mm,XMP3.0 / 온다이ECC,"데스크탑용 / DDR5 / 6400MHz (PC5-51200) / 램타이밍: CL32-39-39-102 / 1.40V / 램개수: 2개 / LED 라이트 / XMP3.0 / 온다이ECC / 히트싱크: 방열판 / 방열판 색상: 블랙 / LED색상: RGB / LED 시스템: AURA SYNC , MYSTIC LIGHT , RGB FUSION , POLYCHROME / 높이: 44mm",2022/10,ok,
2026-10-04T01:48:11+00:00,21639452,G.SKILL DDR5-6400 CL32 TRIDENT Z5 RGB 화이트 패키지 (32GB(16Gx2)),https://prod.danawa.com/info/?pcode=21639452&cate=112752,데스크탑용,DDR5,32GB(16Gx2),6400MHz (PC5-51200),CL32-39-39-102,1.40V,2개,방열판,RGB,44mm,XMP3.0 / 온다이ECC,"데스크탑용 / DDR5 / 6400MHz (PC5-51200) / 램타이밍: CL32-39-39-102 / 1.40V / 램개수: 2개 / LED 라이트 / XMP3.0 / 온다이ECC / 히트싱크: 방열판 / 방열판 색상: 화이트 / LED색상: RGB / LED 시스템: AURA SYNC , MYSTIC LIGHT , RGB FUSION , POLYCHROME / 높이: 44mm",2023/07,ok,
2026-10-04T01:48:11+00:00,21639455,G.SKILL DDR5-6400 CL32 TRIDENT Z5 RGB 화이트 패키지 (64GB(32Gx2)),https://prod.danawa.com/info/?pcode=21639455&cate=112752,데스크탑용,DDR5,64GB(32Gx2),6400MHz (PC5-51200),CL32-39-39-102,1.40V,2개,방열판,RGB,44mm,XMP3.0 / 온다이ECC,"데스크탑용 / DDR5 / 6400MHz (PC5-51200) / 램타이밍: CL32-39-39-102 / 1.40V / 램개수: 2개 / LED 라이트 / XMP3.0 / 온다이ECC / 히트싱크: 방열판 / 방열판 색상: 화이트 / LED색상: RGB / LED 시스템: AURA SYNC , MYSTIC LIGHT , RGB FUSION , POLYCHROME / 높이: 44mm",2023/07,ok,
2026-10-04T01:48:11+00:00,98613434,G.SKILL DDR5-6400 CL36 T5 NEO ECC/REG 패키지 (256GB(64Gx4)),https://prod.danawa.com/info/?pcode=98613434&cate=112752,서버용,DDR5,256GB(64Gx4),6400MHz (PC5-51200),CL36-44-44-102,1.30V,4개,미포함,,,EXPO / 온다이ECC / ECC,서버용 / DDR5 / 6400MHz (PC5-51200) / 램타이밍: CL36-44-44-102 / 1.30V / 램개수: 4개 / EXPO / 온다이ECC / ECC / REG / 히트싱크: 미포함,2025/10,ok,
2026-10-04T01:48:11+00:00,122720502,G.SKILL DDR5-6400 CL52 G5 ECC/REG (32GB),https://prod.danawa.com/info/?pcode=122720502&cate=112752,서버용,DDR5,32GB,6400MHz (PC5-51200),CL52-52-52-102,1.10V,1개,,,32mm,온다이ECC / ECC,서버용 / DDR5 / 6400MHz (PC5-51200) / 램타이밍: CL52-52-52-102 / 1.10V / 램개수: 1개 / 온다이ECC / ECC / REG / 높이: 32mm,2026/07,ok,
2026-10-04T01:48:11+00:00,122720514,G.SKILL DDR5-6400 CL52 G5 ECC/REG (48GB),https://prod.danawa.com/info/?pcode=122720514&cate=112752,서버용,DDR5,48GB,6400MHz (PC5-51200),CL52-52-52-102,1.10V,1개,,,32mm,온다이ECC / ECC,서버용 / DDR5 / 6400MHz (PC5-51200) / 램타이밍: CL52-52-52-102 / 1.10V / 램개수: 1개 / 온다이ECC / ECC / REG / 높이: 32mm,2026/07,ok,
2026-10-04T01:48:11+00:00,122720520,G.SKILL DDR5-6400 CL52 G5 ECC/REG (64GB),https://prod.danawa.com/info/?pcode=122720520&cate=112752,서버용,DDR5,64GB,6400MHz (PC5-51200),CL52-52-52-102,1.10V,1개,,,32mm,온다이ECC / ECC,서버용 / DDR5 / 6400MHz (PC5-51200) / 램타이밍: CL52-52-52-102 / 1.10V / 램개수: 1개 / 온다이ECC / ECC / REG / 높이: 32mm,2026/07,ok,
2026-10-04T01:48:11+00:00,18036605,G.SKILL DDR5-6800 CL34 TRIDENT Z5 RGB J 실버 패키지 (32GB(16Gx2)),https://prod.danawa.com/info/?pcode=18036605&cate=112752,데스크탑용,DDR5,32GB(16Gx2),6800MHz (PC5-54400),CL34-45-45-108,1.40V,2개,방열판,RGB,44mm,XMP3.0 / 온다이ECC,"데스크탑용 / DDR5 / 6800MHz (PC5-54400) / 램타이밍: CL34-45-45-108 / 1.40V / 램개수: 2개 / LED 라이트 / XMP3.0 / 온다이ECC / 히트싱크: 방열판 / 방열판 색상: 실버/그레이 / LED색상: RGB / LED 시스템: AURA SYNC , MYSTIC LIGHT , RGB FUSION , POLYCHROME / 높이: 44mm",2022/10,ok,
2026-10-04T01:48:11+00:00,18036644,G.SKILL DDR5-7200 CL34 TRIDENT Z5 RGB J 실버 패키지 (32GB(16Gx2)),https://prod.danawa.com/info/?pcode=18036644&cate=112752,데스크탑용,DDR5,32GB(16Gx2),7200MHz (PC5-57600),CL34-45-45-115,1.40V,2개,방열판,RGB,44mm,XMP3.0 / 온다이ECC,"데스크탑용 / DDR5 / 7200MHz (PC5-57600) / 램타이밍: CL34-45-45-115 / 1.40V / 램개수: 2개 / LED 라이트 / XMP3.0 / 온다이ECC / 히트싱크: 방열판 / 방열판 색상: 실버/그레이 / LED색상: RGB / LED 시스템: AURA SYNC , MYSTIC LIGHT , RGB FUSION , POLYCHROME / 높이: 44mm",2022/10,ok,
2026-10-04T01:48:11+00:00,20019989,G.SKILL DDR5-7200 CL36 TRIDENT Z5 RGB J 실버 패키지 (48GB(24Gx2)),https://prod.danawa.com/info/?pcode=20019989&cate=112752,데스크탑용,DDR5,48GB(24Gx2),7200MHz (PC5-57600),CL36-46-46-115,1.35V,2개,방열판,RGB,44mm,XMP3.0 / 온다이ECC,"데스크탑용 / DDR5 / 7200MHz (PC5-57600) / 램타이밍: CL36-46-46-115 / 1.35V / 램개수: 2개 / LED 라이트 / XMP3.0 / 온다이ECC / 히트싱크: 방열판 / 방열판 색상: 실버 / LED색상: RGB / LED 시스템: AURA SYNC , MYSTIC LIGHT , RGB FUSION , POLYCHROME / 높이: 44mm",2023/05,ok,
2026-10-04T01:48:11+00:00,18036659,G.SKILL DDR5-7600 CL36 TRIDENT Z5 RGB J 실버 패키지 (32GB(16Gx2)),https://prod.danawa.com/info/?pcode=18036659&cate=112752,데스크탑용,DDR5,32GB(16Gx2),7600MHz (PC5-60800),CL36-46-46-121,1.40V,2개,방열판,RGB,44mm,XMP3.0 / 온다이ECC,"데스크탑용 / DDR5 / 7600MHz (PC5-60800) / 램타이밍: CL36-46-46-121 / 1.40V / 램개수: 2개 / LED 라이트 / XMP3.0 / 온다이ECC / 히트싱크: 방열판 / 방열판 색상: 실버/그레이 / LED색상: RGB / LED 시스템: AURA SYNC , MYSTIC LIGHT , RGB FUSION , POLYCHROME / 높이: 44mm",2022/10,ok,
2026-10-04T01:48:11+00:00,18036662,G.SKILL DDR5-7600 CL36 TRIDENT Z5 RGB J 패키지 (32GB(16Gx2)),https://prod.danawa.com/info/?pcode=18036662&cate=112752,데스크탑용,DDR5,32GB(16Gx2),7600MHz (PC5-60800),CL36-46-46-121,1.40V,2개,방열판,RGB,44mm,XMP3.0 / 온다이ECC,"데스크탑용 / DDR5 / 7600MHz (PC5-60800) / 램타이밍: CL36-46-46-121 / 1.40V / 램개수: 2개 / LED 라이트 / XMP3.0 / 온다이ECC / 히트싱크: 방열판 / 방열판 색상: 블랙 / LED색상: RGB / LED 시스템: AURA SYNC , MYSTIC LIGHT , RGB FUSION , POLYCHROME / 높이: 44mm",2022/10,ok,
2026-10-04T01:48:11+00:00,7954927,G.SKILL 노트북 DDR4-2666 CL19 RIPJAWS (16GB),https://prod.danawa.com/info/?pcode=7954927&cate=112752,노트북용,DDR4,16GB,2666MHz (PC4-21300),CL19-19-19-43,1.20V,1개,방열판,,,XMP,노트북용 / DDR4 / 2666MHz (PC4-21300) / 램타이밍: CL19-19-19-43 / 1.20V / 램개수: 1개 / XMP / 히트싱크: 방열판 / 방열판 색상: 실버/그레이,2019/05,ok,
2026-10-04T01:48:11+00:00,7954897,G.SKILL 노트북 DDR4-2666 CL19 RIPJAWS (8GB),https://prod.danawa.com/info/?pcode=7954897&cate=112752,노트북용,DDR4,8GB,2666MHz (PC4-21300),CL19-19-19-43,1.20V,1개,방열판,,,XMP,노트북용 / DDR4 / 2666MHz (PC4-21300) / 램타이밍: CL19-19-19-43 / 1.20V / 램개수: 1개 / XMP / 히트싱크: 방열판 / 방열판 색상: 실버/그레이,2019/05,ok,
2026-10-04T01:48:11+00:00,12247292,G.SKILL 노트북 DDR4-3200 CL22 RIPJAWS (32GB),https://prod.danawa.com/info/?pcode=12247292&cate=112752,노트북용,DDR4,32GB,3200MHz (PC4-25600),CL22-22-22-52,1.20V,1개,미포함,,,XMP,노트북용 / DDR4 / 3200MHz (PC4-25600) / 램타이밍: CL22-22-22-52 / 1.20V / 램개수: 1개 / XMP / 히트싱크: 미포함,2020/09,ok,
2026-10-04T01:48:11+00:00,12247244,G.SKILL 노트북 DDR4-3200 CL22 RIPJAWS (8GB),https://prod.danawa.com/info/?pcode=12247244&cate=112752,노트북용,DDR4,8GB,3200MHz (PC4-25600),CL22-22-22-52,1.20V,1개,미포함,,,XMP,노트북용 / DDR4 / 3200MHz (PC4-25600) / 램타이밍: CL22-22-22-52 / 1.20V / 램개수: 1개 / XMP / 히트싱크: 미포함,2020/09,ok,
2026-10-04T01:48:11+00:00,31050617,G.SKILL 노트북 DDR5-4800 CL40 RIPJAWS (16GB),https://prod.danawa.com/info/?pcode=31050617&cate=112752,노트북용,DDR5,16GB,4800MHz (PC5-38400),CL40-39-39-76,1.10V,1개,미포함,,30mm,온다이ECC,노트북용 / DDR5 / 4800MHz (PC5-38400) / 램타이밍: CL40-39-39-76 / 1.10V / 램개수: 1개 / 온다이ECC / 히트싱크: 미포함 / 높이: 30mm,2023/12,ok,
2026-10-04T01:48:11+00:00,7076107,GLOWAY DDR4-3000 TYPE-B 패키지 (16GB(8Gx2)),https://prod.danawa.com/info/?pcode=7076107&cate=112752,데스크탑용,DDR4,16GB(8Gx2),3000MHz (PC4-24000),CL16-18-18-38,1.35V,2개,방열판,RGB,,,"데스크탑용 / DDR4 / 3000MHz (PC4-24000) / 램타이밍: CL16-18-18-38 / 1.35V / 램개수: 2개 / LED 라이트 / 히트싱크: 방열판 / 방열판 색상: 블랙 / LED색상: RGB / LED 시스템: AURA SYNC , POWEV Lighting",2019/01,ok,
2026-10-04T01:48:11+00:00,105182120,GUDGA DDR4-3200 CL22 (16GB),https://prod.danawa.com/info/?pcode=105182120&cate=112752,데스크탑용,DDR4,16GB,3200MHz (PC4-25600),CL22,1.20V,1개,미포함,,41mm,,데스크탑용 / DDR4 / 3200MHz (PC4-25600) / 램타이밍: CL22 / 1.20V / 램개수: 1개 / 히트싱크: 미포함 / 높이: 41mm / 모듈제조사: 삼성전자,2026/02,ok,
2026-10-04T01:48:11+00:00,106746152,GUDGA DDR4-3200 CL22 (32GB),https://prod.danawa.com/info/?pcode=106746152&cate=112752,데스크탑용,DDR4,32GB,3200MHz (PC4-25600),CL22,1.20V,1개,미포함,,41mm,,데스크탑용 / DDR4 / 3200MHz (PC4-25600) / 램타이밍: CL22 / 1.20V / 램개수: 1개 / 히트싱크: 미포함 / 높이: 41mm / 모듈제조사: 삼성전자,2026/03,ok,
2026-10-04T01:48:11+00:00,5528834,GeIL DDR4-2400 CL17 PRISTINE (8GB),https://prod.danawa.com/info/?pcode=5528834&cate=112752,데스크탑용,DDR4,8GB,2400MHz (PC4-19200),CL17-17-17-39,1.20V,1개,미포함,,,,데스크탑용 / DDR4 / 2400MHz (PC4-19200) / 램타이밍: CL17-17-17-39 / 1.20V / 램개수: 1개 / 히트싱크: 미포함,2017/09,ok,
2026-10-04T01:48:11+00:00,6168351,GeIL DDR4-2666 CL19 PRISTINE (16GB),https://prod.danawa.com/info/?pcode=6168351&cate=112752,데스크탑용,DDR4,16GB,2666MHz (PC4-21300),CL19-19-19-43,1.20V,1개,미포함,,,,데스크탑용 / DDR4 / 2666MHz (PC4-21300) / 램타이밍: CL19-19-19-43 / 1.20V / 램개수: 1개 / 히트싱크: 미포함 / 벌크 여부 확인요망,2018/05,ok,
2026-10-04T01:48:11+00:00,6168338,GeIL DDR4-2666 CL19 PRISTINE (8GB),https://prod.danawa.com/info/?pcode=6168338&cate=112752,데스크탑용,DDR4,8GB,2666MHz (PC4-21300),CL19-19-19-43,1.20V,1개,미포함,,,,데스크탑용 / DDR4 / 2666MHz (PC4-21300) / 램타이밍: CL19-19-19-43 / 1.20V / 램개수: 1개 / 히트싱크: 미포함 / 벌크 여부 확인요망,2018/05,ok,
2026-10-04T01:48:11+00:00,6171958,GeIL DDR4-2666 CL19 SUPER LUCE RGB Sync 블랙 (8GB),https://prod.danawa.com/info/?pcode=6171958&cate=112752,데스크탑용,DDR4,8GB,2666MHz (PC4-21300),CL19-19-19-43,1.20V,1개,방열판,RGB,,,"데스크탑용 / DDR4 / 2666MHz (PC4-21300) / 램타이밍: CL19-19-19-43 / 1.20V / 램개수: 1개 / LED 라이트 / 히트싱크: 방열판 / 방열판 색상: 블랙 / LED색상: RGB / LED 시스템: MYSTIC LIGHT , RGB FUSION , POLYCHROME , AURA SYNC",2018/05,ok,
2026-10-04T01:48:11+00:00,10859097,GeIL DDR4-3200 CL22 PRISTINE (16GB),https://prod.danawa.com/info/?pcode=10859097&cate=112752,데스크탑용,DDR4,16GB,3200MHz (PC4-25600),CL22-22-22-52,1.20V,1개,미포함,,,,데스크탑용 / DDR4 / 3200MHz (PC4-25600) / 램타이밍: CL22-22-22-52 / 1.20V / 램개수: 1개 / 히트싱크: 미포함,2020/03,ok,
2026-10-04T01:48:11+00:00,10859073,GeIL DDR4-3200 CL22 PRISTINE (8GB),https://prod.danawa.com/info/?pcode=10859073&cate=112752,데스크탑용,DDR4,8GB,3200MHz (PC4-25600),CL22-22-22-52,1.20V,1개,미포함,,,,데스크탑용 / DDR4 / 3200MHz (PC4-25600) / 램타이밍: CL22-22-22-52 / 1.20V / 램개수: 1개 / 히트싱크: 미포함,2020/03,ok,
2026-10-04T01:48:11+00:00,14613242,GeIL DDR4-3600 CL18-22-22 SUPER LUCE RGB Sync 블랙 패키지 (16GB(8Gx2)),https://prod.danawa.com/info/?pcode=14613242&cate=112752,데스크탑용,DDR4,16GB(8Gx2),3600MHz (PC4-28800),CL18-22-22-42,1.35V,2개,방열판,RGB,,XMP,"데스크탑용 / DDR4 / 3600MHz (PC4-28800) / 램타이밍: CL18-22-22-42 / 1.35V / 램개수: 2개 / LED 라이트 / XMP / 히트싱크: 방열판 / 방열판 색상: 블랙 / LED색상: RGB / LED 시스템: AURA SYNC , MYSTIC LIGHT , RGB FUSION , POLYCHROME",2021/06,ok,
2026-10-04T01:48:11+00:00,21695018,GeIL DDR5-4800 CL40 PRISTINE V (16GB),https://prod.danawa.com/info/?pcode=21695018&cate=112752,데스크탑용,DDR5,16GB,4800MHz (PC5-38400),CL40-40-40-77,1.10V,1개,미포함,,,온다이ECC,데스크탑용 / DDR5 / 4800MHz (PC5-38400) / 램타이밍: CL40-40-40-77 / 1.10V / 램개수: 1개 / 온다이ECC / 히트싱크: 미포함,2023/07,ok,
2026-10-04T01:48:11+00:00,21695117,GeIL DDR5-5200 CL42 PRISTINE V (16GB),https://prod.danawa.com/info/?pcode=21695117&cate=112752,데스크탑용,DDR5,16GB,5200MHz (PC5-41600),CL42-42-42-84,1.10V,1개,미포함,,31.3mm,온다이ECC,데스크탑용 / DDR5 / 5200MHz (PC5-41600) / 램타이밍: CL42-42-42-84 / 1.10V / 램개수: 1개 / 온다이ECC / 히트싱크: 미포함 / 높이: 31.3mm,2023/07,ok,
2026-10-04T01:48:11+00:00,22169387,GeIL DDR5-5600 CL38 ORION V RGB 패키지 (32GB(16Gx2)),https://prod.danawa.com/info/?pcode=22169387&cate=112752,데스크탑용,DDR5,32GB(16Gx2),5600MHz (PC5-44800),CL38-44-44-84,1.35V,2개,방열판,RGB,38mm,XMP3.0 / EXPO / 온다이ECC,"데스크탑용 / DDR5 / 5600MHz (PC5-44800) / 램타이밍: CL38-44-44-84 / 1.35V / 램개수: 2개 / LED 라이트 / XMP3.0 / EXPO / 온다이ECC / 히트싱크: 방열판 / 방열판 색상: 그레이 / LED색상: RGB / LED 시스템: AURA SYNC , MYSTIC LIGHT , RGB FUSION , POLYCHROME / 높이: 38mm / 24년 10월부로 동작전압 변경",2023/07,ok,
2026-10-04T01:48:11+00:00,21695174,GeIL DDR5-5600 CL46 PRISTINE V (16GB),https://prod.danawa.com/info/?pcode=21695174&cate=112752,데스크탑용,DDR5,16GB,5600MHz (PC5-44800),CL46-46-46-90,1.10V,1개,미포함,,31.3mm,XMP3.0 / 온다이ECC,데스크탑용 / DDR5 / 5600MHz (PC5-44800) / 램타이밍: CL46-46-46-90 / 1.10V / 램개수: 1개 / XMP3.0 / 온다이ECC / 히트싱크: 미포함 / 높이: 31.3mm,2023/07,ok,
2026-10-04T01:48:11+00:00,122725556,GeIL DDR5-6000 CL36 GEMINI RGB Gray 패키지 (32GB(16Gx2)),https://prod.danawa.com/info/?pcode=122725556&cate=112752,데스크탑용,DDR5,32GB(16Gx2),6000MHz (PC5-48000),CL36-48-48-96,1.35V,2개,방열판,RGB,,XMP3.0 / EXPO / 온다이ECC,"데스크탑용 / DDR5 / 6000MHz (PC5-48000) / 램타이밍: CL36-48-48-96 / 1.35V / 램개수: 2개 / LED 라이트 / XMP3.0 / EXPO / 온다이ECC / 히트싱크: 방열판 / 방열판 색상: 그레이 / LED색상: RGB / LED 시스템: AURA SYNC , MYSTIC LIGHT , RGB FUSION , POLYCHROME , RGB SYNC",2026/07,ok,
2026-10-04T01:48:11+00:00,122725544,GeIL DDR5-6000 CL36 GEMINI RGB White 패키지 (32GB(16Gx2)),https://prod.danawa.com/info/?pcode=122725544&cate=112752,데스크탑용,DDR5,32GB(16Gx2),6000MHz (PC5-48000),CL36-48-48-96,1.35V,2개,방열판,RGB,,XMP3.0 / EXPO / 온다이ECC,"데스크탑용 / DDR5 / 6000MHz (PC5-48000) / 램타이밍: CL36-48-48-96 / 1.35V / 램개수: 2개 / LED 라이트 / XMP3.0 / EXPO / 온다이ECC / 히트싱크: 방열판 / 방열판 색상: 화이트 / LED색상: RGB / LED 시스템: AURA SYNC , MYSTIC LIGHT , RGB FUSION , POLYCHROME , RGB SYNC",2026/07,ok,
2026-10-04T01:48:11+00:00,103599704,GeIL DDR5-6000 CL36 ORION V RGB WHITE 패키지 (32GB(16Gx2)),https://prod.danawa.com/info/?pcode=103599704&cate=112752,데스크탑용,DDR5,32GB(16Gx2),6000MHz (PC5-48000),CL36-48-48-96,1.35V,2개,방열판,RGB,,XMP3.0 / EXPO / 온다이ECC,"데스크탑용 / DDR5 / 6000MHz (PC5-48000) / 램타이밍: CL36-48-48-96 / 1.35V / 램개수: 2개 / LED 라이트 / XMP3.0 / EXPO / 온다이ECC / 히트싱크: 방열판 / 방열판 색상: 화이트 / LED색상: RGB / LED 시스템: AURA SYNC , MYSTIC LIGHT , RGB FUSION , POLYCHROME , RGB SYNC",2026/01,ok,
2026-10-04T01:48:11+00:00,103416014,GeIL DDR5-6000 CL36 ORION V RGB 패키지 (32GB(16Gx2)),https://prod.danawa.com/info/?pcode=103416014&cate=112752,데스크탑용,DDR5,32GB(16Gx2),6000MHz (PC5-48000),CL36-48-48-96,1.35V,2개,방열판,RGB,,XMP3.0 / EXPO / 온다이ECC,"데스크탑용 / DDR5 / 6000MHz (PC5-48000) / 램타이밍: CL36-48-48-96 / 1.35V / 램개수: 2개 / LED 라이트 / XMP3.0 / EXPO / 온다이ECC / 히트싱크: 방열판 / 방열판 색상: 그레이 / LED색상: RGB / LED 시스템: AURA SYNC , MYSTIC LIGHT , RGB FUSION , POLYCHROME , RGB SYNC",2026/01,ok,
2026-10-04T01:48:11+00:00,11682767,GeIL 노트북 DDR4-3200 CL22 (16GB),https://prod.danawa.com/info/?pcode=11682767&cate=112752,노트북용,DDR4,16GB,3200MHz (PC4-25600),CL22-22-22-52,1.20V,1개,미포함,,,,노트북용 / DDR4 / 3200MHz (PC4-25600) / 램타이밍: CL22-22-22-52 / 1.20V / 램개수: 1개 / 히트싱크: 미포함,2020/06,ok,
2026-10-04T01:48:11+00:00,11682743,GeIL 노트북 DDR4-3200 CL22 (8GB),https://prod.danawa.com/info/?pcode=11682743&cate=112752,노트북용,DDR4,8GB,3200MHz (PC4-25600),CL22-22-22-52,1.20V,1개,미포함,,,,노트북용 / DDR4 / 3200MHz (PC4-25600) / 램타이밍: CL22-22-22-52 / 1.20V / 램개수: 1개 / 히트싱크: 미포함,2020/06,ok,
2026-10-04T01:48:11+00:00,97365275,GeIL 노트북 DDR5-5600 CL46 (16GB),https://prod.danawa.com/info/?pcode=97365275&cate=112752,노트북용,DDR5,16GB,5600MHz (PC5-44800),CL46-46-46-90,1.10V,1개,미포함,,,온다이ECC,노트북용 / DDR5 / 5600MHz (PC5-44800) / 램타이밍: CL46-46-46-90 / 1.10V / 램개수: 1개 / 온다이ECC / 히트싱크: 미포함,2025/09,ok,
2026-10-04T01:48:11+00:00,28775711,HIKSEMI DDR4-3200 CL18 HIKER (16GB),https://prod.danawa.com/info/?pcode=28775711&cate=112752,데스크탑용,DDR4,16GB,3200MHz (PC4-25600),CL18,1.20V,1개,미포함,,31.25mm,XMP,데스크탑용 / DDR4 / 3200MHz (PC4-25600) / 램타이밍: CL18 / 1.20V / 램개수: 1개 / XMP / 히트싱크: 미포함 / 높이: 31.25mm / 26년 9월부로 XMP 기능 추가,2023/10,ok,
2026-10-04T01:48:11+00:00,28775612,HIKSEMI DDR4-3200 CL18 HIKER (8GB),https://prod.danawa.com/info/?pcode=28775612&cate=112752,데스크탑용,DDR4,8GB,3200MHz (PC4-25600),CL18,1.20V,1개,미포함,,31.25mm,XMP,데스크탑용 / DDR4 / 3200MHz (PC4-25600) / 램타이밍: CL18 / 1.20V / 램개수: 1개 / XMP / 히트싱크: 미포함 / 높이: 31.25mm / 26년 9월부로 XMP 기능 추가,2023/10,ok,
2026-10-04T01:48:11+00:00,97841867,HIKSEMI DDR4-3200 CL18 HIKER 중고 (16GB),https://prod.danawa.com/info/?pcode=97841867&cate=112752,데스크탑용,DDR4,16GB,3200MHz (PC4-25600),CL18,1.20V,1개,미포함,,31.25mm,XMP,데스크탑용 / DDR4 / 3200MHz (PC4-25600) / 램타이밍: CL18 / 1.20V / 램개수: 1개 / XMP / 히트싱크: 미포함 / 높이: 31.25mm / 26년 9월부로 XMP 기능 추가,2023/10,ok,
2026-10-04T01:48:11+00:00,96426677,HIKSEMI DDR5-5600 CL46 HIKER (16GB),https://prod.danawa.com/info/?pcode=96426677&cate=112752,데스크탑용,DDR5,16GB,5600MHz (PC5-44800),CL46-46-46-90,1.10V,1개,미포함,,,온다이ECC,데스크탑용 / DDR5 / 5600MHz (PC5-44800) / 램타이밍: CL46-46-46-90 / 1.10V / 램개수: 1개 / 온다이ECC / 히트싱크: 미포함,2025/08,ok,
2026-10-04T01:48:11+00:00,100691795,HIKSEMI DDR5-6000 CL38 FUTURE RGB BLACK 패키지 (32GB(16Gx2)),https://prod.danawa.com/info/?pcode=100691795&cate=112752,데스크탑용,DDR5,32GB(16Gx2),6000MHz (PC5-48000),CL38,1.40V,2개,방열판,RGB,31.25mm,XMP3.0 / EXPO / 온다이ECC,"데스크탑용 / DDR5 / 6000MHz (PC5-48000) / 램타이밍: CL38 / 1.40V / 램개수: 2개 / LED 라이트 / XMP3.0 / EXPO / 온다이ECC / 히트싱크: 방열판 / 방열판 색상: 블랙 / LED색상: RGB / LED 시스템: AURA SYNC , MYSTIC LIGHT , RGB FUSION , POLYCHROME / 높이: 31.25mm",2025/11,ok,
2026-10-04T01:48:11+00:00,100691819,HIKSEMI DDR5-6000 CL38 FUTURE RGB WHITE 패키지 (32GB(16Gx2)),https://prod.danawa.com/info/?pcode=100691819&cate=112752,데스크탑용,DDR5,32GB(16Gx2),6000MHz (PC5-48000),CL38,1.40V,2개,방열판,RGB,31.25mm,XMP3.0 / EXPO / 온다이ECC,"데스크탑용 / DDR5 / 6000MHz (PC5-48000) / 램타이밍: CL38 / 1.40V / 램개수: 2개 / LED 라이트 / XMP3.0 / EXPO / 온다이ECC / 히트싱크: 방열판 / 방열판 색상: 화이트 / LED색상: RGB / LED 시스템: AURA SYNC , MYSTIC LIGHT , RGB FUSION , POLYCHROME / 높이: 31.25mm",2025/11,ok,
2026-10-04T01:48:11+00:00,13254080,HP DDR3-1333 중고 (4GB),https://prod.danawa.com/info/?pcode=13254080&cate=112752,서버용,DDR3,4GB,1333MHz (PC3-10600),,,1개,미포함,,,,서버용 / DDR3 / 1333MHz (PC3-10600) / 램개수: 1개 / 히트싱크: 미포함,2021/01,ok,
2026-10-04T01:48:11+00:00,122616837,Lexar DDR5-5600 아인스시스템 (16GB),https://prod.danawa.com/info/?pcode=122616837&cate=112752,데스크탑용,DDR5,16GB,5600MHz (PC5-44800),CL46-45-45-90,1.10V,1개,미포함,,31.25mm,,데스크탑용 / DDR5 / 5600MHz (PC5-44800) / 램타이밍: CL46-45-45-90 / 1.10V / 램개수: 1개 / 히트싱크: 미포함 / 높이: 31.25mm,2026/04,ok,
2026-10-04T01:48:11+00:00,123993288,Lexar 노트북 DDR5-5600 (16GB),https://prod.danawa.com/info/?pcode=123993288&cate=112752,노트북용,DDR5,16GB,5600MHz (PC5-44800),CL46-45-45-90,1.10V,1개,,,30mm,,노트북용 / DDR5 / 5600MHz (PC5-44800) / 램타이밍: CL46-45-45-90 / 1.10V / 램개수: 1개 / 높이: 30mm,2026/08,ok,
2026-10-04T01:48:11+00:00,123993321,Lexar 노트북 DDR5-5600 (32GB),https://prod.danawa.com/info/?pcode=123993321&cate=112752,노트북용,DDR5,32GB,5600MHz (PC5-44800),CL46-45-45-90,1.10V,1개,,,30mm,,노트북용 / DDR5 / 5600MHz (PC5-44800) / 램타이밍: CL46-45-45-90 / 1.10V / 램개수: 1개 / 높이: 30mm,2026/08,ok,
2026-10-04T01:48:11+00:00,13723196,OLOy DDR4-3600 CL18 BLADE RGB Black 패키지 (32GB(16Gx2)),https://prod.danawa.com/info/?pcode=13723196&cate=112752,데스크탑용,DDR4,32GB(16Gx2),3600MHz (PC4-28800),CL18-22-22-42,1.35V,2개,방열판,RGB,,XMP,"데스크탑용 / DDR4 / 3600MHz (PC4-28800) / 램타이밍: CL18-22-22-42 / 1.35V / 램개수: 2개 / LED 라이트 / XMP / 히트싱크: 방열판 / 방열판 색상: 블랙 / LED색상: RGB / LED 시스템: AURA SYNC , MYSTIC LIGHT , RGB FUSION , POLYCHROME / 2021년 9월부로 온도센서 없음",2021/03,ok,
2026-10-04T01:48:11+00:00,122637031,OLOy DDR5-5600 CL36 BLADE RGB MIRROR 패키지 올로코리아 (32GB(16Gx2)),https://prod.danawa.com/info/?pcode=122637031&cate=112752,데스크탑용,DDR5,32GB(16Gx2),5600MHz (PC5-44800),CL36-38-38-76,1.25V,2개,방열판,RGB,39mm,XMP3.0 / 온다이ECC,"데스크탑용 / DDR5 / 5600MHz (PC5-44800) / 램타이밍: CL36-38-38-76 / 1.25V / 램개수: 2개 / LED 라이트 / XMP3.0 / 온다이ECC / 히트싱크: 방열판 / 방열판 색상: 실버/그레이 / LED색상: RGB / LED 시스템: AURA SYNC , MYSTIC LIGHT , RGB FUSION , POLYCHROME / 높이: 39mm",2026/04,ok,
2026-10-04T01:48:11+00:00,100700621,OLOy DDR5-5600 CL40 BLADE RGB BLACK 패키지 올로코리아 (32GB(16Gx2)),https://prod.danawa.com/info/?pcode=100700621&cate=112752,데스크탑용,DDR5,32GB(16Gx2),5600MHz (PC5-44800),CL40-40-40-76,1.25V,2개,방열판,RGB,39mm,XMP3.0 / EXPO / 온다이ECC,"데스크탑용 / DDR5 / 5600MHz (PC5-44800) / 램타이밍: CL40-40-40-76 / 1.25V / 램개수: 2개 / LED 라이트 / XMP3.0 / EXPO / 온다이ECC / 히트싱크: 방열판 / 방열판 색상: 블랙 / LED색상: RGB / LED 시스템: AURA SYNC , MYSTIC LIGHT , RGB FUSION , POLYCHROME / 높이: 39mm",2025/11,ok,
2026-10-04T01:48:11+00:00,17770829,OLOy DDR5-6000 CL32 BLADE RGB MIRROR 패키지 올로코리아 (32GB(16Gx2)),https://prod.danawa.com/info/?pcode=17770829&cate=112752,데스크탑용,DDR5,32GB(16Gx2),6000MHz (PC5-48000),CL32-38-38-76,1.35V,2개,방열판,RGB,39mm,온다이ECC,"데스크탑용 / DDR5 / 6000MHz (PC5-48000) / 램타이밍: CL32-38-38-76 / 1.35V / 램개수: 2개 / LED 라이트 / 온다이ECC / 온도센서 / 히트싱크: 방열판 / 방열판 색상: 실버/그레이 / LED색상: RGB / LED 시스템: AURA SYNC , MYSTIC LIGHT , RGB FUSION , POLYCHROME / 높이: 39mm / 모듈제조사: SK하이닉스 / A다이 언락",2022/09,ok,
2026-10-04T01:48:11+00:00,104938637,OLOy DDR5-6000 CL36 BLADE BLACK 패키지 올로코리아 (32GB(16Gx2)),https://prod.danawa.com/info/?pcode=104938637&cate=112752,데스크탑용,DDR5,32GB(16Gx2),6000MHz (PC5-48000),CL36-44-44-96,1.35V,2개,방열판,,39mm,XMP3.0 / EXPO / 온다이ECC,데스크탑용 / DDR5 / 6000MHz (PC5-48000) / 램타이밍: CL36-44-44-96 / 1.35V / 램개수: 2개 / XMP3.0 / EXPO / 온다이ECC / 히트싱크: 방열판 / 방열판 색상: 블랙 / 높이: 39mm,2026/01,ok,
2026-10-04T01:48:11+00:00,104938703,OLOy DDR5-6800 CL32 BLADE BLACK 패키지 올로코리아 (32GB(16Gx2)),https://prod.danawa.com/info/?pcode=104938703&cate=112752,데스크탑용,DDR5,32GB(16Gx2),6800MHz (PC5-54400),CL32-42-42-109,1.45V,2개,방열판,,39mm,XMP3.0 / EXPO / 온다이ECC,데스크탑용 / DDR5 / 6800MHz (PC5-54400) / 램타이밍: CL32-42-42-109 / 1.45V / 램개수: 2개 / XMP3.0 / EXPO / 온다이ECC / 히트싱크: 방열판 / 방열판 색상: 블랙 / 높이: 39mm,2026/01,ok,
2026-10-04T01:48:11+00:00,18920459,OLOy DDR5-7600 CL36 BLADE RGB MIRROR 패키지 올로코리아 (32GB(16Gx2)),https://prod.danawa.com/info/?pcode=18920459&cate=112752,데스크탑용,DDR5,32GB(16Gx2),7600MHz (PC5-60800),CL36-46-46-126,1.45V,2개,방열판,RGB,39mm,온다이ECC,"데스크탑용 / DDR5 / 7600MHz (PC5-60800) / 램타이밍: CL36-46-46-126 / 1.45V / 램개수: 2개 / LED 라이트 / 온다이ECC / 온도센서 / 히트싱크: 방열판 / 방열판 색상: 실버/그레이 / LED색상: RGB / LED 시스템: AURA SYNC , MYSTIC LIGHT , RGB FUSION , POLYCHROME / 높이: 39mm / 모듈제조사: SK하이닉스 / A다이 언락",2023/02,ok,
2026-10-04T01:48:11+00:00,107983655,OSCOO DDR5-5600 CL46 아스크텍 (16GB),https://prod.danawa.com/info/?pcode=107983655&cate=112752,데스크탑용,DDR5,16GB,5600MHz (PC5-44800),CL46-45-45,1.10V,1개,미포함,,31mm,온다이ECC,데스크탑용 / DDR5 / 5600MHz (PC5-44800) / 램타이밍: CL46-45-45 / 1.10V / 램개수: 1개 / 온다이ECC / 히트싱크: 미포함 / 높이: 31mm,2026/03,ok,
2026-10-04T01:48:11+00:00,107983472,OSCOO DDR5-5600 CL46 아스크텍 (8GB),https://prod.danawa.com/info/?pcode=107983472&cate=112752,데스크탑용,DDR5,8GB,5600MHz (PC5-44800),CL46-45-45,1.10V,1개,미포함,,31mm,온다이ECC,데스크탑용 / DDR5 / 5600MHz (PC5-44800) / 램타이밍: CL46-45-45 / 1.10V / 램개수: 1개 / 온다이ECC / 히트싱크: 미포함 / 높이: 31mm,2026/03,ok,
2026-10-04T01:48:11+00:00,11445216,PATRIOT DDR4-3200 CL22 SIGNATURE (16GB),https://prod.danawa.com/info/?pcode=11445216&cate=112752,데스크탑용,DDR4,16GB,3200MHz (PC4-25600),CL22-22-22-52,1.20V,1개,미포함,,31mm,,데스크탑용 / DDR4 / 3200MHz (PC4-25600) / 램타이밍: CL22-22-22-52 / 1.20V / 램개수: 1개 / 히트싱크: 미포함 / 높이: 31mm / 2022년 12월부로 유통사변경,2020/06,ok,
2026-10-04T01:48:11+00:00,11445219,PATRIOT DDR4-3200 CL22 SIGNATURE (32GB),https://prod.danawa.com/info/?pcode=11445219&cate=112752,데스크탑용,DDR4,32GB,3200MHz (PC4-25600),CL22-22-22-52,1.20V,1개,미포함,,31mm,,데스크탑용 / DDR4 / 3200MHz (PC4-25600) / 램타이밍: CL22-22-22-52 / 1.20V / 램개수: 1개 / 히트싱크: 미포함 / 높이: 31mm / 2022년 12월부로 유통사변경,2020/06,ok,
2026-10-04T01:48:11+00:00,11445204,PATRIOT DDR4-3200 CL22 SIGNATURE (8GB),https://prod.danawa.com/info/?pcode=11445204&cate=112752,데스크탑용,DDR4,8GB,3200MHz (PC4-25600),CL22-22-22-52,1.20V,1개,미포함,,31mm,,데스크탑용 / DDR4 / 3200MHz (PC4-25600) / 램타이밍: CL22-22-22-52 / 1.20V / 램개수: 1개 / 히트싱크: 미포함 / 높이: 31mm / 2022년 12월부로 유통사변경,2020/06,ok,
2026-10-04T01:48:11+00:00,71501129,PATRIOT DDR5-5600 CL36 VIPER Elite 5 RGB (32GB),https://prod.danawa.com/info/?pcode=71501129&cate=112752,데스크탑용,DDR5,32GB,5600MHz (PC5-44800),CL36-36-36-68,1.35V,1개,방열판,RGB,44mm,XMP3.0 / EXPO / 온다이ECC,"데스크탑용 / DDR5 / 5600MHz (PC5-44800) / 램타이밍: CL36-36-36-68 / 1.35V / 램개수: 1개 / LED 라이트 / XMP3.0 / EXPO / 온다이ECC / 히트싱크: 방열판 / 방열판 색상: 화이트 / LED색상: RGB / LED 시스템: AURA SYNC , MYSTIC LIGHT , RGB FUSION , POLYCHROME / 높이: 44mm",2024/11,ok,
2026-10-04T01:48:11+00:00,57709760,PATRIOT DDR5-5600 CL46 EVO (8GB),https://prod.danawa.com/info/?pcode=57709760&cate=112752,데스크탑용,DDR5,8GB,5600MHz (PC5-44800),CL46-46-46-90,1.10V,1개,미포함,,32mm,온다이ECC / PMIC 언락,데스크탑용 / DDR5 / 5600MHz (PC5-44800) / 램타이밍: CL46-46-46-90 / 1.10V / 램개수: 1개 / 온다이ECC / 히트싱크: 미포함 / 높이: 32mm / 모듈제조사: SK하이닉스 / PMIC 언락 / 코어 울트라 미지원,2024/06,ok,
2026-10-04T01:48:11+00:00,19390859,PATRIOT DDR5-5600 CL46 SIGNATURE (16GB),https://prod.danawa.com/info/?pcode=19390859&cate=112752,데스크탑용,DDR5,16GB,5600MHz (PC5-44800),CL46-46-46-90,1.10V,1개,미포함,,32mm,온다이ECC,데스크탑용 / DDR5 / 5600MHz (PC5-44800) / 램타이밍: CL46-46-46-90 / 1.10V / 램개수: 1개 / 온다이ECC / 히트싱크: 미포함 / 높이: 32mm,2023/03,ok,
2026-10-04T01:48:11+00:00,99946529,PATRIOT DDR5-5600 CL46 SIGNATURE PREMIUM 블랙 (8GB),https://prod.danawa.com/info/?pcode=99946529&cate=112752,데스크탑용,DDR5,8GB,5600MHz (PC5-44800),CL46-46-46-90,1.10V,1개,방열판,,37mm,XMP3.0 / EXPO / 온다이ECC,데스크탑용 / DDR5 / 5600MHz (PC5-44800) / 램타이밍: CL46-46-46-90 / 1.10V / 램개수: 1개 / XMP3.0 / EXPO / 온다이ECC / 히트싱크: 방열판 / 방열판 색상: 블랙 / 높이: 37mm,2025/11,ok,
2026-10-04T01:48:11+00:00,124167297,PATRIOT DDR5-5600 CL46 SIGNATURE PREMIUM 화이트 (8GB),https://prod.danawa.com/info/?pcode=124167297&cate=112752,데스크탑용,DDR5,8GB,5600MHz (PC5-44800),CL46-46-46-90,1.10V,1개,방열판,,37mm,XMP3.0 / EXPO / 온다이ECC,데스크탑용 / DDR5 / 5600MHz (PC5-44800) / 램타이밍: CL46-46-46-90 / 1.10V / 램개수: 1개 / XMP3.0 / EXPO / 온다이ECC / 히트싱크: 방열판 / 방열판 색상: 화이트 / 높이: 37mm,2025/11,ok,
2026-10-04T01:48:11+00:00,95056655,PATRIOT DDR5-6000 CL28 VIPER Elite 5 ULTRA RGB 패키지 (32GB(16Gx2)),https://prod.danawa.com/info/?pcode=95056655&cate=112752,데스크탑용,DDR5,32GB(16Gx2),6000MHz (PC5-48000),CL28-40-40-100,1.40V,2개,방열판,RGB,44mm,XMP3.0 / EXPO / 온다이ECC,"데스크탑용 / DDR5 / 6000MHz (PC5-48000) / 램타이밍: CL28-40-40-100 / 1.40V / 램개수: 2개 / LED 라이트 / XMP3.0 / EXPO / 온다이ECC / 히트싱크: 방열판 / 방열판 색상: 블랙 / LED색상: RGB / LED 시스템: AURA SYNC , MYSTIC LIGHT , RGB FUSION , POLYCHROME / 높이: 44mm",2025/08,ok,
2026-10-04T01:48:11+00:00,95057237,PATRIOT DDR5-6000 CL28 VIPER Elite 5 ULTRA 패키지 (32GB(16Gx2)),https://prod.danawa.com/info/?pcode=95057237&cate=112752,데스크탑용,DDR5,32GB(16Gx2),6000MHz (PC5-48000),CL28-40-40-100,1.40V,2개,방열판,,44mm,XMP3.0 / EXPO / 온다이ECC,데스크탑용 / DDR5 / 6000MHz (PC5-48000) / 램타이밍: CL28-40-40-100 / 1.40V / 램개수: 2개 / XMP3.0 / EXPO / 온다이ECC / 히트싱크: 방열판 / 방열판 색상: 블랙 / 높이: 44mm,2025/08,ok,
2026-10-04T01:48:11+00:00,99946718,PATRIOT DDR5-6000 CL30 SIGNATURE PREMIUM EVO 블랙 (16GB),https://prod.danawa.com/info/?pcode=99946718&cate=112752,데스크탑용,DDR5,16GB,6000MHz (PC5-48000),CL30-40-40-76,1.35V,1개,방열판,,37mm,XMP3.0 / EXPO / 온다이ECC,데스크탑용 / DDR5 / 6000MHz (PC5-48000) / 램타이밍: CL30-40-40-76 / 1.35V / 램개수: 1개 / XMP3.0 / EXPO / 온다이ECC / 히트싱크: 방열판 / 방열판 색상: 블랙 / 높이: 37mm,2025/11,ok,
2026-10-04T01:48:11+00:00,99946733,PATRIOT DDR5-6000 CL30 SIGNATURE PREMIUM EVO 화이트 (16GB),https://prod.danawa.com/info/?pcode=99946733&cate=112752,데스크탑용,DDR5,16GB,6000MHz (PC5-48000),CL30-40-40-76,1.35V,1개,방열판,,37mm,XMP3.0 / EXPO / 온다이ECC,데스크탑용 / DDR5 / 6000MHz (PC5-48000) / 램타이밍: CL30-40-40-76 / 1.35V / 램개수: 1개 / XMP3.0 / EXPO / 온다이ECC / 히트싱크: 방열판 / 방열판 색상: 화이트 / 높이: 37mm,2025/11,ok,
2026-10-04T01:48:11+00:00,75465935,PATRIOT DDR5-6000 CL30 VIPER Elite 5 (16GB),https://prod.danawa.com/info/?pcode=75465935&cate=112752,데스크탑용,DDR5,16GB,6000MHz (PC5-48000),CL30-40-40-76,1.35V,1개,방열판,,43mm,XMP3.0 / EXPO / 온다이ECC,데스크탑용 / DDR5 / 6000MHz (PC5-48000) / 램타이밍: CL30-40-40-76 / 1.35V / 램개수: 1개 / XMP3.0 / EXPO / 온다이ECC / 히트싱크: 방열판 / 방열판 색상: 화이트 / 높이: 43mm,2025/02,ok,
2026-10-04T01:48:11+00:00,75466037,PATRIOT DDR5-6000 CL30 VIPER Elite 5 패키지 (32GB(16Gx2)),https://prod.danawa.com/info/?pcode=75466037&cate=112752,데스크탑용,DDR5,32GB(16Gx2),6000MHz (PC5-48000),CL30-40-40-76,1.35V,2개,방열판,,43mm,XMP3.0 / EXPO / 온다이ECC,데스크탑용 / DDR5 / 6000MHz (PC5-48000) / 램타이밍: CL30-40-40-76 / 1.35V / 램개수: 2개 / XMP3.0 / EXPO / 온다이ECC / 히트싱크: 방열판 / 방열판 색상: 화이트 / 높이: 43mm,2025/02,ok,
2026-10-04T01:48:11+00:00,56144432,PATRIOT DDR5-6000 CL30 VIPER VENOM RGB 패키지 (32GB(16Gx2)),https://prod.danawa.com/info/?pcode=56144432&cate=112752,데스크탑용,DDR5,32GB(16Gx2),6000MHz (PC5-48000),CL30-40-40-76,1.35V,2개,방열판,RGB,43mm,XMP3.0 / EXPO / 온다이ECC,"데스크탑용 / DDR5 / 6000MHz (PC5-48000) / 램타이밍: CL30-40-40-76 / 1.35V / 램개수: 2개 / LED 라이트 / XMP3.0 / EXPO / 온다이ECC / 히트싱크: 방열판 / 방열판 색상: 블랙 / LED색상: RGB / LED 시스템: AURA SYNC , MYSTIC LIGHT , RGB FUSION , POLYCHROME , RAZER CHROMA / 높이: 43mm / 모듈제조사: SK하이닉스",2024/06,ok,
2026-10-04T01:48:11+00:00,56144513,PATRIOT DDR5-6000 CL30 VIPER VENOM 패키지 (32GB(16Gx2)),https://prod.danawa.com/info/?pcode=56144513&cate=112752,데스크탑용,DDR5,32GB(16Gx2),6000MHz (PC5-48000),30-40-40-76,1.35V,2개,방열판,,43mm,XMP3.0 / EXPO / 온다이ECC,데스크탑용 / DDR5 / 6000MHz (PC5-48000) / 램타이밍: 30-40-40-76 / 1.35V / 램개수: 2개 / XMP3.0 / EXPO / 온다이ECC / 히트싱크: 방열판 / 방열판 색상: 블랙 / 높이: 43mm,2024/06,ok,
2026-10-04T01:48:11+00:00,123721481,PATRIOT DDR5-6000 CL36 SIGNATURE PREMIUM EVO 블랙 (16GB),https://prod.danawa.com/info/?pcode=123721481&cate=112752,데스크탑용,DDR5,16GB,6000MHz (PC5-48000),CL36-46-46-110,1.35V,1개,방열판,,37mm,XMP3.0 / EXPO / 온다이ECC,데스크탑용 / DDR5 / 6000MHz (PC5-48000) / 램타이밍: CL36-46-46-110 / 1.35V / 램개수: 1개 / XMP3.0 / EXPO / 온다이ECC / 히트싱크: 방열판 / 방열판 색상: 블랙 / 높이: 37mm,2026/08,ok,
2026-10-04T01:48:11+00:00,123721482,PATRIOT DDR5-6000 CL36 SIGNATURE PREMIUM EVO 화이트 (16GB),https://prod.danawa.com/info/?pcode=123721482&cate=112752,데스크탑용,DDR5,16GB,6000MHz (PC5-48000),CL36-46-46-110,1.35V,1개,방열판,,37mm,XMP3.0 / EXPO / 온다이ECC,데스크탑용 / DDR5 / 6000MHz (PC5-48000) / 램타이밍: CL36-46-46-110 / 1.35V / 램개수: 1개 / XMP3.0 / EXPO / 온다이ECC / 히트싱크: 방열판 / 방열판 색상: 화이트 / 높이: 37mm,2026/08,ok,
2026-10-04T01:48:11+00:00,30350996,PATRIOT DDR5-6000 CL36 VIPER VENOM RGB 패키지 (32GB(16Gx2)),https://prod.danawa.com/info/?pcode=30350996&cate=112752,데스크탑용,DDR5,32GB(16Gx2),6000MHz (PC5-48000),CL36-36-36-76,1.35V,2개,방열판,RGB,43mm,XMP3.0 / EXPO / 온다이ECC,"데스크탑용 / DDR5 / 6000MHz (PC5-48000) / 램타이밍: CL36-36-36-76 / 1.35V / 램개수: 2개 / LED 라이트 / XMP3.0 / EXPO / 온다이ECC / 히트싱크: 방열판 / 방열판 색상: 블랙 / LED색상: RGB / LED 시스템: AURA SYNC , MYSTIC LIGHT , RGB FUSION , POLYCHROME , RAZER CHROMA / 높이: 43mm / 모듈제조사: SK하이닉스",2023/12,ok,
2026-10-04T01:48:11+00:00,30351029,PATRIOT DDR5-6200 CL40 VIPER VENOM RGB 패키지 (32GB(16Gx2)),https://prod.danawa.com/info/?pcode=30351029&cate=112752,데스크탑용,DDR5,32GB(16Gx2),6200MHz (PC5-49600),CL40-40-40-76,1.35V,2개,방열판,RGB,43mm,XMP3.0 / EXPO / 온다이ECC,"데스크탑용 / DDR5 / 6200MHz (PC5-49600) / 램타이밍: CL40-40-40-76 / 1.35V / 램개수: 2개 / LED 라이트 / XMP3.0 / EXPO / 온다이ECC / 히트싱크: 방열판 / 방열판 색상: 블랙 / LED색상: RGB / LED 시스템: AURA SYNC , MYSTIC LIGHT , RGB FUSION , POLYCHROME , RAZER CHROMA / 높이: 43mm / 모듈제조사: SK하이닉스",2023/12,ok,
2026-10-04T01:48:11+00:00,30341402,PATRIOT DDR5-6200 CL40 VIPER VENOM 패키지 (32GB(16Gx2)),https://prod.danawa.com/info/?pcode=30341402&cate=112752,데스크탑용,DDR5,32GB(16Gx2),6200MHz (PC5-49600),CL40-40-40-76,1.35V,2개,방열판,,43mm,XMP3.0 / EXPO / 온다이ECC,데스크탑용 / DDR5 / 6200MHz (PC5-49600) / 램타이밍: CL40-40-40-76 / 1.35V / 램개수: 2개 / XMP3.0 / EXPO / 온다이ECC / 히트싱크: 방열판 / 방열판 색상: 블랙 / 높이: 43mm,2023/12,ok,
2026-10-04T01:48:11+00:00,30500108,PATRIOT DDR5-6200 CL42 VIPER Elite 5 RGB 패키지 (32GB(16Gx2)),https://prod.danawa.com/info/?pcode=30500108&cate=112752,데스크탑용,DDR5,32GB(16Gx2),6200MHz (PC5-49600),CL42-46-46-86,1.35V,2개,방열판,RGB,44mm,XMP3.0 / EXPO / 온다이ECC,"데스크탑용 / DDR5 / 6200MHz (PC5-49600) / 램타이밍: CL42-46-46-86 / 1.35V / 램개수: 2개 / LED 라이트 / XMP3.0 / EXPO / 온다이ECC / 히트싱크: 방열판 / 방열판 색상: 화이트 / LED색상: RGB / LED 시스템: AURA SYNC , MYSTIC LIGHT , RGB FUSION , POLYCHROME , RAZER CHROMA / 높이: 44mm / 모듈제조사: SK하이닉스",2023/12,ok,
2026-10-04T01:48:11+00:00,75466202,PATRIOT DDR5-6400 CL32 VIPER Elite 5 패키지 (32GB(16Gx2)),https://prod.danawa.com/info/?pcode=75466202&cate=112752,데스크탑용,DDR5,32GB(16Gx2),6400MHz (PC5-51200),CL32-40-40-84,1.40V,2개,방열판,,43mm,XMP3.0 / 온다이ECC,데스크탑용 / DDR5 / 6400MHz (PC5-51200) / 램타이밍: CL32-40-40-84 / 1.40V / 램개수: 2개 / XMP3.0 / 온다이ECC / 히트싱크: 방열판 / 방열판 색상: 화이트 / 높이: 43mm,2025/02,ok,
2026-10-04T01:48:11+00:00,30351056,PATRIOT DDR5-6400 CL32 VIPER VENOM RGB 패키지 (32GB(16Gx2)),https://prod.danawa.com/info/?pcode=30351056&cate=112752,데스크탑용,DDR5,32GB(16Gx2),6400MHz (PC5-51200),CL32-40-40-84,1.40V,2개,방열판,RGB,43mm,XMP3.0 / 온다이ECC,"데스크탑용 / DDR5 / 6400MHz (PC5-51200) / 램타이밍: CL32-40-40-84 / 1.40V / 램개수: 2개 / LED 라이트 / XMP3.0 / 온다이ECC / 히트싱크: 방열판 / 방열판 색상: 블랙 / LED색상: RGB / LED 시스템: AURA SYNC , MYSTIC LIGHT , RGB FUSION , POLYCHROME , RAZER CHROMA / 높이: 43mm / 모듈제조사: SK하이닉스",2023/12,ok,
2026-10-04T01:48:11+00:00,30341426,PATRIOT DDR5-6400 CL32 VIPER VENOM 패키지 (32GB(16Gx2)),https://prod.danawa.com/info/?pcode=30341426&cate=112752,데스크탑용,DDR5,32GB(16Gx2),6400MHz (PC5-51200),CL32-40-40-84,1.40V,2개,방열판,,43mm,XMP3.0 / 온다이ECC,데스크탑용 / DDR5 / 6400MHz (PC5-51200) / 램타이밍: CL32-40-40-84 / 1.40V / 램개수: 2개 / XMP3.0 / 온다이ECC / 히트싱크: 방열판 / 방열판 색상: 블랙 / 높이: 43mm,2023/12,ok,
2026-10-04T01:48:11+00:00,30341450,PATRIOT DDR5-6400 CL32 VIPER VENOM 패키지 (64GB(32Gx2)),https://prod.danawa.com/info/?pcode=30341450&cate=112752,데스크탑용,DDR5,64GB(32Gx2),6400MHz (PC5-51200),CL32-40-40-84,1.40V,2개,방열판,,43mm,XMP3.0 / 온다이ECC,데스크탑용 / DDR5 / 6400MHz (PC5-51200) / 램타이밍: CL32-40-40-84 / 1.40V / 램개수: 2개 / XMP3.0 / 온다이ECC / 히트싱크: 방열판 / 방열판 색상: 블랙 / 높이: 43mm,2023/12,ok,
2026-10-04T01:48:11+00:00,30351077,PATRIOT DDR5-6600 CL34 VIPER VENOM RGB 패키지 (32GB(16Gx2)),https://prod.danawa.com/info/?pcode=30351077&cate=112752,데스크탑용,DDR5,32GB(16Gx2),6600MHz (PC5-52800),CL34-40-40-84,1.40V,2개,방열판,RGB,43mm,XMP3.0 / 온다이ECC,"데스크탑용 / DDR5 / 6600MHz (PC5-52800) / 램타이밍: CL34-40-40-84 / 1.40V / 램개수: 2개 / LED 라이트 / XMP3.0 / 온다이ECC / 히트싱크: 방열판 / 방열판 색상: 블랙 / LED색상: RGB / LED 시스템: AURA SYNC , MYSTIC LIGHT , RGB FUSION , POLYCHROME , RAZER CHROMA / 높이: 43mm / 모듈제조사: SK하이닉스",2023/12,ok,
2026-10-04T01:48:11+00:00,30341480,PATRIOT DDR5-6600 CL34 VIPER VENOM 패키지 (32GB(16Gx2)),https://prod.danawa.com/info/?pcode=30341480&cate=112752,데스크탑용,DDR5,32GB(16Gx2),6600MHz (PC5-52800),CL34-40-40-84,1.40V,2개,방열판,,43mm,XMP3.0 / 온다이ECC,데스크탑용 / DDR5 / 6600MHz (PC5-52800) / 램타이밍: CL34-40-40-84 / 1.40V / 램개수: 2개 / XMP3.0 / 온다이ECC / 히트싱크: 방열판 / 방열판 색상: 블랙 / 높이: 43mm,2023/12,ok,
2026-10-04T01:48:11+00:00,30612317,PATRIOT DDR5-6600 CL36 VIPER Elite 5 RGB 패키지 (32GB(16Gx2)),https://prod.danawa.com/info/?pcode=30612317&cate=112752,데스크탑용,DDR5,32GB(16Gx2),6600MHz (PC5-52800),CL36-46-46-86,1.40V,2개,방열판,RGB,44mm,XMP3.0 / 온다이ECC,"데스크탑용 / DDR5 / 6600MHz (PC5-52800) / 램타이밍: CL36-46-46-86 / 1.40V / 램개수: 2개 / LED 라이트 / XMP3.0 / 온다이ECC / 히트싱크: 방열판 / 방열판 색상: 화이트 / LED색상: RGB / LED 시스템: AURA SYNC , MYSTIC LIGHT , RGB FUSION , POLYCHROME , RAZER CHROMA / 높이: 44mm / 모듈제조사: SK하이닉스",2023/12,ok,
2026-10-04T01:48:11+00:00,30351110,PATRIOT DDR5-6800 CL34 VIPER VENOM RGB 패키지 (32GB(16Gx2)),https://prod.danawa.com/info/?pcode=30351110&cate=112752,데스크탑용,DDR5,32GB(16Gx2),6800MHz (PC5-54400),CL34-44-44-84,1.40V,2개,방열판,RGB,43mm,XMP3.0 / 온다이ECC,"데스크탑용 / DDR5 / 6800MHz (PC5-54400) / 램타이밍: CL34-44-44-84 / 1.40V / 램개수: 2개 / LED 라이트 / XMP3.0 / 온다이ECC / 히트싱크: 방열판 / 방열판 색상: 블랙 / LED색상: RGB / LED 시스템: AURA SYNC , MYSTIC LIGHT , RGB FUSION , POLYCHROME , RAZER CHROMA / 높이: 43mm / 모듈제조사: SK하이닉스",2023/12,ok,
2026-10-04T01:48:11+00:00,30341495,PATRIOT DDR5-6800 CL34 VIPER VENOM 패키지 (32GB(16Gx2)),https://prod.danawa.com/info/?pcode=30341495&cate=112752,데스크탑용,DDR5,32GB(16Gx2),6800MHz (PC5-54400),CL34-44-44-84,1.40V,2개,방열판,,43mm,XMP3.0 / 온다이ECC,데스크탑용 / DDR5 / 6800MHz (PC5-54400) / 램타이밍: CL34-44-44-84 / 1.40V / 램개수: 2개 / XMP3.0 / 온다이ECC / 히트싱크: 방열판 / 방열판 색상: 블랙 / 높이: 43mm,2023/12,ok,
2026-10-04T01:48:11+00:00,71501885,PATRIOT DDR5-7000 CL32 VIPER Elite 5 RGB 패키지 (32GB(16Gx2)),https://prod.danawa.com/info/?pcode=71501885&cate=112752,데스크탑용,DDR5,32GB(16Gx2),7000MHz (PC5-56000),CL32-48-48-96,1.45V,2개,방열판,RGB,44mm,XMP3.0 / 온다이ECC,"데스크탑용 / DDR5 / 7000MHz (PC5-56000) / 램타이밍: CL32-48-48-96 / 1.45V / 램개수: 2개 / LED 라이트 / XMP3.0 / 온다이ECC / 히트싱크: 방열판 / 방열판 색상: 화이트 / LED색상: RGB / LED 시스템: AURA SYNC , MYSTIC LIGHT , RGB FUSION , POLYCHROME / 높이: 44mm",2024/11,ok,
2026-10-04T01:48:11+00:00,30351131,PATRIOT DDR5-7000 CL32 VIPER VENOM RGB 패키지 (32GB(16Gx2)),https://prod.danawa.com/info/?pcode=30351131&cate=112752,데스크탑용,DDR5,32GB(16Gx2),7000MHz (PC5-56000),CL32-48-48-96,1.45V,2개,방열판,RGB,43mm,XMP3.0 / 온다이ECC,"데스크탑용 / DDR5 / 7000MHz (PC5-56000) / 램타이밍: CL32-48-48-96 / 1.45V / 램개수: 2개 / LED 라이트 / XMP3.0 / 온다이ECC / 히트싱크: 방열판 / 방열판 색상: 블랙 / LED색상: RGB / LED 시스템: AURA SYNC , MYSTIC LIGHT , RGB FUSION , POLYCHROME , RAZER CHROMA / 높이: 43mm / 모듈제조사: SK하이닉스",2023/12,ok,
2026-10-04T01:48:11+00:00,30341504,PATRIOT DDR5-7000 CL32 VIPER VENOM 패키지 (32GB(16Gx2)),https://prod.danawa.com/info/?pcode=30341504&cate=112752,데스크탑용,DDR5,32GB(16Gx2),7000MHz (PC5-56000),CL32-48-48-96,1.45V,2개,방열판,,43mm,XMP3.0 / 온다이ECC,데스크탑용 / DDR5 / 7000MHz (PC5-56000) / 램타이밍: CL32-48-48-96 / 1.45V / 램개수: 2개 / XMP3.0 / 온다이ECC / 히트싱크: 방열판 / 방열판 색상: 블랙 / 높이: 43mm,2023/12,ok,
2026-10-04T01:48:11+00:00,30500216,PATRIOT DDR5-7000 CL38 VIPER Elite 5 RGB 패키지 (32GB(16Gx2)),https://prod.danawa.com/info/?pcode=30500216&cate=112752,데스크탑용,DDR5,32GB(16Gx2),7000MHz (PC5-56000),CL38-48-48-88,1.45V,2개,방열판,RGB,44mm,XMP3.0 / 온다이ECC,"데스크탑용 / DDR5 / 7000MHz (PC5-56000) / 램타이밍: CL38-48-48-88 / 1.45V / 램개수: 2개 / LED 라이트 / XMP3.0 / 온다이ECC / 히트싱크: 방열판 / 방열판 색상: 화이트 / LED색상: RGB / LED 시스템: AURA SYNC , MYSTIC LIGHT , RGB FUSION , POLYCHROME , RAZER CHROMA / 높이: 44mm / 모듈제조사: SK하이닉스",2023/12,ok,
2026-10-04T01:48:11+00:00,30351218,PATRIOT DDR5-7200 CL34 VIPER VENOM RGB 패키지 (32GB(16Gx2)),https://prod.danawa.com/info/?pcode=30351218&cate=112752,데스크탑용,DDR5,32GB(16Gx2),7200MHz (PC5-57600),CL34-42-42-84,1.45V,2개,방열판,RGB,43mm,XMP3.0 / 온다이ECC,"데스크탑용 / DDR5 / 7200MHz (PC5-57600) / 램타이밍: CL34-42-42-84 / 1.45V / 램개수: 2개 / LED 라이트 / XMP3.0 / 온다이ECC / 히트싱크: 방열판 / 방열판 색상: 블랙 / LED색상: RGB / LED 시스템: AURA SYNC , MYSTIC LIGHT , RGB FUSION , POLYCHROME , RAZER CHROMA / 높이: 43mm / 모듈제조사: SK하이닉스",2023/12,ok,
2026-10-04T01:48:11+00:00,30341510,PATRIOT DDR5-7200 CL34 VIPER VENOM 패키지 (32GB(16Gx2)),https://prod.danawa.com/info/?pcode=30341510&cate=112752,데스크탑용,DDR5,32GB(16Gx2),7200MHz (PC5-57600),CL34-42-42-84,1.45V,2개,방열판,,43mm,XMP3.0 / 온다이ECC,데스크탑용 / DDR5 / 7200MHz (PC5-57600) / 램타이밍: CL34-42-42-84 / 1.45V / 램개수: 2개 / XMP3.0 / 온다이ECC / 히트싱크: 방열판 / 방열판 색상: 블랙 / 높이: 43mm,2023/12,ok,
2026-10-04T01:48:11+00:00,30351236,PATRIOT DDR5-7400 CL36 VIPER VENOM RGB 패키지 (32GB(16Gx2)),https://prod.danawa.com/info/?pcode=30351236&cate=112752,데스크탑용,DDR5,32GB(16Gx2),7400MHz (PC5-59200),CL36-44-44-110,1.45V,2개,방열판,RGB,43mm,XMP3.0 / 온다이ECC,"데스크탑용 / DDR5 / 7400MHz (PC5-59200) / 램타이밍: CL36-44-44-110 / 1.45V / 램개수: 2개 / LED 라이트 / XMP3.0 / 온다이ECC / 히트싱크: 방열판 / 방열판 색상: 블랙 / LED색상: RGB / LED 시스템: AURA SYNC , MYSTIC LIGHT , RGB FUSION , POLYCHROME , RAZER CHROMA / 높이: 43mm / 모듈제조사: SK하이닉스",2023/12,ok,
2026-10-04T01:48:11+00:00,30341525,PATRIOT DDR5-7400 CL36 VIPER VENOM 패키지 (32GB(16Gx2)),https://prod.danawa.com/info/?pcode=30341525&cate=112752,데스크탑용,DDR5,32GB(16Gx2),7400MHz (PC5-59200),CL36-44-44-110,1.50V,2개,방열판,,43mm,XMP3.0 / 온다이ECC,데스크탑용 / DDR5 / 7400MHz (PC5-59200) / 램타이밍: CL36-44-44-110 / 1.50V / 램개수: 2개 / XMP3.0 / 온다이ECC / 히트싱크: 방열판 / 방열판 색상: 블랙 / 높이: 43mm,2023/12,ok,
2026-10-04T01:48:11+00:00,95057837,PATRIOT DDR5-8000 CL38 VIPER Xtreme5 RGB 패키지 (32GB(16Gx2)),https://prod.danawa.com/info/?pcode=95057837&cate=112752,데스크탑용,DDR5,32GB(16Gx2),8000MHz (PC5-64000),CL38,1.45V,2개,방열판,RGB,44mm,XMP3.0 / EXPO / 온다이ECC,"데스크탑용 / DDR5 / 8000MHz (PC5-64000) / 램타이밍: CL38 / 1.45V / 램개수: 2개 / LED 라이트 / XMP3.0 / EXPO / 온다이ECC / 히트싱크: 방열판 / 방열판 색상: 블랙 / LED색상: RGB / LED 시스템: AURA SYNC , MYSTIC LIGHT , RGB FUSION , POLYCHROME / 높이: 44mm",2025/08,ok,
2026-10-04T01:48:11+00:00,11445393,PATRIOT 노트북 DDR4-3200 CL22 SIGNATURE (16GB),https://prod.danawa.com/info/?pcode=11445393&cate=112752,노트북용,DDR4,16GB,3200MHz (PC4-25600),CL22-22-22-52,1.20V,1개,미포함,,,,노트북용 / DDR4 / 3200MHz (PC4-25600) / 램타이밍: CL22-22-22-52 / 1.20V / 램개수: 1개 / 히트싱크: 미포함,2020/06,ok,
2026-10-04T01:48:11+00:00,72228770,PATRIOT 노트북 DDR4-3200 CL22 SIGNATURE (4GB),https://prod.danawa.com/info/?pcode=72228770&cate=112752,노트북용,DDR4,4GB,3200MHz (PC4-25600),CL22-22-22-52,1.20V,1개,미포함,,,,노트북용 / DDR4 / 3200MHz (PC4-25600) / 램타이밍: CL22-22-22-52 / 1.20V / 램개수: 1개 / 히트싱크: 미포함,2024/12,ok,
2026-10-04T01:48:11+00:00,11445372,PATRIOT 노트북 DDR4-3200 CL22 SIGNATURE (8GB),https://prod.danawa.com/info/?pcode=11445372&cate=112752,노트북용,DDR4,8GB,3200MHz (PC4-25600),CL22-22-22-52,1.20V,1개,미포함,,,,노트북용 / DDR4 / 3200MHz (PC4-25600) / 램타이밍: CL22-22-22-52 / 1.20V / 램개수: 1개 / 히트싱크: 미포함,2020/06,ok,
2026-10-04T01:48:11+00:00,11627192,PNY DDR4-2666 Performance (16GB),https://prod.danawa.com/info/?pcode=11627192&cate=112752,데스크탑용,DDR4,16GB,2666MHz (PC4-21300),CL19-19-19-43,1.20V,1개,미포함,,,,데스크탑용 / DDR4 / 2666MHz (PC4-21300) / 램타이밍: CL19-19-19-43 / 1.20V / 램개수: 1개 / 히트싱크: 미포함,2020/06,ok,
2026-10-04T01:48:11+00:00,105817916,PNY DDR4-3200 CL16 Performance (8GB),https://prod.danawa.com/info/?pcode=105817916&cate=112752,데스크탑용,DDR4,8GB,3200MHz (PC4-25600),CL16-18-18-36,1.35V,1개,미포함,,,,데스크탑용 / DDR4 / 3200MHz (PC4-25600) / 램타이밍: CL16-18-18-36 / 1.35V / 램개수: 1개 / 히트싱크: 미포함,2026/02,ok,
2026-10-04T01:48:11+00:00,105817907,PNY DDR5-5600 CL40 Performance (16GB),https://prod.danawa.com/info/?pcode=105817907&cate=112752,데스크탑용,DDR5,16GB,5600MHz (PC5-44800),CL40-40-40-76,1.20V,1개,미포함,,,,데스크탑용 / DDR5 / 5600MHz (PC5-44800) / 램타이밍: CL40-40-40-76 / 1.20V / 램개수: 1개 / 히트싱크: 미포함,2026/02,ok,
2026-10-04T01:48:11+00:00,124181262,PNY DDR5-5600 CL46 (16GB),https://prod.danawa.com/info/?pcode=124181262&cate=112752,데스크탑용,DDR5,16GB,5600MHz (PC5-44800),CL46,1.10V,1개,방열판,,33mm,,데스크탑용 / DDR5 / 5600MHz (PC5-44800) / 램타이밍: CL46 / 1.10V / 램개수: 1개 / 히트싱크: 방열판 / 방열판 색상: 블랙 / 높이: 33mm / 코어울트라 미지원,2026/09,ok,
2026-10-04T01:48:11+00:00,124289814,PNY XLR8 DDR5-5600 CL46 (16GB),https://prod.danawa.com/info/?pcode=124289814&cate=112752,데스크탑용,DDR5,16GB,5600MHz (PC5-44800),CL46-46-46-90,1.10V,1개,방열판,,,,데스크탑용 / DDR5 / 5600MHz (PC5-44800) / 램타이밍: CL46-46-46-90 / 1.10V / 램개수: 1개 / 히트싱크: 방열판 / 방열판 색상: 블랙,2026/09,ok,
2026-10-04T01:48:11+00:00,16839320,PNY XLR8 DDR5-6000 CL38 MAKO RGB 패키지 제이씨현 (32GB(16Gx2)),https://prod.danawa.com/info/?pcode=16839320&cate=112752,데스크탑용,DDR5,32GB(16Gx2),6000MHz (PC5-48000),CL38-38-38-77,1.30V,2개,방열판,RGB,31.25mm,XMP3.0 / 온다이ECC,"데스크탑용 / DDR5 / 6000MHz (PC5-48000) / 램타이밍: CL38-38-38-77 / 1.30V / 램개수: 2개 / LED 라이트 / XMP3.0 / 온다이ECC / 히트싱크: 방열판 / 방열판 색상: 블랙 / LED색상: RGB / LED 시스템: AURA SYNC , MYSTIC LIGHT , RGB FUSION , POLYCHROME / 높이: 31.25mm",2022/04,ok,
2026-10-04T01:48:11+00:00,100447838,Ramaxel 노트북 DDR5-4800 중고 (12GB),https://prod.danawa.com/info/?pcode=100447838&cate=112752,노트북용,DDR5,12GB,4800MHz (PC5-38400),,,1개,미포함,,,,노트북용 / DDR5 / 4800MHz (PC5-38400) / 램개수: 1개 / 히트싱크: 미포함,2025/11,ok,
2026-10-04T01:48:11+00:00,123982940,SIX DDR5-4800 (16GB),https://prod.danawa.com/info/?pcode=123982940&cate=112752,데스크탑용,DDR5,16GB,4800MHz (PC5-38400),CL40-40-40-77,1.10V,1개,미포함,,31.2mm,온다이ECC,데스크탑용 / DDR5 / 4800MHz (PC5-38400) / 램타이밍: CL40-40-40-77 / 1.10V / 램개수: 1개 / 온다이ECC / 히트싱크: 미포함 / 높이: 31.2mm,2026/08,ok,
2026-10-04T01:48:11+00:00,17241983,SK하이닉스 DDR2-800 중고 (4GB),https://prod.danawa.com/info/?pcode=17241983&cate=112752,데스크탑용,DDR2,4GB,800MHz (PC2-6400),CL6,1.80V,1개,미포함,,,,데스크탑용 / DDR2 / 800MHz (PC2-6400) / 램타이밍: CL6 / 1.80V / 램개수: 1개 / 히트싱크: 미포함,2018/01,ok,
2026-10-04T01:48:11+00:00,5547675,SK하이닉스 DDR3-1600 중고 (4GB),https://prod.danawa.com/info/?pcode=5547675&cate=112752,데스크탑용,DDR3,4GB,1600MHz (PC3-12800),CL11,,1개,미포함,,,,데스크탑용 / DDR3 / 1600MHz (PC3-12800) / 램타이밍: CL11 / 램개수: 1개 / 히트싱크: 미포함,2017/10,ok,
2026-10-04T01:48:11+00:00,5547988,SK하이닉스 DDR3-1600 중고 (8GB),https://prod.danawa.com/info/?pcode=5547988&cate=112752,데스크탑용,DDR3,8GB,1600MHz (PC3-12800),,,1개,미포함,,,,데스크탑용 / DDR3 / 1600MHz (PC3-12800) / 램개수: 1개 / 히트싱크: 미포함,2017/10,ok,
2026-10-04T01:48:11+00:00,4340385,SK하이닉스 DDR4-2133 (4GB),https://prod.danawa.com/info/?pcode=4340385&cate=112752,데스크탑용,DDR4,4GB,2133MHz (PC4-17000),,,1개,미포함,,,,데스크탑용 / DDR4 / 2133MHz (PC4-17000) / 램개수: 1개 / 히트싱크: 미포함,2016/08,ok,
2026-10-04T01:48:11+00:00,5718625,SK하이닉스 DDR4-2400 (4GB),https://prod.danawa.com/info/?pcode=5718625&cate=112752,데스크탑용,DDR4,4GB,2400MHz (PC4-19200),,,1개,미포함,,,,데스크탑용 / DDR4 / 2400MHz (PC4-19200) / 램개수: 1개 / 히트싱크: 미포함,2017/12,ok,
2026-10-04T01:48:11+00:00,19266986,SK하이닉스 DDR4-2400 중고 (4GB),https://prod.danawa.com/info/?pcode=19266986&cate=112752,데스크탑용,DDR4,4GB,2400MHz (PC4-19200),,,1개,미포함,,,,데스크탑용 / DDR4 / 2400MHz (PC4-19200) / 램개수: 1개 / 히트싱크: 미포함,2017/12,ok,
2026-10-04T01:48:11+00:00,10376604,SK하이닉스 DDR4-2666 중고 (16GB),https://prod.danawa.com/info/?pcode=10376604&cate=112752,데스크탑용,DDR4,16GB,2666MHz (PC4-21300),,,1개,미포함,,,,데스크탑용 / DDR4 / 2666MHz (PC4-21300) / 램개수: 1개 / 히트싱크: 미포함,2020/01,ok,
2026-10-04T01:48:11+00:00,10376565,SK하이닉스 DDR4-2666 중고 (8GB),https://prod.danawa.com/info/?pcode=10376565&cate=112752,데스크탑용,DDR4,8GB,2666MHz (PC4-21300),,,1개,미포함,,,,데스크탑용 / DDR4 / 2666MHz (PC4-21300) / 램개수: 1개 / 히트싱크: 미포함,2020/01,ok,
2026-10-04T01:48:11+00:00,99639581,SK하이닉스 DDR4-3200 (16GB),https://prod.danawa.com/info/?pcode=99639581&cate=112752,데스크탑용,DDR4,16GB,3200MHz (PC4-25600),,1.20V,1개,미포함,,,,데스크탑용 / DDR4 / 3200MHz (PC4-25600) / 1.20V / 램개수: 1개 / 히트싱크: 미포함 / 모듈제조사: SK하이닉스,2025/10,ok,
2026-10-04T01:48:11+00:00,112969488,SK하이닉스 DDR4-3200 (8GB),https://prod.danawa.com/info/?pcode=112969488&cate=112752,데스크탑용,DDR4,8GB,,,,1개,,,,,"데스크탑용 / DDR4 / 3,200MHz(PC4-25,600) / 램개수: 1개",2021/11,ok,
2026-10-04T01:48:11+00:00,104989391,SK하이닉스 DDR4-3200 병행수입 (16GB),https://prod.danawa.com/info/?pcode=104989391&cate=112752,데스크탑용,DDR4,16GB,3200MHz (PC4-25600),,1.20V,1개,미포함,,,,데스크탑용 / DDR4 / 3200MHz (PC4-25600) / 1.20V / 램개수: 1개 / 히트싱크: 미포함 / 모듈제조사: SK하이닉스,2026/02,ok,
2026-10-04T01:48:11+00:00,17030762,SK하이닉스 DDR4-3200 중고 (16GB),https://prod.danawa.com/info/?pcode=17030762&cate=112752,데스크탑용,DDR4,16GB,3200MHz (PC4-25600),,,1개,미포함,,,,데스크탑용 / DDR4 / 3200MHz (PC4-25600) / 램개수: 1개 / 히트싱크: 미포함,2021/11,ok,
2026-10-04T01:48:11+00:00,17761472,SK하이닉스 DDR4-3200 중고 (4GB),https://prod.danawa.com/info/?pcode=17761472&cate=112752,데스크탑용,DDR4,4GB,3200MHz (PC4-25600),,,1개,미포함,,,,데스크탑용 / DDR4 / 3200MHz (PC4-25600) / 램개수: 1개 / 히트싱크: 미포함,2021/11,ok,
2026-10-04T01:48:11+00:00,15577976,SK하이닉스 DDR4-3200 중고 (8GB),https://prod.danawa.com/info/?pcode=15577976&cate=112752,데스크탑용,DDR4,8GB,3200MHz (PC4-25600),,,1개,미포함,,,,데스크탑용 / DDR4 / 3200MHz (PC4-25600) / 램개수: 1개 / 히트싱크: 미포함,2021/11,ok,
2026-10-04T01:48:11+00:00,16507634,SK하이닉스 DDR5-4800 (16GB),https://prod.danawa.com/info/?pcode=16507634&cate=112752,데스크탑용,DDR5,16GB,4800MHz (PC5-38400),,1.10V,1개,미포함,,,,데스크탑용 / DDR5 / 4800MHz (PC5-38400) / 1.10V / 램개수: 1개 / 히트싱크: 미포함 / 모듈제조사: SK하이닉스,2022/03,ok,
2026-10-04T01:48:11+00:00,16867427,SK하이닉스 DDR5-4800 (32GB),https://prod.danawa.com/info/?pcode=16867427&cate=112752,데스크탑용,DDR5,32GB,4800MHz (PC5-38400),,1.10V,1개,미포함,,,,데스크탑용 / DDR5 / 4800MHz (PC5-38400) / 1.10V / 램개수: 1개 / 히트싱크: 미포함 / 모듈제조사: SK하이닉스,2022/04,ok,
2026-10-04T01:48:11+00:00,16507664,SK하이닉스 DDR5-4800 (8GB),https://prod.danawa.com/info/?pcode=16507664&cate=112752,데스크탑용,DDR5,8GB,4800MHz (PC5-38400),,1.10V,1개,미포함,,,,데스크탑용 / DDR5 / 4800MHz (PC5-38400) / 1.10V / 램개수: 1개 / 히트싱크: 미포함 / 모듈제조사: SK하이닉스,2022/03,ok,
2026-10-04T01:48:11+00:00,18883523,SK하이닉스 DDR5-5600 (16GB),https://prod.danawa.com/info/?pcode=18883523&cate=112752,데스크탑용,DDR5,16GB,5600MHz (PC5-44800),,1.10V,1개,미포함,,,,"데스크탑용 / DDR5 / 5600MHz (PC5-44800) / 1.10V / 램개수: 1개 / 히트싱크: 미포함 / 모듈제조사: SK하이닉스 / ＊병행, 중고 판매처 확인요망",2023/01,ok,
2026-10-04T01:48:11+00:00,18700841,SK하이닉스 DDR5-5600 (32GB),https://prod.danawa.com/info/?pcode=18700841&cate=112752,데스크탑용,DDR5,32GB,5600MHz (PC5-44800),,1.10V,1개,미포함,,,,"데스크탑용 / DDR5 / 5600MHz (PC5-44800) / 1.10V / 램개수: 1개 / 히트싱크: 미포함 / 모듈제조사: SK하이닉스 / ＊병행, 중고 판매처 확인요망",2023/01,ok,
2026-10-04T01:48:11+00:00,18512915,SK하이닉스 DDR5-5600 (8GB),https://prod.danawa.com/info/?pcode=18512915&cate=112752,데스크탑용,DDR5,8GB,5600MHz (PC5-44800),,1.10V,1개,미포함,,,,"데스크탑용 / DDR5 / 5600MHz (PC5-44800) / 1.10V / 램개수: 1개 / 히트싱크: 미포함 / 모듈제조사: SK하이닉스 / ＊병행, 중고 판매처 확인요망",2022/12,ok,
2026-10-04T01:48:11+00:00,124248865,SK하이닉스 DDR5-5600 ECC/REG (16GB),https://prod.danawa.com/info/?pcode=124248865&cate=112752,서버용,DDR5,16GB,5600MHz (PC5-44800),CL46,1.10V,1개,미포함,,,ECC,"서버용 / DDR5 / 5600MHz (PC5-44800) / 램타이밍: CL46 / 1.10V / 램개수: 1개 / ECC / REG / 히트싱크: 미포함 / 모듈제조사: SK하이닉스 / ＊병행, 중고 판매처 확인요망",2023/01,ok,
2026-10-04T01:48:11+00:00,124248831,SK하이닉스 DDR5-5600 ECC/REG (32GB),https://prod.danawa.com/info/?pcode=124248831&cate=112752,서버용,DDR5,32GB,5600MHz (PC5-44800),CL46,1.10V,1개,미포함,,,ECC,"서버용 / DDR5 / 5600MHz (PC5-44800) / 램타이밍: CL46 / 1.10V / 램개수: 1개 / ECC / REG / 히트싱크: 미포함 / 모듈제조사: SK하이닉스 / ＊병행, 중고 판매처 확인요망",2023/01,ok,
2026-10-04T01:48:11+00:00,18698351,SK하이닉스 DDR5-5600 병행수입 (16GB),https://prod.danawa.com/info/?pcode=18698351&cate=112752,데스크탑용,DDR5,16GB,5600MHz (PC5-44800),,1.10V,1개,미포함,,,,데스크탑용 / DDR5 / 5600MHz (PC5-44800) / 1.10V / 램개수: 1개 / 히트싱크: 미포함 / 모듈제조사: SK하이닉스,2023/01,ok,
2026-10-04T01:48:11+00:00,68686664,SK하이닉스 DDR5-5600 중고 (8GB),https://prod.danawa.com/info/?pcode=68686664&cate=112752,데스크탑용,DDR5,8GB,5600MHz (PC5-44800),,1.10V,1개,미포함,,,,데스크탑용 / DDR5 / 5600MHz (PC5-44800) / 1.10V / 램개수: 1개 / 히트싱크: 미포함 / 모듈제조사: SK하이닉스,2022/12,ok,
2026-10-04T01:48:11+00:00,5800721,SK하이닉스 노트북 DDR2-533 중고 (512MB),https://prod.danawa.com/info/?pcode=5800721&cate=112752,노트북용,DDR2,,533MHz (PC2-4200),,1.80V,1개,미포함,,,,노트북용 / DDR2 / 533MHz (PC2-4200) / 1.80V / 램개수: 1개 / 히트싱크: 미포함,2018/01,ok,
2026-10-04T01:48:11+00:00,5800144,SK하이닉스 노트북 DDR2-667 중고 (1GB),https://prod.danawa.com/info/?pcode=5800144&cate=112752,노트북용,DDR2,1GB,667MHz (PC2-5300),,1.80V,1개,미포함,,,,노트북용 / DDR2 / 667MHz (PC2-5300) / 1.80V / 램개수: 1개 / 히트싱크: 미포함,2018/01,ok,
2026-10-04T01:48:11+00:00,5800734,SK하이닉스 노트북 DDR2-667 중고 (512MB),https://prod.danawa.com/info/?pcode=5800734&cate=112752,노트북용,DDR2,,667MHz (PC2-5300),,1.80V,1개,미포함,,,,노트북용 / DDR2 / 667MHz (PC2-5300) / 1.80V / 램개수: 1개 / 히트싱크: 미포함,2018/01,ok,
2026-10-04T01:48:11+00:00,5800093,SK하이닉스 노트북 DDR2-800 중고 (1GB),https://prod.danawa.com/info/?pcode=5800093&cate=112752,노트북용,DDR2,1GB,800MHz (PC2-6400),,1.80V,1개,미포함,,,,노트북용 / DDR2 / 800MHz (PC2-6400) / 1.80V / 램개수: 1개 / 히트싱크: 미포함,2018/01,ok,
2026-10-04T01:48:11+00:00,929569,SK하이닉스 노트북 DDR2-800 중고 (2GB),https://prod.danawa.com/info/?pcode=929569&cate=112752,노트북용,DDR2,2GB,800MHz (PC2-6400),,1.80V,1개,미포함,,,,노트북용 / DDR2 / 800MHz (PC2-6400) / 1.80V / 램개수: 1개 / 히트싱크: 미포함,2009/08,ok,
2026-10-04T01:48:11+00:00,695062,SK하이닉스 노트북 DDR3-1066 (2GB),https://prod.danawa.com/info/?pcode=695062&cate=112752,노트북용,DDR3,2GB,1066MHz (PC3-8500),,,1개,미포함,,,,노트북용 / DDR3 / 1066MHz (PC3-8500) / 램개수: 1개 / 히트싱크: 미포함,2008/08,ok,
2026-10-04T01:48:11+00:00,1678154,SK하이닉스 노트북 DDR3-1066 (4GB),https://prod.danawa.com/info/?pcode=1678154&cate=112752,노트북용,DDR3,4GB,1066MHz (PC3-8500),,,1개,미포함,,,,노트북용 / DDR3 / 1066MHz (PC3-8500) / 램개수: 1개 / 히트싱크: 미포함,2008/08,ok,
2026-10-04T01:48:11+00:00,5728635,SK하이닉스 노트북 DDR3-1066 중고 (2GB),https://prod.danawa.com/info/?pcode=5728635&cate=112752,노트북용,DDR3,2GB,1066MHz (PC3-8500),,,1개,미포함,,,,노트북용 / DDR3 / 1066MHz (PC3-8500) / 램개수: 1개 / 히트싱크: 미포함,2017/12,ok,
2026-10-04T01:48:11+00:00,5728672,SK하이닉스 노트북 DDR3-1066 중고 (4GB),https://prod.danawa.com/info/?pcode=5728672&cate=112752,노트북용,DDR3,4GB,1066MHz (PC3-8500),,,1개,미포함,,,,노트북용 / DDR3 / 1066MHz (PC3-8500) / 램개수: 1개 / 히트싱크: 미포함,2017/12,ok,
2026-10-04T01:48:11+00:00,1331603,SK하이닉스 노트북 DDR3-1333 (4GB),https://prod.danawa.com/info/?pcode=1331603&cate=112752,노트북용,DDR3,4GB,1333MHz (PC3-10600),CL9-9-9,1.50V,1개,미포함,,,,노트북용 / DDR3 / 1333MHz (PC3-10600) / 램타이밍: CL9-9-9 / 1.50V / 램개수: 1개 / 히트싱크: 미포함,2010/05,ok,
2026-10-04T01:48:11+00:00,1745206,SK하이닉스 노트북 DDR3-1333 병행수입 (4GB),https://prod.danawa.com/info/?pcode=1745206&cate=112752,노트북용,DDR3,4GB,1333MHz (PC3-10600),CL9-9-9,1.50V,1개,미포함,,,,노트북용 / DDR3 / 1333MHz (PC3-10600) / 램타이밍: CL9-9-9 / 1.50V / 램개수: 1개 / 히트싱크: 미포함,2010/05,ok,
2026-10-04T01:48:11+00:00,5728302,SK하이닉스 노트북 DDR3-1333 중고 (2GB),https://prod.danawa.com/info/?pcode=5728302&cate=112752,노트북용,DDR3,2GB,1333MHz (PC3-10600),,,1개,미포함,,,,노트북용 / DDR3 / 1333MHz (PC3-10600) / 램개수: 1개 / 히트싱크: 미포함,2017/12,ok,
2026-10-04T01:48:11+00:00,5728592,SK하이닉스 노트북 DDR3-1333 중고 (4GB),https://prod.danawa.com/info/?pcode=5728592&cate=112752,노트북용,DDR3,4GB,1333MHz (PC3-10600),,,1개,미포함,,,,노트북용 / DDR3 / 1333MHz (PC3-10600) / 램개수: 1개 / 히트싱크: 미포함,2017/12,ok,
2026-10-04T01:48:11+00:00,5729092,SK하이닉스 노트북 DDR3-1333 중고 (8GB),https://prod.danawa.com/info/?pcode=5729092&cate=112752,노트북용,DDR3,8GB,1333MHz (PC3-10600),,,1개,미포함,,,,노트북용 / DDR3 / 1333MHz (PC3-10600) / 램개수: 1개 / 히트싱크: 미포함,2017/12,ok,
2026-10-04T01:48:11+00:00,3380679,SK하이닉스 노트북 DDR3-1600 1.35V 병행수입 (4GB),https://prod.danawa.com/info/?pcode=3380679&cate=112752,노트북용,DDR3,4GB,1600MHz (PC3-12800),,1.35V,1개,미포함,,,,노트북용 / DDR3 / 1600MHz (PC3-12800) / 1.35V / 램개수: 1개 / 히트싱크: 미포함,2014/05,ok,
2026-10-04T01:48:11+00:00,17811926,SK하이닉스 노트북 DDR3-1600 1.35V 중고 (4GB),https://prod.danawa.com/info/?pcode=17811926&cate=112752,노트북용,DDR3,4GB,1600MHz (PC3-12800),,1.35V,1개,미포함,,,,노트북용 / DDR3 / 1600MHz (PC3-12800) / 1.35V / 램개수: 1개 / 히트싱크: 미포함,2014/05,ok,
2026-10-04T01:48:11+00:00,1883084,SK하이닉스 노트북 DDR3-1600 병행수입 (8GB),https://prod.danawa.com/info/?pcode=1883084&cate=112752,노트북용,DDR3,8GB,1600MHz (PC3-12800),CL9,1.50V,1개,미포함,,,,노트북용 / DDR3 / 1600MHz (PC3-12800) / 램타이밍: CL9 / 1.50V / 램개수: 1개 / 히트싱크: 미포함,2013/01,ok,
2026-10-04T01:48:11+00:00,5547604,SK하이닉스 노트북 DDR3-1600 중고 (2GB),https://prod.danawa.com/info/?pcode=5547604&cate=112752,노트북용,DDR3,2GB,1600MHz (PC3-12800),,,1개,미포함,,,,노트북용 / DDR3 / 1600MHz (PC3-12800) / 램개수: 1개 / 히트싱크: 미포함,2017/10,ok,
2026-10-04T01:48:11+00:00,5547576,SK하이닉스 노트북 DDR3-1600 중고 (4GB),https://prod.danawa.com/info/?pcode=5547576&cate=112752,노트북용,DDR3,4GB,1600MHz (PC3-12800),,,1개,미포함,,,,노트북용 / DDR3 / 1600MHz (PC3-12800) / 램개수: 1개 / 히트싱크: 미포함 / 작동전압 반드시 확인요망,2017/10,ok,
2026-10-04T01:48:11+00:00,5547968,SK하이닉스 노트북 DDR3-1600 중고 (8GB),https://prod.danawa.com/info/?pcode=5547968&cate=112752,노트북용,DDR3,8GB,1600MHz (PC3-12800),,,1개,미포함,,,,노트북용 / DDR3 / 1600MHz (PC3-12800) / 램개수: 1개 / 히트싱크: 미포함,2017/10,ok,
2026-10-04T01:48:11+00:00,5706778,SK하이닉스 노트북 DDR4-2133 (8GB),https://prod.danawa.com/info/?pcode=5706778&cate=112752,노트북용,DDR4,8GB,2133MHz (PC4-17000),,,1개,미포함,,,,노트북용 / DDR4 / 2133MHz (PC4-17000) / 램개수: 1개 / 히트싱크: 미포함,2017/12,ok,
2026-10-04T01:48:11+00:00,5706426,SK하이닉스 노트북 DDR4-2133 중고 (4GB),https://prod.danawa.com/info/?pcode=5706426&cate=112752,노트북용,DDR4,4GB,2133MHz (PC4-17000),,,1개,미포함,,,,노트북용 / DDR4 / 2133MHz (PC4-17000) / 램개수: 1개 / 히트싱크: 미포함,2017/12,ok,
2026-10-04T01:48:11+00:00,15778361,SK하이닉스 노트북 DDR4-2133 중고 (8GB),https://prod.danawa.com/info/?pcode=15778361&cate=112752,노트북용,DDR4,8GB,2133MHz (PC4-17000),,,1개,미포함,,,,노트북용 / DDR4 / 2133MHz (PC4-17000) / 램개수: 1개 / 히트싱크: 미포함,2021/11,ok,
2026-10-04T01:48:11+00:00,16946348,SK하이닉스 노트북 DDR4-2400 중고 (2GB),https://prod.danawa.com/info/?pcode=16946348&cate=112752,노트북용,DDR4,2GB,2400MHz (PC4-19200),,1.20V,1개,미포함,,,,노트북용 / DDR4 / 2400MHz (PC4-19200) / 1.20V / 램개수: 1개 / 히트싱크: 미포함,2022/04,ok,
2026-10-04T01:48:11+00:00,16946420,SK하이닉스 노트북 DDR4-2400 중고 (4GB),https://prod.danawa.com/info/?pcode=16946420&cate=112752,노트북용,DDR4,4GB,2400MHz (PC4-19200),,1.20V,1개,미포함,,,,노트북용 / DDR4 / 2400MHz (PC4-19200) / 1.20V / 램개수: 1개 / 히트싱크: 미포함,2022/04,ok,
2026-10-04T01:48:11+00:00,16946459,SK하이닉스 노트북 DDR4-2400 중고 (8GB),https://prod.danawa.com/info/?pcode=16946459&cate=112752,노트북용,DDR4,8GB,2400MHz (PC4-19200),,1.20V,1개,미포함,,,,노트북용 / DDR4 / 2400MHz (PC4-19200) / 1.20V / 램개수: 1개 / 히트싱크: 미포함,2022/04,ok,
2026-10-04T01:48:11+00:00,17242046,SK하이닉스 노트북 DDR4-2666 중고 (16GB),https://prod.danawa.com/info/?pcode=17242046&cate=112752,노트북용,DDR4,16GB,2666MHz (PC4-21300),,,1개,미포함,,,,노트북용 / DDR4 / 2666MHz (PC4-21300) / 램개수: 1개 / 히트싱크: 미포함,2021/01,ok,
2026-10-04T01:48:11+00:00,13057079,SK하이닉스 노트북 DDR4-2666 중고 (4GB),https://prod.danawa.com/info/?pcode=13057079&cate=112752,노트북용,DDR4,4GB,2666MHz (PC4-21300),,,1개,미포함,,,,노트북용 / DDR4 / 2666MHz (PC4-21300) / 램개수: 1개 / 히트싱크: 미포함,2021/01,ok,
2026-10-04T01:48:11+00:00,17341415,SK하이닉스 노트북 DDR4-2666 중고 (8GB),https://prod.danawa.com/info/?pcode=17341415&cate=112752,노트북용,DDR4,8GB,2666MHz (PC4-21300),,,1개,미포함,,,,노트북용 / DDR4 / 2666MHz (PC4-21300) / 램개수: 1개 / 히트싱크: 미포함,2022/06,ok,
2026-10-04T01:48:11+00:00,13568960,SK하이닉스 노트북 DDR4-3200 중고 (4GB),https://prod.danawa.com/info/?pcode=13568960&cate=112752,노트북용,DDR4,4GB,3200MHz (PC4-25600),,,1개,미포함,,,,노트북용 / DDR4 / 3200MHz (PC4-25600) / 램개수: 1개 / 히트싱크: 미포함,2021/03,ok,
2026-10-04T01:48:11+00:00,16121639,SK하이닉스 노트북 DDR4-3200 중고 (8GB),https://prod.danawa.com/info/?pcode=16121639&cate=112752,노트북용,DDR4,8GB,3200MHz (PC4-25600),,,1개,미포함,,,,노트북용 / DDR4 / 3200MHz (PC4-25600) / 램개수: 1개 / 히트싱크: 미포함,2022/01,ok,
2026-10-04T01:48:11+00:00,17390087,SK하이닉스 노트북 DDR5-4800 중고 (8GB),https://prod.danawa.com/info/?pcode=17390087&cate=112752,노트북용,DDR5,8GB,4800MHz (PC5-38400),,,1개,미포함,,,,노트북용 / DDR5 / 4800MHz (PC5-38400) / 램개수: 1개 / 히트싱크: 미포함,2022/07,ok,
2026-10-04T01:48:11+00:00,53780300,SK하이닉스 노트북 DDR5-5600 중고 (16GB),https://prod.danawa.com/info/?pcode=53780300&cate=112752,노트북용,DDR5,16GB,5600MHz (PC5-44800),,,1개,미포함,,,,노트북용 / DDR5 / 5600MHz (PC5-44800) / 램개수: 1개 / 히트싱크: 미포함,2024/05,ok,
2026-10-04T01:48:11+00:00,53780366,SK하이닉스 노트북 DDR5-5600 중고 (32GB),https://prod.danawa.com/info/?pcode=53780366&cate=112752,노트북용,DDR5,32GB,5600MHz (PC5-44800),,,1개,미포함,,,,노트북용 / DDR5 / 5600MHz (PC5-44800) / 램개수: 1개 / 히트싱크: 미포함,2024/05,ok,
2026-10-04T01:48:11+00:00,20199452,SK하이닉스 노트북 DDR5-5600 중고 (8GB),https://prod.danawa.com/info/?pcode=20199452&cate=112752,노트북용,DDR5,8GB,5600MHz (PC5-44800),,,1개,미포함,,,,노트북용 / DDR5 / 5600MHz (PC5-44800) / 램개수: 1개 / 히트싱크: 미포함,2023/05,ok,
2026-10-04T01:48:11+00:00,13603805,SOUTH BRIDGE DDR3-1600 (8GB),https://prod.danawa.com/info/?pcode=13603805&cate=112752,데스크탑용,DDR3,8GB,1600MHz (PC3-12800),,,1개,미포함,,,,데스크탑용 / DDR3 / 1600MHz (PC3-12800) / 램개수: 1개 / 히트싱크: 미포함,2021/03,ok,
2026-10-04T01:48:11+00:00,5680228,TeamGroup DDR4-2666 Elite (8GB),https://prod.danawa.com/info/?pcode=5680228&cate=112752,데스크탑용,DDR4,8GB,2666MHz (PC4-21300),CL19-19-19-43,1.20V,1개,미포함,,,,데스크탑용 / DDR4 / 2666MHz (PC4-21300) / 램타이밍: CL19-19-19-43 / 1.20V / 램개수: 1개 / 히트싱크: 미포함 / 2021년 3월 부로 가넷씨앤아이→아인스시스템 으로 유통사가 변경되었습니다,2017/11,ok,
2026-10-04T01:48:11+00:00,10188159,TeamGroup DDR4-3200 Elite (16GB),https://prod.danawa.com/info/?pcode=10188159&cate=112752,데스크탑용,DDR4,16GB,3200MHz (PC4-25600),CL22-22-22-52,1.20V,1개,미포함,,,,데스크탑용 / DDR4 / 3200MHz (PC4-25600) / 램타이밍: CL22-22-22-52 / 1.20V / 램개수: 1개 / 히트싱크: 미포함,2019/12,ok,
2026-10-04T01:48:11+00:00,10188141,TeamGroup DDR4-3200 Elite (8GB),https://prod.danawa.com/info/?pcode=10188141&cate=112752,데스크탑용,DDR4,8GB,3200MHz (PC4-25600),CL22-22-22-52,1.20V,1개,미포함,,,,데스크탑용 / DDR4 / 3200MHz (PC4-25600) / 램타이밍: CL22-22-22-52 / 1.20V / 램개수: 1개 / 히트싱크: 미포함,2019/12,ok,
2026-10-04T01:48:11+00:00,14907467,TeamGroup DDR4-3200 Elite 서린 (16GB),https://prod.danawa.com/info/?pcode=14907467&cate=112752,데스크탑용,DDR4,16GB,3200MHz (PC4-25600),CL22-22-22-52,1.20V,1개,미포함,,,,데스크탑용 / DDR4 / 3200MHz (PC4-25600) / 램타이밍: CL22-22-22-52 / 1.20V / 램개수: 1개 / 히트싱크: 미포함,2021/08,ok,
2026-10-04T01:48:11+00:00,14907485,TeamGroup DDR4-3200 Elite 서린 (32GB),https://prod.danawa.com/info/?pcode=14907485&cate=112752,데스크탑용,DDR4,32GB,3200MHz (PC4-25600),CL22-22-22-52,1.20V,1개,미포함,,,,데스크탑용 / DDR4 / 3200MHz (PC4-25600) / 램타이밍: CL22-22-22-52 / 1.20V / 램개수: 1개 / 히트싱크: 미포함,2021/08,ok,
2026-10-04T01:48:11+00:00,14907443,TeamGroup DDR4-3200 Elite 서린 (8GB),https://prod.danawa.com/info/?pcode=14907443&cate=112752,데스크탑용,DDR4,8GB,3200MHz (PC4-25600),CL22-22-22-52,1.20V,1개,미포함,,,,데스크탑용 / DDR4 / 3200MHz (PC4-25600) / 램타이밍: CL22-22-22-52 / 1.20V / 램개수: 1개 / 히트싱크: 미포함,2021/08,ok,
2026-10-04T01:48:11+00:00,123133860,TeamGroup DDR4-3200 Elite 중고 (32GB),https://prod.danawa.com/info/?pcode=123133860&cate=112752,데스크탑용,DDR4,32GB,3200MHz (PC4-25600),CL22-22-22-52,1.20V,1개,미포함,,,,데스크탑용 / DDR4 / 3200MHz (PC4-25600) / 램타이밍: CL22-22-22-52 / 1.20V / 램개수: 1개 / 히트싱크: 미포함,2021/08,ok,
2026-10-04T01:48:11+00:00,18767579,TeamGroup DDR5-4800 CL40 Elite Plus 실버 서린 (32GB),https://prod.danawa.com/info/?pcode=18767579&cate=112752,데스크탑용,DDR5,32GB,4800MHz (PC5-38400),CL40-40-40-77,1.10V,1개,방열판,,31.25mm,온다이ECC,데스크탑용 / DDR5 / 4800MHz (PC5-38400) / 램타이밍: CL40-40-40-77 / 1.10V / 램개수: 1개 / 온다이ECC / 히트싱크: 방열판 / 방열판 색상: 실버/그레이 / 높이: 31.25mm,2023/01,ok,
2026-10-04T01:48:11+00:00,17535233,TeamGroup DDR5-4800 CL40 Elite 서린 (16GB),https://prod.danawa.com/info/?pcode=17535233&cate=112752,데스크탑용,DDR5,16GB,4800MHz (PC5-38400),CL40-40-40-77,1.10V,1개,미포함,,32mm,온다이ECC,데스크탑용 / DDR5 / 4800MHz (PC5-38400) / 램타이밍: CL40-40-40-77 / 1.10V / 램개수: 1개 / 온다이ECC / 히트싱크: 미포함 / 높이: 32mm,2022/07,ok,
2026-10-04T01:48:11+00:00,18767360,TeamGroup DDR5-5200 CL42 Elite 서린 (16GB),https://prod.danawa.com/info/?pcode=18767360&cate=112752,데스크탑용,DDR5,16GB,5200MHz (PC5-41600),CL42-42-42-84,1.10V,1개,미포함,,32mm,,데스크탑용 / DDR5 / 5200MHz (PC5-41600) / 램타이밍: CL42-42-42-84 / 1.10V / 램개수: 1개 / 히트싱크: 미포함 / 높이: 32mm,2023/01,ok,
2026-10-04T01:48:11+00:00,23563973,TeamGroup DDR5-5600 CL46 Elite (16GB),https://prod.danawa.com/info/?pcode=23563973&cate=112752,데스크탑용,DDR5,16GB,5600MHz (PC5-44800),CL46-46-46-90,1.10V,1개,미포함,,32mm,온다이ECC,데스크탑용 / DDR5 / 5600MHz (PC5-44800) / 램타이밍: CL46-46-46-90 / 1.10V / 램개수: 1개 / 온다이ECC / 히트싱크: 미포함 / 높이: 32mm,2023/07,ok,
2026-10-04T01:48:11+00:00,37345886,TeamGroup DDR5-5600 CL46 Elite (8GB),https://prod.danawa.com/info/?pcode=37345886&cate=112752,데스크탑용,DDR5,8GB,5600MHz (PC5-44800),CL46-46-46-90,1.10V,1개,미포함,,32mm,온다이ECC,데스크탑용 / DDR5 / 5600MHz (PC5-44800) / 램타이밍: CL46-46-46-90 / 1.10V / 램개수: 1개 / 온다이ECC / 히트싱크: 미포함 / 높이: 32mm,2024/02,ok,
2026-10-04T01:48:11+00:00,27545675,TeamGroup DDR5-5600 CL46 Elite Plus 블랙 서린 (32GB),https://prod.danawa.com/info/?pcode=27545675&cate=112752,데스크탑용,DDR5,32GB,5600MHz (PC5-44800),CL46-46-46-90,1.10V,1개,방열판,,31.25mm,온다이ECC,데스크탑용 / DDR5 / 5600MHz (PC5-44800) / 램타이밍: CL46-46-46-90 / 1.10V / 램개수: 1개 / 온다이ECC / 히트싱크: 방열판 / 방열판 색상: 블랙 / 높이: 31.25mm,2023/08,ok,
2026-10-04T01:48:11+00:00,17535839,TeamGroup DDR5-5600 CL46 Elite 서린 (16GB),https://prod.danawa.com/info/?pcode=17535839&cate=112752,데스크탑용,DDR5,16GB,5600MHz (PC5-44800),CL46-46-46-90,1.10V,1개,미포함,,32mm,온다이ECC,데스크탑용 / DDR5 / 5600MHz (PC5-44800) / 램타이밍: CL46-46-46-90 / 1.10V / 램개수: 1개 / 온다이ECC / 히트싱크: 미포함 / 높이: 32mm,2022/07,ok,
2026-10-04T01:48:11+00:00,27545627,TeamGroup DDR5-5600 CL46 Elite 서린 (32GB),https://prod.danawa.com/info/?pcode=27545627&cate=112752,데스크탑용,DDR5,32GB,5600MHz (PC5-44800),CL46-46-46-90,1.10V,1개,미포함,,32mm,온다이ECC,데스크탑용 / DDR5 / 5600MHz (PC5-44800) / 램타이밍: CL46-46-46-90 / 1.10V / 램개수: 1개 / 온다이ECC / 히트싱크: 미포함 / 높이: 32mm,2023/08,ok,
2026-10-04T01:48:11+00:00,33369683,TeamGroup DDR5-5600 CL46 Elite 서린 (8GB),https://prod.danawa.com/info/?pcode=33369683&cate=112752,데스크탑용,DDR5,8GB,5600MHz (PC5-44800),CL46-46-46-90,1.10V,1개,미포함,,32mm,온다이ECC,데스크탑용 / DDR5 / 5600MHz (PC5-44800) / 램타이밍: CL46-46-46-90 / 1.10V / 램개수: 1개 / 온다이ECC / 히트싱크: 미포함 / 높이: 32mm,2024/01,ok,
2026-10-04T01:48:11+00:00,13981076,TeamGroup T-CREATE DDR4-3600 CL18 EXPERT OC10L 패키지 서린 (16GB(8Gx2)),https://prod.danawa.com/info/?pcode=13981076&cate=112752,데스크탑용,DDR4,16GB(8Gx2),3600MHz (PC4-28800),CL18-22-22-42,1.35V,2개,방열판,,,,데스크탑용 / DDR4 / 3600MHz (PC4-28800) / 램타이밍: CL18-22-22-42 / 1.35V / 램개수: 2개 / 히트싱크: 방열판 / 방열판 색상: 실버/그레이,2021/04,ok,
2026-10-04T01:48:11+00:00,13981106,TeamGroup T-CREATE DDR4-3600 CL18 EXPERT OC10L 패키지 서린 (32GB(16Gx2)),https://prod.danawa.com/info/?pcode=13981106&cate=112752,데스크탑용,DDR4,32GB(16Gx2),3600MHz (PC4-28800),CL18-22-22-42,1.35V,2개,방열판,,,,데스크탑용 / DDR4 / 3600MHz (PC4-28800) / 램타이밍: CL18-22-22-42 / 1.35V / 램개수: 2개 / 히트싱크: 방열판 / 방열판 색상: 실버/그레이,2021/04,ok,
2026-10-04T01:48:11+00:00,19566122,TeamGroup T-CREATE DDR5-5600 CL46 CLASSIC 패키지 서린 (32GB(16Gx2)),https://prod.danawa.com/info/?pcode=19566122&cate=112752,데스크탑용,DDR5,32GB(16Gx2),5600MHz (PC5-44800),CL46-46-46-90,1.10V,2개,방열판,,32mm,온다이ECC,데스크탑용 / DDR5 / 5600MHz (PC5-44800) / 램타이밍: CL46-46-46-90 / 1.10V / 램개수: 2개 / 온다이ECC / 히트싱크: 방열판 / 방열판 색상: 블랙 / 높이: 32mm,2023/03,ok,
2026-10-04T01:48:11+00:00,19566335,TeamGroup T-CREATE DDR5-5600 CL46 CLASSIC 패키지 서린 (64GB(32Gx2)),https://prod.danawa.com/info/?pcode=19566335&cate=112752,데스크탑용,DDR5,64GB(32Gx2),5600MHz (PC5-44800),CL46-46-46-90,1.10V,2개,방열판,,32mm,온다이ECC,데스크탑용 / DDR5 / 5600MHz (PC5-44800) / 램타이밍: CL46-46-46-90 / 1.10V / 램개수: 2개 / 온다이ECC / 히트싱크: 방열판 / 방열판 색상: 블랙 / 높이: 32mm,2023/03,ok,
2026-10-04T01:48:11+00:00,20546438,TeamGroup T-CREATE DDR5-6000 CL30 EXPERT 패키지 서린 (32GB(16Gx2)),https://prod.danawa.com/info/?pcode=20546438&cate=112752,데스크탑용,DDR5,32GB(16Gx2),6000MHz (PC5-48000),CL30-36-36-76,1.35V,2개,방열판,,32mm,XMP / EXPO / 온다이ECC,데스크탑용 / DDR5 / 6000MHz (PC5-48000) / 램타이밍: CL30-36-36-76 / 1.35V / 램개수: 2개 / XMP / EXPO / 온다이ECC / 히트싱크: 방열판 / 방열판 색상: 블랙 / 높이: 32mm,2023/06,ok,
2026-10-04T01:48:11+00:00,20546684,TeamGroup T-CREATE DDR5-6000 CL30 EXPERT 화이트 패키지 서린 (32GB(16Gx2)),https://prod.danawa.com/info/?pcode=20546684&cate=112752,데스크탑용,DDR5,32GB(16Gx2),6000MHz (PC5-48000),CL30-36-36-76,1.35V,2개,방열판,,32mm,XMP / EXPO / 온다이ECC,데스크탑용 / DDR5 / 6000MHz (PC5-48000) / 램타이밍: CL30-36-36-76 / 1.35V / 램개수: 2개 / XMP / EXPO / 온다이ECC / 히트싱크: 방열판 / 방열판 색상: 화이트 / 높이: 32mm,2023/06,ok,
2026-10-04T01:48:11+00:00,19566788,TeamGroup T-CREATE DDR5-6000 CL34 EXPERT 패키지 서린 (64GB(32Gx2)),https://prod.danawa.com/info/?pcode=19566788&cate=112752,데스크탑용,DDR5,64GB(32Gx2),6000MHz (PC5-48000),CL34-44-44-84,1.35V,2개,방열판,,32mm,XMP / EXPO / 온다이ECC,데스크탑용 / DDR5 / 6000MHz (PC5-48000) / 램타이밍: CL34-44-44-84 / 1.35V / 램개수: 2개 / XMP / EXPO / 온다이ECC / 히트싱크: 방열판 / 방열판 색상: 블랙 / 높이: 32mm / 25년 7월부로 전압 1.3→1.35V 변경,2023/03,ok,
2026-10-04T01:48:11+00:00,105969299,TeamGroup T-CREATE DDR5-6000 CL40 EXPERT 패키지 서린 (128GB(64Gx2)),https://prod.danawa.com/info/?pcode=105969299&cate=112752,데스크탑용,DDR5,128GB(64Gx2),6000MHz (PC5-48000),CL40-52-52-96,1.25V,2개,방열판,,32mm,XMP / 온다이ECC,데스크탑용 / DDR5 / 6000MHz (PC5-48000) / 램타이밍: CL40-52-52-96 / 1.25V / 램개수: 2개 / XMP / 온다이ECC / 히트싱크: 방열판 / 방열판 색상: 블랙 / 높이: 32mm,2026/02,ok,
2026-10-04T01:48:11+00:00,105969302,TeamGroup T-CREATE DDR5-6000 CL40 EXPERT 화이트 패키지 서린 (128GB(64Gx2)),https://prod.danawa.com/info/?pcode=105969302&cate=112752,데스크탑용,DDR5,128GB(64Gx2),6000MHz (PC5-48000),CL40-52-52-96,1.25V,2개,방열판,,32mm,XMP / 온다이ECC,데스크탑용 / DDR5 / 6000MHz (PC5-48000) / 램타이밍: CL40-52-52-96 / 1.25V / 램개수: 2개 / XMP / 온다이ECC / 히트싱크: 방열판 / 방열판 색상: 화이트 / 높이: 32mm,2026/02,ok,
2026-10-04T01:48:11+00:00,19567433,TeamGroup T-CREATE DDR5-6000 CL48 CLASSIC 패키지 서린 (32GB(16Gx2)),https://prod.danawa.com/info/?pcode=19567433&cate=112752,데스크탑용,DDR5,32GB(16Gx2),6000MHz (PC5-48000),CL48-48-48-96,1.10V,2개,방열판,,32mm,온다이ECC,데스크탑용 / DDR5 / 6000MHz (PC5-48000) / 램타이밍: CL48-48-48-96 / 1.10V / 램개수: 2개 / 온다이ECC / 히트싱크: 방열판 / 방열판 색상: 블랙 / 높이: 32mm,2023/03,ok,
2026-10-04T01:48:11+00:00,19567628,TeamGroup T-CREATE DDR5-6000 CL48 CLASSIC 패키지 서린 (64GB(32Gx2)),https://prod.danawa.com/info/?pcode=19567628&cate=112752,데스크탑용,DDR5,64GB(32Gx2),6000MHz (PC5-48000),CL48-48-48-96,1.10V,2개,방열판,,32mm,온다이ECC,데스크탑용 / DDR5 / 6000MHz (PC5-48000) / 램타이밍: CL48-48-48-96 / 1.10V / 램개수: 2개 / 온다이ECC / 히트싱크: 방열판 / 방열판 색상: 블랙 / 높이: 32mm,2023/03,ok,
2026-10-04T01:48:11+00:00,19567934,TeamGroup T-CREATE DDR5-6400 CL34 EXPERT 패키지 서린 (64GB(32Gx2)),https://prod.danawa.com/info/?pcode=19567934&cate=112752,데스크탑용,DDR5,64GB(32Gx2),6400MHz (PC5-51200),CL34-44-44-84,1.35V,2개,방열판,,32mm,XMP / 온다이ECC,데스크탑용 / DDR5 / 6400MHz (PC5-51200) / 램타이밍: CL34-44-44-84 / 1.35V / 램개수: 2개 / XMP / 온다이ECC / 히트싱크: 방열판 / 방열판 색상: 블랙 / 높이: 32mm,2023/03,ok,
2026-10-04T01:48:11+00:00,20547080,TeamGroup T-CREATE DDR5-6400 CL34 EXPERT 화이트 패키지 서린 (64GB(32Gx2)),https://prod.danawa.com/info/?pcode=20547080&cate=112752,데스크탑용,DDR5,64GB(32Gx2),6400MHz (PC5-51200),CL34-44-44-84,1.35V,2개,방열판,,32mm,XMP / 온다이ECC,데스크탑용 / DDR5 / 6400MHz (PC5-51200) / 램타이밍: CL34-44-44-84 / 1.35V / 램개수: 2개 / XMP / 온다이ECC / 히트싱크: 방열판 / 방열판 색상: 화이트 / 높이: 32mm,2023/06,ok,
2026-10-04T01:48:11+00:00,96773624,TeamGroup T-CREATE DDR5-6400 CL42 EXPERT 패키지 서린 (128GB(64Gx2)),https://prod.danawa.com/info/?pcode=96773624&cate=112752,데스크탑용,DDR5,128GB(64Gx2),6400MHz (PC5-51200),CL42-52-52-102,1.25V,2개,방열판,,32mm,온다이ECC,데스크탑용 / DDR5 / 6400MHz (PC5-51200) / 램타이밍: CL42-52-52-102 / 1.25V / 램개수: 2개 / 온다이ECC / 히트싱크: 방열판 / 방열판 색상: 블랙 / 높이: 32mm,2025/08,ok,
2026-10-04T01:48:11+00:00,96773702,TeamGroup T-CREATE DDR5-6400 CL42 EXPERT 화이트 패키지 서린 (128GB(64Gx2)),https://prod.danawa.com/info/?pcode=96773702&cate=112752,데스크탑용,DDR5,128GB(64Gx2),6400MHz (PC5-51200),CL42-52-52-102,1.25V,2개,방열판,,32mm,온다이ECC,데스크탑용 / DDR5 / 6400MHz (PC5-51200) / 램타이밍: CL42-52-52-102 / 1.25V / 램개수: 2개 / 온다이ECC / 히트싱크: 방열판 / 방열판 색상: 화이트 / 높이: 32mm,2025/08,ok,
2026-10-04T01:48:11+00:00,28806803,TeamGroup T-CREATE 노트북 DDR5-5600 CL46-45-45 CLASSIC 서린 (16GB),https://prod.danawa.com/info/?pcode=28806803&cate=112752,노트북용,DDR5,16GB,5600MHz (PC5-44800),CL46-45-45-90,1.10V,1개,방열판,,30mm,온다이ECC,노트북용 / DDR5 / 5600MHz (PC5-44800) / 램타이밍: CL46-45-45-90 / 1.10V / 램개수: 1개 / 온다이ECC / 히트싱크: 방열판 / 방열판 색상: 블랙 / 높이: 30mm,2023/10,ok,
2026-10-04T01:48:11+00:00,28806848,TeamGroup T-CREATE 노트북 DDR5-5600 CL46-45-45 CLASSIC 서린 (32GB),https://prod.danawa.com/info/?pcode=28806848&cate=112752,노트북용,DDR5,32GB,5600MHz (PC5-44800),CL46-45-45-90,1.10V,1개,방열판,,30mm,온다이ECC,노트북용 / DDR5 / 5600MHz (PC5-44800) / 램타이밍: CL46-45-45-90 / 1.10V / 램개수: 1개 / 온다이ECC / 히트싱크: 방열판 / 방열판 색상: 블랙 / 높이: 30mm,2023/10,ok,
2026-10-04T01:48:11+00:00,8714552,TeamGroup T-Force DDR4-2666 CL18 T1 GAMING (4GB),https://prod.danawa.com/info/?pcode=8714552&cate=112752,데스크탑용,DDR4,4GB,2666MHz (PC4-21300),CL18-18-18-43,1.20V,1개,미포함,,,XMP,데스크탑용 / DDR4 / 2666MHz (PC4-21300) / 램타이밍: CL18-18-18-43 / 1.20V / 램개수: 1개 / XMP / 히트싱크: 미포함,2019/07,ok,
2026-10-04T01:48:11+00:00,9268803,TeamGroup T-Force DDR4-3000 CL16 Vulcan Z Gray (4GB),https://prod.danawa.com/info/?pcode=9268803&cate=112752,데스크탑용,DDR4,4GB,3000MHz (PC4-24000),CL16-18-18-38,1.35V,1개,방열판,,,XMP,데스크탑용 / DDR4 / 3000MHz (PC4-24000) / 램타이밍: CL16-18-18-38 / 1.35V / 램개수: 1개 / XMP / 히트싱크: 방열판 / 방열판 색상: 실버/그레이 / 2021년 3월 부로 가넷씨앤아이→아인스시스템 으로 유통사가 변경되었습니다,2019/08,ok,
2026-10-04T01:48:11+00:00,10389006,TeamGroup T-Force DDR4-3200 CL16 DARK Z RED 패키지 (16GB(8Gx2)),https://prod.danawa.com/info/?pcode=10389006&cate=112752,데스크탑용,DDR4,16GB(8Gx2),3200MHz (PC4-25600),CL16-18-18-38,1.35V,2개,방열판,,,XMP,데스크탑용 / DDR4 / 3200MHz (PC4-25600) / 램타이밍: CL16-18-18-38 / 1.35V / 램개수: 2개 / XMP / 히트싱크: 방열판 / 방열판 색상: 레드,2020/01,ok,
2026-10-04T01:48:11+00:00,6935872,TeamGroup T-Force DDR4-3200 CL16 Delta RGB 패키지 (32GB(16Gx2)),https://prod.danawa.com/info/?pcode=6935872&cate=112752,데스크탑용,DDR4,32GB(16Gx2),3200MHz (PC4-25600),CL16-18-18-38,1.35V,2개,방열판,RGB,,XMP,"데스크탑용 / DDR4 / 3200MHz (PC4-25600) / 램타이밍: CL16-18-18-38 / 1.35V / 램개수: 2개 / LED 라이트 / XMP / 히트싱크: 방열판 / 방열판 색상: 블랙 / LED색상: RGB / LED 시스템: AURA SYNC , MYSTIC LIGHT , RGB FUSION , POLYCHROME , RAZER CHROMA , TT RGB PLUS / 2021년 3월 부로 가넷씨앤아이→아인스시스템 으로 유통사가 변경되었습니다",2018/12,ok,
2026-10-04T01:48:11+00:00,7320400,TeamGroup T-Force DDR4-3200 CL16 Delta RGB 패키지 서린 (16GB(8Gx2)),https://prod.danawa.com/info/?pcode=7320400&cate=112752,데스크탑용,DDR4,16GB(8Gx2),3200MHz (PC4-25600),CL16-18-18-38,1.35V,2개,방열판,RGB,,XMP,"데스크탑용 / DDR4 / 3200MHz (PC4-25600) / 램타이밍: CL16-18-18-38 / 1.35V / 램개수: 2개 / LED 라이트 / XMP / 히트싱크: 방열판 / 방열판 색상: 블랙 / LED색상: RGB / LED 시스템: AURA SYNC , MYSTIC LIGHT , RGB FUSION , POLYCHROME , RAZER CHROMA , TT RGB PLUS",2018/12,ok,
2026-10-04T01:48:11+00:00,7320805,TeamGroup T-Force DDR4-3200 CL16 Delta RGB 패키지 서린 (32GB(16Gx2)),https://prod.danawa.com/info/?pcode=7320805&cate=112752,데스크탑용,DDR4,32GB(16Gx2),3200MHz (PC4-25600),CL16-18-18-38,1.35V,2개,방열판,RGB,,XMP,"데스크탑용 / DDR4 / 3200MHz (PC4-25600) / 램타이밍: CL16-18-18-38 / 1.35V / 램개수: 2개 / LED 라이트 / XMP / 히트싱크: 방열판 / 방열판 색상: 블랙 / LED색상: RGB / LED 시스템: RGB FUSION , RAZER CHROMA , MYSTIC LIGHT , TT RGB PLUS , POLYCHROME , AURA SYNC",2018/12,ok,
2026-10-04T01:48:11+00:00,7320475,TeamGroup T-Force DDR4-3200 CL16 Delta RGB 화이트 패키지 서린 (16GB(8Gx2)),https://prod.danawa.com/info/?pcode=7320475&cate=112752,데스크탑용,DDR4,16GB(8Gx2),3200MHz (PC4-25600),CL16-18-18-38,1.35V,2개,방열판,RGB,,XMP,"데스크탑용 / DDR4 / 3200MHz (PC4-25600) / 램타이밍: CL16-18-18-38 / 1.35V / 램개수: 2개 / LED 라이트 / XMP / 히트싱크: 방열판 / 방열판 색상: 화이트 / LED색상: RGB / LED 시스템: TT RGB PLUS , AURA SYNC , RGB FUSION , POLYCHROME , MYSTIC LIGHT , RAZER CHROMA",2018/12,ok,
2026-10-04T01:48:11+00:00,7320865,TeamGroup T-Force DDR4-3200 CL16 Delta RGB 화이트 패키지 서린 (32GB(16Gx2)),https://prod.danawa.com/info/?pcode=7320865&cate=112752,데스크탑용,DDR4,32GB(16Gx2),3200MHz (PC4-25600),CL16-20-20-40,1.35V,2개,방열판,RGB,,XMP,"데스크탑용 / DDR4 / 3200MHz (PC4-25600) / 램타이밍: CL16-20-20-40 / 1.35V / 램개수: 2개 / XMP / LED 라이트 / 히트싱크: 방열판 / 방열판 색상: 화이트 / LED색상: RGB / LED 시스템: RAZER CHROMA , AURA SYNC , POLYCHROME , MYSTIC LIGHT , TT RGB PLUS , RGB FUSION",2018/12,ok,
2026-10-04T01:48:11+00:00,13658393,TeamGroup T-Force DDR4-3200 CL16 Vulcan Z Gray 패키지 (16GB(8Gx2)),https://prod.danawa.com/info/?pcode=13658393&cate=112752,데스크탑용,DDR4,16GB(8Gx2),3200MHz (PC4-25600),CL16-20-20-40,1.35V,2개,방열판,,,XMP,데스크탑용 / DDR4 / 3200MHz (PC4-25600) / 램타이밍: CL16-20-20-40 / 1.35V / 램개수: 2개 / XMP / 히트싱크: 방열판 / 방열판 색상: 실버/그레이,2021/03,ok,
2026-10-04T01:48:11+00:00,11462262,TeamGroup T-Force DDR4-3200 CL16 XTREEM ARGB 패키지 (16GB(8Gx2)),https://prod.danawa.com/info/?pcode=11462262&cate=112752,데스크탑용,DDR4,16GB(8Gx2),3200MHz (PC4-25600),CL16-18-18-38,1.35V,2개,방열판,RGB,,,"데스크탑용 / DDR4 / 3200MHz (PC4-25600) / 램타이밍: CL16-18-18-38 / 1.35V / 램개수: 2개 / LED 라이트 / 히트싱크: 방열판 / 방열판 색상: 블루 / LED색상: RGB / LED 시스템: AURA SYNC , MYSTIC LIGHT , T-FORCE BLITZ , RGB FUSION , POLYCHROME / 2021년 3월 부로 가넷씨앤아이→아인스시스템 으로 유통사가 변경되었습니다",2020/06,ok,
2026-10-04T01:48:11+00:00,12958028,TeamGroup T-Force DDR4-3200 CL16-20-20 Delta RGB 패키지 (32GB(16Gx2)),https://prod.danawa.com/info/?pcode=12958028&cate=112752,데스크탑용,DDR4,32GB(16Gx2),3200MHz (PC4-25600),CL16-20-20-40,1.35V,2개,방열판,RGB,,XMP,데스크탑용 / DDR4 / 3200MHz (PC4-25600) / 램타이밍: CL16-20-20-40 / 1.35V / 램개수: 2개 / XMP / LED 라이트 / 히트싱크: 방열판 / 방열판 색상: 블랙 / LED색상: RGB / LED 시스템: AURA SYNC / 2021년 3월 부로 가넷씨앤아이→아인스시스템 으로 유통사가 변경되었습니다,2020/12,ok,
2026-10-04T01:48:11+00:00,12876455,TeamGroup T-Force DDR4-3200 CL16-20-20 Delta RGB 패키지 서린 (32GB(16Gx2)),https://prod.danawa.com/info/?pcode=12876455&cate=112752,데스크탑용,DDR4,32GB(16Gx2),3200MHz (PC4-25600),CL16-20-20-40,1.35V,2개,방열판,RGB,,XMP,"데스크탑용 / DDR4 / 3200MHz (PC4-25600) / 램타이밍: CL16-20-20-40 / 1.35V / 램개수: 2개 / LED 라이트 / XMP / 히트싱크: 방열판 / 방열판 색상: 블랙 / LED색상: RGB / LED 시스템: AURA SYNC , MYSTIC LIGHT , RGB FUSION , POLYCHROME , RAZER CHROMA , TT RGB PLUS",2020/12,ok,
2026-10-04T01:48:11+00:00,12876503,TeamGroup T-Force DDR4-3200 CL16-20-20 Delta RGB 화이트 패키지 서린 (32GB(16Gx2)),https://prod.danawa.com/info/?pcode=12876503&cate=112752,데스크탑용,DDR4,32GB(16Gx2),3200MHz (PC4-25600),CL16-20-20-40,1.35V,2개,방열판,RGB,,XMP,"데스크탑용 / DDR4 / 3200MHz (PC4-25600) / 램타이밍: CL16-20-20-40 / 1.35V / 램개수: 2개 / LED 라이트 / XMP / 히트싱크: 방열판 / 방열판 색상: 화이트 / LED색상: RGB / LED 시스템: AURA SYNC , MYSTIC LIGHT , RGB FUSION , POLYCHROME , RAZER CHROMA , TT RGB PLUS",2020/12,ok,
2026-10-04T01:48:11+00:00,11858860,TeamGroup T-Force DDR4-3600 CL18 Delta RGB 패키지 (32GB(16Gx2)),https://prod.danawa.com/info/?pcode=11858860&cate=112752,데스크탑용,DDR4,32GB(16Gx2),3600MHz (PC4-28800),CL18-22-22-42,1.35V,2개,방열판,RGB,,XMP,"데스크탑용 / DDR4 / 3600MHz (PC4-28800) / 램타이밍: CL18-22-22-42 / 1.35V / 램개수: 2개 / XMP / LED 라이트 / 히트싱크: 방열판 / 방열판 색상: 블랙 / LED색상: RGB / LED 시스템: TT RGB PLUS , POLYCHROME , RGB FUSION , T-FORCE BLITZ , RAZER CHROMA , AURA SYNC , MYSTIC LIGHT / 2021년 3월 부로 가넷씨앤아이→아인스시스템 으로 유통사가 변경되었습니다",2020/07,ok,
2026-10-04T01:48:11+00:00,11380119,TeamGroup T-Force DDR4-3600 CL18 Delta RGB 패키지 서린 (16GB(8Gx2)),https://prod.danawa.com/info/?pcode=11380119&cate=112752,데스크탑용,DDR4,16GB(8Gx2),3600MHz (PC4-28800),CL18-22-22-42,1.35V,2개,방열판,RGB,,XMP,"데스크탑용 / DDR4 / 3600MHz (PC4-28800) / 램타이밍: CL18-22-22-42 / 1.35V / 램개수: 2개 / LED 라이트 / XMP / 히트싱크: 방열판 / 방열판 색상: 블랙 / LED색상: RGB / LED 시스템: AURA SYNC , MYSTIC LIGHT , RGB FUSION , POLYCHROME , RAZER CHROMA , TT RGB PLUS , T-FORCE BLITZ",2020/05,ok,
2026-10-04T01:48:11+00:00,11380332,TeamGroup T-Force DDR4-3600 CL18 Delta RGB 패키지 서린 (32GB(16Gx2)),https://prod.danawa.com/info/?pcode=11380332&cate=112752,데스크탑용,DDR4,32GB(16Gx2),3600MHz (PC4-28800),CL18-22-22-42,1.35V,2개,방열판,RGB,,XMP,"데스크탑용 / DDR4 / 3600MHz (PC4-28800) / 램타이밍: CL18-22-22-42 / 1.35V / 램개수: 2개 / LED 라이트 / XMP / 히트싱크: 방열판 / 방열판 색상: 블랙 / LED색상: RGB / LED 시스템: AURA SYNC , MYSTIC LIGHT , RGB FUSION , POLYCHROME , RAZER CHROMA , TT RGB PLUS , T-FORCE BLITZ",2020/05,ok,
2026-10-04T01:48:11+00:00,11858869,TeamGroup T-Force DDR4-3600 CL18 Delta RGB 화이트 패키지 (16GB(8Gx2)),https://prod.danawa.com/info/?pcode=11858869&cate=112752,데스크탑용,DDR4,16GB(8Gx2),3600MHz (PC4-28800),CL18-22-22-42,1.35V,2개,방열판,RGB,,XMP,"데스크탑용 / DDR4 / 3600MHz (PC4-28800) / 램타이밍: CL18-22-22-42 / 1.35V / 램개수: 2개 / LED 라이트 / XMP / 히트싱크: 방열판 / 방열판 색상: 화이트 / LED색상: RGB / LED 시스템: RGB FUSION , T-FORCE BLITZ , RAZER CHROMA , TT RGB PLUS , POLYCHROME , AURA SYNC , MYSTIC LIGHT / 2021년 3월 부로 가넷씨앤아이→아인스시스템 으로 유통사가 변경되었습니다",2020/07,ok,
2026-10-04T01:48:11+00:00,11858875,TeamGroup T-Force DDR4-3600 CL18 Delta RGB 화이트 패키지 (32GB(16Gx2)),https://prod.danawa.com/info/?pcode=11858875&cate=112752,데스크탑용,DDR4,32GB(16Gx2),3600MHz (PC4-28800),CL18-22-22-42,1.35V,2개,방열판,RGB,,XMP,"데스크탑용 / DDR4 / 3600MHz (PC4-28800) / 램타이밍: CL18-22-22-42 / 1.35V / 램개수: 2개 / LED 라이트 / XMP / 히트싱크: 방열판 / 방열판 색상: 화이트 / LED색상: RGB / LED 시스템: TT RGB PLUS , T-FORCE BLITZ , RAZER CHROMA , MYSTIC LIGHT , AURA SYNC , POLYCHROME , RGB FUSION / 2021년 3월 부로 가넷씨앤아이→아인스시스템 으로 유통사가 변경되었습니다",2020/07,ok,
2026-10-04T01:48:11+00:00,11380437,TeamGroup T-Force DDR4-3600 CL18 Delta RGB 화이트 패키지 서린 (16GB(8Gx2)),https://prod.danawa.com/info/?pcode=11380437&cate=112752,데스크탑용,DDR4,16GB(8Gx2),3600MHz (PC4-28800),CL18-22-22-42,1.35V,2개,방열판,RGB,,XMP,"데스크탑용 / DDR4 / 3600MHz (PC4-28800) / 램타이밍: CL18-22-22-42 / 1.35V / 램개수: 2개 / LED 라이트 / XMP / 히트싱크: 방열판 / 방열판 색상: 화이트 / LED색상: RGB / LED 시스템: AURA SYNC , MYSTIC LIGHT , RGB FUSION , POLYCHROME , RAZER CHROMA , TT RGB PLUS , T-FORCE BLITZ",2020/05,ok,
2026-10-04T01:48:11+00:00,11380467,TeamGroup T-Force DDR4-3600 CL18 Delta RGB 화이트 패키지 서린 (32GB(16Gx2)),https://prod.danawa.com/info/?pcode=11380467&cate=112752,데스크탑용,DDR4,32GB(16Gx2),3600MHz (PC4-28800),CL18-22-22-42,1.35V,2개,방열판,RGB,,XMP,"데스크탑용 / DDR4 / 3600MHz (PC4-28800) / 램타이밍: CL18-22-22-42 / 1.35V / 램개수: 2개 / LED 라이트 / XMP / 히트싱크: 방열판 / 방열판 색상: 화이트 / LED색상: RGB / LED 시스템: AURA SYNC , MYSTIC LIGHT , RGB FUSION , POLYCHROME , RAZER CHROMA , TT RGB PLUS , T-FORCE BLITZ",2020/05,ok,
2026-10-04T01:48:11+00:00,106747745,TeamGroup T-Force DDR4-3600 CL18 Vulcan Z Gray 패키지 서린 (16GB(8Gx2)),https://prod.danawa.com/info/?pcode=106747745&cate=112752,데스크탑용,DDR4,16GB(8Gx2),3600MHz (PC4-28800),CL18-22-22-42,1.35V,2개,방열판,,,XMP,데스크탑용 / DDR4 / 3600MHz (PC4-28800) / 램타이밍: CL18-22-22-42 / 1.35V / 램개수: 2개 / XMP / 히트싱크: 방열판 / 방열판 색상: 실버/그레이,2026/03,ok,
2026-10-04T01:48:11+00:00,19552202,TeamGroup T-Force DDR5-5600 CL36 Delta RGB 패키지 서린 (64GB(32Gx2)),https://prod.danawa.com/info/?pcode=19552202&cate=112752,데스크탑용,DDR5,64GB(32Gx2),5600MHz (PC5-44800),CL36-36-36-76,1.30V,2개,방열판,RGB,46.1mm,XMP3.0 / 온다이ECC,"데스크탑용 / DDR5 / 5600MHz (PC5-44800) / 램타이밍: CL36-36-36-76 / 1.30V / 램개수: 2개 / LED 라이트 / XMP3.0 / 온다이ECC / 히트싱크: 방열판 / 방열판 색상: 블랙 / LED색상: RGB / LED 시스템: AURA SYNC , MYSTIC LIGHT , RGB FUSION , POLYCHROME / 높이: 46.1mm",2023/03,ok,
2026-10-04T01:48:11+00:00,19552541,TeamGroup T-Force DDR5-5600 CL36 Delta RGB 화이트 패키지 서린 (64GB(32Gx2)),https://prod.danawa.com/info/?pcode=19552541&cate=112752,데스크탑용,DDR5,64GB(32Gx2),5600MHz (PC5-44800),CL36-36-36-76,1.30V,2개,방열판,RGB,46.1mm,XMP3.0 / 온다이ECC,"데스크탑용 / DDR5 / 5600MHz (PC5-44800) / 램타이밍: CL36-36-36-76 / 1.30V / 램개수: 2개 / LED 라이트 / XMP3.0 / 온다이ECC / 히트싱크: 방열판 / 방열판 색상: 화이트 / LED색상: RGB / LED 시스템: AURA SYNC , MYSTIC LIGHT , RGB FUSION , POLYCHROME / 높이: 46.1mm",2023/03,ok,
2026-10-04T01:48:11+00:00,124199101,TeamGroup T-Force DDR5-5600 CL40 Delta RGB 블랙 패키지 (32GB(16Gx2)),https://prod.danawa.com/info/?pcode=124199101&cate=112752,데스크탑용,DDR5,32GB(16Gx2),5600MHz (PC5-44800),CL40-40-40-84,1.20V,2개,방열판,RGB,46.1mm,XMP3.0 / EXPO / 온다이ECC,"데스크탑용 / DDR5 / 5600MHz (PC5-44800) / 램타이밍: CL40-40-40-84 / 1.20V / 램개수: 2개 / LED 라이트 / XMP3.0 / EXPO / 온다이ECC / 히트싱크: 방열판 / 방열판 색상: 블랙 / LED색상: RGB / LED 시스템: AURA SYNC , MYSTIC LIGHT , RGB FUSION , POLYCHROME / 높이: 46.1mm",2026/09,ok,
2026-10-04T01:48:11+00:00,124199132,TeamGroup T-Force DDR5-5600 CL40 Delta RGB 화이트 패키지 (32GB(16Gx2)),https://prod.danawa.com/info/?pcode=124199132&cate=112752,데스크탑용,DDR5,32GB(16Gx2),5600MHz (PC5-44800),CL40-40-40-84,1.20V,2개,방열판,RGB,46.1mm,XMP3.0 / EXPO / 온다이ECC,"데스크탑용 / DDR5 / 5600MHz (PC5-44800) / 램타이밍: CL40-40-40-84 / 1.20V / 램개수: 2개 / LED 라이트 / XMP3.0 / EXPO / 온다이ECC / 히트싱크: 방열판 / 방열판 색상: 화이트 / LED색상: RGB / LED 시스템: AURA SYNC , MYSTIC LIGHT , RGB FUSION , POLYCHROME / 높이: 46.1mm",2026/09,ok,
2026-10-04T01:48:11+00:00,74341889,TeamGroup T-Force DDR5-6000 CL28 Delta RGB 블랙 패키지 서린 (32GB(16Gx2)),https://prod.danawa.com/info/?pcode=74341889&cate=112752,데스크탑용,DDR5,32GB(16Gx2),6000MHz (PC5-48000),CL28-36-36-76,1.40V,2개,방열판,RGB,46.1mm,XMP3.0 / EXPO / 온다이ECC,"데스크탑용 / DDR5 / 6000MHz (PC5-48000) / 램타이밍: CL28-36-36-76 / 1.40V / 램개수: 2개 / LED 라이트 / XMP3.0 / EXPO / 온다이ECC / 히트싱크: 방열판 / 방열판 색상: 블랙 / LED색상: RGB / LED 시스템: AURA SYNC , MYSTIC LIGHT , RGB FUSION , POLYCHROME , RGB SYNC / 높이: 46.1mm",2025/01,ok,
2026-10-04T01:48:11+00:00,74341892,TeamGroup T-Force DDR5-6000 CL28 Delta RGB 화이트 패키지 서린 (32GB(16Gx2)),https://prod.danawa.com/info/?pcode=74341892&cate=112752,데스크탑용,DDR5,32GB(16Gx2),6000MHz (PC5-48000),CL28-36-36-76,1.40V,2개,방열판,RGB,46.1mm,XMP3.0 / EXPO / 온다이ECC,"데스크탑용 / DDR5 / 6000MHz (PC5-48000) / 램타이밍: CL28-36-36-76 / 1.40V / 램개수: 2개 / LED 라이트 / XMP3.0 / EXPO / 온다이ECC / 히트싱크: 방열판 / 방열판 색상: 화이트 / LED색상: RGB / LED 시스템: AURA SYNC , MYSTIC LIGHT , RGB FUSION , POLYCHROME , RGB SYNC / 높이: 46.1mm",2025/01,ok,
2026-10-04T01:48:11+00:00,18134999,TeamGroup T-Force DDR5-6000 CL30 Delta RGB 패키지 (32GB(16Gx2)),https://prod.danawa.com/info/?pcode=18134999&cate=112752,데스크탑용,DDR5,32GB(16Gx2),6000MHz (PC5-48000),CL30-36-36-76,1.35V,2개,방열판,RGB,46.1mm,XMP3.0 / 온다이ECC,"데스크탑용 / DDR5 / 6000MHz (PC5-48000) / 램타이밍: CL30-36-36-76 / 1.35V / 램개수: 2개 / LED 라이트 / XMP3.0 / 온다이ECC / 히트싱크: 방열판 / 방열판 색상: 블랙 / LED색상: RGB / LED 시스템: AURA SYNC , MYSTIC LIGHT , RGB FUSION , POLYCHROME / 높이: 46.1mm",2022/10,ok,
2026-10-04T01:48:11+00:00,18135029,TeamGroup T-Force DDR5-6000 CL30 Delta RGB 화이트 패키지 (32GB(16Gx2)),https://prod.danawa.com/info/?pcode=18135029&cate=112752,데스크탑용,DDR5,32GB(16Gx2),6000MHz (PC5-48000),CL30-36-36-76,1.35V,2개,방열판,RGB,46.1mm,XMP3.0 / 온다이ECC,"데스크탑용 / DDR5 / 6000MHz (PC5-48000) / 램타이밍: CL30-36-36-76 / 1.35V / 램개수: 2개 / LED 라이트 / XMP3.0 / 온다이ECC / 히트싱크: 방열판 / 방열판 색상: 화이트 / LED색상: RGB / LED 시스템: AURA SYNC , MYSTIC LIGHT , RGB FUSION , POLYCHROME / 높이: 46.1mm",2022/10,ok,
2026-10-04T01:48:11+00:00,16034945,TeamGroup T-Force DDR5-6000 CL38 Delta RGB 패키지 서린 (32GB(16Gx2)),https://prod.danawa.com/info/?pcode=16034945&cate=112752,데스크탑용,DDR5,32GB(16Gx2),6000MHz (PC5-48000),CL38-38-38-78,1.25V,2개,방열판,RGB,46.1mm,XMP3.0 / 온다이ECC,"데스크탑용 / DDR5 / 6000MHz (PC5-48000) / 램타이밍: CL38-38-38-78 / 1.25V / 램개수: 2개 / LED 라이트 / XMP3.0 / 온다이ECC / 히트싱크: 방열판 / 방열판 색상: 블랙 / LED색상: RGB / LED 시스템: AURA SYNC , MYSTIC LIGHT , RGB FUSION , POLYCHROME / 높이: 46.1mm",2021/12,ok,
2026-10-04T01:48:11+00:00,19552994,TeamGroup T-Force DDR5-6000 CL38 Delta RGB 패키지 서린 (64GB(32Gx2)),https://prod.danawa.com/info/?pcode=19552994&cate=112752,데스크탑용,DDR5,64GB(32Gx2),6000MHz (PC5-48000),CL38-38-38-78,1.30V,2개,방열판,RGB,46.1mm,XMP3.0 / 온다이ECC,"데스크탑용 / DDR5 / 6000MHz (PC5-48000) / 램타이밍: CL38-38-38-78 / 1.30V / 램개수: 2개 / LED 라이트 / XMP3.0 / 온다이ECC / 히트싱크: 방열판 / 방열판 색상: 블랙 / LED색상: RGB / LED 시스템: AURA SYNC , MYSTIC LIGHT , RGB FUSION , POLYCHROME / 높이: 46.1mm",2023/03,ok,
2026-10-04T01:48:11+00:00,29483009,TeamGroup T-Force DDR5-6000 CL38 Delta RGB 화이트 패키지 (32GB(16Gx2)),https://prod.danawa.com/info/?pcode=29483009&cate=112752,데스크탑용,DDR5,32GB(16Gx2),6000MHz (PC5-48000),CL38-38-38-78,1.25V,2개,방열판,RGB,46.1mm,XMP3.0 / 온다이ECC,"데스크탑용 / DDR5 / 6000MHz (PC5-48000) / 램타이밍: CL38-38-38-78 / 1.25V / 램개수: 2개 / LED 라이트 / XMP3.0 / 온다이ECC / 히트싱크: 방열판 / 방열판 색상: 화이트 / LED색상: RGB / LED 시스템: AURA SYNC , MYSTIC LIGHT , RGB FUSION , POLYCHROME / 높이: 46.1mm",2023/10,ok,
2026-10-04T01:48:11+00:00,16443341,TeamGroup T-Force DDR5-6000 CL38 Delta RGB 화이트 패키지 서린 (32GB(16Gx2)),https://prod.danawa.com/info/?pcode=16443341&cate=112752,데스크탑용,DDR5,32GB(16Gx2),6000MHz (PC5-48000),CL38-38-38-78,1.25V,2개,방열판,RGB,46.1mm,XMP3.0 / 온다이ECC,"데스크탑용 / DDR5 / 6000MHz (PC5-48000) / 램타이밍: CL38-38-38-78 / 1.25V / 램개수: 2개 / LED 라이트 / XMP3.0 / 온다이ECC / 히트싱크: 방열판 / 방열판 색상: 화이트 / LED색상: RGB / LED 시스템: AURA SYNC , MYSTIC LIGHT , RGB FUSION , POLYCHROME / 높이: 46.1mm",2022/02,ok,
2026-10-04T01:48:11+00:00,19553282,TeamGroup T-Force DDR5-6000 CL38 Delta RGB 화이트 패키지 서린 (64GB(32Gx2)),https://prod.danawa.com/info/?pcode=19553282&cate=112752,데스크탑용,DDR5,64GB(32Gx2),6000MHz (PC5-48000),CL38,1.30V,2개,방열판,RGB,46.1mm,XMP3.0 / 온다이ECC,"데스크탑용 / DDR5 / 6000MHz (PC5-48000) / 램타이밍: CL38 / 1.30V / 램개수: 2개 / LED 라이트 / XMP3.0 / 온다이ECC / 히트싱크: 방열판 / 방열판 색상: 화이트 / LED색상: RGB / LED 시스템: AURA SYNC , MYSTIC LIGHT , RGB FUSION , POLYCHROME / 높이: 46.1mm",2023/03,ok,
2026-10-04T01:48:11+00:00,18613178,TeamGroup T-Force DDR5-6000 CL38 Vulcan Black 패키지 서린 (32GB(16Gx2)),https://prod.danawa.com/info/?pcode=18613178&cate=112752,데스크탑용,DDR5,32GB(16Gx2),6000MHz (PC5-48000),CL38-38-38-78,1.25V,2개,방열판,,32.7mm,XMP3.0 / EXPO / 온다이ECC,데스크탑용 / DDR5 / 6000MHz (PC5-48000) / 램타이밍: CL38-38-38-78 / 1.25V / 램개수: 2개 / XMP3.0 / EXPO / 온다이ECC / 히트싱크: 방열판 / 방열판 색상: 블랙 / 높이: 32.7mm,2022/12,ok,
2026-10-04T01:48:11+00:00,16035029,TeamGroup T-Force DDR5-6400 CL40 Delta RGB 패키지 서린 (32GB(16Gx2)),https://prod.danawa.com/info/?pcode=16035029&cate=112752,데스크탑용,DDR5,32GB(16Gx2),6400MHz (PC5-51200),CL40-40-40-84,1.35V,2개,방열판,RGB,46.1mm,XMP3.0 / 온다이ECC,"데스크탑용 / DDR5 / 6400MHz (PC5-51200) / 램타이밍: CL40-40-40-84 / 1.35V / 램개수: 2개 / LED 라이트 / XMP3.0 / 온다이ECC / 히트싱크: 방열판 / 방열판 색상: 블랙 / LED색상: RGB / LED 시스템: AURA SYNC , MYSTIC LIGHT , RGB FUSION , POLYCHROME / 높이: 46.1mm",2021/12,ok,
2026-10-04T01:48:11+00:00,18135167,TeamGroup T-Force DDR5-7200 CL34 Delta RGB 패키지 (32GB(16Gx2)),https://prod.danawa.com/info/?pcode=18135167&cate=112752,데스크탑용,DDR5,32GB(16Gx2),7200MHz (PC5-57600),CL34-42-42-84,1.40V,2개,방열판,RGB,46.1mm,XMP3.0 / 온다이ECC,"데스크탑용 / DDR5 / 7200MHz (PC5-57600) / 램타이밍: CL34-42-42-84 / 1.40V / 램개수: 2개 / LED 라이트 / XMP3.0 / 온다이ECC / 히트싱크: 방열판 / 방열판 색상: 블랙 / LED색상: RGB / LED 시스템: AURA SYNC , MYSTIC LIGHT , RGB FUSION , POLYCHROME / 높이: 46.1mm",2022/10,ok,
2026-10-04T01:48:11+00:00,18135173,TeamGroup T-Force DDR5-7200 CL34 Delta RGB 화이트 패키지 (32GB(16Gx2)),https://prod.danawa.com/info/?pcode=18135173&cate=112752,데스크탑용,DDR5,32GB(16Gx2),7200MHz (PC5-57600),CL34-42-42-84,1.40V,2개,방열판,RGB,46.1mm,XMP3.0 / 온다이ECC,"데스크탑용 / DDR5 / 7200MHz (PC5-57600) / 램타이밍: CL34-42-42-84 / 1.40V / 램개수: 2개 / LED 라이트 / XMP3.0 / 온다이ECC / 히트싱크: 방열판 / 방열판 색상: 화이트 / LED색상: RGB / LED 시스템: AURA SYNC , MYSTIC LIGHT , RGB FUSION , POLYCHROME / 높이: 46.1mm",2022/10,ok,
2026-10-04T01:48:11+00:00,74052965,TeamGroup T-Force DDR5-8400 CL42 XTREEM CKD 패키지 서린 (48GB(24Gx2)),https://prod.danawa.com/info/?pcode=74052965&cate=112752,데스크탑용,DDR5,48GB(24Gx2),8400MHz (PC5-67200),CL42-54-54-84,1.40V,2개,방열판,,48.8mm,XMP3.0 / 온다이ECC,데스크탑용 / DDR5 / 8400MHz (PC5-67200) / 램타이밍: CL42-54-54-84 / 1.40V / 램개수: 2개 / XMP3.0 / 클럭드라이버 / 온다이ECC / 히트싱크: 방열판 / 방열판 색상: 블랙 / 높이: 48.8mm,2025/01,ok,
2026-10-04T01:48:11+00:00,118838632,TeamGroup T-Force T-Force DDR4-3600 CL18 Delta RGB 화이트 패키지 (16GB(8Gx2)),https://prod.danawa.com/info/?pcode=118838632&cate=112752,데스크탑용,DDR4,16GB(8Gx2),,,1.35V,2개,,RGB,,XMP,"데스크탑용 / DDR4 / 3,600MHz(PC4-28,800) / 1.35V / 램개수: 2개 / XMP / 방열판 색상: 화이트 / LED색상: RGB / LED 시스템: AURA SYNC , RGB FUSION , MYSTIC LIGHT , POLYCHROME SYNC",2020/07,ok,
2026-10-04T01:48:11+00:00,106695755,TeamGroup 노트북 DDR4-3200 CL22 Elite (16GB),https://prod.danawa.com/info/?pcode=106695755&cate=112752,노트북용,DDR4,16GB,3200MHz (PC4-25600),CL22-22-22-52,1.20V,1개,미포함,,,,노트북용 / DDR4 / 3200MHz (PC4-25600) / 램타이밍: CL22-22-22-52 / 1.20V / 램개수: 1개 / 히트싱크: 미포함,2026/02,ok,
2026-10-04T01:48:11+00:00,106695761,TeamGroup 노트북 DDR4-3200 CL22 Elite (32GB),https://prod.danawa.com/info/?pcode=106695761&cate=112752,노트북용,DDR4,32GB,3200MHz (PC4-25600),CL22-22-22-52,1.20V,1개,미포함,,,,노트북용 / DDR4 / 3200MHz (PC4-25600) / 램타이밍: CL22-22-22-52 / 1.20V / 램개수: 1개 / 히트싱크: 미포함,2026/02,ok,
2026-10-04T01:48:11+00:00,106695737,TeamGroup 노트북 DDR4-3200 CL22 Elite (8GB),https://prod.danawa.com/info/?pcode=106695737&cate=112752,노트북용,DDR4,8GB,3200MHz (PC4-25600),CL22-22-22-52,1.20V,1개,미포함,,,,노트북용 / DDR4 / 3200MHz (PC4-25600) / 램타이밍: CL22-22-22-52 / 1.20V / 램개수: 1개 / 히트싱크: 미포함,2026/02,ok,
2026-10-04T01:48:11+00:00,123721493,TeamGroup 노트북 DDR5-5600 CL46 Elite 서린 (16GB),https://prod.danawa.com/info/?pcode=123721493&cate=112752,노트북용,DDR5,16GB,5600MHz (PC5-44800),CL46-45-45-90,1.10V,1개,미포함,,30mm,온다이ECC,노트북용 / DDR5 / 5600MHz (PC5-44800) / 램타이밍: CL46-45-45-90 / 1.10V / 램개수: 1개 / 온다이ECC / 히트싱크: 미포함 / 높이: 30mm,2026/08,ok,
2026-10-04T01:48:11+00:00,18274718,Terabyte Ramonster DDR4-3200 CL22 (16GB),https://prod.danawa.com/info/?pcode=18274718&cate=112752,데스크탑용,DDR4,16GB,3200MHz (PC4-25600),CL22,1.20V,1개,미포함,,,,데스크탑용 / DDR4 / 3200MHz (PC4-25600) / 램타이밍: CL22 / 1.20V / 램개수: 1개 / 히트싱크: 미포함,2022/11,ok,
2026-10-04T01:48:11+00:00,18274754,Terabyte Ramonster DDR4-3200 CL22 (8GB),https://prod.danawa.com/info/?pcode=18274754&cate=112752,데스크탑용,DDR4,8GB,3200MHz (PC4-25600),CL22,1.20V,1개,미포함,,,,데스크탑용 / DDR4 / 3200MHz (PC4-25600) / 램타이밍: CL22 / 1.20V / 램개수: 1개 / 히트싱크: 미포함,2022/11,ok,
2026-10-04T01:48:11+00:00,108390497,Terabyte Ramonster DDR5-4800 (16GB),https://prod.danawa.com/info/?pcode=108390497&cate=112752,데스크탑용,DDR5,16GB,4800MHz (PC5-38400),CL40,1.10V,1개,미포함,,,,데스크탑용 / DDR5 / 4800MHz (PC5-38400) / 램타이밍: CL40 / 1.10V / 램개수: 1개 / 히트싱크: 미포함,2026/03,ok,
2026-10-04T01:48:11+00:00,18273281,Terabyte Ramonster 노트북 DDR4-3200 CL22 (16GB),https://prod.danawa.com/info/?pcode=18273281&cate=112752,노트북용,DDR4,16GB,3200MHz (PC4-25600),CL22,1.20V,1개,미포함,,,,노트북용 / DDR4 / 3200MHz (PC4-25600) / 램타이밍: CL22 / 1.20V / 램개수: 1개 / 히트싱크: 미포함,2022/11,ok,
2026-10-04T01:48:11+00:00,18325712,Terabyte Ramonster 노트북 DDR4-3200 CL22 (4GB),https://prod.danawa.com/info/?pcode=18325712&cate=112752,노트북용,DDR4,4GB,3200MHz (PC4-25600),CL22,1.20V,1개,미포함,,,,노트북용 / DDR4 / 3200MHz (PC4-25600) / 램타이밍: CL22 / 1.20V / 램개수: 1개 / 히트싱크: 미포함,2022/11,ok,
2026-10-04T01:48:11+00:00,15072377,V-Color BLACK DDR4-3200 (16GB),https://prod.danawa.com/info/?pcode=15072377&cate=112752,데스크탑용,DDR4,16GB,3200MHz (PC4-25600),CL22-22-22-52,1.20V,1개,미포함,,,,데스크탑용 / DDR4 / 3200MHz (PC4-25600) / 램타이밍: CL22-22-22-52 / 1.20V / 램개수: 1개 / 히트싱크: 미포함,2021/08,ok,
2026-10-04T01:48:11+00:00,16664129,V-Color BLACK DDR4-3200 벌크 (8GB),https://prod.danawa.com/info/?pcode=16664129&cate=112752,데스크탑용,DDR4,8GB,3200MHz (PC4-25600),CL22-22-22-52,1.20V,1개,미포함,,,,데스크탑용 / DDR4 / 3200MHz (PC4-25600) / 램타이밍: CL22-22-22-52 / 1.20V / 램개수: 1개 / 히트싱크: 미포함,2020/03,ok,
2026-10-04T01:48:11+00:00,27953468,V-Color BLACK DDR5-5600 CL46 STANDARD 벌크 (16GB),https://prod.danawa.com/info/?pcode=27953468&cate=112752,데스크탑용,DDR5,16GB,5600MHz (PC5-44800),CL46-46-46-90,1.10V,1개,미포함,,31mm,온다이ECC,데스크탑용 / DDR5 / 5600MHz (PC5-44800) / 램타이밍: CL46-46-46-90 / 1.10V / 램개수: 1개 / 온다이ECC / 히트싱크: 미포함 / 높이: 31mm / 모듈제조사: SK하이닉스,2023/09,ok,
2026-10-04T01:48:11+00:00,11587076,V-Color DDR4-4000 CL19 PRISM PRO RGB SILVER 패키지 (16GB(8Gx2)),https://prod.danawa.com/info/?pcode=11587076&cate=112752,데스크탑용,DDR4,16GB(8Gx2),4000MHz (PC4-32000),CL19-24-24-44,1.35V,2개,방열판,RGB,,XMP,데스크탑용 / DDR4 / 4000MHz (PC4-32000) / 램타이밍: CL19-24-24-44 / 1.35V / 램개수: 2개 / LED 라이트 / XMP / 히트싱크: 방열판 / 방열판 색상: 실버/그레이 / LED색상: RGB / LED 시스템: RGB FUSION,2020/06,ok,
2026-10-04T01:48:11+00:00,123723079,V-Color DDR5-5600 CL46 STANDARD ECC/REG 패키지 (128GB(32Gx4)),https://prod.danawa.com/info/?pcode=123723079&cate=112752,서버용,DDR5,128GB(32Gx4),5600MHz (PC5-44800),CL46-45-45,1.10V,4개,미포함,,31mm,온다이ECC / ECC,서버용 / DDR5 / 5600MHz (PC5-44800) / 램타이밍: CL46-45-45 / 1.10V / 램개수: 4개 / 온다이ECC / ECC / REG / 온도센서 / 히트싱크: 미포함 / 높이: 31mm / 모듈제조사: SK하이닉스,2026/08,ok,
2026-10-04T01:48:11+00:00,123723097,V-Color DDR5-5600 CL46 STANDARD ECC/REG 패키지 (256GB(64Gx4)),https://prod.danawa.com/info/?pcode=123723097&cate=112752,서버용,DDR5,256GB(64Gx4),5600MHz (PC5-44800),CL46-45-45,1.10V,4개,미포함,,31mm,온다이ECC / ECC,서버용 / DDR5 / 5600MHz (PC5-44800) / 램타이밍: CL46-45-45 / 1.10V / 램개수: 4개 / 온다이ECC / ECC / REG / 온도센서 / 히트싱크: 미포함 / 높이: 31mm / 모듈제조사: SK하이닉스,2026/08,ok,
2026-10-04T01:48:11+00:00,123723120,V-Color DDR5-5600 CL46 STANDARD ECC/REG 패키지 (512GB(128Gx4)),https://prod.danawa.com/info/?pcode=123723120&cate=112752,서버용,DDR5,512GB(128Gx4),5600MHz (PC5-44800),CL46-45-45,1.10V,4개,미포함,,31mm,온다이ECC / ECC,서버용 / DDR5 / 5600MHz (PC5-44800) / 램타이밍: CL46-45-45 / 1.10V / 램개수: 4개 / 온다이ECC / ECC / REG / 온도센서 / 히트싱크: 미포함 / 높이: 31mm / 모듈제조사: SK하이닉스,2026/08,ok,
2026-10-04T01:48:11+00:00,93862913,V-Color DDR5-6400 CL32 ECC/REG 패키지 (128GB(32Gx4)),https://prod.danawa.com/info/?pcode=93862913&cate=112752,서버용,DDR5,128GB(32Gx4),6400MHz (PC5-51200),CL32-39-39-102,1.40V,4개,방열판,,31mm,EXPO / 온다이ECC,서버용 / DDR5 / 6400MHz (PC5-51200) / 램타이밍: CL32-39-39-102 / 1.40V / 램개수: 4개 / EXPO / 온다이ECC / REG / 히트싱크: 방열판 / 방열판 색상: 실버/그레이 / 높이: 31mm / 모듈제조사: SK하이닉스 / A다이 / TRX50 지원,2025/07,ok,
2026-10-04T01:48:11+00:00,16025600,V-Color Manta DDR5-6200 CL40 RGB 골든아미스 패키지 (32GB(16Gx2)),https://prod.danawa.com/info/?pcode=16025600&cate=112752,데스크탑용,DDR5,32GB(16Gx2),6200MHz (PC5-49600),CL40-42-42-76,1.35V,2개,방열판,RGB,38mm,XMP3.0 / 온다이ECC,"데스크탑용 / DDR5 / 6200MHz (PC5-49600) / 램타이밍: CL40-42-42-76 / 1.35V / 램개수: 2개 / LED 라이트 / XMP3.0 / 온다이ECC / 히트싱크: 방열판 / 방열판 색상: 골드 / LED색상: RGB / LED 시스템: AURA SYNC , MYSTIC LIGHT , RGB FUSION , POLYCHROME / 높이: 38mm / 모듈제조사: SK하이닉스",2021/12,ok,
2026-10-04T01:48:11+00:00,104751800,V-Color Manta XSKY DDR5-6000 CL30 RGB EXPO 패키지 (32GB(16Gx2)),https://prod.danawa.com/info/?pcode=104751800&cate=112752,데스크탑용,DDR5,32GB(16Gx2),6000MHz (PC5-48000),CL30-38-38-96,1.35V,2개,방열판,RGB,41.7mm,EXPO / 온다이ECC,"데스크탑용 / DDR5 / 6000MHz (PC5-48000) / 램타이밍: CL30-38-38-96 / 1.35V / 램개수: 2개 / LED 라이트 / EXPO / 온다이ECC / 히트싱크: 방열판 / 방열판 색상: 블랙 / LED색상: RGB / LED 시스템: AURA SYNC , MYSTIC LIGHT , RGB FUSION , POLYCHROME / 높이: 41.7mm / 모듈제조사: SK하이닉스",2026/01,ok,
2026-10-04T01:48:11+00:00,15176300,골든메모리 DDR3-1600 (8GB),https://prod.danawa.com/info/?pcode=15176300&cate=112752,데스크탑용,DDR3,8GB,1600MHz (PC3-12800),,,1개,미포함,,,,데스크탑용 / DDR3 / 1600MHz (PC3-12800) / 램개수: 1개 / 히트싱크: 미포함,2021/09,ok,
2026-10-04T01:48:11+00:00,108445556,디오테라 ROIPLE DDR5-5600 (8GB),https://prod.danawa.com/info/?pcode=108445556&cate=112752,데스크탑용,DDR5,8GB,5600MHz (PC5-44800),CL46-45-45-90,,1개,미포함,,,,데스크탑용 / DDR5 / 5600MHz (PC5-44800) / 램타이밍: CL46-45-45-90 / 램개수: 1개 / 히트싱크: 미포함,2026/03,ok,
2026-10-04T01:48:11+00:00,5850743,마이크론 Crucial DDR3-1600 중고 (4GB),https://prod.danawa.com/info/?pcode=5850743&cate=112752,데스크탑용,DDR3,4GB,1600MHz (PC3-12800),,,1개,미포함,,,,데스크탑용 / DDR3 / 1600MHz (PC3-12800) / 램개수: 1개 / 히트싱크: 미포함,2018/01,ok,
2026-10-04T01:48:11+00:00,5850669,마이크론 Crucial DDR3-1600 중고 (8GB),https://prod.danawa.com/info/?pcode=5850669&cate=112752,데스크탑용,DDR3,8GB,1600MHz (PC3-12800),,,1개,미포함,,,,데스크탑용 / DDR3 / 1600MHz (PC3-12800) / 램개수: 1개 / 히트싱크: 미포함,2018/01,ok,
2026-10-04T01:48:11+00:00,10294092,마이크론 Crucial DDR4-3200 CL22 (16GB),https://prod.danawa.com/info/?pcode=10294092&cate=112752,데스크탑용,DDR4,16GB,3200MHz (PC4-25600),CL22,1.20V,1개,미포함,,,,"데스크탑용 / DDR4 / 3200MHz (PC4-25600) / 램타이밍: CL22 / 1.20V / 램개수: 1개 / 히트싱크: 미포함 / D832A: DR(양면), x8 based / S832A: SR(단면), x8 based 확인요망 / 수입사 확인요망",2020/01,ok,
2026-10-04T01:48:11+00:00,18038618,마이크론 Crucial DDR4-3200 CL22 (32GB),https://prod.danawa.com/info/?pcode=18038618&cate=112752,데스크탑용,DDR4,32GB,3200MHz (PC4-25600),CL22,1.20V,1개,미포함,,,,"데스크탑용 / DDR4 / 3200MHz (PC4-25600) / 램타이밍: CL22 / 1.20V / 램개수: 1개 / 히트싱크: 미포함 / D832A: DR(양면), x8 based / S832A: SR(단면), x8 based 확인요망 / 수입사 확인요망",2022/10,ok,
2026-10-04T01:48:11+00:00,10294017,마이크론 Crucial DDR4-3200 CL22 (8GB),https://prod.danawa.com/info/?pcode=10294017&cate=112752,데스크탑용,DDR4,8GB,3200MHz (PC4-25600),CL22,1.20V,1개,미포함,,,,"데스크탑용 / DDR4 / 3200MHz (PC4-25600) / 램타이밍: CL22 / 1.20V / 램개수: 1개 / 히트싱크: 미포함 / S832A: SR(단면), x8 based / S632A: SR(단면), x16 based 확인요망 / 수입사 확인요망",2020/01,ok,
2026-10-04T01:48:11+00:00,100273145,마이크론 Crucial DDR4-3200 CL22 PRO 패키지 대원씨티에스 (32GB(16Gx2)),https://prod.danawa.com/info/?pcode=100273145&cate=112752,데스크탑용,DDR4,32GB(16Gx2),3200MHz (PC4-25600),CL22-22-22,1.20V,1개,방열판,,,,데스크탑용 / DDR4 / 3200MHz (PC4-25600) / 램타이밍: CL22-22-22 / 1.20V / 램개수: 1개 / 히트싱크: 방열판 / 방열판 색상: 블랙,2025/11,ok,
2026-10-04T01:48:11+00:00,35805935,마이크론 Crucial DDR4-3200 CL22 대원씨티에스 (16GB),https://prod.danawa.com/info/?pcode=35805935&cate=112752,데스크탑용,DDR4,16GB,3200MHz (PC4-25600),CL22,1.20V,1개,미포함,,,,데스크탑용 / DDR4 / 3200MHz (PC4-25600) / 램타이밍: CL22 / 1.20V / 램개수: 1개 / 히트싱크: 미포함,2020/01,ok,
2026-10-04T01:48:11+00:00,20369102,마이크론 Crucial DDR4-3200 CL22 대원씨티에스 (8GB),https://prod.danawa.com/info/?pcode=20369102&cate=112752,데스크탑용,DDR4,8GB,3200MHz (PC4-25600),CL22,1.20V,1개,미포함,,,,"데스크탑용 / DDR4 / 3200MHz (PC4-25600) / 램타이밍: CL22 / 1.20V / 램개수: 1개 / 히트싱크: 미포함 / S832A: SR(단면), x8 based / S632A: SR(단면), x16 based 확인요",2020/01,ok,
2026-10-04T01:48:11+00:00,105679847,마이크론 Crucial DDR4-3200 CL22 패키지 (16GB(8Gx2)),https://prod.danawa.com/info/?pcode=105679847&cate=112752,데스크탑용,DDR4,16GB(8Gx2),3200MHz (PC4-25600),CL22-22-22,1.20V,2개,방열판,,,,데스크탑용 / DDR4 / 3200MHz (PC4-25600) / 램타이밍: CL22-22-22 / 1.20V / 램개수: 2개 / 히트싱크: 방열판 / 방열판 색상: 블랙,2026/02,ok,
2026-10-04T01:48:11+00:00,101628713,마이크론 Crucial DDR4-3200 중고 (8GB),https://prod.danawa.com/info/?pcode=101628713&cate=112752,데스크탑용,DDR4,8GB,3200MHz (PC4-25600),,,1개,미포함,,,,데스크탑용 / DDR4 / 3200MHz (PC4-25600) / 램개수: 1개 / 히트싱크: 미포함,2020/01,ok,
2026-10-04T01:48:11+00:00,15988694,마이크론 Crucial DDR5-4800 CL40 (8GB),https://prod.danawa.com/info/?pcode=15988694&cate=112752,데스크탑용,DDR5,8GB,4800MHz (PC5-38400),CL40-39-39,1.10V,1개,미포함,,,,데스크탑용 / DDR5 / 4800MHz (PC5-38400) / 램타이밍: CL40-39-39 / 1.10V / 램개수: 1개 / 히트싱크: 미포함 / 모듈제조사: 마이크론 / 수입사 확인요망,2021/12,ok,
2026-10-04T01:48:11+00:00,18486497,마이크론 Crucial DDR5-5600 CL46 (16GB),https://prod.danawa.com/info/?pcode=18486497&cate=112752,데스크탑용,DDR5,16GB,5600MHz (PC5-44800),CL46-45-45,1.10V,1개,미포함,,,온다이ECC,"데스크탑용 / DDR5 / 5600MHz (PC5-44800) / 램타이밍: CL46-45-45 / 1.10V / 램개수: 1개 / 온다이ECC / 히트싱크: 미포함 / 모듈제조사: 마이크론 / Single Ranked, x16 based / 수입사 확인요망(대원, 아스크텍)",2022/12,ok,
2026-10-04T01:48:11+00:00,18486506,마이크론 Crucial DDR5-5600 CL46 (32GB),https://prod.danawa.com/info/?pcode=18486506&cate=112752,데스크탑용,DDR5,32GB,5600MHz (PC5-44800),CL46-45-45,1.10V,1개,미포함,,,온다이ECC,"데스크탑용 / DDR5 / 5600MHz (PC5-44800) / 램타이밍: CL46-45-45 / 1.10V / 램개수: 1개 / 온다이ECC / 히트싱크: 미포함 / 모듈제조사: 마이크론 / Single Ranked, x32 based",2022/12,ok,
2026-10-04T01:48:11+00:00,76946597,마이크론 Crucial DDR5-5600 CL46 (64GB),https://prod.danawa.com/info/?pcode=76946597&cate=112752,데스크탑용,DDR5,64GB,5600MHz (PC5-44800),CL46-45-45,1.10V,1개,미포함,,,온다이ECC,데스크탑용 / DDR5 / 5600MHz (PC5-44800) / 램타이밍: CL46-45-45 / 1.10V / 램개수: 1개 / 온다이ECC / 히트싱크: 미포함 / 모듈제조사: 마이크론,2025/02,ok,
2026-10-04T01:48:11+00:00,20609090,마이크론 Crucial DDR5-5600 CL46 (8GB),https://prod.danawa.com/info/?pcode=20609090&cate=112752,데스크탑용,DDR5,8GB,5600MHz (PC5-44800),CL46-45-45,1.10V,1개,미포함,,,XMP3.0 / EXPO / 온다이ECC,데스크탑용 / DDR5 / 5600MHz (PC5-44800) / 램타이밍: CL46-45-45 / 1.10V / 램개수: 1개 / XMP3.0 / EXPO / 온다이ECC / 히트싱크: 미포함 / 모듈제조사: 마이크론,2023/06,ok,
2026-10-04T01:48:11+00:00,28640519,마이크론 Crucial DDR5-5600 CL46 PRO 대원씨티에스 (16GB),https://prod.danawa.com/info/?pcode=28640519&cate=112752,데스크탑용,DDR5,16GB,5600MHz (PC5-44800),CL46-45-45,1.10V,1개,방열판,,31.9mm,XMP3.0 / EXPO / 온다이ECC,데스크탑용 / DDR5 / 5600MHz (PC5-44800) / 램타이밍: CL46-45-45 / 1.10V / 램개수: 1개 / XMP3.0 / EXPO / 온다이ECC / 히트싱크: 방열판 / 방열판 색상: 블랙 / 높이: 31.9mm / 모듈제조사: 마이크론,2023/10,ok,
2026-10-04T01:48:11+00:00,99750215,마이크론 Crucial DDR5-5600 CL46 PRO 대원씨티에스 (32GB),https://prod.danawa.com/info/?pcode=99750215&cate=112752,데스크탑용,DDR5,32GB,5600MHz (PC5-44800),CL46,,1개,방열판,,31.9mm,XMP3.0 / EXPO / 온다이ECC,데스크탑용 / DDR5 / 5600MHz (PC5-44800) / 램타이밍: CL46 / 램개수: 1개 / XMP3.0 / EXPO / 온다이ECC / 히트싱크: 방열판 / 방열판 색상: 블랙 / 높이: 31.9mm / 모듈제조사: 마이크론,2023/10,ok,
2026-10-04T01:48:11+00:00,100273337,마이크론 Crucial DDR5-5600 CL46 PRO 대원씨티에스 (64GB),https://prod.danawa.com/info/?pcode=100273337&cate=112752,데스크탑용,DDR5,64GB,5600MHz (PC5-44800),CL46-45-45,1.10V,1개,방열판,,31.9mm,XMP3.0 / EXPO / 온다이ECC,데스크탑용 / DDR5 / 5600MHz (PC5-44800) / 램타이밍: CL46-45-45 / 1.10V / 램개수: 1개 / XMP3.0 / EXPO / 온다이ECC / 히트싱크: 방열판 / 방열판 색상: 블랙 / 높이: 31.9mm / 모듈제조사: 마이크론,2023/10,ok,
2026-10-04T01:48:11+00:00,33386738,마이크론 Crucial DDR5-5600 CL46 PRO 아스크텍 (16GB),https://prod.danawa.com/info/?pcode=33386738&cate=112752,데스크탑용,DDR5,16GB,5600MHz (PC5-44800),CL46-45-45,1.10V,1개,방열판,,31.9mm,XMP3.0 / EXPO / 온다이ECC,데스크탑용 / DDR5 / 5600MHz (PC5-44800) / 램타이밍: CL46-45-45 / 1.10V / 램개수: 1개 / XMP3.0 / EXPO / 온다이ECC / 히트싱크: 방열판 / 방열판 색상: 블랙 / 높이: 31.9mm,2024/01,ok,
2026-10-04T01:48:11+00:00,74549789,마이크론 Crucial DDR5-5600 CL46 PRO 아스크텍 (32GB),https://prod.danawa.com/info/?pcode=74549789&cate=112752,데스크탑용,DDR5,32GB,5600MHz (PC5-44800),CL46-45-45,1.10V,1개,방열판,,31.9mm,XMP3.0 / EXPO / 온다이ECC,데스크탑용 / DDR5 / 5600MHz (PC5-44800) / 램타이밍: CL46-45-45 / 1.10V / 램개수: 1개 / XMP3.0 / EXPO / 온다이ECC / 히트싱크: 방열판 / 방열판 색상: 블랙 / 높이: 31.9mm,2025/01,ok,
2026-10-04T01:48:11+00:00,100619435,마이크론 Crucial DDR5-5600 CL46 PRO 패키지 대원씨티에스 (128GB(64Gx2)),https://prod.danawa.com/info/?pcode=100619435&cate=112752,데스크탑용,DDR5,128GB(64Gx2),5600MHz (PC5-44800),CL46-45-45,1.10V,2개,방열판,,31.9mm,XMP3.0 / EXPO / 온다이ECC,데스크탑용 / DDR5 / 5600MHz (PC5-44800) / 램타이밍: CL46-45-45 / 1.10V / 램개수: 2개 / XMP3.0 / EXPO / 온다이ECC / 히트싱크: 방열판 / 방열판 색상: 블랙 / 높이: 31.9mm,2025/11,ok,
2026-10-04T01:48:11+00:00,20369066,마이크론 Crucial DDR5-5600 CL46 PRO 패키지 대원씨티에스 (32GB(16Gx2)),https://prod.danawa.com/info/?pcode=20369066&cate=112752,데스크탑용,DDR5,32GB(16Gx2),5600MHz (PC5-44800),CL46-45-45,1.10V,2개,방열판,,31.9mm,XMP3.0 / EXPO / 온다이ECC,데스크탑용 / DDR5 / 5600MHz (PC5-44800) / 램타이밍: CL46-45-45 / 1.10V / 램개수: 2개 / XMP3.0 / EXPO / 온다이ECC / 히트싱크: 방열판 / 방열판 색상: 블랙 / 높이: 31.9mm,2023/05,ok,
2026-10-04T01:48:11+00:00,28640537,마이크론 Crucial DDR5-5600 CL46 PRO 패키지 대원씨티에스 (48GB(24Gx2)),https://prod.danawa.com/info/?pcode=28640537&cate=112752,데스크탑용,DDR5,48GB(24Gx2),5600MHz (PC5-44800),CL46-45-45,1.10V,2개,방열판,,31.9mm,XMP3.0 / EXPO / 온다이ECC,데스크탑용 / DDR5 / 5600MHz (PC5-44800) / 램타이밍: CL46-45-45 / 1.10V / 램개수: 2개 / XMP3.0 / EXPO / 온다이ECC / 히트싱크: 방열판 / 방열판 색상: 블랙 / 높이: 31.9mm,2023/10,ok,
2026-10-04T01:48:11+00:00,28640552,마이크론 Crucial DDR5-5600 CL46 PRO 패키지 대원씨티에스 (64GB(32Gx2)),https://prod.danawa.com/info/?pcode=28640552&cate=112752,데스크탑용,DDR5,64GB(32Gx2),5600MHz (PC5-44800),CL46-45-45,1.10V,2개,방열판,,31.9mm,XMP3.0 / EXPO / 온다이ECC,데스크탑용 / DDR5 / 5600MHz (PC5-44800) / 램타이밍: CL46-45-45 / 1.10V / 램개수: 2개 / XMP3.0 / EXPO / 온다이ECC / 히트싱크: 방열판 / 방열판 색상: 블랙 / 높이: 31.9mm,2023/10,ok,
2026-10-04T01:48:11+00:00,20356421,마이크론 Crucial DDR5-5600 CL46 PRO 패키지 아스크텍 (32GB(16Gx2)),https://prod.danawa.com/info/?pcode=20356421&cate=112752,데스크탑용,DDR5,32GB(16Gx2),5600MHz (PC5-44800),CL46-45-45,1.10V,2개,방열판,,31.9mm,XMP3.0 / EXPO / 온다이ECC,데스크탑용 / DDR5 / 5600MHz (PC5-44800) / 램타이밍: CL46-45-45 / 1.10V / 램개수: 2개 / XMP3.0 / EXPO / 온다이ECC / 히트싱크: 방열판 / 방열판 색상: 블랙 / 높이: 31.9mm,2023/05,ok,
2026-10-04T01:48:11+00:00,28553522,마이크론 Crucial DDR5-5600 CL46 PRO 패키지 아스크텍 (64GB(32Gx2)),https://prod.danawa.com/info/?pcode=28553522&cate=112752,데스크탑용,DDR5,64GB(32Gx2),5600MHz (PC5-44800),CL46-45-45,1.10V,2개,방열판,,31.9mm,XMP3.0 / EXPO / 온다이ECC,데스크탑용 / DDR5 / 5600MHz (PC5-44800) / 램타이밍: CL46-45-45 / 1.10V / 램개수: 2개 / XMP3.0 / EXPO / 온다이ECC / 히트싱크: 방열판 / 방열판 색상: 블랙 / 높이: 31.9mm,2023/10,ok,
2026-10-04T01:48:11+00:00,20369126,마이크론 Crucial DDR5-5600 CL46 대원씨티에스 (16GB),https://prod.danawa.com/info/?pcode=20369126&cate=112752,데스크탑용,DDR5,16GB,5600MHz (PC5-44800),CL46-45-45,1.10V,1개,미포함,,,온다이ECC,"데스크탑용 / DDR5 / 5600MHz (PC5-44800) / 램타이밍: CL46-45-45 / 1.10V / 램개수: 1개 / 온다이ECC / 히트싱크: 미포함 / 모듈제조사: 마이크론 / Single Ranked, x16 based",2022/12,ok,
2026-10-04T01:48:11+00:00,61544123,마이크론 Crucial DDR5-5600 CL46 대원씨티에스 (32GB),https://prod.danawa.com/info/?pcode=61544123&cate=112752,데스크탑용,DDR5,32GB,5600MHz (PC5-44800),CL46-45-45,1.10V,1개,미포함,,,온다이ECC,데스크탑용 / DDR5 / 5600MHz (PC5-44800) / 램타이밍: CL46-45-45 / 1.10V / 램개수: 1개 / 온다이ECC / 히트싱크: 미포함 / 모듈제조사: 마이크론,2022/12,ok,
2026-10-04T01:48:11+00:00,75991769,마이크론 Crucial DDR5-5600 CL46 대원씨티에스 (64GB),https://prod.danawa.com/info/?pcode=75991769&cate=112752,데스크탑용,DDR5,64GB,5600MHz (PC5-44800),CL46-45-45,1.10V,1개,미포함,,,온다이ECC,데스크탑용 / DDR5 / 5600MHz (PC5-44800) / 램타이밍: CL46-45-45 / 1.10V / 램개수: 1개 / 온다이ECC / 히트싱크: 미포함 / 모듈제조사: 마이크론,2025/02,ok,
2026-10-04T01:48:11+00:00,53782775,마이크론 Crucial DDR5-5600 CL46 대원씨티에스 (8GB),https://prod.danawa.com/info/?pcode=53782775&cate=112752,데스크탑용,DDR5,8GB,5600MHz (PC5-44800),CL46-45-45,1.10V,1개,미포함,,,XMP3.0 / EXPO / 온다이ECC,데스크탑용 / DDR5 / 5600MHz (PC5-44800) / 램타이밍: CL46-45-45 / 1.10V / 램개수: 1개 / XMP3.0 / EXPO / 온다이ECC / 히트싱크: 미포함 / 모듈제조사: 마이크론,2024/05,ok,
2026-10-04T01:48:11+00:00,123436018,마이크론 Crucial DDR5-5600 CL46 중고 (16GB),https://prod.danawa.com/info/?pcode=123436018&cate=112752,데스크탑용,DDR5,16GB,5600MHz (PC5-44800),CL46-45-45,1.10V,1개,미포함,,,온다이ECC,데스크탑용 / DDR5 / 5600MHz (PC5-44800) / 램타이밍: CL46-45-45 / 1.10V / 램개수: 1개 / 온다이ECC / 히트싱크: 미포함 / 모듈제조사: 마이크론,2022/12,ok,
2026-10-04T01:48:11+00:00,123133849,마이크론 Crucial DDR5-5600 CL46 중고 (32GB),https://prod.danawa.com/info/?pcode=123133849&cate=112752,데스크탑용,DDR5,32GB,5600MHz (PC5-44800),CL46-45-45,1.10V,1개,미포함,,,온다이ECC,데스크탑용 / DDR5 / 5600MHz (PC5-44800) / 램타이밍: CL46-45-45 / 1.10V / 램개수: 1개 / 온다이ECC / 히트싱크: 미포함 / 모듈제조사: 마이크론,2022/12,ok,
2026-10-04T01:48:11+00:00,93806003,마이크론 Crucial DDR5-5600 CL46 패키지 대원씨티에스 (128GB(64Gx2)),https://prod.danawa.com/info/?pcode=93806003&cate=112752,데스크탑용,DDR5,128GB(64Gx2),5600MHz (PC5-44800),CL46-45-45,1.10V,2개,미포함,,,온다이ECC,데스크탑용 / DDR5 / 5600MHz (PC5-44800) / 램타이밍: CL46-45-45 / 1.10V / 램개수: 2개 / 온다이ECC / 히트싱크: 미포함 / 모듈제조사: 마이크론,2025/07,ok,
2026-10-04T01:48:11+00:00,91040711,마이크론 Crucial DDR5-5600 CL46 패키지 아스크텍 (64GB(32Gx2)),https://prod.danawa.com/info/?pcode=91040711&cate=112752,데스크탑용,DDR5,64GB(32Gx2),5600MHz (PC5-44800),CL46-45-45,1.10V,2개,미포함,,,XMP3.0 / EXPO / 온다이ECC,데스크탑용 / DDR5 / 5600MHz (PC5-44800) / 램타이밍: CL46-45-45 / 1.10V / 램개수: 2개 / XMP3.0 / EXPO / 온다이ECC / 히트싱크: 미포함 / 모듈제조사: 마이크론,2025/05,ok,
2026-10-04T01:48:11+00:00,54100055,마이크론 Crucial DDR5-6000 CL36 PRO Overclocking White 패키지 대원씨티에스 (32GB(16Gx2)),https://prod.danawa.com/info/?pcode=54100055&cate=112752,데스크탑용,DDR5,32GB(16Gx2),6000MHz (PC5-48000),CL36-38-38-80,1.35V,2개,방열판,,,XMP3.0 / EXPO / 온다이ECC,데스크탑용 / DDR5 / 6000MHz (PC5-48000) / 램타이밍: CL36-38-38-80 / 1.35V / 램개수: 2개 / XMP3.0 / EXPO / 온다이ECC / 히트싱크: 방열판 / 방열판 색상: 화이트,2024/05,ok,
2026-10-04T01:48:11+00:00,39102770,마이크론 Crucial DDR5-6000 CL36 PRO Overclocking 패키지 대원씨티에스 (32GB(16Gx2)),https://prod.danawa.com/info/?pcode=39102770&cate=112752,데스크탑용,DDR5,32GB(16Gx2),6000MHz (PC5-48000),CL36-38-38-80,1.35V,2개,방열판,,,XMP3.0 / EXPO / 온다이ECC,데스크탑용 / DDR5 / 6000MHz (PC5-48000) / 램타이밍: CL36-38-38-80 / 1.35V / 램개수: 2개 / XMP3.0 / EXPO / 온다이ECC / 히트싱크: 방열판 / 방열판 색상: 블랙,2024/03,ok,
2026-10-04T01:48:11+00:00,56156210,마이크론 Crucial DDR5-6000 CL48 PRO 패키지 대원씨티에스 (32GB(16Gx2)),https://prod.danawa.com/info/?pcode=56156210&cate=112752,데스크탑용,DDR5,32GB(16Gx2),6000MHz (PC5-48000),CL48-48-48,1.10V,2개,방열판,,,XMP3.0 / EXPO / 온다이ECC,데스크탑용 / DDR5 / 6000MHz (PC5-48000) / 램타이밍: CL48-48-48 / 1.10V / 램개수: 2개 / XMP3.0 / EXPO / 온다이ECC / 히트싱크: 방열판 / 방열판 색상: 블랙 / 모듈제조사: 마이크론,2024/06,ok,
2026-10-04T01:48:11+00:00,100273628,마이크론 Crucial DDR5-6400 CL32 PRO Overclocking White 패키지 대원씨티에스 (32GB(16Gx2)),https://prod.danawa.com/info/?pcode=100273628&cate=112752,데스크탑용,DDR5,32GB(16Gx2),6400MHz (PC5-51200),CL32-40-40-103,1.35V,2개,방열판,,,XMP3.0 / EXPO / 온다이ECC,데스크탑용 / DDR5 / 6400MHz (PC5-51200) / 램타이밍: CL32-40-40-103 / 1.35V / 램개수: 2개 / XMP3.0 / EXPO / 온다이ECC / 히트싱크: 방열판 / 방열판 색상: 화이트,2025/11,ok,
2026-10-04T01:48:11+00:00,99553838,마이크론 Crucial DDR5-6400 CL32 PRO Overclocking White 패키지 아스크텍 (32GB(16Gx2)),https://prod.danawa.com/info/?pcode=99553838&cate=112752,데스크탑용,DDR5,32GB(16Gx2),6400MHz (PC5-51200),CL32-40-40-103,1.35V,2개,방열판,,,XMP3.0 / EXPO / 온다이ECC,데스크탑용 / DDR5 / 6400MHz (PC5-51200) / 램타이밍: CL32-40-40-103 / 1.35V / 램개수: 2개 / XMP3.0 / EXPO / 온다이ECC / 히트싱크: 방열판 / 방열판 색상: 화이트,2025/10,ok,
2026-10-04T01:48:11+00:00,100273607,마이크론 Crucial DDR5-6400 CL32 PRO Overclocking 패키지 대원씨티에스 (32GB(16Gx2)),https://prod.danawa.com/info/?pcode=100273607&cate=112752,데스크탑용,DDR5,32GB(16Gx2),6400MHz (PC5-51200),CL32-40-40-103,1.35V,2개,방열판,,,XMP3.0 / EXPO / 온다이ECC,데스크탑용 / DDR5 / 6400MHz (PC5-51200) / 램타이밍: CL32-40-40-103 / 1.35V / 램개수: 2개 / XMP3.0 / EXPO / 온다이ECC / 히트싱크: 방열판 / 방열판 색상: 블랙,2025/11,ok,
2026-10-04T01:48:11+00:00,99553832,마이크론 Crucial DDR5-6400 CL32 PRO Overclocking 패키지 아스크텍 (32GB(16Gx2)),https://prod.danawa.com/info/?pcode=99553832&cate=112752,데스크탑용,DDR5,32GB(16Gx2),6400MHz (PC5-51200),CL32-40-40-103,1.35V,2개,방열판,,,XMP3.0 / EXPO / 온다이ECC,데스크탑용 / DDR5 / 6400MHz (PC5-51200) / 램타이밍: CL32-40-40-103 / 1.35V / 램개수: 2개 / XMP3.0 / EXPO / 온다이ECC / 히트싱크: 방열판 / 방열판 색상: 블랙,2025/10,ok,
2026-10-04T01:48:11+00:00,71158334,마이크론 Crucial DDR5-6400 CL38 PRO Overclocking White 패키지 대원씨티에스 (32GB(16Gx2)),https://prod.danawa.com/info/?pcode=71158334&cate=112752,데스크탑용,DDR5,32GB(16Gx2),6400MHz (PC5-51200),CL38-40-40-84,1.35V,2개,방열판,,34.8mm,XMP3.0 / EXPO / 온다이ECC,데스크탑용 / DDR5 / 6400MHz (PC5-51200) / 램타이밍: CL38-40-40-84 / 1.35V / 램개수: 2개 / XMP3.0 / EXPO / 온다이ECC / 히트싱크: 방열판 / 방열판 색상: 블랙 / 높이: 34.8mm,2024/11,ok,
2026-10-04T01:48:11+00:00,99749609,마이크론 Crucial DDR5-6400 CL38 PRO Overclocking 대원씨티에스 (16GB),https://prod.danawa.com/info/?pcode=99749609&cate=112752,데스크탑용,DDR5,16GB,6400MHz (PC5-51200),CL38-40-40-84,1.35V,1개,방열판,,34.8mm,XMP3.0 / EXPO / 온다이ECC,데스크탑용 / DDR5 / 6400MHz (PC5-51200) / 램타이밍: CL38-40-40-84 / 1.35V / 램개수: 1개 / XMP3.0 / EXPO / 온다이ECC / 히트싱크: 방열판 / 방열판 색상: 블랙 / 높이: 34.8mm,2025/10,ok,
2026-10-04T01:48:11+00:00,71061959,마이크론 Crucial DDR5-6400 CL38 PRO Overclocking 패키지 대원씨티에스 (32GB(16Gx2)),https://prod.danawa.com/info/?pcode=71061959&cate=112752,데스크탑용,DDR5,32GB(16Gx2),6400MHz (PC5-51200),CL38-40-40-84,1.35V,2개,방열판,,,XMP3.0 / EXPO / 온다이ECC,데스크탑용 / DDR5 / 6400MHz (PC5-51200) / 램타이밍: CL38-40-40-84 / 1.35V / 램개수: 2개 / XMP3.0 / EXPO / 온다이ECC / 히트싱크: 방열판 / 방열판 색상: 블랙,2024/11,ok,
2026-10-04T01:48:11+00:00,69566999,마이크론 Crucial DDR5-6400 CL38 PRO Overclocking 패키지 아스크텍 (32GB(16Gx2)),https://prod.danawa.com/info/?pcode=69566999&cate=112752,데스크탑용,DDR5,32GB(16Gx2),6400MHz (PC5-51200),CL38-40-40-84,1.35V,2개,방열판,,,XMP3.0 / EXPO / 온다이ECC,데스크탑용 / DDR5 / 6400MHz (PC5-51200) / 램타이밍: CL38-40-40-84 / 1.35V / 램개수: 2개 / XMP3.0 / EXPO / 온다이ECC / 히트싱크: 방열판 / 방열판 색상: 블랙,2024/11,ok,
2026-10-04T01:48:11+00:00,76331027,마이크론 Crucial DDR5-6400 CL40 PRO OC Gaming Edition White 대원씨티에스 (32GB),https://prod.danawa.com/info/?pcode=76331027&cate=112752,데스크탑용,DDR5,32GB,6400MHz (PC5-51200),CL40-40-40,,1개,방열판,,34.8mm,XMP3.0 / EXPO / 온다이ECC,데스크탑용 / DDR5 / 6400MHz (PC5-51200) / 램타이밍: CL40-40-40 / 램개수: 1개 / XMP3.0 / EXPO / 온다이ECC / 히트싱크: 방열판 / 방열판 색상: 화이트 / 높이: 34.8mm,2025/02,ok,
2026-10-04T01:48:11+00:00,77791223,마이크론 Crucial DDR5-6400 CL52 CUDIMM 대원씨티에스 (16GB),https://prod.danawa.com/info/?pcode=77791223&cate=112752,데스크탑용,DDR5,16GB,6400MHz (PC5-51200),CL52-52-52-103,1.10V,1개,미포함,,,온다이ECC,데스크탑용 / DDR5 / 6400MHz (PC5-51200) / 램타이밍: CL52-52-52-103 / 1.10V / 램개수: 1개 / 클럭드라이버 / 온다이ECC / 히트싱크: 미포함 / 모듈제조사: 마이크론,2025/03,ok,
2026-10-04T01:48:11+00:00,77791217,마이크론 Crucial DDR5-6400 CL52 CUDIMM 대원씨티에스 (32GB),https://prod.danawa.com/info/?pcode=77791217&cate=112752,데스크탑용,DDR5,32GB,6400MHz (PC5-51200),CL52-52-52-103,1.10V,1개,미포함,,,온다이ECC,데스크탑용 / DDR5 / 6400MHz (PC5-51200) / 램타이밍: CL52-52-52-103 / 1.10V / 램개수: 1개 / 클럭드라이버 / 온다이ECC / 히트싱크: 미포함 / 모듈제조사: 마이크론,2025/03,ok,
2026-10-04T01:48:11+00:00,77791211,마이크론 Crucial DDR5-6400 CL52 CUDIMM 대원씨티에스 (64GB),https://prod.danawa.com/info/?pcode=77791211&cate=112752,데스크탑용,DDR5,64GB,6400MHz (PC5-51200),CL52-52-52-103,1.10V,1개,미포함,,,온다이ECC,데스크탑용 / DDR5 / 6400MHz (PC5-51200) / 램타이밍: CL52-52-52-103 / 1.10V / 램개수: 1개 / 클럭드라이버 / 온다이ECC / 히트싱크: 미포함 / 모듈제조사: 마이크론,2025/03,ok,
2026-10-04T01:48:11+00:00,76946693,마이크론 Crucial DDR5-6400 CL52 CUDIMM 아스크텍 (32GB),https://prod.danawa.com/info/?pcode=76946693&cate=112752,데스크탑용,DDR5,32GB,6400MHz (PC5-51200),CL52-52-52-103,1.10V,1개,미포함,,,온다이ECC,데스크탑용 / DDR5 / 6400MHz (PC5-51200) / 램타이밍: CL52-52-52-103 / 1.10V / 램개수: 1개 / 클럭드라이버 / 온다이ECC / 히트싱크: 미포함 / 모듈제조사: 마이크론,2025/02,ok,
2026-10-04T01:48:11+00:00,105818018,마이크론 Crucial DDR5-6400 CL52 CUDIMM 패키지 대원씨티에스 (128GB(64Gx2)),https://prod.danawa.com/info/?pcode=105818018&cate=112752,데스크탑용,DDR5,128GB(64Gx2),6400MHz (PC5-51200),CL52-52-52-103,1.10V,2개,미포함,,,온다이ECC,데스크탑용 / DDR5 / 6400MHz (PC5-51200) / 램타이밍: CL52-52-52-103 / 1.10V / 램개수: 2개 / 클럭드라이버 / 온다이ECC / 히트싱크: 미포함 / 모듈제조사: 마이크론,2026/02,ok,
2026-10-04T01:48:11+00:00,99749612,마이크론 Crucial DDR5-6400 CL52 CUDIMM 패키지 대원씨티에스 (32GB(16Gx2)),https://prod.danawa.com/info/?pcode=99749612&cate=112752,데스크탑용,DDR5,32GB(16Gx2),6400MHz (PC5-51200),CL52-52-52-103,1.10V,2개,미포함,,,온다이ECC,데스크탑용 / DDR5 / 6400MHz (PC5-51200) / 램타이밍: CL52-52-52-103 / 1.10V / 램개수: 2개 / 클럭드라이버 / 온다이ECC / 히트싱크: 미포함 / 모듈제조사: 마이크론,2025/03,ok,
2026-10-04T01:48:11+00:00,122930960,마이크론 Crucial 노트북 DDR4-2666 중고 (4GB),https://prod.danawa.com/info/?pcode=122930960&cate=112752,노트북용,DDR4,4GB,2666MHz (PC4-21300),,,1개,미포함,,,,노트북용 / DDR4 / 2666MHz (PC4-21300) / 램개수: 1개 / 히트싱크: 미포함,2026/07,ok,
2026-10-04T01:48:11+00:00,16343636,마이크론 Crucial 노트북 DDR4-3200 CL22 (16GB),https://prod.danawa.com/info/?pcode=16343636&cate=112752,노트북용,DDR4,16GB,3200MHz (PC4-25600),CL22,1.20V,1개,미포함,,,,노트북용 / DDR4 / 3200MHz (PC4-25600) / 램타이밍: CL22 / 1.20V / 램개수: 1개 / 히트싱크: 미포함,2022/02,ok,
2026-10-04T01:48:11+00:00,67850504,마이크론 Crucial 노트북 DDR4-3200 CL22 (32GB),https://prod.danawa.com/info/?pcode=67850504&cate=112752,노트북용,DDR4,32GB,3200MHz (PC4-25600),CL22-22-22,1.20V,1개,미포함,,,,노트북용 / DDR4 / 3200MHz (PC4-25600) / 램타이밍: CL22-22-22 / 1.20V / 램개수: 1개 / 히트싱크: 미포함,2024/09,ok,
2026-10-04T01:48:11+00:00,124012668,마이크론 Crucial 노트북 DDR4-3200 CL22 중고 (16GB),https://prod.danawa.com/info/?pcode=124012668&cate=112752,노트북용,DDR4,16GB,3200MHz (PC4-25600),CL22,1.20V,1개,미포함,,,,노트북용 / DDR4 / 3200MHz (PC4-25600) / 램타이밍: CL22 / 1.20V / 램개수: 1개 / 히트싱크: 미포함,2020/02,ok,
2026-10-04T01:48:11+00:00,124012671,마이크론 Crucial 노트북 DDR4-3200 CL22 중고 (32GB),https://prod.danawa.com/info/?pcode=124012671&cate=112752,노트북용,DDR4,32GB,3200MHz (PC4-25600),CL22,1.20V,1개,미포함,,,,노트북용 / DDR4 / 3200MHz (PC4-25600) / 램타이밍: CL22 / 1.20V / 램개수: 1개 / 히트싱크: 미포함,2020/02,ok,
2026-10-04T01:48:11+00:00,16524281,마이크론 Crucial 노트북 DDR4-3200 CL22 중고 (4GB),https://prod.danawa.com/info/?pcode=16524281&cate=112752,노트북용,DDR4,4GB,3200MHz (PC4-25600),CL22,1.20V,1개,미포함,,,,노트북용 / DDR4 / 3200MHz (PC4-25600) / 램타이밍: CL22 / 1.20V / 램개수: 1개 / 히트싱크: 미포함,2022/03,ok,
2026-10-04T01:48:11+00:00,106748657,마이크론 Crucial 노트북 DDR4-3200 CL22 해외구매 (16GB(8Gx2)),https://prod.danawa.com/info/?pcode=106748657&cate=112752,노트북용,DDR4,16GB(8Gx2),3200MHz (PC4-25600),CL22,1.20V,1개,미포함,,,,노트북용 / DDR4 / 3200MHz (PC4-25600) / 램타이밍: CL22 / 1.20V / 램개수: 1개 / 히트싱크: 미포함,2026/03,ok,
2026-10-04T01:48:11+00:00,17292047,마이크론 Crucial 노트북 DDR4-3200 CL22 해외구매 (8GB),https://prod.danawa.com/info/?pcode=17292047&cate=112752,노트북용,DDR4,8GB,3200MHz (PC4-25600),CL22,1.20V,1개,미포함,,,,노트북용 / DDR4 / 3200MHz (PC4-25600) / 램타이밍: CL22 / 1.20V / 램개수: 1개 / 히트싱크: 미포함,2020/02,ok,
2026-10-04T01:48:11+00:00,30268256,마이크론 Crucial 노트북 DDR5-5600 CL46 (16GB),https://prod.danawa.com/info/?pcode=30268256&cate=112752,노트북용,DDR5,16GB,5600MHz (PC5-44800),CL46-45-45,1.10V,1개,미포함,,,XMP3.0 / EXPO / 온다이ECC,노트북용 / DDR5 / 5600MHz (PC5-44800) / 램타이밍: CL46-45-45 / 1.10V / 램개수: 1개 / XMP3.0 / EXPO / 온다이ECC / 히트싱크: 미포함 / 모듈제조사: 마이크론,2023/12,ok,
2026-10-04T01:48:11+00:00,30268274,마이크론 Crucial 노트북 DDR5-5600 CL46 (32GB),https://prod.danawa.com/info/?pcode=30268274&cate=112752,노트북용,DDR5,32GB,5600MHz (PC5-44800),CL46-45-45,1.10V,1개,미포함,,,XMP3.0 / EXPO / 온다이ECC,노트북용 / DDR5 / 5600MHz (PC5-44800) / 램타이밍: CL46-45-45 / 1.10V / 램개수: 1개 / XMP3.0 / EXPO / 온다이ECC / 히트싱크: 미포함 / 모듈제조사: 마이크론,2023/12,ok,
2026-10-04T01:48:11+00:00,54966680,마이크론 Crucial 노트북 DDR5-5600 CL46 대원씨티에스 (16GB),https://prod.danawa.com/info/?pcode=54966680&cate=112752,노트북용,DDR5,16GB,5600MHz (PC5-44800),CL46-45-45,1.10V,1개,미포함,,,온다이ECC,노트북용 / DDR5 / 5600MHz (PC5-44800) / 램타이밍: CL46-45-45 / 1.10V / 램개수: 1개 / 온다이ECC / 히트싱크: 미포함 / 모듈제조사: 마이크론,2024/05,ok,
2026-10-04T01:48:11+00:00,54966677,마이크론 Crucial 노트북 DDR5-5600 CL46 대원씨티에스 (32GB),https://prod.danawa.com/info/?pcode=54966677&cate=112752,노트북용,DDR5,32GB,5600MHz (PC5-44800),CL46-45-45,1.10V,1개,미포함,,,온다이ECC,노트북용 / DDR5 / 5600MHz (PC5-44800) / 램타이밍: CL46-45-45 / 1.10V / 램개수: 1개 / 온다이ECC / 히트싱크: 미포함 / 모듈제조사: 마이크론,2024/05,ok,
2026-10-04T01:48:11+00:00,124237649,마이크론 Crucial 노트북 DDR5-5600 CL46 중고 (8GB),https://prod.danawa.com/info/?pcode=124237649&cate=112752,노트북용,DDR5,8GB,5600MHz (PC5-44800),CL46-45-45,1.10V,1개,미포함,,,온다이ECC,노트북용 / DDR5 / 5600MHz (PC5-44800) / 램타이밍: CL46-45-45 / 1.10V / 램개수: 1개 / 온다이ECC / 히트싱크: 미포함 / 모듈제조사: 마이크론,2024/05,ok,
2026-10-04T01:48:11+00:00,18782588,마이크론 DDR4-2133 ECC/REG 중고 (16GB),https://prod.danawa.com/info/?pcode=18782588&cate=112752,서버용,DDR4,16GB,2133MHz (PC4-17000),,,1개,미포함,,,ECC,서버용 / DDR4 / 2133MHz (PC4-17000) / 램개수: 1개 / ECC / REG / 히트싱크: 미포함,2023/01,ok,
2026-10-04T01:48:11+00:00,17443334,마이크론 DDR4-2400 중고 (8GB),https://prod.danawa.com/info/?pcode=17443334&cate=112752,데스크탑용,DDR4,8GB,2400MHz (PC4-19200),,1.20V,1개,미포함,,,,데스크탑용 / DDR4 / 2400MHz (PC4-19200) / 1.20V / 램개수: 1개 / 히트싱크: 미포함,2019/06,ok,
2026-10-04T01:48:11+00:00,97122059,마이크론 DDR5-5600 CL46 ECC/REG 아스크텍 (64GB),https://prod.danawa.com/info/?pcode=97122059&cate=112752,서버용,DDR5,64GB,5600MHz (PC5-44800),CL46,1.10V,1개,미포함,,31.25mm,ECC,서버용 / DDR5 / 5600MHz (PC5-44800) / 램타이밍: CL46 / 1.10V / 램개수: 1개 / ECC / REG / 히트싱크: 미포함 / 높이: 31.25mm / 모듈제조사: 마이크론,2025/09,ok,
2026-10-04T01:48:11+00:00,71502218,마이크론 노트북 DDR5-5600 중고 (8GB),https://prod.danawa.com/info/?pcode=71502218&cate=112752,노트북용,DDR5,8GB,5600MHz (PC5-44800),,,1개,미포함,,,,노트북용 / DDR5 / 5600MHz (PC5-44800) / 램개수: 1개 / 히트싱크: 미포함 / 모듈제조사: 마이크론,2024/11,ok,
2026-10-04T01:48:11+00:00,65303801,비즈텍 TREAVE DDR4-2666 CL19 (16GB),https://prod.danawa.com/info/?pcode=65303801&cate=112752,데스크탑용,DDR4,16GB,2666MHz (PC4-21300),CL19-19-19-43,1.20V,1개,미포함,,,,데스크탑용 / DDR4 / 2666MHz (PC4-21300) / 램타이밍: CL19-19-19-43 / 1.20V / 램개수: 1개 / 히트싱크: 미포함,2024/08,ok,
2026-10-04T01:48:11+00:00,65303783,비즈텍 TREAVE DDR4-2666 CL19 (8GB),https://prod.danawa.com/info/?pcode=65303783&cate=112752,데스크탑용,DDR4,8GB,2666MHz (PC4-21300),CL19-19-19-43,1.20V,1개,미포함,,,,데스크탑용 / DDR4 / 2666MHz (PC4-21300) / 램타이밍: CL19-19-19-43 / 1.20V / 램개수: 1개 / 히트싱크: 미포함,2024/08,ok,
2026-10-04T01:48:11+00:00,65303720,비즈텍 TREAVE DDR4-3200 CL22 (16GB),https://prod.danawa.com/info/?pcode=65303720&cate=112752,데스크탑용,DDR4,16GB,3200MHz (PC4-25600),CL22-22-22-52,1.20V,1개,미포함,,,,데스크탑용 / DDR4 / 3200MHz (PC4-25600) / 램타이밍: CL22-22-22-52 / 1.20V / 램개수: 1개 / 히트싱크: 미포함,2024/08,ok,
2026-10-04T01:48:11+00:00,65303726,비즈텍 TREAVE DDR4-3200 CL22 (32GB),https://prod.danawa.com/info/?pcode=65303726&cate=112752,데스크탑용,DDR4,32GB,3200MHz (PC4-25600),CL22-22-22-52,1.20V,1개,미포함,,,,데스크탑용 / DDR4 / 3200MHz (PC4-25600) / 램타이밍: CL22-22-22-52 / 1.20V / 램개수: 1개 / 히트싱크: 미포함,2024/08,ok,
2026-10-04T01:48:11+00:00,64379600,비즈텍 TREAVE DDR4-3200 CL22 (8GB),https://prod.danawa.com/info/?pcode=64379600&cate=112752,데스크탑용,DDR4,8GB,3200MHz (PC4-25600),CL22-22-22-52,1.20V,1개,미포함,,,,데스크탑용 / DDR4 / 3200MHz (PC4-25600) / 램타이밍: CL22-22-22-52 / 1.20V / 램개수: 1개 / 히트싱크: 미포함,2024/08,ok,
2026-10-04T01:48:11+00:00,64379654,비즈텍 TREAVE DDR5-5600 CL46 (16GB),https://prod.danawa.com/info/?pcode=64379654&cate=112752,데스크탑용,DDR5,16GB,5600MHz (PC5-44800),CL46-45-45-90,1.10V,1개,미포함,,,,데스크탑용 / DDR5 / 5600MHz (PC5-44800) / 램타이밍: CL46-45-45-90 / 1.10V / 램개수: 1개 / 히트싱크: 미포함,2024/08,ok,
2026-10-04T01:48:11+00:00,65303648,비즈텍 TREAVE DDR5-5600 CL46 (32GB),https://prod.danawa.com/info/?pcode=65303648&cate=112752,데스크탑용,DDR5,32GB,5600MHz (PC5-44800),CL46-45-45-90,1.10V,1개,미포함,,,,데스크탑용 / DDR5 / 5600MHz (PC5-44800) / 램타이밍: CL46-45-45-90 / 1.10V / 램개수: 1개 / 히트싱크: 미포함,2024/08,ok,
2026-10-04T01:48:11+00:00,65303753,비즈텍 TREAVE 노트북 DDR4-2666 CL19 (16GB),https://prod.danawa.com/info/?pcode=65303753&cate=112752,노트북용,DDR4,16GB,2666MHz (PC4-21300),CL19-19-19-43,1.20V,1개,미포함,,,,노트북용 / DDR4 / 2666MHz (PC4-21300) / 램타이밍: CL19-19-19-43 / 1.20V / 램개수: 1개 / 히트싱크: 미포함,2024/08,ok,
2026-10-04T01:48:11+00:00,65303750,비즈텍 TREAVE 노트북 DDR4-2666 CL19 (8GB),https://prod.danawa.com/info/?pcode=65303750&cate=112752,노트북용,DDR4,8GB,2666MHz (PC4-21300),CL19-19-19-43,1.20V,1개,미포함,,,,노트북용 / DDR4 / 2666MHz (PC4-21300) / 램타이밍: CL19-19-19-43 / 1.20V / 램개수: 1개 / 히트싱크: 미포함,2024/08,ok,
2026-10-04T01:48:11+00:00,65303678,비즈텍 TREAVE 노트북 DDR4-3200 CL22 (16GB),https://prod.danawa.com/info/?pcode=65303678&cate=112752,노트북용,DDR4,16GB,3200MHz (PC4-25600),CL22-22-22-52,1.20V,1개,미포함,,,,노트북용 / DDR4 / 3200MHz (PC4-25600) / 램타이밍: CL22-22-22-52 / 1.20V / 램개수: 1개 / 히트싱크: 미포함,2024/08,ok,
2026-10-04T01:48:11+00:00,65303675,비즈텍 TREAVE 노트북 DDR4-3200 CL22 (32GB),https://prod.danawa.com/info/?pcode=65303675&cate=112752,노트북용,DDR4,32GB,3200MHz (PC4-25600),CL22-22-22-52,1.20V,1개,미포함,,,,노트북용 / DDR4 / 3200MHz (PC4-25600) / 램타이밍: CL22-22-22-52 / 1.20V / 램개수: 1개 / 히트싱크: 미포함,2024/08,ok,
2026-10-04T01:48:11+00:00,64379612,비즈텍 TREAVE 노트북 DDR4-3200 CL22 (8GB),https://prod.danawa.com/info/?pcode=64379612&cate=112752,노트북용,DDR4,8GB,3200MHz (PC4-25600),CL22-22-22-52,1.20V,1개,미포함,,,,노트북용 / DDR4 / 3200MHz (PC4-25600) / 램타이밍: CL22-22-22-52 / 1.20V / 램개수: 1개 / 히트싱크: 미포함,2024/08,ok,
2026-10-04T01:48:11+00:00,64379729,비즈텍 TREAVE 노트북 DDR5-5600 CL46 (16GB),https://prod.danawa.com/info/?pcode=64379729&cate=112752,노트북용,DDR5,16GB,5600MHz (PC5-44800),CL46-45-45-90,1.10V,1개,미포함,,,,노트북용 / DDR5 / 5600MHz (PC5-44800) / 램타이밍: CL46-45-45-90 / 1.10V / 램개수: 1개 / 히트싱크: 미포함,2024/08,ok,
2026-10-04T01:48:11+00:00,65303624,비즈텍 TREAVE 노트북 DDR5-5600 CL46 (32GB),https://prod.danawa.com/info/?pcode=65303624&cate=112752,노트북용,DDR5,32GB,5600MHz (PC5-44800),CL46-45-45-90,1.10V,1개,미포함,,,,노트북용 / DDR5 / 5600MHz (PC5-44800) / 램타이밍: CL46-45-45-90 / 1.10V / 램개수: 1개 / 히트싱크: 미포함,2024/08,ok,
2026-10-04T01:48:11+00:00,5580669,삼성전자 DDR2-667 중고 (1GB),https://prod.danawa.com/info/?pcode=5580669&cate=112752,데스크탑용,DDR2,1GB,667MHz (PC2-5300),,1.80V,1개,미포함,,,,데스크탑용 / DDR2 / 667MHz (PC2-5300) / 1.80V / 램개수: 1개 / 히트싱크: 미포함,2017/10,ok,
2026-10-04T01:48:11+00:00,5580667,삼성전자 DDR2-667 중고 (2GB),https://prod.danawa.com/info/?pcode=5580667&cate=112752,데스크탑용,DDR2,2GB,667MHz (PC2-5300),,1.80V,1개,미포함,,,,데스크탑용 / DDR2 / 667MHz (PC2-5300) / 1.80V / 램개수: 1개 / 히트싱크: 미포함,2017/10,ok,
2026-10-04T01:48:11+00:00,863373,삼성전자 DDR2-800 중고 (1GB),https://prod.danawa.com/info/?pcode=863373&cate=112752,데스크탑용,DDR2,1GB,800MHz (PC2-6400),CL6,1.80V,1개,미포함,,,,데스크탑용 / DDR2 / 800MHz (PC2-6400) / 램타이밍: CL6 / 1.80V / 램개수: 1개 / 히트싱크: 미포함,2009/03,ok,
2026-10-04T01:48:11+00:00,744616,삼성전자 DDR2-800 중고 (2GB),https://prod.danawa.com/info/?pcode=744616&cate=112752,데스크탑용,DDR2,2GB,800MHz (PC2-6400),,1.80V,1개,미포함,,,,데스크탑용 / DDR2 / 800MHz (PC2-6400) / 1.80V / 램개수: 1개 / 히트싱크: 미포함,2008/10,ok,
2026-10-04T01:48:11+00:00,5579844,삼성전자 DDR3-1066 중고 (2GB),https://prod.danawa.com/info/?pcode=5579844&cate=112752,데스크탑용,DDR3,2GB,1066MHz (PC3-8500),,,1개,미포함,,,,데스크탑용 / DDR3 / 1066MHz (PC3-8500) / 램개수: 1개 / 히트싱크: 미포함,2017/10,ok,
2026-10-04T01:48:11+00:00,5580431,삼성전자 DDR3-1066 중고 (4GB),https://prod.danawa.com/info/?pcode=5580431&cate=112752,데스크탑용,DDR3,4GB,1066MHz (PC3-8500),,,1개,미포함,,,,데스크탑용 / DDR3 / 1066MHz (PC3-8500) / 램개수: 1개 / 히트싱크: 미포함,2017/10,ok,
2026-10-04T01:48:11+00:00,112110949,삼성전자 DDR3-1333 (중고) (4GB),https://prod.danawa.com/info/?pcode=112110949&cate=112752,데스크탑용,DDR3,4GB,,,1.50V,1개,,,,,"데스크탑용 / DDR3 / 1,333MHz(PC3-10,600) / 1.50V / 램개수: 1개",2011/10,ok,
2026-10-04T01:48:11+00:00,5655412,삼성전자 DDR3-1333 ECC 중고 (8GB),https://prod.danawa.com/info/?pcode=5655412&cate=112752,서버용,DDR3,8GB,1333MHz (PC3-10600),,,1개,방열판,,,ECC,서버용 / DDR3 / 1333MHz (PC3-10600) / 램개수: 1개 / ECC / 히트싱크: 방열판 / 방열판 색상: 실버/그레이,2017/11,ok,
2026-10-04T01:48:11+00:00,17528609,삼성전자 DDR3-1333 ECC/REG 중고 (4GB),https://prod.danawa.com/info/?pcode=17528609&cate=112752,서버용,DDR3,4GB,1333MHz (PC3-10600),,,1개,미포함,,,ECC,서버용 / DDR3 / 1333MHz (PC3-10600) / 램개수: 1개 / ECC / REG / 히트싱크: 미포함,2017/10,ok,
2026-10-04T01:48:11+00:00,12823511,삼성전자 DDR3-1333 ECC/REG 중고 (8GB),https://prod.danawa.com/info/?pcode=12823511&cate=112752,서버용,DDR3,8GB,1333MHz (PC3-10600),,,1개,미포함,,,ECC,서버용 / DDR3 / 1333MHz (PC3-10600) / 램개수: 1개 / ECC / REG / 히트싱크: 미포함,2017/10,ok,
2026-10-04T01:48:11+00:00,1228209,삼성전자 DDR3-1333 방열판 (4GB),https://prod.danawa.com/info/?pcode=1228209&cate=112752,데스크탑용,DDR3,4GB,1333MHz (PC3-10600),CL9,1.50V,1개,방열판,,,,데스크탑용 / DDR3 / 1333MHz (PC3-10600) / 램타이밍: CL9 / 1.50V / 램개수: 1개 / 히트싱크: 방열판 / 방열판 색상: 핑크 / 방열판 분류용 상품,2010/11,ok,
2026-10-04T01:48:11+00:00,843710,삼성전자 DDR3-1333 병행수입 (2GB),https://prod.danawa.com/info/?pcode=843710&cate=112752,데스크탑용,DDR3,2GB,1333MHz (PC3-10600),CL9,1.50V,1개,미포함,,,,데스크탑용 / DDR3 / 1333MHz (PC3-10600) / 램타이밍: CL9 / 1.50V / 램개수: 1개 / 히트싱크: 미포함,2009/02,ok,
2026-10-04T01:48:11+00:00,5579506,삼성전자 DDR3-1333 중고 (1GB),https://prod.danawa.com/info/?pcode=5579506&cate=112752,데스크탑용,DDR3,1GB,1333MHz (PC3-10600),,,1개,미포함,,,,데스크탑용 / DDR3 / 1333MHz (PC3-10600) / 램개수: 1개 / 히트싱크: 미포함,2017/10,ok,
2026-10-04T01:48:11+00:00,5546083,삼성전자 DDR3-1333 중고 (2GB),https://prod.danawa.com/info/?pcode=5546083&cate=112752,데스크탑용,DDR3,2GB,1333MHz (PC3-10600),,,1개,미포함,,,,데스크탑용 / DDR3 / 1333MHz (PC3-10600) / 램개수: 1개 / 히트싱크: 미포함,2017/10,ok,
2026-10-04T01:48:11+00:00,5441273,삼성전자 DDR3-1333 중고 (4GB),https://prod.danawa.com/info/?pcode=5441273&cate=112752,데스크탑용,DDR3,4GB,1333MHz (PC3-10600),,,1개,미포함,,,,데스크탑용 / DDR3 / 1333MHz (PC3-10600) / 램개수: 1개 / 히트싱크: 미포함,2017/09,ok,
2026-10-04T01:48:11+00:00,5655416,삼성전자 DDR3-1333 중고 (8GB),https://prod.danawa.com/info/?pcode=5655416&cate=112752,데스크탑용,DDR3,8GB,1333MHz (PC3-10600),CL9,1.50V,1개,미포함,,,,데스크탑용 / DDR3 / 1333MHz (PC3-10600) / 램타이밍: CL9 / 1.50V / 램개수: 1개 / 히트싱크: 미포함,2017/11,ok,
2026-10-04T01:48:11+00:00,1144692,삼성전자 DDR3-1333U 중고 (4GB),https://prod.danawa.com/info/?pcode=1144692&cate=112752,데스크탑용,DDR3,4GB,1333MHz (PC3-10600),,,1개,미포함,,,,데스크탑용 / DDR3 / 1333MHz (PC3-10600) / 램개수: 1개 / 히트싱크: 미포함,2010/07,ok,
2026-10-04T01:48:11+00:00,12823175,삼성전자 DDR3-1600 ECC 중고 (8GB),https://prod.danawa.com/info/?pcode=12823175&cate=112752,서버용,DDR3,8GB,1600MHz (PC3-12800),,,1개,미포함,,,ECC,서버용 / DDR3 / 1600MHz (PC3-12800) / 램개수: 1개 / ECC / 히트싱크: 미포함,2012/09,ok,
2026-10-04T01:48:11+00:00,15253352,삼성전자 DDR3-1600 ECC/REG 중고 (16GB),https://prod.danawa.com/info/?pcode=15253352&cate=112752,서버용,DDR3,16GB,1600MHz (PC3-12800),,,1개,미포함,,,ECC,서버용 / DDR3 / 1600MHz (PC3-12800) / 램개수: 1개 / ECC / REG / 히트싱크: 미포함,2017/10,ok,
2026-10-04T01:48:11+00:00,13169489,삼성전자 DDR3-1600 ECC/REG 중고 (8GB),https://prod.danawa.com/info/?pcode=13169489&cate=112752,서버용,DDR3,8GB,1600MHz (PC3-12800),,,1개,미포함,,,ECC,서버용 / DDR3 / 1600MHz (PC3-12800) / 램개수: 1개 / ECC / REG / 히트싱크: 미포함,2017/10,ok,
2026-10-04T01:48:11+00:00,12823616,삼성전자 DDR3-1600 ECC/Unbuffered 중고 (4GB),https://prod.danawa.com/info/?pcode=12823616&cate=112752,서버용,DDR3,4GB,1600MHz (PC3-12800),,,1개,미포함,,,ECC,서버용 / DDR3 / 1600MHz (PC3-12800) / 램개수: 1개 / ECC / 히트싱크: 미포함,2012/09,ok,
2026-10-04T01:48:11+00:00,12823325,삼성전자 DDR3-1600 ECC/Unbuffered 중고 (8GB),https://prod.danawa.com/info/?pcode=12823325&cate=112752,서버용,DDR3,8GB,1600MHz (PC3-12800),,,1개,미포함,,,ECC,서버용 / DDR3 / 1600MHz (PC3-12800) / 램개수: 1개 / ECC / 히트싱크: 미포함,2012/09,ok,
2026-10-04T01:48:11+00:00,1577930,삼성전자 DDR3-1600 방열판 (2GB),https://prod.danawa.com/info/?pcode=1577930&cate=112752,데스크탑용,DDR3,2GB,1600MHz (PC3-12800),CL11-11-11-30,1.50V,1개,방열판,,,,데스크탑용 / DDR3 / 1600MHz (PC3-12800) / 램타이밍: CL11-11-11-30 / 1.50V / 램개수: 1개 / 히트싱크: 방열판 / 방열판 색상: 그린,2012/01,ok,
2026-10-04T01:48:11+00:00,1530917,삼성전자 DDR3-1600 방열판 (4GB),https://prod.danawa.com/info/?pcode=1530917&cate=112752,데스크탑용,DDR3,4GB,1600MHz (PC3-12800),CL11,1.50V,1개,방열판,,,,데스크탑용 / DDR3 / 1600MHz (PC3-12800) / 램타이밍: CL11 / 1.50V / 램개수: 1개 / 히트싱크: 방열판 / 방열판 색상: 핑크,2011/11,ok,
2026-10-04T01:48:11+00:00,1772613,삼성전자 DDR3-1600 방열판 (8GB),https://prod.danawa.com/info/?pcode=1772613&cate=112752,데스크탑용,DDR3,8GB,1600MHz (PC3-12800),,,1개,방열판,,,,데스크탑용 / DDR3 / 1600MHz (PC3-12800) / 램개수: 1개 / 히트싱크: 방열판 / 방열판 색상: 핑크,2012/08,ok,
2026-10-04T01:48:11+00:00,5550381,삼성전자 DDR3-1600 중고 (2GB),https://prod.danawa.com/info/?pcode=5550381&cate=112752,데스크탑용,DDR3,2GB,1600MHz (PC3-12800),,,1개,미포함,,,,데스크탑용 / DDR3 / 1600MHz (PC3-12800) / 램개수: 1개 / 히트싱크: 미포함,2017/10,ok,
2026-10-04T01:48:11+00:00,5545241,삼성전자 DDR3-1600 중고 (4GB),https://prod.danawa.com/info/?pcode=5545241&cate=112752,데스크탑용,DDR3,4GB,1600MHz (PC3-12800),,,1개,미포함,,,,데스크탑용 / DDR3 / 1600MHz (PC3-12800) / 램개수: 1개 / 히트싱크: 미포함,2017/10,ok,
2026-10-04T01:48:11+00:00,5549101,삼성전자 DDR3-1600 중고 (8GB),https://prod.danawa.com/info/?pcode=5549101&cate=112752,데스크탑용,DDR3,8GB,1600MHz (PC3-12800),,,1개,미포함,,,,데스크탑용 / DDR3 / 1600MHz (PC3-12800) / 램개수: 1개 / 히트싱크: 미포함,2017/10,ok,
2026-10-04T01:48:11+00:00,115474903,삼성전자 DDR3L 1600 저전력 (중고) (8GB),https://prod.danawa.com/info/?pcode=115474903&cate=112752,데스크탑용,DDR3,8GB,,,1.35V,1개,,,,,"데스크탑용 / DDR3 / 1,600MHz(PC3-12,800) / 1.35V / 램개수: 1개",2011/11,ok,
2026-10-04T01:48:11+00:00,116898273,삼성전자 DDR4-2133 (16GB),https://prod.danawa.com/info/?pcode=116898273&cate=112752,데스크탑용,DDR4,16GB,,,1.20V,1개,,,,,"데스크탑용 / DDR4 / 2,133MHz(PC4-17,000) / 1.20V / 램개수: 1개",2014/11,ok,
2026-10-04T01:48:11+00:00,3201268,삼성전자 DDR4-2133 ECC/REG (16GB),https://prod.danawa.com/info/?pcode=3201268&cate=112752,서버용,DDR4,16GB,2133MHz (PC4-17000),,,1개,미포함,,,ECC,서버용 / DDR4 / 2133MHz (PC4-17000) / 램개수: 1개 / REG / ECC / 히트싱크: 미포함,2015/05,ok,
2026-10-04T01:48:11+00:00,5383117,삼성전자 DDR4-2133 ECC/REG (32GB),https://prod.danawa.com/info/?pcode=5383117&cate=112752,서버용,DDR4,32GB,2133MHz (PC4-17000),,,1개,미포함,,,ECC,서버용 / DDR4 / 2133MHz (PC4-17000) / 램개수: 1개 / REG / ECC / 히트싱크: 미포함,2017/08,ok,
2026-10-04T01:48:11+00:00,3201319,삼성전자 DDR4-2133 ECC/REG (8GB),https://prod.danawa.com/info/?pcode=3201319&cate=112752,서버용,DDR4,8GB,2133MHz (PC4-17000),,,1개,미포함,,,ECC,서버용 / DDR4 / 2133MHz (PC4-17000) / 램개수: 1개 / ECC / REG / 히트싱크: 미포함,2015/05,ok,
2026-10-04T01:48:11+00:00,17190479,삼성전자 DDR4-2133 ECC/REG 중고 (16GB),https://prod.danawa.com/info/?pcode=17190479&cate=112752,서버용,DDR4,16GB,2133MHz (PC4-17000),,,1개,미포함,,,ECC,서버용 / DDR4 / 2133MHz (PC4-17000) / 램개수: 1개 / ECC / REG / 히트싱크: 미포함,2015/05,ok,
2026-10-04T01:48:11+00:00,17288240,삼성전자 DDR4-2133 ECC/Unbuffered 중고 (16GB),https://prod.danawa.com/info/?pcode=17288240&cate=112752,서버용,DDR4,16GB,2133MHz (PC4-17000),,,1개,미포함,,,ECC,서버용 / DDR4 / 2133MHz (PC4-17000) / 램개수: 1개 / ECC / 히트싱크: 미포함,2016/04,ok,
2026-10-04T01:48:11+00:00,12823709,삼성전자 DDR4-2133 중고 (16GB),https://prod.danawa.com/info/?pcode=12823709&cate=112752,데스크탑용,DDR4,16GB,2133MHz (PC4-17000),,,1개,미포함,,,,데스크탑용 / DDR4 / 2133MHz (PC4-17000) / 램개수: 1개 / 히트싱크: 미포함,2015/10,ok,
2026-10-04T01:48:11+00:00,8165383,삼성전자 DDR4-2133 중고 (4GB),https://prod.danawa.com/info/?pcode=8165383&cate=112752,데스크탑용,DDR4,4GB,2133MHz (PC4-17000),,,1개,미포함,,,,데스크탑용 / DDR4 / 2133MHz (PC4-17000) / 램개수: 1개 / 히트싱크: 미포함,2019/06,ok,
2026-10-04T01:48:11+00:00,5676841,삼성전자 DDR4-2133 중고 (8GB),https://prod.danawa.com/info/?pcode=5676841&cate=112752,데스크탑용,DDR4,8GB,2133MHz (PC4-17000),,,1개,미포함,,,,데스크탑용 / DDR4 / 2133MHz (PC4-17000) / 램개수: 1개 / 히트싱크: 미포함,2017/11,ok,
2026-10-04T01:48:11+00:00,4519874,삼성전자 DDR4-2400 (16GB),https://prod.danawa.com/info/?pcode=4519874&cate=112752,데스크탑용,DDR4,16GB,2400MHz (PC4-19200),,,1개,미포함,,,,데스크탑용 / DDR4 / 2400MHz (PC4-19200) / 램개수: 1개 / 히트싱크: 미포함,2016/10,ok,
2026-10-04T01:48:11+00:00,5040061,삼성전자 DDR4-2400 (4GB),https://prod.danawa.com/info/?pcode=5040061&cate=112752,데스크탑용,DDR4,4GB,2400MHz (PC4-19200),,,1개,미포함,,,,데스크탑용 / DDR4 / 2400MHz (PC4-19200) / 램개수: 1개 / 히트싱크: 미포함,2017/03,ok,
2026-10-04T01:48:11+00:00,4343051,삼성전자 DDR4-2400 (8GB),https://prod.danawa.com/info/?pcode=4343051&cate=112752,데스크탑용,DDR4,8GB,2400MHz (PC4-19200),,,1개,미포함,,,,데스크탑용 / DDR4 / 2400MHz (PC4-19200) / 램개수: 1개 / 히트싱크: 미포함,2016/08,ok,
2026-10-04T01:48:11+00:00,5448638,삼성전자 DDR4-2400 ECC/REG (16GB),https://prod.danawa.com/info/?pcode=5448638&cate=112752,서버용,DDR4,16GB,2400MHz (PC4-19200),,,1개,미포함,,,ECC,서버용 / DDR4 / 2400MHz (PC4-19200) / 램개수: 1개 / ECC / REG / 히트싱크: 미포함,2017/08,ok,
2026-10-04T01:48:11+00:00,5721713,삼성전자 DDR4-2400 ECC/REG (32GB),https://prod.danawa.com/info/?pcode=5721713&cate=112752,서버용,DDR4,32GB,2400MHz (PC4-19200),,,1개,미포함,,,ECC,서버용 / DDR4 / 2400MHz (PC4-19200) / 램개수: 1개 / REG / ECC / 히트싱크: 미포함,2017/12,ok,
2026-10-04T01:48:11+00:00,5721454,삼성전자 DDR4-2400 ECC/REG (8GB),https://prod.danawa.com/info/?pcode=5721454&cate=112752,서버용,DDR4,8GB,2400MHz (PC4-19200),,,1개,미포함,,,ECC,서버용 / DDR4 / 2400MHz (PC4-19200) / 램개수: 1개 / ECC / REG / 히트싱크: 미포함,2017/12,ok,
2026-10-04T01:48:11+00:00,17899715,삼성전자 DDR4-2400 ECC/REG 중고 (32GB),https://prod.danawa.com/info/?pcode=17899715&cate=112752,서버용,DDR4,32GB,2400MHz (PC4-19200),,,1개,미포함,,,ECC,서버용 / DDR4 / 2400MHz (PC4-19200) / 램개수: 1개 / ECC / REG / 히트싱크: 미포함,2017/12,ok,
2026-10-04T01:48:11+00:00,11298180,삼성전자 DDR4-2400 중고 (16GB),https://prod.danawa.com/info/?pcode=11298180&cate=112752,데스크탑용,DDR4,16GB,2400MHz (PC4-19200),,,1개,미포함,,,,데스크탑용 / DDR4 / 2400MHz (PC4-19200) / 램개수: 1개 / 히트싱크: 미포함,2016/10,ok,
2026-10-04T01:48:11+00:00,11644949,삼성전자 DDR4-2400 중고 (4GB),https://prod.danawa.com/info/?pcode=11644949&cate=112752,데스크탑용,DDR4,4GB,2400MHz (PC4-19200),,,1개,미포함,,,,데스크탑용 / DDR4 / 2400MHz (PC4-19200) / 램개수: 1개 / 히트싱크: 미포함,2016/08,ok,
2026-10-04T01:48:11+00:00,11236449,삼성전자 DDR4-2400 중고 (8GB),https://prod.danawa.com/info/?pcode=11236449&cate=112752,데스크탑용,DDR4,8GB,2400MHz (PC4-19200),,,1개,미포함,,,,데스크탑용 / DDR4 / 2400MHz (PC4-19200) / 램개수: 1개 / 히트싱크: 미포함,2016/08,ok,
2026-10-04T01:48:11+00:00,5941995,삼성전자 DDR4-2666 (16GB),https://prod.danawa.com/info/?pcode=5941995&cate=112752,데스크탑용,DDR4,16GB,2666MHz (PC4-21300),,,1개,미포함,,,,데스크탑용 / DDR4 / 2666MHz (PC4-21300) / 램개수: 1개 / 히트싱크: 미포함 / 단종된 모델이므로 중고상품 주의하시기 바랍니다,2018/03,ok,
2026-10-04T01:48:11+00:00,9239391,삼성전자 DDR4-2666 (32GB),https://prod.danawa.com/info/?pcode=9239391&cate=112752,데스크탑용,DDR4,32GB,2666MHz (PC4-21300),,,1개,미포함,,,,데스크탑용 / DDR4 / 2666MHz (PC4-21300) / 램개수: 1개 / 히트싱크: 미포함 / 단종된 모델이므로 중고상품 주의하시기 바랍니다,2019/08,ok,
2026-10-04T01:48:11+00:00,5937666,삼성전자 DDR4-2666 (8GB),https://prod.danawa.com/info/?pcode=5937666&cate=112752,데스크탑용,DDR4,8GB,2666MHz (PC4-21300),,,1개,미포함,,,,데스크탑용 / DDR4 / 2666MHz (PC4-21300) / 램개수: 1개 / 히트싱크: 미포함 / 단종된 모델이므로 중고상품 주의하시기 바랍니다,2018/03,ok,
2026-10-04T01:48:11+00:00,6393108,삼성전자 DDR4-2666 ECC/REG (16GB),https://prod.danawa.com/info/?pcode=6393108&cate=112752,서버용,DDR4,16GB,2666MHz (PC4-21300),,,1개,미포함,,,ECC,서버용 / DDR4 / 2666MHz (PC4-21300) / 램개수: 1개 / ECC / REG / 히트싱크: 미포함,2018/08,ok,
2026-10-04T01:48:11+00:00,10824564,삼성전자 DDR4-2666 ECC/REG (32GB),https://prod.danawa.com/info/?pcode=10824564&cate=112752,서버용,DDR4,32GB,2666MHz (PC4-21300),,,1개,미포함,,,ECC,서버용 / DDR4 / 2666MHz (PC4-21300) / 램개수: 1개 / ECC / REG / 히트싱크: 미포함,2020/03,ok,
2026-10-04T01:48:11+00:00,11631620,삼성전자 DDR4-2666 ECC/REG (8GB),https://prod.danawa.com/info/?pcode=11631620&cate=112752,서버용,DDR4,8GB,2666MHz (PC4-21300),,,1개,미포함,,,ECC,서버용 / DDR4 / 2666MHz (PC4-21300) / 램개수: 1개 / ECC / REG / 히트싱크: 미포함,2020/06,ok,
2026-10-04T01:48:11+00:00,11633126,삼성전자 DDR4-2666 ECC/Unbuffered (16GB),https://prod.danawa.com/info/?pcode=11633126&cate=112752,서버용,DDR4,16GB,2666MHz (PC4-21300),,,1개,미포함,,,ECC,서버용 / DDR4 / 2666MHz (PC4-21300) / 램개수: 1개 / ECC / 히트싱크: 미포함,2020/06,ok,
2026-10-04T01:48:11+00:00,17814587,삼성전자 DDR4-2666 ECC/Unbuffered (32GB),https://prod.danawa.com/info/?pcode=17814587&cate=112752,서버용,DDR4,32GB,2666MHz (PC4-21300),,,1개,미포함,,,ECC,서버용 / DDR4 / 2666MHz (PC4-21300) / 램개수: 1개 / ECC / 히트싱크: 미포함,2020/06,ok,
2026-10-04T01:48:11+00:00,11631995,삼성전자 DDR4-2666 ECC/Unbuffered (8GB),https://prod.danawa.com/info/?pcode=11631995&cate=112752,서버용,DDR4,8GB,2666MHz (PC4-21300),,,1개,미포함,,,ECC,서버용 / DDR4 / 2666MHz (PC4-21300) / 램개수: 1개 / ECC / 히트싱크: 미포함,2020/06,ok,
2026-10-04T01:48:11+00:00,8165329,삼성전자 DDR4-2666 중고 (16GB),https://prod.danawa.com/info/?pcode=8165329&cate=112752,데스크탑용,DDR4,16GB,2666MHz (PC4-21300),,,1개,미포함,,,,데스크탑용 / DDR4 / 2666MHz (PC4-21300) / 램개수: 1개 / 히트싱크: 미포함,2019/06,ok,
2026-10-04T01:48:11+00:00,16493414,삼성전자 DDR4-2666 중고 (32GB),https://prod.danawa.com/info/?pcode=16493414&cate=112752,데스크탑용,DDR4,32GB,2666MHz (PC4-21300),,,1개,미포함,,,,데스크탑용 / DDR4 / 2666MHz (PC4-21300) / 램개수: 1개 / 히트싱크: 미포함,2019/08,ok,
2026-10-04T01:48:11+00:00,12744536,삼성전자 DDR4-2666 중고 (4GB),https://prod.danawa.com/info/?pcode=12744536&cate=112752,데스크탑용,DDR4,4GB,2666MHz (PC4-21300),,,1개,미포함,,,,데스크탑용 / DDR4 / 2666MHz (PC4-21300) / 램개수: 1개 / 히트싱크: 미포함,2019/06,ok,
2026-10-04T01:48:11+00:00,8158972,삼성전자 DDR4-2666 중고 (8GB),https://prod.danawa.com/info/?pcode=8158972&cate=112752,데스크탑용,DDR4,8GB,2666MHz (PC4-21300),,,1개,미포함,,,,데스크탑용 / DDR4 / 2666MHz (PC4-21300) / 램개수: 1개 / 히트싱크: 미포함,2019/06,ok,
2026-10-04T01:48:11+00:00,12513242,삼성전자 DDR4-2933 (16GB),https://prod.danawa.com/info/?pcode=12513242&cate=112752,데스크탑용,DDR4,16GB,2933MHz (PC4-23400),,1.20V,1개,미포함,,,,데스크탑용 / DDR4 / 2933MHz (PC4-23400) / 1.20V / 램개수: 1개 / 히트싱크: 미포함,2020/10,ok,
2026-10-04T01:48:11+00:00,11541992,삼성전자 DDR4-2933 (32GB),https://prod.danawa.com/info/?pcode=11541992&cate=112752,데스크탑용,DDR4,32GB,2933MHz (PC4-23400),,1.20V,1개,미포함,,,,데스크탑용 / DDR4 / 2933MHz (PC4-23400) / 1.20V / 램개수: 1개 / 히트싱크: 미포함,2020/06,ok,
2026-10-04T01:48:11+00:00,10376427,삼성전자 DDR4-2933 (8GB),https://prod.danawa.com/info/?pcode=10376427&cate=112752,데스크탑용,DDR4,8GB,2933MHz (PC4-23400),,1.20V,1개,미포함,,,,데스크탑용 / DDR4 / 2933MHz (PC4-23400) / 1.20V / 램개수: 1개 / 히트싱크: 미포함,2020/01,ok,
2026-10-04T01:48:11+00:00,15125060,삼성전자 DDR4-2933 ECC/REG (128GB),https://prod.danawa.com/info/?pcode=15125060&cate=112752,서버용,DDR4,128GB,2933MHz (PC4-23400),,,1개,미포함,,,ECC,서버용 / DDR4 / 2933MHz (PC4-23400) / 램개수: 1개 / ECC / REG / 히트싱크: 미포함,2021/08,ok,
2026-10-04T01:48:11+00:00,11541968,삼성전자 DDR4-2933 ECC/REG (16GB),https://prod.danawa.com/info/?pcode=11541968&cate=112752,서버용,DDR4,16GB,2933MHz (PC4-23400),,,1개,미포함,,,ECC,서버용 / DDR4 / 2933MHz (PC4-23400) / 램개수: 1개 / ECC / REG / 히트싱크: 미포함,2020/06,ok,
2026-10-04T01:48:11+00:00,11541977,삼성전자 DDR4-2933 ECC/REG (32GB),https://prod.danawa.com/info/?pcode=11541977&cate=112752,서버용,DDR4,32GB,2933MHz (PC4-23400),,,1개,미포함,,,ECC,서버용 / DDR4 / 2933MHz (PC4-23400) / 램개수: 1개 / ECC / REG / 히트싱크: 미포함,2020/06,ok,
2026-10-04T01:48:11+00:00,12509051,삼성전자 DDR4-2933 ECC/REG (64GB),https://prod.danawa.com/info/?pcode=12509051&cate=112752,서버용,DDR4,64GB,2933MHz (PC4-23400),,,1개,미포함,,,ECC,서버용 / DDR4 / 2933MHz (PC4-23400) / 램개수: 1개 / ECC / REG / 히트싱크: 미포함,2020/10,ok,
2026-10-04T01:48:11+00:00,15798569,삼성전자 DDR4-2933 ECC/Unbuffered (16GB),https://prod.danawa.com/info/?pcode=15798569&cate=112752,서버용,DDR4,16GB,2933MHz (PC4-23400),,,1개,미포함,,,ECC,서버용 / DDR4 / 2933MHz (PC4-23400) / 램개수: 1개 / ECC / 히트싱크: 미포함,2021/04,ok,
2026-10-04T01:48:11+00:00,15798590,삼성전자 DDR4-2933 ECC/Unbuffered (32GB),https://prod.danawa.com/info/?pcode=15798590&cate=112752,서버용,DDR4,32GB,2933MHz (PC4-23400),,,1개,미포함,,,ECC,서버용 / DDR4 / 2933MHz (PC4-23400) / 램개수: 1개 / ECC / 히트싱크: 미포함,2021/04,ok,
2026-10-04T01:48:11+00:00,13826867,삼성전자 DDR4-2933 ECC/Unbuffered (8GB),https://prod.danawa.com/info/?pcode=13826867&cate=112752,서버용,DDR4,8GB,2933MHz (PC4-23400),,,1개,미포함,,,ECC,서버용 / DDR4 / 2933MHz (PC4-23400) / 램개수: 1개 / ECC / 히트싱크: 미포함,2021/04,ok,
2026-10-04T01:48:11+00:00,17844794,삼성전자 DDR4-2933 중고 (8GB),https://prod.danawa.com/info/?pcode=17844794&cate=112752,데스크탑용,DDR4,8GB,2933MHz (PC4-23400),,1.20V,1개,미포함,,,,데스크탑용 / DDR4 / 2933MHz (PC4-23400) / 1.20V / 램개수: 1개 / 히트싱크: 미포함,2020/01,ok,
2026-10-04T01:48:11+00:00,11790199,삼성전자 DDR4-3200 (16GB),https://prod.danawa.com/info/?pcode=11790199&cate=112752,데스크탑용,DDR4,16GB,3200MHz (PC4-25600),,,1개,미포함,,,,데스크탑용 / DDR4 / 3200MHz (PC4-25600) / 램개수: 1개 / 히트싱크: 미포함 / 단종된 모델이므로 중고상품 주의하시기 바랍니다,2020/07,ok,
2026-10-04T01:48:11+00:00,11028636,삼성전자 DDR4-3200 (32GB),https://prod.danawa.com/info/?pcode=11028636&cate=112752,데스크탑용,DDR4,32GB,3200MHz (PC4-25600),,,1개,미포함,,,,데스크탑용 / DDR4 / 3200MHz (PC4-25600) / 램개수: 1개 / 히트싱크: 미포함 / 단종된 모델이므로 중고상품 주의하시기 바랍니다,2020/04,ok,
2026-10-04T01:48:11+00:00,13122602,삼성전자 DDR4-3200 (4GB),https://prod.danawa.com/info/?pcode=13122602&cate=112752,데스크탑용,DDR4,4GB,3200MHz (PC4-25600),,,1개,미포함,,,,데스크탑용 / DDR4 / 3200MHz (PC4-25600) / 램개수: 1개 / 히트싱크: 미포함 / 단종된 모델이므로 중고상품 주의하시기 바랍니다,2020/06,ok,
2026-10-04T01:48:11+00:00,11541857,삼성전자 DDR4-3200 (8GB),https://prod.danawa.com/info/?pcode=11541857&cate=112752,데스크탑용,DDR4,8GB,3200MHz (PC4-25600),,,1개,미포함,,,,데스크탑용 / DDR4 / 3200MHz (PC4-25600) / 램개수: 1개 / 히트싱크: 미포함 / 단종된 모델이므로 중고상품 주의하시기 바랍니다,2020/06,ok,
2026-10-04T01:48:11+00:00,15753674,삼성전자 DDR4-3200 ECC/REG (128GB),https://prod.danawa.com/info/?pcode=15753674&cate=112752,서버용,DDR4,128GB,3200MHz (PC4-25600),,1.20V,1개,미포함,,,ECC,서버용 / DDR4 / 3200MHz (PC4-25600) / 1.20V / 램개수: 1개 / ECC / REG / 히트싱크: 미포함,2021/11,ok,
2026-10-04T01:48:11+00:00,13432766,삼성전자 DDR4-3200 ECC/REG (16GB),https://prod.danawa.com/info/?pcode=13432766&cate=112752,서버용,DDR4,16GB,3200MHz (PC4-25600),,,1개,미포함,,,ECC,서버용 / DDR4 / 3200MHz (PC4-25600) / 램개수: 1개 / ECC / REG / 히트싱크: 미포함,2021/02,ok,
2026-10-04T01:48:11+00:00,13432970,삼성전자 DDR4-3200 ECC/REG (32GB),https://prod.danawa.com/info/?pcode=13432970&cate=112752,서버용,DDR4,32GB,3200MHz (PC4-25600),,,1개,미포함,,,ECC,서버용 / DDR4 / 3200MHz (PC4-25600) / 램개수: 1개 / ECC / REG / 히트싱크: 미포함,2021/02,ok,
2026-10-04T01:48:11+00:00,13433147,삼성전자 DDR4-3200 ECC/REG (64GB),https://prod.danawa.com/info/?pcode=13433147&cate=112752,서버용,DDR4,64GB,3200MHz (PC4-25600),,1.20V,1개,미포함,,,ECC,서버용 / DDR4 / 3200MHz (PC4-25600) / 1.20V / 램개수: 1개 / ECC / REG / 히트싱크: 미포함,2021/02,ok,
2026-10-04T01:48:11+00:00,15753614,삼성전자 DDR4-3200 ECC/REG (8GB),https://prod.danawa.com/info/?pcode=15753614&cate=112752,서버용,DDR4,8GB,3200MHz (PC4-25600),,,1개,미포함,,,ECC,서버용 / DDR4 / 3200MHz (PC4-25600) / 램개수: 1개 / ECC / REG / 히트싱크: 미포함,2021/11,ok,
2026-10-04T01:48:11+00:00,37693463,삼성전자 DDR4-3200 ECC/Unbuffered (32GB),https://prod.danawa.com/info/?pcode=37693463&cate=112752,서버용,DDR4,32GB,3200MHz (PC4-25600),,,1개,미포함,,,ECC,서버용 / DDR4 / 3200MHz (PC4-25600) / 램개수: 1개 / ECC / 히트싱크: 미포함,2024/02,ok,
2026-10-04T01:48:11+00:00,16126766,삼성전자 DDR4-3200 중고 (16GB),https://prod.danawa.com/info/?pcode=16126766&cate=112752,데스크탑용,DDR4,16GB,3200MHz (PC4-25600),,,1개,미포함,,,,데스크탑용 / DDR4 / 3200MHz (PC4-25600) / 램개수: 1개 / 히트싱크: 미포함,2020/07,ok,
2026-10-04T01:48:11+00:00,16379045,삼성전자 DDR4-3200 중고 (32GB),https://prod.danawa.com/info/?pcode=16379045&cate=112752,데스크탑용,DDR4,32GB,3200MHz (PC4-25600),,,1개,미포함,,,,데스크탑용 / DDR4 / 3200MHz (PC4-25600) / 램개수: 1개 / 히트싱크: 미포함,2020/04,ok,
2026-10-04T01:48:11+00:00,17009852,삼성전자 DDR4-3200 중고 (4GB),https://prod.danawa.com/info/?pcode=17009852&cate=112752,데스크탑용,DDR4,4GB,3200MHz (PC4-25600),,,1개,미포함,,,,데스크탑용 / DDR4 / 3200MHz (PC4-25600) / 램개수: 1개 / 히트싱크: 미포함,2020/06,ok,
2026-10-04T01:48:11+00:00,15578048,삼성전자 DDR4-3200 중고 (8GB),https://prod.danawa.com/info/?pcode=15578048&cate=112752,데스크탑용,DDR4,8GB,3200MHz (PC4-25600),,,1개,미포함,,,,데스크탑용 / DDR4 / 3200MHz (PC4-25600) / 램개수: 1개 / 히트싱크: 미포함,2020/06,ok,
2026-10-04T01:48:11+00:00,15759071,삼성전자 DDR5-4800 (16GB),https://prod.danawa.com/info/?pcode=15759071&cate=112752,데스크탑용,DDR5,16GB,4800MHz (PC5-38400),,,1개,미포함,,,,"데스크탑용 / DDR5 / 4800MHz (PC5-38400) / 램개수: 1개 / 히트싱크: 미포함 / 모듈제조사: 삼성전자 / 병행수입, 벌크, A / S 등 여부 판매처 확인요망",2021/11,ok,
2026-10-04T01:48:11+00:00,15764342,삼성전자 DDR5-4800 (32GB),https://prod.danawa.com/info/?pcode=15764342&cate=112752,데스크탑용,DDR5,32GB,4800MHz (PC5-38400),,,1개,미포함,,,,"데스크탑용 / DDR5 / 4800MHz (PC5-38400) / 램개수: 1개 / 히트싱크: 미포함 / 모듈제조사: 삼성전자 / 병행수입, 벌크, A / S 등 여부 판매처 확인요망",2021/11,ok,
2026-10-04T01:48:11+00:00,16388927,삼성전자 DDR5-4800 (8GB),https://prod.danawa.com/info/?pcode=16388927&cate=112752,데스크탑용,DDR5,8GB,4800MHz (PC5-38400),,,1개,미포함,,,,"데스크탑용 / DDR5 / 4800MHz (PC5-38400) / 램개수: 1개 / 히트싱크: 미포함 / 모듈제조사: 삼성전자 / 병행수입, 벌크, A / S 등 여부 판매처 확인요망",2022/02,ok,
2026-10-04T01:48:11+00:00,21678695,삼성전자 DDR5-4800 ECC/REG (16GB),https://prod.danawa.com/info/?pcode=21678695&cate=112752,서버용,DDR5,16GB,4800MHz (PC5-38400),,,1개,미포함,,,ECC,서버용 / DDR5 / 4800MHz (PC5-38400) / 램개수: 1개 / ECC / REG / 히트싱크: 미포함 / 모듈제조사: 삼성전자,2023/07,ok,
2026-10-04T01:48:11+00:00,21678638,삼성전자 DDR5-4800 ECC/REG (32GB),https://prod.danawa.com/info/?pcode=21678638&cate=112752,서버용,DDR5,32GB,4800MHz (PC5-38400),,,1개,미포함,,,ECC,서버용 / DDR5 / 4800MHz (PC5-38400) / 램개수: 1개 / ECC / REG / 히트싱크: 미포함 / 모듈제조사: 삼성전자,2023/07,ok,
2026-10-04T01:48:11+00:00,21678716,삼성전자 DDR5-4800 ECC/REG (64GB),https://prod.danawa.com/info/?pcode=21678716&cate=112752,서버용,DDR5,64GB,4800MHz (PC5-38400),,,1개,미포함,,,ECC,서버용 / DDR5 / 4800MHz (PC5-38400) / 램개수: 1개 / ECC / REG / 히트싱크: 미포함 / 모듈제조사: 삼성전자,2023/07,ok,
2026-10-04T01:48:11+00:00,16390262,삼성전자 DDR5-4800 병행수입 (16GB),https://prod.danawa.com/info/?pcode=16390262&cate=112752,데스크탑용,DDR5,16GB,4800MHz (PC5-38400),,,1개,미포함,,,,데스크탑용 / DDR5 / 4800MHz (PC5-38400) / 램개수: 1개 / 히트싱크: 미포함 / 모듈제조사: 삼성전자,2021/11,ok,
2026-10-04T01:48:11+00:00,16390268,삼성전자 DDR5-4800 병행수입 (32GB),https://prod.danawa.com/info/?pcode=16390268&cate=112752,데스크탑용,DDR5,32GB,4800MHz (PC5-38400),,,1개,미포함,,,,데스크탑용 / DDR5 / 4800MHz (PC5-38400) / 램개수: 1개 / 히트싱크: 미포함 / 모듈제조사: 삼성전자,2021/11,ok,
2026-10-04T01:48:11+00:00,16390247,삼성전자 DDR5-4800 병행수입 (8GB),https://prod.danawa.com/info/?pcode=16390247&cate=112752,데스크탑용,DDR5,8GB,4800MHz (PC5-38400),,,1개,미포함,,,,데스크탑용 / DDR5 / 4800MHz (PC5-38400) / 램개수: 1개 / 히트싱크: 미포함 / 모듈제조사: 삼성전자,2022/02,ok,
2026-10-04T01:48:11+00:00,123799325,삼성전자 DDR5-4800 중고 (16GB),https://prod.danawa.com/info/?pcode=123799325&cate=112752,데스크탑용,DDR5,16GB,4800MHz (PC5-38400),,,1개,미포함,,,,데스크탑용 / DDR5 / 4800MHz (PC5-38400) / 램개수: 1개 / 히트싱크: 미포함 / 모듈제조사: 삼성전자,2021/11,ok,
2026-10-04T01:48:11+00:00,123799326,삼성전자 DDR5-4800 중고 (32GB),https://prod.danawa.com/info/?pcode=123799326&cate=112752,데스크탑용,DDR5,32GB,4800MHz (PC5-38400),,,1개,미포함,,,,데스크탑용 / DDR5 / 4800MHz (PC5-38400) / 램개수: 1개 / 히트싱크: 미포함 / 모듈제조사: 삼성전자,2021/11,ok,
2026-10-04T01:48:11+00:00,18911780,삼성전자 DDR5-5600 (16GB),https://prod.danawa.com/info/?pcode=18911780&cate=112752,데스크탑용,DDR5,16GB,5600MHz (PC5-44800),,,1개,미포함,,,,"데스크탑용 / DDR5 / 5600MHz (PC5-44800) / 램개수: 1개 / 히트싱크: 미포함 / 모듈제조사: 삼성전자 / 병행수입, 벌크, AS 등 여부 판매처 확인요망",2023/02,ok,
2026-10-04T01:48:11+00:00,109680518,삼성전자 DDR5-5600 (24GB),https://prod.danawa.com/info/?pcode=109680518&cate=112752,데스크탑용,DDR5,24GB,5600MHz (PC5-44800),,,1개,미포함,,,,"데스크탑용 / DDR5 / 5600MHz (PC5-44800) / 램개수: 1개 / 히트싱크: 미포함 / 모듈제조사: 삼성전자 / 병행수입, 벌크, AS 등 여부 판매처 확인요망",2026/04,ok,
2026-10-04T01:48:11+00:00,20644043,삼성전자 DDR5-5600 (32GB),https://prod.danawa.com/info/?pcode=20644043&cate=112752,데스크탑용,DDR5,32GB,5600MHz (PC5-44800),,,1개,미포함,,,,"데스크탑용 / DDR5 / 5600MHz (PC5-44800) / 램개수: 1개 / 히트싱크: 미포함 / 모듈제조사: 삼성전자 / 병행수입, 벌크, AS 등 여부 판매처 확인요망",2023/06,ok,
2026-10-04T01:48:11+00:00,18911771,삼성전자 DDR5-5600 (8GB),https://prod.danawa.com/info/?pcode=18911771&cate=112752,데스크탑용,DDR5,8GB,5600MHz (PC5-44800),,,1개,미포함,,,,"데스크탑용 / DDR5 / 5600MHz (PC5-44800) / 램개수: 1개 / 히트싱크: 미포함 / 모듈제조사: 삼성전자 / 병행수입, 벌크, AS 등 여부 판매처 확인요망",2023/02,ok,
2026-10-04T01:48:11+00:00,77791265,삼성전자 DDR5-5600 (수량별배송비 16GB),https://prod.danawa.com/info/?pcode=77791265&cate=112752,데스크탑용,DDR5,,5600MHz (PC5-44800),,,1개,미포함,,,,"데스크탑용 / DDR5 / 5600MHz (PC5-44800) / 램개수: 1개 / 히트싱크: 미포함 / 모듈제조사: 삼성전자 / 병행수입, 벌크, A / S 등 여부 판매처 확인요망",2023/02,ok,
2026-10-04T01:48:11+00:00,77791268,삼성전자 DDR5-5600 (수량별배송비 32GB),https://prod.danawa.com/info/?pcode=77791268&cate=112752,데스크탑용,DDR5,,5600MHz (PC5-44800),,,1개,미포함,,,,"데스크탑용 / DDR5 / 5600MHz (PC5-44800) / 램개수: 1개 / 히트싱크: 미포함 / 모듈제조사: 삼성전자 / 병행수입, 벌크, A / S 등 여부 판매처 확인요망",2023/06,ok,
2026-10-04T01:48:11+00:00,76509239,삼성전자 DDR5-5600 ECC/REG (128GB),https://prod.danawa.com/info/?pcode=76509239&cate=112752,서버용,DDR5,128GB,5600MHz (PC5-44800),,,1개,미포함,,,ECC,서버용 / DDR5 / 5600MHz (PC5-44800) / 램개수: 1개 / ECC / REG / 히트싱크: 미포함 / 모듈제조사: 삼성전자,2025/02,ok,
2026-10-04T01:48:11+00:00,81716342,삼성전자 DDR5-5600 ECC/REG (16GB),https://prod.danawa.com/info/?pcode=81716342&cate=112752,서버용,DDR5,16GB,5600MHz (PC5-44800),,,1개,미포함,,,ECC,서버용 / DDR5 / 5600MHz (PC5-44800) / 램개수: 1개 / ECC / REG / 히트싱크: 미포함 / 모듈제조사: 삼성전자,2025/02,ok,
2026-10-04T01:48:11+00:00,79408826,삼성전자 DDR5-5600 ECC/REG (32GB),https://prod.danawa.com/info/?pcode=79408826&cate=112752,서버용,DDR5,32GB,5600MHz (PC5-44800),,,1개,미포함,,,ECC,서버용 / DDR5 / 5600MHz (PC5-44800) / 램개수: 1개 / ECC / REG / 히트싱크: 미포함 / 모듈제조사: 삼성전자,2025/02,ok,
2026-10-04T01:48:11+00:00,79408823,삼성전자 DDR5-5600 ECC/REG (64GB),https://prod.danawa.com/info/?pcode=79408823&cate=112752,서버용,DDR5,64GB,5600MHz (PC5-44800),,,1개,미포함,,,ECC,서버용 / DDR5 / 5600MHz (PC5-44800) / 램개수: 1개 / ECC / REG / 히트싱크: 미포함 / 모듈제조사: 삼성전자,2025/02,ok,
2026-10-04T01:48:11+00:00,123801216,삼성전자 DDR5-5600 ECC/REG 중고 (64GB),https://prod.danawa.com/info/?pcode=123801216&cate=112752,서버용,DDR5,64GB,5600MHz (PC5-44800),,,1개,미포함,,,ECC,서버용 / DDR5 / 5600MHz (PC5-44800) / 램개수: 1개 / ECC / REG / 히트싱크: 미포함 / 모듈제조사: 삼성전자,2025/02,ok,
2026-10-04T01:48:11+00:00,122621367,삼성전자 DDR5-5600 중고 (16GB),https://prod.danawa.com/info/?pcode=122621367&cate=112752,데스크탑용,DDR5,16GB,5600MHz (PC5-44800),,,1개,미포함,,,,"데스크탑용 / DDR5 / 5600MHz (PC5-44800) / 램개수: 1개 / 히트싱크: 미포함 / 모듈제조사: 삼성전자 / 병행수입, 벌크, A / S 등 여부 판매처 확인요망",2026/04,ok,
2026-10-04T01:48:11+00:00,123799337,삼성전자 DDR5-5600 중고 (32GB),https://prod.danawa.com/info/?pcode=123799337&cate=112752,데스크탑용,DDR5,32GB,5600MHz (PC5-44800),,,1개,미포함,,,,데스크탑용 / DDR5 / 5600MHz (PC5-44800) / 램개수: 1개 / 히트싱크: 미포함 / 모듈제조사: 삼성전자,2026/04,ok,
2026-10-04T01:48:11+00:00,122623097,삼성전자 DDR5-5600 중고 (8GB),https://prod.danawa.com/info/?pcode=122623097&cate=112752,데스크탑용,DDR5,8GB,5600MHz (PC5-44800),,,1개,미포함,,,,"데스크탑용 / DDR5 / 5600MHz (PC5-44800) / 램개수: 1개 / 히트싱크: 미포함 / 모듈제조사: 삼성전자 / 병행수입, 벌크, A / S 등 여부 판매처 확인요망",2026/04,ok,
2026-10-04T01:48:11+00:00,108391655,삼성전자 DDR5-6400 CL52 CUDIMM (16GB),https://prod.danawa.com/info/?pcode=108391655&cate=112752,데스크탑용,DDR5,16GB,6400MHz (PC5-51200),CL52,1.10V,1개,미포함,,,온다이ECC,데스크탑용 / DDR5 / 6400MHz (PC5-51200) / 램타이밍: CL52 / 1.10V / 램개수: 1개 / 클럭드라이버 / 온다이ECC / 히트싱크: 미포함 / 모듈제조사: 삼성전자,2026/03,ok,
2026-10-04T01:48:11+00:00,108391649,삼성전자 DDR5-6400 CL52 CUDIMM (8GB),https://prod.danawa.com/info/?pcode=108391649&cate=112752,데스크탑용,DDR5,8GB,6400MHz (PC5-51200),CL52,1.10V,1개,미포함,,,온다이ECC,데스크탑용 / DDR5 / 6400MHz (PC5-51200) / 램타이밍: CL52 / 1.10V / 램개수: 1개 / 클럭드라이버 / 온다이ECC / 히트싱크: 미포함 / 모듈제조사: 삼성전자,2026/03,ok,
2026-10-04T01:48:11+00:00,124012589,삼성전자 DDR5-6400 ECC/REG (128GB),https://prod.danawa.com/info/?pcode=124012589&cate=112752,서버용,DDR5,128GB,6400MHz (PC5-51200),,,1개,미포함,,,ECC,서버용 / DDR5 / 6400MHz (PC5-51200) / 램개수: 1개 / ECC / REG / 히트싱크: 미포함 / 모듈제조사: 삼성전자,2025/12,ok,
2026-10-04T01:48:11+00:00,103130627,삼성전자 DDR5-6400 ECC/REG (64GB),https://prod.danawa.com/info/?pcode=103130627&cate=112752,서버용,DDR5,64GB,6400MHz (PC5-51200),,,1개,미포함,,,ECC,서버용 / DDR5 / 6400MHz (PC5-51200) / 램개수: 1개 / ECC / REG / 히트싱크: 미포함 / 모듈제조사: 삼성전자,2025/12,ok,
2026-10-04T01:48:11+00:00,122658611,삼성전자 DDR5-7200 CL58 CUDIMM (16GB),https://prod.danawa.com/info/?pcode=122658611&cate=112752,데스크탑용,DDR5,16GB,7200MHz (PC5-57600),,1.10V,1개,미포함,,,온다이ECC,"데스크탑용 / DDR5 / 7200MHz (PC5-57600) / 1.10V / 램개수: 1개 / 클럭드라이버 / 온다이ECC / 히트싱크: 미포함 / 모듈제조사: 삼성전자 / 병행수입, 중고, A / S 등 여부 판매처 확인요망",2026/05,ok,
2026-10-04T01:48:11+00:00,124237277,삼성전자 DDR5-7200 CL58 CUDIMM (8GB),https://prod.danawa.com/info/?pcode=124237277&cate=112752,데스크탑용,DDR5,8GB,7200MHz (PC5-57600),,1.10V,1개,미포함,,,온다이ECC,"데스크탑용 / DDR5 / 7200MHz (PC5-57600) / 1.10V / 램개수: 1개 / 클럭드라이버 / 온다이ECC / 히트싱크: 미포함 / 모듈제조사: 삼성전자 / 병행수입, 중고, A / S 등 여부 판매처 확인요망",2026/05,ok,
2026-10-04T01:48:11+00:00,118832316,삼성전자 노트북 DDR2 PC2-5300 CL4.5 (중고) (2GB),https://prod.danawa.com/info/?pcode=118832316&cate=112752,노트북용,DDR2,2GB,,,1.8V,1개,,,,,노트북용 / DDR2 / 1.8V / 램개수: 1개,2011/03,ok,
2026-10-04T01:48:11+00:00,5580681,삼성전자 노트북 DDR2-533 중고 (1GB),https://prod.danawa.com/info/?pcode=5580681&cate=112752,노트북용,DDR2,1GB,533MHz (PC2-4200),,1.80V,1개,미포함,,,,노트북용 / DDR2 / 533MHz (PC2-4200) / 1.80V / 램개수: 1개 / 히트싱크: 미포함,2017/10,ok,
2026-10-04T01:48:11+00:00,5580847,삼성전자 노트북 DDR2-667 병행수입 (2GB),https://prod.danawa.com/info/?pcode=5580847&cate=112752,노트북용,DDR2,2GB,667MHz (PC2-5300),,1.80V,1개,미포함,,,,노트북용 / DDR2 / 667MHz (PC2-5300) / 1.80V / 램개수: 1개 / 히트싱크: 미포함 / 200Pin,2017/10,ok,
2026-10-04T01:48:11+00:00,5580673,삼성전자 노트북 DDR2-667 중고 (1GB),https://prod.danawa.com/info/?pcode=5580673&cate=112752,노트북용,DDR2,1GB,667MHz (PC2-5300),,1.80V,1개,미포함,,,,노트북용 / DDR2 / 667MHz (PC2-5300) / 1.80V / 램개수: 1개 / 히트싱크: 미포함,2017/10,ok,
2026-10-04T01:48:11+00:00,863361,삼성전자 노트북 DDR2-667 중고 (2GB),https://prod.danawa.com/info/?pcode=863361&cate=112752,노트북용,DDR2,2GB,667MHz (PC2-5300),,1.80V,1개,미포함,,,,노트북용 / DDR2 / 667MHz (PC2-5300) / 1.80V / 램개수: 1개 / 히트싱크: 미포함 / 200Pin,2009/03,ok,
2026-10-04T01:48:11+00:00,863346,삼성전자 노트북 DDR2-800 중고 (2GB),https://prod.danawa.com/info/?pcode=863346&cate=112752,노트북용,DDR2,2GB,800MHz (PC2-6400),,1.80V,1개,미포함,,,,노트북용 / DDR2 / 800MHz (PC2-6400) / 1.80V / 램개수: 1개 / 히트싱크: 미포함 / 200Pin,2009/03,ok,
2026-10-04T01:48:11+00:00,116414127,삼성전자 노트북 DDR3-1066 (중고) (4GB),https://prod.danawa.com/info/?pcode=116414127&cate=112752,노트북용,DDR3,4GB,,,,1개,,,,,"노트북용 / DDR3 / 1,066MHz(PC3-8,500) / 램개수: 1개",2014/03,ok,
2026-10-04T01:48:11+00:00,5579615,삼성전자 노트북 DDR3-1066 중고 (1GB),https://prod.danawa.com/info/?pcode=5579615&cate=112752,노트북용,DDR3,1GB,1066MHz (PC3-8500),,,1개,미포함,,,,노트북용 / DDR3 / 1066MHz (PC3-8500) / 램개수: 1개 / 히트싱크: 미포함,2017/10,ok,
2026-10-04T01:48:11+00:00,5579854,삼성전자 노트북 DDR3-1066 중고 (2GB),https://prod.danawa.com/info/?pcode=5579854&cate=112752,노트북용,DDR3,2GB,1066MHz (PC3-8500),,,1개,미포함,,,,노트북용 / DDR3 / 1066MHz (PC3-8500) / 램개수: 1개 / 히트싱크: 미포함,2017/10,ok,
2026-10-04T01:48:11+00:00,5580447,삼성전자 노트북 DDR3-1066 중고 (4GB),https://prod.danawa.com/info/?pcode=5580447&cate=112752,노트북용,DDR3,4GB,1066MHz (PC3-8500),,,1개,미포함,,,,노트북용 / DDR3 / 1066MHz (PC3-8500) / 램개수: 1개 / 히트싱크: 미포함,2017/10,ok,
2026-10-04T01:48:11+00:00,925624,삼성전자 노트북 DDR3-1333 (2GB),https://prod.danawa.com/info/?pcode=925624&cate=112752,노트북용,DDR3,2GB,1333MHz (PC3-10600),,,1개,미포함,,,,노트북용 / DDR3 / 1333MHz (PC3-10600) / 램개수: 1개 / 히트싱크: 미포함,2009/08,ok,
2026-10-04T01:48:11+00:00,1628188,삼성전자 노트북 DDR3-1333 병행수입 (1GB),https://prod.danawa.com/info/?pcode=1628188&cate=112752,노트북용,DDR3,1GB,1333MHz (PC3-10600),,,1개,미포함,,,,노트북용 / DDR3 / 1333MHz (PC3-10600) / 램개수: 1개 / 히트싱크: 미포함,2009/03,ok,
2026-10-04T01:48:11+00:00,982482,삼성전자 노트북 DDR3-1333 병행수입 (2GB),https://prod.danawa.com/info/?pcode=982482&cate=112752,노트북용,DDR3,2GB,1333MHz (PC3-10600),,,1개,미포함,,,,노트북용 / DDR3 / 1333MHz (PC3-10600) / 램개수: 1개 / 히트싱크: 미포함,2009/12,ok,
2026-10-04T01:48:11+00:00,949437,삼성전자 노트북 DDR3-1333 병행수입 (4GB),https://prod.danawa.com/info/?pcode=949437&cate=112752,노트북용,DDR3,4GB,1333MHz (PC3-10600),,,1개,미포함,,,,노트북용 / DDR3 / 1333MHz (PC3-10600) / 램개수: 1개 / 히트싱크: 미포함,2009/10,ok,
2026-10-04T01:48:11+00:00,1719949,삼성전자 노트북 DDR3-1333 병행수입 (8GB),https://prod.danawa.com/info/?pcode=1719949&cate=112752,노트북용,DDR3,8GB,1333MHz (PC3-10600),CL9,1.50V,1개,미포함,,,,노트북용 / DDR3 / 1333MHz (PC3-10600) / 램타이밍: CL9 / 1.50V / 램개수: 1개 / 히트싱크: 미포함,2012/07,ok,
2026-10-04T01:48:11+00:00,5579526,삼성전자 노트북 DDR3-1333 중고 (1GB),https://prod.danawa.com/info/?pcode=5579526&cate=112752,노트북용,DDR3,1GB,1333MHz (PC3-10600),,,1개,미포함,,,,노트북용 / DDR3 / 1333MHz (PC3-10600) / 램개수: 1개 / 히트싱크: 미포함,2017/10,ok,
2026-10-04T01:48:11+00:00,5579705,삼성전자 노트북 DDR3-1333 중고 (2GB),https://prod.danawa.com/info/?pcode=5579705&cate=112752,노트북용,DDR3,2GB,1333MHz (PC3-10600),,,1개,미포함,,,,노트북용 / DDR3 / 1333MHz (PC3-10600) / 램개수: 1개 / 히트싱크: 미포함,2017/10,ok,
2026-10-04T01:48:11+00:00,5546469,삼성전자 노트북 DDR3-1333 중고 (4GB),https://prod.danawa.com/info/?pcode=5546469&cate=112752,노트북용,DDR3,4GB,1333MHz (PC3-10600),,,1개,미포함,,,,노트북용 / DDR3 / 1333MHz (PC3-10600) / 램개수: 1개 / 히트싱크: 미포함 / 작동전압 확인요망,2017/10,ok,
2026-10-04T01:48:11+00:00,5580555,삼성전자 노트북 DDR3-1333 중고 (8GB),https://prod.danawa.com/info/?pcode=5580555&cate=112752,노트북용,DDR3,8GB,1333MHz (PC3-10600),,,1개,미포함,,,,노트북용 / DDR3 / 1333MHz (PC3-10600) / 램개수: 1개 / 히트싱크: 미포함,2017/10,ok,
2026-10-04T01:48:11+00:00,1962927,삼성전자 노트북 DDR3-1600 (2GB),https://prod.danawa.com/info/?pcode=1962927&cate=112752,노트북용,DDR3,2GB,1600MHz (PC3-12800),,,1개,미포함,,,,노트북용 / DDR3 / 1600MHz (PC3-12800) / 램개수: 1개 / 히트싱크: 미포함,2013/03,ok,
2026-10-04T01:48:11+00:00,2747282,삼성전자 노트북 DDR3-1600 1.35V 병행수입 (8GB),https://prod.danawa.com/info/?pcode=2747282&cate=112752,노트북용,DDR3,8GB,1600MHz (PC3-12800),,,1개,미포함,,,,노트북용 / DDR3 / 1600MHz (PC3-12800) / 램개수: 1개 / 히트싱크: 미포함,2014/08,ok,
2026-10-04T01:48:11+00:00,123605036,삼성전자 노트북 DDR3-1600 1.35V 중고 (2GB),https://prod.danawa.com/info/?pcode=123605036&cate=112752,노트북용,DDR3,2GB,1600MHz (PC3-12800),,1.35V,1개,미포함,,,,노트북용 / DDR3 / 1600MHz (PC3-12800) / 1.35V / 램개수: 1개 / 히트싱크: 미포함,2015/05,ok,
2026-10-04T01:48:11+00:00,14267015,삼성전자 노트북 DDR3-1600 1.35V 중고 (4GB),https://prod.danawa.com/info/?pcode=14267015&cate=112752,노트북용,DDR3,4GB,1600MHz (PC3-12800),,1.35V,1개,미포함,,,,노트북용 / DDR3 / 1600MHz (PC3-12800) / 1.35V / 램개수: 1개 / 히트싱크: 미포함,2017/10,ok,
2026-10-04T01:48:11+00:00,14183372,삼성전자 노트북 DDR3-1600 1.35V 중고 (8GB),https://prod.danawa.com/info/?pcode=14183372&cate=112752,노트북용,DDR3,8GB,1600MHz (PC3-12800),,1.35V,1개,미포함,,,,노트북용 / DDR3 / 1600MHz (PC3-12800) / 1.35V / 램개수: 1개 / 히트싱크: 미포함 / 작동 전압 확인 요망,2017/10,ok,
2026-10-04T01:48:11+00:00,1962928,삼성전자 노트북 DDR3-1600 병행수입 (2GB),https://prod.danawa.com/info/?pcode=1962928&cate=112752,노트북용,DDR3,2GB,1600MHz (PC3-12800),,,1개,미포함,,,,노트북용 / DDR3 / 1600MHz (PC3-12800) / 램개수: 1개 / 히트싱크: 미포함,2013/03,ok,
2026-10-04T01:48:11+00:00,5580475,삼성전자 노트북 DDR3-1600 중고 (2GB),https://prod.danawa.com/info/?pcode=5580475&cate=112752,노트북용,DDR3,2GB,1600MHz (PC3-12800),,,1개,미포함,,,,노트북용 / DDR3 / 1600MHz (PC3-12800) / 램개수: 1개 / 히트싱크: 미포함 / 전압 확인요망,2017/10,ok,
2026-10-04T01:48:11+00:00,5548947,삼성전자 노트북 DDR3-1600 중고 (4GB),https://prod.danawa.com/info/?pcode=5548947&cate=112752,노트북용,DDR3,4GB,1600MHz (PC3-12800),,,1개,미포함,,,,노트북용 / DDR3 / 1600MHz (PC3-12800) / 램개수: 1개 / 히트싱크: 미포함 / 동작전압 확인요망,2017/10,ok,
2026-10-04T01:48:11+00:00,5549011,삼성전자 노트북 DDR3-1600 중고 (8GB),https://prod.danawa.com/info/?pcode=5549011&cate=112752,노트북용,DDR3,8GB,1600MHz (PC3-12800),,,1개,미포함,,,,노트북용 / DDR3 / 1600MHz (PC3-12800) / 램개수: 1개 / 히트싱크: 미포함 / 작동 전압 확인 요망,2017/10,ok,
2026-10-04T01:48:11+00:00,4001196,삼성전자 노트북 DDR4-2133 (16GB),https://prod.danawa.com/info/?pcode=4001196&cate=112752,노트북용,DDR4,16GB,2133MHz (PC4-17000),,,1개,미포함,,,,노트북용 / DDR4 / 2133MHz (PC4-17000) / 램개수: 1개 / 히트싱크: 미포함 / 단종된 모델이므로 중고상품 주의하시기 바랍니다,2016/04,ok,
2026-10-04T01:48:11+00:00,3493083,삼성전자 노트북 DDR4-2133 (8GB),https://prod.danawa.com/info/?pcode=3493083&cate=112752,노트북용,DDR4,8GB,2133MHz (PC4-17000),,,1개,미포함,,,,노트북용 / DDR4 / 2133MHz (PC4-17000) / 램개수: 1개 / 히트싱크: 미포함,2015/10,ok,
2026-10-04T01:48:11+00:00,16972373,삼성전자 노트북 DDR4-2133 중고 (16GB),https://prod.danawa.com/info/?pcode=16972373&cate=112752,노트북용,DDR4,16GB,2133MHz (PC4-17000),,,1개,미포함,,,,노트북용 / DDR4 / 2133MHz (PC4-17000) / 램개수: 1개 / 히트싱크: 미포함,2015/10,ok,
2026-10-04T01:48:11+00:00,14130377,삼성전자 노트북 DDR4-2133 중고 (4GB),https://prod.danawa.com/info/?pcode=14130377&cate=112752,노트북용,DDR4,4GB,2133MHz (PC4-17000),,,1개,미포함,,,,노트북용 / DDR4 / 2133MHz (PC4-17000) / 램개수: 1개 / 히트싱크: 미포함,2015/10,ok,
2026-10-04T01:48:11+00:00,12970748,삼성전자 노트북 DDR4-2133 중고 (8GB),https://prod.danawa.com/info/?pcode=12970748&cate=112752,노트북용,DDR4,8GB,2133MHz (PC4-17000),,,1개,미포함,,,,노트북용 / DDR4 / 2133MHz (PC4-17000) / 램개수: 1개 / 히트싱크: 미포함,2015/10,ok,
2026-10-04T01:48:11+00:00,5202063,삼성전자 노트북 DDR4-2400 (16GB),https://prod.danawa.com/info/?pcode=5202063&cate=112752,노트북용,DDR4,16GB,2400MHz (PC4-19200),,,1개,미포함,,,,노트북용 / DDR4 / 2400MHz (PC4-19200) / 램개수: 1개 / 히트싱크: 미포함 / 단종된 모델이므로 중고상품 주의하시기 바랍니다,2017/03,ok,
2026-10-04T01:48:11+00:00,5040079,삼성전자 노트북 DDR4-2400 (4GB),https://prod.danawa.com/info/?pcode=5040079&cate=112752,노트북용,DDR4,4GB,2400MHz (PC4-19200),,,1개,미포함,,,,노트북용 / DDR4 / 2400MHz (PC4-19200) / 램개수: 1개 / 히트싱크: 미포함 / 단종된 모델이므로 중고상품 주의하시기 바랍니다,2017/03,ok,
2026-10-04T01:48:11+00:00,5202059,삼성전자 노트북 DDR4-2400 (8GB),https://prod.danawa.com/info/?pcode=5202059&cate=112752,노트북용,DDR4,8GB,2400MHz (PC4-19200),,,1개,미포함,,,,노트북용 / DDR4 / 2400MHz (PC4-19200) / 램개수: 1개 / 히트싱크: 미포함 / 단종된 모델이므로 중고상품 주의하시기 바랍니다,2017/03,ok,
2026-10-04T01:48:11+00:00,16844816,삼성전자 노트북 DDR4-2400 중고 (16GB),https://prod.danawa.com/info/?pcode=16844816&cate=112752,노트북용,DDR4,16GB,2400MHz (PC4-19200),,,1개,미포함,,,,노트북용 / DDR4 / 2400MHz (PC4-19200) / 램개수: 1개 / 히트싱크: 미포함,2017/03,ok,
2026-10-04T01:48:11+00:00,14960162,삼성전자 노트북 DDR4-2400 중고 (4GB),https://prod.danawa.com/info/?pcode=14960162&cate=112752,노트북용,DDR4,4GB,2400MHz (PC4-19200),,,1개,미포함,,,,노트북용 / DDR4 / 2400MHz (PC4-19200) / 램개수: 1개 / 히트싱크: 미포함,2017/03,ok,
2026-10-04T01:48:11+00:00,15481538,삼성전자 노트북 DDR4-2400 중고 (8GB),https://prod.danawa.com/info/?pcode=15481538&cate=112752,노트북용,DDR4,8GB,2400MHz (PC4-19200),,,1개,미포함,,,,노트북용 / DDR4 / 2400MHz (PC4-19200) / 램개수: 1개 / 히트싱크: 미포함,2017/03,ok,
2026-10-04T01:48:11+00:00,6393068,삼성전자 노트북 DDR4-2666 (16GB),https://prod.danawa.com/info/?pcode=6393068&cate=112752,노트북용,DDR4,16GB,2666MHz (PC4-21300),,1.20V,1개,미포함,,,,노트북용 / DDR4 / 2666MHz (PC4-21300) / 1.20V / 램개수: 1개 / 히트싱크: 미포함 / 단종된 모델이므로 중고상품 주의하시기 바랍니다,2018/08,ok,
2026-10-04T01:48:11+00:00,10742970,삼성전자 노트북 DDR4-2666 (32GB),https://prod.danawa.com/info/?pcode=10742970&cate=112752,노트북용,DDR4,32GB,2666MHz (PC4-21300),,1.20V,1개,미포함,,,,노트북용 / DDR4 / 2666MHz (PC4-21300) / 1.20V / 램개수: 1개 / 히트싱크: 미포함 / 단종된 모델이므로 중고상품 주의하시기 바랍니다,2020/03,ok,
2026-10-04T01:48:11+00:00,6488716,삼성전자 노트북 DDR4-2666 (4GB),https://prod.danawa.com/info/?pcode=6488716&cate=112752,노트북용,DDR4,4GB,2666MHz (PC4-21300),,1.20V,1개,미포함,,,,노트북용 / DDR4 / 2666MHz (PC4-21300) / 1.20V / 램개수: 1개 / 히트싱크: 미포함 / 단종된 모델이므로 중고상품 주의하시기 바랍니다,2018/09,ok,
2026-10-04T01:48:11+00:00,6274195,삼성전자 노트북 DDR4-2666 (8GB),https://prod.danawa.com/info/?pcode=6274195&cate=112752,노트북용,DDR4,8GB,2666MHz (PC4-21300),,1.20V,1개,미포함,,,,노트북용 / DDR4 / 2666MHz (PC4-21300) / 1.20V / 램개수: 1개 / 히트싱크: 미포함 / 단종된 모델이므로 중고상품 주의하시기 바랍니다,2018/07,ok,
2026-10-04T01:48:11+00:00,16834745,삼성전자 노트북 DDR4-2666 중고 (16GB),https://prod.danawa.com/info/?pcode=16834745&cate=112752,노트북용,DDR4,16GB,2666MHz (PC4-21300),,1.20V,1개,미포함,,,,노트북용 / DDR4 / 2666MHz (PC4-21300) / 1.20V / 램개수: 1개 / 히트싱크: 미포함,2018/08,ok,
2026-10-04T01:48:11+00:00,16910030,삼성전자 노트북 DDR4-2666 중고 (32GB),https://prod.danawa.com/info/?pcode=16910030&cate=112752,노트북용,DDR4,32GB,2666MHz (PC4-21300),,1.20V,1개,미포함,,,,노트북용 / DDR4 / 2666MHz (PC4-21300) / 1.20V / 램개수: 1개 / 히트싱크: 미포함,2018/08,ok,
2026-10-04T01:48:11+00:00,12920054,삼성전자 노트북 DDR4-2666 중고 (4GB),https://prod.danawa.com/info/?pcode=12920054&cate=112752,노트북용,DDR4,4GB,2666MHz (PC4-21300),,1.20V,1개,미포함,,,,노트북용 / DDR4 / 2666MHz (PC4-21300) / 1.20V / 램개수: 1개 / 히트싱크: 미포함,2018/09,ok,
2026-10-04T01:48:11+00:00,16316135,삼성전자 노트북 DDR4-2666 중고 (8GB),https://prod.danawa.com/info/?pcode=16316135&cate=112752,노트북용,DDR4,8GB,2666MHz (PC4-21300),,1.20V,1개,미포함,,,,노트북용 / DDR4 / 2666MHz (PC4-21300) / 1.20V / 램개수: 1개 / 히트싱크: 미포함,2018/07,ok,
2026-10-04T01:48:11+00:00,11397141,삼성전자 노트북 DDR4-3200 (16GB),https://prod.danawa.com/info/?pcode=11397141&cate=112752,노트북용,DDR4,16GB,3200MHz (PC4-25600),,,1개,미포함,,,,노트북용 / DDR4 / 3200MHz (PC4-25600) / 램개수: 1개 / 히트싱크: 미포함 / 단종된 모델이므로 중고상품 주의하시기 바랍니다,2020/05,ok,
2026-10-04T01:48:11+00:00,10881360,삼성전자 노트북 DDR4-3200 (32GB),https://prod.danawa.com/info/?pcode=10881360&cate=112752,노트북용,DDR4,32GB,3200MHz (PC4-25600),,,1개,미포함,,,,노트북용 / DDR4 / 3200MHz (PC4-25600) / 램개수: 1개 / 히트싱크: 미포함 / 단종된 모델이므로 중고상품 주의하시기 바랍니다,2020/03,ok,
2026-10-04T01:48:11+00:00,14910056,삼성전자 노트북 DDR4-3200 (4GB),https://prod.danawa.com/info/?pcode=14910056&cate=112752,노트북용,DDR4,4GB,3200MHz (PC4-25600),,,1개,미포함,,,,노트북용 / DDR4 / 3200MHz (PC4-25600) / 램개수: 1개 / 히트싱크: 미포함 / 단종된 모델이므로 중고상품 주의하시기 바랍니다,2021/08,ok,
2026-10-04T01:48:11+00:00,10853625,삼성전자 노트북 DDR4-3200 (8GB),https://prod.danawa.com/info/?pcode=10853625&cate=112752,노트북용,DDR4,8GB,3200MHz (PC4-25600),,,1개,미포함,,,,노트북용 / DDR4 / 3200MHz (PC4-25600) / 램개수: 1개 / 히트싱크: 미포함 / 단종된 모델이므로 중고상품 주의하시기 바랍니다,2020/03,ok,
2026-10-04T01:48:11+00:00,17009480,삼성전자 노트북 DDR4-3200 중고 (16GB),https://prod.danawa.com/info/?pcode=17009480&cate=112752,노트북용,DDR4,16GB,3200MHz (PC4-25600),,,1개,미포함,,,,노트북용 / DDR4 / 3200MHz (PC4-25600) / 램개수: 1개 / 히트싱크: 미포함,2020/05,ok,
2026-10-04T01:48:11+00:00,94129193,삼성전자 노트북 DDR4-3200 중고 (32GB),https://prod.danawa.com/info/?pcode=94129193&cate=112752,노트북용,DDR4,32GB,3200MHz (PC4-25600),,,1개,미포함,,,,노트북용 / DDR4 / 3200MHz (PC4-25600) / 램개수: 1개 / 히트싱크: 미포함,2020/03,ok,
2026-10-04T01:48:11+00:00,14679644,삼성전자 노트북 DDR4-3200 중고 (4GB),https://prod.danawa.com/info/?pcode=14679644&cate=112752,노트북용,DDR4,4GB,3200MHz (PC4-25600),,,1개,미포함,,,,노트북용 / DDR4 / 3200MHz (PC4-25600) / 램개수: 1개 / 히트싱크: 미포함,2021/07,ok,
2026-10-04T01:48:11+00:00,16524044,삼성전자 노트북 DDR4-3200 중고 (8GB),https://prod.danawa.com/info/?pcode=16524044&cate=112752,노트북용,DDR4,8GB,3200MHz (PC4-25600),,,1개,미포함,,,,노트북용 / DDR4 / 3200MHz (PC4-25600) / 램개수: 1개 / 히트싱크: 미포함,2020/03,ok,
2026-10-04T01:48:11+00:00,17666249,삼성전자 노트북 DDR5-4800 (16GB),https://prod.danawa.com/info/?pcode=17666249&cate=112752,노트북용,DDR5,16GB,4800MHz (PC5-38400),,,1개,미포함,,,,노트북용 / DDR5 / 4800MHz (PC5-38400) / 램개수: 1개 / 히트싱크: 미포함,2022/04,ok,
2026-10-04T01:48:11+00:00,17666252,삼성전자 노트북 DDR5-4800 (32GB),https://prod.danawa.com/info/?pcode=17666252&cate=112752,노트북용,DDR5,32GB,4800MHz (PC5-38400),,,1개,미포함,,,,노트북용 / DDR5 / 4800MHz (PC5-38400) / 램개수: 1개 / 히트싱크: 미포함,2022/06,ok,
2026-10-04T01:48:11+00:00,17666243,삼성전자 노트북 DDR5-4800 (8GB),https://prod.danawa.com/info/?pcode=17666243&cate=112752,노트북용,DDR5,8GB,4800MHz (PC5-38400),,,1개,미포함,,,,노트북용 / DDR5 / 4800MHz (PC5-38400) / 램개수: 1개 / 히트싱크: 미포함,2022/03,ok,
2026-10-04T01:48:11+00:00,16891118,삼성전자 노트북 DDR5-4800 병행수입 (16GB),https://prod.danawa.com/info/?pcode=16891118&cate=112752,노트북용,DDR5,16GB,4800MHz (PC5-38400),,,1개,미포함,,,,노트북용 / DDR5 / 4800MHz (PC5-38400) / 램개수: 1개 / 히트싱크: 미포함,2022/04,ok,
2026-10-04T01:48:11+00:00,17197934,삼성전자 노트북 DDR5-4800 병행수입 (32GB),https://prod.danawa.com/info/?pcode=17197934&cate=112752,노트북용,DDR5,32GB,4800MHz (PC5-38400),,,1개,미포함,,,,노트북용 / DDR5 / 4800MHz (PC5-38400) / 램개수: 1개 / 히트싱크: 미포함,2022/06,ok,
2026-10-04T01:48:11+00:00,16686116,삼성전자 노트북 DDR5-4800 병행수입 (8GB),https://prod.danawa.com/info/?pcode=16686116&cate=112752,노트북용,DDR5,8GB,4800MHz (PC5-38400),,,1개,미포함,,,,노트북용 / DDR5 / 4800MHz (PC5-38400) / 램개수: 1개 / 히트싱크: 미포함,2022/03,ok,
2026-10-04T01:48:11+00:00,27918203,삼성전자 노트북 DDR5-4800 중고 (16GB),https://prod.danawa.com/info/?pcode=27918203&cate=112752,노트북용,DDR5,16GB,4800MHz (PC5-38400),,,1개,미포함,,,,노트북용 / DDR5 / 4800MHz (PC5-38400) / 램개수: 1개 / 히트싱크: 미포함 / 노트북 탈거 제품 등 상세정보 판매처 확인요망,2022/03,ok,
2026-10-04T01:48:11+00:00,16633067,삼성전자 노트북 DDR5-4800 중고 (8GB),https://prod.danawa.com/info/?pcode=16633067&cate=112752,노트북용,DDR5,8GB,4800MHz (PC5-38400),,,1개,미포함,,,,노트북용 / DDR5 / 4800MHz (PC5-38400) / 램개수: 1개 / 히트싱크: 미포함 / 노트북 탈거 제품 등 상세정보 판매처 확인요망,2022/03,ok,
2026-10-04T01:48:11+00:00,19952972,삼성전자 노트북 DDR5-5600 (16GB),https://prod.danawa.com/info/?pcode=19952972&cate=112752,노트북용,DDR5,16GB,5600MHz (PC5-44800),,,1개,미포함,,,,노트북용 / DDR5 / 5600MHz (PC5-44800) / 램개수: 1개 / 히트싱크: 미포함,2023/04,ok,
2026-10-04T01:48:11+00:00,20629313,삼성전자 노트북 DDR5-5600 (32GB),https://prod.danawa.com/info/?pcode=20629313&cate=112752,노트북용,DDR5,32GB,5600MHz (PC5-44800),,,1개,미포함,,,,노트북용 / DDR5 / 5600MHz (PC5-44800) / 램개수: 1개 / 히트싱크: 미포함,2023/04,ok,
2026-10-04T01:48:11+00:00,19953029,삼성전자 노트북 DDR5-5600 (8GB),https://prod.danawa.com/info/?pcode=19953029&cate=112752,노트북용,DDR5,8GB,5600MHz (PC5-44800),,,1개,미포함,,,,노트북용 / DDR5 / 5600MHz (PC5-44800) / 램개수: 1개 / 히트싱크: 미포함,2023/04,ok,
2026-10-04T01:48:11+00:00,76331690,삼성전자 노트북 DDR5-5600 중고 (16GB),https://prod.danawa.com/info/?pcode=76331690&cate=112752,노트북용,DDR5,16GB,5600MHz (PC5-44800),,,1개,미포함,,,,노트북용 / DDR5 / 5600MHz (PC5-44800) / 램개수: 1개 / 히트싱크: 미포함,2023/04,ok,
2026-10-04T01:48:11+00:00,123799310,삼성전자 노트북 DDR5-5600 중고 (32GB),https://prod.danawa.com/info/?pcode=123799310&cate=112752,노트북용,DDR5,32GB,5600MHz (PC5-44800),,,1개,미포함,,,,노트북용 / DDR5 / 5600MHz (PC5-44800) / 램개수: 1개 / 히트싱크: 미포함,2023/04,ok,
2026-10-04T01:48:11+00:00,28609379,삼성전자 노트북 DDR5-5600 중고 (8GB),https://prod.danawa.com/info/?pcode=28609379&cate=112752,노트북용,DDR5,8GB,5600MHz (PC5-44800),,,1개,미포함,,,,노트북용 / DDR5 / 5600MHz (PC5-44800) / 램개수: 1개 / 히트싱크: 미포함,2023/04,ok,
2026-10-04T01:48:11+00:00,10639095,써멀테이크 DDR4-3600 CL18 TOUGHRAM RGB 화이트 패키지 (16GB(8Gx2)),https://prod.danawa.com/info/?pcode=10639095&cate=112752,데스크탑용,DDR4,16GB(8Gx2),3600MHz (PC4-28800),CL18,1.35V,2개,방열판,RGB,,XMP,"데스크탑용 / DDR4 / 3600MHz (PC4-28800) / 램타이밍: CL18 / 1.35V / 램개수: 2개 / LED 라이트 / XMP / 히트싱크: 방열판 / 방열판 색상: 화이트 / LED색상: RGB / LED 시스템: AURA SYNC , MYSTIC LIGHT , RGB FUSION , POLYCHROME , RAZER CHROMA , TT RGB PLUS",2020/02,ok,
2026-10-04T01:48:11+00:00,108411704,써멀테이크 DDR4-3600 CL18 TOUGHRAM XG RGB 화이트 패키지 (16GB(8Gx2)),https://prod.danawa.com/info/?pcode=108411704&cate=112752,데스크탑용,DDR4,16GB(8Gx2),3600MHz (PC4-28800),CL18-22-22-42,1.35V,2개,방열판,RGB,,XMP,"데스크탑용 / DDR4 / 3600MHz (PC4-28800) / 램타이밍: CL18-22-22-42 / 1.35V / 램개수: 2개 / LED 라이트 / XMP / 히트싱크: 방열판 / 방열판 색상: 화이트 / LED색상: RGB / LED 시스템: AURA SYNC , MYSTIC LIGHT , RGB FUSION , POLYCHROME , TT RGB PLUS",2026/03,ok,
2026-10-04T01:48:11+00:00,104616377,써멀테이크 DDR5-5600 CL36 TOUGHRAM RC 패키지 (32GB(16Gx2)),https://prod.danawa.com/info/?pcode=104616377&cate=112752,데스크탑용,DDR5,32GB(16Gx2),5600MHz (PC5-44800),CL36-36-36-76,1.25V,2개,방열판,,41mm,XMP3.0 / EXPO / 온다이ECC,데스크탑용 / DDR5 / 5600MHz (PC5-44800) / 램타이밍: CL36-36-36-76 / 1.25V / 램개수: 2개 / XMP3.0 / EXPO / 온다이ECC / 히트싱크: 방열판 / 방열판 색상: 블랙 / 높이: 41mm,2026/01,ok,
2026-10-04T01:48:11+00:00,58939463,써멀테이크 DDR5-6400 CL32 TOUGHRAM RGB 블랙 패키지 (32GB(16Gx2)),https://prod.danawa.com/info/?pcode=58939463&cate=112752,데스크탑용,DDR5,32GB(16Gx2),6400MHz (PC5-51200),CL32-40-40-84,1.40V,2개,방열판,RGB,,XMP3.0 / EXPO / 온다이ECC,데스크탑용 / DDR5 / 6400MHz (PC5-51200) / 램타이밍: CL32-40-40-84 / 1.40V / 램개수: 2개 / LED 라이트 / XMP3.0 / EXPO / 온다이ECC / 히트싱크: 방열판 / 방열판 색상: 블랙 / LED색상: RGB / LED 시스템: TT RGB PLUS,2024/07,ok,
2026-10-04T01:48:11+00:00,48480317,아이티젠 DDR3-1333 (8GB),https://prod.danawa.com/info/?pcode=48480317&cate=112752,데스크탑용,DDR3,8GB,1333MHz (PC3-10600),,1.50V,1개,미포함,,,,데스크탑용 / DDR3 / 1333MHz (PC3-10600) / 1.50V / 램개수: 1개 / 히트싱크: 미포함,2024/04,ok,
2026-10-04T01:48:11+00:00,47840942,아이티젠 DDR3-1600 (8GB),https://prod.danawa.com/info/?pcode=47840942&cate=112752,데스크탑용,DDR3,8GB,1600MHz (PC3-12800),,1.50V,1개,미포함,,,,데스크탑용 / DDR3 / 1600MHz (PC3-12800) / 1.50V / 램개수: 1개 / 히트싱크: 미포함,2024/04,ok,
2026-10-04T01:48:11+00:00,54481355,아이티젠 DDR3-1600 1.35V (8GB),https://prod.danawa.com/info/?pcode=54481355&cate=112752,데스크탑용,DDR3,8GB,1600MHz (PC3-12800),,1.35V,1개,미포함,,,,데스크탑용 / DDR3 / 1600MHz (PC3-12800) / 1.35V / 램개수: 1개 / 히트싱크: 미포함,2024/05,ok,
2026-10-04T01:48:11+00:00,68537399,아이티젠 DDR4-2133 (16GB),https://prod.danawa.com/info/?pcode=68537399&cate=112752,데스크탑용,DDR4,16GB,2133MHz (PC4-17000),,,1개,,,,,데스크탑용 / DDR4 / 2133MHz (PC4-17000) / 램개수: 1개 / 모듈제조사: 삼성전자,2024/10,ok,
2026-10-04T01:48:11+00:00,68537456,아이티젠 DDR4-2400 (16GB),https://prod.danawa.com/info/?pcode=68537456&cate=112752,데스크탑용,DDR4,16GB,2400MHz (PC4-19200),,,1개,,,,,데스크탑용 / DDR4 / 2400MHz (PC4-19200) / 램개수: 1개,2024/10,ok,
2026-10-04T01:48:11+00:00,54481856,아이티젠 DDR4-2666 (16GB),https://prod.danawa.com/info/?pcode=54481856&cate=112752,데스크탑용,DDR4,16GB,2666MHz (PC4-21300),,,1개,,,,,데스크탑용 / DDR4 / 2666MHz (PC4-21300) / 램개수: 1개,2024/05,ok,
2026-10-04T01:48:11+00:00,54482183,아이티젠 DDR4-3200 (16GB),https://prod.danawa.com/info/?pcode=54482183&cate=112752,데스크탑용,DDR4,16GB,3200MHz (PC4-25600),,,1개,,,,,데스크탑용 / DDR4 / 3200MHz (PC4-25600) / 램개수: 1개,2024/05,ok,
2026-10-04T01:48:11+00:00,92679131,아이티젠 DDR4-3200 (32GB),https://prod.danawa.com/info/?pcode=92679131&cate=112752,데스크탑용,DDR4,32GB,3200MHz (PC4-25600),,,1개,미포함,,,,데스크탑용 / DDR4 / 3200MHz (PC4-25600) / 램개수: 1개 / 히트싱크: 미포함,2024/05,ok,
2026-10-04T01:48:11+00:00,54482201,아이티젠 DDR4-3200 (8GB),https://prod.danawa.com/info/?pcode=54482201&cate=112752,데스크탑용,DDR4,8GB,3200MHz (PC4-25600),,,1개,,,,,데스크탑용 / DDR4 / 3200MHz (PC4-25600) / 램개수: 1개,2024/05,ok,
2026-10-04T01:48:11+00:00,54481535,아이티젠 노트북 DDR3-1333 1.5V (8GB),https://prod.danawa.com/info/?pcode=54481535&cate=112752,노트북용,DDR3,8GB,1600MHz (PC3-12800),,1.50V,1개,미포함,,,,노트북용 / DDR3 / 1600MHz (PC3-12800) / 1.50V / 램개수: 1개 / 히트싱크: 미포함,2024/05,ok,
2026-10-04T01:48:11+00:00,54481385,아이티젠 노트북 DDR3-1600 1.35V (8GB),https://prod.danawa.com/info/?pcode=54481385&cate=112752,노트북용,DDR3,8GB,1600MHz (PC3-12800),,1.35V,1개,미포함,,,,노트북용 / DDR3 / 1600MHz (PC3-12800) / 1.35V / 램개수: 1개 / 히트싱크: 미포함,2024/05,ok,
2026-10-04T01:48:11+00:00,54481580,아이티젠 노트북 DDR3-1600 1.5V (8GB),https://prod.danawa.com/info/?pcode=54481580&cate=112752,노트북용,DDR3,8GB,1600MHz (PC3-12800),,1.50V,1개,미포함,,,,노트북용 / DDR3 / 1600MHz (PC3-12800) / 1.50V / 램개수: 1개 / 히트싱크: 미포함,2024/05,ok,
2026-10-04T01:48:11+00:00,68538869,아이티젠 노트북 DDR4-2400 (16GB),https://prod.danawa.com/info/?pcode=68538869&cate=112752,노트북용,DDR4,16GB,2400MHz (PC4-19200),,,1개,,,,,노트북용 / DDR4 / 2400MHz (PC4-19200) / 램개수: 1개,2024/10,ok,
2026-10-04T01:48:11+00:00,54481916,아이티젠 노트북 DDR4-2666 (16GB),https://prod.danawa.com/info/?pcode=54481916&cate=112752,노트북용,DDR4,16GB,2666MHz (PC4-21300),,,1개,,,,,노트북용 / DDR4 / 2666MHz (PC4-21300) / 램개수: 1개,2024/05,ok,
2026-10-04T01:48:11+00:00,54481937,아이티젠 노트북 DDR4-2666 (8GB),https://prod.danawa.com/info/?pcode=54481937&cate=112752,노트북용,DDR4,8GB,2666MHz (PC4-21300),,,1개,,,,,노트북용 / DDR4 / 2666MHz (PC4-21300) / 램개수: 1개,2024/05,ok,
2026-10-04T01:48:11+00:00,54482174,아이티젠 노트북 DDR4-3200 (16GB),https://prod.danawa.com/info/?pcode=54482174&cate=112752,노트북용,DDR4,16GB,3200MHz (PC4-25600),,,1개,,,,,노트북용 / DDR4 / 3200MHz (PC4-25600) / 램개수: 1개,2024/05,ok,
2026-10-04T01:48:11+00:00,54482195,아이티젠 노트북 DDR4-3200 (8GB),https://prod.danawa.com/info/?pcode=54482195&cate=112752,노트북용,DDR4,8GB,3200MHz (PC4-25600),,,1개,,,,,노트북용 / DDR4 / 3200MHz (PC4-25600) / 램개수: 1개,2024/05,ok,
2026-10-04T01:48:11+00:00,101186585,에이서 DDR5-4800 CL40 UD200 (16GB),https://prod.danawa.com/info/?pcode=101186585&cate=112752,데스크탑용,DDR5,16GB,4800MHz (PC5-38400),CL40-39-39-77,1.10V,1개,미포함,,31.2mm,온다이ECC,데스크탑용 / DDR5 / 4800MHz (PC5-38400) / 램타이밍: CL40-39-39-77 / 1.10V / 램개수: 1개 / 온다이ECC / 히트싱크: 미포함 / 높이: 31.2mm,2025/11,ok,
2026-10-04T01:48:11+00:00,101186612,에이서 DDR5-5600 CL46 UD200 (16GB),https://prod.danawa.com/info/?pcode=101186612&cate=112752,데스크탑용,DDR5,16GB,5600MHz (PC5-44800),CL46-45-45-90,1.10V,1개,미포함,,31.2mm,온다이ECC,데스크탑용 / DDR5 / 5600MHz (PC5-44800) / 램타이밍: CL46-45-45-90 / 1.10V / 램개수: 1개 / 온다이ECC / 히트싱크: 미포함 / 높이: 31.2mm,2025/11,ok,
2026-10-04T01:48:11+00:00,104615258,옵티머스 DDR4-3200 아인스시스템 (16GB),https://prod.danawa.com/info/?pcode=104615258&cate=112752,데스크탑용,DDR4,16GB,3200MHz (PC4-25600),CL22-22-22-52,1.20V,1개,미포함,,,,데스크탑용 / DDR4 / 3200MHz (PC4-25600) / 램타이밍: CL22-22-22-52 / 1.20V / 램개수: 1개 / 히트싱크: 미포함,2026/01,ok,
2026-10-04T01:48:11+00:00,104615234,옵티머스 DDR4-3200 아인스시스템 (8GB),https://prod.danawa.com/info/?pcode=104615234&cate=112752,데스크탑용,DDR4,8GB,3200MHz (PC4-25600),CL22-22-22-52,1.20V,1개,미포함,,,,데스크탑용 / DDR4 / 3200MHz (PC4-25600) / 램타이밍: CL22-22-22-52 / 1.20V / 램개수: 1개 / 히트싱크: 미포함,2026/01,ok,
2026-10-04T01:48:11+00:00,107770946,옵티머스 DDR5-5600 아인스시스템 (16GB),https://prod.danawa.com/info/?pcode=107770946&cate=112752,데스크탑용,DDR5,16GB,5600MHz (PC5-44800),CL46-45-45,1.10V,1개,미포함,,,,데스크탑용 / DDR5 / 5600MHz (PC5-44800) / 램타이밍: CL46-45-45 / 1.10V / 램개수: 1개 / 히트싱크: 미포함,2026/03,ok,
2026-10-04T01:48:11+00:00,8540462,이메이션 DDR3-1600 CL11 (4GB),https://prod.danawa.com/info/?pcode=8540462&cate=112752,데스크탑용,DDR3,4GB,1600MHz (PC3-12800),CL11-11-11,1.50V,1개,미포함,,,,데스크탑용 / DDR3 / 1600MHz (PC3-12800) / 램타이밍: CL11-11-11 / 1.50V / 램개수: 1개 / 히트싱크: 미포함,2019/07,ok,
2026-10-04T01:48:11+00:00,8540480,이메이션 DDR3-1600 CL11 (8GB),https://prod.danawa.com/info/?pcode=8540480&cate=112752,데스크탑용,DDR3,8GB,1600MHz (PC3-12800),CL11-11-11,1.50V,1개,미포함,,,,데스크탑용 / DDR3 / 1600MHz (PC3-12800) / 램타이밍: CL11-11-11 / 1.50V / 램개수: 1개 / 히트싱크: 미포함,2019/07,ok,
2026-10-04T01:48:11+00:00,8072551,이메이션 DDR4-2666 Black Edition (16GB),https://prod.danawa.com/info/?pcode=8072551&cate=112752,데스크탑용,DDR4,16GB,2666MHz (PC4-21300),CL19-19-19-43,1.20V,1개,방열판,,,,데스크탑용 / DDR4 / 2666MHz (PC4-21300) / 램타이밍: CL19-19-19-43 / 1.20V / 램개수: 1개 / 히트싱크: 방열판 / 방열판 색상: 블랙,2019/06,ok,
2026-10-04T01:48:11+00:00,15860627,이메이션 DDR4-3200 CL22 (32GB),https://prod.danawa.com/info/?pcode=15860627&cate=112752,데스크탑용,DDR4,32GB,3200MHz (PC4-25600),CL22-22-22-52,1.20V,1개,미포함,,,,데스크탑용 / DDR4 / 3200MHz (PC4-25600) / 램타이밍: CL22-22-22-52 / 1.20V / 램개수: 1개 / 히트싱크: 미포함 / 제조국: 대만,2021/12,ok,
2026-10-04T01:48:11+00:00,10495692,이메이션 DDR4-3200 CL22 (8GB),https://prod.danawa.com/info/?pcode=10495692&cate=112752,데스크탑용,DDR4,8GB,3200MHz (PC4-25600),CL22-22-22-52,1.20V,1개,미포함,,,,데스크탑용 / DDR4 / 3200MHz (PC4-25600) / 램타이밍: CL22-22-22-52 / 1.20V / 램개수: 1개 / 히트싱크: 미포함 / 제조국: 대만,2020/02,ok,
2026-10-04T01:48:11+00:00,94450646,이메이션 DDR4-3200 CL22-22-22-52 (16GB),https://prod.danawa.com/info/?pcode=94450646&cate=112752,데스크탑용,DDR4,16GB,3200MHz (PC4-25600),CL22-22-22-52,1.20V,1개,미포함,,31.25mm,,데스크탑용 / DDR4 / 3200MHz (PC4-25600) / 램타이밍: CL22-22-22-52 / 1.20V / 램개수: 1개 / 히트싱크: 미포함 / 높이: 31.25mm / 제조국: 중국,2025/07,ok,
2026-10-04T01:48:11+00:00,94450610,이메이션 DDR4-3200 CL22-22-22-52 (32GB),https://prod.danawa.com/info/?pcode=94450610&cate=112752,데스크탑용,DDR4,32GB,3200MHz (PC4-25600),CL22-22-22-52,1.20V,1개,미포함,,31.25mm,,데스크탑용 / DDR4 / 3200MHz (PC4-25600) / 램타이밍: CL22-22-22-52 / 1.20V / 램개수: 1개 / 히트싱크: 미포함 / 높이: 31.25mm / 제조국: 중국,2025/07,ok,
2026-10-04T01:48:11+00:00,94450658,이메이션 DDR4-3200 CL22-22-22-52 (8GB),https://prod.danawa.com/info/?pcode=94450658&cate=112752,데스크탑용,DDR4,8GB,3200MHz (PC4-25600),CL22-22-22-52,1.20V,1개,미포함,,31.25mm,,데스크탑용 / DDR4 / 3200MHz (PC4-25600) / 램타이밍: CL22-22-22-52 / 1.20V / 램개수: 1개 / 히트싱크: 미포함 / 높이: 31.25mm / 제조국: 중국,2025/07,ok,
2026-10-04T01:48:11+00:00,94450400,이메이션 DDR5-5600 CL46-46-46 (16GB),https://prod.danawa.com/info/?pcode=94450400&cate=112752,데스크탑용,DDR5,16GB,5600MHz (PC5-44800),CL46-46-46,1.10V,1개,미포함,,31.25mm,온다이ECC,데스크탑용 / DDR5 / 5600MHz (PC5-44800) / 램타이밍: CL46-46-46 / 1.10V / 램개수: 1개 / 온다이ECC / 히트싱크: 미포함 / 높이: 31.25mm / 제조국: 중국,2025/07,ok,
2026-10-04T01:48:11+00:00,94450724,이메이션 노트북 DDR4-3200 CL22-22-22-52 (16GB),https://prod.danawa.com/info/?pcode=94450724&cate=112752,노트북용,DDR4,16GB,3200MHz (PC4-25600),CL22-22-22-52,1.20V,1개,미포함,,30mm,,노트북용 / DDR4 / 3200MHz (PC4-25600) / 램타이밍: CL22-22-22-52 / 1.20V / 램개수: 1개 / 히트싱크: 미포함 / 높이: 30mm / 제조국: 중국,2025/07,ok,
2026-10-04T01:48:11+00:00,61442444,이메이션 노트북 DDR5-5600 CL46 (16GB),https://prod.danawa.com/info/?pcode=61442444&cate=112752,노트북용,DDR5,16GB,5600MHz (PC5-44800),CL46-46-46,1.10V,1개,미포함,,30mm,온다이ECC,노트북용 / DDR5 / 5600MHz (PC5-44800) / 램타이밍: CL46-46-46 / 1.10V / 램개수: 1개 / 온다이ECC / 히트싱크: 미포함 / 높이: 30mm / 모듈제조사: SK하이닉스 / 제조국: 대만,2024/07,ok,
2026-10-04T01:48:11+00:00,94450436,이메이션 노트북 DDR5-5600 CL46-46-46 (16GB),https://prod.danawa.com/info/?pcode=94450436&cate=112752,노트북용,DDR5,16GB,5600MHz (PC5-44800),CL46-46-46,1.10V,1개,미포함,,30mm,온다이ECC,노트북용 / DDR5 / 5600MHz (PC5-44800) / 램타이밍: CL46-46-46 / 1.10V / 램개수: 1개 / 온다이ECC / 히트싱크: 미포함 / 높이: 30mm / 제조국: 중국,2025/07,ok,
2026-10-04T01:48:11+00:00,123971709,지티엠코리아 DDR5-4800 (16GB),https://prod.danawa.com/info/?pcode=123971709&cate=112752,데스크탑용,DDR5,16GB,4800MHz (PC4-38400),CL46,1.10V,1개,미포함,,31.25mm,,데스크탑용 / DDR5 / 4800MHz (PC4-38400) / 램타이밍: CL46 / 1.10V / 램개수: 1개 / 히트싱크: 미포함 / 높이: 31.25mm,2026/08,ok,
2026-10-04T01:48:11+00:00,79408817,커널앤코어 DDR5-5600 CL46 (16GB),https://prod.danawa.com/info/?pcode=79408817&cate=112752,데스크탑용,DDR5,16GB,5600MHz (PC5-44800),CL46-45-45-90,1.10V,1개,미포함,,,,데스크탑용 / DDR5 / 5600MHz (PC5-44800) / 램타이밍: CL46-45-45-90 / 1.10V / 램개수: 1개 / 히트싱크: 미포함,2025/04,ok,
2026-10-04T01:48:11+00:00,88136900,커널앤코어 노트북용 DDR4-3200 CL22 (4GB),https://prod.danawa.com/info/?pcode=88136900&cate=112752,노트북용,DDR4,4GB,3200MHz (PC4-25600),CL22,,1개,미포함,,31mm,,노트북용 / DDR4 / 3200MHz (PC4-25600) / 램타이밍: CL22 / 램개수: 1개 / 히트싱크: 미포함 / 높이: 31mm,2025/04,ok,
2026-10-04T01:48:11+00:00,88136876,커널앤코어 노트북용 DDR4-3200 CL22 (8GB),https://prod.danawa.com/info/?pcode=88136876&cate=112752,노트북용,DDR4,8GB,3200MHz (PC4-25600),CL22,,1개,미포함,,31mm,,노트북용 / DDR4 / 3200MHz (PC4-25600) / 램타이밍: CL22 / 램개수: 1개 / 히트싱크: 미포함 / 높이: 31mm,2025/04,ok,
2026-10-04T01:48:11+00:00,123743017,컴이지 킹덤 DDR4-2666 CL19 (16GB),https://prod.danawa.com/info/?pcode=123743017&cate=112752,데스크탑용,DDR4,16GB,2666MHz (PC3-21300),CL19-19-19-43,1.20V,1개,미포함,,31.24mm,,데스크탑용 / DDR4 / 2666MHz (PC3-21300) / 램타이밍: CL19-19-19-43 / 1.20V / 램개수: 1개 / 히트싱크: 미포함 / 높이: 31.24mm,2026/08,ok,
2026-10-04T01:48:11+00:00,104045429,컴이지 킹덤 DDR4-3200 CL22 (16GB),https://prod.danawa.com/info/?pcode=104045429&cate=112752,데스크탑용,DDR4,16GB,3200MHz (PC4-25600),CL22-22-22-52,1.20V,1개,,,31mm,,데스크탑용 / DDR4 / 3200MHz (PC4-25600) / 램타이밍: CL22-22-22-52 / 1.20V / 램개수: 1개 / 높이: 31mm,2026/01,ok,
2026-10-04T01:48:11+00:00,122629732,컴이지 킹덤 DDR4-3200 CL22 (8GB),https://prod.danawa.com/info/?pcode=122629732&cate=112752,데스크탑용,DDR4,8GB,3200MHz (PC4-25600),CL22-22-22-52,1.20V,1개,,,31mm,,데스크탑용 / DDR4 / 3200MHz (PC4-25600) / 램타이밍: CL22-22-22-52 / 1.20V / 램개수: 1개 / 높이: 31mm,2026/01,ok,
2026-10-04T01:48:11+00:00,104571350,컴이지 킹덤 DDR5-5600 CL46 (16GB),https://prod.danawa.com/info/?pcode=104571350&cate=112752,데스크탑용,DDR5,16GB,5600MHz (PC5-44800),CL46-46-46-90,1.10V,1개,,,31mm,온다이ECC,데스크탑용 / DDR5 / 5600MHz (PC5-44800) / 램타이밍: CL46-46-46-90 / 1.10V / 램개수: 1개 / 온다이ECC / 높이: 31mm,2026/01,ok,
2026-10-04T01:48:11+00:00,122689882,컴이지 킹덤 노트북 DDR4-3200 CL22 (16GB),https://prod.danawa.com/info/?pcode=122689882&cate=112752,노트북용,DDR4,16GB,3200MHz (PC4-25600),CL22-22-22-52,,1개,미포함,,,,노트북용 / DDR4 / 3200MHz (PC4-25600) / 램타이밍: CL22-22-22-52 / 램개수: 1개 / 히트싱크: 미포함,2026/06,ok,
2026-10-04T01:48:11+00:00,122705973,컴이지 킹덤 노트북 DDR4-3200 CL22 (8GB),https://prod.danawa.com/info/?pcode=122705973&cate=112752,노트북용,DDR4,8GB,3200MHz (PC4-25600),CL22-22-22-52,,1개,미포함,,,,노트북용 / DDR4 / 3200MHz (PC4-25600) / 램타이밍: CL22-22-22-52 / 램개수: 1개 / 히트싱크: 미포함,2026/06,ok,
2026-10-04T01:48:11+00:00,99543740,코오롱 시리즈 G.SKILL Ripjaws DDR3 SO DIMM DDR3L RAM 16GB 2x8GB 1600MT s CL9 9 28 ..,https://prod.danawa.com/info/?pcode=99543740&cate=112752,,,,,,,,,,,,조끼 / 가디건/니트/조끼 / 남성용,2025/10,ok,
2026-10-04T01:48:11+00:00,2375179,킹스톤 DDR3-1600 (8GB),https://prod.danawa.com/info/?pcode=2375179&cate=112752,데스크탑용,DDR3,8GB,1600MHz (PC3-12800),,1.50V,1개,미포함,,,,데스크탑용 / DDR3 / 1600MHz (PC3-12800) / 1.50V / 램개수: 1개 / 히트싱크: 미포함 / 동작전압: 1.5V,2013/12,ok,
2026-10-04T01:48:11+00:00,7013617,킹스톤 DDR4-2666 (4GB),https://prod.danawa.com/info/?pcode=7013617&cate=112752,데스크탑용,DDR4,4GB,2666MHz (PC4-21300),CL19,1.20V,1개,미포함,,,,데스크탑용 / DDR4 / 2666MHz (PC4-21300) / 램타이밍: CL19 / 1.20V / 램개수: 1개 / 히트싱크: 미포함,2019/01,ok,
2026-10-04T01:48:11+00:00,7013641,킹스톤 DDR4-2666 (8GB),https://prod.danawa.com/info/?pcode=7013641&cate=112752,데스크탑용,DDR4,8GB,2666MHz (PC4-21300),CL19,1.20V,1개,미포함,,,,데스크탑용 / DDR4 / 2666MHz (PC4-21300) / 램타이밍: CL19 / 1.20V / 램개수: 1개 / 히트싱크: 미포함,2019/01,ok,
2026-10-04T01:48:11+00:00,101628701,킹스톤 DDR5-5600 CL46 중고 (8GB),https://prod.danawa.com/info/?pcode=101628701&cate=112752,데스크탑용,DDR5,8GB,5600MHz (PC5-44800),CL46,,1개,미포함,,,온다이ECC,데스크탑용 / DDR5 / 5600MHz (PC5-44800) / 램타이밍: CL46 / 램개수: 1개 / 온다이ECC / 히트싱크: 미포함,2023/07,ok,
2026-10-04T01:48:11+00:00,96773492,킹스톤 DDR5-5600 CL46 코잇 (16GB),https://prod.danawa.com/info/?pcode=96773492&cate=112752,데스크탑용,DDR5,16GB,5600MHz (PC5-44800),CL46-45-45,1.10V,1개,미포함,,31.25mm,온다이ECC,데스크탑용 / DDR5 / 5600MHz (PC5-44800) / 램타이밍: CL46-45-45 / 1.10V / 램개수: 1개 / 온다이ECC / 히트싱크: 미포함 / 높이: 31.25mm,2025/08,ok,
2026-10-04T01:48:11+00:00,96773477,킹스톤 DDR5-5600 CL46 코잇 (32GB),https://prod.danawa.com/info/?pcode=96773477&cate=112752,데스크탑용,DDR5,32GB,5600MHz (PC5-44800),CL46-45-45,1.10V,1개,미포함,,31.25mm,온다이ECC,데스크탑용 / DDR5 / 5600MHz (PC5-44800) / 램타이밍: CL46-45-45 / 1.10V / 램개수: 1개 / 온다이ECC / 히트싱크: 미포함 / 높이: 31.25mm,2025/08,ok,
2026-10-04T01:48:11+00:00,16761047,킹스톤 FURY DDR5-5200 CL40 Beast (16GB),https://prod.danawa.com/info/?pcode=16761047&cate=112752,데스크탑용,DDR5,16GB,5200MHz (PC5-41600),CL40,1.25V,1개,방열판,,34.9mm,XMP3.0 / 온다이ECC,데스크탑용 / DDR5 / 5200MHz (PC5-41600) / 램타이밍: CL40 / 1.25V / 램개수: 1개 / XMP3.0 / 온다이ECC / 히트싱크: 방열판 / 방열판 색상: 블랙 / 높이: 34.9mm,2022/04,ok,
2026-10-04T01:48:11+00:00,104751425,킹스톤 FURY DDR5-5600 CL36 Beast 블랙 병행수입 (32GB),https://prod.danawa.com/info/?pcode=104751425&cate=112752,데스크탑용,DDR5,32GB,5600MHz (PC5-44800),CL36-38-38,1.25V,1개,방열판,,34.9mm,XMP3.0 / EXPO / 온다이ECC,데스크탑용 / DDR5 / 5600MHz (PC5-44800) / 램타이밍: CL36-38-38 / 1.25V / 램개수: 1개 / XMP3.0 / EXPO / 온다이ECC / 히트싱크: 방열판 / 방열판 색상: 블랙 / 높이: 34.9mm,2026/01,ok,
2026-10-04T01:48:11+00:00,96773372,킹스톤 FURY DDR5-5600 CL36 Beast 블랙 코잇 (16GB),https://prod.danawa.com/info/?pcode=96773372&cate=112752,데스크탑용,DDR5,16GB,5600MHz (PC5-44800),CL36-38-38,1.25V,1개,방열판,,34.9mm,XMP3.0 / EXPO / 온다이ECC,데스크탑용 / DDR5 / 5600MHz (PC5-44800) / 램타이밍: CL36-38-38 / 1.25V / 램개수: 1개 / XMP3.0 / EXPO / 온다이ECC / 히트싱크: 방열판 / 방열판 색상: 블랙 / 높이: 34.9mm,2025/08,ok,
2026-10-04T01:48:11+00:00,100192370,킹스톤 FURY DDR5-5600 CL36 Beast 블랙 코잇 (32GB),https://prod.danawa.com/info/?pcode=100192370&cate=112752,데스크탑용,DDR5,32GB,5600MHz (PC5-44800),CL36-38-38,1.25V,1개,방열판,,34.9mm,XMP3.0 / EXPO / 온다이ECC,데스크탑용 / DDR5 / 5600MHz (PC5-44800) / 램타이밍: CL36-38-38 / 1.25V / 램개수: 1개 / XMP3.0 / EXPO / 온다이ECC / 히트싱크: 방열판 / 방열판 색상: 블랙 / 높이: 34.9mm,2025/08,ok,
2026-10-04T01:48:11+00:00,96773399,킹스톤 FURY DDR5-5600 CL36 Beast 화이트 코잇 (16GB),https://prod.danawa.com/info/?pcode=96773399&cate=112752,데스크탑용,DDR5,16GB,5600MHz (PC5-44800),CL36-38-38,1.25V,1개,방열판,,34.9mm,XMP3.0 / EXPO / 온다이ECC,데스크탑용 / DDR5 / 5600MHz (PC5-44800) / 램타이밍: CL36-38-38 / 1.25V / 램개수: 1개 / XMP3.0 / EXPO / 온다이ECC / 히트싱크: 방열판 / 방열판 색상: 화이트 / 높이: 34.9mm,2025/08,ok,
2026-10-04T01:48:11+00:00,100192376,킹스톤 FURY DDR5-5600 CL36 Beast 화이트 코잇 (32GB),https://prod.danawa.com/info/?pcode=100192376&cate=112752,데스크탑용,DDR5,32GB,5600MHz (PC5-44800),CL36-38-38,1.25V,1개,방열판,,34.9mm,XMP3.0 / EXPO / 온다이ECC,데스크탑용 / DDR5 / 5600MHz (PC5-44800) / 램타이밍: CL36-38-38 / 1.25V / 램개수: 1개 / XMP3.0 / EXPO / 온다이ECC / 히트싱크: 방열판 / 방열판 색상: 화이트 / 높이: 34.9mm,2025/08,ok,
2026-10-04T01:48:11+00:00,106223162,킹스톤 FURY DDR5-5600 CL40 Beast 블랙 병행수입 (16GB),https://prod.danawa.com/info/?pcode=106223162&cate=112752,데스크탑용,DDR5,16GB,5600MHz (PC5-44800),CL40,,1개,방열판,,,,데스크탑용 / DDR5 / 5600MHz (PC5-44800) / 램타이밍: CL40 / 램개수: 1개 / 히트싱크: 방열판 / 방열판 색상: 블랙,2026/02,ok,
2026-10-04T01:48:11+00:00,106223180,킹스톤 FURY DDR5-5600 CL46 Beast 블랙 병행수입 (16GB),https://prod.danawa.com/info/?pcode=106223180&cate=112752,데스크탑용,DDR5,16GB,5600MHz (PC5-44800),CL46,,1개,방열판,,,,데스크탑용 / DDR5 / 5600MHz (PC5-44800) / 램타이밍: CL46 / 램개수: 1개 / 히트싱크: 방열판 / 방열판 색상: 블랙,2026/02,ok,
2026-10-04T01:48:11+00:00,104595902,킹스톤 FURY DDR5-5600 CL46 병행수입 (32GB),https://prod.danawa.com/info/?pcode=104595902&cate=112752,데스크탑용,DDR5,32GB,5600MHz (PC5-44800),CL46-45-45,1.10V,1개,미포함,,31.25mm,온다이ECC,데스크탑용 / DDR5 / 5600MHz (PC5-44800) / 램타이밍: CL46-45-45 / 1.10V / 램개수: 1개 / 온다이ECC / 히트싱크: 미포함 / 높이: 31.25mm,2026/01,ok,
2026-10-04T01:48:11+00:00,96773279,킹스톤 FURY DDR5-6000 CL30 Beast RGB 블랙 패키지 코잇 (32GB(16Gx2)),https://prod.danawa.com/info/?pcode=96773279&cate=112752,데스크탑용,DDR5,32GB(16Gx2),6000MHz (PC5-48000),CL30-36-36,1.40V,2개,방열판,RGB,42.23mm,XMP / EXPO / 온다이ECC,"데스크탑용 / DDR5 / 6000MHz (PC5-48000) / 램타이밍: CL30-36-36 / 1.40V / 램개수: 2개 / LED 라이트 / XMP / EXPO / 온다이ECC / 히트싱크: 방열판 / 방열판 색상: 블랙 / LED색상: RGB / LED 시스템: AURA SYNC , MYSTIC LIGHT , RGB FUSION , POLYCHROME / 높이: 42.23mm",2025/08,ok,
2026-10-04T01:48:11+00:00,96773297,킹스톤 FURY DDR5-6000 CL30 Beast RGB 블랙 패키지 코잇 (64GB(32Gx2)),https://prod.danawa.com/info/?pcode=96773297&cate=112752,데스크탑용,DDR5,64GB(32Gx2),6000MHz (PC5-48000),CL30-36-36,1.40V,2개,방열판,RGB,42.23mm,XMP / EXPO / 온다이ECC,"데스크탑용 / DDR5 / 6000MHz (PC5-48000) / 램타이밍: CL30-36-36 / 1.40V / 램개수: 2개 / LED 라이트 / XMP / EXPO / 온다이ECC / 히트싱크: 방열판 / 방열판 색상: 블랙 / LED색상: RGB / LED 시스템: AURA SYNC , MYSTIC LIGHT , RGB FUSION , POLYCHROME / 높이: 42.23mm",2025/08,ok,
2026-10-04T01:48:11+00:00,96773315,킹스톤 FURY DDR5-6000 CL30 Beast RGB 화이트 패키지 코잇 (32GB(16Gx2)),https://prod.danawa.com/info/?pcode=96773315&cate=112752,데스크탑용,DDR5,32GB(16Gx2),6000MHz (PC5-48000),CL30-36-36,1.40V,2개,방열판,RGB,42.23mm,XMP / EXPO / 온다이ECC,"데스크탑용 / DDR5 / 6000MHz (PC5-48000) / 램타이밍: CL30-36-36 / 1.40V / 램개수: 2개 / LED 라이트 / XMP / EXPO / 온다이ECC / 히트싱크: 방열판 / 방열판 색상: 화이트 / LED색상: RGB / LED 시스템: AURA SYNC , MYSTIC LIGHT , RGB FUSION , POLYCHROME / 높이: 42.23mm",2025/08,ok,
2026-10-04T01:48:11+00:00,96773312,킹스톤 FURY DDR5-6000 CL30 Beast RGB 화이트 패키지 코잇 (64GB(32Gx2)),https://prod.danawa.com/info/?pcode=96773312&cate=112752,데스크탑용,DDR5,64GB(32Gx2),6000MHz (PC5-48000),CL30-36-36,1.40V,2개,방열판,RGB,42.23mm,XMP / EXPO / 온다이ECC,"데스크탑용 / DDR5 / 6000MHz (PC5-48000) / 램타이밍: CL30-36-36 / 1.40V / 램개수: 2개 / LED 라이트 / XMP / EXPO / 온다이ECC / 히트싱크: 방열판 / 방열판 색상: 화이트 / LED색상: RGB / LED 시스템: AURA SYNC , MYSTIC LIGHT , RGB FUSION , POLYCHROME / 높이: 42.23mm",2025/08,ok,
2026-10-04T01:48:11+00:00,103753163,킹스톤 FURY DDR5-6000 CL30 Beast 블랙 코잇 (16GB),https://prod.danawa.com/info/?pcode=103753163&cate=112752,데스크탑용,DDR5,16GB,6000MHz (PC5-48000),CL30-36-36,1.40V,1개,방열판,,34.9mm,XMP / EXPO / 온다이ECC,데스크탑용 / DDR5 / 6000MHz (PC5-48000) / 램타이밍: CL30-36-36 / 1.40V / 램개수: 1개 / XMP / EXPO / 온다이ECC / 히트싱크: 방열판 / 방열판 색상: 블랙 / 높이: 34.9mm,2026/01,ok,
2026-10-04T01:48:11+00:00,103753172,킹스톤 FURY DDR5-6000 CL30 Beast 화이트 코잇 (16GB),https://prod.danawa.com/info/?pcode=103753172&cate=112752,데스크탑용,DDR5,16GB,6000MHz (PC5-48000),CL30-36-36,1.40V,1개,방열판,,34.9mm,XMP / EXPO / 온다이ECC,데스크탑용 / DDR5 / 6000MHz (PC5-48000) / 램타이밍: CL30-36-36 / 1.40V / 램개수: 1개 / XMP / EXPO / 온다이ECC / 히트싱크: 방열판 / 방열판 색상: 화이트 / 높이: 34.9mm,2026/01,ok,
2026-10-04T01:48:11+00:00,3233702,킹스톤 노트북 DDR3-1600 (8GB),https://prod.danawa.com/info/?pcode=3233702&cate=112752,노트북용,DDR3,8GB,1600MHz (PC3-12800),,1.50V,1개,미포함,,,,노트북용 / DDR3 / 1600MHz (PC3-12800) / 1.50V / 램개수: 1개 / 히트싱크: 미포함,2015/06,ok,
2026-10-04T01:48:11+00:00,123981514,킹패스트 DDR4-3200 (16GB),https://prod.danawa.com/info/?pcode=123981514&cate=112752,데스크탑용,DDR4,16GB,3200MHz (PC4-25600),CL22-22-22,1.20V,1개,미포함,,30mm,,데스크탑용 / DDR4 / 3200MHz (PC4-25600) / 램타이밍: CL22-22-22 / 1.20V / 램개수: 1개 / 히트싱크: 미포함 / 높이: 30mm,2026/08,ok,
2026-10-04T01:48:11+00:00,4546000,타무즈 DDR3-1600 CL11 (4GB),https://prod.danawa.com/info/?pcode=4546000&cate=112752,데스크탑용,DDR3,4GB,1600MHz (PC3-12800),CL11,1.50V,1개,미포함,,,,데스크탑용 / DDR3 / 1600MHz (PC3-12800) / 램타이밍: CL11 / 1.50V / 램개수: 1개 / 히트싱크: 미포함,2016/10,ok,
2026-10-04T01:48:11+00:00,4838666,타무즈 DDR3-1600 CL11 (8GB),https://prod.danawa.com/info/?pcode=4838666&cate=112752,데스크탑용,DDR3,8GB,1600MHz (PC3-12800),CL11,1.50V,1개,미포함,,,,데스크탑용 / DDR3 / 1600MHz (PC3-12800) / 램타이밍: CL11 / 1.50V / 램개수: 1개 / 히트싱크: 미포함,2017/01,ok,
2026-10-04T01:48:11+00:00,4525099,타무즈 DDR4-2133 CL15 (8GB),https://prod.danawa.com/info/?pcode=4525099&cate=112752,데스크탑용,DDR4,8GB,2133MHz (PC4-17000),CL15-15-15-36,1.20V,1개,미포함,,,,데스크탑용 / DDR4 / 2133MHz (PC4-17000) / 램타이밍: CL15-15-15-36 / 1.20V / 램개수: 1개 / 히트싱크: 미포함,2016/10,ok,
2026-10-04T01:48:11+00:00,5093440,타무즈 DDR4-2400 CL17 (8GB),https://prod.danawa.com/info/?pcode=5093440&cate=112752,데스크탑용,DDR4,8GB,2400MHz (PC4-19200),CL17-17-17-39,1.20V,1개,미포함,,,,데스크탑용 / DDR4 / 2400MHz (PC4-19200) / 램타이밍: CL17-17-17-39 / 1.20V / 램개수: 1개 / 히트싱크: 미포함,2017/04,ok,
2026-10-04T01:48:11+00:00,6018770,타무즈 DDR4-2666 CL19 (16GB),https://prod.danawa.com/info/?pcode=6018770&cate=112752,데스크탑용,DDR4,16GB,2666MHz (PC4-21300),CL19-19-19-43,1.20V,1개,미포함,,,,데스크탑용 / DDR4 / 2666MHz (PC4-21300) / 램타이밍: CL19-19-19-43 / 1.20V / 램개수: 1개 / 히트싱크: 미포함,2018/04,ok,
2026-10-04T01:48:11+00:00,6925651,타무즈 DDR4-2666 CL19 (4GB),https://prod.danawa.com/info/?pcode=6925651&cate=112752,데스크탑용,DDR4,4GB,2666MHz (PC4-21300),CL19-19-19-43,1.20V,1개,미포함,,,,데스크탑용 / DDR4 / 2666MHz (PC4-21300) / 램타이밍: CL19-19-19-43 / 1.20V / 램개수: 1개 / 히트싱크: 미포함,2018/12,ok,
2026-10-04T01:48:11+00:00,6018766,타무즈 DDR4-2666 CL19 (8GB),https://prod.danawa.com/info/?pcode=6018766&cate=112752,데스크탑용,DDR4,8GB,2666MHz (PC4-21300),CL19-19-19-43,1.20V,1개,미포함,,,,데스크탑용 / DDR4 / 2666MHz (PC4-21300) / 램타이밍: CL19-19-19-43 / 1.20V / 램개수: 1개 / 히트싱크: 미포함,2018/04,ok,
2026-10-04T01:48:11+00:00,10450266,타무즈 DDR4-3200 CL16 (8GB),https://prod.danawa.com/info/?pcode=10450266&cate=112752,데스크탑용,DDR4,8GB,3200MHz (PC4-25600),CL16,1.35V,1개,미포함,,,XMP,데스크탑용 / DDR4 / 3200MHz (PC4-25600) / 램타이밍: CL16 / 1.35V / 램개수: 1개 / XMP / 히트싱크: 미포함,2020/02,ok,
2026-10-04T01:48:11+00:00,13137290,타무즈 DDR4-3200 CL22 (16GB),https://prod.danawa.com/info/?pcode=13137290&cate=112752,데스크탑용,DDR4,16GB,3200MHz (PC4-25600),CL22-22-22-52,1.20V,1개,미포함,,,,데스크탑용 / DDR4 / 3200MHz (PC4-25600) / 램타이밍: CL22-22-22-52 / 1.20V / 램개수: 1개 / 히트싱크: 미포함,2021/01,ok,
2026-10-04T01:48:11+00:00,13137302,타무즈 DDR4-3200 CL22 (32GB),https://prod.danawa.com/info/?pcode=13137302&cate=112752,데스크탑용,DDR4,32GB,3200MHz (PC4-25600),CL22-22-22-52,1.20V,1개,미포함,,,,데스크탑용 / DDR4 / 3200MHz (PC4-25600) / 램타이밍: CL22-22-22-52 / 1.20V / 램개수: 1개 / 히트싱크: 미포함,2021/01,ok,
2026-10-04T01:48:11+00:00,15545345,타무즈 DDR4-3200 CL22 (4GB),https://prod.danawa.com/info/?pcode=15545345&cate=112752,데스크탑용,DDR4,4GB,3200MHz (PC4-25600),CL22-22-22-52,1.20V,1개,미포함,,,,데스크탑용 / DDR4 / 3200MHz (PC4-25600) / 램타이밍: CL22-22-22-52 / 1.20V / 램개수: 1개 / 히트싱크: 미포함,2021/10,ok,
2026-10-04T01:48:11+00:00,13137278,타무즈 DDR4-3200 CL22 (8GB),https://prod.danawa.com/info/?pcode=13137278&cate=112752,데스크탑용,DDR4,8GB,3200MHz (PC4-25600),CL22-22-22-52,1.20V,1개,미포함,,,,데스크탑용 / DDR4 / 3200MHz (PC4-25600) / 램타이밍: CL22-22-22-52 / 1.20V / 램개수: 1개 / 히트싱크: 미포함,2021/01,ok,
2026-10-04T01:48:11+00:00,99128864,타무즈 DDR5-5600 CL40 XMP (16GB),https://prod.danawa.com/info/?pcode=99128864&cate=112752,데스크탑용,DDR5,16GB,5600MHz (PC5-44800),CL40-46-46-90,1.20V,1개,미포함,,31mm,XMP3.0 / EXPO / 온다이ECC,데스크탑용 / DDR5 / 5600MHz (PC5-44800) / 램타이밍: CL40-46-46-90 / 1.20V / 램개수: 1개 / XMP3.0 / EXPO / 온다이ECC / 히트싱크: 미포함 / 높이: 31mm,2025/11,ok,
2026-10-04T01:48:11+00:00,31998278,타무즈 DDR5-5600 CL46 (16GB),https://prod.danawa.com/info/?pcode=31998278&cate=112752,데스크탑용,DDR5,16GB,5600MHz (PC5-44800),CL46-45-45-90,1.10V,1개,미포함,,31mm,온다이ECC,데스크탑용 / DDR5 / 5600MHz (PC5-44800) / 램타이밍: CL46-45-45-90 / 1.10V / 램개수: 1개 / 온다이ECC / 히트싱크: 미포함 / 높이: 31mm,2024/01,ok,
2026-10-04T01:48:11+00:00,31998326,타무즈 DDR5-5600 CL46 (32GB),https://prod.danawa.com/info/?pcode=31998326&cate=112752,데스크탑용,DDR5,32GB,5600MHz (PC5-44800),CL46-45-45-90,1.10V,1개,미포함,,31mm,온다이ECC,데스크탑용 / DDR5 / 5600MHz (PC5-44800) / 램타이밍: CL46-45-45-90 / 1.10V / 램개수: 1개 / 온다이ECC / 히트싱크: 미포함 / 높이: 31mm,2024/01,ok,
2026-10-04T01:48:11+00:00,103415249,타무즈 DDR5-5600 CL46 (8GB),https://prod.danawa.com/info/?pcode=103415249&cate=112752,데스크탑용,DDR5,8GB,5600MHz (PC5-44800),CL46-45-45-90,1.10V,1개,미포함,,31mm,온다이ECC,데스크탑용 / DDR5 / 5600MHz (PC5-44800) / 램타이밍: CL46-45-45-90 / 1.10V / 램개수: 1개 / 온다이ECC / 히트싱크: 미포함 / 높이: 31mm,2026/01,ok,
2026-10-04T01:48:11+00:00,96368429,타무즈 DDR5-5600 CL46 S5 (16GB),https://prod.danawa.com/info/?pcode=96368429&cate=112752,데스크탑용,DDR5,16GB,5600MHz (PC5-44800),CL46-46-46-90,1.10V,1개,미포함,,31mm,온다이ECC,데스크탑용 / DDR5 / 5600MHz (PC5-44800) / 램타이밍: CL46-46-46-90 / 1.10V / 램개수: 1개 / 온다이ECC / 히트싱크: 미포함 / 높이: 31mm / 모듈제조사: 삼성전자,2025/08,ok,
2026-10-04T01:48:11+00:00,4545912,타무즈 노트북 DDR3-1333 CL9 (4GB),https://prod.danawa.com/info/?pcode=4545912&cate=112752,노트북용,DDR3,4GB,1333MHz (PC3-10600),CL9,1.50V,1개,미포함,,,,노트북용 / DDR3 / 1333MHz (PC3-10600) / 램타이밍: CL9 / 1.50V / 램개수: 1개 / 히트싱크: 미포함,2016/10,ok,
2026-10-04T01:48:11+00:00,4545965,타무즈 노트북 DDR3L-1600 CL11 1.35V (4GB),https://prod.danawa.com/info/?pcode=4545965&cate=112752,노트북용,DDR3,4GB,1600MHz (PC3-12800),CL11,1.35V,1개,미포함,,,,노트북용 / DDR3 / 1600MHz (PC3-12800) / 램타이밍: CL11 / 1.35V / 램개수: 1개 / 히트싱크: 미포함,2016/10,ok,
2026-10-04T01:48:11+00:00,5215088,타무즈 노트북 DDR3L-1600 CL11 1.35V (8GB),https://prod.danawa.com/info/?pcode=5215088&cate=112752,노트북용,DDR3,8GB,1600MHz (PC3-12800),CL11,1.35V,1개,미포함,,,,노트북용 / DDR3 / 1600MHz (PC3-12800) / 램타이밍: CL11 / 1.35V / 램개수: 1개 / 히트싱크: 미포함,2017/06,ok,
2026-10-04T01:48:11+00:00,4546081,타무즈 노트북 DDR4-2133 CL15 (8GB),https://prod.danawa.com/info/?pcode=4546081&cate=112752,노트북용,DDR4,8GB,2133MHz (PC4-17000),CL15-15-15-36,1.20V,1개,미포함,,,,노트북용 / DDR4 / 2133MHz (PC4-17000) / 램타이밍: CL15-15-15-36 / 1.20V / 램개수: 1개 / 히트싱크: 미포함,2016/10,ok,
2026-10-04T01:48:11+00:00,5971453,타무즈 노트북 DDR4-2400 CL17 (8GB),https://prod.danawa.com/info/?pcode=5971453&cate=112752,노트북용,DDR4,8GB,2400MHz (PC4-19200),CL17,1.20V,1개,미포함,,,,노트북용 / DDR4 / 2400MHz (PC4-19200) / 램타이밍: CL17 / 1.20V / 램개수: 1개 / 히트싱크: 미포함,2018/03,ok,
2026-10-04T01:48:11+00:00,7004512,타무즈 노트북 DDR4-2666 CL19 (16GB),https://prod.danawa.com/info/?pcode=7004512&cate=112752,노트북용,DDR4,16GB,2666MHz (PC4-21300),CL19,1.20V,1개,미포함,,,,노트북용 / DDR4 / 2666MHz (PC4-21300) / 램타이밍: CL19 / 1.20V / 램개수: 1개 / 히트싱크: 미포함,2019/01,ok,
2026-10-04T01:48:11+00:00,11655968,타무즈 노트북 DDR4-2666 CL19 (4GB),https://prod.danawa.com/info/?pcode=11655968&cate=112752,노트북용,DDR4,4GB,2666MHz (PC4-21300),CL19,1.20V,1개,미포함,,,,노트북용 / DDR4 / 2666MHz (PC4-21300) / 램타이밍: CL19 / 1.20V / 램개수: 1개 / 히트싱크: 미포함,2020/06,ok,
2026-10-04T01:48:11+00:00,7151392,타무즈 노트북 DDR4-2666 CL19 (8GB),https://prod.danawa.com/info/?pcode=7151392&cate=112752,노트북용,DDR4,8GB,2666MHz (PC4-21300),CL19,1.20V,1개,미포함,,,,노트북용 / DDR4 / 2666MHz (PC4-21300) / 램타이밍: CL19 / 1.20V / 램개수: 1개 / 히트싱크: 미포함,2019/01,ok,
2026-10-04T01:48:11+00:00,10450275,타무즈 노트북 DDR4-3200 CL16 (8GB),https://prod.danawa.com/info/?pcode=10450275&cate=112752,노트북용,DDR4,8GB,3200MHz (PC4-25600),CL16,1.35V,1개,미포함,,,XMP,노트북용 / DDR4 / 3200MHz (PC4-25600) / 램타이밍: CL16 / 1.35V / 램개수: 1개 / XMP / 히트싱크: 미포함,2020/01,ok,
2026-10-04T01:48:11+00:00,13137365,타무즈 노트북 DDR4-3200 CL22 (16GB),https://prod.danawa.com/info/?pcode=13137365&cate=112752,노트북용,DDR4,16GB,3200MHz (PC4-25600),CL22-22-22-52,1.20V,1개,미포함,,,,노트북용 / DDR4 / 3200MHz (PC4-25600) / 램타이밍: CL22-22-22-52 / 1.20V / 램개수: 1개 / 히트싱크: 미포함,2021/01,ok,
2026-10-04T01:48:11+00:00,13137374,타무즈 노트북 DDR4-3200 CL22 (32GB),https://prod.danawa.com/info/?pcode=13137374&cate=112752,노트북용,DDR4,32GB,3200MHz (PC4-25600),CL22-22-22-52,1.20V,1개,미포함,,,,노트북용 / DDR4 / 3200MHz (PC4-25600) / 램타이밍: CL22-22-22-52 / 1.20V / 램개수: 1개 / 히트싱크: 미포함,2021/01,ok,
2026-10-04T01:48:11+00:00,17699207,타무즈 노트북 DDR4-3200 CL22 (4GB),https://prod.danawa.com/info/?pcode=17699207&cate=112752,노트북용,DDR4,4GB,3200MHz (PC4-25600),CL22-22-22-52,1.20V,1개,미포함,,31mm,,노트북용 / DDR4 / 3200MHz (PC4-25600) / 램타이밍: CL22-22-22-52 / 1.20V / 램개수: 1개 / 히트싱크: 미포함 / 높이: 31mm,2022/08,ok,
2026-10-04T01:48:11+00:00,13137344,타무즈 노트북 DDR4-3200 CL22 (8GB),https://prod.danawa.com/info/?pcode=13137344&cate=112752,노트북용,DDR4,8GB,3200MHz (PC4-25600),CL22-22-22-52,1.20V,1개,미포함,,,,노트북용 / DDR4 / 3200MHz (PC4-25600) / 램타이밍: CL22-22-22-52 / 1.20V / 램개수: 1개 / 히트싱크: 미포함,2021/01,ok,
2026-10-04T01:48:11+00:00,43488509,타무즈 노트북 DDR5-5600 CL46 (16GB),https://prod.danawa.com/info/?pcode=43488509&cate=112752,노트북용,DDR5,16GB,5600MHz (PC5-44800),CL46-45-45-90,1.10V,1개,미포함,,30mm,온다이ECC,노트북용 / DDR5 / 5600MHz (PC5-44800) / 램타이밍: CL46-45-45-90 / 1.10V / 램개수: 1개 / 온다이ECC / 히트싱크: 미포함 / 높이: 30mm / 모듈제조사: 마이크론,2024/03,ok,
2026-10-04T01:48:11+00:00,43488485,타무즈 노트북 DDR5-5600 CL46 (32GB),https://prod.danawa.com/info/?pcode=43488485&cate=112752,노트북용,DDR5,32GB,5600MHz (PC5-44800),CL46-45-45-90,1.10V,1개,미포함,,30mm,온다이ECC,노트북용 / DDR5 / 5600MHz (PC5-44800) / 램타이밍: CL46-45-45-90 / 1.10V / 램개수: 1개 / 온다이ECC / 히트싱크: 미포함 / 높이: 30mm / 모듈제조사: 마이크론,2024/03,ok,
2026-10-04T01:48:11+00:00,12076652,트랜센드 DDR4-3200 CL22 (16GB),https://prod.danawa.com/info/?pcode=12076652&cate=112752,데스크탑용,DDR4,16GB,3200MHz (PC4-25600),CL22,1.20V,1개,미포함,,,,데스크탑용 / DDR4 / 3200MHz (PC4-25600) / 램타이밍: CL22 / 1.20V / 램개수: 1개 / 히트싱크: 미포함,2020/08,ok,
2026-10-04T01:48:11+00:00,12504902,트랜센드 DDR4-3200 CL22 (32GB),https://prod.danawa.com/info/?pcode=12504902&cate=112752,데스크탑용,DDR4,32GB,3200MHz (PC4-25600),CL22,1.20V,1개,미포함,,,,데스크탑용 / DDR4 / 3200MHz (PC4-25600) / 램타이밍: CL22 / 1.20V / 램개수: 1개 / 히트싱크: 미포함,2020/10,ok,
2026-10-04T01:48:11+00:00,12076634,트랜센드 DDR4-3200 CL22 (8GB),https://prod.danawa.com/info/?pcode=12076634&cate=112752,데스크탑용,DDR4,8GB,3200MHz (PC4-25600),CL22,1.20V,1개,미포함,,,,데스크탑용 / DDR4 / 3200MHz (PC4-25600) / 램타이밍: CL22 / 1.20V / 램개수: 1개 / 히트싱크: 미포함,2020/08,ok,
2026-10-04T01:48:11+00:00,122627688,트랜센드 DDR5-5600 CL46 ECC/REG (16GB),https://prod.danawa.com/info/?pcode=122627688&cate=112752,서버용,DDR5,16GB,5600MHz (PC5-44800),CL46,1.10V,1개,미포함,,,온다이ECC,서버용 / DDR5 / 5600MHz (PC5-44800) / 램타이밍: CL46 / 1.10V / 램개수: 1개 / 온다이ECC / 히트싱크: 미포함,2026/04,ok,
2026-10-04T01:48:11+00:00,28469759,트랜센드 DDR5-5600 CL46 Jetram (16GB),https://prod.danawa.com/info/?pcode=28469759&cate=112752,데스크탑용,DDR5,16GB,5600MHz (PC5-44800),CL46,1.10V,1개,미포함,,,온다이ECC,데스크탑용 / DDR5 / 5600MHz (PC5-44800) / 램타이밍: CL46 / 1.10V / 램개수: 1개 / 온다이ECC / 히트싱크: 미포함,2023/09,ok,
2026-10-04T01:48:11+00:00,104374586,트랜센드 DDR5-5600 CL46 Jetram (8GB),https://prod.danawa.com/info/?pcode=104374586&cate=112752,데스크탑용,DDR5,8GB,5600MHz (PC5-44800),CL46,1.10V,1개,미포함,,,온다이ECC,데스크탑용 / DDR5 / 5600MHz (PC5-44800) / 램타이밍: CL46 / 1.10V / 램개수: 1개 / 온다이ECC / 히트싱크: 미포함,2026/01,ok,
2026-10-04T01:48:11+00:00,74421911,트랜센드 DDR5-6400 CL52 CUDIMM (16GB),https://prod.danawa.com/info/?pcode=74421911&cate=112752,데스크탑용,DDR5,16GB,6400MHz (PC5-51200),CL52,1.10V,1개,미포함,,,온다이ECC,데스크탑용 / DDR5 / 6400MHz (PC5-51200) / 램타이밍: CL52 / 1.10V / 램개수: 1개 / 클럭드라이버 / 온다이ECC / 히트싱크: 미포함,2025/01,ok,
2026-10-04T01:48:11+00:00,93564836,트랜센드 DDR5-6400 CL52 CUDIMM (32GB),https://prod.danawa.com/info/?pcode=93564836&cate=112752,데스크탑용,DDR5,32GB,6400MHz (PC5-51200),CL52,1.10V,1개,미포함,,,온다이ECC,데스크탑용 / DDR5 / 6400MHz (PC5-51200) / 램타이밍: CL52 / 1.10V / 램개수: 1개 / 클럭드라이버 / 온다이ECC / 히트싱크: 미포함,2025/01,ok,
2026-10-04T01:48:11+00:00,124238355,트랜센드 DDR5-6400 CL52 CUDIMM (64GB),https://prod.danawa.com/info/?pcode=124238355&cate=112752,데스크탑용,DDR5,64GB,6400MHz (PC5-51200),CL52,1.10V,1개,미포함,,,온다이ECC,데스크탑용 / DDR5 / 6400MHz (PC5-51200) / 램타이밍: CL52 / 1.10V / 램개수: 1개 / 클럭드라이버 / 온다이ECC / 히트싱크: 미포함,2025/01,ok,
2026-10-04T01:48:11+00:00,2264343,트랜센드 노트북 DDR3-1600 (2GB),https://prod.danawa.com/info/?pcode=2264343&cate=112752,노트북용,DDR3,2GB,1600MHz (PC3-12800),CL11,1.50V,1개,미포함,,,,노트북용 / DDR3 / 1600MHz (PC3-12800) / 램타이밍: CL11 / 1.50V / 램개수: 1개 / 히트싱크: 미포함,2013/10,ok,
2026-10-04T01:48:11+00:00,12076664,트랜센드 노트북 DDR4-3200 CL22 (16GB),https://prod.danawa.com/info/?pcode=12076664&cate=112752,노트북용,DDR4,16GB,3200MHz (PC4-25600),CL22,1.20V,1개,미포함,,,,노트북용 / DDR4 / 3200MHz (PC4-25600) / 램타이밍: CL22 / 1.20V / 램개수: 1개 / 히트싱크: 미포함,2020/08,ok,
2026-10-04T01:48:11+00:00,74056385,트랜센드 노트북 DDR5-5600 CL46 (16GB),https://prod.danawa.com/info/?pcode=74056385&cate=112752,노트북용,DDR5,16GB,5600MHz (PC5-44800),CL46,1.10V,1개,미포함,,,온다이ECC,노트북용 / DDR5 / 5600MHz (PC5-44800) / 램타이밍: CL46 / 1.10V / 램개수: 1개 / 온다이ECC / 히트싱크: 미포함,2025/01,ok,
2026-10-04T01:48:11+00:00,74056361,트랜센드 노트북 DDR5-5600 CL46 (32GB),https://prod.danawa.com/info/?pcode=74056361&cate=112752,노트북용,DDR5,32GB,5600MHz (PC5-44800),CL46,1.10V,1개,미포함,,,온다이ECC,노트북용 / DDR5 / 5600MHz (PC5-44800) / 램타이밍: CL46 / 1.10V / 램개수: 1개 / 온다이ECC / 히트싱크: 미포함,2025/01,ok,
2026-10-04T01:48:11+00:00,95523926,트랜센드 노트북 DDR5-6400 CL52 CSODIMM (16GB),https://prod.danawa.com/info/?pcode=95523926&cate=112752,노트북용,DDR5,16GB,6400MHz (PC5-51200),CL52,1.10V,1개,미포함,,,온다이ECC,노트북용 / DDR5 / 6400MHz (PC5-51200) / 램타이밍: CL52 / 1.10V / 램개수: 1개 / 클럭드라이버 / 온다이ECC / 히트싱크: 미포함,2025/08,ok,
2026-10-04T01:48:11+00:00,124238400,트랜센드 노트북 DDR5-6400 CL52 CSODIMM (64GB),https://prod.danawa.com/info/?pcode=124238400&cate=112752,노트북용,DDR5,64GB,6400MHz (PC5-51200),CL52,1.10V,1개,미포함,,,온다이ECC,노트북용 / DDR5 / 6400MHz (PC5-51200) / 램타이밍: CL52 / 1.10V / 램개수: 1개 / 클럭드라이버 / 온다이ECC / 히트싱크: 미포함,2025/08,ok,
