collected_at,product_code,product_name,product_url,form_factor,interface,capacity,nand,dram,controller,seq_read,seq_write,read_iops,write_iops,tbw,mtbf,warranty,heatsink,full_spec,registration_month,fetch_status,error
2026-10-01T01:29:14+00:00,6917302,2.5 to 3.5 하드 변환가이드 (PS-G001),https://prod.danawa.com/info/?pcode=6917302&cate=11229608,변환 가이드,,,,,,,,,,,,,,"변환 가이드 / 크기 변환: 2.5형→3.5형 / SSD, HDD겸용 / 보관(장착) 개수: 최대 1개 / 두께: 9.5mm / 오렌지",2018/12,ok,
2026-10-01T01:29:14+00:00,81037007,ADATA IM2P32A8 M.2 NVMe 벌크 (256GB),https://prod.danawa.com/info/?pcode=81037007&cate=11229608,M.2 (2280),PCIe3.0x4 (32GT/s),256GB,TLC,,기타,"3,000MB/s","1,000MB/s",,,,300만,,방열판 미포함,"M.2 (2280) / PCIe3.0x4 (32GT/s) / TLC / 컨트롤러: 기타 / [성능] 순차읽기: 3,000MB/s / 순차쓰기: 1,000MB/s / [지원기능] TRIM / ECC / HMB / GC / SLC캐싱 / S.M.A.R.T / [환경특성] MTBF: 300만 / 방열판 미포함 / 두께: 3.6mm",2025/04,ok,
2026-10-01T01:29:14+00:00,81037016,ADATA IM2P32A8 M.2 NVMe 벌크 (512GB),https://prod.danawa.com/info/?pcode=81037016&cate=11229608,M.2 (2280),PCIe3.0x4 (32GT/s),512GB,TLC,,기타,"3,000MB/s","2,100MB/s",,,,300만,,방열판 미포함,"M.2 (2280) / PCIe3.0x4 (32GT/s) / TLC / 컨트롤러: 기타 / [성능] 순차읽기: 3,000MB/s / 순차쓰기: 2,100MB/s / [지원기능] HMB / TRIM / ECC / SLC캐싱 / GC / S.M.A.R.T / [환경특성] MTBF: 300만 / 방열판 미포함 / 두께: 3.6mm",2025/04,ok,
2026-10-01T01:29:14+00:00,92154218,ADATA IMSS316 mSATA 벌크 (256GB),https://prod.danawa.com/info/?pcode=92154218&cate=11229608,Mini SATA(mSATA),SATA3 (6Gb/s),256GB,TLC,,Maxio,,,,,,200만,3년,,Mini SATA(mSATA) / SATA3 (6Gb/s) / TLC / 컨트롤러: Maxio / [지원기능] S.M.A.R.T / [환경특성] MTBF: 200만 / A/S기간: 3년 / 두께: 4.75mm,2021/02,ok,
2026-10-01T01:29:14+00:00,92154230,ADATA IMSS316 mSATA 벌크 (512GB),https://prod.danawa.com/info/?pcode=92154230&cate=11229608,Mini SATA(mSATA),SATA3 (6Gb/s),512GB,TLC,,Maxio,,,,,,200만,3년,,Mini SATA(mSATA) / SATA3 (6Gb/s) / TLC / 컨트롤러: Maxio / [지원기능] S.M.A.R.T / [환경특성] MTBF: 200만 / A/S기간: 3년 / 두께: 4.75mm,2021/02,ok,
2026-10-01T01:29:14+00:00,47038079,ADATA ISSS316 (512GB),https://prod.danawa.com/info/?pcode=47038079&cate=11229608,6.4cm(2.5형),SATA3 (6Gb/s),512GB,TLC,,기타,560MB/s,510MB/s,,,,300,3년,,6.4cm(2.5형) / SATA3 (6Gb/s) / TLC / 컨트롤러: 기타 / [성능] 순차읽기: 560MB/s / 순차쓰기: 510MB/s / [지원기능] TRIM / ECC / DEVSLP / GC / S.M.A.R.T / [환경특성] MTBF: 300 / A/S기간: 3년 / 두께: 7mm,2024/04,ok,
2026-10-01T01:29:14+00:00,17287469,ADATA LEGEND 710 M.2 NVMe (1TB),https://prod.danawa.com/info/?pcode=17287469&cate=11229608,M.2 (2280),PCIe3.0x4 (32GT/s),1TB,TLC,,Realtek,"2,400MB/s","1,800MB/s",180K,150K,260TB,150만,"제한보증 , 3년",방열판 포함,"M.2 (2280) / PCIe3.0x4 (32GT/s) / TLC / 컨트롤러: Realtek / [성능] 순차읽기: 2,400MB/s / 순차쓰기: 1,800MB/s / 읽기IOPS: 180K / 쓰기IOPS: 150K / [지원기능] HMB / SLC캐싱 / AES 암호화 / 전용 S/W / [환경특성] MTBF: 150만 / TBW: 260TB / A/S기간: 제한보증 , 3년 / 방열판 포함 / 두께: 3.13mm",2022/06,ok,
2026-10-01T01:29:14+00:00,19649351,ADATA LEGEND 710 M.2 NVMe (256GB),https://prod.danawa.com/info/?pcode=19649351&cate=11229608,M.2 (2280),PCIe3.0x4 (32GT/s),256GB,TLC,,기타,"2,100MB/s","1,000MB/s",90K,130K,,,"3년 , 제한보증",방열판 포함,"M.2 (2280) / PCIe3.0x4 (32GT/s) / TLC / 컨트롤러: 기타 / [성능] 순차읽기: 2,100MB/s / 순차쓰기: 1,000MB/s / 읽기IOPS: 90K / 쓰기IOPS: 130K / [지원기능] SLC캐싱 / HMB / AES 암호화 / [환경특성] A/S기간: 3년 , 제한보증 / 방열판 포함 / 두께: 3.13mm",2023/04,ok,
2026-10-01T01:29:14+00:00,17287529,ADATA LEGEND 710 M.2 NVMe (512GB),https://prod.danawa.com/info/?pcode=17287529&cate=11229608,M.2 (2280),PCIe3.0x4 (32GT/s),512GB,TLC,,Realtek,"2,400MB/s","1,000MB/s",90K,150K,,150만,"제한보증 , 3년",방열판 포함,"M.2 (2280) / PCIe3.0x4 (32GT/s) / TLC / 컨트롤러: Realtek / [성능] 순차읽기: 2,400MB/s / 순차쓰기: 1,000MB/s / 읽기IOPS: 90K / 쓰기IOPS: 150K / [지원기능] HMB / SLC캐싱 / AES 암호화 / 전용 S/W / [환경특성] MTBF: 150만 / A/S기간: 제한보증 , 3년 / 방열판 포함 / 두께: 3.13mm",2022/06,ok,
2026-10-01T01:29:14+00:00,79395908,ADATA LEGEND 710 M.2 NVMe 파인인포 (1TB),https://prod.danawa.com/info/?pcode=79395908&cate=11229608,M.2 (2280),PCIe3.0x4 (32GT/s),1TB,,,Realtek,"2,400MB/s","1,800MB/s",180K,150K,260TB,150만,"3년 , 제한보증",방열판 포함,"M.2 (2280) / PCIe3.0x4 (32GT/s) / 컨트롤러: Realtek / [성능] 순차읽기: 2,400MB/s / 순차쓰기: 1,800MB/s / 읽기IOPS: 180K / 쓰기IOPS: 150K / [지원기능] HMB / SLC캐싱 / AES 암호화 / 전용 S/W / [환경특성] MTBF: 150만 / TBW: 260TB / A/S기간: 3년 , 제한보증 / 방열판 포함 / 두께: 3.13mm",2025/04,ok,
2026-10-01T01:29:14+00:00,79396202,ADATA LEGEND 710 M.2 NVMe 파인인포 (256GB),https://prod.danawa.com/info/?pcode=79396202&cate=11229608,M.2 (2280),PCIe3.0x4 (32GT/s),256GB,,,Realtek,"2,100MB/s","1,000MB/s",90K,130K,65TB,150만,"제한보증 , 3년",방열판 포함,"M.2 (2280) / PCIe3.0x4 (32GT/s) / 컨트롤러: Realtek / [성능] 순차읽기: 2,100MB/s / 순차쓰기: 1,000MB/s / 읽기IOPS: 90K / 쓰기IOPS: 130K / [지원기능] HMB / SLC캐싱 / AES 암호화 / 전용 S/W / [환경특성] MTBF: 150만 / TBW: 65TB / A/S기간: 제한보증 , 3년 / 방열판 포함 / 두께: 3.13mm",2025/04,ok,
2026-10-01T01:29:14+00:00,79396181,ADATA LEGEND 710 M.2 NVMe 파인인포 (512GB),https://prod.danawa.com/info/?pcode=79396181&cate=11229608,M.2 (2280),PCIe3.0x4 (32GT/s),512GB,,,Realtek,"2,400MB/s","1,600MB/s",90K,150K,130TB,150만,"3년 , 제한보증",방열판 포함,"M.2 (2280) / PCIe3.0x4 (32GT/s) / 컨트롤러: Realtek / [성능] 순차읽기: 2,400MB/s / 순차쓰기: 1,600MB/s / 읽기IOPS: 90K / 쓰기IOPS: 150K / [지원기능] HMB / SLC캐싱 / AES 암호화 / 전용 S/W / [환경특성] MTBF: 150만 / TBW: 130TB / A/S기간: 3년 , 제한보증 / 방열판 포함 / 두께: 3.13mm",2025/04,ok,
2026-10-01T01:29:14+00:00,79250330,ADATA LEGEND 860 M.2 NVMe (1TB),https://prod.danawa.com/info/?pcode=79250330&cate=11229608,M.2 (2280),PCIe4.0x4 (64GT/s),1TB,QLC,,Realtek,"6,000MB/s","4,000MB/s",,,320TB,200만,"5년 , 제한보증",방열판 포함,"M.2 (2280) / PCIe4.0x4 (64GT/s) / QLC / 컨트롤러: Realtek / [성능] 순차읽기: 6,000MB/s / 순차쓰기: 4,000MB/s / [지원기능] HMB / ECC / SLC캐싱 / S.M.A.R.T / 전용 S/W / [환경특성] MTBF: 200만 / TBW: 320TB / PS5 호환 / A/S기간: 5년 , 제한보증 / 방열판 포함 / 두께: 3.13mm / 9.5g",2025/04,ok,
2026-10-01T01:29:14+00:00,79401872,ADATA LEGEND 860 M.2 NVMe (2TB),https://prod.danawa.com/info/?pcode=79401872&cate=11229608,M.2 (2280),PCIe4.0x4 (64GT/s),2TB,QLC,,Realtek,"6,000MB/s","5,000MB/s",,,640TB,200만,"5년 , 제한보증",방열판 포함,"M.2 (2280) / PCIe4.0x4 (64GT/s) / QLC / 컨트롤러: Realtek / [성능] 순차읽기: 6,000MB/s / 순차쓰기: 5,000MB/s / [지원기능] S.M.A.R.T / SLC캐싱 / HMB / ECC / 전용 S/W / [환경특성] MTBF: 200만 / TBW: 640TB / PS5 호환 / A/S기간: 5년 , 제한보증 / 방열판 포함 / 두께: 3.13mm / 9.5g",2025/04,ok,
2026-10-01T01:29:14+00:00,79250273,ADATA LEGEND 860 M.2 NVMe (500GB),https://prod.danawa.com/info/?pcode=79250273&cate=11229608,M.2 (2280),PCIe4.0x4 (64GT/s),500GB,QLC,,Realtek,"5,000MB/s","3,000MB/s",,,160TB,200만,"제한보증 , 5년",방열판 포함,"M.2 (2280) / PCIe4.0x4 (64GT/s) / QLC / 컨트롤러: Realtek / [성능] 순차읽기: 5,000MB/s / 순차쓰기: 3,000MB/s / [지원기능] HMB / ECC / SLC캐싱 / S.M.A.R.T / 전용 S/W / [환경특성] MTBF: 200만 / TBW: 160TB / PS5 호환 / A/S기간: 제한보증 , 5년 / 방열판 포함 / 두께: 3.13mm / 9.5g",2025/04,ok,
2026-10-01T01:29:14+00:00,30008744,ADATA LEGEND 900 M.2 NVMe (1TB),https://prod.danawa.com/info/?pcode=30008744&cate=11229608,M.2 (2280),PCIe4.0x4 (64GT/s),1TB,,,기타,"7,000MB/s","4,700MB/s",,,600TB,150만,"제한보증 , 5년",방열판 포함,"M.2 (2280) / PCIe4.0x4 (64GT/s) / 컨트롤러: 기타 / [성능] 순차읽기: 7,000MB/s / 순차쓰기: 4,700MB/s / [지원기능] HMB / ECC / SLC캐싱 / S.M.A.R.T / 전용 S/W / AES 암호화 / [환경특성] MTBF: 150만 / TBW: 600TB / PS5 호환 / A/S기간: 제한보증 , 5년 / 방열판 포함 / 두께: 3.35mm",2023/11,ok,
2026-10-01T01:29:14+00:00,30008675,ADATA LEGEND 900 M.2 NVMe (2TB),https://prod.danawa.com/info/?pcode=30008675&cate=11229608,M.2 (2280),PCIe4.0x4 (64GT/s),2TB,,,기타,"7,000MB/s","5,400MB/s",,,"1,200TB",150만,"제한보증 , 5년",방열판 포함,"M.2 (2280) / PCIe4.0x4 (64GT/s) / 컨트롤러: 기타 / [성능] 순차읽기: 7,000MB/s / 순차쓰기: 5,400MB/s / [지원기능] S.M.A.R.T / SLC캐싱 / ECC / HMB / 전용 S/W / AES 암호화 / [환경특성] MTBF: 150만 / TBW: 1,200TB / PS5 호환 / A/S기간: 제한보증 , 5년 / 방열판 포함 / 두께: 3.35mm",2023/11,ok,
2026-10-01T01:29:14+00:00,30008783,ADATA LEGEND 900 M.2 NVMe (512GB),https://prod.danawa.com/info/?pcode=30008783&cate=11229608,M.2 (2280),PCIe4.0x4 (64GT/s),512GB,,,기타,"6,200MB/s","2,300MB/s",,,300TB,150만,"제한보증 , 5년",방열판 포함,"M.2 (2280) / PCIe4.0x4 (64GT/s) / 컨트롤러: 기타 / [성능] 순차읽기: 6,200MB/s / 순차쓰기: 2,300MB/s / [지원기능] HMB / ECC / SLC캐싱 / S.M.A.R.T / AES 암호화 / 전용 S/W / [환경특성] MTBF: 150만 / TBW: 300TB / PS5 호환 / A/S기간: 제한보증 , 5년 / 방열판 포함 / 두께: 3.35mm",2023/11,ok,
2026-10-01T01:29:14+00:00,79402034,ADATA LEGEND 900 M.2 NVMe 파인인포 (1TB),https://prod.danawa.com/info/?pcode=79402034&cate=11229608,M.2 (2280),PCIe4.0x4 (64GT/s),1TB,,,기타,"7,000MB/s","4,700MB/s",,,600TB,150만,"5년 , 제한보증",방열판 포함,"M.2 (2280) / PCIe4.0x4 (64GT/s) / 컨트롤러: 기타 / [성능] 순차읽기: 7,000MB/s / 순차쓰기: 4,700MB/s / [지원기능] S.M.A.R.T / SLC캐싱 / ECC / HMB / 전용 S/W / AES 암호화 / [환경특성] MTBF: 150만 / TBW: 600TB / PS5 호환 / A/S기간: 5년 , 제한보증 / 방열판 포함 / 두께: 3.35mm",2025/04,ok,
2026-10-01T01:29:14+00:00,79402016,ADATA LEGEND 900 M.2 NVMe 파인인포 (2TB),https://prod.danawa.com/info/?pcode=79402016&cate=11229608,M.2 (2280),PCIe4.0x4 (64GT/s),2TB,,,기타,"7,000MB/s","5,400MB/s",,,"1,200TB",150만,"5년 , 제한보증",방열판 포함,"M.2 (2280) / PCIe4.0x4 (64GT/s) / 컨트롤러: 기타 / [성능] 순차읽기: 7,000MB/s / 순차쓰기: 5,400MB/s / [지원기능] HMB / ECC / SLC캐싱 / S.M.A.R.T / AES 암호화 / 전용 S/W / [환경특성] MTBF: 150만 / TBW: 1,200TB / PS5 호환 / A/S기간: 5년 , 제한보증 / 방열판 포함 / 두께: 3.35mm / 10.6g",2025/04,ok,
2026-10-01T01:29:14+00:00,79402061,ADATA LEGEND 900 M.2 NVMe 파인인포 (512GB),https://prod.danawa.com/info/?pcode=79402061&cate=11229608,M.2 (2280),PCIe4.0x4 (64GT/s),512GB,,,기타,"6,200MB/s","2,300MB/s",,,300TB,150만,"5년 , 제한보증",방열판 포함,"M.2 (2280) / PCIe4.0x4 (64GT/s) / 컨트롤러: 기타 / [성능] 순차읽기: 6,200MB/s / 순차쓰기: 2,300MB/s / [지원기능] HMB / ECC / SLC캐싱 / S.M.A.R.T / 전용 S/W / AES 암호화 / [환경특성] MTBF: 150만 / TBW: 300TB / PS5 호환 / A/S기간: 5년 , 제한보증 / 방열판 포함 / 두께: 3.35mm",2025/04,ok,
2026-10-01T01:29:14+00:00,20146127,ADATA LEGEND 960 M.2 NVMe (1TB),https://prod.danawa.com/info/?pcode=20146127&cate=11229608,M.2 (2280),PCIe4.0x4 (64GT/s),1TB,TLC,DRAM 탑재,실리콘모션 SM2264,"7,400MB/s","6,000MB/s",730K,610K,780TB,200만,"제한보증 , 5년",방열판 포함,"M.2 (2280) / PCIe4.0x4 (64GT/s) / TLC / DRAM 탑재 / DDR4 1GB / 컨트롤러: 실리콘모션 SM2264 / [성능] 순차읽기: 7,400MB/s / 순차쓰기: 6,000MB/s / 읽기IOPS: 730K / 쓰기IOPS: 610K / [지원기능] TRIM / ECC / SLC캐싱 / S.M.A.R.T / 전용 S/W / AES 암호화 / [환경특성] MTBF: 200만 / TBW: 780TB / PS5 호환 / A/S기간: 제한보증 , 5년 / 방열판 포함 / 두께: 4.68mm / 11g",2023/05,ok,
2026-10-01T01:29:14+00:00,20146151,ADATA LEGEND 960 M.2 NVMe (2TB),https://prod.danawa.com/info/?pcode=20146151&cate=11229608,M.2 (2280),PCIe4.0x4 (64GT/s),2TB,TLC,DRAM 탑재,실리콘모션 SM2264,"7,400MB/s","6,800MB/s",750K,630K,"1,560TB",200만,"5년 , 제한보증",방열판 포함,"M.2 (2280) / PCIe4.0x4 (64GT/s) / TLC / DRAM 탑재 / DDR4 2GB / 컨트롤러: 실리콘모션 SM2264 / [성능] 순차읽기: 7,400MB/s / 순차쓰기: 6,800MB/s / 읽기IOPS: 750K / 쓰기IOPS: 630K / [지원기능] TRIM / S.M.A.R.T / SLC캐싱 / ECC / AES 암호화 / 전용 S/W / [환경특성] MTBF: 200만 / TBW: 1,560TB / PS5 호환 / A/S기간: 5년 , 제한보증 / 방열판 포함 / 두께: 4.68mm / 11g",2023/05,ok,
2026-10-01T01:29:14+00:00,101016125,ADATA LEGEND 960 M.2 NVMe 파인인포 (1TB),https://prod.danawa.com/info/?pcode=101016125&cate=11229608,M.2 (2280),PCIe4.0x4 (64GT/s),1TB,TLC,DRAM 탑재,실리콘모션 SM2264,"7,400MB/s","6,400MB/s",730K,610K,780TB,200만,"5년 , 제한보증",방열판 포함,"M.2 (2280) / PCIe4.0x4 (64GT/s) / TLC / DRAM 탑재 / 컨트롤러: 실리콘모션 SM2264 / [성능] 순차읽기: 7,400MB/s / 순차쓰기: 6,400MB/s / 읽기IOPS: 730K / 쓰기IOPS: 610K / [지원기능] ECC / SLC캐싱 / S.M.A.R.T / TRIM / AES 암호화 / 전용 S/W / [환경특성] MTBF: 200만 / TBW: 780TB / PS5 호환 / A/S기간: 5년 , 제한보증 / 방열판 포함 / 두께: 4.68mm / 11g",2025/11,ok,
2026-10-01T01:29:14+00:00,101016107,ADATA LEGEND 960 M.2 NVMe 파인인포 (2TB),https://prod.danawa.com/info/?pcode=101016107&cate=11229608,M.2 (2280),PCIe4.0x4 (64GT/s),2TB,TLC,DRAM 탑재,실리콘모션 SM2264,"7,400MB/s","6,800MB/s",750K,630K,"1,650TB",200만,"5년 , 제한보증",방열판 포함,"M.2 (2280) / PCIe4.0x4 (64GT/s) / TLC / DRAM 탑재 / 컨트롤러: 실리콘모션 SM2264 / [성능] 순차읽기: 7,400MB/s / 순차쓰기: 6,800MB/s / 읽기IOPS: 750K / 쓰기IOPS: 630K / [지원기능] TRIM / S.M.A.R.T / SLC캐싱 / ECC / AES 암호화 / 전용 S/W / [환경특성] MTBF: 200만 / TBW: 1,650TB / PS5 호환 / A/S기간: 5년 , 제한보증 / 방열판 포함 / 두께: 4.68mm / 11g",2025/11,ok,
2026-10-01T01:29:14+00:00,19953977,ADATA Ultimate SU650 (1TB),https://prod.danawa.com/info/?pcode=19953977&cate=11229608,6.4cm(2.5형),SATA3 (6Gb/s),1TB,,,Maxio,520MB/s,450MB/s,40K,75K,560TB,200만,"3년 , 제한보증",,"6.4cm(2.5형) / SATA3 (6Gb/s) / 컨트롤러: Maxio / [성능] 순차읽기: 520MB/s / 순차쓰기: 450MB/s / 읽기IOPS: 40K / 쓰기IOPS: 75K / [지원기능] TRIM / ECC / SLC캐싱 / S.M.A.R.T / 전용 S/W / [환경특성] MTBF: 200만 / TBW: 560TB / A/S기간: 3년 , 제한보증 / 두께: 7mm / 50.8g / [기타] 25년 2월부로 유통사 요청에 의한 메모리 타입 정보 삭제",2023/04,ok,
2026-10-01T01:29:14+00:00,15222089,ADATA Ultimate SU650 (256GB),https://prod.danawa.com/info/?pcode=15222089&cate=11229608,6.4cm(2.5형),SATA3 (6Gb/s),256GB,,,Maxio,520MB/s,450MB/s,40K,75K,140TB,200만,"3년 , 제한보증",,"6.4cm(2.5형) / SATA3 (6Gb/s) / 컨트롤러: Maxio / [성능] 순차읽기: 520MB/s / 순차쓰기: 450MB/s / 읽기IOPS: 40K / 쓰기IOPS: 75K / [지원기능] TRIM / ECC / SLC캐싱 / S.M.A.R.T / 전용 S/W / [환경특성] MTBF: 200만 / TBW: 140TB / A/S기간: 3년 , 제한보증 / 두께: 7mm / 50.8g / [기타] 25년 2월부로 유통사 요청에 의한 메모리 타입 정보 삭제",2021/09,ok,
2026-10-01T01:29:14+00:00,76512914,ADATA Ultimate SU650 (2TB),https://prod.danawa.com/info/?pcode=76512914&cate=11229608,6.4cm(2.5형),SATA3 (6Gb/s),2TB,,,Maxio,520MB/s,450MB/s,,,"1,120TB",200만,"3년 , 제한보증",,"6.4cm(2.5형) / SATA3 (6Gb/s) / 컨트롤러: Maxio / [성능] 순차읽기: 520MB/s / 순차쓰기: 450MB/s / [지원기능] TRIM / ECC / SLC캐싱 / S.M.A.R.T / 전용 S/W / [환경특성] MTBF: 200만 / TBW: 1,120TB / A/S기간: 3년 , 제한보증 / 두께: 7mm / 50.8g / 25년 2월부로 유통사 요청에 의한 메모리 타입 정보 삭제",2025/02,ok,
2026-10-01T01:29:14+00:00,16677893,ADATA Ultimate SU650 (512GB),https://prod.danawa.com/info/?pcode=16677893&cate=11229608,6.4cm(2.5형),SATA3 (6Gb/s),512GB,,,Maxio,520MB/s,450MB/s,40K,75K,280TB,200만,"제한보증 , 3년",,"6.4cm(2.5형) / SATA3 (6Gb/s) / 컨트롤러: Maxio / [성능] 순차읽기: 520MB/s / 순차쓰기: 450MB/s / 읽기IOPS: 40K / 쓰기IOPS: 75K / [지원기능] TRIM / ECC / SLC캐싱 / S.M.A.R.T / 전용 S/W / [환경특성] MTBF: 200만 / TBW: 280TB / A/S기간: 제한보증 , 3년 / 두께: 7mm / 50.8g / [기타] 25년 2월부로 유통사 요청에 의한 메모리 타입 정보 삭제",2022/03,ok,
2026-10-01T01:29:14+00:00,102552866,ADATA Ultimate SU650 파인인포 (1TB),https://prod.danawa.com/info/?pcode=102552866&cate=11229608,6.4cm(2.5형),SATA3 (6Gb/s),1TB,,,Maxio,520MB/s,450MB/s,40K,75K,560TB,200만,"제한보증 , 3년",,"6.4cm(2.5형) / SATA3 (6Gb/s) / 컨트롤러: Maxio / [성능] 순차읽기: 520MB/s / 순차쓰기: 450MB/s / 읽기IOPS: 40K / 쓰기IOPS: 75K / [지원기능] TRIM / ECC / SLC캐싱 / S.M.A.R.T / 전용 S/W / [환경특성] MTBF: 200만 / TBW: 560TB / A/S기간: 제한보증 , 3년 / 두께: 7mm / 50.8g",2025/12,ok,
2026-10-01T01:29:14+00:00,102552941,ADATA Ultimate SU650 파인인포 (256GB),https://prod.danawa.com/info/?pcode=102552941&cate=11229608,6.4cm(2.5형),SATA3 (6Gb/s),256GB,,,Maxio,520MB/s,450MB/s,40K,75K,140TB,200만,"3년 , 제한보증",,"6.4cm(2.5형) / SATA3 (6Gb/s) / 컨트롤러: Maxio / [성능] 순차읽기: 520MB/s / 순차쓰기: 450MB/s / 읽기IOPS: 40K / 쓰기IOPS: 75K / [지원기능] TRIM / ECC / SLC캐싱 / S.M.A.R.T / 전용 S/W / [환경특성] MTBF: 200만 / TBW: 140TB / A/S기간: 3년 , 제한보증 / 두께: 7mm / 50.8g",2025/12,ok,
2026-10-01T01:29:14+00:00,102552779,ADATA Ultimate SU650 파인인포 (2TB),https://prod.danawa.com/info/?pcode=102552779&cate=11229608,6.4cm(2.5형),SATA3 (6Gb/s),2TB,,,Maxio,520MB/s,450MB/s,,,"1,120TB",200만,"3년 , 제한보증",,"6.4cm(2.5형) / SATA3 (6Gb/s) / 컨트롤러: Maxio / [성능] 순차읽기: 520MB/s / 순차쓰기: 450MB/s / [지원기능] TRIM / S.M.A.R.T / SLC캐싱 / ECC / 전용 S/W / [환경특성] MTBF: 200만 / TBW: 1,120TB / A/S기간: 3년 , 제한보증 / 두께: 7mm / 50.8g",2025/12,ok,
2026-10-01T01:29:14+00:00,102552920,ADATA Ultimate SU650 파인인포 (512GB),https://prod.danawa.com/info/?pcode=102552920&cate=11229608,6.4cm(2.5형),SATA3 (6Gb/s),512GB,,,Maxio,520MB/s,450MB/s,40K,75K,280TB,200만,"제한보증 , 3년",,"6.4cm(2.5형) / SATA3 (6Gb/s) / 컨트롤러: Maxio / [성능] 순차읽기: 520MB/s / 순차쓰기: 450MB/s / 읽기IOPS: 40K / 쓰기IOPS: 75K / [지원기능] TRIM / ECC / SLC캐싱 / S.M.A.R.T / 전용 S/W / [환경특성] MTBF: 200만 / TBW: 280TB / A/S기간: 제한보증 , 3년 / 두께: 7mm / 50.8g",2025/12,ok,
2026-10-01T01:29:14+00:00,6476453,ADATA Ultimate SU800 (1TB),https://prod.danawa.com/info/?pcode=6476453&cate=11229608,6.4cm(2.5형),SATA3 (6Gb/s),1TB,TLC,DRAM 탑재,실리콘모션 SM2258,560MB/s,520MB/s,최대 88K,최대 80K,800TB,200만,"3년 , 제한보증",,"6.4cm(2.5형) / SATA3 (6Gb/s) / TLC / DRAM 탑재 / 컨트롤러: 실리콘모션 SM2258 / [성능] 순차읽기: 560MB/s / 순차쓰기: 520MB/s / 읽기IOPS: 최대 88K / 쓰기IOPS: 최대 80K / [지원기능] TRIM / ECC / DEVSLP / GC / SLC캐싱 / S.M.A.R.T / 전용 S/W / [환경특성] MTBF: 200만 / TBW: 800TB / A/S기간: 3년 , 제한보증 / 두께: 7mm / [기타] 유통사 확인요망",2016/08,ok,
2026-10-01T01:29:14+00:00,6476441,ADATA Ultimate SU800 (512GB),https://prod.danawa.com/info/?pcode=6476441&cate=11229608,6.4cm(2.5형),SATA3 (6Gb/s),512GB,TLC,DRAM 탑재,실리콘모션 SM2258,560MB/s,520MB/s,최대 85K,최대 85K,400TB,200만,"3년 , 제한보증",,"6.4cm(2.5형) / SATA3 (6Gb/s) / TLC / DRAM 탑재 / 컨트롤러: 실리콘모션 SM2258 / [성능] 순차읽기: 560MB/s / 순차쓰기: 520MB/s / 읽기IOPS: 최대 85K / 쓰기IOPS: 최대 85K / [지원기능] GC / S.M.A.R.T / SLC캐싱 / TRIM / ECC / DEVSLP / 전용 S/W / [환경특성] MTBF: 200만 / TBW: 400TB / A/S기간: 3년 , 제한보증 / 두께: 7mm / [기타] 유통사 확인요망",2016/08,ok,
2026-10-01T01:29:14+00:00,11036931,ADATA XPG GAMMIX S11 PRO M.2 NVMe 해외구매 (256GB),https://prod.danawa.com/info/?pcode=11036931&cate=11229608,M.2 (2280),PCIe3.0x4 (32GT/s),256GB,TLC,DRAM 탑재,실리콘모션,"3,500MB/s","1,200MB/s",최대 220K,최대 290K,160TB,200만,,방열판 포함,"M.2 (2280) / PCIe3.0x4 (32GT/s) / TLC / DRAM 탑재 / 컨트롤러: 실리콘모션 / [성능] 순차읽기: 3,500MB/s / 순차쓰기: 1,200MB/s / 읽기IOPS: 최대 220K / 쓰기IOPS: 최대 290K / [지원기능] ECC / SLC캐싱 / 전용 S/W / [환경특성] MTBF: 200만 / TBW: 160TB / 방열판 포함 / 두께: 6.1mm / 11g",2019/02,ok,
2026-10-01T01:29:14+00:00,31950257,ADATA XPG GAMMIX S60 M.2 NVMe (1TB),https://prod.danawa.com/info/?pcode=31950257&cate=11229608,M.2 (2280),PCIe4.0x4 (64GT/s),1TB,,,기타,"5,000MB/s","3,200MB/s",,,250TB,150만,"5년 , 제한보증",방열판 포함,"M.2 (2280) / PCIe4.0x4 (64GT/s) / 컨트롤러: 기타 / [성능] 순차읽기: 5,000MB/s / 순차쓰기: 3,200MB/s / [지원기능] ECC / HMB / SLC캐싱 / AES 암호화 / 전용 S/W / [환경특성] MTBF: 150만 / TBW: 250TB / A/S기간: 5년 , 제한보증 / 방열판 포함 / 두께: 3.15mm / 8g",2024/01,ok,
2026-10-01T01:29:14+00:00,108354608,ADATA XPG GAMMIX S70 BLADE M.2 NVMe 파인인포 (1TB),https://prod.danawa.com/info/?pcode=108354608&cate=11229608,M.2 (2280),PCIe4.0x4 (64GT/s),1TB,TLC,DRAM 탑재,Innogrit IG5236,"7,400MB/s","5,500MB/s",740K,740K,740TB,200만,"5년 , 제한보증",방열판 포함,"M.2 (2280) / PCIe4.0x4 (64GT/s) / TLC / DRAM 탑재 / DDR4 1GB / 컨트롤러: Innogrit IG5236 / [성능] 순차읽기: 7,400MB/s / 순차쓰기: 5,500MB/s / 읽기IOPS: 740K / 쓰기IOPS: 740K / [지원기능] TRIM / S.M.A.R.T / SLC캐싱 / ECC / AES 암호화 / 전용 S/W / [환경특성] MTBF: 200만 / TBW: 740TB / PS5 호환 / A/S기간: 5년 , 제한보증 / 방열판 포함 / 두께: 4.3mm / 11g",2026/03,ok,
2026-10-01T01:29:14+00:00,108354521,ADATA XPG GAMMIX S70 BLADE M.2 NVMe 파인인포 (2TB),https://prod.danawa.com/info/?pcode=108354521&cate=11229608,M.2 (2280),PCIe4.0x4 (64GT/s),2TB,TLC,DRAM 탑재,Innogrit IG5236,"7,400MB/s","6,800MB/s",750K,750K,"1,480TB",200만,"5년 , 제한보증",방열판 포함,"M.2 (2280) / PCIe4.0x4 (64GT/s) / TLC / DRAM 탑재 / DDR4 2GB / 컨트롤러: Innogrit IG5236 / [성능] 순차읽기: 7,400MB/s / 순차쓰기: 6,800MB/s / 읽기IOPS: 750K / 쓰기IOPS: 750K / [지원기능] TRIM / S.M.A.R.T / SLC캐싱 / ECC / AES 암호화 / 전용 S/W / [환경특성] MTBF: 200만 / TBW: 1,480TB / PS5 호환 / A/S기간: 5년 , 제한보증 / 방열판 포함 / 두께: 4.3mm / 11g",2026/03,ok,
2026-10-01T01:29:14+00:00,108354569,ADATA XPG GAMMIX S70 BLADE M.2 NVMe 파인인포 (512GB),https://prod.danawa.com/info/?pcode=108354569&cate=11229608,M.2 (2280),PCIe4.0x4 (64GT/s),512GB,TLC,DRAM 탑재,Innogrit IG5236,"7,200MB/s","2,600MB/s",425K,510K,370TB,200만,"5년 , 제한보증",방열판 포함,"M.2 (2280) / PCIe4.0x4 (64GT/s) / TLC / DRAM 탑재 / 컨트롤러: Innogrit IG5236 / [성능] 순차읽기: 7,200MB/s / 순차쓰기: 2,600MB/s / 읽기IOPS: 425K / 쓰기IOPS: 510K / [지원기능] TRIM / S.M.A.R.T / SLC캐싱 / ECC / AES 암호화 / 전용 S/W / [환경특성] MTBF: 200만 / TBW: 370TB / PS5 호환 / A/S기간: 5년 , 제한보증 / 방열판 포함 / 두께: 4.3mm / 11g",2026/03,ok,
2026-10-01T01:29:14+00:00,15562385,ADATA XPG GAMMIX S70 BLADE M.2 NVMe 해외구매 (2TB),https://prod.danawa.com/info/?pcode=15562385&cate=11229608,M.2 (2280),PCIe4.0x4 (64GT/s),2TB,TLC,DRAM 탑재,InnoGrit,"7,400MB/s","6,800MB/s",750K,750K,"1,480TB",200만,,방열판 포함,"M.2 (2280) / PCIe4.0x4 (64GT/s) / TLC / DRAM 탑재 / DDR4 2GB / 컨트롤러: InnoGrit / [성능] 순차읽기: 7,400MB/s / 순차쓰기: 6,800MB/s / 읽기IOPS: 750K / 쓰기IOPS: 750K / [지원기능] TRIM / S.M.A.R.T / SLC캐싱 / ECC / AES 암호화 / [환경특성] MTBF: 200만 / TBW: 1,480TB / PS5 호환 / 방열판 포함 / 두께: 4.3mm / 10g",2021/11,ok,
2026-10-01T01:29:14+00:00,107989082,ADATA XPG MARS 970 Plus M.2 NVMe (1TB),https://prod.danawa.com/info/?pcode=107989082&cate=11229608,M.2 (2280),PCIe5.0x4 (128GT/s),1TB,TLC,,기타,"10,500MB/s","9,500MB/s","1,600K","1,400K",600TB,200만,"5년 , 제한보증",방열판 포함,"M.2 (2280) / PCIe5.0x4 (128GT/s) / TLC / 컨트롤러: 기타 / [성능] 순차읽기: 10,500MB/s / 순차쓰기: 9,500MB/s / 읽기IOPS: 1,600K / 쓰기IOPS: 1,400K / [지원기능] TRIM / ECC / HMB / SLC캐싱 / S.M.A.R.T / 전용 S/W / [환경특성] MTBF: 200만 / TBW: 600TB / PS5 호환 / A/S기간: 5년 , 제한보증 / 방열판 포함 / 두께: 3.9mm / 10g",2026/03,ok,
2026-10-01T01:29:14+00:00,107989058,ADATA XPG MARS 970 Plus M.2 NVMe (2TB),https://prod.danawa.com/info/?pcode=107989058&cate=11229608,M.2 (2280),PCIe5.0x4 (128GT/s),2TB,TLC,,기타,"11,000MB/s","10,000MB/s","1,600K","1,400K","1,200TB",200만,"제한보증 , 5년",방열판 포함,"M.2 (2280) / PCIe5.0x4 (128GT/s) / TLC / 컨트롤러: 기타 / [성능] 순차읽기: 11,000MB/s / 순차쓰기: 10,000MB/s / 읽기IOPS: 1,600K / 쓰기IOPS: 1,400K / [지원기능] HMB / TRIM / ECC / SLC캐싱 / S.M.A.R.T / 전용 S/W / [환경특성] MTBF: 200만 / TBW: 1,200TB / PS5 호환 / A/S기간: 제한보증 , 5년 / 방열판 포함 / 두께: 3.9mm / 10g",2026/03,ok,
2026-10-01T01:29:14+00:00,88133900,ADATA XPG MARS 980 BLADE M.2 NVMe (1TB),https://prod.danawa.com/info/?pcode=88133900&cate=11229608,M.2 (2280),PCIe5.0x4 (128GT/s),1TB,TLC,DRAM 탑재,실리콘모션 SM2508,"14,000MB/s","10,000MB/s","1,600K","1,650K",740TB,160만,"제한보증 , 5년",방열판 포함,"M.2 (2280) / PCIe5.0x4 (128GT/s) / TLC / DRAM 탑재 / 컨트롤러: 실리콘모션 SM2508 / [성능] 순차읽기: 14,000MB/s / 순차쓰기: 10,000MB/s / 읽기IOPS: 1,600K / 쓰기IOPS: 1,650K / [지원기능] ECC / SLC캐싱 / S.M.A.R.T / 전용 S/W / [환경특성] MTBF: 160만 / TBW: 740TB / PS5 호환(6,100MB/s) / A/S기간: 제한보증 , 5년 / 방열판 포함 / 두께: 4.5mm / 12g",2025/04,ok,
2026-10-01T01:29:14+00:00,88133846,ADATA XPG MARS 980 BLADE M.2 NVMe (2TB),https://prod.danawa.com/info/?pcode=88133846&cate=11229608,M.2 (2280),PCIe5.0x4 (128GT/s),2TB,TLC,DRAM 탑재,실리콘모션 SM2508,"14,000MB/s","13,000MB/s","2,000K","1,650K","1,480TB",160만,"5년 , 제한보증",방열판 포함,"M.2 (2280) / PCIe5.0x4 (128GT/s) / TLC / DRAM 탑재 / 컨트롤러: 실리콘모션 SM2508 / [성능] 순차읽기: 14,000MB/s / 순차쓰기: 13,000MB/s / 읽기IOPS: 2,000K / 쓰기IOPS: 1,650K / [지원기능] ECC / SLC캐싱 / S.M.A.R.T / 전용 S/W / [환경특성] MTBF: 160만 / TBW: 1,480TB / PS5 호환(6,500MB/s) / A/S기간: 5년 , 제한보증 / 방열판 포함 / 두께: 4.5mm / 12g",2025/04,ok,
2026-10-01T01:29:14+00:00,7175386,ADATA XPG SX6000 Lite M.2 NVMe (256GB),https://prod.danawa.com/info/?pcode=7175386&cate=11229608,M.2 (2280),PCIe3.0x4 (32GT/s),256GB,TLC,,Realtek,"1,800MB/s",900MB/s,최대 100K,최대 170K,120TB,180만,"3년 , 제한보증",,"M.2 (2280) / PCIe3.0x4 (32GT/s) / TLC / 컨트롤러: Realtek / [성능] 순차읽기: 1,800MB/s / 순차쓰기: 900MB/s / 읽기IOPS: 최대 100K / 쓰기IOPS: 최대 170K / [지원기능] HMB / TRIM / ECC / SLC캐싱 / S.M.A.R.T / AES 암호화 / [환경특성] MTBF: 180만 / TBW: 120TB / A/S기간: 3년 , 제한보증 / 방열판 제공(탈거가능) / 두께: 2.15mm / 8g / [기타] 방열판 별도 제공 / 유통사 확인요망",2019/02,ok,
2026-10-01T01:29:14+00:00,102552977,ADATA XPG SX8200 Pro M.2 NVMe 파인인포 (512GB),https://prod.danawa.com/info/?pcode=102552977&cate=11229608,M.2 (2280),PCIe3.0x4 (32GT/s),512GB,TLC,DRAM 탑재,실리콘모션,"3,500MB/s","2,350MB/s",390K,380K,320TB,200만,"5년 , 제한보증",,"M.2 (2280) / PCIe3.0x4 (32GT/s) / TLC / DRAM 탑재 / DDR3 512MB / 컨트롤러: 실리콘모션 / [성능] 순차읽기: 3,500MB/s / 순차쓰기: 2,350MB/s / 읽기IOPS: 390K / 쓰기IOPS: 380K / [지원기능] TRIM / S.M.A.R.T / SLC캐싱 / ECC / AES 암호화 / [환경특성] MTBF: 200만 / TBW: 320TB / A/S기간: 5년 , 제한보증 / 방열판 제공(탈거가능) / 두께: 3.5mm / 8g",2025/12,ok,
2026-10-01T01:29:14+00:00,122710455,AFOX ME250 M.2 NVMe (1TB),https://prod.danawa.com/info/?pcode=122710455&cate=11229608,M.2 (2280),PCIe3.0x4 (32GT/s),1TB,QLC,,기타,"3,370MB/s","1,704MB/s",,,,,"3년 , 제한보증",방열판 미포함,"M.2 (2280) / PCIe3.0x4 (32GT/s) / QLC / 컨트롤러: 기타 / [성능] 순차읽기: 3,370MB/s / 순차쓰기: 1,704MB/s / [지원기능] TRIM / S.M.A.R.T / [환경특성] A/S기간: 3년 , 제한보증 / 방열판 미포함",2026/06,ok,
2026-10-01T01:29:14+00:00,122698298,AFOX ME250 M.2 NVMe (512GB),https://prod.danawa.com/info/?pcode=122698298&cate=11229608,M.2 (2280),PCIe3.0x4 (32GT/s),512GB,QLC,,기타,"3,310MB/s","2,629MB/s",,,,,"3년 , 제한보증",방열판 미포함,"M.2 (2280) / PCIe3.0x4 (32GT/s) / QLC / 컨트롤러: 기타 / [성능] 순차읽기: 3,310MB/s / 순차쓰기: 2,629MB/s / [지원기능] TRIM / S.M.A.R.T / [환경특성] A/S기간: 3년 , 제한보증 / 방열판 미포함",2026/06,ok,
2026-10-01T01:29:14+00:00,122679334,AGI AI238 (1TB),https://prod.danawa.com/info/?pcode=122679334&cate=11229608,6.4cm(2.5형),SATA3 (6Gb/s),1TB,,,기타,550MB/s,510MB/s,,,500TB,150만,"3년 , 제한보증",,"6.4cm(2.5형) / SATA3 (6Gb/s) / 컨트롤러: 기타 / [성능] 순차읽기: 550MB/s / 순차쓰기: 510MB/s / [지원기능] TRIM / ECC / SLC캐싱 / S.M.A.R.T / [환경특성] MTBF: 150만 / TBW: 500TB / A/S기간: 3년 , 제한보증",2026/05,ok,
2026-10-01T01:29:14+00:00,122679370,AGI AI238 (256GB),https://prod.danawa.com/info/?pcode=122679370&cate=11229608,6.4cm(2.5형),SATA3 (6Gb/s),256GB,,,기타,530MB/s,510MB/s,,,150TB,150만,"3년 , 제한보증",,"6.4cm(2.5형) / SATA3 (6Gb/s) / 컨트롤러: 기타 / [성능] 순차읽기: 530MB/s / 순차쓰기: 510MB/s / [지원기능] TRIM / ECC / SLC캐싱 / S.M.A.R.T / [환경특성] MTBF: 150만 / TBW: 150TB / A/S기간: 3년 , 제한보증",2026/05,ok,
2026-10-01T01:29:14+00:00,122679355,AGI AI238 (512GB),https://prod.danawa.com/info/?pcode=122679355&cate=11229608,6.4cm(2.5형),SATA3 (6Gb/s),512GB,,,기타,530MB/s,510MB/s,,,300TB,150만,"3년 , 제한보증",,"6.4cm(2.5형) / SATA3 (6Gb/s) / 컨트롤러: 기타 / [성능] 순차읽기: 530MB/s / 순차쓰기: 510MB/s / [지원기능] TRIM / ECC / SLC캐싱 / S.M.A.R.T / [환경특성] MTBF: 150만 / TBW: 300TB / A/S기간: 3년 , 제한보증",2026/05,ok,
2026-10-01T01:29:14+00:00,101725166,AGI AI238 M.2 SATA (512GB),https://prod.danawa.com/info/?pcode=101725166&cate=11229608,M.2 (2280),SATA3 (6Gb/s),512GB,QLC,,기타,550MB/s,510MB/s,,,300TB,150만,"제한보증 , 3년",,"M.2 (2280) / SATA3 (6Gb/s) / QLC / 컨트롤러: 기타 / [성능] 순차읽기: 550MB/s / 순차쓰기: 510MB/s / [지원기능] TRIM / SLC캐싱 / S.M.A.R.T / [환경특성] MTBF: 150만 / TBW: 300TB / A/S기간: 제한보증 , 3년 / 두께: 3.5mm / 6g",2025/12,ok,
2026-10-01T01:29:14+00:00,123763088,AGI AI238 해외구매 (1TB),https://prod.danawa.com/info/?pcode=123763088&cate=11229608,6.4cm(2.5형),SATA3 (6Gb/s),1TB,,,기타,550MB/s,510MB/s,,,500TB,150만,,,6.4cm(2.5형) / SATA3 (6Gb/s) / 컨트롤러: 기타 / [성능] 순차읽기: 550MB/s / 순차쓰기: 510MB/s / [지원기능] TRIM / S.M.A.R.T / SLC캐싱 / ECC / [환경특성] MTBF: 150만 / TBW: 500TB,2026/08,ok,
2026-10-01T01:29:14+00:00,101724923,AGI AI298 M.2 NVMe (1TB),https://prod.danawa.com/info/?pcode=101724923&cate=11229608,M.2 (2280),PCIe3.0x4 (32GT/s),1TB,QLC,,기타,"3,200MB/s","1,700MB/s",,,600TB,160만,"3년 , 제한보증",방열판 미포함,"M.2 (2280) / PCIe3.0x4 (32GT/s) / QLC / 컨트롤러: 기타 / [성능] 순차읽기: 3,200MB/s / 순차쓰기: 1,700MB/s / [지원기능] TRIM / ECC / SLC캐싱 / S.M.A.R.T / [환경특성] MTBF: 160만 / TBW: 600TB / A/S기간: 3년 , 제한보증 / 방열판 미포함 / 두께: 3.5mm / 5g",2025/12,ok,
2026-10-01T01:29:14+00:00,101724911,AGI AI298 M.2 NVMe (512GB),https://prod.danawa.com/info/?pcode=101724911&cate=11229608,M.2 (2280),PCIe3.0x4 (32GT/s),512GB,QLC,,기타,"3,000MB/s","1,400MB/s",,,300TB,160만,"3년 , 제한보증",방열판 미포함,"M.2 (2280) / PCIe3.0x4 (32GT/s) / QLC / 컨트롤러: 기타 / [성능] 순차읽기: 3,000MB/s / 순차쓰기: 1,400MB/s / [지원기능] S.M.A.R.T / SLC캐싱 / TRIM / ECC / [환경특성] MTBF: 160만 / TBW: 300TB / A/S기간: 3년 , 제한보증 / 방열판 미포함 / 두께: 3.5mm / 5g",2025/12,ok,
2026-10-01T01:29:14+00:00,122684865,AGI AI298 M.2 NVMe 서린 (1TB),https://prod.danawa.com/info/?pcode=122684865&cate=11229608,M.2 (2280),PCIe3.0x4 (32GT/s),1TB,QLC,,기타,"3,200MB/s","1,700MB/s",,,600TB,160만,"3년 , 제한보증",방열판 미포함,"M.2 (2280) / PCIe3.0x4 (32GT/s) / QLC / 컨트롤러: 기타 / [성능] 순차읽기: 3,200MB/s / 순차쓰기: 1,700MB/s / [지원기능] TRIM / ECC / HMB / SLC캐싱 / S.M.A.R.T / [환경특성] MTBF: 160만 / TBW: 600TB / A/S기간: 3년 , 제한보증 / 방열판 미포함 / 두께: 3.5mm / 5g",2026/06,ok,
2026-10-01T01:29:14+00:00,122684878,AGI AI298 M.2 NVMe 서린 (512GB),https://prod.danawa.com/info/?pcode=122684878&cate=11229608,M.2 (2280),PCIe3.0x4 (32GT/s),512GB,QLC,,기타,"3,000MB/s","1,400MB/s",,,300TB,160만,"제한보증 , 3년",방열판 미포함,"M.2 (2280) / PCIe3.0x4 (32GT/s) / QLC / 컨트롤러: 기타 / [성능] 순차읽기: 3,000MB/s / 순차쓰기: 1,400MB/s / [지원기능] HMB / TRIM / ECC / SLC캐싱 / S.M.A.R.T / [환경특성] MTBF: 160만 / TBW: 300TB / A/S기간: 제한보증 , 3년 / 방열판 미포함 / 두께: 3.5mm / 5g",2026/06,ok,
2026-10-01T01:29:14+00:00,95849339,AGI AI818 M.2 NVMe (1TB),https://prod.danawa.com/info/?pcode=95849339&cate=11229608,M.2 (2280),PCIe4.0x4 (64GT/s),1TB,QLC,,기타,"4,700MB/s","2,800MB/s",,,600TB,160만,"5년 , 제한보증",방열판 미포함,"M.2 (2280) / PCIe4.0x4 (64GT/s) / QLC / 컨트롤러: 기타 / [성능] 순차읽기: 4,700MB/s / 순차쓰기: 2,800MB/s / [지원기능] S.M.A.R.T / SLC캐싱 / TRIM / ECC / [환경특성] MTBF: 160만 / TBW: 600TB / A/S기간: 5년 , 제한보증 / 방열판 미포함 / 두께: 2.1mm / 7.5g",2025/08,ok,
2026-10-01T01:29:14+00:00,95849288,AGI AI818 M.2 NVMe (2TB),https://prod.danawa.com/info/?pcode=95849288&cate=11229608,M.2 (2280),PCIe4.0x4 (64GT/s),2TB,QLC,,기타,"5,200MB/s","4,700MB/s",,,"1,200TB",160만,"5년 , 제한보증",방열판 미포함,"M.2 (2280) / PCIe4.0x4 (64GT/s) / QLC / 컨트롤러: 기타 / [성능] 순차읽기: 5,200MB/s / 순차쓰기: 4,700MB/s / [지원기능] TRIM / ECC / SLC캐싱 / S.M.A.R.T / [환경특성] MTBF: 160만 / TBW: 1,200TB / A/S기간: 5년 , 제한보증 / 방열판 미포함 / 두께: 2.1mm / 7.5g",2025/08,ok,
2026-10-01T01:29:14+00:00,123764697,AGI AI818 M.2 NVMe 서린 (1TB),https://prod.danawa.com/info/?pcode=123764697&cate=11229608,M.2 (2280),PCIe4.0x4 (64GT/s),1TB,QLC,,기타,"4,700MB/s","2,800MB/s",,,600TB,160만,"5년 , 제한보증",방열판 미포함,"M.2 (2280) / PCIe4.0x4 (64GT/s) / QLC / 컨트롤러: 기타 / [성능] 순차읽기: 4,700MB/s / 순차쓰기: 2,800MB/s / [지원기능] TRIM / S.M.A.R.T / SLC캐싱 / ECC / [환경특성] MTBF: 160만 / TBW: 600TB / A/S기간: 5년 , 제한보증 / 방열판 미포함 / 두께: 2.1mm / 7.5g",2026/08,ok,
2026-10-01T01:29:14+00:00,122684963,AGI AI828 M.2 NVMe (1TB),https://prod.danawa.com/info/?pcode=122684963&cate=11229608,M.2 (2280),PCIe4.0x4 (64GT/s),1TB,QLC,,기타,"7,400MB/s","5,200MB/s",,,750TB,160만,"제한보증 , 5년",방열판 포함,"M.2 (2280) / PCIe4.0x4 (64GT/s) / QLC / 컨트롤러: 기타 / [성능] 순차읽기: 7,400MB/s / 순차쓰기: 5,200MB/s / [지원기능] TRIM / ECC / SLC캐싱 / S.M.A.R.T / [환경특성] MTBF: 160만 / TBW: 750TB / PS5 호환 / A/S기간: 제한보증 , 5년 / 방열판 포함 / 두께: 9mm / 28g",2025/09,ok,
2026-10-01T01:29:14+00:00,123683237,AGI AI828 M.2 NVMe (512GB),https://prod.danawa.com/info/?pcode=123683237&cate=11229608,M.2 (2280),PCIe4.0x4 (64GT/s),512GB,QLC,,기타,"6,400MB/s","3,200MB/s",,,350TB,160만,"5년 , 제한보증",방열판 포함,"M.2 (2280) / PCIe4.0x4 (64GT/s) / QLC / 컨트롤러: 기타 / [성능] 순차읽기: 6,400MB/s / 순차쓰기: 3,200MB/s / [지원기능] TRIM / S.M.A.R.T / SLC캐싱 / ECC / [환경특성] MTBF: 160만 / TBW: 350TB / PS5 호환 / A/S기간: 5년 , 제한보증 / 방열판 포함 / 두께: 9mm / 28g",2025/09,ok,
2026-10-01T01:29:14+00:00,95849606,AGI AI838 M.2 NVMe (1TB),https://prod.danawa.com/info/?pcode=95849606&cate=11229608,M.2 (2280),PCIe4.0x4 (64GT/s),1TB,TLC,DRAM 탑재,기타,"7,400MB/s","5,500MB/s",,,750TB,200만,"5년 , 제한보증",방열판 포함,"M.2 (2280) / PCIe4.0x4 (64GT/s) / TLC / DRAM 탑재 / DDR4 1GB / 컨트롤러: 기타 / [성능] 순차읽기: 7,400MB/s / 순차쓰기: 5,500MB/s / [지원기능] TRIM / SLC캐싱 / S.M.A.R.T / [환경특성] MTBF: 200만 / TBW: 750TB / PS5 호환 / A/S기간: 5년 , 제한보증 / 방열판 포함 / 두께: 5.4mm / 7.5g",2025/08,ok,
2026-10-01T01:29:14+00:00,122680508,AGI AI858 M.2 NVMe (1TB),https://prod.danawa.com/info/?pcode=122680508&cate=11229608,M.2 (2280),PCIe5.0x4 (128GT/s),1TB,,DRAM 탑재,실리콘모션 SMI2508,"14,000MB/s","10,000MB/s",,,750TB,160만,"5년 , 제한보증",방열판 포함,"M.2 (2280) / PCIe5.0x4 (128GT/s) / DRAM 탑재 / 컨트롤러: 실리콘모션 SMI2508 / [성능] 순차읽기: 14,000MB/s / 순차쓰기: 10,000MB/s / [지원기능] TRIM / ECC / SLC캐싱 / S.M.A.R.T / [환경특성] MTBF: 160만 / TBW: 750TB / PS5 호환 / A/S기간: 5년 , 제한보증 / 방열판 포함 / 두께: 11mm / 23g",2026/05,ok,
2026-10-01T01:29:14+00:00,45257951,ASUS HYPER M.2 x16 Gen 5 CARD 해외구매,https://prod.danawa.com/info/?pcode=45257951&cate=11229608,변환 컨버터,PCIe5.0x16 (최대 512Gbps),,,,,,,,,,,,,변환 컨버터 / 크기 변환: M.2→PCIe 카드 / 인터페이스 변환: PCIe→PCIe(NVMe) / SSD전용 / 보관(장착) 개수: 최대 4개 / 두께: 15mm / PCIe5.0x16 (최대 512Gbps) / M.2 4개 슬롯,2024/04,ok,
2026-10-01T01:29:14+00:00,122711229,Apacer AS2280F4L M.2 NVMe (1TB),https://prod.danawa.com/info/?pcode=122711229&cate=11229608,M.2 (2280),PCIe5.0x4 (128GT/s),1TB,,,기타,"10,400MB/s","8,600MB/s","1,300K","1,500K",600TB,150만,"5년 , 제한보증",방열판 미포함,"M.2 (2280) / PCIe5.0x4 (128GT/s) / 컨트롤러: 기타 / [성능] 순차읽기: 10,400MB/s / 순차쓰기: 8,600MB/s / 읽기IOPS: 1,300K / 쓰기IOPS: 1,500K / [지원기능] TRIM / S.M.A.R.T / SLC캐싱 / HMB / ECC / [환경특성] MTBF: 150만 / TBW: 600TB / PS5 호환 / A/S기간: 5년 , 제한보증 / 방열판 미포함 / 두께: 2.38mm",2026/06,ok,
2026-10-01T01:29:14+00:00,100329047,Apacer AS2280P4X M.2 NVMe (1TB),https://prod.danawa.com/info/?pcode=100329047&cate=11229608,M.2 (2280),PCIe3.0x4 (32GT/s),1TB,,,기타,"2,100MB/s","1,700MB/s",530K,420K,350TB,150만,"3년 , 제한보증",방열판 미포함,"M.2 (2280) / PCIe3.0x4 (32GT/s) / 컨트롤러: 기타 / [성능] 순차읽기: 2,100MB/s / 순차쓰기: 1,700MB/s / 읽기IOPS: 530K / 쓰기IOPS: 420K / [지원기능] ECC / SLC캐싱 / S.M.A.R.T / [환경특성] MTBF: 150만 / TBW: 350TB / A/S기간: 3년 , 제한보증 / 방열판 미포함 / 두께: 2.25mm / 6.8g",2025/11,ok,
2026-10-01T01:29:14+00:00,100329014,Apacer AS2280P4X M.2 NVMe (512GB),https://prod.danawa.com/info/?pcode=100329014&cate=11229608,M.2 (2280),PCIe3.0x4 (32GT/s),512GB,,,기타,"2,100MB/s","1,500MB/s",300K,420K,200TB,150만,"3년 , 제한보증",방열판 미포함,"M.2 (2280) / PCIe3.0x4 (32GT/s) / 컨트롤러: 기타 / [성능] 순차읽기: 2,100MB/s / 순차쓰기: 1,500MB/s / 읽기IOPS: 300K / 쓰기IOPS: 420K / [지원기능] ECC / SLC캐싱 / S.M.A.R.T / [환경특성] MTBF: 150만 / TBW: 200TB / A/S기간: 3년 , 제한보증 / 방열판 미포함 / 두께: 2.25mm / 6.8g",2025/11,ok,
2026-10-01T01:29:14+00:00,100328819,Apacer AS2280Q4X M.2 NVMe (1TB),https://prod.danawa.com/info/?pcode=100328819&cate=11229608,M.2 (2280),PCIe4.0x4 (64GT/s),1TB,,,기타,"5,000MB/s","4,400MB/s",750K,750K,600TB,150만,"3년 , 제한보증",방열판 미포함,"M.2 (2280) / PCIe4.0x4 (64GT/s) / 컨트롤러: 기타 / [성능] 순차읽기: 5,000MB/s / 순차쓰기: 4,400MB/s / 읽기IOPS: 750K / 쓰기IOPS: 750K / [지원기능] S.M.A.R.T / SLC캐싱 / ECC / [환경특성] MTBF: 150만 / TBW: 600TB / A/S기간: 3년 , 제한보증 / 방열판 미포함 / 두께: 2.25mm / 7.6g",2025/11,ok,
2026-10-01T01:29:14+00:00,100328870,Apacer AS2280Q4X M.2 NVMe (2TB),https://prod.danawa.com/info/?pcode=100328870&cate=11229608,M.2 (2280),PCIe4.0x4 (64GT/s),2TB,,,기타,"5,000MB/s","4,400MB/s",750K,750K,"1,200TB",150만,"3년 , 제한보증",방열판 미포함,"M.2 (2280) / PCIe4.0x4 (64GT/s) / 컨트롤러: 기타 / [성능] 순차읽기: 5,000MB/s / 순차쓰기: 4,400MB/s / 읽기IOPS: 750K / 쓰기IOPS: 750K / [지원기능] ECC / SLC캐싱 / S.M.A.R.T / [환경특성] MTBF: 150만 / TBW: 1,200TB / A/S기간: 3년 , 제한보증 / 방열판 미포함 / 두께: 2.25mm / 7.6g",2025/11,ok,
2026-10-01T01:29:14+00:00,100328783,Apacer AS2280Q4X M.2 NVMe (512GB),https://prod.danawa.com/info/?pcode=100328783&cate=11229608,M.2 (2280),PCIe4.0x4 (64GT/s),512GB,,,기타,"4,500MB/s","2,500MB/s",150K,300K,300TB,150만,"제한보증 , 3년",방열판 미포함,"M.2 (2280) / PCIe4.0x4 (64GT/s) / 컨트롤러: 기타 / [성능] 순차읽기: 4,500MB/s / 순차쓰기: 2,500MB/s / 읽기IOPS: 150K / 쓰기IOPS: 300K / [지원기능] ECC / SLC캐싱 / S.M.A.R.T / [환경특성] MTBF: 150만 / TBW: 300TB / A/S기간: 제한보증 , 3년 / 방열판 미포함 / 두께: 2.25mm / 7.6g",2025/11,ok,
2026-10-01T01:29:14+00:00,100382792,Apacer AS350X (1TB),https://prod.danawa.com/info/?pcode=100382792&cate=11229608,6.4cm(2.5형),SATA3 (6Gb/s),1TB,,,기타,560MB/s,540MB/s,93K,80K,600TB,150만,"3년 , 제한보증",,"6.4cm(2.5형) / SATA3 (6Gb/s) / 컨트롤러: 기타 / [성능] 순차읽기: 560MB/s / 순차쓰기: 540MB/s / 읽기IOPS: 93K / 쓰기IOPS: 80K / [지원기능] TRIM / ECC / SLC캐싱 / S.M.A.R.T / 전용 S/W / [환경특성] MTBF: 150만 / TBW: 600TB / A/S기간: 3년 , 제한보증 / 두께: 6.9mm / 48g",2025/11,ok,
2026-10-01T01:29:14+00:00,100382744,Apacer AS350X (256GB),https://prod.danawa.com/info/?pcode=100382744&cate=11229608,6.4cm(2.5형),SATA3 (6Gb/s),256GB,,,기타,560MB/s,540MB/s,81K,74K,180TB,150만,"제한보증 , 3년",,"6.4cm(2.5형) / SATA3 (6Gb/s) / 컨트롤러: 기타 / [성능] 순차읽기: 560MB/s / 순차쓰기: 540MB/s / 읽기IOPS: 81K / 쓰기IOPS: 74K / [지원기능] TRIM / ECC / SLC캐싱 / S.M.A.R.T / 전용 S/W / [환경특성] MTBF: 150만 / TBW: 180TB / A/S기간: 제한보증 , 3년 / 두께: 6.9mm / 48g",2025/11,ok,
2026-10-01T01:29:14+00:00,100382771,Apacer AS350X (512GB),https://prod.danawa.com/info/?pcode=100382771&cate=11229608,6.4cm(2.5형),SATA3 (6Gb/s),512GB,,,기타,560MB/s,540MB/s,87K,80K,320TB,150만,"제한보증 , 3년",,"6.4cm(2.5형) / SATA3 (6Gb/s) / 컨트롤러: 기타 / [성능] 순차읽기: 560MB/s / 순차쓰기: 540MB/s / 읽기IOPS: 87K / 쓰기IOPS: 80K / [지원기능] TRIM / ECC / SLC캐싱 / S.M.A.R.T / 전용 S/W / [환경특성] MTBF: 150만 / TBW: 320TB / A/S기간: 제한보증 , 3년 / 두께: 6.9mm / 48g",2025/11,ok,
2026-10-01T01:29:14+00:00,100329206,Apacer AST280X M.2 SATA (512GB),https://prod.danawa.com/info/?pcode=100329206&cate=11229608,M.2 (2280),SATA3 (6Gb/s),512GB,,,기타,520MB/s,500MB/s,44K,73K,280TB,150만,"3년 , 제한보증",,"M.2 (2280) / SATA3 (6Gb/s) / 컨트롤러: 기타 / [성능] 순차읽기: 520MB/s / 순차쓰기: 500MB/s / 읽기IOPS: 44K / 쓰기IOPS: 73K / [지원기능] S.M.A.R.T / SLC캐싱 / TRIM / ECC / [환경특성] MTBF: 150만 / TBW: 280TB / A/S기간: 3년 , 제한보증 / 두께: 2.25mm / 6.8g",2025/11,ok,
2026-10-01T01:29:14+00:00,18338426,BIOSTAR M760 M.2 NVMe (256GB),https://prod.danawa.com/info/?pcode=18338426&cate=11229608,M.2 (2280),PCIe3.0x4 (32GT/s),256GB,TLC,,Maxio MAP1202,"3,300MB/s","1,350MB/s",86K,240K,,,3년,방열판 미포함,"M.2 (2280) / PCIe3.0x4 (32GT/s) / TLC / 컨트롤러: Maxio MAP1202 / [성능] 순차읽기: 3,300MB/s / 순차쓰기: 1,350MB/s / 읽기IOPS: 86K / 쓰기IOPS: 240K / [지원기능] TRIM / ECC / HMB / S.M.A.R.T / [환경특성] A/S기간: 3년 / 방열판 미포함 / 두께: 2.1mm / 8g",2022/11,ok,
2026-10-01T01:29:14+00:00,122692214,BIWIN AP923P M.2 NVMe 벌크 (512GB),https://prod.danawa.com/info/?pcode=122692214&cate=11229608,M.2 (2280),PCIe4.0x4 (64GT/s),512GB,TLC,,기타,"6,000MB/s","5,600MB/s",800K,"1,300K",,150만,,방열판 미포함,"M.2 (2280) / PCIe4.0x4 (64GT/s) / TLC / 컨트롤러: 기타 / [성능] 순차읽기: 6,000MB/s / 순차쓰기: 5,600MB/s / 읽기IOPS: 800K / 쓰기IOPS: 1,300K / [지원기능] S.M.A.R.T / SLC캐싱 / TRIM / [환경특성] MTBF: 150만 / PS5 호환 / 방열판 미포함 / 두께: 2.23mm / [기타] 노트북 적출상품",2026/06,ok,
2026-10-01T01:29:14+00:00,100270760,BIWIN Black Opal NV3500 M.2 NVMe (1TB),https://prod.danawa.com/info/?pcode=100270760&cate=11229608,M.2 (2280),PCIe3.0x4 (32GT/s),1TB,TLC,,기타,"3,500MB/s","3,000MB/s",350K,280K,600TB,150만,"5년 , 제한보증",방열판 미포함,"M.2 (2280) / PCIe3.0x4 (32GT/s) / TLC / 컨트롤러: 기타 / [성능] 순차읽기: 3,500MB/s / 순차쓰기: 3,000MB/s / 읽기IOPS: 350K / 쓰기IOPS: 280K / [지원기능] GC / SLC캐싱 / TRIM / ECC / HMB / [환경특성] MTBF: 150만 / TBW: 600TB / A/S기간: 5년 , 제한보증 / 방열판 미포함 / 두께: 2.45mm / 9g",2025/11,ok,
2026-10-01T01:29:14+00:00,100270775,BIWIN Black Opal NV3500 M.2 NVMe (2TB),https://prod.danawa.com/info/?pcode=100270775&cate=11229608,M.2 (2280),PCIe3.0x4 (32GT/s),2TB,TLC,,기타,"3,500MB/s","3,000MB/s",350K,280K,"1,200TB",150만,"5년 , 제한보증",방열판 미포함,"M.2 (2280) / PCIe3.0x4 (32GT/s) / TLC / 컨트롤러: 기타 / [성능] 순차읽기: 3,500MB/s / 순차쓰기: 3,000MB/s / 읽기IOPS: 350K / 쓰기IOPS: 280K / [지원기능] TRIM / ECC / HMB / SLC캐싱 / GC / [환경특성] MTBF: 150만 / TBW: 1,200TB / A/S기간: 5년 , 제한보증 / 방열판 미포함 / 두께: 2.45mm / 9g",2025/11,ok,
2026-10-01T01:29:14+00:00,100270739,BIWIN Black Opal NV3500 M.2 NVMe (512GB),https://prod.danawa.com/info/?pcode=100270739&cate=11229608,M.2 (2280),PCIe3.0x4 (32GT/s),512GB,TLC,,기타,"3,500MB/s","2,500MB/s",300K,280K,300TB,150만,"5년 , 제한보증",방열판 미포함,"M.2 (2280) / PCIe3.0x4 (32GT/s) / TLC / 컨트롤러: 기타 / [성능] 순차읽기: 3,500MB/s / 순차쓰기: 2,500MB/s / 읽기IOPS: 300K / 쓰기IOPS: 280K / [지원기능] HMB / TRIM / ECC / SLC캐싱 / GC / [환경특성] MTBF: 150만 / TBW: 300TB / A/S기간: 5년 , 제한보증 / 방열판 미포함 / 두께: 2.45mm / 9g",2025/11,ok,
2026-10-01T01:29:14+00:00,124033753,BIWIN Black Opal NV7400 M.2 NVMe (512GB),https://prod.danawa.com/info/?pcode=124033753&cate=11229608,M.2 (2280),PCIe4.0x4 (64GT/s),512GB,TLC,,기타,"7,050MB/s","4,200MB/s",800K,800K,500TB,150만,"5년 , 제한보증",방열판 미포함,"M.2 (2280) / PCIe4.0x4 (64GT/s) / TLC / 컨트롤러: 기타 / [성능] 순차읽기: 7,050MB/s / 순차쓰기: 4,200MB/s / 읽기IOPS: 800K / 쓰기IOPS: 800K / [지원기능] TRIM / S.M.A.R.T / SLC캐싱 / HMB / ECC / 전용 S/W / [환경특성] MTBF: 150만 / TBW: 500TB / PS5 호환 / A/S기간: 5년 , 제한보증 / 방열판 미포함 / 두께: 2.45mm / 9g",2026/08,ok,
2026-10-01T01:29:14+00:00,99944018,BIWIN Black Opal NV7400 M.2 NVMe 해외구매 (1TB),https://prod.danawa.com/info/?pcode=99944018&cate=11229608,M.2 (2280),PCIe4.0x4 (64GT/s),1TB,TLC,,기타,"7,400MB/s","6,500MB/s","1,000K",900K,"1,000TB",150만,,방열판 미포함,"M.2 (2280) / PCIe4.0x4 (64GT/s) / TLC / 컨트롤러: 기타 / [성능] 순차읽기: 7,400MB/s / 순차쓰기: 6,500MB/s / 읽기IOPS: 1,000K / 쓰기IOPS: 900K / [지원기능] TRIM / ECC / HMB / SLC캐싱 / S.M.A.R.T / 전용 S/W / [환경특성] MTBF: 150만 / TBW: 1,000TB / PS5 호환 / 방열판 미포함 / 두께: 2.45mm / 9g",2025/03,ok,
2026-10-01T01:29:14+00:00,95424803,BIWIN Black Opal X570 M.2 NVMe (1TB),https://prod.danawa.com/info/?pcode=95424803&cate=11229608,M.2 (2280),PCIe5.0x4 (128GT/s),1TB,TLC,,Maxio,"14,000MB/s","7,300MB/s","1,600K","1,000K",600TB,150만,"5년 , 제한보증",방열판 미포함,"M.2 (2280) / PCIe5.0x4 (128GT/s) / TLC / 컨트롤러: Maxio / [성능] 순차읽기: 14,000MB/s / 순차쓰기: 7,300MB/s / 읽기IOPS: 1,600K / 쓰기IOPS: 1,000K / [지원기능] TRIM / S.M.A.R.T / SLC캐싱 / HMB / [환경특성] MTBF: 150만 / TBW: 600TB / PS5 호환 / A/S기간: 5년 , 제한보증 / 방열판 미포함 / 두께: 2.5mm / 9g",2025/08,ok,
2026-10-01T01:29:14+00:00,95424824,BIWIN Black Opal X570 M.2 NVMe (2TB),https://prod.danawa.com/info/?pcode=95424824&cate=11229608,M.2 (2280),PCIe5.0x4 (128GT/s),2TB,TLC,,Maxio,"14,500MB/s","10,000MB/s","2,000K","1,400K","1,200TB",150만,"5년 , 제한보증",방열판 미포함,"M.2 (2280) / PCIe5.0x4 (128GT/s) / TLC / 컨트롤러: Maxio / [성능] 순차읽기: 14,500MB/s / 순차쓰기: 10,000MB/s / 읽기IOPS: 2,000K / 쓰기IOPS: 1,400K / [지원기능] TRIM / S.M.A.R.T / SLC캐싱 / HMB / [환경특성] MTBF: 150만 / TBW: 1,200TB / PS5 호환 / A/S기간: 5년 , 제한보증 / 방열판 미포함 / 두께: 2.5mm / 9g",2025/08,ok,
2026-10-01T01:29:14+00:00,95424833,BIWIN Black Opal X570 M.2 NVMe (4TB),https://prod.danawa.com/info/?pcode=95424833&cate=11229608,M.2 (2280),PCIe5.0x4 (128GT/s),4TB,TLC,,Maxio,"14,500MB/s","11,000MB/s","2,000K","1,500K","2,400TB",150만,"5년 , 제한보증",방열판 미포함,"M.2 (2280) / PCIe5.0x4 (128GT/s) / TLC / 컨트롤러: Maxio / [성능] 순차읽기: 14,500MB/s / 순차쓰기: 11,000MB/s / 읽기IOPS: 2,000K / 쓰기IOPS: 1,500K / [지원기능] TRIM / S.M.A.R.T / SLC캐싱 / HMB / [환경특성] MTBF: 150만 / TBW: 2,400TB / SLC: 666GB / PS5 호환 / A/S기간: 5년 , 제한보증 / 방열판 미포함 / 두께: 2.5mm / 9g",2025/08,ok,
2026-10-01T01:29:14+00:00,95424686,BIWIN Black Opal X570 PRO M.2 NVMe (1TB),https://prod.danawa.com/info/?pcode=95424686&cate=11229608,M.2 (2280),PCIe5.0x4 (128GT/s),1TB,TLC,DRAM 탑재,실리콘모션 SM2508,"14,000MB/s","10,500MB/s","1,600K","1,600K",750TB,150만,"5년 , 제한보증",방열판 미포함,"M.2 (2280) / PCIe5.0x4 (128GT/s) / TLC / DRAM 탑재 / DDR4 1GB / 컨트롤러: 실리콘모션 SM2508 / [성능] 순차읽기: 14,000MB/s / 순차쓰기: 10,500MB/s / 읽기IOPS: 1,600K / 쓰기IOPS: 1,600K / [지원기능] TRIM / ECC / GC / SLC캐싱 / S.M.A.R.T / [환경특성] MTBF: 150만 / TBW: 750TB / PS5 호환 / A/S기간: 5년 , 제한보증 / 방열판 미포함 / 두께: 2.5mm / 9g",2025/08,ok,
2026-10-01T01:29:14+00:00,95424707,BIWIN Black Opal X570 PRO M.2 NVMe (2TB),https://prod.danawa.com/info/?pcode=95424707&cate=11229608,M.2 (2280),PCIe5.0x4 (128GT/s),2TB,TLC,DRAM 탑재,실리콘모션 SM2508,"14,000MB/s","13,000MB/s","2,000K","1,600K","1,500TB",150만,"5년 , 제한보증",방열판 미포함,"M.2 (2280) / PCIe5.0x4 (128GT/s) / TLC / DRAM 탑재 / DDR4 2GB / 컨트롤러: 실리콘모션 SM2508 / [성능] 순차읽기: 14,000MB/s / 순차쓰기: 13,000MB/s / 읽기IOPS: 2,000K / 쓰기IOPS: 1,600K / [지원기능] GC / S.M.A.R.T / SLC캐싱 / TRIM / ECC / [환경특성] MTBF: 150만 / TBW: 1,500TB / PS5 호환 / A/S기간: 5년 , 제한보증 / 방열판 미포함 / 두께: 2.5mm / 9g",2025/08,ok,
2026-10-01T01:29:14+00:00,95424731,BIWIN Black Opal X570 PRO M.2 NVMe (4TB),https://prod.danawa.com/info/?pcode=95424731&cate=11229608,M.2 (2280),PCIe5.0x4 (128GT/s),4TB,TLC,DRAM 탑재,실리콘모션 SM2508,"14,000MB/s","13,000MB/s","2,000K","1,600K","3,000TB",150만,"5년 , 제한보증",방열판 미포함,"M.2 (2280) / PCIe5.0x4 (128GT/s) / TLC / DRAM 탑재 / DDR4 4GB / 컨트롤러: 실리콘모션 SM2508 / [성능] 순차읽기: 14,000MB/s / 순차쓰기: 13,000MB/s / 읽기IOPS: 2,000K / 쓰기IOPS: 1,600K / [지원기능] TRIM / ECC / SLC캐싱 / GC / S.M.A.R.T / [환경특성] MTBF: 150만 / TBW: 3,000TB / PS5 호환 / A/S기간: 5년 , 제한보증 / 방열판 미포함 / 두께: 2.5mm / 9g",2025/08,ok,
2026-10-01T01:29:14+00:00,95424329,BIWIN M100 (128GB),https://prod.danawa.com/info/?pcode=95424329&cate=11229608,6.4cm(2.5형),SATA3 (6Gb/s),128GB,QLC,,기타,500MB/s,450MB/s,30K,60K,40TB,150만시간,"3년 , 제한보증",,"6.4cm(2.5형) / SATA3 (6Gb/s) / QLC / 컨트롤러: 기타 / [성능] 순차읽기: 500MB/s / 순차쓰기: 450MB/s / 읽기IOPS: 30K / 쓰기IOPS: 60K / [환경특성] MTBF: 150만시간 / TBW: 40TB / A/S기간: 3년 , 제한보증 / 두께: 6.7mm / 50g",2025/08,ok,
2026-10-01T01:29:14+00:00,98777888,BIWIN M100 (1TB),https://prod.danawa.com/info/?pcode=98777888&cate=11229608,6.4cm(2.5형),SATA3 (6Gb/s),1TB,QLC,,기타,550MB/s,500MB/s,80K,70K,320TB,150만시간,"3년 , 제한보증",,"6.4cm(2.5형) / SATA3 (6Gb/s) / QLC / 컨트롤러: 기타 / [성능] 순차읽기: 550MB/s / 순차쓰기: 500MB/s / 읽기IOPS: 80K / 쓰기IOPS: 70K / [환경특성] MTBF: 150만시간 / TBW: 320TB / A/S기간: 3년 , 제한보증 / 두께: 6.7mm / 50g",2025/08,ok,
2026-10-01T01:29:14+00:00,95424425,BIWIN M100 (256GB),https://prod.danawa.com/info/?pcode=95424425&cate=11229608,6.4cm(2.5형),SATA3 (6Gb/s),256GB,QLC,,기타,550MB/s,470MB/s,60K,60K,80TB,150만시간,"3년 , 제한보증",,"6.4cm(2.5형) / SATA3 (6Gb/s) / QLC / 컨트롤러: 기타 / [성능] 순차읽기: 550MB/s / 순차쓰기: 470MB/s / 읽기IOPS: 60K / 쓰기IOPS: 60K / [환경특성] MTBF: 150만시간 / TBW: 80TB / A/S기간: 3년 , 제한보증 / 두께: 6.7mm / 50g",2025/08,ok,
2026-10-01T01:29:14+00:00,98777909,BIWIN M100 (2TB),https://prod.danawa.com/info/?pcode=98777909&cate=11229608,6.4cm(2.5형),SATA3 (6Gb/s),2TB,QLC,,기타,550MB/s,500MB/s,70K,70K,640TB,150만시간,"3년 , 제한보증",,"6.4cm(2.5형) / SATA3 (6Gb/s) / QLC / 컨트롤러: 기타 / [성능] 순차읽기: 550MB/s / 순차쓰기: 500MB/s / 읽기IOPS: 70K / 쓰기IOPS: 70K / [환경특성] MTBF: 150만시간 / TBW: 640TB / A/S기간: 3년 , 제한보증 / 두께: 6.7mm / 50g",2025/08,ok,
2026-10-01T01:29:14+00:00,95424440,BIWIN M100 (512GB),https://prod.danawa.com/info/?pcode=95424440&cate=11229608,6.4cm(2.5형),SATA3 (6Gb/s),512GB,QLC,,기타,550MB/s,480MB/s,60K,60K,160TB,150만시간,"3년 , 제한보증",,"6.4cm(2.5형) / SATA3 (6Gb/s) / QLC / 컨트롤러: 기타 / [성능] 순차읽기: 550MB/s / 순차쓰기: 480MB/s / 읽기IOPS: 60K / 쓰기IOPS: 60K / [환경특성] MTBF: 150만시간 / TBW: 160TB / A/S기간: 3년 , 제한보증 / 두께: 6.7mm / 50g",2025/08,ok,
2026-10-01T01:29:14+00:00,95519807,BIWIN M100 해외구매 (256GB),https://prod.danawa.com/info/?pcode=95519807&cate=11229608,6.4cm(2.5형),SATA3 (6Gb/s),256GB,QLC,,기타,550MB/s,470MB/s,60K,60K,80TB,150만시간,,,6.4cm(2.5형) / SATA3 (6Gb/s) / QLC / 컨트롤러: 기타 / [성능] 순차읽기: 550MB/s / 순차쓰기: 470MB/s / 읽기IOPS: 60K / 쓰기IOPS: 60K / [환경특성] MTBF: 150만시간 / TBW: 80TB / 두께: 6.7mm / 50g,2025/08,ok,
2026-10-01T01:29:14+00:00,99944000,BIWIN M350 M.2 NVMe (1TB),https://prod.danawa.com/info/?pcode=99944000&cate=11229608,M.2 (2280),PCIe4.0x4 (64GT/s),1TB,QLC,,실리콘모션 SM2268XT2,"5,200MB/s","4,800MB/s",500K,600K,400TB,150만,"5년 , 제한보증",방열판 미포함,"M.2 (2280) / PCIe4.0x4 (64GT/s) / QLC / 컨트롤러: 실리콘모션 SM2268XT2 / [성능] 순차읽기: 5,200MB/s / 순차쓰기: 4,800MB/s / 읽기IOPS: 500K / 쓰기IOPS: 600K / [지원기능] TRIM / S.M.A.R.T / SLC캐싱 / HMB / 전용 S/W / [환경특성] MTBF: 150만 / TBW: 400TB / PS5 호환 / A/S기간: 5년 , 제한보증 / 방열판 미포함 / 두께: 2.45mm / 9g",2025/10,ok,
2026-10-01T01:29:14+00:00,99943991,BIWIN M350 M.2 NVMe (2TB),https://prod.danawa.com/info/?pcode=99943991&cate=11229608,M.2 (2280),PCIe4.0x4 (64GT/s),2TB,QLC,,실리콘모션 SM2268XT2,"5,200MB/s","4,800MB/s",400K,600K,800TB,150만,"5년 , 제한보증",방열판 미포함,"M.2 (2280) / PCIe4.0x4 (64GT/s) / QLC / 컨트롤러: 실리콘모션 SM2268XT2 / [성능] 순차읽기: 5,200MB/s / 순차쓰기: 4,800MB/s / 읽기IOPS: 400K / 쓰기IOPS: 600K / [지원기능] TRIM / S.M.A.R.T / SLC캐싱 / HMB / 전용 S/W / [환경특성] MTBF: 150만 / TBW: 800TB / PS5 호환 / A/S기간: 5년 , 제한보증 / 방열판 미포함 / 두께: 2.45mm / 9g",2025/10,ok,
2026-10-01T01:29:14+00:00,122710192,BIWIN M560 M.2 NVMe (1TB),https://prod.danawa.com/info/?pcode=122710192&cate=11229608,M.2 (2280),PCIe5.0x4 (128GT/s),1TB,,,기타,"11,000MB/s","9,700MB/s","1,400K","1,600K",750TB,150만,"5년 , 제한보증",방열판 미포함,"M.2 (2280) / PCIe5.0x4 (128GT/s) / 컨트롤러: 기타 / [성능] 순차읽기: 11,000MB/s / 순차쓰기: 9,700MB/s / 읽기IOPS: 1,400K / 쓰기IOPS: 1,600K / [지원기능] TRIM / SLC캐싱 / ECC / 전용 S/W / [환경특성] MTBF: 150만 / TBW: 750TB / PS5 호환 / A/S기간: 5년 , 제한보증 / 방열판 미포함 / 두께: 2.45mm / 10g",2026/06,ok,
2026-10-01T01:29:14+00:00,122710177,BIWIN M560 M.2 NVMe (2TB),https://prod.danawa.com/info/?pcode=122710177&cate=11229608,M.2 (2280),PCIe5.0x4 (128GT/s),2TB,,,기타,"11,000MB/s","10,000MB/s","1,700K","1,700K","1,500TB",150만,"5년 , 제한보증",방열판 미포함,"M.2 (2280) / PCIe5.0x4 (128GT/s) / 컨트롤러: 기타 / [성능] 순차읽기: 11,000MB/s / 순차쓰기: 10,000MB/s / 읽기IOPS: 1,700K / 쓰기IOPS: 1,700K / [지원기능] TRIM / SLC캐싱 / ECC / 전용 S/W / [환경특성] MTBF: 150만 / TBW: 1,500TB / PS5 호환 / A/S기간: 5년 , 제한보증 / 방열판 미포함 / 두께: 2.45mm / 10g",2026/06,ok,
2026-10-01T01:29:14+00:00,100270535,BIWIN NV7200 M.2 NVMe (1TB),https://prod.danawa.com/info/?pcode=100270535&cate=11229608,M.2 (2280),PCIe4.0x4 (64GT/s),1TB,QLC,,Maxio,"7,200MB/s","6,200MB/s","1,000K",800K,400TB,150만,"5년 , 제한보증",방열판 미포함,"M.2 (2280) / PCIe4.0x4 (64GT/s) / QLC / 컨트롤러: Maxio / [성능] 순차읽기: 7,200MB/s / 순차쓰기: 6,200MB/s / 읽기IOPS: 1,000K / 쓰기IOPS: 800K / [지원기능] HMB / TRIM / ECC / SLC캐싱 / GC / [환경특성] MTBF: 150만 / TBW: 400TB / PS5 호환 / A/S기간: 5년 , 제한보증 / 방열판 미포함 / 두께: 2.45mm / 9g",2025/11,ok,
2026-10-01T01:29:14+00:00,100270616,BIWIN NV7200 M.2 NVMe (2TB),https://prod.danawa.com/info/?pcode=100270616&cate=11229608,M.2 (2280),PCIe4.0x4 (64GT/s),2TB,QLC,,Maxio,"7,200MB/s","6,200MB/s","1,000K",800K,800TB,150만,"제한보증 , 5년",방열판 미포함,"M.2 (2280) / PCIe4.0x4 (64GT/s) / QLC / 컨트롤러: Maxio / [성능] 순차읽기: 7,200MB/s / 순차쓰기: 6,200MB/s / 읽기IOPS: 1,000K / 쓰기IOPS: 800K / [지원기능] HMB / TRIM / ECC / SLC캐싱 / GC / [환경특성] MTBF: 150만 / TBW: 800TB / PS5 호환 / A/S기간: 제한보증 , 5년 / 방열판 미포함 / 두께: 2.45mm / 9g",2025/11,ok,
2026-10-01T01:29:14+00:00,99944090,BIWIN NV7200 M.2 NVMe 해외구매 (1TB),https://prod.danawa.com/info/?pcode=99944090&cate=11229608,M.2 (2280),PCIe4.0x4 (64GT/s),1TB,QLC,,Maxio,"7,200MB/s","6,200MB/s","1,000K",800K,400TB,150만,,방열판 미포함,"M.2 (2280) / PCIe4.0x4 (64GT/s) / QLC / 컨트롤러: Maxio / [성능] 순차읽기: 7,200MB/s / 순차쓰기: 6,200MB/s / 읽기IOPS: 1,000K / 쓰기IOPS: 800K / [지원기능] HMB / TRIM / ECC / [환경특성] MTBF: 150만 / TBW: 400TB / PS5 호환 / 방열판 미포함 / 두께: 2.45mm / 9g",2025/03,ok,
2026-10-01T01:29:14+00:00,15583340,COLORFUL CN600 M.2 NVMe 디앤디컴 (256GB),https://prod.danawa.com/info/?pcode=15583340&cate=11229608,M.2 (2280),PCIe3.0x4 (32GT/s),256GB,TLC,,기타,"3,200MB/s","1,200MB/s",,,,,3년,방열판 미포함,"M.2 (2280) / PCIe3.0x4 (32GT/s) / TLC / 컨트롤러: 기타 / [성능] 순차읽기: 3,200MB/s / 순차쓰기: 1,200MB/s / [환경특성] A/S기간: 3년 / 방열판 미포함 / 두께: 3mm / [기타] 26년 8월부로 쓰기 속도 변경",2021/11,ok,
2026-10-01T01:29:14+00:00,15583520,COLORFUL CN600 M.2 NVMe 디앤디컴 (512GB),https://prod.danawa.com/info/?pcode=15583520&cate=11229608,M.2 (2280),PCIe3.0x4 (32GT/s),512GB,TLC,,기타,"3,200MB/s","2,000MB/s",,,,,3년,방열판 미포함,"M.2 (2280) / PCIe3.0x4 (32GT/s) / TLC / 컨트롤러: 기타 / [성능] 순차읽기: 3,200MB/s / 순차쓰기: 2,000MB/s / [환경특성] A/S기간: 3년 / 방열판 미포함 / 두께: 3mm / [기타] 26년 7월부로 상품정보 변경(순차쓰기 / 컨트롤러)",2021/11,ok,
2026-10-01T01:29:14+00:00,18633650,COLORFUL CN600 PRO M.2 NVMe 디앤디컴 (1TB),https://prod.danawa.com/info/?pcode=18633650&cate=11229608,M.2 (2280),PCIe3.0x4 (32GT/s),1TB,TLC,,Maxio,"3,400MB/s","3,100MB/s",,,,,3년,방열판 미포함,"M.2 (2280) / PCIe3.0x4 (32GT/s) / TLC / 컨트롤러: Maxio / [성능] 순차읽기: 3,400MB/s / 순차쓰기: 3,100MB/s / [지원기능] TRIM / HMB / GC / S.M.A.R.T / [환경특성] A/S기간: 3년 / 방열판 미포함 / 두께: 3mm / [기타] 23년2월부로 컨트롤러 변경",2023/01,ok,
2026-10-01T01:29:14+00:00,18363194,COLORFUL CN600 PRO M.2 NVMe 디앤디컴 (256GB),https://prod.danawa.com/info/?pcode=18363194&cate=11229608,M.2 (2280),PCIe3.0x4 (32GT/s),256GB,TLC,,Maxio,"3,200MB/s","1,200MB/s",,,,,3년,방열판 미포함,"M.2 (2280) / PCIe3.0x4 (32GT/s) / TLC / 컨트롤러: Maxio / [성능] 순차읽기: 3,200MB/s / 순차쓰기: 1,200MB/s / [지원기능] TRIM / S.M.A.R.T / HMB / GC / [환경특성] A/S기간: 3년 / 방열판 미포함 / 두께: 3mm / [기타] 26년 8월부로 쓰기 속도 변경",2022/11,ok,
2026-10-01T01:29:14+00:00,18363101,COLORFUL CN600 PRO M.2 NVMe 디앤디컴 (512GB),https://prod.danawa.com/info/?pcode=18363101&cate=11229608,M.2 (2280),PCIe3.0x4 (32GT/s),512GB,TLC,,Maxio,"3,300MB/s","2,800MB/s",,,,,3년,방열판 미포함,"M.2 (2280) / PCIe3.0x4 (32GT/s) / TLC / 컨트롤러: Maxio / [성능] 순차읽기: 3,300MB/s / 순차쓰기: 2,800MB/s / [지원기능] GC / S.M.A.R.T / TRIM / HMB / [환경특성] A/S기간: 3년 / 방열판 미포함 / 두께: 3mm / [기타] 23년2월부로 컨트롤러 변경",2022/11,ok,
2026-10-01T01:29:14+00:00,71427278,COLORFUL CN700 PRO M.2 NVMe 디앤디컴 (1TB),https://prod.danawa.com/info/?pcode=71427278&cate=11229608,M.2 (2280),PCIe4.0x4 (64GT/s),1TB,TLC,,Maxio,"7,000MB/s","6,000MB/s",,,,,3년,방열판 미포함,"M.2 (2280) / PCIe4.0x4 (64GT/s) / TLC / 컨트롤러: Maxio / [성능] 순차읽기: 7,000MB/s / 순차쓰기: 6,000MB/s / [지원기능] TRIM / S.M.A.R.T / [환경특성] PS5 호환 / A/S기간: 3년 / 방열판 미포함 / 두께: 3mm",2024/11,ok,
2026-10-01T01:29:14+00:00,15591008,COLORFUL SL300 디앤디컴 (128GB),https://prod.danawa.com/info/?pcode=15591008&cate=11229608,6.4cm(2.5형),SATA3 (6Gb/s),128GB,TLC,,기타,500MB/s,450MB/s,,,,,3년,,6.4cm(2.5형) / SATA3 (6Gb/s) / TLC / 컨트롤러: 기타 / [성능] 순차읽기: 500MB/s / 순차쓰기: 450MB/s / A/S기간: 3년 / 두께: 7mm,2021/11,ok,
2026-10-01T01:29:14+00:00,5706990,COLORFUL SL500 ONYX ST (480GB),https://prod.danawa.com/info/?pcode=5706990&cate=11229608,6.4cm(2.5형),SATA3 (6Gb/s),480GB,TLC,,실리콘모션 SM2258XT,440MB/s,440MB/s,,,,,3년,,6.4cm(2.5형) / SATA3 (6Gb/s) / TLC / 컨트롤러: 실리콘모션 SM2258XT / [성능] 순차읽기: 440MB/s / 순차쓰기: 440MB/s / [지원기능] S.M.A.R.T / TRIM / [환경특성] A/S기간: 3년 / 두께: 7mm,2017/12,ok,
2026-10-01T01:29:14+00:00,15585548,COLORFUL SL500 디앤디컴 (256GB),https://prod.danawa.com/info/?pcode=15585548&cate=11229608,6.4cm(2.5형),SATA3 (6Gb/s),256GB,TLC,,기타,500MB/s,480MB/s,,,,,3년,,6.4cm(2.5형) / SATA3 (6Gb/s) / TLC / 컨트롤러: 기타 / [성능] 순차읽기: 500MB/s / 순차쓰기: 480MB/s / [환경특성] A/S기간: 3년 / 두께: 7mm,2021/11,ok,
2026-10-01T01:29:14+00:00,15585551,COLORFUL SL500 디앤디컴 (512GB),https://prod.danawa.com/info/?pcode=15585551&cate=11229608,6.4cm(2.5형),SATA3 (6Gb/s),512GB,TLC,,기타,500MB/s,480MB/s,,,,,3년,,6.4cm(2.5형) / SATA3 (6Gb/s) / TLC / 컨트롤러: 기타 / [성능] 순차읽기: 500MB/s / 순차쓰기: 480MB/s / [환경특성] A/S기간: 3년 / 두께: 7mm,2021/11,ok,
2026-10-01T01:29:14+00:00,30025547,CORSAIR MP600 CORE MINI M.2 2230 NVMe 해외구매 (1TB),https://prod.danawa.com/info/?pcode=30025547&cate=11229608,M.2 (2230),PCIe4.0x4 (64GT/s),1TB,QLC,,파이슨 PS5021-E21T,"5,000MB/s","3,800MB/s",650K,900K,250TB,150만,,방열판 미포함,"M.2 (2230) / PCIe4.0x4 (64GT/s) / QLC / 컨트롤러: 파이슨 PS5021-E21T / [성능] 순차읽기: 5,000MB/s / 순차쓰기: 3,800MB/s / 읽기IOPS: 650K / 쓰기IOPS: 900K / [지원기능] HMB / ECC / S.M.A.R.T / AES 암호화 / 전용 S/W / [환경특성] MTBF: 150만 / TBW: 250TB / 스팀덱, Ally 호환 / 방열판 미포함 / 두께: 3mm / 3g",2023/11,ok,
2026-10-01T01:29:14+00:00,17887217,CORSAIR MP600 PRO LPX M.2 NVMe 해외구매 (1TB),https://prod.danawa.com/info/?pcode=17887217&cate=11229608,M.2 (2280),PCIe4.0x4 (64GT/s),1TB,TLC,DRAM 탑재,파이슨 PS5018-E18,"7,100MB/s","5,800MB/s",900K,"1,200K",700TB,160만,,방열판 포함,"M.2 (2280) / PCIe4.0x4 (64GT/s) / TLC / DRAM 탑재 / 컨트롤러: 파이슨 PS5018-E18 / [성능] 순차읽기: 7,100MB/s / 순차쓰기: 5,800MB/s / 읽기IOPS: 900K / 쓰기IOPS: 1,200K / [지원기능] GC / S.M.A.R.T / TRIM / DEVSLP / AES 암호화 / [환경특성] MTBF: 160만 / TBW: 700TB / PS5 호환 / 방열판 포함 / 두께: 11mm / 41g",2022/09,ok,
2026-10-01T01:29:14+00:00,106686926,CORSAIR MP700 ELITE M.2 NVMe (1TB),https://prod.danawa.com/info/?pcode=106686926&cate=11229608,M.2 (2280),PCIe5.0x4 (128GT/s),1TB,TLC,,파이슨 PS5031-E31T,"10,000MB/s","8,500MB/s","1,300K","1,400K",600TB,160만,"5년 , 제한보증",방열판 미포함,"M.2 (2280) / PCIe5.0x4 (128GT/s) / TLC / 컨트롤러: 파이슨 PS5031-E31T / [성능] 순차읽기: 10,000MB/s / 순차쓰기: 8,500MB/s / 읽기IOPS: 1,300K / 쓰기IOPS: 1,400K / [지원기능] TRIM / HMB / SLC캐싱 / S.M.A.R.T / 전용 S/W / [환경특성] MTBF: 160만 / TBW: 600TB / PS5 호환 / A/S기간: 5년 , 제한보증 / 방열판 미포함 / 두께: 2.4mm / 28g",2026/02,ok,
2026-10-01T01:29:14+00:00,30247553,CORSAIR MP700 PRO M.2 NVMe (1TB),https://prod.danawa.com/info/?pcode=30247553&cate=11229608,M.2 (2280),PCIe5.0x4 (128GT/s),1TB,TLC,DRAM 탑재,파이슨 PS5026-E26,"11,700MB/s","9,600MB/s","1,400K","1,500K",700TB,160만,"5년 , 제한보증",방열판 미포함,"M.2 (2280) / PCIe5.0x4 (128GT/s) / TLC / DRAM 탑재 / DDR4 2GB / 컨트롤러: 파이슨 PS5026-E26 / [성능] 순차읽기: 11,700MB/s / 순차쓰기: 9,600MB/s / 읽기IOPS: 1,400K / 쓰기IOPS: 1,500K / [지원기능] TRIM / SLC캐싱 / GC / S.M.A.R.T / AES 암호화 / 전용 S/W / [환경특성] MTBF: 160만 / TBW: 700TB / PS5 호환 / A/S기간: 5년 , 제한보증 / 방열판 미포함 / 두께: 3mm / 8.2g / [기타] 26년 2월부로 유통사 변경",2023/11,ok,
2026-10-01T01:29:14+00:00,30332453,CORSAIR MP700 PRO with Air Cooler M.2 NVMe 해외구매 (1TB),https://prod.danawa.com/info/?pcode=30332453&cate=11229608,M.2 (2280),PCIe5.0x4 (128GT/s),1TB,TLC,DRAM 탑재,파이슨 PS5026-E26,"11,700MB/s","9,600MB/s","1,400K","1,500K",700TB,160만,,방열판 포함,"M.2 (2280) / PCIe5.0x4 (128GT/s) / TLC / DRAM 탑재 / DDR4 2GB / 컨트롤러: 파이슨 PS5026-E26 / [성능] 순차읽기: 11,700MB/s / 순차쓰기: 9,600MB/s / 읽기IOPS: 1,400K / 쓰기IOPS: 1,500K / [지원기능] GC / S.M.A.R.T / SLC캐싱 / TRIM / AES 암호화 / [환경특성] MTBF: 160만 / TBW: 700TB / 방열판 포함 / 두께: 20mm",2023/12,ok,
2026-10-01T01:29:14+00:00,74819345,DELL OPTIPLEX 마이크로 2.5 HDD 캐디 브라켓,https://prod.danawa.com/info/?pcode=74819345&cate=11229608,변환 브라켓,,,,,,,,,,,,,,변환 브라켓,2025/01,ok,
2026-10-01T01:29:14+00:00,124237165,DELL 프리시전 2.5인치 HDD/SSD 어댑터 1B51FK700-600,https://prod.danawa.com/info/?pcode=124237165&cate=11229608,변환 브라켓,,,,,,,,,,,,,,변환 브라켓,2026/09,ok,
2026-10-01T01:29:14+00:00,69696968,EDILOCA EN206 M.2 SATA 해외구매 (1TB),https://prod.danawa.com/info/?pcode=69696968&cate=11229608,M.2 (2280),SATA3 (6Gb/s),1TB,TLC,,기타,550MB/s,480MB/s,,,512TB,100만시간,,,M.2 (2280) / SATA3 (6Gb/s) / TLC / 컨트롤러: 기타 / [성능] 순차읽기: 550MB/s / 순차쓰기: 480MB/s / [환경특성] MTBF: 100만시간 / TBW: 512TB / 두께: 2.23mm,2024/10,ok,
2026-10-01T01:29:14+00:00,69660347,ESSENCORE KLEVV CRAS C715 M.2 NVMe (1TB),https://prod.danawa.com/info/?pcode=69660347&cate=11229608,M.2 (2280),PCIe3.0x4 (32GT/s),1TB,TLC,,기타,"3,200MB/s","2,000MB/s",,,600TB,,"5년 , 제한보증",방열판 미포함,"M.2 (2280) / PCIe3.0x4 (32GT/s) / TLC / 컨트롤러: 기타 / [성능] 순차읽기: 3,200MB/s / 순차쓰기: 2,000MB/s / [지원기능] HMB / TRIM / ECC / SLC캐싱 / S.M.A.R.T / 전용 S/W / [환경특성] TBW: 600TB / A/S기간: 5년 , 제한보증 / 방열판 미포함 / 두께: 2.5mm / 7g",2024/10,ok,
2026-10-01T01:29:14+00:00,69657575,ESSENCORE KLEVV CRAS C715 M.2 NVMe (256GB),https://prod.danawa.com/info/?pcode=69657575&cate=11229608,M.2 (2280),PCIe3.0x4 (32GT/s),256GB,TLC,,기타,"3,000MB/s","2,000MB/s",,,150TB,,"5년 , 제한보증",방열판 미포함,"M.2 (2280) / PCIe3.0x4 (32GT/s) / TLC / 컨트롤러: 기타 / [성능] 순차읽기: 3,000MB/s / 순차쓰기: 2,000MB/s / [지원기능] HMB / TRIM / ECC / SLC캐싱 / S.M.A.R.T / 전용 S/W / [환경특성] TBW: 150TB / A/S기간: 5년 , 제한보증 / 방열판 미포함 / 두께: 2.5mm / 7g",2024/10,ok,
2026-10-01T01:29:14+00:00,69660332,ESSENCORE KLEVV CRAS C715 M.2 NVMe (512GB),https://prod.danawa.com/info/?pcode=69660332&cate=11229608,M.2 (2280),PCIe3.0x4 (32GT/s),512GB,TLC,,기타,"3,200MB/s","2,000MB/s",,,300TB,,"제한보증 , 5년",방열판 미포함,"M.2 (2280) / PCIe3.0x4 (32GT/s) / TLC / 컨트롤러: 기타 / [성능] 순차읽기: 3,200MB/s / 순차쓰기: 2,000MB/s / [지원기능] HMB / TRIM / ECC / SLC캐싱 / S.M.A.R.T / 전용 S/W / [환경특성] TBW: 300TB / A/S기간: 제한보증 , 5년 / 방열판 미포함 / 두께: 2.5mm / 7g",2024/10,ok,
2026-10-01T01:29:14+00:00,19190567,ESSENCORE KLEVV CRAS C730 M.2 NVMe (2TB),https://prod.danawa.com/info/?pcode=19190567&cate=11229608,M.2 (2280),PCIe3.0x4 (32GT/s),2TB,TLC,DRAM 탑재,Realtek RTS5762,"3,700MB/s","2,800MB/s",240K,350K,"1,280TB",,"5년 , 제한보증",방열판 미포함,"M.2 (2280) / PCIe3.0x4 (32GT/s) / TLC / DRAM 탑재 / 컨트롤러: Realtek RTS5762 / [성능] 순차읽기: 3,700MB/s / 순차쓰기: 2,800MB/s / 읽기IOPS: 240K / 쓰기IOPS: 350K / [지원기능] TRIM / ECC / SLC캐싱 / S.M.A.R.T / AES 암호화 / [환경특성] TBW: 1,280TB / A/S기간: 5년 , 제한보증 / 방열판 미포함 / 두께: 3.96mm / 9g / Acronis 공식 소프트웨어지원",2023/03,ok,
2026-10-01T01:29:14+00:00,58849154,ESSENCORE KLEVV CRAS C910 M.2 NVMe (1TB),https://prod.danawa.com/info/?pcode=58849154&cate=11229608,M.2 (2280),PCIe4.0x4 (64GT/s),1TB,TLC,,InnoGrit IG5220,"5,000MB/s","4,800MB/s",620K,615K,700TB,,"5년 , 제한보증",방열판 포함,"M.2 (2280) / PCIe4.0x4 (64GT/s) / TLC / 컨트롤러: InnoGrit IG5220 / [성능] 순차읽기: 5,000MB/s / 순차쓰기: 4,800MB/s / 읽기IOPS: 620K / 쓰기IOPS: 615K / [지원기능] TRIM / ECC / HMB / SLC캐싱 / S.M.A.R.T / AES 암호화 / 전용 S/W / [환경특성] TBW: 700TB / A/S기간: 5년 , 제한보증 / 방열판 포함 / 두께: 3.4mm / 10g",2024/07,ok,
2026-10-01T01:29:14+00:00,58849022,ESSENCORE KLEVV CRAS C910 M.2 NVMe (2TB),https://prod.danawa.com/info/?pcode=58849022&cate=11229608,M.2 (2280),PCIe4.0x4 (64GT/s),2TB,TLC,,기타,"5,200MB/s","4,800MB/s",560K,615K,"1,400TB",,"5년 , 제한보증",방열판 포함,"M.2 (2280) / PCIe4.0x4 (64GT/s) / TLC / 컨트롤러: 기타 / [성능] 순차읽기: 5,200MB/s / 순차쓰기: 4,800MB/s / 읽기IOPS: 560K / 쓰기IOPS: 615K / [지원기능] HMB / TRIM / ECC / SLC캐싱 / S.M.A.R.T / AES 암호화 / 전용 S/W / [환경특성] TBW: 1,400TB / A/S기간: 5년 , 제한보증 / 방열판 포함 / 두께: 3.4mm / 10g",2024/07,ok,
2026-10-01T01:29:14+00:00,70250720,ESSENCORE KLEVV CRAS C910 M.2 NVMe (4TB),https://prod.danawa.com/info/?pcode=70250720&cate=11229608,M.2 (2280),PCIe4.0x4 (64GT/s),4TB,TLC,,기타,"5,200MB/s","4,800MB/s",540K,600K,"2,800TB",,"5년 , 제한보증",방열판 포함,"M.2 (2280) / PCIe4.0x4 (64GT/s) / TLC / 컨트롤러: 기타 / [성능] 순차읽기: 5,200MB/s / 순차쓰기: 4,800MB/s / 읽기IOPS: 540K / 쓰기IOPS: 600K / [지원기능] HMB / TRIM / ECC / SLC캐싱 / S.M.A.R.T / AES 암호화 / 전용 S/W / [환경특성] TBW: 2,800TB / A/S기간: 5년 , 제한보증 / 방열판 포함 / 두께: 3.4mm / 10g",2024/10,ok,
2026-10-01T01:29:14+00:00,58849172,ESSENCORE KLEVV CRAS C910 M.2 NVMe (500GB),https://prod.danawa.com/info/?pcode=58849172&cate=11229608,M.2 (2280),PCIe4.0x4 (64GT/s),500GB,TLC,,InnoGrit IG5220,"5,000MB/s","3,700MB/s",545K,510K,350TB,,"제한보증 , 5년",방열판 포함,"M.2 (2280) / PCIe4.0x4 (64GT/s) / TLC / 컨트롤러: InnoGrit IG5220 / [성능] 순차읽기: 5,000MB/s / 순차쓰기: 3,700MB/s / 읽기IOPS: 545K / 쓰기IOPS: 510K / [지원기능] TRIM / ECC / HMB / SLC캐싱 / S.M.A.R.T / AES 암호화 / 전용 S/W / [환경특성] TBW: 350TB / A/S기간: 제한보증 , 5년 / 방열판 포함 / 두께: 3.4mm / 10g",2024/07,ok,
2026-10-01T01:29:14+00:00,98242505,ESSENCORE KLEVV CRAS C910G M.2 NVMe (1TB),https://prod.danawa.com/info/?pcode=98242505&cate=11229608,M.2 (2280),PCIe4.0x4 (64GT/s),1TB,TLC,,기타,"5,000MB/s","4,800MB/s",620K,615K,700TB,,"5년 , 제한보증",방열판 포함,"M.2 (2280) / PCIe4.0x4 (64GT/s) / TLC / 컨트롤러: 기타 / [성능] 순차읽기: 5,000MB/s / 순차쓰기: 4,800MB/s / 읽기IOPS: 620K / 쓰기IOPS: 615K / [지원기능] TRIM / S.M.A.R.T / SLC캐싱 / HMB / ECC / AES 암호화 / 전용 S/W / [환경특성] TBW: 700TB / A/S기간: 5년 , 제한보증 / 방열판 포함 / 두께: 2.8mm / 10g",2025/09,ok,
2026-10-01T01:29:14+00:00,98242532,ESSENCORE KLEVV CRAS C910G M.2 NVMe (2TB),https://prod.danawa.com/info/?pcode=98242532&cate=11229608,M.2 (2280),PCIe4.0x4 (64GT/s),2TB,TLC,,기타,"5,200MB/s","4,800MB/s",560K,615K,"1,400TB",,"제한보증 , 5년",방열판 포함,"M.2 (2280) / PCIe4.0x4 (64GT/s) / TLC / 컨트롤러: 기타 / [성능] 순차읽기: 5,200MB/s / 순차쓰기: 4,800MB/s / 읽기IOPS: 560K / 쓰기IOPS: 615K / [지원기능] TRIM / ECC / HMB / SLC캐싱 / S.M.A.R.T / AES 암호화 / 전용 S/W / [환경특성] TBW: 1,400TB / A/S기간: 제한보증 , 5년 / 방열판 포함 / 두께: 2.8mm / 10g",2025/09,ok,
2026-10-01T01:29:14+00:00,98242550,ESSENCORE KLEVV CRAS C910G M.2 NVMe (4TB),https://prod.danawa.com/info/?pcode=98242550&cate=11229608,M.2 (2280),PCIe4.0x4 (64GT/s),4TB,TLC,,기타,"5,200MB/s","4,800MB/s",540K,600K,"2,800TB",,"5년 , 제한보증",방열판 포함,"M.2 (2280) / PCIe4.0x4 (64GT/s) / TLC / 컨트롤러: 기타 / [성능] 순차읽기: 5,200MB/s / 순차쓰기: 4,800MB/s / 읽기IOPS: 540K / 쓰기IOPS: 600K / [지원기능] TRIM / ECC / HMB / SLC캐싱 / S.M.A.R.T / AES 암호화 / 전용 S/W / [환경특성] TBW: 2,800TB / A/S기간: 5년 , 제한보증 / 방열판 포함 / 두께: 2.8mm / 10g",2025/09,ok,
2026-10-01T01:29:14+00:00,98242472,ESSENCORE KLEVV CRAS C910G M.2 NVMe (500GB),https://prod.danawa.com/info/?pcode=98242472&cate=11229608,M.2 (2280),PCIe4.0x4 (64GT/s),500GB,TLC,,기타,"5,000MB/s","3,700MB/s",545K,510K,350TB,,"5년 , 제한보증",방열판 포함,"M.2 (2280) / PCIe4.0x4 (64GT/s) / TLC / 컨트롤러: 기타 / [성능] 순차읽기: 5,000MB/s / 순차쓰기: 3,700MB/s / 읽기IOPS: 545K / 쓰기IOPS: 510K / [지원기능] HMB / TRIM / ECC / SLC캐싱 / S.M.A.R.T / AES 암호화 / 전용 S/W / [환경특성] TBW: 350TB / A/S기간: 5년 , 제한보증 / 방열판 포함 / 두께: 2.8mm / 10g",2025/09,ok,
2026-10-01T01:29:14+00:00,108420764,ESSENCORE KLEVV CRAS C910G M.2 NVMe 해외구매 (1TB),https://prod.danawa.com/info/?pcode=108420764&cate=11229608,M.2 (2280),PCIe4.0x4 (64GT/s),1TB,TLC,,기타,"5,000MB/s","4,800MB/s",620K,615K,700TB,,,방열판 포함,"M.2 (2280) / PCIe4.0x4 (64GT/s) / TLC / 컨트롤러: 기타 / [성능] 순차읽기: 5,000MB/s / 순차쓰기: 4,800MB/s / 읽기IOPS: 620K / 쓰기IOPS: 615K / [지원기능] S.M.A.R.T / SLC캐싱 / TRIM / ECC / HMB / 전용 S/W / AES 암호화 / [환경특성] TBW: 700TB / 방열판 포함 / 두께: 2.8mm / 10g",2026/03,ok,
2026-10-01T01:29:14+00:00,93074372,ESSENCORE KLEVV CRAS C925 M.2 NVMe (1TB),https://prod.danawa.com/info/?pcode=93074372&cate=11229608,M.2 (2280),PCIe4.0x4 (64GT/s),1TB,TLC,,Maxio MAP1602,"7,400MB/s","6,300MB/s",670K,980K,"1,200TB",,"5년 , 제한보증",방열판 포함,"M.2 (2280) / PCIe4.0x4 (64GT/s) / TLC / 컨트롤러: Maxio MAP1602 / [성능] 순차읽기: 7,400MB/s / 순차쓰기: 6,300MB/s / 읽기IOPS: 670K / 쓰기IOPS: 980K / [지원기능] TRIM / ECC / HMB / SLC캐싱 / S.M.A.R.T / AES 암호화 / 전용 S/W / [환경특성] TBW: 1,200TB / PS5 호환 / A/S기간: 5년 , 제한보증 / 방열판 포함 / 두께: 3.4mm / 10g",2025/06,ok,
2026-10-01T01:29:14+00:00,94814699,ESSENCORE KLEVV CRAS C925G M.2 NVMe (1TB),https://prod.danawa.com/info/?pcode=94814699&cate=11229608,M.2 (2280),PCIe4.0x4 (64GT/s),1TB,TLC,,Maxio MAP1602,"7,400MB/s","6,300MB/s",670K,980K,"1,200TB",,"5년 , 제한보증",방열판 포함,"M.2 (2280) / PCIe4.0x4 (64GT/s) / TLC / 컨트롤러: Maxio MAP1602 / [성능] 순차읽기: 7,400MB/s / 순차쓰기: 6,300MB/s / 읽기IOPS: 670K / 쓰기IOPS: 980K / [지원기능] TRIM / ECC / HMB / SLC캐싱 / S.M.A.R.T / AES 암호화 / 전용 S/W / [환경특성] TBW: 1,200TB / PS5 호환 / A/S기간: 5년 , 제한보증 / 방열판 포함 / 두께: 2.8mm / 9g",2025/07,ok,
2026-10-01T01:29:14+00:00,94814663,ESSENCORE KLEVV CRAS C925G M.2 NVMe (2TB),https://prod.danawa.com/info/?pcode=94814663&cate=11229608,M.2 (2280),PCIe4.0x4 (64GT/s),2TB,TLC,,Maxio MAP1602,"7,400MB/s","6,500MB/s",700K,"1,000K","2,400TB",,"제한보증 , 5년",방열판 포함,"M.2 (2280) / PCIe4.0x4 (64GT/s) / TLC / 컨트롤러: Maxio MAP1602 / [성능] 순차읽기: 7,400MB/s / 순차쓰기: 6,500MB/s / 읽기IOPS: 700K / 쓰기IOPS: 1,000K / [지원기능] S.M.A.R.T / SLC캐싱 / TRIM / ECC / HMB / AES 암호화 / 전용 S/W / [환경특성] TBW: 2,400TB / PS5 호환 / A/S기간: 제한보증 , 5년 / 방열판 포함 / 두께: 2.8mm / 9g",2025/07,ok,
2026-10-01T01:29:14+00:00,20612159,ESSENCORE KLEVV CRAS C930 M.2 NVMe (1TB),https://prod.danawa.com/info/?pcode=20612159&cate=11229608,M.2 (2280),PCIe4.0x4 (64GT/s),1TB,TLC,DRAM 탑재,InnoGrit IG5236,"7,400MB/s","6,400MB/s","1,000K","1,000K",750TB,,"5년 , 제한보증",방열판 포함,"M.2 (2280) / PCIe4.0x4 (64GT/s) / TLC / DRAM 탑재 / DDR4 1GB / 컨트롤러: InnoGrit IG5236 / [성능] 순차읽기: 7,400MB/s / 순차쓰기: 6,400MB/s / 읽기IOPS: 1,000K / 쓰기IOPS: 1,000K / [지원기능] TRIM / ECC / SLC캐싱 / S.M.A.R.T / AES 암호화 / 전용 S/W / [환경특성] TBW: 750TB / PS5 호환 / A/S기간: 5년 , 제한보증 / 방열판 포함 / 두께: 8.7mm / 23g / Acronis 공식 소프트웨어지원",2023/06,ok,
2026-10-01T01:29:14+00:00,20612771,ESSENCORE KLEVV CRAS C930 M.2 NVMe (2TB),https://prod.danawa.com/info/?pcode=20612771&cate=11229608,M.2 (2280),PCIe4.0x4 (64GT/s),2TB,TLC,DRAM 탑재,InnoGrit IG5236,"7,400MB/s","6,800MB/s","1,000K","1,000K","1,500TB",,"5년 , 제한보증",방열판 포함,"M.2 (2280) / PCIe4.0x4 (64GT/s) / TLC / DRAM 탑재 / DDR4 2GB / 컨트롤러: InnoGrit IG5236 / [성능] 순차읽기: 7,400MB/s / 순차쓰기: 6,800MB/s / 읽기IOPS: 1,000K / 쓰기IOPS: 1,000K / [지원기능] TRIM / ECC / SLC캐싱 / S.M.A.R.T / AES 암호화 / 전용 S/W / [환경특성] TBW: 1,500TB / PS5 호환 / A/S기간: 5년 , 제한보증 / 방열판 포함 / 두께: 8.7mm / 23g / Acronis 공식 소프트웨어지원",2023/06,ok,
2026-10-01T01:29:14+00:00,103130264,ESSENCORE KLEVV NEO N410+ (256GB),https://prod.danawa.com/info/?pcode=103130264&cate=11229608,6.4cm(2.5형),SATA3 (6Gb/s),256GB,TLC,,실리콘모션 SM2259XT2,540MB/s,500MB/s,,,100TB,,"3년 , 제한보증",,"6.4cm(2.5형) / SATA3 (6Gb/s) / TLC / 컨트롤러: 실리콘모션 SM2259XT2 / [성능] 순차읽기: 540MB/s / 순차쓰기: 500MB/s / [지원기능] S.M.A.R.T / SLC캐싱 / TRIM / ECC / [환경특성] TBW: 100TB / A/S기간: 3년 , 제한보증 / 두께: 7mm / 35g",2025/12,ok,
2026-10-01T01:29:14+00:00,103130261,ESSENCORE KLEVV NEO N410+ (512GB),https://prod.danawa.com/info/?pcode=103130261&cate=11229608,6.4cm(2.5형),SATA3 (6Gb/s),512GB,TLC,,실리콘모션 SM2259XT2,540MB/s,500MB/s,,,200TB,,"3년 , 제한보증",,"6.4cm(2.5형) / SATA3 (6Gb/s) / TLC / 컨트롤러: 실리콘모션 SM2259XT2 / [성능] 순차읽기: 540MB/s / 순차쓰기: 500MB/s / [지원기능] S.M.A.R.T / SLC캐싱 / TRIM / ECC / [환경특성] TBW: 200TB / A/S기간: 3년 , 제한보증 / 두께: 7mm / 35g",2025/12,ok,
2026-10-01T01:29:14+00:00,6912064,EVERCOOL COOLMARKER 5.25베이 HDD/SSD 가이드,https://prod.danawa.com/info/?pcode=6912064&cate=11229608,변환 가이드,,,,,,,,,,,,,,"변환 가이드 / 크기 변환: 2.5/3.5형→5.25형 / SSD, HDD겸용 / 보관(장착) 개수: 최대 2개 / 80mm 쿨러장착 가능",2018/12,ok,
2026-10-01T01:29:14+00:00,5752010,EVERCOOL COOLMARKER SSD 가이드,https://prod.danawa.com/info/?pcode=5752010&cate=11229608,변환 가이드,,,,,,,,,,,,,,"변환 가이드 / 크기 변환: 2.5형→3.5형 / SSD, HDD겸용 / 보관(장착) 개수: 최대 1개",2017/12,ok,
2026-10-01T01:29:14+00:00,122718577,FASTRO MS150 M.2 NVMe (512GB),https://prod.danawa.com/info/?pcode=122718577&cate=11229608,M.2 (2280),PCIe3.0x4 (32GT/s),512GB,TLC,,기타,"2,400MB/s","1,800MB/s",230K,250K,300TB,,"5년 , 제한보증",방열판 미포함,"M.2 (2280) / PCIe3.0x4 (32GT/s) / TLC / 컨트롤러: 기타 / [성능] 순차읽기: 2,400MB/s / 순차쓰기: 1,800MB/s / 읽기IOPS: 230K / 쓰기IOPS: 250K / TRIM / S.M.A.R.T / SLC캐싱 / GC / ECC / AES 암호화 / [환경특성] TBW: 300TB / A/S기간: 5년 , 제한보증 / 방열판 미포함 / 두께: 3.3mm / 6g",2026/07,ok,
2026-10-01T01:29:14+00:00,77459732,FASTRO MS200 M.2 NVMe (1TB),https://prod.danawa.com/info/?pcode=77459732&cate=11229608,M.2 (2280),PCIe3.0x4 (32GT/s),1TB,TLC,DRAM 탑재,실리콘모션 SM2262EN,"3,000MB/s","2,400MB/s",680K,560K,600TB,,"5년 , 제한보증",방열판 미포함,"M.2 (2280) / PCIe3.0x4 (32GT/s) / TLC / DRAM 탑재 / 컨트롤러: 실리콘모션 SM2262EN / [성능] 순차읽기: 3,000MB/s / 순차쓰기: 2,400MB/s / 읽기IOPS: 680K / 쓰기IOPS: 560K / [지원기능] TRIM / S.M.A.R.T / SLC캐싱 / GC / ECC / AES 암호화 / [환경특성] TBW: 600TB / A/S기간: 5년 , 제한보증 / 방열판 미포함 / 두께: 3.3mm",2025/03,ok,
2026-10-01T01:29:14+00:00,77459714,FASTRO MS200 M.2 NVMe (2TB),https://prod.danawa.com/info/?pcode=77459714&cate=11229608,M.2 (2280),PCIe3.0x4 (32GT/s),2TB,TLC,DRAM 탑재,실리콘모션 SM2262EN,"3,000MB/s","2,400MB/s",680K,560K,"1,200TB",,"5년 , 제한보증",방열판 미포함,"M.2 (2280) / PCIe3.0x4 (32GT/s) / TLC / DRAM 탑재 / 컨트롤러: 실리콘모션 SM2262EN / [성능] 순차읽기: 3,000MB/s / 순차쓰기: 2,400MB/s / 읽기IOPS: 680K / 쓰기IOPS: 560K / [지원기능] TRIM / S.M.A.R.T / SLC캐싱 / GC / ECC / AES 암호화 / [환경특성] TBW: 1,200TB / A/S기간: 5년 , 제한보증 / 방열판 미포함 / 두께: 3.3mm",2025/03,ok,
2026-10-01T01:29:14+00:00,6412376,FOXCONN SSD 변환 가이드 (1B03M0500),https://prod.danawa.com/info/?pcode=6412376&cate=11229608,변환 가이드,,,,,,,,,,,,,,"변환 가이드 / 크기 변환: 2.5형→3.5형 / SSD, HDD겸용 / 보관(장착) 개수: 최대 1개 / 두께: 13mm / 실버 / 철재(SECC)",2018/08,ok,
2026-10-01T01:29:14+00:00,99481721,Fanxiang S101 (128GB),https://prod.danawa.com/info/?pcode=99481721&cate=11229608,6.4cm(2.5형),SATA3 (6Gb/s),128GB,,,기타,500MB/s,400MB/s,,,80TB,,"5년 , 제한보증",,"6.4cm(2.5형) / SATA3 (6Gb/s) / 컨트롤러: 기타 / [성능] 순차읽기: 500MB/s / 순차쓰기: 400MB/s / [지원기능] GC / S.M.A.R.T / SLC캐싱 / TRIM / DEVSLP / 전용 S/W / [환경특성] TBW: 80TB / A/S기간: 5년 , 제한보증 / 두께: 7mm / 45g",2025/10,ok,
2026-10-01T01:29:14+00:00,122659116,Fanxiang S101 (1TB),https://prod.danawa.com/info/?pcode=122659116&cate=11229608,6.4cm(2.5형),SATA3 (6Gb/s),1TB,,,기타,550MB/s,500MB/s,,,300TB,,"5년 , 제한보증",,"6.4cm(2.5형) / SATA3 (6Gb/s) / 컨트롤러: 기타 / [성능] 순차읽기: 550MB/s / 순차쓰기: 500MB/s / [지원기능] TRIM / DEVSLP / GC / SLC캐싱 / S.M.A.R.T / 전용 S/W / [환경특성] TBW: 300TB / A/S기간: 5년 , 제한보증 / 두께: 7mm / 45g",2025/10,ok,
2026-10-01T01:29:14+00:00,99481724,Fanxiang S101 (256GB),https://prod.danawa.com/info/?pcode=99481724&cate=11229608,6.4cm(2.5형),SATA3 (6Gb/s),256GB,,,기타,520MB/s,450MB/s,,,80TB,,"5년 , 제한보증",,"6.4cm(2.5형) / SATA3 (6Gb/s) / 컨트롤러: 기타 / [성능] 순차읽기: 520MB/s / 순차쓰기: 450MB/s / [지원기능] DEVSLP / TRIM / SLC캐싱 / GC / S.M.A.R.T / 전용 S/W / [환경특성] TBW: 80TB / A/S기간: 5년 , 제한보증 / 두께: 7mm / 45g",2025/10,ok,
2026-10-01T01:29:14+00:00,122659095,Fanxiang S101 (512GB),https://prod.danawa.com/info/?pcode=122659095&cate=11229608,6.4cm(2.5형),SATA3 (6Gb/s),512GB,,,기타,540MB/s,500MB/s,,,160TB,,"5년 , 제한보증",,"6.4cm(2.5형) / SATA3 (6Gb/s) / 컨트롤러: 기타 / [성능] 순차읽기: 540MB/s / 순차쓰기: 500MB/s / [지원기능] DEVSLP / TRIM / SLC캐싱 / GC / S.M.A.R.T / 전용 S/W / [환경특성] TBW: 160TB / A/S기간: 5년 , 제한보증 / 두께: 7mm / 45g",2025/10,ok,
2026-10-01T01:29:14+00:00,102124430,Fanxiang S500 Pro M.2 NVMe (1TB),https://prod.danawa.com/info/?pcode=102124430&cate=11229608,M.2 (2280),PCIe3.0x4 (32GT/s),1TB,TLC,,Maxio MAP1102,"3,500MB/s","3,150MB/s",,,640TB,,"5년 , 제한보증",방열판 미포함,"M.2 (2280) / PCIe3.0x4 (32GT/s) / TLC / 컨트롤러: Maxio MAP1102 / [성능] 순차읽기: 3,500MB/s / 순차쓰기: 3,150MB/s / [지원기능] TRIM / ECC / HMB / SLC캐싱 / S.M.A.R.T / 전용 S/W / [환경특성] TBW: 640TB / A/S기간: 5년 , 제한보증 / 방열판 미포함 / 두께: 2.4mm / 8g",2025/12,ok,
2026-10-01T01:29:14+00:00,102124442,Fanxiang S500 Pro M.2 NVMe (256GB),https://prod.danawa.com/info/?pcode=102124442&cate=11229608,M.2 (2280),PCIe3.0x4 (32GT/s),256GB,TLC,,Maxio MAP1102,"3,500MB/s","1,350MB/s",,,200TB,,"제한보증 , 5년",방열판 미포함,"M.2 (2280) / PCIe3.0x4 (32GT/s) / TLC / 컨트롤러: Maxio MAP1102 / [성능] 순차읽기: 3,500MB/s / 순차쓰기: 1,350MB/s / [지원기능] HMB / TRIM / ECC / SLC캐싱 / S.M.A.R.T / 전용 S/W / [환경특성] TBW: 200TB / A/S기간: 제한보증 , 5년 / 방열판 미포함 / 두께: 2.4mm / 8g",2025/12,ok,
2026-10-01T01:29:14+00:00,102124439,Fanxiang S500 Pro M.2 NVMe (512GB),https://prod.danawa.com/info/?pcode=102124439&cate=11229608,M.2 (2280),PCIe3.0x4 (32GT/s),512GB,TLC,,Maxio MAP1102,"3,500MB/s","2,500MB/s",,,320TB,,"5년 , 제한보증",방열판 미포함,"M.2 (2280) / PCIe3.0x4 (32GT/s) / TLC / 컨트롤러: Maxio MAP1102 / [성능] 순차읽기: 3,500MB/s / 순차쓰기: 2,500MB/s / [지원기능] S.M.A.R.T / SLC캐싱 / TRIM / ECC / HMB / 전용 S/W / [환경특성] TBW: 320TB / A/S기간: 5년 , 제한보증 / 방열판 미포함 / 두께: 2.4mm / 8g",2025/12,ok,
2026-10-01T01:29:14+00:00,98782214,Fanxiang S500 Pro M.2 NVMe 중고 (2TB),https://prod.danawa.com/info/?pcode=98782214&cate=11229608,M.2 (2280),PCIe3.0x4 (32GT/s),2TB,TLC,,Maxio,"3,200MB/s","3,000MB/s",,,"1,280TB",,,방열판 미포함,"M.2 (2280) / PCIe3.0x4 (32GT/s) / TLC / 컨트롤러: Maxio / [성능] 순차읽기: 3,200MB/s / 순차쓰기: 3,000MB/s / [지원기능] TRIM / HMB / SLC캐싱 / S.M.A.R.T / [환경특성] TBW: 1,280TB / 방열판 미포함 / 두께: 2.3mm / [기타] 제조사 공식 사양 확인 불가(용량별 읽기 / 쓰기 정보 다를 수 있음)",2025/01,ok,
2026-10-01T01:29:14+00:00,74813822,Fanxiang S500 Pro M.2 NVMe 해외구매 (256GB),https://prod.danawa.com/info/?pcode=74813822&cate=11229608,M.2 (2280),PCIe3.0x4 (32GT/s),256GB,TLC,,Maxio,2.800MB/s,1.200MB/s,,,200TB,,,방열판 미포함,M.2 (2280) / PCIe3.0x4 (32GT/s) / TLC / 컨트롤러: Maxio / [성능] 순차읽기: 2.800MB/s / 순차쓰기: 1.200MB/s / [지원기능] S.M.A.R.T / SLC캐싱 / TRIM / HMB / [환경특성] TBW: 200TB / 방열판 미포함 / 두께: 2.3mm / [기타] 제조사 공식 사양 확인 불가(용량별 읽기 / 쓰기 정보 다를 수 있음),2025/01,ok,
2026-10-01T01:29:14+00:00,124182410,Fanxiang S501 M.2 NVMe (1TB),https://prod.danawa.com/info/?pcode=124182410&cate=11229608,M.2 (2280),PCIe3.0x4 (32GT/s),1TB,TLC,,기타,"2,150MB/s","1,850MB/s",,,600TB,,"3년 , 제한보증",방열판 미포함,"M.2 (2280) / PCIe3.0x4 (32GT/s) / TLC / 컨트롤러: 기타 / [성능] 순차읽기: 2,150MB/s / 순차쓰기: 1,850MB/s / [지원기능] TRIM / S.M.A.R.T / SLC캐싱 / HMB / GC / ECC / 전용 S/W / [환경특성] TBW: 600TB / A/S기간: 3년 , 제한보증 / 방열판 미포함 / 두께: 3.5mm / 8g",2026/09,ok,
2026-10-01T01:29:14+00:00,90888920,Fanxiang S501Q M.2 NVMe 해외구매 (1TB),https://prod.danawa.com/info/?pcode=90888920&cate=11229608,M.2 (2280),PCIe3.0x4 (32GT/s),1TB,QLC,,Maxio,"3,500MB/s","2,500MB/s",,,320TB,,,방열판 미포함,"M.2 (2280) / PCIe3.0x4 (32GT/s) / QLC / 컨트롤러: Maxio / [성능] 순차읽기: 3,500MB/s / 순차쓰기: 2,500MB/s / [지원기능] SLC캐싱 / [환경특성] TBW: 320TB / 방열판 미포함 / 두께: 2.4mm",2025/05,ok,
2026-10-01T01:29:14+00:00,90888881,Fanxiang S501Q M.2 NVMe 해외구매 (512GB),https://prod.danawa.com/info/?pcode=90888881&cate=11229608,M.2 (2280),PCIe3.0x4 (32GT/s),512GB,QLC,,Maxio,"3,200MB/s","1,450MB/s",,,160TB,,,방열판 미포함,"M.2 (2280) / PCIe3.0x4 (32GT/s) / QLC / 컨트롤러: Maxio / [성능] 순차읽기: 3,200MB/s / 순차쓰기: 1,450MB/s / [지원기능] SLC캐싱 / [환경특성] TBW: 160TB / 방열판 미포함 / 두께: 2.4mm",2025/05,ok,
2026-10-01T01:29:14+00:00,102125150,Fanxiang S690 M.2 NVMe (1TB),https://prod.danawa.com/info/?pcode=102125150&cate=11229608,M.2 (2280),PCIe4.0x4 (64GT/s),1TB,TLC,,Maxio MAP1608,"5,000MB/s","4,500MB/s",,,700TB,,"5년 , 제한보증",방열판 미포함,"M.2 (2280) / PCIe4.0x4 (64GT/s) / TLC / 컨트롤러: Maxio MAP1608 / [성능] 순차읽기: 5,000MB/s / 순차쓰기: 4,500MB/s / [지원기능] TRIM / ECC / DEVSLP / HMB / SLC캐싱 / S.M.A.R.T / 전용 S/W / [환경특성] TBW: 700TB / A/S기간: 5년 , 제한보증 / 방열판 미포함 / 두께: 2.4mm / 8g",2025/12,ok,
2026-10-01T01:29:14+00:00,102125162,Fanxiang S690 M.2 NVMe (512GB),https://prod.danawa.com/info/?pcode=102125162&cate=11229608,M.2 (2280),PCIe4.0x4 (64GT/s),512GB,TLC,,Maxio MAP1608,"5,000MB/s","2,400MB/s",,,350TB,,"5년 , 제한보증",방열판 미포함,"M.2 (2280) / PCIe4.0x4 (64GT/s) / TLC / 컨트롤러: Maxio MAP1608 / [성능] 순차읽기: 5,000MB/s / 순차쓰기: 2,400MB/s / [지원기능] S.M.A.R.T / SLC캐싱 / TRIM / ECC / DEVSLP / HMB / 전용 S/W / [환경특성] TBW: 350TB / A/S기간: 5년 , 제한보증 / 방열판 미포함 / 두께: 2.4mm / 8g",2025/12,ok,
2026-10-01T01:29:14+00:00,122623077,Fanxiang S880E M.2 NVMe 해외구매 (1TB),https://prod.danawa.com/info/?pcode=122623077&cate=11229608,M.2 (2280),PCIe4.0x4 (64GT/s),1TB,QLC,,기타,"7,100MB/s","3,900MB/s",,,600TB,,,방열판 미포함,"M.2 (2280) / PCIe4.0x4 (64GT/s) / QLC / 컨트롤러: 기타 / [성능] 순차읽기: 7,100MB/s / 순차쓰기: 3,900MB/s / [지원기능] TRIM / ECC / HMB / SLC캐싱 / S.M.A.R.T / AES 암호화 / [환경특성] TBW: 600TB / PS5 호환 / 방열판 미포함 / 두께: 2.4mm / 40g",2026/04,ok,
2026-10-01T01:29:14+00:00,79251908,Fikwot FN501 Pro M.2 NVMe 해외구매 (256GB),https://prod.danawa.com/info/?pcode=79251908&cate=11229608,M.2 (2280),PCIe3.0x4 (32GT/s),256GB,TLC,,기타,"2,800MB/s","2,000MB/s",,,200TB,150만,,방열판 미포함,"M.2 (2280) / PCIe3.0x4 (32GT/s) / TLC / 컨트롤러: 기타 / [성능] 순차읽기: 2,800MB/s / 순차쓰기: 2,000MB/s / [지원기능] SLC캐싱 / [환경특성] MTBF: 150만 / TBW: 200TB / 방열판 미포함 / 두께: 2.5mm",2024/04,ok,
2026-10-01T01:29:14+00:00,47842307,Fikwot FN955 M.2 NVMe 해외구매 (1TB),https://prod.danawa.com/info/?pcode=47842307&cate=11229608,M.2 (2280),PCIe4.0x4 (64GT/s),1TB,TLC,,Maxio,"7,350MB/s","6,500MB/s",,,,,,방열판 미포함,"M.2 (2280) / PCIe4.0x4 (64GT/s) / TLC / 컨트롤러: Maxio / [성능] 순차읽기: 7,350MB/s / 순차쓰기: 6,500MB/s / [지원기능] SLC캐싱 / [환경특성] PS5 호환 / 방열판 미포함 / 두께: 2.5mm",2024/04,ok,
2026-10-01T01:29:14+00:00,93805391,Fikwot FS810 해외구매 (4TB),https://prod.danawa.com/info/?pcode=93805391&cate=11229608,6.4cm(2.5형),SATA3 (6Gb/s),4TB,TLC,,기타 컨트롤러,550MB/s,500MB/s,,,,100만시간,,,6.4cm(2.5형) / SATA3 (6Gb/s) / TLC / 컨트롤러: 기타 컨트롤러 / [성능] 순차읽기: 550MB/s / 순차쓰기: 500MB/s / [환경특성] MTBF: 100만시간 / 두께: 7mm,2025/02,ok,
2026-10-01T01:29:14+00:00,80547911,Fikwot FX608 M.2 2242 NVMe 해외구매 (500GB),https://prod.danawa.com/info/?pcode=80547911&cate=11229608,M.2 (2242),PCIe4.0x4 (64GT/s),500GB,TLC,,InnoGrit IG5220,"5,200MB/s","4,700MB/s",,,256TB,,,방열판 미포함,"M.2 (2242) / PCIe4.0x4 (64GT/s) / TLC / 컨트롤러: InnoGrit IG5220 / [성능] 순차읽기: 5,200MB/s / 순차쓰기: 4,700MB/s / [지원기능] HMB / SLC캐싱 / [환경특성] TBW: 256TB / 방열판 미포함 / 두께: 2.5mm",2025/04,ok,
2026-10-01T01:29:14+00:00,77462510,Fikwot FX812 해외구매 (256GB),https://prod.danawa.com/info/?pcode=77462510&cate=11229608,6.4cm(2.5형),SATA3 (6Gb/s),256GB,TLC,,기타,560MB/s,500MB/s,,,150TB,,,,6.4cm(2.5형) / SATA3 (6Gb/s) / TLC / 컨트롤러: 기타 / [성능] 순차읽기: 560MB/s / 순차쓰기: 500MB/s / [지원기능] TRIM / SLC캐싱 / [환경특성] TBW: 150TB,2025/03,ok,
2026-10-01T01:29:14+00:00,73770359,Fikwot FX991 M.2 NVMe 해외구매 (1TB),https://prod.danawa.com/info/?pcode=73770359&cate=11229608,M.2 (2280),PCIe4.0x4 (64GT/s),1TB,QLC,,Maxio MAP1602,"7,100MB/s","6,100MB/s",,,700TB,,,방열판 미포함,"M.2 (2280) / PCIe4.0x4 (64GT/s) / QLC / 컨트롤러: Maxio MAP1602 / [성능] 순차읽기: 7,100MB/s / 순차쓰기: 6,100MB/s / [지원기능] S.M.A.R.T / SLC캐싱 / TRIM / HMB / AES 암호화 / [환경특성] TBW: 700TB / 방열판 미포함 / 두께: 2.5mm",2025/01,ok,
2026-10-01T01:29:14+00:00,106726385,GIGABYTE AORUS Gen4 7000E M.2 NVMe 제이씨현 (1TB),https://prod.danawa.com/info/?pcode=106726385&cate=11229608,M.2 (2280),PCIe4.0x4 (64GT/s),1TB,TLC,,InnoGrit IG5220,"7,100MB/s","6,100MB/s",940K,900K,700TB,150만,"5년 , 제한보증",방열판 미포함,"M.2 (2280) / PCIe4.0x4 (64GT/s) / TLC / 컨트롤러: InnoGrit IG5220 / [성능] 순차읽기: 7,100MB/s / 순차쓰기: 6,100MB/s / 읽기IOPS: 940K / 쓰기IOPS: 900K / [지원기능] S.M.A.R.T / TRIM / HMB / 전용 S/W / [환경특성] MTBF: 150만 / TBW: 700TB / PS5 호환 / A/S기간: 5년 , 제한보증 / 방열판 미포함 / 두께: 2.3mm",2026/02,ok,
2026-10-01T01:29:14+00:00,79398290,GIGABYTE AORUS Gen4 7300 V2 M.2 NVMe 제이씨현 (1TB),https://prod.danawa.com/info/?pcode=79398290&cate=11229608,M.2 (2280),PCIe4.0x4 (64GT/s),1TB,TLC,DRAM 탑재,파이슨 PS5018-E18,"7,300MB/s","6,000MB/s",750K,"1,000K",700TB,160만,"제한보증 , 5년",방열판 미포함,"M.2 (2280) / PCIe4.0x4 (64GT/s) / TLC / DRAM 탑재 / DDR4 1GB / 컨트롤러: 파이슨 PS5018-E18 / [성능] 순차읽기: 7,300MB/s / 순차쓰기: 6,000MB/s / 읽기IOPS: 750K / 쓰기IOPS: 1,000K / [지원기능] TRIM / S.M.A.R.T / AES 암호화 / 전용 S/W / [환경특성] MTBF: 160만 / TBW: 700TB / PS5 호환 / A/S기간: 제한보증 , 5년 / 방열판 미포함 / 두께: 2.3mm",2025/04,ok,
2026-10-01T01:29:14+00:00,31986581,GIGABYTE Gen3 2500E M.2 NVMe 피씨디렉트 (500GB),https://prod.danawa.com/info/?pcode=31986581&cate=11229608,M.2 (2280),PCIe3.0x4 (32GT/s),500GB,QLC,,파이슨,"2,300MB/s","1,500MB/s",60K,240K,120TB,150만,"3년 , 제한보증",방열판 미포함,"M.2 (2280) / PCIe3.0x4 (32GT/s) / QLC / 컨트롤러: 파이슨 / [성능] 순차읽기: 2,300MB/s / 순차쓰기: 1,500MB/s / 읽기IOPS: 60K / 쓰기IOPS: 240K / [지원기능] TRIM / HMB / S.M.A.R.T / 전용 S/W / [환경특성] MTBF: 150만 / TBW: 120TB / A/S기간: 3년 , 제한보증 / 방열판 미포함 / 두께: 2.3mm",2024/01,ok,
2026-10-01T01:29:14+00:00,102005414,GIGABYTE Gen3 M.2 NVMe 제이씨현 (512GB),https://prod.danawa.com/info/?pcode=102005414&cate=11229608,M.2 (2280),PCIe3.0x4 (32GT/s),512GB,TLC,,Realtek,"1,900MB/s","1,200MB/s",39K,200K,160TB,150만,"제한보증 , 3년",방열판 미포함,"M.2 (2280) / PCIe3.0x4 (32GT/s) / TLC / 컨트롤러: Realtek / [성능] 순차읽기: 1,900MB/s / 순차쓰기: 1,200MB/s / 읽기IOPS: 39K / 쓰기IOPS: 200K / [지원기능] S.M.A.R.T / TRIM / HMB / 전용 S/W / [환경특성] MTBF: 150만 / TBW: 160TB / A/S기간: 제한보증 , 3년 / 방열판 미포함 / 두께: 2.3mm",2025/12,ok,
2026-10-01T01:29:14+00:00,108408740,GIGABYTE Gen3 M.2 NVMe 피씨디렉트 (512GB),https://prod.danawa.com/info/?pcode=108408740&cate=11229608,M.2 (2280),PCIe3.0x4 (32GT/s),512GB,TLC,,Realtek,"1,900MB/s","1,200MB/s",39K,200K,160TB,150만,"3년 , 제한보증",방열판 미포함,"M.2 (2280) / PCIe3.0x4 (32GT/s) / TLC / 컨트롤러: Realtek / [성능] 순차읽기: 1,900MB/s / 순차쓰기: 1,200MB/s / 읽기IOPS: 39K / 쓰기IOPS: 200K / [지원기능] TRIM / HMB / S.M.A.R.T / 전용 S/W / [환경특성] MTBF: 150만 / TBW: 160TB / A/S기간: 3년 , 제한보증 / 방열판 미포함 / 두께: 2.3mm",2026/03,ok,
2026-10-01T01:29:14+00:00,124129696,GIGABYTE Gen3 V2 M.2 NVMe 제이씨현 (256GB),https://prod.danawa.com/info/?pcode=124129696&cate=11229608,M.2 (2280),PCIe3.0x4 (32GT/s),256GB,TLC,,기타,"3,200MB/s","1,200MB/s",220K,400K,100TB,150만,"3년 , 제한보증",방열판 미포함,"M.2 (2280) / PCIe3.0x4 (32GT/s) / TLC / 컨트롤러: 기타 / [성능] 순차읽기: 3,200MB/s / 순차쓰기: 1,200MB/s / 읽기IOPS: 220K / 쓰기IOPS: 400K / [지원기능] TRIM / S.M.A.R.T / HMB / 전용 S/W / [환경특성] MTBF: 150만 / TBW: 100TB / A/S기간: 3년 , 제한보증 / 방열판 미포함 / 두께: 2.3mm",2026/09,ok,
2026-10-01T01:29:14+00:00,75931919,GIGABYTE Gen4 4000E M.2 NVMe 제이씨현 (1TB),https://prod.danawa.com/info/?pcode=75931919&cate=11229608,M.2 (2280),PCIe4.0x4 (64GT/s),1TB,TLC,,기타,"4,000MB/s","3,900MB/s",855K,955K,320TB,150만,"3년 , 제한보증",방열판 미포함,"M.2 (2280) / PCIe4.0x4 (64GT/s) / TLC / 컨트롤러: 기타 / [성능] 순차읽기: 4,000MB/s / 순차쓰기: 3,900MB/s / 읽기IOPS: 855K / 쓰기IOPS: 955K / [지원기능] TRIM / HMB / S.M.A.R.T / 전용 S/W / [환경특성] MTBF: 150만 / TBW: 320TB / A/S기간: 3년 , 제한보증 / 방열판 미포함 / 두께: 2.3mm",2025/02,ok,
2026-10-01T01:29:14+00:00,75931958,GIGABYTE Gen4 4000E M.2 NVMe 제이씨현 (500GB),https://prod.danawa.com/info/?pcode=75931958&cate=11229608,M.2 (2280),PCIe4.0x4 (64GT/s),500GB,TLC,,파이슨 E19T,"3,600MB/s","3,000MB/s",362K,775K,300TB,150만,"제한보증 , 3년",방열판 미포함,"M.2 (2280) / PCIe4.0x4 (64GT/s) / TLC / 컨트롤러: 파이슨 E19T / [성능] 순차읽기: 3,600MB/s / 순차쓰기: 3,000MB/s / 읽기IOPS: 362K / 쓰기IOPS: 775K / [지원기능] TRIM / HMB / S.M.A.R.T / 전용 S/W / [환경특성] MTBF: 150만 / TBW: 300TB / A/S기간: 제한보증 , 3년 / 방열판 미포함 / 두께: 2.3mm",2025/02,ok,
2026-10-01T01:29:14+00:00,122616252,GIGABYTE Gen4 4000E M.2 NVMe 피씨디렉트 (1TB),https://prod.danawa.com/info/?pcode=122616252&cate=11229608,M.2 (2280),PCIe4.0x4 (64GT/s),1TB,,,기타,"4,000MB/s","3,900MB/s",,,320TB,150만,"3년 , 제한보증",방열판 미포함,"M.2 (2280) / PCIe4.0x4 (64GT/s) / 컨트롤러: 기타 / [성능] 순차읽기: 4,000MB/s / 순차쓰기: 3,900MB/s / [지원기능] TRIM / HMB / S.M.A.R.T / 전용 S/W / [환경특성] MTBF: 150만 / TBW: 320TB / A/S기간: 3년 , 제한보증 / 방열판 미포함 / 두께: 2.3mm",2025/06,ok,
2026-10-01T01:29:14+00:00,98226905,GIGABYTE Gen4 4000E M.2 NVMe 피씨디렉트 (500 GB),https://prod.danawa.com/info/?pcode=98226905&cate=11229608,M.2 (2280),PCIe4.0x4 (64GT/s),500 GB,,,기타,"3,600MB/s","3,000MB/s",,,300TB,150만,"3년 , 제한보증",방열판 미포함,"M.2 (2280) / PCIe4.0x4 (64GT/s) / 컨트롤러: 기타 / [성능] 순차읽기: 3,600MB/s / 순차쓰기: 3,000MB/s / [지원기능] TRIM / HMB / S.M.A.R.T / 전용 S/W / [환경특성] MTBF: 150만 / TBW: 300TB / A/S기간: 3년 , 제한보증 / 방열판 미포함 / 두께: 2.3mm",2025/06,ok,
2026-10-01T01:29:14+00:00,12888908,GIGABYTE SSD 제이씨현 (1TB),https://prod.danawa.com/info/?pcode=12888908&cate=11229608,6.4cm(2.5형),SATA3 (6Gb/s),1TB,TLC,,기타,550MB/s,500MB/s,75K,85K,600TB,200만,"3년 , 제한보증",,"6.4cm(2.5형) / SATA3 (6Gb/s) / TLC / 컨트롤러: 기타 / [성능] 순차읽기: 550MB/s / 순차쓰기: 500MB/s / 읽기IOPS: 75K / 쓰기IOPS: 85K / [지원기능] TRIM / S.M.A.R.T / [환경특성] MTBF: 200만 / TBW: 600TB / A/S기간: 3년 , 제한보증 / 두께: 7mm / [기타] 수입사 확인 요망",2019/02,ok,
2026-10-01T01:29:14+00:00,16662584,GIGABYTE SSD 제이씨현 (240GB),https://prod.danawa.com/info/?pcode=16662584&cate=11229608,6.4cm(2.5형),SATA3 (6Gb/s),240GB,TLC,,기타,500MB/s,420MB/s,50K,75K,100TB,200만,"3년 , 제한보증",,"6.4cm(2.5형) / SATA3 (6Gb/s) / TLC / 컨트롤러: 기타 / [성능] 순차읽기: 500MB/s / 순차쓰기: 420MB/s / 읽기IOPS: 50K / 쓰기IOPS: 75K / [지원기능] TRIM / S.M.A.R.T / [환경특성] MTBF: 200만 / TBW: 100TB / A/S기간: 3년 , 제한보증 / 두께: 7mm",2018/09,ok,
2026-10-01T01:29:14+00:00,7261471,GIGABYTE SSD 제이씨현 (480GB),https://prod.danawa.com/info/?pcode=7261471&cate=11229608,6.4cm(2.5형),SATA3 (6Gb/s),480GB,TLC,,기타,550MB/s,480MB/s,75K,70K,100TB,200만,"3년 , 제한보증",,"6.4cm(2.5형) / SATA3 (6Gb/s) / TLC / 컨트롤러: 기타 / [성능] 순차읽기: 550MB/s / 순차쓰기: 480MB/s / 읽기IOPS: 75K / 쓰기IOPS: 70K / [지원기능] TRIM / S.M.A.R.T / [환경특성] MTBF: 200만 / TBW: 100TB / A/S기간: 3년 , 제한보증 / 두께: 7mm",2019/02,ok,
2026-10-01T01:29:14+00:00,122724350,GUDGA GSM1500 M.2 NVMe (256GB),https://prod.danawa.com/info/?pcode=122724350&cate=11229608,M.2 (2280),PCIe3.0x4 (32GT/s),256GB,TLC,,기타,"2,200MB/s","1,300MB/s",,,150TB,,"5년 , 제한보증",방열판 미포함,"M.2 (2280) / PCIe3.0x4 (32GT/s) / TLC / 컨트롤러: 기타 / [성능] 순차읽기: 2,200MB/s / 순차쓰기: 1,300MB/s / [환경특성] TBW: 150TB / A/S기간: 5년 , 제한보증 / 방열판 미포함 / 두께: 3.5mm",2026/07,ok,
2026-10-01T01:29:14+00:00,122710002,GUDGA GVR M.2 NVMe (256GB),https://prod.danawa.com/info/?pcode=122710002&cate=11229608,M.2 (2280),PCIe3.0x4 (32GT/s),256GB,TLC,,기타,"3,500MB/s","3,000MB/s",,,120TB,,"5년 , 제한보증",방열판 미포함,"M.2 (2280) / PCIe3.0x4 (32GT/s) / TLC / 컨트롤러: 기타 / [성능] 순차읽기: 3,500MB/s / 순차쓰기: 3,000MB/s / [지원기능] TRIM / SLC캐싱 / [환경특성] TBW: 120TB / A/S기간: 5년 , 제한보증 / 방열판 미포함 / 두께: 3.5mm",2026/06,ok,
2026-10-01T01:29:14+00:00,124350393,GUDGA GVY M.2 NVMe (256GB),https://prod.danawa.com/info/?pcode=124350393&cate=11229608,M.2 (2280),PCIe3.0x4 (32GT/s),256GB,TLC,,기타,"3,500MB/s","3,000MB/s",,,120TB,,"5년 , 제한보증",방열판 미포함,"M.2 (2280) / PCIe3.0x4 (32GT/s) / TLC / 컨트롤러: 기타 / [성능] 순차읽기: 3,500MB/s / 순차쓰기: 3,000MB/s / [지원기능] TRIM / SLC캐싱 / [환경특성] TBW: 120TB / A/S기간: 5년 , 제한보증 / 방열판 미포함 / 두께: 3.5mm",2026/09,ok,
2026-10-01T01:29:14+00:00,103128803,GUDGA GXF M.2 NVMe (512GB),https://prod.danawa.com/info/?pcode=103128803&cate=11229608,M.2 (2280),PCIe4.0x4 (64GT/s),512GB,,,기타,"4,700MB/s","2,600MB/s",,,600TB,,"제한보증 , 5년",방열판 미포함,"M.2 (2280) / PCIe4.0x4 (64GT/s) / 컨트롤러: 기타 / [성능] 순차읽기: 4,700MB/s / 순차쓰기: 2,600MB/s / [지원기능] TRIM / SLC캐싱 / [환경특성] TBW: 600TB / A/S기간: 제한보증 , 5년 / 방열판 미포함 / 두께: 3.5mm",2025/12,ok,
2026-10-01T01:29:14+00:00,6147163,HGST Ultrastar DC SA210 (480GB),https://prod.danawa.com/info/?pcode=6147163&cate=11229608,6.4cm(2.5형),SATA3 (6Gb/s),480GB,TLC,,기타,510MB/s,475MB/s,,,87TB,200만,"5년 , 제한보증",,"6.4cm(2.5형) / SATA3 (6Gb/s) / TLC / 컨트롤러: 기타 / [성능] 순차읽기: 510MB/s / 순차쓰기: 475MB/s / [환경특성] MTBF: 200만 / TBW: 87TB / A/S기간: 5년 , 제한보증 / 두께: 7mm / [기타] ISE, SED",2018/05,ok,
2026-10-01T01:29:14+00:00,33332441,HIKSEMI E100 (1TB),https://prod.danawa.com/info/?pcode=33332441&cate=11229608,6.4cm(2.5형),SATA3 (6Gb/s),1TB,TLC,,Maxio,560MB/s,500MB/s,65K,75K,480TB,200만,"3년 , 제한보증",,"6.4cm(2.5형) / SATA3 (6Gb/s) / TLC / 컨트롤러: Maxio / [성능] 순차읽기: 560MB/s / 순차쓰기: 500MB/s / 읽기IOPS: 65K / 쓰기IOPS: 75K / [지원기능] TRIM / ECC / SLC캐싱 / [환경특성] MTBF: 200만 / TBW: 480TB / A/S기간: 3년 , 제한보증 / 두께: 7mm / 36.8g",2024/01,ok,
2026-10-01T01:29:14+00:00,19807334,HIKSEMI E3000 M.2 NVMe (1TB),https://prod.danawa.com/info/?pcode=19807334&cate=11229608,M.2 (2280),PCIe3.0x4 (32GT/s),1TB,TLC,,Maxio,"3,520MB/s","2,900MB/s",195K,150K,448TB,150만,"5년 , 제한보증",방열판 미포함,"M.2 (2280) / PCIe3.0x4 (32GT/s) / TLC / 컨트롤러: Maxio / [성능] 순차읽기: 3,520MB/s / 순차쓰기: 2,900MB/s / 읽기IOPS: 195K / 쓰기IOPS: 150K / [지원기능] TRIM / HMB / SLC캐싱 / [환경특성] MTBF: 150만 / TBW: 448TB / A/S기간: 5년 , 제한보증 / 방열판 미포함 / 두께: 2.38mm / 9g",2023/04,ok,
2026-10-01T01:29:14+00:00,67847015,HIKSEMI FUTURE Lite M.2 NVMe (1TB),https://prod.danawa.com/info/?pcode=67847015&cate=11229608,M.2 (2280),PCIe4.0x4 (64GT/s),1TB,QLC,,Maxio MAP1602,"7,000MB/s","6,000MB/s",915K,462K,750TB,200만,"5년 , 제한보증",방열판 미포함,"M.2 (2280) / PCIe4.0x4 (64GT/s) / QLC / 컨트롤러: Maxio MAP1602 / [성능] 순차읽기: 7,000MB/s / 순차쓰기: 6,000MB/s / 읽기IOPS: 915K / 쓰기IOPS: 462K / [지원기능] TRIM / ECC / S.M.A.R.T / [환경특성] MTBF: 200만 / TBW: 750TB / PS5 호환 / A/S기간: 5년 , 제한보증 / 방열판 미포함 / 두께: 2.38mm / 7g",2024/09,ok,
2026-10-01T01:29:14+00:00,73560464,HIKSEMI FUTURE Lite M.2 NVMe (512GB),https://prod.danawa.com/info/?pcode=73560464&cate=11229608,M.2 (2280),PCIe4.0x4 (64GT/s),512GB,QLC,,Maxio MAP1602,"6,320MB/s","3,111MB/s",583K,525K,375TB,200만,"5년 , 제한보증",방열판 미포함,"M.2 (2280) / PCIe4.0x4 (64GT/s) / QLC / 컨트롤러: Maxio MAP1602 / [성능] 순차읽기: 6,320MB/s / 순차쓰기: 3,111MB/s / 읽기IOPS: 583K / 쓰기IOPS: 525K / [지원기능] TRIM / ECC / S.M.A.R.T / [환경특성] MTBF: 200만 / TBW: 375TB / PS5 호환 / A/S기간: 5년 , 제한보증 / 방열판 미포함 / 두께: 2.38mm / 7g",2024/12,ok,
2026-10-01T01:29:14+00:00,28771232,HIKSEMI FUTURE M.2 NVMe (1TB),https://prod.danawa.com/info/?pcode=28771232&cate=11229608,M.2 (2280),PCIe4.0x4 (64GT/s),1TB,TLC,,Maxio MAP1602,"7,450MB/s","6,600MB/s",860K,670K,"1,800TB",200만,"제한보증 , 5년",방열판 미포함,"M.2 (2280) / PCIe4.0x4 (64GT/s) / TLC / 컨트롤러: Maxio MAP1602 / [성능] 순차읽기: 7,450MB/s / 순차쓰기: 6,600MB/s / 읽기IOPS: 860K / 쓰기IOPS: 670K / [지원기능] ECC / HMB / AES 암호화 / [환경특성] MTBF: 200만 / TBW: 1,800TB / PS5 호환 / A/S기간: 제한보증 , 5년 / 방열판 미포함 / 두께: 2.4mm / 7g",2023/10,ok,
2026-10-01T01:29:14+00:00,28771220,HIKSEMI FUTURE M.2 NVMe (2TB),https://prod.danawa.com/info/?pcode=28771220&cate=11229608,M.2 (2280),PCIe4.0x4 (64GT/s),2TB,TLC,,Maxio MAP1602,"7,450MB/s","6,750MB/s",860K,690K,"3,600TB",200만,"제한보증 , 5년",방열판 미포함,"M.2 (2280) / PCIe4.0x4 (64GT/s) / TLC / 컨트롤러: Maxio MAP1602 / [성능] 순차읽기: 7,450MB/s / 순차쓰기: 6,750MB/s / 읽기IOPS: 860K / 쓰기IOPS: 690K / [지원기능] HMB / ECC / AES 암호화 / [환경특성] MTBF: 200만 / TBW: 3,600TB / PS5 호환 / A/S기간: 제한보증 , 5년 / 방열판 미포함 / 두께: 2.4mm / 7g",2023/10,ok,
2026-10-01T01:29:14+00:00,28771175,HIKSEMI FUTURE M.2 NVMe (4TB),https://prod.danawa.com/info/?pcode=28771175&cate=11229608,M.2 (2280),PCIe4.0x4 (64GT/s),4TB,TLC,,Maxio MAP1602,"7,450MB/s","6,500MB/s",907K,700K,"7,200TB",200만,"5년 , 제한보증",방열판 미포함,"M.2 (2280) / PCIe4.0x4 (64GT/s) / TLC / 컨트롤러: Maxio MAP1602 / [성능] 순차읽기: 7,450MB/s / 순차쓰기: 6,500MB/s / 읽기IOPS: 907K / 쓰기IOPS: 700K / [지원기능] HMB / ECC / AES 암호화 / [환경특성] MTBF: 200만 / TBW: 7,200TB / PS5 호환 / A/S기간: 5년 , 제한보증 / 방열판 미포함 / 두께: 2.4mm / 7g",2023/10,ok,
2026-10-01T01:29:14+00:00,28771262,HIKSEMI FUTURE M.2 NVMe (512GB),https://prod.danawa.com/info/?pcode=28771262&cate=11229608,M.2 (2280),PCIe4.0x4 (64GT/s),512GB,TLC,,Maxio MAP1602,"7,050MB/s","4,200MB/s",710K,640K,900TB,200만,"5년 , 제한보증",방열판 미포함,"M.2 (2280) / PCIe4.0x4 (64GT/s) / TLC / 컨트롤러: Maxio MAP1602 / [성능] 순차읽기: 7,050MB/s / 순차쓰기: 4,200MB/s / 읽기IOPS: 710K / 쓰기IOPS: 640K / [지원기능] HMB / ECC / AES 암호화 / [환경특성] MTBF: 200만 / TBW: 900TB / PS5 호환 / A/S기간: 5년 , 제한보증 / 방열판 미포함 / 두께: 2.4mm / 7g",2023/10,ok,
2026-10-01T01:29:14+00:00,28772480,HIKSEMI WAVE (128GB),https://prod.danawa.com/info/?pcode=28772480&cate=11229608,6.4cm(2.5형),SATA3 (6Gb/s),128GB,,,Maxio MAP1102,460MB/s,370MB/s,28K,51K,40TB,150만,"3년 , 제한보증",,"6.4cm(2.5형) / SATA3 (6Gb/s) / 컨트롤러: Maxio MAP1102 / [성능] 순차읽기: 460MB/s / 순차쓰기: 370MB/s / 읽기IOPS: 28K / 쓰기IOPS: 51K / [지원기능] TRIM / [환경특성] MTBF: 150만 / TBW: 40TB / A/S기간: 3년 , 제한보증 / 두께: 7mm / 34.4g / 26년 5월부로 상품 정보 변경(메모리 타입, 순차 / 랜덤읽기 및 쓰기, MTBF, TBW)",2023/10,ok,
2026-10-01T01:29:14+00:00,28772462,HIKSEMI WAVE (256GB),https://prod.danawa.com/info/?pcode=28772462&cate=11229608,6.4cm(2.5형),SATA3 (6Gb/s),256GB,,,Maxio MAP1102,530MB/s,400MB/s,45K,75K,80TB,150만,"제한보증 , 3년",,"6.4cm(2.5형) / SATA3 (6Gb/s) / 컨트롤러: Maxio MAP1102 / [성능] 순차읽기: 530MB/s / 순차쓰기: 400MB/s / 읽기IOPS: 45K / 쓰기IOPS: 75K / [지원기능] TRIM / [환경특성] MTBF: 150만 / TBW: 80TB / A/S기간: 제한보증 , 3년 / 두께: 7mm / 34.4g / [기타] 26년 5월부로 상품 정보 변경(메모리 타입, 순차 / 랜덤읽기 및 쓰기, MTBF, TBW)",2023/10,ok,
2026-10-01T01:29:14+00:00,28772405,HIKSEMI WAVE (512GB),https://prod.danawa.com/info/?pcode=28772405&cate=11229608,6.4cm(2.5형),SATA3 (6Gb/s),512GB,,,Maxio MAP1102,530MB/s,400MB/s,63K,69K,170TB,150만,"3년 , 제한보증",,"6.4cm(2.5형) / SATA3 (6Gb/s) / 컨트롤러: Maxio MAP1102 / [성능] 순차읽기: 530MB/s / 순차쓰기: 400MB/s / 읽기IOPS: 63K / 쓰기IOPS: 69K / [지원기능] TRIM / [환경특성] MTBF: 150만 / TBW: 170TB / A/S기간: 3년 , 제한보증 / 두께: 7mm / 34.4g / [기타] 26년 5월부로 상품 정보 변경(메모리 타입, 순차 / 랜덤읽기 및 쓰기, MTBF, TBW)",2023/10,ok,
2026-10-01T01:29:14+00:00,122713468,HIKSEMI WAVE(P) M.2 NVMe (256GB),https://prod.danawa.com/info/?pcode=122713468&cate=11229608,M.2 (2280),PCIe3.0x4 (32GT/s),256GB,TLC,,Maxio,"2,280MB/s","1,800MB/s",90K,320K,100TB,150만,"3년 , 제한보증",방열판 미포함,"M.2 (2280) / PCIe3.0x4 (32GT/s) / TLC / 컨트롤러: Maxio / [성능] 순차읽기: 2,280MB/s / 순차쓰기: 1,800MB/s / 읽기IOPS: 90K / 쓰기IOPS: 320K / [지원기능] TRIM / [환경특성] MTBF: 150만 / TBW: 100TB / A/S기간: 3년 , 제한보증 / 방열판 미포함 / 7g",2026/05,ok,
2026-10-01T01:29:14+00:00,122681544,HIKSEMI WAVE(P) M.2 NVMe (512GB),https://prod.danawa.com/info/?pcode=122681544&cate=11229608,M.2 (2280),PCIe3.0x4 (32GT/s),512GB,TLC,,Maxio,"3,500MB/s","1,200MB/s",460K,335K,120TB,150만,"3년 , 제한보증",방열판 미포함,"M.2 (2280) / PCIe3.0x4 (32GT/s) / TLC / 컨트롤러: Maxio / [성능] 순차읽기: 3,500MB/s / 순차쓰기: 1,200MB/s / 읽기IOPS: 460K / 쓰기IOPS: 335K / [지원기능] TRIM / [환경특성] MTBF: 150만 / TBW: 120TB / A/S기간: 3년 , 제한보증 / 방열판 미포함 / 7g / [기타] 26년 9월부로 순차읽기 / 쓰기 속도 변경",2026/05,ok,
2026-10-01T01:29:14+00:00,19745132,HIKSEMI Wave Pro(P) M.2 NVMe (1024GB),https://prod.danawa.com/info/?pcode=19745132&cate=11229608,M.2 (2280),PCIe3.0x4 (32GT/s),1024GB,TLC,,Maxio MAP1202,"3,520MB/s","2,900MB/s",195K,150K,448TB,150만,"5년 , 제한보증",방열판 미포함,"M.2 (2280) / PCIe3.0x4 (32GT/s) / TLC / 컨트롤러: Maxio MAP1202 / [성능] 순차읽기: 3,520MB/s / 순차쓰기: 2,900MB/s / 읽기IOPS: 195K / 쓰기IOPS: 150K / [지원기능] TRIM / [환경특성] MTBF: 150만 / TBW: 448TB / A/S기간: 5년 , 제한보증 / 방열판 미포함 / 두께: 2.38mm / 7g",2023/10,ok,
2026-10-01T01:29:14+00:00,28772096,HIKSEMI Wave Pro(P) M.2 NVMe (256GB),https://prod.danawa.com/info/?pcode=28772096&cate=11229608,M.2 (2280),PCIe3.0x4 (32GT/s),256GB,TLC,,Maxio MAP1202,"3,230MB/s","1,240MB/s",195K,210K,112TB,150만,"제한보증 , 5년",방열판 미포함,"M.2 (2280) / PCIe3.0x4 (32GT/s) / TLC / 컨트롤러: Maxio MAP1202 / [성능] 순차읽기: 3,230MB/s / 순차쓰기: 1,240MB/s / 읽기IOPS: 195K / 쓰기IOPS: 210K / [지원기능] TRIM / [환경특성] MTBF: 150만 / TBW: 112TB / A/S기간: 제한보증 , 5년 / 방열판 미포함 / 두께: 2.38mm / 7g",2023/10,ok,
2026-10-01T01:29:14+00:00,19745036,HIKSEMI Wave Pro(P) M.2 NVMe (512GB),https://prod.danawa.com/info/?pcode=19745036&cate=11229608,M.2 (2280),PCIe3.0x4 (32GT/s),512GB,TLC,,Maxio MAP1202,"3,500MB/s","1,800MB/s",200K,155K,224TB,150만,"5년 , 제한보증",방열판 미포함,"M.2 (2280) / PCIe3.0x4 (32GT/s) / TLC / 컨트롤러: Maxio MAP1202 / [성능] 순차읽기: 3,500MB/s / 순차쓰기: 1,800MB/s / 읽기IOPS: 200K / 쓰기IOPS: 155K / [지원기능] TRIM / [환경특성] MTBF: 150만 / TBW: 224TB / A/S기간: 5년 , 제한보증 / 방열판 미포함 / 두께: 2.38mm / 7g",2023/10,ok,
2026-10-01T01:29:14+00:00,6121318,HP EX900 M.2 NVMe (120GB),https://prod.danawa.com/info/?pcode=6121318&cate=11229608,M.2 (2280),PCIe3.0x4 (32GT/s),120GB,TLC,,,"1,900MB/s",650MB/s,100K,80K,,200만,3년,방열판 미포함,"M.2 (2280) / PCIe3.0x4 (32GT/s) / TLC / [성능] 순차읽기: 1,900MB/s / 순차쓰기: 650MB/s / 읽기IOPS: 100K / 쓰기IOPS: 80K / [지원기능] DEVSLP / HMB / TRIM / ECC / SLC캐싱 / GC / S.M.A.R.T / [환경특성] MTBF: 200만 / A/S기간: 3년 / 방열판 미포함 / 두께: 2.4mm",2018/05,ok,
2026-10-01T01:29:14+00:00,6121325,HP EX900 M.2 NVMe (250GB),https://prod.danawa.com/info/?pcode=6121325&cate=11229608,M.2 (2280),PCIe3.0x4 (32GT/s),250GB,TLC,,기타,"2,100MB/s","1,300MB/s",125K,110K,,200만,3년,방열판 미포함,"M.2 (2280) / PCIe3.0x4 (32GT/s) / TLC / 컨트롤러: 기타 / [성능] 순차읽기: 2,100MB/s / 순차쓰기: 1,300MB/s / 읽기IOPS: 125K / 쓰기IOPS: 110K / [지원기능] DEVSLP / HMB / TRIM / ECC / SLC캐싱 / GC / S.M.A.R.T / [환경특성] MTBF: 200만 / A/S기간: 3년 / 방열판 미포함 / 두께: 2.4mm",2018/05,ok,
2026-10-01T01:29:14+00:00,18358859,HP EX900 Plus M.2 NVMe (1TB),https://prod.danawa.com/info/?pcode=18358859&cate=11229608,M.2 (2280),PCIe3.0x4 (32GT/s),1TB,,,기타,"3,300MB/s","2,700MB/s",325K,293K,400TB,100만,"5년 , 제한보증",방열판 미포함,"M.2 (2280) / PCIe3.0x4 (32GT/s) / 컨트롤러: 기타 / [성능] 순차읽기: 3,300MB/s / 순차쓰기: 2,700MB/s / 읽기IOPS: 325K / 쓰기IOPS: 293K / [지원기능] HMB / TRIM / GC / S.M.A.R.T / AES 암호화 / [환경특성] MTBF: 100만 / TBW: 400TB / A/S기간: 5년 , 제한보증 / 방열판 미포함 / 두께: 2.4mm / 5.4g",2022/11,ok,
2026-10-01T01:29:14+00:00,18361613,HP EX900 Plus M.2 NVMe (256GB),https://prod.danawa.com/info/?pcode=18361613&cate=11229608,M.2 (2280),PCIe3.0x4 (32GT/s),256GB,,,기타,"2,000MB/s","1,300MB/s",100K,273K,100TB,100만,"제한보증 , 5년",방열판 미포함,"M.2 (2280) / PCIe3.0x4 (32GT/s) / 컨트롤러: 기타 / [성능] 순차읽기: 2,000MB/s / 순차쓰기: 1,300MB/s / 읽기IOPS: 100K / 쓰기IOPS: 273K / [지원기능] HMB / TRIM / GC / S.M.A.R.T / AES 암호화 / [환경특성] MTBF: 100만 / TBW: 100TB / A/S기간: 제한보증 , 5년 / 방열판 미포함 / 두께: 2.4mm / 5.4g",2022/11,ok,
2026-10-01T01:29:14+00:00,18358871,HP EX900 Plus M.2 NVMe (512GB),https://prod.danawa.com/info/?pcode=18358871&cate=11229608,M.2 (2280),PCIe3.0x4 (32GT/s),512GB,,,기타,"3,200MB/s","2,200MB/s",190K,296K,200TB,100만,"5년 , 제한보증",방열판 미포함,"M.2 (2280) / PCIe3.0x4 (32GT/s) / 컨트롤러: 기타 / [성능] 순차읽기: 3,200MB/s / 순차쓰기: 2,200MB/s / 읽기IOPS: 190K / 쓰기IOPS: 296K / [지원기능] TRIM / HMB / GC / S.M.A.R.T / AES 암호화 / [환경특성] MTBF: 100만 / TBW: 200TB / A/S기간: 5년 , 제한보증 / 방열판 미포함 / 두께: 2.4mm / 5.4g",2022/11,ok,
2026-10-01T01:29:14+00:00,9332742,HP EX950 M.2 NVMe 해외구매 (2TB),https://prod.danawa.com/info/?pcode=9332742&cate=11229608,M.2 (2280),PCIe3.0x4 (32GT/s),2TB,TLC,DRAM 탑재,기타,"3,500MB/s","2,900MB/s",최대 410K,최대 380K,,200만,,방열판 미포함,"M.2 (2280) / PCIe3.0x4 (32GT/s) / TLC / DRAM 탑재 / DDR3 2GB / 컨트롤러: 기타 / [성능] 순차읽기: 3,500MB/s / 순차쓰기: 2,900MB/s / 읽기IOPS: 최대 410K / 쓰기IOPS: 최대 380K / [지원기능] DEVSLP / TRIM / ECC / SLC캐싱 / GC / S.M.A.R.T / [환경특성] MTBF: 200만 / 방열판 미포함 / 두께: 3.5mm / 최대 5.4g",2019/08,ok,
2026-10-01T01:29:14+00:00,32664824,HP FX700 M.2 NVMe (1TB),https://prod.danawa.com/info/?pcode=32664824&cate=11229608,M.2 (2280),PCIe4.0x4 (64GT/s),1TB,QLC,,기타,"7,200MB/s","6,200MB/s","1,040K",809K,400TB,200만,"5년 , 제한보증",방열판 미포함,"M.2 (2280) / PCIe4.0x4 (64GT/s) / QLC / 컨트롤러: 기타 / [성능] 순차읽기: 7,200MB/s / 순차쓰기: 6,200MB/s / 읽기IOPS: 1,040K / 쓰기IOPS: 809K / [지원기능] HMB / TRIM / SLC캐싱 / S.M.A.R.T / 전용 S/W / [환경특성] MTBF: 200만 / TBW: 400TB / PS5 호환 / A/S기간: 5년 , 제한보증 / 방열판 미포함 / 두께: 2.4mm / 10g",2024/01,ok,
2026-10-01T01:29:14+00:00,32668007,HP FX700 M.2 NVMe (512GB),https://prod.danawa.com/info/?pcode=32668007&cate=11229608,M.2 (2280),PCIe4.0x4 (64GT/s),512GB,QLC,,기타,"6,300MB/s","3,100MB/s",567K,586K,200TB,200만,"5년 , 제한보증",방열판 미포함,"M.2 (2280) / PCIe4.0x4 (64GT/s) / QLC / 컨트롤러: 기타 / [성능] 순차읽기: 6,300MB/s / 순차쓰기: 3,100MB/s / 읽기IOPS: 567K / 쓰기IOPS: 586K / [지원기능] HMB / TRIM / SLC캐싱 / S.M.A.R.T / 전용 S/W / [환경특성] MTBF: 200만 / TBW: 200TB / PS5 호환 / A/S기간: 5년 , 제한보증 / 방열판 미포함 / 두께: 2.4mm / 10g",2024/01,ok,
2026-10-01T01:29:14+00:00,20694446,HP FX900 Plus M.2 NVMe (512GB),https://prod.danawa.com/info/?pcode=20694446&cate=11229608,M.2 (2280),PCIe4.0x4 (64GT/s),512GB,TLC,,기타,"7,100MB/s","3,800MB/s",960K,720K,300TB,200만,"5년 , 제한보증",방열판 미포함,"M.2 (2280) / PCIe4.0x4 (64GT/s) / TLC / 컨트롤러: 기타 / [성능] 순차읽기: 7,100MB/s / 순차쓰기: 3,800MB/s / 읽기IOPS: 960K / 쓰기IOPS: 720K / [지원기능] DEVSLP / HMB / TRIM / ECC / SLC캐싱 / GC / S.M.A.R.T / [환경특성] MTBF: 200만 / TBW: 300TB / PS5 호환 / A/S기간: 5년 , 제한보증 / 방열판 미포함 / 두께: 2.4mm / 10g",2023/06,ok,
2026-10-01T01:29:14+00:00,16436138,HP FX900 Pro M.2 NVMe (512GB),https://prod.danawa.com/info/?pcode=16436138&cate=11229608,M.2 (2280),PCIe4.0x4 (64GT/s),512GB,TLC,DRAM 탑재,기타,"7,000MB/s","3,800MB/s",540K,938K,300TB,100만,"5년 , 제한보증",방열판 미포함,"M.2 (2280) / PCIe4.0x4 (64GT/s) / TLC / DRAM 탑재 / DDR4 512MB / 컨트롤러: 기타 / [성능] 순차읽기: 7,000MB/s / 순차쓰기: 3,800MB/s / 읽기IOPS: 540K / 쓰기IOPS: 938K / [지원기능] TRIM / SLC캐싱 / S.M.A.R.T / [환경특성] MTBF: 100만 / TBW: 300TB / PS5 호환 / A/S기간: 5년 , 제한보증 / 방열판 미포함 / 두께: 3.2mm / 10g",2022/02,ok,
2026-10-01T01:29:14+00:00,16039043,HP S650 (240GB),https://prod.danawa.com/info/?pcode=16039043&cate=11229608,6.4cm(2.5형),SATA3 (6Gb/s),240GB,QLC,,기타,560MB/s,450MB/s,,,80TB,100만,"3년 , 제한보증",,"6.4cm(2.5형) / SATA3 (6Gb/s) / QLC / 컨트롤러: 기타 / [성능] 순차읽기: 560MB/s / 순차쓰기: 450MB/s / [지원기능] TRIM / ECC / DEVSLP / GC / SLC캐싱 / S.M.A.R.T / [환경특성] MTBF: 100만 / TBW: 80TB / A/S기간: 3년 , 제한보증 / 두께: 7mm / 50g",2021/12,ok,
2026-10-01T01:29:14+00:00,5483007,HP S700 (120GB),https://prod.danawa.com/info/?pcode=5483007&cate=11229608,6.4cm(2.5형),SATA3 (6Gb/s),120GB,TLC,,기타,550MB/s,480MB/s,40K,75K,70TB,200만,"3년 , 제한보증",,"6.4cm(2.5형) / SATA3 (6Gb/s) / TLC / 컨트롤러: 기타 / [성능] 순차읽기: 550MB/s / 순차쓰기: 480MB/s / 읽기IOPS: 40K / 쓰기IOPS: 75K / [지원기능] DEVSLP / TRIM / ECC / SLC캐싱 / GC / S.M.A.R.T / [환경특성] MTBF: 200만 / TBW: 70TB / A/S기간: 3년 , 제한보증 / 두께: 6.7mm / 45g",2017/09,ok,
2026-10-01T01:29:14+00:00,5483004,HP S700 (250GB),https://prod.danawa.com/info/?pcode=5483004&cate=11229608,6.4cm(2.5형),SATA3 (6Gb/s),250GB,TLC,,기타,555MB/s,490MB/s,55K,80K,145TB,200만,"3년 , 제한보증",,"6.4cm(2.5형) / SATA3 (6Gb/s) / TLC / 컨트롤러: 기타 / [성능] 순차읽기: 555MB/s / 순차쓰기: 490MB/s / 읽기IOPS: 55K / 쓰기IOPS: 80K / [지원기능] TRIM / ECC / DEVSLP / GC / S.M.A.R.T / [환경특성] MTBF: 200만 / TBW: 145TB / A/S기간: 3년 , 제한보증 / 두께: 6.7mm / 45g",2017/09,ok,
2026-10-01T01:29:14+00:00,5483001,HP S700 (500GB),https://prod.danawa.com/info/?pcode=5483001&cate=11229608,6.4cm(2.5형),SATA3 (6Gb/s),500GB,TLC,,기타,555MB/s,490MB/s,75K,90K,295TB,200만,"3년 , 제한보증",,"6.4cm(2.5형) / SATA3 (6Gb/s) / TLC / 컨트롤러: 기타 / [성능] 순차읽기: 555MB/s / 순차쓰기: 490MB/s / 읽기IOPS: 75K / 쓰기IOPS: 90K / [지원기능] TRIM / ECC / DEVSLP / SLC캐싱 / GC / S.M.A.R.T / [환경특성] MTBF: 200만 / TBW: 295TB / A/S기간: 3년 , 제한보증 / 두께: 6.7mm / 45g",2017/09,ok,
2026-10-01T01:29:14+00:00,78782768,HP Z Turbo Drive G2 M.2 NVMe (512GB),https://prod.danawa.com/info/?pcode=78782768&cate=11229608,M.2 (2280),PCIe3.0x4 (32GT/s),512GB,TLC,,기타,"3,500MB/s","2,900MB/s",460K,500K,,,1년,방열판 포함,"M.2 (2280) / PCIe3.0x4 (32GT/s) / TLC / 컨트롤러: 기타 / [성능] 순차읽기: 3,500MB/s / 순차쓰기: 2,900MB/s / 읽기IOPS: 460K / 쓰기IOPS: 500K / [환경특성] A/S기간: 1년 / 방열판 포함 / HP Z 워크스테이션 호환",2025/03,ok,
2026-10-01T01:29:14+00:00,4529785,ICY DOCK 5.25형 HDD/SSD 브라켓 (MB344SP-B),https://prod.danawa.com/info/?pcode=4529785&cate=11229608,변환 가이드,,,,,,,,,,,,1년,,"변환 가이드 / 크기 변환: 2.5형→5.25형 / SSD, HDD겸용 / 지원 두께: 7~9.5mm / 보관(장착) 개수: 최대 4개 / A/S기간: 1년 / 두께: 40.2mm / 98g / 플라스틱 / 랙타입 기능 지원",2016/10,ok,
2026-10-01T01:29:14+00:00,78530153,ICY DOCK ExpressSlot Core MB312M4P-B,https://prod.danawa.com/info/?pcode=78530153&cate=11229608,변환 컨버터,PCIe x8 인터페이스,,,,,,,,,,,,,변환 컨버터 / 크기 변환: M.2→PCIe 카드 / 인터페이스 변환: PCIe→PCIe(NVMe) / SSD전용 / 보관(장착) 개수: 최대 2개 / 두께: 21.6mm / 89.6g / PCIe x8 인터페이스 / PCIe 분할 기능이 내장된 보드만 사용 가능,2025/03,ok,
2026-10-01T01:29:14+00:00,11866912,ICY DOCK M.2 to SATA 변환 컨버터 (MB703M2P-B),https://prod.danawa.com/info/?pcode=11866912&cate=11229608,변환 컨버터,,,,,,,,,,,,,,"변환 컨버터 / 크기 변환: M.2→2.5형 / 인터페이스 변환: SATA3→SATA3 / SSD전용 / 보관(장착) 개수: 최대 1개 / 두께: 9.5mm / 블랙 / B Key, B+M Key M.2 SATA SSD 지원 / 최대 4TB 지원",2020/07,ok,
2026-10-01T01:29:14+00:00,65309579,ICY DOCK MB024SP-B,https://prod.danawa.com/info/?pcode=65309579&cate=11229608,변환 가이드,,,,,,,,,,,,,,"변환 가이드 / 크기 변환: 2.5형→5.25형 / SSD, HDD겸용 / 보관(장착) 개수: 최대 4개 / 두께: 41.3mm",2024/09,ok,
2026-10-01T01:29:14+00:00,18505100,ICY DOCK MB082SP,https://prod.danawa.com/info/?pcode=18505100&cate=11229608,변환 가이드,,,,,,,,,,,,,,"변환 가이드 / 크기 변환: 2.5형→3.5형 / SSD, HDD겸용 / 보관(장착) 개수: 최대 2개",2022/12,ok,
2026-10-01T01:29:14+00:00,101543144,ICY DOCK MB204MP-1B M.2 to PCIe 4.0 어댑터,https://prod.danawa.com/info/?pcode=101543144&cate=11229608,변환 컨버터,,,,,,,,,,,,,,변환 컨버터 / 크기 변환: M.2→PCIe 카드 / 인터페이스 변환: PCIe→PCIe(NVMe) / SSD전용 / 보관(장착) 개수: 최대 4개 / 두께: 21.6mm / 레드,2025/12,ok,
2026-10-01T01:29:14+00:00,92888870,ICY DOCK MB204MP-B M.2 to PCIe 5.0 어댑터,https://prod.danawa.com/info/?pcode=92888870&cate=11229608,변환 컨버터,,,,,,,,,,,,,,변환 컨버터 / 크기 변환: M.2→PCIe 카드 / 인터페이스 변환: PCIe→PCIe(NVMe) / SSD전용 / 보관(장착) 개수: 최대 4개 / 쿨링팬,2025/06,ok,
2026-10-01T01:29:14+00:00,18505103,ICY DOCK MB290SP-1B,https://prod.danawa.com/info/?pcode=18505103&cate=11229608,변환 가이드,,,,,,,,,,,,,,"변환 가이드 / 크기 변환: 2.5형→5.25형 / SSD, HDD겸용",2022/12,ok,
2026-10-01T01:29:14+00:00,101075294,ICY DOCK MB305M4P-B M.2 to PCIe 4.0 어댑터,https://prod.danawa.com/info/?pcode=101075294&cate=11229608,변환 컨버터,,,,,,,,,,,,,방열판 포함,변환 컨버터 / 크기 변환: M.2→PCIe 카드 / 인터페이스 변환: PCIe→PCIe(NVMe) / SSD전용 / 보관(장착) 개수: 최대 1개 / 방열판 포함,2025/11,ok,
2026-10-01T01:29:14+00:00,8514981,ICY DOCK MB343SP-B,https://prod.danawa.com/info/?pcode=8514981&cate=11229608,변환 가이드,,,,,,,,,,,,,,"변환 가이드 / 크기 변환: 2.5/3.5형→5.25형 / SSD, HDD겸용 / 보관(장착) 개수: 최대 2개 / 가로: 170mm / 세로: 148.5mm / 두께: 41.3mm",2019/07,ok,
2026-10-01T01:29:14+00:00,12194252,ICY DOCK MB705M2P-B EZConvert,https://prod.danawa.com/info/?pcode=12194252&cate=11229608,변환 컨버터,,,,,,,,,,,,,,변환 컨버터 / 크기 변환: M.2→2.5형 / SSD전용 / 지원 두께: 9.5mm / 보관(장착) 개수: 최대 1개 / 두께: 9.5mm / 67g / 블랙 / 알루미늄 / M.2 NVMe SSD를 2.5형 U.2 NVMe SSD로 변환 / 핫스왑 지원,2020/09,ok,
2026-10-01T01:29:14+00:00,12493268,ICY DOCK MB840M2P-B ToughArmor,https://prod.danawa.com/info/?pcode=12493268&cate=11229608,변환 컨버터,,,,,,,,,,,,,방열판 포함,변환 컨버터 / 크기 변환: M.2→PCIe 카드 / 인터페이스 변환: PCIe→PCIe(NVMe) / SSD전용 / 보관(장착) 개수: 최대 1개 / 방열판 포함 / 두께: 22mm / 181.5g / 실버 / 알루미늄,2020/10,ok,
2026-10-01T01:29:14+00:00,98488079,ICY DOCK MB840M5P-B M.2 to PCIe 5.0 어댑터,https://prod.danawa.com/info/?pcode=98488079&cate=11229608,변환 컨버터,,,,,,,,,,,,,,변환 컨버터 / 크기 변환: M.2/mSATA→PCIe 카드 / 인터페이스 변환: PCIe→PCIe(NVMe) / SSD전용 / 보관(장착) 개수: 최대 1개 / 두께: 22 / 181.5 / 트레이 방식,2025/09,ok,
2026-10-01T01:29:14+00:00,27868562,ICY DOCK MB842MP-B M.2 NVMe to PCIe 어댑터,https://prod.danawa.com/info/?pcode=27868562&cate=11229608,변환 컨버터,,,,,,,,,,,,,,변환 컨버터 / 크기 변환: M.2→PCIe 카드 / 인터페이스 변환: PCIe→PCIe(NVMe) / SSD전용 / 보관(장착) 개수: 최대 2개,2023/08,ok,
2026-10-01T01:29:14+00:00,93443267,ICY DOCK MB931U-1VB R1,https://prod.danawa.com/info/?pcode=93443267&cate=11229608,변환 컨버터,,,,,,,,,,,,,,변환 컨버터 / 크기 변환: 2.5형→USB A타입/C타입 / 인터페이스 변환: U.2(NVMe)→USB3.x 10Gbps / SSD전용 / 외부전원필수 / 보관(장착) 개수: 최대 1개 / 블랙,2025/07,ok,
2026-10-01T01:29:14+00:00,16390571,ICY DOCK MB987M2P-1B M.2 to PCIe 3.0 어댑터,https://prod.danawa.com/info/?pcode=16390571&cate=11229608,변환 컨버터,,,,,,,,,,,,,방열판 포함,변환 컨버터 / 크기 변환: M.2→PCIe 카드 / 인터페이스 변환: PCIe→PCIe(NVMe) / SSD전용 / 보관(장착) 개수: 최대 1개 / 방열판 포함,2022/02,ok,
2026-10-01T01:29:14+00:00,11868379,ICY DOCK SATA to PCIe 변환 어댑터 (MB839SP-B),https://prod.danawa.com/info/?pcode=11868379&cate=11229608,변환 컨버터,,,,,,,,,,,,,,"변환 컨버터 / 크기 변환: 2.5형→PCIe 카드 / 인터페이스 변환: SATA3→SATA3 / SSD, HDD겸용 / 보관(장착) 개수: 최대 1개 / 두께: 22mm / 블랙",2020/07,ok,
2026-10-01T01:29:14+00:00,3490144,ICY DOCK 듀얼 2.5 to 3.5 HDD/SSD 브라켓 (MB290SP-B),https://prod.danawa.com/info/?pcode=3490144&cate=11229608,변환 가이드,,,,,,,,,,,,,,"변환 가이드 / 크기 변환: 2.5형→3.5형 / SSD, HDD겸용 / 지원 두께: 7~9.5mm / 보관(장착) 개수: 최대 2개 / 두께: 25mm / 59g / 블랙 / 플라스틱",2015/10,ok,
2026-10-01T01:29:14+00:00,69469679,J&A LEVEN JS600 해외구매 (4TB),https://prod.danawa.com/info/?pcode=69469679&cate=11229608,6.4cm(2.5형),SATA3 (6Gb/s),4TB,TLC,,기타,560MB/s,510MB/s,,,"2,000TB",200만,,,"6.4cm(2.5형) / SATA3 (6Gb/s) / TLC / 컨트롤러: 기타 / [성능] 순차읽기: 560MB/s / 순차쓰기: 510MB/s / [지원기능] DEVSLP / TRIM / [환경특성] MTBF: 200만 / TBW: 2,000TB / 두께: 7mm / 45g",2024/10,ok,
2026-10-01T01:29:14+00:00,1925749,KINGMAX 3.5 브라켓,https://prod.danawa.com/info/?pcode=1925749&cate=11229608,변환 가이드,,,,,,,,,,,,,,변환 가이드 / 크기 변환: 2.5형→3.5형 / SSD전용 / 보관(장착) 개수: 최대 1개,2013/02,ok,
2026-10-01T01:29:14+00:00,122632999,KingBank KP260 Plus M.2 NVMe 해외구매 (1TB),https://prod.danawa.com/info/?pcode=122632999&cate=11229608,M.2 (2280),PCIe4.0x4 (64GT/s),1TB,TLC,,Maxio,"7,000MB/s","6,500MB/s",,,600TB,,,방열판 미포함,"M.2 (2280) / PCIe4.0x4 (64GT/s) / TLC / 컨트롤러: Maxio / [성능] 순차읽기: 7,000MB/s / 순차쓰기: 6,500MB/s / [지원기능] TRIM / SLC캐싱 / S.M.A.R.T / [환경특성] TBW: 600TB / PS5 호환 / 방열판 미포함 / 두께: 2.1mm",2026/04,ok,
2026-10-01T01:29:14+00:00,123963282,KingBank KP270 M.2 NVMe (1TB),https://prod.danawa.com/info/?pcode=123963282&cate=11229608,M.2 (2280),PCIe4.0x4 (64GT/s),1TB,TLC,DRAM 탑재,InnoGrit,"7,400MB/s","6,800MB/s",,,600TB,,"5년 , 제한보증",방열판 미포함,"M.2 (2280) / PCIe4.0x4 (64GT/s) / TLC / DRAM 탑재 / 컨트롤러: InnoGrit / [성능] 순차읽기: 7,400MB/s / 순차쓰기: 6,800MB/s / [지원기능] TRIM / S.M.A.R.T / SLC캐싱 / [환경특성] TBW: 600TB / PS5 호환 / A/S기간: 5년 , 제한보증 / 방열판 미포함 / 두께: 2.5mm",2026/08,ok,
2026-10-01T01:29:14+00:00,122633403,KingBank KP270 M.2 NVMe 해외구매 (1TB),https://prod.danawa.com/info/?pcode=122633403&cate=11229608,M.2 (2280),PCIe4.0x4 (64GT/s),1TB,TLC,DRAM 탑재,InnoGrit IG5236CAA,"7,400MB/s","6,800MB/s",,,600TB,,,방열판 미포함,"M.2 (2280) / PCIe4.0x4 (64GT/s) / TLC / DRAM 탑재 / 컨트롤러: InnoGrit IG5236CAA / [성능] 순차읽기: 7,400MB/s / 순차쓰기: 6,800MB/s / [지원기능] TRIM / SLC캐싱 / S.M.A.R.T / [환경특성] TBW: 600TB / PS5 호환 / 방열판 미포함 / 두께: 2.5mm",2026/04,ok,
2026-10-01T01:29:14+00:00,6246286,KingDian N580 M.2 SATA (128GB),https://prod.danawa.com/info/?pcode=6246286&cate=11229608,M.2 (2280),SATA3 (6Gb/s),128GB,TLC,,,552MB/s,415MB/s,최대 71K,최대 69K,,,3년,,M.2 (2280) / SATA3 (6Gb/s) / TLC / [성능] 순차읽기: 552MB/s / 순차쓰기: 415MB/s / 읽기IOPS: 최대 71K / 쓰기IOPS: 최대 69K / [환경특성] A/S기간: 3년 / 두께: 2.38mm,2018/06,ok,
2026-10-01T01:29:14+00:00,6246293,KingDian N580 M.2 SATA (256GB),https://prod.danawa.com/info/?pcode=6246293&cate=11229608,M.2 (2280),SATA3 (6Gb/s),256GB,TLC,,,559MB/s,481MB/s,72K,70K,,,3년,,M.2 (2280) / SATA3 (6Gb/s) / TLC / [성능] 순차읽기: 559MB/s / 순차쓰기: 481MB/s / 읽기IOPS: 72K / 쓰기IOPS: 70K / [환경특성] A/S기간: 3년 / 두께: 2.38mm,2018/06,ok,
2026-10-01T01:29:14+00:00,6246299,KingDian N580 M.2 SATA (512GB),https://prod.danawa.com/info/?pcode=6246299&cate=11229608,M.2 (2280),SATA3 (6Gb/s),512GB,TLC,,,560MB/s,513MB/s,72K,71K,,,3년,,M.2 (2280) / SATA3 (6Gb/s) / TLC / [성능] 순차읽기: 560MB/s / 순차쓰기: 513MB/s / 읽기IOPS: 72K / 쓰기IOPS: 71K / [환경특성] A/S기간: 3년 / 두께: 2.38mm,2018/06,ok,
2026-10-01T01:29:14+00:00,6246397,KingDian S390 (128GB),https://prod.danawa.com/info/?pcode=6246397&cate=11229608,6.4cm(2.5형),SATA3 (6Gb/s),128GB,TLC,,기타,556MB/s,469MB/s,71K,67K,,,3년,,6.4cm(2.5형) / SATA3 (6Gb/s) / TLC / 컨트롤러: 기타 / [성능] 순차읽기: 556MB/s / 순차쓰기: 469MB/s / 읽기IOPS: 71K / 쓰기IOPS: 67K / [지원기능] GC / S.M.A.R.T / TRIM / ECC / DEVSLP / [환경특성] A/S기간: 3년 / 두께: 7mm / 50g,2018/06,ok,
2026-10-01T01:29:14+00:00,6246410,KingDian S390 (256GB),https://prod.danawa.com/info/?pcode=6246410&cate=11229608,6.4cm(2.5형),SATA3 (6Gb/s),256GB,TLC,,기타,561MB/s,486MB/s,71K,67K,,,3년,,6.4cm(2.5형) / SATA3 (6Gb/s) / TLC / 컨트롤러: 기타 / [성능] 순차읽기: 561MB/s / 순차쓰기: 486MB/s / 읽기IOPS: 71K / 쓰기IOPS: 67K / [지원기능] DEVSLP / TRIM / ECC / GC / S.M.A.R.T / [환경특성] A/S기간: 3년 / 두께: 7mm / 50g,2018/06,ok,
2026-10-01T01:29:14+00:00,6246418,KingDian S390 (512GB),https://prod.danawa.com/info/?pcode=6246418&cate=11229608,6.4cm(2.5형),SATA3 (6Gb/s),512GB,TLC,,기타,559MB/s,515MB/s,71K,69K,,,3년,,6.4cm(2.5형) / SATA3 (6Gb/s) / TLC / 컨트롤러: 기타 / [성능] 순차읽기: 559MB/s / 순차쓰기: 515MB/s / 읽기IOPS: 71K / 쓰기IOPS: 69K / [지원기능] GC / S.M.A.R.T / TRIM / ECC / DEVSLP / [환경특성] A/S기간: 3년 / 두께: 7mm / 50g,2018/06,ok,
2026-10-01T01:29:14+00:00,100691375,KingDian S390 중고 (128GB),https://prod.danawa.com/info/?pcode=100691375&cate=11229608,6.4cm(2.5형),SATA3 (6Gb/s),128GB,TLC,,기타,556MB/s,469MB/s,71K,67K,,,,,6.4cm(2.5형) / SATA3 (6Gb/s) / TLC / 컨트롤러: 기타 / [성능] 순차읽기: 556MB/s / 순차쓰기: 469MB/s / 읽기IOPS: 71K / 쓰기IOPS: 67K / [지원기능] TRIM / ECC / DEVSLP / GC / S.M.A.R.T / [환경특성] 두께: 7mm / 50g,2018/06,ok,
2026-10-01T01:29:14+00:00,4516538,Korlet USB 3.0 Type A to SATA2 컨버터 (SU320),https://prod.danawa.com/info/?pcode=4516538&cate=11229608,변환 컨버터,,,,,,,,,,,,1년,,"변환 컨버터 / 크기 변환: 2.5형→USB A타입 / 인터페이스 변환: SATA2→USB3.x 5Gbps / SSD, HDD겸용 / 보관(장착) 개수: 최대 1개 / 두께: 10.4mm / 10g / 화이트 / A/S기간: 1년",2016/10,ok,
2026-10-01T01:29:14+00:00,4516580,Korlet USB 3.0 Type A to SATA3 컨버터 (SU330),https://prod.danawa.com/info/?pcode=4516580&cate=11229608,변환 컨버터,,,,,,,,,,,,1년,,"변환 컨버터 / 크기 변환: 2.5형→USB A타입 / 인터페이스 변환: SATA3→USB3.x 5Gbps / SSD, HDD겸용 / 보관(장착) 개수: 최대 1개 / 두께: 10.4mm / 10g / 그린 / A/S기간: 1년",2016/10,ok,
2026-10-01T01:29:14+00:00,4718203,Korlet USB 3.1 Type A to SATA3 컨버터 (SU390),https://prod.danawa.com/info/?pcode=4718203&cate=11229608,변환 컨버터,,,,,,,,,,,,1년,,"변환 컨버터 / 크기 변환: 2.5형→USB A타입 / 인터페이스 변환: SATA3→USB3.x 5Gbps / SSD, HDD겸용 / 보관(장착) 개수: 최대 1개 / 두께: 10.4mm / 10g / 블루 / A/S기간: 1년",2016/11,ok,
2026-10-01T01:29:14+00:00,96256598,Lexar ARES PRO M.2 NVMe 해외구매 (1TB),https://prod.danawa.com/info/?pcode=96256598&cate=11229608,M.2 (2280),PCIe5.0x4 (128GT/s),1TB,,,기타,"14,000MB/s","7,500MB/s","1,600K","1,000K",750TB,150만,,방열판 미포함,"M.2 (2280) / PCIe5.0x4 (128GT/s) / 컨트롤러: 기타 / [성능] 순차읽기: 14,000MB/s / 순차쓰기: 7,500MB/s / 읽기IOPS: 1,600K / 쓰기IOPS: 1,000K / [지원기능] TRIM / SLC캐싱 / S.M.A.R.T / 전용 S/W / [환경특성] MTBF: 150만 / TBW: 750TB / PS5 호환 / 방열판 미포함 / 두께: 2.45mm",2025/08,ok,
2026-10-01T01:29:14+00:00,124259280,Lexar NM1090 PRO M.2 NVMe (1TB),https://prod.danawa.com/info/?pcode=124259280&cate=11229608,M.2 (2280),PCIe5.0x4 (128GT/s),1TB,,DRAM 탑재,기타,"14,000MB/s","10,000MB/s","1,650K","1,800K",700TB,150만,"5년 , 제한보증",방열판 미포함,"M.2 (2280) / PCIe5.0x4 (128GT/s) / DRAM 탑재 / DDR4 2GB / 컨트롤러: 기타 / [성능] 순차읽기: 14,000MB/s / 순차쓰기: 10,000MB/s / 읽기IOPS: 1,650K / 쓰기IOPS: 1,800K / [지원기능] TRIM / S.M.A.R.T / SLC캐싱 / 전용 S/W / [환경특성] MTBF: 150만 / TBW: 700TB / PS5 호환 / A/S기간: 5년 , 제한보증 / 방열판 미포함 / 두께: 3.6mm / 8g",2026/09,ok,
2026-10-01T01:29:14+00:00,124259281,Lexar NM1090 PRO M.2 NVMe (2TB),https://prod.danawa.com/info/?pcode=124259281&cate=11229608,M.2 (2280),PCIe5.0x4 (128GT/s),2TB,,DRAM 탑재,기타,"14,000MB/s","13,000MB/s","2,100K","1,800K","1,400TB",150만,"5년 , 제한보증",방열판 미포함,"M.2 (2280) / PCIe5.0x4 (128GT/s) / DRAM 탑재 / DDR4 2GB / 컨트롤러: 기타 / [성능] 순차읽기: 14,000MB/s / 순차쓰기: 13,000MB/s / 읽기IOPS: 2,100K / 쓰기IOPS: 1,800K / [지원기능] TRIM / S.M.A.R.T / SLC캐싱 / 전용 S/W / [환경특성] MTBF: 150만 / TBW: 1,400TB / PS5 호환 / A/S기간: 5년 , 제한보증 / 방열판 미포함 / 두께: 3.6mm / 8g",2026/09,ok,
2026-10-01T01:29:14+00:00,124259284,Lexar NM1090 PRO M.2 NVMe (4TB),https://prod.danawa.com/info/?pcode=124259284&cate=11229608,M.2 (2280),PCIe5.0x4 (128GT/s),4TB,,DRAM 탑재,기타,"14,000MB/s","13,000MB/s","2,100K","1,700K","2,800TB",150만,"5년 , 제한보증",방열판 미포함,"M.2 (2280) / PCIe5.0x4 (128GT/s) / DRAM 탑재 / DDR4 4GB / 컨트롤러: 기타 / [성능] 순차읽기: 14,000MB/s / 순차쓰기: 13,000MB/s / 읽기IOPS: 2,100K / 쓰기IOPS: 1,700K / [지원기능] TRIM / S.M.A.R.T / SLC캐싱 / 전용 S/W / [환경특성] MTBF: 150만 / TBW: 2,800TB / PS5 호환 / A/S기간: 5년 , 제한보증 / 방열판 미포함 / 두께: 3.6mm / 8g",2026/09,ok,
2026-10-01T01:29:14+00:00,86178551,Lexar NM1090 PRO M.2 NVMe 해외구매 (1TB),https://prod.danawa.com/info/?pcode=86178551&cate=11229608,M.2 (2280),PCIe5.0x4 (128GT/s),1TB,,DRAM 탑재,기타,"14,000MB/s","10,000MB/s","1,650K","1,800K",700TB,150만,,방열판 미포함,"M.2 (2280) / PCIe5.0x4 (128GT/s) / DRAM 탑재 / DDR4 2GB / 컨트롤러: 기타 / [성능] 순차읽기: 14,000MB/s / 순차쓰기: 10,000MB/s / 읽기IOPS: 1,650K / 쓰기IOPS: 1,800K / [지원기능] TRIM / SLC캐싱 / S.M.A.R.T / 전용 S/W / [환경특성] MTBF: 150만 / TBW: 700TB / PS5 호환 / 방열판 미포함 / 두께: 3.6mm / 8g",2025/04,ok,
2026-10-01T01:29:14+00:00,86184725,Lexar NM1090 PRO M.2 NVMe 해외구매 (2TB),https://prod.danawa.com/info/?pcode=86184725&cate=11229608,M.2 (2280),PCIe5.0x4 (128GT/s),2TB,,DRAM 탑재,기타,"14,000MB/s","13,000MB/s","2,100K","1,800K","1,400TB",150만,,방열판 미포함,"M.2 (2280) / PCIe5.0x4 (128GT/s) / DRAM 탑재 / DDR4 2GB / 컨트롤러: 기타 / [성능] 순차읽기: 14,000MB/s / 순차쓰기: 13,000MB/s / 읽기IOPS: 2,100K / 쓰기IOPS: 1,800K / [지원기능] TRIM / SLC캐싱 / S.M.A.R.T / 전용 S/W / [환경특성] MTBF: 150만 / TBW: 1,400TB / PS5 호환 / 방열판 미포함 / 두께: 3.6mm / 8g",2025/04,ok,
2026-10-01T01:29:14+00:00,93628481,Lexar NM1090 PRO M.2 NVMe 해외구매 (4TB),https://prod.danawa.com/info/?pcode=93628481&cate=11229608,M.2 (2280),PCIe5.0x4 (128GT/s),4TB,,DRAM 탑재,기타,"14,000MB/s","13,000MB/s","2,100K","1,700K","2,800TB",150만,,방열판 미포함,"M.2 (2280) / PCIe5.0x4 (128GT/s) / DRAM 탑재 / 컨트롤러: 기타 / [성능] 순차읽기: 14,000MB/s / 순차쓰기: 13,000MB/s / 읽기IOPS: 2,100K / 쓰기IOPS: 1,700K / [지원기능] TRIM / SLC캐싱 / S.M.A.R.T / 전용 S/W / [환경특성] MTBF: 150만 / TBW: 2,800TB / PS5 호환 / 방열판 미포함 / 두께: 3.6mm / 8g",2025/04,ok,
2026-10-01T01:29:14+00:00,18150146,Lexar NM620 M.2 NVMe (256GB),https://prod.danawa.com/info/?pcode=18150146&cate=11229608,M.2 (2280),PCIe3.0x4 (32GT/s),256GB,TLC,,기타,"3,500MB/s","1,300MB/s",92K,240K,125TB,150만,5년,방열판 미포함,"M.2 (2280) / PCIe3.0x4 (32GT/s) / TLC / 컨트롤러: 기타 / [성능] 순차읽기: 3,500MB/s / 순차쓰기: 1,300MB/s / 읽기IOPS: 92K / 쓰기IOPS: 240K / [지원기능] HMB / 전용 S/W / [환경특성] MTBF: 150만 / TBW: 125TB / A/S기간: 5년 / 방열판 미포함 / 두께: 2.25mm / 9g",2022/10,ok,
2026-10-01T01:29:14+00:00,18150428,Lexar NM620 M.2 NVMe (512GB),https://prod.danawa.com/info/?pcode=18150428&cate=11229608,M.2 (2280),PCIe3.0x4 (32GT/s),512GB,TLC,,기타,"3,500MB/s","2,400MB/s",200K,256K,250TB,150만,5년,방열판 미포함,"M.2 (2280) / PCIe3.0x4 (32GT/s) / TLC / 컨트롤러: 기타 / [성능] 순차읽기: 3,500MB/s / 순차쓰기: 2,400MB/s / 읽기IOPS: 200K / 쓰기IOPS: 256K / [지원기능] HMB / 전용 S/W / [환경특성] MTBF: 150만 / TBW: 250TB / A/S기간: 5년 / 방열판 미포함 / 두께: 2.25mm / 9g",2022/10,ok,
2026-10-01T01:29:14+00:00,29888366,Lexar NM790 M.2 NVMe (1TB),https://prod.danawa.com/info/?pcode=29888366&cate=11229608,M.2 (2280),PCIe4.0x4 (64GT/s),1TB,TLC,,Maxio,7.400MB/s,6.500MB/s,"1,000K",900K,"1,000TB",150만,"5년 , 제한보증",방열판 미포함,"M.2 (2280) / PCIe4.0x4 (64GT/s) / TLC / 컨트롤러: Maxio / [성능] 순차읽기: 7.400MB/s / 순차쓰기: 6.500MB/s / 읽기IOPS: 1,000K / 쓰기IOPS: 900K / [지원기능] S.M.A.R.T / SLC캐싱 / TRIM / HMB / [환경특성] MTBF: 150만 / TBW: 1,000TB / PS5 호환 / A/S기간: 5년 , 제한보증 / 방열판 미포함 / 두께: 2.45mm / 6g",2023/08,ok,
2026-10-01T01:29:14+00:00,29954126,Lexar NM790 히트싱크 M.2 NVMe 해외구매 (1TB),https://prod.danawa.com/info/?pcode=29954126&cate=11229608,M.2 (2280),PCIe4.0x4 (64GT/s),1TB,TLC,,기타,7.400MB/s,6.500MB/s,,,"1,000TB",150만,,방열판 포함,"M.2 (2280) / PCIe4.0x4 (64GT/s) / TLC / 컨트롤러: 기타 / [성능] 순차읽기: 7.400MB/s / 순차쓰기: 6.500MB/s / [지원기능] S.M.A.R.T / SLC캐싱 / TRIM / HMB / [환경특성] MTBF: 150만 / TBW: 1,000TB / PS5 호환 / 방열판 포함 / 두께: 9.7mm / 48.6g",2023/11,ok,
2026-10-01T01:29:14+00:00,123993489,Lexar NQ790 M.2 NVMe (1TB),https://prod.danawa.com/info/?pcode=123993489&cate=11229608,M.2 (2280),PCIe4.0x4 (64GT/s),1TB,,,기타,"7,000MB/s","6,000MB/s",800K,600K,600TB,150만,"5년 , 제한보증",방열판 미포함,"M.2 (2280) / PCIe4.0x4 (64GT/s) / 컨트롤러: 기타 / [성능] 순차읽기: 7,000MB/s / 순차쓰기: 6,000MB/s / 읽기IOPS: 800K / 쓰기IOPS: 600K / [지원기능] TRIM / S.M.A.R.T / SLC캐싱 / HMB / [환경특성] MTBF: 150만 / TBW: 600TB / PS5 호환 / A/S기간: 5년 , 제한보증 / 방열판 미포함 / 두께: 2.45mm",2026/08,ok,
2026-10-01T01:29:14+00:00,123993472,Lexar NQ790 M.2 NVMe (512GB),https://prod.danawa.com/info/?pcode=123993472&cate=11229608,M.2 (2280),PCIe4.0x4 (64GT/s),512GB,,,기타,"6,400MB/s","2,900MB/s",800K,600K,300TB,150만,"5년 , 제한보증",방열판 미포함,"M.2 (2280) / PCIe4.0x4 (64GT/s) / 컨트롤러: 기타 / [성능] 순차읽기: 6,400MB/s / 순차쓰기: 2,900MB/s / 읽기IOPS: 800K / 쓰기IOPS: 600K / [지원기능] TRIM / S.M.A.R.T / SLC캐싱 / HMB / [환경특성] MTBF: 150만 / TBW: 300TB / PS5 호환 / A/S기간: 5년 , 제한보증 / 방열판 미포함 / 두께: 2.45mm",2026/08,ok,
2026-10-01T01:29:14+00:00,7162783,Lexar NS100 (256GB),https://prod.danawa.com/info/?pcode=7162783&cate=11229608,6.4cm(2.5형),SATA3 (6Gb/s),256GB,TLC,,기타,520MB/s,460MB/s,,,120TB,,"3년 , 제한보증",,"6.4cm(2.5형) / SATA3 (6Gb/s) / TLC / 컨트롤러: 기타 / [성능] 순차읽기: 520MB/s / 순차쓰기: 460MB/s / [지원기능] TRIM / SLC캐싱 / S.M.A.R.T / 전용 S/W / [환경특성] TBW: 120TB / A/S기간: 3년 , 제한보증 / 두께: 7mm / 34g / [기타] 2019년 7월부로 용량이 변경되었습니다.",2019/01,ok,
2026-10-01T01:29:14+00:00,7162801,Lexar NS100 (512GB),https://prod.danawa.com/info/?pcode=7162801&cate=11229608,6.4cm(2.5형),SATA3 (6Gb/s),512GB,TLC,,기타,550MB/s,470MB/s,,,240TB,,"3년 , 제한보증",,"6.4cm(2.5형) / SATA3 (6Gb/s) / TLC / 컨트롤러: 기타 / [성능] 순차읽기: 550MB/s / 순차쓰기: 470MB/s / [지원기능] TRIM / SLC캐싱 / S.M.A.R.T / 전용 S/W / [환경특성] TBW: 240TB / A/S기간: 3년 , 제한보증 / 두께: 7mm / 34g / [기타] 2019년 7월부로 용량이 변경되었습니다.",2019/01,ok,
2026-10-01T01:29:14+00:00,7163878,Lexar NS100 해외구매 (128GB),https://prod.danawa.com/info/?pcode=7163878&cate=11229608,6.4cm(2.5형),SATA3 (6Gb/s),128GB,,,기타,520MB/s,,,,64TB,,,,6.4cm(2.5형) / SATA3 (6Gb/s) / 컨트롤러: 기타 / [성능] 순차읽기: 520MB/s / [지원기능] S.M.A.R.T / [환경특성] TBW: 64TB / 두께: 7mm / 34g,2019/01,ok,
2026-10-01T01:29:14+00:00,7163893,Lexar NS100 해외구매 (512GB),https://prod.danawa.com/info/?pcode=7163893&cate=11229608,6.4cm(2.5형),SATA3 (6Gb/s),512GB,,,기타,550MB/s,,,,256TB,,,,6.4cm(2.5형) / SATA3 (6Gb/s) / 컨트롤러: 기타 / [성능] 순차읽기: 550MB/s / [지원기능] S.M.A.R.T / [환경특성] TBW: 256TB / 두께: 7mm / 34g,2019/01,ok,
2026-10-01T01:29:14+00:00,122616448,Lexar PLAY X M.2 2230 NVMe (1TB),https://prod.danawa.com/info/?pcode=122616448&cate=11229608,M.2 (2230),PCIe4.0x4 (64GT/s),1TB,,,기타,"7,400MB/s","6,400MB/s","1,000K","1,000K",600TB,150만,"5년 , 제한보증",방열판 미포함,"M.2 (2230) / PCIe4.0x4 (64GT/s) / 컨트롤러: 기타 / [성능] 순차읽기: 7,400MB/s / 순차쓰기: 6,400MB/s / 읽기IOPS: 1,000K / 쓰기IOPS: 1,000K / [지원기능] TRIM / S.M.A.R.T / SLC캐싱 / HMB / 전용 S/W / [환경특성] MTBF: 150만 / TBW: 600TB / PS5 호환 / A/S기간: 5년 , 제한보증 / 방열판 미포함 / 두께: 2.45mm / 9.5g / [기타] 2280 연장가이드 포함",2026/04,ok,
2026-10-01T01:29:14+00:00,122616452,Lexar PLAY X M.2 2230 NVMe (512GB),https://prod.danawa.com/info/?pcode=122616452&cate=11229608,M.2 (2230),PCIe4.0x4 (64GT/s),512GB,,,기타,"7,200MB/s","4,500MB/s",900K,900K,300TB,150만,"5년 , 제한보증",방열판 미포함,"M.2 (2230) / PCIe4.0x4 (64GT/s) / 컨트롤러: 기타 / [성능] 순차읽기: 7,200MB/s / 순차쓰기: 4,500MB/s / 읽기IOPS: 900K / 쓰기IOPS: 900K / [지원기능] TRIM / S.M.A.R.T / SLC캐싱 / HMB / 전용 S/W / [환경특성] MTBF: 150만 / TBW: 300TB / PS5 호환 / A/S기간: 5년 , 제한보증 / 방열판 미포함 / 두께: 2.45mm / 9.5g / [기타] 2280 연장가이드 포함",2026/04,ok,
2026-10-01T01:29:14+00:00,108407147,LinkMore XE-430 PRO M.2 2230 NVMe 해외구매 (1TB),https://prod.danawa.com/info/?pcode=108407147&cate=11229608,M.2 (2230),PCIe4.0x4 (64GT/s),1TB,TLC,,기타,"5,000MB/s","4,700MB/s",,,,,,방열판 미포함,"M.2 (2230) / PCIe4.0x4 (64GT/s) / TLC / 컨트롤러: 기타 / [성능] 순차읽기: 5,000MB/s / 순차쓰기: 4,700MB/s / [환경특성] 스팀덱, Ally 호환 / 방열판 미포함 / 두께: 2.05mm",2026/03,ok,
2026-10-01T01:29:14+00:00,15202664,Lite-On CL1-8D M.2 NVMe 벌크 (128GB),https://prod.danawa.com/info/?pcode=15202664&cate=11229608,M.2 (2280),PCIe3.0x4 (32GT/s),128GB,,,기타,"2,200MB/s","1,600MB/s",,,,,,방열판 미포함,"M.2 (2280) / PCIe3.0x4 (32GT/s) / 컨트롤러: 기타 / [성능] 순차읽기: 2,200MB/s / 순차쓰기: 1,600MB/s / [환경특성] 방열판 미포함 / 두께: 2.23mm / [기타] 노트북 적출상품",2021/09,ok,
2026-10-01T01:29:14+00:00,12978845,Lite-On CL1-8D M.2 NVMe 벌크 (256GB),https://prod.danawa.com/info/?pcode=12978845&cate=11229608,M.2 (2280),PCIe3.0x4 (32GT/s),256GB,,,기타,"2,200MB/s","1,600MB/s",,,,,,방열판 미포함,"M.2 (2280) / PCIe3.0x4 (32GT/s) / 컨트롤러: 기타 / [성능] 순차읽기: 2,200MB/s / 순차쓰기: 1,600MB/s / [환경특성] 방열판 미포함 / 두께: 2.23mm / [기타] 노트북 적출상품",2020/12,ok,
2026-10-01T01:29:14+00:00,4381967,Lite-On CV1 중고 (128GB),https://prod.danawa.com/info/?pcode=4381967&cate=11229608,M.2 (2280),SATA3 (6Gb/s),128GB,,,기타,,,,,,150만,,,M.2 (2280) / SATA3 (6Gb/s) / 컨트롤러: 기타 / [지원기능] TRIM / [환경특성] MTBF: 150만,2016/08,ok,
2026-10-01T01:29:14+00:00,4381948,Lite-On CV1 중고 (256GB),https://prod.danawa.com/info/?pcode=4381948&cate=11229608,M.2 (2280),SATA3 (6Gb/s),256GB,,,기타,520MB/s,430MB/s,최대 78.5K,최대 80K,,150만,,,M.2 (2280) / SATA3 (6Gb/s) / 컨트롤러: 기타 / [성능] 순차읽기: 520MB/s / 순차쓰기: 430MB/s / 읽기IOPS: 최대 78.5K / 쓰기IOPS: 최대 80K / [지원기능] TRIM / [환경특성] MTBF: 150만,2016/08,ok,
2026-10-01T01:29:14+00:00,6099608,Lite-On CV3 M.2 SATA 중고 (256GB),https://prod.danawa.com/info/?pcode=6099608&cate=11229608,M.2 (2280),SATA3 (6Gb/s),256GB,,,기타,520MB/s,360MB/s,최대 80K,최대 68K,,150만,,,M.2 (2280) / SATA3 (6Gb/s) / 컨트롤러: 기타 / [성능] 순차읽기: 520MB/s / 순차쓰기: 360MB/s / 읽기IOPS: 최대 80K / 쓰기IOPS: 최대 68K / [지원기능] TRIM / ECC / DEVSLP / S.M.A.R.T / [환경특성] MTBF: 150만 / 두께: 3.65mm / 최대 10g,2018/04,ok,
2026-10-01T01:29:14+00:00,3246338,Lite-On ZETA M.2 SATA 중고 (128GB),https://prod.danawa.com/info/?pcode=3246338&cate=11229608,M.2 (2280),SATA3 (6Gb/s),128GB,,,실리콘모션 SM2246EN,520MB/s,150MB/s,,,,150만,,,M.2 (2280) / SATA3 (6Gb/s) / 컨트롤러: 실리콘모션 SM2246EN / [성능] 순차읽기: 520MB/s / 순차쓰기: 150MB/s / [지원기능] TRIM / S.M.A.R.T / [환경특성] MTBF: 150만 / 두께: 2.3mm,2015/06,ok,
2026-10-01T01:29:14+00:00,122691130,Longsys FORESEE XP2300F M.2 NVMe 벌크 (256GB),https://prod.danawa.com/info/?pcode=122691130&cate=11229608,M.2 (2280),PCIe4.0x4 (64GT/s),256GB,TLC,,기타,"3,400MB/s","1,200MB/s",220K,270K,,150만,,방열판 미포함,"M.2 (2280) / PCIe4.0x4 (64GT/s) / TLC / 컨트롤러: 기타 / [성능] 순차읽기: 3,400MB/s / 순차쓰기: 1,200MB/s / 읽기IOPS: 220K / 쓰기IOPS: 270K / [지원기능] TRIM / S.M.A.R.T / [환경특성] MTBF: 150만 / 방열판 미포함 / [기타] 노트북 적출상품",2026/06,ok,
2026-10-01T01:29:14+00:00,13427999,M.2 SSD 고정용 나사 (10개입),https://prod.danawa.com/info/?pcode=13427999&cate=11229608,M.2 고정 나사,,,,,,,,,,,,,,M.2 고정 나사,2021/02,ok,
2026-10-01T01:29:14+00:00,29958449,M.2 SSD 고정용 나사 (1개입),https://prod.danawa.com/info/?pcode=29958449&cate=11229608,M.2 고정 나사,,,,,,,,,,,,,,M.2 고정 나사,2021/02,ok,
2026-10-01T01:29:14+00:00,103125200,M.2 SSD 고정용 나사 (24개입),https://prod.danawa.com/info/?pcode=103125200&cate=11229608,M.2 고정 나사,,,,,,,,,,,,,,M.2 고정 나사,2021/02,ok,
2026-10-01T01:29:14+00:00,37932155,MAXTEK 2.5형 HDD 케이스 (MT200),https://prod.danawa.com/info/?pcode=37932155&cate=11229608,보관케이스,,,,,,,,,,,,,,보관케이스 / HDD전용 / 보관(장착) 개수: 최대 1개 / 충격보호 / 잠금장치 / 두께: 18mm / 화이트 / 플라스틱,2024/02,ok,
2026-10-01T01:29:14+00:00,37932176,MAXTEK 2.5형 HDD 케이스 (MT201),https://prod.danawa.com/info/?pcode=37932176&cate=11229608,보관케이스,,,,,,,,,,,,,,보관케이스 / HDD전용 / 보관(장착) 개수: 최대 1개 / 충격보호 / 잠금장치 / 두께: 18mm / 블랙 / 플라스틱,2024/02,ok,
2026-10-01T01:29:14+00:00,28609502,MAXTEK MT008 2.5 to 3.5 HDD 장착 가이드,https://prod.danawa.com/info/?pcode=28609502&cate=11229608,변환 가이드,,,,,,,,,,,,,,"변환 가이드 / 크기 변환: 2.5형→3.5형 / SSD, HDD겸용 / 보관(장착) 개수: 최대 1개 / 블랙",2023/10,ok,
2026-10-01T01:29:14+00:00,13554050,MAXTEK MT052 2.5 to 3.5 HDD 장착 가이드,https://prod.danawa.com/info/?pcode=13554050&cate=11229608,변환 가이드,,,,,,,,,,,,,,변환 가이드 / 크기 변환: 2.5형→3.5형,2021/03,ok,
2026-10-01T01:29:14+00:00,93070175,MAXTEK MT569 M.2 SSD 연장 가이드,https://prod.danawa.com/info/?pcode=93070175&cate=11229608,변환 가이드,,,,,,,,,,,,,,변환 가이드 / 크기 변환: M.2→M.2 / 2230~2280 연장,2025/06,ok,
2026-10-01T01:29:14+00:00,15725393,MG BX3510 하드보관함,https://prod.danawa.com/info/?pcode=15725393&cate=11229608,보관케이스,,,,,,,,,,,,,,보관케이스 / HDD전용 / 보관(장착) 개수: 최대 10개 / 충격보호 / 잠금장치 / 두께: 180mm / 실버 / 알루미늄,2021/11,ok,
2026-10-01T01:29:14+00:00,77282546,MG BX3522 하드보관함,https://prod.danawa.com/info/?pcode=77282546&cate=11229608,보관케이스,,,,,,,,,,,,,,보관케이스 / 보관(장착) 개수: 최대 20개 / 충격보호 / 잠금장치 / 두께: 180mm / 실버,2025/03,ok,
2026-10-01T01:29:14+00:00,15725492,MG BX3826 하드보관함,https://prod.danawa.com/info/?pcode=15725492&cate=11229608,보관케이스,,,,,,,,,,,,,,"보관케이스 / SSD, HDD겸용 / 보관(장착) 개수: 3.5형 8개 2.5형 6개 / 충격보호 / 잠금장치 / 두께: 180mm / 실버 / 알루미늄",2021/11,ok,
2026-10-01T01:29:14+00:00,93015746,MOVESPEED YSSDHB M.2 NVme 해외구매 (1TB),https://prod.danawa.com/info/?pcode=93015746&cate=11229608,M.2 (2280),PCIe4.0x4 (64GT/s),1TB,TLC,,Maxio MAP1602A,"7,450MB/s","6,500MB/s",,,640TB,,,방열판 미포함,"M.2 (2280) / PCIe4.0x4 (64GT/s) / TLC / 컨트롤러: Maxio MAP1602A / [성능] 순차읽기: 7,450MB/s / 순차쓰기: 6,500MB/s / [지원기능] TRIM / HMB / SLC캐싱 / S.M.A.R.T / [환경특성] TBW: 640TB / PS5 호환 / 방열판 미포함 / 두께: 3.2mm / 8g",2025/06,ok,
2026-10-01T01:29:14+00:00,78173954,MSI SPATIUM M450 V1 M.2 NVMe (1TB),https://prod.danawa.com/info/?pcode=78173954&cate=11229608,M.2 (2280),PCIe4.0x4 (64GT/s),1TB,,,파이슨 E19T,3.400MB/s,"2,400MB/s",500K,550K,300TB,150만,"5년 , 제한보증",방열판 미포함,"M.2 (2280) / PCIe4.0x4 (64GT/s) / 컨트롤러: 파이슨 E19T / [성능] 순차읽기: 3.400MB/s / 순차쓰기: 2,400MB/s / 읽기IOPS: 500K / 쓰기IOPS: 550K / [지원기능] S.M.A.R.T / SLC캐싱 / TRIM / ECC / [환경특성] MTBF: 150만 / TBW: 300TB / A/S기간: 5년 , 제한보증 / 방열판 미포함 / 두께: 2.15mm",2025/03,ok,
2026-10-01T01:29:14+00:00,91424435,MSI SPATIUM M450 V1 M.2 NVMe (500GB),https://prod.danawa.com/info/?pcode=91424435&cate=11229608,M.2 (2280),PCIe4.0x4 (64GT/s),500GB,,,파이슨 E19T,3.000MB/s,"2,000MB/s",370K,380K,150TB,150만,"5년 , 제한보증",방열판 미포함,"M.2 (2280) / PCIe4.0x4 (64GT/s) / 컨트롤러: 파이슨 E19T / [성능] 순차읽기: 3.000MB/s / 순차쓰기: 2,000MB/s / 읽기IOPS: 370K / 쓰기IOPS: 380K / [지원기능] TRIM / S.M.A.R.T / SLC캐싱 / ECC / [환경특성] MTBF: 150만 / TBW: 150TB / A/S기간: 5년 , 제한보증 / 방열판 미포함 / 두께: 2.15mm",2025/03,ok,
2026-10-01T01:29:14+00:00,123802280,MSI SPATIUM M452 M.2 NVMe (500GB),https://prod.danawa.com/info/?pcode=123802280&cate=11229608,M.2 (2280),PCIe4.0x4 (64GT/s),500GB,QLC,,파이슨 E29T,"3,600MB/s","3,100MB/s",470K,750K,150TB,150만,"5년 , 제한보증",방열판 미포함,"M.2 (2280) / PCIe4.0x4 (64GT/s) / QLC / 컨트롤러: 파이슨 E29T / [성능] 순차읽기: 3,600MB/s / 순차쓰기: 3,100MB/s / 읽기IOPS: 470K / 쓰기IOPS: 750K / [지원기능] TRIM / S.M.A.R.T / SLC캐싱 / ECC / [환경특성] MTBF: 150만 / TBW: 150TB / A/S기간: 5년 , 제한보증 / 방열판 미포함 / 두께: 2.15mm",2026/08,ok,
2026-10-01T01:29:14+00:00,20693099,MSI SPATIUM M461 M.2 NVMe (1TB),https://prod.danawa.com/info/?pcode=20693099&cate=11229608,M.2 (2280),PCIe4.0x4 (64GT/s),1TB,QLC,,파이슨 E21T,"5,000MB/s","3,200MB/s",630K,750K,250TB,150만,"5년 , 제한보증",방열판 미포함,"M.2 (2280) / PCIe4.0x4 (64GT/s) / QLC / 컨트롤러: 파이슨 E21T / [성능] 순차읽기: 5,000MB/s / 순차쓰기: 3,200MB/s / 읽기IOPS: 630K / 쓰기IOPS: 750K / [지원기능] HMB / TRIM / ECC / SLC캐싱 / S.M.A.R.T / [환경특성] MTBF: 150만 / TBW: 250TB / A/S기간: 5년 , 제한보증 / 방열판 미포함 / 두께: 2.15mm",2023/06,ok,
2026-10-01T01:29:14+00:00,20693714,MSI SPATIUM M480 PRO M.2 NVMe (1TB),https://prod.danawa.com/info/?pcode=20693714&cate=11229608,M.2 (2280),PCIe4.0x4 (64GT/s),1TB,TLC,DRAM 탑재,파이슨 PS5018-E18,"7,400MB/s","6,000MB/s",750K,"1,000K",700TB,160만,"5년 , 제한보증",방열판 미포함,"M.2 (2280) / PCIe4.0x4 (64GT/s) / TLC / DRAM 탑재 / DDR4 1GB / 컨트롤러: 파이슨 PS5018-E18 / [성능] 순차읽기: 7,400MB/s / 순차쓰기: 6,000MB/s / 읽기IOPS: 750K / 쓰기IOPS: 1,000K / [지원기능] TRIM / ECC / SLC캐싱 / GC / S.M.A.R.T / AES 암호화 / 전용 S/W / [환경특성] MTBF: 160만 / TBW: 700TB / PS5 호환 / A/S기간: 5년 , 제한보증 / 방열판 미포함 / 두께: 2.15mm",2023/06,ok,
2026-10-01T01:29:14+00:00,32103443,MSI SPATIUM M480 PRO M.2 NVMe (2TB),https://prod.danawa.com/info/?pcode=32103443&cate=11229608,M.2 (2280),PCIe4.0x4 (64GT/s),2TB,TLC,DRAM 탑재,파이슨 PS5018-E18,"7,400MB/s","7,000MB/s","1,000K","1,000K","1,400TB",160만,"5년 , 제한보증",방열판 미포함,"M.2 (2280) / PCIe4.0x4 (64GT/s) / TLC / DRAM 탑재 / DDR4 2GB / 컨트롤러: 파이슨 PS5018-E18 / [성능] 순차읽기: 7,400MB/s / 순차쓰기: 7,000MB/s / 읽기IOPS: 1,000K / 쓰기IOPS: 1,000K / [지원기능] GC / S.M.A.R.T / SLC캐싱 / TRIM / ECC / AES 암호화 / 전용 S/W / [환경특성] MTBF: 160만 / TBW: 1,400TB / PS5 호환 / A/S기간: 5년 , 제한보증 / 방열판 미포함 / 두께: 2.15mm",2024/01,ok,
2026-10-01T01:29:14+00:00,32105957,MSI SPATIUM M480 PRO M.2 NVMe 해외구매 (1TB),https://prod.danawa.com/info/?pcode=32105957&cate=11229608,M.2 (2280),PCIe4.0x4 (64GT/s),1TB,TLC,DRAM 탑재,파이슨 PS5018-E18,"7,400MB/s","6,000MB/s",750K,"1,000K",700TB,160만,,방열판 미포함,"M.2 (2280) / PCIe4.0x4 (64GT/s) / TLC / DRAM 탑재 / DDR4 1GB / 컨트롤러: 파이슨 PS5018-E18 / [성능] 순차읽기: 7,400MB/s / 순차쓰기: 6,000MB/s / 읽기IOPS: 750K / 쓰기IOPS: 1,000K / [지원기능] TRIM / ECC / SLC캐싱 / S.M.A.R.T / AES 암호화 / [환경특성] MTBF: 160만 / TBW: 700TB / PS5 호환 / 방열판 미포함 / 두께: 2.15mm",2024/01,ok,
2026-10-01T01:29:14+00:00,28377929,MSI SPATIUM M480 PRO M.2 NVMe 해외구매 (2TB),https://prod.danawa.com/info/?pcode=28377929&cate=11229608,M.2 (2280),PCIe4.0x4 (64GT/s),2TB,TLC,DRAM 탑재,파이슨 PS5018-E18,"7,400MB/s","7,000MB/s","1,000K","1,000K","1,400TB",160만,,방열판 미포함,"M.2 (2280) / PCIe4.0x4 (64GT/s) / TLC / DRAM 탑재 / DDR4 2GB / 컨트롤러: 파이슨 PS5018-E18 / [성능] 순차읽기: 7,400MB/s / 순차쓰기: 7,000MB/s / 읽기IOPS: 1,000K / 쓰기IOPS: 1,000K / [지원기능] TRIM / ECC / SLC캐싱 / S.M.A.R.T / AES 암호화 / [환경특성] MTBF: 160만 / TBW: 1,400TB / PS5 호환 / 방열판 미포함 / 두께: 2.15mm",2023/09,ok,
2026-10-01T01:29:14+00:00,28460444,MSI SPATIUM M480 PRO M.2 NVMe 해외구매 (4TB),https://prod.danawa.com/info/?pcode=28460444&cate=11229608,M.2 (2280),PCIe4.0x4 (64GT/s),4TB,TLC,DRAM 탑재,파이슨 PS5018-E18,"7,400MB/s","7,000MB/s","1,000K","1,000K","3,000TB",160만,,방열판 미포함,"M.2 (2280) / PCIe4.0x4 (64GT/s) / TLC / DRAM 탑재 / DDR4 2GB / 컨트롤러: 파이슨 PS5018-E18 / [성능] 순차읽기: 7,400MB/s / 순차쓰기: 7,000MB/s / 읽기IOPS: 1,000K / 쓰기IOPS: 1,000K / [지원기능] TRIM / ECC / SLC캐싱 / S.M.A.R.T / AES 암호화 / [환경특성] MTBF: 160만 / TBW: 3,000TB / PS5 호환 / 방열판 미포함 / 두께: 2.15mm",2023/09,ok,
2026-10-01T01:29:14+00:00,93440663,MSI SPATIUM M560 M.2 NVMe (1TB),https://prod.danawa.com/info/?pcode=93440663&cate=11229608,M.2 (2280),PCIe5.0x4 (128GT/s),1TB,TLC,,파이슨 PS5031-E31T,"10,200MB/s","8,400MB/s","1,300K","1,400K",600TB,150만,"제한보증 , 5년",방열판 미포함,"M.2 (2280) / PCIe5.0x4 (128GT/s) / TLC / 컨트롤러: 파이슨 PS5031-E31T / [성능] 순차읽기: 10,200MB/s / 순차쓰기: 8,400MB/s / 읽기IOPS: 1,300K / 쓰기IOPS: 1,400K / [지원기능] TRIM / ECC / HMB / SLC캐싱 / S.M.A.R.T / [환경특성] MTBF: 150만 / TBW: 600TB / PS5 호환 / A/S기간: 제한보증 , 5년 / 방열판 미포함 / 두께: 2.15mm",2025/07,ok,
2026-10-01T01:29:14+00:00,2289404,NCTOP MIRASOL 2.5 슬롯형 SSD GUIDE,https://prod.danawa.com/info/?pcode=2289404&cate=11229608,변환 가이드,,,,,,,,,,,,,,"변환 가이드 / 크기 변환: 2.5형→PCIe 카드 / SSD, HDD겸용 / 보관(장착) 개수: 최대 1개 / 두께: 22mm",2013/10,ok,
2026-10-01T01:29:14+00:00,4645937,ORICO 1125SS 변환 가이드,https://prod.danawa.com/info/?pcode=4645937&cate=11229608,변환 가이드,,,,,,,,,,,,,,"변환 가이드 / 크기 변환: 2.5형→3.5형 / 인터페이스 변환: SATA3→SATA3 / SSD, HDD겸용 / 지원 두께: 7~12.5mm / 보관(장착) 개수: 최대 1개 / 두께: 20mm / 블랙 / 플라스틱 / 핫스왑",2016/11,ok,
2026-10-01T01:29:14+00:00,4318873,ORICO 3.5 HDD 알루미늄 10단 하드보관함 (BSC35-10),https://prod.danawa.com/info/?pcode=4318873&cate=11229608,보관케이스,,,,,,,,,,,,,,"보관케이스 / SSD, HDD겸용 / 보관(장착) 개수: 최대 10개 / 잠금장치 / 충격보호 / 두께: 203mm / 1.9kg / 실버 / 알루미늄",2016/08,ok,
2026-10-01T01:29:14+00:00,4318839,ORICO 3.5 HDD 알루미늄 5단 하드보관함 (BSC35-05),https://prod.danawa.com/info/?pcode=4318839&cate=11229608,보관케이스,,,,,,,,,,,,,,"보관케이스 / SSD, HDD겸용 / 보관(장착) 개수: 최대 5개 / 잠금장치 / 충격보호 / 두께: 124mm / 1.1kg / 실버 / 알루미늄",2016/08,ok,
2026-10-01T01:29:14+00:00,85645094,ORICO D2NS-6G 변환 가이드,https://prod.danawa.com/info/?pcode=85645094&cate=11229608,변환 가이드,,,,,,,,,,,,,,변환 가이드 / 크기 변환: M.2→3.5형 / 인터페이스 변환: SATA3→SATA3 / SSD전용 / 보관(장착) 개수: 최대 1개 / 두께: 16mm / 블랙 / 핫스왑,2025/04,ok,
2026-10-01T01:29:14+00:00,85656656,ORICO D2SS-6G 변환 가이드,https://prod.danawa.com/info/?pcode=85656656&cate=11229608,변환 가이드,,,,,,,,,,,,,,"변환 가이드 / 크기 변환: 2.5형→3.5형 / 인터페이스 변환: SATA3→SATA3 / SSD, HDD겸용 / 지원 두께: 7~9.5mm / 보관(장착) 개수: 최대 1개 / 두께: 16mm / 블랙",2025/04,ok,
2026-10-01T01:29:14+00:00,63142121,ORICO J-20 M.2 NVMe (512GB),https://prod.danawa.com/info/?pcode=63142121&cate=11229608,M.2 (2280),PCIe4.0x4 (64GT/s),512GB,QLC,,기타,"4,900MB/s","2,700MB/s",,,150TB,,"제한보증 , 5년",,"M.2 (2280) / PCIe4.0x4 (64GT/s) / QLC / 컨트롤러: 기타 / [성능] 순차읽기: 4,900MB/s / 순차쓰기: 2,700MB/s / [지원기능] HMB / TRIM / SLC캐싱 / S.M.A.R.T / [환경특성] TBW: 150TB / A/S기간: 제한보증 , 5년 / 방열판 제공(탈거가능) / 두께: 2mm",2024/08,ok,
2026-10-01T01:29:14+00:00,20781266,ORICO PHA35 HDD보관함,https://prod.danawa.com/info/?pcode=20781266&cate=11229608,보관케이스,,,,,,,,,,,,,,보관케이스 / HDD전용 / 보관(장착) 개수: 최대 1개 / 충격보호 / 방수 / 두께: 36mm / 124g / 그레이 / 플라스틱,2023/07,ok,
2026-10-01T01:29:14+00:00,20781272,ORICO PHA35 HDD보관함 5P,https://prod.danawa.com/info/?pcode=20781272&cate=11229608,보관케이스,,,,,,,,,,,,,,보관케이스 / HDD전용 / 보관(장착) 개수: 최대 1개 / 충격보호 / 방수 / 두께: 36mm / 124g / 그레이 / 플라스틱 / 5개 묶음 상품,2023/07,ok,
2026-10-01T01:29:14+00:00,1759667,ORICO PHP-35 HDD보관함,https://prod.danawa.com/info/?pcode=1759667&cate=11229608,보관케이스,,,,,,,,,,,,,,보관케이스 / HDD전용 / 보관(장착) 개수: 최대 1개 / 충격보호 / 두께: 37.5mm / 108g / 블루 / 그레이 / 화이트 / 블랙 / 그린 / 옐로우 / 퍼플 / 플라스틱,2012/08,ok,
2026-10-01T01:29:14+00:00,14943323,ORICO PHP-35 HDD보관함 해외구매,https://prod.danawa.com/info/?pcode=14943323&cate=11229608,보관케이스,,,,,,,,,,,,,,보관케이스 / HDD전용 / 보관(장착) 개수: 최대 1개 / 충격보호 / 두께: 37.5mm / 108g / 옐로우 / 그린 / 블루 / 퍼플 / 화이트 / 그레이 / 블랙 / 플라스틱,2012/08,ok,
2026-10-01T01:29:14+00:00,29940494,ORICO PHP-5S HDD보관함 해외구매,https://prod.danawa.com/info/?pcode=29940494&cate=11229608,보관케이스,,,,,,,,,,,,,,보관케이스 / HDD전용 / 보관(장착) 개수: 최대 1개 / 충격보호 / 두께: 36.9mm / 옐로우 / 블루 / 퍼플 / 그레이 / 플라스틱,2023/11,ok,
2026-10-01T01:29:14+00:00,1659778,ORICO PHX-35 하드 보호케이스,https://prod.danawa.com/info/?pcode=1659778&cate=11229608,보관케이스,,,,,,,,,,,,,,보관케이스 / HDD전용 / 보관(장착) 개수: 최대 1개 / 충격보호 / 옐로우 / 그린 / 블루 / 퍼플 / 그레이 / 블랙 / 플라스틱,2012/04,ok,
2026-10-01T01:29:14+00:00,20762234,ORICO PPH25 HDD/SSD 보관함,https://prod.danawa.com/info/?pcode=20762234&cate=11229608,보관케이스,,,,,,,,,,,,,,"보관케이스 / SSD, HDD겸용 / 보관(장착) 개수: 최대 1개 / 충격보호 / 두께: 32mm / 블랙 / 플라스틱",2023/07,ok,
2026-10-01T01:29:14+00:00,5760752,ORICO PSC-L20 충격방지 하드보관함,https://prod.danawa.com/info/?pcode=5760752&cate=11229608,보관케이스,,,,,,,,,,,,,,보관케이스 / HDD전용 / 보관(장착) 개수: 최대 20개 / 방수 / 충격보호 / 잠금장치 / 두께: 195mm / 블랙 / 플라스틱,2017/12,ok,
2026-10-01T01:29:14+00:00,74121482,ORICO Y-20 (128GB),https://prod.danawa.com/info/?pcode=74121482&cate=11229608,6.4cm(2.5형),SATA3 (6Gb/s),128GB,,,기타,500MB/s,450MB/s,,,37.5TB,,"제한보증 , 3년",,"6.4cm(2.5형) / SATA3 (6Gb/s) / 컨트롤러: 기타 / [성능] 순차읽기: 500MB/s / 순차쓰기: 450MB/s / [지원기능] TRIM / S.M.A.R.T / [환경특성] TBW: 37.5TB / A/S기간: 제한보증 , 3년 / 두께: 7mm",2025/01,ok,
2026-10-01T01:29:14+00:00,74121548,ORICO Y-20 (2TB),https://prod.danawa.com/info/?pcode=74121548&cate=11229608,6.4cm(2.5형),SATA3 (6Gb/s),2TB,,,기타,500MB/s,480MB/s,,,600TB,,"3년 , 제한보증",,"6.4cm(2.5형) / SATA3 (6Gb/s) / 컨트롤러: 기타 / [성능] 순차읽기: 500MB/s / 순차쓰기: 480MB/s / [지원기능] TRIM / S.M.A.R.T / [환경특성] TBW: 600TB / A/S기간: 3년 , 제한보증 / 두께: 7mm",2025/01,ok,
2026-10-01T01:29:14+00:00,74121578,ORICO Y-20 (4TB),https://prod.danawa.com/info/?pcode=74121578&cate=11229608,6.4cm(2.5형),SATA3 (6Gb/s),4TB,,,기타,500MB/s,430MB/s,,,"1,200TB",,"3년 , 제한보증",,"6.4cm(2.5형) / SATA3 (6Gb/s) / 컨트롤러: 기타 / [성능] 순차읽기: 500MB/s / 순차쓰기: 430MB/s / [지원기능] TRIM / S.M.A.R.T / [환경특성] TBW: 1,200TB / A/S기간: 3년 , 제한보증 / 두께: 7mm",2025/01,ok,
2026-10-01T01:29:14+00:00,74121518,ORICO Y-20 (512GB),https://prod.danawa.com/info/?pcode=74121518&cate=11229608,6.4cm(2.5형),SATA3 (6Gb/s),512GB,,,기타,500MB/s,480MB/s,,,150TB,,"3년 , 제한보증",,"6.4cm(2.5형) / SATA3 (6Gb/s) / 컨트롤러: 기타 / [성능] 순차읽기: 500MB/s / 순차쓰기: 480MB/s / [지원기능] TRIM / S.M.A.R.T / [환경특성] TBW: 150TB / A/S기간: 3년 , 제한보증 / 두께: 7mm",2025/01,ok,
2026-10-01T01:29:14+00:00,11776096,OWC Accelsior 4M2 M.2 NVMe to PCIe3.0 카드 (SSD미포함),https://prod.danawa.com/info/?pcode=11776096&cate=11229608,변환 컨버터,,,,,,,,,,,,3년,방열판 포함,변환 컨버터 / 크기 변환: M.2→PCIe 카드 / 인터페이스 변환: PCIe→PCIe(NVMe) / SSD전용 / 보관(장착) 개수: 최대 4개 / 방열판 포함 / 두께: 22mm / 349g / A/S기간: 3년 / 최대 16TB 지원,2020/07,ok,
2026-10-01T01:29:14+00:00,73883546,OWC Accelsior Pro 8M2 M.2 NVMe to PCIe4.0 카드,https://prod.danawa.com/info/?pcode=73883546&cate=11229608,변환 컨버터,,,,,,,,,,,,"3년 , 제한보증",방열판 포함,"변환 컨버터 / 크기 변환: M.2→PCIe 카드 / 인터페이스 변환: PCIe→PCIe(NVMe) / SSD전용 / 보관(장착) 개수: 최대 8개 / 방열판 포함 / 두께: 22mm / 750g / A/S기간: 3년 , 제한보증",2025/01,ok,
2026-10-01T01:29:14+00:00,58119458,OWC U2 ShuttleOne M.2 NVMe to U.2 컨버터 서린,https://prod.danawa.com/info/?pcode=58119458&cate=11229608,변환 컨버터,,,,,,,,,,,,3년,,변환 컨버터 / 크기 변환: M.2→2.5형 / SSD전용 / 보관(장착) 개수: 최대 1개 / 두께: 9.5mm / 134g / 블랙 / 알루미늄 / A/S기간: 3년,2024/06,ok,
2026-10-01T01:29:14+00:00,105181823,Oreton N7000 M.2 NVMe (1TB),https://prod.danawa.com/info/?pcode=105181823&cate=11229608,M.2 (2280),PCIe4.0x4 (64GT/s),1TB,TLC,,Maxio MAP1602,"7,400MB/s","6,600MB/s",,,"1,000TB",150만,"제한보증 , 5년",방열판 미포함,"M.2 (2280) / PCIe4.0x4 (64GT/s) / TLC / 컨트롤러: Maxio MAP1602 / [성능] 순차읽기: 7,400MB/s / 순차쓰기: 6,600MB/s / [지원기능] ECC / SLC캐싱 / S.M.A.R.T / [환경특성] MTBF: 150만 / TBW: 1,000TB / PS5 호환 / A/S기간: 제한보증 , 5년 / 방열판 미포함 / 두께: 2.2mm / 15g",2026/02,ok,
2026-10-01T01:29:14+00:00,105181817,Oreton N7000 M.2 NVMe (2TB),https://prod.danawa.com/info/?pcode=105181817&cate=11229608,M.2 (2280),PCIe4.0x4 (64GT/s),2TB,TLC,,Maxio MAP1602,"7,400MB/s","6,400MB/s",,,"1,500TB",150만,"5년 , 제한보증",방열판 미포함,"M.2 (2280) / PCIe4.0x4 (64GT/s) / TLC / 컨트롤러: Maxio MAP1602 / [성능] 순차읽기: 7,400MB/s / 순차쓰기: 6,400MB/s / [지원기능] ECC / SLC캐싱 / S.M.A.R.T / [환경특성] MTBF: 150만 / TBW: 1,500TB / PS5 호환 / A/S기간: 5년 , 제한보증 / 방열판 미포함 / 두께: 2.2mm / 15g",2026/02,ok,
2026-10-01T01:29:14+00:00,105181766,Oreton N7000 M.2 NVMe (4TB),https://prod.danawa.com/info/?pcode=105181766&cate=11229608,M.2 (2280),PCIe4.0x4 (64GT/s),4TB,TLC,,Maxio MAP1602,"7,400MB/s","6,500MB/s",,,"2,500TB",150만,"5년 , 제한보증",방열판 미포함,"M.2 (2280) / PCIe4.0x4 (64GT/s) / TLC / 컨트롤러: Maxio MAP1602 / [성능] 순차읽기: 7,400MB/s / 순차쓰기: 6,500MB/s / [지원기능] ECC / SLC캐싱 / S.M.A.R.T / [환경특성] MTBF: 150만 / TBW: 2,500TB / PS5 호환 / A/S기간: 5년 , 제한보증 / 방열판 미포함 / 두께: 2.2mm / 15g",2026/02,ok,
2026-10-01T01:29:14+00:00,21648764,PATRIOT P220 (128GB),https://prod.danawa.com/info/?pcode=21648764&cate=11229608,6.4cm(2.5형),SATA3 (6Gb/s),128GB,TLC,,Maxio,550MB/s,480MB/s,40K,50K,60TB,150만,"3년 , 제한보증",,"6.4cm(2.5형) / SATA3 (6Gb/s) / TLC / 컨트롤러: Maxio / [성능] 순차읽기: 550MB/s / 순차쓰기: 480MB/s / 읽기IOPS: 40K / 쓰기IOPS: 50K / [지원기능] TRIM / SLC캐싱 / S.M.A.R.T / 전용 S/W / [환경특성] MTBF: 150만 / TBW: 60TB / A/S기간: 3년 , 제한보증 / 두께: 7mm / 53g",2023/07,ok,
2026-10-01T01:29:14+00:00,21648875,PATRIOT P220 (1TB),https://prod.danawa.com/info/?pcode=21648875&cate=11229608,6.4cm(2.5형),SATA3 (6Gb/s),1TB,TLC,,Maxio,550MB/s,500MB/s,50K,50K,480TB,150만,"3년 , 제한보증",,"6.4cm(2.5형) / SATA3 (6Gb/s) / TLC / 컨트롤러: Maxio / [성능] 순차읽기: 550MB/s / 순차쓰기: 500MB/s / 읽기IOPS: 50K / 쓰기IOPS: 50K / [지원기능] TRIM / SLC캐싱 / S.M.A.R.T / 전용 S/W / [환경특성] MTBF: 150만 / TBW: 480TB / A/S기간: 3년 , 제한보증 / 두께: 7mm / 53g",2023/07,ok,
2026-10-01T01:29:14+00:00,21648812,PATRIOT P220 (256GB),https://prod.danawa.com/info/?pcode=21648812&cate=11229608,6.4cm(2.5형),SATA3 (6Gb/s),256GB,TLC,,Maxio,550MB/s,490MB/s,40K,50K,120TB,150만,"3년 , 제한보증",,"6.4cm(2.5형) / SATA3 (6Gb/s) / TLC / 컨트롤러: Maxio / [성능] 순차읽기: 550MB/s / 순차쓰기: 490MB/s / 읽기IOPS: 40K / 쓰기IOPS: 50K / [지원기능] TRIM / SLC캐싱 / S.M.A.R.T / 전용 S/W / [환경특성] MTBF: 150만 / TBW: 120TB / A/S기간: 3년 , 제한보증 / 두께: 7mm / 53g",2023/07,ok,
2026-10-01T01:29:14+00:00,21648908,PATRIOT P220 (2TB),https://prod.danawa.com/info/?pcode=21648908&cate=11229608,6.4cm(2.5형),SATA3 (6Gb/s),2TB,TLC,,Maxio,550MB/s,500MB/s,50K,50K,960TB,150만,"3년 , 제한보증",,"6.4cm(2.5형) / SATA3 (6Gb/s) / TLC / 컨트롤러: Maxio / [성능] 순차읽기: 550MB/s / 순차쓰기: 500MB/s / 읽기IOPS: 50K / 쓰기IOPS: 50K / [지원기능] TRIM / SLC캐싱 / S.M.A.R.T / 전용 S/W / [환경특성] MTBF: 150만 / TBW: 960TB / A/S기간: 3년 , 제한보증 / 두께: 7mm / 53g",2023/07,ok,
2026-10-01T01:29:14+00:00,21648833,PATRIOT P220 (512GB),https://prod.danawa.com/info/?pcode=21648833&cate=11229608,6.4cm(2.5형),SATA3 (6Gb/s),512GB,TLC,,Maxio,550MB/s,500MB/s,40K,50K,240TB,150만,"3년 , 제한보증",,"6.4cm(2.5형) / SATA3 (6Gb/s) / TLC / 컨트롤러: Maxio / [성능] 순차읽기: 550MB/s / 순차쓰기: 500MB/s / 읽기IOPS: 40K / 쓰기IOPS: 50K / [지원기능] TRIM / SLC캐싱 / S.M.A.R.T / 전용 S/W / [환경특성] MTBF: 150만 / TBW: 240TB / A/S기간: 3년 , 제한보증 / 두께: 7mm / 53g",2023/07,ok,
2026-10-01T01:29:14+00:00,76509452,PATRIOT P220 QLC (128GB),https://prod.danawa.com/info/?pcode=76509452&cate=11229608,6.4cm(2.5형),SATA3 (6Gb/s),128GB,QLC,,Maxio,550MB/s,480MB/s,40K,50K,60TB,150만,"3년 , 제한보증",,"6.4cm(2.5형) / SATA3 (6Gb/s) / QLC / 컨트롤러: Maxio / [성능] 순차읽기: 550MB/s / 순차쓰기: 480MB/s / 읽기IOPS: 40K / 쓰기IOPS: 50K / [지원기능] S.M.A.R.T / SLC캐싱 / TRIM / 전용 S/W / [환경특성] MTBF: 150만 / TBW: 60TB / A/S기간: 3년 , 제한보증 / 두께: 7mm / 53g",2025/02,ok,
2026-10-01T01:29:14+00:00,76509521,PATRIOT P220 QLC (1TB),https://prod.danawa.com/info/?pcode=76509521&cate=11229608,6.4cm(2.5형),SATA3 (6Gb/s),1TB,QLC,,Maxio,550MB/s,500MB/s,50K,50K,480TB,150만,"3년 , 제한보증",,"6.4cm(2.5형) / SATA3 (6Gb/s) / QLC / 컨트롤러: Maxio / [성능] 순차읽기: 550MB/s / 순차쓰기: 500MB/s / 읽기IOPS: 50K / 쓰기IOPS: 50K / [지원기능] TRIM / SLC캐싱 / S.M.A.R.T / 전용 S/W / [환경특성] MTBF: 150만 / TBW: 480TB / A/S기간: 3년 , 제한보증 / 두께: 7mm / 53g",2025/02,ok,
2026-10-01T01:29:14+00:00,76509512,PATRIOT P220 QLC (256GB),https://prod.danawa.com/info/?pcode=76509512&cate=11229608,6.4cm(2.5형),SATA3 (6Gb/s),256GB,QLC,,Maxio,550MB/s,490MB/s,40K,50K,120TB,150만,"제한보증 , 3년",,"6.4cm(2.5형) / SATA3 (6Gb/s) / QLC / 컨트롤러: Maxio / [성능] 순차읽기: 550MB/s / 순차쓰기: 490MB/s / 읽기IOPS: 40K / 쓰기IOPS: 50K / [지원기능] TRIM / SLC캐싱 / S.M.A.R.T / 전용 S/W / [환경특성] MTBF: 150만 / TBW: 120TB / A/S기간: 제한보증 , 3년 / 두께: 7mm / 53g",2025/02,ok,
2026-10-01T01:29:14+00:00,76509536,PATRIOT P220 QLC (2TB),https://prod.danawa.com/info/?pcode=76509536&cate=11229608,6.4cm(2.5형),SATA3 (6Gb/s),2TB,QLC,,Maxio,550MB/s,500MB/s,50K,50K,960TB,150만,"3년 , 제한보증",,"6.4cm(2.5형) / SATA3 (6Gb/s) / QLC / 컨트롤러: Maxio / [성능] 순차읽기: 550MB/s / 순차쓰기: 500MB/s / 읽기IOPS: 50K / 쓰기IOPS: 50K / [지원기능] S.M.A.R.T / SLC캐싱 / TRIM / 전용 S/W / [환경특성] MTBF: 150만 / TBW: 960TB / A/S기간: 3년 , 제한보증 / 두께: 7mm / 53g",2025/02,ok,
2026-10-01T01:29:14+00:00,76509518,PATRIOT P220 QLC (512GB),https://prod.danawa.com/info/?pcode=76509518&cate=11229608,6.4cm(2.5형),SATA3 (6Gb/s),512GB,QLC,,Maxio,550MB/s,500MB/s,40K,50K,240TB,150만,"제한보증 , 3년",,"6.4cm(2.5형) / SATA3 (6Gb/s) / QLC / 컨트롤러: Maxio / [성능] 순차읽기: 550MB/s / 순차쓰기: 500MB/s / 읽기IOPS: 40K / 쓰기IOPS: 50K / [지원기능] TRIM / SLC캐싱 / S.M.A.R.T / 전용 S/W / [환경특성] MTBF: 150만 / TBW: 240TB / A/S기간: 제한보증 , 3년 / 두께: 7mm / 53g",2025/02,ok,
2026-10-01T01:29:14+00:00,12826433,PATRIOT P300 M.2 NVMe (128GB),https://prod.danawa.com/info/?pcode=12826433&cate=11229608,M.2 (2280),PCIe3.0x4 (32GT/s),128GB,QLC,,Maxio,"2,300MB/s","1,600MB/s",290K,150K,60TB,150만,"5년 , 제한보증",방열판 미포함,"M.2 (2280) / PCIe3.0x4 (32GT/s) / QLC / 컨트롤러: Maxio / [성능] 순차읽기: 2,300MB/s / 순차쓰기: 1,600MB/s / 읽기IOPS: 290K / 쓰기IOPS: 150K / [지원기능] TRIM / S.M.A.R.T / HMB / GC / ECC / 전용 S/W / [환경특성] MTBF: 150만 / TBW: 60TB / A/S기간: 5년 , 제한보증 / 방열판 미포함 / 두께: 3.8mm / 20g / [기타] 26년 9월부로 메모리타입 TLC→QLC 변경",2020/12,ok,
2026-10-01T01:29:14+00:00,12825845,PATRIOT P300 M.2 NVMe (1TB),https://prod.danawa.com/info/?pcode=12825845&cate=11229608,M.2 (2280),PCIe3.0x4 (32GT/s),1TB,QLC,,Maxio,"3,200MB/s","2,800MB/s",290K,260K,480TB,150만,"5년 , 제한보증",방열판 미포함,"M.2 (2280) / PCIe3.0x4 (32GT/s) / QLC / 컨트롤러: Maxio / [성능] 순차읽기: 3,200MB/s / 순차쓰기: 2,800MB/s / 읽기IOPS: 290K / 쓰기IOPS: 260K / [지원기능] TRIM / S.M.A.R.T / HMB / GC / ECC / 전용 S/W / [환경특성] MTBF: 150만 / TBW: 480TB / A/S기간: 5년 , 제한보증 / 방열판 미포함 / 두께: 3.8mm / 20g / [기타] 26년 9월부로 메모리타입 TLC→QLC 변경",2020/12,ok,
2026-10-01T01:29:14+00:00,12826391,PATRIOT P300 M.2 NVMe (256GB),https://prod.danawa.com/info/?pcode=12826391&cate=11229608,M.2 (2280),PCIe3.0x4 (32GT/s),256GB,QLC,,Maxio,"2,700MB/s","1,900MB/s",290K,260K,120TB,150만,"5년 , 제한보증",방열판 미포함,"M.2 (2280) / PCIe3.0x4 (32GT/s) / QLC / 컨트롤러: Maxio / [성능] 순차읽기: 2,700MB/s / 순차쓰기: 1,900MB/s / 읽기IOPS: 290K / 쓰기IOPS: 260K / [지원기능] TRIM / S.M.A.R.T / HMB / GC / ECC / 전용 S/W / [환경특성] MTBF: 150만 / TBW: 120TB / A/S기간: 5년 , 제한보증 / 방열판 미포함 / 두께: 3.8mm / 20g / [기타] 26년 9월부로 메모리타입 TLC→QLC 변경",2020/12,ok,
2026-10-01T01:29:14+00:00,18617705,PATRIOT P300 M.2 NVMe (2TB),https://prod.danawa.com/info/?pcode=18617705&cate=11229608,M.2 (2280),PCIe3.0x4 (32GT/s),2TB,QLC,,Maxio,"3,500MB/s","3,000MB/s",290K,260K,960TB,150만,"5년 , 제한보증",방열판 미포함,"M.2 (2280) / PCIe3.0x4 (32GT/s) / QLC / 컨트롤러: Maxio / [성능] 순차읽기: 3,500MB/s / 순차쓰기: 3,000MB/s / 읽기IOPS: 290K / 쓰기IOPS: 260K / [지원기능] TRIM / S.M.A.R.T / HMB / GC / ECC / 전용 S/W / [환경특성] MTBF: 150만 / TBW: 960TB / A/S기간: 5년 , 제한보증 / 방열판 미포함 / 두께: 3.8mm / 20g / [기타] 26년 9월부로 메모리타입 TLC→QLC 변경",2022/12,ok,
2026-10-01T01:29:14+00:00,12826274,PATRIOT P300 M.2 NVMe (512GB),https://prod.danawa.com/info/?pcode=12826274&cate=11229608,M.2 (2280),PCIe3.0x4 (32GT/s),512GB,QLC,,Maxio,"3,000MB/s","2,500MB/s",290K,260K,240TB,150만,"5년 , 제한보증",방열판 미포함,"M.2 (2280) / PCIe3.0x4 (32GT/s) / QLC / 컨트롤러: Maxio / [성능] 순차읽기: 3,000MB/s / 순차쓰기: 2,500MB/s / 읽기IOPS: 290K / 쓰기IOPS: 260K / [지원기능] TRIM / S.M.A.R.T / HMB / GC / ECC / 전용 S/W / [환경특성] MTBF: 150만 / TBW: 240TB / A/S기간: 5년 , 제한보증 / 방열판 미포함 / 두께: 3.8mm / 20g / [기타] 26년 9월부로 메모리타입 TLC→QLC 변경",2020/12,ok,
2026-10-01T01:29:14+00:00,76875305,PATRIOT P400 Lite M.2 NVMe (1TB),https://prod.danawa.com/info/?pcode=76875305&cate=11229608,M.2 (2280),PCIe4.0x4 (64GT/s),1TB,QLC,,Maxio,"3,500MB/s","2,700MB/s",340K,540K,560TB,150만,"5년 , 제한보증",방열판 미포함,"M.2 (2280) / PCIe4.0x4 (64GT/s) / QLC / 컨트롤러: Maxio / [성능] 순차읽기: 3,500MB/s / 순차쓰기: 2,700MB/s / 읽기IOPS: 340K / 쓰기IOPS: 540K / [지원기능] TRIM / ECC / DEVSLP / HMB / GC / S.M.A.R.T / 전용 S/W / [환경특성] MTBF: 150만 / TBW: 560TB / A/S기간: 5년 , 제한보증 / 방열판 미포함 / 두께: 3.8mm / 20g / [기타] 26년 1월부로 읽기 / 쓰기 정보 변경",2025/02,ok,
2026-10-01T01:29:14+00:00,76875284,PATRIOT P400 Lite M.2 NVMe (2TB),https://prod.danawa.com/info/?pcode=76875284&cate=11229608,M.2 (2280),PCIe4.0x4 (64GT/s),2TB,QLC,,Maxio,"3,500MB/s","2,700MB/s",340K,540K,"1,200TB",150만,"제한보증 , 5년",방열판 미포함,"M.2 (2280) / PCIe4.0x4 (64GT/s) / QLC / 컨트롤러: Maxio / [성능] 순차읽기: 3,500MB/s / 순차쓰기: 2,700MB/s / 읽기IOPS: 340K / 쓰기IOPS: 540K / [지원기능] DEVSLP / HMB / TRIM / ECC / GC / S.M.A.R.T / 전용 S/W / [환경특성] MTBF: 150만 / TBW: 1,200TB / A/S기간: 제한보증 , 5년 / 방열판 미포함 / 두께: 3.8mm / 20g / [기타] 26년 1월부로 읽기 / 쓰기 정보 변경",2025/02,ok,
2026-10-01T01:29:14+00:00,76875311,PATRIOT P400 Lite M.2 NVMe (500GB),https://prod.danawa.com/info/?pcode=76875311&cate=11229608,M.2 (2280),PCIe4.0x4 (64GT/s),500GB,QLC,,Maxio,"3,500MB/s","2,400MB/s",220K,500K,280TB,150만,"5년 , 제한보증",방열판 미포함,"M.2 (2280) / PCIe4.0x4 (64GT/s) / QLC / 컨트롤러: Maxio / [성능] 순차읽기: 3,500MB/s / 순차쓰기: 2,400MB/s / 읽기IOPS: 220K / 쓰기IOPS: 500K / [지원기능] GC / S.M.A.R.T / TRIM / ECC / DEVSLP / HMB / 전용 S/W / [환경특성] MTBF: 150만 / TBW: 280TB / A/S기간: 5년 , 제한보증 / 방열판 미포함 / 두께: 3.8mm / 20g / [기타] 26년 1월부로 읽기 / 쓰기 정보 변경",2025/02,ok,
2026-10-01T01:29:14+00:00,106721555,PATRIOT P410 M.2 NVMe (1TB),https://prod.danawa.com/info/?pcode=106721555&cate=11229608,M.2 (2280),PCIe4.0x4 (64GT/s),1TB,QLC,,기타,"5,000MB/s","4,500MB/s",,,320TB,,"제한보증 , 5년",방열판 미포함,"M.2 (2280) / PCIe4.0x4 (64GT/s) / QLC / 컨트롤러: 기타 / [성능] 순차읽기: 5,000MB/s / 순차쓰기: 4,500MB/s / [지원기능] TRIM / ECC / HMB / SLC캐싱 / S.M.A.R.T / [환경특성] TBW: 320TB / A/S기간: 제한보증 , 5년 / 방열판 미포함 / 두께: 3.8mm / 11g",2026/02,ok,
2026-10-01T01:29:14+00:00,106721537,PATRIOT P410 M.2 NVMe (2TB),https://prod.danawa.com/info/?pcode=106721537&cate=11229608,M.2 (2280),PCIe4.0x4 (64GT/s),2TB,QLC,,기타,"5,000MB/s","4,500MB/s",,,640TB,,"5년 , 제한보증",방열판 미포함,"M.2 (2280) / PCIe4.0x4 (64GT/s) / QLC / 컨트롤러: 기타 / [성능] 순차읽기: 5,000MB/s / 순차쓰기: 4,500MB/s / [지원기능] HMB / TRIM / ECC / SLC캐싱 / S.M.A.R.T / [환경특성] TBW: 640TB / A/S기간: 5년 , 제한보증 / 방열판 미포함 / 두께: 3.8mm / 11g",2026/02,ok,
2026-10-01T01:29:14+00:00,106721561,PATRIOT P410 M.2 NVMe (500GB),https://prod.danawa.com/info/?pcode=106721561&cate=11229608,M.2 (2280),PCIe4.0x4 (64GT/s),500GB,QLC,,기타,"5,000MB/s","2,300MB/s",,,160TB,,"5년 , 제한보증",방열판 미포함,"M.2 (2280) / PCIe4.0x4 (64GT/s) / QLC / 컨트롤러: 기타 / [성능] 순차읽기: 5,000MB/s / 순차쓰기: 2,300MB/s / [지원기능] TRIM / ECC / HMB / SLC캐싱 / S.M.A.R.T / [환경특성] TBW: 160TB / A/S기간: 5년 , 제한보증 / 방열판 미포함 / 두께: 3.8mm / 11g",2026/02,ok,
2026-10-01T01:29:14+00:00,106747226,PATRIOT P410 M.2 NVMe 해외구매 (1TB),https://prod.danawa.com/info/?pcode=106747226&cate=11229608,M.2 (2280),PCIe4.0x4 (64GT/s),1TB,QLC,,기타,"5,000MB/s","4,500MB/s",,,320TB,,,방열판 미포함,"M.2 (2280) / PCIe4.0x4 (64GT/s) / QLC / 컨트롤러: 기타 / [성능] 순차읽기: 5,000MB/s / 순차쓰기: 4,500MB/s / [지원기능] S.M.A.R.T / SLC캐싱 / TRIM / ECC / HMB / [환경특성] TBW: 320TB / 방열판 미포함 / 두께: 3.8mm / 11g",2026/02,ok,
2026-10-01T01:29:14+00:00,106223282,PATRIOT VIPER VP4300 M.2 NVMe (1TB),https://prod.danawa.com/info/?pcode=106223282&cate=11229608,M.2 (2280),PCIe4.0x4 (64GT/s),1TB,TLC,DRAM 탑재,InnoGrit IG5236,"7,400MB/s","5,500MB/s",,,"1,000TB",200만,5년,방열판 포함,"M.2 (2280) / PCIe4.0x4 (64GT/s) / TLC / DRAM 탑재 / DDR4 1GB / 컨트롤러: InnoGrit IG5236 / [성능] 순차읽기: 7,400MB/s / 순차쓰기: 5,500MB/s / [지원기능] ECC / [환경특성] MTBF: 200만 / TBW: 1,000TB / A/S기간: 5년 / 방열판 포함 / 두께: 8mm",2026/02,ok,
2026-10-01T01:29:14+00:00,106223264,PATRIOT VIPER VP4300 M.2 NVMe (2TB),https://prod.danawa.com/info/?pcode=106223264&cate=11229608,M.2 (2280),PCIe4.0x4 (64GT/s),2TB,TLC,DRAM 탑재,InnoGrit IG5236,"7,400MB/s","6,800MB/s",,,"2,000TB",200만,5년,방열판 포함,"M.2 (2280) / PCIe4.0x4 (64GT/s) / TLC / DRAM 탑재 / DDR4 2GB / 컨트롤러: InnoGrit IG5236 / [성능] 순차읽기: 7,400MB/s / 순차쓰기: 6,800MB/s / [지원기능] ECC / [환경특성] MTBF: 200만 / TBW: 2,000TB / A/S기간: 5년 / 방열판 포함 / 두께: 8mm",2026/02,ok,
2026-10-01T01:29:14+00:00,5057726,PHINOCOM P700S PRO (256GB),https://prod.danawa.com/info/?pcode=5057726&cate=11229608,6.4cm(2.5형),SATA3 (6Gb/s),256GB,MLC,,,560MB/s,530MB/s,,,,200만,3년,,6.4cm(2.5형) / SATA3 (6Gb/s) / MLC / [성능] 순차읽기: 560MB/s / 순차쓰기: 530MB/s / [지원기능] TRIM / ECC / S.M.A.R.T / [환경특성] MTBF: 200만 / A/S기간: 3년 / 두께: 7mm / 62g,2017/04,ok,
2026-10-01T01:29:14+00:00,3823213,PNY 3.5 변환 SSD 가이드,https://prod.danawa.com/info/?pcode=3823213&cate=11229608,변환 가이드,,,,,,,,,,,,,,변환 가이드 / 크기 변환: 2.5형→3.5형 / SSD전용 / 보관(장착) 개수: 최대 1개 / 두께: 4mm / 10g / 스테인리스,2016/03,ok,
2026-10-01T01:29:14+00:00,124181381,PNY CS1031 Gen3 M.2 NVMe STCOM (1TB),https://prod.danawa.com/info/?pcode=124181381&cate=11229608,M.2 (2280),PCIe3.0x4 (32GT/s),1TB,,,기타,"2,400MB/s","1,750MB/s",,,,200만,"5년 , 제한보증",방열판 미포함,"M.2 (2280) / PCIe3.0x4 (32GT/s) / 컨트롤러: 기타 / [성능] 순차읽기: 2,400MB/s / 순차쓰기: 1,750MB/s / [지원기능] TRIM / S.M.A.R.T / HMB / [환경특성] MTBF: 200만 / A/S기간: 5년 , 제한보증 / 방열판 미포함 / 두께: 2mm",2026/09,ok,
2026-10-01T01:29:14+00:00,123721509,PNY CS1031 Gen3 M.2 NVMe 제이씨현 (1TB),https://prod.danawa.com/info/?pcode=123721509&cate=11229608,M.2 (2280),PCIe3.0x4 (32GT/s),1TB,,,기타,"2,400MB/s","1,750MB/s",,,,200만,"5년 , 제한보증",방열판 미포함,"M.2 (2280) / PCIe3.0x4 (32GT/s) / 컨트롤러: 기타 / [성능] 순차읽기: 2,400MB/s / 순차쓰기: 1,750MB/s / [지원기능] TRIM / S.M.A.R.T / HMB / [환경특성] MTBF: 200만 / A/S기간: 5년 , 제한보증 / 방열판 미포함 / 두께: 2mm",2022/10,ok,
2026-10-01T01:29:14+00:00,13137749,PNY CS1031 Gen3 M.2 NVMe 제이씨현 (256GB),https://prod.danawa.com/info/?pcode=13137749&cate=11229608,M.2 (2280),PCIe3.0x4 (32GT/s),256GB,,,파이슨,"1,700MB/s","1,100MB/s",,,,200만,"5년 , 제한보증",방열판 미포함,"M.2 (2280) / PCIe3.0x4 (32GT/s) / 컨트롤러: 파이슨 / [성능] 순차읽기: 1,700MB/s / 순차쓰기: 1,100MB/s / [지원기능] TRIM / S.M.A.R.T / HMB / [환경특성] MTBF: 200만 / A/S기간: 5년 , 제한보증 / 방열판 미포함 / 두께: 4mm / 6.6g / [기타] 24년 10월부로 제조사 요청에 의한 컨트롤러, 메모리타입 정보 삭제",2021/01,ok,
2026-10-01T01:29:14+00:00,17970599,PNY CS1031 Gen3 M.2 NVMe 제이씨현 (500GB),https://prod.danawa.com/info/?pcode=17970599&cate=11229608,M.2 (2280),PCIe3.0x4 (32GT/s),500GB,,,기타,"2,200MB/s","1,200MB/s",,,,200만,"5년 , 제한보증",방열판 미포함,"M.2 (2280) / PCIe3.0x4 (32GT/s) / 컨트롤러: 기타 / [성능] 순차읽기: 2,200MB/s / 순차쓰기: 1,200MB/s / [지원기능] TRIM / S.M.A.R.T / HMB / [환경특성] MTBF: 200만 / A/S기간: 5년 , 제한보증 / 방열판 미포함 / 두께: 4mm / 6.6g / [기타] 24년 10월부로 제조사 요청에 의한 컨트롤러, 메모리타입 정보 삭제",2022/10,ok,
2026-10-01T01:29:14+00:00,72974108,PNY CS2150 M.2 NVMe 해외구매 (1TB),https://prod.danawa.com/info/?pcode=72974108&cate=11229608,M.2 (2280),PCIe5.0x4 (128GT/s),1TB,TLC,,파이슨 PS5031-E31T,"10,200MB/s","8,300MB/s",,,,150만,,방열판 미포함,"M.2 (2280) / PCIe5.0x4 (128GT/s) / TLC / 컨트롤러: 파이슨 PS5031-E31T / [성능] 순차읽기: 10,200MB/s / 순차쓰기: 8,300MB/s / [지원기능] HMB / TRIM / SLC캐싱 / S.M.A.R.T / [환경특성] MTBF: 150만 / PS5 호환 / 방열판 미포함 / 두께: 4mm",2024/12,ok,
2026-10-01T01:29:14+00:00,29858063,PNY CS2241 M.2 NVMe 제이씨현 (1TB),https://prod.danawa.com/info/?pcode=29858063&cate=11229608,M.2 (2280),PCIe4.0x4 (64GT/s),1TB,QLC,,기타,"5,100MB/s","3,200MB/s",,,320TB,150만,"5년 , 제한보증",방열판 미포함,"M.2 (2280) / PCIe4.0x4 (64GT/s) / QLC / 컨트롤러: 기타 / [성능] 순차읽기: 5,100MB/s / 순차쓰기: 3,200MB/s / [지원기능] TRIM / S.M.A.R.T / HMB / ECC / 전용 S/W / [환경특성] MTBF: 150만 / TBW: 320TB / A/S기간: 5년 , 제한보증 / 방열판 미포함 / 두께: 4mm / 6.6g",2023/11,ok,
2026-10-01T01:29:14+00:00,71427395,PNY CS2241 M.2 NVMe 제이씨현 (500GB),https://prod.danawa.com/info/?pcode=71427395&cate=11229608,M.2 (2280),PCIe4.0x4 (64GT/s),500GB,QLC,,기타,"4,700MB/s","1,700MB/s",,,160TB,150만,"5년 , 제한보증",방열판 미포함,"M.2 (2280) / PCIe4.0x4 (64GT/s) / QLC / 컨트롤러: 기타 / [성능] 순차읽기: 4,700MB/s / 순차쓰기: 1,700MB/s / [지원기능] TRIM / ECC / HMB / SLC캐싱 / S.M.A.R.T / [환경특성] MTBF: 150만 / TBW: 160TB / A/S기간: 5년 , 제한보증 / 방열판 미포함 / 두께: 4mm / 6.6g",2024/11,ok,
2026-10-01T01:29:14+00:00,48001118,PNY CS2241 M.2 NVMe 해외구매 (1TB),https://prod.danawa.com/info/?pcode=48001118&cate=11229608,M.2 (2280),PCIe4.0x4 (64GT/s),1TB,,,기타,"5,100MB/s","3,200MB/s",,,320TB,150만,,방열판 미포함,"M.2 (2280) / PCIe4.0x4 (64GT/s) / 컨트롤러: 기타 / [성능] 순차읽기: 5,100MB/s / 순차쓰기: 3,200MB/s / [지원기능] TRIM / ECC / HMB / S.M.A.R.T / [환경특성] MTBF: 150만 / TBW: 320TB / 방열판 미포함 / 두께: 4mm / 6.6g",2024/04,ok,
2026-10-01T01:29:14+00:00,100702295,PNY CS3250 M.2 NVMe 해외구매 (4TB),https://prod.danawa.com/info/?pcode=100702295&cate=11229608,M.2 (2280),PCIe5.0x4 (128GT/s),4TB,,,기타,"14,900MB/s","14,000MB/s",,,,150만,,방열판 미포함,"M.2 (2280) / PCIe5.0x4 (128GT/s) / 컨트롤러: 기타 / [성능] 순차읽기: 14,900MB/s / 순차쓰기: 14,000MB/s / [지원기능] TRIM / SLC캐싱 / S.M.A.R.T / [환경특성] MTBF: 150만 / 방열판 미포함",2025/10,ok,
2026-10-01T01:29:14+00:00,18041081,PNY CS900 제이씨현 (1TB),https://prod.danawa.com/info/?pcode=18041081&cate=11229608,6.4cm(2.5형),SATA3 (6Gb/s),1TB,,,기타,535MB/s,515MB/s,,,,200만,"3년 , 제한보증",,"6.4cm(2.5형) / SATA3 (6Gb/s) / 컨트롤러: 기타 / [성능] 순차읽기: 535MB/s / 순차쓰기: 515MB/s / [지원기능] TRIM / S.M.A.R.T / SLC캐싱 / ECC / DEVSLP / [환경특성] MTBF: 200만 / A/S기간: 3년 , 제한보증 / 두께: 7mm / 45g / [기타] 24년 10월부로 제조사 요청에 의한 컨트롤러,메모리타입 정보 삭제",2022/10,ok,
2026-10-01T01:29:14+00:00,17970794,PNY CS900 제이씨현 (250GB),https://prod.danawa.com/info/?pcode=17970794&cate=11229608,6.4cm(2.5형),SATA3 (6Gb/s),250GB,,,기타,535MB/s,500MB/s,,,,200만,"3년 , 제한보증",,"6.4cm(2.5형) / SATA3 (6Gb/s) / 컨트롤러: 기타 / [성능] 순차읽기: 535MB/s / 순차쓰기: 500MB/s / [지원기능] TRIM / S.M.A.R.T / SLC캐싱 / ECC / DEVSLP / [환경특성] MTBF: 200만 / A/S기간: 3년 , 제한보증 / 두께: 7mm / 45g / [기타] 24년 10월부로 제조사 요청에 의한 컨트롤러,메모리타입 정보 삭제",2022/10,ok,
2026-10-01T01:29:14+00:00,13865279,PNY CS900 제이씨현 (500GB),https://prod.danawa.com/info/?pcode=13865279&cate=11229608,6.4cm(2.5형),SATA3 (6Gb/s),500GB,,,기타,550MB/s,500MB/s,,,,200만,"3년 , 제한보증",,"6.4cm(2.5형) / SATA3 (6Gb/s) / 컨트롤러: 기타 / [성능] 순차읽기: 550MB/s / 순차쓰기: 500MB/s / [지원기능] TRIM / S.M.A.R.T / SLC캐싱 / ECC / DEVSLP / [환경특성] MTBF: 200만 / A/S기간: 3년 , 제한보증 / 두께: 7mm / 45g / [기타] 24년 10월부로 제조사 요청에 의한 컨트롤러,메모리타입 정보 삭제",2020/12,ok,
2026-10-01T01:29:14+00:00,11391825,PNY XLR8 CS2311 (250GB),https://prod.danawa.com/info/?pcode=11391825&cate=11229608,6.4cm(2.5형),SATA3 (6Gb/s),250GB,TLC,DRAM 탑재,파이슨 PS3112-S12,560MB/s,530MB/s,,,150TB,200만,5년,,6.4cm(2.5형) / SATA3 (6Gb/s) / TLC / DRAM 탑재 / 컨트롤러: 파이슨 PS3112-S12 / [성능] 순차읽기: 560MB/s / 순차쓰기: 530MB/s / [지원기능] TRIM / S.M.A.R.T / ECC / AES 암호화 / [환경특성] MTBF: 200만 / TBW: 150TB / A/S기간: 5년 / 두께: 6.35mm / 45g,2020/05,ok,
2026-10-01T01:29:14+00:00,30230834,PNY XLR8 CS3150 히트싱크 ARGB M.2 NVMe (2TB),https://prod.danawa.com/info/?pcode=30230834&cate=11229608,M.2 (2280),PCIe5.0x4 (128GT/s),2TB,TLC,DRAM 탑재,기타,"12,000MB/s","11,000MB/s",,,"1,400TB",160만,"제한보증 , 5년",방열판 포함,"M.2 (2280) / PCIe5.0x4 (128GT/s) / TLC / DRAM 탑재 / DDR4 4GB / 컨트롤러: 기타 / [성능] 순차읽기: 12,000MB/s / 순차쓰기: 11,000MB/s / [지원기능] TRIM / ECC / SLC캐싱 / S.M.A.R.T / RGB/LED / AES 암호화 / [환경특성] MTBF: 160만 / TBW: 1,400TB / A/S기간: 제한보증 , 5년 / 방열판 포함 / 두께: 17.5mm / 53g / [기타] 24년 4월부로 제조사 요청에 의한 컨트롤러 정보 삭제",2023/11,ok,
2026-10-01T01:29:14+00:00,52260158,PUSKILL SATA3 SSD 해외구매 (120GB),https://prod.danawa.com/info/?pcode=52260158&cate=11229608,6.4cm(2.5형),SATA3 (6Gb/s),120GB,,,기타,460MB/s,260MB/s,,,,,,,6.4cm(2.5형) / SATA3 (6Gb/s) / 컨트롤러: 기타 / [성능] 순차읽기: 460MB/s / 순차쓰기: 260MB/s / 두께: 7mm,2024/05,ok,
2026-10-01T01:29:14+00:00,7169830,Plextor S3C 중고 (128GB),https://prod.danawa.com/info/?pcode=7169830&cate=11229608,6.4cm(2.5형),SATA3 (6Gb/s),128GB,TLC,DRAM 탑재,실리콘모션 SM2254,550MB/s,500MB/s,최대 72K,최대 57K,,150만,,,6.4cm(2.5형) / SATA3 (6Gb/s) / TLC / DRAM 탑재 / DDR3 256MB / 컨트롤러: 실리콘모션 SM2254 / [성능] 순차읽기: 550MB/s / 순차쓰기: 500MB/s / 읽기IOPS: 최대 72K / 쓰기IOPS: 최대 57K / [지원기능] S.M.A.R.T / SLC캐싱 / TRIM / ECC / 전용 S/W / [환경특성] MTBF: 150만 / 두께: 6.8mm / 60g / LDPC,2017/05,ok,
2026-10-01T01:29:14+00:00,124183134,QSENN Q580 M.2 NVMe (1TB),https://prod.danawa.com/info/?pcode=124183134&cate=11229608,M.2 (2280),PCIe3.0x4 (32GT/s),1TB,QLC,,Maxio MAP1202,"3,500MB/s","3,000MB/s",,,,,"3년 , 제한보증",방열판 미포함,"M.2 (2280) / PCIe3.0x4 (32GT/s) / QLC / 컨트롤러: Maxio MAP1202 / [성능] 순차읽기: 3,500MB/s / 순차쓰기: 3,000MB/s / [지원기능] S.M.A.R.T / GC / ECC / [환경특성] A/S기간: 3년 , 제한보증 / 방열판 미포함 / 두께: 2.5mm",2026/09,ok,
2026-10-01T01:29:14+00:00,124183158,QSENN Q580 M.2 NVMe (256GB),https://prod.danawa.com/info/?pcode=124183158&cate=11229608,M.2 (2280),PCIe3.0x4 (32GT/s),256GB,QLC,,Maxio MAP1202,"2,100MB/s","1,700MB/s",,,,,"3년 , 제한보증",방열판 미포함,"M.2 (2280) / PCIe3.0x4 (32GT/s) / QLC / 컨트롤러: Maxio MAP1202 / [성능] 순차읽기: 2,100MB/s / 순차쓰기: 1,700MB/s / [지원기능] S.M.A.R.T / GC / ECC / [환경특성] A/S기간: 3년 , 제한보증 / 방열판 미포함 / 두께: 2.5mm",2026/09,ok,
2026-10-01T01:29:14+00:00,124183150,QSENN Q580 M.2 NVMe (512GB),https://prod.danawa.com/info/?pcode=124183150&cate=11229608,M.2 (2280),PCIe3.0x4 (32GT/s),512GB,QLC,,Maxio MAP1202,"3,300MB/s","2,600MB/s",,,,,"3년 , 제한보증",방열판 미포함,"M.2 (2280) / PCIe3.0x4 (32GT/s) / QLC / 컨트롤러: Maxio MAP1202 / [성능] 순차읽기: 3,300MB/s / 순차쓰기: 2,600MB/s / [지원기능] S.M.A.R.T / GC / ECC / [환경특성] A/S기간: 3년 , 제한보증 / 방열판 미포함 / 두께: 2.5mm",2026/09,ok,
2026-10-01T01:29:14+00:00,77461649,RiTEK RiDATA A801 M.2 NVMe 해외구매 (2TB),https://prod.danawa.com/info/?pcode=77461649&cate=11229608,M.2 (2280),PCIe4.0x4 (64GT/s),2TB,,,기타,"5,000MB/s","4,800MB/s",,,,,,방열판 미포함,"M.2 (2280) / PCIe4.0x4 (64GT/s) / 컨트롤러: 기타 / [성능] 순차읽기: 5,000MB/s / 순차쓰기: 4,800MB/s / [지원기능] SLC캐싱 / HMB / 방열판 미포함 / 두께: 2.3mm",2025/03,ok,
2026-10-01T01:29:14+00:00,122676970,SK하이닉스 BC501 M.2 NVMe 중고 (256GB),https://prod.danawa.com/info/?pcode=122676970&cate=11229608,M.2 (2280),PCIe3.0x2 (16GT/s),256GB,,,,"1,600MB/s",780MB/s,120K,170K,,,,방열판 미포함,"M.2 (2280) / PCIe3.0x2 (16GT/s) / [성능] 순차읽기: 1,600MB/s / 순차쓰기: 780MB/s / 읽기IOPS: 120K / 쓰기IOPS: 170K / [환경특성] 방열판 미포함 / 두께: 2.38mm / 5.4g",2020/04,ok,
2026-10-01T01:29:14+00:00,13400279,SK하이닉스 BC511 M.2 NVMe 벌크 (256GB),https://prod.danawa.com/info/?pcode=13400279&cate=11229608,M.2 (2280),PCIe3.0x4 (32GT/s),256GB,,,기타,"2,200MB/s",900MB/s,140K,190K,,,,방열판 미포함,"M.2 (2280) / PCIe3.0x4 (32GT/s) / 컨트롤러: 기타 / [성능] 순차읽기: 2,200MB/s / 순차쓰기: 900MB/s / 읽기IOPS: 140K / 쓰기IOPS: 190K / [환경특성] 방열판 미포함 / 두께: 2.38mm / 5.3g / [기타] 노트북 적출상품",2021/02,ok,
2026-10-01T01:29:14+00:00,122676947,SK하이닉스 BC511 M.2 NVMe 중고 (256GB),https://prod.danawa.com/info/?pcode=122676947&cate=11229608,M.2 (2280),PCIe3.0x4 (32GT/s),256GB,,,기타,"2,200MB/s",900MB/s,140K,190K,,,,방열판 미포함,"M.2 (2280) / PCIe3.0x4 (32GT/s) / 컨트롤러: 기타 / [성능] 순차읽기: 2,200MB/s / 순차쓰기: 900MB/s / 읽기IOPS: 140K / 쓰기IOPS: 190K / [환경특성] 방열판 미포함 / 두께: 2.38mm / 5.3g",2021/02,ok,
2026-10-01T01:29:14+00:00,16958459,SK하이닉스 BC711 M.2 NVMe 벌크 (128GB),https://prod.danawa.com/info/?pcode=16958459&cate=11229608,M.2 (2280),PCIe3.0x4 (32GT/s),128GB,TLC,,기타,,,,,,,,방열판 미포함,M.2 (2280) / PCIe3.0x4 (32GT/s) / TLC / 컨트롤러: 기타 / [환경특성] 방열판 미포함 / 두께: 2.4mm / [기타] 노트북 적출상품,2021/08,ok,
2026-10-01T01:29:14+00:00,14958056,SK하이닉스 BC711 M.2 NVMe 벌크 (256GB),https://prod.danawa.com/info/?pcode=14958056&cate=11229608,M.2 (2280),PCIe3.0x4 (32GT/s),256GB,TLC,,기타,"3,400MB/s","2,000MB/s",480K,450K,,,,방열판 미포함,"M.2 (2280) / PCIe3.0x4 (32GT/s) / TLC / 컨트롤러: 기타 / [성능] 순차읽기: 3,400MB/s / 순차쓰기: 2,000MB/s / 읽기IOPS: 480K / 쓰기IOPS: 450K / [환경특성] 방열판 미포함 / 두께: 2.23mm / 8g / [기타] 노트북 적출상품",2021/08,ok,
2026-10-01T01:29:14+00:00,15946976,SK하이닉스 BC711 M.2 NVMe 병행수입 (1TB),https://prod.danawa.com/info/?pcode=15946976&cate=11229608,M.2 (2280),PCIe3.0x4 (32GT/s),1TB,TLC,DRAM 탑재,기타,"3,500MB/s","3,100MB/s",520K,530K,,,,방열판 미포함,"M.2 (2280) / PCIe3.0x4 (32GT/s) / TLC / DRAM 탑재 / 컨트롤러: 기타 / [성능] 순차읽기: 3,500MB/s / 순차쓰기: 3,100MB/s / 읽기IOPS: 520K / 쓰기IOPS: 530K / [환경특성] 방열판 미포함 / 두께: 2.4mm",2021/12,ok,
2026-10-01T01:29:14+00:00,15946682,SK하이닉스 BC711 M.2 NVMe 병행수입 (256GB),https://prod.danawa.com/info/?pcode=15946682&cate=11229608,M.2 (2280),PCIe3.0x4 (32GT/s),256GB,TLC,DRAM 탑재,기타,"3,400MB/s","2,000MB/s",480K,450K,,,,방열판 미포함,"M.2 (2280) / PCIe3.0x4 (32GT/s) / TLC / DRAM 탑재 / 컨트롤러: 기타 / [성능] 순차읽기: 3,400MB/s / 순차쓰기: 2,000MB/s / 읽기IOPS: 480K / 쓰기IOPS: 450K / [환경특성] 방열판 미포함 / 두께: 2.4mm",2021/12,ok,
2026-10-01T01:29:14+00:00,123742464,SK하이닉스 BC711 M.2 NVMe 중고 (1TB),https://prod.danawa.com/info/?pcode=123742464&cate=11229608,M.2 (2280),PCIe3.0x4 (32GT/s),1TB,TLC,DRAM 탑재,기타,"3,500MB/s","3,100MB/s",520K,530K,,,,방열판 미포함,"M.2 (2280) / PCIe3.0x4 (32GT/s) / TLC / DRAM 탑재 / 컨트롤러: 기타 / [성능] 순차읽기: 3,500MB/s / 순차쓰기: 3,100MB/s / 읽기IOPS: 520K / 쓰기IOPS: 530K / [환경특성] 방열판 미포함 / 두께: 2.4mm",2021/12,ok,
2026-10-01T01:29:14+00:00,18796625,SK하이닉스 BC711 M.2 NVMe 중고 (256GB),https://prod.danawa.com/info/?pcode=18796625&cate=11229608,M.2 (2280),PCIe3.0x4 (32GT/s),256GB,TLC,DRAM 탑재,기타,"3,400MB/s","2,000MB/s",480K,450K,,,,방열판 미포함,"M.2 (2280) / PCIe3.0x4 (32GT/s) / TLC / DRAM 탑재 / 컨트롤러: 기타 / [성능] 순차읽기: 3,400MB/s / 순차쓰기: 2,000MB/s / 읽기IOPS: 480K / 쓰기IOPS: 450K / [환경특성] 방열판 미포함 / 두께: 2.4mm",2021/12,ok,
2026-10-01T01:29:14+00:00,122676729,SK하이닉스 BC711 M.2 NVMe 중고 (512GB),https://prod.danawa.com/info/?pcode=122676729&cate=11229608,M.2 (2280),PCIe3.0x4 (32GT/s),512GB,TLC,DRAM 탑재,기타,"3,500MB/s","3,000MB/s",520K,530K,,,,방열판 미포함,"M.2 (2280) / PCIe3.0x4 (32GT/s) / TLC / DRAM 탑재 / 컨트롤러: 기타 / [성능] 순차읽기: 3,500MB/s / 순차쓰기: 3,000MB/s / 읽기IOPS: 520K / 쓰기IOPS: 530K / [환경특성] 방열판 미포함 / 두께: 2.4mm",2021/12,ok,
2026-10-01T01:29:14+00:00,29485325,SK하이닉스 BC901 M.2 2242 NVMe 벌크 (256GB),https://prod.danawa.com/info/?pcode=29485325&cate=11229608,M.2 (2242),PCIe4.0x4 (64GT/s),256GB,TLC,,기타,,,,,,150만시간,,방열판 미포함,M.2 (2242) / PCIe4.0x4 (64GT/s) / TLC / 컨트롤러: 기타 / [환경특성] MTBF: 150만시간 / 방열판 미포함 / 두께: 2.23mm / 8g / [기타] 노트북 적출상품,2023/10,ok,
2026-10-01T01:29:14+00:00,78096638,SK하이닉스 BC901 M.2 NVMe 벌크 (1TB),https://prod.danawa.com/info/?pcode=78096638&cate=11229608,M.2 (2280),PCIe4.0x4 (64GT/s),1TB,TLC,,기타,,,,,,150만시간,,방열판 미포함,M.2 (2280) / PCIe4.0x4 (64GT/s) / TLC / 컨트롤러: 기타 / [환경특성] MTBF: 150만시간 / 방열판 미포함 / 두께: 2.3mm / [기타] 노트북 적출상품,2024/06,ok,
2026-10-01T01:29:14+00:00,57508163,SK하이닉스 BC901 M.2 NVMe 벌크 (256GB),https://prod.danawa.com/info/?pcode=57508163&cate=11229608,M.2 (2280),PCIe4.0x4 (64GT/s),256GB,TLC,,기타,,,,,,150만시간,,방열판 미포함,M.2 (2280) / PCIe4.0x4 (64GT/s) / TLC / 컨트롤러: 기타 / [환경특성] MTBF: 150만시간 / 방열판 미포함 / 두께: 2.3mm / [기타] 노트북 적출상품,2024/06,ok,
2026-10-01T01:29:14+00:00,97838573,SK하이닉스 BC901 M.2 NVMe 벌크 (512GB),https://prod.danawa.com/info/?pcode=97838573&cate=11229608,M.2 (2280),PCIe4.0x4 (64GT/s),512GB,TLC,,기타,,,,,,150만시간,,방열판 미포함,M.2 (2280) / PCIe4.0x4 (64GT/s) / TLC / 컨트롤러: 기타 / [환경특성] MTBF: 150만시간 / 방열판 미포함 / 두께: 2.3mm / [기타] 노트북 적출상품,2024/06,ok,
2026-10-01T01:29:14+00:00,122676986,SK하이닉스 BC901 M.2 NVMe 중고 (256GB),https://prod.danawa.com/info/?pcode=122676986&cate=11229608,M.2 (2280),PCIe4.0x4 (64GT/s),256GB,TLC,,기타,,,,,,150만,,방열판 미포함,M.2 (2280) / PCIe4.0x4 (64GT/s) / TLC / 컨트롤러: 기타 / [환경특성] MTBF: 150만 / 방열판 미포함 / 두께: 2.3mm,2024/06,ok,
2026-10-01T01:29:14+00:00,13161338,SK하이닉스 Gold P31 M.2 NVMe (1TB),https://prod.danawa.com/info/?pcode=13161338&cate=11229608,M.2 (2280),PCIe3.0x4 (32GT/s),1TB,,DRAM 탑재,SK하이닉스 Cepheus,"3,500MB/s","3,200MB/s",570K,600K,750TB,150만,"5년 , 제한보증",방열판 미포함,"M.2 (2280) / PCIe3.0x4 (32GT/s) / TLC(토글) / DRAM 탑재 / DDR4 1GB / 컨트롤러: SK하이닉스 Cepheus / [성능] 순차읽기: 3,500MB/s / 순차쓰기: 3,200MB/s / 읽기IOPS: 570K / 쓰기IOPS: 600K / [지원기능] TRIM / S.M.A.R.T / SLC캐싱 / AES 암호화 / 전용 S/W / [환경특성] MTBF: 150만 / TBW: 750TB / SLC: 92GB / A/S기간: 5년 , 제한보증 / 방열판 미포함 / 두께: 2.3mm / 7g",2021/01,ok,
2026-10-01T01:29:14+00:00,15022826,SK하이닉스 Gold P31 M.2 NVMe (2TB),https://prod.danawa.com/info/?pcode=15022826&cate=11229608,M.2 (2280),PCIe3.0x4 (32GT/s),2TB,,DRAM 탑재,SK하이닉스 Cepheus,"3,500MB/s","3,200MB/s",570K,600K,"1,200TB",150만,"5년 , 제한보증",방열판 미포함,"M.2 (2280) / PCIe3.0x4 (32GT/s) / TLC(토글) / DRAM 탑재 / DDR4 2GB / 컨트롤러: SK하이닉스 Cepheus / [성능] 순차읽기: 3,500MB/s / 순차쓰기: 3,200MB/s / 읽기IOPS: 570K / 쓰기IOPS: 600K / [지원기능] TRIM / SLC캐싱 / S.M.A.R.T / 전용 S/W / AES 암호화 / [환경특성] MTBF: 150만 / TBW: 1,200TB / SLC: 185GB / A/S기간: 5년 , 제한보증 / 방열판 미포함 / 두께: 2.3mm / 7g",2021/08,ok,
2026-10-01T01:29:14+00:00,13161353,SK하이닉스 Gold P31 M.2 NVMe (500GB),https://prod.danawa.com/info/?pcode=13161353&cate=11229608,M.2 (2280),PCIe3.0x4 (32GT/s),500GB,,DRAM 탑재,SK하이닉스 Cepheus,"3,500MB/s","3,100MB/s",570K,600K,500TB,150만,"제한보증 , 5년",방열판 미포함,"M.2 (2280) / PCIe3.0x4 (32GT/s) / TLC(토글) / DRAM 탑재 / DDR4 512MB / 컨트롤러: SK하이닉스 Cepheus / [성능] 순차읽기: 3,500MB/s / 순차쓰기: 3,100MB/s / 읽기IOPS: 570K / 쓰기IOPS: 600K / [지원기능] TRIM / SLC캐싱 / S.M.A.R.T / AES 암호화 / 전용 S/W / [환경특성] MTBF: 150만 / TBW: 500TB / SLC: 48GB / A/S기간: 제한보증 , 5년 / 방열판 미포함 / 두께: 2.23mm / 7g",2021/01,ok,
2026-10-01T01:29:14+00:00,62646689,SK하이닉스 Gold P31 M.2 NVMe 병행수입 (1TB),https://prod.danawa.com/info/?pcode=62646689&cate=11229608,M.2 (2280),PCIe3.0x4 (32GT/s),1TB,,DRAM 탑재,SK하이닉스 Cepheus,"3,500MB/s","3,200MB/s",570K,600K,750TB,150만,,방열판 미포함,"M.2 (2280) / PCIe3.0x4 (32GT/s) / TLC(토글) / DRAM 탑재 / DDR4 1GB / 컨트롤러: SK하이닉스 Cepheus / [성능] 순차읽기: 3,500MB/s / 순차쓰기: 3,200MB/s / 읽기IOPS: 570K / 쓰기IOPS: 600K / [지원기능] TRIM / SLC캐싱 / S.M.A.R.T / AES 암호화 / 전용 S/W / [환경특성] MTBF: 150만 / TBW: 750TB / SLC: 92GB / 방열판 미포함 / 두께: 2.23mm / 7g",2024/08,ok,
2026-10-01T01:29:14+00:00,62646656,SK하이닉스 Gold P31 M.2 NVMe 병행수입 (2TB),https://prod.danawa.com/info/?pcode=62646656&cate=11229608,M.2 (2280),PCIe3.0x4 (32GT/s),2TB,,DRAM 탑재,SK하이닉스 Cepheus,"3,500MB/s","3,200MB/s",570K,600K,"1,200TB",150만,,방열판 미포함,"M.2 (2280) / PCIe3.0x4 (32GT/s) / TLC(토글) / DRAM 탑재 / DDR4 2GB / 컨트롤러: SK하이닉스 Cepheus / [성능] 순차읽기: 3,500MB/s / 순차쓰기: 3,200MB/s / 읽기IOPS: 570K / 쓰기IOPS: 600K / [지원기능] TRIM / SLC캐싱 / S.M.A.R.T / AES 암호화 / 전용 S/W / [환경특성] MTBF: 150만 / TBW: 1,200TB / SLC: 185GB / 방열판 미포함 / 두께: 2.23mm / 7g",2024/08,ok,
2026-10-01T01:29:14+00:00,98085878,SK하이닉스 Gold P31 M.2 NVMe 중고 (1TB),https://prod.danawa.com/info/?pcode=98085878&cate=11229608,M.2 (2280),PCIe3.0x4 (32GT/s),1TB,,DRAM 탑재,SK하이닉스 Cepheus,"3,500MB/s","3,200MB/s",570K,600K,750TB,150만,,방열판 미포함,"M.2 (2280) / PCIe3.0x4 (32GT/s) / TLC(토글) / DRAM 탑재 / DDR4 1GB / 컨트롤러: SK하이닉스 Cepheus / [성능] 순차읽기: 3,500MB/s / 순차쓰기: 3,200MB/s / 읽기IOPS: 570K / 쓰기IOPS: 600K / [지원기능] TRIM / SLC캐싱 / S.M.A.R.T / AES 암호화 / 전용 S/W / [환경특성] MTBF: 150만 / TBW: 750TB / SLC: 92GB / 방열판 미포함 / 두께: 2.23mm / 7g",2021/01,ok,
2026-10-01T01:29:14+00:00,105180698,SK하이닉스 Gold P31 M.2 NVMe 중고 (2TB),https://prod.danawa.com/info/?pcode=105180698&cate=11229608,M.2 (2280),PCIe3.0x4 (32GT/s),2TB,,DRAM 탑재,SK하이닉스 Cepheus,"3,500MB/s","3,200MB/s",570K,600K,"1,200TB",150만,,방열판 미포함,"M.2 (2280) / PCIe3.0x4 (32GT/s) / TLC(토글) / DRAM 탑재 / DDR4 2GB / 컨트롤러: SK하이닉스 Cepheus / [성능] 순차읽기: 3,500MB/s / 순차쓰기: 3,200MB/s / 읽기IOPS: 570K / 쓰기IOPS: 600K / [지원기능] TRIM / SLC캐싱 / S.M.A.R.T / AES 암호화 / 전용 S/W / [환경특성] MTBF: 150만 / TBW: 1,200TB / SLC: 185GB / 방열판 미포함 / 두께: 2.23mm / 7g",2024/08,ok,
2026-10-01T01:29:14+00:00,100326203,SK하이닉스 Gold P31 M.2 NVMe 중고 (500GB),https://prod.danawa.com/info/?pcode=100326203&cate=11229608,M.2 (2280),PCIe3.0x4 (32GT/s),500GB,,DRAM 탑재,SK하이닉스 Cepheus,"3,500MB/s","3,100MB/s",570K,600K,500TB,150만,,방열판 미포함,"M.2 (2280) / PCIe3.0x4 (32GT/s) / TLC(토글) / DRAM 탑재 / DDR4 512MB / 컨트롤러: SK하이닉스 Cepheus / [성능] 순차읽기: 3,500MB/s / 순차쓰기: 3,100MB/s / 읽기IOPS: 570K / 쓰기IOPS: 600K / [지원기능] SLC캐싱 / S.M.A.R.T / TRIM / AES 암호화 / 전용 S/W / [환경특성] MTBF: 150만 / TBW: 500TB / SLC: 48GB / 방열판 미포함 / 두께: 2.23mm / 7g",2024/10,ok,
2026-10-01T01:29:14+00:00,13077407,SK하이닉스 Gold P31 M.2 NVMe 해외구매 (1TB),https://prod.danawa.com/info/?pcode=13077407&cate=11229608,M.2 (2280),PCIe3.0x4 (32GT/s),1TB,,DRAM 탑재,SK하이닉스 Cepheus,"3,500MB/s","3,200MB/s",,,750TB,150만,,방열판 미포함,"M.2 (2280) / PCIe3.0x4 (32GT/s) / TLC(토글) / DRAM 탑재 / DDR4 1GB / 컨트롤러: SK하이닉스 Cepheus / [성능] 순차읽기: 3,500MB/s / 순차쓰기: 3,200MB/s / [지원기능] SLC캐싱 / AES 암호화 / [환경특성] MTBF: 150만 / TBW: 750TB / SLC: 92GB / 방열판 미포함 / 두께: 2.23mm",2021/01,ok,
2026-10-01T01:29:14+00:00,13077344,SK하이닉스 Gold P31 M.2 NVMe 해외구매 (500GB),https://prod.danawa.com/info/?pcode=13077344&cate=11229608,M.2 (2280),PCIe3.0x4 (32GT/s),500GB,,DRAM 탑재,SK하이닉스 Cepheus,"3,500MB/s","3,100MB/s",,,,150만,,방열판 미포함,"M.2 (2280) / PCIe3.0x4 (32GT/s) / TLC(토글) / DRAM 탑재 / DDR4 512MB / 컨트롤러: SK하이닉스 Cepheus / [성능] 순차읽기: 3,500MB/s / 순차쓰기: 3,100MB/s / [지원기능] SLC캐싱 / AES 암호화 / [환경특성] MTBF: 150만 / SLC: 48GB / 방열판 미포함 / 두께: 2.23mm",2021/01,ok,
2026-10-01T01:29:14+00:00,123742448,SK하이닉스 Gold S31 중고 (1TB),https://prod.danawa.com/info/?pcode=123742448&cate=11229608,6.4cm(2.5형),SATA3 (6Gb/s),1TB,,DRAM 탑재,SK하이닉스,560MB/s,525MB/s,,,600TB,150만,,,6.4cm(2.5형) / SATA3 (6Gb/s) / DRAM 탑재 / DDR4 1GB / 컨트롤러: SK하이닉스 / [성능] 순차읽기: 560MB/s / 순차쓰기: 525MB/s / [지원기능] TRIM / SLC캐싱 / [환경특성] MTBF: 150만 / TBW: 600TB / 두께: 7mm,2019/09,ok,
2026-10-01T01:29:14+00:00,123742443,SK하이닉스 Gold S31 중고 (500GB),https://prod.danawa.com/info/?pcode=123742443&cate=11229608,6.4cm(2.5형),SATA3 (6Gb/s),500GB,,DRAM 탑재,SK하이닉스,560MB/s,525MB/s,,,600TB,150만,,,6.4cm(2.5형) / SATA3 (6Gb/s) / DRAM 탑재 / DDR4 512MB / 컨트롤러: SK하이닉스 / [성능] 순차읽기: 560MB/s / 순차쓰기: 525MB/s / [지원기능] TRIM / SLC캐싱 / [환경특성] MTBF: 150만 / TBW: 600TB / 두께: 7mm,2020/01,ok,
2026-10-01T01:29:14+00:00,11197458,SK하이닉스 PC601 M.2 NVMe 벌크 (256GB),https://prod.danawa.com/info/?pcode=11197458&cate=11229608,M.2 (2280),PCIe3.0x4 (32GT/s),256GB,,DRAM 탑재,기타,"3,100MB/s","1,300MB/s",최대 200K,최대 245K,,,,방열판 미포함,"M.2 (2280) / PCIe3.0x4 (32GT/s) / DRAM 탑재 / 컨트롤러: 기타 / [성능] 순차읽기: 3,100MB/s / 순차쓰기: 1,300MB/s / 읽기IOPS: 최대 200K / 쓰기IOPS: 최대 245K / [환경특성] 방열판 미포함 / 두께: 2.23mm / 7g / [기타] 노트북 적출상품",2020/04,ok,
2026-10-01T01:29:14+00:00,18867446,SK하이닉스 PC711 M.2 NVMe 벌크 (256GB),https://prod.danawa.com/info/?pcode=18867446&cate=11229608,M.2 (2280),PCIe3.0x4 (32GT/s),256GB,TLC,,기타,"3,300MB/s","2,200MB/s",420K,500K,,,,방열판 미포함,"M.2 (2280) / PCIe3.0x4 (32GT/s) / TLC / 컨트롤러: 기타 / [성능] 순차읽기: 3,300MB/s / 순차쓰기: 2,200MB/s / 읽기IOPS: 420K / 쓰기IOPS: 500K / [환경특성] 방열판 미포함 / 두께: 2.38mm / [기타] 노트북 적출상품",2023/01,ok,
2026-10-01T01:29:14+00:00,123742456,SK하이닉스 PC711 M.2 NVMe 중고 (1TB),https://prod.danawa.com/info/?pcode=123742456&cate=11229608,M.2 (2280),PCIe3.0x4 (32GT/s),1TB,TLC,,,"3,500MB/s","3,200MB/s",570K,600K,,,,방열판 미포함,"M.2 (2280) / PCIe3.0x4 (32GT/s) / TLC / [성능] 순차읽기: 3,500MB/s / 순차쓰기: 3,200MB/s / 읽기IOPS: 570K / 쓰기IOPS: 600K / [환경특성] 방열판 미포함 / 두께: 2.38mm",2023/01,ok,
2026-10-01T01:29:14+00:00,122676758,SK하이닉스 PC711 M.2 NVMe 중고 (256GB),https://prod.danawa.com/info/?pcode=122676758&cate=11229608,M.2 (2280),PCIe3.0x4 (32GT/s),256GB,TLC,,기타,"3,300MB/s","2,200MB/s",420K,500K,,,,방열판 미포함,"M.2 (2280) / PCIe3.0x4 (32GT/s) / TLC / 컨트롤러: 기타 / [성능] 순차읽기: 3,300MB/s / 순차쓰기: 2,200MB/s / 읽기IOPS: 420K / 쓰기IOPS: 500K / [환경특성] 방열판 미포함 / 두께: 2.38mm",2023/01,ok,
2026-10-01T01:29:14+00:00,62174813,SK하이닉스 PC801 M.2 NVMe 벌크 (1TB),https://prod.danawa.com/info/?pcode=62174813&cate=11229608,M.2 (2280),PCIe4.0x4 (64GT/s),1TB,,DRAM 탑재,SK하이닉스,"7,000MB/s","6,500MB/s","1,500K","1,400K",,,,방열판 미포함,"M.2 (2280) / PCIe4.0x4 (64GT/s) / DRAM 탑재 / 컨트롤러: SK하이닉스 / [성능] 순차읽기: 7,000MB/s / 순차쓰기: 6,500MB/s / 읽기IOPS: 1,500K / 쓰기IOPS: 1,400K / [환경특성] PS5 호환 / 방열판 미포함 / 두께: 2.23mm / 8g / [기타] B2B 전용 모델로, 시장에 유통되는 상품은 완제품에서 적출된 상품일 수 있습니다.",2024/07,ok,
2026-10-01T01:29:14+00:00,19826411,SK하이닉스 PC801 M.2 NVMe 벌크 (256GB),https://prod.danawa.com/info/?pcode=19826411&cate=11229608,M.2 (2280),PCIe4.0x4 (64GT/s),256GB,,,SK하이닉스,"4,400MB/s","2,350MB/s",480K,500K,,,,방열판 미포함,"M.2 (2280) / PCIe4.0x4 (64GT/s) / 컨트롤러: SK하이닉스 / [성능] 순차읽기: 4,400MB/s / 순차쓰기: 2,350MB/s / 읽기IOPS: 480K / 쓰기IOPS: 500K / [환경특성] 방열판 미포함 / 두께: 2.23mm / 8g / [기타] B2B 전용 모델로, 시장에 유통되는 상품은 완제품에서 적출된 상품일 수 있습니다.",2023/04,ok,
2026-10-01T01:29:14+00:00,28399616,SK하이닉스 PC801 M.2 NVMe 벌크 (512GB),https://prod.danawa.com/info/?pcode=28399616&cate=11229608,M.2 (2280),PCIe4.0x4 (64GT/s),512GB,,DRAM 탑재,SK하이닉스,"7,000MB/s","4,700MB/s",960K,"1,000K",,,,방열판 미포함,"M.2 (2280) / PCIe4.0x4 (64GT/s) / DRAM 탑재 / 컨트롤러: SK하이닉스 / [성능] 순차읽기: 7,000MB/s / 순차쓰기: 4,700MB/s / 읽기IOPS: 960K / 쓰기IOPS: 1,000K / [환경특성] PS5 호환 / 방열판 미포함 / 두께: 2.23mm / 8g / [기타] B2B 전용 모델로, 시장에 유통되는 상품은 완제품에서 적출된 상품일 수 있습니다.",2023/09,ok,
2026-10-01T01:29:14+00:00,64468136,SK하이닉스 PC801 M.2 NVMe 해외구매 (512GB),https://prod.danawa.com/info/?pcode=64468136&cate=11229608,M.2 (2280),PCIe4.0x4 (64GT/s),512GB,,DRAM 탑재,SK하이닉스,"7,000MB/s","4,700MB/s",960K,"1,000K",,,,방열판 미포함,"M.2 (2280) / PCIe4.0x4 (64GT/s) / DRAM 탑재 / 컨트롤러: SK하이닉스 / [성능] 순차읽기: 7,000MB/s / 순차쓰기: 4,700MB/s / 읽기IOPS: 960K / 쓰기IOPS: 1,000K / [환경특성] PS5 호환 / 방열판 미포함 / 두께: 2.23mm / 8g",2024/08,ok,
2026-10-01T01:29:14+00:00,98920067,SK하이닉스 PVC10 M.2 2242 NVMe 벌크 (256GB),https://prod.danawa.com/info/?pcode=98920067&cate=11229608,M.2 (2242),PCIe4.0x4 (64GT/s),256GB,,,,"3,500MB/s","2,500MB/s",,,,,,방열판 미포함,"M.2 (2242) / PCIe4.0x4 (64GT/s) / [성능] 순차읽기: 3,500MB/s / 순차쓰기: 2,500MB/s / [지원기능] HMB / [환경특성] 방열판 미포함 / 두께: 2.23mm / 8g / [기타] 노트북 적출상품",2025/10,ok,
2026-10-01T01:29:14+00:00,98766941,SK하이닉스 PVC10 M.2 2242 NVMe 벌크 (512GB),https://prod.danawa.com/info/?pcode=98766941&cate=11229608,M.2 (2242),PCIe4.0x4 (64GT/s),512GB,,,,,,,,,,,방열판 미포함,M.2 (2242) / PCIe4.0x4 (64GT/s) / [지원기능] HMB / [환경특성] 방열판 미포함 / 두께: 2.23mm / 8g / [기타] 노트북 적출상품,2025/10,ok,
2026-10-01T01:29:14+00:00,106737650,SK하이닉스 PVC10 M.2 NVMe 벌크 (1TB),https://prod.danawa.com/info/?pcode=106737650&cate=11229608,M.2 (2280),PCIe4.0x4 (64GT/s),1TB,TLC,,SK하이닉스 Aries Lite,"6,500MB/s","5,500MB/s",950K,"1,200K",,150만,,방열판 미포함,"M.2 (2280) / PCIe4.0x4 (64GT/s) / TLC / 컨트롤러: SK하이닉스 Aries Lite / [성능] 순차읽기: 6,500MB/s / 순차쓰기: 5,500MB/s / 읽기IOPS: 950K / 쓰기IOPS: 1,200K / [지원기능] GC / S.M.A.R.T / SLC캐싱 / TRIM / DEVSLP / HMB / AES 암호화 / [환경특성] MTBF: 150만 / PS5 호환 / 방열판 미포함 / 두께: 2.23mm / 5.9g / [기타] B2B 전용 모델로, 시장에 유통되는 상품은 완제품에서 적출된 상품일 수 있습니다.",2026/02,ok,
2026-10-01T01:29:14+00:00,106737653,SK하이닉스 PVC10 M.2 NVMe 벌크 (512GB),https://prod.danawa.com/info/?pcode=106737653&cate=11229608,M.2 (2280),PCIe4.0x4 (64GT/s),512GB,TLC,,SK하이닉스 Aries Lite,"6,500MB/s","5,200MB/s",950K,"1,200K",,150만,,방열판 미포함,"M.2 (2280) / PCIe4.0x4 (64GT/s) / TLC / 컨트롤러: SK하이닉스 Aries Lite / [성능] 순차읽기: 6,500MB/s / 순차쓰기: 5,200MB/s / 읽기IOPS: 950K / 쓰기IOPS: 1,200K / [지원기능] TRIM / DEVSLP / HMB / GC / SLC캐싱 / S.M.A.R.T / AES 암호화 / [환경특성] MTBF: 150만 / PS5 호환 / 방열판 미포함 / 두께: 2.23mm / 5.9g / [기타] B2B 전용 모델로, 시장에 유통되는 상품은 완제품에서 적출된 상품일 수 있습니다.",2026/02,ok,
2026-10-01T01:29:14+00:00,17001050,SK하이닉스 Platinum P41 M.2 NVMe (1TB),https://prod.danawa.com/info/?pcode=17001050&cate=11229608,M.2 (2280),PCIe4.0x4 (64GT/s),1TB,,DRAM 탑재,SK하이닉스 Aries,"7,000MB/s","6,500MB/s","1,400K","1,300K",750TB,150만,"5년 , 제한보증",방열판 미포함,"M.2 (2280) / PCIe4.0x4 (64GT/s) / TLC(토글) / DRAM 탑재 / DDR4 1GB / 컨트롤러: SK하이닉스 Aries / [성능] 순차읽기: 7,000MB/s / 순차쓰기: 6,500MB/s / 읽기IOPS: 1,400K / 쓰기IOPS: 1,300K / [지원기능] TRIM / S.M.A.R.T / SLC캐싱 / GC / DEVSLP / AES 암호화 / 전용 S/W / [환경특성] MTBF: 150만 / TBW: 750TB / SLC: 213GB / PS5 호환 / A/S기간: 5년 , 제한보증 / 방열판 미포함 / 두께: 2.38mm / 7g",2022/05,ok,
2026-10-01T01:29:14+00:00,17000984,SK하이닉스 Platinum P41 M.2 NVMe (2TB),https://prod.danawa.com/info/?pcode=17000984&cate=11229608,M.2 (2280),PCIe4.0x4 (64GT/s),2TB,,DRAM 탑재,SK하이닉스 Aries,"7,000MB/s","6,500MB/s","1,400K","1,300K","1,200TB",150만,"5년 , 제한보증",방열판 미포함,"M.2 (2280) / PCIe4.0x4 (64GT/s) / TLC(토글) / DRAM 탑재 / DDR4 2GB / 컨트롤러: SK하이닉스 Aries / [성능] 순차읽기: 7,000MB/s / 순차쓰기: 6,500MB/s / 읽기IOPS: 1,400K / 쓰기IOPS: 1,300K / [지원기능] TRIM / S.M.A.R.T / SLC캐싱 / GC / DEVSLP / AES 암호화 / 전용 S/W / [환경특성] MTBF: 150만 / TBW: 1,200TB / SLC: 320GB / PS5 호환 / A/S기간: 5년 , 제한보증 / 방열판 미포함 / 두께: 2.38mm / 7g",2022/05,ok,
2026-10-01T01:29:14+00:00,17001083,SK하이닉스 Platinum P41 M.2 NVMe (500GB),https://prod.danawa.com/info/?pcode=17001083&cate=11229608,M.2 (2280),PCIe4.0x4 (64GT/s),500GB,,DRAM 탑재,SK하이닉스 Aries,"7,000MB/s","4,700MB/s",960K,"1,000K",500TB,150만,"제한보증 , 5년",방열판 미포함,"M.2 (2280) / PCIe4.0x4 (64GT/s) / TLC(토글) / DRAM 탑재 / DDR4 512MB / 컨트롤러: SK하이닉스 Aries / [성능] 순차읽기: 7,000MB/s / 순차쓰기: 4,700MB/s / 읽기IOPS: 960K / 쓰기IOPS: 1,000K / [지원기능] TRIM / DEVSLP / GC / SLC캐싱 / S.M.A.R.T / 전용 S/W / AES 암호화 / [환경특성] MTBF: 150만 / TBW: 500TB / PS5 호환 / A/S기간: 제한보증 , 5년 / 방열판 미포함 / 두께: 2.38mm / 7g",2022/05,ok,
2026-10-01T01:29:14+00:00,62653439,SK하이닉스 Platinum P41 M.2 NVMe 병행수입 (1TB),https://prod.danawa.com/info/?pcode=62653439&cate=11229608,M.2 (2280),PCIe4.0x4 (64GT/s),1TB,,DRAM 탑재,SK하이닉스 Aries,"7,000MB/s","6,500MB/s","1,400K","1,300K",750TB,150만,,방열판 미포함,"M.2 (2280) / PCIe4.0x4 (64GT/s) / TLC(토글) / DRAM 탑재 / DDR4 1GB / 컨트롤러: SK하이닉스 Aries / [성능] 순차읽기: 7,000MB/s / 순차쓰기: 6,500MB/s / 읽기IOPS: 1,400K / 쓰기IOPS: 1,300K / [지원기능] TRIM / S.M.A.R.T / SLC캐싱 / GC / DEVSLP / AES 암호화 / 전용 S/W / [환경특성] MTBF: 150만 / TBW: 750TB / SLC: 213GB / PS5 호환 / 방열판 미포함 / 두께: 2.38mm / 7g",2024/08,ok,
2026-10-01T01:29:14+00:00,62653445,SK하이닉스 Platinum P41 M.2 NVMe 병행수입 (2TB),https://prod.danawa.com/info/?pcode=62653445&cate=11229608,M.2 (2280),PCIe4.0x4 (64GT/s),2TB,,DRAM 탑재,SK하이닉스 Aries,"7,000MB/s","6,500MB/s","1,400K","1,300K","1,200TB",150만,,방열판 미포함,"M.2 (2280) / PCIe4.0x4 (64GT/s) / TLC(토글) / DRAM 탑재 / DDR4 2GB / 컨트롤러: SK하이닉스 Aries / [성능] 순차읽기: 7,000MB/s / 순차쓰기: 6,500MB/s / 읽기IOPS: 1,400K / 쓰기IOPS: 1,300K / [지원기능] DEVSLP / TRIM / SLC캐싱 / GC / S.M.A.R.T / AES 암호화 / 전용 S/W / [환경특성] MTBF: 150만 / TBW: 1,200TB / SLC: 320GB / PS5 호환 / 방열판 미포함 / 두께: 2.38mm / 7g",2024/08,ok,
2026-10-01T01:29:14+00:00,102754202,SK하이닉스 Platinum P41 M.2 NVMe 중고 (1TB),https://prod.danawa.com/info/?pcode=102754202&cate=11229608,M.2 (2280),PCIe4.0x4 (64GT/s),1TB,,DRAM 탑재,SK하이닉스 Aries,"7,000MB/s","6,500MB/s","1,400K","1,300K",750TB,150만,,방열판 미포함,"M.2 (2280) / PCIe4.0x4 (64GT/s) / TLC(토글) / DRAM 탑재 / DDR4 1GB / 컨트롤러: SK하이닉스 Aries / [성능] 순차읽기: 7,000MB/s / 순차쓰기: 6,500MB/s / 읽기IOPS: 1,400K / 쓰기IOPS: 1,300K / [지원기능] DEVSLP / TRIM / SLC캐싱 / GC / S.M.A.R.T / AES 암호화 / 전용 S/W / [환경특성] MTBF: 150만 / TBW: 750TB / SLC: 213GB / PS5 호환 / 방열판 미포함 / 두께: 2.38mm / 7g",2024/08,ok,
2026-10-01T01:29:14+00:00,102125519,SK하이닉스 Platinum P41 M.2 NVMe 중고 (2TB),https://prod.danawa.com/info/?pcode=102125519&cate=11229608,M.2 (2280),PCIe4.0x4 (64GT/s),2TB,,DRAM 탑재,SK하이닉스 Aries,"7,000MB/s","6,500MB/s","1,400K","1,300K","1,200TB",150만,,방열판 미포함,"M.2 (2280) / PCIe4.0x4 (64GT/s) / TLC(토글) / DRAM 탑재 / DDR4 2GB / 컨트롤러: SK하이닉스 Aries / [성능] 순차읽기: 7,000MB/s / 순차쓰기: 6,500MB/s / 읽기IOPS: 1,400K / 쓰기IOPS: 1,300K / [지원기능] DEVSLP / TRIM / SLC캐싱 / GC / S.M.A.R.T / AES 암호화 / 전용 S/W / [환경특성] MTBF: 150만 / TBW: 1,200TB / SLC: 320GB / PS5 호환 / 방열판 미포함 / 두께: 2.38mm / 7g",2024/08,ok,
2026-10-01T01:29:14+00:00,122676962,SK하이닉스 Platinum P41 M.2 NVMe 중고 (500GB),https://prod.danawa.com/info/?pcode=122676962&cate=11229608,M.2 (2280),PCIe4.0x4 (64GT/s),500GB,,DRAM 탑재,SK하이닉스 Aries,"7,000MB/s","4,700MB/s",960K,"1,000K",500TB,150만,,방열판 미포함,"M.2 (2280) / PCIe4.0x4 (64GT/s) / TLC(토글) / DRAM 탑재 / DDR4 512MB / 컨트롤러: SK하이닉스 Aries / [성능] 순차읽기: 7,000MB/s / 순차쓰기: 4,700MB/s / 읽기IOPS: 960K / 쓰기IOPS: 1,000K / [지원기능] TRIM / DEVSLP / GC / SLC캐싱 / S.M.A.R.T / AES 암호화 / 전용 S/W / [환경특성] MTBF: 150만 / TBW: 500TB / PS5 호환 / 방열판 미포함 / 두께: 2.38mm / 7g",2022/05,ok,
2026-10-01T01:29:14+00:00,17398064,SK하이닉스 Platinum P41 M.2 NVMe 해외구매 (1TB),https://prod.danawa.com/info/?pcode=17398064&cate=11229608,M.2 (2280),PCIe4.0x4 (64GT/s),1TB,,DRAM 탑재,SK하이닉스 Aries,"7,000MB/s","6,500MB/s","1,400K","1,300K",750TB,150만,,방열판 미포함,"M.2 (2280) / PCIe4.0x4 (64GT/s) / TLC(토글) / DRAM 탑재 / DDR4 1GB / 컨트롤러: SK하이닉스 Aries / [성능] 순차읽기: 7,000MB/s / 순차쓰기: 6,500MB/s / 읽기IOPS: 1,400K / 쓰기IOPS: 1,300K / [지원기능] TRIM / S.M.A.R.T / SLC캐싱 / GC / DEVSLP / AES 암호화 / 전용 S/W / [환경특성] MTBF: 150만 / TBW: 750TB / SLC: 213GB / PS5 호환 / 방열판 미포함 / 두께: 2.38mm / 7g",2022/05,ok,
2026-10-01T01:29:14+00:00,17398076,SK하이닉스 Platinum P41 M.2 NVMe 해외구매 (2TB),https://prod.danawa.com/info/?pcode=17398076&cate=11229608,M.2 (2280),PCIe4.0x4 (64GT/s),2TB,,DRAM 탑재,SK하이닉스 Aries,"7,000MB/s","6,500MB/s","1,400K","1,300K","1,200TB",150만,,방열판 미포함,"M.2 (2280) / PCIe4.0x4 (64GT/s) / TLC(토글) / DRAM 탑재 / DDR4 2GB / 컨트롤러: SK하이닉스 Aries / [성능] 순차읽기: 7,000MB/s / 순차쓰기: 6,500MB/s / 읽기IOPS: 1,400K / 쓰기IOPS: 1,300K / [지원기능] GC / S.M.A.R.T / SLC캐싱 / TRIM / DEVSLP / AES 암호화 / 전용 S/W / [환경특성] MTBF: 150만 / TBW: 1,200TB / SLC: 320GB / PS5 호환 / 방열판 미포함 / 두께: 2.38mm / 7g",2022/05,ok,
2026-10-01T01:29:14+00:00,17397623,SK하이닉스 Platinum P41 M.2 NVMe 해외구매 (500GB),https://prod.danawa.com/info/?pcode=17397623&cate=11229608,M.2 (2280),PCIe4.0x4 (64GT/s),500GB,,DRAM 탑재,SK하이닉스 Aries,"7,000MB/s","4,700MB/s",960K,"1,000K",500TB,150만,,방열판 미포함,"M.2 (2280) / PCIe4.0x4 (64GT/s) / TLC(토글) / DRAM 탑재 / DDR4 512MB / 컨트롤러: SK하이닉스 Aries / [성능] 순차읽기: 7,000MB/s / 순차쓰기: 4,700MB/s / 읽기IOPS: 960K / 쓰기IOPS: 1,000K / [지원기능] TRIM / DEVSLP / SLC캐싱 / GC / S.M.A.R.T / AES 암호화 / 전용 S/W / [환경특성] MTBF: 150만 / TBW: 500TB / PS5 호환 / 방열판 미포함 / 두께: 2.38mm / 7g",2022/05,ok,
2026-10-01T01:29:14+00:00,72823220,SK하이닉스 Platinum P51 M.2 NVMe (1TB),https://prod.danawa.com/info/?pcode=72823220&cate=11229608,M.2 (2280),PCIe5.0x4 (128GT/s),1TB,,DRAM 탑재,SK하이닉스 Alistar,"14,700MB/s","12,900MB/s","2,350K","2,450K",600TB,200만,"5년 , 제한보증",방열판 미포함,"M.2 (2280) / PCIe5.0x4 (128GT/s) / TLC(토글) / DRAM 탑재 / DDR4 1GB / 컨트롤러: SK하이닉스 Alistar / [성능] 순차읽기: 14,700MB/s / 순차쓰기: 12,900MB/s / 읽기IOPS: 2,350K / 쓰기IOPS: 2,450K / [지원기능] TRIM / DEVSLP / GC / SLC캐싱 / S.M.A.R.T / AES 암호화 / 전용 S/W / [환경특성] MTBF: 200만 / TBW: 600TB / PS5 호환 / A/S기간: 5년 , 제한보증 / 방열판 미포함 / 두께: 2.38mm / 7g / [기타] 25년 7월부로 읽기 / 쓰기 상품 정보 변경",2024/12,ok,
2026-10-01T01:29:14+00:00,72823133,SK하이닉스 Platinum P51 M.2 NVMe (2TB),https://prod.danawa.com/info/?pcode=72823133&cate=11229608,M.2 (2280),PCIe5.0x4 (128GT/s),2TB,,DRAM 탑재,SK하이닉스 Alistar,"14,700MB/s","13,400MB/s","2,360K","2,550K","1,200TB",200만,"제한보증 , 5년",방열판 미포함,"M.2 (2280) / PCIe5.0x4 (128GT/s) / TLC(토글) / DRAM 탑재 / DDR4 2GB / 컨트롤러: SK하이닉스 Alistar / [성능] 순차읽기: 14,700MB/s / 순차쓰기: 13,400MB/s / 읽기IOPS: 2,360K / 쓰기IOPS: 2,550K / [지원기능] TRIM / DEVSLP / SLC캐싱 / GC / S.M.A.R.T / AES 암호화 / 전용 S/W / [환경특성] MTBF: 200만 / TBW: 1,200TB / SLC: 506GB / PS5 호환 / A/S기간: 제한보증 , 5년 / 방열판 미포함 / 두께: 2.38mm / 7g / [기타] 25년 7월부로 읽기 / 쓰기 상품 정보 변경",2024/12,ok,
2026-10-01T01:29:14+00:00,92187023,SK하이닉스 Platinum P51 M.2 NVMe 병행수입 (1TB),https://prod.danawa.com/info/?pcode=92187023&cate=11229608,M.2 (2280),PCIe5.0x4 (128GT/s),1TB,,DRAM 탑재,SK하이닉스 Alistar,"14,700MB/s",,,,600TB,200만,,방열판 미포함,"M.2 (2280) / PCIe5.0x4 (128GT/s) / TLC(토글) / DRAM 탑재 / DDR4 1GB / 컨트롤러: SK하이닉스 Alistar / [성능] 순차읽기: 14,700MB/s / [지원기능] DEVSLP / TRIM / SLC캐싱 / GC / S.M.A.R.T / AES 암호화 / 전용 S/W / [환경특성] MTBF: 200만 / TBW: 600TB / PS5 호환 / 방열판 미포함 / 두께: 2.38mm / 7g",2025/06,ok,
2026-10-01T01:29:14+00:00,92187014,SK하이닉스 Platinum P51 M.2 NVMe 병행수입 (2TB),https://prod.danawa.com/info/?pcode=92187014&cate=11229608,M.2 (2280),PCIe5.0x4 (128GT/s),2TB,,DRAM 탑재,SK하이닉스 Alistar,"14,700MB/s","13,400MB/s",,,"1,200TB",200만,,방열판 미포함,"M.2 (2280) / PCIe5.0x4 (128GT/s) / TLC(토글) / DRAM 탑재 / DDR4 2GB / 컨트롤러: SK하이닉스 Alistar / [성능] 순차읽기: 14,700MB/s / 순차쓰기: 13,400MB/s / [지원기능] TRIM / DEVSLP / GC / SLC캐싱 / S.M.A.R.T / AES 암호화 / 전용 S/W / [환경특성] MTBF: 200만 / TBW: 1,200TB / SLC: 506GB / PS5 호환 / 방열판 미포함 / 두께: 2.38mm / 7g",2025/06,ok,
2026-10-01T01:29:14+00:00,106693607,SK하이닉스 Platinum P51 M.2 NVMe 중고 (2TB),https://prod.danawa.com/info/?pcode=106693607&cate=11229608,M.2 (2280),PCIe5.0x4 (128GT/s),2TB,,DRAM 탑재,SK하이닉스 Alistar,"14,700MB/s","13,400MB/s",,,"1,200TB",200만,,방열판 미포함,"M.2 (2280) / PCIe5.0x4 (128GT/s) / TLC(토글) / DRAM 탑재 / DDR4 2GB / 컨트롤러: SK하이닉스 Alistar / [성능] 순차읽기: 14,700MB/s / 순차쓰기: 13,400MB/s / [지원기능] DEVSLP / TRIM / SLC캐싱 / GC / S.M.A.R.T / AES 암호화 / 전용 S/W / [환경특성] MTBF: 200만 / TBW: 1,200TB / SLC: 506GB / PS5 호환 / 방열판 미포함 / 두께: 2.38mm / 7g",2025/05,ok,
2026-10-01T01:29:14+00:00,91114781,SK하이닉스 Platinum P51 M.2 NVMe 해외구매 (1TB),https://prod.danawa.com/info/?pcode=91114781&cate=11229608,M.2 (2280),PCIe5.0x4 (128GT/s),1TB,,DRAM 탑재,SK하이닉스 Alistar,"14,700MB/s",,,,600TB,200만,,방열판 미포함,"M.2 (2280) / PCIe5.0x4 (128GT/s) / TLC(토글) / DRAM 탑재 / DDR4 1GB / 컨트롤러: SK하이닉스 Alistar / [성능] 순차읽기: 14,700MB/s / [지원기능] DEVSLP / TRIM / SLC캐싱 / GC / S.M.A.R.T / AES 암호화 / 전용 S/W / [환경특성] MTBF: 200만 / TBW: 600TB / PS5 호환 / 방열판 미포함 / 두께: 2.38mm / 7g",2024/12,ok,
2026-10-01T01:29:14+00:00,91114766,SK하이닉스 Platinum P51 M.2 NVMe 해외구매 (2TB),https://prod.danawa.com/info/?pcode=91114766&cate=11229608,M.2 (2280),PCIe5.0x4 (128GT/s),2TB,,DRAM 탑재,SK하이닉스 Alistar,"14,700MB/s","13,400MB/s",,,"1,200TB",200만,,방열판 미포함,"M.2 (2280) / PCIe5.0x4 (128GT/s) / TLC(토글) / DRAM 탑재 / DDR4 2GB / 컨트롤러: SK하이닉스 Alistar / [성능] 순차읽기: 14,700MB/s / 순차쓰기: 13,400MB/s / [지원기능] DEVSLP / TRIM / SLC캐싱 / GC / S.M.A.R.T / AES 암호화 / 전용 S/W / [환경특성] MTBF: 200만 / TBW: 1,200TB / SLC: 506GB / PS5 호환 / 방열판 미포함 / 두께: 2.38mm / 7g",2025/05,ok,
2026-10-01T01:29:14+00:00,6383572,SK하이닉스 SC311 M.2 SATA 중고 (128GB),https://prod.danawa.com/info/?pcode=6383572&cate=11229608,M.2 (2280),SATA3 (6Gb/s),128GB,,,SK하이닉스,,,,,,,,,M.2 (2280) / SATA3 (6Gb/s) / 컨트롤러: SK하이닉스 / 벌크,2018/08,ok,
2026-10-01T01:29:14+00:00,90116603,SK하이닉스 Silver S32 (1TB),https://prod.danawa.com/info/?pcode=90116603&cate=11229608,6.4cm(2.5형),SATA3 (6Gb/s),1TB,TLC,,실리콘모션 SM2259XT,560MB/s,510MB/s,65K,65K,600TB,150만,"5년 , 제한보증",,"6.4cm(2.5형) / SATA3 (6Gb/s) / TLC / 컨트롤러: 실리콘모션 SM2259XT / [성능] 순차읽기: 560MB/s / 순차쓰기: 510MB/s / 읽기IOPS: 65K / 쓰기IOPS: 65K / [지원기능] GC / S.M.A.R.T / SLC캐싱 / TRIM / DEVSLP / 전용 S/W / [환경특성] MTBF: 150만 / TBW: 600TB / A/S기간: 5년 , 제한보증 / 두께: 7mm / 34g",2025/05,ok,
2026-10-01T01:29:14+00:00,90116597,SK하이닉스 Silver S32 (2TB),https://prod.danawa.com/info/?pcode=90116597&cate=11229608,6.4cm(2.5형),SATA3 (6Gb/s),2TB,TLC,,실리콘모션 SM2259XT,560MB/s,510MB/s,65K,65K,"1,200TB",150만,"5년 , 제한보증",,"6.4cm(2.5형) / SATA3 (6Gb/s) / TLC / 컨트롤러: 실리콘모션 SM2259XT / [성능] 순차읽기: 560MB/s / 순차쓰기: 510MB/s / 읽기IOPS: 65K / 쓰기IOPS: 65K / [지원기능] DEVSLP / TRIM / SLC캐싱 / GC / S.M.A.R.T / 전용 S/W / [환경특성] MTBF: 150만 / TBW: 1,200TB / A/S기간: 5년 , 제한보증 / 두께: 7mm / 34g",2025/05,ok,
2026-10-01T01:29:14+00:00,90116615,SK하이닉스 Silver S32 (500GB),https://prod.danawa.com/info/?pcode=90116615&cate=11229608,6.4cm(2.5형),SATA3 (6Gb/s),500GB,TLC,,실리콘모션 SM2259XT,560MB/s,510MB/s,65K,65K,300TB,150만,"5년 , 제한보증",,"6.4cm(2.5형) / SATA3 (6Gb/s) / TLC / 컨트롤러: 실리콘모션 SM2259XT / [성능] 순차읽기: 560MB/s / 순차쓰기: 510MB/s / 읽기IOPS: 65K / 쓰기IOPS: 65K / [지원기능] DEVSLP / TRIM / SLC캐싱 / GC / S.M.A.R.T / 전용 S/W / [환경특성] MTBF: 150만 / TBW: 300TB / A/S기간: 5년 , 제한보증 / 두께: 7mm / 34g",2025/05,ok,
2026-10-01T01:29:14+00:00,93500936,SK하이닉스 Silver S32 해외구매 (1TB),https://prod.danawa.com/info/?pcode=93500936&cate=11229608,6.4cm(2.5형),SATA3 (6Gb/s),1TB,TLC,,실리콘모션 SM2259XT,560MB/s,510MB/s,65K,65K,600TB,150만,,,6.4cm(2.5형) / SATA3 (6Gb/s) / TLC / 컨트롤러: 실리콘모션 SM2259XT / [성능] 순차읽기: 560MB/s / 순차쓰기: 510MB/s / 읽기IOPS: 65K / 쓰기IOPS: 65K / [지원기능] GC / S.M.A.R.T / SLC캐싱 / TRIM / DEVSLP / 전용 S/W / [환경특성] MTBF: 150만 / TBW: 600TB / 두께: 7mm / 34g,2025/07,ok,
2026-10-01T01:29:14+00:00,93500912,SK하이닉스 Silver S32 해외구매 (500GB),https://prod.danawa.com/info/?pcode=93500912&cate=11229608,6.4cm(2.5형),SATA3 (6Gb/s),500GB,TLC,,실리콘모션 SM2259XT,560MB/s,510MB/s,65K,65K,300TB,150만,,,6.4cm(2.5형) / SATA3 (6Gb/s) / TLC / 컨트롤러: 실리콘모션 SM2259XT / [성능] 순차읽기: 560MB/s / 순차쓰기: 510MB/s / 읽기IOPS: 65K / 쓰기IOPS: 65K / [지원기능] DEVSLP / TRIM / SLC캐싱 / GC / S.M.A.R.T / 전용 S/W / [환경특성] MTBF: 150만 / TBW: 300TB / 두께: 7mm / 34g,2025/07,ok,
2026-10-01T01:29:14+00:00,1958194,SOH SATA to USB3.0 어댑터(J-300),https://prod.danawa.com/info/?pcode=1958194&cate=11229608,변환 컨버터,,,,,,,,,,,,,,변환 컨버터 / 크기 변환: 2.5형→USB A타입 / 인터페이스 변환: SATA3→USB3.x 5Gbps,2013/03,ok,
2026-10-01T01:29:14+00:00,33412676,SSD21 2.5인치 하드보관함,https://prod.danawa.com/info/?pcode=33412676&cate=11229608,보관케이스,,,,,,,,,,,,,,보관케이스 / 보관(장착) 개수: 최대 20개 / 충격보호 / 실버 / 알루미늄,2024/01,ok,
2026-10-01T01:29:14+00:00,10991451,STCOM STORM SSD (480GB),https://prod.danawa.com/info/?pcode=10991451&cate=11229608,6.4cm(2.5형),SATA3 (6Gb/s),480GB,TLC,,기타,500MB/s,500MB/s,,,,150만시간,3년,,6.4cm(2.5형) / SATA3 (6Gb/s) / TLC / 컨트롤러: 기타 / [성능] 순차읽기: 500MB/s / 순차쓰기: 500MB/s / [환경특성] MTBF: 150만시간 / A/S기간: 3년 / 두께: 7mm / 35g,2020/04,ok,
2026-10-01T01:29:14+00:00,112023155,STCOM STORM SSD 정품 (480GB),https://prod.danawa.com/info/?pcode=112023155&cate=11229608,6.4cm(2.5형),SATA3 (6Gb/s),480GB,TLC,,,500MB/sMB/s,"450MB/sMB/s , 500MB/sMB/s",,,,150만시간,3년,,"6.4cm(2.5형) / SATA3 (6Gb/s) / TLC / [성능] 순차읽기: 500MB/sMB/s / 순차쓰기: 450MB/sMB/s , 500MB/sMB/s / [환경사양] MTBF: 150만시간 / A/S기간: 3년 / 두께: 7mm / 35g",2020/01,ok,
2026-10-01T01:29:14+00:00,104947865,Sabrent 4-Drive M.2 NVMe to PCIe 카드 해외구매 (EC-P4BF),https://prod.danawa.com/info/?pcode=104947865&cate=11229608,변환 컨버터,PCIe 4.0x16 지원,,,,,,,,,,,,,변환 컨버터 / 크기 변환: M.2→PCIe 카드 / 인터페이스 변환: PCIe→PCIe(NVMe) / SSD전용 / 보관(장착) 개수: 최대 4개 / PCIe 4.0x16 지원,2026/01,ok,
2026-10-01T01:29:14+00:00,93564920,Sabrent EC-M2SA M.2 to SATA 컨버터 해외구매,https://prod.danawa.com/info/?pcode=93564920&cate=11229608,변환 컨버터,,,,,,,,,,,,,,변환 컨버터 / 크기 변환: M.2→2.5형 / 인터페이스 변환: SATA3→SATA3 / SSD전용,2025/07,ok,
2026-10-01T01:29:14+00:00,18662393,Sabrent Rocket M.2 2230 NVMe 해외구매 (1TB),https://prod.danawa.com/info/?pcode=18662393&cate=11229608,M.2 (2230),PCIe4.0x4 (64GT/s),1TB,TLC,,파이슨 E21T,"4,750MB/s","4,300MB/s",450K,545K,600TB,150만,,방열판 미포함,"M.2 (2230) / PCIe4.0x4 (64GT/s) / TLC / 컨트롤러: 파이슨 E21T / [성능] 순차읽기: 4,750MB/s / 순차쓰기: 4,300MB/s / 읽기IOPS: 450K / 쓰기IOPS: 545K / [지원기능] TRIM / HMB / SLC캐싱 / S.M.A.R.T / [환경특성] MTBF: 150만 / TBW: 600TB / 스팀덱, Ally 호환 / 방열판 미포함 / 두께: 2.15mm",2023/01,ok,
2026-10-01T01:29:14+00:00,42503180,Sabrent Rocket Q4 M.2 NVMe 해외구매 (1TB),https://prod.danawa.com/info/?pcode=42503180&cate=11229608,M.2 (2280),PCIe4.0x4 (64GT/s),1TB,QLC,DRAM 탑재,파이슨 E16,"4,700MB/s","1,850MB/s",180K,450K,200TB,180만,,방열판 미포함,"M.2 (2280) / PCIe4.0x4 (64GT/s) / QLC / DRAM 탑재 / DDR4 1GB / 컨트롤러: 파이슨 E16 / [성능] 순차읽기: 4,700MB/s / 순차쓰기: 1,850MB/s / 읽기IOPS: 180K / 쓰기IOPS: 450K / [지원기능] TRIM / SLC캐싱 / S.M.A.R.T / [환경특성] MTBF: 180만 / TBW: 200TB / 방열판 미포함 / 두께: 3.6mm",2024/03,ok,
2026-10-01T01:29:14+00:00,123803362,Sandisk 320 SSD (1TB),https://prod.danawa.com/info/?pcode=123803362&cate=11229608,6.4cm(2.5형),SATA3 (6Gb/s),1TB,,,기타,545MB/s,,,,,,"3년 , 제한보증",,"6.4cm(2.5형) / SATA3 (6Gb/s) / 컨트롤러: 기타 / [성능] 순차읽기: 545MB/s / [지원기능] TRIM / S.M.A.R.T / SLC캐싱 / DEVSLP / 전용 S/W / [환경특성] A/S기간: 3년 , 제한보증 / 두께: 7mm / 32.7g",2026/08,ok,
2026-10-01T01:29:14+00:00,123803370,Sandisk 320 SSD (250GB),https://prod.danawa.com/info/?pcode=123803370&cate=11229608,6.4cm(2.5형),SATA3 (6Gb/s),250GB,,,기타,545MB/s,,,,,,"3년 , 제한보증",,"6.4cm(2.5형) / SATA3 (6Gb/s) / 컨트롤러: 기타 / [성능] 순차읽기: 545MB/s / [지원기능] TRIM / S.M.A.R.T / SLC캐싱 / DEVSLP / 전용 S/W / [환경특성] A/S기간: 3년 , 제한보증 / 두께: 7mm / 32.7g",2026/08,ok,
2026-10-01T01:29:14+00:00,123803357,Sandisk 320 SSD (2TB),https://prod.danawa.com/info/?pcode=123803357&cate=11229608,6.4cm(2.5형),SATA3 (6Gb/s),2TB,,,기타,545MB/s,,,,,,"3년 , 제한보증",,"6.4cm(2.5형) / SATA3 (6Gb/s) / 컨트롤러: 기타 / [성능] 순차읽기: 545MB/s / [지원기능] TRIM / S.M.A.R.T / SLC캐싱 / DEVSLP / 전용 S/W / [환경특성] A/S기간: 3년 , 제한보증 / 두께: 7mm / 32.7g",2026/08,ok,
2026-10-01T01:29:14+00:00,123803367,Sandisk 320 SSD (500GB),https://prod.danawa.com/info/?pcode=123803367&cate=11229608,6.4cm(2.5형),SATA3 (6Gb/s),500GB,,,기타,545MB/s,,,,,,"3년 , 제한보증",,"6.4cm(2.5형) / SATA3 (6Gb/s) / 컨트롤러: 기타 / [성능] 순차읽기: 545MB/s / [지원기능] TRIM / S.M.A.R.T / SLC캐싱 / DEVSLP / 전용 S/W / [환경특성] A/S기간: 3년 , 제한보증 / 두께: 7mm / 32.7g",2026/08,ok,
2026-10-01T01:29:14+00:00,123803276,Sandisk 520 SSD (1TB),https://prod.danawa.com/info/?pcode=123803276&cate=11229608,6.4cm(2.5형),SATA3 (6Gb/s),1TB,TLC,,기타,560MB/s,520MB/s,89K,74K,400TB,225만,"5년 , 제한보증",,"6.4cm(2.5형) / SATA3 (6Gb/s) / TLC / 컨트롤러: 기타 / [성능] 순차읽기: 560MB/s / 순차쓰기: 520MB/s / 읽기IOPS: 89K / 쓰기IOPS: 74K / [지원기능] TRIM / S.M.A.R.T / SLC캐싱 / DEVSLP / 전용 S/W / [환경특성] MTBF: 225만 / TBW: 400TB / A/S기간: 5년 , 제한보증 / 두께: 7mm / 34.5g",2026/08,ok,
2026-10-01T01:29:14+00:00,123803244,Sandisk 520 SSD (2TB),https://prod.danawa.com/info/?pcode=123803244&cate=11229608,6.4cm(2.5형),SATA3 (6Gb/s),2TB,TLC,,기타,560MB/s,520MB/s,89K,75K,700TB,225만,"5년 , 제한보증",,"6.4cm(2.5형) / SATA3 (6Gb/s) / TLC / 컨트롤러: 기타 / [성능] 순차읽기: 560MB/s / 순차쓰기: 520MB/s / 읽기IOPS: 89K / 쓰기IOPS: 75K / [지원기능] TRIM / S.M.A.R.T / SLC캐싱 / DEVSLP / 전용 S/W / [환경특성] MTBF: 225만 / TBW: 700TB / A/S기간: 5년 , 제한보증 / 두께: 7mm / 34.5g",2026/08,ok,
2026-10-01T01:29:14+00:00,123803266,Sandisk 520 SSD (4TB),https://prod.danawa.com/info/?pcode=123803266&cate=11229608,6.4cm(2.5형),SATA3 (6Gb/s),4TB,TLC,,기타,560MB/s,525MB/s,85K,76K,"1,000TB",225만,"5년 , 제한보증",,"6.4cm(2.5형) / SATA3 (6Gb/s) / TLC / 컨트롤러: 기타 / [성능] 순차읽기: 560MB/s / 순차쓰기: 525MB/s / 읽기IOPS: 85K / 쓰기IOPS: 76K / [지원기능] TRIM / S.M.A.R.T / SLC캐싱 / DEVSLP / 전용 S/W / [환경특성] MTBF: 225만 / TBW: 1,000TB / A/S기간: 5년 , 제한보증 / 두께: 7mm / 34.5g",2026/08,ok,
2026-10-01T01:29:14+00:00,123803289,Sandisk 520 SSD (500GB),https://prod.danawa.com/info/?pcode=123803289&cate=11229608,6.4cm(2.5형),SATA3 (6Gb/s),500GB,TLC,,기타,560MB/s,510MB/s,78K,73K,300TB,225만,"5년 , 제한보증",,"6.4cm(2.5형) / SATA3 (6Gb/s) / TLC / 컨트롤러: 기타 / [성능] 순차읽기: 560MB/s / 순차쓰기: 510MB/s / 읽기IOPS: 78K / 쓰기IOPS: 73K / [지원기능] TRIM / S.M.A.R.T / SLC캐싱 / DEVSLP / 전용 S/W / [환경특성] MTBF: 225만 / TBW: 300TB / A/S기간: 5년 , 제한보증 / 두께: 7mm / 34.5g",2026/08,ok,
2026-10-01T01:29:14+00:00,31284620,Sandisk Extreme M.2 NVMe (1TB),https://prod.danawa.com/info/?pcode=31284620&cate=11229608,M.2 (2280),PCIe4.0x4 (64GT/s),1TB,,,기타,"5,150MB/s","4,900MB/s",800K,740K,600TB,,"제한보증 , 5년",방열판 미포함,"M.2 (2280) / PCIe4.0x4 (64GT/s) / 컨트롤러: 기타 / [성능] 순차읽기: 5,150MB/s / 순차쓰기: 4,900MB/s / 읽기IOPS: 800K / 쓰기IOPS: 740K / [지원기능] TRIM / HMB / S.M.A.R.T / 전용 S/W / [환경특성] TBW: 600TB / A/S기간: 제한보증 , 5년 / 방열판 미포함 / 두께: 2.38mm / 5.5g",2023/12,ok,
2026-10-01T01:29:14+00:00,31284551,Sandisk Extreme M.2 NVMe (2TB),https://prod.danawa.com/info/?pcode=31284551&cate=11229608,M.2 (2280),PCIe4.0x4 (64GT/s),2TB,,,기타,"5,150MB/s","4,850MB/s",800K,650K,"1,200TB",,"5년 , 제한보증",방열판 미포함,"M.2 (2280) / PCIe4.0x4 (64GT/s) / 컨트롤러: 기타 / [성능] 순차읽기: 5,150MB/s / 순차쓰기: 4,850MB/s / 읽기IOPS: 800K / 쓰기IOPS: 650K / [지원기능] TRIM / HMB / S.M.A.R.T / 전용 S/W / [환경특성] TBW: 1,200TB / A/S기간: 5년 , 제한보증 / 방열판 미포함 / 두께: 2.38mm / 5.5g",2023/12,ok,
2026-10-01T01:29:14+00:00,31284659,Sandisk Extreme M.2 NVMe (500GB),https://prod.danawa.com/info/?pcode=31284659&cate=11229608,M.2 (2280),PCIe4.0x4 (64GT/s),500GB,,,기타,"5,000MB/s","4,000MB/s",800K,460K,300TB,,"제한보증 , 5년",방열판 미포함,"M.2 (2280) / PCIe4.0x4 (64GT/s) / 컨트롤러: 기타 / [성능] 순차읽기: 5,000MB/s / 순차쓰기: 4,000MB/s / 읽기IOPS: 800K / 쓰기IOPS: 460K / [지원기능] S.M.A.R.T / TRIM / HMB / 전용 S/W / [환경특성] TBW: 300TB / A/S기간: 제한보증 , 5년 / 방열판 미포함 / 두께: 2.38mm / 5.5g",2023/12,ok,
2026-10-01T01:29:14+00:00,103481918,Sandisk Extreme Pro SSD 중고 (960GB),https://prod.danawa.com/info/?pcode=103481918&cate=11229608,SATA3(6Gb/s),SATA3(6Gb/s),960GB,,,,최대 545MB/sMB/s,515MB/s,100K,90K,,,,,SATA3(6Gb/s) / [성능] 순차읽기: 최대 545MB/sMB/s / 순차쓰기: 515MB/s / 읽기IOPS: 100K / 쓰기IOPS: 90K / [지원기능] GC / 두께: 7mm,2014/06,ok,
2026-10-01T01:29:14+00:00,122669740,Sandisk Optimus 5100 M.2 NVMe (1TB),https://prod.danawa.com/info/?pcode=122669740&cate=11229608,M.2 (2280),PCIe4.0x4 (64GT/s),1TB,QLC,,WD,"7,100MB/s","6,700MB/s","1,000K","1,300K",600TB,175만,"5년 , 제한보증",방열판 미포함,"M.2 (2280) / PCIe4.0x4 (64GT/s) / QLC / 컨트롤러: WD / [성능] 순차읽기: 7,100MB/s / 순차쓰기: 6,700MB/s / 읽기IOPS: 1,000K / 쓰기IOPS: 1,300K / [지원기능] HMB / TRIM / SLC캐싱 / S.M.A.R.T / [환경특성] MTBF: 175만 / TBW: 600TB / PS5 호환 / A/S기간: 5년 , 제한보증 / 방열판 미포함 / 두께: 2.38mm / 5.7g",2026/05,ok,
2026-10-01T01:29:14+00:00,122669695,Sandisk Optimus 5100 M.2 NVMe (2TB),https://prod.danawa.com/info/?pcode=122669695&cate=11229608,M.2 (2280),PCIe4.0x4 (64GT/s),2TB,QLC,,WD,"7,100MB/s","6,700MB/s","1,000K","1,300K",900TB,175만,"5년 , 제한보증",방열판 미포함,"M.2 (2280) / PCIe4.0x4 (64GT/s) / QLC / 컨트롤러: WD / [성능] 순차읽기: 7,100MB/s / 순차쓰기: 6,700MB/s / 읽기IOPS: 1,000K / 쓰기IOPS: 1,300K / [지원기능] HMB / TRIM / SLC캐싱 / S.M.A.R.T / [환경특성] MTBF: 175만 / TBW: 900TB / PS5 호환 / A/S기간: 5년 , 제한보증 / 방열판 미포함 / 두께: 2.38mm / 5.7g",2026/05,ok,
2026-10-01T01:29:14+00:00,122669782,Sandisk Optimus 5100 M.2 NVMe (4TB),https://prod.danawa.com/info/?pcode=122669782&cate=11229608,M.2 (2280),PCIe4.0x4 (64GT/s),4TB,QLC,,WD,"6,900MB/s","6,700MB/s",900K,"1,100K","1,200TB",175만,"제한보증 , 5년",방열판 미포함,"M.2 (2280) / PCIe4.0x4 (64GT/s) / QLC / 컨트롤러: WD / [성능] 순차읽기: 6,900MB/s / 순차쓰기: 6,700MB/s / 읽기IOPS: 900K / 쓰기IOPS: 1,100K / [지원기능] S.M.A.R.T / SLC캐싱 / TRIM / HMB / [환경특성] MTBF: 175만 / TBW: 1,200TB / PS5 호환 / A/S기간: 제한보증 , 5년 / 방열판 미포함 / 두께: 2.38mm / 5.7g",2026/05,ok,
2026-10-01T01:29:14+00:00,122669752,Sandisk Optimus 5100 M.2 NVMe (500GB),https://prod.danawa.com/info/?pcode=122669752&cate=11229608,M.2 (2280),PCIe4.0x4 (64GT/s),500GB,QLC,,WD,"6,600MB/s","5,600MB/s",660K,"1,100K",300TB,175만,"5년 , 제한보증",방열판 미포함,"M.2 (2280) / PCIe4.0x4 (64GT/s) / QLC / 컨트롤러: WD / [성능] 순차읽기: 6,600MB/s / 순차쓰기: 5,600MB/s / 읽기IOPS: 660K / 쓰기IOPS: 1,100K / [지원기능] TRIM / HMB / SLC캐싱 / S.M.A.R.T / [환경특성] MTBF: 175만 / TBW: 300TB / PS5 호환 / A/S기간: 5년 , 제한보증 / 방열판 미포함 / 두께: 2.38mm / 5.7g",2026/05,ok,
2026-10-01T01:29:14+00:00,123764119,Sandisk Optimus 5100 M.2 NVMe 해외구매 (1TB),https://prod.danawa.com/info/?pcode=123764119&cate=11229608,M.2 (2280),PCIe4.0x4 (64GT/s),1TB,QLC,,WD,"7,100MB/s","6,700MB/s","1,000K","1,300K",600TB,175만,,방열판 미포함,"M.2 (2280) / PCIe4.0x4 (64GT/s) / QLC / 컨트롤러: WD / [성능] 순차읽기: 7,100MB/s / 순차쓰기: 6,700MB/s / 읽기IOPS: 1,000K / 쓰기IOPS: 1,300K / [지원기능] TRIM / S.M.A.R.T / SLC캐싱 / HMB / [환경특성] MTBF: 175만 / TBW: 600TB / PS5 호환 / 방열판 미포함 / 두께: 2.38mm / 5.7g",2026/05,ok,
2026-10-01T01:29:14+00:00,122704940,Sandisk Optimus 5100 M.2 NVMe 해외구매 (2TB),https://prod.danawa.com/info/?pcode=122704940&cate=11229608,M.2 (2280),PCIe4.0x4 (64GT/s),2TB,QLC,,WD,"7,100MB/s","6,700MB/s","1,000K","1,300K",900TB,175만,,방열판 미포함,"M.2 (2280) / PCIe4.0x4 (64GT/s) / QLC / 컨트롤러: WD / [성능] 순차읽기: 7,100MB/s / 순차쓰기: 6,700MB/s / 읽기IOPS: 1,000K / 쓰기IOPS: 1,300K / [지원기능] TRIM / S.M.A.R.T / SLC캐싱 / HMB / [환경특성] MTBF: 175만 / TBW: 900TB / PS5 호환 / 방열판 미포함 / 두께: 2.38mm / 5.7g",2026/06,ok,
2026-10-01T01:29:14+00:00,123764123,Sandisk Optimus 5100 M.2 NVMe 해외구매 (500GB),https://prod.danawa.com/info/?pcode=123764123&cate=11229608,M.2 (2280),PCIe4.0x4 (64GT/s),500GB,QLC,,WD,"6,600MB/s","5,600MB/s",660K,"1,100K",300TB,175만,,방열판 미포함,"M.2 (2280) / PCIe4.0x4 (64GT/s) / QLC / 컨트롤러: WD / [성능] 순차읽기: 6,600MB/s / 순차쓰기: 5,600MB/s / 읽기IOPS: 660K / 쓰기IOPS: 1,100K / [지원기능] TRIM / S.M.A.R.T / SLC캐싱 / HMB / [환경특성] MTBF: 175만 / TBW: 300TB / PS5 호환 / 방열판 미포함 / 두께: 2.38mm / 5.7g",2026/05,ok,
2026-10-01T01:29:14+00:00,122669509,Sandisk Optimus GX 7100 M.2 NVMe (1TB),https://prod.danawa.com/info/?pcode=122669509&cate=11229608,M.2 (2280),PCIe4.0x4 (64GT/s),1TB,TLC,,WD,"7,250MB/s","6,900MB/s","1,000K","1,400K",600TB,175만,"5년 , 제한보증",방열판 미포함,"M.2 (2280) / PCIe4.0x4 (64GT/s) / TLC / 컨트롤러: WD / [성능] 순차읽기: 7,250MB/s / 순차쓰기: 6,900MB/s / 읽기IOPS: 1,000K / 쓰기IOPS: 1,400K / [지원기능] TRIM / HMB / SLC캐싱 / S.M.A.R.T / [환경특성] MTBF: 175만 / TBW: 600TB / PS5 호환 / A/S기간: 5년 , 제한보증 / 방열판 미포함 / 두께: 2.38mm / 5.8g",2026/05,ok,
2026-10-01T01:29:14+00:00,122669499,Sandisk Optimus GX 7100 M.2 NVMe (2TB),https://prod.danawa.com/info/?pcode=122669499&cate=11229608,M.2 (2280),PCIe4.0x4 (64GT/s),2TB,TLC,,WD,"7,250MB/s","6,900MB/s","1,000K","1,400K","1,200TB",175만,"5년 , 제한보증",방열판 미포함,"M.2 (2280) / PCIe4.0x4 (64GT/s) / TLC / 컨트롤러: WD / [성능] 순차읽기: 7,250MB/s / 순차쓰기: 6,900MB/s / 읽기IOPS: 1,000K / 쓰기IOPS: 1,400K / [지원기능] HMB / TRIM / SLC캐싱 / S.M.A.R.T / [환경특성] MTBF: 175만 / TBW: 1,200TB / PS5 호환 / A/S기간: 5년 , 제한보증 / 방열판 미포함 / 두께: 2.38mm / 5.8g",2026/05,ok,
2026-10-01T01:29:14+00:00,122669472,Sandisk Optimus GX 7100 M.2 NVMe (4TB),https://prod.danawa.com/info/?pcode=122669472&cate=11229608,M.2 (2280),PCIe4.0x4 (64GT/s),4TB,TLC,,WD,"7,000MB/s","6,700MB/s",900K,"1,350K","2,400TB",175만,"5년 , 제한보증",방열판 미포함,"M.2 (2280) / PCIe4.0x4 (64GT/s) / TLC / 컨트롤러: WD / [성능] 순차읽기: 7,000MB/s / 순차쓰기: 6,700MB/s / 읽기IOPS: 900K / 쓰기IOPS: 1,350K / [지원기능] S.M.A.R.T / SLC캐싱 / TRIM / HMB / [환경특성] MTBF: 175만 / TBW: 2,400TB / PS5 호환 / A/S기간: 5년 , 제한보증 / 방열판 미포함 / 두께: 2.38mm / 5.8g",2026/05,ok,
2026-10-01T01:29:14+00:00,122669528,Sandisk Optimus GX 7100 M.2 NVMe (500GB),https://prod.danawa.com/info/?pcode=122669528&cate=11229608,M.2 (2280),PCIe4.0x4 (64GT/s),500GB,TLC,,WD,"6,800MB/s","5,800MB/s",760K,"1,200K",300TB,175만,"5년 , 제한보증",방열판 미포함,"M.2 (2280) / PCIe4.0x4 (64GT/s) / TLC / 컨트롤러: WD / [성능] 순차읽기: 6,800MB/s / 순차쓰기: 5,800MB/s / 읽기IOPS: 760K / 쓰기IOPS: 1,200K / [지원기능] HMB / TRIM / SLC캐싱 / S.M.A.R.T / [환경특성] MTBF: 175만 / TBW: 300TB / PS5 호환 / A/S기간: 5년 , 제한보증 / 방열판 미포함 / 두께: 2.38mm / 5.8g",2026/05,ok,
2026-10-01T01:29:14+00:00,122676681,Sandisk Optimus GX 7100 M.2 NVMe 해외구매 (1TB),https://prod.danawa.com/info/?pcode=122676681&cate=11229608,M.2 (2280),PCIe4.0x4 (64GT/s),1TB,TLC,,WD,"7,250MB/s","6,900MB/s","1,000K","1,400K",600TB,175만,,방열판 미포함,"M.2 (2280) / PCIe4.0x4 (64GT/s) / TLC / 컨트롤러: WD / [성능] 순차읽기: 7,250MB/s / 순차쓰기: 6,900MB/s / 읽기IOPS: 1,000K / 쓰기IOPS: 1,400K / [지원기능] S.M.A.R.T / SLC캐싱 / TRIM / HMB / [환경특성] MTBF: 175만 / TBW: 600TB / PS5 호환 / 방열판 미포함 / 두께: 2.38mm / 5.8g",2026/05,ok,
2026-10-01T01:29:14+00:00,122676678,Sandisk Optimus GX 7100 M.2 NVMe 해외구매 (2TB),https://prod.danawa.com/info/?pcode=122676678&cate=11229608,M.2 (2280),PCIe4.0x4 (64GT/s),2TB,TLC,,WD,"7,250MB/s","6,900MB/s","1,000K","1,400K","1,200TB",175만,,방열판 미포함,"M.2 (2280) / PCIe4.0x4 (64GT/s) / TLC / 컨트롤러: WD / [성능] 순차읽기: 7,250MB/s / 순차쓰기: 6,900MB/s / 읽기IOPS: 1,000K / 쓰기IOPS: 1,400K / [지원기능] HMB / TRIM / SLC캐싱 / S.M.A.R.T / [환경특성] MTBF: 175만 / TBW: 1,200TB / PS5 호환 / 방열판 미포함 / 두께: 2.38mm / 5.8g",2026/05,ok,
2026-10-01T01:29:14+00:00,122676687,Sandisk Optimus GX 7100 M.2 NVMe 해외구매 (500GB),https://prod.danawa.com/info/?pcode=122676687&cate=11229608,M.2 (2280),PCIe4.0x4 (64GT/s),500GB,TLC,,WD,"6,800MB/s","5,800MB/s",760K,"1,200K",300TB,175만,,방열판 미포함,"M.2 (2280) / PCIe4.0x4 (64GT/s) / TLC / 컨트롤러: WD / [성능] 순차읽기: 6,800MB/s / 순차쓰기: 5,800MB/s / 읽기IOPS: 760K / 쓰기IOPS: 1,200K / [지원기능] HMB / TRIM / SLC캐싱 / S.M.A.R.T / [환경특성] MTBF: 175만 / TBW: 300TB / PS5 호환 / 방열판 미포함 / 두께: 2.38mm / 5.8g",2026/05,ok,
2026-10-01T01:29:14+00:00,122669603,Sandisk Optimus GX 7100M M.2 2230 NVMe (2TB),https://prod.danawa.com/info/?pcode=122669603&cate=11229608,M.2 (2230),PCIe4.0x4 (64GT/s),2TB,TLC,,기타,"7,250MB/s","6,900MB/s","1,000K","1,300K","1,200TB",175만,"5년 , 제한보증",방열판 미포함,"M.2 (2230) / PCIe4.0x4 (64GT/s) / TLC / 컨트롤러: 기타 / [성능] 순차읽기: 7,250MB/s / 순차쓰기: 6,900MB/s / 읽기IOPS: 1,000K / 쓰기IOPS: 1,300K / [지원기능] HMB / TRIM / SLC캐싱 / S.M.A.R.T / [환경특성] MTBF: 175만 / TBW: 1,200TB / 스팀덱, Ally 호환 / A/S기간: 5년 , 제한보증 / 방열판 미포함 / 두께: 2.38mm / 2.8g",2026/05,ok,
2026-10-01T01:29:14+00:00,122683874,Sandisk Optimus GX 7100M M.2 2230 NVMe 해외구매 (1TB),https://prod.danawa.com/info/?pcode=122683874&cate=11229608,M.2 (2230),PCIe4.0x4 (64GT/s),1TB,TLC,,기타,"7,250MB/s","6,900MB/s","1,000K","1,300K",600TB,175만,,방열판 미포함,"M.2 (2230) / PCIe4.0x4 (64GT/s) / TLC / 컨트롤러: 기타 / [성능] 순차읽기: 7,250MB/s / 순차쓰기: 6,900MB/s / 읽기IOPS: 1,000K / 쓰기IOPS: 1,300K / [지원기능] HMB / SLC캐싱 / S.M.A.R.T / TRIM / [환경특성] MTBF: 175만 / TBW: 600TB / 스팀덱, Ally 호환 / 방열판 미포함 / 두께: 2.38mm / 2.8g",2026/06,ok,
2026-10-01T01:29:14+00:00,122683875,Sandisk Optimus GX 7100M M.2 2230 NVMe 해외구매 (2TB),https://prod.danawa.com/info/?pcode=122683875&cate=11229608,M.2 (2230),PCIe4.0x4 (64GT/s),2TB,TLC,,기타,"7,250MB/s","6,900MB/s","1,000K","1,300K","1,200TB",175만,,방열판 미포함,"M.2 (2230) / PCIe4.0x4 (64GT/s) / TLC / 컨트롤러: 기타 / [성능] 순차읽기: 7,250MB/s / 순차쓰기: 6,900MB/s / 읽기IOPS: 1,000K / 쓰기IOPS: 1,300K / [지원기능] HMB / TRIM / SLC캐싱 / S.M.A.R.T / [환경특성] MTBF: 175만 / TBW: 1,200TB / 스팀덱, Ally 호환 / 방열판 미포함 / 두께: 2.38mm / 2.8g",2026/06,ok,
2026-10-01T01:29:14+00:00,122668549,Sandisk Optimus GX PRO 8100 M.2 NVMe (1TB),https://prod.danawa.com/info/?pcode=122668549&cate=11229608,M.2 (2280),PCIe5.0x4 (128GT/s),1TB,TLC,DRAM 탑재,실리콘모션,"14,900MB/s","11,000MB/s","1,600K","2,400K",600TB,175만,"5년 , 제한보증",방열판 미포함,"M.2 (2280) / PCIe5.0x4 (128GT/s) / TLC / DRAM 탑재 / 컨트롤러: 실리콘모션 / [성능] 순차읽기: 14,900MB/s / 순차쓰기: 11,000MB/s / 읽기IOPS: 1,600K / 쓰기IOPS: 2,400K / [지원기능] S.M.A.R.T / SLC캐싱 / TRIM / [환경특성] MTBF: 175만 / TBW: 600TB / PS5 호환 / A/S기간: 5년 , 제한보증 / 방열판 미포함 / 두께: 2.38mm / 7.5g",2026/05,ok,
2026-10-01T01:29:14+00:00,122668350,Sandisk Optimus GX PRO 8100 M.2 NVMe (2TB),https://prod.danawa.com/info/?pcode=122668350&cate=11229608,M.2 (2280),PCIe5.0x4 (128GT/s),2TB,TLC,DRAM 탑재,실리콘모션,"14,900MB/s","14,000MB/s","2,300K","2,400K","1,200TB",175만,"5년 , 제한보증",방열판 미포함,"M.2 (2280) / PCIe5.0x4 (128GT/s) / TLC / DRAM 탑재 / 컨트롤러: 실리콘모션 / [성능] 순차읽기: 14,900MB/s / 순차쓰기: 14,000MB/s / 읽기IOPS: 2,300K / 쓰기IOPS: 2,400K / [지원기능] TRIM / SLC캐싱 / S.M.A.R.T / [환경특성] MTBF: 175만 / TBW: 1,200TB / PS5 호환 / A/S기간: 5년 , 제한보증 / 방열판 미포함 / 두께: 2.38mm / 7.5g",2026/05,ok,
2026-10-01T01:29:14+00:00,122668313,Sandisk Optimus GX PRO 8100 M.2 NVMe (4TB),https://prod.danawa.com/info/?pcode=122668313&cate=11229608,M.2 (2280),PCIe5.0x4 (128GT/s),4TB,TLC,DRAM 탑재,실리콘모션,"14,900MB/s","14,000MB/s","2,300K","2,400K","2,400TB",175만,"5년 , 제한보증",방열판 미포함,"M.2 (2280) / PCIe5.0x4 (128GT/s) / TLC / DRAM 탑재 / 컨트롤러: 실리콘모션 / [성능] 순차읽기: 14,900MB/s / 순차쓰기: 14,000MB/s / 읽기IOPS: 2,300K / 쓰기IOPS: 2,400K / [지원기능] TRIM / SLC캐싱 / S.M.A.R.T / [환경특성] MTBF: 175만 / TBW: 2,400TB / PS5 호환 / A/S기간: 5년 , 제한보증 / 방열판 미포함 / 두께: 2.38mm / 7.5g",2026/05,ok,
2026-10-01T01:29:14+00:00,122668290,Sandisk Optimus GX PRO 8100 M.2 NVMe (8TB),https://prod.danawa.com/info/?pcode=122668290&cate=11229608,M.2 (2280),PCIe5.0x4 (128GT/s),8TB,TLC,DRAM 탑재,실리콘모션,"14,900MB/s","13,200MB/s","2,200K","2,400K","4,800TB",175만,5년,방열판 미포함,"M.2 (2280) / PCIe5.0x4 (128GT/s) / TLC / DRAM 탑재 / 컨트롤러: 실리콘모션 / [성능] 순차읽기: 14,900MB/s / 순차쓰기: 13,200MB/s / 읽기IOPS: 2,200K / 쓰기IOPS: 2,400K / [지원기능] TRIM / SLC캐싱 / S.M.A.R.T / [환경특성] MTBF: 175만 / TBW: 4,800TB / PS5 호환 / A/S기간: 5년 / 방열판 미포함 / 두께: 3.88mm / 8.6g",2026/05,ok,
2026-10-01T01:29:14+00:00,106047668,Sandisk Optimus GX PRO 8100 M.2 NVMe 해외구매 (1TB),https://prod.danawa.com/info/?pcode=106047668&cate=11229608,M.2 (2280),PCIe5.0x4 (128GT/s),1TB,TLC,DRAM 탑재,실리콘모션,"14,900MB/s","11,000MB/s","1,600K","2,400K",600TB,175만,,방열판 미포함,"M.2 (2280) / PCIe5.0x4 (128GT/s) / TLC / DRAM 탑재 / 컨트롤러: 실리콘모션 / [성능] 순차읽기: 14,900MB/s / 순차쓰기: 11,000MB/s / 읽기IOPS: 1,600K / 쓰기IOPS: 2,400K / [지원기능] TRIM / SLC캐싱 / S.M.A.R.T / [환경특성] MTBF: 175만 / TBW: 600TB / PS5 호환 / 방열판 미포함 / 두께: 2.38mm / 7.5g",2026/02,ok,
2026-10-01T01:29:14+00:00,122669264,Sandisk Optimus GX PRO 8100 히트싱크 M.2 NVMe (1TB),https://prod.danawa.com/info/?pcode=122669264&cate=11229608,M.2 (2280),PCIe4.0x4 (64GT/s),1TB,TLC,DRAM 탑재,실리콘모션,"14,900MB/s","11,000MB/s","1,600K","2,400K",600TB,175만,5년,방열판 포함,"M.2 (2280) / PCIe4.0x4 (64GT/s) / TLC / DRAM 탑재 / 컨트롤러: 실리콘모션 / [성능] 순차읽기: 14,900MB/s / 순차쓰기: 11,000MB/s / 읽기IOPS: 1,600K / 쓰기IOPS: 2,400K / [지원기능] TRIM / SLC캐싱 / S.M.A.R.T / [환경특성] MTBF: 175만 / TBW: 600TB / PS5 호환 / A/S기간: 5년 / 방열판 포함 / 두께: 9.76mm / 28.2g",2026/05,ok,
2026-10-01T01:29:14+00:00,122669256,Sandisk Optimus GX PRO 8100 히트싱크 M.2 NVMe (2TB),https://prod.danawa.com/info/?pcode=122669256&cate=11229608,M.2 (2280),PCIe4.0x4 (64GT/s),2TB,TLC,DRAM 탑재,실리콘모션,"14,900MB/s","14,000MB/s","2,300K","2,400K","1,200TB",175만,5년,방열판 포함,"M.2 (2280) / PCIe4.0x4 (64GT/s) / TLC / DRAM 탑재 / 컨트롤러: 실리콘모션 / [성능] 순차읽기: 14,900MB/s / 순차쓰기: 14,000MB/s / 읽기IOPS: 2,300K / 쓰기IOPS: 2,400K / [지원기능] S.M.A.R.T / SLC캐싱 / TRIM / [환경특성] MTBF: 175만 / TBW: 1,200TB / PS5 호환 / A/S기간: 5년 / 방열판 포함 / 두께: 9.76mm / 28.2g",2026/05,ok,
2026-10-01T01:29:14+00:00,122668913,Sandisk Optimus GX PRO 8100 히트싱크 M.2 NVMe (4TB),https://prod.danawa.com/info/?pcode=122668913&cate=11229608,M.2 (2280),PCIe5.0x4 (128GT/s),4TB,TLC,DRAM 탑재,실리콘모션,"14,900MB/s","14,000MB/s","2,300K","2,400K","2,400TB",175만,5년,방열판 포함,"M.2 (2280) / PCIe5.0x4 (128GT/s) / TLC / DRAM 탑재 / 컨트롤러: 실리콘모션 / [성능] 순차읽기: 14,900MB/s / 순차쓰기: 14,000MB/s / 읽기IOPS: 2,300K / 쓰기IOPS: 2,400K / [지원기능] TRIM / SLC캐싱 / S.M.A.R.T / [환경특성] MTBF: 175만 / TBW: 2,400TB / PS5 호환 / A/S기간: 5년 / 방열판 포함 / 두께: 9.76mm / 28.2g",2026/05,ok,
2026-10-01T01:29:14+00:00,122668847,Sandisk Optimus GX PRO 8100 히트싱크 M.2 NVMe (8TB),https://prod.danawa.com/info/?pcode=122668847&cate=11229608,M.2 (2280),PCIe5.0x4 (128GT/s),8TB,TLC,DRAM 탑재,실리콘모션,"14,900MB/s","13,200MB/s","2,200K","2,400K","4,800TB",175만,5년,방열판 포함,"M.2 (2280) / PCIe5.0x4 (128GT/s) / TLC / DRAM 탑재 / 컨트롤러: 실리콘모션 / [성능] 순차읽기: 14,900MB/s / 순차쓰기: 13,200MB/s / 읽기IOPS: 2,200K / 쓰기IOPS: 2,400K / [지원기능] S.M.A.R.T / SLC캐싱 / TRIM / [환경특성] MTBF: 175만 / TBW: 4,800TB / PS5 호환 / A/S기간: 5년 / 방열판 포함 / 두께: 11.25mm / 30.4g",2026/05,ok,
2026-10-01T01:29:14+00:00,122667989,Sandisk Optimus GX PRO 850X M.2 NVMe (1TB),https://prod.danawa.com/info/?pcode=122667989&cate=11229608,M.2 (2280),PCIe4.0x4 (64GT/s),1TB,TLC,DRAM 탑재,WD,"7,300MB/s","6,600MB/s",800K,"1,100K",600TB,175만,"5년 , 제한보증",방열판 미포함,"M.2 (2280) / PCIe4.0x4 (64GT/s) / TLC / DRAM 탑재 / DDR4 1GB / 컨트롤러: WD / [성능] 순차읽기: 7,300MB/s / 순차쓰기: 6,600MB/s / 읽기IOPS: 800K / 쓰기IOPS: 1,100K / [지원기능] TRIM / SLC캐싱 / S.M.A.R.T / 전용 S/W / [환경특성] MTBF: 175만 / TBW: 600TB / PS5 호환 / A/S기간: 5년 , 제한보증 / 방열판 미포함 / 두께: 2.38mm / 7.5g",2026/05,ok,
2026-10-01T01:29:14+00:00,122667976,Sandisk Optimus GX PRO 850X M.2 NVMe (2TB),https://prod.danawa.com/info/?pcode=122667976&cate=11229608,M.2 (2280),PCIe4.0x4 (64GT/s),2TB,TLC,DRAM 탑재,WD,"7,300MB/s","6,600MB/s","1,200K","1,100K","1,200TB",175만,"5년 , 제한보증",방열판 미포함,"M.2 (2280) / PCIe4.0x4 (64GT/s) / TLC / DRAM 탑재 / DDR4 2GB / 컨트롤러: WD / [성능] 순차읽기: 7,300MB/s / 순차쓰기: 6,600MB/s / 읽기IOPS: 1,200K / 쓰기IOPS: 1,100K / [지원기능] TRIM / SLC캐싱 / S.M.A.R.T / 전용 S/W / [환경특성] MTBF: 175만 / TBW: 1,200TB / PS5 호환 / A/S기간: 5년 , 제한보증 / 방열판 미포함 / 두께: 2.38mm / 7.5g",2026/05,ok,
2026-10-01T01:29:14+00:00,122667889,Sandisk Optimus GX PRO 850X M.2 NVMe (4TB),https://prod.danawa.com/info/?pcode=122667889&cate=11229608,M.2 (2280),PCIe4.0x4 (64GT/s),4TB,TLC,DRAM 탑재,WD,"7,300MB/s","6,600MB/s","1,200K","1,100K","2,400TB",175만,"5년 , 제한보증",방열판 미포함,"M.2 (2280) / PCIe4.0x4 (64GT/s) / TLC / DRAM 탑재 / DDR4 2GB / 컨트롤러: WD / [성능] 순차읽기: 7,300MB/s / 순차쓰기: 6,600MB/s / 읽기IOPS: 1,200K / 쓰기IOPS: 1,100K / [지원기능] TRIM / S.M.A.R.T / SLC캐싱 / 전용 S/W / [환경특성] MTBF: 175만 / TBW: 2,400TB / PS5 호환 / A/S기간: 5년 , 제한보증 / 방열판 미포함 / 두께: 3.88mm / 8.6g",2026/05,ok,
2026-10-01T01:29:14+00:00,122667809,Sandisk Optimus GX PRO 850X M.2 NVMe (8TB),https://prod.danawa.com/info/?pcode=122667809&cate=11229608,M.2 (2280),PCIe4.0x4 (64GT/s),8TB,TLC,DRAM 탑재,WD,"7,200MB/s","6,600MB/s","1,200K","1,200K","4,800TB",175만,"5년 , 제한보증",방열판 미포함,"M.2 (2280) / PCIe4.0x4 (64GT/s) / TLC / DRAM 탑재 / DDR4 2GB / 컨트롤러: WD / [성능] 순차읽기: 7,200MB/s / 순차쓰기: 6,600MB/s / 읽기IOPS: 1,200K / 쓰기IOPS: 1,200K / [지원기능] TRIM / S.M.A.R.T / SLC캐싱 / 전용 S/W / [환경특성] MTBF: 175만 / TBW: 4,800TB / PS5 호환 / A/S기간: 5년 , 제한보증 / 방열판 미포함 / 두께: 3.88mm / 8.6g",2026/05,ok,
2026-10-01T01:29:14+00:00,122668205,Sandisk Optimus GX PRO 850X 히트싱크 M.2 NVMe (1TB),https://prod.danawa.com/info/?pcode=122668205&cate=11229608,M.2 (2280),PCIe4.0x4 (64GT/s),1TB,TLC,DRAM 탑재,WD,"7,300MB/s","6,300MB/s",800K,"1,100K",600TB,175만,"5년 , 제한보증",방열판 포함,"M.2 (2280) / PCIe4.0x4 (64GT/s) / TLC / DRAM 탑재 / DDR4 1GB / 컨트롤러: WD / [성능] 순차읽기: 7,300MB/s / 순차쓰기: 6,300MB/s / 읽기IOPS: 800K / 쓰기IOPS: 1,100K / [지원기능] SLC캐싱 / S.M.A.R.T / TRIM / 전용 S/W / [환경특성] MTBF: 175만 / TBW: 600TB / PS5 호환 / A/S기간: 5년 , 제한보증 / 방열판 포함 / 두께: 8.9mm / 24g",2026/05,ok,
2026-10-01T01:29:14+00:00,122668191,Sandisk Optimus GX PRO 850X 히트싱크 M.2 NVMe (2TB),https://prod.danawa.com/info/?pcode=122668191&cate=11229608,M.2 (2280),PCIe4.0x4 (64GT/s),2TB,TLC,DRAM 탑재,WD,"7,300MB/s","6,600MB/s","1,200K","1,100K","1,200TB",175만,"제한보증 , 5년",방열판 포함,"M.2 (2280) / PCIe4.0x4 (64GT/s) / TLC / DRAM 탑재 / DDR4 2GB / 컨트롤러: WD / [성능] 순차읽기: 7,300MB/s / 순차쓰기: 6,600MB/s / 읽기IOPS: 1,200K / 쓰기IOPS: 1,100K / [지원기능] TRIM / SLC캐싱 / S.M.A.R.T / 전용 S/W / [환경특성] MTBF: 175만 / TBW: 1,200TB / PS5 호환 / A/S기간: 제한보증 , 5년 / 방열판 포함 / 두께: 8.9mm / 24g",2026/05,ok,
2026-10-01T01:29:14+00:00,122668158,Sandisk Optimus GX PRO 850X 히트싱크 M.2 NVMe (4TB),https://prod.danawa.com/info/?pcode=122668158&cate=11229608,M.2 (2280),PCIe4.0x4 (64GT/s),4TB,TLC,DRAM 탑재,WD,"7,300MB/s","6,600MB/s","1,200K","1,100K","2,400TB",175만,"5년 , 제한보증",방열판 포함,"M.2 (2280) / PCIe4.0x4 (64GT/s) / TLC / DRAM 탑재 / DDR4 2GB / 컨트롤러: WD / [성능] 순차읽기: 7,300MB/s / 순차쓰기: 6,600MB/s / 읽기IOPS: 1,200K / 쓰기IOPS: 1,100K / [지원기능] TRIM / S.M.A.R.T / SLC캐싱 / 전용 S/W / [환경특성] MTBF: 175만 / TBW: 2,400TB / PS5 호환 / A/S기간: 5년 , 제한보증 / 방열판 포함 / 두께: 10.31mm / 30.4g",2026/05,ok,
2026-10-01T01:29:14+00:00,122668134,Sandisk Optimus GX PRO 850X 히트싱크 M.2 NVMe (8TB),https://prod.danawa.com/info/?pcode=122668134&cate=11229608,M.2 (2280),PCIe4.0x4 (64GT/s),8TB,TLC,DRAM 탑재,WD,"7,200MB/s","6,600MB/s","1,200K","1,200K","4,800TB",175만,"5년 , 제한보증",방열판 포함,"M.2 (2280) / PCIe4.0x4 (64GT/s) / TLC / DRAM 탑재 / DDR4 2GB / 컨트롤러: WD / [성능] 순차읽기: 7,200MB/s / 순차쓰기: 6,600MB/s / 읽기IOPS: 1,200K / 쓰기IOPS: 1,200K / [지원기능] TRIM / S.M.A.R.T / SLC캐싱 / 전용 S/W / [환경특성] MTBF: 175만 / TBW: 4,800TB / PS5 호환 / A/S기간: 5년 , 제한보증 / 방열판 포함 / 두께: 10.31mm / 30.4g",2026/05,ok,
2026-10-01T01:29:14+00:00,7981891,Sandisk SSD PLUS (1TB),https://prod.danawa.com/info/?pcode=7981891&cate=11229608,6.4cm(2.5형),SATA3(6Gb/s),1TB,,,기타,535MB/s,450MB/s,,,,175만,3년,,6.4cm(2.5형) / SATA3(6Gb/s) / 컨트롤러: 기타 / [성능] 순차읽기: 535MB/s / 순차쓰기: 450MB/s / [지원기능] TRIM / 전용 S/W / [환경특성] MTBF: 175만 / A/S기간: 3년 / 두께: 7mm / [기타] 용량별 스펙이 다르므로 반드시 확인 요망,2019/05,ok,
2026-10-01T01:29:14+00:00,3206498,Sandisk SSD PLUS (240GB),https://prod.danawa.com/info/?pcode=3206498&cate=11229608,6.4cm(2.5형),SATA3(6Gb/s),240GB,,,기타,530MB/s,440MB/s,,,,175만,3년,,6.4cm(2.5형) / SATA3(6Gb/s) / 컨트롤러: 기타 / [성능] 순차읽기: 530MB/s / 순차쓰기: 440MB/s / [지원기능] TRIM / 전용 S/W / [환경특성] MTBF: 175만 / A/S기간: 3년 / 두께: 7mm / [기타] 용량별 스펙이 다르므로 반드시 확인 요망,2015/06,ok,
2026-10-01T01:29:14+00:00,31284125,Sandisk SSD PLUS M.2 NVMe (1TB),https://prod.danawa.com/info/?pcode=31284125&cate=11229608,M.2 (2280),PCIe3.0x4 (32GT/s),1TB,,,기타,"3,200MB/s","2,500MB/s",,,100TB,,"3년 , 제한보증",방열판 미포함,"M.2 (2280) / PCIe3.0x4 (32GT/s) / 컨트롤러: 기타 / [성능] 순차읽기: 3,200MB/s / 순차쓰기: 2,500MB/s / [지원기능] HMB / 전용 S/W / [환경특성] TBW: 100TB / A/S기간: 3년 , 제한보증 / 방열판 미포함 / 두께: 2.38mm / 7.5g",2023/12,ok,
2026-10-01T01:29:14+00:00,34388156,Sandisk SSD PLUS M.2 NVMe (250GB),https://prod.danawa.com/info/?pcode=34388156&cate=11229608,M.2 (2280),PCIe3.0x4 (32GT/s),250GB,,,기타,"2,400MB/s","1,500MB/s",,,40TB,,"3년 , 제한보증",방열판 미포함,"M.2 (2280) / PCIe3.0x4 (32GT/s) / 컨트롤러: 기타 / [성능] 순차읽기: 2,400MB/s / 순차쓰기: 1,500MB/s / [지원기능] HMB / 전용 S/W / [환경특성] TBW: 40TB / A/S기간: 3년 , 제한보증 / 방열판 미포함 / 두께: 2.38mm / 7.5g",2024/02,ok,
2026-10-01T01:29:14+00:00,31284086,Sandisk SSD PLUS M.2 NVMe (2TB),https://prod.danawa.com/info/?pcode=31284086&cate=11229608,M.2 (2280),PCIe3.0x4 (32GT/s),2TB,,,기타,"3,200MB/s","3,000MB/s",,,100TB,,"3년 , 제한보증",방열판 미포함,"M.2 (2280) / PCIe3.0x4 (32GT/s) / 컨트롤러: 기타 / [성능] 순차읽기: 3,200MB/s / 순차쓰기: 3,000MB/s / [지원기능] HMB / 전용 S/W / [환경특성] TBW: 100TB / A/S기간: 3년 , 제한보증 / 방열판 미포함 / 두께: 2.38mm / 7.5g",2023/12,ok,
2026-10-01T01:29:14+00:00,31284176,Sandisk SSD PLUS M.2 NVMe (500GB),https://prod.danawa.com/info/?pcode=31284176&cate=11229608,M.2 (2280),PCIe3.0x4 (32GT/s),500GB,,,기타,"2,400MB/s","1,500MB/s",,,60TB,,"제한보증 , 3년",방열판 미포함,"M.2 (2280) / PCIe3.0x4 (32GT/s) / 컨트롤러: 기타 / [성능] 순차읽기: 2,400MB/s / 순차쓰기: 1,500MB/s / [지원기능] HMB / 전용 S/W / [환경특성] TBW: 60TB / A/S기간: 제한보증 , 3년 / 방열판 미포함 / 두께: 2.38mm / 7.5g",2023/12,ok,
2026-10-01T01:29:14+00:00,68244365,Sandisk SSD PLUS M.2 NVMe 해외구매 (250GB),https://prod.danawa.com/info/?pcode=68244365&cate=11229608,M.2 (2280),PCIe3.0x4 (32GT/s),250GB,,,기타,"2,400MB/s","1,500MB/s",,,40TB,,,방열판 미포함,"M.2 (2280) / PCIe3.0x4 (32GT/s) / 컨트롤러: 기타 / [성능] 순차읽기: 2,400MB/s / 순차쓰기: 1,500MB/s / [지원기능] HMB / 전용 S/W / [환경특성] TBW: 40TB / 방열판 미포함 / 두께: 2.38mm / 7.5g",2024/10,ok,
2026-10-01T01:29:14+00:00,124012255,Sandisk SSD PLUS 중고 (240GB),https://prod.danawa.com/info/?pcode=124012255&cate=11229608,6.4cm(2.5형),SATA3(6Gb/s),240GB,,,기타,530MB/s,400MB/s,,,,,,,6.4cm(2.5형) / SATA3(6Gb/s) / 컨트롤러: 기타 / [성능] 순차읽기: 530MB/s / 순차쓰기: 400MB/s / [지원기능] SLC캐싱 / 전용 S/W / [환경특성] 두께: 7mm,2015/06,ok,
2026-10-01T01:29:14+00:00,5391601,Sandisk Ultra 3D (1TB),https://prod.danawa.com/info/?pcode=5391601&cate=11229608,6.4cm(2.5형),SATA3 (6Gb/s),1TB,,,기타,560MB/s,530MB/s,최대 95K,최대 84K,400TB,,"제한보증 , 3년",,"6.4cm(2.5형) / SATA3 (6Gb/s) / 컨트롤러: 기타 / [성능] 순차읽기: 560MB/s / 순차쓰기: 530MB/s / 읽기IOPS: 최대 95K / 쓰기IOPS: 최대 84K / [지원기능] 전용 S/W / [환경특성] TBW: 400TB / A/S기간: 제한보증 , 3년 / 두께: 7mm / [기타] NCACHE 2.0 기술",2017/08,ok,
2026-10-01T01:29:14+00:00,5391586,Sandisk Ultra 3D (250GB),https://prod.danawa.com/info/?pcode=5391586&cate=11229608,6.4cm(2.5형),SATA3 (6Gb/s),250GB,,,,550MB/s,525MB/s,최대 95K,최대 81K,100TB,,3년,,6.4cm(2.5형) / SATA3 (6Gb/s) / [성능] 순차읽기: 550MB/s / 순차쓰기: 525MB/s / 읽기IOPS: 최대 95K / 쓰기IOPS: 최대 81K / [지원기능] 전용 S/W / [환경특성] TBW: 100TB / A/S기간: 3년 / 두께: 7mm / [기타] NCACHE 2.0 기술,2017/08,ok,
2026-10-01T01:29:14+00:00,5391611,Sandisk Ultra 3D (2TB),https://prod.danawa.com/info/?pcode=5391611&cate=11229608,6.4cm(2.5형),SATA3 (6Gb/s),2TB,,,기타,560MB/s,530MB/s,최대 95K,최대 84K,500TB,,"3년 , 제한보증",,"6.4cm(2.5형) / SATA3 (6Gb/s) / 컨트롤러: 기타 / [성능] 순차읽기: 560MB/s / 순차쓰기: 530MB/s / 읽기IOPS: 최대 95K / 쓰기IOPS: 최대 84K / [지원기능] 전용 S/W / [환경특성] TBW: 500TB / A/S기간: 3년 , 제한보증 / 두께: 7mm / [기타] NCACHE 2.0 기술",2017/08,ok,
2026-10-01T01:29:14+00:00,11439459,Sandisk Ultra 3D (4TB),https://prod.danawa.com/info/?pcode=11439459&cate=11229608,6.4cm(2.5형),SATA3 (6Gb/s),4TB,,,기타,560MB/s,530MB/s,,,600TB,,"3년 , 제한보증",,"6.4cm(2.5형) / SATA3 (6Gb/s) / 컨트롤러: 기타 / [성능] 순차읽기: 560MB/s / 순차쓰기: 530MB/s / [지원기능] 전용 S/W / [환경특성] TBW: 600TB / A/S기간: 3년 , 제한보증 / 두께: 7mm / [기타] NCACHE 2.0 기술",2017/08,ok,
2026-10-01T01:29:14+00:00,5391593,Sandisk Ultra 3D (500GB),https://prod.danawa.com/info/?pcode=5391593&cate=11229608,6.4cm(2.5형),SATA3 (6Gb/s),500GB,,,기타,560MB/s,530MB/s,최대 95K,최대 84K,200TB,,"제한보증 , 3년",,"6.4cm(2.5형) / SATA3 (6Gb/s) / 컨트롤러: 기타 / [성능] 순차읽기: 560MB/s / 순차쓰기: 530MB/s / 읽기IOPS: 최대 95K / 쓰기IOPS: 최대 84K / [지원기능] 전용 S/W / [환경특성] TBW: 200TB / A/S기간: 제한보증 , 3년 / 두께: 7mm / [기타] NCACHE 2.0 기술",2017/08,ok,
2026-10-01T01:29:14+00:00,6419325,Sandisk Ultra 3D 해외구매 (1TB),https://prod.danawa.com/info/?pcode=6419325&cate=11229608,6.4cm(2.5형),SATA3 (6Gb/s),1TB,,,기타,560MB/s,530MB/s,최대 95K,최대 84K,400TB,,,,6.4cm(2.5형) / SATA3 (6Gb/s) / 컨트롤러: 기타 / [성능] 순차읽기: 560MB/s / 순차쓰기: 530MB/s / 읽기IOPS: 최대 95K / 쓰기IOPS: 최대 84K / [환경특성] TBW: 400TB / 두께: 7mm / [기타] NCACHE 2.0 기술,2018/08,ok,
2026-10-01T01:29:14+00:00,90574892,Sandisk Ultra 3D 해외구매 (4TB),https://prod.danawa.com/info/?pcode=90574892&cate=11229608,6.4cm(2.5형),SATA3 (6Gb/s),4TB,,,기타,560MB/s,530MB/s,,,600TB,,,,6.4cm(2.5형) / SATA3 (6Gb/s) / 컨트롤러: 기타 / [성능] 순차읽기: 560MB/s / 순차쓰기: 530MB/s / [환경특성] TBW: 600TB / 두께: 7mm / [기타] NCACHE 2.0 기술,2017/08,ok,
2026-10-01T01:29:14+00:00,11581853,Sandisk X300 중고 (256GB),https://prod.danawa.com/info/?pcode=11581853&cate=11229608,6.4cm(2.5형),SATA3(6Gb/s),256GB,,,기타,520MB/s,470MB/s,최대 91K,최대 57K,80TB,175만,,,6.4cm(2.5형) / SATA3(6Gb/s) / 컨트롤러: 기타 / [성능] 순차읽기: 520MB/s / 순차쓰기: 470MB/s / 읽기IOPS: 최대 91K / 쓰기IOPS: 최대 57K / [지원기능] DEVSLP / [환경특성] MTBF: 175만 / TBW: 80TB / 두께: 7mm / 최대 61g,2014/12,ok,
2026-10-01T01:29:14+00:00,15896000,Sandisk X600 M.2 SATA 벌크 (128GB),https://prod.danawa.com/info/?pcode=15896000&cate=11229608,M.2 (2280),SATA3 (6Gb/s),128GB,TLC,,마벨,530MB/s,490MB/s,최대 82K,최대 74K,72TB,175만,,,M.2 (2280) / SATA3 (6Gb/s) / TLC / 컨트롤러: 마벨 / [성능] 순차읽기: 530MB/s / 순차쓰기: 490MB/s / 읽기IOPS: 최대 82K / 쓰기IOPS: 최대 74K / [지원기능] DEVSLP / TRIM / SLC캐싱 / S.M.A.R.T / [환경특성] MTBF: 175만 / TBW: 72TB / 두께: 2.23mm / 8g / [기타] 노트북 적출상품 / A / S가 불가능할 수 있으므로 주의하시기 바랍니다.,2018/11,ok,
2026-10-01T01:29:14+00:00,6645946,Sandisk X600 M.2 SATA 중고 (128GB),https://prod.danawa.com/info/?pcode=6645946&cate=11229608,M.2 (2280),SATA3 (6Gb/s),128GB,TLC,,마벨,530MB/s,490MB/s,최대 82K,최대 74K,72TB,175만,,,M.2 (2280) / SATA3 (6Gb/s) / TLC / 컨트롤러: 마벨 / [성능] 순차읽기: 530MB/s / 순차쓰기: 490MB/s / 읽기IOPS: 최대 82K / 쓰기IOPS: 최대 74K / [지원기능] TRIM / DEVSLP / SLC캐싱 / S.M.A.R.T / [환경특성] MTBF: 175만 / TBW: 72TB / 두께: 2.23mm / 8g,2018/11,ok,
2026-10-01T01:29:14+00:00,6814348,Sandisk X600 M.2 SATA 중고 (256GB),https://prod.danawa.com/info/?pcode=6814348&cate=11229608,M.2 (2280),SATA3 (6Gb/s),256GB,TLC,,마벨,550MB/s,525MB/s,최대 95K,최대 81K,100TB,175만,,,M.2 (2280) / SATA3 (6Gb/s) / TLC / 컨트롤러: 마벨 / [성능] 순차읽기: 550MB/s / 순차쓰기: 525MB/s / 읽기IOPS: 최대 95K / 쓰기IOPS: 최대 81K / [지원기능] TRIM / DEVSLP / SLC캐싱 / S.M.A.R.T / [환경특성] MTBF: 175만 / TBW: 100TB / 두께: 2.23mm / 8g,2018/11,ok,
2026-10-01T01:29:14+00:00,123670290,Sandisk Z400s M.2 SATA 중고 (128GB),https://prod.danawa.com/info/?pcode=123670290&cate=11229608,M.2 (2280),SATA3(6Gb/s),128GB,,,기타,520MB/s,330MB/s,,,,,,,M.2 (2280) / SATA3(6Gb/s) / MLC(토글) / 컨트롤러: 기타 / [성능] 순차읽기: 520MB/s / 순차쓰기: 330MB/s / [지원기능] TRIM / [환경특성] 두께: 2.23mm / 크기: 용량별 두께가 다르므로 확인 요망,2016/08,ok,
2026-10-01T01:29:14+00:00,124012247,Sandisk Z400s 중고 (256GB),https://prod.danawa.com/info/?pcode=124012247&cate=11229608,6.4cm(2.5형),SATA3(6Gb/s),256GB,,,,549MB/sMB/s,330MB/s,,,,,,,6.4cm(2.5형) / SATA3(6Gb/s) / MLC(낸드) / [성능] 순차읽기: 549MB/sMB/s / 순차쓰기: 330MB/s / [지원기능] TRIM / DEVSLP / [환경특성] 두께: 7mm,2016/01,ok,
2026-10-01T01:29:14+00:00,17947481,Seagate Game Drive for PS5 M.2 NVMe (1TB),https://prod.danawa.com/info/?pcode=17947481&cate=11229608,M.2 (2280),PCIe4.0x4 (64GT/s),1TB,TLC,DRAM 탑재,파이슨 PS5018-E18,"7,300MB/s","6,000MB/s",800K,"1,000K","1,275TB",180만,"5년 , 제한보증",방열판 포함,"M.2 (2280) / PCIe4.0x4 (64GT/s) / TLC / DRAM 탑재 / DDR4 1GB / 컨트롤러: 파이슨 PS5018-E18 / [성능] 순차읽기: 7,300MB/s / 순차쓰기: 6,000MB/s / 읽기IOPS: 800K / 쓰기IOPS: 1,000K / [지원기능] TRIM / SLC캐싱 / S.M.A.R.T / [환경특성] MTBF: 180만 / TBW: 1,275TB / PS5 호환 / A/S기간: 5년 , 제한보증 / 방열판 포함 / 두께: 9.84mm / 47g / [기타] ※ 23년 11월부로 신규 모델 넘버 ZP1000GP3A3001 추가(제원 정보 소폭 변동)",2022/12,ok,
2026-10-01T01:29:14+00:00,17947601,Seagate Game Drive for PS5 M.2 NVMe (2TB),https://prod.danawa.com/info/?pcode=17947601&cate=11229608,M.2 (2280),PCIe4.0x4 (64GT/s),2TB,TLC,DRAM 탑재,파이슨 PS5018-E18,"7,300MB/s","6,900MB/s","1,000K","1,000K","2,550TB",180만,"5년 , 제한보증",방열판 포함,"M.2 (2280) / PCIe4.0x4 (64GT/s) / TLC / DRAM 탑재 / DDR4 2GB / 컨트롤러: 파이슨 PS5018-E18 / [성능] 순차읽기: 7,300MB/s / 순차쓰기: 6,900MB/s / 읽기IOPS: 1,000K / 쓰기IOPS: 1,000K / [지원기능] TRIM / SLC캐싱 / S.M.A.R.T / [환경특성] MTBF: 180만 / TBW: 2,550TB / PS5 호환 / A/S기간: 5년 , 제한보증 / 방열판 포함 / 두께: 10.39mm / 47g / [기타] ※ 23년 11월부로 신규 모델 넘버 ZP2000GP3A3001 추가(제원 정보 소폭 변동)",2022/12,ok,
2026-10-01T01:29:14+00:00,123742434,Seagate IronWolf 125 SSD 중고 (250GB),https://prod.danawa.com/info/?pcode=123742434&cate=11229608,6.4cm(2.5형),SATA3 (6Gb/s),250GB,TLC,DRAM 탑재,파이슨,560MB/s,540MB/s,최대 95K,최대 90K,300TB,180만,,,6.4cm(2.5형) / SATA3 (6Gb/s) / TLC / DRAM 탑재 / 컨트롤러: 파이슨 / [성능] 순차읽기: 560MB/s / 순차쓰기: 540MB/s / 읽기IOPS: 최대 95K / 쓰기IOPS: 최대 90K / [지원기능] TRIM / S.M.A.R.T / SLC캐싱 / GC / 전용 S/W / [환경특성] MTBF: 180만 / TBW: 300TB / 두께: 7.1mm / 50g,2020/09,ok,
2026-10-01T01:29:14+00:00,90701570,Seagate 바라쿠다 530 M.2 NVMe (1024GB),https://prod.danawa.com/info/?pcode=90701570&cate=11229608,M.2 (2280),PCIe4.0x4 (64GT/s),1024GB,TLC,,파이슨 E27T,"7,400MB/s","6,100MB/s",,,600TB,180만,"5년 , 제한보증",방열판 미포함,"M.2 (2280) / PCIe4.0x4 (64GT/s) / TLC / 컨트롤러: 파이슨 E27T / [성능] 순차읽기: 7,400MB/s / 순차쓰기: 6,100MB/s / [지원기능] S.M.A.R.T / SLC캐싱 / TRIM / HMB / [환경특성] MTBF: 180만 / TBW: 600TB / PS5 호환 / A/S기간: 5년 , 제한보증 / 방열판 미포함 / 두께: 2.23mm / 7.5g",2025/05,ok,
2026-10-01T01:29:14+00:00,90701654,Seagate 바라쿠다 530 M.2 NVMe (2048GB),https://prod.danawa.com/info/?pcode=90701654&cate=11229608,M.2 (2280),PCIe4.0x4 (64GT/s),2048GB,TLC,,파이슨 E27T,"7,400MB/s","6,400MB/s",,,"1,200TB",180만,"5년 , 제한보증",방열판 미포함,"M.2 (2280) / PCIe4.0x4 (64GT/s) / TLC / 컨트롤러: 파이슨 E27T / [성능] 순차읽기: 7,400MB/s / 순차쓰기: 6,400MB/s / [지원기능] TRIM / HMB / SLC캐싱 / S.M.A.R.T / [환경특성] MTBF: 180만 / TBW: 1,200TB / PS5 호환 / A/S기간: 5년 , 제한보증 / 방열판 미포함 / 두께: 2.23mm / 7.5g",2025/05,ok,
2026-10-01T01:29:14+00:00,39104663,Seagate 바라쿠다 PCIe M.2 NVMe (1TB),https://prod.danawa.com/info/?pcode=39104663&cate=11229608,M.2 (2280),PCIe4.0x4 (64GT/s),1TB,QLC,,기타,"3,600MB/s","2,800MB/s",,,600TB,180만,"3년 , 제한보증",방열판 미포함,"M.2 (2280) / PCIe4.0x4 (64GT/s) / QLC / 컨트롤러: 기타 / [성능] 순차읽기: 3,600MB/s / 순차쓰기: 2,800MB/s / [지원기능] HMB / TRIM / S.M.A.R.T / 전용 S/W / [환경특성] MTBF: 180만 / TBW: 600TB / A/S기간: 3년 , 제한보증 / 방열판 미포함 / 두께: 3.58mm / 8g",2024/03,ok,
2026-10-01T01:29:14+00:00,39104681,Seagate 바라쿠다 PCIe M.2 NVMe (500GB),https://prod.danawa.com/info/?pcode=39104681&cate=11229608,M.2 (2280),PCIe4.0x4 (64GT/s),500GB,QLC,,기타,"3,600MB/s","2,400MB/s",,,300TB,180만,"3년 , 제한보증",방열판 미포함,"M.2 (2280) / PCIe4.0x4 (64GT/s) / QLC / 컨트롤러: 기타 / [성능] 순차읽기: 3,600MB/s / 순차쓰기: 2,400MB/s / [지원기능] S.M.A.R.T / TRIM / HMB / 전용 S/W / [환경특성] MTBF: 180만 / TBW: 300TB / A/S기간: 3년 , 제한보증 / 방열판 미포함 / 두께: 3.58mm / 8g",2024/03,ok,
2026-10-01T01:29:14+00:00,14742761,Seagate 바라쿠다 Q5 M.2 NVMe 해외구매 (500GB),https://prod.danawa.com/info/?pcode=14742761&cate=11229608,M.2 (2280),PCIe3.0x4 (32GT/s),500GB,QLC,,기타,"2,300MB/s",900MB/s,,,119TB,180만,,방열판 미포함,"M.2 (2280) / PCIe3.0x4 (32GT/s) / QLC / 컨트롤러: 기타 / [성능] 순차읽기: 2,300MB/s / 순차쓰기: 900MB/s / [지원기능] TRIM / HMB / SLC캐싱 / S.M.A.R.T / 전용 S/W / [환경특성] MTBF: 180만 / TBW: 119TB / 방열판 미포함 / 두께: 2.15mm / 7g",2020/11,ok,
2026-10-01T01:29:14+00:00,102760415,Seagate 파이어쿠다 530 M.2 NVMe 중고 (2TB),https://prod.danawa.com/info/?pcode=102760415&cate=11229608,M.2 (2280),PCIe4.0x4 (64GT/s),2TB,TLC,DRAM 탑재,파이슨 PS5018-E18,"7,300MB/s","6,900MB/s","1,000K","1,000K","2,550TB",180만,,방열판 미포함,"M.2 (2280) / PCIe4.0x4 (64GT/s) / TLC / DRAM 탑재 / 컨트롤러: 파이슨 PS5018-E18 / [성능] 순차읽기: 7,300MB/s / 순차쓰기: 6,900MB/s / 읽기IOPS: 1,000K / 쓰기IOPS: 1,000K / [지원기능] TRIM / S.M.A.R.T / SLC캐싱 / GC / DEVSLP / AES 암호화 / 전용 S/W / [환경특성] MTBF: 180만 / TBW: 2,550TB / PS5 호환 / 방열판 미포함 / 두께: 2.23mm / 8.1g",2021/10,ok,
2026-10-01T01:29:14+00:00,16706948,Seagate 파이어쿠다 530 히트싱크 M.2 NVMe 해외구매 (1TB),https://prod.danawa.com/info/?pcode=16706948&cate=11229608,M.2 (2280),PCIe4.0x4 (64GT/s),1TB,TLC,DRAM 탑재,파이슨 PS5018-E18,"7,300MB/s","6,000MB/s",800K,"1,000K","1,275TB",180만,,방열판 포함,"M.2 (2280) / PCIe4.0x4 (64GT/s) / TLC / DRAM 탑재 / DDR4 1GB / 컨트롤러: 파이슨 PS5018-E18 / [성능] 순차읽기: 7,300MB/s / 순차쓰기: 6,000MB/s / 읽기IOPS: 800K / 쓰기IOPS: 1,000K / [지원기능] DEVSLP / TRIM / SLC캐싱 / GC / S.M.A.R.T / AES 암호화 / 전용 S/W / [환경특성] MTBF: 180만 / TBW: 1,275TB / PS5 호환 / 방열판 포함 / 두께: 9.84mm / 47g",2021/08,ok,
2026-10-01T01:29:14+00:00,61436369,Seagate 파이어쿠다 530R M.2 NVMe (2TB),https://prod.danawa.com/info/?pcode=61436369&cate=11229608,M.2 (2280),PCIe4.0x4 (64GT/s),2TB,TLC,DRAM 탑재,파이슨 PS5018-E18,"7,400MB/s","6,900MB/s","1,300K","1,300K","2,400TB",180만,"5년 , 데이터 복구 3년 , 제한보증",방열판 미포함,"M.2 (2280) / PCIe4.0x4 (64GT/s) / TLC / DRAM 탑재 / DDR4 2GB / 컨트롤러: 파이슨 PS5018-E18 / [성능] 순차읽기: 7,400MB/s / 순차쓰기: 6,900MB/s / 읽기IOPS: 1,300K / 쓰기IOPS: 1,300K / [지원기능] TRIM / S.M.A.R.T / SLC캐싱 / GC / DEVSLP / 전용 S/W / [환경특성] MTBF: 180만 / TBW: 2,400TB / PS5 호환 / A/S기간: 5년 , 데이터 복구 3년 , 제한보증 / 방열판 미포함 / 두께: 3.58mm / 8.8g",2024/07,ok,
2026-10-01T01:29:14+00:00,61436288,Seagate 파이어쿠다 530R M.2 NVMe (4TB),https://prod.danawa.com/info/?pcode=61436288&cate=11229608,M.2 (2280),PCIe4.0x4 (64GT/s),4TB,TLC,DRAM 탑재,파이슨 PS5018-E18,"7,400MB/s","6,800MB/s","1,300K","1,300K","5,050TB",180만,"5년 , 데이터 복구 3년 , 제한보증",방열판 미포함,"M.2 (2280) / PCIe4.0x4 (64GT/s) / TLC / DRAM 탑재 / DDR4 2GB / 컨트롤러: 파이슨 PS5018-E18 / [성능] 순차읽기: 7,400MB/s / 순차쓰기: 6,800MB/s / 읽기IOPS: 1,300K / 쓰기IOPS: 1,300K / [지원기능] TRIM / S.M.A.R.T / SLC캐싱 / GC / DEVSLP / 전용 S/W / [환경특성] MTBF: 180만 / TBW: 5,050TB / PS5 호환 / A/S기간: 5년 , 데이터 복구 3년 , 제한보증 / 방열판 미포함 / 두께: 3.58mm / 9.2g",2024/07,ok,
2026-10-01T01:29:14+00:00,61436648,Seagate 파이어쿠다 530R 히트싱크 M.2 NVMe (2TB),https://prod.danawa.com/info/?pcode=61436648&cate=11229608,M.2 (2280),PCIe4.0x4 (64GT/s),2TB,TLC,DRAM 탑재,파이슨 PS5018-E18,"7,400MB/s","6,900MB/s","1,300K","1,300K","2,400TB",180만,"5년 , 데이터 복구 3년 , 제한보증",방열판 포함,"M.2 (2280) / PCIe4.0x4 (64GT/s) / TLC / DRAM 탑재 / DDR4 2GB / 컨트롤러: 파이슨 PS5018-E18 / [성능] 순차읽기: 7,400MB/s / 순차쓰기: 6,900MB/s / 읽기IOPS: 1,300K / 쓰기IOPS: 1,300K / [지원기능] TRIM / S.M.A.R.T / SLC캐싱 / GC / DEVSLP / 전용 S/W / [환경특성] MTBF: 180만 / TBW: 2,400TB / PS5 호환 / A/S기간: 5년 , 데이터 복구 3년 , 제한보증 / 방열판 포함 / 두께: 11.10mm / 49g",2024/07,ok,
2026-10-01T01:29:14+00:00,61436567,Seagate 파이어쿠다 530R 히트싱크 M.2 NVMe (4TB),https://prod.danawa.com/info/?pcode=61436567&cate=11229608,M.2 (2280),PCIe4.0x4 (64GT/s),4TB,TLC,DRAM 탑재,파이슨 PS5018-E18,"7,400MB/s","6,800MB/s","1,300K","1,300K","5,050TB",180만,"5년 , 데이터 복구 3년 , 제한보증",방열판 포함,"M.2 (2280) / PCIe4.0x4 (64GT/s) / TLC / DRAM 탑재 / DDR4 2GB / 컨트롤러: 파이슨 PS5018-E18 / [성능] 순차읽기: 7,400MB/s / 순차쓰기: 6,800MB/s / 읽기IOPS: 1,300K / 쓰기IOPS: 1,300K / [지원기능] TRIM / S.M.A.R.T / SLC캐싱 / GC / DEVSLP / 전용 S/W / [환경특성] MTBF: 180만 / TBW: 5,050TB / PS5 호환 / A/S기간: 5년 , 데이터 복구 3년 , 제한보증 / 방열판 포함 / 두께: 11.10mm / 49g",2024/07,ok,
2026-10-01T01:29:14+00:00,20687681,Seagate 파이어쿠다 540 M.2 NVMe (2TB),https://prod.danawa.com/info/?pcode=20687681&cate=11229608,M.2 (2280),PCIe5.0x4 (128GT/s),2TB,TLC,DRAM 탑재,파이슨 PS5026-E26,"10,000MB/s","10,000MB/s","1,490K","1,500K","2,000TB",180만,"5년 , 데이터 복구 3년 , 제한보증",방열판 미포함,"M.2 (2280) / PCIe5.0x4 (128GT/s) / TLC / DRAM 탑재 / DDR4 2GB / 컨트롤러: 파이슨 PS5026-E26 / [성능] 순차읽기: 10,000MB/s / 순차쓰기: 10,000MB/s / 읽기IOPS: 1,490K / 쓰기IOPS: 1,500K / [지원기능] TRIM / S.M.A.R.T / SLC캐싱 / 전용 S/W / [환경특성] MTBF: 180만 / TBW: 2,000TB / PS5 호환 / A/S기간: 5년 , 데이터 복구 3년 , 제한보증 / 방열판 미포함 / 두께: 3.58mm / 7.4g",2023/06,ok,
2026-10-01T01:29:14+00:00,108392288,Seagate 파이어쿠다 X1070 M.2 NVMe (1TB),https://prod.danawa.com/info/?pcode=108392288&cate=11229608,M.2 (2280),PCIe4.0x4 (64GT/s),1TB,QLC,,기타,"7,200MB/s","6,000MB/s",850K,900K,600TB,180만,"제한보증 , 5년 , 데이터 복구 3년",방열판 미포함,"M.2 (2280) / PCIe4.0x4 (64GT/s) / QLC / 컨트롤러: 기타 / [성능] 순차읽기: 7,200MB/s / 순차쓰기: 6,000MB/s / 읽기IOPS: 850K / 쓰기IOPS: 900K / [지원기능] TRIM / SLC캐싱 / S.M.A.R.T / [환경특성] MTBF: 180만 / TBW: 600TB / PS5 호환 / A/S기간: 제한보증 , 5년 , 데이터 복구 3년 / 방열판 미포함 / 두께: 2.2mm / 6g",2026/03,ok,
2026-10-01T01:29:14+00:00,108392261,Seagate 파이어쿠다 X1070 M.2 NVMe (2TB),https://prod.danawa.com/info/?pcode=108392261&cate=11229608,M.2 (2280),PCIe4.0x4 (64GT/s),2TB,QLC,,기타,"7,200MB/s","6,500MB/s",900K,"1,000K","1,200TB",180만,"5년 , 데이터 복구 3년 , 제한보증",방열판 미포함,"M.2 (2280) / PCIe4.0x4 (64GT/s) / QLC / 컨트롤러: 기타 / [성능] 순차읽기: 7,200MB/s / 순차쓰기: 6,500MB/s / 읽기IOPS: 900K / 쓰기IOPS: 1,000K / [지원기능] TRIM / SLC캐싱 / S.M.A.R.T / [환경특성] MTBF: 180만 / TBW: 1,200TB / PS5 호환 / A/S기간: 5년 , 데이터 복구 3년 , 제한보증 / 방열판 미포함 / 두께: 2.25mm / 6g",2026/03,ok,
2026-10-01T01:29:14+00:00,108392246,Seagate 파이어쿠다 X1070 M.2 NVMe (4TB),https://prod.danawa.com/info/?pcode=108392246&cate=11229608,M.2 (2280),PCIe4.0x4 (64GT/s),4TB,QLC,,기타,"7,200MB/s","6,500MB/s",900K,900K,"2,400TB",180만,"5년 , 데이터 복구 3년 , 제한보증",방열판 미포함,"M.2 (2280) / PCIe4.0x4 (64GT/s) / QLC / 컨트롤러: 기타 / [성능] 순차읽기: 7,200MB/s / 순차쓰기: 6,500MB/s / 읽기IOPS: 900K / 쓰기IOPS: 900K / [지원기능] TRIM / SLC캐싱 / S.M.A.R.T / [환경특성] MTBF: 180만 / TBW: 2,400TB / PS5 호환 / A/S기간: 5년 , 데이터 복구 3년 , 제한보증 / 방열판 미포함 / 두께: 2.25mm / 7.1g",2026/03,ok,
2026-10-01T01:29:14+00:00,108419903,Seagate 파이어쿠다 X1070 M.2 NVMe 해외구매 (1TB),https://prod.danawa.com/info/?pcode=108419903&cate=11229608,M.2 (2280),PCIe4.0x4 (64GT/s),1TB,QLC,,기타,"7,200MB/s","6,000MB/s",850K,900K,600TB,180만,,방열판 미포함,"M.2 (2280) / PCIe4.0x4 (64GT/s) / QLC / 컨트롤러: 기타 / [성능] 순차읽기: 7,200MB/s / 순차쓰기: 6,000MB/s / 읽기IOPS: 850K / 쓰기IOPS: 900K / [지원기능] TRIM / SLC캐싱 / S.M.A.R.T / [환경특성] MTBF: 180만 / TBW: 600TB / PS5 호환 / 방열판 미포함 / 두께: 2.2mm / 6g",2026/03,ok,
2026-10-01T01:29:14+00:00,15863327,SilverStone SDP08-E SSD 가이드 STCOM,https://prod.danawa.com/info/?pcode=15863327&cate=11229608,변환 가이드,,,,,,,,,,,,,,"변환 가이드 / 크기 변환: 2.5형→3.5형 / SSD, HDD겸용 / 보관(장착) 개수: 최대 2개 / 두께: 25.4mm / 철재(SECC)",2021/12,ok,
2026-10-01T01:29:14+00:00,100619522,SilverStone SST-ECM40,https://prod.danawa.com/info/?pcode=100619522&cate=11229608,변환 컨버터,,,,,,,,,,,,1년,방열판 포함,변환 컨버터 / 크기 변환: M.2→PCIe 카드 / 인터페이스 변환: PCIe→PCIe(NVMe) / SSD전용 / 보관(장착) 개수: 최대 4개 / 방열판 포함 / 두께: 21.59mm / 501g / A/S기간: 1년 / 쿨링팬 스위치 기능,2025/11,ok,
2026-10-01T01:29:14+00:00,100619537,SilverStone SST-ECM40 해외구매,https://prod.danawa.com/info/?pcode=100619537&cate=11229608,변환 컨버터,,,,,,,,,,,,,방열판 포함,변환 컨버터 / 크기 변환: M.2→PCIe 카드 / 인터페이스 변환: PCIe→PCIe(NVMe) / SSD전용 / 보관(장착) 개수: 최대 4개 / 방열판 포함 / 두께: 21.59mm / 501g / 쿨링팬 스위치 기능,2025/11,ok,
2026-10-01T01:29:14+00:00,108391418,SilverStone SST-ECS07 해외구매,https://prod.danawa.com/info/?pcode=108391418&cate=11229608,변환 컨버터,,,,,,,,,,,,,,변환 컨버터 / 크기 변환: 기타 / 인터페이스 변환: PCIe→SATA3 / M.2 PCIe에서 SATA3 포트 5개 지원,2026/03,ok,
2026-10-01T01:29:14+00:00,92686442,SooPii M01 M.2 보관케이스,https://prod.danawa.com/info/?pcode=92686442&cate=11229608,보관케이스,,,,,,,,,,,,,,보관케이스 / SSD전용 / 보관(장착) 개수: 최대 4개 / 충격보호 / 두께: 16mm / 44g / 블랙,2025/06,ok,
2026-10-01T01:29:14+00:00,14239667,Synology M2D20 M.2 to PCI-E 컨버터,https://prod.danawa.com/info/?pcode=14239667&cate=11229608,변환 컨버터,,,,,,,,,,,,5년,,변환 컨버터 / 크기 변환: M.2→PCIe 카드 / SSD전용 / 보관(장착) 개수: 최대 2개 / 두께: 15.8mm / A/S기간: 5년,2021/05,ok,
2026-10-01T01:29:14+00:00,18479918,Synology SNV3410 M.2 NVMe (400GB),https://prod.danawa.com/info/?pcode=18479918&cate=11229608,M.2 (2280),PCIe3.0x4 (32GT/s),400GB,,,기타,"3,000MB/s",750MB/s,225K,45K,491TB,180만시간,"5년 , 제한보증",방열판 미포함,"M.2 (2280) / PCIe3.0x4 (32GT/s) / 컨트롤러: 기타 / [성능] 순차읽기: 3,000MB/s / 순차쓰기: 750MB/s / 읽기IOPS: 225K / 쓰기IOPS: 45K / [환경특성] MTBF: 180만시간 / TBW: 491TB / A/S기간: 5년 , 제한보증 / 방열판 미포함 / 두께: 3.5mm",2022/12,ok,
2026-10-01T01:29:14+00:00,19578560,Synology SNV3410 M.2 NVMe 해외구매 (400GB),https://prod.danawa.com/info/?pcode=19578560&cate=11229608,M.2 (2280),PCIe3.0x4 (32GT/s),400GB,,,기타,"3,000MB/s",750MB/s,225K,45K,491TB,180만시간,,방열판 미포함,"M.2 (2280) / PCIe3.0x4 (32GT/s) / 컨트롤러: 기타 / [성능] 순차읽기: 3,000MB/s / 순차쓰기: 750MB/s / 읽기IOPS: 225K / 쓰기IOPS: 45K / [환경특성] MTBF: 180만시간 / TBW: 491TB / 방열판 미포함 / 두께: 3.5mm",2022/12,ok,
2026-10-01T01:29:14+00:00,66139244,Synology SNV3410 M.2 NVMe 해외구매 (800GB),https://prod.danawa.com/info/?pcode=66139244&cate=11229608,M.2 (2280),PCIe3.0x4 (32GT/s),800GB,,,기타,"3,000MB/s","1,000MB/s",400K,70K,"1,022TB",180만시간,,방열판 미포함,"M.2 (2280) / PCIe3.0x4 (32GT/s) / 컨트롤러: 기타 / [성능] 순차읽기: 3,000MB/s / 순차쓰기: 1,000MB/s / 읽기IOPS: 400K / 쓰기IOPS: 70K / [환경특성] MTBF: 180만시간 / TBW: 1,022TB / 방열판 미포함 / 두께: 3.5mm",2024/09,ok,
2026-10-01T01:29:14+00:00,30272459,Synology SNV3510 M.2 22110 NVMe (800GB),https://prod.danawa.com/info/?pcode=30272459&cate=11229608,M.2 (22110),PCIe3.0x4 (32GT/s),800GB,,,기타,"3,100MB/s","1,000MB/s",400K,70K,"1,022TB",180만시간,"5년 , 제한보증",방열판 미포함,"M.2 (22110) / PCIe3.0x4 (32GT/s) / 컨트롤러: 기타 / [성능] 순차읽기: 3,100MB/s / 순차쓰기: 1,000MB/s / 읽기IOPS: 400K / 쓰기IOPS: 70K / [환경특성] MTBF: 180만시간 / TBW: 1,022TB / A/S기간: 5년 , 제한보증 / 방열판 미포함 / 두께: 4.5mm",2023/12,ok,
2026-10-01T01:29:14+00:00,92234456,Synology SNV5420 M.2 NVMe (400GB),https://prod.danawa.com/info/?pcode=92234456&cate=11229608,M.2 (2280),PCIe3.0x4 (32GT/s),400GB,,,기타,"3,000MB/s",650MB/s,225K,45K,700TB,,"5년 , 제한보증",방열판 미포함,"M.2 (2280) / PCIe3.0x4 (32GT/s) / 컨트롤러: 기타 / [성능] 순차읽기: 3,000MB/s / 순차쓰기: 650MB/s / 읽기IOPS: 225K / 쓰기IOPS: 45K / [지원기능] PLP / [환경특성] TBW: 700TB / A/S기간: 5년 , 제한보증 / 방열판 미포함 / 두께: 2.38mm",2025/06,ok,
2026-10-01T01:29:14+00:00,92234378,Synology SNV5420 M.2 NVMe (800GB),https://prod.danawa.com/info/?pcode=92234378&cate=11229608,M.2 (2280),PCIe3.0x4 (32GT/s),800GB,,,기타,"3,000MB/s","1,000MB/s",400K,70K,"1,400TB",,"5년 , 제한보증",방열판 미포함,"M.2 (2280) / PCIe3.0x4 (32GT/s) / 컨트롤러: 기타 / [성능] 순차읽기: 3,000MB/s / 순차쓰기: 1,000MB/s / 읽기IOPS: 400K / 쓰기IOPS: 70K / [지원기능] PLP / [환경특성] TBW: 1,400TB / A/S기간: 5년 , 제한보증 / 방열판 미포함 / 두께: 2.38mm",2025/06,ok,
2026-10-01T01:29:14+00:00,97225280,TWSC CUSU C300 (1TB),https://prod.danawa.com/info/?pcode=97225280&cate=11229608,6.4cm(2.5형),SATA3 (6Gb/s),1TB,QLC,,기타,550MB/s,480MB/s,,,560TB,150만,"3년 , 제한보증",,"6.4cm(2.5형) / SATA3 (6Gb/s) / QLC / 컨트롤러: 기타 / [성능] 순차읽기: 550MB/s / 순차쓰기: 480MB/s / [지원기능] ECC / SLC캐싱 / [환경특성] MTBF: 150만 / TBW: 560TB / A/S기간: 3년 , 제한보증 / 두께: 7mm / 39.5g",2025/09,ok,
2026-10-01T01:29:14+00:00,97225262,TWSC CUSU C300 (256GB),https://prod.danawa.com/info/?pcode=97225262&cate=11229608,6.4cm(2.5형),SATA3 (6Gb/s),256GB,QLC,,기타,500MB/s,400MB/s,,,140TB,150만,"3년 , 제한보증",,"6.4cm(2.5형) / SATA3 (6Gb/s) / QLC / 컨트롤러: 기타 / [성능] 순차읽기: 500MB/s / 순차쓰기: 400MB/s / [지원기능] ECC / SLC캐싱 / [환경특성] MTBF: 150만 / TBW: 140TB / A/S기간: 3년 , 제한보증 / 두께: 7mm / 39.5g",2025/09,ok,
2026-10-01T01:29:14+00:00,97225286,TWSC CUSU C300 (2TB),https://prod.danawa.com/info/?pcode=97225286&cate=11229608,6.4cm(2.5형),SATA3 (6Gb/s),2TB,QLC,,기타,550MB/s,500MB/s,,,"1,120TB",150만,"3년 , 제한보증",,"6.4cm(2.5형) / SATA3 (6Gb/s) / QLC / 컨트롤러: 기타 / [성능] 순차읽기: 550MB/s / 순차쓰기: 500MB/s / [지원기능] ECC / SLC캐싱 / [환경특성] MTBF: 150만 / TBW: 1,120TB / A/S기간: 3년 , 제한보증 / 두께: 7mm / 39.5g",2025/09,ok,
2026-10-01T01:29:14+00:00,97225271,TWSC CUSU C300 (512GB),https://prod.danawa.com/info/?pcode=97225271&cate=11229608,6.4cm(2.5형),SATA3 (6Gb/s),512GB,QLC,,기타,500MB/s,450MB/s,,,280TB,150만,"3년 , 제한보증",,"6.4cm(2.5형) / SATA3 (6Gb/s) / QLC / 컨트롤러: 기타 / [성능] 순차읽기: 500MB/s / 순차쓰기: 450MB/s / [지원기능] ECC / SLC캐싱 / [환경특성] MTBF: 150만 / TBW: 280TB / A/S기간: 3년 , 제한보증 / 두께: 7mm / 39.5g",2025/09,ok,
2026-10-01T01:29:14+00:00,96582128,TWSC CUSU CV3500 M.2 NVMe (256GB),https://prod.danawa.com/info/?pcode=96582128&cate=11229608,M.2 (2280),PCIe3.0x4 (32GT/s),256GB,TLC,,Maxio,"3,200MB/s","1,200MB/s",,,160TB,200만,"5년 , 제한보증",방열판 미포함,"M.2 (2280) / PCIe3.0x4 (32GT/s) / TLC / 컨트롤러: Maxio / [성능] 순차읽기: 3,200MB/s / 순차쓰기: 1,200MB/s / [지원기능] ECC / HMB / SLC캐싱 / [환경특성] MTBF: 200만 / TBW: 160TB / A/S기간: 5년 , 제한보증 / 방열판 미포함 / 두께: 2.1mm / 6.5g",2025/08,ok,
2026-10-01T01:29:14+00:00,96582080,TWSC CUSU CV3500 M.2 NVMe (2TB),https://prod.danawa.com/info/?pcode=96582080&cate=11229608,M.2 (2280),PCIe3.0x4 (32GT/s),2TB,TLC,,Maxio,"3,500MB/s","3,100MB/s",,,"1,280TB",200만,"5년 , 제한보증",방열판 미포함,"M.2 (2280) / PCIe3.0x4 (32GT/s) / TLC / 컨트롤러: Maxio / [성능] 순차읽기: 3,500MB/s / 순차쓰기: 3,100MB/s / [지원기능] HMB / ECC / SLC캐싱 / [환경특성] MTBF: 200만 / TBW: 1,280TB / A/S기간: 5년 , 제한보증 / 방열판 미포함 / 두께: 2.1mm / 6.5g",2025/08,ok,
2026-10-01T01:29:14+00:00,99711584,TWSC CUSU CV3500Q M.2 NVMe (1TB),https://prod.danawa.com/info/?pcode=99711584&cate=11229608,M.2 (2280),PCIe3.0x4 (32GT/s),1TB,QLC,,기타,"3,500MB/s","2,600MB/s",,,300TB,150만,"3년 , 제한보증",방열판 미포함,"M.2 (2280) / PCIe3.0x4 (32GT/s) / QLC / 컨트롤러: 기타 / [성능] 순차읽기: 3,500MB/s / 순차쓰기: 2,600MB/s / [지원기능] ECC / HMB / SLC캐싱 / GC / [환경특성] MTBF: 150만 / TBW: 300TB / A/S기간: 3년 , 제한보증 / 방열판 미포함 / 두께: 2.1mm / 6.5g",2025/10,ok,
2026-10-01T01:29:14+00:00,99711347,TWSC CUSU CV3500Q M.2 NVMe (512GB),https://prod.danawa.com/info/?pcode=99711347&cate=11229608,M.2 (2280),PCIe3.0x4 (32GT/s),512GB,QLC,,기타,"3,200MB/s","1,300MB/s",,,150TB,150만,"3년 , 제한보증",방열판 미포함,"M.2 (2280) / PCIe3.0x4 (32GT/s) / QLC / 컨트롤러: 기타 / [성능] 순차읽기: 3,200MB/s / 순차쓰기: 1,300MB/s / [지원기능] ECC / HMB / SLC캐싱 / GC / [환경특성] MTBF: 150만 / TBW: 150TB / A/S기간: 3년 , 제한보증 / 방열판 미포함 / 두께: 2.1mm / 6.5g",2025/10,ok,
2026-10-01T01:29:14+00:00,96983756,TWSC CUSU CV3500Q M.2 NVMe 해외구매 (512GB),https://prod.danawa.com/info/?pcode=96983756&cate=11229608,M.2 (2280),PCIe3.0x4 (32GT/s),512GB,QLC,,기타,"3,200MB/s","1,200MB/s",,,150TB,150만,,방열판 미포함,"M.2 (2280) / PCIe3.0x4 (32GT/s) / QLC / 컨트롤러: 기타 / [성능] 순차읽기: 3,200MB/s / 순차쓰기: 1,200MB/s / [지원기능] GC / SLC캐싱 / ECC / HMB / [환경특성] MTBF: 150만 / TBW: 150TB / 방열판 미포함 / 두께: 2.1mm / 6.5g",2025/09,ok,
2026-10-01T01:29:14+00:00,99126695,TWSC CUSU CV5000 M.2 NVMe (1TB),https://prod.danawa.com/info/?pcode=99126695&cate=11229608,M.2 (2280),PCIe4.0x4 (64GT/s),1TB,QLC,,기타,"4,400MB/s","3,200MB/s",,,300TB,150만,"제한보증 , 5년",방열판 미포함,"M.2 (2280) / PCIe4.0x4 (64GT/s) / QLC / 컨트롤러: 기타 / [성능] 순차읽기: 4,400MB/s / 순차쓰기: 3,200MB/s / [지원기능] ECC / HMB / SLC캐싱 / [환경특성] MTBF: 150만 / TBW: 300TB / A/S기간: 제한보증 , 5년 / 방열판 미포함 / 두께: 2.1mm / 6.5g",2025/10,ok,
2026-10-01T01:29:14+00:00,99126662,TWSC CUSU CV5000 M.2 NVMe (512GB),https://prod.danawa.com/info/?pcode=99126662&cate=11229608,M.2 (2280),PCIe4.0x4 (64GT/s),512GB,QLC,,기타,"4,400MB/s","3,000MB/s",,,150TB,150만,"5년 , 제한보증",방열판 미포함,"M.2 (2280) / PCIe4.0x4 (64GT/s) / QLC / 컨트롤러: 기타 / [성능] 순차읽기: 4,400MB/s / 순차쓰기: 3,000MB/s / [지원기능] HMB / ECC / SLC캐싱 / [환경특성] MTBF: 150만 / TBW: 150TB / A/S기간: 5년 , 제한보증 / 방열판 미포함 / 두께: 2.1mm / 6.5g",2025/10,ok,
2026-10-01T01:29:14+00:00,19706051,TeamGroup AX2 해외구매 (1TB),https://prod.danawa.com/info/?pcode=19706051&cate=11229608,6.4cm(2.5형),SATA3 (6Gb/s),1TB,,,기타,540MB/s,490MB/s,,,800TB,100만,,,6.4cm(2.5형) / SATA3 (6Gb/s) / 컨트롤러: 기타 / [성능] 순차읽기: 540MB/s / 순차쓰기: 490MB/s / [지원기능] ECC / SLC캐싱 / [환경특성] MTBF: 100만 / TBW: 800TB / 두께: 7mm,2023/04,ok,
2026-10-01T01:29:14+00:00,19705955,TeamGroup AX2 해외구매 (256GB),https://prod.danawa.com/info/?pcode=19705955&cate=11229608,6.4cm(2.5형),SATA3 (6Gb/s),256GB,,,,520MB/s,430MB/s,,,200TB,100만,,,6.4cm(2.5형) / SATA3 (6Gb/s) / [성능] 순차읽기: 520MB/s / 순차쓰기: 430MB/s / [지원기능] ECC / SLC캐싱 / [환경특성] MTBF: 100만 / TBW: 200TB / 두께: 7mm,2023/04,ok,
2026-10-01T01:29:14+00:00,12714503,TeamGroup CX2 (256GB),https://prod.danawa.com/info/?pcode=12714503&cate=11229608,6.4cm(2.5형),SATA3 (6Gb/s),256GB,,,기타,520MB/s,430MB/s,,,200TB,100만,"3년 , 제한보증",,"6.4cm(2.5형) / SATA3 (6Gb/s) / 컨트롤러: 기타 / [성능] 순차읽기: 520MB/s / 순차쓰기: 430MB/s / [지원기능] ECC / SLC캐싱 / [환경특성] MTBF: 100만 / TBW: 200TB / A/S기간: 3년 , 제한보증 / 두께: 7mm",2020/11,ok,
2026-10-01T01:29:14+00:00,12714575,TeamGroup CX2 (512GB),https://prod.danawa.com/info/?pcode=12714575&cate=11229608,6.4cm(2.5형),SATA3 (6Gb/s),512GB,,,기타,530MB/s,470MB/s,,,400TB,100만,"3년 , 제한보증",,"6.4cm(2.5형) / SATA3 (6Gb/s) / 컨트롤러: 기타 / [성능] 순차읽기: 530MB/s / 순차쓰기: 470MB/s / [지원기능] ECC / SLC캐싱 / [환경특성] MTBF: 100만 / TBW: 400TB / A/S기간: 3년 , 제한보증 / 두께: 7mm",2020/11,ok,
2026-10-01T01:29:14+00:00,9282297,TeamGroup GX1 (240GB),https://prod.danawa.com/info/?pcode=9282297&cate=11229608,6.4cm(2.5형),SATA3 (6Gb/s),240GB,TLC,,"파이슨,실리콘모션",500MB/s,400MB/s,,,200TB,100만,"제한보증 , 3년",,"6.4cm(2.5형) / SATA3 (6Gb/s) / TLC / 컨트롤러: 파이슨,실리콘모션 / [성능] 순차읽기: 500MB/s / 순차쓰기: 400MB/s / [지원기능] GC / S.M.A.R.T / TRIM / ECC / DEVSLP / [환경특성] MTBF: 100만 / TBW: 200TB / A/S기간: 제한보증 , 3년 / 두께: 7mm / ※ 2022년 10월부로 패키지 디자인 리뉴얼 / 컨트롤러는 상황에 따라 임의 변경 출고될 수 있음(파이슨 / 실리콘모션)",2019/08,ok,
2026-10-01T01:29:14+00:00,9282543,TeamGroup GX2 (128GB),https://prod.danawa.com/info/?pcode=9282543&cate=11229608,6.4cm(2.5형),SATA3 (6Gb/s),128GB,TLC,,"파이슨,실리콘모션",500MB/s,320MB/s,,,100TB,100만,"3년 , 제한보증",,"6.4cm(2.5형) / SATA3 (6Gb/s) / TLC / 컨트롤러: 파이슨,실리콘모션 / [성능] 순차읽기: 500MB/s / 순차쓰기: 320MB/s / [지원기능] DEVSLP / TRIM / ECC / GC / S.M.A.R.T / [환경특성] MTBF: 100만 / TBW: 100TB / A/S기간: 3년 , 제한보증 / 두께: 7mm / ※ 2022년 10월부로 패키지 디자인 리뉴얼 / 컨트롤러는 상황에 따라 임의 변경 출고될 수 있음(파이슨 / 실리콘모션)",2019/08,ok,
2026-10-01T01:29:14+00:00,9282597,TeamGroup GX2 (1TB),https://prod.danawa.com/info/?pcode=9282597&cate=11229608,6.4cm(2.5형),SATA3 (6Gb/s),1TB,TLC,,"파이슨,실리콘모션",530MB/s,480MB/s,,,800TB,100만,"3년 , 제한보증",,"6.4cm(2.5형) / SATA3 (6Gb/s) / TLC / 컨트롤러: 파이슨,실리콘모션 / [성능] 순차읽기: 530MB/s / 순차쓰기: 480MB/s / [지원기능] DEVSLP / TRIM / ECC / GC / S.M.A.R.T / [환경특성] MTBF: 100만 / TBW: 800TB / A/S기간: 3년 , 제한보증 / 두께: 7mm / ※ 2022년 10월부로 패키지 디자인 리뉴얼 / 컨트롤러는 상황에 따라 임의 변경 출고될 수 있음(파이슨 / 실리콘모션)",2019/08,ok,
2026-10-01T01:29:14+00:00,9282576,TeamGroup GX2 (256GB),https://prod.danawa.com/info/?pcode=9282576&cate=11229608,6.4cm(2.5형),SATA3 (6Gb/s),256GB,TLC,,"파이슨,실리콘모션",500MB/s,400MB/s,,,200TB,100만,"제한보증 , 3년",,"6.4cm(2.5형) / SATA3 (6Gb/s) / TLC / 컨트롤러: 파이슨,실리콘모션 / [성능] 순차읽기: 500MB/s / 순차쓰기: 400MB/s / [지원기능] TRIM / ECC / DEVSLP / GC / S.M.A.R.T / [환경특성] MTBF: 100만 / TBW: 200TB / A/S기간: 제한보증 , 3년 / 두께: 7mm / ※ 2022년 10월부로 패키지 디자인 리뉴얼 / 컨트롤러는 상황에 따라 임의 변경 출고될 수 있음(파이슨 / 실리콘모션)",2019/08,ok,
2026-10-01T01:29:14+00:00,9282591,TeamGroup GX2 (512GB),https://prod.danawa.com/info/?pcode=9282591&cate=11229608,6.4cm(2.5형),SATA3 (6Gb/s),512GB,TLC,,"파이슨,실리콘모션",530MB/s,430MB/s,,,400TB,100만,"3년 , 제한보증",,"6.4cm(2.5형) / SATA3 (6Gb/s) / TLC / 컨트롤러: 파이슨,실리콘모션 / [성능] 순차읽기: 530MB/s / 순차쓰기: 430MB/s / [지원기능] TRIM / ECC / DEVSLP / GC / S.M.A.R.T / [환경특성] MTBF: 100만 / TBW: 400TB / A/S기간: 3년 , 제한보증 / 두께: 7mm / ※ 2022년 10월부로 패키지 디자인 리뉴얼 / 컨트롤러는 상황에 따라 임의 변경 출고될 수 있음(파이슨 / 실리콘모션)",2019/08,ok,
2026-10-01T01:29:14+00:00,104325023,TeamGroup MP33 M.2 NVMe 서린 (1TB),https://prod.danawa.com/info/?pcode=104325023&cate=11229608,M.2 (2280),PCIe3.0x4 (32GT/s),1TB,TLC,,기타,"1,800MB/s","1,500MB/s",,,240TB,150만,"5년 , 제한보증",방열판 미포함,"M.2 (2280) / PCIe3.0x4 (32GT/s) / TLC / 컨트롤러: 기타 / [성능] 순차읽기: 1,800MB/s / 순차쓰기: 1,500MB/s / [지원기능] HMB / TRIM / ECC / SLC캐싱 / GC / S.M.A.R.T / [환경특성] MTBF: 150만 / TBW: 240TB / A/S기간: 5년 , 제한보증 / 방열판 미포함 / 두께: 3.8mm / 6g",2026/01,ok,
2026-10-01T01:29:14+00:00,104325029,TeamGroup MP33 M.2 NVMe 서린 (512GB),https://prod.danawa.com/info/?pcode=104325029&cate=11229608,M.2 (2280),PCIe3.0x4 (32GT/s),512GB,TLC,,기타,"1,700MB/s","1,400MB/s",,,120TB,150만,"5년 , 제한보증",방열판 미포함,"M.2 (2280) / PCIe3.0x4 (32GT/s) / TLC / 컨트롤러: 기타 / [성능] 순차읽기: 1,700MB/s / 순차쓰기: 1,400MB/s / [지원기능] HMB / TRIM / ECC / SLC캐싱 / GC / S.M.A.R.T / [환경특성] MTBF: 150만 / TBW: 120TB / A/S기간: 5년 , 제한보증 / 방열판 미포함 / 두께: 3.8mm / 6g",2026/01,ok,
2026-10-01T01:29:14+00:00,15624662,TeamGroup MP33 PRO M.2 NVMe 해외구매 (1TB),https://prod.danawa.com/info/?pcode=15624662&cate=11229608,M.2 (2280),PCIe3.0x4 (32GT/s),1TB,TLC,,기타,"2,100MB/s","1,700MB/s",220K,200K,600TB,200만,,방열판 미포함,"M.2 (2280) / PCIe3.0x4 (32GT/s) / TLC / 컨트롤러: 기타 / [성능] 순차읽기: 2,100MB/s / 순차쓰기: 1,700MB/s / 읽기IOPS: 220K / 쓰기IOPS: 200K / [지원기능] S.M.A.R.T / SLC캐싱 / HMB / ECC / [환경특성] MTBF: 200만 / TBW: 600TB / 방열판 미포함 / 두께: 3.8mm / 6g",2021/11,ok,
2026-10-01T01:29:14+00:00,18983489,TeamGroup MP44L M.2 NVMe 서린 (1TB),https://prod.danawa.com/info/?pcode=18983489&cate=11229608,M.2 (2280),PCIe4.0x4 (64GT/s),1TB,TLC,,기타,"5,000MB/s","4,500MB/s",525K,550K,600TB,150만,"5년 , 제한보증",방열판 미포함,"M.2 (2280) / PCIe4.0x4 (64GT/s) / TLC / 컨트롤러: 기타 / [성능] 순차읽기: 5,000MB/s / 순차쓰기: 4,500MB/s / 읽기IOPS: 525K / 쓰기IOPS: 550K / [지원기능] TRIM / ECC / HMB / GC / SLC캐싱 / S.M.A.R.T / [환경특성] MTBF: 150만 / TBW: 600TB / A/S기간: 5년 , 제한보증 / 방열판 미포함 / 두께: 2.25mm / 7g",2023/02,ok,
2026-10-01T01:29:14+00:00,18983501,TeamGroup MP44L M.2 NVMe 서린 (500GB),https://prod.danawa.com/info/?pcode=18983501&cate=11229608,M.2 (2280),PCIe4.0x4 (64GT/s),500GB,TLC,,기타,"5,000MB/s","3,700MB/s",440K,545K,300TB,150만,"제한보증 , 5년",방열판 미포함,"M.2 (2280) / PCIe4.0x4 (64GT/s) / TLC / 컨트롤러: 기타 / [성능] 순차읽기: 5,000MB/s / 순차쓰기: 3,700MB/s / 읽기IOPS: 440K / 쓰기IOPS: 545K / [지원기능] HMB / TRIM / ECC / SLC캐싱 / GC / S.M.A.R.T / [환경특성] MTBF: 150만 / TBW: 300TB / A/S기간: 제한보증 , 5년 / 방열판 미포함 / 두께: 2.25mm / 7g",2023/02,ok,
2026-10-01T01:29:14+00:00,59759888,TeamGroup MP44Q M.2 NVMe 해외구매 (1TB),https://prod.danawa.com/info/?pcode=59759888&cate=11229608,M.2 (2280),PCIe4.0x4 (64GT/s),1TB,QLC,,Maxio,"7,400MB/s","6,200MB/s",,,512TB,160만,,방열판 미포함,"M.2 (2280) / PCIe4.0x4 (64GT/s) / QLC / 컨트롤러: Maxio / [성능] 순차읽기: 7,400MB/s / 순차쓰기: 6,200MB/s / [지원기능] HMB / TRIM / SLC캐싱 / S.M.A.R.T / [환경특성] MTBF: 160만 / TBW: 512TB / PS5 호환 / 방열판 미포함 / 두께: 3.7mm / 7g",2024/07,ok,
2026-10-01T01:29:14+00:00,59759942,TeamGroup MP44Q M.2 NVMe 해외구매 (2TB),https://prod.danawa.com/info/?pcode=59759942&cate=11229608,M.2 (2280),PCIe4.0x4 (64GT/s),2TB,QLC,,Maxio,"7,400MB/s","6,500MB/s",,,"1,024TB",160만,,방열판 미포함,"M.2 (2280) / PCIe4.0x4 (64GT/s) / QLC / 컨트롤러: Maxio / [성능] 순차읽기: 7,400MB/s / 순차쓰기: 6,500MB/s / [지원기능] TRIM / HMB / SLC캐싱 / S.M.A.R.T / [환경특성] MTBF: 160만 / TBW: 1,024TB / PS5 호환 / 방열판 미포함 / 두께: 3.7mm / 7g",2024/07,ok,
2026-10-01T01:29:14+00:00,59760059,TeamGroup MP44Q M.2 NVMe 해외구매 (4TB),https://prod.danawa.com/info/?pcode=59760059&cate=11229608,M.2 (2280),PCIe4.0x4 (64GT/s),4TB,QLC,,Maxio,"7,400MB/s","6,500MB/s",,,"2,048TB",160만,,방열판 미포함,"M.2 (2280) / PCIe4.0x4 (64GT/s) / QLC / 컨트롤러: Maxio / [성능] 순차읽기: 7,400MB/s / 순차쓰기: 6,500MB/s / [지원기능] HMB / TRIM / SLC캐싱 / S.M.A.R.T / [환경특성] MTBF: 160만 / TBW: 2,048TB / PS5 호환 / 방열판 미포함 / 두께: 3.7mm / 7g",2024/07,ok,
2026-10-01T01:29:14+00:00,52259360,TeamGroup MP44S M.2 2230 NVMe 해외구매 (1TB),https://prod.danawa.com/info/?pcode=52259360&cate=11229608,M.2 (2230),PCIe4.0x4 (64GT/s),1TB,,,기타,"5,000MB/s","3,500MB/s",480K,500K,250TB,150만,,방열판 미포함,"M.2 (2230) / PCIe4.0x4 (64GT/s) / 컨트롤러: 기타 / 순차읽기: 5,000MB/s / 순차쓰기: 3,500MB/s / 읽기IOPS: 480K / 쓰기IOPS: 500K / [지원기능] HMB / TRIM / SLC캐싱 / GC / S.M.A.R.T / 전용 S/W / [환경특성] MTBF: 150만 / TBW: 250TB / 스팀덱, Ally 호환 / 방열판 미포함 / 두께: 3.7mm / 3g",2024/05,ok,
2026-10-01T01:29:14+00:00,52259324,TeamGroup MP44S M.2 2230 NVMe 해외구매 (2TB),https://prod.danawa.com/info/?pcode=52259324&cate=11229608,M.2 (2230),PCIe4.0x4 (64GT/s),2TB,,,기타,"5,000MB/s","3,500MB/s",480K,500K,450TB,150만,,방열판 미포함,"M.2 (2230) / PCIe4.0x4 (64GT/s) / 컨트롤러: 기타 / 순차읽기: 5,000MB/s / 순차쓰기: 3,500MB/s / 읽기IOPS: 480K / 쓰기IOPS: 500K / [지원기능] HMB / TRIM / SLC캐싱 / GC / S.M.A.R.T / 전용 S/W / [환경특성] MTBF: 150만 / TBW: 450TB / 스팀덱, Ally 호환 / 방열판 미포함 / 두께: 3.7mm / 3g",2024/05,ok,
2026-10-01T01:29:14+00:00,7911898,TeamGroup MS30 M.2 SATA (256GB),https://prod.danawa.com/info/?pcode=7911898&cate=11229608,M.2 (2280),SATA3 (6Gb/s),256GB,TLC,,실리콘모션 SM2258XT,500MB/s,400MB/s,,,128TB,150만,3년,,M.2 (2280) / SATA3 (6Gb/s) / TLC / 컨트롤러: 실리콘모션 SM2258XT / [성능] 순차읽기: 500MB/s / 순차쓰기: 400MB/s / [지원기능] GC / S.M.A.R.T / SLC캐싱 / TRIM / ECC / DEVSLP / [환경특성] MTBF: 150만 / TBW: 128TB / A/S기간: 3년 / 두께: 3.5mm,2019/05,ok,
2026-10-01T01:29:14+00:00,7911922,TeamGroup MS30 M.2 SATA (512GB),https://prod.danawa.com/info/?pcode=7911922&cate=11229608,M.2 (2280),SATA3 (6Gb/s),512GB,TLC,,실리콘모션 SM2258XT,530MB/s,430MB/s,,,256TB,150만,3년,,M.2 (2280) / SATA3 (6Gb/s) / TLC / 컨트롤러: 실리콘모션 SM2258XT / [성능] 순차읽기: 530MB/s / 순차쓰기: 430MB/s / [지원기능] TRIM / ECC / DEVSLP / SLC캐싱 / GC / S.M.A.R.T / [환경특성] MTBF: 150만 / TBW: 256TB / A/S기간: 3년 / 두께: 3.5mm,2019/06,ok,
2026-10-01T01:29:14+00:00,7922116,TeamGroup MS30 M.2 SATA 해외구매 (1TB),https://prod.danawa.com/info/?pcode=7922116&cate=11229608,M.2 (2280),SATA3 (6Gb/s),1TB,TLC,,실리콘모션 SM2258XT,530MB/s,480MB/s,,,512TB,150만,,,M.2 (2280) / SATA3 (6Gb/s) / TLC / 컨트롤러: 실리콘모션 SM2258XT / [성능] 순차읽기: 530MB/s / 순차쓰기: 480MB/s / [지원기능] GC / S.M.A.R.T / SLC캐싱 / TRIM / ECC / DEVSLP / [환경특성] MTBF: 150만 / TBW: 512TB / 두께: 3.5mm,2019/05,ok,
2026-10-01T01:29:14+00:00,103453349,TeamGroup NV10000 M.2 NVMe 해외구매 (2TB),https://prod.danawa.com/info/?pcode=103453349&cate=11229608,M.2 (2280),PCIe5.0x4 (128GT/s),2TB,,,기타,"10,000MB/s","8,500MB/s",,,"1,200TB",150만,,방열판 미포함,"M.2 (2280) / PCIe5.0x4 (128GT/s) / 컨트롤러: 기타 / [성능] 순차읽기: 10,000MB/s / 순차쓰기: 8,500MB/s / [지원기능] TRIM / SLC캐싱 / S.M.A.R.T / [환경특성] MTBF: 150만 / TBW: 1,200TB / PS5 호환 / 방열판 미포함 / 두께: 3.7mm / 7g",2026/01,ok,
2026-10-01T01:29:14+00:00,96984434,TeamGroup T-Force G50 M.2 NVMe 해외구매 (512GB),https://prod.danawa.com/info/?pcode=96984434&cate=11229608,M.2 (2280),PCIe4.0x4 (64GT/s),512GB,,,InnoGrit,"5,000MB/s","2,500MB/s",,,325TB,300만,,방열판 미포함,"M.2 (2280) / PCIe4.0x4 (64GT/s) / 컨트롤러: InnoGrit / [성능] 순차읽기: 5,000MB/s / 순차쓰기: 2,500MB/s / [지원기능] HMB / TRIM / ECC / SLC캐싱 / GC / S.M.A.R.T / 전용 S/W / [환경특성] MTBF: 300만 / TBW: 325TB / 방열판 미포함 / 두께: 3.7mm / 7g",2024/05,ok,
2026-10-01T01:29:14+00:00,89602244,TeamGroup T-Force GA PRO M.2 NVMe 해외구매 (1TB),https://prod.danawa.com/info/?pcode=89602244&cate=11229608,M.2 (2280),PCIe5.0x4 (128GT/s),1TB,TLC,DRAM 탑재,InnoGrit IG5666,"10,000MB/s","8,500MB/s",,,600TB,160만,,방열판 미포함,"M.2 (2280) / PCIe5.0x4 (128GT/s) / TLC / DRAM 탑재 / 컨트롤러: InnoGrit IG5666 / [성능] 순차읽기: 10,000MB/s / 순차쓰기: 8,500MB/s / [지원기능] S.M.A.R.T / SLC캐싱 / TRIM / ECC / [환경특성] MTBF: 160만 / TBW: 600TB / PS5 호환 / 방열판 미포함 / 두께: 3.9mm / 7g",2025/04,ok,
2026-10-01T01:29:14+00:00,91346567,TeamGroup T-Force GA PRO M.2 NVMe 해외구매 (2TB),https://prod.danawa.com/info/?pcode=91346567&cate=11229608,M.2 (2280),PCIe5.0x4 (128GT/s),2TB,TLC,DRAM 탑재,InnoGrit IG5666,"10,000MB/s","8,500MB/s",,,"1,200TB",160만,,방열판 미포함,"M.2 (2280) / PCIe5.0x4 (128GT/s) / TLC / DRAM 탑재 / 컨트롤러: InnoGrit IG5666 / [성능] 순차읽기: 10,000MB/s / 순차쓰기: 8,500MB/s / [지원기능] TRIM / ECC / SLC캐싱 / S.M.A.R.T / [환경특성] MTBF: 160만 / TBW: 1,200TB / PS5 호환 / 방열판 미포함 / 두께: 3.9mm / 7g",2025/04,ok,
2026-10-01T01:29:14+00:00,122682624,TeamGroup T-Force GA PRO for DARK AirFlow M.2 NVMe (1TB),https://prod.danawa.com/info/?pcode=122682624&cate=11229608,M.2 (2280),PCIe5.0x4 (128GT/s),1TB,TLC,DRAM 탑재,InnoGrit IG5666,"10,000MB/s","8,500MB/s",,,600TB,160만,"5년 , 제한보증",,"M.2 (2280) / PCIe5.0x4 (128GT/s) / TLC / DRAM 탑재 / 컨트롤러: InnoGrit IG5666 / [성능] 순차읽기: 10,000MB/s / 순차쓰기: 8,500MB/s / [지원기능] S.M.A.R.T / SLC캐싱 / TRIM / ECC / [환경특성] MTBF: 160만 / TBW: 600TB / PS5 호환 / A/S기간: 5년 , 제한보증 / 방열판 제공(탈거가능) / 두께: 62.3mm / [기타] 쿨러 보증기간: 1년",2026/05,ok,
2026-10-01T01:29:14+00:00,18681773,Union Memory AM620 M.2 2242 NVMe 벌크 (256GB),https://prod.danawa.com/info/?pcode=18681773&cate=11229608,M.2 (2242),PCIe3.0x4 (32GT/s),256GB,TLC,,기타,"2,100MB/s",1.200MB/s,180K,240K,,200만시간,,방열판 미포함,"M.2 (2242) / PCIe3.0x4 (32GT/s) / TLC / 컨트롤러: 기타 / [성능] 순차읽기: 2,100MB/s / 순차쓰기: 1.200MB/s / 읽기IOPS: 180K / 쓰기IOPS: 240K / [환경특성] MTBF: 200만시간 / 방열판 미포함 / 두께: 2.38mm / 5g / [기타] 노트북 적출상품",2023/01,ok,
2026-10-01T01:29:14+00:00,78234926,Union Memory AM6A0 M.2 2242 NVMe 벌크 (256GB),https://prod.danawa.com/info/?pcode=78234926&cate=11229608,M.2 (2242),PCIe4.0x4 (64GT/s),256GB,TLC,,기타,"3,900MB/s","2,200MB/s",400K,400K,,200만시간,,방열판 미포함,"M.2 (2242) / PCIe4.0x4 (64GT/s) / TLC / 컨트롤러: 기타 / [성능] 순차읽기: 3,900MB/s / 순차쓰기: 2,200MB/s / 읽기IOPS: 400K / 쓰기IOPS: 400K / [환경특성] MTBF: 200만시간 / 방열판 미포함 / 두께: 2.38mm / 3.5g / [기타] 노트북 적출상품",2025/03,ok,
2026-10-01T01:29:14+00:00,122692240,Union Memory AM6A0 M.2 NVMe 벌크 (512GB),https://prod.danawa.com/info/?pcode=122692240&cate=11229608,M.2 (2280),PCIe4.0x4 (64GT/s),512GB,TLC,,기타,"3,900MB/s","3,100MB/s",400K,400K,,200만,,방열판 미포함,"M.2 (2280) / PCIe4.0x4 (64GT/s) / TLC / 컨트롤러: 기타 / [성능] 순차읽기: 3,900MB/s / 순차쓰기: 3,100MB/s / 읽기IOPS: 400K / 쓰기IOPS: 400K / [환경특성] MTBF: 200만 / 방열판 미포함 / 두께: 2.38mm / 6g / [기타] 노트북 적출상품",2026/06,ok,
2026-10-01T01:29:14+00:00,13875032,Western Digital WD BLACK AN1500 PCIe NVMe 해외구매 (1TB),https://prod.danawa.com/info/?pcode=13875032&cate=11229608,PCIe 카드,PCIe 카드,1TB,,,기타,"6,500MB/s","4,100MB/s",,,,175만,,방열판 포함,"PCIe 카드 / PCIe3.0x8 (64GT/s) / 컨트롤러: 기타 / [성능] 순차읽기: 6,500MB/s / 순차쓰기: 4,100MB/s / [지원기능] TRIM / S.M.A.R.T / 전용 S/W / [환경특성] MTBF: 175만 / 방열판 포함 / 두께: 13mm / 210g",2020/12,ok,
2026-10-01T01:29:14+00:00,74118179,Western Digital WD BLACK SN7100 M.2 NVMe (1TB),https://prod.danawa.com/info/?pcode=74118179&cate=11229608,M.2 (2280),PCIe4.0x4 (64GT/s),1TB,TLC,,WD Polaris 3,"7,250MB/s","6,900MB/s","1,000K","1,400K",600TB,,"5년 , 제한보증",방열판 미포함,"M.2 (2280) / PCIe4.0x4 (64GT/s) / TLC / 컨트롤러: WD Polaris 3 / [성능] 순차읽기: 7,250MB/s / 순차쓰기: 6,900MB/s / 읽기IOPS: 1,000K / 쓰기IOPS: 1,400K / [지원기능] TRIM / HMB / SLC캐싱 / S.M.A.R.T / [환경특성] TBW: 600TB / PS5 호환 / A/S기간: 5년 , 제한보증 / 방열판 미포함 / 두께: 1.14mm / 5.8g",2025/01,ok,
2026-10-01T01:29:14+00:00,74118173,Western Digital WD BLACK SN7100 M.2 NVMe (2TB),https://prod.danawa.com/info/?pcode=74118173&cate=11229608,M.2 (2280),PCIe4.0x4 (64GT/s),2TB,TLC,,WD Polaris 3,"7,250MB/s","6,900MB/s","1,000K","1,400K","1,200TB",,"5년 , 제한보증",방열판 미포함,"M.2 (2280) / PCIe4.0x4 (64GT/s) / TLC / 컨트롤러: WD Polaris 3 / [성능] 순차읽기: 7,250MB/s / 순차쓰기: 6,900MB/s / 읽기IOPS: 1,000K / 쓰기IOPS: 1,400K / [지원기능] TRIM / HMB / SLC캐싱 / S.M.A.R.T / [환경특성] TBW: 1,200TB / SLC: 650GB / PS5 호환 / A/S기간: 5년 , 제한보증 / 방열판 미포함 / 두께: 1.14mm / 5.8g",2025/01,ok,
2026-10-01T01:29:14+00:00,75001856,Western Digital WD BLACK SN7100 M.2 NVMe (4TB),https://prod.danawa.com/info/?pcode=75001856&cate=11229608,M.2 (2280),PCIe4.0x4 (64GT/s),4TB,TLC,,WD Polaris 3,"7,000MB/s","6,700MB/s",900K,"1,350K","2,400TB",,"제한보증 , 5년",방열판 미포함,"M.2 (2280) / PCIe4.0x4 (64GT/s) / TLC / 컨트롤러: WD Polaris 3 / [성능] 순차읽기: 7,000MB/s / 순차쓰기: 6,700MB/s / 읽기IOPS: 900K / 쓰기IOPS: 1,350K / [지원기능] HMB / TRIM / SLC캐싱 / S.M.A.R.T / [환경특성] TBW: 2,400TB / PS5 호환 / A/S기간: 제한보증 , 5년 / 방열판 미포함 / 두께: 1.14mm / 5.8g",2025/01,ok,
2026-10-01T01:29:14+00:00,74118188,Western Digital WD BLACK SN7100 M.2 NVMe (500GB),https://prod.danawa.com/info/?pcode=74118188&cate=11229608,M.2 (2280),PCIe4.0x4 (64GT/s),500GB,TLC,,WD Polaris 3,"6,800MB/s","5,800MB/s",760K,"1,200K",300TB,,"5년 , 제한보증",방열판 미포함,"M.2 (2280) / PCIe4.0x4 (64GT/s) / TLC / 컨트롤러: WD Polaris 3 / [성능] 순차읽기: 6,800MB/s / 순차쓰기: 5,800MB/s / 읽기IOPS: 760K / 쓰기IOPS: 1,200K / [지원기능] TRIM / HMB / SLC캐싱 / S.M.A.R.T / [환경특성] TBW: 300TB / PS5 호환 / A/S기간: 5년 , 제한보증 / 방열판 미포함 / 두께: 1.14mm / 5.8g",2025/01,ok,
2026-10-01T01:29:14+00:00,72310637,Western Digital WD BLACK SN7100 M.2 NVMe 해외구매 (1TB),https://prod.danawa.com/info/?pcode=72310637&cate=11229608,M.2 (2280),PCIe4.0x4 (64GT/s),1TB,TLC,,WD Polaris 3,"7,250MB/s","6,900MB/s","1,000K","1,400K",600TB,,,방열판 미포함,"M.2 (2280) / PCIe4.0x4 (64GT/s) / TLC / 컨트롤러: WD Polaris 3 / [성능] 순차읽기: 7,250MB/s / 순차쓰기: 6,900MB/s / 읽기IOPS: 1,000K / 쓰기IOPS: 1,400K / [지원기능] TRIM / HMB / SLC캐싱 / S.M.A.R.T / [환경특성] TBW: 600TB / PS5 호환 / 방열판 미포함 / 두께: 1.14mm / 5.8g",2024/12,ok,
2026-10-01T01:29:14+00:00,72310649,Western Digital WD BLACK SN7100 M.2 NVMe 해외구매 (2TB),https://prod.danawa.com/info/?pcode=72310649&cate=11229608,M.2 (2280),PCIe4.0x4 (64GT/s),2TB,TLC,,WD Polaris 3,"7,250MB/s","6,900MB/s","1,000K","1,400K","1,200TB",,,방열판 미포함,"M.2 (2280) / PCIe4.0x4 (64GT/s) / TLC / 컨트롤러: WD Polaris 3 / [성능] 순차읽기: 7,250MB/s / 순차쓰기: 6,900MB/s / 읽기IOPS: 1,000K / 쓰기IOPS: 1,400K / [지원기능] TRIM / HMB / SLC캐싱 / S.M.A.R.T / [환경특성] TBW: 1,200TB / SLC: 650GB / PS5 호환 / 방열판 미포함 / 두께: 1.14mm / 5.8g",2024/12,ok,
2026-10-01T01:29:14+00:00,78611906,Western Digital WD BLACK SN7100 M.2 NVMe 해외구매 (4TB),https://prod.danawa.com/info/?pcode=78611906&cate=11229608,M.2 (2280),PCIe4.0x4 (64GT/s),4TB,TLC,,WD Polaris 3,"7,000MB/s","6,700MB/s",900K,"1,350K","2,400TB",,,방열판 미포함,"M.2 (2280) / PCIe4.0x4 (64GT/s) / TLC / 컨트롤러: WD Polaris 3 / [성능] 순차읽기: 7,000MB/s / 순차쓰기: 6,700MB/s / 읽기IOPS: 900K / 쓰기IOPS: 1,350K / [지원기능] TRIM / HMB / SLC캐싱 / S.M.A.R.T / [환경특성] TBW: 2,400TB / PS5 호환 / 방열판 미포함 / 두께: 1.14mm / 5.8g",2024/12,ok,
2026-10-01T01:29:14+00:00,72310385,Western Digital WD BLACK SN7100 M.2 NVMe 해외구매 (500GB),https://prod.danawa.com/info/?pcode=72310385&cate=11229608,M.2 (2280),PCIe4.0x4 (64GT/s),500GB,TLC,,WD Polaris 3,"6,800MB/s","5,800MB/s",760K,"1,200K",300TB,,,방열판 미포함,"M.2 (2280) / PCIe4.0x4 (64GT/s) / TLC / 컨트롤러: WD Polaris 3 / [성능] 순차읽기: 6,800MB/s / 순차쓰기: 5,800MB/s / 읽기IOPS: 760K / 쓰기IOPS: 1,200K / [지원기능] S.M.A.R.T / SLC캐싱 / TRIM / HMB / [환경특성] TBW: 300TB / PS5 호환 / 방열판 미포함 / 두께: 1.14mm / 5.8g",2024/12,ok,
2026-10-01T01:29:14+00:00,7395145,Western Digital WD BLACK SN750 M.2 NVMe (500GB),https://prod.danawa.com/info/?pcode=7395145&cate=11229608,M.2 (2280),PCIe3.0x4 (32GT/s),500GB,TLC,DRAM 탑재,기타,"3,470MB/s","2,600MB/s",최대 420K,최대 380K,300TB,175만,"5년 , 제한보증",방열판 미포함,"M.2 (2280) / PCIe3.0x4 (32GT/s) / TLC / DRAM 탑재 / 컨트롤러: 기타 / [성능] 순차읽기: 3,470MB/s / 순차쓰기: 2,600MB/s / 읽기IOPS: 최대 420K / 쓰기IOPS: 최대 380K / [지원기능] DEVSLP / TRIM / ECC / SLC캐싱 / GC / S.M.A.R.T / 전용 S/W / [환경특성] MTBF: 175만 / TBW: 300TB / A/S기간: 5년 , 제한보증 / 방열판 미포함 / 두께: 2.38mm / 7.5g",2019/03,ok,
2026-10-01T01:29:14+00:00,16587578,Western Digital WD BLACK SN770 M.2 NVMe (250GB),https://prod.danawa.com/info/?pcode=16587578&cate=11229608,M.2 (2280),PCIe4.0x4 (64GT/s),250GB,TLC,,WD,"4,000MB/s","2,000MB/s",240K,470K,200TB,,"제한보증 , 5년",방열판 미포함,"M.2 (2280) / PCIe4.0x4 (64GT/s) / TLC / 컨트롤러: WD / [성능] 순차읽기: 4,000MB/s / 순차쓰기: 2,000MB/s / 읽기IOPS: 240K / 쓰기IOPS: 470K / [지원기능] TRIM / HMB / SLC캐싱 / S.M.A.R.T / 전용 S/W / [환경특성] TBW: 200TB / A/S기간: 제한보증 , 5년 / 방열판 미포함 / 두께: 2.38mm / 5.5g",2022/03,ok,
2026-10-01T01:29:14+00:00,29868374,Western Digital WD BLACK SN770M M.2 2230 NVMe (1TB),https://prod.danawa.com/info/?pcode=29868374&cate=11229608,M.2 (2230),PCIe4.0x4 (64GT/s),1TB,TLC,,WD,"5,150MB/s","4,900MB/s",740K,800K,600TB,180만,"5년 , 제한보증",방열판 미포함,"M.2 (2230) / PCIe4.0x4 (64GT/s) / TLC / 컨트롤러: WD / [성능] 순차읽기: 5,150MB/s / 순차쓰기: 4,900MB/s / 읽기IOPS: 740K / 쓰기IOPS: 800K / [지원기능] TRIM / HMB / SLC캐싱 / S.M.A.R.T / 전용 S/W / [환경특성] MTBF: 180만 / TBW: 600TB / 스팀덱, Ally 호환 / A/S기간: 5년 , 제한보증 / 방열판 미포함 / 두께: 2.38mm / 2.8g",2023/11,ok,
2026-10-01T01:29:14+00:00,29868269,Western Digital WD BLACK SN770M M.2 2230 NVMe (2TB),https://prod.danawa.com/info/?pcode=29868269&cate=11229608,M.2 (2230),PCIe4.0x4 (64GT/s),2TB,TLC,,WD,"5,150MB/s","4,850MB/s",650K,800K,"1,200TB",180만,"5년 , 제한보증",방열판 미포함,"M.2 (2230) / PCIe4.0x4 (64GT/s) / TLC / 컨트롤러: WD / [성능] 순차읽기: 5,150MB/s / 순차쓰기: 4,850MB/s / 읽기IOPS: 650K / 쓰기IOPS: 800K / [지원기능] S.M.A.R.T / SLC캐싱 / TRIM / HMB / 전용 S/W / [환경특성] MTBF: 180만 / TBW: 1,200TB / SLC: 638GB / 스팀덱, Ally 호환 / A/S기간: 5년 , 제한보증 / 방열판 미포함 / 두께: 2.38mm / 2.8g",2023/11,ok,
2026-10-01T01:29:14+00:00,29868494,Western Digital WD BLACK SN770M M.2 2230 NVMe (500GB),https://prod.danawa.com/info/?pcode=29868494&cate=11229608,M.2 (2230),PCIe4.0x4 (64GT/s),500GB,TLC,,WD,"5,000MB/s","4,000MB/s",460K,800K,300TB,180만,"5년 , 제한보증",방열판 미포함,"M.2 (2230) / PCIe4.0x4 (64GT/s) / TLC / 컨트롤러: WD / [성능] 순차읽기: 5,000MB/s / 순차쓰기: 4,000MB/s / 읽기IOPS: 460K / 쓰기IOPS: 800K / [지원기능] S.M.A.R.T / SLC캐싱 / TRIM / HMB / 전용 S/W / [환경특성] MTBF: 180만 / TBW: 300TB / 스팀덱, Ally 호환 / A/S기간: 5년 , 제한보증 / 방열판 미포함 / 두께: 2.38mm / 2.8g",2023/11,ok,
2026-10-01T01:29:14+00:00,98183978,Western Digital WD BLACK SN770M M.2 2230 NVMe 중고 (1TB),https://prod.danawa.com/info/?pcode=98183978&cate=11229608,M.2 (2230),PCIe4.0x4 (64GT/s),1TB,TLC,,WD,"5,150MB/s","4,900MB/s",740K,800K,600TB,180만,,방열판 미포함,"M.2 (2230) / PCIe4.0x4 (64GT/s) / TLC / 컨트롤러: WD / [성능] 순차읽기: 5,150MB/s / 순차쓰기: 4,900MB/s / 읽기IOPS: 740K / 쓰기IOPS: 800K / [지원기능] TRIM / HMB / SLC캐싱 / S.M.A.R.T / 전용 S/W / [환경특성] MTBF: 180만 / TBW: 600TB / 스팀덱, Ally 호환 / 방열판 미포함 / 두께: 2.38mm / 2.8g",2023/11,ok,
2026-10-01T01:29:14+00:00,97838978,Western Digital WD BLACK SN770M M.2 2230 NVMe 중고 (2TB),https://prod.danawa.com/info/?pcode=97838978&cate=11229608,M.2 (2230),PCIe4.0x4 (64GT/s),2TB,TLC,,WD,"5,150MB/s","4,850MB/s",650K,800K,"1,200TB",180만,,방열판 미포함,"M.2 (2230) / PCIe4.0x4 (64GT/s) / TLC / 컨트롤러: WD / [성능] 순차읽기: 5,150MB/s / 순차쓰기: 4,850MB/s / 읽기IOPS: 650K / 쓰기IOPS: 800K / [지원기능] TRIM / HMB / SLC캐싱 / S.M.A.R.T / 전용 S/W / [환경특성] MTBF: 180만 / TBW: 1,200TB / SLC: 638GB / 스팀덱, Ally 호환 / 방열판 미포함 / 두께: 2.38mm / 2.8g",2023/12,ok,
2026-10-01T01:29:14+00:00,30103469,Western Digital WD BLACK SN770M M.2 2230 NVMe 해외구매 (1TB),https://prod.danawa.com/info/?pcode=30103469&cate=11229608,M.2 (2230),PCIe4.0x4 (64GT/s),1TB,TLC,,WD,"5,150MB/s","4,900MB/s",740K,800K,600TB,180만,,방열판 미포함,"M.2 (2230) / PCIe4.0x4 (64GT/s) / TLC / 컨트롤러: WD / [성능] 순차읽기: 5,150MB/s / 순차쓰기: 4,900MB/s / 읽기IOPS: 740K / 쓰기IOPS: 800K / [지원기능] TRIM / HMB / SLC캐싱 / S.M.A.R.T / 전용 S/W / [환경특성] MTBF: 180만 / TBW: 600TB / 스팀덱, Ally 호환 / 방열판 미포함 / 두께: 2.38mm / 2.8g",2023/11,ok,
2026-10-01T01:29:14+00:00,31283690,Western Digital WD BLACK SN770M M.2 2230 NVMe 해외구매 (2TB),https://prod.danawa.com/info/?pcode=31283690&cate=11229608,M.2 (2230),PCIe4.0x4 (64GT/s),2TB,TLC,,WD,"5,150MB/s","4,850MB/s",650K,800K,"1,200TB",180만,,방열판 미포함,"M.2 (2230) / PCIe4.0x4 (64GT/s) / TLC / 컨트롤러: WD / [성능] 순차읽기: 5,150MB/s / 순차쓰기: 4,850MB/s / 읽기IOPS: 650K / 쓰기IOPS: 800K / [지원기능] S.M.A.R.T / SLC캐싱 / TRIM / HMB / 전용 S/W / [환경특성] MTBF: 180만 / TBW: 1,200TB / SLC: 638GB / 스팀덱, Ally 호환 / 방열판 미포함 / 두께: 2.38mm / 2.8g",2023/12,ok,
2026-10-01T01:29:14+00:00,28376822,Western Digital WD BLACK SN770M M.2 2230 NVMe 해외구매 (500GB),https://prod.danawa.com/info/?pcode=28376822&cate=11229608,M.2 (2230),PCIe4.0x4 (64GT/s),500GB,TLC,,WD,"5,000MB/s","4,000MB/s",460K,800K,300TB,180만,,방열판 미포함,"M.2 (2230) / PCIe4.0x4 (64GT/s) / TLC / 컨트롤러: WD / [성능] 순차읽기: 5,000MB/s / 순차쓰기: 4,000MB/s / 읽기IOPS: 460K / 쓰기IOPS: 800K / [지원기능] HMB / TRIM / SLC캐싱 / S.M.A.R.T / 전용 S/W / [환경특성] MTBF: 180만 / TBW: 300TB / 스팀덱, Ally 호환 / 방열판 미포함 / 두께: 2.3mm / 2.8g",2023/09,ok,
2026-10-01T01:29:14+00:00,92186393,Western Digital WD BLACK SN8100 M.2 NVMe (1TB),https://prod.danawa.com/info/?pcode=92186393&cate=11229608,M.2 (2280),PCIe5.0x4 (128GT/s),1TB,TLC,DRAM 탑재,실리콘모션 SM2508,"14,900MB/s","11,000MB/s","1,600K","2,400K",600TB,175만,"제한보증 , 5년",방열판 미포함,"M.2 (2280) / PCIe5.0x4 (128GT/s) / TLC / DRAM 탑재 / DDR4 1GB / 컨트롤러: 실리콘모션 SM2508 / [성능] 순차읽기: 14,900MB/s / 순차쓰기: 11,000MB/s / 읽기IOPS: 1,600K / 쓰기IOPS: 2,400K / [지원기능] TRIM / SLC캐싱 / S.M.A.R.T / [환경특성] MTBF: 175만 / TBW: 600TB / PS5 호환 / A/S기간: 제한보증 , 5년 / 방열판 미포함 / 두께: 2.38mm / 7.5g",2025/06,ok,
2026-10-01T01:29:14+00:00,92186342,Western Digital WD BLACK SN8100 M.2 NVMe (2TB),https://prod.danawa.com/info/?pcode=92186342&cate=11229608,M.2 (2280),PCIe5.0x4 (128GT/s),2TB,TLC,DRAM 탑재,실리콘모션 SM2508,"14,900MB/s","14,000MB/s","2,300K","2,400K","1,200TB",175만,"5년 , 제한보증",방열판 미포함,"M.2 (2280) / PCIe5.0x4 (128GT/s) / TLC / DRAM 탑재 / DDR4 2GB / 컨트롤러: 실리콘모션 SM2508 / [성능] 순차읽기: 14,900MB/s / 순차쓰기: 14,000MB/s / 읽기IOPS: 2,300K / 쓰기IOPS: 2,400K / [지원기능] TRIM / SLC캐싱 / S.M.A.R.T / [환경특성] MTBF: 175만 / TBW: 1,200TB / PS5 호환 / A/S기간: 5년 , 제한보증 / 방열판 미포함 / 두께: 2.38mm / 7.5g",2025/06,ok,
2026-10-01T01:29:14+00:00,92184953,Western Digital WD BLACK SN8100 M.2 NVMe (4TB),https://prod.danawa.com/info/?pcode=92184953&cate=11229608,M.2 (2280),PCIe5.0x4 (128GT/s),4TB,TLC,DRAM 탑재,실리콘모션 SM2508,"14,900MB/s","14,000MB/s","2,300K","2,400K","2,400TB",175만,"5년 , 제한보증",방열판 미포함,"M.2 (2280) / PCIe5.0x4 (128GT/s) / TLC / DRAM 탑재 / DDR4 4GB / 컨트롤러: 실리콘모션 SM2508 / [성능] 순차읽기: 14,900MB/s / 순차쓰기: 14,000MB/s / 읽기IOPS: 2,300K / 쓰기IOPS: 2,400K / [지원기능] TRIM / S.M.A.R.T / SLC캐싱 / [환경특성] MTBF: 175만 / TBW: 2,400TB / PS5 호환 / A/S기간: 5년 , 제한보증 / 방열판 미포함 / 두께: 2.38mm / 7.5g",2025/06,ok,
2026-10-01T01:29:14+00:00,100618058,Western Digital WD BLACK SN8100 M.2 NVMe (8TB),https://prod.danawa.com/info/?pcode=100618058&cate=11229608,M.2 (2280),PCIe5.0x4 (128GT/s),8TB,TLC,DRAM 탑재,기타,"14,900MB/s","13,200MB/s","2,200K","2,400K","4,800TB",175만,"5년 , 제한보증",방열판 미포함,"M.2 (2280) / PCIe5.0x4 (128GT/s) / TLC / DRAM 탑재 / 컨트롤러: 기타 / [성능] 순차읽기: 14,900MB/s / 순차쓰기: 13,200MB/s / 읽기IOPS: 2,200K / 쓰기IOPS: 2,400K / [지원기능] TRIM / S.M.A.R.T / SLC캐싱 / [환경특성] MTBF: 175만 / TBW: 4,800TB / PS5 호환 / A/S기간: 5년 , 제한보증 / 방열판 미포함 / 두께: 2.38mm / 7.5g",2025/06,ok,
2026-10-01T01:29:14+00:00,90574046,Western Digital WD BLACK SN8100 M.2 NVMe 해외구매 (1TB),https://prod.danawa.com/info/?pcode=90574046&cate=11229608,M.2 (2280),PCIe5.0x4 (128GT/s),1TB,TLC,DRAM 탑재,실리콘모션 SM2508,"14,900MB/s","11,000MB/s","1,600K","2,400K",600TB,175만,,방열판 미포함,"M.2 (2280) / PCIe5.0x4 (128GT/s) / TLC / DRAM 탑재 / 컨트롤러: 실리콘모션 SM2508 / [성능] 순차읽기: 14,900MB/s / 순차쓰기: 11,000MB/s / 읽기IOPS: 1,600K / 쓰기IOPS: 2,400K / [지원기능] TRIM / SLC캐싱 / S.M.A.R.T / [환경특성] MTBF: 175만 / TBW: 600TB / PS5 호환 / 방열판 미포함 / 두께: 2.3mm / 7.5g",2025/05,ok,
2026-10-01T01:29:14+00:00,90574004,Western Digital WD BLACK SN8100 M.2 NVMe 해외구매 (2TB),https://prod.danawa.com/info/?pcode=90574004&cate=11229608,M.2 (2280),PCIe5.0x4 (128GT/s),2TB,TLC,DRAM 탑재,실리콘모션 SM2508,"14,900MB/s","14,000MB/s","2,300K","2,400K","1,200TB",175만,,방열판 미포함,"M.2 (2280) / PCIe5.0x4 (128GT/s) / TLC / DRAM 탑재 / 컨트롤러: 실리콘모션 SM2508 / [성능] 순차읽기: 14,900MB/s / 순차쓰기: 14,000MB/s / 읽기IOPS: 2,300K / 쓰기IOPS: 2,400K / [지원기능] TRIM / SLC캐싱 / S.M.A.R.T / [환경특성] MTBF: 175만 / TBW: 1,200TB / PS5 호환 / 방열판 미포함 / 두께: 2.3mm / 7.5g",2025/05,ok,
2026-10-01T01:29:14+00:00,92186648,Western Digital WD BLACK SN8100 M.2 NVMe 해외구매 (4TB),https://prod.danawa.com/info/?pcode=92186648&cate=11229608,M.2 (2280),PCIe5.0x4 (128GT/s),4TB,TLC,DRAM 탑재,실리콘모션 SM2508,"14,900MB/s","14,000MB/s","2,300K","2,400K","2,400TB",175만,,방열판 미포함,"M.2 (2280) / PCIe5.0x4 (128GT/s) / TLC / DRAM 탑재 / DDR4 4GB / 컨트롤러: 실리콘모션 SM2508 / [성능] 순차읽기: 14,900MB/s / 순차쓰기: 14,000MB/s / 읽기IOPS: 2,300K / 쓰기IOPS: 2,400K / [지원기능] TRIM / S.M.A.R.T / SLC캐싱 / [환경특성] MTBF: 175만 / TBW: 2,400TB / PS5 호환 / 방열판 미포함 / 두께: 2.38mm / 7.5g",2025/05,ok,
2026-10-01T01:29:14+00:00,100189904,Western Digital WD BLACK SN8100 M.2 NVMe 해외구매 (8TB),https://prod.danawa.com/info/?pcode=100189904&cate=11229608,M.2 (2280),PCIe5.0x4 (128GT/s),8TB,TLC,DRAM 탑재,기타,"14,900MB/s","13,200MB/s","2,200K","2,400K","4,800TB",175만,,방열판 미포함,"M.2 (2280) / PCIe5.0x4 (128GT/s) / TLC / DRAM 탑재 / 컨트롤러: 기타 / [성능] 순차읽기: 14,900MB/s / 순차쓰기: 13,200MB/s / 읽기IOPS: 2,200K / 쓰기IOPS: 2,400K / [지원기능] TRIM / S.M.A.R.T / SLC캐싱 / [환경특성] MTBF: 175만 / TBW: 4,800TB / PS5 호환 / 방열판 미포함 / 두께: 3.88mm / 8.6g",2025/05,ok,
2026-10-01T01:29:14+00:00,103186514,Western Digital WD BLACK SN8100 히트싱크 M.2 NVMe 해외구매 (1TB),https://prod.danawa.com/info/?pcode=103186514&cate=11229608,M.2 (2280),PCIe5.0x4 (128GT/s),1TB,TLC,DRAM 탑재,실리콘모션 SM2508,"14,900MB/s","11,000MB/s","1,600K","2,400K",600TB,175만,,방열판 포함,"M.2 (2280) / PCIe5.0x4 (128GT/s) / TLC / DRAM 탑재 / 컨트롤러: 실리콘모션 SM2508 / [성능] 순차읽기: 14,900MB/s / 순차쓰기: 11,000MB/s / 읽기IOPS: 1,600K / 쓰기IOPS: 2,400K / [지원기능] TRIM / SLC캐싱 / S.M.A.R.T / [환경특성] MTBF: 175만 / TBW: 600TB / PS5 호환 / 방열판 포함 / 두께: 9.76mm / 31.2g",2025/11,ok,
2026-10-01T01:29:14+00:00,103186541,Western Digital WD BLACK SN8100 히트싱크 M.2 NVMe 해외구매 (2TB),https://prod.danawa.com/info/?pcode=103186541&cate=11229608,M.2 (2280),PCIe5.0x4 (128GT/s),2TB,TLC,DRAM 탑재,실리콘모션 SM2508,"14,900MB/s","14,000MB/s","2,300K","2,400K","1,200TB",175만,,방열판 포함,"M.2 (2280) / PCIe5.0x4 (128GT/s) / TLC / DRAM 탑재 / 컨트롤러: 실리콘모션 SM2508 / [성능] 순차읽기: 14,900MB/s / 순차쓰기: 14,000MB/s / 읽기IOPS: 2,300K / 쓰기IOPS: 2,400K / [지원기능] TRIM / SLC캐싱 / S.M.A.R.T / [환경특성] MTBF: 175만 / TBW: 1,200TB / PS5 호환 / 방열판 포함 / 두께: 9.76mm / 31.2g",2025/11,ok,
2026-10-01T01:29:14+00:00,103186568,Western Digital WD BLACK SN8100 히트싱크 M.2 NVMe 해외구매 (4TB),https://prod.danawa.com/info/?pcode=103186568&cate=11229608,M.2 (2280),PCIe5.0x4 (128GT/s),4TB,TLC,DRAM 탑재,실리콘모션 SM2508,"14,900MB/s","14,000MB/s","2,300K","2,400K","2,400TB",175만,,방열판 포함,"M.2 (2280) / PCIe5.0x4 (128GT/s) / TLC / DRAM 탑재 / 컨트롤러: 실리콘모션 SM2508 / [성능] 순차읽기: 14,900MB/s / 순차쓰기: 14,000MB/s / 읽기IOPS: 2,300K / 쓰기IOPS: 2,400K / [지원기능] TRIM / S.M.A.R.T / SLC캐싱 / [환경특성] MTBF: 175만 / TBW: 2,400TB / PS5 호환 / 방열판 포함 / 두께: 9.76mm / 31.2g",2025/11,ok,
2026-10-01T01:29:14+00:00,100189970,Western Digital WD BLACK SN8100 히트싱크 M.2 NVMe 해외구매 (8TB),https://prod.danawa.com/info/?pcode=100189970&cate=11229608,M.2 (2280),PCIe5.0x4 (128GT/s),8TB,TLC,DRAM 탑재,기타,"14,900MB/s","13,200MB/s","2,200K","2,400K","4,800TB",175만,,방열판 포함,"M.2 (2280) / PCIe5.0x4 (128GT/s) / TLC / DRAM 탑재 / 컨트롤러: 기타 / [성능] 순차읽기: 14,900MB/s / 순차쓰기: 13,200MB/s / 읽기IOPS: 2,200K / 쓰기IOPS: 2,400K / [지원기능] TRIM / S.M.A.R.T / SLC캐싱 / [환경특성] MTBF: 175만 / TBW: 4,800TB / PS5 호환 / 방열판 포함 / 두께: 11.25mm / 31.2g",2025/11,ok,
2026-10-01T01:29:14+00:00,12660173,Western Digital WD BLACK SN850 M.2 NVMe (1TB),https://prod.danawa.com/info/?pcode=12660173&cate=11229608,M.2 (2280),PCIe4.0x4 (64GT/s),1TB,TLC,DRAM 탑재,기타,"7,000MB/s","5,300MB/s","1,000K",720K,600TB,175만,"5년 , 제한보증",방열판 미포함,"M.2 (2280) / PCIe4.0x4 (64GT/s) / TLC / DRAM 탑재 / DDR4 1GB / 컨트롤러: 기타 / [성능] 순차읽기: 7,000MB/s / 순차쓰기: 5,300MB/s / 읽기IOPS: 1,000K / 쓰기IOPS: 720K / [지원기능] S.M.A.R.T / SLC캐싱 / TRIM / 전용 S/W / [환경특성] MTBF: 175만 / TBW: 600TB / SLC: 300GB / PS5 호환 / A/S기간: 5년 , 제한보증 / 방열판 미포함 / 두께: 2.38mm / 7.5g",2020/11,ok,
2026-10-01T01:29:14+00:00,106036154,Western Digital WD BLACK SN850 M.2 NVMe 중고 (1TB),https://prod.danawa.com/info/?pcode=106036154&cate=11229608,M.2 (2280),PCIe4.0x4 (64GT/s),1TB,TLC,DRAM 탑재,기타,"7,000MB/s","5,300MB/s","1,000K",,600TB,,,방열판 미포함,"M.2 (2280) / PCIe4.0x4 (64GT/s) / TLC / DRAM 탑재 / DDR4 1GB / 컨트롤러: 기타 / [성능] 순차읽기: 7,000MB/s / 순차쓰기: 5,300MB/s / 읽기IOPS: 1,000K / [지원기능] TRIM / SLC캐싱 / S.M.A.R.T / 전용 S/W / [환경특성] TBW: 600TB / SLC: 300GB / PS5 호환 / 방열판 미포함 / 두께: 2.38mm / 7.5g",2020/11,ok,
2026-10-01T01:29:14+00:00,14597480,Western Digital WD BLACK SN850 M.2 NVMe 해외구매 (500GB),https://prod.danawa.com/info/?pcode=14597480&cate=11229608,M.2 (2280),PCIe4.0x4 (64GT/s),500GB,TLC,DRAM 탑재,,"7,000MB/s","4,100MB/s","1,000K",,300TB,,,방열판 미포함,"M.2 (2280) / PCIe4.0x4 (64GT/s) / TLC / DRAM 탑재 / DDR4 512MB / [성능] 순차읽기: 7,000MB/s / 순차쓰기: 4,100MB/s / 읽기IOPS: 1,000K / [지원기능] TRIM / SLC캐싱 / S.M.A.R.T / 전용 S/W / [환경특성] TBW: 300TB / SLC: 156GB / PS5 호환 / 방열판 미포함 / 두께: 2.38mm / 7.5g",2020/11,ok,
2026-10-01T01:29:14+00:00,13847210,Western Digital WD BLACK SN850 히트싱크 M.2 NVMe (2TB),https://prod.danawa.com/info/?pcode=13847210&cate=11229608,M.2 (2280),PCIe4.0x4 (64GT/s),2TB,TLC,DRAM 탑재,기타,"7,000MB/s","5,100MB/s","1,000K",,"1,200TB",175만,"5년 , 제한보증",방열판 포함,"M.2 (2280) / PCIe4.0x4 (64GT/s) / TLC / DRAM 탑재 / DDR4 2GB / 컨트롤러: 기타 / [성능] 순차읽기: 7,000MB/s / 순차쓰기: 5,100MB/s / 읽기IOPS: 1,000K / [지원기능] TRIM / SLC캐싱 / S.M.A.R.T / RGB/LED / 전용 S/W / [환경특성] MTBF: 175만 / TBW: 1,200TB / SLC: 600GB / PS5 호환 / A/S기간: 5년 , 제한보증 / 방열판 포함 / 두께: 8.8mm / 24g",2021/04,ok,
2026-10-01T01:29:14+00:00,14597159,Western Digital WD BLACK SN850 히트싱크 M.2 NVMe 해외구매 (1TB),https://prod.danawa.com/info/?pcode=14597159&cate=11229608,M.2 (2280),PCIe4.0x4 (64GT/s),1TB,TLC,DRAM 탑재,기타,"7,000MB/s","5,300MB/s","1,000K",,600TB,,,방열판 포함,"M.2 (2280) / PCIe4.0x4 (64GT/s) / TLC / DRAM 탑재 / DDR4 1GB / 컨트롤러: 기타 / [성능] 순차읽기: 7,000MB/s / 순차쓰기: 5,300MB/s / 읽기IOPS: 1,000K / [지원기능] TRIM / SLC캐싱 / S.M.A.R.T / 전용 S/W / [환경특성] TBW: 600TB / PS5 호환 / 방열판 포함 / 두께: 8.8mm / 24g",2021/04,ok,
2026-10-01T01:29:14+00:00,16729436,Western Digital WD BLACK SN850 히트싱크 M.2 NVMe 해외구매 (2TB),https://prod.danawa.com/info/?pcode=16729436&cate=11229608,M.2 (2280),PCIe4.0x4 (64GT/s),2TB,TLC,DRAM 탑재,기타,"7,000MB/s","5,100MB/s","1,000K",,"1,200TB",,,방열판 포함,"M.2 (2280) / PCIe4.0x4 (64GT/s) / TLC / DRAM 탑재 / DDR4 2GB / 컨트롤러: 기타 / [성능] 순차읽기: 7,000MB/s / 순차쓰기: 5,100MB/s / 읽기IOPS: 1,000K / [지원기능] TRIM / SLC캐싱 / S.M.A.R.T / RGB/LED / 전용 S/W / [환경특성] TBW: 1,200TB / PS5 호환 / 방열판 포함 / 두께: 8.8mm / 24g",2021/04,ok,
2026-10-01T01:29:14+00:00,14597171,Western Digital WD BLACK SN850 히트싱크 M.2 NVMe 해외구매 (500GB),https://prod.danawa.com/info/?pcode=14597171&cate=11229608,M.2 (2280),PCIe4.0x4 (64GT/s),500GB,TLC,DRAM 탑재,,"7,000MB/s","4,100MB/s","1,000K",,300TB,,,방열판 포함,"M.2 (2280) / PCIe4.0x4 (64GT/s) / TLC / DRAM 탑재 / DDR4 512MB / [성능] 순차읽기: 7,000MB/s / 순차쓰기: 4,100MB/s / 읽기IOPS: 1,000K / [지원기능] TRIM / SLC캐싱 / S.M.A.R.T / 전용 S/W / [환경특성] TBW: 300TB / SLC: 156GB / PS5 호환 / 방열판 포함 / 두께: 8.8mm / 24g",2021/04,ok,
2026-10-01T01:29:14+00:00,21429269,Western Digital WD BLACK SN850P 히트싱크 for PS5 M.2 NVMe (1TB),https://prod.danawa.com/info/?pcode=21429269&cate=11229608,M.2 (2280),PCIe4.0x4 (64GT/s),1TB,TLC,DRAM 탑재,기타,"7,300MB/s","6,300MB/s",800K,"1,100K",600TB,,"5년 , 제한보증",방열판 포함,"M.2 (2280) / PCIe4.0x4 (64GT/s) / TLC / DRAM 탑재 / 컨트롤러: 기타 / [성능] 순차읽기: 7,300MB/s / 순차쓰기: 6,300MB/s / 읽기IOPS: 800K / 쓰기IOPS: 1,100K / [지원기능] TRIM / S.M.A.R.T / 전용 S/W / [환경특성] TBW: 600TB / PS5 호환 / A/S기간: 5년 , 제한보증 / 방열판 포함 / 두께: 9.89mm / 30.4g",2023/07,ok,
2026-10-01T01:29:14+00:00,21429272,Western Digital WD BLACK SN850P 히트싱크 for PS5 M.2 NVMe (2TB),https://prod.danawa.com/info/?pcode=21429272&cate=11229608,M.2 (2280),PCIe4.0x4 (64GT/s),2TB,TLC,DRAM 탑재,기타,"7,300MB/s","6,600MB/s","1,200K","1,100K","1,200TB",,"5년 , 제한보증",방열판 포함,"M.2 (2280) / PCIe4.0x4 (64GT/s) / TLC / DRAM 탑재 / 컨트롤러: 기타 / [성능] 순차읽기: 7,300MB/s / 순차쓰기: 6,600MB/s / 읽기IOPS: 1,200K / 쓰기IOPS: 1,100K / [지원기능] TRIM / S.M.A.R.T / 전용 S/W / [환경특성] TBW: 1,200TB / PS5 호환 / A/S기간: 5년 , 제한보증 / 방열판 포함 / 두께: 9.89mm / 30.4g",2023/07,ok,
2026-10-01T01:29:14+00:00,21572813,Western Digital WD BLACK SN850P 히트싱크 for PS5 M.2 NVMe 해외구매 (1TB),https://prod.danawa.com/info/?pcode=21572813&cate=11229608,M.2 (2280),PCIe4.0x4 (64GT/s),1TB,TLC,DRAM 탑재,기타,"7,300MB/s","6,300MB/s",800K,"1,100K",600TB,,,방열판 포함,"M.2 (2280) / PCIe4.0x4 (64GT/s) / TLC / DRAM 탑재 / 컨트롤러: 기타 / [성능] 순차읽기: 7,300MB/s / 순차쓰기: 6,300MB/s / 읽기IOPS: 800K / 쓰기IOPS: 1,100K / [지원기능] TRIM / S.M.A.R.T / 전용 S/W / [환경특성] TBW: 600TB / PS5 호환 / 방열판 포함 / 두께: 9.89mm / 30.4g",2023/07,ok,
2026-10-01T01:29:14+00:00,21572825,Western Digital WD BLACK SN850P 히트싱크 for PS5 M.2 NVMe 해외구매 (2TB),https://prod.danawa.com/info/?pcode=21572825&cate=11229608,M.2 (2280),PCIe4.0x4 (64GT/s),2TB,TLC,DRAM 탑재,기타,"7,300MB/s","6,600MB/s","1,200K","1,100K","1,200TB",,,방열판 포함,"M.2 (2280) / PCIe4.0x4 (64GT/s) / TLC / DRAM 탑재 / 컨트롤러: 기타 / [성능] 순차읽기: 7,300MB/s / 순차쓰기: 6,600MB/s / 읽기IOPS: 1,200K / 쓰기IOPS: 1,100K / [지원기능] TRIM / S.M.A.R.T / 전용 S/W / [환경특성] TBW: 1,200TB / PS5 호환 / 방열판 포함 / 두께: 9.89mm / 30.4g",2023/07,ok,
2026-10-01T01:29:14+00:00,21721961,Western Digital WD BLACK SN850P 히트싱크 for PS5 M.2 NVMe 해외구매 (4TB),https://prod.danawa.com/info/?pcode=21721961&cate=11229608,M.2 (2280),PCIe4.0x4 (64GT/s),4TB,TLC,DRAM 탑재,기타,"7,300MB/s","6,600MB/s","1,200K","1,100K","2,400TB",,,방열판 포함,"M.2 (2280) / PCIe4.0x4 (64GT/s) / TLC / DRAM 탑재 / 컨트롤러: 기타 / [성능] 순차읽기: 7,300MB/s / 순차쓰기: 6,600MB/s / 읽기IOPS: 1,200K / 쓰기IOPS: 1,100K / [지원기능] TRIM / S.M.A.R.T / 전용 S/W / [환경특성] TBW: 2,400TB / PS5 호환 / 방열판 포함 / 두께: 9.89mm / 30.4g",2023/07,ok,
2026-10-01T01:29:14+00:00,64465940,Western Digital WD BLACK SN850P 히트싱크 for PS5 M.2 NVMe 해외구매 (8TB),https://prod.danawa.com/info/?pcode=64465940&cate=11229608,M.2 (2280),PCIe4.0x4 (64GT/s),8TB,TLC,DRAM 탑재,기타,"7,200MB/s","6,600MB/s",,,"4,800TB",,,방열판 포함,"M.2 (2280) / PCIe4.0x4 (64GT/s) / TLC / DRAM 탑재 / 컨트롤러: 기타 / [성능] 순차읽기: 7,200MB/s / 순차쓰기: 6,600MB/s / [지원기능] S.M.A.R.T / TRIM / 전용 S/W / [환경특성] TBW: 4,800TB / PS5 호환 / 방열판 포함 / 두께: 9.89mm / 30.4g",2024/08,ok,
2026-10-01T01:29:14+00:00,17788487,Western Digital WD BLACK SN850X M.2 NVMe (1TB),https://prod.danawa.com/info/?pcode=17788487&cate=11229608,M.2 (2280),PCIe4.0x4 (64GT/s),1TB,TLC,DRAM 탑재,WD Black G2,"7,300MB/s","6,300MB/s",800K,"1,100K",600TB,180만,"제한보증 , 5년",방열판 미포함,"M.2 (2280) / PCIe4.0x4 (64GT/s) / TLC / DRAM 탑재 / DDR4 1GB / 컨트롤러: WD Black G2 / [성능] 순차읽기: 7,300MB/s / 순차쓰기: 6,300MB/s / 읽기IOPS: 800K / 쓰기IOPS: 1,100K / [지원기능] TRIM / SLC캐싱 / S.M.A.R.T / 전용 S/W / [환경특성] MTBF: 180만 / TBW: 600TB / SLC: 300GB / PS5 호환 / A/S기간: 제한보증 , 5년 / 방열판 미포함 / 두께: 2.38mm / 7.5g",2022/09,ok,
2026-10-01T01:29:14+00:00,17788451,Western Digital WD BLACK SN850X M.2 NVMe (2TB),https://prod.danawa.com/info/?pcode=17788451&cate=11229608,M.2 (2280),PCIe4.0x4 (64GT/s),2TB,TLC,DRAM 탑재,WD Black G2,"7,300MB/s","6,600MB/s","1,200K","1,100K","1,200TB",180만,"제한보증 , 5년",방열판 미포함,"M.2 (2280) / PCIe4.0x4 (64GT/s) / TLC / DRAM 탑재 / DDR4 2GB / 컨트롤러: WD Black G2 / [성능] 순차읽기: 7,300MB/s / 순차쓰기: 6,600MB/s / 읽기IOPS: 1,200K / 쓰기IOPS: 1,100K / [지원기능] TRIM / SLC캐싱 / S.M.A.R.T / 전용 S/W / [환경특성] MTBF: 180만 / TBW: 1,200TB / SLC: 600GB / PS5 호환 / A/S기간: 제한보증 , 5년 / 방열판 미포함 / 두께: 2.38mm / 7.5g",2022/09,ok,
2026-10-01T01:29:14+00:00,17788379,Western Digital WD BLACK SN850X M.2 NVMe (4TB),https://prod.danawa.com/info/?pcode=17788379&cate=11229608,M.2 (2280),PCIe4.0x4 (64GT/s),4TB,TLC,DRAM 탑재,WD Black G2,"7,300MB/s","6,600MB/s","1,200K","1,100K","2,400TB",180만,"5년 , 제한보증",방열판 미포함,"M.2 (2280) / PCIe4.0x4 (64GT/s) / TLC / DRAM 탑재 / DDR4 2GB / 컨트롤러: WD Black G2 / [성능] 순차읽기: 7,300MB/s / 순차쓰기: 6,600MB/s / 읽기IOPS: 1,200K / 쓰기IOPS: 1,100K / [지원기능] TRIM / SLC캐싱 / S.M.A.R.T / 전용 S/W / [환경특성] MTBF: 180만 / TBW: 2,400TB / PS5 호환 / A/S기간: 5년 , 제한보증 / 방열판 미포함 / 두께: 3.88mm / 7.5g",2022/09,ok,
2026-10-01T01:29:14+00:00,71906102,Western Digital WD BLACK SN850X M.2 NVMe (8TB),https://prod.danawa.com/info/?pcode=71906102&cate=11229608,M.2 (2280),PCIe4.0x4 (64GT/s),8TB,TLC,DRAM 탑재,WD,"7,200MB/s","6,600MB/s","1,200K","1,200K","4,800TB",180만,"5년 , 제한보증",방열판 미포함,"M.2 (2280) / PCIe4.0x4 (64GT/s) / TLC / DRAM 탑재 / DDR4 2GB / 컨트롤러: WD / [성능] 순차읽기: 7,200MB/s / 순차쓰기: 6,600MB/s / 읽기IOPS: 1,200K / 쓰기IOPS: 1,200K / [지원기능] TRIM / S.M.A.R.T / SLC캐싱 / 전용 S/W / [환경특성] MTBF: 180만 / TBW: 4,800TB / PS5 호환 / A/S기간: 5년 , 제한보증 / 방열판 미포함 / 두께: 3.88mm / 8.6g",2024/11,ok,
2026-10-01T01:29:14+00:00,103751306,Western Digital WD BLACK SN850X M.2 NVMe 병행수입 (1TB),https://prod.danawa.com/info/?pcode=103751306&cate=11229608,M.2 (2280),PCIe4.0x4 (64GT/s),1TB,TLC,DRAM 탑재,WD Black G2,"7,300MB/s","6,300MB/s",800K,"1,100K",600TB,180만,,방열판 미포함,"M.2 (2280) / PCIe4.0x4 (64GT/s) / TLC / DRAM 탑재 / DDR4 1GB / 컨트롤러: WD Black G2 / [성능] 순차읽기: 7,300MB/s / 순차쓰기: 6,300MB/s / 읽기IOPS: 800K / 쓰기IOPS: 1,100K / [지원기능] TRIM / SLC캐싱 / S.M.A.R.T / 전용 S/W / [환경특성] MTBF: 180만 / TBW: 600TB / SLC: 300GB / PS5 호환 / 방열판 미포함 / 두께: 2.38mm / 7.5g",2022/09,ok,
2026-10-01T01:29:14+00:00,98086106,Western Digital WD BLACK SN850X M.2 NVMe 중고 (1TB),https://prod.danawa.com/info/?pcode=98086106&cate=11229608,M.2 (2280),PCIe4.0x4 (64GT/s),1TB,TLC,DRAM 탑재,WD Black G2,"7,300MB/s","6,300MB/s",800K,"1,100K",600TB,180만,,방열판 미포함,"M.2 (2280) / PCIe4.0x4 (64GT/s) / TLC / DRAM 탑재 / DDR4 1GB / 컨트롤러: WD Black G2 / [성능] 순차읽기: 7,300MB/s / 순차쓰기: 6,300MB/s / 읽기IOPS: 800K / 쓰기IOPS: 1,100K / [지원기능] S.M.A.R.T / SLC캐싱 / TRIM / 전용 S/W / [환경특성] MTBF: 180만 / TBW: 600TB / SLC: 300GB / PS5 호환 / 방열판 미포함 / 두께: 2.38mm / 7.5g",2022/09,ok,
2026-10-01T01:29:14+00:00,97842122,Western Digital WD BLACK SN850X M.2 NVMe 중고 (2TB),https://prod.danawa.com/info/?pcode=97842122&cate=11229608,M.2 (2280),PCIe4.0x4 (64GT/s),2TB,TLC,DRAM 탑재,WD Black G2,"7,300MB/s","6,600MB/s","1,200K","1,100K","1,200TB",180만,,방열판 미포함,"M.2 (2280) / PCIe4.0x4 (64GT/s) / TLC / DRAM 탑재 / DDR4 2GB / 컨트롤러: WD Black G2 / [성능] 순차읽기: 7,300MB/s / 순차쓰기: 6,600MB/s / 읽기IOPS: 1,200K / 쓰기IOPS: 1,100K / [지원기능] S.M.A.R.T / SLC캐싱 / TRIM / 전용 S/W / [환경특성] MTBF: 180만 / TBW: 1,200TB / SLC: 600GB / PS5 호환 / 방열판 미포함 / 두께: 2.38mm / 7.5g",2023/01,ok,
2026-10-01T01:29:14+00:00,98484476,Western Digital WD BLACK SN850X M.2 NVMe 중고 (4TB),https://prod.danawa.com/info/?pcode=98484476&cate=11229608,M.2 (2280),PCIe4.0x4 (64GT/s),4TB,TLC,DRAM 탑재,WD Black G2,"7,300MB/s","6,600MB/s","1,200K","1,100K","2,400TB",180만,,방열판 미포함,"M.2 (2280) / PCIe4.0x4 (64GT/s) / TLC / DRAM 탑재 / DDR4 2GB / 컨트롤러: WD Black G2 / [성능] 순차읽기: 7,300MB/s / 순차쓰기: 6,600MB/s / 읽기IOPS: 1,200K / 쓰기IOPS: 1,100K / [지원기능] TRIM / S.M.A.R.T / SLC캐싱 / 전용 S/W / [환경특성] MTBF: 180만 / TBW: 2,400TB / PS5 호환 / 방열판 미포함 / 두께: 2.38mm / 7.5g",2022/09,ok,
2026-10-01T01:29:14+00:00,98240828,Western Digital WD BLACK SN850X M.2 NVMe 중고 (8TB),https://prod.danawa.com/info/?pcode=98240828&cate=11229608,M.2 (2280),PCIe4.0x4 (64GT/s),8TB,TLC,DRAM 탑재,WD Black G2,"7,200MB/s","6,600MB/s","1,200K","1,200K","4,800TB",180만,,방열판 미포함,"M.2 (2280) / PCIe4.0x4 (64GT/s) / TLC / DRAM 탑재 / DDR4 2GB / 컨트롤러: WD Black G2 / [성능] 순차읽기: 7,200MB/s / 순차쓰기: 6,600MB/s / 읽기IOPS: 1,200K / 쓰기IOPS: 1,200K / [지원기능] TRIM / S.M.A.R.T / SLC캐싱 / 전용 S/W / [환경특성] MTBF: 180만 / TBW: 4,800TB / PS5 호환 / 방열판 미포함 / 두께: 2.38mm / 8.6g",2024/08,ok,
2026-10-01T01:29:14+00:00,17819666,Western Digital WD BLACK SN850X M.2 NVMe 해외구매 (1TB),https://prod.danawa.com/info/?pcode=17819666&cate=11229608,M.2 (2280),PCIe4.0x4 (64GT/s),1TB,TLC,DRAM 탑재,WD Black G2,"7,300MB/s","6,300MB/s",800K,"1,100K",600TB,180만,,방열판 미포함,"M.2 (2280) / PCIe4.0x4 (64GT/s) / TLC / DRAM 탑재 / DDR4 1GB / 컨트롤러: WD Black G2 / [성능] 순차읽기: 7,300MB/s / 순차쓰기: 6,300MB/s / 읽기IOPS: 800K / 쓰기IOPS: 1,100K / [지원기능] TRIM / SLC캐싱 / S.M.A.R.T / 전용 S/W / [환경특성] MTBF: 180만 / TBW: 600TB / SLC: 300GB / PS5 호환 / 방열판 미포함 / 두께: 2.38mm / 7.5g",2022/09,ok,
2026-10-01T01:29:14+00:00,18684164,Western Digital WD BLACK SN850X M.2 NVMe 해외구매 (2TB),https://prod.danawa.com/info/?pcode=18684164&cate=11229608,M.2 (2280),PCIe4.0x4 (64GT/s),2TB,TLC,DRAM 탑재,WD Black G2,"7,300MB/s","6,600MB/s","1,200K","1,100K","1,200TB",180만,,방열판 미포함,"M.2 (2280) / PCIe4.0x4 (64GT/s) / TLC / DRAM 탑재 / DDR4 2GB / 컨트롤러: WD Black G2 / [성능] 순차읽기: 7,300MB/s / 순차쓰기: 6,600MB/s / 읽기IOPS: 1,200K / 쓰기IOPS: 1,100K / [지원기능] TRIM / SLC캐싱 / S.M.A.R.T / 전용 S/W / [환경특성] MTBF: 180만 / TBW: 1,200TB / SLC: 600GB / PS5 호환 / 방열판 미포함 / 두께: 2.38mm / 7.5g",2023/01,ok,
2026-10-01T01:29:14+00:00,18684167,Western Digital WD BLACK SN850X M.2 NVMe 해외구매 (4TB),https://prod.danawa.com/info/?pcode=18684167&cate=11229608,M.2 (2280),PCIe4.0x4 (64GT/s),4TB,TLC,DRAM 탑재,WD Black G2,"7,300MB/s","6,600MB/s","1,200K","1,100K","2,400TB",180만,,방열판 미포함,"M.2 (2280) / PCIe4.0x4 (64GT/s) / TLC / DRAM 탑재 / DDR4 2GB / 컨트롤러: WD Black G2 / [성능] 순차읽기: 7,300MB/s / 순차쓰기: 6,600MB/s / 읽기IOPS: 1,200K / 쓰기IOPS: 1,100K / [지원기능] TRIM / S.M.A.R.T / SLC캐싱 / 전용 S/W / [환경특성] MTBF: 180만 / TBW: 2,400TB / PS5 호환 / 방열판 미포함 / 두께: 2.38mm / 7.5g",2022/09,ok,
2026-10-01T01:29:14+00:00,64466078,Western Digital WD BLACK SN850X M.2 NVMe 해외구매 (8TB),https://prod.danawa.com/info/?pcode=64466078&cate=11229608,M.2 (2280),PCIe4.0x4 (64GT/s),8TB,TLC,DRAM 탑재,WD Black G2,"7,200MB/s","6,600MB/s","1,200K","1,200K","4,800TB",180만,,방열판 미포함,"M.2 (2280) / PCIe4.0x4 (64GT/s) / TLC / DRAM 탑재 / DDR4 2GB / 컨트롤러: WD Black G2 / [성능] 순차읽기: 7,200MB/s / 순차쓰기: 6,600MB/s / 읽기IOPS: 1,200K / 쓰기IOPS: 1,200K / [지원기능] TRIM / S.M.A.R.T / SLC캐싱 / 전용 S/W / [환경특성] MTBF: 180만 / TBW: 4,800TB / PS5 호환 / 방열판 미포함 / 두께: 2.38mm / 8.6g",2024/08,ok,
2026-10-01T01:29:14+00:00,17790251,Western Digital WD BLACK SN850X 히트싱크 M.2 NVMe (1TB),https://prod.danawa.com/info/?pcode=17790251&cate=11229608,M.2 (2280),PCIe4.0x4 (64GT/s),1TB,TLC,DRAM 탑재,WD Black G2,"7,300MB/s","6,300MB/s",800K,"1,100K",600TB,180만,"5년 , 제한보증",방열판 포함,"M.2 (2280) / PCIe4.0x4 (64GT/s) / TLC / DRAM 탑재 / DDR4 1GB / 컨트롤러: WD Black G2 / [성능] 순차읽기: 7,300MB/s / 순차쓰기: 6,300MB/s / 읽기IOPS: 800K / 쓰기IOPS: 1,100K / [지원기능] TRIM / SLC캐싱 / S.M.A.R.T / 전용 S/W / [환경특성] MTBF: 180만 / TBW: 600TB / SLC: 300GB / PS5 호환 / A/S기간: 5년 , 제한보증 / 방열판 포함 / 두께: 8.8mm / 24g",2022/09,ok,
2026-10-01T01:29:14+00:00,17790299,Western Digital WD BLACK SN850X 히트싱크 M.2 NVMe (2TB),https://prod.danawa.com/info/?pcode=17790299&cate=11229608,M.2 (2280),PCIe4.0x4 (64GT/s),2TB,TLC,DRAM 탑재,WD Black G2,"7,300MB/s","6,600MB/s","1,200K","1,100K","1,200TB",180만,"5년 , 제한보증",방열판 포함,"M.2 (2280) / PCIe4.0x4 (64GT/s) / TLC / DRAM 탑재 / DDR4 2GB / 컨트롤러: WD Black G2 / [성능] 순차읽기: 7,300MB/s / 순차쓰기: 6,600MB/s / 읽기IOPS: 1,200K / 쓰기IOPS: 1,100K / [지원기능] TRIM / SLC캐싱 / S.M.A.R.T / 전용 S/W / [환경특성] MTBF: 180만 / TBW: 1,200TB / SLC: 600GB / PS5 호환 / A/S기간: 5년 , 제한보증 / 방열판 포함 / 두께: 8.8mm / 24g",2022/09,ok,
2026-10-01T01:29:14+00:00,74052506,Western Digital WD BLACK SN850X 히트싱크 M.2 NVMe (4TB),https://prod.danawa.com/info/?pcode=74052506&cate=11229608,M.2 (2280),PCIe4.0x4 (64GT/s),4TB,TLC,DRAM 탑재,WD Black G2,"7,300MB/s","6,600MB/s","1,200K","1,100K","2,400TB",180만,"5년 , 제한보증",방열판 포함,"M.2 (2280) / PCIe4.0x4 (64GT/s) / TLC / DRAM 탑재 / DDR4 2GB / 컨트롤러: WD Black G2 / [성능] 순차읽기: 7,300MB/s / 순차쓰기: 6,600MB/s / 읽기IOPS: 1,200K / 쓰기IOPS: 1,100K / [지원기능] TRIM / S.M.A.R.T / SLC캐싱 / 전용 S/W / [환경특성] MTBF: 180만 / TBW: 2,400TB / PS5 호환 / A/S기간: 5년 , 제한보증 / 방열판 포함 / 두께: 8.8mm / 24g",2025/01,ok,
2026-10-01T01:29:14+00:00,71644874,Western Digital WD BLACK SN850X 히트싱크 M.2 NVMe (8TB),https://prod.danawa.com/info/?pcode=71644874&cate=11229608,M.2 (2280),PCIe4.0x4 (64GT/s),8TB,TLC,DRAM 탑재,WD,"7,200MB/s","6,600MB/s","1,200K","1,200K","4,800TB",180만,"5년 , 제한보증",방열판 포함,"M.2 (2280) / PCIe4.0x4 (64GT/s) / TLC / DRAM 탑재 / DDR4 2GB / 컨트롤러: WD / [성능] 순차읽기: 7,200MB/s / 순차쓰기: 6,600MB/s / 읽기IOPS: 1,200K / 쓰기IOPS: 1,200K / [지원기능] TRIM / S.M.A.R.T / SLC캐싱 / 전용 S/W / [환경특성] MTBF: 180만 / TBW: 4,800TB / PS5 호환 / A/S기간: 5년 , 제한보증 / 방열판 포함 / 두께: 8.8mm / 24g",2024/11,ok,
2026-10-01T01:29:14+00:00,98086103,Western Digital WD BLACK SN850X 히트싱크 M.2 NVMe 중고 (1TB),https://prod.danawa.com/info/?pcode=98086103&cate=11229608,M.2 (2280),PCIe4.0x4 (64GT/s),1TB,TLC,DRAM 탑재,WD Black G2,"7,300MB/s","6,300MB/s","1,200K","1,100K",600TB,180만,,방열판 포함,"M.2 (2280) / PCIe4.0x4 (64GT/s) / TLC / DRAM 탑재 / DDR4 1GB / 컨트롤러: WD Black G2 / [성능] 순차읽기: 7,300MB/s / 순차쓰기: 6,300MB/s / 읽기IOPS: 1,200K / 쓰기IOPS: 1,100K / [지원기능] TRIM / SLC캐싱 / S.M.A.R.T / 전용 S/W / [환경특성] MTBF: 180만 / TBW: 600TB / SLC: 300GB / PS5 호환 / 방열판 포함 / 두께: 8.8mm / 24g",2023/01,ok,
2026-10-01T01:29:14+00:00,18684149,Western Digital WD BLACK SN850X 히트싱크 M.2 NVMe 해외구매 (1TB),https://prod.danawa.com/info/?pcode=18684149&cate=11229608,M.2 (2280),PCIe4.0x4 (64GT/s),1TB,TLC,DRAM 탑재,WD Black G2,"7,300MB/s","6,300MB/s","1,200K","1,100K",600TB,180만,,방열판 포함,"M.2 (2280) / PCIe4.0x4 (64GT/s) / TLC / DRAM 탑재 / DDR4 1GB / 컨트롤러: WD Black G2 / [성능] 순차읽기: 7,300MB/s / 순차쓰기: 6,300MB/s / 읽기IOPS: 1,200K / 쓰기IOPS: 1,100K / [지원기능] TRIM / SLC캐싱 / S.M.A.R.T / 전용 S/W / [환경특성] MTBF: 180만 / TBW: 600TB / SLC: 300GB / PS5 호환 / 방열판 포함 / 두께: 8.8mm / 24g",2023/01,ok,
2026-10-01T01:29:14+00:00,18684197,Western Digital WD BLACK SN850X 히트싱크 M.2 NVMe 해외구매 (2TB),https://prod.danawa.com/info/?pcode=18684197&cate=11229608,M.2 (2280),PCIe4.0x4 (64GT/s),2TB,TLC,DRAM 탑재,WD Black G2,"7,300MB/s","6,600MB/s","1,200K","1,100K","1,200TB",180만,,방열판 포함,"M.2 (2280) / PCIe4.0x4 (64GT/s) / TLC / DRAM 탑재 / DDR4 2GB / 컨트롤러: WD Black G2 / [성능] 순차읽기: 7,300MB/s / 순차쓰기: 6,600MB/s / 읽기IOPS: 1,200K / 쓰기IOPS: 1,100K / [지원기능] TRIM / SLC캐싱 / S.M.A.R.T / 전용 S/W / [환경특성] MTBF: 180만 / TBW: 1,200TB / SLC: 600GB / PS5 호환 / 방열판 포함 / 두께: 8.8mm / 24g",2023/01,ok,
2026-10-01T01:29:14+00:00,67980758,Western Digital WD BLACK SN850X 히트싱크 M.2 NVMe 해외구매 (4TB),https://prod.danawa.com/info/?pcode=67980758&cate=11229608,M.2 (2280),PCIe4.0x4 (64GT/s),4TB,TLC,DRAM 탑재,WD Black G2,"7,300MB/s","6,600MB/s","1,200K","1,100K","2,400TB",180만,,방열판 포함,"M.2 (2280) / PCIe4.0x4 (64GT/s) / TLC / DRAM 탑재 / DDR4 2GB / 컨트롤러: WD Black G2 / [성능] 순차읽기: 7,300MB/s / 순차쓰기: 6,600MB/s / 읽기IOPS: 1,200K / 쓰기IOPS: 1,100K / [지원기능] TRIM / S.M.A.R.T / SLC캐싱 / 전용 S/W / [환경특성] MTBF: 180만 / TBW: 2,400TB / PS5 호환 / 방열판 포함 / 두께: 8.8mm / 24g",2024/10,ok,
2026-10-01T01:29:14+00:00,68364578,Western Digital WD BLACK SN850X 히트싱크 M.2 NVMe 해외구매 (8TB),https://prod.danawa.com/info/?pcode=68364578&cate=11229608,M.2 (2280),PCIe4.0x4 (64GT/s),8TB,TLC,DRAM 탑재,WD Black G2,"7,200MB/s","6,600MB/s","1,200K","1,200K","4,800TB",180만,,방열판 포함,"M.2 (2280) / PCIe4.0x4 (64GT/s) / TLC / DRAM 탑재 / DDR4 2GB / 컨트롤러: WD Black G2 / [성능] 순차읽기: 7,200MB/s / 순차쓰기: 6,600MB/s / 읽기IOPS: 1,200K / 쓰기IOPS: 1,200K / [지원기능] TRIM / S.M.A.R.T / SLC캐싱 / 전용 S/W / [환경특성] MTBF: 180만 / TBW: 4,800TB / PS5 호환 / 방열판 포함 / 두께: 8.8mm / 24g",2024/10,ok,
2026-10-01T01:29:14+00:00,6078367,Western Digital WD Blue 3D M.2 SATA (1TB),https://prod.danawa.com/info/?pcode=6078367&cate=11229608,M.2 (2280),SATA3 (6Gb/s),1TB,,DRAM 탑재,마벨,560MB/s,530MB/s,최대 95K,최대 84K,400TB,175만,"제한보증 , 5년",,"M.2 (2280) / SATA3 (6Gb/s) / DRAM 탑재 / 컨트롤러: 마벨 / [성능] 순차읽기: 560MB/s / 순차쓰기: 530MB/s / 읽기IOPS: 최대 95K / 쓰기IOPS: 최대 84K / [지원기능] S.M.A.R.T / TRIM / 전용 S/W / [환경특성] MTBF: 175만 / TBW: 400TB / A/S기간: 제한보증 , 5년 / 두께: 2.38mm / 8g",2018/04,ok,
2026-10-01T01:29:14+00:00,5579658,Western Digital WD Blue 3D SSD (1TB),https://prod.danawa.com/info/?pcode=5579658&cate=11229608,6.4cm(2.5형),SATA3 (6Gb/s),1TB,TLC,DRAM 탑재,마벨,560MB/s,530MB/s,최대 95K,최대 84K,400TB,175만,"5년 , 제한보증",,"6.4cm(2.5형) / SATA3 (6Gb/s) / TLC / DRAM 탑재 / 컨트롤러: 마벨 / [성능] 순차읽기: 560MB/s / 순차쓰기: 530MB/s / 읽기IOPS: 최대 95K / 쓰기IOPS: 최대 84K / [지원기능] DEVSLP / TRIM / ECC / SLC캐싱 / GC / S.M.A.R.T / 전용 S/W / [환경특성] MTBF: 175만 / TBW: 400TB / A/S기간: 5년 , 제한보증 / 두께: 7mm / 37.4g / [기타] 2018년 3월부로 A / S기간이 변경되었습니다",2017/10,ok,
2026-10-01T01:29:14+00:00,5579642,Western Digital WD Blue 3D SSD (250GB),https://prod.danawa.com/info/?pcode=5579642&cate=11229608,6.4cm(2.5형),SATA3 (6Gb/s),250GB,TLC,DRAM 탑재,마벨,550MB/s,525MB/s,최대 95K,최대 81K,100TB,175만,"5년 , 제한보증",,"6.4cm(2.5형) / SATA3 (6Gb/s) / TLC / DRAM 탑재 / 컨트롤러: 마벨 / [성능] 순차읽기: 550MB/s / 순차쓰기: 525MB/s / 읽기IOPS: 최대 95K / 쓰기IOPS: 최대 81K / [지원기능] DEVSLP / TRIM / ECC / SLC캐싱 / GC / S.M.A.R.T / 전용 S/W / [환경특성] MTBF: 175만 / TBW: 100TB / A/S기간: 5년 , 제한보증 / 두께: 7mm / 37.4g / [기타] 2018년 3월부로 A / S기간이 변경되었습니다",2017/10,ok,
2026-10-01T01:29:14+00:00,13782983,Western Digital WD Blue 3D SSD (4TB),https://prod.danawa.com/info/?pcode=13782983&cate=11229608,6.4cm(2.5형),SATA3 (6Gb/s),4TB,TLC,DRAM 탑재,마벨,560MB/s,530MB/s,95K,82K,600TB,175만,"5년 , 제한보증",,"6.4cm(2.5형) / SATA3 (6Gb/s) / TLC / DRAM 탑재 / 컨트롤러: 마벨 / [성능] 순차읽기: 560MB/s / 순차쓰기: 530MB/s / 읽기IOPS: 95K / 쓰기IOPS: 82K / [지원기능] TRIM / ECC / DEVSLP / GC / SLC캐싱 / S.M.A.R.T / 전용 S/W / [환경특성] MTBF: 175만 / TBW: 600TB / A/S기간: 5년 , 제한보증 / 두께: 7mm / 59.7g",2021/04,ok,
2026-10-01T01:29:14+00:00,123742488,Western Digital WD Blue 3D SSD 중고 (1TB),https://prod.danawa.com/info/?pcode=123742488&cate=11229608,6.4cm(2.5형),SATA3 (6Gb/s),1TB,,,기타,560MB/s,530MB/s,,,400TB,175만,,,6.4cm(2.5형) / SATA3 (6Gb/s) / 컨트롤러: 기타 / [성능] 순차읽기: 560MB/s / 순차쓰기: 530MB/s / [지원기능] TRIM / S.M.A.R.T / [환경특성] MTBF: 175만 / TBW: 400TB / 두께: 7mm / 37.4g,2022/03,ok,
2026-10-01T01:29:14+00:00,122708657,Western Digital WD Blue 3D SSD 중고 (250GB),https://prod.danawa.com/info/?pcode=122708657&cate=11229608,6.4cm(2.5형),SATA3 (6Gb/s),250GB,,,기타,550MB/s,525MB/s,,,100TB,175만,,,6.4cm(2.5형) / SATA3 (6Gb/s) / 컨트롤러: 기타 / [성능] 순차읽기: 550MB/s / 순차쓰기: 525MB/s / [지원기능] TRIM / S.M.A.R.T / [환경특성] MTBF: 175만 / TBW: 100TB / 두께: 7mm / 37.4g,2022/03,ok,
2026-10-01T01:29:14+00:00,123971809,Western Digital WD Blue 3D SSD 중고 (2TB),https://prod.danawa.com/info/?pcode=123971809&cate=11229608,6.4cm(2.5형),SATA3 (6Gb/s),2TB,,,기타,560MB/s,530MB/s,95K,84K,500TB,175만,,,6.4cm(2.5형) / SATA3 (6Gb/s) / 컨트롤러: 기타 / [성능] 순차읽기: 560MB/s / 순차쓰기: 530MB/s / 읽기IOPS: 95K / 쓰기IOPS: 84K / [지원기능] TRIM / S.M.A.R.T / [환경특성] MTBF: 175만 / TBW: 500TB / 두께: 7mm / 59.7g,2017/11,ok,
2026-10-01T01:29:14+00:00,124012269,Western Digital WD Blue 3D SSD 중고 (4TB),https://prod.danawa.com/info/?pcode=124012269&cate=11229608,6.4cm(2.5형),SATA3 (6Gb/s),4TB,,,,560MB/s,530MB/s,95K,84K,500TB,175만,,,6.4cm(2.5형) / SATA3 (6Gb/s) / [성능] 순차읽기: 560MB/s / 순차쓰기: 530MB/s / 읽기IOPS: 95K / 쓰기IOPS: 84K / [지원기능] TRIM / S.M.A.R.T / [환경특성] MTBF: 175만 / TBW: 500TB / 두께: 7mm / 59.7g,2017/11,ok,
2026-10-01T01:29:14+00:00,106693739,Western Digital WD Blue 3D SSD 중고 (500GB),https://prod.danawa.com/info/?pcode=106693739&cate=11229608,6.4cm(2.5형),SATA3 (6Gb/s),500GB,,,기타,560MB/s,530MB/s,최대 95K,최대 84K,200TB,175만,,,6.4cm(2.5형) / SATA3 (6Gb/s) / 컨트롤러: 기타 / [성능] 순차읽기: 560MB/s / 순차쓰기: 530MB/s / 읽기IOPS: 최대 95K / 쓰기IOPS: 최대 84K / [지원기능] TRIM / S.M.A.R.T / [환경특성] MTBF: 175만 / TBW: 200TB / 두께: 7mm / 37.4g,2017/11,ok,
2026-10-01T01:29:14+00:00,13089398,Western Digital WD Blue 3D SSD 해외구매 (4TB),https://prod.danawa.com/info/?pcode=13089398&cate=11229608,6.4cm(2.5형),SATA3 (6Gb/s),4TB,,,,560MB/s,530MB/s,최대 95K,최대 84K,500TB,175만,,,6.4cm(2.5형) / SATA3 (6Gb/s) / [성능] 순차읽기: 560MB/s / 순차쓰기: 530MB/s / 읽기IOPS: 최대 95K / 쓰기IOPS: 최대 84K / [지원기능] TRIM / S.M.A.R.T / [환경특성] MTBF: 175만 / TBW: 500TB / 두께: 7mm / 59.7g,2017/11,ok,
2026-10-01T01:29:14+00:00,17142170,Western Digital WD Blue SA510 (1TB),https://prod.danawa.com/info/?pcode=17142170&cate=11229608,6.4cm(2.5형),SATA3 (6Gb/s),1TB,TLC,,WD,560MB/s,520MB/s,90K,82K,400TB,175만,"5년 , 제한보증",,"6.4cm(2.5형) / SATA3 (6Gb/s) / TLC / 컨트롤러: WD / [성능] 순차읽기: 560MB/s / 순차쓰기: 520MB/s / 읽기IOPS: 90K / 쓰기IOPS: 82K / [지원기능] SLC캐싱 / S.M.A.R.T / TRIM / [환경특성] MTBF: 175만 / TBW: 400TB / A/S기간: 5년 , 제한보증 / 두께: 7mm",2022/05,ok,
2026-10-01T01:29:14+00:00,17142230,Western Digital WD Blue SA510 (250GB),https://prod.danawa.com/info/?pcode=17142230&cate=11229608,6.4cm(2.5형),SATA3 (6Gb/s),250GB,TLC,,WD,555MB/s,440MB/s,80K,78K,100TB,175만,"5년 , 제한보증",,"6.4cm(2.5형) / SATA3 (6Gb/s) / TLC / 컨트롤러: WD / [성능] 순차읽기: 555MB/s / 순차쓰기: 440MB/s / 읽기IOPS: 80K / 쓰기IOPS: 78K / [지원기능] TRIM / SLC캐싱 / S.M.A.R.T / [환경특성] MTBF: 175만 / TBW: 100TB / A/S기간: 5년 , 제한보증 / 두께: 7mm",2022/05,ok,
2026-10-01T01:29:14+00:00,21429281,Western Digital WD Blue SA510 (2TB),https://prod.danawa.com/info/?pcode=21429281&cate=11229608,6.4cm(2.5형),SATA3 (6Gb/s),2TB,TLC,,WD,560MB/s,520MB/s,87K,83K,500TB,175만,"5년 , 제한보증",,"6.4cm(2.5형) / SATA3 (6Gb/s) / TLC / 컨트롤러: WD / [성능] 순차읽기: 560MB/s / 순차쓰기: 520MB/s / 읽기IOPS: 87K / 쓰기IOPS: 83K / [지원기능] TRIM / S.M.A.R.T / SLC캐싱 / [환경특성] MTBF: 175만 / TBW: 500TB / A/S기간: 5년 , 제한보증 / 두께: 7mm",2023/07,ok,
2026-10-01T01:29:14+00:00,27806333,Western Digital WD Blue SA510 (4TB),https://prod.danawa.com/info/?pcode=27806333&cate=11229608,6.4cm(2.5형),SATA3 (6Gb/s),4TB,TLC,,WD,560MB/s,520MB/s,87K,83K,600TB,175만,"5년 , 제한보증",,"6.4cm(2.5형) / SATA3 (6Gb/s) / TLC / 컨트롤러: WD / [성능] 순차읽기: 560MB/s / 순차쓰기: 520MB/s / 읽기IOPS: 87K / 쓰기IOPS: 83K / [지원기능] S.M.A.R.T / SLC캐싱 / TRIM / [환경특성] MTBF: 175만 / TBW: 600TB / A/S기간: 5년 , 제한보증 / 두께: 7mm",2023/08,ok,
2026-10-01T01:29:14+00:00,17142212,Western Digital WD Blue SA510 (500GB),https://prod.danawa.com/info/?pcode=17142212&cate=11229608,6.4cm(2.5형),SATA3 (6Gb/s),500GB,TLC,,WD,560MB/s,510MB/s,90K,82K,200TB,175만,"제한보증 , 5년",,"6.4cm(2.5형) / SATA3 (6Gb/s) / TLC / 컨트롤러: WD / [성능] 순차읽기: 560MB/s / 순차쓰기: 510MB/s / 읽기IOPS: 90K / 쓰기IOPS: 82K / [지원기능] TRIM / SLC캐싱 / S.M.A.R.T / [환경특성] MTBF: 175만 / TBW: 200TB / A/S기간: 제한보증 , 5년 / 두께: 7mm",2022/05,ok,
2026-10-01T01:29:14+00:00,17143130,Western Digital WD Blue SA510 M.2 SATA (1TB),https://prod.danawa.com/info/?pcode=17143130&cate=11229608,M.2 (2280),SATA3 (6Gb/s),1TB,TLC,,WD,560MB/s,520MB/s,90K,82K,400TB,175만시간,"5년 , 제한보증",,"M.2 (2280) / SATA3 (6Gb/s) / TLC / 컨트롤러: WD / [성능] 순차읽기: 560MB/s / 순차쓰기: 520MB/s / 읽기IOPS: 90K / 쓰기IOPS: 82K / [환경특성] MTBF: 175만시간 / TBW: 400TB / A/S기간: 5년 , 제한보증 / 두께: 2.38mm / 4.8g",2022/05,ok,
2026-10-01T01:29:14+00:00,17143181,Western Digital WD Blue SA510 M.2 SATA (250GB),https://prod.danawa.com/info/?pcode=17143181&cate=11229608,M.2 (2280),SATA3 (6Gb/s),250GB,TLC,,WD,550MB/s,440MB/s,80K,78K,100TB,175만시간,"5년 , 제한보증",,"M.2 (2280) / SATA3 (6Gb/s) / TLC / 컨트롤러: WD / [성능] 순차읽기: 550MB/s / 순차쓰기: 440MB/s / 읽기IOPS: 80K / 쓰기IOPS: 78K / [환경특성] MTBF: 175만시간 / TBW: 100TB / A/S기간: 5년 , 제한보증 / 두께: 2.38mm / 4.8g",2022/05,ok,
2026-10-01T01:29:14+00:00,93070559,Western Digital WD Blue SA510 M.2 SATA (2TB),https://prod.danawa.com/info/?pcode=93070559&cate=11229608,M.2 (2280),SATA3 (6Gb/s),2TB,TLC,,WD,560MB/s,520MB/s,85K,83K,500TB,175만시간,"5년 , 제한보증",,"M.2 (2280) / SATA3 (6Gb/s) / TLC / 컨트롤러: WD / [성능] 순차읽기: 560MB/s / 순차쓰기: 520MB/s / 읽기IOPS: 85K / 쓰기IOPS: 83K / [환경특성] MTBF: 175만시간 / TBW: 500TB / A/S기간: 5년 , 제한보증 / 두께: 2.38mm / 6.4g",2022/05,ok,
2026-10-01T01:29:14+00:00,17143169,Western Digital WD Blue SA510 M.2 SATA (500GB),https://prod.danawa.com/info/?pcode=17143169&cate=11229608,M.2 (2280),SATA3 (6Gb/s),500GB,TLC,,WD,560MB/s,510MB/s,90K,82K,200TB,175만시간,"5년 , 제한보증",,"M.2 (2280) / SATA3 (6Gb/s) / TLC / 컨트롤러: WD / [성능] 순차읽기: 560MB/s / 순차쓰기: 510MB/s / 읽기IOPS: 90K / 쓰기IOPS: 82K / [환경특성] MTBF: 175만시간 / TBW: 200TB / A/S기간: 5년 , 제한보증 / 두께: 2.38mm / 4.8g",2022/05,ok,
2026-10-01T01:29:14+00:00,98184014,Western Digital WD Blue SA510 M.2 SATA 중고 (250GB),https://prod.danawa.com/info/?pcode=98184014&cate=11229608,M.2 (2280),SATA3 (6Gb/s),250GB,TLC,,WD,550MB/s,440MB/s,80K,78K,100TB,175만시간,,,M.2 (2280) / SATA3 (6Gb/s) / TLC / 컨트롤러: WD / [성능] 순차읽기: 550MB/s / 순차쓰기: 440MB/s / 읽기IOPS: 80K / 쓰기IOPS: 78K / [환경특성] MTBF: 175만시간 / TBW: 100TB / 두께: 2.38mm / 4.8g,2025/05,ok,
2026-10-01T01:29:14+00:00,98184008,Western Digital WD Blue SA510 M.2 SATA 중고 (500GB),https://prod.danawa.com/info/?pcode=98184008&cate=11229608,M.2 (2280),SATA3 (6Gb/s),500GB,TLC,,WD,560MB/s,510MB/s,90K,82K,200TB,175만시간,,,M.2 (2280) / SATA3 (6Gb/s) / TLC / 컨트롤러: WD / [성능] 순차읽기: 560MB/s / 순차쓰기: 510MB/s / 읽기IOPS: 90K / 쓰기IOPS: 82K / [환경특성] MTBF: 175만시간 / TBW: 200TB / 두께: 2.38mm / 4.8g,2022/05,ok,
2026-10-01T01:29:14+00:00,68438033,Western Digital WD Blue SA510 M.2 SATA 해외구매 (1TB),https://prod.danawa.com/info/?pcode=68438033&cate=11229608,M.2 (2280),SATA3 (6Gb/s),1TB,TLC,,WD,560MB/s,520MB/s,90K,82K,400TB,175만시간,,,M.2 (2280) / SATA3 (6Gb/s) / TLC / 컨트롤러: WD / [성능] 순차읽기: 560MB/s / 순차쓰기: 520MB/s / 읽기IOPS: 90K / 쓰기IOPS: 82K / [환경특성] MTBF: 175만시간 / TBW: 400TB / 두께: 2.38mm / 4.8g,2022/05,ok,
2026-10-01T01:29:14+00:00,89862302,Western Digital WD Blue SA510 M.2 SATA 해외구매 (250GB),https://prod.danawa.com/info/?pcode=89862302&cate=11229608,M.2 (2280),SATA3 (6Gb/s),250GB,TLC,,WD,550MB/s,440MB/s,80K,78K,100TB,175만시간,,,M.2 (2280) / SATA3 (6Gb/s) / TLC / 컨트롤러: WD / [성능] 순차읽기: 550MB/s / 순차쓰기: 440MB/s / 읽기IOPS: 80K / 쓰기IOPS: 78K / [환경특성] MTBF: 175만시간 / TBW: 100TB / 두께: 2.38mm / 4.8g,2025/05,ok,
2026-10-01T01:29:14+00:00,30294929,Western Digital WD Blue SA510 M.2 SATA 해외구매 (2TB),https://prod.danawa.com/info/?pcode=30294929&cate=11229608,M.2 (2280),SATA3 (6Gb/s),2TB,,,WD,560MB/s,520MB/s,85K,83K,500TB,175만시간,,,M.2 (2280) / SATA3 (6Gb/s) / 컨트롤러: WD / [성능] 순차읽기: 560MB/s / 순차쓰기: 520MB/s / 읽기IOPS: 85K / 쓰기IOPS: 83K / [환경특성] MTBF: 175만시간 / TBW: 500TB / 두께: 2.38mm,2023/12,ok,
2026-10-01T01:29:14+00:00,90435404,Western Digital WD Blue SA510 M.2 SATA 해외구매 (500GB),https://prod.danawa.com/info/?pcode=90435404&cate=11229608,M.2 (2280),SATA3 (6Gb/s),500GB,TLC,,WD,560MB/s,510MB/s,90K,82K,200TB,175만시간,,,M.2 (2280) / SATA3 (6Gb/s) / TLC / 컨트롤러: WD / [성능] 순차읽기: 560MB/s / 순차쓰기: 510MB/s / 읽기IOPS: 90K / 쓰기IOPS: 82K / [환경특성] MTBF: 175만시간 / TBW: 200TB / 두께: 2.38mm / 4.8g,2022/05,ok,
2026-10-01T01:29:14+00:00,98183996,Western Digital WD Blue SA510 중고 (500GB),https://prod.danawa.com/info/?pcode=98183996&cate=11229608,6.4cm(2.5형),SATA3 (6Gb/s),500GB,TLC,,WD,560MB/s,510MB/s,90K,82K,200TB,175만,,,6.4cm(2.5형) / SATA3 (6Gb/s) / TLC / 컨트롤러: WD / [성능] 순차읽기: 560MB/s / 순차쓰기: 510MB/s / 읽기IOPS: 90K / 쓰기IOPS: 82K / [지원기능] TRIM / SLC캐싱 / S.M.A.R.T / [환경특성] MTBF: 175만 / TBW: 200TB / 두께: 7mm,2025/01,ok,
2026-10-01T01:29:14+00:00,74055824,Western Digital WD Blue SA510 해외구매 (1TB),https://prod.danawa.com/info/?pcode=74055824&cate=11229608,6.4cm(2.5형),SATA3 (6Gb/s),1TB,TLC,,WD,560MB/s,520MB/s,90K,82K,400TB,175만,,,6.4cm(2.5형) / SATA3 (6Gb/s) / TLC / 컨트롤러: WD / [성능] 순차읽기: 560MB/s / 순차쓰기: 520MB/s / 읽기IOPS: 90K / 쓰기IOPS: 82K / [지원기능] S.M.A.R.T / SLC캐싱 / TRIM / [환경특성] MTBF: 175만 / TBW: 400TB / 두께: 7mm,2025/01,ok,
2026-10-01T01:29:14+00:00,59763380,Western Digital WD Blue SA510 해외구매 (2TB),https://prod.danawa.com/info/?pcode=59763380&cate=11229608,6.4cm(2.5형),SATA3 (6Gb/s),2TB,TLC,,WD,560MB/s,520MB/s,87K,83K,500TB,175만,,,6.4cm(2.5형) / SATA3 (6Gb/s) / TLC / 컨트롤러: WD / [성능] 순차읽기: 560MB/s / 순차쓰기: 520MB/s / 읽기IOPS: 87K / 쓰기IOPS: 83K / [지원기능] TRIM / SLC캐싱 / S.M.A.R.T / [환경특성] MTBF: 175만 / TBW: 500TB / 두께: 7mm,2024/07,ok,
2026-10-01T01:29:14+00:00,61421927,Western Digital WD Blue SA510 해외구매 (4TB),https://prod.danawa.com/info/?pcode=61421927&cate=11229608,6.4cm(2.5형),SATA3 (6Gb/s),4TB,TLC,,WD,560MB/s,520MB/s,87K,83K,600TB,175만,,,6.4cm(2.5형) / SATA3 (6Gb/s) / TLC / 컨트롤러: WD / [성능] 순차읽기: 560MB/s / 순차쓰기: 520MB/s / 읽기IOPS: 87K / 쓰기IOPS: 83K / [지원기능] TRIM / SLC캐싱 / S.M.A.R.T / [환경특성] MTBF: 175만 / TBW: 600TB / 두께: 7mm,2024/07,ok,
2026-10-01T01:29:14+00:00,74055227,Western Digital WD Blue SA510 해외구매 (500GB),https://prod.danawa.com/info/?pcode=74055227&cate=11229608,6.4cm(2.5형),SATA3 (6Gb/s),500GB,TLC,,WD,560MB/s,510MB/s,90K,82K,200TB,175만,,,6.4cm(2.5형) / SATA3 (6Gb/s) / TLC / 컨트롤러: WD / [성능] 순차읽기: 560MB/s / 순차쓰기: 510MB/s / 읽기IOPS: 90K / 쓰기IOPS: 82K / [지원기능] TRIM / SLC캐싱 / S.M.A.R.T / [환경특성] MTBF: 175만 / TBW: 200TB / 두께: 7mm,2025/01,ok,
2026-10-01T01:29:14+00:00,62176211,Western Digital WD Blue SN5000 M.2 NVMe (1TB),https://prod.danawa.com/info/?pcode=62176211&cate=11229608,M.2 (2280),PCIe4.0x4 (64GT/s),1TB,TLC,,WD Polaris 3,"5,150MB/s","4,900MB/s",730K,770K,600TB,175만,"5년 , 제한보증",방열판 미포함,"M.2 (2280) / PCIe4.0x4 (64GT/s) / TLC / 컨트롤러: WD Polaris 3 / [성능] 순차읽기: 5,150MB/s / 순차쓰기: 4,900MB/s / 읽기IOPS: 730K / 쓰기IOPS: 770K / [지원기능] S.M.A.R.T / SLC캐싱 / TRIM / HMB / 전용 S/W / [환경특성] MTBF: 175만 / TBW: 600TB / A/S기간: 5년 , 제한보증 / 방열판 미포함 / 두께: 2.38mm / 5.7g",2024/07,ok,
2026-10-01T01:29:14+00:00,62176193,Western Digital WD Blue SN5000 M.2 NVMe (2TB),https://prod.danawa.com/info/?pcode=62176193&cate=11229608,M.2 (2280),PCIe4.0x4 (64GT/s),2TB,TLC,,WD Polaris 3,"5,150MB/s","4,850MB/s",650K,770K,900TB,175만,"5년 , 제한보증",방열판 미포함,"M.2 (2280) / PCIe4.0x4 (64GT/s) / TLC / 컨트롤러: WD Polaris 3 / [성능] 순차읽기: 5,150MB/s / 순차쓰기: 4,850MB/s / 읽기IOPS: 650K / 쓰기IOPS: 770K / [지원기능] S.M.A.R.T / SLC캐싱 / TRIM / HMB / 전용 S/W / [환경특성] MTBF: 175만 / TBW: 900TB / SLC: 650GB / A/S기간: 5년 , 제한보증 / 방열판 미포함 / 두께: 2.38mm / 5.7g",2024/07,ok,
2026-10-01T01:29:14+00:00,62176130,Western Digital WD Blue SN5000 M.2 NVMe (4TB),https://prod.danawa.com/info/?pcode=62176130&cate=11229608,M.2 (2280),PCIe4.0x4 (64GT/s),4TB,QLC,,WD Polaris 3,"5,500MB/s","5,000MB/s",690K,900K,"1,200TB",175만,"5년 , 제한보증",방열판 미포함,"M.2 (2280) / PCIe4.0x4 (64GT/s) / QLC / 컨트롤러: WD Polaris 3 / [성능] 순차읽기: 5,500MB/s / 순차쓰기: 5,000MB/s / 읽기IOPS: 690K / 쓰기IOPS: 900K / [지원기능] HMB / TRIM / SLC캐싱 / S.M.A.R.T / 전용 S/W / [환경특성] MTBF: 175만 / TBW: 1,200TB / PS5 호환 / A/S기간: 5년 , 제한보증 / 방열판 미포함 / 두께: 2.38mm / 5.7g",2024/07,ok,
2026-10-01T01:29:14+00:00,62176226,Western Digital WD Blue SN5000 M.2 NVMe (500GB),https://prod.danawa.com/info/?pcode=62176226&cate=11229608,M.2 (2280),PCIe4.0x4 (64GT/s),500GB,TLC,,WD Polaris 3,"5,000MB/s","4,000MB/s",460K,770K,300TB,175만,"제한보증 , 5년",방열판 미포함,"M.2 (2280) / PCIe4.0x4 (64GT/s) / TLC / 컨트롤러: WD Polaris 3 / [성능] 순차읽기: 5,000MB/s / 순차쓰기: 4,000MB/s / 읽기IOPS: 460K / 쓰기IOPS: 770K / [지원기능] TRIM / HMB / SLC캐싱 / S.M.A.R.T / 전용 S/W / [환경특성] MTBF: 175만 / TBW: 300TB / A/S기간: 제한보증 , 5년 / 방열판 미포함 / 두께: 2.38mm / 5.7g",2024/07,ok,
2026-10-01T01:29:14+00:00,98484449,Western Digital WD Blue SN5000 M.2 NVMe 중고 (500GB),https://prod.danawa.com/info/?pcode=98484449&cate=11229608,M.2 (2280),PCIe4.0x4 (64GT/s),500GB,TLC,,WD Polaris 3,"5,000MB/s","4,000MB/s",460K,770K,300TB,175만,,방열판 미포함,"M.2 (2280) / PCIe4.0x4 (64GT/s) / TLC / 컨트롤러: WD Polaris 3 / [성능] 순차읽기: 5,000MB/s / 순차쓰기: 4,000MB/s / 읽기IOPS: 460K / 쓰기IOPS: 770K / [지원기능] TRIM / HMB / SLC캐싱 / S.M.A.R.T / 전용 S/W / [환경특성] MTBF: 175만 / TBW: 300TB / 방열판 미포함 / 두께: 2.38mm / 5.7g",2024/07,ok,
2026-10-01T01:29:14+00:00,60235493,Western Digital WD Blue SN5000 M.2 NVMe 해외구매 (1TB),https://prod.danawa.com/info/?pcode=60235493&cate=11229608,M.2 (2280),PCIe4.0x4 (64GT/s),1TB,TLC,,WD Polaris 3,"5,150MB/s","4,900MB/s",730K,770K,600TB,175만,,방열판 미포함,"M.2 (2280) / PCIe4.0x4 (64GT/s) / TLC / 컨트롤러: WD Polaris 3 / [성능] 순차읽기: 5,150MB/s / 순차쓰기: 4,900MB/s / 읽기IOPS: 730K / 쓰기IOPS: 770K / [지원기능] S.M.A.R.T / SLC캐싱 / TRIM / HMB / 전용 S/W / [환경특성] MTBF: 175만 / TBW: 600TB / 방열판 미포함 / 두께: 2.38mm / 5.7g",2024/07,ok,
2026-10-01T01:29:14+00:00,61729067,Western Digital WD Blue SN5000 M.2 NVMe 해외구매 (4TB),https://prod.danawa.com/info/?pcode=61729067&cate=11229608,M.2 (2280),PCIe4.0x4 (64GT/s),4TB,QLC,,WD Polaris 3,"5,500MB/s","5,000MB/s",690K,900K,"1,200TB",175만,,방열판 미포함,"M.2 (2280) / PCIe4.0x4 (64GT/s) / QLC / 컨트롤러: WD Polaris 3 / [성능] 순차읽기: 5,500MB/s / 순차쓰기: 5,000MB/s / 읽기IOPS: 690K / 쓰기IOPS: 900K / [지원기능] TRIM / HMB / SLC캐싱 / S.M.A.R.T / 전용 S/W / [환경특성] MTBF: 175만 / TBW: 1,200TB / PS5 호환 / 방열판 미포함 / 두께: 2.38mm / 5.7g",2024/07,ok,
2026-10-01T01:29:14+00:00,61728101,Western Digital WD Blue SN5000 M.2 NVMe 해외구매 (500GB),https://prod.danawa.com/info/?pcode=61728101&cate=11229608,M.2 (2280),PCIe4.0x4 (64GT/s),500GB,TLC,,WD Polaris 3,"5,000MB/s","4,000MB/s",460K,770K,300TB,175만,,방열판 미포함,"M.2 (2280) / PCIe4.0x4 (64GT/s) / TLC / 컨트롤러: WD Polaris 3 / [성능] 순차읽기: 5,000MB/s / 순차쓰기: 4,000MB/s / 읽기IOPS: 460K / 쓰기IOPS: 770K / [지원기능] HMB / TRIM / SLC캐싱 / S.M.A.R.T / 전용 S/W / [환경특성] MTBF: 175만 / TBW: 300TB / 방열판 미포함 / 두께: 2.38mm / 5.7g",2024/07,ok,
2026-10-01T01:29:14+00:00,96853946,Western Digital WD Blue SN5100 M.2 NVMe (1TB),https://prod.danawa.com/info/?pcode=96853946&cate=11229608,M.2 (2280),PCIe4.0x4 (64GT/s),1TB,QLC,,WD Polaris 3,"7,100MB/s","6,700MB/s","1,000K","1,300K",600TB,175만,"5년 , 제한보증",방열판 미포함,"M.2 (2280) / PCIe4.0x4 (64GT/s) / QLC / 컨트롤러: WD Polaris 3 / [성능] 순차읽기: 7,100MB/s / 순차쓰기: 6,700MB/s / 읽기IOPS: 1,000K / 쓰기IOPS: 1,300K / [지원기능] TRIM / HMB / SLC캐싱 / S.M.A.R.T / 전용 S/W / [환경특성] MTBF: 175만 / TBW: 600TB / PS5 호환 / A/S기간: 5년 , 제한보증 / 방열판 미포함 / 두께: 2.38mm / 5.7g",2025/08,ok,
2026-10-01T01:29:14+00:00,96853958,Western Digital WD Blue SN5100 M.2 NVMe (2TB),https://prod.danawa.com/info/?pcode=96853958&cate=11229608,M.2 (2280),PCIe4.0x4 (64GT/s),2TB,QLC,,WD Polaris 3,"7,100MB/s","6,700MB/s","1,000K","1,300K",900TB,175만,"5년 , 제한보증",방열판 미포함,"M.2 (2280) / PCIe4.0x4 (64GT/s) / QLC / 컨트롤러: WD Polaris 3 / [성능] 순차읽기: 7,100MB/s / 순차쓰기: 6,700MB/s / 읽기IOPS: 1,000K / 쓰기IOPS: 1,300K / [지원기능] HMB / TRIM / SLC캐싱 / S.M.A.R.T / 전용 S/W / [환경특성] MTBF: 175만 / TBW: 900TB / PS5 호환 / A/S기간: 5년 , 제한보증 / 방열판 미포함 / 두께: 2.38mm / 5.7g",2025/08,ok,
2026-10-01T01:29:14+00:00,99746318,Western Digital WD Blue SN5100 M.2 NVMe (4TB),https://prod.danawa.com/info/?pcode=99746318&cate=11229608,M.2 (2280),PCIe4.0x4 (64GT/s),4TB,QLC,,WD Polaris 3,"6,900MB/s","6,700MB/s",900K,"1,100K","1,200TB",175만,"5년 , 제한보증",방열판 미포함,"M.2 (2280) / PCIe4.0x4 (64GT/s) / QLC / 컨트롤러: WD Polaris 3 / [성능] 순차읽기: 6,900MB/s / 순차쓰기: 6,700MB/s / 읽기IOPS: 900K / 쓰기IOPS: 1,100K / [지원기능] TRIM / HMB / SLC캐싱 / S.M.A.R.T / 전용 S/W / [환경특성] MTBF: 175만 / TBW: 1,200TB / PS5 호환 / A/S기간: 5년 , 제한보증 / 방열판 미포함 / 두께: 2.38mm / 5.7g",2025/08,ok,
2026-10-01T01:29:14+00:00,96853913,Western Digital WD Blue SN5100 M.2 NVMe (500GB),https://prod.danawa.com/info/?pcode=96853913&cate=11229608,M.2 (2280),PCIe4.0x4 (64GT/s),500GB,QLC,,WD Polaris 3,"6,600MB/s","5,600MB/s",660K,"1,100K",300TB,175만,"5년 , 제한보증",방열판 미포함,"M.2 (2280) / PCIe4.0x4 (64GT/s) / QLC / 컨트롤러: WD Polaris 3 / [성능] 순차읽기: 6,600MB/s / 순차쓰기: 5,600MB/s / 읽기IOPS: 660K / 쓰기IOPS: 1,100K / [지원기능] HMB / TRIM / SLC캐싱 / S.M.A.R.T / 전용 S/W / [환경특성] MTBF: 175만 / TBW: 300TB / PS5 호환 / A/S기간: 5년 , 제한보증 / 방열판 미포함 / 두께: 2.38mm / 5.7g",2025/08,ok,
2026-10-01T01:29:14+00:00,106767344,Western Digital WD Blue SN5100 M.2 NVMe 병행수입 (500GB),https://prod.danawa.com/info/?pcode=106767344&cate=11229608,M.2 (2280),PCIe4.0x4 (64GT/s),500GB,QLC,,WD Polaris 3,"6,600MB/s","5,600MB/s",660K,"1,100K",300TB,175만,,방열판 미포함,"M.2 (2280) / PCIe4.0x4 (64GT/s) / QLC / 컨트롤러: WD Polaris 3 / [성능] 순차읽기: 6,600MB/s / 순차쓰기: 5,600MB/s / 읽기IOPS: 660K / 쓰기IOPS: 1,100K / [지원기능] TRIM / HMB / SLC캐싱 / S.M.A.R.T / 전용 S/W / [환경특성] MTBF: 175만 / TBW: 300TB / PS5 호환 / 방열판 미포함 / 두께: 2.38mm / 5.7g",2026/03,ok,
2026-10-01T01:29:14+00:00,96854129,Western Digital WD Blue SN5100 M.2 NVMe 해외구매 (1TB),https://prod.danawa.com/info/?pcode=96854129&cate=11229608,M.2 (2280),PCIe4.0x4 (64GT/s),1TB,QLC,,WD Polaris 3,"7,100MB/s","6,700MB/s","1,000K","1,300K",600TB,175만,,방열판 미포함,"M.2 (2280) / PCIe4.0x4 (64GT/s) / QLC / 컨트롤러: WD Polaris 3 / [성능] 순차읽기: 7,100MB/s / 순차쓰기: 6,700MB/s / 읽기IOPS: 1,000K / 쓰기IOPS: 1,300K / [지원기능] S.M.A.R.T / SLC캐싱 / TRIM / HMB / 전용 S/W / [환경특성] MTBF: 175만 / TBW: 600TB / PS5 호환 / 방열판 미포함 / 두께: 2.38mm / 5.7g",2025/08,ok,
2026-10-01T01:29:14+00:00,96854213,Western Digital WD Blue SN5100 M.2 NVMe 해외구매 (2TB),https://prod.danawa.com/info/?pcode=96854213&cate=11229608,M.2 (2280),PCIe4.0x4 (64GT/s),2TB,QLC,,WD Polaris 3,"7,100MB/s","6,700MB/s","1,000K","1,300K",900TB,175만,,방열판 미포함,"M.2 (2280) / PCIe4.0x4 (64GT/s) / QLC / 컨트롤러: WD Polaris 3 / [성능] 순차읽기: 7,100MB/s / 순차쓰기: 6,700MB/s / 읽기IOPS: 1,000K / 쓰기IOPS: 1,300K / [지원기능] S.M.A.R.T / SLC캐싱 / TRIM / HMB / 전용 S/W / [환경특성] MTBF: 175만 / TBW: 900TB / PS5 호환 / 방열판 미포함 / 두께: 2.38mm / 5.7g",2025/08,ok,
2026-10-01T01:29:14+00:00,98768141,Western Digital WD Blue SN5100 M.2 NVMe 해외구매 (4TB),https://prod.danawa.com/info/?pcode=98768141&cate=11229608,M.2 (2280),PCIe4.0x4 (64GT/s),4TB,QLC,,WD Polaris 3,"6,900MB/s","6,700MB/s",900K,"1,100K","1,200TB",175만,,방열판 미포함,"M.2 (2280) / PCIe4.0x4 (64GT/s) / QLC / 컨트롤러: WD Polaris 3 / [성능] 순차읽기: 6,900MB/s / 순차쓰기: 6,700MB/s / 읽기IOPS: 900K / 쓰기IOPS: 1,100K / [지원기능] HMB / TRIM / SLC캐싱 / S.M.A.R.T / 전용 S/W / [환경특성] MTBF: 175만 / TBW: 1,200TB / PS5 호환 / 방열판 미포함 / 두께: 2.38mm / 5.7g",2025/08,ok,
2026-10-01T01:29:14+00:00,96854075,Western Digital WD Blue SN5100 M.2 NVMe 해외구매 (500GB),https://prod.danawa.com/info/?pcode=96854075&cate=11229608,M.2 (2280),PCIe4.0x4 (64GT/s),500GB,QLC,,WD Polaris 3,"6,600MB/s","5,600MB/s",660K,"1,100K",300TB,175만,,방열판 미포함,"M.2 (2280) / PCIe4.0x4 (64GT/s) / QLC / 컨트롤러: WD Polaris 3 / [성능] 순차읽기: 6,600MB/s / 순차쓰기: 5,600MB/s / 읽기IOPS: 660K / 쓰기IOPS: 1,100K / [지원기능] S.M.A.R.T / SLC캐싱 / TRIM / HMB / 전용 S/W / [환경특성] MTBF: 175만 / TBW: 300TB / PS5 호환 / 방열판 미포함 / 두께: 2.38mm / 5.7g",2025/08,ok,
2026-10-01T01:29:14+00:00,10120467,Western Digital WD Blue SN550 M.2 NVMe (1TB),https://prod.danawa.com/info/?pcode=10120467&cate=11229608,M.2 (2280),PCIe3.0x4 (32GT/s),1TB,TLC,,기타,"2,400MB/s","1,950MB/s",345K,385K,600TB,170만,"5년 , 제한보증",방열판 미포함,"M.2 (2280) / PCIe3.0x4 (32GT/s) / TLC / 컨트롤러: 기타 / [성능] 순차읽기: 2,400MB/s / 순차쓰기: 1,950MB/s / 읽기IOPS: 345K / 쓰기IOPS: 385K / [지원기능] GC / S.M.A.R.T / SLC캐싱 / TRIM / ECC / DEVSLP / HMB / 전용 S/W / [환경특성] MTBF: 170만 / TBW: 600TB / A/S기간: 5년 , 제한보증 / 방열판 미포함 / 두께: 2.38mm / 6.5g",2019/12,ok,
2026-10-01T01:29:14+00:00,10120377,Western Digital WD Blue SN550 M.2 NVMe (250GB),https://prod.danawa.com/info/?pcode=10120377&cate=11229608,M.2 (2280),PCIe3.0x4 (32GT/s),250GB,TLC,,기타,"2,400MB/s",950MB/s,165K,160K,150TB,170만,"5년 , 제한보증",방열판 미포함,"M.2 (2280) / PCIe3.0x4 (32GT/s) / TLC / 컨트롤러: 기타 / [성능] 순차읽기: 2,400MB/s / 순차쓰기: 950MB/s / 읽기IOPS: 165K / 쓰기IOPS: 160K / [지원기능] DEVSLP / HMB / TRIM / ECC / SLC캐싱 / GC / S.M.A.R.T / 전용 S/W / [환경특성] MTBF: 170만 / TBW: 150TB / A/S기간: 5년 , 제한보증 / 방열판 미포함 / 두께: 2.38mm / 6.5g",2019/12,ok,
2026-10-01T01:29:14+00:00,12659966,Western Digital WD Blue SN550 M.2 NVMe (2TB),https://prod.danawa.com/info/?pcode=12659966&cate=11229608,M.2 (2280),PCIe3.0x4 (32GT/s),2TB,TLC,,기타,"2,600MB/s","1,800MB/s",360K,384K,900TB,170만,5년,방열판 미포함,"M.2 (2280) / PCIe3.0x4 (32GT/s) / TLC / 컨트롤러: 기타 / [성능] 순차읽기: 2,600MB/s / 순차쓰기: 1,800MB/s / 읽기IOPS: 360K / 쓰기IOPS: 384K / [지원기능] TRIM / ECC / DEVSLP / HMB / SLC캐싱 / GC / S.M.A.R.T / 전용 S/W / [환경특성] MTBF: 170만 / TBW: 900TB / A/S기간: 5년 / 방열판 미포함 / 두께: 2.38mm / 6.5g",2020/11,ok,
2026-10-01T01:29:14+00:00,10888989,Western Digital WD Blue SN550 M.2 NVMe 해외구매 (1TB),https://prod.danawa.com/info/?pcode=10888989&cate=11229608,M.2 (2280),PCIe3.0x4 (32GT/s),1TB,TLC,,기타,"2,400MB/s","1,950MB/s",400K,405K,600TB,175만,,방열판 미포함,"M.2 (2280) / PCIe3.0x4 (32GT/s) / TLC / 컨트롤러: 기타 / [성능] 순차읽기: 2,400MB/s / 순차쓰기: 1,950MB/s / 읽기IOPS: 400K / 쓰기IOPS: 405K / [지원기능] GC / S.M.A.R.T / SLC캐싱 / TRIM / ECC / DEVSLP / HMB / 전용 S/W / [환경특성] MTBF: 175만 / TBW: 600TB / 방열판 미포함 / 두께: 2.38mm / 6.5g",2019/12,ok,
2026-10-01T01:29:14+00:00,10888968,Western Digital WD Blue SN550 M.2 NVMe 해외구매 (250GB),https://prod.danawa.com/info/?pcode=10888968&cate=11229608,M.2 (2280),PCIe3.0x4 (32GT/s),250GB,TLC,,WD,"2,400MB/s",900MB/s,최대 170K,최대 135K,150TB,175만,,방열판 미포함,"M.2 (2280) / PCIe3.0x4 (32GT/s) / TLC / 컨트롤러: WD / [성능] 순차읽기: 2,400MB/s / 순차쓰기: 900MB/s / 읽기IOPS: 최대 170K / 쓰기IOPS: 최대 135K / [지원기능] TRIM / ECC / DEVSLP / HMB / GC / SLC캐싱 / S.M.A.R.T / 전용 S/W / [환경특성] MTBF: 175만 / TBW: 150TB / 방열판 미포함 / 두께: 2.38mm / 6.5g",2019/12,ok,
2026-10-01T01:29:14+00:00,14830715,Western Digital WD Blue SN550 M.2 NVMe 해외구매 (2TB),https://prod.danawa.com/info/?pcode=14830715&cate=11229608,M.2 (2280),PCIe3.0x4 (32GT/s),2TB,TLC,,기타,"2,600MB/s","1,800MB/s",460K,384K,900TB,170만,,방열판 미포함,"M.2 (2280) / PCIe3.0x4 (32GT/s) / TLC / 컨트롤러: 기타 / [성능] 순차읽기: 2,600MB/s / 순차쓰기: 1,800MB/s / 읽기IOPS: 460K / 쓰기IOPS: 384K / [지원기능] TRIM / ECC / DEVSLP / HMB / SLC캐싱 / GC / S.M.A.R.T / 전용 S/W / [환경특성] MTBF: 170만 / TBW: 900TB / 방열판 미포함 / 두께: 2.38mm / 6.5g",2020/11,ok,
2026-10-01T01:29:14+00:00,10888983,Western Digital WD Blue SN550 M.2 NVMe 해외구매 (500GB),https://prod.danawa.com/info/?pcode=10888983&cate=11229608,M.2 (2280),PCIe3.0x4 (32GT/s),500GB,TLC,,기타,"2,400MB/s","1,750MB/s",300K,240K,300TB,175만,,방열판 미포함,"M.2 (2280) / PCIe3.0x4 (32GT/s) / TLC / 컨트롤러: 기타 / [성능] 순차읽기: 2,400MB/s / 순차쓰기: 1,750MB/s / 읽기IOPS: 300K / 쓰기IOPS: 240K / [지원기능] TRIM / ECC / DEVSLP / HMB / GC / SLC캐싱 / S.M.A.R.T / 전용 S/W / [환경특성] MTBF: 175만 / TBW: 300TB / 방열판 미포함 / 두께: 2.38mm / 6.5g",2019/12,ok,
2026-10-01T01:29:14+00:00,122676722,Western Digital WD Blue SN570 M.2 NVMe 중고 (500GB),https://prod.danawa.com/info/?pcode=122676722&cate=11229608,M.2 (2280),PCIe3.0x4 (32GT/s),500GB,TLC,,기타,"3,500MB/s","2,300MB/s",360K,390K,300TB,150만,,방열판 미포함,"M.2 (2280) / PCIe3.0x4 (32GT/s) / TLC / 컨트롤러: 기타 / [성능] 순차읽기: 3,500MB/s / 순차쓰기: 2,300MB/s / 읽기IOPS: 360K / 쓰기IOPS: 390K / [지원기능] DEVSLP / HMB / TRIM / ECC / SLC캐싱 / GC / S.M.A.R.T / 전용 S/W / [환경특성] MTBF: 150만 / TBW: 300TB / 방열판 미포함 / 두께: 2.38mm / 6.5g",2021/11,ok,
2026-10-01T01:29:14+00:00,16706222,Western Digital WD Blue SN570 M.2 NVMe 해외구매 (1TB),https://prod.danawa.com/info/?pcode=16706222&cate=11229608,M.2 (2280),PCIe3.0x4 (32GT/s),1TB,TLC,,기타,"3,500MB/s","3,000MB/s",460K,450K,600TB,150만,,방열판 미포함,"M.2 (2280) / PCIe3.0x4 (32GT/s) / TLC / 컨트롤러: 기타 / [성능] 순차읽기: 3,500MB/s / 순차쓰기: 3,000MB/s / 읽기IOPS: 460K / 쓰기IOPS: 450K / [지원기능] TRIM / ECC / DEVSLP / HMB / SLC캐싱 / GC / S.M.A.R.T / 전용 S/W / [환경특성] MTBF: 150만 / TBW: 600TB / 방열판 미포함 / 두께: 2.38mm / 6.5g",2021/11,ok,
2026-10-01T01:29:14+00:00,6627592,Western Digital WD GREEN M.2 SATA (480GB),https://prod.danawa.com/info/?pcode=6627592&cate=11229608,M.2 (2280),SATA3 (6Gb/s),480GB,TLC,,기타,545MB/s,,,,,100만,3년,,M.2 (2280) / SATA3 (6Gb/s) / TLC / 컨트롤러: 기타 / [성능] 순차읽기: 545MB/s / [지원기능] TRIM / DEVSLP / S.M.A.R.T / 전용 S/W / [환경특성] MTBF: 100만 / A/S기간: 3년 / 두께: 1.5mm / 6.52g,2018/11,ok,
2026-10-01T01:29:14+00:00,7277257,Western Digital WD GREEN SSD (1TB),https://prod.danawa.com/info/?pcode=7277257&cate=11229608,6.4cm(2.5형),SATA3 (6Gb/s),1TB,TLC,,기타,545MB/s,,,,,200만,"3년 , 제한보증",,"6.4cm(2.5형) / SATA3 (6Gb/s) / TLC / 컨트롤러: 기타 / [성능] 순차읽기: 545MB/s / [지원기능] DEVSLP / TRIM / S.M.A.R.T / 전용 S/W / [환경특성] MTBF: 200만 / A/S기간: 3년 , 제한보증 / 두께: 7mm / 32.7g / [기타] 25년 8월부로 상품 정보 변경(패키지 이미지, MTBF)",2019/02,ok,
2026-10-01T01:29:14+00:00,4593708,Western Digital WD GREEN SSD (240GB),https://prod.danawa.com/info/?pcode=4593708&cate=11229608,6.4cm(2.5형),SATA3 (6Gb/s),240GB,TLC,,기타,545MB/s,,,,80TB,100만,"3년 , 제한보증",,"6.4cm(2.5형) / SATA3 (6Gb/s) / TLC / 컨트롤러: 기타 / [성능] 순차읽기: 545MB/s / [지원기능] TRIM / S.M.A.R.T / 전용 S/W / [환경특성] MTBF: 100만 / TBW: 80TB / A/S기간: 3년 , 제한보증 / 두께: 7mm / 최대 32.5g",2016/10,ok,
2026-10-01T01:29:14+00:00,95000072,Western Digital WD GREEN SSD (250GB),https://prod.danawa.com/info/?pcode=95000072&cate=11229608,6.4cm(2.5형),SATA3 (6Gb/s),250GB,TLC,,기타,545MB/s,,,,,200만,"3년 , 제한보증",,"6.4cm(2.5형) / SATA3 (6Gb/s) / TLC / 컨트롤러: 기타 / [성능] 순차읽기: 545MB/s / [지원기능] S.M.A.R.T / TRIM / DEVSLP / 전용 S/W / [환경특성] MTBF: 200만 / A/S기간: 3년 , 제한보증 / 두께: 7mm / 32.7g / [기타] 25년 8월부로 상품 정보 변경(패키지 이미지, MTBF)",2019/02,ok,
2026-10-01T01:29:14+00:00,95000048,Western Digital WD GREEN SSD (2TB),https://prod.danawa.com/info/?pcode=95000048&cate=11229608,6.4cm(2.5형),SATA3 (6Gb/s),2TB,TLC,,기타,545MB/s,,,,,200만,"3년 , 제한보증",,"6.4cm(2.5형) / SATA3 (6Gb/s) / TLC / 컨트롤러: 기타 / [성능] 순차읽기: 545MB/s / [지원기능] DEVSLP / TRIM / S.M.A.R.T / 전용 S/W / [환경특성] MTBF: 200만 / A/S기간: 3년 , 제한보증 / 두께: 7mm / 32.7g / [기타] 25년 8월부로 상품 정보 변경(패키지 이미지, MTBF)",2019/02,ok,
2026-10-01T01:29:14+00:00,6446362,Western Digital WD GREEN SSD (480GB),https://prod.danawa.com/info/?pcode=6446362&cate=11229608,6.4cm(2.5형),SATA3 (6Gb/s),480GB,TLC,,기타,545MB/s,,,,80TB,100만,"3년 , 제한보증",,"6.4cm(2.5형) / SATA3 (6Gb/s) / TLC / 컨트롤러: 기타 / [성능] 순차읽기: 545MB/s / [지원기능] TRIM / DEVSLP / S.M.A.R.T / 전용 S/W / [환경특성] MTBF: 100만 / TBW: 80TB / A/S기간: 3년 , 제한보증 / 두께: 7mm / 32.7g",2018/09,ok,
2026-10-01T01:29:14+00:00,95000096,Western Digital WD GREEN SSD (500GB),https://prod.danawa.com/info/?pcode=95000096&cate=11229608,6.4cm(2.5형),SATA3 (6Gb/s),500GB,TLC,,기타,545MB/s,,,,,200만,"3년 , 제한보증",,"6.4cm(2.5형) / SATA3 (6Gb/s) / TLC / 컨트롤러: 기타 / [성능] 순차읽기: 545MB/s / [지원기능] TRIM / DEVSLP / S.M.A.R.T / 전용 S/W / [환경특성] MTBF: 200만 / A/S기간: 3년 , 제한보증 / 두께: 7mm / 32.7g / [기타] 25년 8월부로 상품 정보 변경(패키지 이미지, MTBF)",2019/02,ok,
2026-10-01T01:29:14+00:00,7169662,Western Digital WD GREEN SSD 중고 (120GB),https://prod.danawa.com/info/?pcode=7169662&cate=11229608,6.4cm(2.5형),SATA3 (6Gb/s),120GB,TLC,,기타,545MB/s,,,,40TB,100만,,,6.4cm(2.5형) / SATA3 (6Gb/s) / TLC / 컨트롤러: 기타 / [성능] 순차읽기: 545MB/s / [지원기능] S.M.A.R.T / TRIM / DEVSLP / [환경특성] MTBF: 100만 / TBW: 40TB / 두께: 7mm / 최대 32.5g,2016/10,ok,
2026-10-01T01:29:14+00:00,97308587,Western Digital WD GREEN SSD 중고 (240GB),https://prod.danawa.com/info/?pcode=97308587&cate=11229608,6.4cm(2.5형),SATA3 (6Gb/s),240GB,TLC,,기타,545MB/s,,,,80TB,100만,,,6.4cm(2.5형) / SATA3 (6Gb/s) / TLC / 컨트롤러: 기타 / [성능] 순차읽기: 545MB/s / [지원기능] TRIM / S.M.A.R.T / DEVSLP / [환경특성] MTBF: 100만 / TBW: 80TB / 두께: 7mm / 최대 32.5g,2016/10,ok,
2026-10-01T01:29:14+00:00,98918636,Western Digital WD GREEN SSD 중고 (250GB),https://prod.danawa.com/info/?pcode=98918636&cate=11229608,6.4cm(2.5형),SATA3 (6Gb/s),250GB,TLC,,기타,545MB/s,,,,,200만,,,6.4cm(2.5형) / SATA3 (6Gb/s) / TLC / 컨트롤러: 기타 / [성능] 순차읽기: 545MB/s / [지원기능] DEVSLP / S.M.A.R.T / TRIM / 전용 S/W / [환경특성] MTBF: 200만 / 두께: 7mm / 32.7g,2019/02,ok,
2026-10-01T01:29:14+00:00,8887016,Western Digital WD GREEN SSD 해외구매 (1TB),https://prod.danawa.com/info/?pcode=8887016&cate=11229608,6.4cm(2.5형),SATA3 (6Gb/s),1TB,TLC,,,545MB/s,,,,,100만,,,6.4cm(2.5형) / SATA3 (6Gb/s) / TLC / [성능] 순차읽기: 545MB/s / [지원기능] DEVSLP / [환경특성] MTBF: 100만 / 두께: 7mm / 최대 33.2g,2019/07,ok,
2026-10-01T01:29:14+00:00,8886926,Western Digital WD GREEN SSD 해외구매 (240GB),https://prod.danawa.com/info/?pcode=8886926&cate=11229608,6.4cm(2.5형),SATA3 (6Gb/s),240GB,TLC,,기타,545MB/s,,,,,100만,,,6.4cm(2.5형) / SATA3 (6Gb/s) / TLC / 컨트롤러: 기타 / [성능] 순차읽기: 545MB/s / [지원기능] DEVSLP / [환경특성] MTBF: 100만 / 두께: 7mm / 최대 32.7g,2019/07,ok,
2026-10-01T01:29:14+00:00,8886968,Western Digital WD GREEN SSD 해외구매 (480GB),https://prod.danawa.com/info/?pcode=8886968&cate=11229608,6.4cm(2.5형),SATA3 (6Gb/s),480GB,TLC,,기타,545MB/s,,,,,100만,,,6.4cm(2.5형) / SATA3 (6Gb/s) / TLC / 컨트롤러: 기타 / [성능] 순차읽기: 545MB/s / [지원기능] DEVSLP / [환경특성] MTBF: 100만 / 두께: 7mm / 최대 33.2g,2019/07,ok,
2026-10-01T01:29:14+00:00,101186015,Western Digital WD Green SN3000 M.2 NVMe (1TB),https://prod.danawa.com/info/?pcode=101186015&cate=11229608,M.2 (2280),PCIe4.0x4 (64GT/s),1TB,QLC,,WD,"5,000MB/s","4,200MB/s",,,150TB,175만시간,"3년 , 제한보증",방열판 미포함,"M.2 (2280) / PCIe4.0x4 (64GT/s) / QLC / 컨트롤러: WD / [성능] 순차읽기: 5,000MB/s / 순차쓰기: 4,200MB/s / [환경특성] MTBF: 175만시간 / TBW: 150TB / A/S기간: 3년 , 제한보증 / 방열판 미포함 / 두께: 2.38mm / 5.4g",2025/11,ok,
2026-10-01T01:29:14+00:00,101186033,Western Digital WD Green SN3000 M.2 NVMe (2TB),https://prod.danawa.com/info/?pcode=101186033&cate=11229608,M.2 (2280),PCIe4.0x4 (64GT/s),2TB,QLC,,WD,"5,000MB/s","4,200MB/s",,,250TB,175만시간,"3년 , 제한보증",방열판 미포함,"M.2 (2280) / PCIe4.0x4 (64GT/s) / QLC / 컨트롤러: WD / [성능] 순차읽기: 5,000MB/s / 순차쓰기: 4,200MB/s / [환경특성] MTBF: 175만시간 / TBW: 250TB / A/S기간: 3년 , 제한보증 / 방열판 미포함 / 두께: 2.38mm / 5.4g",2025/11,ok,
2026-10-01T01:29:14+00:00,73328813,Western Digital WD Green SN3000 M.2 NVMe 해외구매 (1TB),https://prod.danawa.com/info/?pcode=73328813&cate=11229608,M.2 (2280),PCIe4.0x4 (64GT/s),1TB,QLC,,WD,"5,000MB/s","4,200MB/s",,,150TB,175만시간,,방열판 미포함,"M.2 (2280) / PCIe4.0x4 (64GT/s) / QLC / 컨트롤러: WD / [성능] 순차읽기: 5,000MB/s / 순차쓰기: 4,200MB/s / [환경특성] MTBF: 175만시간 / TBW: 150TB / 방열판 미포함 / 두께: 2.38mm / 5.4g",2024/12,ok,
2026-10-01T01:29:14+00:00,73328795,Western Digital WD Green SN3000 M.2 NVMe 해외구매 (2TB),https://prod.danawa.com/info/?pcode=73328795&cate=11229608,M.2 (2280),PCIe4.0x4 (64GT/s),2TB,QLC,,WD,"5,000MB/s","4,200MB/s",,,250TB,175만시간,,방열판 미포함,"M.2 (2280) / PCIe4.0x4 (64GT/s) / QLC / 컨트롤러: WD / [성능] 순차읽기: 5,000MB/s / 순차쓰기: 4,200MB/s / [환경특성] MTBF: 175만시간 / TBW: 250TB / 방열판 미포함 / 두께: 2.38mm / 5.4g",2024/12,ok,
2026-10-01T01:29:14+00:00,15712613,Western Digital WD Green SN350 M.2 NVMe (1TB),https://prod.danawa.com/info/?pcode=15712613&cate=11229608,M.2 (2280),PCIe3.0x4 (32GT/s),1TB,QLC,,WD,"3,200MB/s","2,500MB/s",300K,400K,100TB,100만,"3년 , 제한보증",방열판 미포함,"M.2 (2280) / PCIe3.0x4 (32GT/s) / QLC / 컨트롤러: WD / [성능] 순차읽기: 3,200MB/s / 순차쓰기: 2,500MB/s / 읽기IOPS: 300K / 쓰기IOPS: 400K / [지원기능] HMB / TRIM / SLC캐싱 / S.M.A.R.T / 전용 S/W / [환경특성] MTBF: 100만 / TBW: 100TB / A/S기간: 3년 , 제한보증 / 방열판 미포함 / 두께: 2.38mm / 7.5g",2021/11,ok,
2026-10-01T01:29:14+00:00,20020157,Western Digital WD Green SN350 M.2 NVMe (250GB),https://prod.danawa.com/info/?pcode=20020157&cate=11229608,M.2 (2280),PCIe3.0x4 (32GT/s),250GB,TLC,,WD,"2,400MB/s","1,500MB/s",300K,300K,60TB,100만,"3년 , 제한보증",방열판 미포함,"M.2 (2280) / PCIe3.0x4 (32GT/s) / TLC / 컨트롤러: WD / [성능] 순차읽기: 2,400MB/s / 순차쓰기: 1,500MB/s / 읽기IOPS: 300K / 쓰기IOPS: 300K / [지원기능] S.M.A.R.T / SLC캐싱 / TRIM / HMB / 전용 S/W / [환경특성] MTBF: 100만 / TBW: 60TB / A/S기간: 3년 , 제한보증 / 방열판 미포함 / 두께: 2.38mm / 7.5g",2023/05,ok,
2026-10-01T01:29:14+00:00,15712556,Western Digital WD Green SN350 M.2 NVMe (2TB),https://prod.danawa.com/info/?pcode=15712556&cate=11229608,M.2 (2280),PCIe3.0x4 (32GT/s),2TB,QLC,,WD,"3,200MB/s","3,000MB/s",500K,450K,100TB,100만,"3년 , 제한보증",방열판 미포함,"M.2 (2280) / PCIe3.0x4 (32GT/s) / QLC / 컨트롤러: WD / [성능] 순차읽기: 3,200MB/s / 순차쓰기: 3,000MB/s / 읽기IOPS: 500K / 쓰기IOPS: 450K / [지원기능] HMB / TRIM / SLC캐싱 / S.M.A.R.T / 전용 S/W / [환경특성] MTBF: 100만 / TBW: 100TB / A/S기간: 3년 , 제한보증 / 방열판 미포함 / 두께: 2.38mm / 7.5g",2021/11,ok,
2026-10-01T01:29:14+00:00,20020220,Western Digital WD Green SN350 M.2 NVMe (500GB),https://prod.danawa.com/info/?pcode=20020220&cate=11229608,M.2 (2280),PCIe3.0x4 (32GT/s),500GB,TLC,,WD,"2,400MB/s","1,500MB/s",300K,300K,60TB,100만,"제한보증 , 3년",방열판 미포함,"M.2 (2280) / PCIe3.0x4 (32GT/s) / TLC / 컨트롤러: WD / [성능] 순차읽기: 2,400MB/s / 순차쓰기: 1,500MB/s / 읽기IOPS: 300K / 쓰기IOPS: 300K / [지원기능] TRIM / HMB / SLC캐싱 / S.M.A.R.T / 전용 S/W / [환경특성] MTBF: 100만 / TBW: 60TB / A/S기간: 제한보증 , 3년 / 방열판 미포함 / 두께: 2.38mm / 7.5g",2021/05,ok,
2026-10-01T01:29:14+00:00,73328651,Western Digital WD Green SN350 M.2 NVMe 해외구매 (500GB),https://prod.danawa.com/info/?pcode=73328651&cate=11229608,M.2 (2280),PCIe3.0x4 (32GT/s),500GB,TLC,,WD,"2,400MB/s","1,500MB/s",300K,300K,60TB,100만,,방열판 미포함,"M.2 (2280) / PCIe3.0x4 (32GT/s) / TLC / 컨트롤러: WD / [성능] 순차읽기: 2,400MB/s / 순차쓰기: 1,500MB/s / 읽기IOPS: 300K / 쓰기IOPS: 300K / [지원기능] TRIM / HMB / SLC캐싱 / S.M.A.R.T / 전용 S/W / [환경특성] MTBF: 100만 / TBW: 60TB / 방열판 미포함 / 두께: 2.38mm / 7.5g",2024/12,ok,
2026-10-01T01:29:14+00:00,9891306,Western Digital WD RED SA500 SSD (1TB),https://prod.danawa.com/info/?pcode=9891306&cate=11229608,6.4cm(2.5형),SATA3 (6Gb/s),1TB,TLC,,마벨,560MB/s,530MB/s,최대 95K,최대 85K,600TB,200만,"5년 , 제한보증",,"6.4cm(2.5형) / SATA3 (6Gb/s) / TLC / 컨트롤러: 마벨 / [성능] 순차읽기: 560MB/s / 순차쓰기: 530MB/s / 읽기IOPS: 최대 95K / 쓰기IOPS: 최대 85K / [지원기능] TRIM / SLC캐싱 / S.M.A.R.T / [환경특성] MTBF: 200만 / TBW: 600TB / A/S기간: 5년 , 제한보증 / 두께: 7mm / 37.4g",2019/11,ok,
2026-10-01T01:29:14+00:00,9891327,Western Digital WD RED SA500 SSD (2TB),https://prod.danawa.com/info/?pcode=9891327&cate=11229608,6.4cm(2.5형),SATA3 (6Gb/s),2TB,TLC,,마벨,560MB/s,530MB/s,최대 95K,최대 85K,"1,300TB",200만,"제한보증 , 5년",,"6.4cm(2.5형) / SATA3 (6Gb/s) / TLC / 컨트롤러: 마벨 / [성능] 순차읽기: 560MB/s / 순차쓰기: 530MB/s / 읽기IOPS: 최대 95K / 쓰기IOPS: 최대 85K / [지원기능] TRIM / SLC캐싱 / S.M.A.R.T / [환경특성] MTBF: 200만 / TBW: 1,300TB / A/S기간: 제한보증 , 5년 / 두께: 7mm / 57.9g",2019/11,ok,
2026-10-01T01:29:14+00:00,9891273,Western Digital WD RED SA500 SSD (500GB),https://prod.danawa.com/info/?pcode=9891273&cate=11229608,6.4cm(2.5형),SATA3 (6Gb/s),500GB,TLC,,마벨,560MB/s,530MB/s,최대 95K,최대 85K,350TB,200만,"5년 , 제한보증",,"6.4cm(2.5형) / SATA3 (6Gb/s) / TLC / 컨트롤러: 마벨 / [성능] 순차읽기: 560MB/s / 순차쓰기: 530MB/s / 읽기IOPS: 최대 95K / 쓰기IOPS: 최대 85K / [지원기능] TRIM / SLC캐싱 / S.M.A.R.T / [환경특성] MTBF: 200만 / TBW: 350TB / A/S기간: 5년 , 제한보증 / 두께: 7mm / 37.4g",2019/11,ok,
2026-10-01T01:29:14+00:00,14950256,Western Digital WD RED SA500 SSD 해외구매 (4TB),https://prod.danawa.com/info/?pcode=14950256&cate=11229608,6.4cm(2.5형),SATA3 (6Gb/s),4TB,TLC,,마벨,560MB/s,530MB/s,최대 95K,최대 85K,"2,500TB",200만,,,"6.4cm(2.5형) / SATA3 (6Gb/s) / TLC / 컨트롤러: 마벨 / [성능] 순차읽기: 560MB/s / 순차쓰기: 530MB/s / 읽기IOPS: 최대 95K / 쓰기IOPS: 최대 85K / [지원기능] TRIM / S.M.A.R.T / SLC캐싱 / [환경특성] MTBF: 200만 / TBW: 2,500TB / 두께: 7mm / 57.9g",2019/11,ok,
2026-10-01T01:29:14+00:00,58030037,Western Digital WD RED SN700 M.2 NVMe (1TB),https://prod.danawa.com/info/?pcode=58030037&cate=11229608,M.2 (2280),PCIe3.0x4 (32GT/s),1TB,TLC,DRAM 탑재,WD,"3,430MB/s","3,000MB/s",515K,560K,"2,000TB",175만,"제한보증 , 5년",방열판 미포함,"M.2 (2280) / PCIe3.0x4 (32GT/s) / TLC / DRAM 탑재 / DDR4 1GB / 컨트롤러: WD / [성능] 순차읽기: 3,430MB/s / 순차쓰기: 3,000MB/s / 읽기IOPS: 515K / 쓰기IOPS: 560K / [지원기능] TRIM / SLC캐싱 / S.M.A.R.T / [환경특성] MTBF: 175만 / TBW: 2,000TB / A/S기간: 제한보증 , 5년 / 방열판 미포함 / 두께: 2.38mm / 7.5g",2024/06,ok,
2026-10-01T01:29:14+00:00,79000193,Western Digital WD RED SN700 M.2 NVMe (2TB),https://prod.danawa.com/info/?pcode=79000193&cate=11229608,M.2 (2280),PCIe3.0x4 (32GT/s),2TB,TLC,DRAM 탑재,WD,"3,400MB/s","2,900MB/s",480K,540K,"2,500TB",175만,"5년 , 제한보증",방열판 미포함,"M.2 (2280) / PCIe3.0x4 (32GT/s) / TLC / DRAM 탑재 / 컨트롤러: WD / [성능] 순차읽기: 3,400MB/s / 순차쓰기: 2,900MB/s / 읽기IOPS: 480K / 쓰기IOPS: 540K / [지원기능] S.M.A.R.T / SLC캐싱 / TRIM / [환경특성] MTBF: 175만 / TBW: 2,500TB / A/S기간: 5년 , 제한보증 / 방열판 미포함 / 두께: 2.38mm / 7.5g",2024/06,ok,
2026-10-01T01:29:14+00:00,79000271,Western Digital WD RED SN700 M.2 NVMe (4TB),https://prod.danawa.com/info/?pcode=79000271&cate=11229608,M.2 (2280),PCIe3.0x4 (32GT/s),4TB,TLC,DRAM 탑재,WD,"3,400MB/s","3,100MB/s",550K,520K,"5,100TB",175만,"5년 , 제한보증",방열판 미포함,"M.2 (2280) / PCIe3.0x4 (32GT/s) / TLC / DRAM 탑재 / DDR4 2GB / 컨트롤러: WD / [성능] 순차읽기: 3,400MB/s / 순차쓰기: 3,100MB/s / 읽기IOPS: 550K / 쓰기IOPS: 520K / [지원기능] TRIM / SLC캐싱 / S.M.A.R.T / [환경특성] MTBF: 175만 / TBW: 5,100TB / A/S기간: 5년 , 제한보증 / 방열판 미포함 / 두께: 2.38mm / 7.5g",2024/06,ok,
2026-10-01T01:29:14+00:00,17842835,Western Digital WD RED SN700 M.2 NVMe 해외구매 (1TB),https://prod.danawa.com/info/?pcode=17842835&cate=11229608,M.2 (2280),PCIe3.0x4 (32GT/s),1TB,TLC,DRAM 탑재,기타,"3,430MB/s","3,000MB/s",515K,560K,"2,000TB",175만시간,,방열판 미포함,"M.2 (2280) / PCIe3.0x4 (32GT/s) / TLC / DRAM 탑재 / 컨트롤러: 기타 / [성능] 순차읽기: 3,430MB/s / 순차쓰기: 3,000MB/s / 읽기IOPS: 515K / 쓰기IOPS: 560K / [환경특성] MTBF: 175만시간 / TBW: 2,000TB / 방열판 미포함 / 두께: 2.38mm / 7.5g",2022/09,ok,
2026-10-01T01:29:14+00:00,106721405,Western Digital WD SN5000S M.2 NVMe 벌크 (1TB),https://prod.danawa.com/info/?pcode=106721405&cate=11229608,M.2 (2280),PCIe4.0x4 (64GT/s),1TB,QLC,,WD Polaris 3,"6,000MB/s","5,400MB/s",750K,900K,300TB,175만,,방열판 미포함,"M.2 (2280) / PCIe4.0x4 (64GT/s) / QLC / 컨트롤러: WD Polaris 3 / [성능] 순차읽기: 6,000MB/s / 순차쓰기: 5,400MB/s / 읽기IOPS: 750K / 쓰기IOPS: 900K / [지원기능] S.M.A.R.T / SLC캐싱 / TRIM / HMB / [환경특성] MTBF: 175만 / TBW: 300TB / PS5 호환 / 방열판 미포함 / 두께: 2.38mm / 5.4g / [기타] 노트북 적출상품",2025/09,ok,
2026-10-01T01:29:14+00:00,97408457,Western Digital WD SN5000S M.2 NVMe 벌크 (512GB),https://prod.danawa.com/info/?pcode=97408457&cate=11229608,M.2 (2280),PCIe4.0x4 (64GT/s),512GB,QLC,,WD Polaris 3,"6,000MB/s","4,200MB/s",500K,850K,150TB,175만,,방열판 미포함,"M.2 (2280) / PCIe4.0x4 (64GT/s) / QLC / 컨트롤러: WD Polaris 3 / [성능] 순차읽기: 6,000MB/s / 순차쓰기: 4,200MB/s / 읽기IOPS: 500K / 쓰기IOPS: 850K / [지원기능] TRIM / HMB / SLC캐싱 / S.M.A.R.T / [환경특성] MTBF: 175만 / TBW: 150TB / PS5 호환 / 방열판 미포함 / 두께: 2.38mm / 5.4g / [기타] 노트북 적출상품",2025/09,ok,
2026-10-01T01:29:14+00:00,10640799,Western Digital WD SN520 M.2 NVMe 벌크 (256GB),https://prod.danawa.com/info/?pcode=10640799&cate=11229608,M.2 (2280),PCIe3.0x2 (16GT/s),256GB,,,기타,"1,700MB/s","1,300MB/s",최대 220K,최대 175K,200TB,175만시간,,방열판 미포함,"M.2 (2280) / PCIe3.0x2 (16GT/s) / 컨트롤러: 기타 / [성능] 순차읽기: 1,700MB/s / 순차쓰기: 1,300MB/s / 읽기IOPS: 최대 220K / 쓰기IOPS: 최대 175K / [환경특성] MTBF: 175만시간 / TBW: 200TB / 방열판 미포함 / 두께: 2.23mm / [기타] 노트북 적출상품 / M.2 사이즈 확인요망 / 중고, 병행, 해외 여부 확인요망",2020/02,ok,
2026-10-01T01:29:14+00:00,16291796,Western Digital WD SN530 M.2 2242 NVMe 벌크 (256GB),https://prod.danawa.com/info/?pcode=16291796&cate=11229608,M.2 (2242),PCIe3.0x4 (32GT/s),256GB,,,기타,"2,400MB/s",950MB/s,,,,,,방열판 미포함,"M.2 (2242) / PCIe3.0x4 (32GT/s) / 컨트롤러: 기타 / [성능] 순차읽기: 2,400MB/s / 순차쓰기: 950MB/s / [환경특성] 방열판 미포함 / 두께: 2.38mm / [기타] 노트북 적출상품",2022/01,ok,
2026-10-01T01:29:14+00:00,14968946,Western Digital WD SN530 M.2 NVMe 벌크 (256GB),https://prod.danawa.com/info/?pcode=14968946&cate=11229608,M.2 (2280),PCIe3.0x4 (32GT/s),256GB,,,기타,"2,400MB/s",950MB/s,170K,120K,200TB,175만,,방열판 미포함,"M.2 (2280) / PCIe3.0x4 (32GT/s) / 컨트롤러: 기타 / [성능] 순차읽기: 2,400MB/s / 순차쓰기: 950MB/s / 읽기IOPS: 170K / 쓰기IOPS: 120K / HMB / [환경특성] MTBF: 175만 / TBW: 200TB / 방열판 미포함 / 두께: 2.38mm / 7.5g / [기타] 노트북 적출상품",2021/08,ok,
2026-10-01T01:29:14+00:00,9724140,Western Digital WD SN720 M.2 NVMe 중고 (256GB),https://prod.danawa.com/info/?pcode=9724140&cate=11229608,M.2 (2280),PCIe3.0x4 (32GT/s),256GB,,,기타,"3,000MB/s","2,400MB/s",최대 400K,최대 185K,200TB,175만시간,,방열판 미포함,"M.2 (2280) / PCIe3.0x4 (32GT/s) / 컨트롤러: 기타 / [성능] 순차읽기: 3,000MB/s / 순차쓰기: 2,400MB/s / 읽기IOPS: 최대 400K / 쓰기IOPS: 최대 185K / [환경특성] MTBF: 175만시간 / TBW: 200TB / 방열판 미포함 / 두께: 2.38mm / 7.5g",2019/10,ok,
2026-10-01T01:29:14+00:00,11992373,Western Digital WD SN730 M.2 NVMe 벌크 (256GB),https://prod.danawa.com/info/?pcode=11992373&cate=11229608,M.2 (2280),PCIe3.0x4 (32GT/s),256GB,,,,"3,150MB/s","2,100MB/s",270K,280K,200TB,175만시간,,방열판 미포함,"M.2 (2280) / PCIe3.0x4 (32GT/s) / [성능] 순차읽기: 3,150MB/s / 순차쓰기: 2,100MB/s / 읽기IOPS: 270K / 쓰기IOPS: 280K / [환경특성] MTBF: 175만시간 / TBW: 200TB / 방열판 미포함 / 두께: 2.38mm / 7.3g / [기타] 노트북 적출상품",2020/08,ok,
2026-10-01T01:29:14+00:00,122652218,Western Digital WD SN730 M.2 NVMe 중고 (512GB),https://prod.danawa.com/info/?pcode=122652218&cate=11229608,M.2 (2280),PCIe3.0x4 (32GT/s),512GB,,,,"3,400MB/s","2,700MB/s",460K,460K,300TB,175만,,방열판 미포함,"M.2 (2280) / PCIe3.0x4 (32GT/s) / [성능] 순차읽기: 3,400MB/s / 순차쓰기: 2,700MB/s / 읽기IOPS: 460K / 쓰기IOPS: 460K / [환경특성] MTBF: 175만 / TBW: 300TB / 방열판 미포함 / 두께: 2.38mm / 7.3g",2020/08,ok,
2026-10-01T01:29:14+00:00,30121538,Western Digital WD SN740 M.2 2242 NVMe 벌크 (512GB),https://prod.danawa.com/info/?pcode=30121538&cate=11229608,M.2 (2242),PCIe4.0x4 (64GT/s),512GB,TLC,,WD,"5,000MB/s","4,000MB/s",460K,800K,300TB,175만,,방열판 미포함,"M.2 (2242) / PCIe4.0x4 (64GT/s) / TLC / 컨트롤러: WD / [성능] 순차읽기: 5,000MB/s / 순차쓰기: 4,000MB/s / 읽기IOPS: 460K / 쓰기IOPS: 800K / [지원기능] HMB / [환경특성] MTBF: 175만 / TBW: 300TB / 방열판 미포함 / 두께: 2.3mm / 3.2g / [기타] 노트북 적출상품 / PCB 디자인이 이미지와 다를 수 있음",2023/11,ok,
2026-10-01T01:29:14+00:00,20222969,Western Digital WD SN740 M.2 NVMe 벌크 (256GB),https://prod.danawa.com/info/?pcode=20222969&cate=11229608,M.2 (2280),PCIe4.0x4 (64GT/s),256GB,TLC,,WD,"4,000MB/s","2,000MB/s",270K,470K,200TB,175만,,방열판 미포함,"M.2 (2280) / PCIe4.0x4 (64GT/s) / TLC / 컨트롤러: WD / [성능] 순차읽기: 4,000MB/s / 순차쓰기: 2,000MB/s / 읽기IOPS: 270K / 쓰기IOPS: 470K / [지원기능] HMB / TRIM / SLC캐싱 / S.M.A.R.T / [환경특성] MTBF: 175만 / TBW: 200TB / 방열판 미포함 / 두께: 2.3mm / [기타] 노트북 적출상품",2023/05,ok,
2026-10-01T01:29:14+00:00,28394468,Western Digital WD SN740 M.2 NVMe 벌크 (512GB),https://prod.danawa.com/info/?pcode=28394468&cate=11229608,M.2 (2280),PCIe4.0x4 (64GT/s),512GB,TLC,,WD,"5,000MB/s","4,900MB/s",460K,800K,300TB,175만,,방열판 미포함,"M.2 (2280) / PCIe4.0x4 (64GT/s) / TLC / 컨트롤러: WD / [성능] 순차읽기: 5,000MB/s / 순차쓰기: 4,900MB/s / 읽기IOPS: 460K / 쓰기IOPS: 800K / [지원기능] HMB / TRIM / SLC캐싱 / S.M.A.R.T / [환경특성] MTBF: 175만 / TBW: 300TB / 방열판 미포함 / 두께: 2.3mm / [기타] 노트북 적출상품",2023/09,ok,
2026-10-01T01:29:14+00:00,19725239,Western Digital WD SN810 M.2 NVMe 벌크 (512GB),https://prod.danawa.com/info/?pcode=19725239&cate=11229608,M.2 (2280),PCIe4.0x4 (64GT/s),512GB,,,기타,"6,000MB/s","4,000MB/s",,,,,,방열판 미포함,"M.2 (2280) / PCIe4.0x4 (64GT/s) / 컨트롤러: 기타 / [성능] 순차읽기: 6,000MB/s / 순차쓰기: 4,000MB/s / [환경특성] 방열판 미포함 / 두께: 2.38mm / [기타] 노트북 적출상품",2023/04,ok,
2026-10-01T01:29:14+00:00,122687478,YMTC ZHITAI TiPlus7100s M.2 NVMe (1TB),https://prod.danawa.com/info/?pcode=122687478&cate=11229608,M.2 (2280),PCIe4.0x4 (64GT/s),1TB,TLC,,Maxio MAP1606,"7,400MB/s","6,900MB/s","1,500K","1,500K",600TB,150만,"5년 , 제한보증",방열판 미포함,"M.2 (2280) / PCIe4.0x4 (64GT/s) / TLC / 컨트롤러: Maxio MAP1606 / [성능] 순차읽기: 7,400MB/s / 순차쓰기: 6,900MB/s / 읽기IOPS: 1,500K / 쓰기IOPS: 1,500K / [지원기능] TRIM / S.M.A.R.T / SLC캐싱 / HMB / DEVSLP / 전용 S/W / [환경특성] MTBF: 150만 / TBW: 600TB / PS5 호환 / A/S기간: 5년 , 제한보증 / 방열판 미포함 / 7g / [기타] YMTC Xtacking™ 4.0",2026/06,ok,
2026-10-01T01:29:14+00:00,122687473,YMTC ZHITAI TiPlus7100s M.2 NVMe (2TB),https://prod.danawa.com/info/?pcode=122687473&cate=11229608,M.2 (2280),PCIe4.0x4 (64GT/s),2TB,TLC,,Maxio MAP1606,"7,400MB/s","6,900MB/s","1,400K","1,500K","1,200TB",150만,"5년 , 제한보증",방열판 미포함,"M.2 (2280) / PCIe4.0x4 (64GT/s) / TLC / 컨트롤러: Maxio MAP1606 / [성능] 순차읽기: 7,400MB/s / 순차쓰기: 6,900MB/s / 읽기IOPS: 1,400K / 쓰기IOPS: 1,500K / [지원기능] TRIM / S.M.A.R.T / SLC캐싱 / HMB / DEVSLP / 전용 S/W / [환경특성] MTBF: 150만 / TBW: 1,200TB / PS5 호환 / A/S기간: 5년 , 제한보증 / 방열판 미포함 / 7g / [기타] YMTC Xtacking™ 4.0",2026/06,ok,
2026-10-01T01:29:14+00:00,122687457,YMTC ZHITAI TiPlus7100s M.2 NVMe (4TB),https://prod.danawa.com/info/?pcode=122687457&cate=11229608,M.2 (2280),PCIe4.0x4 (64GT/s),4TB,TLC,,Maxio MAP1606,"7,400MB/s","6,900MB/s","1,200K","1,500K","2,400TB",150만,"5년 , 제한보증",방열판 미포함,"M.2 (2280) / PCIe4.0x4 (64GT/s) / TLC / 컨트롤러: Maxio MAP1606 / [성능] 순차읽기: 7,400MB/s / 순차쓰기: 6,900MB/s / 읽기IOPS: 1,200K / 쓰기IOPS: 1,500K / [지원기능] TRIM / S.M.A.R.T / SLC캐싱 / HMB / DEVSLP / 전용 S/W / [환경특성] MTBF: 150만 / TBW: 2,400TB / PS5 호환 / A/S기간: 5년 , 제한보증 / 방열판 미포함 / 7g / [기타] YMTC Xtacking™ 4.0",2026/06,ok,
2026-10-01T01:29:14+00:00,122687590,YMTC ZHITAI TiPlus9100 M.2 NVMe (1TB),https://prod.danawa.com/info/?pcode=122687590&cate=11229608,M.2 (2280),PCIe5.0x4 (128GT/s),1TB,TLC,,Maxio MAP1802,"12,000MB/s","10,700MB/s","1,850K","1,850K",600TB,150만,"5년 , 제한보증",방열판 미포함,"M.2 (2280) / PCIe5.0x4 (128GT/s) / TLC / 컨트롤러: Maxio MAP1802 / [성능] 순차읽기: 12,000MB/s / 순차쓰기: 10,700MB/s / 읽기IOPS: 1,850K / 쓰기IOPS: 1,850K / [지원기능] TRIM / S.M.A.R.T / SLC캐싱 / HMB / DEVSLP / 전용 S/W / [환경특성] MTBF: 150만 / TBW: 600TB / PS5 호환 / A/S기간: 5년 , 제한보증 / 방열판 미포함 / 두께: 7mm / 7g / [기타] YMTC Xtacking™ 4.0",2026/06,ok,
2026-10-01T01:29:14+00:00,122687585,YMTC ZHITAI TiPlus9100 M.2 NVMe (2TB),https://prod.danawa.com/info/?pcode=122687585&cate=11229608,M.2 (2280),PCIe5.0x4 (128GT/s),2TB,TLC,,Maxio MAP1802,"12,000MB/s","10,700MB/s","1,850K","1,850K","1,200TB",150만,"5년 , 제한보증",방열판 미포함,"M.2 (2280) / PCIe5.0x4 (128GT/s) / TLC / 컨트롤러: Maxio MAP1802 / [성능] 순차읽기: 12,000MB/s / 순차쓰기: 10,700MB/s / 읽기IOPS: 1,850K / 쓰기IOPS: 1,850K / [지원기능] TRIM / S.M.A.R.T / SLC캐싱 / HMB / DEVSLP / 전용 S/W / [환경특성] MTBF: 150만 / TBW: 1,200TB / PS5 호환 / A/S기간: 5년 , 제한보증 / 방열판 미포함 / 두께: 7mm / 7g / [기타] YMTC Xtacking™ 4.0",2026/06,ok,
2026-10-01T01:29:14+00:00,122687578,YMTC ZHITAI TiPlus9100 M.2 NVMe (4TB),https://prod.danawa.com/info/?pcode=122687578&cate=11229608,M.2 (2280),PCIe5.0x4 (128GT/s),4TB,TLC,,Maxio MAP1802,"11,950MB/s","10,700MB/s","1,850K","1,850K","2,400TB",150만,"5년 , 제한보증",방열판 미포함,"M.2 (2280) / PCIe5.0x4 (128GT/s) / TLC / 컨트롤러: Maxio MAP1802 / [성능] 순차읽기: 11,950MB/s / 순차쓰기: 10,700MB/s / 읽기IOPS: 1,850K / 쓰기IOPS: 1,850K / [지원기능] TRIM / S.M.A.R.T / SLC캐싱 / HMB / DEVSLP / 전용 S/W / [환경특성] MTBF: 150만 / TBW: 2,400TB / PS5 호환 / A/S기간: 5년 , 제한보증 / 방열판 미포함 / 두께: 7mm / 7g / [기타] YMTC Xtacking™ 4.0",2026/06,ok,
2026-10-01T01:29:14+00:00,122687631,YMTC ZHITAI TiPro9000 M.2 NVMe (1TB),https://prod.danawa.com/info/?pcode=122687631&cate=11229608,M.2 (2280),PCIe5.0x4 (128GT/s),1TB,TLC,DRAM 탑재,실리콘모션 SM2508,"14,900MB/s","13,500MB/s","1,750K","2,200K",600TB,150만,"5년 , 제한보증",,"M.2 (2280) / PCIe5.0x4 (128GT/s) / TLC / DRAM 탑재 / 컨트롤러: 실리콘모션 SM2508 / [성능] 순차읽기: 14,900MB/s / 순차쓰기: 13,500MB/s / 읽기IOPS: 1,750K / 쓰기IOPS: 2,200K / [지원기능] TRIM / S.M.A.R.T / SLC캐싱 / DEVSLP / 전용 S/W / [환경특성] MTBF: 150만 / TBW: 600TB / PS5 호환 / A/S기간: 5년 , 제한보증 / 방열판 제공(탈거가능) / 두께: 11mm / [기타] YMTC Xtacking™ 4.0",2026/06,ok,
2026-10-01T01:29:14+00:00,122687622,YMTC ZHITAI TiPro9000 M.2 NVMe (2TB),https://prod.danawa.com/info/?pcode=122687622&cate=11229608,M.2 (2280),PCIe5.0x4 (128GT/s),2TB,TLC,DRAM 탑재,실리콘모션 SM2508,"14,900MB/s","13,800MB/s","2,100K","2,200K","1,200TB",150만,"5년 , 제한보증",,"M.2 (2280) / PCIe5.0x4 (128GT/s) / TLC / DRAM 탑재 / DDR4 2GB / 컨트롤러: 실리콘모션 SM2508 / [성능] 순차읽기: 14,900MB/s / 순차쓰기: 13,800MB/s / 읽기IOPS: 2,100K / 쓰기IOPS: 2,200K / [지원기능] TRIM / S.M.A.R.T / SLC캐싱 / DEVSLP / 전용 S/W / [환경특성] MTBF: 150만 / TBW: 1,200TB / SLC: 350GB / PS5 호환 / A/S기간: 5년 , 제한보증 / 방열판 제공(탈거가능) / 두께: 11mm / [기타] YMTC Xtacking™ 4.0",2026/06,ok,
2026-10-01T01:29:14+00:00,122687608,YMTC ZHITAI TiPro9000 M.2 NVMe (4TB),https://prod.danawa.com/info/?pcode=122687608&cate=11229608,M.2 (2280),PCIe5.0x4 (128GT/s),4TB,TLC,DRAM 탑재,실리콘모션 SM2508,"14,900MB/s","13,800MB/s","2,100K","2,200K","2,400TB",150만,"5년 , 제한보증",,"M.2 (2280) / PCIe5.0x4 (128GT/s) / TLC / DRAM 탑재 / 컨트롤러: 실리콘모션 SM2508 / [성능] 순차읽기: 14,900MB/s / 순차쓰기: 13,800MB/s / 읽기IOPS: 2,100K / 쓰기IOPS: 2,200K / [지원기능] TRIM / S.M.A.R.T / SLC캐싱 / DEVSLP / 전용 S/W / [환경특성] MTBF: 150만 / TBW: 2,400TB / SLC: 700GB / PS5 호환 / A/S기간: 5년 , 제한보증 / 방열판 제공(탈거가능) / 두께: 11mm / [기타] YMTC Xtacking™ 4.0",2026/06,ok,
2026-10-01T01:29:14+00:00,122713426,YMTC ZHITAI XIAOYI S001 (1TB),https://prod.danawa.com/info/?pcode=122713426&cate=11229608,6.4cm(2.5형),SATA3 (6Gb/s),1TB,,,기타,550MB/s,500MB/s,85K,70K,300TB,150만,"3년 , 제한보증",,"6.4cm(2.5형) / SATA3 (6Gb/s) / 컨트롤러: 기타 / [성능] 순차읽기: 550MB/s / 순차쓰기: 500MB/s / 읽기IOPS: 85K / 쓰기IOPS: 70K / [지원기능] TRIM / S.M.A.R.T / 전용 S/W / [환경특성] MTBF: 150만 / TBW: 300TB / A/S기간: 3년 , 제한보증",2026/06,ok,
2026-10-01T01:29:14+00:00,122713425,YMTC ZHITAI XIAOYI S001 (2TB),https://prod.danawa.com/info/?pcode=122713425&cate=11229608,6.4cm(2.5형),SATA3 (6Gb/s),2TB,,,기타,550MB/s,500MB/s,85K,70K,600TB,150만,"3년 , 제한보증",,"6.4cm(2.5형) / SATA3 (6Gb/s) / 컨트롤러: 기타 / [성능] 순차읽기: 550MB/s / 순차쓰기: 500MB/s / 읽기IOPS: 85K / 쓰기IOPS: 70K / [지원기능] TRIM / S.M.A.R.T / 전용 S/W / [환경특성] MTBF: 150만 / TBW: 600TB / A/S기간: 3년 , 제한보증",2026/06,ok,
2026-10-01T01:29:14+00:00,13359707,ZOMY S-103 M.2 to SATA 컨버터,https://prod.danawa.com/info/?pcode=13359707&cate=11229608,변환 컨버터,,,,,,,,,,,,,,변환 컨버터 / 크기 변환: M.2→2.5형 / SSD전용 / 보관(장착) 개수: 최대 1개 / 두께: 7mm / 블랙 / 알루미늄,2021/02,ok,
2026-10-01T01:29:14+00:00,54963989,mSATA to SATA 컨버터,https://prod.danawa.com/info/?pcode=54963989&cate=11229608,변환 컨버터,,,,,,,,,,,,,,"변환 컨버터 / 크기 변환: mSATA→2.5형 / 인터페이스 변환: SATA→SATA / SSD전용 / 보관(장착) 개수: 최대 1개 / 두께: 7mm / mSATA(27,50,70mm)",2024/05,ok,
2026-10-01T01:29:14+00:00,3546574,강원전자 I-NC10K 다용도 알루미늄 하드디스크 보관함,https://prod.danawa.com/info/?pcode=3546574&cate=11229608,보관케이스,,,,,,,,,,,,,,보관케이스 / HDD전용 / 보관(장착) 개수: 최대 10개 / 충격보호 / 잠금장치 / 방수 / 두께: 200mm / 1.6kg / 실버 / 알루미늄 / 3.5형 10Bay,2015/11,ok,
2026-10-01T01:29:14+00:00,3705935,강원전자 NETmate M.2 SSD to SATA 컨버터 (NM-NGB2),https://prod.danawa.com/info/?pcode=3705935&cate=11229608,변환 컨버터,SATA M.2(NGFF) SSD to SATA 컨버터,,,,,,,,,,,,,변환 컨버터 / 크기 변환: M.2→PCIe 카드 / 인터페이스 변환: SATA3→SATA3 / SSD전용 / 보관(장착) 개수: 최대 2개 / 48g / 블랙 / 그린 / 2포트 / SATA M.2(NGFF) SSD to SATA 컨버터,2016/01,ok,
2026-10-01T01:29:14+00:00,3328332,강원전자 NETmate Mini SATA SSD 하이브리드 디스크 PCI Express 카드 (NM-SSP1),https://prod.danawa.com/info/?pcode=3328332&cate=11229608,변환 컨버터,,,,,ASM1061,,,,,,,,,변환 컨버터 / 크기 변환: mSATA→PCIe 카드 / 인터페이스 변환: SATA3→PCIe / SSD전용 / 보관(장착) 개수: 최대 1개 / 40g / 컨트롤러: ASM1061 / 50mm mSATA 지원 / 전용 프로그램 제공,2015/07,ok,
2026-10-01T01:29:14+00:00,4311656,강원전자 NETmate NMU-ST370 SATA3 to Type C 변환 컨버터,https://prod.danawa.com/info/?pcode=4311656&cate=11229608,변환 컨버터,,,,,,,,,,,,,,"변환 컨버터 / 크기 변환: 2.5형→USB C타입 / 인터페이스 변환: SATA3→USB3.x 10Gbps / SSD, HDD겸용 / 보관(장착) 개수: 최대 1개 / 두께: 10.2mm / 20g / 무전원 / 케이블 길이: 20cm",2016/08,ok,
2026-10-01T01:29:14+00:00,3641708,강원전자 NETmate SATA 컨버터 (NM-NGB1),https://prod.danawa.com/info/?pcode=3641708&cate=11229608,변환 컨버터,,,,,,,,,,,,,,변환 컨버터 / 크기 변환: M.2→PCIe 카드 / 인터페이스 변환: SATA3→SATA3 / SSD전용 / 보관(장착) 개수: 최대 1개 / 44g,2015/12,ok,
2026-10-01T01:29:14+00:00,8535602,강원전자 NETmate USB 3.0 to SATA3 컨버터 (NM-KP01C),https://prod.danawa.com/info/?pcode=8535602&cate=11229608,변환 컨버터,,,,,JMS578,,,,,,,,,"변환 컨버터 / 크기 변환: 3.5/2.5형→USB A타입 / 인터페이스 변환: SATA3→USB3.x 5Gbps / SSD, HDD겸용 / 보관(장착) 개수: 최대 1개 / UASP 지원 / 보조전원 / 두께: 14.3mm / 35g / 컨트롤러: JMS578 / 케이블 길이: 4.6cm / DC 12V 전원 어댑터 포함",2019/07,ok,
2026-10-01T01:29:14+00:00,2897541,강원전자 ineo I-NC05 (HDD보관함),https://prod.danawa.com/info/?pcode=2897541&cate=11229608,보관케이스,,,,,,,,,,,,,,보관케이스 / HDD전용 / 보관(장착) 개수: 최대 1개 / 두께: 35mm / 화이트 / 플라스틱,2014/11,ok,
2026-10-01T01:29:14+00:00,2638370,강원전자 ineo I-NC10 알루미늄 하드디스크 보관함 (3.5 10Bay),https://prod.danawa.com/info/?pcode=2638370&cate=11229608,보관케이스,,,,,,,,,,,,,,보관케이스 / HDD전용 / 보관(장착) 개수: 최대 10개 / 충격보호 / 두께: 170mm / 1.5kg / 실버 / 알루미늄 / 3.5인치 10Bay,2013/10,ok,
2026-10-01T01:29:14+00:00,2638398,강원전자 ineo I-NC23 알루미늄 하드디스크 보관함 (2.5 3Bay + 3.5 6Bay),https://prod.danawa.com/info/?pcode=2638398&cate=11229608,보관케이스,,,,,,,,,,,,,,보관케이스 / HDD전용 / 보관(장착) 개수: 최대 9개 / 두께: 170mm / 1.3kg / 실버 / 알루미늄 / 2.5인치 3Bay / 3.5인치 6Bay,2013/10,ok,
2026-10-01T01:29:14+00:00,2621608,강원전자 ineo I-NC25 알루미늄 하드디스크 보관함 (2.5 16Bay),https://prod.danawa.com/info/?pcode=2621608&cate=11229608,보관케이스,,,,,,,,,,,,,,보관케이스 / HDD전용 / 보관(장착) 개수: 최대 16개 / 방수 / 충격보호 / 두께: 170mm / 1.6kg / 실버 / 알루미늄,2013/10,ok,
2026-10-01T01:29:14+00:00,35225171,강원전자 넷메이트 M.2 NVMe to PCIe 카드 (NM-SRBM2),https://prod.danawa.com/info/?pcode=35225171&cate=11229608,변환 컨버터,PCIe 3.0x4 지원,,,,,,,,,,,,방열판 미포함,변환 컨버터 / 크기 변환: M.2→PCIe 카드 / 인터페이스 변환: PCIe→PCIe(NVMe) / SSD전용 / 보관(장착) 개수: 최대 2개 / 방열판 미포함 / PCIe 3.0x4 지원,2024/02,ok,
2026-10-01T01:29:14+00:00,35235179,강원전자 넷메이트 M.2 NVMe to PCIe 카드 (NM-SRM2),https://prod.danawa.com/info/?pcode=35235179&cate=11229608,변환 컨버터,PCIe 3.0x4 지원,,,,,,,,,,,,방열판 미포함,변환 컨버터 / 크기 변환: M.2→PCIe 카드 / 인터페이스 변환: PCIe→PCIe(NVMe) / SSD전용 / 보관(장착) 개수: 최대 1개 / 방열판 미포함 / PCIe 3.0x4 지원,2024/02,ok,
2026-10-01T01:29:14+00:00,4826462,동현아이 T-SONIC USB 3.0 to SATA3 어댑터 (DH-J300),https://prod.danawa.com/info/?pcode=4826462&cate=11229608,변환 컨버터,,,,,,,,,,,,,,"변환 컨버터 / 크기 변환: 2.5형→USB A타입 / 인터페이스 변환: SATA3→USB3.x 5Gbps / SSD, HDD겸용 / 보관(장착) 개수: 최대 1개 / UASP 지원 / 두께: 13mm / 10g / 블랙 / 화이트 / 플라스틱 / 케이블 길이: 21cm",2017/01,ok,
2026-10-01T01:29:14+00:00,10085025,디오테라 ROIPLE DOVE SSD (128GB),https://prod.danawa.com/info/?pcode=10085025&cate=11229608,6.4cm(2.5형),SATA3 (6Gb/s),128GB,TLC,,실리콘모션 SM2258XT,560MB/s,510MB/s,,,,200만,3년,,6.4cm(2.5형) / SATA3 (6Gb/s) / TLC / 컨트롤러: 실리콘모션 SM2258XT / [성능] 순차읽기: 560MB/s / 순차쓰기: 510MB/s / [지원기능] DEVSLP / TRIM / S.M.A.R.T / [환경특성] MTBF: 200만 / A/S기간: 3년 / 두께: 7mm / 80g,2020/01,ok,
2026-10-01T01:29:14+00:00,12039551,디오테라 ROIPLE DOVE SSD (1TB),https://prod.danawa.com/info/?pcode=12039551&cate=11229608,6.4cm(2.5형),SATA3 (6Gb/s),1TB,TLC,,실리콘모션 SM2258XT,560MB/s,530MB/s,,,,200만,3년,,6.4cm(2.5형) / SATA3 (6Gb/s) / TLC / 컨트롤러: 실리콘모션 SM2258XT / [성능] 순차읽기: 560MB/s / 순차쓰기: 530MB/s / [지원기능] TRIM / DEVSLP / S.M.A.R.T / [환경특성] MTBF: 200만 / A/S기간: 3년 / 두께: 7mm / 80g,2020/08,ok,
2026-10-01T01:29:14+00:00,10085043,디오테라 ROIPLE DOVE SSD (256GB),https://prod.danawa.com/info/?pcode=10085043&cate=11229608,6.4cm(2.5형),SATA3 (6Gb/s),256GB,TLC,,실리콘모션 SM2258XT,560MB/s,530MB/s,,,,200만,3년,,6.4cm(2.5형) / SATA3 (6Gb/s) / TLC / 컨트롤러: 실리콘모션 SM2258XT / [성능] 순차읽기: 560MB/s / 순차쓰기: 530MB/s / [지원기능] DEVSLP / TRIM / S.M.A.R.T / [환경특성] MTBF: 200만 / A/S기간: 3년 / 두께: 7mm / 80g,2020/01,ok,
2026-10-01T01:29:14+00:00,11006499,디오테라 ROIPLE DOVE SSD (512GB),https://prod.danawa.com/info/?pcode=11006499&cate=11229608,6.4cm(2.5형),SATA3 (6Gb/s),512GB,TLC,,실리콘모션 SM2258XT,560MB/s,530MB/s,,,,200만,3년,,6.4cm(2.5형) / SATA3 (6Gb/s) / TLC / 컨트롤러: 실리콘모션 SM2258XT / [성능] 순차읽기: 560MB/s / 순차쓰기: 530MB/s / [지원기능] DEVSLP / TRIM / S.M.A.R.T / [환경특성] MTBF: 200만 / A/S기간: 3년 / 두께: 7mm / 80g,2020/04,ok,
2026-10-01T01:29:14+00:00,122640999,디오테라 ROIPLE QRAY M.2 NVMe (512GB),https://prod.danawa.com/info/?pcode=122640999&cate=11229608,M.2 (2280),PCIe4.0x4 (64GT/s),512GB,QLC,,기타,"7,188MB/s","4,622MB/s",,,,150만,"3년 , 제한보증",방열판 미포함,"M.2 (2280) / PCIe4.0x4 (64GT/s) / QLC / 컨트롤러: 기타 / [성능] 순차읽기: 7,188MB/s / 순차쓰기: 4,622MB/s / [지원기능] ECC / SLC캐싱 / S.M.A.R.T / [환경특성] MTBF: 150만 / PS5 호환 / A/S기간: 3년 , 제한보증 / 방열판 미포함 / 두께: 3.2mm / 6.7g",2026/04,ok,
2026-10-01T01:29:14+00:00,11355969,디오테라 ROIPLE Ray M.2 NVMe (1TB),https://prod.danawa.com/info/?pcode=11355969&cate=11229608,M.2 (2280),PCIe3.0x4 (32GT/s),1TB,TLC,,실리콘모션 SM2263XT,"2,150MB/s","1,830MB/s",210K,210K,,150만,3년,방열판 미포함,"M.2 (2280) / PCIe3.0x4 (32GT/s) / TLC / 컨트롤러: 실리콘모션 SM2263XT / [성능] 순차읽기: 2,150MB/s / 순차쓰기: 1,830MB/s / 읽기IOPS: 210K / 쓰기IOPS: 210K / [지원기능] ECC / SLC캐싱 / S.M.A.R.T / [환경특성] MTBF: 150만 / A/S기간: 3년 / 방열판 미포함 / 두께: 3.2mm / 6.7g",2020/05,ok,
2026-10-01T01:29:14+00:00,11355939,디오테라 ROIPLE Ray M.2 NVMe (256GB),https://prod.danawa.com/info/?pcode=11355939&cate=11229608,M.2 (2280),PCIe3.0x4 (32GT/s),256GB,TLC,,실리콘모션 SM2263XT,"2,020MB/s","1,040MB/s",180K,180K,,150만,3년,방열판 미포함,"M.2 (2280) / PCIe3.0x4 (32GT/s) / TLC / 컨트롤러: 실리콘모션 SM2263XT / [성능] 순차읽기: 2,020MB/s / 순차쓰기: 1,040MB/s / 읽기IOPS: 180K / 쓰기IOPS: 180K / [지원기능] ECC / SLC캐싱 / S.M.A.R.T / [환경특성] MTBF: 150만 / A/S기간: 3년 / 방열판 미포함 / 두께: 3.2mm / 6.7g",2020/05,ok,
2026-10-01T01:29:14+00:00,11355945,디오테라 ROIPLE Ray M.2 NVMe (512GB),https://prod.danawa.com/info/?pcode=11355945&cate=11229608,M.2 (2280),PCIe3.0x4 (32GT/s),512GB,TLC,,실리콘모션 SM2263XT,"2,100MB/s","1,630MB/s",200K,200K,,150만,3년,방열판 미포함,"M.2 (2280) / PCIe3.0x4 (32GT/s) / TLC / 컨트롤러: 실리콘모션 SM2263XT / [성능] 순차읽기: 2,100MB/s / 순차쓰기: 1,630MB/s / 읽기IOPS: 200K / 쓰기IOPS: 200K / [지원기능] ECC / SLC캐싱 / S.M.A.R.T / [환경특성] MTBF: 150만 / A/S기간: 3년 / 방열판 미포함 / 두께: 3.2mm / 6.7g",2020/05,ok,
2026-10-01T01:29:14+00:00,5592173,디오테라 VIVA 300S LITE M.2 SATA (128GB),https://prod.danawa.com/info/?pcode=5592173&cate=11229608,M.2 (2280),SATA3 (6Gb/s),128GB,TLC,,실리콘모션 SM2258XT,540MB/s,430MB/s,,,,,3년,,"M.2 (2280) / SATA3 (6Gb/s) / TLC / 컨트롤러: 실리콘모션 SM2258XT / [성능] 순차읽기: 540MB/s / 순차쓰기: 430MB/s / [지원기능] S.M.A.R.T / TRIM / DEVSLP / [환경특성] A/S기간: 3년 / 두께: 3.2mm / [기타] M.2 2260, 2242 분리 가능 / 용량별 분리 가능여부가 다르므로 반드시 확인요망",2017/10,ok,
2026-10-01T01:29:14+00:00,6377421,디오테라 VIVA 300S LITE M.2 SATA (1TB),https://prod.danawa.com/info/?pcode=6377421&cate=11229608,M.2 (2280),SATA3 (6Gb/s),1TB,TLC,,실리콘모션 SM2258XT,560MB/s,520MB/s,,,,200만,3년,,M.2 (2280) / SATA3 (6Gb/s) / TLC / 컨트롤러: 실리콘모션 SM2258XT / [성능] 순차읽기: 560MB/s / 순차쓰기: 520MB/s / [지원기능] DEVSLP / TRIM / S.M.A.R.T / [환경특성] MTBF: 200만 / A/S기간: 3년 / 두께: 3.2mm / 최대 80g / [기타] M.2 2280전용 / 용량별 분리 가능여부가 다르므로 반드시 확인요망,2018/08,ok,
2026-10-01T01:29:14+00:00,5592148,디오테라 VIVA 300S LITE M.2 SATA (256GB),https://prod.danawa.com/info/?pcode=5592148&cate=11229608,M.2 (2280),SATA3 (6Gb/s),256GB,TLC,,실리콘모션 SM2258XT,540MB/s,470MB/s,,,,,3년,,"M.2 (2280) / SATA3 (6Gb/s) / TLC / 컨트롤러: 실리콘모션 SM2258XT / [성능] 순차읽기: 540MB/s / 순차쓰기: 470MB/s / [지원기능] TRIM / DEVSLP / S.M.A.R.T / [환경특성] A/S기간: 3년 / 두께: 3.2mm / [기타] M.2 2260, 2242 분리 가능 / 용량별 분리 가능여부가 다르므로 반드시 확인요망",2017/10,ok,
2026-10-01T01:29:14+00:00,5751499,디오테라 VIVA 300S LITE M.2 SATA (512GB),https://prod.danawa.com/info/?pcode=5751499&cate=11229608,M.2 (2280),SATA3 (6Gb/s),512GB,TLC,,실리콘모션 SM2258XT,540MB/s,500MB/s,,,,200만,3년,,M.2 (2280) / SATA3 (6Gb/s) / TLC / 컨트롤러: 실리콘모션 SM2258XT / [성능] 순차읽기: 540MB/s / 순차쓰기: 500MB/s / [지원기능] S.M.A.R.T / TRIM / DEVSLP / [환경특성] MTBF: 200만 / A/S기간: 3년 / 두께: 3.2mm / 최대 80g / [기타] M.2 2280전용 / 용량별 분리 가능여부가 다르므로 반드시 확인요망,2017/12,ok,
2026-10-01T01:29:14+00:00,5592235,디오테라 VIVA 300S LITE mSATA (128GB),https://prod.danawa.com/info/?pcode=5592235&cate=11229608,Mini SATA(mSATA),SATA3 (6Gb/s),128GB,TLC,,실리콘모션 SM2258,540MB/s,430MB/s,,,,,3년,,Mini SATA(mSATA) / SATA3 (6Gb/s) / TLC / 컨트롤러: 실리콘모션 SM2258 / [성능] 순차읽기: 540MB/s / 순차쓰기: 430MB/s / [지원기능] DEVSLP / TRIM / S.M.A.R.T / [환경특성] A/S기간: 3년 / 두께: 4.85mm,2017/10,ok,
2026-10-01T01:29:14+00:00,2923105,디지탈그리고나 e-STAR 3.5 변환 SSD 가이드,https://prod.danawa.com/info/?pcode=2923105&cate=11229608,변환 가이드,,,,,,,,,,,,,,변환 가이드 / 크기 변환: 2.5형→3.5형 / SSD전용 / 보관(장착) 개수: 최대 1개 / 철재(SECC),2014/12,ok,
2026-10-01T01:29:14+00:00,2757393,디지탈그리고나 e-STAR ES-SE221,https://prod.danawa.com/info/?pcode=2757393&cate=11229608,변환 컨버터,,,,,,,,,,,,1년,,"변환 컨버터 / 크기 변환: M.2→PCIe 카드 / 인터페이스 변환: PCIe→PCIe(AHCI) / SSD전용 / 보관(장착) 개수: 최대 3개 / A/S기간: 1년 / 45g / M.2 SATA 2개, M.2 PCIe 1개 지원",2014/08,ok,
2026-10-01T01:29:14+00:00,4860510,디지탈그리고나 e-STAR Elite S91 (128GB),https://prod.danawa.com/info/?pcode=4860510&cate=11229608,6.4cm(2.5형),SATA3 (6Gb/s),128GB,TLC,,파이슨,560MB/s,520MB/s,최대 70K,최대 70K,,200만,,,6.4cm(2.5형) / SATA3 (6Gb/s) / TLC / 컨트롤러: 파이슨 / [성능] 순차읽기: 560MB/s / 순차쓰기: 520MB/s / 읽기IOPS: 최대 70K / 쓰기IOPS: 최대 70K / [지원기능] TRIM / SLC캐싱 / S.M.A.R.T / [환경특성] MTBF: 200만 / 두께: 7mm,2017/01,ok,
2026-10-01T01:29:14+00:00,3280534,디지탈그리고나 e-STAR Half Slim SSD i1000 (32GB),https://prod.danawa.com/info/?pcode=3280534&cate=11229608,6.4cm(2.5형),SATA3(6Gb/s),32GB,,,파이슨 PS3109-S9,540MB/s,440MB/s,최대 42K,최대 22.5K,,100만,3년,,6.4cm(2.5형) / SATA3(6Gb/s) / MLC(토글) / 컨트롤러: 파이슨 PS3109-S9 / [성능] 순차읽기: 540MB/s / 순차쓰기: 440MB/s / 읽기IOPS: 최대 42K / 쓰기IOPS: 최대 22.5K / [지원기능] TRIM / [환경특성] MTBF: 100만 / A/S기간: 3년 / 두께: 4.45mm,2015/07,ok,
2026-10-01T01:29:14+00:00,3280541,디지탈그리고나 e-STAR Half Slim SSD i1000 (64GB),https://prod.danawa.com/info/?pcode=3280541&cate=11229608,6.4cm(2.5형),SATA3(6Gb/s),64GB,,,파이슨 PS3109-S9,550MB/s,440MB/s,최대 50K,최대 25K,,100만,3년,,6.4cm(2.5형) / SATA3(6Gb/s) / MLC(토글) / 컨트롤러: 파이슨 PS3109-S9 / [성능] 순차읽기: 550MB/s / 순차쓰기: 440MB/s / 읽기IOPS: 최대 50K / 쓰기IOPS: 최대 25K / [지원기능] TRIM / [환경특성] MTBF: 100만 / A/S기간: 3년 / 두께: 4.45mm,2015/07,ok,
2026-10-01T01:29:14+00:00,5870319,디지탈그리고나 e-STAR N81GF10 벌크 (128GB),https://prod.danawa.com/info/?pcode=5870319&cate=11229608,6.4cm(2.5형),SATA3 (6Gb/s),128GB,,,기타,,,,,,,,,6.4cm(2.5형) / SATA3 (6Gb/s) / 컨트롤러: 기타 / 두께: 6.8mm / [기타] OS 기본 설치(리눅스) / 아이노비아 전용,2018/02,ok,
2026-10-01T01:29:14+00:00,5870316,디지탈그리고나 e-STAR N81GF10 벌크 (64GB),https://prod.danawa.com/info/?pcode=5870316&cate=11229608,6.4cm(2.5형),SATA3 (6Gb/s),64GB,,,기타,,,,,,,,,6.4cm(2.5형) / SATA3 (6Gb/s) / 컨트롤러: 기타 / 두께: 6.8mm / [기타] OS 기본 설치(리눅스) / 아이노비아 전용,2018/02,ok,
2026-10-01T01:29:14+00:00,3053272,디지탈그리고나 e-STAR SSD Series S9 (64GB),https://prod.danawa.com/info/?pcode=3053272&cate=11229608,6.4cm(2.5형),SATA3(6Gb/s),64GB,,,파이슨,410MB/s,130MB/s,,,,200만,3년,,6.4cm(2.5형) / SATA3(6Gb/s) / MLC(토글) / 컨트롤러: 파이슨 / [성능] 순차읽기: 410MB/s / 순차쓰기: 130MB/s / [지원기능] TRIM / S.M.A.R.T / [환경특성] MTBF: 200만 / A/S기간: 3년 / 두께: 7mm,2015/03,ok,
2026-10-01T01:29:14+00:00,39253685,디직스 2.5형 HDD 방진패드 (DHC-25),https://prod.danawa.com/info/?pcode=39253685&cate=11229608,방진패드,,,,,,,,,,,,,,방진패드 / 충격보호 / 블루,2024/03,ok,
2026-10-01T01:29:14+00:00,4739213,라이트컴 COMS 2.5 IDE to 1.8 ZIF SSD 컨버터 (A3552),https://prod.danawa.com/info/?pcode=4739213&cate=11229608,변환 컨버터,,,,,,,,,,,,,,"변환 컨버터 / 크기 변환: 1.8형→2.5형 / 인터페이스 변환: ZIF→IDE / SSD, HDD겸용 / 보관(장착) 개수: 최대 1개",2016/12,ok,
2026-10-01T01:29:14+00:00,8036224,라이트컴 COMS 2.5 to 3.5 철제 하드 가이드 (BT307),https://prod.danawa.com/info/?pcode=8036224&cate=11229608,변환 가이드,,,,,,,,,,,,,,"변환 가이드 / 크기 변환: 2.5형→3.5형 / SSD, HDD겸용 / 보관(장착) 개수: 최대 1개 / 두께: 24mm / 철재(SECC)",2019/05,ok,
2026-10-01T01:29:14+00:00,5937854,라이트컴 COMS 2.5 to 3.5 철제 하드 가이드 (ND747),https://prod.danawa.com/info/?pcode=5937854&cate=11229608,변환 가이드,,,,,,,,,,,,,,"변환 가이드 / 크기 변환: 2.5형→3.5형 / SSD, HDD겸용 / 보관(장착) 개수: 최대 1개 / 두께: 15mm / 철재(SECC)",2018/03,ok,
2026-10-01T01:29:14+00:00,3969257,라이트컴 COMS 2포트 M.2 to SATA 컨버터 (KS974),https://prod.danawa.com/info/?pcode=3969257&cate=11229608,변환 컨버터,,,,,,,,,,,,,,"변환 컨버터 / 크기 변환: M.2→PC브라켓 / 인터페이스 변환: SATA→SATA / SSD전용 / 보관(장착) 개수: 최대 2개 / 두께: 68mm / B key, B+M key 전용",2016/04,ok,
2026-10-01T01:29:14+00:00,1649125,라이트컴 COMS 3.5인치 HDD 케이스,https://prod.danawa.com/info/?pcode=1649125&cate=11229608,보관케이스,,,,,,,,,,,,,,보관케이스 / HDD전용 / 보관(장착) 개수: 최대 1개 / 플라스틱,2012/04,ok,
2026-10-01T01:29:14+00:00,2617307,라이트컴 COMS 3.5인치 하드디스크 방진패드,https://prod.danawa.com/info/?pcode=2617307&cate=11229608,방진패드,,,,,,,,,,,,,,방진패드 / HDD전용 / 보관(장착) 개수: 최대 1개 / 충격보호 / 블루 / 화이트,2010/01,ok,
2026-10-01T01:29:14+00:00,8776322,라이트컴 COMS 3.5형 HDD 케이스 (BB187),https://prod.danawa.com/info/?pcode=8776322&cate=11229608,보관케이스,,,,,,,,,,,,,,보관케이스 / HDD전용 / 보관(장착) 개수: 최대 1개 / 충격보호 / 잠금장치 / 두께: 30mm / 블루 / 플라스틱,2019/07,ok,
2026-10-01T01:29:14+00:00,39089555,라이트컴 COMS 3.5형 HDD 케이스 (KS834),https://prod.danawa.com/info/?pcode=39089555&cate=11229608,보관케이스,,,,,,,,,,,,,,보관케이스 / HDD전용 / 보관(장착) 개수: 최대 1개 / 충격보호 / 두께: 36mm / 130g / 플라스틱,2024/03,ok,
2026-10-01T01:29:14+00:00,2621045,라이트컴 COMS 3.5형 폴더접이식 HDD 케이스,https://prod.danawa.com/info/?pcode=2621045&cate=11229608,보관케이스,,,,,,,,,,,,,,보관케이스 / HDD전용 / 보관(장착) 개수: 최대 1개 / 충격보호 / 잠금장치 / 두께: 30mm / 그린 / 블루 / 화이트 / 블랙 / 플라스틱,2014/05,ok,
2026-10-01T01:29:14+00:00,48395078,라이트컴 COMS A3262 3.5 to 5.25 가이드,https://prod.danawa.com/info/?pcode=48395078&cate=11229608,변환 가이드,,,,,,,,,,,,,,변환 가이드 / 크기 변환: 3.5형→5.25형 / HDD전용 / 보관(장착) 개수: 최대 1개 / 두께: 42mm / 플라스틱 / 나사포함,2024/04,ok,
2026-10-01T01:29:14+00:00,3369148,라이트컴 COMS A3263 HDD 가이드,https://prod.danawa.com/info/?pcode=3369148&cate=11229608,변환 가이드,,,,,,,,,,,,,,변환 가이드 / HDD전용 / 화이트 / 플라스틱 / 앞면 무,2015/08,ok,
2026-10-01T01:29:14+00:00,3369123,라이트컴 COMS A3638 HDD 가이드,https://prod.danawa.com/info/?pcode=3369123&cate=11229608,변환 가이드,,,,,,,,,,,,,,"변환 가이드 / 크기 변환: 2.5/3.5형→5.25형 / SSD, HDD겸용 / 보관(장착) 개수: 최대 4개 / 두께: 44mm / 철재(SECC) / 앞면 유",2015/08,ok,
2026-10-01T01:29:14+00:00,3323391,라이트컴 COMS A3700 3.5 - 5.25인치 철재 하드 가이드,https://prod.danawa.com/info/?pcode=3323391&cate=11229608,변환 가이드,,,,,,,,,,,,,,변환 가이드 / 크기 변환: 3.5형→5.25형 / HDD전용,2015/07,ok,
2026-10-01T01:29:14+00:00,1649117,라이트컴 COMS A3992 하드케이스,https://prod.danawa.com/info/?pcode=1649117&cate=11229608,보관케이스,,,,,,,,,,,,,,보관케이스 / HDD전용 / 보관(장착) 개수: 최대 2개 / 충격보호 / 블랙 / 플라스틱,2012/04,ok,
2026-10-01T01:29:14+00:00,1649110,라이트컴 COMS A3993 하드케이스,https://prod.danawa.com/info/?pcode=1649110&cate=11229608,보관케이스,,,,,,,,,,,,,,보관케이스 / HDD전용 / 보관(장착) 개수: 최대 2개 / 충격보호 / 블루 / 플라스틱,2012/04,ok,
2026-10-01T01:29:14+00:00,79116782,라이트컴 COMS BF468 M.2 to SATA 컨버터,https://prod.danawa.com/info/?pcode=79116782&cate=11229608,변환 컨버터,,,,,,,,,,,,,,변환 컨버터 / 크기 변환: M.2→2.5형 / 인터페이스 변환: SATA→SATA / SSD전용 / 보관(장착) 개수: 최대 1개 / 블랙,2025/04,ok,
2026-10-01T01:29:14+00:00,79551269,라이트컴 COMS BF469 mSATA + M.2 to SATA3 컨버터,https://prod.danawa.com/info/?pcode=79551269&cate=11229608,변환 컨버터,,,,,,,,,,,,,,변환 컨버터 / 크기 변환: M.2/mSATA→2.5형 / 인터페이스 변환: SATA3→SATA3 / SSD전용 / 보관(장착) 개수: 최대 2개,2025/04,ok,
2026-10-01T01:29:14+00:00,13549109,라이트컴 COMS BT254 M.2 NVMe to PCIe 컨버터,https://prod.danawa.com/info/?pcode=13549109&cate=11229608,변환 컨버터,,,,,,,,,,,,,,변환 컨버터 / 크기 변환: M.2→PCIe 카드 / SSD전용 / 보관(장착) 개수: 최대 1개 / 방열판 제공(탈거가능) / 두께: 28mm / 80g,2021/03,ok,
2026-10-01T01:29:14+00:00,3969559,라이트컴 COMS Dual M.2 to SATA kit (KS975),https://prod.danawa.com/info/?pcode=3969559&cate=11229608,변환 컨버터,,,,,,,,,,,,,,변환 컨버터 / 크기 변환: M.2→3.5형 / 인터페이스 변환: SATA→SATA / SSD전용 / 보관(장착) 개수: 최대 2개,2016/04,ok,
2026-10-01T01:29:14+00:00,99320654,라이트컴 COMS HA032 M.2 NVMe to PCIe 카드,https://prod.danawa.com/info/?pcode=99320654&cate=11229608,변환 컨버터,PCIe x1,,,,,,,,,,,,,변환 컨버터 / 크기 변환: M.2→PCIe 카드 / 인터페이스 변환: PCIe→PCIe(NVMe) / SSD전용 / 보관(장착) 개수: 최대 1개 / M.2(SATA) 호환 불가 / PCIe x1,2025/10,ok,
2026-10-01T01:29:14+00:00,99320630,라이트컴 COMS HA033 M.2 NVMe to PCIe 카드,https://prod.danawa.com/info/?pcode=99320630&cate=11229608,변환 컨버터,PCIe x4,,,,,,,,,,,,,변환 컨버터 / 크기 변환: M.2→PCIe 카드 / 인터페이스 변환: PCIe→PCIe(NVMe) / SSD전용 / 보관(장착) 개수: 최대 1개 / M.2(SATA) 호환 불가 / PCIe x4,2025/10,ok,
2026-10-01T01:29:14+00:00,3313540,라이트컴 COMS HB816 2.5-3.5 철재 하드 가이드,https://prod.danawa.com/info/?pcode=3313540&cate=11229608,변환 가이드,,,,,,,,,,,,,,"변환 가이드 / 크기 변환: 2.5형→3.5형 / SSD, HDD겸용 / 보관(장착) 개수: 최대 2개 / 철재(SECC)",2015/07,ok,
2026-10-01T01:29:14+00:00,3335203,라이트컴 COMS HB817 2.5-3.5 철재 하드 가이드,https://prod.danawa.com/info/?pcode=3335203&cate=11229608,변환 가이드,,,,,,,,,,,,,,"변환 가이드 / 크기 변환: 2.5형→3.5형 / SSD, HDD겸용 / 보관(장착) 개수: 최대 1개 / 두께: 11mm / 철재(SECC)",2015/07,ok,
2026-10-01T01:29:14+00:00,3307743,라이트컴 COMS HB886 2.5 하드 가이드 플라스틱 (PCIe 슬롯 타입),https://prod.danawa.com/info/?pcode=3307743&cate=11229608,변환 가이드,,,,,,,,,,,,,,"변환 가이드 / 크기 변환: 2.5형→PCIe 카드 / SSD, HDD겸용 / 보관(장착) 개수: 최대 1개 / 플라스틱",2015/07,ok,
2026-10-01T01:29:14+00:00,3274309,라이트컴 COMS HB887 철재 하드 가이드,https://prod.danawa.com/info/?pcode=3274309&cate=11229608,변환 가이드,,,,,,,,,,,,,,"변환 가이드 / 크기 변환: 2.5/3.5형→PCIe 카드 / SSD, HDD겸용 / 보관(장착) 개수: 최대 2개 / 철재(SECC)",2015/07,ok,
2026-10-01T01:29:14+00:00,3307383,라이트컴 COMS HB888 2.5-3.5 하드 가이드 플라스틱 (핸드 그립),https://prod.danawa.com/info/?pcode=3307383&cate=11229608,변환 가이드,,,,,,,,,,,,,,"변환 가이드 / 크기 변환: 2.5형→3.5형 / SSD, HDD겸용 / 보관(장착) 개수: 최대 1개 / 플라스틱",2015/07,ok,
2026-10-01T01:29:14+00:00,8532548,라이트컴 COMS HDD용 USB 3.0 컨버터 (SP086),https://prod.danawa.com/info/?pcode=8532548&cate=11229608,변환 컨버터,,,,,,,,,,,,,,변환 컨버터 / 크기 변환: 2.5형→USB A타입 / 인터페이스 변환: SATA3→USB3.x 5Gbps / HDD전용 / 보관(장착) 개수: 최대 1개 / 블랙 / 최대 4TB 지원,2019/07,ok,
2026-10-01T01:29:14+00:00,4197744,라이트컴 COMS IB398 M.2 to Macbook 2012 SSD 컨버터,https://prod.danawa.com/info/?pcode=4197744&cate=11229608,변환 컨버터,,,,,,,,,,,,,,변환 컨버터 / 크기 변환: 기타 / 인터페이스 변환: SATA→기타 / SSD전용 / 보관(장착) 개수: 최대 1개 / 호환 모델 확인 요망,2016/06,ok,
2026-10-01T01:29:14+00:00,13539221,라이트컴 COMS IF330 M.2 NVMe to PCIe 컨버터,https://prod.danawa.com/info/?pcode=13539221&cate=11229608,변환 컨버터,,,,,,,,,,,,,방열판 미포함,변환 컨버터 / 크기 변환: M.2→PCIe 카드 / SSD전용 / 보관(장착) 개수: 최대 1개 / 방열판 미포함 / 18g,2021/03,ok,
2026-10-01T01:29:14+00:00,13549283,라이트컴 COMS IF332 M.2 NVMe to PCIe 컨버터,https://prod.danawa.com/info/?pcode=13549283&cate=11229608,변환 컨버터,,,,,,,,,,,,,,변환 컨버터 / 크기 변환: M.2→PCIe 카드 / SSD전용 / 보관(장착) 개수: 최대 1개 / 방열판 제공(탈거가능) / 두께: 22mm / 89g,2021/03,ok,
2026-10-01T01:29:14+00:00,13076513,라이트컴 COMS IF570 M.2 NVMe to PCIe 어댑터,https://prod.danawa.com/info/?pcode=13076513&cate=11229608,변환 컨버터,,,,,,,,,,,,,,변환 컨버터 / 크기 변환: M.2→PCIe 카드 / 인터페이스 변환: PCIe→PCIe(AHCI&NVMe) / SSD전용 / 보관(장착) 개수: 최대 1개 / LP브라켓 제공,2021/01,ok,
2026-10-01T01:29:14+00:00,13391717,라이트컴 COMS IF571 M.2 to SATA3 컨버터,https://prod.danawa.com/info/?pcode=13391717&cate=11229608,변환 컨버터,,,,,,,,,,,,,,변환 컨버터 / 크기 변환: M.2→DDR3 / 인터페이스 변환: PCIe→SATA3 / SSD전용 / 보관(장착) 개수: 최대 1개 / 47g / DDR3 슬롯형,2021/02,ok,
2026-10-01T01:29:14+00:00,13724951,라이트컴 COMS IF572 M.2 NVMe to PCIe 컨버터,https://prod.danawa.com/info/?pcode=13724951&cate=11229608,변환 컨버터,,,,,,,,,,,,,,변환 컨버터 / 크기 변환: M.2→PCIe 카드 / SSD전용 / 보관(장착) 개수: 최대 1개 / 16g / DDR3 슬롯형,2021/02,ok,
2026-10-01T01:29:14+00:00,13475366,라이트컴 COMS IF679 맥북 프로 A1708용 M.2 2242 어댑터,https://prod.danawa.com/info/?pcode=13475366&cate=11229608,변환 컨버터,,,,,,,,,,,,,,변환 컨버터 / SSD전용 / 보관(장착) 개수: 최대 1개 / 32g,2021/02,ok,
2026-10-01T01:29:14+00:00,13187417,라이트컴 COMS IF795 mSATA/M.2 to PCIe 컨버터,https://prod.danawa.com/info/?pcode=13187417&cate=11229608,변환 컨버터,NVMe 1슬롯,,,,,,,,,,,,,변환 컨버터 / 크기 변환: M.2→PCIe 카드 / 인터페이스 변환: PCIe→PCIe(NVMe) / SSD전용 / 보관(장착) 개수: 최대 3개 / 67g / NVMe 1슬롯 / M.2 SATA & mSATA→SATA 각 1슬롯 / LP브라켓 제공,2021/01,ok,
2026-10-01T01:29:14+00:00,13187813,라이트컴 COMS IF796 M.2 NVMe to PCIe 컨버터,https://prod.danawa.com/info/?pcode=13187813&cate=11229608,변환 컨버터,,,,,,,,,,,,,,변환 컨버터 / 크기 변환: M.2→PCIe 카드 / 인터페이스 변환: PCIe→PCIe(NVMe) / SSD전용 / 보관(장착) 개수: 최대 1개 / 35g / LP브라켓 제공,2021/01,ok,
2026-10-01T01:29:14+00:00,98409926,라이트컴 COMS IF863 M.2 NVMe to PCIe 변환 컨버터,https://prod.danawa.com/info/?pcode=98409926&cate=11229608,변환 컨버터,,,,,,,,,,,,,,변환 컨버터 / 크기 변환: M.2→PCIe 카드 / 인터페이스 변환: PCIe→PCIe(NVMe) / SSD전용 / 보관(장착) 개수: 최대 1개 / 14g / 블랙,2025/09,ok,
2026-10-01T01:29:14+00:00,14935700,라이트컴 COMS IF864 M.2 NVMe to PCIe 컨버터,https://prod.danawa.com/info/?pcode=14935700&cate=11229608,변환 컨버터,,,,,,,,,,,,,,변환 컨버터 / 크기 변환: M.2→PCIe 카드 / SSD전용 / 보관(장착) 개수: 최대 1개 / 두께: 28mm / 31g / 블랙 / SSD KEY 규격: M KEY,2021/08,ok,
2026-10-01T01:29:14+00:00,95525567,라이트컴 COMS IH081 M.2 to PCIe 컨버터,https://prod.danawa.com/info/?pcode=95525567&cate=11229608,변환 컨버터,,,,,,,,,,,,,,변환 컨버터 / 크기 변환: M.2→PCIe 카드 / SSD전용 / 보관(장착) 개수: 최대 1개 / 15g / 블랙,2025/08,ok,
2026-10-01T01:29:14+00:00,100192538,라이트컴 COMS IH083 M.2 to PCIe 3.0 4x 변환 어댑터,https://prod.danawa.com/info/?pcode=100192538&cate=11229608,변환 컨버터,,,,,,,,,,,,,,변환 컨버터 / 크기 변환: M.2→PCIe 카드 / SSD전용 / 보관(장착) 개수: 최대 1개 / 블랙,2025/11,ok,
2026-10-01T01:29:14+00:00,100192646,라이트컴 COMS IH195 M.2 to PCIe 4x 컨버터,https://prod.danawa.com/info/?pcode=100192646&cate=11229608,변환 컨버터,,,,,,,,,,,,,,변환 컨버터 / 크기 변환: M.2→PCIe 카드 / SSD전용 / 보관(장착) 개수: 최대 1개 / 49g / 블랙,2025/11,ok,
2026-10-01T01:29:14+00:00,27884633,라이트컴 COMS IH285 M.2 to SATA 컨버터,https://prod.danawa.com/info/?pcode=27884633&cate=11229608,변환 컨버터,,,,,,,,,,,,,,변환 컨버터 / 크기 변환: M.2→2.5형 / 인터페이스 변환: SATA3→SATA3 / SSD전용 / 보관(장착) 개수: 최대 1개 / 두께: 7mm,2023/08,ok,
2026-10-01T01:29:14+00:00,27884375,라이트컴 COMS IH371 M.2 to SATA 컨버터,https://prod.danawa.com/info/?pcode=27884375&cate=11229608,변환 컨버터,,,,,,,,,,,,,,변환 컨버터 / 크기 변환: M.2/mSATA→2.5형 / 인터페이스 변환: SATA3→SATA3 / SSD전용 / 보관(장착) 개수: 최대 2개 / 두께: 13mm,2023/08,ok,
2026-10-01T01:29:14+00:00,100326611,라이트컴 COMS IH404 U.2 to PCIe 변환 어댑터,https://prod.danawa.com/info/?pcode=100326611&cate=11229608,변환 컨버터,,,,,,,,,,,,,,변환 컨버터 / 크기 변환: 2.5형→PCIe 카드 / 인터페이스 변환: U.2/SATA→PCIe / SSD전용 / 보관(장착) 개수: 최대 1개 / 블랙,2025/11,ok,
2026-10-01T01:29:14+00:00,58849745,라이트컴 COMS IH545 M.2 to SATA 컨버터,https://prod.danawa.com/info/?pcode=58849745&cate=11229608,변환 컨버터,,,,,,,,,,,,,,변환 컨버터 / 크기 변환: mSATA→2.5형 / 인터페이스 변환: SATA→SATA / SSD전용 / 보관(장착) 개수: 최대 1개 / 21g / 블랙,2021/07,ok,
2026-10-01T01:29:14+00:00,90438422,라이트컴 COMS IH577 mini PCI to M.2 변환 컨버터,https://prod.danawa.com/info/?pcode=90438422&cate=11229608,변환 컨버터,,,,,,,,,,,,,,변환 컨버터 / 크기 변환: mini PCIe→M.2 / 인터페이스 변환: SATA→PCIe / SSD전용 / 보관(장착) 개수: 최대 1개 / 두께: 7mm,2025/05,ok,
2026-10-01T01:29:14+00:00,54817238,라이트컴 COMS IH620 M.2 NVMe to U.2 변환 어댑터,https://prod.danawa.com/info/?pcode=54817238&cate=11229608,변환 컨버터,,,,,,,,,,,,,,변환 컨버터 / SSD전용 / 보관(장착) 개수: 최대 1개 / M key M.2 NVMe SSD 전용,2024/05,ok,
2026-10-01T01:29:14+00:00,58665764,라이트컴 COMS IH732 mSATA/M.2 to SATA 어댑터,https://prod.danawa.com/info/?pcode=58665764&cate=11229608,변환 컨버터,,,,,,,,,,,,,,변환 컨버터 / 크기 변환: M.2/mSATA→2.5형 / 인터페이스 변환: SATA3→SATA3 / SSD전용 / 보관(장착) 개수: 최대 2개 / 74g / 블랙,2024/06,ok,
2026-10-01T01:29:14+00:00,81037559,라이트컴 COMS IH791 mSATA to M.2 컨버터,https://prod.danawa.com/info/?pcode=81037559&cate=11229608,변환 컨버터,,,,,,,,,,,,,,"변환 컨버터 / 크기 변환: mSATA→M.2 / SSD전용 / 보관(장착) 개수: 최대 1개 / 두께: 4mm / 9g / B key, B+M key M.2 SSD 전용",2025/04,ok,
2026-10-01T01:29:14+00:00,79850810,라이트컴 COMS IH792 M.2 NVMe 연장 어댑터,https://prod.danawa.com/info/?pcode=79850810&cate=11229608,설치 키트,NVMe M.2 SSD M+B Key 연장 어댑터,,,,,,,,,,,,,설치 키트 / SSD전용 / NVMe M.2 SSD M+B Key 연장 어댑터,2025/04,ok,
2026-10-01T01:29:14+00:00,93319112,라이트컴 COMS IH794 2230 to 2280 컨버터,https://prod.danawa.com/info/?pcode=93319112&cate=11229608,변환 컨버터,,,,,,,,,,,,,,변환 컨버터 / 크기 변환: M.2(2230)→M.2(2280) / SSD전용 / 보관(장착) 개수: 최대 1개 / 7g / 블랙 / 우향 꺾임,2025/06,ok,
2026-10-01T01:29:14+00:00,79858334,라이트컴 COMS IH795 2230 to 2280 변환 어댑터,https://prod.danawa.com/info/?pcode=79858334&cate=11229608,변환 컨버터,,,,,,,,,,,,,,변환 컨버터 / 크기 변환: M.2(2230)→M.2(2280) / SSD전용 / 우향 꺽임,2025/04,ok,
2026-10-01T01:29:14+00:00,96712097,라이트컴 COMS IH796 M.2 NGFF A+E 2230 to PCIe 변환 어댑터,https://prod.danawa.com/info/?pcode=96712097&cate=11229608,변환 컨버터,,,,,,,,,,,,,,"변환 컨버터 / 크기 변환: M.2 / 인터페이스 변환: SATA(A+E, E, A Key)→PCIe / SSD전용 / 보관(장착) 개수: 최대 1개",2025/08,ok,
2026-10-01T01:29:14+00:00,98229983,라이트컴 COMS IH797 M.2 NGFF B Key SSD 확장 어댑터,https://prod.danawa.com/info/?pcode=98229983&cate=11229608,변환 컨버터,,,,,,,,,,,,,,변환 컨버터 / 크기 변환: 기타 / SSD전용 / 보관(장착) 개수: 최대 1개,2025/09,ok,
2026-10-01T01:29:14+00:00,81037601,라이트컴 COMS IH839 2230 to 2280 변환 어댑터,https://prod.danawa.com/info/?pcode=81037601&cate=11229608,변환 컨버터,,,,,,,,,,,,,,변환 컨버터 / 크기 변환: M.2(2230)→M.2(2280) / SSD전용 / 보관(장착) 개수: 최대 1개 / 블랙 / 우향 꺽임,2025/04,ok,
2026-10-01T01:29:14+00:00,81037634,라이트컴 COMS IH840 2230 to 2280 변환 어댑터,https://prod.danawa.com/info/?pcode=81037634&cate=11229608,변환 컨버터,,,,,,,,,,,,,,변환 컨버터 / 크기 변환: M.2(2230)→M.2(2280) / SSD전용 / 보관(장착) 개수: 최대 1개 / 그린 / 우향 꺽임,2025/04,ok,
2026-10-01T01:29:14+00:00,29983502,라이트컴 COMS IP863 M.2 NVMe to PCIe 컨버터,https://prod.danawa.com/info/?pcode=29983502&cate=11229608,변환 컨버터,,,,,,,,,,,,,,변환 컨버터 / 크기 변환: M.2→PCIe 카드 / 인터페이스 변환: PCIe→PCIe(NVMe) / 보관(장착) 개수: 최대 1개 / M key M.2 NVMe SSD 전용,2023/11,ok,
2026-10-01T01:29:14+00:00,3288463,라이트컴 COMS ITA331 SATA 하드 가이드,https://prod.danawa.com/info/?pcode=3288463&cate=11229608,변환 가이드,,,,,,,,,,,,,,"변환 가이드 / 크기 변환: 2.5형→3.5형 / SSD, HDD겸용 / 보관(장착) 개수: 최대 1개 / 두께: 15mm / 철재(SECC)",2015/07,ok,
2026-10-01T01:29:14+00:00,3567394,라이트컴 COMS ITA516 케이스형 SATA 컨버터,https://prod.danawa.com/info/?pcode=3567394&cate=11229608,변환 컨버터,,,,,,,,,,,,,,"변환 컨버터 / 크기 변환: 1.8형→2.5형 / 인터페이스 변환: uSATA→SATA / SSD, HDD겸용 / 보관(장착) 개수: 최대 1개 / 블랙 / 철재(SECC)",2015/11,ok,
2026-10-01T01:29:14+00:00,95847257,라이트컴 COMS JA023 USB C to SATA 컨버터,https://prod.danawa.com/info/?pcode=95847257&cate=11229608,변환 컨버터,,,,,,,,,,,,,,변환 컨버터 / 크기 변환: 2.5형→USB C타입 / 인터페이스 변환: SATA3→USB3.x 5Gbps / HDD전용 / 보관(장착) 개수: 최대 1개 / 22g / 블랙,2025/08,ok,
2026-10-01T01:29:14+00:00,98769005,라이트컴 COMS JA024 USB 3.0 컨버터,https://prod.danawa.com/info/?pcode=98769005&cate=11229608,변환 컨버터,,,,,,,,,,,,,,변환 컨버터 / 크기 변환: 2.5형→USB A타입 / 인터페이스 변환: SATA3→USB3.x 5Gbps / HDD전용 / 보관(장착) 개수: 최대 1개 / 25g / 블랙,2025/10,ok,
2026-10-01T01:29:14+00:00,9725664,라이트컴 COMS JT378 충격방지 하드케이스,https://prod.danawa.com/info/?pcode=9725664&cate=11229608,보관케이스,,,,,,,,,,,,,,보관케이스 / 방수 / 두께: 76mm / 358g / 블랙 / 플라스틱,2019/10,ok,
2026-10-01T01:29:14+00:00,13710416,라이트컴 COMS KS164 TF to SATA 변환 컨버터,https://prod.danawa.com/info/?pcode=13710416&cate=11229608,변환 컨버터,,,,,,,,,,,,,,변환 컨버터 / 크기 변환: Micro SD→SATA / 보관(장착) 개수: 최대 4개 / 두께: 7mm / 알루미늄 / Micro SD 2개 또는 4개 장착 필요(RAID 0),2021/03,ok,
2026-10-01T01:29:14+00:00,13392050,라이트컴 COMS KS166 M.2 to SATA3 컨버터,https://prod.danawa.com/info/?pcode=13392050&cate=11229608,변환 컨버터,,,,,,,,,,,,,,변환 컨버터 / 크기 변환: M.2→DDR3 / 인터페이스 변환: 기타→SATA3 / SSD전용 / 보관(장착) 개수: 최대 1개 / 두께: 6mm / 15g / DDR3 전원사용,2021/02,ok,
2026-10-01T01:29:14+00:00,14128196,라이트컴 COMS KS167 M.2 to SATA 컨버터,https://prod.danawa.com/info/?pcode=14128196&cate=11229608,변환 컨버터,,,,,,,,,,,,,,변환 컨버터 / 크기 변환: M.2→SATA(DDR4) / 인터페이스 변환: SATA→SATA / DDR4 슬롯 장착 / DDR4 전원 사용,2021/05,ok,
2026-10-01T01:29:14+00:00,98768900,라이트컴 COMS KS467 USB 3.0 컨버터,https://prod.danawa.com/info/?pcode=98768900&cate=11229608,변환 컨버터,,,,,,,,,,,,,,"변환 컨버터 / 크기 변환: 2.5형→USB A타입 / 인터페이스 변환: SATA3→USB3.x 5Gbps / SSD, HDD겸용 / 보관(장착) 개수: 최대 1개 / 18g",2025/10,ok,
2026-10-01T01:29:14+00:00,79858451,라이트컴 COMS KS468 Type C 컨버터,https://prod.danawa.com/info/?pcode=79858451&cate=11229608,변환 컨버터,,,,,,,,,,,,,,"변환 컨버터 / 크기 변환: 2.5형→USB C타입 / 인터페이스 변환: SATA3→USB3.x 5Gbps / SSD, HDD겸용 / 보관(장착) 개수: 최대 1개 / 두께: 21mm / 78g / 블랙",2025/04,ok,
2026-10-01T01:29:14+00:00,90437882,라이트컴 COMS KS511 M.2 to SATA 컨버터,https://prod.danawa.com/info/?pcode=90437882&cate=11229608,변환 컨버터,,,,,,,,,,,,,,변환 컨버터 / 크기 변환: M.2→2.5형 / 인터페이스 변환: SATA→SATA / SSD전용 / 보관(장착) 개수: 최대 1개 / 10g / 그린,2025/05,ok,
2026-10-01T01:29:14+00:00,28402889,라이트컴 COMS KS810 하드 보관함,https://prod.danawa.com/info/?pcode=28402889&cate=11229608,보관케이스,,,,,,,,,,,,,,보관케이스 / 충격보호 / 그린 / 최대 20개 보관 / 380x355x172mm / 2.47kg,2023/09,ok,
2026-10-01T01:29:14+00:00,3934291,라이트컴 COMS KS976 하드 가이드,https://prod.danawa.com/info/?pcode=3934291&cate=11229608,변환 가이드,,,,,,,,,,,,,,"변환 가이드 / 크기 변환: 2.5형→3.5형 / SSD, HDD겸용 / 보관(장착) 개수: 최대 2개 / 블랙 / 플라스틱 / 앞면 무",2016/03,ok,
2026-10-01T01:29:14+00:00,14711621,라이트컴 COMS KS977 2.5 to 3.5 듀얼 가이드,https://prod.danawa.com/info/?pcode=14711621&cate=11229608,변환 가이드,,,,,,,,,,,,,,"변환 가이드 / 크기 변환: 2.5형→3.5형 / SSD, HDD겸용 / 보관(장착) 개수: 최대 2개 / 31g / 블랙 / 철재(SECC)",2021/07,ok,
2026-10-01T01:29:14+00:00,3934340,라이트컴 COMS KS978 하드 철재 가이드,https://prod.danawa.com/info/?pcode=3934340&cate=11229608,변환 가이드,,,,,,,,,,,,,,"변환 가이드 / 크기 변환: 2.5형→3.5형 / SSD, HDD겸용 / 보관(장착) 개수: 최대 2개 / 블랙 / 플라스틱 / 하단 고정 / 나사 포함",2016/03,ok,
2026-10-01T01:29:14+00:00,3941730,라이트컴 COMS KS984 HDD 케이스,https://prod.danawa.com/info/?pcode=3941730&cate=11229608,보관케이스,,,,,,,,,,,,,,보관케이스 / HDD전용 / 보관(장착) 개수: 최대 4개 / 잠금장치 / 충격보호 / 두께: 36mm / 150g / 블루 / 플라스틱 / 3.5x1개 / 2.5x4개,2016/04,ok,
2026-10-01T01:29:14+00:00,4318522,라이트컴 COMS KS985 알루미늄 하드 보관함,https://prod.danawa.com/info/?pcode=4318522&cate=11229608,보관케이스,,,,,,,,,,,,,,보관케이스 / HDD전용 / 보관(장착) 개수: 최대 10개 / 잠금장치 / 충격보호 / 두께: 200mm / 1.7kg / 알루미늄,2016/08,ok,
2026-10-01T01:29:14+00:00,3996787,라이트컴 COMS KS986 HDD 보관함,https://prod.danawa.com/info/?pcode=3996787&cate=11229608,보관케이스,,,,,,,,,,,,,,보관케이스 / HDD전용 / 보관(장착) 개수: 최대 14개 / 잠금장치 / 충격보호 / 두께: 165mm / 939g / 실버 / 알루미늄 / 3.5x8개 / 2.5x6개,2016/04,ok,
2026-10-01T01:29:14+00:00,76332383,라이트컴 COMS M.2 NGFF A+E to M 어댑터 (IH793),https://prod.danawa.com/info/?pcode=76332383&cate=11229608,변환 컨버터,,,,,,,,,,,,,,"변환 컨버터 / 크기 변환: M.2 / 인터페이스 변환: SATA(A+E, E Key)→SATA(M Key) / SSD전용 / 보관(장착) 개수: 최대 1개",2025/02,ok,
2026-10-01T01:29:14+00:00,8050171,라이트컴 COMS M.2 SSD to PCIe 변환 어댑터 (ND522),https://prod.danawa.com/info/?pcode=8050171&cate=11229608,변환 컨버터,,,,,,,,,,,,,,변환 컨버터 / 크기 변환: M.2→PCIe 카드 / 인터페이스 변환: PCIe→PCIe(NVMe) / SSD전용 / 보관(장착) 개수: 최대 1개 / M key M.2 SSD 전용 / 나사 제공,2019/05,ok,
2026-10-01T01:29:14+00:00,8042194,라이트컴 COMS M.2 SSD to PCIe 변환 어댑터 (ND536),https://prod.danawa.com/info/?pcode=8042194&cate=11229608,변환 컨버터,,,,,,,,,,,,,,변환 컨버터 / 크기 변환: M.2→PCIe 카드 / 인터페이스 변환: PCIe→PCIe(NVMe) / SSD전용 / 보관(장착) 개수: 최대 1개 / M key M.2 SSD 전용 / 일자형,2019/05,ok,
2026-10-01T01:29:14+00:00,8042731,라이트컴 COMS M.2 SSD to PCIe 변환 어댑터 (ND562),https://prod.danawa.com/info/?pcode=8042731&cate=11229608,변환 컨버터,,,,,,,,,,,,,,변환 컨버터 / 크기 변환: M.2→PCIe 카드 / 인터페이스 변환: PCIe→PCIe(NVMe) / SSD전용 / 보관(장착) 개수: 최대 1개 / M key M.2 SSD 전용 / 나사 제공,2019/05,ok,
2026-10-01T01:29:14+00:00,3368832,라이트컴 COMS M.2 SSD to SATA 컨버터 (ES345),https://prod.danawa.com/info/?pcode=3368832&cate=11229608,변환 컨버터,,,,,,,,,,,,,,변환 컨버터 / 크기 변환: M.2→2.5형 / 인터페이스 변환: SATA3→SATA3 / SSD전용 / 보관(장착) 개수: 최대 1개 / 알루미늄,2015/08,ok,
2026-10-01T01:29:14+00:00,76332239,라이트컴 COMS M.2 to IDE 컨버터 (TB044),https://prod.danawa.com/info/?pcode=76332239&cate=11229608,변환 컨버터,,,,,,,,,,,,,,변환 컨버터 / 크기 변환: M.2→2.5형 / 인터페이스 변환: SATA→IDE / SSD전용 / 보관(장착) 개수: 최대 1개 / 두께: 10mm / 화이트,2025/02,ok,
2026-10-01T01:29:14+00:00,4739485,라이트컴 COMS M.2 to PCIe 컨버터 (KS509),https://prod.danawa.com/info/?pcode=4739485&cate=11229608,변환 컨버터,"SATA, PCIE 지원",,,,,,,,,,,,,"변환 컨버터 / 크기 변환: M.2→PCIe 카드 / 인터페이스 변환: PCIe→PCIe(NVMe) / SSD전용 / 보관(장착) 개수: 최대 2개 / M.2(2242~80) 호환 / SATA, PCIE 지원 / PCIe x4 2포트 변환 컨버터",2016/12,ok,
2026-10-01T01:29:14+00:00,4730784,라이트컴 COMS M.2 to PCIe 컨버터 (KS510),https://prod.danawa.com/info/?pcode=4730784&cate=11229608,변환 컨버터,PCIe x4,,,,,,,,,,,,,변환 컨버터 / 크기 변환: M.2→PCIe 카드 / 인터페이스 변환: PCIe→PCIe(NVMe) / SSD전용 / 보관(장착) 개수: 최대 1개 / M.2(SATA) 호환 불가 / PCIe x4,2016/12,ok,
2026-10-01T01:29:14+00:00,4869534,라이트컴 COMS M.2 to SATA PCIe카드 (IB955),https://prod.danawa.com/info/?pcode=4869534&cate=11229608,변환 컨버터,,,,,,,,,,,,,,"변환 컨버터 / 크기 변환: M.2→PCIe 카드 / 인터페이스 변환: SATA3→PCIe / SSD전용 / 보관(장착) 개수: 최대 2개 / B key, B+M key 전용",2017/02,ok,
2026-10-01T01:29:14+00:00,3969575,라이트컴 COMS M.2 to SATA kit (KS966),https://prod.danawa.com/info/?pcode=3969575&cate=11229608,변환 컨버터,,,,,,,,,,,,,,변환 컨버터 / 크기 변환: M.2→3.5형 / 인터페이스 변환: SATA3→SATA3 / SSD전용 / 보관(장착) 개수: 최대 2개 / 3.5 가이드 포함,2016/04,ok,
2026-10-01T01:29:14+00:00,3912415,라이트컴 COMS M.2 to SATA 변환 카드 (ITB170),https://prod.danawa.com/info/?pcode=3912415&cate=11229608,변환 컨버터,,,,,,,,,,,,,,"변환 컨버터 / 크기 변환: M.2→PC브라켓 / 인터페이스 변환: SATA→SATA / SSD전용 / 보관(장착) 개수: 최대 1개 / B key, B+M key 전용",2016/03,ok,
2026-10-01T01:29:14+00:00,8785688,라이트컴 COMS M.2 to SATA 컨버터 (BT466),https://prod.danawa.com/info/?pcode=8785688&cate=11229608,변환 컨버터,,,,,,,,,,,,,,변환 컨버터 / 크기 변환: M.2→2.5형 / 인터페이스 변환: SATA3→SATA3 / SSD전용 / 보관(장착) 개수: 최대 1개 / 두께: 7mm / 알루미늄,2019/07,ok,
2026-10-01T01:29:14+00:00,8787320,라이트컴 COMS M.2 to SATA 컨버터 (BT468),https://prod.danawa.com/info/?pcode=8787320&cate=11229608,변환 컨버터,,,,,,,,,,,,,,변환 컨버터 / 크기 변환: M.2→2.5형 / 인터페이스 변환: SATA3→SATA3 / SSD전용 / 보관(장착) 개수: 최대 1개 / 두께: 7mm / 블랙 / 플라스틱,2019/07,ok,
2026-10-01T01:29:14+00:00,4739397,라이트컴 COMS M.2 to SATA 컨버터 (HB680),https://prod.danawa.com/info/?pcode=4739397&cate=11229608,변환 컨버터,,,,,,,,,,,,,,변환 컨버터 / 크기 변환: M.2→2.5형 / 인터페이스 변환: SATA3→SATA3 / SSD전용 / 보관(장착) 개수: 최대 1개 / 두께: 7mm / 45g / 알루미늄 / 2.5형 케이스,2016/12,ok,
2026-10-01T01:29:14+00:00,4702536,라이트컴 COMS M.2 to SATA 컨버터 (KS512),https://prod.danawa.com/info/?pcode=4702536&cate=11229608,변환 컨버터,,,,,,,,,,,,,,변환 컨버터 / 크기 변환: M.2→2.5형 / 인터페이스 변환: SATA3→SATA3 / SSD전용 / 보관(장착) 개수: 최대 1개 / 플라스틱,2016/11,ok,
2026-10-01T01:29:14+00:00,4672752,라이트컴 COMS M.2 to SATA 컨버터 (KS514),https://prod.danawa.com/info/?pcode=4672752&cate=11229608,변환 컨버터,,,,,,,,,,,,,,"변환 컨버터 / 크기 변환: M.2→2.5형 / 인터페이스 변환: SATA3→SATA3 / SSD전용 / 보관(장착) 개수: 최대 1개 / 알루미늄 / M.2 커넥터: B key, B+M key 규격 지원",2016/11,ok,
2026-10-01T01:29:14+00:00,3948200,라이트컴 COMS M.2 to SATA 컨버터 (KS965),https://prod.danawa.com/info/?pcode=3948200&cate=11229608,변환 컨버터,,,,,,,,,,,,,,"변환 컨버터 / 크기 변환: M.2→PC브라켓 / 인터페이스 변환: SATA→SATA / SSD전용 / 보관(장착) 개수: 최대 1개 / 두께: 63mm / B key, B+M key 전용",2016/04,ok,
2026-10-01T01:29:14+00:00,8787626,라이트컴 COMS M.2 to SATA 컨버터 (ND540),https://prod.danawa.com/info/?pcode=8787626&cate=11229608,변환 컨버터,,,,,,,,,,,,,,변환 컨버터 / 크기 변환: M.2→2.5형 / 인터페이스 변환: SATA3→SATA3 / SSD전용 / 보관(장착) 개수: 최대 1개 / 두께: 10mm / 블랙 / 철재(SECC) / 나사 제공,2019/07,ok,
2026-10-01T01:29:14+00:00,3611982,라이트컴 COMS M.2 to SATA 케이스형 컨버터 (ITB748),https://prod.danawa.com/info/?pcode=3611982&cate=11229608,변환 컨버터,,,,,,,,,,,,,,변환 컨버터 / 크기 변환: M.2→2.5형 / SSD전용 / 보관(장착) 개수: 최대 1개 / 블랙,2015/12,ok,
2026-10-01T01:29:14+00:00,3612004,라이트컴 COMS M.2 to SATA 케이스형 컨버터 (ITB749),https://prod.danawa.com/info/?pcode=3612004&cate=11229608,변환 컨버터,,,,,,,,,,,,,,변환 컨버터 / 크기 변환: M.2→2.5형 / SSD전용 / 보관(장착) 개수: 최대 1개 / 화이트,2015/12,ok,
2026-10-01T01:29:14+00:00,4198561,라이트컴 COMS Macbook Air SSD to M.2 컨버터 (IB399),https://prod.danawa.com/info/?pcode=4198561&cate=11229608,변환 컨버터,,,,,,,,,,,,,,변환 컨버터 / 크기 변환: 기타 / 인터페이스 변환: 기타→SATA / SSD전용 / 보관(장착) 개수: 최대 1개 / 두께: 9mm / 25g / 호환 모델 확인 요망,2016/06,ok,
2026-10-01T01:29:14+00:00,3912489,라이트컴 COMS Macbook Air SSD to SATA 변환 카드 (ITB171),https://prod.danawa.com/info/?pcode=3912489&cate=11229608,변환 컨버터,,,,,,,,,,,,,,변환 컨버터 / 크기 변환: M.2→PCIe 카드 / SSD전용 / 보관(장착) 개수: 최대 1개,2016/03,ok,
2026-10-01T01:29:14+00:00,3558656,라이트컴 COMS Macbook Air SSD to SATA 컨버터 (ITB756),https://prod.danawa.com/info/?pcode=3558656&cate=11229608,변환 컨버터,,,,,,,,,,,,,,변환 컨버터 / 크기 변환: 기타 / 인터페이스 변환: 기타→SATA / SSD전용 / 보관(장착) 개수: 최대 1개 / 두께: 16mm,2015/08,ok,
2026-10-01T01:29:14+00:00,3501645,라이트컴 COMS Mini PCIe mSATA 컨버터 (ITA006),https://prod.danawa.com/info/?pcode=3501645&cate=11229608,변환 컨버터,"SATA, USB 단자로 변환",,,,,,,,,,,,,"변환 컨버터 / 크기 변환: 기타 / SSD전용 / DIY용 / SATA, USB 단자로 변환 / 케이블 길이: 0.6m",2015/10,ok,
2026-10-01T01:29:14+00:00,72347279,라이트컴 COMS NA035 2.5인치 HDD 케이스,https://prod.danawa.com/info/?pcode=72347279&cate=11229608,보관케이스,,,,,,,,,,,,,,"보관케이스 / SSD, HDD겸용 / 보관(장착) 개수: 최대 1개 / 화이트 / 플라스틱",2024/12,ok,
2026-10-01T01:29:14+00:00,13376363,라이트컴 COMS NB826 2.5 HDD 케이스,https://prod.danawa.com/info/?pcode=13376363&cate=11229608,보관케이스,,,,,,,,,,,,,,"보관케이스 / SSD, HDD겸용 / 보관(장착) 개수: 최대 1개 / 두께: 17mm / 32g / 블루 / 플라스틱",2021/02,ok,
2026-10-01T01:29:14+00:00,4661305,라이트컴 COMS PCB 타입 SATA to mSATA 변환 컨버터 (KS508),https://prod.danawa.com/info/?pcode=4661305&cate=11229608,변환 컨버터,,,,,,,,,,,,,,"변환 컨버터 / 크기 변환: 기타 / 인터페이스 변환: SATA→SATA / SSD, HDD겸용 / 보관(장착) 개수: 최대 1개",2016/11,ok,
2026-10-01T01:29:14+00:00,13077605,라이트컴 COMS PCI슬롯형 2.5&3.5 철재 하드 가이드,https://prod.danawa.com/info/?pcode=13077605&cate=11229608,변환 가이드,,,,,,,,,,,,,,변환 가이드 / 크기 변환: 2.5/3.5형→PCIe 카드 / 보관(장착) 개수: 최대 3개 / 2x2.5형 SSD + 1x3.5형 HDD 장착,2021/01,ok,
2026-10-01T01:29:14+00:00,3567580,라이트컴 COMS SATA to IDE 컨버터 (A4135),https://prod.danawa.com/info/?pcode=3567580&cate=11229608,변환 컨버터,,,,,,,,,,,,,,변환 컨버터 / 크기 변환: 기타 / 인터페이스 변환: IDE→SATA / HDD전용 / 보관(장착) 개수: 최대 1개,2015/11,ok,
2026-10-01T01:29:14+00:00,5177601,라이트컴 COMS SATA to M.2 컨버터 (KS507),https://prod.danawa.com/info/?pcode=5177601&cate=11229608,변환 컨버터,,,,,,,,,,,,,,"변환 컨버터 / 크기 변환: 기타 / 인터페이스 변환: SATA→SATA / SSD, HDD겸용 / 보관(장착) 개수: 최대 1개 / 5g / M.2 B key 전용 / M.2(2242) 지원 / PCB타입 SATA 7핀 변환",2017/05,ok,
2026-10-01T01:29:14+00:00,3589677,라이트컴 COMS SATA to USB 컨버터 (ITA359),https://prod.danawa.com/info/?pcode=3589677&cate=11229608,변환 컨버터,,,,,,,,,,,,,,"변환 컨버터 / 크기 변환: 기타 / 인터페이스 변환: SATA→eSATA / SSD, HDD겸용 / 보관(장착) 개수: 최대 1개 / 보조전원 지원 / 케이블 길이: 0.5m",2015/11,ok,
2026-10-01T01:29:14+00:00,3436960,라이트컴 COMS SATA 컨버터 (BS764),https://prod.danawa.com/info/?pcode=3436960&cate=11229608,변환 컨버터,,,,,,,,,,,,,,변환 컨버터 / 크기 변환: 기타 / 인터페이스 변환: IDE→SATA / HDD전용 / 보관(장착) 개수: 최대 1개,2015/09,ok,
2026-10-01T01:29:14+00:00,3571233,라이트컴 COMS SATA 컨버터 (IT707),https://prod.danawa.com/info/?pcode=3571233&cate=11229608,변환 컨버터,,,,,,,,,,,,,,변환 컨버터 / 크기 변환: mSATA→2.5형 / 인터페이스 변환: SATA→SATA / SSD전용 / 보관(장착) 개수: 최대 1개,2015/11,ok,
2026-10-01T01:29:14+00:00,3571225,라이트컴 COMS SATA 컨버터 (IT708),https://prod.danawa.com/info/?pcode=3571225&cate=11229608,변환 컨버터,,,,,,,,,,,,,,변환 컨버터 / 크기 변환: mSATA→2.5형 / 인터페이스 변환: SATA→SATA / SSD전용 / 보관(장착) 개수: 최대 1개 / 1 / 2 슬림사이즈,2015/11,ok,
2026-10-01T01:29:14+00:00,3570996,라이트컴 COMS SATA 컨버터 (IT709),https://prod.danawa.com/info/?pcode=3570996&cate=11229608,변환 컨버터,,,,,,,,,,,,,,변환 컨버터 / 크기 변환: mSATA→2.5형 / 인터페이스 변환: SATA→SATA / SSD전용 / 보관(장착) 개수: 최대 1개 / 슬림 PCB,2015/11,ok,
2026-10-01T01:29:14+00:00,3501763,라이트컴 COMS SATA 컨버터 (IT710),https://prod.danawa.com/info/?pcode=3501763&cate=11229608,변환 컨버터,,,,,,,,,,,,,,변환 컨버터 / 크기 변환: mSATA→2.5형 / 인터페이스 변환: SATA→SATA / SSD전용 / 보관(장착) 개수: 최대 1개 / mSATA(70mm) / 슬림 PCB,2015/10,ok,
2026-10-01T01:29:14+00:00,3501734,라이트컴 COMS SATA 컨버터 (IT711),https://prod.danawa.com/info/?pcode=3501734&cate=11229608,변환 컨버터,,,,,,,,,,,,,,변환 컨버터 / 크기 변환: mSATA→2.5형 / 인터페이스 변환: SATA→SATA / SSD전용 / 보관(장착) 개수: 최대 1개 / Full 사이즈,2015/10,ok,
2026-10-01T01:29:14+00:00,3551731,라이트컴 COMS SATA 컨버터 (ITA517),https://prod.danawa.com/info/?pcode=3551731&cate=11229608,변환 컨버터,,,,,,,,,,,,,,변환 컨버터 / 크기 변환: mSATA→2.5형 / 인터페이스 변환: SATA→SATA / SSD전용 / 보관(장착) 개수: 최대 1개 / 플라스틱,2015/11,ok,
2026-10-01T01:29:14+00:00,3567761,라이트컴 COMS SATA 컨버터 (ITB750),https://prod.danawa.com/info/?pcode=3567761&cate=11229608,변환 컨버터,SATA to mSATA,,,,,,,,,,,,,"변환 컨버터 / 크기 변환: 기타 / 인터페이스 변환: SATA→SATA / SSD, HDD겸용 / 보관(장착) 개수: 최대 1개 / SATA to mSATA",2015/11,ok,
2026-10-01T01:29:14+00:00,3567447,라이트컴 COMS SATA 컨버터 (ITB751),https://prod.danawa.com/info/?pcode=3567447&cate=11229608,변환 컨버터,,,,,,,,,,,,,,변환 컨버터 / 크기 변환: mSATA→M.2 / 인터페이스 변환: SATA→SATA / SSD전용 / 보관(장착) 개수: 최대 1개 / mSATA to M.2(2230~80),2015/11,ok,
2026-10-01T01:29:14+00:00,3567793,라이트컴 COMS SATA 컨버터 (ITB752),https://prod.danawa.com/info/?pcode=3567793&cate=11229608,변환 컨버터,,,,,,,,,,,,,,변환 컨버터 / 크기 변환: M.2→mSATA / 인터페이스 변환: SATA→SATA / SSD전용 / 보관(장착) 개수: 최대 1개,2015/11,ok,
2026-10-01T01:29:14+00:00,3567435,라이트컴 COMS SATA 컨버터 (ITB753),https://prod.danawa.com/info/?pcode=3567435&cate=11229608,변환 컨버터,,,,,,,,,,,,,,변환 컨버터 / 크기 변환: 기타 / 인터페이스 변환: SATA→SATA / SSD전용 / 보관(장착) 개수: 최대 1개 / M.2 to SATA,2015/11,ok,
2026-10-01T01:29:14+00:00,3567130,라이트컴 COMS SATA 컨버터 (ITB754),https://prod.danawa.com/info/?pcode=3567130&cate=11229608,변환 컨버터,,,,,,,,,,,,,,변환 컨버터 / 크기 변환: 기타 / 인터페이스 변환: SATA→SATA / SSD전용 / 보관(장착) 개수: 최대 1개 / mSATA to SATA,2015/11,ok,
2026-10-01T01:29:14+00:00,3567698,라이트컴 COMS SATA 컨버터 (ITB755),https://prod.danawa.com/info/?pcode=3567698&cate=11229608,변환 컨버터,SATA to mSATA,,,,,,,,,,,,,"변환 컨버터 / 크기 변환: 기타 / 인터페이스 변환: SATA→SATA / SSD, HDD겸용 / 보관(장착) 개수: 최대 1개 / SATA to mSATA",2015/11,ok,
2026-10-01T01:29:14+00:00,2512421,라이트컴 COMS SP711 2.5-3.5 하드 가이드 그립장착,https://prod.danawa.com/info/?pcode=2512421&cate=11229608,변환 가이드,,,,,,,,,,,,,,"변환 가이드 / 크기 변환: 2.5형→3.5형 / SSD, HDD겸용 / 보관(장착) 개수: 최대 1개 / 두께: 15mm / 플라스틱",2014/03,ok,
2026-10-01T01:29:14+00:00,3368893,라이트컴 COMS SSD 변환용 SATA 컨버터 (IT983),https://prod.danawa.com/info/?pcode=3368893&cate=11229608,변환 컨버터,,,,,,,,,,,,,,변환 컨버터 / 크기 변환: 기타 / 인터페이스 변환: SATA→SATA / SSD전용 / 보관(장착) 개수: 최대 1개,2015/08,ok,
2026-10-01T01:29:14+00:00,12353690,라이트컴 COMS SW077 M.2 SSD to PCIe 변환 어댑터,https://prod.danawa.com/info/?pcode=12353690&cate=11229608,변환 컨버터,,,,,,,,,,,,,,변환 컨버터 / 크기 변환: M.2→PCIe 카드 / 인터페이스 변환: PCIe→PCIe(NVMe) / SSD전용 / 보관(장착) 개수: 최대 1개 / M key M.2 SSD 전용 / LP 브라켓 제공,2020/09,ok,
2026-10-01T01:29:14+00:00,13939745,라이트컴 COMS SW078 M.2 to PCIe 컨버터,https://prod.danawa.com/info/?pcode=13939745&cate=11229608,변환 컨버터,,,,,,,,,,,,,,변환 컨버터 / 크기 변환: M.2/mSATA→PCIe 카드 / SSD전용 / 보관(장착) 개수: 최대 2개 / 46g / LP브라켓 포함,2021/04,ok,
2026-10-01T01:29:14+00:00,12354065,라이트컴 COMS SW229 M.2 SSD to PCIe 변환 어댑터,https://prod.danawa.com/info/?pcode=12354065&cate=11229608,변환 컨버터,,,,,,,,,,,,,,변환 컨버터 / 크기 변환: M.2→PCIe 카드 / 인터페이스 변환: PCIe→PCIe(NVMe) / SSD전용 / 보관(장착) 개수: 최대 1개 / M key M.2 SSD 전용,2020/09,ok,
2026-10-01T01:29:14+00:00,14127800,라이트컴 COMS SW230 U.2 to PCIe 변환 어댑터,https://prod.danawa.com/info/?pcode=14127800&cate=11229608,변환 컨버터,,,,,,,,,,,,,,변환 컨버터 / 크기 변환: 2.5형→PCIe 카드 / 인터페이스 변환: U.2/SATA→PCIe / SSD전용 / 보관(장착) 개수: 최대 1개,2021/05,ok,
2026-10-01T01:29:14+00:00,28330538,라이트컴 COMS SW517 U.2 to PCIe 변환 어댑터,https://prod.danawa.com/info/?pcode=28330538&cate=11229608,변환 컨버터,,,,,,,,,,,,,,변환 컨버터 / 크기 변환: 2.5형→PCIe 카드 / 인터페이스 변환: U.2/SATA→PCIe / SSD전용 / 보관(장착) 개수: 최대 1개,2023/09,ok,
2026-10-01T01:29:14+00:00,95990159,라이트컴 COMS SW519 M.2 to SATA 컨버터,https://prod.danawa.com/info/?pcode=95990159&cate=11229608,변환 컨버터,,,,,,,,,,,,,,변환 컨버터 / 크기 변환: M.2→SATA(DDR2) / 인터페이스 변환: SATA→SATA / SSD전용 / 보관(장착) 개수: 최대 1개 / DDR2 슬롯 장착(단순 고정용),2025/08,ok,
2026-10-01T01:29:14+00:00,96056099,라이트컴 COMS SW520 M.2 to SATA 컨버터,https://prod.danawa.com/info/?pcode=96056099&cate=11229608,변환 컨버터,,,,,,,,,,,,,,변환 컨버터 / 크기 변환: M.2→SATA(DDR3) / 인터페이스 변환: SATA→SATA / SSD전용 / 보관(장착) 개수: 최대 1개 / 블랙,2025/08,ok,
2026-10-01T01:29:14+00:00,28403426,라이트컴 COMS SW521 M.2 to SATA 컨버터,https://prod.danawa.com/info/?pcode=28403426&cate=11229608,변환 컨버터,,,,,,,,,,,,,,변환 컨버터 / 크기 변환: M.2→SATA(DDR4) / 인터페이스 변환: SATA→SATA / SSD전용 / 보관(장착) 개수: 최대 1개 / 두께: 27mm / 51g / DDR4 슬롯 장착(단순 고정용),2021/05,ok,
2026-10-01T01:29:14+00:00,28515230,라이트컴 COMS SW522 M.2 SSD to PCIe 변환 어댑터,https://prod.danawa.com/info/?pcode=28515230&cate=11229608,변환 컨버터,,,,,,,,,,,,,,변환 컨버터 / 크기 변환: M.2→PCIe 카드 / 인터페이스 변환: PCIe→PCIe(NVMe) / SSD전용 / 보관(장착) 개수: 최대 1개 / M key M.2 NVMe SSD 전용,2023/10,ok,
2026-10-01T01:29:14+00:00,99742928,라이트컴 COMS SW545 M.2 NVMe to PCIe 변환 컨버터,https://prod.danawa.com/info/?pcode=99742928&cate=11229608,변환 컨버터,,,,,,,,,,,,,,변환 컨버터 / 크기 변환: M.2→PCIe 카드 / 인터페이스 변환: PCIe→PCIe(NVMe) / SSD전용 / 보관(장착) 개수: 최대 1개 / 그린,2025/10,ok,
2026-10-01T01:29:14+00:00,93319232,라이트컴 COMS SW570 M.2 NVMe to PCIe 컨버터,https://prod.danawa.com/info/?pcode=93319232&cate=11229608,변환 컨버터,,,,,,,,,,,,,,변환 컨버터 / 크기 변환: M.2→PCIe 카드 / SSD전용 / 보관(장착) 개수: 최대 1개 / 블랙,2025/06,ok,
2026-10-01T01:29:14+00:00,19729874,라이트컴 COMS SW571 M.2 NVMe to PCIe 컨버터,https://prod.danawa.com/info/?pcode=19729874&cate=11229608,변환 컨버터,,,,,,,,,,,,,,변환 컨버터 / 크기 변환: M.2→PCIe 카드 / SSD전용 / 보관(장착) 개수: 최대 1개,2023/04,ok,
2026-10-01T01:29:14+00:00,95847254,라이트컴 COMS SW751 M.2 to PCIe 4x 컨버터,https://prod.danawa.com/info/?pcode=95847254&cate=11229608,변환 컨버터,,,,,,,,,,,,,,변환 컨버터 / 크기 변환: M.2→PCIe 카드 / SSD전용 / 보관(장착) 개수: 최대 1개 / 85g / 블랙,2025/08,ok,
2026-10-01T01:29:14+00:00,99129386,라이트컴 COMS TB447 SATA 변환 컨버터,https://prod.danawa.com/info/?pcode=99129386&cate=11229608,변환 컨버터,,,,,,,,,,,,,,"변환 컨버터 / SSD전용 / 보관(장착) 개수: 최대 1개 / 그린 / A1370, A1369 SSD 전용",2025/10,ok,
2026-10-01T01:29:14+00:00,99126485,라이트컴 COMS TB448 M.2 NVMe to PCIe 변환 컨버터,https://prod.danawa.com/info/?pcode=99126485&cate=11229608,변환 컨버터,,,,,,,,,,,,,,변환 컨버터 / 크기 변환: M.2→PCIe 카드 / 인터페이스 변환: PCIe→PCIe(NVMe) / SSD전용 / 보관(장착) 개수: 최대 1개 / 11g / 블랙,2025/10,ok,
2026-10-01T01:29:14+00:00,54327554,라이트컴 COMS TB723 M.2 SSD to PCIe 컨버터,https://prod.danawa.com/info/?pcode=54327554&cate=11229608,변환 컨버터,,,,,,,,,,,,,,변환 컨버터 / 크기 변환: M.2→PCIe 카드 / 인터페이스 변환: PCIe→PCIe(NVMe) / 보관(장착) 개수: 최대 1개 / 블랙,2024/05,ok,
2026-10-01T01:29:14+00:00,40721150,라이트컴 COMS TB724 M.2 NVMe to PCIe 컨버터,https://prod.danawa.com/info/?pcode=40721150&cate=11229608,변환 컨버터,,,,,,,,,,,,,,변환 컨버터 / 크기 변환: M.2→PCIe 카드 / 인터페이스 변환: PCIe→PCIe(NVMe) / SSD전용 / 보관(장착) 개수: 최대 1개 / 블랙,2024/03,ok,
2026-10-01T01:29:14+00:00,40720937,라이트컴 COMS TB725 M.2 NVMe TO PCIe 컨버터,https://prod.danawa.com/info/?pcode=40720937&cate=11229608,변환 컨버터,,,,,,,,,,,,,,변환 컨버터 / 크기 변환: M.2→PCIe 카드 / 인터페이스 변환: PCIe→PCIe(NVMe) / SSD전용 / 보관(장착) 개수: 최대 1개 / 블랙,2024/03,ok,
2026-10-01T01:29:14+00:00,93444554,라이트컴 COMS TB734 컨버터,https://prod.danawa.com/info/?pcode=93444554&cate=11229608,변환 컨버터,,,,,,,,,,,,,,변환 컨버터 / 크기 변환: 1.8형→3.5형 / 인터페이스 변환: SATA→SATA / HDD전용 / 보관(장착) 개수: 최대 1개,2025/07,ok,
2026-10-01T01:29:14+00:00,103482125,라이트컴 COMS TB830 M.2 NVme to Mini PCIe 컨버터,https://prod.danawa.com/info/?pcode=103482125&cate=11229608,변환 컨버터,,,,,,,,,,,,,,변환 컨버터 / 크기 변환: M.2→PCIe 카드 / SSD전용 / 보관(장착) 개수: 최대 1개 / 10g,2026/01,ok,
2026-10-01T01:29:14+00:00,89528996,라이트컴 COMS TB832 M.2 NVMe to PCIe 컨버터,https://prod.danawa.com/info/?pcode=89528996&cate=11229608,변환 컨버터,,,,,,,,,,,,,,변환 컨버터 / 크기 변환: M.2→PCIe 카드 / SSD전용 / 보관(장착) 개수: 최대 1개 / 블랙,2025/04,ok,
2026-10-01T01:29:14+00:00,97848167,라이트컴 COMS Type A/C to SATA 컨버터 (FW627),https://prod.danawa.com/info/?pcode=97848167&cate=11229608,변환 컨버터,,,,,,,,,,,,,,"변환 컨버터 / 크기 변환: 2.5형→USB A/C타입 / 인터페이스 변환: SATA3→USB3.x 5Gbps / SSD, HDD겸용 / 보관(장착) 개수: 최대 1개 / 보조전원",2025/09,ok,
2026-10-01T01:29:14+00:00,3450969,라이트컴 COMS Type C to SATA3 컨버터 (ITB454),https://prod.danawa.com/info/?pcode=3450969&cate=11229608,변환 컨버터,,,,,,,,,,,,,,"변환 컨버터 / 크기 변환: 2.5형→USB C타입 / 인터페이스 변환: SATA3→USB3.x 5Gbps / SSD, HDD겸용 / 보관(장착) 개수: 최대 1개",2015/09,ok,
2026-10-01T01:29:14+00:00,5795579,라이트컴 COMS USB 3.0 Type C to SATA3 컨버터 (DM445),https://prod.danawa.com/info/?pcode=5795579&cate=11229608,변환 컨버터,,,,,,,,,,,,,,"변환 컨버터 / 크기 변환: 2.5형→USB C타입 / 인터페이스 변환: SATA3→USB3.x 5Gbps / SSD, HDD겸용 / 보관(장착) 개수: 최대 1개 / 19g / 화이트",2018/01,ok,
2026-10-01T01:29:14+00:00,3599023,라이트컴 COMS USB 3.0 to SATA 컨버터 (BE490),https://prod.danawa.com/info/?pcode=3599023&cate=11229608,변환 컨버터,USB 보조전원,,,,,,,,,,,,,"변환 컨버터 / 크기 변환: 2.5형→USB A타입 / 인터페이스 변환: SATA3→USB3.x 5Gbps / SSD, HDD겸용 / 보관(장착) 개수: 최대 1개 / 보조전원 / USB 보조전원",2015/12,ok,
2026-10-01T01:29:14+00:00,102620810,라이트컴 COMS USB 3.0 to SATA+IDE 컨버터 (BF497),https://prod.danawa.com/info/?pcode=102620810&cate=11229608,변환 컨버터,,,,,,,,,,,,,,"변환 컨버터 / 크기 변환: 3.5/2.5형→USB A타입 / SSD, HDD겸용 / 외부전원겸용 / 보관(장착) 개수: 최대 3개 / 컨버터 연결지원 / DC 12V 어댑터 포함",2025/12,ok,
2026-10-01T01:29:14+00:00,10889313,라이트컴 COMS USB Type C to SATA3 케이블 (CT840),https://prod.danawa.com/info/?pcode=10889313&cate=11229608,변환 컨버터,,,,,,,,,,,,,,"변환 컨버터 / 크기 변환: 3.5/2.5형→USB C타입 / 인터페이스 변환: SATA3→USB3.x 5Gbps / SSD, HDD겸용 / 보관(장착) 개수: 최대 1개 / 보조전원 / 블랙 / 3.5형 외부전원 필요 / 어댑터 미포함",2020/03,ok,
2026-10-01T01:29:14+00:00,5233958,라이트컴 COMS USB3.0 Type A to SATA 컨버터 (IB359),https://prod.danawa.com/info/?pcode=5233958&cate=11229608,변환 컨버터,USB 보조전원,,,,,,,,,,,,,"변환 컨버터 / 크기 변환: 3.5/2.5형→USB A타입 / 인터페이스 변환: SATA3→USB3.x 5Gbps / SSD, HDD겸용 / 보관(장착) 개수: 최대 1개 / USB 보조전원 / 최대 4TB 지원",2017/06,ok,
2026-10-01T01:29:14+00:00,9726189,라이트컴 COMS USB3.0 케이블 일체형 컨버터 (BT365),https://prod.danawa.com/info/?pcode=9726189&cate=11229608,변환 컨버터,USB보조전원,,,,,,,,,,,,,변환 컨버터 / 크기 변환: 3.5/2.5형→USB A타입 / 인터페이스 변환: SATA→USB3.0 / HDD전용 / 보관(장착) 개수: 최대 1개 / 최대 4TB 지원 / 외부전원: DC 12V / 2A 5.5mm / USB보조전원,2019/10,ok,
2026-10-01T01:29:14+00:00,3495907,라이트컴 COMS eSATA to SATA 컨버터 (ITA355),https://prod.danawa.com/info/?pcode=3495907&cate=11229608,변환 컨버터,,,,,,,,,,,,,,"변환 컨버터 / 크기 변환: 기타 / 인터페이스 변환: SATA→eSATA / SSD, HDD겸용 / 보관(장착) 개수: 최대 1개",2015/10,ok,
2026-10-01T01:29:14+00:00,3517411,라이트컴 COMS eSATA용 SATA 컨버터 (SP953),https://prod.danawa.com/info/?pcode=3517411&cate=11229608,변환 컨버터,USB 전원 지원,,,,,,,,,,,,,"변환 컨버터 / 크기 변환: 기타 / 인터페이스 변환: SATA→eSATA / SSD, HDD겸용 / 보관(장착) 개수: 최대 1개 / USB 전원 지원 / 케이블 길이: 0.5m",2015/10,ok,
2026-10-01T01:29:14+00:00,3905929,라이트컴 COMS mSATA + M.2 to SATA 변환 카드 (ITB169),https://prod.danawa.com/info/?pcode=3905929&cate=11229608,변환 컨버터,,,,,,,,,,,,,,"변환 컨버터 / 크기 변환: M.2/mSATA→PC브라켓 / 인터페이스 변환: SATA→SATA / 26mm, 50mm mSATA 지원 / B key, B+M key 전용",2016/03,ok,
2026-10-01T01:29:14+00:00,5300800,라이트컴 COMS mSATA + M.2 to SATA3 변환카드 (IB956),https://prod.danawa.com/info/?pcode=5300800&cate=11229608,변환 컨버터,"SATA, 전원 케이블 포함",,,,,,,,,,,,,"변환 컨버터 / 크기 변환: M.2/mSATA→PCIe 카드 / 인터페이스 변환: SATA3→SATA3 / SSD전용 / 보관(장착) 개수: 최대 2개 / mSATA(26~70mm), M.2(42~100mm) 지원 / M.2 B, B+M Key 전용 / SATA, 전원 케이블 포함",2017/07,ok,
2026-10-01T01:29:14+00:00,3332044,라이트컴 COMS mSATA to 2.5 IDE 컨버터 (IT712),https://prod.danawa.com/info/?pcode=3332044&cate=11229608,변환 컨버터,,,,,,,,,,,,,,변환 컨버터 / 크기 변환: mSATA→2.5형 / 인터페이스 변환: SATA→IDE / SSD전용 / 보관(장착) 개수: 최대 1개,2015/07,ok,
2026-10-01T01:29:14+00:00,3269758,라이트컴 COMS mSATA to 2.5 SATA 컨버터 (BE574),https://prod.danawa.com/info/?pcode=3269758&cate=11229608,변환 컨버터,,,,,,,,,,,,,,변환 컨버터 / 크기 변환: mSATA→2.5형 / 인터페이스 변환: SATA→SATA / SSD전용 / 보관(장착) 개수: 최대 1개 / mSATA to 2.5 SATA,2015/06,ok,
2026-10-01T01:29:14+00:00,4197736,라이트컴 COMS mSATA to Macbook 2012 SSD 컨버터 (IB397),https://prod.danawa.com/info/?pcode=4197736&cate=11229608,변환 컨버터,,,,,,,,,,,,,,변환 컨버터 / 크기 변환: 기타 / 인터페이스 변환: SATA→기타 / SSD전용 / 보관(장착) 개수: 최대 1개 / 호환 모델 확인 요망,2016/06,ok,
2026-10-01T01:29:14+00:00,3658253,라이트컴 COMS mSATA to Micro SATA 컨버터 (IT706),https://prod.danawa.com/info/?pcode=3658253&cate=11229608,변환 컨버터,,,,,,,,,,,,,,변환 컨버터 / 크기 변환: 기타 / SSD전용 / 보관(장착) 개수: 최대 1개 / mSATA to micro SATA / 슬림 PCB / 미니형,2016/01,ok,
2026-10-01T01:29:14+00:00,8788112,라이트컴 COMS mSATA to SATA 컨버터 (BT465),https://prod.danawa.com/info/?pcode=8788112&cate=11229608,변환 컨버터,,,,,,,,,,,,,,변환 컨버터 / 크기 변환: mSATA→2.5형 / 인터페이스 변환: SATA→SATA / SSD전용 / 보관(장착) 개수: 최대 1개 / 두께: 7mm / 실버 / 알루미늄 / 나사 제공,2019/07,ok,
2026-10-01T01:29:14+00:00,4739353,라이트컴 COMS mSATA to SATA 컨버터 (HB679),https://prod.danawa.com/info/?pcode=4739353&cate=11229608,변환 컨버터,,,,,,,,,,,,,,변환 컨버터 / 크기 변환: mSATA→2.5형 / 인터페이스 변환: SATA3→SATA3 / SSD전용 / 보관(장착) 개수: 최대 1개 / 두께: 7mm / 45g / 알루미늄 / 2.5형 케이스,2016/12,ok,
2026-10-01T01:29:14+00:00,3448090,라이트컴 COMS mSATA to SATA 컨버터 (ITA518),https://prod.danawa.com/info/?pcode=3448090&cate=11229608,변환 컨버터,,,,,,,,,,,,,,변환 컨버터 / 크기 변환: M.2/mSATA→2.5형 / 인터페이스 변환: SATA→SATA / SSD전용 / 보관(장착) 개수: 최대 1개 / PCB형,2015/09,ok,
2026-10-01T01:29:14+00:00,8793296,라이트컴 COMS mSATA to SATA 컨버터 (KS170),https://prod.danawa.com/info/?pcode=8793296&cate=11229608,변환 컨버터,,,,,,,,,,,,,,변환 컨버터 / 크기 변환: mSATA→3.5형 / 인터페이스 변환: SATA3→SATA3 / SSD전용 / 보관(장착) 개수: 최대 1개 / 두께: 25mm,2019/07,ok,
2026-10-01T01:29:14+00:00,4702557,라이트컴 COMS mSATA to SATA 컨버터 (KS513),https://prod.danawa.com/info/?pcode=4702557&cate=11229608,변환 컨버터,,,,,,,,,,,,,,변환 컨버터 / 크기 변환: mSATA→2.5형 / 인터페이스 변환: SATA→SATA / SSD전용 / 보관(장착) 개수: 최대 1개 / 알루미늄,2016/11,ok,
2026-10-01T01:29:14+00:00,3948219,라이트컴 COMS mSATA to SATA 컨버터 (KS967),https://prod.danawa.com/info/?pcode=3948219&cate=11229608,변환 컨버터,,,,,,,,,,,,,,변환 컨버터 / 크기 변환: mSATA→PC브라켓 / 인터페이스 변환: SATA→SATA / 26mm / PC 브라켓 타입 / SSD 변환용,2016/04,ok,
2026-10-01T01:29:14+00:00,3955016,라이트컴 COMS mSATA to SATA 컨버터 (KS968),https://prod.danawa.com/info/?pcode=3955016&cate=11229608,변환 컨버터,,,,,,,,,,,,,,변환 컨버터 / 크기 변환: mSATA→3.5형 / 인터페이스 변환: SATA→SATA / SSD전용 / 보관(장착) 개수: 최대 1개 / mSATA(26mm) / 3.5 가이드 포함,2016/04,ok,
2026-10-01T01:29:14+00:00,3969479,라이트컴 COMS mSATA to SATA 컨버터 (KS969),https://prod.danawa.com/info/?pcode=3969479&cate=11229608,변환 컨버터,,,,,,,,,,,,,,변환 컨버터 / 크기 변환: mSATA→3.5형 / 인터페이스 변환: SATA→SATA / SSD전용 / 보관(장착) 개수: 최대 1개 / mSATA(50mm) / 3.5 가이드 포함,2016/04,ok,
2026-10-01T01:29:14+00:00,8787884,라이트컴 COMS mSATA to SATA 컨버터 (NB558),https://prod.danawa.com/info/?pcode=8787884&cate=11229608,변환 컨버터,,,,,,,,,,,,,,변환 컨버터 / 크기 변환: mSATA→2.5형 / 인터페이스 변환: SATA→SATA / SSD전용 / 보관(장착) 개수: 최대 1개 / 두께: 10mm / 블랙 / 철재(SECC) / 나사 제공,2019/07,ok,
2026-10-01T01:29:14+00:00,3501709,라이트컴 COMS mSATA to SATA 컨버터 1/2 사이즈 (IT713),https://prod.danawa.com/info/?pcode=3501709&cate=11229608,변환 컨버터,,,,,,,,,,,,,,변환 컨버터 / 크기 변환: mSATA→2.5형 / 인터페이스 변환: SATA→SATA / SSD전용 / 보관(장착) 개수: 최대 1개,2015/10,ok,
2026-10-01T01:29:14+00:00,3969281,라이트컴 COMS mSATA to SATA 컨버터 2포트 (KS972),https://prod.danawa.com/info/?pcode=3969281&cate=11229608,변환 컨버터,,,,,,,,,,,,,,"변환 컨버터 / 크기 변환: M.2→PC브라켓 / 인터페이스 변환: SATA→SATA / SSD전용 / 보관(장착) 개수: 최대 2개 / 26mm, 50mm mSATA 지원",2016/04,ok,
2026-10-01T01:29:14+00:00,3368996,라이트컴 COMS mSATA to SATA 컨버터 케이스 타입 (IT705),https://prod.danawa.com/info/?pcode=3368996&cate=11229608,변환 컨버터,,,,,,,,,,,,,,변환 컨버터 / 크기 변환: mSATA→2.5형 / 인터페이스 변환: SATA→SATA / SSD전용 / 보관(장착) 개수: 최대 1개,2015/08,ok,
2026-10-01T01:29:14+00:00,3599980,라이트컴 COMS mSATA to SATA 케이스형 컨버터 (ITB746),https://prod.danawa.com/info/?pcode=3599980&cate=11229608,변환 컨버터,,,,,,,,,,,,,,변환 컨버터 / 크기 변환: mSATA→2.5형 / 인터페이스 변환: SATA→SATA / SSD전용 / 보관(장착) 개수: 최대 1개 / 블랙,2015/12,ok,
2026-10-01T01:29:14+00:00,3600031,라이트컴 COMS mSATA to SATA 케이스형 컨버터 (ITB747),https://prod.danawa.com/info/?pcode=3600031&cate=11229608,변환 컨버터,,,,,,,,,,,,,,변환 컨버터 / 크기 변환: mSATA→2.5형 / 인터페이스 변환: SATA→SATA / SSD전용 / 보관(장착) 개수: 최대 1개 / 화이트 / 케이스형,2015/12,ok,
2026-10-01T01:29:14+00:00,8789678,라이트컴 COMS mSATA/M.2 to SATA 컨버터 (BT467),https://prod.danawa.com/info/?pcode=8789678&cate=11229608,변환 컨버터,,,,,,,,,,,,,,"변환 컨버터 / 크기 변환: M.2/mSATA→2.5형 / 인터페이스 변환: SATA→SATA / SSD전용 / 보관(장착) 개수: 최대 1개 / 두께: 7mm / 플라스틱 / M.2, mSATA 슬롯 동시 사용 불가",2019/07,ok,
2026-10-01T01:29:14+00:00,3969449,라이트컴 COMS 듀얼 mSATA to SATA kit (KS973),https://prod.danawa.com/info/?pcode=3969449&cate=11229608,변환 컨버터,,,,,,,,,,,,,,"변환 컨버터 / 크기 변환: mSATA→3.5형 / 인터페이스 변환: SATA→SATA / SSD전용 / 보관(장착) 개수: 최대 2개 / mSATA(26mm, 50mm)",2016/04,ok,
2026-10-01T01:29:14+00:00,121765328,라이트컴 Coms G3527,https://prod.danawa.com/info/?pcode=121765328&cate=11229608,,,,,,,,,,,,,,,,2010/08,no_spec,
2026-10-01T01:29:14+00:00,110800730,"라이트컴 Coms SATA 컨버터(Dual M.2 to SATA), 2포트 PC브라켓 타입",https://prod.danawa.com/info/?pcode=110800730&cate=11229608,변환 컨버터,,,,,,,,,,,,,,변환 컨버터 / 변환 가이드 / 보관(장착) 개수: 최대 2개 / 두께: 68mm,2017/05,ok,
2026-10-01T01:29:14+00:00,116751565,라이트컴 Coms SATA 컨버터(IDE 2.5 HDD용),https://prod.danawa.com/info/?pcode=116751565&cate=11229608,6.4cm(2.5형),,,,,,,,,,,,,,6.4cm(2.5형),2012/03,ok,
2026-10-01T01:29:14+00:00,3960949,라이트컴 KS977 철재 하드가이드 2.5/3.5,https://prod.danawa.com/info/?pcode=3960949&cate=11229608,변환 가이드,,,,,,,,,,,,,,"변환 가이드 / 크기 변환: 2.5형→3.5형 / SSD, HDD겸용 / 보관(장착) 개수: 최대 2개 / 블랙 / 알루미늄",2016/04,ok,
2026-10-01T01:29:14+00:00,3960918,라이트컴 KS982 철재 하드가이드 2.5,https://prod.danawa.com/info/?pcode=3960918&cate=11229608,변환 가이드,,,,,,,,,,,,,,"변환 가이드 / 크기 변환: 2.5형→3.5형 / SSD, HDD겸용 / 보관(장착) 개수: 최대 2개 / 블랙 / 알루미늄",2016/04,ok,
2026-10-01T01:29:14+00:00,16800110,라인업시스템 LANSTAR LS-PCIE-RAID 2.5 SATA 2포트 to PCIe 카드,https://prod.danawa.com/info/?pcode=16800110&cate=11229608,변환 컨버터,,,,,,,,,,,,,,"변환 컨버터 / 크기 변환: 2.5형→PCIe 카드 / 인터페이스 변환: SATA3→PCIe / SSD, HDD겸용 / 보관(장착) 개수: 최대 2개",2022/04,ok,
2026-10-01T01:29:14+00:00,29809250,라인업시스템 LANSTAR M.2 NVMe to PCIe 카드 (LS-PCIE-M2SSD),https://prod.danawa.com/info/?pcode=29809250&cate=11229608,변환 컨버터,PCIe 3.0x4 지원,,,,,,,,,,,,,"변환 컨버터 / 크기 변환: M.2→PCIe 카드 / 인터페이스 변환: PCIe→PCIe(NVMe) / SSD전용 / 보관(장착) 개수: 최대 1개 / 두께: 19mm / 120g / M Key, B+M Key 전용 / PCIe 3.0x4 지원",2023/11,ok,
2026-10-01T01:29:14+00:00,11799478,라인업시스템 LANSTAR M.2 SSD to PCIe 카드 (LS-PCIE-M2SATAN),https://prod.danawa.com/info/?pcode=11799478&cate=11229608,변환 컨버터,"SATA, PCIe M.2 지원",,,,,,,,,,,,,"변환 컨버터 / 크기 변환: M.2→PCIe 카드 / SSD전용 / 보관(장착) 개수: 최대 2개 / 두께: 12mm / M Key, B Key, B+M Key M.2 SSD 지원 / SATA, PCIe M.2 지원 / PCIe 3.0 규격 준수 / SATA 케이블, SSD 방열패드 포함",2020/07,ok,
2026-10-01T01:29:14+00:00,9727089,라인업시스템 LANSTAR USB3.0 to SATA 컨버터 (LS-USB3.0-SATA),https://prod.danawa.com/info/?pcode=9727089&cate=11229608,변환 컨버터,,,,,,,,,,,,,,"변환 컨버터 / 크기 변환: 3.5/2.5형→USB A타입 / SSD, HDD겸용 / 보관(장착) 개수: 최대 1개 / 최대 4TB 지원 / 외부전원 별도구매 (12V / 2A)",2019/10,ok,
2026-10-01T01:29:14+00:00,5615337,라인업시스템 LANSTAR mSATA to PCIe 카드 (LS-PCIE-MSATA),https://prod.danawa.com/info/?pcode=5615337&cate=11229608,변환 컨버터,,,,,,,,,,,,,,"변환 컨버터 / 크기 변환: mSATA→PCIe 카드 / SSD전용 / 보관(장착) 개수: 최대 1개 / 26, 50mm mSATA 지원",2017/11,ok,
2026-10-01T01:29:14+00:00,14623025,래안텍 R4MTP M.2 to PCIe 컨버터,https://prod.danawa.com/info/?pcode=14623025&cate=11229608,변환 컨버터,,,,,,,,,,,,,방열판 포함,변환 컨버터 / 크기 변환: M.2→PCIe 카드 / SSD전용 / 보관(장착) 개수: 최대 4개 / 방열판 포함 / 두께: 1.5mm,2021/06,ok,
2026-10-01T01:29:14+00:00,28393946,리더샵 NEEDS M.2 NVMe to PCIe 변환 어댑터 (NDS-PCIE-M2NVME),https://prod.danawa.com/info/?pcode=28393946&cate=11229608,변환 컨버터,,,,,,,,,,,,,,변환 컨버터 / 크기 변환: M.2→PCIe 카드 / 인터페이스 변환: PCIe→PCIe(NVMe) / SSD전용 / 보관(장착) 개수: 최대 1개,2023/09,ok,
2026-10-01T01:29:14+00:00,12573560,리버네트워크 NEXI NX-U30SC USB 3.0 to SATA3 컨버터,https://prod.danawa.com/info/?pcode=12573560&cate=11229608,변환 컨버터,,,,,,,,,,,,,,"변환 컨버터 / 크기 변환: 3.5/2.5형→USB A타입 / 인터페이스 변환: SATA3→USB3.x 5Gbps / SSD, HDD겸용 / 보관(장착) 개수: 최대 1개 / 보조전원 / 두께: 13.6mm / 블랙 / ODD 호환 / 플러그 앤 플레이, 핫스왑 지원 / DC 12V / 2A 어댑터 포함",2020/10,ok,
2026-10-01T01:29:14+00:00,15880709,리버네트워크 NEXI NX1246 M.2 NVMe to PCIe 확장 카드,https://prod.danawa.com/info/?pcode=15880709&cate=11229608,변환 컨버터,PCIe x4 인터페이스,,,,,,,,,,,,,"변환 컨버터 / 크기 변환: M.2→PCIe 카드 / 인터페이스 변환: PCIe→PCIe(NVMe) / SSD전용 / PCIe x4 인터페이스 / 구성품: 컨버터, 써멀패드, 나사 / 드라이버",2021/12,ok,
2026-10-01T01:29:14+00:00,15880778,리버네트워크 NEXI NX1247 M.2 NVMe to PCIe 확장 카드,https://prod.danawa.com/info/?pcode=15880778&cate=11229608,변환 컨버터,PCIe x4 인터페이스,,,,,,,,,,,,,"변환 컨버터 / 크기 변환: M.2→PCIe 카드 / 인터페이스 변환: PCIe→PCIe(NVMe) / SSD전용 / 보관(장착) 개수: 최대 1개 / PCIe x4 인터페이스 / 구성품: 컨버터, 써멀패드, 나사 / 드라이버, LP브라켓",2021/12,ok,
2026-10-01T01:29:14+00:00,5840929,리버네트워크 NEXI USB 3.0 to IDE+SATA3 컨버터 (NX-U3TIS),https://prod.danawa.com/info/?pcode=5840929&cate=11229608,변환 컨버터,,,,,,,,,,,,,,"변환 컨버터 / 크기 변환: 3.5/2.5형→USB A타입 / 인터페이스 변환: SATA3→USB3.x 5Gbps / SSD, HDD겸용 / 보관(장착) 개수: 최대 3개 / 컨버터 연결지원 / 두께: 18mm / 블랙 / DC 12V 어댑터 포함",2018/01,ok,
2026-10-01T01:29:14+00:00,16899911,마이크로닉스 WARP B2 (128GB),https://prod.danawa.com/info/?pcode=16899911&cate=11229608,6.4cm(2.5형),SATA3 (6Gb/s),128GB,,,기타,500MB/s,350MB/s,,,,100만,3년,,6.4cm(2.5형) / SATA3 (6Gb/s) / 컨트롤러: 기타 / [성능] 순차읽기: 500MB/s / 순차쓰기: 350MB/s / [지원기능] TRIM / SLC캐싱 / ECC / [환경특성] MTBF: 100만 / A/S기간: 3년 / 두께: 7mm / 46g / [기타] 26년 7월부로 순차읽기 / 쓰기 정보 변경,2022/04,ok,
2026-10-01T01:29:14+00:00,16899899,마이크로닉스 WARP B2 (256GB),https://prod.danawa.com/info/?pcode=16899899&cate=11229608,6.4cm(2.5형),SATA3 (6Gb/s),256GB,,,기타,500MB/s,350MB/s,,,,100만,3년,,6.4cm(2.5형) / SATA3 (6Gb/s) / 컨트롤러: 기타 / [성능] 순차읽기: 500MB/s / 순차쓰기: 350MB/s / [지원기능] TRIM / SLC캐싱 / ECC / [환경특성] MTBF: 100만 / A/S기간: 3년 / 두께: 7mm / 46g / [기타] 26년 7월부로 순차읽기 / 쓰기 정보 변경,2022/04,ok,
2026-10-01T01:29:14+00:00,16899878,마이크로닉스 WARP B2 (512GB),https://prod.danawa.com/info/?pcode=16899878&cate=11229608,6.4cm(2.5형),SATA3 (6Gb/s),512GB,,,기타,500MB/s,350MB/s,,,,100만,3년,,6.4cm(2.5형) / SATA3 (6Gb/s) / 컨트롤러: 기타 / [성능] 순차읽기: 500MB/s / 순차쓰기: 350MB/s / [지원기능] TRIM / SLC캐싱 / ECC / [환경특성] MTBF: 100만 / A/S기간: 3년 / 두께: 7mm / 46g / [기타] 26년 7월부로 순차읽기 / 쓰기 정보 변경,2022/04,ok,
2026-10-01T01:29:14+00:00,123742468,마이크론 1300 SSD 중고 (1TB),https://prod.danawa.com/info/?pcode=123742468&cate=11229608,6.4cm(2.5형),SATA3 (6Gb/s),1TB,TLC,DRAM 탑재,마벨 88SS1074,530MB/s,520MB/s,최대 90K,최대 87K,400TB,150만,,,6.4cm(2.5형) / SATA3 (6Gb/s) / TLC / DRAM 탑재 / DDR3 1GB / 컨트롤러: 마벨 88SS1074 / [성능] 순차읽기: 530MB/s / 순차쓰기: 520MB/s / 읽기IOPS: 최대 90K / 쓰기IOPS: 최대 87K / [지원기능] S.M.A.R.T / GC / DEVSLP / AES 암호화 / 전용 S/W / [환경특성] MTBF: 150만 / TBW: 400TB / 두께: 7mm,2022/10,ok,
2026-10-01T01:29:14+00:00,124199318,마이크론 2210 M.2 NVMe 중고 (512GB),https://prod.danawa.com/info/?pcode=124199318&cate=11229608,M.2 (2280),PCIe3.0x4 (32GT/s),512GB,,,기타,"2,200MB/s","1,070MB/s",150K,260K,,200만,,방열판 미포함,"M.2 (2280) / PCIe3.0x4 (32GT/s) / 컨트롤러: 기타 / [성능] 순차읽기: 2,200MB/s / 순차쓰기: 1,070MB/s / 읽기IOPS: 150K / 쓰기IOPS: 260K / [환경특성] MTBF: 200만 / 방열판 미포함",2025/12,ok,
2026-10-01T01:29:14+00:00,18953177,마이크론 2400 M.2 NVMe 벌크 (512GB),https://prod.danawa.com/info/?pcode=18953177&cate=11229608,M.2 (2280),PCIe4.0x4 (64GT/s),512GB,QLC,,실리콘모션,"4,200MB/s","1,800MB/s",400K,400K,150TB,,,방열판 미포함,"M.2 (2280) / PCIe4.0x4 (64GT/s) / QLC / 컨트롤러: 실리콘모션 / [성능] 순차읽기: 4,200MB/s / 순차쓰기: 1,800MB/s / 읽기IOPS: 400K / 쓰기IOPS: 400K / [지원기능] HMB / TRIM / SLC캐싱 / S.M.A.R.T / [환경특성] TBW: 150TB / 방열판 미포함 / 두께: 2.38mm / [기타] 노트북 적출상품",2023/02,ok,
2026-10-01T01:29:14+00:00,19960094,마이크론 2450 M.2 2242 NVMe 벌크 (256GB),https://prod.danawa.com/info/?pcode=19960094&cate=11229608,M.2 (2242),PCIe4.0x4 (64GT/s),256GB,,,파이슨,"3,500MB/s",1.600MB/s,190K,400K,180TB,200만,,방열판 미포함,"M.2 (2242) / PCIe4.0x4 (64GT/s) / 컨트롤러: 파이슨 / [성능] 순차읽기: 3,500MB/s / 순차쓰기: 1.600MB/s / 읽기IOPS: 190K / 쓰기IOPS: 400K / [지원기능] HMB / [환경특성] MTBF: 200만 / TBW: 180TB / 방열판 미포함 / 두께: 2.38mm / [기타] 노트북 적출상품",2023/04,ok,
2026-10-01T01:29:14+00:00,19725077,마이크론 2450 M.2 NVMe 벌크 (256GB),https://prod.danawa.com/info/?pcode=19725077&cate=11229608,M.2 (2280),PCIe4.0x4 (64GT/s),256GB,,,파이슨,"3,500MB/s",1.600MB/s,190K,400K,180TB,200만,,방열판 미포함,"M.2 (2280) / PCIe4.0x4 (64GT/s) / 컨트롤러: 파이슨 / [성능] 순차읽기: 3,500MB/s / 순차쓰기: 1.600MB/s / 읽기IOPS: 190K / 쓰기IOPS: 400K / [지원기능] HMB / [환경특성] MTBF: 200만 / TBW: 180TB / 방열판 미포함 / 두께: 2.38mm / [기타] 노트북 적출상품",2023/04,ok,
2026-10-01T01:29:14+00:00,102123836,마이크론 2500 M.2 NVMe 벌크 (1TB),https://prod.danawa.com/info/?pcode=102123836&cate=11229608,M.2 (2280),PCIe4.0x4 (64GT/s),1TB,QLC,,기타,"7,100MB/s","5,800MB/s",900K,"1,000K",300TB,200만,,방열판 미포함,"M.2 (2280) / PCIe4.0x4 (64GT/s) / QLC / 컨트롤러: 기타 / [성능] 순차읽기: 7,100MB/s / 순차쓰기: 5,800MB/s / 읽기IOPS: 900K / 쓰기IOPS: 1,000K / [지원기능] S.M.A.R.T / HMB / AES 암호화 / [환경특성] MTBF: 200만 / TBW: 300TB / 방열판 미포함 / 두께: 2.38mm / [기타] 노트북 적출상품",2025/11,ok,
2026-10-01T01:29:14+00:00,100844144,마이크론 2500 M.2 NVMe 벌크 (512GB),https://prod.danawa.com/info/?pcode=100844144&cate=11229608,M.2 (2280),PCIe4.0x4 (64GT/s),512GB,QLC,,기타,"6,600MB/s","3,650MB/s",530K,860K,200TB,200만,,방열판 미포함,"M.2 (2280) / PCIe4.0x4 (64GT/s) / QLC / 컨트롤러: 기타 / [성능] 순차읽기: 6,600MB/s / 순차쓰기: 3,650MB/s / 읽기IOPS: 530K / 쓰기IOPS: 860K / [지원기능] S.M.A.R.T / HMB / AES 암호화 / [환경특성] MTBF: 200만 / TBW: 200TB / 방열판 미포함 / 두께: 2.38mm / [기타] 노트북 적출상품",2025/11,ok,
2026-10-01T01:29:14+00:00,124259590,마이크론 2650 M.2 NVMe 벌크 (256GB),https://prod.danawa.com/info/?pcode=124259590&cate=11229608,M.2 (2280),PCIe4.0x4 (64GT/s),256GB,TLC,,파이슨,"5,000MB/s","2,500MB/s",370K,500K,,,,방열판 미포함,"M.2 (2280) / PCIe4.0x4 (64GT/s) / TLC / 컨트롤러: 파이슨 / [성능] 순차읽기: 5,000MB/s / 순차쓰기: 2,500MB/s / 읽기IOPS: 370K / 쓰기IOPS: 500K / [지원기능] S.M.A.R.T / HMB / AES 암호화 / [환경특성] 방열판 미포함 / [기타] 노트북 적출상품 / 제조사 공식 사양 확인 불가(용량별 읽기 / 쓰기 정보 다를 수 있음)",2026/09,ok,
2026-10-01T01:29:14+00:00,124259559,마이크론 2650 M.2 NVMe 벌크 (512GB),https://prod.danawa.com/info/?pcode=124259559&cate=11229608,M.2 (2280),PCIe4.0x4 (64GT/s),512GB,TLC,,파이슨,"7,000MB/s","4,800MB/s",740K,"1,000K",200TB,200만,,방열판 미포함,"M.2 (2280) / PCIe4.0x4 (64GT/s) / TLC / 컨트롤러: 파이슨 / [성능] 순차읽기: 7,000MB/s / 순차쓰기: 4,800MB/s / 읽기IOPS: 740K / 쓰기IOPS: 1,000K / [지원기능] S.M.A.R.T / HMB / AES 암호화 / [환경특성] MTBF: 200만 / TBW: 200TB / 방열판 미포함 / [기타] 노트북 적출상품 / 제조사 공식 사양 확인 불가(용량별 읽기 / 쓰기 정보 다를 수 있음)",2026/09,ok,
2026-10-01T01:29:14+00:00,17021516,마이크론 3400 M.2 NVMe 벌크 (512GB),https://prod.danawa.com/info/?pcode=17021516&cate=11229608,M.2 (2280),PCIe4.0x4 (64GT/s),512GB,,,파이슨,"6,600MB/s","3,600MB/s",360K,700K,300TB,200만,,방열판 미포함,"M.2 (2280) / PCIe4.0x4 (64GT/s) / 컨트롤러: 파이슨 / [성능] 순차읽기: 6,600MB/s / 순차쓰기: 3,600MB/s / 읽기IOPS: 360K / 쓰기IOPS: 700K / [지원기능] HMB / [환경특성] MTBF: 200만 / TBW: 300TB / 방열판 미포함 / 두께: 2.38mm / [기타] 노트북 적출상품",2022/05,ok,
2026-10-01T01:29:14+00:00,92966705,마이크론 3500 M.2 NVMe 벌크 (512GB),https://prod.danawa.com/info/?pcode=92966705&cate=11229608,M.2 (2280),PCIe4.0x4 (64GT/s),512GB,TLC,DRAM 탑재,파이슨 PS5025-E25,"7,000MB/s","5,100MB/s",680K,700K,300TB,200만,,방열판 미포함,"M.2 (2280) / PCIe4.0x4 (64GT/s) / TLC / DRAM 탑재 / 컨트롤러: 파이슨 PS5025-E25 / [성능] 순차읽기: 7,000MB/s / 순차쓰기: 5,100MB/s / 읽기IOPS: 680K / 쓰기IOPS: 700K / [지원기능] TRIM / SLC캐싱 / S.M.A.R.T / [환경특성] MTBF: 200만 / TBW: 300TB / PS5 호환 / 방열판 미포함 / 두께: 2.3mm / [기타] 노트북 적출상품",2025/06,ok,
2026-10-01T01:29:14+00:00,11103009,마이크론 Crucial BX500 대원씨티에스 (1TB),https://prod.danawa.com/info/?pcode=11103009&cate=11229608,6.4cm(2.5형),SATA3 (6Gb/s),1TB,QLC,,실리콘모션,540MB/s,500MB/s,,,360TB,150만,"3년 , 제한보증",,"6.4cm(2.5형) / SATA3 (6Gb/s) / QLC / 컨트롤러: 실리콘모션 / [성능] 순차읽기: 540MB/s / 순차쓰기: 500MB/s / [지원기능] ECC / SLC캐싱 / S.M.A.R.T / TRIM / 전용 S/W / [환경특성] MTBF: 150만 / TBW: 360TB / A/S기간: 3년 , 제한보증 / 두께: 7mm / 55g",2020/04,ok,
2026-10-01T01:29:14+00:00,6429569,마이크론 Crucial BX500 대원씨티에스 (240GB),https://prod.danawa.com/info/?pcode=6429569&cate=11229608,6.4cm(2.5형),SATA3 (6Gb/s),240GB,TLC,,실리콘모션,540MB/s,500MB/s,,,80TB,150만,"3년 , 제한보증",,"6.4cm(2.5형) / SATA3 (6Gb/s) / TLC / 컨트롤러: 실리콘모션 / [성능] 순차읽기: 540MB/s / 순차쓰기: 500MB/s / [지원기능] TRIM / ECC / SLC캐싱 / S.M.A.R.T / 전용 S/W / [환경특성] MTBF: 150만 / TBW: 80TB / A/S기간: 3년 , 제한보증 / 두께: 7mm / 55g",2018/08,ok,
2026-10-01T01:29:14+00:00,10583226,마이크론 Crucial BX500 아스크텍 (1TB),https://prod.danawa.com/info/?pcode=10583226&cate=11229608,6.4cm(2.5형),SATA3 (6Gb/s),1TB,QLC,,실리콘모션,540MB/s,500MB/s,,,,150만,3년,,6.4cm(2.5형) / SATA3 (6Gb/s) / QLC / 컨트롤러: 실리콘모션 / [성능] 순차읽기: 540MB/s / 순차쓰기: 500MB/s / [지원기능] DEVSLP / TRIM / ECC / SLC캐싱 / GC / S.M.A.R.T / 전용 S/W / AES 암호화 / [환경특성] MTBF: 150만 / A/S기간: 3년 / 두께: 7mm / 55g,2020/02,ok,
2026-10-01T01:29:14+00:00,6453805,마이크론 Crucial BX500 아스크텍 (240GB),https://prod.danawa.com/info/?pcode=6453805&cate=11229608,6.4cm(2.5형),SATA3 (6Gb/s),240GB,TLC,,실리콘모션,540MB/s,500MB/s,,,,150만,3년,,6.4cm(2.5형) / SATA3 (6Gb/s) / TLC / 컨트롤러: 실리콘모션 / [성능] 순차읽기: 540MB/s / 순차쓰기: 500MB/s / [지원기능] DEVSLP / TRIM / ECC / SLC캐싱 / GC / S.M.A.R.T / AES 암호화 / 전용 S/W / [환경특성] MTBF: 150만 / A/S기간: 3년 / 두께: 7mm / 55g,2018/09,ok,
2026-10-01T01:29:14+00:00,11056662,마이크론 Crucial BX500 아스크텍 (2TB),https://prod.danawa.com/info/?pcode=11056662&cate=11229608,6.4cm(2.5형),SATA3 (6Gb/s),2TB,QLC,,실리콘모션,540MB/s,500MB/s,,,720TB,150만,"3년 , 제한보증",,"6.4cm(2.5형) / SATA3 (6Gb/s) / QLC / 컨트롤러: 실리콘모션 / [성능] 순차읽기: 540MB/s / 순차쓰기: 500MB/s / [지원기능] DEVSLP / TRIM / ECC / SLC캐싱 / GC / S.M.A.R.T / AES 암호화 / 전용 S/W / [환경특성] MTBF: 150만 / TBW: 720TB / A/S기간: 3년 , 제한보증 / 두께: 7mm / 55g",2020/04,ok,
2026-10-01T01:29:14+00:00,17619734,마이크론 Crucial BX500 아스크텍 (500GB),https://prod.danawa.com/info/?pcode=17619734&cate=11229608,6.4cm(2.5형),SATA3 (6Gb/s),500GB,QLC,,실리콘모션,540MB/s,500MB/s,,,,150만,3년,,6.4cm(2.5형) / SATA3 (6Gb/s) / QLC / 컨트롤러: 실리콘모션 / [성능] 순차읽기: 540MB/s / 순차쓰기: 500MB/s / [지원기능] TRIM / ECC / DEVSLP / GC / SLC캐싱 / S.M.A.R.T / AES 암호화 / 전용 S/W / [환경특성] MTBF: 150만 / A/S기간: 3년 / 두께: 7mm / 55g,2022/08,ok,
2026-10-01T01:29:14+00:00,8376225,마이크론 Crucial BX500 해외구매 (240GB),https://prod.danawa.com/info/?pcode=8376225&cate=11229608,6.4cm(2.5형),SATA3 (6Gb/s),240GB,QLC,,실리콘모션,540MB/s,500MB/s,,,80TB,150만,,,6.4cm(2.5형) / SATA3 (6Gb/s) / QLC / 컨트롤러: 실리콘모션 / [성능] 순차읽기: 540MB/s / 순차쓰기: 500MB/s / [지원기능] TRIM / ECC / SLC캐싱 / S.M.A.R.T / [환경특성] MTBF: 150만 / TBW: 80TB / 두께: 7mm / 55g,2019/06,ok,
2026-10-01T01:29:14+00:00,96366221,마이크론 Crucial E100 M.2 NVMe 대원씨티에스 (1TB),https://prod.danawa.com/info/?pcode=96366221&cate=11229608,M.2 (2280),PCIe4.0x4 (64GT/s),1TB,QLC,,실리콘모션 SM2268XT,"5,000MB/s","4,500MB/s",,,80TB,100만,"3년 , 제한보증",방열판 미포함,"M.2 (2280) / PCIe4.0x4 (64GT/s) / QLC / 컨트롤러: 실리콘모션 SM2268XT / [성능] 순차읽기: 5,000MB/s / 순차쓰기: 4,500MB/s / [지원기능] TRIM / ECC / DEVSLP / HMB / SLC캐싱 / GC / S.M.A.R.T / [환경특성] MTBF: 100만 / TBW: 80TB / A/S기간: 3년 , 제한보증 / 방열판 미포함 / 두께: 3mm",2025/08,ok,
2026-10-01T01:29:14+00:00,96366248,마이크론 Crucial E100 M.2 NVMe 대원씨티에스 (2TB),https://prod.danawa.com/info/?pcode=96366248&cate=11229608,M.2 (2280),PCIe4.0x4 (64GT/s),2TB,QLC,,실리콘모션 SM2268XT,"5,000MB/s","4,500MB/s",,,100TB,100만,"3년 , 제한보증",방열판 미포함,"M.2 (2280) / PCIe4.0x4 (64GT/s) / QLC / 컨트롤러: 실리콘모션 SM2268XT / [성능] 순차읽기: 5,000MB/s / 순차쓰기: 4,500MB/s / [지원기능] TRIM / ECC / DEVSLP / HMB / GC / SLC캐싱 / S.M.A.R.T / [환경특성] MTBF: 100만 / TBW: 100TB / A/S기간: 3년 , 제한보증 / 방열판 미포함 / 두께: 3mm",2025/08,ok,
2026-10-01T01:29:14+00:00,96366197,마이크론 Crucial E100 M.2 NVMe 대원씨티에스 (480GB),https://prod.danawa.com/info/?pcode=96366197&cate=11229608,M.2 (2280),PCIe4.0x4 (64GT/s),480GB,QLC,,실리콘모션 SM2268XT,"4,700MB/s","2,500MB/s",,,60TB,100만,"3년 , 제한보증",방열판 미포함,"M.2 (2280) / PCIe4.0x4 (64GT/s) / QLC / 컨트롤러: 실리콘모션 SM2268XT / [성능] 순차읽기: 4,700MB/s / 순차쓰기: 2,500MB/s / [지원기능] TRIM / ECC / DEVSLP / HMB / SLC캐싱 / GC / S.M.A.R.T / [환경특성] MTBF: 100만 / TBW: 60TB / A/S기간: 3년 , 제한보증 / 방열판 미포함 / 두께: 3mm",2025/08,ok,
2026-10-01T01:29:14+00:00,124180364,마이크론 Crucial E100 M.2 NVMe 병행수입 (1TB),https://prod.danawa.com/info/?pcode=124180364&cate=11229608,M.2 (2280),PCIe4.0x4 (64GT/s),1TB,QLC,,실리콘모션,"5,000MB/s","4,500MB/s",,,80TB,100만,,방열판 미포함,"M.2 (2280) / PCIe4.0x4 (64GT/s) / QLC / 컨트롤러: 실리콘모션 / [성능] 순차읽기: 5,000MB/s / 순차쓰기: 4,500MB/s / [지원기능] TRIM / S.M.A.R.T / SLC캐싱 / HMB / [환경특성] MTBF: 100만 / TBW: 80TB / 방열판 미포함 / 두께: 2.3mm / 6g",2025/02,ok,
2026-10-01T01:29:14+00:00,96423551,마이크론 Crucial E100 M.2 NVMe 아스크텍 (1TB),https://prod.danawa.com/info/?pcode=96423551&cate=11229608,M.2 (2280),PCIe4.0x4 (64GT/s),1TB,QLC,,실리콘모션 SM2268XT,"5,000MB/s","4,500MB/s",,,80TB,100만,"3년 , 제한보증",방열판 미포함,"M.2 (2280) / PCIe4.0x4 (64GT/s) / QLC / 컨트롤러: 실리콘모션 SM2268XT / [성능] 순차읽기: 5,000MB/s / 순차쓰기: 4,500MB/s / [지원기능] TRIM / ECC / DEVSLP / HMB / SLC캐싱 / GC / S.M.A.R.T / [환경특성] MTBF: 100만 / TBW: 80TB / A/S기간: 3년 , 제한보증 / 방열판 미포함 / 두께: 3mm",2025/08,ok,
2026-10-01T01:29:14+00:00,96423518,마이크론 Crucial E100 M.2 NVMe 아스크텍 (2TB),https://prod.danawa.com/info/?pcode=96423518&cate=11229608,M.2 (2280),PCIe4.0x4 (64GT/s),2TB,QLC,,실리콘모션 SM2268XT,"5,000MB/s","4,500MB/s",,,100TB,100만,"제한보증 , 3년",방열판 미포함,"M.2 (2280) / PCIe4.0x4 (64GT/s) / QLC / 컨트롤러: 실리콘모션 SM2268XT / [성능] 순차읽기: 5,000MB/s / 순차쓰기: 4,500MB/s / [지원기능] TRIM / ECC / DEVSLP / HMB / GC / SLC캐싱 / S.M.A.R.T / [환경특성] MTBF: 100만 / TBW: 100TB / A/S기간: 제한보증 , 3년 / 방열판 미포함 / 두께: 3mm / 6g",2025/08,ok,
2026-10-01T01:29:14+00:00,122930652,마이크론 Crucial E100 M.2 NVMe 중고 (1TB),https://prod.danawa.com/info/?pcode=122930652&cate=11229608,M.2 (2280),PCIe4.0x4 (64GT/s),1TB,QLC,,실리콘모션,"5,000MB/s","4,500MB/s",,,80TB,100만,,방열판 미포함,"M.2 (2280) / PCIe4.0x4 (64GT/s) / QLC / 컨트롤러: 실리콘모션 / [성능] 순차읽기: 5,000MB/s / 순차쓰기: 4,500MB/s / [지원기능] TRIM / S.M.A.R.T / SLC캐싱 / HMB / [환경특성] MTBF: 100만 / TBW: 80TB / 방열판 미포함 / 두께: 2.3mm / 6g",2025/02,ok,
2026-10-01T01:29:14+00:00,122930653,마이크론 Crucial E100 M.2 NVMe 중고 (2TB),https://prod.danawa.com/info/?pcode=122930653&cate=11229608,M.2 (2280),PCIe4.0x4 (64GT/s),2TB,QLC,,실리콘모션 SM2268XT,"5,000MB/s","4,500MB/s",,,100TB,100만,,방열판 미포함,"M.2 (2280) / PCIe4.0x4 (64GT/s) / QLC / 컨트롤러: 실리콘모션 SM2268XT / [성능] 순차읽기: 5,000MB/s / 순차쓰기: 4,500MB/s / [지원기능] TRIM / S.M.A.R.T / SLC캐싱 / HMB / GC / ECC / DEVSLP / [환경특성] MTBF: 100만 / TBW: 100TB / 방열판 미포함 / 두께: 3mm / 6g",2025/09,ok,
2026-10-01T01:29:14+00:00,76872116,마이크론 Crucial E100 M.2 NVMe 해외구매 (480GB),https://prod.danawa.com/info/?pcode=76872116&cate=11229608,M.2 (2280),PCIe4.0x4 (64GT/s),480GB,QLC,,실리콘모션,"4,700MB/s","2,500MB/s",,,60TB,100만,,방열판 미포함,"M.2 (2280) / PCIe4.0x4 (64GT/s) / QLC / 컨트롤러: 실리콘모션 / [성능] 순차읽기: 4,700MB/s / 순차쓰기: 2,500MB/s / [지원기능] TRIM / HMB / SLC캐싱 / S.M.A.R.T / [환경특성] MTBF: 100만 / TBW: 60TB / 방열판 미포함 / 두께: 2.3mm / 6g",2025/02,ok,
2026-10-01T01:29:14+00:00,108213959,마이크론 Crucial MX200 중고 (1TB),https://prod.danawa.com/info/?pcode=108213959&cate=11229608,6.4cm(2.5형),SATA3(6Gb/s),1TB,,,마벨 88SS9189,555MB/s,500MB/s,,,,,,,6.4cm(2.5형) / SATA3(6Gb/s) / MLC(토글) / 컨트롤러: 마벨 88SS9189 / [성능] 순차읽기: 555MB/s / 순차쓰기: 500MB/s / [지원기능] GC / [환경특성] 두께: 7mm,2015/02,ok,
2026-10-01T01:29:14+00:00,103335146,마이크론 Crucial MX300 중고 (525GB),https://prod.danawa.com/info/?pcode=103335146&cate=11229608,6.4cm(2.5형),SATA3 (6Gb/s),525GB,TLC,,마벨 88SS1074,530MB/s,500MB/s,최대 92K,최대 83K,160TB,150만,,,6.4cm(2.5형) / SATA3 (6Gb/s) / TLC / 컨트롤러: 마벨 88SS1074 / [성능] 순차읽기: 530MB/s / 순차쓰기: 500MB/s / 읽기IOPS: 최대 92K / 쓰기IOPS: 최대 83K / [지원기능] TRIM / ECC / DEVSLP / GC / S.M.A.R.T / [환경특성] MTBF: 150만 / TBW: 160TB / 두께: 7mm,2017/04,ok,
2026-10-01T01:29:14+00:00,4673548,마이크론 Crucial MX300 해외구매 (1TB),https://prod.danawa.com/info/?pcode=4673548&cate=11229608,6.4cm(2.5형),SATA3(6Gb/s),1TB,,,기타,,,,,,,,,6.4cm(2.5형) / SATA3(6Gb/s) / 컨트롤러: 기타 / [지원기능] GC / 두께: 7mm,2016/11,ok,
2026-10-01T01:29:14+00:00,109596254,마이크론 Crucial MX500 M.2 SATA 중고 (500GB),https://prod.danawa.com/info/?pcode=109596254&cate=11229608,M.2 (2280),SATA3 (6Gb/s),500GB,TLC,,실리콘모션,560MB/s,510MB/s,95K,90K,180TB,180만,,,M.2 (2280) / SATA3 (6Gb/s) / TLC / 컨트롤러: 실리콘모션 / [성능] 순차읽기: 560MB/s / 순차쓰기: 510MB/s / 읽기IOPS: 95K / 쓰기IOPS: 90K / [지원기능] TRIM / ECC / DEVSLP / GC / S.M.A.R.T / AES 암호화 / [환경특성] MTBF: 180만 / TBW: 180TB / 두께: 2.25mm,2018/08,ok,
2026-10-01T01:29:14+00:00,99290324,마이크론 Crucial MX500 중고 (1TB),https://prod.danawa.com/info/?pcode=99290324&cate=11229608,6.4cm(2.5형),SATA3 (6Gb/s),1TB,TLC,,실리콘모션 SM2258,560MB/s,510MB/s,95K,90K,360TB,180만,,,6.4cm(2.5형) / SATA3 (6Gb/s) / TLC / 컨트롤러: 실리콘모션 SM2258 / [성능] 순차읽기: 560MB/s / 순차쓰기: 510MB/s / 읽기IOPS: 95K / 쓰기IOPS: 90K / [지원기능] TRIM / ECC / DEVSLP / SLC캐싱 / GC / S.M.A.R.T / AES 암호화 / [환경특성] MTBF: 180만 / TBW: 360TB / 두께: 7mm / [기타] 마이크론 커스텀 펌웨어 컨트롤러,2018/02,ok,
2026-10-01T01:29:14+00:00,100697684,마이크론 Crucial MX500 중고 (250GB),https://prod.danawa.com/info/?pcode=100697684&cate=11229608,6.4cm(2.5형),SATA3 (6Gb/s),250GB,TLC,,실리콘모션 SM2258,560MB/s,510MB/s,95K,90K,100TB,180만,,,6.4cm(2.5형) / SATA3 (6Gb/s) / TLC / 컨트롤러: 실리콘모션 SM2258 / [성능] 순차읽기: 560MB/s / 순차쓰기: 510MB/s / 읽기IOPS: 95K / 쓰기IOPS: 90K / [지원기능] GC / S.M.A.R.T / SLC캐싱 / TRIM / ECC / DEVSLP / AES 암호화 / [환경특성] MTBF: 180만 / TBW: 100TB / 두께: 7mm / [기타] 마이크론 커스텀 펌웨어 컨트롤러,2018/02,ok,
2026-10-01T01:29:14+00:00,99290219,마이크론 Crucial MX500 중고 (2TB),https://prod.danawa.com/info/?pcode=99290219&cate=11229608,6.4cm(2.5형),SATA3 (6Gb/s),2TB,TLC,,실리콘모션 SM2258,560MB/s,510MB/s,95K,90K,700TB,180만,,,6.4cm(2.5형) / SATA3 (6Gb/s) / TLC / 컨트롤러: 실리콘모션 SM2258 / [성능] 순차읽기: 560MB/s / 순차쓰기: 510MB/s / 읽기IOPS: 95K / 쓰기IOPS: 90K / [지원기능] TRIM / ECC / DEVSLP / SLC캐싱 / GC / S.M.A.R.T / AES 암호화 / [환경특성] MTBF: 180만 / TBW: 700TB / 두께: 7mm / [기타] 마이크론 커스텀 펌웨어 컨트롤러,2018/02,ok,
2026-10-01T01:29:14+00:00,106758431,마이크론 Crucial MX500 중고 (4TB),https://prod.danawa.com/info/?pcode=106758431&cate=11229608,6.4cm(2.5형),SATA3 (6Gb/s),4TB,TLC,DRAM 탑재,실리콘모션,560MB/s,510MB/s,90K,90K,"1,000TB",180만,,,"6.4cm(2.5형) / SATA3 (6Gb/s) / TLC / DRAM 탑재 / 컨트롤러: 실리콘모션 / [성능] 순차읽기: 560MB/s / 순차쓰기: 510MB/s / 읽기IOPS: 90K / 쓰기IOPS: 90K / [지원기능] TRIM / ECC / DEVSLP / SLC캐싱 / GC / S.M.A.R.T / AES 암호화 / 전용 S/W / [환경특성] MTBF: 180만 / TBW: 1,000TB / 두께: 7mm",2024/08,ok,
2026-10-01T01:29:14+00:00,103691108,마이크론 Crucial MX500 중고 (500GB),https://prod.danawa.com/info/?pcode=103691108&cate=11229608,6.4cm(2.5형),SATA3 (6Gb/s),500GB,TLC,,실리콘모션 SM2258,560MB/s,510MB/s,95K,90K,180TB,180만,,,6.4cm(2.5형) / SATA3 (6Gb/s) / TLC / 컨트롤러: 실리콘모션 SM2258 / [성능] 순차읽기: 560MB/s / 순차쓰기: 510MB/s / 읽기IOPS: 95K / 쓰기IOPS: 90K / [지원기능] TRIM / S.M.A.R.T / SLC캐싱 / GC / ECC / DEVSLP / AES 암호화 / [환경특성] MTBF: 180만 / TBW: 180TB / 두께: 7mm / [기타] 마이크론 커스텀 펌웨어 컨트롤러,2018/02,ok,
2026-10-01T01:29:14+00:00,17454743,마이크론 Crucial P3 Plus M.2 NVMe 대원씨티에스 (4TB),https://prod.danawa.com/info/?pcode=17454743&cate=11229608,M.2 (2280),PCIe4.0x4 (64GT/s),4TB,QLC,,파이슨,"4,800MB/s","4,100MB/s",,,,,"5년 , 제한보증",방열판 미포함,"M.2 (2280) / PCIe4.0x4 (64GT/s) / QLC / 컨트롤러: 파이슨 / [성능] 순차읽기: 4,800MB/s / 순차쓰기: 4,100MB/s / [지원기능] TRIM / S.M.A.R.T / SLC캐싱 / HMB / GC / ECC / DEVSLP / [환경특성] A/S기간: 5년 , 제한보증 / 방열판 미포함 / 두께: 2.4mm / 17g",2022/07,ok,
2026-10-01T01:29:14+00:00,98184149,마이크론 Crucial P3 Plus M.2 NVMe 중고 (1TB),https://prod.danawa.com/info/?pcode=98184149&cate=11229608,M.2 (2280),PCIe4.0x4 (64GT/s),1TB,QLC,,파이슨,"5,000MB/s","3,600MB/s",,,,,,방열판 미포함,"M.2 (2280) / PCIe4.0x4 (64GT/s) / QLC / 컨트롤러: 파이슨 / [성능] 순차읽기: 5,000MB/s / 순차쓰기: 3,600MB/s / [지원기능] GC / S.M.A.R.T / SLC캐싱 / TRIM / ECC / DEVSLP / HMB / [환경특성] 방열판 미포함 / 두께: 2.4mm / 17g",2023/09,ok,
2026-10-01T01:29:14+00:00,106036157,마이크론 Crucial P3 Plus M.2 NVMe 중고 (4TB),https://prod.danawa.com/info/?pcode=106036157&cate=11229608,M.2 (2280),PCIe4.0x4 (64GT/s),4TB,QLC,,파이슨,"4,800MB/s","4,100MB/s",,,,,,방열판 미포함,"M.2 (2280) / PCIe4.0x4 (64GT/s) / QLC / 컨트롤러: 파이슨 / [성능] 순차읽기: 4,800MB/s / 순차쓰기: 4,100MB/s / [지원기능] TRIM / S.M.A.R.T / SLC캐싱 / HMB / GC / ECC / DEVSLP / 방열판 미포함 / 두께: 2.4mm / 17g",2025/07,ok,
2026-10-01T01:29:14+00:00,67852961,마이크론 Crucial P310 M.2 NVMe 대원씨티에스 (1TB),https://prod.danawa.com/info/?pcode=67852961&cate=11229608,M.2 (2280),PCIe4.0x4 (64GT/s),1TB,QLC,,파이슨 PS5027-E27,"7,100MB/s","6,000MB/s","1,000K","1,200K",220TB,150만,"5년 , 제한보증",방열판 미포함,"M.2 (2280) / PCIe4.0x4 (64GT/s) / QLC / 컨트롤러: 파이슨 PS5027-E27 / [성능] 순차읽기: 7,100MB/s / 순차쓰기: 6,000MB/s / 읽기IOPS: 1,000K / 쓰기IOPS: 1,200K / [지원기능] TRIM / S.M.A.R.T / SLC캐싱 / HMB / GC / ECC / [환경특성] MTBF: 150만 / TBW: 220TB / PS5 호환 / A/S기간: 5년 , 제한보증 / 방열판 미포함 / 두께: 2.3mm / 10g",2024/09,ok,
2026-10-01T01:29:14+00:00,67852964,마이크론 Crucial P310 M.2 NVMe 대원씨티에스 (500GB),https://prod.danawa.com/info/?pcode=67852964&cate=11229608,M.2 (2280),PCIe4.0x4 (64GT/s),500GB,QLC,,파이슨 PS5027-E27,"6,600MB/s","3,500MB/s",520K,890K,110TB,150만,"5년 , 제한보증",방열판 미포함,"M.2 (2280) / PCIe4.0x4 (64GT/s) / QLC / 컨트롤러: 파이슨 PS5027-E27 / [성능] 순차읽기: 6,600MB/s / 순차쓰기: 3,500MB/s / 읽기IOPS: 520K / 쓰기IOPS: 890K / [지원기능] TRIM / ECC / HMB / GC / SLC캐싱 / S.M.A.R.T / [환경특성] MTBF: 150만 / TBW: 110TB / PS5 호환 / A/S기간: 5년 , 제한보증 / 방열판 미포함 / 두께: 2.3mm / 10g",2024/09,ok,
2026-10-01T01:29:14+00:00,67852853,마이크론 Crucial P310 M.2 NVMe 아스크텍 (1TB),https://prod.danawa.com/info/?pcode=67852853&cate=11229608,M.2 (2280),PCIe4.0x4 (64GT/s),1TB,QLC,,파이슨 PS5027-E27,"7,100MB/s","6,000MB/s","1,000K","1,200K",220TB,150만,"제한보증 , 5년",방열판 미포함,"M.2 (2280) / PCIe4.0x4 (64GT/s) / QLC / 컨트롤러: 파이슨 PS5027-E27 / [성능] 순차읽기: 7,100MB/s / 순차쓰기: 6,000MB/s / 읽기IOPS: 1,000K / 쓰기IOPS: 1,200K / [지원기능] GC / S.M.A.R.T / SLC캐싱 / TRIM / ECC / HMB / [환경특성] MTBF: 150만 / TBW: 220TB / PS5 호환 / A/S기간: 제한보증 , 5년 / 방열판 미포함 / 두께: 2.3mm / 10g",2024/09,ok,
2026-10-01T01:29:14+00:00,67852850,마이크론 Crucial P310 M.2 NVMe 아스크텍 (2TB),https://prod.danawa.com/info/?pcode=67852850&cate=11229608,M.2 (2280),PCIe4.0x4 (64GT/s),2TB,QLC,,파이슨 PS5027-E27,"7,100MB/s","6,000MB/s","1,000K","1,200K",440TB,150만,"5년 , 제한보증",방열판 미포함,"M.2 (2280) / PCIe4.0x4 (64GT/s) / QLC / 컨트롤러: 파이슨 PS5027-E27 / [성능] 순차읽기: 7,100MB/s / 순차쓰기: 6,000MB/s / 읽기IOPS: 1,000K / 쓰기IOPS: 1,200K / [지원기능] HMB / TRIM / ECC / SLC캐싱 / GC / S.M.A.R.T / [환경특성] MTBF: 150만 / TBW: 440TB / PS5 호환 / A/S기간: 5년 , 제한보증 / 방열판 미포함 / 두께: 2.3mm / 10g",2024/09,ok,
2026-10-01T01:29:14+00:00,91114985,마이크론 Crucial P310 M.2 NVMe 아스크텍 (4TB),https://prod.danawa.com/info/?pcode=91114985&cate=11229608,M.2 (2280),PCIe4.0x4 (64GT/s),4TB,QLC,,파이슨 PS5027-E27,"7,100MB/s","6,000MB/s","1,000K","1,000K",800TB,150만,"5년 , 제한보증",방열판 미포함,"M.2 (2280) / PCIe4.0x4 (64GT/s) / QLC / 컨트롤러: 파이슨 PS5027-E27 / [성능] 순차읽기: 7,100MB/s / 순차쓰기: 6,000MB/s / 읽기IOPS: 1,000K / 쓰기IOPS: 1,000K / [지원기능] HMB / TRIM / ECC / SLC캐싱 / GC / S.M.A.R.T / [환경특성] MTBF: 150만 / TBW: 800TB / PS5 호환 / A/S기간: 5년 , 제한보증 / 방열판 미포함 / 두께: 2.3mm / 10g",2024/09,ok,
2026-10-01T01:29:14+00:00,67852859,마이크론 Crucial P310 M.2 NVMe 아스크텍 (500GB),https://prod.danawa.com/info/?pcode=67852859&cate=11229608,M.2 (2280),PCIe4.0x4 (64GT/s),500GB,QLC,,파이슨 PS5027-E27,"6,600MB/s","3,500MB/s",520K,890K,110TB,150만,"5년 , 제한보증",방열판 미포함,"M.2 (2280) / PCIe4.0x4 (64GT/s) / QLC / 컨트롤러: 파이슨 PS5027-E27 / [성능] 순차읽기: 6,600MB/s / 순차쓰기: 3,500MB/s / 읽기IOPS: 520K / 쓰기IOPS: 890K / [지원기능] HMB / TRIM / ECC / SLC캐싱 / GC / S.M.A.R.T / [환경특성] MTBF: 150만 / TBW: 110TB / PS5 호환 / A/S기간: 5년 , 제한보증 / 방열판 미포함 / 두께: 2.3mm / 10g",2024/09,ok,
2026-10-01T01:29:14+00:00,98918675,마이크론 Crucial P310 M.2 NVMe 중고 (1TB),https://prod.danawa.com/info/?pcode=98918675&cate=11229608,M.2 (2280),PCIe4.0x4 (64GT/s),1TB,QLC,,파이슨 PS5027-E27,"7,100MB/s","6,000MB/s","1,000K","1,200K",220TB,150만,,방열판 미포함,"M.2 (2280) / PCIe4.0x4 (64GT/s) / QLC / 컨트롤러: 파이슨 PS5027-E27 / [성능] 순차읽기: 7,100MB/s / 순차쓰기: 6,000MB/s / 읽기IOPS: 1,000K / 쓰기IOPS: 1,200K / [지원기능] HMB / TRIM / ECC / SLC캐싱 / GC / S.M.A.R.T / [환경특성] MTBF: 150만 / TBW: 220TB / PS5 호환 / 방열판 미포함 / 두께: 2.3mm / 10g",2024/10,ok,
2026-10-01T01:29:14+00:00,98918669,마이크론 Crucial P310 M.2 NVMe 중고 (2TB),https://prod.danawa.com/info/?pcode=98918669&cate=11229608,M.2 (2280),PCIe4.0x4 (64GT/s),2TB,QLC,,파이슨 PS5027-E27,"7,100MB/s","6,000MB/s","1,000K","1,200K",440TB,150만,,방열판 미포함,"M.2 (2280) / PCIe4.0x4 (64GT/s) / QLC / 컨트롤러: 파이슨 PS5027-E27 / [성능] 순차읽기: 7,100MB/s / 순차쓰기: 6,000MB/s / 읽기IOPS: 1,000K / 쓰기IOPS: 1,200K / [지원기능] TRIM / ECC / HMB / GC / SLC캐싱 / S.M.A.R.T / [환경특성] MTBF: 150만 / TBW: 440TB / PS5 호환 / 방열판 미포함 / 두께: 2.3mm / 10g",2024/09,ok,
2026-10-01T01:29:14+00:00,98782151,마이크론 Crucial P310 M.2 NVMe 중고 (500GB),https://prod.danawa.com/info/?pcode=98782151&cate=11229608,M.2 (2280),PCIe4.0x4 (64GT/s),500GB,QLC,,파이슨 PS5027-E27,"6,600MB/s","3,500MB/s",520K,890K,110TB,150만,,방열판 미포함,"M.2 (2280) / PCIe4.0x4 (64GT/s) / QLC / 컨트롤러: 파이슨 PS5027-E27 / [성능] 순차읽기: 6,600MB/s / 순차쓰기: 3,500MB/s / 읽기IOPS: 520K / 쓰기IOPS: 890K / [지원기능] TRIM / ECC / HMB / GC / SLC캐싱 / S.M.A.R.T / [환경특성] MTBF: 150만 / TBW: 110TB / PS5 호환 / 방열판 미포함 / 두께: 2.3mm / 10g",2024/09,ok,
2026-10-01T01:29:14+00:00,68244089,마이크론 Crucial P310 M.2 NVMe 해외구매 (1TB),https://prod.danawa.com/info/?pcode=68244089&cate=11229608,M.2 (2280),PCIe4.0x4 (64GT/s),1TB,QLC,,파이슨 PS5027-E27,"7,100MB/s","6,000MB/s","1,000K","1,200K",220TB,150만,,방열판 미포함,"M.2 (2280) / PCIe4.0x4 (64GT/s) / QLC / 컨트롤러: 파이슨 PS5027-E27 / [성능] 순차읽기: 7,100MB/s / 순차쓰기: 6,000MB/s / 읽기IOPS: 1,000K / 쓰기IOPS: 1,200K / [지원기능] TRIM / ECC / HMB / SLC캐싱 / GC / S.M.A.R.T / [환경특성] MTBF: 150만 / TBW: 220TB / PS5 호환 / 방열판 미포함 / 두께: 2.3mm / 10g",2024/10,ok,
2026-10-01T01:29:14+00:00,68244071,마이크론 Crucial P310 M.2 NVMe 해외구매 (500GB),https://prod.danawa.com/info/?pcode=68244071&cate=11229608,M.2 (2280),PCIe4.0x4 (64GT/s),500GB,QLC,,파이슨 PS5027-E27,"6,600MB/s","3,500MB/s",520K,890K,110TB,150만,,방열판 미포함,"M.2 (2280) / PCIe4.0x4 (64GT/s) / QLC / 컨트롤러: 파이슨 PS5027-E27 / [성능] 순차읽기: 6,600MB/s / 순차쓰기: 3,500MB/s / 읽기IOPS: 520K / 쓰기IOPS: 890K / [지원기능] HMB / TRIM / ECC / SLC캐싱 / GC / S.M.A.R.T / [환경특성] MTBF: 150만 / TBW: 110TB / PS5 호환 / 방열판 미포함 / 두께: 2.3mm / 10g",2024/09,ok,
2026-10-01T01:29:14+00:00,15056408,마이크론 Crucial P5 Plus M.2 NVMe 해외구매 (2TB),https://prod.danawa.com/info/?pcode=15056408&cate=11229608,M.2 (2280),PCIe4.0x4 (64GT/s),2TB,TLC,DRAM 탑재,기타,"6,600MB/s","5,000MB/s",720K,700K,"1,200TB",200만,,방열판 미포함,"M.2 (2280) / PCIe4.0x4 (64GT/s) / TLC / DRAM 탑재 / DDR4 2GB / 컨트롤러: 기타 / [성능] 순차읽기: 6,600MB/s / 순차쓰기: 5,000MB/s / 읽기IOPS: 720K / 쓰기IOPS: 700K / [지원기능] TRIM / S.M.A.R.T / SLC캐싱 / ECC / DEVSLP / AES 암호화 / 전용 S/W / [환경특성] MTBF: 200만 / TBW: 1,200TB / PS5 호환 / 방열판 미포함 / 두께: 2.4mm / 17g",2021/08,ok,
2026-10-01T01:29:14+00:00,91494878,마이크론 Crucial P510 M.2 NVMe 대원씨티에스 (2TB),https://prod.danawa.com/info/?pcode=91494878&cate=11229608,M.2 (2280),PCIe5.0x4 (128GT/s),2TB,TLC,,파이슨 PS5031-E31T,"10,000MB/s","8,700MB/s","1,500K","1,500K","1,200TB",,"5년 , 제한보증",방열판 미포함,"M.2 (2280) / PCIe5.0x4 (128GT/s) / TLC / 컨트롤러: 파이슨 PS5031-E31T / [성능] 순차읽기: 10,000MB/s / 순차쓰기: 8,700MB/s / 읽기IOPS: 1,500K / 쓰기IOPS: 1,500K / [지원기능] GC / S.M.A.R.T / SLC캐싱 / TRIM / ECC / DEVSLP / HMB / [환경특성] TBW: 1,200TB / PS5 호환 / A/S기간: 5년 , 제한보증 / 방열판 미포함 / 두께: 2.3mm / 6.5g",2025/05,ok,
2026-10-01T01:29:14+00:00,91039226,마이크론 Crucial P510 M.2 NVMe 아스크텍 (1TB),https://prod.danawa.com/info/?pcode=91039226&cate=11229608,M.2 (2280),PCIe5.0x4 (128GT/s),1TB,TLC,,파이슨 PS5031-E31T,"11,000MB/s","9,500MB/s","1,500K","1,500K",600TB,,"5년 , 제한보증",방열판 미포함,"M.2 (2280) / PCIe5.0x4 (128GT/s) / TLC / 컨트롤러: 파이슨 PS5031-E31T / [성능] 순차읽기: 11,000MB/s / 순차쓰기: 9,500MB/s / 읽기IOPS: 1,500K / 쓰기IOPS: 1,500K / [지원기능] DEVSLP / HMB / TRIM / ECC / SLC캐싱 / GC / S.M.A.R.T / [환경특성] TBW: 600TB / PS5 호환 / A/S기간: 5년 , 제한보증 / 방열판 미포함 / 두께: 2.3mm / 6.5g",2025/05,ok,
2026-10-01T01:29:14+00:00,91039202,마이크론 Crucial P510 M.2 NVMe 아스크텍 (2TB),https://prod.danawa.com/info/?pcode=91039202&cate=11229608,M.2 (2280),PCIe5.0x4 (128GT/s),2TB,TLC,,파이슨 PS5031-E31T,"10,000MB/s","8,700MB/s","1,500K","1,500K","1,200TB",,"제한보증 , 5년",방열판 미포함,"M.2 (2280) / PCIe5.0x4 (128GT/s) / TLC / 컨트롤러: 파이슨 PS5031-E31T / [성능] 순차읽기: 10,000MB/s / 순차쓰기: 8,700MB/s / 읽기IOPS: 1,500K / 쓰기IOPS: 1,500K / [지원기능] GC / S.M.A.R.T / SLC캐싱 / TRIM / ECC / DEVSLP / HMB / [환경특성] TBW: 1,200TB / PS5 호환 / A/S기간: 제한보증 , 5년 / 방열판 미포함 / 두께: 2.3mm / 6.5g",2025/05,ok,
2026-10-01T01:29:14+00:00,100326278,마이크론 Crucial P510 M.2 NVMe 중고 (2TB),https://prod.danawa.com/info/?pcode=100326278&cate=11229608,M.2 (2280),PCIe5.0x4 (128GT/s),2TB,TLC,,파이슨 PS5031-E31T,"10,000MB/s","8,700MB/s","1,500K","1,500K","1,200TB",,,방열판 미포함,"M.2 (2280) / PCIe5.0x4 (128GT/s) / TLC / 컨트롤러: 파이슨 PS5031-E31T / [성능] 순차읽기: 10,000MB/s / 순차쓰기: 8,700MB/s / 읽기IOPS: 1,500K / 쓰기IOPS: 1,500K / [지원기능] HMB / TRIM / SLC캐싱 / S.M.A.R.T / [환경특성] TBW: 1,200TB / PS5 호환 / 방열판 미포함 / 두께: 2.3mm / 6.5g",2025/04,ok,
2026-10-01T01:29:14+00:00,29666111,마이크론 Crucial T500 M.2 NVMe 대원씨티에스 (1TB),https://prod.danawa.com/info/?pcode=29666111&cate=11229608,M.2 (2280),PCIe4.0x4 (64GT/s),1TB,TLC,DRAM 탑재,파이슨 PS5025-E25,"7,300MB/s","6,800MB/s","1,150K","1,440K",600TB,150만,"제한보증 , 5년",방열판 미포함,"M.2 (2280) / PCIe4.0x4 (64GT/s) / TLC / DRAM 탑재 / DDR4 1GB / 컨트롤러: 파이슨 PS5025-E25 / [성능] 순차읽기: 7,300MB/s / 순차쓰기: 6,800MB/s / 읽기IOPS: 1,150K / 쓰기IOPS: 1,440K / [지원기능] TRIM / ECC / SLC캐싱 / S.M.A.R.T / 전용 S/W / [환경특성] MTBF: 150만 / TBW: 600TB / PS5 호환 / A/S기간: 제한보증 , 5년 / 방열판 미포함 / 두께: 2.3mm / 10g",2023/11,ok,
2026-10-01T01:29:14+00:00,29666195,마이크론 Crucial T500 M.2 NVMe 대원씨티에스 (2TB),https://prod.danawa.com/info/?pcode=29666195&cate=11229608,M.2 (2280),PCIe4.0x4 (64GT/s),2TB,TLC,DRAM 탑재,파이슨 PS5025-E25,"7,400MB/s","7,000MB/s","1,180K","1,440K","1,200TB",150만,"제한보증 , 5년",방열판 미포함,"M.2 (2280) / PCIe4.0x4 (64GT/s) / TLC / DRAM 탑재 / DDR4 2GB / 컨트롤러: 파이슨 PS5025-E25 / [성능] 순차읽기: 7,400MB/s / 순차쓰기: 7,000MB/s / 읽기IOPS: 1,180K / 쓰기IOPS: 1,440K / [지원기능] S.M.A.R.T / SLC캐싱 / TRIM / ECC / 전용 S/W / [환경특성] MTBF: 150만 / TBW: 1,200TB / PS5 호환 / A/S기간: 제한보증 , 5년 / 방열판 미포함 / 두께: 2.3mm / 10g",2023/11,ok,
2026-10-01T01:29:14+00:00,29666252,마이크론 Crucial T500 M.2 NVMe 대원씨티에스 (500GB),https://prod.danawa.com/info/?pcode=29666252&cate=11229608,M.2 (2280),PCIe4.0x4 (64GT/s),500GB,TLC,DRAM 탑재,파이슨 PS5025-E25,"7,200MB/s","5,700MB/s",800K,"1,390K",300TB,150만,"5년 , 제한보증",방열판 미포함,"M.2 (2280) / PCIe4.0x4 (64GT/s) / TLC / DRAM 탑재 / DDR4 512MB / 컨트롤러: 파이슨 PS5025-E25 / [성능] 순차읽기: 7,200MB/s / 순차쓰기: 5,700MB/s / 읽기IOPS: 800K / 쓰기IOPS: 1,390K / [지원기능] TRIM / ECC / SLC캐싱 / S.M.A.R.T / 전용 S/W / [환경특성] MTBF: 150만 / TBW: 300TB / PS5 호환 / A/S기간: 5년 , 제한보증 / 방열판 미포함 / 두께: 2.3mm / 10g",2023/11,ok,
2026-10-01T01:29:14+00:00,123799286,마이크론 Crucial T500 M.2 NVMe 병행수입 (1TB),https://prod.danawa.com/info/?pcode=123799286&cate=11229608,M.2 (2280),PCIe4.0x4 (64GT/s),1TB,TLC,DRAM 탑재,파이슨 PS5025-E25,"7,300MB/s","6,800MB/s","1,150K","1,440K",600TB,150만,,방열판 미포함,"M.2 (2280) / PCIe4.0x4 (64GT/s) / TLC / DRAM 탑재 / DDR4 1GB / 컨트롤러: 파이슨 PS5025-E25 / [성능] 순차읽기: 7,300MB/s / 순차쓰기: 6,800MB/s / 읽기IOPS: 1,150K / 쓰기IOPS: 1,440K / [지원기능] TRIM / S.M.A.R.T / ECC / 전용 S/W / [환경특성] MTBF: 150만 / TBW: 600TB / PS5 호환 / 방열판 미포함 / 두께: 2.3mm / 10g",2023/11,ok,
2026-10-01T01:29:14+00:00,29655656,마이크론 Crucial T500 M.2 NVMe 아스크텍 (1TB),https://prod.danawa.com/info/?pcode=29655656&cate=11229608,M.2 (2280),PCIe4.0x4 (64GT/s),1TB,TLC,DRAM 탑재,파이슨 PS5025-E25,"7,300MB/s","6,800MB/s","1,150K","1,440K",600TB,150만,"5년 , 제한보증",방열판 미포함,"M.2 (2280) / PCIe4.0x4 (64GT/s) / TLC / DRAM 탑재 / DDR4 1GB / 컨트롤러: 파이슨 PS5025-E25 / [성능] 순차읽기: 7,300MB/s / 순차쓰기: 6,800MB/s / 읽기IOPS: 1,150K / 쓰기IOPS: 1,440K / [지원기능] ECC / SLC캐싱 / S.M.A.R.T / TRIM / 전용 S/W / [환경특성] MTBF: 150만 / TBW: 600TB / PS5 호환 / A/S기간: 5년 , 제한보증 / 방열판 미포함 / 두께: 2.3mm / 10g",2023/11,ok,
2026-10-01T01:29:14+00:00,29655617,마이크론 Crucial T500 M.2 NVMe 아스크텍 (2TB),https://prod.danawa.com/info/?pcode=29655617&cate=11229608,M.2 (2280),PCIe4.0x4 (64GT/s),2TB,TLC,DRAM 탑재,파이슨 PS5025-E25,"7,400MB/s","7,000MB/s","1,180K","1,440K","1,200TB",150만,"5년 , 제한보증",방열판 미포함,"M.2 (2280) / PCIe4.0x4 (64GT/s) / TLC / DRAM 탑재 / DDR4 2GB / 컨트롤러: 파이슨 PS5025-E25 / [성능] 순차읽기: 7,400MB/s / 순차쓰기: 7,000MB/s / 읽기IOPS: 1,180K / 쓰기IOPS: 1,440K / [지원기능] TRIM / ECC / SLC캐싱 / S.M.A.R.T / 전용 S/W / [환경특성] MTBF: 150만 / TBW: 1,200TB / PS5 호환 / A/S기간: 5년 , 제한보증 / 방열판 미포함 / 두께: 2.3mm / 10g",2023/11,ok,
2026-10-01T01:29:14+00:00,67372967,마이크론 Crucial T500 M.2 NVMe 아스크텍 (4TB),https://prod.danawa.com/info/?pcode=67372967&cate=11229608,M.2 (2280),PCIe4.0x4 (64GT/s),4TB,TLC,DRAM 탑재,파이슨 PS5025-E25,"7,000MB/s","6,900MB/s","1,050K","1,350K","2,400TB",150만,"5년 , 제한보증",방열판 미포함,"M.2 (2280) / PCIe4.0x4 (64GT/s) / TLC / DRAM 탑재 / DDR4 4GB / 컨트롤러: 파이슨 PS5025-E25 / [성능] 순차읽기: 7,000MB/s / 순차쓰기: 6,900MB/s / 읽기IOPS: 1,050K / 쓰기IOPS: 1,350K / [지원기능] TRIM / ECC / SLC캐싱 / S.M.A.R.T / 전용 S/W / [환경특성] MTBF: 150만 / TBW: 2,400TB / PS5 호환 / A/S기간: 5년 , 제한보증 / 방열판 미포함 / 두께: 2.3mm / 10g",2024/09,ok,
2026-10-01T01:29:14+00:00,29655680,마이크론 Crucial T500 M.2 NVMe 아스크텍 (500GB),https://prod.danawa.com/info/?pcode=29655680&cate=11229608,M.2 (2280),PCIe4.0x4 (64GT/s),500GB,TLC,DRAM 탑재,파이슨 PS5025-E25,"7,200MB/s","5,700MB/s",800K,"1,390K",300TB,150만,"제한보증 , 5년",방열판 미포함,"M.2 (2280) / PCIe4.0x4 (64GT/s) / TLC / DRAM 탑재 / DDR4 512MB / 컨트롤러: 파이슨 PS5025-E25 / [성능] 순차읽기: 7,200MB/s / 순차쓰기: 5,700MB/s / 읽기IOPS: 800K / 쓰기IOPS: 1,390K / [지원기능] TRIM / ECC / SLC캐싱 / S.M.A.R.T / 전용 S/W / [환경특성] MTBF: 150만 / TBW: 300TB / PS5 호환 / A/S기간: 제한보증 , 5년 / 방열판 미포함 / 두께: 2.3mm / 10g",2023/11,ok,
2026-10-01T01:29:14+00:00,98184182,마이크론 Crucial T500 M.2 NVMe 중고 (1TB),https://prod.danawa.com/info/?pcode=98184182&cate=11229608,M.2 (2280),PCIe4.0x4 (64GT/s),1TB,TLC,DRAM 탑재,파이슨 PS5025-E25,"7,300MB/s","6,800MB/s","1,150K","1,440K",600TB,150만,,방열판 미포함,"M.2 (2280) / PCIe4.0x4 (64GT/s) / TLC / DRAM 탑재 / DDR4 1GB / 컨트롤러: 파이슨 PS5025-E25 / [성능] 순차읽기: 7,300MB/s / 순차쓰기: 6,800MB/s / 읽기IOPS: 1,150K / 쓰기IOPS: 1,440K / [지원기능] TRIM / ECC / S.M.A.R.T / 전용 S/W / [환경특성] MTBF: 150만 / TBW: 600TB / PS5 호환 / 방열판 미포함 / 두께: 2.3mm / 10g",2023/11,ok,
2026-10-01T01:29:14+00:00,100326254,마이크론 Crucial T500 M.2 NVMe 중고 (2TB),https://prod.danawa.com/info/?pcode=100326254&cate=11229608,M.2 (2280),PCIe4.0x4 (64GT/s),2TB,TLC,DRAM 탑재,파이슨 PS5025-E25,"7,400MB/s","7,000MB/s","1,180K","1,440K","1,200TB",150만,,방열판 미포함,"M.2 (2280) / PCIe4.0x4 (64GT/s) / TLC / DRAM 탑재 / DDR4 2GB / 컨트롤러: 파이슨 PS5025-E25 / [성능] 순차읽기: 7,400MB/s / 순차쓰기: 7,000MB/s / 읽기IOPS: 1,180K / 쓰기IOPS: 1,440K / [지원기능] TRIM / ECC / S.M.A.R.T / 전용 S/W / [환경특성] MTBF: 150만 / TBW: 1,200TB / PS5 호환 / 방열판 미포함 / 두께: 2.3mm / 10g",2023/11,ok,
2026-10-01T01:29:14+00:00,98184164,마이크론 Crucial T500 M.2 NVMe 중고 (500GB),https://prod.danawa.com/info/?pcode=98184164&cate=11229608,M.2 (2280),PCIe4.0x4 (64GT/s),500GB,TLC,DRAM 탑재,파이슨 PS5025-E25,"7,200MB/s","5,700MB/s",800K,"1,390K",300TB,150만,,방열판 미포함,"M.2 (2280) / PCIe4.0x4 (64GT/s) / TLC / DRAM 탑재 / DDR4 512MB / 컨트롤러: 파이슨 PS5025-E25 / [성능] 순차읽기: 7,200MB/s / 순차쓰기: 5,700MB/s / 읽기IOPS: 800K / 쓰기IOPS: 1,390K / [지원기능] S.M.A.R.T / TRIM / ECC / 전용 S/W / [환경특성] MTBF: 150만 / TBW: 300TB / PS5 호환 / 방열판 미포함 / 두께: 2.3mm / 10g",2023/11,ok,
2026-10-01T01:29:14+00:00,41264234,마이크론 Crucial T705 M.2 NVMe 대원씨티에스 (1TB),https://prod.danawa.com/info/?pcode=41264234&cate=11229608,M.2 (2280),PCIe5.0x4 (128GT/s),1TB,TLC,DRAM 탑재,파이슨 PS5026-E26,"13,600MB/s","10,200MB/s","1,400K","1,750K",600TB,150만,"5년 , 제한보증",방열판 미포함,"M.2 (2280) / PCIe5.0x4 (128GT/s) / TLC / DRAM 탑재 / DDR4 1GB / 컨트롤러: 파이슨 PS5026-E26 / [성능] 순차읽기: 13,600MB/s / 순차쓰기: 10,200MB/s / 읽기IOPS: 1,400K / 쓰기IOPS: 1,750K / [지원기능] TRIM / ECC / DEVSLP / GC / S.M.A.R.T / [환경특성] MTBF: 150만 / TBW: 600TB / A/S기간: 5년 , 제한보증 / 방열판 미포함 / 두께: 3.8mm",2024/03,ok,
2026-10-01T01:29:14+00:00,41264225,마이크론 Crucial T705 M.2 NVMe 대원씨티에스 (4TB),https://prod.danawa.com/info/?pcode=41264225&cate=11229608,M.2 (2280),PCIe5.0x4 (128GT/s),4TB,TLC,DRAM 탑재,파이슨 PS5026-E26,"14,100MB/s","12,600MB/s","1,500K","1,800K","2,400TB",150만,"5년 , 제한보증",방열판 미포함,"M.2 (2280) / PCIe5.0x4 (128GT/s) / TLC / DRAM 탑재 / DDR4 4GB / 컨트롤러: 파이슨 PS5026-E26 / [성능] 순차읽기: 14,100MB/s / 순차쓰기: 12,600MB/s / 읽기IOPS: 1,500K / 쓰기IOPS: 1,800K / [지원기능] TRIM / S.M.A.R.T / GC / ECC / DEVSLP / [환경특성] MTBF: 150만 / TBW: 2,400TB / A/S기간: 5년 , 제한보증 / 방열판 미포함 / 두께: 3.8mm",2024/03,ok,
2026-10-01T01:29:14+00:00,40722668,마이크론 Crucial T705 M.2 NVMe 해외구매 (1TB),https://prod.danawa.com/info/?pcode=40722668&cate=11229608,M.2 (2280),PCIe5.0x4 (128GT/s),1TB,TLC,DRAM 탑재,파이슨 PS5026-E26,"13,600MB/s","10,200MB/s","1,400K","1,750K",600TB,150만,,방열판 미포함,"M.2 (2280) / PCIe5.0x4 (128GT/s) / TLC / DRAM 탑재 / DDR4 1GB / 컨트롤러: 파이슨 PS5026-E26 / [성능] 순차읽기: 13,600MB/s / 순차쓰기: 10,200MB/s / 읽기IOPS: 1,400K / 쓰기IOPS: 1,750K / [지원기능] TRIM / SLC캐싱 / S.M.A.R.T / AES 암호화 / [환경특성] MTBF: 150만 / TBW: 600TB / 방열판 미포함 / 두께: 3.8mm",2024/03,ok,
2026-10-01T01:29:14+00:00,71427998,마이크론 Crucial T705 히트싱크 화이트 에디션 M.2 NVMe 대원씨티에스 (2TB),https://prod.danawa.com/info/?pcode=71427998&cate=11229608,M.2 (2280),PCIe5.0x4 (128GT/s),2TB,TLC,DRAM 탑재,파이슨 PS5026-E26,"14,500MB/s","12,700MB/s","1,550K","1,800K","1,200TB",150만,"5년 , 제한보증",방열판 포함,"M.2 (2280) / PCIe5.0x4 (128GT/s) / TLC / DRAM 탑재 / DDR4 2GB / 컨트롤러: 파이슨 PS5026-E26 / [성능] 순차읽기: 14,500MB/s / 순차쓰기: 12,700MB/s / 읽기IOPS: 1,550K / 쓰기IOPS: 1,800K / [지원기능] DEVSLP / TRIM / ECC / GC / S.M.A.R.T / [환경특성] MTBF: 150만 / TBW: 1,200TB / A/S기간: 5년 , 제한보증 / 방열판 포함 / 두께: 21mm",2024/11,ok,
2026-10-01T01:29:14+00:00,93499589,마이크론 Crucial T710 M.2 NVMe 대원씨티에스 (2TB),https://prod.danawa.com/info/?pcode=93499589&cate=11229608,M.2 (2280),PCIe5.0x4 (128GT/s),2TB,TLC,DRAM 탑재,실리콘모션 SM2508,"14,500MB/s","13,800MB/s","2,200K","2,300K","1,200TB",150만,"5년 , 제한보증",방열판 미포함,"M.2 (2280) / PCIe5.0x4 (128GT/s) / TLC / DRAM 탑재 / DDR4 2GB / 컨트롤러: 실리콘모션 SM2508 / [성능] 순차읽기: 14,500MB/s / 순차쓰기: 13,800MB/s / 읽기IOPS: 2,200K / 쓰기IOPS: 2,300K / [지원기능] TRIM / ECC / DEVSLP / GC / SLC캐싱 / S.M.A.R.T / [환경특성] MTBF: 150만 / TBW: 1,200TB / PS5 호환 / A/S기간: 5년 , 제한보증 / 방열판 미포함 / 두께: 2.3mm / 6.7g",2025/07,ok,
2026-10-01T01:29:14+00:00,93442589,마이크론 Crucial T710 M.2 NVMe 아스크텍 (1TB),https://prod.danawa.com/info/?pcode=93442589&cate=11229608,M.2 (2280),PCIe5.0x4 (128GT/s),1TB,TLC,DRAM 탑재,실리콘모션 SM2508,"14,900MB/s","13,700MB/s","1,800K","2,200K",600TB,150만,"5년 , 제한보증",방열판 미포함,"M.2 (2280) / PCIe5.0x4 (128GT/s) / TLC / DRAM 탑재 / DDR4 1GB / 컨트롤러: 실리콘모션 SM2508 / [성능] 순차읽기: 14,900MB/s / 순차쓰기: 13,700MB/s / 읽기IOPS: 1,800K / 쓰기IOPS: 2,200K / [지원기능] TRIM / ECC / DEVSLP / SLC캐싱 / GC / S.M.A.R.T / [환경특성] MTBF: 150만 / TBW: 600TB / PS5 호환 / A/S기간: 5년 , 제한보증 / 방열판 미포함 / 두께: 2.3mm / 6.7g",2025/07,ok,
2026-10-01T01:29:14+00:00,98768276,마이크론 Crucial T710 히트싱크 M.2 NVMe 해외구매 (2TB),https://prod.danawa.com/info/?pcode=98768276&cate=11229608,M.2 (2280),PCIe5.0x4 (128GT/s),2TB,TLC,DRAM 탑재,실리콘모션 SM2508,"14,500MB/s","13,800MB/s","2,200K","2,300K","1,200TB",150만,,방열판 포함,"M.2 (2280) / PCIe5.0x4 (128GT/s) / TLC / DRAM 탑재 / DDR4 2GB / 컨트롤러: 실리콘모션 SM2508 / [성능] 순차읽기: 14,500MB/s / 순차쓰기: 13,800MB/s / 읽기IOPS: 2,200K / 쓰기IOPS: 2,300K / [지원기능] DEVSLP / TRIM / ECC / SLC캐싱 / GC / S.M.A.R.T / RGB/LED / [환경특성] MTBF: 150만 / TBW: 1,200TB / PS5 호환 / 방열판 포함 / 두께: 11.1mm / 33.3g",2025/10,ok,
2026-10-01T01:29:14+00:00,2680556,마하링크 2.5 가이드 (ML-HG2535),https://prod.danawa.com/info/?pcode=2680556&cate=11229608,변환 가이드,,,,,,,,,,,,,,"변환 가이드 / 크기 변환: 2.5형→3.5형 / SSD, HDD겸용 / 보관(장착) 개수: 최대 1개",2014/06,ok,
2026-10-01T01:29:14+00:00,14719850,버바팀 Vi550 S3 SSD 해외구매 (128GB),https://prod.danawa.com/info/?pcode=14719850&cate=11229608,6.4cm(2.5형),SATA3 (6Gb/s),128GB,TLC,,파이슨 PS3111,520MB/s,430MB/s,,,,200만,,,6.4cm(2.5형) / SATA3 (6Gb/s) / TLC / 컨트롤러: 파이슨 PS3111 / [성능] 순차읽기: 520MB/s / 순차쓰기: 430MB/s / [지원기능] S.M.A.R.T / [환경특성] MTBF: 200만 / 두께: 7mm,2020/01,ok,
2026-10-01T01:29:14+00:00,1991160,베이스캠프 BC-G2535 SSD 가이드,https://prod.danawa.com/info/?pcode=1991160&cate=11229608,변환 가이드,,,,,,,,,,,,,,"변환 가이드 / 크기 변환: 2.5형→3.5형 / SSD, HDD겸용 / 보관(장착) 개수: 최대 2개",2013/04,ok,
2026-10-01T01:29:14+00:00,65357162,비즈텍 TREAVE VN200 M.2 NVMe (1TB),https://prod.danawa.com/info/?pcode=65357162&cate=11229608,M.2 (2280),PCIe3.0x4 (32GT/s),1TB,TLC,,기타,"2,400MB/s","1,800MB/s",144K,233K,600TB,100만,"3년 , 제한보증",방열판 미포함,"M.2 (2280) / PCIe3.0x4 (32GT/s) / TLC / 컨트롤러: 기타 / [성능] 순차읽기: 2,400MB/s / 순차쓰기: 1,800MB/s / 읽기IOPS: 144K / 쓰기IOPS: 233K / [지원기능] DEVSLP / TRIM / ECC / SLC캐싱 / GC / S.M.A.R.T / [환경특성] MTBF: 100만 / TBW: 600TB / A/S기간: 3년 , 제한보증 / 방열판 미포함 / 두께: 2.3mm / 5g",2024/09,ok,
2026-10-01T01:29:14+00:00,65357183,비즈텍 TREAVE VN200 M.2 NVMe (512GB),https://prod.danawa.com/info/?pcode=65357183&cate=11229608,M.2 (2280),PCIe3.0x4 (32GT/s),512GB,TLC,,기타,"2,100MB/s","1,700MB/s",182K,251K,300TB,100만,"제한보증 , 3년",방열판 미포함,"M.2 (2280) / PCIe3.0x4 (32GT/s) / TLC / 컨트롤러: 기타 / [성능] 순차읽기: 2,100MB/s / 순차쓰기: 1,700MB/s / 읽기IOPS: 182K / 쓰기IOPS: 251K / [지원기능] TRIM / ECC / DEVSLP / GC / SLC캐싱 / S.M.A.R.T / [환경특성] MTBF: 100만 / TBW: 300TB / A/S기간: 제한보증 , 3년 / 방열판 미포함 / 두께: 2.3mm / 5g",2024/09,ok,
2026-10-01T01:29:14+00:00,103481201,비즈텍 TREAVE VN200Q M.2 NVMe (1TB),https://prod.danawa.com/info/?pcode=103481201&cate=11229608,M.2 (2280),PCIe3.0x4 (32GT/s),1TB,QLC,,기타,"2,400MB/s","1,800MB/s",144K,233K,600TB,100만,"3년 , 제한보증",방열판 미포함,"M.2 (2280) / PCIe3.0x4 (32GT/s) / QLC / 컨트롤러: 기타 / [성능] 순차읽기: 2,400MB/s / 순차쓰기: 1,800MB/s / 읽기IOPS: 144K / 쓰기IOPS: 233K / [지원기능] DEVSLP / TRIM / ECC / SLC캐싱 / GC / S.M.A.R.T / [환경특성] MTBF: 100만 / TBW: 600TB / A/S기간: 3년 , 제한보증 / 방열판 미포함 / 두께: 2.3mm / 5g",2025/11,ok,
2026-10-01T01:29:14+00:00,100325369,비즈텍 TREAVE VN200Q M.2 NVMe (256GB),https://prod.danawa.com/info/?pcode=100325369&cate=11229608,M.2 (2280),PCIe3.0x4 (32GT/s),256GB,QLC,,기타,"2,000MB/s","1,200MB/s",107K,220K,150TB,100만,"3년 , 제한보증",방열판 미포함,"M.2 (2280) / PCIe3.0x4 (32GT/s) / QLC / 컨트롤러: 기타 / [성능] 순차읽기: 2,000MB/s / 순차쓰기: 1,200MB/s / 읽기IOPS: 107K / 쓰기IOPS: 220K / [지원기능] DEVSLP / TRIM / ECC / SLC캐싱 / GC / S.M.A.R.T / [환경특성] MTBF: 100만 / TBW: 150TB / A/S기간: 3년 , 제한보증 / 방열판 미포함 / 두께: 2.3mm / 5g",2025/11,ok,
2026-10-01T01:29:14+00:00,100325363,비즈텍 TREAVE VN200Q M.2 NVMe (512GB),https://prod.danawa.com/info/?pcode=100325363&cate=11229608,M.2 (2280),PCIe3.0x4 (32GT/s),512GB,QLC,,기타,"2,100MB/s","1,700MB/s",182K,251K,300TB,100만,"제한보증 , 3년",방열판 미포함,"M.2 (2280) / PCIe3.0x4 (32GT/s) / QLC / 컨트롤러: 기타 / [성능] 순차읽기: 2,100MB/s / 순차쓰기: 1,700MB/s / 읽기IOPS: 182K / 쓰기IOPS: 251K / [지원기능] DEVSLP / TRIM / ECC / SLC캐싱 / GC / S.M.A.R.T / [환경특성] MTBF: 100만 / TBW: 300TB / A/S기간: 제한보증 , 3년 / 방열판 미포함 / 두께: 2.3mm / 5g",2025/11,ok,
2026-10-01T01:29:14+00:00,72912572,비즈텍 TREAVE VN250D M.2 NVMe (1TB),https://prod.danawa.com/info/?pcode=72912572&cate=11229608,M.2 (2280),PCIe3.0x4 (32GT/s),1TB,TLC,DRAM 탑재,기타,"3,500MB/s","2,500MB/s",174K,560K,300TB,100만,"제한보증 , 3년",방열판 미포함,"M.2 (2280) / PCIe3.0x4 (32GT/s) / TLC / DRAM 탑재 / DDR4 256MB / 컨트롤러: 기타 / [성능] 순차읽기: 3,500MB/s / 순차쓰기: 2,500MB/s / 읽기IOPS: 174K / 쓰기IOPS: 560K / [지원기능] DEVSLP / TRIM / ECC / SLC캐싱 / GC / S.M.A.R.T / [환경특성] MTBF: 100만 / TBW: 300TB / A/S기간: 제한보증 , 3년 / 방열판 미포함 / 두께: 3.25mm / 8g",2024/12,ok,
2026-10-01T01:29:14+00:00,65357129,비즈텍 TREAVE VN300 M.2 NVMe (1TB),https://prod.danawa.com/info/?pcode=65357129&cate=11229608,M.2 (2280),PCIe4.0x4 (64GT/s),1TB,TLC,,기타,"5,200MB/s","4,800MB/s",450K,470K,700TB,100만,"3년 , 제한보증",방열판 미포함,"M.2 (2280) / PCIe4.0x4 (64GT/s) / TLC / 컨트롤러: 기타 / [성능] 순차읽기: 5,200MB/s / 순차쓰기: 4,800MB/s / 읽기IOPS: 450K / 쓰기IOPS: 470K / [지원기능] TRIM / ECC / DEVSLP / GC / SLC캐싱 / S.M.A.R.T / [환경특성] MTBF: 100만 / TBW: 700TB / A/S기간: 3년 , 제한보증 / 방열판 미포함 / 두께: 2.3mm / 5g",2024/09,ok,
2026-10-01T01:29:14+00:00,65357132,비즈텍 TREAVE VN300 M.2 NVMe (512GB),https://prod.danawa.com/info/?pcode=65357132&cate=11229608,M.2 (2280),PCIe4.0x4 (64GT/s),512GB,TLC,,기타,"5,000MB/s","4,800MB/s",440K,460K,350TB,100만,"3년 , 제한보증",방열판 미포함,"M.2 (2280) / PCIe4.0x4 (64GT/s) / TLC / 컨트롤러: 기타 / [성능] 순차읽기: 5,000MB/s / 순차쓰기: 4,800MB/s / 읽기IOPS: 440K / 쓰기IOPS: 460K / [지원기능] DEVSLP / TRIM / ECC / SLC캐싱 / GC / S.M.A.R.T / [환경특성] MTBF: 100만 / TBW: 350TB / A/S기간: 3년 , 제한보증 / 방열판 미포함 / 두께: 2.3mm / 5g",2024/09,ok,
2026-10-01T01:29:14+00:00,65356652,비즈텍 TREAVE VS200 (128GB),https://prod.danawa.com/info/?pcode=65356652&cate=11229608,6.4cm(2.5형),SATA3 (6Gb/s),128GB,TLC,,기타,500MB/s,400MB/s,30K,70K,62.5TB,150만,"3년 , 제한보증",,"6.4cm(2.5형) / SATA3 (6Gb/s) / TLC / 컨트롤러: 기타 / [성능] 순차읽기: 500MB/s / 순차쓰기: 400MB/s / 읽기IOPS: 30K / 쓰기IOPS: 70K / [지원기능] TRIM / ECC / DEVSLP / GC / SLC캐싱 / S.M.A.R.T / [환경특성] MTBF: 150만 / TBW: 62.5TB / A/S기간: 3년 , 제한보증 / 두께: 7mm / 48g",2024/09,ok,
2026-10-01T01:29:14+00:00,65356601,비즈텍 TREAVE VS200 (1TB),https://prod.danawa.com/info/?pcode=65356601&cate=11229608,6.4cm(2.5형),SATA3 (6Gb/s),1TB,TLC,,기타,550MB/s,500MB/s,40K,70K,512TB,150만,"3년 , 제한보증",,"6.4cm(2.5형) / SATA3 (6Gb/s) / TLC / 컨트롤러: 기타 / [성능] 순차읽기: 550MB/s / 순차쓰기: 500MB/s / 읽기IOPS: 40K / 쓰기IOPS: 70K / [지원기능] DEVSLP / TRIM / ECC / SLC캐싱 / GC / S.M.A.R.T / [환경특성] MTBF: 150만 / TBW: 512TB / A/S기간: 3년 , 제한보증 / 두께: 7mm / 48g",2024/09,ok,
2026-10-01T01:29:14+00:00,65356643,비즈텍 TREAVE VS200 (256GB),https://prod.danawa.com/info/?pcode=65356643&cate=11229608,6.4cm(2.5형),SATA3 (6Gb/s),256GB,TLC,,기타,550MB/s,500MB/s,40K,70K,125TB,150만,"제한보증 , 3년",,"6.4cm(2.5형) / SATA3 (6Gb/s) / TLC / 컨트롤러: 기타 / [성능] 순차읽기: 550MB/s / 순차쓰기: 500MB/s / 읽기IOPS: 40K / 쓰기IOPS: 70K / [지원기능] GC / S.M.A.R.T / SLC캐싱 / TRIM / ECC / DEVSLP / [환경특성] MTBF: 150만 / TBW: 125TB / A/S기간: 제한보증 , 3년 / 두께: 7mm / 48g",2024/09,ok,
2026-10-01T01:29:14+00:00,65356619,비즈텍 TREAVE VS200 (512GB),https://prod.danawa.com/info/?pcode=65356619&cate=11229608,6.4cm(2.5형),SATA3 (6Gb/s),512GB,TLC,,기타,550MB/s,500MB/s,40K,70K,256TB,150만,"3년 , 제한보증",,"6.4cm(2.5형) / SATA3 (6Gb/s) / TLC / 컨트롤러: 기타 / [성능] 순차읽기: 550MB/s / 순차쓰기: 500MB/s / 읽기IOPS: 40K / 쓰기IOPS: 70K / [지원기능] ECC / DEVSLP / SLC캐싱 / GC / S.M.A.R.T / TRIM / [환경특성] MTBF: 150만 / TBW: 256TB / A/S기간: 3년 , 제한보증 / 두께: 7mm / 48g",2024/09,ok,
2026-10-01T01:29:14+00:00,18332651,비트엠 Newsync BITS (128GB),https://prod.danawa.com/info/?pcode=18332651&cate=11229608,6.4cm(2.5형),SATA3 (6Gb/s),128GB,,,기타,550MB/s,490MB/s,,,,,"3년 , 제한보증",,"6.4cm(2.5형) / SATA3 (6Gb/s) / 컨트롤러: 기타 / [성능] 순차읽기: 550MB/s / 순차쓰기: 490MB/s / [지원기능] TRIM / ECC / S.M.A.R.T / [환경특성] A/S기간: 3년 , 제한보증 / 두께: 7mm / 68g / [기타] 25년 11월부로 컨트롤러 정보 변경: 실리콘모션 → 비고정(기타)",2022/11,ok,
2026-10-01T01:29:14+00:00,18328925,비트엠 Newsync BITS (1TB),https://prod.danawa.com/info/?pcode=18328925&cate=11229608,6.4cm(2.5형),SATA3 (6Gb/s),1TB,,,기타,550MB/s,490MB/s,,,,,"3년 , 제한보증",,"6.4cm(2.5형) / SATA3 (6Gb/s) / 컨트롤러: 기타 / [성능] 순차읽기: 550MB/s / 순차쓰기: 490MB/s / [지원기능] S.M.A.R.T / TRIM / ECC / [환경특성] A/S기간: 3년 , 제한보증 / 두께: 7mm / 68g / [기타] 25년 11월부로 컨트롤러 정보 변경: 실리콘모션 → 비고정(기타)",2022/11,ok,
2026-10-01T01:29:14+00:00,18332642,비트엠 Newsync BITS (256GB),https://prod.danawa.com/info/?pcode=18332642&cate=11229608,6.4cm(2.5형),SATA3 (6Gb/s),256GB,,,기타,550MB/s,490MB/s,,,,,"제한보증 , 3년",,"6.4cm(2.5형) / SATA3 (6Gb/s) / 컨트롤러: 기타 / [성능] 순차읽기: 550MB/s / 순차쓰기: 490MB/s / [지원기능] TRIM / ECC / S.M.A.R.T / [환경특성] A/S기간: 제한보증 , 3년 / 두께: 7mm / 68g / [기타] 25년 11월부로 컨트롤러 정보 변경: 실리콘모션 → 비고정(기타)",2022/11,ok,
2026-10-01T01:29:14+00:00,18332612,비트엠 Newsync BITS (512GB),https://prod.danawa.com/info/?pcode=18332612&cate=11229608,6.4cm(2.5형),SATA3 (6Gb/s),512GB,,,기타,550MB/s,490MB/s,,,,,"3년 , 제한보증",,"6.4cm(2.5형) / SATA3 (6Gb/s) / 컨트롤러: 기타 / [성능] 순차읽기: 550MB/s / 순차쓰기: 490MB/s / [지원기능] TRIM / ECC / S.M.A.R.T / [환경특성] A/S기간: 3년 , 제한보증 / 두께: 7mm / 68g / [기타] 25년 11월부로 컨트롤러 정보 변경: 실리콘모션 → 비고정(기타)",2022/11,ok,
2026-10-01T01:29:14+00:00,18332834,비트엠 Newsync BITS M.2 NVMe (1TB),https://prod.danawa.com/info/?pcode=18332834&cate=11229608,M.2 (2280),PCIe3.0x4 (32GT/s),1TB,,,기타,"2,500MB/s","1,800MB/s",,,,,"5년 , 제한보증",방열판 미포함,"M.2 (2280) / PCIe3.0x4 (32GT/s) / 컨트롤러: 기타 / [성능] 순차읽기: 2,500MB/s / 순차쓰기: 1,800MB/s / [지원기능] TRIM / ECC / S.M.A.R.T / [환경특성] A/S기간: 5년 , 제한보증 / 방열판 미포함 / 두께: 3.5mm / 10g / [기타] 25년 11월부로 컨트롤러 정보 변경: 실리콘모션 → 비고정(기타)",2022/11,ok,
2026-10-01T01:29:14+00:00,18332945,비트엠 Newsync BITS M.2 NVMe (256GB),https://prod.danawa.com/info/?pcode=18332945&cate=11229608,M.2 (2280),PCIe3.0x4 (32GT/s),256GB,,,기타,"2,350MB/s","1,300MB/s",,,,,"5년 , 제한보증",방열판 미포함,"M.2 (2280) / PCIe3.0x4 (32GT/s) / 컨트롤러: 기타 / [성능] 순차읽기: 2,350MB/s / 순차쓰기: 1,300MB/s / [지원기능] S.M.A.R.T / TRIM / ECC / [환경특성] A/S기간: 5년 , 제한보증 / 방열판 미포함 / 두께: 3.5mm / 10g / [기타] 25년 11월부로 컨트롤러 정보 변경: 실리콘모션 → 비고정(기타)",2022/11,ok,
2026-10-01T01:29:14+00:00,18332876,비트엠 Newsync BITS M.2 NVMe (512GB),https://prod.danawa.com/info/?pcode=18332876&cate=11229608,M.2 (2280),PCIe3.0x4 (32GT/s),512GB,,,기타,"2,500MB/s","1,800MB/s",,,,,"5년 , 제한보증",방열판 미포함,"M.2 (2280) / PCIe3.0x4 (32GT/s) / 컨트롤러: 기타 / [성능] 순차읽기: 2,500MB/s / 순차쓰기: 1,800MB/s / [지원기능] S.M.A.R.T / TRIM / ECC / [환경특성] A/S기간: 5년 , 제한보증 / 방열판 미포함 / 두께: 3.5mm / 10g / [기타] 25년 11월부로 컨트롤러 정보 변경: 실리콘모션 → 비고정(기타)",2022/11,ok,
2026-10-01T01:29:14+00:00,18962249,삼성전자 750 EVO 중고 (120GB),https://prod.danawa.com/info/?pcode=18962249&cate=11229608,6.4cm(2.5형),SATA3 (6Gb/s),120GB,TLC 기반,,삼성,540MB/s,520MB/s,최대 97K,최대 88K,,,,,6.4cm(2.5형) / SATA3 (6Gb/s) / TLC 기반 / 컨트롤러: 삼성 / [성능] 순차읽기: 540MB/s / 순차쓰기: 520MB/s / 읽기IOPS: 최대 97K / 쓰기IOPS: 최대 88K / [지원기능] GC / AES 암호화 / [환경특성] 두께: 6.8mm / 최대 45g,2016/11,ok,
2026-10-01T01:29:14+00:00,11581559,삼성전자 750 EVO 중고 (250GB),https://prod.danawa.com/info/?pcode=11581559&cate=11229608,6.4cm(2.5형),SATA3 (6Gb/s),250GB,,DRAM 탑재,삼성 MGX Controller,540MB/s,520MB/s,최대 97K,최대 88K,70TB,150만,,,6.4cm(2.5형) / SATA3 (6Gb/s) / DRAM 탑재 / DDR3 256MB / 컨트롤러: 삼성 MGX Controller / [성능] 순차읽기: 540MB/s / 순차쓰기: 520MB/s / 읽기IOPS: 최대 97K / 쓰기IOPS: 최대 88K / [지원기능] GC / S.M.A.R.T / TRIM / 전용 S/W / AES 암호화 / [환경특성] MTBF: 150만 / TBW: 70TB / 두께: 6.8mm / 45g,2016/03,ok,
2026-10-01T01:29:14+00:00,18962291,삼성전자 750 EVO 중고 (500GB),https://prod.danawa.com/info/?pcode=18962291&cate=11229608,6.4cm(2.5형),SATA3 (6Gb/s),500GB,TLC 기반,,삼성,540MB/s,520MB/s,최대 97K,최대 88K,,,,,6.4cm(2.5형) / SATA3 (6Gb/s) / TLC 기반 / 컨트롤러: 삼성 / [성능] 순차읽기: 540MB/s / 순차쓰기: 520MB/s / 읽기IOPS: 최대 97K / 쓰기IOPS: 최대 88K / [지원기능] GC / AES 암호화 / [환경특성] 두께: 6.8mm,2016/12,ok,
2026-10-01T01:29:14+00:00,4817264,삼성전자 830 Series 중고 (128GB),https://prod.danawa.com/info/?pcode=4817264&cate=11229608,6.4cm(2.5형),SATA3(6Gb/s),128GB,,DRAM 탑재,삼성 MCX(트리플코어),,,,,,,,,6.4cm(2.5형) / SATA3(6Gb/s) / DRAM 탑재 / DDR2 256MB / 컨트롤러: 삼성 MCX(트리플코어) / [지원기능] TRIM / GC / [환경특성] 두께: 7mm / 62.5g,2017/01,ok,
2026-10-01T01:29:14+00:00,4873413,삼성전자 830 Series 중고 (256GB),https://prod.danawa.com/info/?pcode=4873413&cate=11229608,6.4cm(2.5형),SATA3(6Gb/s),256GB,,,삼성 MCX(트리플코어),,,,,,,,,6.4cm(2.5형) / SATA3(6Gb/s) / 컨트롤러: 삼성 MCX(트리플코어) / [지원기능] TRIM / GC / [환경특성] 두께: 7mm,2017/02,ok,
2026-10-01T01:29:14+00:00,3060306,삼성전자 840 EVO Series 중고 (120GB),https://prod.danawa.com/info/?pcode=3060306&cate=11229608,6.4cm(2.5형),SATA3(6Gb/s),120GB,,,삼성,,,,,,,,,6.4cm(2.5형) / SATA3(6Gb/s) / 컨트롤러: 삼성 / [지원기능] TRIM / GC / [환경특성] 두께: 6.8mm,2015/03,ok,
2026-10-01T01:29:14+00:00,19629137,삼성전자 840 PRO Series 중고 (128GB),https://prod.danawa.com/info/?pcode=19629137&cate=11229608,6.4cm(2.5형),SATA3(6Gb/s),128GB,,DRAM 탑재,삼성 MDX(트리플코어),530MB/s,390MB/s,97K,90K,,,,,6.4cm(2.5형) / SATA3(6Gb/s) / 삼성 MLC(토글) / DRAM 탑재 / DDR2 256MB / 컨트롤러: 삼성 MDX(트리플코어) / [성능] 순차읽기: 530MB/s / 순차쓰기: 390MB/s / 읽기IOPS: 97K / 쓰기IOPS: 90K / [지원기능] TRIM / [환경특성] 두께: 7mm / 52.5g,2023/04,ok,
2026-10-01T01:29:14+00:00,4280209,삼성전자 840 Series 중고 (120GB),https://prod.danawa.com/info/?pcode=4280209&cate=11229608,6.4cm(2.5형),SATA3(6Gb/s),120GB,,,기타,,,,,,,,,6.4cm(2.5형) / SATA3(6Gb/s) / 컨트롤러: 기타 / [지원기능] TRIM / GC / [환경특성] 두께: 6.8mm,2015/03,ok,
2026-10-01T01:29:14+00:00,18919073,삼성전자 850 EVO Series 중고 (120GB),https://prod.danawa.com/info/?pcode=18919073&cate=11229608,6.4cm(2.5형),SATA3(6Gb/s),120GB,,,삼성 MGX 컨트롤러,540MB/s,520MB/s,,,,150만,,,6.4cm(2.5형) / SATA3(6Gb/s) / TLC(토글) / 컨트롤러: 삼성 MGX 컨트롤러 / [성능] 순차읽기: 540MB/s / 순차쓰기: 520MB/s / [지원기능] TRIM / GC / S.M.A.R.T / [환경특성] MTBF: 150만 / 두께: 6.8mm,2014/12,ok,
2026-10-01T01:29:14+00:00,18919208,삼성전자 850 EVO Series 중고 (1TB),https://prod.danawa.com/info/?pcode=18919208&cate=11229608,6.4cm(2.5형),SATA3(6Gb/s),1TB,,,삼성 MEX 컨트롤러,540MB/s,520MB/s,,,,150만,,,6.4cm(2.5형) / SATA3(6Gb/s) / TLC(토글) / 컨트롤러: 삼성 MEX 컨트롤러 / [성능] 순차읽기: 540MB/s / 순차쓰기: 520MB/s / [지원기능] GC / S.M.A.R.T / TRIM / [환경특성] MTBF: 150만 / 두께: 6.8mm,2014/12,ok,
2026-10-01T01:29:14+00:00,11581652,삼성전자 850 EVO Series 중고 (250GB),https://prod.danawa.com/info/?pcode=11581652&cate=11229608,6.4cm(2.5형),SATA3(6Gb/s),250GB,,DRAM 탑재,삼성 MGX Controller,540MB/s,520MB/s,최대 97K,최대 88K,75TB,150만,,,6.4cm(2.5형) / SATA3(6Gb/s) / DRAM 탑재 / DDR3 512MB / 컨트롤러: 삼성 MGX Controller / [성능] 순차읽기: 540MB/s / 순차쓰기: 520MB/s / 읽기IOPS: 최대 97K / 쓰기IOPS: 최대 88K / [지원기능] TRIM / DEVSLP / GC / S.M.A.R.T / AES 암호화 / 전용 S/W / [환경특성] MTBF: 150만 / TBW: 75TB / 두께: 6.8mm / 41g,2014/12,ok,
2026-10-01T01:29:14+00:00,103453793,삼성전자 850 EVO Series 중고 (2TB),https://prod.danawa.com/info/?pcode=103453793&cate=11229608,6.4cm(2.5형),SATA3(6Gb/s),2TB,,,삼성 MHX 컨트롤러,540MB/s,520MB/s,,,,150만,,,6.4cm(2.5형) / SATA3(6Gb/s) / TLC(토글) / 컨트롤러: 삼성 MHX 컨트롤러 / [성능] 순차읽기: 540MB/s / 순차쓰기: 520MB/s / [지원기능] TRIM / GC / S.M.A.R.T / [환경특성] MTBF: 150만,2015/07,ok,
2026-10-01T01:29:14+00:00,18919160,삼성전자 850 EVO Series 중고 (500GB),https://prod.danawa.com/info/?pcode=18919160&cate=11229608,6.4cm(2.5형),SATA3(6Gb/s),500GB,,,삼성 MGX 컨트롤러,540MB/s,520MB/s,,,,150만,,,6.4cm(2.5형) / SATA3(6Gb/s) / TLC(토글) / 컨트롤러: 삼성 MGX 컨트롤러 / [성능] 순차읽기: 540MB/s / 순차쓰기: 520MB/s / [지원기능] TRIM / GC / S.M.A.R.T / [환경특성] MTBF: 150만 / 두께: 6.8mm,2014/12,ok,
2026-10-01T01:29:14+00:00,123670148,삼성전자 850 EVO mSATA 중고 (500GB),https://prod.danawa.com/info/?pcode=123670148&cate=11229608,Mini SATA(mSATA),SATA3(6Gb/s),500GB,,,삼성전자 MGX Controller,최대 540MB/sMB/s,520MB/s,최대 95K,최대 88K,,150만,,,Mini SATA(mSATA) / SATA3(6Gb/s) / TLC(토글) / 컨트롤러: 삼성전자 MGX Controller / [성능] 순차읽기: 최대 540MB/sMB/s / 순차쓰기: 520MB/s / 읽기IOPS: 최대 95K / 쓰기IOPS: 최대 88K / [지원기능] TRIM / S.M.A.R.T / GC / [환경특성] MTBF: 150만 / 두께: 3.85mm,2021/03,ok,
2026-10-01T01:29:14+00:00,3103068,삼성전자 850 EVO mSATA 해외구매 (120GB),https://prod.danawa.com/info/?pcode=3103068&cate=11229608,Mini SATA(mSATA),SATA3(6Gb/s),120GB,,,삼성전자 MGX Controller,최대 540MB/sMB/s,520MB/s,최대 95K,최대 88K,,150만,,,Mini SATA(mSATA) / SATA3(6Gb/s) / TLC(토글) / 컨트롤러: 삼성전자 MGX Controller / [성능] 순차읽기: 최대 540MB/sMB/s / 순차쓰기: 520MB/s / 읽기IOPS: 최대 95K / 쓰기IOPS: 최대 88K / [지원기능] GC / S.M.A.R.T / TRIM / [환경특성] MTBF: 150만 / 두께: 3.85mm,2015/04,ok,
2026-10-01T01:29:14+00:00,2783976,삼성전자 850 PRO 병행수입 (256GB),https://prod.danawa.com/info/?pcode=2783976&cate=11229608,6.4cm(2.5형),SATA3(6Gb/s),256GB,,,삼성 3-CORE MEX,550MB/s,520MB/s,최대 100K,최대 90K,,,,,"6.4cm(2.5형) / SATA3(6Gb/s) / 컨트롤러: 삼성 3-CORE MEX / [성능] 순차읽기: 550MB/s / 순차쓰기: 520MB/s / 읽기IOPS: 최대 100K / 쓰기IOPS: 최대 90K / [지원기능] TRIM / GC / [환경특성] 두께: 6.8mm / 최대 66g / [기타] 중고, 벌크 여부 확인요망",2014/08,ok,
2026-10-01T01:29:14+00:00,103414373,삼성전자 850 PRO 중고 (128GB),https://prod.danawa.com/info/?pcode=103414373&cate=11229608,6.4cm(2.5형),SATA3(6Gb/s),128GB,,,삼성 3-CORE MEX,550MB/s,470MB/s,100K,90K,,,,,6.4cm(2.5형) / SATA3(6Gb/s) / 컨트롤러: 삼성 3-CORE MEX / [성능] 순차읽기: 550MB/s / 순차쓰기: 470MB/s / 읽기IOPS: 100K / 쓰기IOPS: 90K / [지원기능] TRIM / GC / [환경특성] 두께: 6.8mm / 66g,2014/08,ok,
2026-10-01T01:29:14+00:00,103414364,삼성전자 850 PRO 중고 (1TB),https://prod.danawa.com/info/?pcode=103414364&cate=11229608,6.4cm(2.5형),SATA3(6Gb/s),1TB,,,삼성 3-CORE MEX,550MB/s,520MB/s,100K,90K,,,,,6.4cm(2.5형) / SATA3(6Gb/s) / 컨트롤러: 삼성 3-CORE MEX / [성능] 순차읽기: 550MB/s / 순차쓰기: 520MB/s / 읽기IOPS: 100K / 쓰기IOPS: 90K / [지원기능] TRIM / GC / [환경특성] 두께: 6.8mm / 66g,2014/08,ok,
2026-10-01T01:29:14+00:00,103414391,삼성전자 850 PRO 중고 (256GB),https://prod.danawa.com/info/?pcode=103414391&cate=11229608,6.4cm(2.5형),SATA3(6Gb/s),256GB,,,삼성 3-CORE MEX,550MB/s,520MB/s,100K,90K,,,,,6.4cm(2.5형) / SATA3(6Gb/s) / 컨트롤러: 삼성 3-CORE MEX / [성능] 순차읽기: 550MB/s / 순차쓰기: 520MB/s / 읽기IOPS: 100K / 쓰기IOPS: 90K / [지원기능] GC / TRIM / [환경특성] 두께: 6.8mm / 66g,2014/08,ok,
2026-10-01T01:29:14+00:00,103694015,삼성전자 850 PRO 중고 (2TB),https://prod.danawa.com/info/?pcode=103694015&cate=11229608,6.4cm(2.5형),SATA3(6Gb/s),2TB,,,삼성 3-CORE MEX,550MB/s,520MB/s,100K,90K,,,,,6.4cm(2.5형) / SATA3(6Gb/s) / MLC(토글) / 컨트롤러: 삼성 3-CORE MEX / [성능] 순차읽기: 550MB/s / 순차쓰기: 520MB/s / 읽기IOPS: 100K / 쓰기IOPS: 90K / [지원기능] TRIM / GC / [환경특성] 두께: 6.8mm / 최대 66g,2018/02,ok,
2026-10-01T01:29:14+00:00,106758209,삼성전자 850 PRO 중고 (512GB),https://prod.danawa.com/info/?pcode=106758209&cate=11229608,6.4cm(2.5형),SATA3(6Gb/s),512GB,,,삼성 3-CORE MEX,550MB/s,520MB/s,최대 100K,최대 90K,,,,,6.4cm(2.5형) / SATA3(6Gb/s) / 컨트롤러: 삼성 3-CORE MEX / [성능] 순차읽기: 550MB/s / 순차쓰기: 520MB/s / 읽기IOPS: 최대 100K / 쓰기IOPS: 최대 90K / [지원기능] TRIM / GC / [환경특성] 두께: 6.8mm / 최대 66g,2014/08,ok,
2026-10-01T01:29:14+00:00,5834333,삼성전자 860 EVO M.2 SATA (1TB),https://prod.danawa.com/info/?pcode=5834333&cate=11229608,M.2 (2280),SATA3 (6Gb/s),1TB,,DRAM 탑재,삼성 MJX,550MB/s,520MB/s,최대 97K,최대 88K,600TB,150만,"5년 , 제한보증",,"M.2 (2280) / SATA3 (6Gb/s) / TLC(토글) / DRAM 탑재 / DDR4 1GB / 컨트롤러: 삼성 MJX / [성능] 순차읽기: 550MB/s / 순차쓰기: 520MB/s / 읽기IOPS: 최대 97K / 쓰기IOPS: 최대 88K / [지원기능] TRIM / ECC / DEVSLP / SLC캐싱 / GC / S.M.A.R.T / AES 암호화 / 전용 S/W / [환경특성] MTBF: 150만 / TBW: 600TB / A/S기간: 5년 , 제한보증 / 두께: 2.38mm / 최대 8g / [기타] 구매전 병행수입 전환판매 여부 반드시 확인요망",2018/01,ok,
2026-10-01T01:29:14+00:00,5834313,삼성전자 860 EVO M.2 SATA (250GB),https://prod.danawa.com/info/?pcode=5834313&cate=11229608,M.2 (2280),SATA3 (6Gb/s),250GB,,DRAM 탑재,삼성 MJX,550MB/s,520MB/s,최대 97K,최대 88K,150TB,150만,5년,,M.2 (2280) / SATA3 (6Gb/s) / TLC(토글) / DRAM 탑재 / DDR4 512MB / 컨트롤러: 삼성 MJX / [성능] 순차읽기: 550MB/s / 순차쓰기: 520MB/s / 읽기IOPS: 최대 97K / 쓰기IOPS: 최대 88K / [지원기능] TRIM / ECC / DEVSLP / SLC캐싱 / GC / S.M.A.R.T / AES 암호화 / 전용 S/W / [환경특성] MTBF: 150만 / TBW: 150TB / A/S기간: 5년 / 두께: 2.38mm / 최대 8g / [기타] 구매전 병행수입 전환판매 여부 반드시 확인요망,2018/01,ok,
2026-10-01T01:29:14+00:00,6088334,삼성전자 860 EVO M.2 SATA 병행수입 (1TB),https://prod.danawa.com/info/?pcode=6088334&cate=11229608,M.2 (2280),SATA3 (6Gb/s),1TB,,DRAM 탑재,삼성 MJX,550MB/s,520MB/s,최대 97K,최대 88K,600TB,150만,,,M.2 (2280) / SATA3 (6Gb/s) / TLC(토글) / DRAM 탑재 / DDR4 1GB / 컨트롤러: 삼성 MJX / [성능] 순차읽기: 550MB/s / 순차쓰기: 520MB/s / 읽기IOPS: 최대 97K / 쓰기IOPS: 최대 88K / [지원기능] DEVSLP / TRIM / ECC / SLC캐싱 / GC / S.M.A.R.T / AES 암호화 / [환경특성] MTBF: 150만 / TBW: 600TB / 두께: 2.38mm / 최대 8g,2018/04,ok,
2026-10-01T01:29:14+00:00,6088330,삼성전자 860 EVO M.2 SATA 병행수입 (500GB),https://prod.danawa.com/info/?pcode=6088330&cate=11229608,M.2 (2280),SATA3 (6Gb/s),500GB,,DRAM 탑재,삼성 MJX,550MB/s,520MB/s,최대 97K,최대 88K,300TB,150만,,,M.2 (2280) / SATA3 (6Gb/s) / TLC(토글) / DRAM 탑재 / DDR4 512MB / 컨트롤러: 삼성 MJX / [성능] 순차읽기: 550MB/s / 순차쓰기: 520MB/s / 읽기IOPS: 최대 97K / 쓰기IOPS: 최대 88K / [지원기능] GC / S.M.A.R.T / SLC캐싱 / TRIM / ECC / DEVSLP / AES 암호화 / [환경특성] MTBF: 150만 / TBW: 300TB / 두께: 2.38mm / 최대 8g,2018/04,ok,
2026-10-01T01:29:14+00:00,108216242,삼성전자 860 EVO M.2 SATA 중고 (500GB),https://prod.danawa.com/info/?pcode=108216242&cate=11229608,M.2 (2280),SATA3 (6Gb/s),500GB,,DRAM 탑재,삼성 MJX,550MB/s,520MB/s,97K,88K,300TB,150만,,,M.2 (2280) / SATA3 (6Gb/s) / TLC(토글) / DRAM 탑재 / DDR4 512MB / 컨트롤러: 삼성 MJX / [성능] 순차읽기: 550MB/s / 순차쓰기: 520MB/s / 읽기IOPS: 97K / 쓰기IOPS: 88K / [지원기능] DEVSLP / TRIM / ECC / SLC캐싱 / GC / S.M.A.R.T / AES 암호화 / [환경특성] MTBF: 150만 / TBW: 300TB / 두께: 2.38mm / 최대 8g,2018/04,ok,
2026-10-01T01:29:14+00:00,6088515,삼성전자 860 EVO M.2 SATA 해외구매 (500GB),https://prod.danawa.com/info/?pcode=6088515&cate=11229608,M.2 (2280),SATA3 (6Gb/s),500GB,,DRAM 탑재,삼성 MJX,550MB/s,520MB/s,최대 97K,최대 88K,300TB,150만,,,M.2 (2280) / SATA3 (6Gb/s) / TLC(토글) / DRAM 탑재 / DDR4 512MB / 컨트롤러: 삼성 MJX / [성능] 순차읽기: 550MB/s / 순차쓰기: 520MB/s / 읽기IOPS: 최대 97K / 쓰기IOPS: 최대 88K / [지원기능] GC / S.M.A.R.T / SLC캐싱 / TRIM / ECC / DEVSLP / AES 암호화 / [환경특성] MTBF: 150만 / TBW: 300TB / 두께: 2.38mm / 최대 8g,2018/04,ok,
2026-10-01T01:29:14+00:00,5834415,삼성전자 860 EVO mSATA (500GB),https://prod.danawa.com/info/?pcode=5834415&cate=11229608,Mini SATA(mSATA),SATA3 (6Gb/s),500GB,,DRAM 탑재,삼성 MJX,550MB/s,520MB/s,최대 97K,최대 88K,300TB,150만,5년,,Mini SATA(mSATA) / SATA3 (6Gb/s) / TLC(토글) / DRAM 탑재 / DDR4 512MB / 컨트롤러: 삼성 MJX / [성능] 순차읽기: 550MB/s / 순차쓰기: 520MB/s / 읽기IOPS: 최대 97K / 쓰기IOPS: 최대 88K / [지원기능] DEVSLP / TRIM / ECC / SLC캐싱 / GC / S.M.A.R.T / AES 암호화 / 전용 S/W / [환경특성] MTBF: 150만 / TBW: 300TB / A/S기간: 5년 / 두께: 최대 3.85mm / 최대 8.5g / [기타] 구매전 병행수입 전환판매 여부 반드시 확인요망,2018/01,ok,
2026-10-01T01:29:14+00:00,18598769,삼성전자 860 EVO 중고 (1TB),https://prod.danawa.com/info/?pcode=18598769&cate=11229608,6.4cm(2.5형),SATA3 (6Gb/s),1TB,,DRAM 탑재,삼성 MJX,550MB/s,520MB/s,최대 98K,최대 90K,600TB,150만,,,6.4cm(2.5형) / SATA3 (6Gb/s) / TLC(토글) / DRAM 탑재 / DDR4 1GB / 컨트롤러: 삼성 MJX / [성능] 순차읽기: 550MB/s / 순차쓰기: 520MB/s / 읽기IOPS: 최대 98K / 쓰기IOPS: 최대 90K / [지원기능] DEVSLP / TRIM / ECC / SLC캐싱 / GC / S.M.A.R.T / AES 암호화 / [환경특성] MTBF: 150만 / TBW: 600TB / 두께: 6.8mm / 최대 51g,2022/12,ok,
2026-10-01T01:29:14+00:00,12049634,삼성전자 860 EVO 중고 (250GB),https://prod.danawa.com/info/?pcode=12049634&cate=11229608,6.4cm(2.5형),SATA3 (6Gb/s),250GB,,DRAM 탑재,삼성 MJX,550MB/s,520MB/s,최대 98K,최대 90K,,150만,,,6.4cm(2.5형) / SATA3 (6Gb/s) / TLC(토글) / DRAM 탑재 / DDR4 512MB / 컨트롤러: 삼성 MJX / [성능] 순차읽기: 550MB/s / 순차쓰기: 520MB/s / 읽기IOPS: 최대 98K / 쓰기IOPS: 최대 90K / [지원기능] GC / S.M.A.R.T / SLC캐싱 / TRIM / ECC / DEVSLP / AES 암호화 / [환경특성] MTBF: 150만 / 두께: 6.8mm / 최대 50g,2020/08,ok,
2026-10-01T01:29:14+00:00,102881504,삼성전자 860 EVO 중고 (2TB),https://prod.danawa.com/info/?pcode=102881504&cate=11229608,6.4cm(2.5형),SATA3 (6Gb/s),2TB,,DRAM 탑재,삼성 MJX,550MB/s,520MB/s,최대 98K,최대 90K,"1,200TB",150만,,,"6.4cm(2.5형) / SATA3 (6Gb/s) / TLC(토글) / DRAM 탑재 / DDR4 2GB / 컨트롤러: 삼성 MJX / [성능] 순차읽기: 550MB/s / 순차쓰기: 520MB/s / 읽기IOPS: 최대 98K / 쓰기IOPS: 최대 90K / [지원기능] DEVSLP / TRIM / ECC / SLC캐싱 / GC / S.M.A.R.T / AES 암호화 / [환경특성] MTBF: 150만 / TBW: 1,200TB / 두께: 6.8mm / 60g",2018/04,ok,
2026-10-01T01:29:14+00:00,18917678,삼성전자 860 EVO 중고 (500GB),https://prod.danawa.com/info/?pcode=18917678&cate=11229608,6.4cm(2.5형),SATA3 (6Gb/s),500GB,,DRAM 탑재,삼성 MJX,550MB/s,520MB/s,최대 98K,최대 90K,,150만,,,6.4cm(2.5형) / SATA3 (6Gb/s) / TLC(토글) / DRAM 탑재 / DDR4 512MB / 컨트롤러: 삼성 MJX / [성능] 순차읽기: 550MB/s / 순차쓰기: 520MB/s / 읽기IOPS: 최대 98K / 쓰기IOPS: 최대 90K / [지원기능] DEVSLP / TRIM / ECC / SLC캐싱 / GC / S.M.A.R.T / AES 암호화 / [환경특성] MTBF: 150만 / 두께: 6.8mm / 최대 50g,2018/03,ok,
2026-10-01T01:29:14+00:00,6088530,삼성전자 860 EVO 해외구매 (500GB),https://prod.danawa.com/info/?pcode=6088530&cate=11229608,6.4cm(2.5형),SATA3 (6Gb/s),500GB,,DRAM 탑재,삼성 MJX,550MB/s,520MB/s,최대 98K,최대 90K,300TB,150만,,,6.4cm(2.5형) / SATA3 (6Gb/s) / TLC(토글) / DRAM 탑재 / DDR4 512MB / 컨트롤러: 삼성 MJX / [성능] 순차읽기: 550MB/s / 순차쓰기: 520MB/s / 읽기IOPS: 최대 98K / 쓰기IOPS: 최대 90K / [지원기능] TRIM / ECC / DEVSLP / GC / SLC캐싱 / S.M.A.R.T / AES 암호화 / [환경특성] MTBF: 150만 / TBW: 300TB / 두께: 6.8mm / 최대 50g,2018/04,ok,
2026-10-01T01:29:14+00:00,5834144,삼성전자 860 PRO (1TB),https://prod.danawa.com/info/?pcode=5834144&cate=11229608,6.4cm(2.5형),SATA3 (6Gb/s),1TB,,DRAM 탑재,삼성 MJX,560MB/s,530MB/s,100K,90K,"1,200TB",200만,"5년 , 제한보증",,"6.4cm(2.5형) / SATA3 (6Gb/s) / MLC(토글) / DRAM 탑재 / DDR4 1GB / 컨트롤러: 삼성 MJX / [성능] 순차읽기: 560MB/s / 순차쓰기: 530MB/s / 읽기IOPS: 100K / 쓰기IOPS: 90K / [지원기능] TRIM / ECC / DEVSLP / GC / S.M.A.R.T / 전용 S/W / AES 암호화 / [환경특성] MTBF: 200만 / TBW: 1,200TB / A/S기간: 5년 , 제한보증 / 두께: 6.8mm / 최대 60g / [기타] 구매전 병행수입 전환판매 여부 반드시 확인요망",2018/01,ok,
2026-10-01T01:29:14+00:00,5834142,삼성전자 860 PRO (256GB),https://prod.danawa.com/info/?pcode=5834142&cate=11229608,6.4cm(2.5형),SATA3 (6Gb/s),256GB,,DRAM 탑재,삼성 MJX,560MB/s,530MB/s,최대 100K,최대 90K,300TB,200만,"5년 , 제한보증",,"6.4cm(2.5형) / SATA3 (6Gb/s) / MLC(토글) / DRAM 탑재 / DDR4 512MB / 컨트롤러: 삼성 MJX / [성능] 순차읽기: 560MB/s / 순차쓰기: 530MB/s / 읽기IOPS: 최대 100K / 쓰기IOPS: 최대 90K / [지원기능] DEVSLP / TRIM / ECC / GC / S.M.A.R.T / AES 암호화 / 전용 S/W / [환경특성] MTBF: 200만 / TBW: 300TB / A/S기간: 5년 , 제한보증 / 두께: 6.8mm / 최대 50g / [기타] 구매전 병행수입 전환판매 여부 반드시 확인요망",2018/01,ok,
2026-10-01T01:29:14+00:00,5834159,삼성전자 860 PRO (2TB),https://prod.danawa.com/info/?pcode=5834159&cate=11229608,6.4cm(2.5형),SATA3 (6Gb/s),2TB,,DRAM 탑재,삼성 MJX,560MB/s,530MB/s,최대 100K,최대 90K,"2,400TB",200만,"5년 , 제한보증",,"6.4cm(2.5형) / SATA3 (6Gb/s) / MLC(토글) / DRAM 탑재 / DDR4 2GB / 컨트롤러: 삼성 MJX / [성능] 순차읽기: 560MB/s / 순차쓰기: 530MB/s / 읽기IOPS: 최대 100K / 쓰기IOPS: 최대 90K / [지원기능] DEVSLP / TRIM / ECC / GC / S.M.A.R.T / 전용 S/W / AES 암호화 / [환경특성] MTBF: 200만 / TBW: 2,400TB / A/S기간: 5년 , 제한보증 / 두께: 6.8mm / 최대 62g / [기타] 구매전 병행수입 전환판매 여부 반드시 확인요망",2018/01,ok,
2026-10-01T01:29:14+00:00,5834143,삼성전자 860 PRO (512GB),https://prod.danawa.com/info/?pcode=5834143&cate=11229608,6.4cm(2.5형),SATA3 (6Gb/s),512GB,,DRAM 탑재,삼성 MJX,560MB/s,530MB/s,100K,90K,600TB,200만,"5년 , 제한보증",,"6.4cm(2.5형) / SATA3 (6Gb/s) / MLC(토글) / DRAM 탑재 / DDR4 512MB / 컨트롤러: 삼성 MJX / [성능] 순차읽기: 560MB/s / 순차쓰기: 530MB/s / 읽기IOPS: 100K / 쓰기IOPS: 90K / [지원기능] TRIM / ECC / DEVSLP / GC / S.M.A.R.T / AES 암호화 / 전용 S/W / [환경특성] MTBF: 200만 / TBW: 600TB / A/S기간: 5년 , 제한보증 / 두께: 6.8mm / 최대 51g / [기타] 구매전 병행수입 전환판매 여부 반드시 확인요망",2018/01,ok,
2026-10-01T01:29:14+00:00,6045087,삼성전자 860 PRO 병행수입 (1TB),https://prod.danawa.com/info/?pcode=6045087&cate=11229608,6.4cm(2.5형),SATA3 (6Gb/s),1TB,,DRAM 탑재,삼성 MJX,560MB/s,530MB/s,최대 100K,최대 90K,"1,200TB",200만,,,"6.4cm(2.5형) / SATA3 (6Gb/s) / MLC(토글) / DRAM 탑재 / DDR4 1GB / 컨트롤러: 삼성 MJX / [성능] 순차읽기: 560MB/s / 순차쓰기: 530MB/s / 읽기IOPS: 최대 100K / 쓰기IOPS: 최대 90K / [지원기능] TRIM / ECC / DEVSLP / GC / S.M.A.R.T / AES 암호화 / [환경특성] MTBF: 200만 / TBW: 1,200TB / 두께: 6.8mm / 최대 60g",2018/04,ok,
2026-10-01T01:29:14+00:00,5937310,삼성전자 860 PRO 병행수입 (256GB),https://prod.danawa.com/info/?pcode=5937310&cate=11229608,6.4cm(2.5형),SATA3 (6Gb/s),256GB,,DRAM 탑재,삼성 MJX,560MB/s,530MB/s,최대 100K,최대 90K,300TB,200만,,,"6.4cm(2.5형) / SATA3 (6Gb/s) / MLC(토글) / DRAM 탑재 / DDR4 512MB / 컨트롤러: 삼성 MJX / [성능] 순차읽기: 560MB/s / 순차쓰기: 530MB/s / 읽기IOPS: 최대 100K / 쓰기IOPS: 최대 90K / [지원기능] TRIM / ECC / DEVSLP / GC / S.M.A.R.T / AES 암호화 / [환경특성] MTBF: 200만 / TBW: 300TB / 두께: 6.8mm / 최대 50g / [기타] 중고, 벌크 여부 확인요망",2018/03,ok,
2026-10-01T01:29:14+00:00,5937319,삼성전자 860 PRO 병행수입 (512GB),https://prod.danawa.com/info/?pcode=5937319&cate=11229608,6.4cm(2.5형),SATA3 (6Gb/s),512GB,,DRAM 탑재,삼성 MJX,560MB/s,530MB/s,최대 100K,최대 90K,600TB,200만,,,"6.4cm(2.5형) / SATA3 (6Gb/s) / MLC(토글) / DRAM 탑재 / DDR4 512MB / 컨트롤러: 삼성 MJX / [성능] 순차읽기: 560MB/s / 순차쓰기: 530MB/s / 읽기IOPS: 최대 100K / 쓰기IOPS: 최대 90K / [지원기능] GC / S.M.A.R.T / TRIM / ECC / DEVSLP / AES 암호화 / [환경특성] MTBF: 200만 / TBW: 600TB / 두께: 6.8mm / 최대 50g / [기타] 중고, 벌크 여부 확인요망",2018/03,ok,
2026-10-01T01:29:14+00:00,103599896,삼성전자 860 PRO 중고 (1TB),https://prod.danawa.com/info/?pcode=103599896&cate=11229608,6.4cm(2.5형),SATA3 (6Gb/s),1TB,,DRAM 탑재,삼성 MJX,560MB/s,530MB/s,100K,90K,"1,200TB",200만,,,"6.4cm(2.5형) / SATA3 (6Gb/s) / MLC(토글) / DRAM 탑재 / DDR4 1GB / 컨트롤러: 삼성 MJX / [성능] 순차읽기: 560MB/s / 순차쓰기: 530MB/s / 읽기IOPS: 100K / 쓰기IOPS: 90K / [지원기능] GC / S.M.A.R.T / TRIM / ECC / DEVSLP / AES 암호화 / [환경특성] MTBF: 200만 / TBW: 1,200TB / 두께: 6.8mm / 최대 60g",2018/04,ok,
2026-10-01T01:29:14+00:00,103599887,삼성전자 860 PRO 중고 (256GB),https://prod.danawa.com/info/?pcode=103599887&cate=11229608,6.4cm(2.5형),SATA3 (6Gb/s),256GB,,DRAM 탑재,삼성 MJX,560MB/s,530MB/s,100K,90K,300TB,200만,,,6.4cm(2.5형) / SATA3 (6Gb/s) / MLC(토글) / DRAM 탑재 / DDR4 512MB / 컨트롤러: 삼성 MJX / [성능] 순차읽기: 560MB/s / 순차쓰기: 530MB/s / 읽기IOPS: 100K / 쓰기IOPS: 90K / [지원기능] DEVSLP / TRIM / ECC / GC / S.M.A.R.T / AES 암호화 / [환경특성] MTBF: 200만 / TBW: 300TB / 두께: 6.8mm / 최대 50g,2018/04,ok,
2026-10-01T01:29:14+00:00,103599890,삼성전자 860 PRO 중고 (512GB),https://prod.danawa.com/info/?pcode=103599890&cate=11229608,6.4cm(2.5형),SATA3 (6Gb/s),512GB,,DRAM 탑재,삼성 MJX,560MB/s,530MB/s,100K,90K,600TB,200만,,,6.4cm(2.5형) / SATA3 (6Gb/s) / MLC(토글) / DRAM 탑재 / DDR4 512MB / 컨트롤러: 삼성 MJX / [성능] 순차읽기: 560MB/s / 순차쓰기: 530MB/s / 읽기IOPS: 100K / 쓰기IOPS: 90K / [지원기능] DEVSLP / TRIM / ECC / GC / S.M.A.R.T / AES 암호화 / [환경특성] MTBF: 200만 / TBW: 600TB / 두께: 6.8mm / 최대 51g,2018/04,ok,
2026-10-01T01:29:14+00:00,122711824,삼성전자 860 QVO 중고 (1TB),https://prod.danawa.com/info/?pcode=122711824&cate=11229608,6.4cm(2.5형),SATA3 (6Gb/s),1TB,QLC,DRAM 탑재,삼성 MJX,550MB/s,520MB/s,최대 96K,최대 89K,360TB,150만,,,6.4cm(2.5형) / SATA3 (6Gb/s) / QLC / DRAM 탑재 / DDR4 1GB / 컨트롤러: 삼성 MJX / [성능] 순차읽기: 550MB/s / 순차쓰기: 520MB/s / 읽기IOPS: 최대 96K / 쓰기IOPS: 최대 89K / [지원기능] TRIM / S.M.A.R.T / SLC캐싱 / GC / ECC / DEVSLP / AES 암호화 / [환경특성] MTBF: 150만 / TBW: 360TB / 두께: 6.8mm / 51g / [기타] TurboWrite 버퍼 사이즈: 최대 42GB,2018/11,ok,
2026-10-01T01:29:14+00:00,13190573,삼성전자 870 EVO (1TB),https://prod.danawa.com/info/?pcode=13190573&cate=11229608,6.4cm(2.5형),SATA3 (6Gb/s),1TB,,DRAM 탑재,삼성 MKX,560MB/s,530MB/s,98K,88K,600TB,150만,"5년 , 제한보증",,"6.4cm(2.5형) / SATA3 (6Gb/s) / TLC(토글) / DRAM 탑재 / DDR4 1GB / 컨트롤러: 삼성 MKX / [성능] 순차읽기: 560MB/s / 순차쓰기: 530MB/s / 읽기IOPS: 98K / 쓰기IOPS: 88K / [지원기능] TRIM / SLC캐싱 / GC / S.M.A.R.T / AES 암호화 / 전용 S/W / [환경특성] MTBF: 150만 / TBW: 600TB / SLC: 42GB / A/S기간: 5년 , 제한보증 / 두께: 6.8mm / 45g",2021/01,ok,
2026-10-01T01:29:14+00:00,13190384,삼성전자 870 EVO (250GB),https://prod.danawa.com/info/?pcode=13190384&cate=11229608,6.4cm(2.5형),SATA3 (6Gb/s),250GB,,DRAM 탑재,삼성 MKX,560MB/s,530MB/s,98K,88K,150TB,150만,"5년 , 제한보증",,"6.4cm(2.5형) / SATA3 (6Gb/s) / TLC(토글) / DRAM 탑재 / DDR4 512MB / 컨트롤러: 삼성 MKX / [성능] 순차읽기: 560MB/s / 순차쓰기: 530MB/s / 읽기IOPS: 98K / 쓰기IOPS: 88K / [지원기능] GC / S.M.A.R.T / SLC캐싱 / TRIM / AES 암호화 / 전용 S/W / [환경특성] MTBF: 150만 / TBW: 150TB / SLC: 12GB / A/S기간: 5년 , 제한보증 / 두께: 6.8mm / 45g",2021/01,ok,
2026-10-01T01:29:14+00:00,13190630,삼성전자 870 EVO (2TB),https://prod.danawa.com/info/?pcode=13190630&cate=11229608,6.4cm(2.5형),SATA3 (6Gb/s),2TB,,DRAM 탑재,삼성 MKX,560MB/s,530MB/s,98K,88K,"1,200TB",150만,"5년 , 제한보증",,"6.4cm(2.5형) / SATA3 (6Gb/s) / TLC(토글) / DRAM 탑재 / DDR4 2GB / 컨트롤러: 삼성 MKX / [성능] 순차읽기: 560MB/s / 순차쓰기: 530MB/s / 읽기IOPS: 98K / 쓰기IOPS: 88K / [지원기능] TRIM / SLC캐싱 / GC / S.M.A.R.T / AES 암호화 / 전용 S/W / [환경특성] MTBF: 150만 / TBW: 1,200TB / SLC: 78GB / A/S기간: 5년 , 제한보증 / 두께: 6.8mm / 46g",2021/01,ok,
2026-10-01T01:29:14+00:00,13190711,삼성전자 870 EVO (4TB),https://prod.danawa.com/info/?pcode=13190711&cate=11229608,6.4cm(2.5형),SATA3 (6Gb/s),4TB,,DRAM 탑재,삼성 MKX,560MB/s,530MB/s,98K,88K,"2,400TB",150만,"5년 , 제한보증",,"6.4cm(2.5형) / SATA3 (6Gb/s) / TLC(토글) / DRAM 탑재 / DDR4 4GB / 컨트롤러: 삼성 MKX / [성능] 순차읽기: 560MB/s / 순차쓰기: 530MB/s / 읽기IOPS: 98K / 쓰기IOPS: 88K / [지원기능] TRIM / SLC캐싱 / GC / S.M.A.R.T / AES 암호화 / 전용 S/W / [환경특성] MTBF: 150만 / TBW: 2,400TB / SLC: 78GB / A/S기간: 5년 , 제한보증 / 두께: 6.8mm / 48g",2021/01,ok,
2026-10-01T01:29:14+00:00,13190519,삼성전자 870 EVO (500GB),https://prod.danawa.com/info/?pcode=13190519&cate=11229608,6.4cm(2.5형),SATA3 (6Gb/s),500GB,,DRAM 탑재,삼성 MKX,560MB/s,530MB/s,98K,88K,300TB,150만,"5년 , 제한보증",,"6.4cm(2.5형) / SATA3 (6Gb/s) / TLC(토글) / DRAM 탑재 / DDR4 512MB / 컨트롤러: 삼성 MKX / [성능] 순차읽기: 560MB/s / 순차쓰기: 530MB/s / 읽기IOPS: 98K / 쓰기IOPS: 88K / [지원기능] TRIM / S.M.A.R.T / SLC캐싱 / GC / AES 암호화 / 전용 S/W / [환경특성] MTBF: 150만 / TBW: 300TB / SLC: 22GB / A/S기간: 5년 , 제한보증 / 두께: 6.8mm / 45g",2021/01,ok,
2026-10-01T01:29:14+00:00,106736903,삼성전자 870 EVO (8TB),https://prod.danawa.com/info/?pcode=106736903&cate=11229608,6.4cm(2.5형),SATA3 (6Gb/s),8TB,,DRAM 탑재,삼성 MKX,560MB/s,530MB/s,98K,88K,"4,800TB",150만,"제한보증 , 5년",,"6.4cm(2.5형) / SATA3 (6Gb/s) / TLC(토글) / DRAM 탑재 / DDR4 8GB / 컨트롤러: 삼성 MKX / [성능] 순차읽기: 560MB/s / 순차쓰기: 530MB/s / 읽기IOPS: 98K / 쓰기IOPS: 88K / [지원기능] TRIM / GC / SLC캐싱 / S.M.A.R.T / AES 암호화 / 전용 S/W / [환경특성] MTBF: 150만 / TBW: 4,800TB / A/S기간: 제한보증 , 5년 / 두께: 6.8mm / 48g",2021/01,ok,
2026-10-01T01:29:14+00:00,13311974,삼성전자 870 EVO 병행수입 (1TB),https://prod.danawa.com/info/?pcode=13311974&cate=11229608,6.4cm(2.5형),SATA3 (6Gb/s),1TB,,DRAM 탑재,삼성 MKX,560MB/s,530MB/s,98K,88K,600TB,150만,,,6.4cm(2.5형) / SATA3 (6Gb/s) / TLC(토글) / DRAM 탑재 / DDR4 1GB / 컨트롤러: 삼성 MKX / [성능] 순차읽기: 560MB/s / 순차쓰기: 530MB/s / 읽기IOPS: 98K / 쓰기IOPS: 88K / [지원기능] TRIM / GC / SLC캐싱 / S.M.A.R.T / AES 암호화 / 전용 S/W / [환경특성] MTBF: 150만 / TBW: 600TB / 두께: 6.8mm / 45g,2021/01,ok,
2026-10-01T01:29:14+00:00,13349057,삼성전자 870 EVO 병행수입 (250GB),https://prod.danawa.com/info/?pcode=13349057&cate=11229608,6.4cm(2.5형),SATA3 (6Gb/s),250GB,,DRAM 탑재,삼성 MKX,560MB/s,530MB/s,98K,88K,150TB,150만,,,6.4cm(2.5형) / SATA3 (6Gb/s) / TLC(토글) / DRAM 탑재 / DDR4 512MB / 컨트롤러: 삼성 MKX / [성능] 순차읽기: 560MB/s / 순차쓰기: 530MB/s / 읽기IOPS: 98K / 쓰기IOPS: 88K / [지원기능] TRIM / SLC캐싱 / GC / S.M.A.R.T / AES 암호화 / 전용 S/W / [환경특성] MTBF: 150만 / TBW: 150TB / SLC: 12GB / 두께: 6.8mm / 45g,2021/01,ok,
2026-10-01T01:29:14+00:00,13417007,삼성전자 870 EVO 병행수입 (2TB),https://prod.danawa.com/info/?pcode=13417007&cate=11229608,6.4cm(2.5형),SATA3 (6Gb/s),2TB,,DRAM 탑재,삼성 MKX,560MB/s,530MB/s,98K,88K,600TB,150만,,,6.4cm(2.5형) / SATA3 (6Gb/s) / TLC(토글) / DRAM 탑재 / DDR4 2GB / 컨트롤러: 삼성 MKX / [성능] 순차읽기: 560MB/s / 순차쓰기: 530MB/s / 읽기IOPS: 98K / 쓰기IOPS: 88K / [지원기능] TRIM / SLC캐싱 / GC / S.M.A.R.T / 전용 S/W / AES 암호화 / [환경특성] MTBF: 150만 / TBW: 600TB / SLC: 78GB / 두께: 6.8mm / 45g,2021/01,ok,
2026-10-01T01:29:14+00:00,13860719,삼성전자 870 EVO 병행수입 (4TB),https://prod.danawa.com/info/?pcode=13860719&cate=11229608,6.4cm(2.5형),SATA3 (6Gb/s),4TB,,DRAM 탑재,삼성 MKX,560MB/s,530MB/s,98K,88K,"2,400TB",150만,,,"6.4cm(2.5형) / SATA3 (6Gb/s) / TLC(토글) / DRAM 탑재 / DDR4 4GB / 컨트롤러: 삼성 MKX / [성능] 순차읽기: 560MB/s / 순차쓰기: 530MB/s / 읽기IOPS: 98K / 쓰기IOPS: 88K / [지원기능] TRIM / SLC캐싱 / GC / S.M.A.R.T / AES 암호화 / 전용 S/W / [환경특성] MTBF: 150만 / TBW: 2,400TB / SLC: 78GB / 두께: 6.8mm / 45g",2021/01,ok,
2026-10-01T01:29:14+00:00,13312010,삼성전자 870 EVO 병행수입 (500GB),https://prod.danawa.com/info/?pcode=13312010&cate=11229608,6.4cm(2.5형),SATA3 (6Gb/s),500GB,,DRAM 탑재,삼성 MKX,560MB/s,530MB/s,98K,88K,600TB,150만,,,6.4cm(2.5형) / SATA3 (6Gb/s) / TLC(토글) / DRAM 탑재 / DDR3 512MB / 컨트롤러: 삼성 MKX / [성능] 순차읽기: 560MB/s / 순차쓰기: 530MB/s / 읽기IOPS: 98K / 쓰기IOPS: 88K / [지원기능] TRIM / SLC캐싱 / GC / S.M.A.R.T / AES 암호화 / 전용 S/W / [환경특성] MTBF: 150만 / TBW: 600TB / SLC: 22GB / 두께: 6.8mm / 45g,2021/01,ok,
2026-10-01T01:29:14+00:00,122692996,삼성전자 870 EVO 병행수입 (8TB),https://prod.danawa.com/info/?pcode=122692996&cate=11229608,6.4cm(2.5형),SATA3 (6Gb/s),8TB,,DRAM 탑재,삼성 MKX,560MB/s,530MB/s,98K,88K,"4,800TB",150만,,,"6.4cm(2.5형) / SATA3 (6Gb/s) / TLC(토글) / DRAM 탑재 / DDR4 8GB / 컨트롤러: 삼성 MKX / [성능] 순차읽기: 560MB/s / 순차쓰기: 530MB/s / 읽기IOPS: 98K / 쓰기IOPS: 88K / [지원기능] TRIM / GC / SLC캐싱 / S.M.A.R.T / AES 암호화 / 전용 S/W / [환경특성] MTBF: 150만 / TBW: 4,800TB / 두께: 6.8mm / 48g",2021/01,ok,
2026-10-01T01:29:14+00:00,98085815,삼성전자 870 EVO 중고 (1TB),https://prod.danawa.com/info/?pcode=98085815&cate=11229608,6.4cm(2.5형),SATA3 (6Gb/s),1TB,,DRAM 탑재,삼성 MKX,560MB/s,530MB/s,98K,88K,600TB,150만,,,6.4cm(2.5형) / SATA3 (6Gb/s) / TLC(토글) / DRAM 탑재 / DDR4 1GB / 컨트롤러: 삼성 MKX / [성능] 순차읽기: 560MB/s / 순차쓰기: 530MB/s / 읽기IOPS: 98K / 쓰기IOPS: 88K / [지원기능] TRIM / SLC캐싱 / GC / S.M.A.R.T / AES 암호화 / 전용 S/W / [환경특성] MTBF: 150만 / TBW: 600TB / SLC: 42GB / 두께: 6.8mm / 45g,2021/01,ok,
2026-10-01T01:29:14+00:00,98085782,삼성전자 870 EVO 중고 (250GB),https://prod.danawa.com/info/?pcode=98085782&cate=11229608,6.4cm(2.5형),SATA3 (6Gb/s),250GB,,DRAM 탑재,삼성 MKX,560MB/s,530MB/s,98K,88K,150TB,150만,,,6.4cm(2.5형) / SATA3 (6Gb/s) / TLC(토글) / DRAM 탑재 / DDR4 512MB / 컨트롤러: 삼성 MKX / [성능] 순차읽기: 560MB/s / 순차쓰기: 530MB/s / 읽기IOPS: 98K / 쓰기IOPS: 88K / [지원기능] TRIM / SLC캐싱 / GC / S.M.A.R.T / AES 암호화 / 전용 S/W / [환경특성] MTBF: 150만 / TBW: 150TB / SLC: 12GB / 두께: 6.8mm / 45g,2021/01,ok,
2026-10-01T01:29:14+00:00,100269854,삼성전자 870 EVO 중고 (2TB),https://prod.danawa.com/info/?pcode=100269854&cate=11229608,6.4cm(2.5형),SATA3 (6Gb/s),2TB,,DRAM 탑재,삼성 MKX,560MB/s,530MB/s,98K,88K,600TB,150만,,,6.4cm(2.5형) / SATA3 (6Gb/s) / TLC(토글) / DRAM 탑재 / DDR4 2GB / 컨트롤러: 삼성 MKX / [성능] 순차읽기: 560MB/s / 순차쓰기: 530MB/s / 읽기IOPS: 98K / 쓰기IOPS: 88K / [지원기능] TRIM / SLC캐싱 / GC / S.M.A.R.T / AES 암호화 / 전용 S/W / [환경특성] MTBF: 150만 / TBW: 600TB / SLC: 78GB / 두께: 6.8mm / 45g,2021/01,ok,
2026-10-01T01:29:14+00:00,102355313,삼성전자 870 EVO 중고 (4TB),https://prod.danawa.com/info/?pcode=102355313&cate=11229608,6.4cm(2.5형),SATA3 (6Gb/s),4TB,,DRAM 탑재,삼성 MKX,560MB/s,530MB/s,98K,88K,"2,400TB",150만,,,"6.4cm(2.5형) / SATA3 (6Gb/s) / TLC(토글) / DRAM 탑재 / DDR4 4GB / 컨트롤러: 삼성 MKX / [성능] 순차읽기: 560MB/s / 순차쓰기: 530MB/s / 읽기IOPS: 98K / 쓰기IOPS: 88K / [지원기능] SLC캐싱 / GC / S.M.A.R.T / TRIM / 전용 S/W / AES 암호화 / [환경특성] MTBF: 150만 / TBW: 2,400TB / SLC: 78GB / 두께: 6.8mm / 45g",2021/01,ok,
2026-10-01T01:29:14+00:00,98590820,삼성전자 870 EVO 중고 (500GB),https://prod.danawa.com/info/?pcode=98590820&cate=11229608,6.4cm(2.5형),SATA3 (6Gb/s),500GB,,DRAM 탑재,삼성 MKX,560MB/s,530MB/s,98K,88K,300TB,150만,,,6.4cm(2.5형) / SATA3 (6Gb/s) / TLC(토글) / DRAM 탑재 / DDR4 512MB / 컨트롤러: 삼성 MKX / [성능] 순차읽기: 560MB/s / 순차쓰기: 530MB/s / 읽기IOPS: 98K / 쓰기IOPS: 88K / [지원기능] TRIM / SLC캐싱 / GC / S.M.A.R.T / AES 암호화 / 전용 S/W / [환경특성] MTBF: 150만 / TBW: 300TB / SLC: 22GB / 두께: 6.8mm / 45g,2021/01,ok,
2026-10-01T01:29:14+00:00,13552388,삼성전자 870 EVO 해외구매 (1TB),https://prod.danawa.com/info/?pcode=13552388&cate=11229608,6.4cm(2.5형),SATA3 (6Gb/s),1TB,,DRAM 탑재,삼성 MKX,560MB/s,530MB/s,98K,88K,600TB,150만,,,6.4cm(2.5형) / SATA3 (6Gb/s) / TLC(토글) / DRAM 탑재 / DDR4 1GB / 컨트롤러: 삼성 MKX / [성능] 순차읽기: 560MB/s / 순차쓰기: 530MB/s / 읽기IOPS: 98K / 쓰기IOPS: 88K / [지원기능] TRIM / GC / SLC캐싱 / S.M.A.R.T / AES 암호화 / 전용 S/W / [환경특성] MTBF: 150만 / TBW: 600TB / SLC: 42GB / 두께: 6.8mm / 45g,2021/01,ok,
2026-10-01T01:29:14+00:00,13552019,삼성전자 870 EVO 해외구매 (250GB),https://prod.danawa.com/info/?pcode=13552019&cate=11229608,6.4cm(2.5형),SATA3 (6Gb/s),250GB,,DRAM 탑재,삼성 MKX,560MB/s,530MB/s,98K,88K,150TB,150만,,,6.4cm(2.5형) / SATA3 (6Gb/s) / TLC(토글) / DRAM 탑재 / DDR4 512MB / 컨트롤러: 삼성 MKX / [성능] 순차읽기: 560MB/s / 순차쓰기: 530MB/s / 읽기IOPS: 98K / 쓰기IOPS: 88K / [지원기능] TRIM / SLC캐싱 / GC / S.M.A.R.T / AES 암호화 / 전용 S/W / [환경특성] MTBF: 150만 / TBW: 150TB / SLC: 12GB / 두께: 6.8mm / 45g,2021/01,ok,
2026-10-01T01:29:14+00:00,13552874,삼성전자 870 EVO 해외구매 (2TB),https://prod.danawa.com/info/?pcode=13552874&cate=11229608,6.4cm(2.5형),SATA3 (6Gb/s),2TB,,DRAM 탑재,삼성 MKX,560MB/s,530MB/s,98K,88K,600TB,150만,,,6.4cm(2.5형) / SATA3 (6Gb/s) / TLC(토글) / DRAM 탑재 / DDR4 2GB / 컨트롤러: 삼성 MKX / [성능] 순차읽기: 560MB/s / 순차쓰기: 530MB/s / 읽기IOPS: 98K / 쓰기IOPS: 88K / [지원기능] TRIM / GC / SLC캐싱 / S.M.A.R.T / AES 암호화 / 전용 S/W / [환경특성] MTBF: 150만 / TBW: 600TB / SLC: 78GB / 두께: 6.8mm / 45g,2021/01,ok,
2026-10-01T01:29:14+00:00,13552973,삼성전자 870 EVO 해외구매 (4TB),https://prod.danawa.com/info/?pcode=13552973&cate=11229608,6.4cm(2.5형),SATA3 (6Gb/s),4TB,,DRAM 탑재,삼성 MKX,560MB/s,530MB/s,98K,88K,"2,400TB",150만,,,"6.4cm(2.5형) / SATA3 (6Gb/s) / TLC(토글) / DRAM 탑재 / DDR4 4GB / 컨트롤러: 삼성 MKX / [성능] 순차읽기: 560MB/s / 순차쓰기: 530MB/s / 읽기IOPS: 98K / 쓰기IOPS: 88K / [지원기능] TRIM / GC / SLC캐싱 / S.M.A.R.T / AES 암호화 / 전용 S/W / [환경특성] MTBF: 150만 / TBW: 2,400TB / SLC: 78GB / 두께: 6.8mm / 45g",2021/01,ok,
2026-10-01T01:29:14+00:00,13552346,삼성전자 870 EVO 해외구매 (500GB),https://prod.danawa.com/info/?pcode=13552346&cate=11229608,6.4cm(2.5형),SATA3 (6Gb/s),500GB,,DRAM 탑재,삼성 MKX,560MB/s,530MB/s,98K,88K,600TB,150만,,,6.4cm(2.5형) / SATA3 (6Gb/s) / TLC(토글) / DRAM 탑재 / DDR3 512MB / 컨트롤러: 삼성 MKX / [성능] 순차읽기: 560MB/s / 순차쓰기: 530MB/s / 읽기IOPS: 98K / 쓰기IOPS: 88K / [지원기능] TRIM / SLC캐싱 / GC / S.M.A.R.T / 전용 S/W / AES 암호화 / [환경특성] MTBF: 150만 / TBW: 600TB / SLC: 22GB / 두께: 6.8mm / 45g,2021/01,ok,
2026-10-01T01:29:14+00:00,12092096,삼성전자 870 QVO (1TB),https://prod.danawa.com/info/?pcode=12092096&cate=11229608,6.4cm(2.5형),SATA3 (6Gb/s),1TB,QLC,DRAM 탑재,삼성 MKX,560MB/s,530MB/s,98K,88K,360TB,150만,"제한보증 , 3년",,"6.4cm(2.5형) / SATA3 (6Gb/s) / QLC / DRAM 탑재 / DDR4 1GB / 컨트롤러: 삼성 MKX / [성능] 순차읽기: 560MB/s / 순차쓰기: 530MB/s / 읽기IOPS: 98K / 쓰기IOPS: 88K / [지원기능] TRIM / ECC / DEVSLP / GC / SLC캐싱 / S.M.A.R.T / AES 암호화 / [환경특성] MTBF: 150만 / TBW: 360TB / SLC: 42GB / A/S기간: 제한보증 , 3년 / 두께: 6.8mm / 46g",2020/06,ok,
2026-10-01T01:29:14+00:00,12092081,삼성전자 870 QVO (2TB),https://prod.danawa.com/info/?pcode=12092081&cate=11229608,6.4cm(2.5형),SATA3 (6Gb/s),2TB,QLC,DRAM 탑재,삼성 MKX,560MB/s,530MB/s,98K,88K,720TB,150만,"3년 , 제한보증",,"6.4cm(2.5형) / SATA3 (6Gb/s) / QLC / DRAM 탑재 / DDR4 2GB / 컨트롤러: 삼성 MKX / [성능] 순차읽기: 560MB/s / 순차쓰기: 530MB/s / 읽기IOPS: 98K / 쓰기IOPS: 88K / [지원기능] DEVSLP / TRIM / ECC / SLC캐싱 / GC / S.M.A.R.T / AES 암호화 / [환경특성] MTBF: 150만 / TBW: 720TB / SLC: 78GB / A/S기간: 3년 , 제한보증 / 두께: 6.8mm / 46g",2020/06,ok,
2026-10-01T01:29:14+00:00,12092057,삼성전자 870 QVO (4TB),https://prod.danawa.com/info/?pcode=12092057&cate=11229608,6.4cm(2.5형),SATA3 (6Gb/s),4TB,QLC,DRAM 탑재,삼성 MKX,560MB/s,530MB/s,98K,88K,"1,440TB",150만,"제한보증 , 3년",,"6.4cm(2.5형) / SATA3 (6Gb/s) / QLC / DRAM 탑재 / DDR4 4GB / 컨트롤러: 삼성 MKX / [성능] 순차읽기: 560MB/s / 순차쓰기: 530MB/s / 읽기IOPS: 98K / 쓰기IOPS: 88K / [지원기능] DEVSLP / TRIM / ECC / SLC캐싱 / GC / S.M.A.R.T / AES 암호화 / [환경특성] MTBF: 150만 / TBW: 1,440TB / SLC: 78GB / A/S기간: 제한보증 , 3년 / 두께: 6.8mm / 54g",2020/06,ok,
2026-10-01T01:29:14+00:00,11711015,삼성전자 870 QVO (8TB),https://prod.danawa.com/info/?pcode=11711015&cate=11229608,6.4cm(2.5형),SATA3 (6Gb/s),8TB,QLC,DRAM 탑재,삼성 MKX,560MB/s,530MB/s,98K,88K,"2,880TB",150만,"3년 , 제한보증",,"6.4cm(2.5형) / SATA3 (6Gb/s) / QLC / DRAM 탑재 / DDR4 8GB / 컨트롤러: 삼성 MKX / [성능] 순차읽기: 560MB/s / 순차쓰기: 530MB/s / 읽기IOPS: 98K / 쓰기IOPS: 88K / [지원기능] DEVSLP / TRIM / ECC / SLC캐싱 / GC / S.M.A.R.T / AES 암호화 / [환경특성] MTBF: 150만 / TBW: 2,880TB / SLC: 78GB / A/S기간: 3년 , 제한보증 / 두께: 6.8mm / 57g",2020/06,ok,
2026-10-01T01:29:14+00:00,13041338,삼성전자 870 QVO 병행수입 (1TB),https://prod.danawa.com/info/?pcode=13041338&cate=11229608,6.4cm(2.5형),SATA3 (6Gb/s),1TB,QLC,DRAM 탑재,삼성 MKX,560MB/s,530MB/s,98K,88K,360TB,150만,,,6.4cm(2.5형) / SATA3 (6Gb/s) / QLC / DRAM 탑재 / DDR4 1GB / 컨트롤러: 삼성 MKX / [성능] 순차읽기: 560MB/s / 순차쓰기: 530MB/s / 읽기IOPS: 98K / 쓰기IOPS: 88K / [지원기능] DEVSLP / TRIM / ECC / SLC캐싱 / GC / S.M.A.R.T / AES 암호화 / [환경특성] MTBF: 150만 / TBW: 360TB / SLC: 42GB / 두께: 6.8mm / 46g,2020/12,ok,
2026-10-01T01:29:14+00:00,13057166,삼성전자 870 QVO 병행수입 (2TB),https://prod.danawa.com/info/?pcode=13057166&cate=11229608,6.4cm(2.5형),SATA3 (6Gb/s),2TB,QLC,DRAM 탑재,삼성 MKX,560MB/s,530MB/s,98K,88K,720TB,150만,,,6.4cm(2.5형) / SATA3 (6Gb/s) / QLC / DRAM 탑재 / DDR4 2GB / 컨트롤러: 삼성 MKX / [성능] 순차읽기: 560MB/s / 순차쓰기: 530MB/s / 읽기IOPS: 98K / 쓰기IOPS: 88K / [지원기능] DEVSLP / TRIM / ECC / SLC캐싱 / GC / S.M.A.R.T / AES 암호화 / [환경특성] MTBF: 150만 / TBW: 720TB / SLC: 78GB / 두께: 6.8mm / 46g,2021/01,ok,
2026-10-01T01:29:14+00:00,13057157,삼성전자 870 QVO 병행수입 (4TB),https://prod.danawa.com/info/?pcode=13057157&cate=11229608,6.4cm(2.5형),SATA3 (6Gb/s),4TB,QLC,DRAM 탑재,삼성 MKX,560MB/s,530MB/s,98K,88K,"1,440TB",150만,,,"6.4cm(2.5형) / SATA3 (6Gb/s) / QLC / DRAM 탑재 / DDR4 4GB / 컨트롤러: 삼성 MKX / [성능] 순차읽기: 560MB/s / 순차쓰기: 530MB/s / 읽기IOPS: 98K / 쓰기IOPS: 88K / [지원기능] TRIM / ECC / DEVSLP / SLC캐싱 / GC / S.M.A.R.T / AES 암호화 / [환경특성] MTBF: 150만 / TBW: 1,440TB / SLC: 78GB / 두께: 6.8mm / 54g",2021/01,ok,
2026-10-01T01:29:14+00:00,13057169,삼성전자 870 QVO 병행수입 (8TB),https://prod.danawa.com/info/?pcode=13057169&cate=11229608,6.4cm(2.5형),SATA3 (6Gb/s),8TB,QLC,DRAM 탑재,삼성 MKX,560MB/s,530MB/s,98K,88K,"2,880TB",150만,,,"6.4cm(2.5형) / SATA3 (6Gb/s) / QLC / DRAM 탑재 / DDR4 8GB / 컨트롤러: 삼성 MKX / [성능] 순차읽기: 560MB/s / 순차쓰기: 530MB/s / 읽기IOPS: 98K / 쓰기IOPS: 88K / [지원기능] DEVSLP / TRIM / ECC / SLC캐싱 / GC / S.M.A.R.T / AES 암호화 / [환경특성] MTBF: 150만 / TBW: 2,880TB / SLC: 78GB / 두께: 6.8mm / 57g",2020/06,ok,
2026-10-01T01:29:14+00:00,98085854,삼성전자 870 QVO 중고 (1TB),https://prod.danawa.com/info/?pcode=98085854&cate=11229608,6.4cm(2.5형),SATA3 (6Gb/s),1TB,QLC,DRAM 탑재,삼성 MKX,560MB/s,530MB/s,98K,88K,360TB,150만,,,6.4cm(2.5형) / SATA3 (6Gb/s) / QLC / DRAM 탑재 / DDR4 1GB / 컨트롤러: 삼성 MKX / [성능] 순차읽기: 560MB/s / 순차쓰기: 530MB/s / 읽기IOPS: 98K / 쓰기IOPS: 88K / [지원기능] DEVSLP / TRIM / ECC / SLC캐싱 / GC / S.M.A.R.T / AES 암호화 / [환경특성] MTBF: 150만 / TBW: 360TB / SLC: 42GB / 두께: 6.8mm / 46g,2020/12,ok,
2026-10-01T01:29:14+00:00,98918660,삼성전자 870 QVO 중고 (2TB),https://prod.danawa.com/info/?pcode=98918660&cate=11229608,6.4cm(2.5형),SATA3 (6Gb/s),2TB,QLC,DRAM 탑재,삼성 MKX,560MB/s,530MB/s,98K,88K,720TB,150만,,,6.4cm(2.5형) / SATA3 (6Gb/s) / QLC / DRAM 탑재 / DDR4 2GB / 컨트롤러: 삼성 MKX / [성능] 순차읽기: 560MB/s / 순차쓰기: 530MB/s / 읽기IOPS: 98K / 쓰기IOPS: 88K / [지원기능] TRIM / ECC / DEVSLP / GC / SLC캐싱 / S.M.A.R.T / AES 암호화 / [환경특성] MTBF: 150만 / TBW: 720TB / SLC: 78GB / 두께: 6.8mm / 46g,2021/01,ok,
2026-10-01T01:29:14+00:00,97838735,삼성전자 870 QVO 중고 (4TB),https://prod.danawa.com/info/?pcode=97838735&cate=11229608,6.4cm(2.5형),SATA3 (6Gb/s),4TB,QLC,DRAM 탑재,삼성 MKX,560MB/s,530MB/s,98K,88K,"1,440TB",150만,,,"6.4cm(2.5형) / SATA3 (6Gb/s) / QLC / DRAM 탑재 / DDR4 4GB / 컨트롤러: 삼성 MKX / [성능] 순차읽기: 560MB/s / 순차쓰기: 530MB/s / 읽기IOPS: 98K / 쓰기IOPS: 88K / [지원기능] GC / S.M.A.R.T / SLC캐싱 / TRIM / ECC / DEVSLP / AES 암호화 / [환경특성] MTBF: 150만 / TBW: 1,440TB / SLC: 78GB / 두께: 6.8mm / 54g",2021/01,ok,
2026-10-01T01:29:14+00:00,106758191,삼성전자 870 QVO 중고 (8TB),https://prod.danawa.com/info/?pcode=106758191&cate=11229608,6.4cm(2.5형),SATA3 (6Gb/s),8TB,QLC,DRAM 탑재,삼성 MKX,560MB/s,530MB/s,98K,88K,"2,880TB",150만,,,"6.4cm(2.5형) / SATA3 (6Gb/s) / QLC / DRAM 탑재 / DDR4 8GB / 컨트롤러: 삼성 MKX / [성능] 순차읽기: 560MB/s / 순차쓰기: 530MB/s / 읽기IOPS: 98K / 쓰기IOPS: 88K / [지원기능] TRIM / ECC / DEVSLP / GC / SLC캐싱 / S.M.A.R.T / AES 암호화 / [환경특성] MTBF: 150만 / TBW: 2,880TB / SLC: 78GB / 두께: 6.8mm / 57g",2021/01,ok,
2026-10-01T01:29:14+00:00,13082600,삼성전자 870 QVO 해외구매 (1TB),https://prod.danawa.com/info/?pcode=13082600&cate=11229608,6.4cm(2.5형),SATA3 (6Gb/s),1TB,QLC,DRAM 탑재,삼성 MKX,560MB/s,530MB/s,98K,88K,360TB,150만,,,6.4cm(2.5형) / SATA3 (6Gb/s) / QLC / DRAM 탑재 / DDR4 1GB / 컨트롤러: 삼성 MKX / [성능] 순차읽기: 560MB/s / 순차쓰기: 530MB/s / 읽기IOPS: 98K / 쓰기IOPS: 88K / [지원기능] TRIM / ECC / DEVSLP / GC / SLC캐싱 / S.M.A.R.T / AES 암호화 / [환경특성] MTBF: 150만 / TBW: 360TB / SLC: 42GB / 두께: 6.8mm / 46g,2020/12,ok,
2026-10-01T01:29:14+00:00,78716702,삼성전자 9100 PRO M.2 NVMe (1TB),https://prod.danawa.com/info/?pcode=78716702&cate=11229608,M.2 (2280),PCIe5.0x4 (128GT/s),1TB,,DRAM 탑재,삼성 Presto,"14,700MB/s","13,300MB/s","1,850K","2,600K",600TB,150만,"5년 , 제한보증",방열판 미포함,"M.2 (2280) / PCIe5.0x4 (128GT/s) / TLC(토글) / DRAM 탑재 / DDR4 1GB / 컨트롤러: 삼성 Presto / [성능] 순차읽기: 14,700MB/s / 순차쓰기: 13,300MB/s / 읽기IOPS: 1,850K / 쓰기IOPS: 2,600K / [지원기능] DEVSLP / TRIM / SLC캐싱 / GC / S.M.A.R.T / AES 암호화 / 전용 S/W / [환경특성] MTBF: 150만 / TBW: 600TB / SLC: 114GB / PS5 호환 / A/S기간: 5년 , 제한보증 / 방열판 미포함 / 두께: 2.38mm / 9g",2025/03,ok,
2026-10-01T01:29:14+00:00,78716720,삼성전자 9100 PRO M.2 NVMe (2TB),https://prod.danawa.com/info/?pcode=78716720&cate=11229608,M.2 (2280),PCIe5.0x4 (128GT/s),2TB,,DRAM 탑재,삼성 Presto,"14,700MB/s","13,400MB/s","1,850K","2,600K","1,200TB",150만,"5년 , 제한보증",방열판 미포함,"M.2 (2280) / PCIe5.0x4 (128GT/s) / TLC(토글) / DRAM 탑재 / DDR4 2GB / 컨트롤러: 삼성 Presto / [성능] 순차읽기: 14,700MB/s / 순차쓰기: 13,400MB/s / 읽기IOPS: 1,850K / 쓰기IOPS: 2,600K / [지원기능] DEVSLP / TRIM / SLC캐싱 / GC / S.M.A.R.T / AES 암호화 / 전용 S/W / [환경특성] MTBF: 150만 / TBW: 1,200TB / SLC: 226GB / PS5 호환 / A/S기간: 5년 , 제한보증 / 방열판 미포함 / 두께: 2.38mm / 9g",2025/03,ok,
2026-10-01T01:29:14+00:00,78716759,삼성전자 9100 PRO M.2 NVMe (4TB),https://prod.danawa.com/info/?pcode=78716759&cate=11229608,M.2 (2280),PCIe5.0x4 (128GT/s),4TB,,DRAM 탑재,삼성 Presto,"14,800MB/s","13,400MB/s","2,200K","2,600K","2,400TB",150만,"5년 , 제한보증",방열판 미포함,"M.2 (2280) / PCIe5.0x4 (128GT/s) / TLC(토글) / DRAM 탑재 / DDR4 4GB / 컨트롤러: 삼성 Presto / [성능] 순차읽기: 14,800MB/s / 순차쓰기: 13,400MB/s / 읽기IOPS: 2,200K / 쓰기IOPS: 2,600K / [지원기능] DEVSLP / TRIM / SLC캐싱 / GC / S.M.A.R.T / AES 암호화 / 전용 S/W / [환경특성] MTBF: 150만 / TBW: 2,400TB / SLC: 442GB / PS5 호환 / A/S기간: 5년 , 제한보증 / 방열판 미포함 / 두께: 2.38mm / 9g",2025/03,ok,
2026-10-01T01:29:14+00:00,98228288,삼성전자 9100 PRO M.2 NVMe (8TB),https://prod.danawa.com/info/?pcode=98228288&cate=11229608,M.2 (2280),PCIe5.0x4 (128GT/s),8TB,,DRAM 탑재,삼성 Presto,"14,800MB/s","13,400MB/s","2,200K","2,600K","4,800TB",150만,"5년 , 제한보증",방열판 미포함,"M.2 (2280) / PCIe5.0x4 (128GT/s) / TLC(토글) / DRAM 탑재 / DDR4 8GB / 컨트롤러: 삼성 Presto / [성능] 순차읽기: 14,800MB/s / 순차쓰기: 13,400MB/s / 읽기IOPS: 2,200K / 쓰기IOPS: 2,600K / [지원기능] TRIM / S.M.A.R.T / SLC캐싱 / GC / DEVSLP / AES 암호화 / 전용 S/W / [환경특성] MTBF: 150만 / TBW: 4,800TB / PS5 호환 / A/S기간: 5년 , 제한보증 / 방열판 미포함 / 두께: 3.88mm / 9.5g",2025/03,ok,
2026-10-01T01:29:14+00:00,103600319,삼성전자 9100 PRO M.2 NVMe 병행수입 (1TB),https://prod.danawa.com/info/?pcode=103600319&cate=11229608,M.2 (2280),PCIe5.0x4 (128GT/s),1TB,,DRAM 탑재,삼성,"14,700MB/s","13,400MB/s","1,850K","2,600K",600TB,150만,,방열판 미포함,"M.2 (2280) / PCIe5.0x4 (128GT/s) / TLC(토글) / DRAM 탑재 / DDR4 1GB / 컨트롤러: 삼성 / [성능] 순차읽기: 14,700MB/s / 순차쓰기: 13,400MB/s / 읽기IOPS: 1,850K / 쓰기IOPS: 2,600K / [지원기능] DEVSLP / TRIM / SLC캐싱 / GC / S.M.A.R.T / AES 암호화 / 전용 S/W / [환경특성] MTBF: 150만 / TBW: 600TB / SLC: 114GB / PS5 호환 / 방열판 미포함 / 두께: 2.38mm / 9g",2025/03,ok,
2026-10-01T01:29:14+00:00,93805877,삼성전자 9100 PRO M.2 NVMe 병행수입 (2TB),https://prod.danawa.com/info/?pcode=93805877&cate=11229608,M.2 (2280),PCIe5.0x4 (128GT/s),2TB,,DRAM 탑재,삼성,"14,700MB/s","13,400MB/s","1,850K","2,600K","1,200TB",150만,,방열판 미포함,"M.2 (2280) / PCIe5.0x4 (128GT/s) / TLC(토글) / DRAM 탑재 / DDR4 2GB / 컨트롤러: 삼성 / [성능] 순차읽기: 14,700MB/s / 순차쓰기: 13,400MB/s / 읽기IOPS: 1,850K / 쓰기IOPS: 2,600K / [지원기능] DEVSLP / TRIM / SLC캐싱 / GC / S.M.A.R.T / AES 암호화 / 전용 S/W / [환경특성] MTBF: 150만 / TBW: 1,200TB / SLC: 226GB / PS5 호환 / 방열판 미포함 / 두께: 2.38mm / 9g",2025/07,ok,
2026-10-01T01:29:14+00:00,93805880,삼성전자 9100 PRO M.2 NVMe 병행수입 (4TB),https://prod.danawa.com/info/?pcode=93805880&cate=11229608,M.2 (2280),PCIe5.0x4 (128GT/s),4TB,,DRAM 탑재,삼성,"14,800MB/s","13,400MB/s","2,200K","2,600K","2,400TB",150만,,방열판 미포함,"M.2 (2280) / PCIe5.0x4 (128GT/s) / TLC(토글) / DRAM 탑재 / DDR4 4GB / 컨트롤러: 삼성 / [성능] 순차읽기: 14,800MB/s / 순차쓰기: 13,400MB/s / 읽기IOPS: 2,200K / 쓰기IOPS: 2,600K / [지원기능] GC / S.M.A.R.T / SLC캐싱 / TRIM / DEVSLP / 전용 S/W / AES 암호화 / [환경특성] MTBF: 150만 / TBW: 2,400TB / SLC: 442GB / PS5 호환 / 방열판 미포함 / 두께: 2.38mm / 9g",2025/07,ok,
2026-10-01T01:29:14+00:00,104988464,삼성전자 9100 PRO M.2 NVMe 병행수입 (8TB),https://prod.danawa.com/info/?pcode=104988464&cate=11229608,M.2 (2280),PCIe5.0x4 (128GT/s),8TB,,DRAM 탑재,삼성 Presto,"14,800MB/s","13,400MB/s","2,200K","2,600K","4,800TB",150만,,방열판 미포함,"M.2 (2280) / PCIe5.0x4 (128GT/s) / TLC(토글) / DRAM 탑재 / DDR4 8GB / 컨트롤러: 삼성 Presto / [성능] 순차읽기: 14,800MB/s / 순차쓰기: 13,400MB/s / 읽기IOPS: 2,200K / 쓰기IOPS: 2,600K / [지원기능] TRIM / S.M.A.R.T / SLC캐싱 / GC / DEVSLP / AES 암호화 / 전용 S/W / [환경특성] MTBF: 150만 / TBW: 4,800TB / PS5 호환 / 방열판 미포함 / 두께: 3.88mm / 9.5g",2025/07,ok,
2026-10-01T01:29:14+00:00,123742401,삼성전자 9100 PRO M.2 NVMe 중고 (1TB),https://prod.danawa.com/info/?pcode=123742401&cate=11229608,M.2 (2280),PCIe5.0x4 (128GT/s),1TB,,DRAM 탑재,삼성,"14,700MB/s","13,400MB/s","1,850K","2,600K",600TB,150만,,방열판 미포함,"M.2 (2280) / PCIe5.0x4 (128GT/s) / TLC(토글) / DRAM 탑재 / DDR4 1GB / 컨트롤러: 삼성 / [성능] 순차읽기: 14,700MB/s / 순차쓰기: 13,400MB/s / 읽기IOPS: 1,850K / 쓰기IOPS: 2,600K / [지원기능] TRIM / S.M.A.R.T / SLC캐싱 / GC / DEVSLP / AES 암호화 / 전용 S/W / [환경특성] MTBF: 150만 / TBW: 600TB / SLC: 114GB / PS5 호환 / 방열판 미포함 / 두께: 2.38mm / 9g",2025/03,ok,
2026-10-01T01:29:14+00:00,123742402,삼성전자 9100 PRO M.2 NVMe 중고 (2TB),https://prod.danawa.com/info/?pcode=123742402&cate=11229608,M.2 (2280),PCIe5.0x4 (128GT/s),2TB,,DRAM 탑재,삼성,"14,700MB/s","13,400MB/s","1,850K","2,600K","1,200TB",150만,,방열판 미포함,"M.2 (2280) / PCIe5.0x4 (128GT/s) / TLC(토글) / DRAM 탑재 / DDR4 2GB / 컨트롤러: 삼성 / [성능] 순차읽기: 14,700MB/s / 순차쓰기: 13,400MB/s / 읽기IOPS: 1,850K / 쓰기IOPS: 2,600K / [지원기능] TRIM / S.M.A.R.T / SLC캐싱 / GC / DEVSLP / AES 암호화 / 전용 S/W / [환경특성] MTBF: 150만 / TBW: 1,200TB / SLC: 226GB / PS5 호환 / 방열판 미포함 / 두께: 2.38mm / 9g",2025/03,ok,
2026-10-01T01:29:14+00:00,79792412,삼성전자 9100 PRO M.2 NVMe 해외구매 (1TB),https://prod.danawa.com/info/?pcode=79792412&cate=11229608,M.2 (2280),PCIe5.0x4 (128GT/s),1TB,,DRAM 탑재,삼성,"14,700MB/s","13,400MB/s","1,850K","2,600K",600TB,150만,,방열판 미포함,"M.2 (2280) / PCIe5.0x4 (128GT/s) / TLC(토글) / DRAM 탑재 / DDR4 1GB / 컨트롤러: 삼성 / [성능] 순차읽기: 14,700MB/s / 순차쓰기: 13,400MB/s / 읽기IOPS: 1,850K / 쓰기IOPS: 2,600K / [지원기능] TRIM / DEVSLP / GC / SLC캐싱 / S.M.A.R.T / AES 암호화 / 전용 S/W / [환경특성] MTBF: 150만 / TBW: 600TB / SLC: 114GB / PS5 호환 / 방열판 미포함 / 두께: 2.38mm / 9g",2025/03,ok,
2026-10-01T01:29:14+00:00,78615518,삼성전자 9100 PRO M.2 NVMe 해외구매 (2TB),https://prod.danawa.com/info/?pcode=78615518&cate=11229608,M.2 (2280),PCIe5.0x4 (128GT/s),2TB,,DRAM 탑재,삼성,"14,700MB/s","13,400MB/s","1,850K","2,600K","1,200TB",150만,,방열판 미포함,"M.2 (2280) / PCIe5.0x4 (128GT/s) / TLC(토글) / DRAM 탑재 / DDR4 2GB / 컨트롤러: 삼성 / [성능] 순차읽기: 14,700MB/s / 순차쓰기: 13,400MB/s / 읽기IOPS: 1,850K / 쓰기IOPS: 2,600K / [지원기능] TRIM / DEVSLP / GC / SLC캐싱 / S.M.A.R.T / AES 암호화 / 전용 S/W / [환경특성] MTBF: 150만 / TBW: 1,200TB / SLC: 226GB / PS5 호환 / 방열판 미포함 / 두께: 2.38mm / 9g",2025/03,ok,
2026-10-01T01:29:14+00:00,79385432,삼성전자 9100 PRO M.2 NVMe 해외구매 (4TB),https://prod.danawa.com/info/?pcode=79385432&cate=11229608,M.2 (2280),PCIe5.0x4 (128GT/s),4TB,,DRAM 탑재,삼성,"14,800MB/s","13,400MB/s","2,200K","2,600K","2,400TB",150만,,방열판 미포함,"M.2 (2280) / PCIe5.0x4 (128GT/s) / TLC(토글) / DRAM 탑재 / DDR4 4GB / 컨트롤러: 삼성 / [성능] 순차읽기: 14,800MB/s / 순차쓰기: 13,400MB/s / 읽기IOPS: 2,200K / 쓰기IOPS: 2,600K / [지원기능] GC / S.M.A.R.T / SLC캐싱 / TRIM / DEVSLP / AES 암호화 / 전용 S/W / [환경특성] MTBF: 150만 / TBW: 2,400TB / SLC: 442GB / PS5 호환 / 방열판 미포함 / 두께: 2.38mm / 9g",2025/03,ok,
2026-10-01T01:29:14+00:00,78716753,삼성전자 9100 PRO 히트싱크 M.2 NVMe (1TB),https://prod.danawa.com/info/?pcode=78716753&cate=11229608,M.2 (2280),PCIe5.0x4 (128GT/s),1TB,,DRAM 탑재,삼성 Presto,"14,700MB/s","13,300MB/s","1,850K","2,600K",600TB,150만,"5년 , 제한보증",방열판 포함,"M.2 (2280) / PCIe5.0x4 (128GT/s) / TLC(토글) / DRAM 탑재 / DDR4 1GB / 컨트롤러: 삼성 Presto / [성능] 순차읽기: 14,700MB/s / 순차쓰기: 13,300MB/s / 읽기IOPS: 1,850K / 쓰기IOPS: 2,600K / [지원기능] TRIM / DEVSLP / SLC캐싱 / GC / S.M.A.R.T / 전용 S/W / AES 암호화 / [환경특성] MTBF: 150만 / TBW: 600TB / SLC: 114GB / PS5 호환 / A/S기간: 5년 , 제한보증 / 방열판 포함 / 두께: 8.88mm / 30g",2025/03,ok,
2026-10-01T01:29:14+00:00,78716747,삼성전자 9100 PRO 히트싱크 M.2 NVMe (2TB),https://prod.danawa.com/info/?pcode=78716747&cate=11229608,M.2 (2280),PCIe5.0x4 (128GT/s),2TB,,DRAM 탑재,삼성 Presto,"14,700MB/s","13,400MB/s","1,850K","2,600K","1,200TB",150만,"제한보증 , 5년",방열판 포함,"M.2 (2280) / PCIe5.0x4 (128GT/s) / TLC(토글) / DRAM 탑재 / DDR4 2GB / 컨트롤러: 삼성 Presto / [성능] 순차읽기: 14,700MB/s / 순차쓰기: 13,400MB/s / 읽기IOPS: 1,850K / 쓰기IOPS: 2,600K / [지원기능] DEVSLP / TRIM / SLC캐싱 / GC / S.M.A.R.T / 전용 S/W / AES 암호화 / [환경특성] MTBF: 150만 / TBW: 1,200TB / SLC: 226GB / PS5 호환 / A/S기간: 제한보증 , 5년 / 방열판 포함 / 두께: 8.88mm / 30g",2025/03,ok,
2026-10-01T01:29:14+00:00,78716765,삼성전자 9100 PRO 히트싱크 M.2 NVMe (4TB),https://prod.danawa.com/info/?pcode=78716765&cate=11229608,M.2 (2280),PCIe5.0x4 (128GT/s),4TB,,DRAM 탑재,삼성 Presto,"14,800MB/s","13,400MB/s","2,200K","2,600K","2,400TB",150만,"5년 , 제한보증",방열판 포함,"M.2 (2280) / PCIe5.0x4 (128GT/s) / TLC(토글) / DRAM 탑재 / DDR4 4GB / 컨트롤러: 삼성 Presto / [성능] 순차읽기: 14,800MB/s / 순차쓰기: 13,400MB/s / 읽기IOPS: 2,200K / 쓰기IOPS: 2,600K / [지원기능] GC / S.M.A.R.T / SLC캐싱 / TRIM / DEVSLP / AES 암호화 / 전용 S/W / [환경특성] MTBF: 150만 / TBW: 2,400TB / SLC: 442GB / PS5 호환 / A/S기간: 5년 , 제한보증 / 방열판 포함 / 두께: 8.88mm / 30g",2025/03,ok,
2026-10-01T01:29:14+00:00,98230388,삼성전자 9100 PRO 히트싱크 M.2 NVMe (8TB),https://prod.danawa.com/info/?pcode=98230388&cate=11229608,M.2 (2280),PCIe5.0x4 (128GT/s),8TB,,DRAM 탑재,삼성 Presto,"14,800MB/s","13,400MB/s","2,200K","2,600K","4,800TB",150만,"5년 , 제한보증",방열판 포함,"M.2 (2280) / PCIe5.0x4 (128GT/s) / TLC(토글) / DRAM 탑재 / DDR4 8GB / 컨트롤러: 삼성 Presto / [성능] 순차읽기: 14,800MB/s / 순차쓰기: 13,400MB/s / 읽기IOPS: 2,200K / 쓰기IOPS: 2,600K / [지원기능] TRIM / S.M.A.R.T / SLC캐싱 / GC / DEVSLP / AES 암호화 / 전용 S/W / [환경특성] MTBF: 150만 / TBW: 4,800TB / PS5 호환 / A/S기간: 5년 , 제한보증 / 방열판 포함 / 두께: 11.25mm / 35g",2025/03,ok,
2026-10-01T01:29:14+00:00,123962995,삼성전자 9100 PRO 히트싱크 M.2 NVMe 병행수입 (1TB),https://prod.danawa.com/info/?pcode=123962995&cate=11229608,M.2 (2280),PCIe5.0x4 (128GT/s),1TB,,DRAM 탑재,삼성,"14,700MB/s","13,300MB/s","1,850K","2,600K",600TB,150만,,방열판 포함,"M.2 (2280) / PCIe5.0x4 (128GT/s) / TLC(토글) / DRAM 탑재 / DDR4 1GB / 컨트롤러: 삼성 / [성능] 순차읽기: 14,700MB/s / 순차쓰기: 13,300MB/s / 읽기IOPS: 1,850K / 쓰기IOPS: 2,600K / [지원기능] TRIM / S.M.A.R.T / SLC캐싱 / GC / DEVSLP / AES 암호화 / 전용 S/W / [환경특성] MTBF: 150만 / TBW: 600TB / SLC: 114GB / PS5 호환 / 방열판 포함 / 두께: 8.88mm / 30g",2025/04,ok,
2026-10-01T01:29:14+00:00,106696151,삼성전자 9100 PRO 히트싱크 M.2 NVMe 병행수입 (4TB),https://prod.danawa.com/info/?pcode=106696151&cate=11229608,M.2 (2280),PCIe5.0x4 (128GT/s),4TB,,DRAM 탑재,삼성,"14,800MB/s","13,400MB/s","2,200K","2,600K","2,400TB",150만,,방열판 포함,"M.2 (2280) / PCIe5.0x4 (128GT/s) / TLC(토글) / DRAM 탑재 / DDR4 4GB / 컨트롤러: 삼성 / [성능] 순차읽기: 14,800MB/s / 순차쓰기: 13,400MB/s / 읽기IOPS: 2,200K / 쓰기IOPS: 2,600K / [지원기능] DEVSLP / TRIM / SLC캐싱 / GC / S.M.A.R.T / 전용 S/W / AES 암호화 / [환경특성] MTBF: 150만 / TBW: 2,400TB / SLC: 442GB / PS5 호환 / 방열판 포함 / 두께: 8.88mm / 30g",2025/04,ok,
2026-10-01T01:29:14+00:00,81038969,삼성전자 9100 PRO 히트싱크 M.2 NVMe 해외구매 (1TB),https://prod.danawa.com/info/?pcode=81038969&cate=11229608,M.2 (2280),PCIe5.0x4 (128GT/s),1TB,,DRAM 탑재,삼성,"14,700MB/s","13,300MB/s","1,850K","2,600K",600TB,150만,,방열판 포함,"M.2 (2280) / PCIe5.0x4 (128GT/s) / TLC(토글) / DRAM 탑재 / DDR4 1GB / 컨트롤러: 삼성 / [성능] 순차읽기: 14,700MB/s / 순차쓰기: 13,300MB/s / 읽기IOPS: 1,850K / 쓰기IOPS: 2,600K / [지원기능] DEVSLP / GC / SLC캐싱 / S.M.A.R.T / TRIM / AES 암호화 / 전용 S/W / [환경특성] MTBF: 150만 / TBW: 600TB / SLC: 114GB / PS5 호환 / 방열판 포함 / 두께: 8.88mm / 30g",2025/04,ok,
2026-10-01T01:29:14+00:00,81038984,삼성전자 9100 PRO 히트싱크 M.2 NVMe 해외구매 (2TB),https://prod.danawa.com/info/?pcode=81038984&cate=11229608,M.2 (2280),PCIe5.0x4 (128GT/s),2TB,,DRAM 탑재,삼성,"14,700MB/s","13,400MB/s","1,850K","2,600K","1,200TB",150만,,방열판 포함,"M.2 (2280) / PCIe5.0x4 (128GT/s) / TLC(토글) / DRAM 탑재 / DDR4 2GB / 컨트롤러: 삼성 / [성능] 순차읽기: 14,700MB/s / 순차쓰기: 13,400MB/s / 읽기IOPS: 1,850K / 쓰기IOPS: 2,600K / [지원기능] DEVSLP / TRIM / SLC캐싱 / GC / S.M.A.R.T / AES 암호화 / 전용 S/W / [환경특성] MTBF: 150만 / TBW: 1,200TB / SLC: 226GB / PS5 호환 / 방열판 포함 / 두께: 8.88mm / 30g",2025/04,ok,
2026-10-01T01:29:14+00:00,81039005,삼성전자 9100 PRO 히트싱크 M.2 NVMe 해외구매 (4TB),https://prod.danawa.com/info/?pcode=81039005&cate=11229608,M.2 (2280),PCIe5.0x4 (128GT/s),4TB,,DRAM 탑재,삼성,"14,800MB/s","13,400MB/s","2,200K","2,600K","2,400TB",150만,,방열판 포함,"M.2 (2280) / PCIe5.0x4 (128GT/s) / TLC(토글) / DRAM 탑재 / DDR4 4GB / 컨트롤러: 삼성 / [성능] 순차읽기: 14,800MB/s / 순차쓰기: 13,400MB/s / 읽기IOPS: 2,200K / 쓰기IOPS: 2,600K / [지원기능] TRIM / DEVSLP / SLC캐싱 / GC / S.M.A.R.T / 전용 S/W / AES 암호화 / [환경특성] MTBF: 150만 / TBW: 2,400TB / SLC: 442GB / PS5 호환 / 방열판 포함 / 두께: 8.88mm / 30g",2025/04,ok,
2026-10-01T01:29:14+00:00,18830261,삼성전자 960 EVO M.2 NVMe 중고 (250GB),https://prod.danawa.com/info/?pcode=18830261&cate=11229608,M.2 (2280),PCIe3.0x4 (32GT/s),250GB,,DRAM 탑재,삼성 Polaris,"3,200MB/s","1,500MB/s",330K,300K,100TB,,,방열판 미포함,"M.2 (2280) / PCIe3.0x4 (32GT/s) / TLC(토글) / DRAM 탑재 / DDR3 512MB / 컨트롤러: 삼성 Polaris / [성능] 순차읽기: 3,200MB/s / 순차쓰기: 1,500MB/s / 읽기IOPS: 330K / 쓰기IOPS: 300K / [지원기능] TRIM / DEVSLP / GC / S.M.A.R.T / AES 암호화 / [환경특성] TBW: 100TB / 방열판 미포함 / 두께: 2.38mm / 7.7g",2023/01,ok,
2026-10-01T01:29:14+00:00,106758203,삼성전자 960 PRO M.2 NVMe 중고 (2TB),https://prod.danawa.com/info/?pcode=106758203&cate=11229608,M.2 (2280),PCIe3.0x4 (32GT/s),2TB,,DRAM 탑재,삼성,"3,500MB/s","2,100MB/s",,,,,,방열판 미포함,"M.2 (2280) / PCIe3.0x4 (32GT/s) / MLC(토글) / DRAM 탑재 / DDR3 2GB / 컨트롤러: 삼성 / [성능] 순차읽기: 3,500MB/s / 순차쓰기: 2,100MB/s / [지원기능] TRIM / DEVSLP / GC / AES 암호화 / [환경특성] 방열판 미포함 / 두께: 2.38mm / 8.3g",2018/01,ok,
2026-10-01T01:29:14+00:00,6095758,삼성전자 970 EVO M.2 NVMe (1TB),https://prod.danawa.com/info/?pcode=6095758&cate=11229608,M.2 (2280),PCIe3.0x4 (32GT/s),1TB,TLC,DRAM 탑재,삼성 Phoenix,"3,400MB/s","2,500MB/s",최대 500K,최대 450K,600TB,150만,"5년 , 제한보증",방열판 미포함,"M.2 (2280) / PCIe3.0x4 (32GT/s) / TLC / DRAM 탑재 / DDR4 1GB / 컨트롤러: 삼성 Phoenix / [성능] 순차읽기: 3,400MB/s / 순차쓰기: 2,500MB/s / 읽기IOPS: 최대 500K / 쓰기IOPS: 최대 450K / [지원기능] DEVSLP / TRIM / GC / S.M.A.R.T / AES 암호화 / 전용 S/W / [환경특성] MTBF: 150만 / TBW: 600TB / A/S기간: 5년 , 제한보증 / 방열판 미포함 / 두께: 2.38mm / 최대 8g / [기타] 구매전 병행수입 전환판매 여부 반드시 확인요망",2018/04,ok,
2026-10-01T01:29:14+00:00,6096638,삼성전자 970 EVO M.2 NVMe (250GB),https://prod.danawa.com/info/?pcode=6096638&cate=11229608,M.2 (2280),PCIe3.0x4 (32GT/s),250GB,TLC,DRAM 탑재,삼성 Phoenix,"3,400MB/s","1,500MB/s",최대 200K,최대 350K,150TB,150만,"5년 , 제한보증",방열판 미포함,"M.2 (2280) / PCIe3.0x4 (32GT/s) / TLC / DRAM 탑재 / DDR4 512MB / 컨트롤러: 삼성 Phoenix / [성능] 순차읽기: 3,400MB/s / 순차쓰기: 1,500MB/s / 읽기IOPS: 최대 200K / 쓰기IOPS: 최대 350K / [지원기능] DEVSLP / TRIM / GC / S.M.A.R.T / AES 암호화 / 전용 S/W / [환경특성] MTBF: 150만 / TBW: 150TB / A/S기간: 5년 , 제한보증 / 방열판 미포함 / 두께: 2.38mm / 최대 8g / [기타] 구매전 병행수입 전환판매 여부 반드시 확인요망",2018/04,ok,
2026-10-01T01:29:14+00:00,6095784,삼성전자 970 EVO M.2 NVMe (500GB),https://prod.danawa.com/info/?pcode=6095784&cate=11229608,M.2 (2280),PCIe3.0x4 (32GT/s),500GB,TLC,DRAM 탑재,삼성 Phoenix,"3,400MB/s","2,300MB/s",최대 370K,최대 450K,300TB,150만,"5년 , 제한보증",방열판 미포함,"M.2 (2280) / PCIe3.0x4 (32GT/s) / TLC / DRAM 탑재 / DDR4 512MB / 컨트롤러: 삼성 Phoenix / [성능] 순차읽기: 3,400MB/s / 순차쓰기: 2,300MB/s / 읽기IOPS: 최대 370K / 쓰기IOPS: 최대 450K / [지원기능] DEVSLP / TRIM / GC / S.M.A.R.T / AES 암호화 / 전용 S/W / [환경특성] MTBF: 150만 / TBW: 300TB / A/S기간: 5년 , 제한보증 / 방열판 미포함 / 두께: 2.38mm / 최대 8g / [기타] 구매전 병행수입 전환판매 여부 반드시 확인요망",2018/04,ok,
2026-10-01T01:29:14+00:00,6170639,삼성전자 970 EVO M.2 NVMe 병행수입 (250GB),https://prod.danawa.com/info/?pcode=6170639&cate=11229608,M.2 (2280),PCIe3.0x4 (32GT/s),250GB,TLC,DRAM 탑재,삼성 Phoenix,"3,400MB/s","1,500MB/s",최대 200K,최대 350K,150TB,150만,,방열판 미포함,"M.2 (2280) / PCIe3.0x4 (32GT/s) / TLC / DRAM 탑재 / DDR4 512MB / 컨트롤러: 삼성 Phoenix / [성능] 순차읽기: 3,400MB/s / 순차쓰기: 1,500MB/s / 읽기IOPS: 최대 200K / 쓰기IOPS: 최대 350K / [지원기능] GC / S.M.A.R.T / TRIM / DEVSLP / AES 암호화 / [환경특성] MTBF: 150만 / TBW: 150TB / 방열판 미포함 / 두께: 2.38mm / 최대 8g",2018/04,ok,
2026-10-01T01:29:14+00:00,124021301,삼성전자 970 EVO M.2 NVMe 중고 (1TB),https://prod.danawa.com/info/?pcode=124021301&cate=11229608,M.2 (2280),PCIe3.0x4 (32GT/s),1TB,TLC,DRAM 탑재,삼성 Phoenix,"3,400MB/s","2,500MB/s",최대 500K,최대 450K,600TB,150만,,방열판 미포함,"M.2 (2280) / PCIe3.0x4 (32GT/s) / TLC / DRAM 탑재 / DDR4 1GB / 컨트롤러: 삼성 Phoenix / [성능] 순차읽기: 3,400MB/s / 순차쓰기: 2,500MB/s / 읽기IOPS: 최대 500K / 쓰기IOPS: 최대 450K / [지원기능] TRIM / S.M.A.R.T / GC / DEVSLP / AES 암호화 / [환경특성] MTBF: 150만 / TBW: 600TB / 방열판 미포함 / 두께: 2.38mm / 최대 8g",2018/04,ok,
2026-10-01T01:29:14+00:00,18830189,삼성전자 970 EVO M.2 NVMe 중고 (250GB),https://prod.danawa.com/info/?pcode=18830189&cate=11229608,M.2 (2280),PCIe3.0x4 (32GT/s),250GB,TLC,DRAM 탑재,삼성 Phoenix,"3,400MB/s","1,500MB/s",200K,350K,150TB,150만,,방열판 미포함,"M.2 (2280) / PCIe3.0x4 (32GT/s) / TLC / DRAM 탑재 / DDR4 512MB / 컨트롤러: 삼성 Phoenix / [성능] 순차읽기: 3,400MB/s / 순차쓰기: 1,500MB/s / 읽기IOPS: 200K / 쓰기IOPS: 350K / [지원기능] TRIM / DEVSLP / GC / S.M.A.R.T / AES 암호화 / [환경특성] MTBF: 150만 / TBW: 150TB / 방열판 미포함 / 두께: 2.38mm / 최대 8g",2018/04,ok,
2026-10-01T01:29:14+00:00,18830207,삼성전자 970 EVO M.2 NVMe 중고 (500GB),https://prod.danawa.com/info/?pcode=18830207&cate=11229608,M.2 (2280),PCIe3.0x4 (32GT/s),500GB,TLC,DRAM 탑재,삼성 Phoenix,"3,400MB/s","2,300MB/s",370K,450K,300TB,150만,,방열판 미포함,"M.2 (2280) / PCIe3.0x4 (32GT/s) / TLC / DRAM 탑재 / DDR4 512MB / 컨트롤러: 삼성 Phoenix / [성능] 순차읽기: 3,400MB/s / 순차쓰기: 2,300MB/s / 읽기IOPS: 370K / 쓰기IOPS: 450K / [지원기능] GC / S.M.A.R.T / TRIM / DEVSLP / AES 암호화 / [환경특성] MTBF: 150만 / TBW: 300TB / 방열판 미포함 / 두께: 2.38mm / 최대 8g",2023/01,ok,
2026-10-01T01:29:14+00:00,6303951,삼성전자 970 EVO M.2 NVMe 해외구매 (500GB),https://prod.danawa.com/info/?pcode=6303951&cate=11229608,M.2 (2280),PCIe3.0x4 (32GT/s),500GB,TLC,DRAM 탑재,삼성 Phoenix,"3,400MB/s","2,300MB/s",최대 370K,최대 450K,300TB,150만,,방열판 미포함,"M.2 (2280) / PCIe3.0x4 (32GT/s) / TLC / DRAM 탑재 / DDR4 512MB / 컨트롤러: 삼성 Phoenix / [성능] 순차읽기: 3,400MB/s / 순차쓰기: 2,300MB/s / 읽기IOPS: 최대 370K / 쓰기IOPS: 최대 450K / [지원기능] DEVSLP / TRIM / GC / S.M.A.R.T / AES 암호화 / [환경특성] MTBF: 150만 / TBW: 300TB / 방열판 미포함 / 두께: 2.38mm / 최대 8g",2018/04,ok,
2026-10-01T01:29:14+00:00,7136788,삼성전자 970 EVO Plus M.2 NVMe (1TB),https://prod.danawa.com/info/?pcode=7136788&cate=11229608,M.2 (2280),PCIe3.0x4 (32GT/s),1TB,,DRAM 탑재,삼성 Phoenix,"3,500MB/s","3,300MB/s",600K,550K,600TB,150만,"5년 , 제한보증",방열판 미포함,"M.2 (2280) / PCIe3.0x4 (32GT/s) / TLC(토글) / DRAM 탑재 / DDR4 1GB / 컨트롤러: 삼성 Phoenix / [성능] 순차읽기: 3,500MB/s / 순차쓰기: 3,300MB/s / 읽기IOPS: 600K / 쓰기IOPS: 550K / [지원기능] TRIM / DEVSLP / GC / S.M.A.R.T / AES 암호화 / 전용 S/W / [환경특성] MTBF: 150만 / TBW: 600TB / SLC: 42GB / A/S기간: 5년 , 제한보증 / 방열판 미포함 / 두께: 2.38mm / 최대 8g / [기타] 구매전 병행수입 전환판매 여부 반드시 확인요망",2019/01,ok,
2026-10-01T01:29:14+00:00,7136722,삼성전자 970 EVO Plus M.2 NVMe (250GB),https://prod.danawa.com/info/?pcode=7136722&cate=11229608,M.2 (2280),PCIe3.0x4 (32GT/s),250GB,,DRAM 탑재,삼성 Phoenix,"3,500MB/s","2,300MB/s",250K,550K,150TB,150만,"5년 , 제한보증",방열판 미포함,"M.2 (2280) / PCIe3.0x4 (32GT/s) / TLC(토글) / DRAM 탑재 / DDR4 512MB / 컨트롤러: 삼성 Phoenix / [성능] 순차읽기: 3,500MB/s / 순차쓰기: 2,300MB/s / 읽기IOPS: 250K / 쓰기IOPS: 550K / [지원기능] TRIM / DEVSLP / GC / S.M.A.R.T / 전용 S/W / AES 암호화 / [환경특성] MTBF: 150만 / TBW: 150TB / SLC: 13GB / A/S기간: 5년 , 제한보증 / 방열판 미포함 / 두께: 2.38mm / 최대 8g / [기타] 구매전 병행수입 전환판매 여부 반드시 확인요망",2019/01,ok,
2026-10-01T01:29:14+00:00,8034664,삼성전자 970 EVO Plus M.2 NVMe (2TB),https://prod.danawa.com/info/?pcode=8034664&cate=11229608,M.2 (2280),PCIe3.0x4 (32GT/s),2TB,,DRAM 탑재,삼성 Phoenix,"3,500MB/s","3,300MB/s",620K,560K,"1,200TB",150만,"5년 , 제한보증",방열판 미포함,"M.2 (2280) / PCIe3.0x4 (32GT/s) / TLC(토글) / DRAM 탑재 / DDR4 2GB / 컨트롤러: 삼성 Phoenix / [성능] 순차읽기: 3,500MB/s / 순차쓰기: 3,300MB/s / 읽기IOPS: 620K / 쓰기IOPS: 560K / [지원기능] TRIM / DEVSLP / GC / S.M.A.R.T / AES 암호화 / 전용 S/W / [환경특성] MTBF: 150만 / TBW: 1,200TB / SLC: 78GB / A/S기간: 5년 , 제한보증 / 방열판 미포함 / 두께: 2.38mm / 최대 8g / [기타] 구매전 병행수입 전환판매 여부 반드시 확인요망",2019/05,ok,
2026-10-01T01:29:14+00:00,7238569,삼성전자 970 EVO Plus M.2 NVMe 병행수입 (1TB),https://prod.danawa.com/info/?pcode=7238569&cate=11229608,M.2 (2280),PCIe3.0x4 (32GT/s),1TB,,DRAM 탑재,삼성 Phoenix,"3,500MB/s","3,300MB/s",600K,550K,600TB,150만,,방열판 미포함,"M.2 (2280) / PCIe3.0x4 (32GT/s) / TLC(토글) / DRAM 탑재 / DDR4 1GB / 컨트롤러: 삼성 Phoenix / [성능] 순차읽기: 3,500MB/s / 순차쓰기: 3,300MB/s / 읽기IOPS: 600K / 쓰기IOPS: 550K / [지원기능] TRIM / DEVSLP / GC / S.M.A.R.T / AES 암호화 / [환경특성] MTBF: 150만 / TBW: 600TB / SLC: 42GB / 방열판 미포함 / 두께: 2.38mm / 최대 8g / [기타] 벌크여부 확인요망",2019/01,ok,
2026-10-01T01:29:14+00:00,7238551,삼성전자 970 EVO Plus M.2 NVMe 병행수입 (250GB),https://prod.danawa.com/info/?pcode=7238551&cate=11229608,M.2 (2280),PCIe3.0x4 (32GT/s),250GB,,DRAM 탑재,삼성 Phoenix,"3,500MB/s","2,300MB/s",250K,550K,150TB,150만,,방열판 미포함,"M.2 (2280) / PCIe3.0x4 (32GT/s) / TLC(토글) / DRAM 탑재 / DDR4 512MB / 컨트롤러: 삼성 Phoenix / [성능] 순차읽기: 3,500MB/s / 순차쓰기: 2,300MB/s / 읽기IOPS: 250K / 쓰기IOPS: 550K / [지원기능] TRIM / DEVSLP / GC / S.M.A.R.T / AES 암호화 / [환경특성] MTBF: 150만 / TBW: 150TB / SLC: 13GB / 방열판 미포함 / 두께: 2.38mm / 최대 8g / [기타] 벌크여부 확인요망",2019/01,ok,
2026-10-01T01:29:14+00:00,8153167,삼성전자 970 EVO Plus M.2 NVMe 병행수입 (2TB),https://prod.danawa.com/info/?pcode=8153167&cate=11229608,M.2 (2280),PCIe3.0x4 (32GT/s),2TB,,DRAM 탑재,삼성 Phoenix,"3,500MB/s","3,300MB/s",620K,560K,"1,200TB",150만,,방열판 미포함,"M.2 (2280) / PCIe3.0x4 (32GT/s) / TLC(토글) / DRAM 탑재 / DDR4 2GB / 컨트롤러: 삼성 Phoenix / [성능] 순차읽기: 3,500MB/s / 순차쓰기: 3,300MB/s / 읽기IOPS: 620K / 쓰기IOPS: 560K / [지원기능] DEVSLP / TRIM / GC / S.M.A.R.T / AES 암호화 / [환경특성] MTBF: 150만 / TBW: 1,200TB / SLC: 78GB / 방열판 미포함 / 두께: 2.38mm / 최대 8g",2019/06,ok,
2026-10-01T01:29:14+00:00,102760403,삼성전자 970 EVO Plus M.2 NVMe 중고 (1TB),https://prod.danawa.com/info/?pcode=102760403&cate=11229608,M.2 (2280),PCIe3.0x4 (32GT/s),1TB,,DRAM 탑재,삼성 Phoenix,"3,500MB/s","3,300MB/s",600K,550K,600TB,150만,,방열판 미포함,"M.2 (2280) / PCIe3.0x4 (32GT/s) / TLC(토글) / DRAM 탑재 / DDR4 1GB / 컨트롤러: 삼성 Phoenix / [성능] 순차읽기: 3,500MB/s / 순차쓰기: 3,300MB/s / 읽기IOPS: 600K / 쓰기IOPS: 550K / [지원기능] TRIM / DEVSLP / GC / S.M.A.R.T / AES 암호화 / [환경특성] MTBF: 150만 / TBW: 600TB / SLC: 42GB / 방열판 미포함 / 두께: 2.38mm / 최대 8g",2019/01,ok,
2026-10-01T01:29:14+00:00,102760400,삼성전자 970 EVO Plus M.2 NVMe 중고 (250GB),https://prod.danawa.com/info/?pcode=102760400&cate=11229608,M.2 (2280),PCIe3.0x4 (32GT/s),250GB,,DRAM 탑재,삼성 Phoenix,"3,500MB/s","2,300MB/s",250K,550K,150TB,150만,,방열판 미포함,"M.2 (2280) / PCIe3.0x4 (32GT/s) / TLC(토글) / DRAM 탑재 / DDR4 512MB / 컨트롤러: 삼성 Phoenix / [성능] 순차읽기: 3,500MB/s / 순차쓰기: 2,300MB/s / 읽기IOPS: 250K / 쓰기IOPS: 550K / [지원기능] DEVSLP / TRIM / GC / S.M.A.R.T / AES 암호화 / [환경특성] MTBF: 150만 / TBW: 150TB / SLC: 13GB / 방열판 미포함 / 두께: 2.38mm / 최대 8g",2019/01,ok,
2026-10-01T01:29:14+00:00,15997322,삼성전자 970 EVO Plus M.2 NVMe 중고 (2TB),https://prod.danawa.com/info/?pcode=15997322&cate=11229608,M.2 (2280),PCIe3.0x4 (32GT/s),2TB,,DRAM 탑재,삼성 Phoenix,"3,500MB/s","3,300MB/s",620K,560K,,,,방열판 미포함,"M.2 (2280) / PCIe3.0x4 (32GT/s) / TLC(토글) / DRAM 탑재 / DDR4 2GB / 컨트롤러: 삼성 Phoenix / [성능] 순차읽기: 3,500MB/s / 순차쓰기: 3,300MB/s / 읽기IOPS: 620K / 쓰기IOPS: 560K / [지원기능] DEVSLP / TRIM / GC / S.M.A.R.T / AES 암호화 / [환경특성] SLC: 78GB / 방열판 미포함 / 두께: 2.38mm / 최대 8g",2019/06,ok,
2026-10-01T01:29:14+00:00,102760397,삼성전자 970 EVO Plus M.2 NVMe 중고 (500GB),https://prod.danawa.com/info/?pcode=102760397&cate=11229608,M.2 (2280),PCIe3.0x4 (32GT/s),500GB,,DRAM 탑재,삼성 Phoenix,"3,500MB/s","3,200MB/s",480K,550K,300TB,150만,,방열판 미포함,"M.2 (2280) / PCIe3.0x4 (32GT/s) / TLC(토글) / DRAM 탑재 / DDR4 512MB / 컨트롤러: 삼성 Phoenix / [성능] 순차읽기: 3,500MB/s / 순차쓰기: 3,200MB/s / 읽기IOPS: 480K / 쓰기IOPS: 550K / [지원기능] DEVSLP / TRIM / GC / S.M.A.R.T / AES 암호화 / [환경특성] MTBF: 150만 / TBW: 300TB / SLC: 22GB / 방열판 미포함 / 두께: 2.38mm / 최대 8g",2019/01,ok,
2026-10-01T01:29:14+00:00,7533334,삼성전자 970 EVO Plus M.2 NVMe 해외구매 (1TB),https://prod.danawa.com/info/?pcode=7533334&cate=11229608,M.2 (2280),PCIe3.0x4 (32GT/s),1TB,,DRAM 탑재,삼성 Phoenix,"3,500MB/s","3,300MB/s",600K,550K,600TB,150만,,방열판 미포함,"M.2 (2280) / PCIe3.0x4 (32GT/s) / TLC(토글) / DRAM 탑재 / DDR4 1GB / 컨트롤러: 삼성 Phoenix / [성능] 순차읽기: 3,500MB/s / 순차쓰기: 3,300MB/s / 읽기IOPS: 600K / 쓰기IOPS: 550K / [지원기능] TRIM / DEVSLP / GC / S.M.A.R.T / AES 암호화 / [환경특성] MTBF: 150만 / TBW: 600TB / SLC: 42GB / 방열판 미포함 / 두께: 2.38mm / 최대 8g / [기타] 벌크여부 확인요망",2019/01,ok,
2026-10-01T01:29:14+00:00,7533316,삼성전자 970 EVO Plus M.2 NVMe 해외구매 (250GB),https://prod.danawa.com/info/?pcode=7533316&cate=11229608,M.2 (2280),PCIe3.0x4 (32GT/s),250GB,,DRAM 탑재,삼성 Phoenix,"3,500MB/s","2,300MB/s",250K,550K,150TB,150만,,방열판 미포함,"M.2 (2280) / PCIe3.0x4 (32GT/s) / TLC(토글) / DRAM 탑재 / DDR4 512MB / 컨트롤러: 삼성 Phoenix / [성능] 순차읽기: 3,500MB/s / 순차쓰기: 2,300MB/s / 읽기IOPS: 250K / 쓰기IOPS: 550K / [지원기능] TRIM / S.M.A.R.T / GC / DEVSLP / AES 암호화 / [환경특성] MTBF: 150만 / TBW: 150TB / SLC: 13GB / 방열판 미포함 / 두께: 2.38mm / 최대 8g / [기타] 벌크여부 확인요망",2019/01,ok,
2026-10-01T01:29:14+00:00,13069295,삼성전자 970 EVO Plus M.2 NVMe 해외구매 (2TB),https://prod.danawa.com/info/?pcode=13069295&cate=11229608,M.2 (2280),PCIe3.0x4 (32GT/s),2TB,,DRAM 탑재,삼성 Phoenix,"3,500MB/s","3,300MB/s",620K,560K,"1,200TB",150만,,방열판 미포함,"M.2 (2280) / PCIe3.0x4 (32GT/s) / TLC(토글) / DRAM 탑재 / DDR4 2GB / 컨트롤러: 삼성 Phoenix / [성능] 순차읽기: 3,500MB/s / 순차쓰기: 3,300MB/s / 읽기IOPS: 620K / 쓰기IOPS: 560K / [지원기능] DEVSLP / TRIM / GC / S.M.A.R.T / AES 암호화 / [환경특성] MTBF: 150만 / TBW: 1,200TB / SLC: 78GB / 방열판 미포함 / 두께: 2.38mm / 최대 8g",2019/06,ok,
2026-10-01T01:29:14+00:00,7533328,삼성전자 970 EVO Plus M.2 NVMe 해외구매 (500GB),https://prod.danawa.com/info/?pcode=7533328&cate=11229608,M.2 (2280),PCIe3.0x4 (32GT/s),500GB,,DRAM 탑재,삼성 Phoenix,"3,500MB/s","3,200MB/s",480K,550K,300TB,150만,,방열판 미포함,"M.2 (2280) / PCIe3.0x4 (32GT/s) / TLC(토글) / DRAM 탑재 / DDR4 512MB / 컨트롤러: 삼성 Phoenix / [성능] 순차읽기: 3,500MB/s / 순차쓰기: 3,200MB/s / 읽기IOPS: 480K / 쓰기IOPS: 550K / [지원기능] TRIM / DEVSLP / GC / S.M.A.R.T / AES 암호화 / [환경특성] MTBF: 150만 / TBW: 300TB / SLC: 22GB / 방열판 미포함 / 두께: 2.38mm / 최대 8g / [기타] 벌크여부 확인요망",2019/01,ok,
2026-10-01T01:29:14+00:00,6096748,삼성전자 970 PRO M.2 NVMe (1TB),https://prod.danawa.com/info/?pcode=6096748&cate=11229608,M.2 (2280),PCIe3.0x4 (32GT/s),1TB,MLC,DRAM 탑재,삼성 Phoenix,"3,500MB/s","2,700MB/s",500K,500K,"1,200TB",150만,"5년 , 제한보증",방열판 미포함,"M.2 (2280) / PCIe3.0x4 (32GT/s) / MLC / DRAM 탑재 / DDR4 1GB / 컨트롤러: 삼성 Phoenix / [성능] 순차읽기: 3,500MB/s / 순차쓰기: 2,700MB/s / 읽기IOPS: 500K / 쓰기IOPS: 500K / [지원기능] TRIM / DEVSLP / GC / S.M.A.R.T / AES 암호화 / 전용 S/W / [환경특성] MTBF: 150만 / TBW: 1,200TB / A/S기간: 5년 , 제한보증 / 방열판 미포함 / 두께: 2.38mm / 최대 8g / [기타] 구매전 병행수입 전환판매 여부 반드시 확인요망",2018/04,ok,
2026-10-01T01:29:14+00:00,6096738,삼성전자 970 PRO M.2 NVMe (512GB),https://prod.danawa.com/info/?pcode=6096738&cate=11229608,M.2 (2280),PCIe3.0x4 (32GT/s),512GB,MLC,DRAM 탑재,삼성 Phoenix,"3,500MB/s","2,300MB/s",최대 370K,최대 500K,600TB,150만,"5년 , 제한보증",방열판 미포함,"M.2 (2280) / PCIe3.0x4 (32GT/s) / MLC / DRAM 탑재 / DDR4 512MB / 컨트롤러: 삼성 Phoenix / [성능] 순차읽기: 3,500MB/s / 순차쓰기: 2,300MB/s / 읽기IOPS: 최대 370K / 쓰기IOPS: 최대 500K / [지원기능] TRIM / DEVSLP / GC / S.M.A.R.T / AES 암호화 / 전용 S/W / [환경특성] MTBF: 150만 / TBW: 600TB / A/S기간: 5년 , 제한보증 / 방열판 미포함 / 두께: 2.38mm / 최대 8g / [기타] 구매전 병행수입 전환판매 여부 반드시 확인요망",2018/04,ok,
2026-10-01T01:29:14+00:00,6170627,삼성전자 970 PRO M.2 NVMe 병행수입 (512GB),https://prod.danawa.com/info/?pcode=6170627&cate=11229608,M.2 (2280),PCIe3.0x4 (32GT/s),512GB,MLC,DRAM 탑재,삼성 Phoenix,"3,500MB/s","2,300MB/s",최대 370K,최대 500K,600TB,150만,,방열판 미포함,"M.2 (2280) / PCIe3.0x4 (32GT/s) / MLC / DRAM 탑재 / DDR4 512MB / 컨트롤러: 삼성 Phoenix / [성능] 순차읽기: 3,500MB/s / 순차쓰기: 2,300MB/s / 읽기IOPS: 최대 370K / 쓰기IOPS: 최대 500K / [지원기능] GC / S.M.A.R.T / TRIM / DEVSLP / AES 암호화 / [환경특성] MTBF: 150만 / TBW: 600TB / 방열판 미포함 / 두께: 2.38mm / 최대 8g",2018/04,ok,
2026-10-01T01:29:14+00:00,103177244,삼성전자 970 PRO M.2 NVMe 중고 (512GB),https://prod.danawa.com/info/?pcode=103177244&cate=11229608,M.2 (2280),PCIe3.0x4 (32GT/s),512GB,MLC,DRAM 탑재,삼성 Phoenix,"3,500MB/s","2,300MB/s",370K,500K,600TB,150만,,방열판 미포함,"M.2 (2280) / PCIe3.0x4 (32GT/s) / MLC / DRAM 탑재 / DDR4 512MB / 컨트롤러: 삼성 Phoenix / [성능] 순차읽기: 3,500MB/s / 순차쓰기: 2,300MB/s / 읽기IOPS: 370K / 쓰기IOPS: 500K / [지원기능] DEVSLP / TRIM / GC / S.M.A.R.T / AES 암호화 / [환경특성] MTBF: 150만 / TBW: 600TB / 방열판 미포함 / 두께: 2.38mm / 최대 8g",2018/04,ok,
2026-10-01T01:29:14+00:00,6303923,삼성전자 970 PRO M.2 NVMe 해외구매 (512GB),https://prod.danawa.com/info/?pcode=6303923&cate=11229608,M.2 (2280),PCIe3.0x4 (32GT/s),512GB,MLC,DRAM 탑재,삼성 Phoenix,"3,500MB/s","2,300MB/s",최대 370K,최대 500K,600TB,150만,,방열판 미포함,"M.2 (2280) / PCIe3.0x4 (32GT/s) / MLC / DRAM 탑재 / DDR4 512MB / 컨트롤러: 삼성 Phoenix / [성능] 순차읽기: 3,500MB/s / 순차쓰기: 2,300MB/s / 읽기IOPS: 최대 370K / 쓰기IOPS: 최대 500K / [지원기능] GC / S.M.A.R.T / TRIM / DEVSLP / AES 암호화 / [환경특성] MTBF: 150만 / TBW: 600TB / 방열판 미포함 / 두께: 2.38mm / 최대 8g",2018/04,ok,
2026-10-01T01:29:14+00:00,13562714,삼성전자 980 M.2 NVMe (1TB),https://prod.danawa.com/info/?pcode=13562714&cate=11229608,M.2 (2280),PCIe3.0x4 (32GT/s),1TB,,,삼성 Pablo,"3,500MB/s","3,000MB/s",500K,480K,600TB,150만,"제한보증 , 5년",방열판 미포함,"M.2 (2280) / PCIe3.0x4 (32GT/s) / TLC(토글) / 컨트롤러: 삼성 Pablo / [성능] 순차읽기: 3,500MB/s / 순차쓰기: 3,000MB/s / 읽기IOPS: 500K / 쓰기IOPS: 480K / [지원기능] DEVSLP / HMB / TRIM / SLC캐싱 / GC / S.M.A.R.T / AES 암호화 / 전용 S/W / [환경특성] MTBF: 150만 / TBW: 600TB / SLC: 160GB / A/S기간: 제한보증 , 5년 / 방열판 미포함 / 두께: 2.38mm / 8g",2021/03,ok,
2026-10-01T01:29:14+00:00,13562645,삼성전자 980 M.2 NVMe (250GB),https://prod.danawa.com/info/?pcode=13562645&cate=11229608,M.2 (2280),PCIe3.0x4 (32GT/s),250GB,,,삼성 Pablo,"2,900MB/s","1,300MB/s",230K,320K,150TB,150만,"5년 , 제한보증",방열판 미포함,"M.2 (2280) / PCIe3.0x4 (32GT/s) / TLC(토글) / 컨트롤러: 삼성 Pablo / [성능] 순차읽기: 2,900MB/s / 순차쓰기: 1,300MB/s / 읽기IOPS: 230K / 쓰기IOPS: 320K / [지원기능] TRIM / DEVSLP / HMB / GC / SLC캐싱 / S.M.A.R.T / AES 암호화 / 전용 S/W / [환경특성] MTBF: 150만 / TBW: 150TB / SLC: 45GB / A/S기간: 5년 , 제한보증 / 방열판 미포함 / 두께: 2.38mm / 8g",2021/03,ok,
2026-10-01T01:29:14+00:00,13562693,삼성전자 980 M.2 NVMe (500GB),https://prod.danawa.com/info/?pcode=13562693&cate=11229608,M.2 (2280),PCIe3.0x4 (32GT/s),500GB,,,삼성 Pablo,"3,100MB/s","2,600MB/s",400K,470K,300TB,150만,"5년 , 제한보증",방열판 미포함,"M.2 (2280) / PCIe3.0x4 (32GT/s) / TLC(토글) / 컨트롤러: 삼성 Pablo / [성능] 순차읽기: 3,100MB/s / 순차쓰기: 2,600MB/s / 읽기IOPS: 400K / 쓰기IOPS: 470K / [지원기능] DEVSLP / HMB / TRIM / SLC캐싱 / GC / S.M.A.R.T / AES 암호화 / 전용 S/W / [환경특성] MTBF: 150만 / TBW: 300TB / SLC: 122GB / A/S기간: 5년 , 제한보증 / 방열판 미포함 / 두께: 2.38mm / 8g",2021/03,ok,
2026-10-01T01:29:14+00:00,27523145,삼성전자 980 M.2 NVMe 벌크 (1TB),https://prod.danawa.com/info/?pcode=27523145&cate=11229608,M.2 (2280),PCIe3.0x4 (32GT/s),1TB,,,삼성 Pablo,"3,500MB/s","3,000MB/s",500K,480K,600TB,150만,,방열판 미포함,"M.2 (2280) / PCIe3.0x4 (32GT/s) / TLC(토글) / 컨트롤러: 삼성 Pablo / [성능] 순차읽기: 3,500MB/s / 순차쓰기: 3,000MB/s / 읽기IOPS: 500K / 쓰기IOPS: 480K / [지원기능] DEVSLP / HMB / TRIM / SLC캐싱 / GC / S.M.A.R.T / 전용 S/W / AES 암호화 / [환경특성] MTBF: 150만 / TBW: 600TB / SLC: 160GB / 방열판 미포함 / 두께: 2.38mm / 8g / [기타] 노트북 적출상품",2023/08,ok,
2026-10-01T01:29:14+00:00,27523259,삼성전자 980 M.2 NVMe 벌크 (500GB),https://prod.danawa.com/info/?pcode=27523259&cate=11229608,M.2 (2280),PCIe3.0x4 (32GT/s),500GB,,,삼성 Pablo,"3,100MB/s","2,600MB/s",400K,470K,300TB,150만,,방열판 미포함,"M.2 (2280) / PCIe3.0x4 (32GT/s) / TLC(토글) / 컨트롤러: 삼성 Pablo / [성능] 순차읽기: 3,100MB/s / 순차쓰기: 2,600MB/s / 읽기IOPS: 400K / 쓰기IOPS: 470K / [지원기능] DEVSLP / HMB / TRIM / SLC캐싱 / GC / S.M.A.R.T / 전용 S/W / AES 암호화 / [환경특성] MTBF: 150만 / TBW: 300TB / SLC: 122GB / 방열판 미포함 / 두께: 2.38mm / 8g / [기타] 노트북 적출상품",2023/08,ok,
2026-10-01T01:29:14+00:00,13799357,삼성전자 980 M.2 NVMe 병행수입 (1TB),https://prod.danawa.com/info/?pcode=13799357&cate=11229608,M.2 (2280),PCIe3.0x4 (32GT/s),1TB,,,삼성 Pablo,"3,500MB/s","3,000MB/s",500K,480K,600TB,150만,,방열판 미포함,"M.2 (2280) / PCIe3.0x4 (32GT/s) / TLC(토글) / 컨트롤러: 삼성 Pablo / [성능] 순차읽기: 3,500MB/s / 순차쓰기: 3,000MB/s / 읽기IOPS: 500K / 쓰기IOPS: 480K / [지원기능] TRIM / DEVSLP / HMB / GC / SLC캐싱 / S.M.A.R.T / AES 암호화 / 전용 S/W / [환경특성] MTBF: 150만 / TBW: 600TB / SLC: 160GB / 방열판 미포함 / 두께: 2.38mm / 8g",2021/03,ok,
2026-10-01T01:29:14+00:00,13799327,삼성전자 980 M.2 NVMe 병행수입 (500GB),https://prod.danawa.com/info/?pcode=13799327&cate=11229608,M.2 (2280),PCIe3.0x4 (32GT/s),500GB,,,삼성 Pablo,"3,100MB/s","2,600MB/s",400K,470K,300TB,150만,,방열판 미포함,"M.2 (2280) / PCIe3.0x4 (32GT/s) / TLC(토글) / 컨트롤러: 삼성 Pablo / [성능] 순차읽기: 3,100MB/s / 순차쓰기: 2,600MB/s / 읽기IOPS: 400K / 쓰기IOPS: 470K / [지원기능] DEVSLP / HMB / TRIM / SLC캐싱 / GC / S.M.A.R.T / AES 암호화 / 전용 S/W / [환경특성] MTBF: 150만 / TBW: 300TB / SLC: 122GB / 방열판 미포함 / 두께: 2.38mm / 8g",2021/03,ok,
2026-10-01T01:29:14+00:00,99745277,삼성전자 980 M.2 NVMe 중고 (1TB),https://prod.danawa.com/info/?pcode=99745277&cate=11229608,M.2 (2280),PCIe3.0x4 (32GT/s),1TB,,,삼성 Pablo,"3,500MB/s","3,000MB/s",500K,480K,600TB,150만,,방열판 미포함,"M.2 (2280) / PCIe3.0x4 (32GT/s) / TLC(토글) / 컨트롤러: 삼성 Pablo / [성능] 순차읽기: 3,500MB/s / 순차쓰기: 3,000MB/s / 읽기IOPS: 500K / 쓰기IOPS: 480K / [지원기능] GC / S.M.A.R.T / SLC캐싱 / TRIM / DEVSLP / HMB / 전용 S/W / AES 암호화 / [환경특성] MTBF: 150만 / TBW: 600TB / SLC: 160GB / 방열판 미포함 / 두께: 2.38mm / 8g",2023/08,ok,
2026-10-01T01:29:14+00:00,98085740,삼성전자 980 M.2 NVMe 중고 (250GB),https://prod.danawa.com/info/?pcode=98085740&cate=11229608,M.2 (2280),PCIe3.0x4 (32GT/s),250GB,,,삼성 Pablo,"2,900MB/s","1,300MB/s",230K,320K,150TB,150만,,방열판 미포함,"M.2 (2280) / PCIe3.0x4 (32GT/s) / TLC(토글) / 컨트롤러: 삼성 Pablo / [성능] 순차읽기: 2,900MB/s / 순차쓰기: 1,300MB/s / 읽기IOPS: 230K / 쓰기IOPS: 320K / [지원기능] DEVSLP / HMB / TRIM / SLC캐싱 / GC / S.M.A.R.T / AES 암호화 / 전용 S/W / [환경특성] MTBF: 150만 / TBW: 150TB / SLC: 45GB / 방열판 미포함 / 두께: 2.38mm / 8g",2021/03,ok,
2026-10-01T01:29:14+00:00,98240765,삼성전자 980 M.2 NVMe 중고 (500GB),https://prod.danawa.com/info/?pcode=98240765&cate=11229608,M.2 (2280),PCIe3.0x4 (32GT/s),500GB,,,삼성 Pablo,"3,100MB/s","2,600MB/s",400K,470K,300TB,150만,,방열판 미포함,"M.2 (2280) / PCIe3.0x4 (32GT/s) / TLC(토글) / 컨트롤러: 삼성 Pablo / [성능] 순차읽기: 3,100MB/s / 순차쓰기: 2,600MB/s / 읽기IOPS: 400K / 쓰기IOPS: 470K / [지원기능] TRIM / DEVSLP / HMB / SLC캐싱 / GC / S.M.A.R.T / AES 암호화 / 전용 S/W / [환경특성] MTBF: 150만 / TBW: 300TB / SLC: 122GB / 방열판 미포함 / 두께: 2.38mm / 8g",2021/03,ok,
2026-10-01T01:29:14+00:00,12339347,삼성전자 980 PRO M.2 NVMe (1TB),https://prod.danawa.com/info/?pcode=12339347&cate=11229608,M.2 (2280),PCIe4.0x4 (64GT/s),1TB,,DRAM 탑재,삼성 Elpis,"7,000MB/s","5,000MB/s","1,000K","1,000K",600TB,150만,"5년 , 제한보증",방열판 미포함,"M.2 (2280) / PCIe4.0x4 (64GT/s) / TLC(토글) / DRAM 탑재 / DDR4 1GB / 컨트롤러: 삼성 Elpis / [성능] 순차읽기: 7,000MB/s / 순차쓰기: 5,000MB/s / 읽기IOPS: 1,000K / 쓰기IOPS: 1,000K / [지원기능] DEVSLP / TRIM / SLC캐싱 / GC / S.M.A.R.T / AES 암호화 / 전용 S/W / [환경특성] MTBF: 150만 / TBW: 600TB / SLC: 114GB / PS5 호환 / A/S기간: 5년 , 제한보증 / 방열판 미포함 / 두께: 2.38mm / 9g",2020/09,ok,
2026-10-01T01:29:14+00:00,12338801,삼성전자 980 PRO M.2 NVMe (250GB),https://prod.danawa.com/info/?pcode=12338801&cate=11229608,M.2 (2280),PCIe4.0x4 (64GT/s),250GB,,DRAM 탑재,삼성 Elpis,"6,400MB/s","2,700MB/s",500K,600K,150TB,150만,"5년 , 제한보증",방열판 미포함,"M.2 (2280) / PCIe4.0x4 (64GT/s) / TLC(토글) / DRAM 탑재 / DDR4 512MB / 컨트롤러: 삼성 Elpis / [성능] 순차읽기: 6,400MB/s / 순차쓰기: 2,700MB/s / 읽기IOPS: 500K / 쓰기IOPS: 600K / [지원기능] GC / S.M.A.R.T / SLC캐싱 / TRIM / DEVSLP / AES 암호화 / 전용 S/W / [환경특성] MTBF: 150만 / TBW: 150TB / SLC: 49GB / PS5 호환 / A/S기간: 5년 , 제한보증 / 방열판 미포함 / 두께: 2.38mm / 9g",2020/09,ok,
2026-10-01T01:29:14+00:00,13538642,삼성전자 980 PRO M.2 NVMe (2TB),https://prod.danawa.com/info/?pcode=13538642&cate=11229608,M.2 (2280),PCIe4.0x4 (64GT/s),2TB,,DRAM 탑재,삼성 Elpis,"7,000MB/s","5,100MB/s","1,000K","1,000K","1,200TB",150만,"제한보증 , 5년",방열판 미포함,"M.2 (2280) / PCIe4.0x4 (64GT/s) / TLC(토글) / DRAM 탑재 / DDR4 2GB / 컨트롤러: 삼성 Elpis / [성능] 순차읽기: 7,000MB/s / 순차쓰기: 5,100MB/s / 읽기IOPS: 1,000K / 쓰기IOPS: 1,000K / [지원기능] TRIM / DEVSLP / GC / SLC캐싱 / S.M.A.R.T / AES 암호화 / 전용 S/W / [환경특성] MTBF: 150만 / TBW: 1,200TB / SLC: 236GB / PS5 호환 / A/S기간: 제한보증 , 5년 / 방열판 미포함 / 두께: 2.38mm / 9g",2021/03,ok,
2026-10-01T01:29:14+00:00,12338942,삼성전자 980 PRO M.2 NVMe (500GB),https://prod.danawa.com/info/?pcode=12338942&cate=11229608,M.2 (2280),PCIe4.0x4 (64GT/s),500GB,,DRAM 탑재,삼성 Elpis,"6,900MB/s","5,000MB/s",800K,"1,000K",300TB,150만,"5년 , 제한보증",방열판 미포함,"M.2 (2280) / PCIe4.0x4 (64GT/s) / TLC(토글) / DRAM 탑재 / DDR4 512MB / 컨트롤러: 삼성 Elpis / [성능] 순차읽기: 6,900MB/s / 순차쓰기: 5,000MB/s / 읽기IOPS: 800K / 쓰기IOPS: 1,000K / [지원기능] DEVSLP / TRIM / SLC캐싱 / GC / S.M.A.R.T / AES 암호화 / 전용 S/W / [환경특성] MTBF: 150만 / TBW: 300TB / SLC: 94GB / PS5 호환 / A/S기간: 5년 , 제한보증 / 방열판 미포함 / 두께: 2.38mm / 9g",2020/09,ok,
2026-10-01T01:29:14+00:00,12997217,삼성전자 980 PRO M.2 NVMe 병행수입 (1TB),https://prod.danawa.com/info/?pcode=12997217&cate=11229608,M.2 (2280),PCIe4.0x4 (64GT/s),1TB,,DRAM 탑재,삼성 Elpis,"7,000MB/s","5,000MB/s","1,000K","1,000K",600TB,150만,,방열판 미포함,"M.2 (2280) / PCIe4.0x4 (64GT/s) / TLC(토글) / DRAM 탑재 / DDR4 1GB / 컨트롤러: 삼성 Elpis / [성능] 순차읽기: 7,000MB/s / 순차쓰기: 5,000MB/s / 읽기IOPS: 1,000K / 쓰기IOPS: 1,000K / [지원기능] TRIM / DEVSLP / GC / SLC캐싱 / S.M.A.R.T / AES 암호화 / 전용 S/W / [환경특성] MTBF: 150만 / TBW: 600TB / SLC: 114GB / PS5 호환 / 방열판 미포함 / 두께: 2.38mm / 최대 9g",2020/12,ok,
2026-10-01T01:29:14+00:00,13377389,삼성전자 980 PRO M.2 NVMe 병행수입 (2TB),https://prod.danawa.com/info/?pcode=13377389&cate=11229608,M.2 (2280),PCIe4.0x4 (64GT/s),2TB,,DRAM 탑재,삼성 Elpis,,,,,"1,200TB",150만,,방열판 미포함,"M.2 (2280) / PCIe4.0x4 (64GT/s) / TLC(토글) / DRAM 탑재 / DDR4 2GB / 컨트롤러: 삼성 Elpis / [지원기능] DEVSLP / TRIM / SLC캐싱 / GC / S.M.A.R.T / AES 암호화 / 전용 S/W / [환경특성] MTBF: 150만 / TBW: 1,200TB / SLC: 236GB / PS5 호환 / 방열판 미포함 / 두께: 2.38mm / 최대 9g",2020/12,ok,
2026-10-01T01:29:14+00:00,12997292,삼성전자 980 PRO M.2 NVMe 병행수입 (500GB),https://prod.danawa.com/info/?pcode=12997292&cate=11229608,M.2 (2280),PCIe4.0x4 (64GT/s),500GB,,DRAM 탑재,삼성 Elpis,"6,900MB/s","5,000MB/s",800K,"1,000K",300TB,150만,,방열판 미포함,"M.2 (2280) / PCIe4.0x4 (64GT/s) / TLC(토글) / DRAM 탑재 / DDR4 512MB / 컨트롤러: 삼성 Elpis / [성능] 순차읽기: 6,900MB/s / 순차쓰기: 5,000MB/s / 읽기IOPS: 800K / 쓰기IOPS: 1,000K / [지원기능] GC / S.M.A.R.T / SLC캐싱 / TRIM / DEVSLP / 전용 S/W / AES 암호화 / [환경특성] MTBF: 150만 / TBW: 300TB / SLC: 94GB / PS5 호환 / 방열판 미포함 / 두께: 2.38mm / 최대 9g",2020/12,ok,
2026-10-01T01:29:14+00:00,97839017,삼성전자 980 PRO M.2 NVMe 중고 (1TB),https://prod.danawa.com/info/?pcode=97839017&cate=11229608,M.2 (2280),PCIe4.0x4 (64GT/s),1TB,,DRAM 탑재,삼성 Elpis,"7,000MB/s","5,000MB/s","1,000K","1,000K",600TB,150만,,방열판 미포함,"M.2 (2280) / PCIe4.0x4 (64GT/s) / TLC(토글) / DRAM 탑재 / DDR4 1GB / 컨트롤러: 삼성 Elpis / [성능] 순차읽기: 7,000MB/s / 순차쓰기: 5,000MB/s / 읽기IOPS: 1,000K / 쓰기IOPS: 1,000K / [지원기능] TRIM / DEVSLP / GC / SLC캐싱 / S.M.A.R.T / AES 암호화 / 전용 S/W / [환경특성] MTBF: 150만 / TBW: 600TB / SLC: 114GB / PS5 호환 / 방열판 미포함 / 두께: 2.38mm / 최대 9g",2020/12,ok,
2026-10-01T01:29:14+00:00,102001181,삼성전자 980 PRO M.2 NVMe 중고 (2TB),https://prod.danawa.com/info/?pcode=102001181&cate=11229608,M.2 (2280),PCIe4.0x4 (64GT/s),2TB,,DRAM 탑재,삼성 Elpis,,,,,"1,200TB",150만,,방열판 미포함,"M.2 (2280) / PCIe4.0x4 (64GT/s) / TLC(토글) / DRAM 탑재 / DDR4 2GB / 컨트롤러: 삼성 Elpis / [지원기능] DEVSLP / TRIM / SLC캐싱 / GC / S.M.A.R.T / AES 암호화 / 전용 S/W / [환경특성] MTBF: 150만 / TBW: 1,200TB / SLC: 236GB / PS5 호환 / 방열판 미포함 / 두께: 2.38mm / 최대 9g",2020/12,ok,
2026-10-01T01:29:14+00:00,122663099,삼성전자 980 PRO M.2 NVMe 중고 (500GB),https://prod.danawa.com/info/?pcode=122663099&cate=11229608,M.2 (2280),PCIe4.0x4 (64GT/s),500GB,,DRAM 탑재,삼성 Elpis,"6,900MB/s","5,000MB/s",800K,"1,000K",300TB,150만,,방열판 미포함,"M.2 (2280) / PCIe4.0x4 (64GT/s) / TLC(토글) / DRAM 탑재 / DDR4 512MB / 컨트롤러: 삼성 Elpis / [성능] 순차읽기: 6,900MB/s / 순차쓰기: 5,000MB/s / 읽기IOPS: 800K / 쓰기IOPS: 1,000K / [지원기능] DEVSLP / TRIM / SLC캐싱 / GC / S.M.A.R.T / AES 암호화 / 전용 S/W / [환경특성] MTBF: 150만 / TBW: 300TB / SLC: 94GB / PS5 호환 / 방열판 미포함 / 두께: 2.38mm / 최대 9g",2020/12,ok,
2026-10-01T01:29:14+00:00,13080803,삼성전자 980 PRO M.2 NVMe 해외구매 (1TB),https://prod.danawa.com/info/?pcode=13080803&cate=11229608,M.2 (2280),PCIe4.0x4 (64GT/s),1TB,,DRAM 탑재,삼성 Elpis,"7,000MB/s","5,000MB/s","1,000K","1,000K",600TB,150만,,방열판 미포함,"M.2 (2280) / PCIe4.0x4 (64GT/s) / TLC(토글) / DRAM 탑재 / DDR4 1GB / 컨트롤러: 삼성 Elpis / [성능] 순차읽기: 7,000MB/s / 순차쓰기: 5,000MB/s / 읽기IOPS: 1,000K / 쓰기IOPS: 1,000K / [지원기능] DEVSLP / TRIM / SLC캐싱 / GC / S.M.A.R.T / AES 암호화 / 전용 S/W / [환경특성] MTBF: 150만 / TBW: 600TB / SLC: 114GB / PS5 호환 / 방열판 미포함 / 두께: 2.38mm / 최대 9g",2020/12,ok,
2026-10-01T01:29:14+00:00,13080800,삼성전자 980 PRO M.2 NVMe 해외구매 (500GB),https://prod.danawa.com/info/?pcode=13080800&cate=11229608,M.2 (2280),PCIe4.0x4 (64GT/s),500GB,,DRAM 탑재,삼성 Elpis,"6,900MB/s","5,000MB/s",800K,"1,000K",300TB,150만,,방열판 미포함,"M.2 (2280) / PCIe4.0x4 (64GT/s) / TLC(토글) / DRAM 탑재 / DDR4 512MB / 컨트롤러: 삼성 Elpis / [성능] 순차읽기: 6,900MB/s / 순차쓰기: 5,000MB/s / 읽기IOPS: 800K / 쓰기IOPS: 1,000K / [지원기능] GC / S.M.A.R.T / SLC캐싱 / TRIM / DEVSLP / 전용 S/W / AES 암호화 / [환경특성] MTBF: 150만 / TBW: 300TB / SLC: 94GB / PS5 호환 / 방열판 미포함 / 두께: 2.38mm / 최대 9g",2020/12,ok,
2026-10-01T01:29:14+00:00,15495944,삼성전자 980 PRO 히트싱크 M.2 NVMe (1TB),https://prod.danawa.com/info/?pcode=15495944&cate=11229608,M.2 (2280),PCIe4.0x4 (64GT/s),1TB,,DRAM 탑재,삼성 Elpis,"7,000MB/s","5,000MB/s","1,000K","1,000K",600TB,150만,"5년 , 제한보증",방열판 포함,"M.2 (2280) / PCIe4.0x4 (64GT/s) / TLC(토글) / DRAM 탑재 / DDR4 1GB / 컨트롤러: 삼성 Elpis / [성능] 순차읽기: 7,000MB/s / 순차쓰기: 5,000MB/s / 읽기IOPS: 1,000K / 쓰기IOPS: 1,000K / [지원기능] DEVSLP / TRIM / SLC캐싱 / GC / S.M.A.R.T / 전용 S/W / AES 암호화 / [환경특성] MTBF: 150만 / TBW: 600TB / SLC: 114GB / PS5 호환 / A/S기간: 5년 , 제한보증 / 방열판 포함 / 두께: 8.6mm",2021/10,ok,
2026-10-01T01:29:14+00:00,16290596,삼성전자 980 PRO 히트싱크 M.2 NVMe (2TB),https://prod.danawa.com/info/?pcode=16290596&cate=11229608,M.2 (2280),PCIe4.0x4 (64GT/s),2TB,,DRAM 탑재,삼성 Elpis,"7,000MB/s","5,100MB/s","1,000K","1,000K","1,200TB",150만,"5년 , 제한보증",방열판 포함,"M.2 (2280) / PCIe4.0x4 (64GT/s) / TLC(토글) / DRAM 탑재 / DDR4 2GB / 컨트롤러: 삼성 Elpis / [성능] 순차읽기: 7,000MB/s / 순차쓰기: 5,100MB/s / 읽기IOPS: 1,000K / 쓰기IOPS: 1,000K / [지원기능] TRIM / DEVSLP / GC / SLC캐싱 / S.M.A.R.T / AES 암호화 / 전용 S/W / [환경특성] MTBF: 150만 / TBW: 1,200TB / SLC: 236GB / PS5 호환 / A/S기간: 5년 , 제한보증 / 방열판 포함 / 두께: 8.6mm",2021/10,ok,
2026-10-01T01:29:14+00:00,69869543,삼성전자 990 EVO Plus M.2 NVMe (1TB),https://prod.danawa.com/info/?pcode=69869543&cate=11229608,M.2 (2280),"PCIe4.0x4(64GT/s), PCIe5.0x2",1TB,,,삼성 Piccolo,"7,150MB/s","6,300MB/s",850K,"1,350K",600TB,150만,"5년 , 제한보증",방열판 미포함,"M.2 (2280) / PCIe4.0x4(64GT/s), PCIe5.0x2 / TLC(토글) / 컨트롤러: 삼성 Piccolo / [성능] 순차읽기: 7,150MB/s / 순차쓰기: 6,300MB/s / 읽기IOPS: 850K / 쓰기IOPS: 1,350K / [지원기능] TRIM / S.M.A.R.T / SLC캐싱 / HMB / GC / DEVSLP / AES 암호화 / [환경특성] MTBF: 150만 / TBW: 600TB / SLC: 108GB / PS5 호환 / A/S기간: 5년 , 제한보증 / 방열판 미포함 / 두께: 2.38mm / 9g",2024/10,ok,
2026-10-01T01:29:14+00:00,69869573,삼성전자 990 EVO Plus M.2 NVMe (2TB),https://prod.danawa.com/info/?pcode=69869573&cate=11229608,M.2 (2280),"PCIe4.0x4(64GT/s), PCIe5.0x2",2TB,,,삼성 Piccolo,"7,250MB/s","6,300MB/s","1,000K","1,350K","1,200TB",150만,"제한보증 , 5년",방열판 미포함,"M.2 (2280) / PCIe4.0x4(64GT/s), PCIe5.0x2 / TLC(토글) / 컨트롤러: 삼성 Piccolo / [성능] 순차읽기: 7,250MB/s / 순차쓰기: 6,300MB/s / 읽기IOPS: 1,000K / 쓰기IOPS: 1,350K / [지원기능] GC / S.M.A.R.T / SLC캐싱 / TRIM / DEVSLP / HMB / AES 암호화 / [환경특성] MTBF: 150만 / TBW: 1,200TB / SLC: 216GB / PS5 호환 / A/S기간: 제한보증 , 5년 / 방열판 미포함 / 두께: 2.38mm / 9g",2024/10,ok,
2026-10-01T01:29:14+00:00,69869606,삼성전자 990 EVO Plus M.2 NVMe (4TB),https://prod.danawa.com/info/?pcode=69869606&cate=11229608,M.2 (2280),"PCIe4.0x4(64GT/s), PCIe5.0x2",4TB,,,삼성 Piccolo,"7,250MB/s","6,300MB/s","1,050K","1,400K","2,400TB",150만,"5년 , 제한보증",방열판 미포함,"M.2 (2280) / PCIe4.0x4(64GT/s), PCIe5.0x2 / TLC(토글) / 컨트롤러: 삼성 Piccolo / [성능] 순차읽기: 7,250MB/s / 순차쓰기: 6,300MB/s / 읽기IOPS: 1,050K / 쓰기IOPS: 1,400K / [지원기능] DEVSLP / HMB / TRIM / SLC캐싱 / GC / S.M.A.R.T / AES 암호화 / [환경특성] MTBF: 150만 / TBW: 2,400TB / SLC: 432GB / PS5 호환 / A/S기간: 5년 , 제한보증 / 방열판 미포함 / 두께: 2.38mm / 9g",2024/10,ok,
2026-10-01T01:29:14+00:00,88207421,삼성전자 990 EVO Plus M.2 NVMe 벌크 (1TB),https://prod.danawa.com/info/?pcode=88207421&cate=11229608,M.2 (2280),"PCIe4.0x4(64GT/s), PCIe5.0x2",1TB,,,삼성 Piccolo,"7,150MB/s","6,300MB/s",850K,"1,350K",600TB,150만,,방열판 미포함,"M.2 (2280) / PCIe4.0x4(64GT/s), PCIe5.0x2 / TLC(토글) / 컨트롤러: 삼성 Piccolo / [성능] 순차읽기: 7,150MB/s / 순차쓰기: 6,300MB/s / 읽기IOPS: 850K / 쓰기IOPS: 1,350K / [지원기능] DEVSLP / HMB / TRIM / SLC캐싱 / GC / S.M.A.R.T / AES 암호화 / [환경특성] MTBF: 150만 / TBW: 600TB / SLC: 108GB / PS5 호환 / 방열판 미포함 / 두께: 2.38mm / 9g / [기타] 노트북 적출상품",2025/04,ok,
2026-10-01T01:29:14+00:00,92888363,삼성전자 990 EVO Plus M.2 NVMe 병행수입 (1TB),https://prod.danawa.com/info/?pcode=92888363&cate=11229608,M.2 (2280),"PCIe4.0x4(64GT/s), PCIe5.0x2",1TB,,,삼성 Piccolo,"7,150MB/s","6,300MB/s",850K,"1,350K",600TB,150만,,방열판 미포함,"M.2 (2280) / PCIe4.0x4(64GT/s), PCIe5.0x2 / TLC(토글) / 컨트롤러: 삼성 Piccolo / [성능] 순차읽기: 7,150MB/s / 순차쓰기: 6,300MB/s / 읽기IOPS: 850K / 쓰기IOPS: 1,350K / [지원기능] TRIM / HMB / SLC캐싱 / GC / S.M.A.R.T / AES 암호화 / [환경특성] MTBF: 150만 / TBW: 600TB / SLC: 108GB / PS5 호환 / 방열판 미포함 / 두께: 2.38mm / 9g",2025/02,ok,
2026-10-01T01:29:14+00:00,76339598,삼성전자 990 EVO Plus M.2 NVMe 병행수입 (2TB),https://prod.danawa.com/info/?pcode=76339598&cate=11229608,M.2 (2280),"PCIe4.0x4(64GT/s), PCIe5.0x2",2TB,,,삼성 Piccolo,"7,250MB/s","6,300MB/s","1,000K","1,350K","1,200TB",150만,,방열판 미포함,"M.2 (2280) / PCIe4.0x4(64GT/s), PCIe5.0x2 / TLC(토글) / 컨트롤러: 삼성 Piccolo / [성능] 순차읽기: 7,250MB/s / 순차쓰기: 6,300MB/s / 읽기IOPS: 1,000K / 쓰기IOPS: 1,350K / [지원기능] TRIM / DEVSLP / HMB / SLC캐싱 / GC / S.M.A.R.T / AES 암호화 / [환경특성] MTBF: 150만 / TBW: 1,200TB / SLC: 216GB / PS5 호환 / 방열판 미포함 / 두께: 2.38mm / 9g",2025/02,ok,
2026-10-01T01:29:14+00:00,76339616,삼성전자 990 EVO Plus M.2 NVMe 병행수입 (4TB),https://prod.danawa.com/info/?pcode=76339616&cate=11229608,M.2 (2280),"PCIe4.0x4(64GT/s), PCIe5.0x2",4TB,,,삼성 Piccolo,"7,250MB/s","6,300MB/s","1,050K","1,400K","2,400TB",150만,,방열판 미포함,"M.2 (2280) / PCIe4.0x4(64GT/s), PCIe5.0x2 / TLC(토글) / 컨트롤러: 삼성 Piccolo / [성능] 순차읽기: 7,250MB/s / 순차쓰기: 6,300MB/s / 읽기IOPS: 1,050K / 쓰기IOPS: 1,400K / [지원기능] DEVSLP / HMB / TRIM / SLC캐싱 / GC / S.M.A.R.T / AES 암호화 / [환경특성] MTBF: 150만 / TBW: 2,400TB / SLC: 432GB / PS5 호환 / 방열판 미포함 / 두께: 2.38mm / 9g",2025/02,ok,
2026-10-01T01:29:14+00:00,98782082,삼성전자 990 EVO Plus M.2 NVMe 중고 (1TB),https://prod.danawa.com/info/?pcode=98782082&cate=11229608,M.2 (2280),"PCIe4.0x4(64GT/s), PCIe5.0x2",1TB,,,삼성 Piccolo,"7,150MB/s","6,300MB/s",850K,"1,350K",600TB,150만,,방열판 미포함,"M.2 (2280) / PCIe4.0x4(64GT/s), PCIe5.0x2 / TLC(토글) / 컨트롤러: 삼성 Piccolo / [성능] 순차읽기: 7,150MB/s / 순차쓰기: 6,300MB/s / 읽기IOPS: 850K / 쓰기IOPS: 1,350K / [지원기능] HMB / TRIM / SLC캐싱 / GC / S.M.A.R.T / AES 암호화 / [환경특성] MTBF: 150만 / TBW: 600TB / SLC: 108GB / PS5 호환 / 방열판 미포함 / 두께: 2.38mm / 9g",2024/10,ok,
2026-10-01T01:29:14+00:00,69657203,삼성전자 990 EVO Plus M.2 NVMe 해외구매 (1TB),https://prod.danawa.com/info/?pcode=69657203&cate=11229608,M.2 (2280),"PCIe4.0x4(64GT/s), PCIe5.0x2",1TB,,,삼성 Piccolo,"7,150MB/s","6,300MB/s",850K,"1,350K",600TB,150만,,방열판 미포함,"M.2 (2280) / PCIe4.0x4(64GT/s), PCIe5.0x2 / TLC(토글) / 컨트롤러: 삼성 Piccolo / [성능] 순차읽기: 7,150MB/s / 순차쓰기: 6,300MB/s / 읽기IOPS: 850K / 쓰기IOPS: 1,350K / [지원기능] TRIM / HMB / GC / SLC캐싱 / S.M.A.R.T / AES 암호화 / [환경특성] MTBF: 150만 / TBW: 600TB / SLC: 108GB / PS5 호환 / 방열판 미포함 / 두께: 2.38mm / 9g",2024/10,ok,
2026-10-01T01:29:14+00:00,71062307,삼성전자 990 EVO Plus M.2 NVMe 해외구매 (2TB),https://prod.danawa.com/info/?pcode=71062307&cate=11229608,M.2 (2280),"PCIe4.0x4(64GT/s), PCIe5.0x2",2TB,,,삼성 Piccolo,"7,250MB/s","6,300MB/s","1,000K","1,350K","1,200TB",150만,,방열판 미포함,"M.2 (2280) / PCIe4.0x4(64GT/s), PCIe5.0x2 / TLC(토글) / 컨트롤러: 삼성 Piccolo / [성능] 순차읽기: 7,250MB/s / 순차쓰기: 6,300MB/s / 읽기IOPS: 1,000K / 쓰기IOPS: 1,350K / [지원기능] GC / S.M.A.R.T / SLC캐싱 / TRIM / DEVSLP / HMB / AES 암호화 / [환경특성] MTBF: 150만 / TBW: 1,200TB / SLC: 216GB / PS5 호환 / 방열판 미포함 / 두께: 2.38mm / 9g",2024/11,ok,
2026-10-01T01:29:14+00:00,71506187,삼성전자 990 EVO Plus M.2 NVMe 해외구매 (4TB),https://prod.danawa.com/info/?pcode=71506187&cate=11229608,M.2 (2280),"PCIe4.0x4(64GT/s), PCIe5.0x2",4TB,,,삼성 Piccolo,"7,250MB/s","6,300MB/s","1,050K","1,400K","2,400TB",150만,,방열판 미포함,"M.2 (2280) / PCIe4.0x4(64GT/s), PCIe5.0x2 / TLC(토글) / 컨트롤러: 삼성 Piccolo / [성능] 순차읽기: 7,250MB/s / 순차쓰기: 6,300MB/s / 읽기IOPS: 1,050K / 쓰기IOPS: 1,400K / [지원기능] TRIM / DEVSLP / HMB / SLC캐싱 / GC / S.M.A.R.T / AES 암호화 / [환경특성] MTBF: 150만 / TBW: 2,400TB / SLC: 432GB / PS5 호환 / 방열판 미포함 / 두께: 2.38mm / 9g",2024/11,ok,
2026-10-01T01:29:14+00:00,123606360,삼성전자 990 M.2 NVMe (1TB),https://prod.danawa.com/info/?pcode=123606360&cate=11229608,M.2 (2280),PCIe4.0x4 (64GT/s),1TB,QLC,,삼성 PiccoloQ,"7,150MB/s","6,450MB/s",700K,"1,100K",400TB,150만,"3년 , 제한보증",방열판 미포함,"M.2 (2280) / PCIe4.0x4 (64GT/s) / QLC / 컨트롤러: 삼성 PiccoloQ / [성능] 순차읽기: 7,150MB/s / 순차쓰기: 6,450MB/s / 읽기IOPS: 700K / 쓰기IOPS: 1,100K / [지원기능] TRIM / S.M.A.R.T / SLC캐싱 / HMB / GC / DEVSLP / AES 암호화 / 전용 S/W / [환경특성] MTBF: 150만 / TBW: 400TB / PS5 호환 / A/S기간: 3년 , 제한보증 / 방열판 미포함 / 두께: 2.38mm / 9g",2026/07,ok,
2026-10-01T01:29:14+00:00,123606381,삼성전자 990 M.2 NVMe (2TB),https://prod.danawa.com/info/?pcode=123606381&cate=11229608,M.2 (2280),PCIe4.0x4 (64GT/s),2TB,QLC,,삼성 PiccoloQ,"7,250MB/s","6,450MB/s",850K,"1,200K",800TB,150만,"3년 , 제한보증",방열판 미포함,"M.2 (2280) / PCIe4.0x4 (64GT/s) / QLC / 컨트롤러: 삼성 PiccoloQ / [성능] 순차읽기: 7,250MB/s / 순차쓰기: 6,450MB/s / 읽기IOPS: 850K / 쓰기IOPS: 1,200K / [지원기능] TRIM / S.M.A.R.T / SLC캐싱 / HMB / GC / DEVSLP / AES 암호화 / 전용 S/W / [환경특성] MTBF: 150만 / TBW: 800TB / PS5 호환 / A/S기간: 3년 , 제한보증 / 방열판 미포함 / 두께: 2.38mm / 9g",2026/07,ok,
2026-10-01T01:29:14+00:00,124182969,삼성전자 990 M.2 NVMe 중고 (1TB),https://prod.danawa.com/info/?pcode=124182969&cate=11229608,M.2 (2280),PCIe4.0x4 (64GT/s),1TB,QLC,,삼성 PiccoloQ,"7,150MB/s","6,450MB/s",700K,"1,100K",400TB,150만,,방열판 미포함,"M.2 (2280) / PCIe4.0x4 (64GT/s) / QLC / 컨트롤러: 삼성 PiccoloQ / [성능] 순차읽기: 7,150MB/s / 순차쓰기: 6,450MB/s / 읽기IOPS: 700K / 쓰기IOPS: 1,100K / [지원기능] TRIM / S.M.A.R.T / SLC캐싱 / HMB / GC / DEVSLP / AES 암호화 / 전용 S/W / [환경특성] MTBF: 150만 / TBW: 400TB / PS5 호환 / 방열판 미포함 / 두께: 2.38mm / 9g",2026/07,ok,
2026-10-01T01:29:14+00:00,18297002,삼성전자 990 PRO M.2 NVMe (1TB),https://prod.danawa.com/info/?pcode=18297002&cate=11229608,M.2 (2280),PCIe4.0x4 (64GT/s),1TB,,DRAM 탑재,삼성 Pascal,"7,450MB/s","6,900MB/s","1,200K","1,550K",600TB,150만,"5년 , 제한보증",방열판 미포함,"M.2 (2280) / PCIe4.0x4 (64GT/s) / TLC(토글) / DRAM 탑재 / DDR4 1GB / 컨트롤러: 삼성 Pascal / [성능] 순차읽기: 7,450MB/s / 순차쓰기: 6,900MB/s / 읽기IOPS: 1,200K / 쓰기IOPS: 1,550K / [지원기능] TRIM / S.M.A.R.T / SLC캐싱 / GC / DEVSLP / AES 암호화 / 전용 S/W / [환경특성] MTBF: 150만 / TBW: 600TB / SLC: 114GB / PS5 호환 / A/S기간: 5년 , 제한보증 / 방열판 미포함 / 두께: 2.3mm / 9g",2022/11,ok,
2026-10-01T01:29:14+00:00,18297722,삼성전자 990 PRO M.2 NVMe (2TB),https://prod.danawa.com/info/?pcode=18297722&cate=11229608,M.2 (2280),PCIe4.0x4 (64GT/s),2TB,,DRAM 탑재,삼성 Pascal,"7,450MB/s","6,900MB/s","1,400K","1,550K","1,200TB",150만,"5년 , 제한보증",방열판 미포함,"M.2 (2280) / PCIe4.0x4 (64GT/s) / TLC(토글) / DRAM 탑재 / DDR4 2GB / 컨트롤러: 삼성 Pascal / [성능] 순차읽기: 7,450MB/s / 순차쓰기: 6,900MB/s / 읽기IOPS: 1,400K / 쓰기IOPS: 1,550K / [지원기능] TRIM / S.M.A.R.T / SLC캐싱 / GC / DEVSLP / AES 암호화 / 전용 S/W / [환경특성] MTBF: 150만 / TBW: 1,200TB / SLC: 226GB / PS5 호환 / A/S기간: 5년 , 제한보증 / 방열판 미포함 / 두께: 2.3mm / 9g",2022/11,ok,
2026-10-01T01:29:14+00:00,28131875,삼성전자 990 PRO M.2 NVMe (4TB),https://prod.danawa.com/info/?pcode=28131875&cate=11229608,M.2 (2280),PCIe4.0x4 (64GT/s),4TB,,DRAM 탑재,삼성 Pascal,"7,450MB/s","6,900MB/s","1,600K","1,550K","2,400TB",150만,"5년 , 제한보증",방열판 미포함,"M.2 (2280) / PCIe4.0x4 (64GT/s) / TLC(토글) / DRAM 탑재 / DDR4 4GB / 컨트롤러: 삼성 Pascal / [성능] 순차읽기: 7,450MB/s / 순차쓰기: 6,900MB/s / 읽기IOPS: 1,600K / 쓰기IOPS: 1,550K / [지원기능] DEVSLP / TRIM / SLC캐싱 / GC / S.M.A.R.T / 전용 S/W / AES 암호화 / [환경특성] MTBF: 150만 / TBW: 2,400TB / SLC: 442GB / PS5 호환 / A/S기간: 5년 , 제한보증 / 방열판 미포함 / 두께: 2.3mm / 9g",2023/10,ok,
2026-10-01T01:29:14+00:00,18518807,삼성전자 990 PRO M.2 NVMe 병행수입 (1TB),https://prod.danawa.com/info/?pcode=18518807&cate=11229608,M.2 (2280),PCIe4.0x4 (64GT/s),1TB,,DRAM 탑재,삼성 Pascal,"7,450MB/s","6,900MB/s","1,200K","1,550K",600TB,150만,,방열판 미포함,"M.2 (2280) / PCIe4.0x4 (64GT/s) / TLC(토글) / DRAM 탑재 / DDR4 1GB / 컨트롤러: 삼성 Pascal / [성능] 순차읽기: 7,450MB/s / 순차쓰기: 6,900MB/s / 읽기IOPS: 1,200K / 쓰기IOPS: 1,550K / [지원기능] GC / S.M.A.R.T / SLC캐싱 / TRIM / DEVSLP / AES 암호화 / 전용 S/W / [환경특성] MTBF: 150만 / TBW: 600TB / PS5 호환 / 방열판 미포함 / 두께: 2.3mm / 9g",2022/12,ok,
2026-10-01T01:29:14+00:00,18518834,삼성전자 990 PRO M.2 NVMe 병행수입 (2TB),https://prod.danawa.com/info/?pcode=18518834&cate=11229608,M.2 (2280),PCIe4.0x4 (64GT/s),2TB,,DRAM 탑재,삼성 Pascal,"7,450MB/s","6,900MB/s","1,400K","1,550K","1,200TB",150만,,방열판 미포함,"M.2 (2280) / PCIe4.0x4 (64GT/s) / TLC(토글) / DRAM 탑재 / DDR4 2GB / 컨트롤러: 삼성 Pascal / [성능] 순차읽기: 7,450MB/s / 순차쓰기: 6,900MB/s / 읽기IOPS: 1,400K / 쓰기IOPS: 1,550K / [지원기능] TRIM / DEVSLP / SLC캐싱 / GC / S.M.A.R.T / AES 암호화 / 전용 S/W / [환경특성] MTBF: 150만 / TBW: 1,200TB / SLC: 226GB / PS5 호환 / 방열판 미포함 / 두께: 2.3mm / 9g",2022/12,ok,
2026-10-01T01:29:14+00:00,41420363,삼성전자 990 PRO M.2 NVMe 병행수입 (4TB),https://prod.danawa.com/info/?pcode=41420363&cate=11229608,M.2 (2280),PCIe4.0x4 (64GT/s),4TB,,DRAM 탑재,삼성 Pascal,"7,450MB/s","6,900MB/s","1,600K","1,550K","2,400TB",150만,,방열판 미포함,"M.2 (2280) / PCIe4.0x4 (64GT/s) / TLC(토글) / DRAM 탑재 / DDR4 4GB / 컨트롤러: 삼성 Pascal / [성능] 순차읽기: 7,450MB/s / 순차쓰기: 6,900MB/s / 읽기IOPS: 1,600K / 쓰기IOPS: 1,550K / [지원기능] DEVSLP / TRIM / SLC캐싱 / GC / S.M.A.R.T / 전용 S/W / AES 암호화 / [환경특성] MTBF: 150만 / TBW: 2,400TB / SLC: 442GB / PS5 호환 / 방열판 미포함 / 두께: 2.3mm / 9g",2024/03,ok,
2026-10-01T01:29:14+00:00,102754388,삼성전자 990 PRO M.2 NVMe 중고 (1TB),https://prod.danawa.com/info/?pcode=102754388&cate=11229608,M.2 (2280),PCIe4.0x4 (64GT/s),1TB,,DRAM 탑재,삼성 Pascal,"7,450MB/s","6,900MB/s","1,200K","1,550K",600TB,150만,,방열판 미포함,"M.2 (2280) / PCIe4.0x4 (64GT/s) / TLC(토글) / DRAM 탑재 / DDR4 1GB / 컨트롤러: 삼성 Pascal / [성능] 순차읽기: 7,450MB/s / 순차쓰기: 6,900MB/s / 읽기IOPS: 1,200K / 쓰기IOPS: 1,550K / [지원기능] GC / S.M.A.R.T / SLC캐싱 / TRIM / DEVSLP / AES 암호화 / 전용 S/W / [환경특성] MTBF: 150만 / TBW: 600TB / SLC: 114GB / PS5 호환 / 방열판 미포함 / 두께: 2.3mm / 9g",2022/12,ok,
2026-10-01T01:29:14+00:00,102754385,삼성전자 990 PRO M.2 NVMe 중고 (2TB),https://prod.danawa.com/info/?pcode=102754385&cate=11229608,M.2 (2280),PCIe4.0x4 (64GT/s),2TB,,DRAM 탑재,삼성 Pascal,"7,450MB/s","6,900MB/s","1,400K","1,550K","1,200TB",150만,,방열판 미포함,"M.2 (2280) / PCIe4.0x4 (64GT/s) / TLC(토글) / DRAM 탑재 / DDR4 2GB / 컨트롤러: 삼성 Pascal / [성능] 순차읽기: 7,450MB/s / 순차쓰기: 6,900MB/s / 읽기IOPS: 1,400K / 쓰기IOPS: 1,550K / [지원기능] DEVSLP / TRIM / SLC캐싱 / GC / S.M.A.R.T / AES 암호화 / 전용 S/W / [환경특성] MTBF: 150만 / TBW: 1,200TB / SLC: 226GB / PS5 호환 / 방열판 미포함 / 두께: 2.3mm / 9g",2023/04,ok,
2026-10-01T01:29:14+00:00,123670043,삼성전자 990 PRO M.2 NVMe 중고 (4TB),https://prod.danawa.com/info/?pcode=123670043&cate=11229608,M.2 (2280),PCIe4.0x4 (64GT/s),4TB,,DRAM 탑재,삼성 Pascal,"7,450MB/s","6,900MB/s","1,600K","1,550K","2,400TB",150만,,방열판 미포함,"M.2 (2280) / PCIe4.0x4 (64GT/s) / TLC(토글) / DRAM 탑재 / DDR4 4GB / 컨트롤러: 삼성 Pascal / [성능] 순차읽기: 7,450MB/s / 순차쓰기: 6,900MB/s / 읽기IOPS: 1,600K / 쓰기IOPS: 1,550K / [지원기능] TRIM / S.M.A.R.T / SLC캐싱 / GC / DEVSLP / AES 암호화 / 전용 S/W / [환경특성] MTBF: 150만 / TBW: 2,400TB / SLC: 442GB / PS5 호환 / 방열판 미포함 / 두께: 2.3mm / 9g",2023/10,ok,
2026-10-01T01:29:14+00:00,18429662,삼성전자 990 PRO M.2 NVMe 해외구매 (1TB),https://prod.danawa.com/info/?pcode=18429662&cate=11229608,M.2 (2280),PCIe4.0x4 (64GT/s),1TB,,DRAM 탑재,삼성 Pascal,"7,450MB/s","6,900MB/s","1,200K","1,550K",600TB,150만,,방열판 미포함,"M.2 (2280) / PCIe4.0x4 (64GT/s) / TLC(토글) / DRAM 탑재 / DDR4 1GB / 컨트롤러: 삼성 Pascal / [성능] 순차읽기: 7,450MB/s / 순차쓰기: 6,900MB/s / 읽기IOPS: 1,200K / 쓰기IOPS: 1,550K / [지원기능] S.M.A.R.T / SLC캐싱 / TRIM / DEVSLP / GC / AES 암호화 / 전용 S/W / [환경특성] MTBF: 150만 / TBW: 600TB / SLC: 114GB / PS5 호환 / 방열판 미포함 / 두께: 2.3mm / 9g",2022/12,ok,
2026-10-01T01:29:14+00:00,19616756,삼성전자 990 PRO M.2 NVMe 해외구매 (2TB),https://prod.danawa.com/info/?pcode=19616756&cate=11229608,M.2 (2280),PCIe4.0x4 (64GT/s),2TB,,DRAM 탑재,삼성 Pascal,"7,450MB/s","6,900MB/s","1,400K","1,550K","1,200TB",150만,,방열판 미포함,"M.2 (2280) / PCIe4.0x4 (64GT/s) / TLC(토글) / DRAM 탑재 / DDR4 2GB / 컨트롤러: 삼성 Pascal / [성능] 순차읽기: 7,450MB/s / 순차쓰기: 6,900MB/s / 읽기IOPS: 1,400K / 쓰기IOPS: 1,550K / [지원기능] TRIM / DEVSLP / SLC캐싱 / GC / S.M.A.R.T / 전용 S/W / AES 암호화 / [환경특성] MTBF: 150만 / TBW: 1,200TB / SLC: 226GB / PS5 호환 / 방열판 미포함 / 두께: 2.3mm / 9g",2023/04,ok,
2026-10-01T01:29:14+00:00,28553285,삼성전자 990 PRO M.2 NVMe 해외구매 (4TB),https://prod.danawa.com/info/?pcode=28553285&cate=11229608,M.2 (2280),PCIe4.0x4 (64GT/s),4TB,,DRAM 탑재,삼성 Pascal,"7,450MB/s","6,900MB/s","1,600K","1,550K","2,400TB",150만,,방열판 미포함,"M.2 (2280) / PCIe4.0x4 (64GT/s) / TLC(토글) / DRAM 탑재 / DDR4 4GB / 컨트롤러: 삼성 Pascal / [성능] 순차읽기: 7,450MB/s / 순차쓰기: 6,900MB/s / 읽기IOPS: 1,600K / 쓰기IOPS: 1,550K / [지원기능] TRIM / DEVSLP / SLC캐싱 / GC / S.M.A.R.T / AES 암호화 / 전용 S/W / [환경특성] MTBF: 150만 / TBW: 2,400TB / SLC: 442GB / PS5 호환 / 방열판 미포함 / 두께: 2.3mm / 9g",2023/10,ok,
2026-10-01T01:29:14+00:00,20600144,삼성전자 990 PRO 히트싱크 M.2 NVMe (1TB),https://prod.danawa.com/info/?pcode=20600144&cate=11229608,M.2 (2280),PCIe4.0x4 (64GT/s),1TB,,DRAM 탑재,삼성 Pascal,"7,450MB/s","6,900MB/s","1,200K","1,550K",600TB,150만,"제한보증 , 5년",방열판 포함,"M.2 (2280) / PCIe4.0x4 (64GT/s) / TLC(토글) / DRAM 탑재 / DDR4 1GB / 컨트롤러: 삼성 Pascal / [성능] 순차읽기: 7,450MB/s / 순차쓰기: 6,900MB/s / 읽기IOPS: 1,200K / 쓰기IOPS: 1,550K / [지원기능] GC / S.M.A.R.T / SLC캐싱 / TRIM / DEVSLP / RGB/LED / AES 암호화 / 전용 S/W / [환경특성] MTBF: 150만 / TBW: 600TB / SLC: 114GB / PS5 호환 / A/S기간: 제한보증 , 5년 / 방열판 포함 / 두께: 8.2mm / 28g",2023/06,ok,
2026-10-01T01:29:14+00:00,20600147,삼성전자 990 PRO 히트싱크 M.2 NVMe (2TB),https://prod.danawa.com/info/?pcode=20600147&cate=11229608,M.2 (2280),PCIe4.0x4 (64GT/s),2TB,,DRAM 탑재,삼성 Pascal,"7,450MB/s","6,900MB/s","1,400K","1,550K","1,200TB",150만,"제한보증 , 5년",방열판 포함,"M.2 (2280) / PCIe4.0x4 (64GT/s) / TLC(토글) / DRAM 탑재 / DDR4 2GB / 컨트롤러: 삼성 Pascal / [성능] 순차읽기: 7,450MB/s / 순차쓰기: 6,900MB/s / 읽기IOPS: 1,400K / 쓰기IOPS: 1,550K / [지원기능] DEVSLP / TRIM / SLC캐싱 / GC / S.M.A.R.T / RGB/LED / AES 암호화 / 전용 S/W / [환경특성] MTBF: 150만 / TBW: 1,200TB / SLC: 226GB / PS5 호환 / A/S기간: 제한보증 , 5년 / 방열판 포함 / 두께: 8.2mm / 28g",2023/06,ok,
2026-10-01T01:29:14+00:00,30612962,삼성전자 990 PRO 히트싱크 M.2 NVMe (4TB),https://prod.danawa.com/info/?pcode=30612962&cate=11229608,M.2 (2280),PCIe4.0x4 (64GT/s),4TB,,DRAM 탑재,삼성 Pascal,"7,450MB/s","6,900MB/s","1,600K","1,550K","2,400TB",150만,"제한보증 , 5년",방열판 포함,"M.2 (2280) / PCIe4.0x4 (64GT/s) / TLC(토글) / DRAM 탑재 / DDR4 4GB / 컨트롤러: 삼성 Pascal / [성능] 순차읽기: 7,450MB/s / 순차쓰기: 6,900MB/s / 읽기IOPS: 1,600K / 쓰기IOPS: 1,550K / [지원기능] TRIM / DEVSLP / GC / SLC캐싱 / S.M.A.R.T / RGB/LED / AES 암호화 / 전용 S/W / [환경특성] MTBF: 150만 / TBW: 2,400TB / SLC: 442GB / PS5 호환 / A/S기간: 제한보증 , 5년 / 방열판 포함 / 두께: 8.2mm / 28g",2023/12,ok,
2026-10-01T01:29:14+00:00,31986509,삼성전자 990 PRO 히트싱크 M.2 NVMe 병행수입 (1TB),https://prod.danawa.com/info/?pcode=31986509&cate=11229608,M.2 (2280),PCIe4.0x4 (64GT/s),1TB,,DRAM 탑재,삼성 Pascal,"7,450MB/s","6,900MB/s","1,200K","1,550K",600TB,150만,,방열판 포함,"M.2 (2280) / PCIe4.0x4 (64GT/s) / TLC(토글) / DRAM 탑재 / DDR4 1GB / 컨트롤러: 삼성 Pascal / [성능] 순차읽기: 7,450MB/s / 순차쓰기: 6,900MB/s / 읽기IOPS: 1,200K / 쓰기IOPS: 1,550K / [지원기능] TRIM / DEVSLP / SLC캐싱 / GC / S.M.A.R.T / RGB/LED / AES 암호화 / 전용 S/W / [환경특성] MTBF: 150만 / TBW: 600TB / SLC: 114GB / PS5 호환 / 방열판 포함 / 두께: 8.2mm / 28g",2023/06,ok,
2026-10-01T01:29:14+00:00,40895498,삼성전자 990 PRO 히트싱크 M.2 NVMe 병행수입 (2TB),https://prod.danawa.com/info/?pcode=40895498&cate=11229608,M.2 (2280),PCIe4.0x4 (64GT/s),2TB,,DRAM 탑재,삼성 Pascal,"7,450MB/s","6,900MB/s","1,400K","1,550K","1,200TB",150만,,방열판 포함,"M.2 (2280) / PCIe4.0x4 (64GT/s) / TLC(토글) / DRAM 탑재 / DDR4 2GB / 컨트롤러: 삼성 Pascal / [성능] 순차읽기: 7,450MB/s / 순차쓰기: 6,900MB/s / 읽기IOPS: 1,400K / 쓰기IOPS: 1,550K / [지원기능] TRIM / DEVSLP / GC / SLC캐싱 / S.M.A.R.T / RGB/LED / AES 암호화 / 전용 S/W / [환경특성] MTBF: 150만 / TBW: 1,200TB / SLC: 226GB / PS5 호환 / 방열판 포함 / 두께: 8.2mm / 28g",2024/03,ok,
2026-10-01T01:29:14+00:00,41827244,삼성전자 990 PRO 히트싱크 M.2 NVMe 병행수입 (4TB),https://prod.danawa.com/info/?pcode=41827244&cate=11229608,M.2 (2280),PCIe4.0x4 (64GT/s),4TB,,DRAM 탑재,삼성 Pascal,"7,450MB/s","6,900MB/s","1,600K","1,550K","2,400TB",150만,,방열판 포함,"M.2 (2280) / PCIe4.0x4 (64GT/s) / TLC(토글) / DRAM 탑재 / DDR4 4GB / 컨트롤러: 삼성 Pascal / [성능] 순차읽기: 7,450MB/s / 순차쓰기: 6,900MB/s / 읽기IOPS: 1,600K / 쓰기IOPS: 1,550K / [지원기능] DEVSLP / TRIM / SLC캐싱 / GC / S.M.A.R.T / RGB/LED / AES 암호화 / 전용 S/W / [환경특성] MTBF: 150만 / TBW: 2,400TB / SLC: 442GB / PS5 호환 / 방열판 포함 / 두께: 8.2mm / 28g",2024/03,ok,
2026-10-01T01:29:14+00:00,122685547,삼성전자 990 PRO 히트싱크 M.2 NVMe 중고 (1TB),https://prod.danawa.com/info/?pcode=122685547&cate=11229608,M.2 (2280),PCIe4.0x4 (64GT/s),1TB,,DRAM 탑재,삼성 Pascal,"7,450MB/s","6,900MB/s","1,200K","1,550K",600TB,150만,,방열판 포함,"M.2 (2280) / PCIe4.0x4 (64GT/s) / TLC(토글) / DRAM 탑재 / DDR4 1GB / 컨트롤러: 삼성 Pascal / [성능] 순차읽기: 7,450MB/s / 순차쓰기: 6,900MB/s / 읽기IOPS: 1,200K / 쓰기IOPS: 1,550K / [지원기능] DEVSLP / TRIM / SLC캐싱 / GC / S.M.A.R.T / RGB/LED / AES 암호화 / 전용 S/W / [환경특성] MTBF: 150만 / TBW: 600TB / SLC: 114GB / PS5 호환 / 방열판 포함 / 두께: 8.2mm / 28g",2023/06,ok,
2026-10-01T01:29:14+00:00,122685548,삼성전자 990 PRO 히트싱크 M.2 NVMe 중고 (2TB),https://prod.danawa.com/info/?pcode=122685548&cate=11229608,M.2 (2280),PCIe4.0x4 (64GT/s),2TB,,DRAM 탑재,삼성 Pascal,"7,450MB/s","6,900MB/s","1,400K","1,550K","1,200TB",150만,,방열판 포함,"M.2 (2280) / PCIe4.0x4 (64GT/s) / TLC(토글) / DRAM 탑재 / DDR4 2GB / 컨트롤러: 삼성 Pascal / [성능] 순차읽기: 7,450MB/s / 순차쓰기: 6,900MB/s / 읽기IOPS: 1,400K / 쓰기IOPS: 1,550K / [지원기능] DEVSLP / TRIM / SLC캐싱 / GC / S.M.A.R.T / RGB/LED / AES 암호화 / 전용 S/W / [환경특성] MTBF: 150만 / TBW: 1,200TB / SLC: 226GB / PS5 호환 / 방열판 포함 / 두께: 8.2mm / 28g",2024/03,ok,
2026-10-01T01:29:14+00:00,103416365,삼성전자 990 PRO 히트싱크 M.2 NVMe 중고 (4TB),https://prod.danawa.com/info/?pcode=103416365&cate=11229608,M.2 (2280),PCIe4.0x4 (64GT/s),4TB,,DRAM 탑재,삼성 Pascal,"7,450MB/s","6,900MB/s","1,600K","1,550K","2,400TB",150만,,방열판 포함,"M.2 (2280) / PCIe4.0x4 (64GT/s) / TLC(토글) / DRAM 탑재 / DDR4 4GB / 컨트롤러: 삼성 Pascal / [성능] 순차읽기: 7,450MB/s / 순차쓰기: 6,900MB/s / 읽기IOPS: 1,600K / 쓰기IOPS: 1,550K / [지원기능] TRIM / DEVSLP / SLC캐싱 / GC / S.M.A.R.T / 전용 S/W / RGB/LED / AES 암호화 / [환경특성] MTBF: 150만 / TBW: 2,400TB / SLC: 442GB / PS5 호환 / 방열판 포함 / 두께: 8.2mm / 28g",2024/03,ok,
2026-10-01T01:29:14+00:00,20539400,삼성전자 990 PRO 히트싱크 M.2 NVMe 해외구매 (1TB),https://prod.danawa.com/info/?pcode=20539400&cate=11229608,M.2 (2280),PCIe4.0x4 (64GT/s),1TB,,DRAM 탑재,삼성 Pascal,"7,450MB/s","6,900MB/s","1,200K","1,550K",600TB,150만,,방열판 포함,"M.2 (2280) / PCIe4.0x4 (64GT/s) / TLC(토글) / DRAM 탑재 / DDR4 1GB / 컨트롤러: 삼성 Pascal / [성능] 순차읽기: 7,450MB/s / 순차쓰기: 6,900MB/s / 읽기IOPS: 1,200K / 쓰기IOPS: 1,550K / [지원기능] DEVSLP / TRIM / SLC캐싱 / GC / S.M.A.R.T / RGB/LED / AES 암호화 / 전용 S/W / [환경특성] MTBF: 150만 / TBW: 600TB / SLC: 114GB / PS5 호환 / 방열판 포함 / 두께: 8.2mm / 28g",2023/06,ok,
2026-10-01T01:29:14+00:00,20539451,삼성전자 990 PRO 히트싱크 M.2 NVMe 해외구매 (2TB),https://prod.danawa.com/info/?pcode=20539451&cate=11229608,M.2 (2280),PCIe4.0x4 (64GT/s),2TB,,DRAM 탑재,삼성 Pascal,"7,450MB/s","6,900MB/s","1,400K","1,550K","1,200TB",150만,,방열판 포함,"M.2 (2280) / PCIe4.0x4 (64GT/s) / TLC(토글) / DRAM 탑재 / DDR4 2GB / 컨트롤러: 삼성 Pascal / [성능] 순차읽기: 7,450MB/s / 순차쓰기: 6,900MB/s / 읽기IOPS: 1,400K / 쓰기IOPS: 1,550K / [지원기능] TRIM / DEVSLP / GC / SLC캐싱 / S.M.A.R.T / RGB/LED / AES 암호화 / 전용 S/W / [환경특성] MTBF: 150만 / TBW: 1,200TB / SLC: 226GB / PS5 호환 / 방열판 포함 / 두께: 8.2mm / 28g",2023/06,ok,
2026-10-01T01:29:14+00:00,29913368,삼성전자 990 PRO 히트싱크 M.2 NVMe 해외구매 (4TB),https://prod.danawa.com/info/?pcode=29913368&cate=11229608,M.2 (2280),PCIe4.0x4 (64GT/s),4TB,,DRAM 탑재,삼성 Pascal,"7,450MB/s","6,900MB/s","1,400K","1,550K","2,400TB",150만,,방열판 포함,"M.2 (2280) / PCIe4.0x4 (64GT/s) / TLC(토글) / DRAM 탑재 / DDR4 4GB / 컨트롤러: 삼성 Pascal / [성능] 순차읽기: 7,450MB/s / 순차쓰기: 6,900MB/s / 읽기IOPS: 1,400K / 쓰기IOPS: 1,550K / [지원기능] TRIM / DEVSLP / SLC캐싱 / GC / S.M.A.R.T / RGB/LED / AES 암호화 / 전용 S/W / [환경특성] MTBF: 150만 / TBW: 2,400TB / SLC: 442GB / PS5 호환 / 방열판 포함 / 두께: 8.2mm / 28g",2023/11,ok,
2026-10-01T01:29:14+00:00,122701897,삼성전자 BM9C1 M.2 2230 NVMe 벌크 (512GB),https://prod.danawa.com/info/?pcode=122701897&cate=11229608,M.2 (2230),PCIe4.0x4 (64GT/s),512GB,,,기타,"3,500MB/s","2,500MB/s",,,150TB,,,방열판 미포함,"M.2 (2230) / PCIe4.0x4 (64GT/s) / 컨트롤러: 기타 / [성능] 순차읽기: 3,500MB/s / 순차쓰기: 2,500MB/s / [환경특성] TBW: 150TB / 스팀덱, Ally 호환 / 방열판 미포함 / [기타] 노트북 적출상품",2026/02,ok,
2026-10-01T01:29:14+00:00,106712972,삼성전자 BM9C1 M.2 NVMe 벌크 (1TB),https://prod.danawa.com/info/?pcode=106712972&cate=11229608,M.2 (2280),PCIe4.0x4 (64GT/s),1TB,,,기타,"4,900MB/s","4,500MB/s",530K,950K,300TB,,,방열판 미포함,"M.2 (2280) / PCIe4.0x4 (64GT/s) / 컨트롤러: 기타 / [성능] 순차읽기: 4,900MB/s / 순차쓰기: 4,500MB/s / 읽기IOPS: 530K / 쓰기IOPS: 950K / [환경특성] TBW: 300TB / 방열판 미포함 / [기타] 노트북 적출상품",2026/02,ok,
2026-10-01T01:29:14+00:00,122701937,삼성전자 BM9H1 M.2 NVMe 벌크 (1TB),https://prod.danawa.com/info/?pcode=122701937&cate=11229608,M.2 (2280),PCIe4.0x4 (64GT/s),1TB,QLC,,실리콘모션 SM2269XT,"4,900MB/s","4,500MB/s",530K,950K,,,,방열판 미포함,"M.2 (2280) / PCIe4.0x4 (64GT/s) / QLC / 컨트롤러: 실리콘모션 SM2269XT / [성능] 순차읽기: 4,900MB/s / 순차쓰기: 4,500MB/s / 읽기IOPS: 530K / 쓰기IOPS: 950K / [지원기능] TRIM / S.M.A.R.T / SLC캐싱 / HMB / AES 암호화 / [환경특성] 방열판 미포함 / [기타] 노트북 적출상품",2026/06,ok,
2026-10-01T01:29:14+00:00,122701920,삼성전자 BM9H1 M.2 NVMe 벌크 (512GB),https://prod.danawa.com/info/?pcode=122701920&cate=11229608,M.2 (2280),PCIe4.0x4 (64GT/s),512GB,QLC,,실리콘모션 SM2269XT,,,,,,,,방열판 미포함,M.2 (2280) / PCIe4.0x4 (64GT/s) / QLC / 컨트롤러: 실리콘모션 SM2269XT / [지원기능] TRIM / S.M.A.R.T / SLC캐싱 / HMB / AES 암호화 / 방열판 미포함 / [기타] 노트북 적출상품,2026/06,ok,
2026-10-01T01:29:14+00:00,4872599,삼성전자 CM871a M.2 SATA 병행수입 (256GB),https://prod.danawa.com/info/?pcode=4872599&cate=11229608,M.2 (2280),SATA3 (6Gb/s),256GB,,,기타,520MB/s,430MB/s,,,72TB,,,,"M.2 (2280) / SATA3 (6Gb/s) / 컨트롤러: 기타 / [성능] 순차읽기: 520MB/s / 순차쓰기: 430MB/s / [지원기능] GC / [환경특성] TBW: 72TB / [기타] 중고, 벌크 여부 확인요망",2017/02,ok,
2026-10-01T01:29:14+00:00,5908572,삼성전자 M871a M.2 SATA 중고 (128GB),https://prod.danawa.com/info/?pcode=5908572&cate=11229608,M.2 (2280),SATA3 (6Gb/s),128GB,,,,520MB/s,430MB/s,,,72TB,,,,M.2 (2280) / SATA3 (6Gb/s) / [성능] 순차읽기: 520MB/s / 순차쓰기: 430MB/s / [환경특성] TBW: 72TB,2018/02,ok,
2026-10-01T01:29:14+00:00,8593442,삼성전자 PM1725A PCIe 병행수입 (3.2TB),https://prod.danawa.com/info/?pcode=8593442&cate=11229608,PCIe 카드,PCIe 카드,3.2TB,,,삼성 EPIC,"6,400MB/s","3,000MB/s","최대 1,080K",최대 170K,,200만시간,,,"PCIe 카드 / PCIe3.0x8 (64GT/s) / 컨트롤러: 삼성 EPIC / [성능] 순차읽기: 6,400MB/s / 순차쓰기: 3,000MB/s / 읽기IOPS: 최대 1,080K / 쓰기IOPS: 최대 170K / [환경특성] MTBF: 200만시간 / 두께: 18.71mm / 330g",2019/07,ok,
2026-10-01T01:29:14+00:00,106693691,삼성전자 PM1725A PCIe 중고 (1.6TB),https://prod.danawa.com/info/?pcode=106693691&cate=11229608,PCIe 카드,PCIe 카드,1.6TB,,,삼성 EPIC,,,,,,200만시간,,,PCIe 카드 / PCIe3.0x8 (64GT/s) / 컨트롤러: 삼성 EPIC / [환경특성] MTBF: 200만시간 / 두께: 18.71mm / 330g,2019/07,ok,
2026-10-01T01:29:14+00:00,106693688,삼성전자 PM1725A PCIe 중고 (3.2TB),https://prod.danawa.com/info/?pcode=106693688&cate=11229608,PCIe 카드,PCIe 카드,3.2TB,,,삼성 EPIC,"6,400MB/s","3,000MB/s","1,080K",170K,,200만시간,,,"PCIe 카드 / PCIe3.0x8 (64GT/s) / 컨트롤러: 삼성 EPIC / [성능] 순차읽기: 6,400MB/s / 순차쓰기: 3,000MB/s / 읽기IOPS: 1,080K / 쓰기IOPS: 170K / [환경특성] MTBF: 200만시간 / 두께: 18.71mm / 330g",2019/07,ok,
2026-10-01T01:29:14+00:00,12962654,삼성전자 PM1733 U.2 to M.2 NVMe 병행수입 (15.36TB),https://prod.danawa.com/info/?pcode=12962654&cate=11229608,6.4cm(2.5형),,15.36TB,,,,"7,000MB/s","3,500MB/s","1,500K","1,350K",,200만시간,,방열판 미포함,"6.4cm(2.5형) / U.2 (PCIe4.0x4) / [성능] 순차읽기: 7,000MB/s / 순차쓰기: 3,500MB/s / 읽기IOPS: 1,500K / 쓰기IOPS: 1,350K / [환경특성] MTBF: 200만시간 / 방열판 미포함 / 두께: 15mm / [기타] U.2 to M.2 어댑터 결합 제품",2020/12,ok,
2026-10-01T01:29:14+00:00,73563116,삼성전자 PM1735 PCIe 벌크 (1.6TB),https://prod.danawa.com/info/?pcode=73563116&cate=11229608,PCIe 카드,PCIe 카드,1.6TB,,,삼성,"7,000MB/s","2,400MB/s","1,000K",200K,,,,,"PCIe 카드 / PCIe4.0x8 (128GT/s) / 컨트롤러: 삼성 / [성능] 순차읽기: 7,000MB/s / 순차쓰기: 2,400MB/s / 읽기IOPS: 1,000K / 쓰기IOPS: 200K / [기타] 적출상품",2020/07,ok,
2026-10-01T01:29:14+00:00,103453781,삼성전자 PM1735 PCIe 중고 (1.6TB),https://prod.danawa.com/info/?pcode=103453781&cate=11229608,PCIe 카드,PCIe 카드,1.6TB,,,삼성,"7,000MB/s","2,400MB/s","1,000K",200K,,,,,"PCIe 카드 / PCIe4.0x8 (128GT/s) / 컨트롤러: 삼성 / [성능] 순차읽기: 7,000MB/s / 순차쓰기: 2,400MB/s / 읽기IOPS: 1,000K / 쓰기IOPS: 200K",2020/07,ok,
2026-10-01T01:29:14+00:00,103453784,삼성전자 PM1735 PCIe 중고 (3.2TB),https://prod.danawa.com/info/?pcode=103453784&cate=11229608,PCIe 카드,PCIe 카드,3.2TB,,,,"8,000MB/s","3,800MB/s","1,500K",250K,,,,,"PCIe 카드 / PCIe4.0x8 (128GT/s) / [성능] 순차읽기: 8,000MB/s / 순차쓰기: 3,800MB/s / 읽기IOPS: 1,500K / 쓰기IOPS: 250K",2020/07,ok,
2026-10-01T01:29:14+00:00,103453787,삼성전자 PM1735 PCIe 중고 (6.4TB),https://prod.danawa.com/info/?pcode=103453787&cate=11229608,PCIe 카드,PCIe 카드,6.4TB,,,,"8,000MB/s","3,800MB/s","1,500K",250K,,,,,"PCIe 카드 / PCIe4.0x8 (128GT/s) / [성능] 순차읽기: 8,000MB/s / 순차쓰기: 3,800MB/s / 읽기IOPS: 1,500K / 쓰기IOPS: 250K",2020/07,ok,
2026-10-01T01:29:14+00:00,2791348,삼성전자 PM851 M.2 SATA 병행수입 (128GB),https://prod.danawa.com/info/?pcode=2791348&cate=11229608,M.2 (2280),SATA3 (6Gb/s),128GB,,,,530MB/s,135MB/s,,,,,,,"M.2 (2280) / SATA3 (6Gb/s) / [성능] 순차읽기: 530MB/s / 순차쓰기: 135MB/s / [지원기능] DEVSLP / [환경특성] 두께: 2.38mm / 8.5g / [기타] 중고, 벌크 여부 확인요망 / Power Consumption(Active / Idle): 190 / 50 / 2mW, Rated dc +3.3v..1.6A / Os: window7",2014/09,ok,
2026-10-01T01:29:14+00:00,18599525,삼성전자 PM851 mSATA 중고 (256GB),https://prod.danawa.com/info/?pcode=18599525&cate=11229608,Mini SATA(mSATA),SATA3 (6Gb/s),256GB,,,기타,,,,,,,,,Mini SATA(mSATA) / SATA3 (6Gb/s) / 컨트롤러: 기타 / [지원기능] GC,2022/12,ok,
2026-10-01T01:29:14+00:00,103691096,삼성전자 PM871 M.2 SATA 벌크 (512GB),https://prod.danawa.com/info/?pcode=103691096&cate=11229608,M.2 (2280),SATA3 (6Gb/s),512GB,,,,540MB/s,510MB/s,,,,,,,M.2 (2280) / SATA3 (6Gb/s) / [성능] 순차읽기: 540MB/s / 순차쓰기: 510MB/s / [지원기능] GC / [기타] 노트북 적출상품,2015/12,ok,
2026-10-01T01:29:14+00:00,3611786,삼성전자 PM871 M.2 SATA 병행수입 (128GB),https://prod.danawa.com/info/?pcode=3611786&cate=11229608,M.2 (2280),SATA3 (6Gb/s),128GB,,,,540MB/s,510MB/s,,,,,,,"M.2 (2280) / SATA3 (6Gb/s) / [성능] 순차읽기: 540MB/s / 순차쓰기: 510MB/s / [지원기능] GC / [기타] 중고, 벌크 여부 확인요망 / 크기: 용량별 두께가 다르므로 확인 요망",2015/12,ok,
2026-10-01T01:29:14+00:00,4911078,삼성전자 PM871 M.2 SATA 중고 (128GB),https://prod.danawa.com/info/?pcode=4911078&cate=11229608,M.2 (2280),SATA3 (6Gb/s),128GB,,,기타,540MB/s,510MB/s,,,,,,,M.2 (2280) / SATA3 (6Gb/s) / 컨트롤러: 기타 / [성능] 순차읽기: 540MB/s / 순차쓰기: 510MB/s / [지원기능] GC,2015/12,ok,
2026-10-01T01:29:14+00:00,4911146,삼성전자 PM871 M.2 SATA 중고 (256GB),https://prod.danawa.com/info/?pcode=4911146&cate=11229608,M.2 (2280),SATA3 (6Gb/s),256GB,,,기타,540MB/s,510MB/s,,,,,,,M.2 (2280) / SATA3 (6Gb/s) / 컨트롤러: 기타 / [성능] 순차읽기: 540MB/s / 순차쓰기: 510MB/s / [지원기능] GC,2015/12,ok,
2026-10-01T01:29:14+00:00,4911177,삼성전자 PM871 M.2 SATA 중고 (512GB),https://prod.danawa.com/info/?pcode=4911177&cate=11229608,M.2 (2280),SATA3 (6Gb/s),512GB,,,,540MB/s,510MB/s,,,,,,,M.2 (2280) / SATA3 (6Gb/s) / [성능] 순차읽기: 540MB/s / 순차쓰기: 510MB/s / [지원기능] GC,2015/12,ok,
2026-10-01T01:29:14+00:00,4911166,삼성전자 PM871 mSATA 중고 (256GB),https://prod.danawa.com/info/?pcode=4911166&cate=11229608,Mini SATA(mSATA),SATA3 (6Gb/s),256GB,,,,,,,,,,,,Mini SATA(mSATA) / SATA3 (6Gb/s) / [지원기능] GC,2016/05,ok,
2026-10-01T01:29:14+00:00,13487675,삼성전자 PM871b M.2 SATA 벌크 (128GB),https://prod.danawa.com/info/?pcode=13487675&cate=11229608,M.2 (2280),SATA3 (6Gb/s),128GB,,,기타,540MB/s,500MB/s,최대 68K,최대 80K,,,,,M.2 (2280) / SATA3 (6Gb/s) / TLC(토글) / 컨트롤러: 기타 / [성능] 순차읽기: 540MB/s / 순차쓰기: 500MB/s / 읽기IOPS: 최대 68K / 쓰기IOPS: 최대 80K / [환경특성] 두께: 2.3mm / [기타] 노트북 적출상품,2021/03,ok,
2026-10-01T01:29:14+00:00,13547243,삼성전자 PM871b M.2 SATA 벌크 (512GB),https://prod.danawa.com/info/?pcode=13547243&cate=11229608,M.2 (2280),SATA3 (6Gb/s),512GB,,,기타,540MB/s,520MB/s,최대 97K,최대 88K,,,,,M.2 (2280) / SATA3 (6Gb/s) / TLC(토글) / 컨트롤러: 기타 / [성능] 순차읽기: 540MB/s / 순차쓰기: 520MB/s / 읽기IOPS: 최대 97K / 쓰기IOPS: 최대 88K / [환경특성] 두께: 2.3mm / [기타] 노트북 적출상품,2017/12,ok,
2026-10-01T01:29:14+00:00,5739303,삼성전자 PM871b M.2 SATA 병행수입 (128GB),https://prod.danawa.com/info/?pcode=5739303&cate=11229608,M.2 (2280),SATA3 (6Gb/s),128GB,,,,540MB/s,500MB/s,최대 68K,최대 80K,,,,,M.2 (2280) / SATA3 (6Gb/s) / TLC(토글) / [성능] 순차읽기: 540MB/s / 순차쓰기: 500MB/s / 읽기IOPS: 최대 68K / 쓰기IOPS: 최대 80K / [환경특성] 두께: 2.3mm,2017/12,ok,
2026-10-01T01:29:14+00:00,6557830,삼성전자 PM871b M.2 SATA 중고 (128GB),https://prod.danawa.com/info/?pcode=6557830&cate=11229608,M.2 (2280),SATA3 (6Gb/s),128GB,,,기타,540MB/s,500MB/s,최대 68K,최대 80K,,,,,M.2 (2280) / SATA3 (6Gb/s) / TLC(토글) / 컨트롤러: 기타 / [성능] 순차읽기: 540MB/s / 순차쓰기: 500MB/s / 읽기IOPS: 최대 68K / 쓰기IOPS: 최대 80K / [환경특성] 두께: 2.3mm,2017/12,ok,
2026-10-01T01:29:14+00:00,8317731,삼성전자 PM871b M.2 SATA 중고 (256GB),https://prod.danawa.com/info/?pcode=8317731&cate=11229608,M.2 (2280),SATA3 (6Gb/s),256GB,,,기타,540MB/s,520MB/s,최대 97K,최대 88K,,,,,M.2 (2280) / SATA3 (6Gb/s) / TLC(토글) / 컨트롤러: 기타 / [성능] 순차읽기: 540MB/s / 순차쓰기: 520MB/s / 읽기IOPS: 최대 97K / 쓰기IOPS: 최대 88K / [환경특성] 두께: 2.3mm,2019/06,ok,
2026-10-01T01:29:14+00:00,19961117,삼성전자 PM881 M.2 SATA 벌크 (128GB),https://prod.danawa.com/info/?pcode=19961117&cate=11229608,M.2 (2280),SATA3 (6Gb/s),128GB,TLC,,,560MB/s,530MB/s,70K,87K,,,,,M.2 (2280) / SATA3 (6Gb/s) / TLC / [성능] 순차읽기: 560MB/s / 순차쓰기: 530MB/s / 읽기IOPS: 70K / 쓰기IOPS: 87K / [환경특성] 두께: 2.38mm / 9g / [기타] 노트북 적출상품,2021/02,ok,
2026-10-01T01:29:14+00:00,14670671,삼성전자 PM883 벌크 (1.92TB),https://prod.danawa.com/info/?pcode=14670671&cate=11229608,6.4cm(2.5형),SATA3 (6Gb/s),1.92TB,,,,550MB/s,520MB/s,98K,28K,"2,733TB",200만,,,"6.4cm(2.5형) / SATA3 (6Gb/s) / [성능] 순차읽기: 550MB/s / 순차쓰기: 520MB/s / 읽기IOPS: 98K / 쓰기IOPS: 28K / [지원기능] TRIM / AES 암호화 / [환경특성] MTBF: 200만 / TBW: 2,733TB / 두께: 6.8mm / 58g",2021/07,ok,
2026-10-01T01:29:14+00:00,14670626,삼성전자 PM883 벌크 (3.84TB),https://prod.danawa.com/info/?pcode=14670626&cate=11229608,6.4cm(2.5형),SATA3 (6Gb/s),3.84TB,,,삼성 MJX,550MB/s,520MB/s,98K,28K,"5,466TB",200만,,,"6.4cm(2.5형) / SATA3 (6Gb/s) / 컨트롤러: 삼성 MJX / [성능] 순차읽기: 550MB/s / 순차쓰기: 520MB/s / 읽기IOPS: 98K / 쓰기IOPS: 28K / [지원기능] TRIM / AES 암호화 / [환경특성] MTBF: 200만 / TBW: 5,466TB / 두께: 6.8mm / 58g",2021/07,ok,
2026-10-01T01:29:14+00:00,48395126,삼성전자 PM883 벌크 (480GB),https://prod.danawa.com/info/?pcode=48395126&cate=11229608,6.4cm(2.5형),SATA3 (6Gb/s),480GB,,,기타,,,,,,200만,,,6.4cm(2.5형) / SATA3 (6Gb/s) / 컨트롤러: 기타 / [지원기능] TRIM / AES 암호화 / [환경특성] MTBF: 200만 / 두께: 6.8mm / 58g,2023/12,ok,
2026-10-01T01:29:14+00:00,14670572,삼성전자 PM883 벌크 (7.68TB),https://prod.danawa.com/info/?pcode=14670572&cate=11229608,6.4cm(2.5형),SATA3 (6Gb/s),7.68TB,,,,550MB/s,520MB/s,98K,28K,"10,932TB",200만,,,"6.4cm(2.5형) / SATA3 (6Gb/s) / [성능] 순차읽기: 550MB/s / 순차쓰기: 520MB/s / 읽기IOPS: 98K / 쓰기IOPS: 28K / [지원기능] TRIM / AES 암호화 / [환경특성] MTBF: 200만 / TBW: 10,932TB / 두께: 6.8mm / 58g",2021/07,ok,
2026-10-01T01:29:14+00:00,31272248,삼성전자 PM883 벌크 (960GB),https://prod.danawa.com/info/?pcode=31272248&cate=11229608,6.4cm(2.5형),SATA3 (6Gb/s),960GB,,,삼성 MJX,,,,,,200만,,,6.4cm(2.5형) / SATA3 (6Gb/s) / 컨트롤러: 삼성 MJX / [지원기능] TRIM / AES 암호화 / [환경특성] MTBF: 200만 / 두께: 6.8mm / 58g,2023/12,ok,
2026-10-01T01:29:14+00:00,57306218,삼성전자 PM883 해외구매 (7.68TB),https://prod.danawa.com/info/?pcode=57306218&cate=11229608,6.4cm(2.5형),SATA3 (6Gb/s),7.68TB,,,기타,550MB/s,520MB/s,98K,28K,"10,932TB",200만,,,"6.4cm(2.5형) / SATA3 (6Gb/s) / 컨트롤러: 기타 / [성능] 순차읽기: 550MB/s / 순차쓰기: 520MB/s / 읽기IOPS: 98K / 쓰기IOPS: 28K / [지원기능] TRIM / AES 암호화 / [환경특성] MTBF: 200만 / TBW: 10,932TB / 두께: 6.8mm / 58g",2024/06,ok,
2026-10-01T01:29:14+00:00,17343161,삼성전자 PM893 벌크 (1.92TB),https://prod.danawa.com/info/?pcode=17343161&cate=11229608,6.4cm(2.5형),SATA3 (6Gb/s),1.92TB,TLC,DRAM 탑재,삼성 MKX,550MB/s,520MB/s,98K,30K,,,,,6.4cm(2.5형) / SATA3 (6Gb/s) / TLC / DRAM 탑재 / 컨트롤러: 삼성 MKX / [성능] 순차읽기: 550MB/s / 순차쓰기: 520MB/s / 읽기IOPS: 98K / 쓰기IOPS: 30K / [지원기능] AES 암호화 / [환경특성] 두께: 7mm,2022/06,ok,
2026-10-01T01:29:14+00:00,17343065,삼성전자 PM893 벌크 (240GB),https://prod.danawa.com/info/?pcode=17343065&cate=11229608,6.4cm(2.5형),SATA3 (6Gb/s),240GB,TLC,DRAM 탑재,삼성 MKX,550MB/s,380MB/s,98K,15K,,,,,6.4cm(2.5형) / SATA3 (6Gb/s) / TLC / DRAM 탑재 / 컨트롤러: 삼성 MKX / [성능] 순차읽기: 550MB/s / 순차쓰기: 380MB/s / 읽기IOPS: 98K / 쓰기IOPS: 15K / [지원기능] AES 암호화 / [환경특성] 두께: 7mm,2022/06,ok,
2026-10-01T01:29:14+00:00,17343176,삼성전자 PM893 벌크 (3.84TB),https://prod.danawa.com/info/?pcode=17343176&cate=11229608,6.4cm(2.5형),SATA3 (6Gb/s),3.84TB,TLC,DRAM 탑재,삼성 MKX,550MB/s,520MB/s,98K,30K,,,,,6.4cm(2.5형) / SATA3 (6Gb/s) / TLC / DRAM 탑재 / 컨트롤러: 삼성 MKX / [성능] 순차읽기: 550MB/s / 순차쓰기: 520MB/s / 읽기IOPS: 98K / 쓰기IOPS: 30K / [지원기능] AES 암호화 / [환경특성] 두께: 7mm,2022/06,ok,
2026-10-01T01:29:14+00:00,17343128,삼성전자 PM893 벌크 (480GB),https://prod.danawa.com/info/?pcode=17343128&cate=11229608,6.4cm(2.5형),SATA3 (6Gb/s),480GB,TLC,DRAM 탑재,삼성 MKX,550MB/s,520MB/s,98K,29K,,,,,6.4cm(2.5형) / SATA3 (6Gb/s) / TLC / DRAM 탑재 / 컨트롤러: 삼성 MKX / [성능] 순차읽기: 550MB/s / 순차쓰기: 520MB/s / 읽기IOPS: 98K / 쓰기IOPS: 29K / [지원기능] AES 암호화 / [환경특성] 두께: 7mm,2022/06,ok,
2026-10-01T01:29:14+00:00,17343182,삼성전자 PM893 벌크 (7.68TB),https://prod.danawa.com/info/?pcode=17343182&cate=11229608,6.4cm(2.5형),SATA3 (6Gb/s),7.68TB,TLC,DRAM 탑재,삼성 MKX,550MB/s,520MB/s,98K,30K,,,,,6.4cm(2.5형) / SATA3 (6Gb/s) / TLC / DRAM 탑재 / 컨트롤러: 삼성 MKX / [성능] 순차읽기: 550MB/s / 순차쓰기: 520MB/s / 읽기IOPS: 98K / 쓰기IOPS: 30K / [지원기능] AES 암호화 / [환경특성] 두께: 7mm,2022/06,ok,
2026-10-01T01:29:14+00:00,17343143,삼성전자 PM893 벌크 (960GB),https://prod.danawa.com/info/?pcode=17343143&cate=11229608,6.4cm(2.5형),SATA3 (6Gb/s),960GB,TLC,DRAM 탑재,삼성 MKX,550MB/s,520MB/s,98K,30K,,,,,6.4cm(2.5형) / SATA3 (6Gb/s) / TLC / DRAM 탑재 / 컨트롤러: 삼성 MKX / [성능] 순차읽기: 550MB/s / 순차쓰기: 520MB/s / 읽기IOPS: 98K / 쓰기IOPS: 30K / [지원기능] AES 암호화 / [환경특성] 두께: 7mm,2022/06,ok,
2026-10-01T01:29:14+00:00,14670923,삼성전자 PM961 M.2 NVMe 벌크 (256GB),https://prod.danawa.com/info/?pcode=14670923&cate=11229608,M.2 (2280),PCIe3.0x4 (32GT/s),256GB,,,삼성 Polaris (AMD),"2,800MB/s","1,100MB/s",250K,180K,,,,방열판 미포함,"M.2 (2280) / PCIe3.0x4 (32GT/s) / TLC(토글) / 컨트롤러: 삼성 Polaris (AMD) / [성능] 순차읽기: 2,800MB/s / 순차쓰기: 1,100MB/s / 읽기IOPS: 250K / 쓰기IOPS: 180K / [지원기능] GC / [환경특성] 방열판 미포함 / 두께: 2.38mm / [기타] 노트북 적출상품 / 중고 여부 확인 요망",2018/02,ok,
2026-10-01T01:29:14+00:00,6879958,삼성전자 PM961 M.2 NVMe 중고 (128GB),https://prod.danawa.com/info/?pcode=6879958&cate=11229608,M.2 (2280),PCIe3.0x4 (32GT/s),128GB,,,삼성 Polaris (AMD),"2,800MB/s",600MB/s,140K,40K,,,,방열판 미포함,"M.2 (2280) / PCIe3.0x4 (32GT/s) / TLC(토글) / 컨트롤러: 삼성 Polaris (AMD) / [성능] 순차읽기: 2,800MB/s / 순차쓰기: 600MB/s / 읽기IOPS: 140K / 쓰기IOPS: 40K / [지원기능] GC / [환경특성] 방열판 미포함 / 두께: 2.38mm / [기타] 벌크 여부 확인 요망",2018/02,ok,
2026-10-01T01:29:14+00:00,6879997,삼성전자 PM961 M.2 NVMe 중고 (1TB),https://prod.danawa.com/info/?pcode=6879997&cate=11229608,M.2 (2280),PCIe3.0x4 (32GT/s),1TB,,,삼성 Polaris (AMD),,,,,,,,방열판 미포함,"M.2 (2280) / PCIe3.0x4 (32GT/s) / TLC(토글) / 컨트롤러: 삼성 Polaris (AMD) / [지원기능] GC / [환경특성] 방열판 미포함 / 두께: 2.38mm / [기타] 중고, 벌크 여부 확인요망",2016/10,ok,
2026-10-01T01:29:14+00:00,6879979,삼성전자 PM961 M.2 NVMe 중고 (256GB),https://prod.danawa.com/info/?pcode=6879979&cate=11229608,M.2 (2280),PCIe3.0x4 (32GT/s),256GB,,,삼성 Polaris (AMD),,,,,,,,방열판 미포함,M.2 (2280) / PCIe3.0x4 (32GT/s) / TLC(토글) / 컨트롤러: 삼성 Polaris (AMD) / [지원기능] GC / [환경특성] 방열판 미포함 / 두께: 2.38mm,2016/10,ok,
2026-10-01T01:29:14+00:00,6879985,삼성전자 PM961 M.2 NVMe 중고 (512GB),https://prod.danawa.com/info/?pcode=6879985&cate=11229608,M.2 (2280),PCIe3.0x4 (32GT/s),512GB,,,삼성 Polaris (AMD),,,,,,,,방열판 미포함,"M.2 (2280) / PCIe3.0x4 (32GT/s) / TLC(토글) / 컨트롤러: 삼성 Polaris (AMD) / [지원기능] GC / [환경특성] 방열판 미포함 / 두께: 2.38mm / [기타] 중고, 벌크 여부 확인요망",2016/10,ok,
2026-10-01T01:29:14+00:00,5164735,삼성전자 PM961 M.2 NVMe 해외구매 (256GB),https://prod.danawa.com/info/?pcode=5164735&cate=11229608,M.2 (2280),PCIe3.0x4 (32GT/s),256GB,,,삼성 Polaris (AMD),,,,,,,,방열판 미포함,"M.2 (2280) / PCIe3.0x4 (32GT/s) / TLC(토글) / 컨트롤러: 삼성 Polaris (AMD) / [지원기능] GC / [환경특성] 방열판 미포함 / 두께: 2.38mm / [기타] 벌크, 중고 여부 확인요망",2017/05,ok,
2026-10-01T01:29:14+00:00,7063738,삼성전자 PM981 M.2 NVMe 벌크 (256GB),https://prod.danawa.com/info/?pcode=7063738&cate=11229608,M.2 (2280),PCIe3.0x4 (32GT/s),256GB,TLC,DRAM 탑재,삼성 Phoenix,"3,000MB/s","1,800MB/s",최대 270K,최대 420K,,,,방열판 미포함,"M.2 (2280) / PCIe3.0x4 (32GT/s) / TLC / DRAM 탑재 / 컨트롤러: 삼성 Phoenix / [성능] 순차읽기: 3,000MB/s / 순차쓰기: 1,800MB/s / 읽기IOPS: 최대 270K / 쓰기IOPS: 최대 420K / [지원기능] SLC캐싱 / [환경특성] 방열판 미포함 / 두께: 2.38mm / [기타] 병행, 중고 여부 확인요망 / 컨트롤러 확인 요망",2018/03,ok,
2026-10-01T01:29:14+00:00,7063753,삼성전자 PM981 M.2 NVMe 벌크 (512GB),https://prod.danawa.com/info/?pcode=7063753&cate=11229608,M.2 (2280),PCIe3.0x4 (32GT/s),512GB,TLC,DRAM 탑재,삼성 Phoenix,"3,000MB/s","1,800MB/s",최대 270K,최대 420K,,,,방열판 미포함,"M.2 (2280) / PCIe3.0x4 (32GT/s) / TLC / DRAM 탑재 / 컨트롤러: 삼성 Phoenix / [성능] 순차읽기: 3,000MB/s / 순차쓰기: 1,800MB/s / 읽기IOPS: 최대 270K / 쓰기IOPS: 최대 420K / [지원기능] SLC캐싱 / [환경특성] 방열판 미포함 / 두께: 2.38mm / [기타] 병행, 중고 여부 확인요망 / 컨트롤러 확인 요망",2017/12,ok,
2026-10-01T01:29:14+00:00,5702297,삼성전자 PM981 M.2 NVMe 병행수입 (1TB),https://prod.danawa.com/info/?pcode=5702297&cate=11229608,M.2 (2280),PCIe3.0x4 (32GT/s),1TB,TLC,DRAM 탑재,삼성 Phoenix,"3,200MB/s","2,400MB/s",380K,440K,,,,방열판 미포함,"M.2 (2280) / PCIe3.0x4 (32GT/s) / TLC / DRAM 탑재 / 컨트롤러: 삼성 Phoenix / [성능] 순차읽기: 3,200MB/s / 순차쓰기: 2,400MB/s / 읽기IOPS: 380K / 쓰기IOPS: 440K / [지원기능] SLC캐싱 / [환경특성] 방열판 미포함 / 두께: 2.38mm / [기타] 중고, 벌크 여부 확인요망 / 컨트롤러 확인 요망",2017/12,ok,
2026-10-01T01:29:14+00:00,6012363,삼성전자 PM981 M.2 NVMe 병행수입 (256GB),https://prod.danawa.com/info/?pcode=6012363&cate=11229608,M.2 (2280),PCIe3.0x4 (32GT/s),256GB,TLC,DRAM 탑재,삼성 Phoenix,"3,000MB/s","1,800MB/s",최대 270K,최대 420K,,,,방열판 미포함,"M.2 (2280) / PCIe3.0x4 (32GT/s) / TLC / DRAM 탑재 / 컨트롤러: 삼성 Phoenix / [성능] 순차읽기: 3,000MB/s / 순차쓰기: 1,800MB/s / 읽기IOPS: 최대 270K / 쓰기IOPS: 최대 420K / [지원기능] SLC캐싱 / [환경특성] 방열판 미포함 / 두께: 2.38mm / [기타] 중고, 벌크 여부 확인요망 / 컨트롤러 확인 요망",2018/03,ok,
2026-10-01T01:29:14+00:00,5702285,삼성전자 PM981 M.2 NVMe 병행수입 (512GB),https://prod.danawa.com/info/?pcode=5702285&cate=11229608,M.2 (2280),PCIe3.0x4 (32GT/s),512GB,TLC,DRAM 탑재,삼성 Phoenix,"3,000MB/s","1,800MB/s",최대 270K,최대 420K,,,,방열판 미포함,"M.2 (2280) / PCIe3.0x4 (32GT/s) / TLC / DRAM 탑재 / 컨트롤러: 삼성 Phoenix / [성능] 순차읽기: 3,000MB/s / 순차쓰기: 1,800MB/s / 읽기IOPS: 최대 270K / 쓰기IOPS: 최대 420K / [지원기능] SLC캐싱 / [환경특성] 방열판 미포함 / 두께: 2.38mm / [기타] 중고, 벌크 여부 확인요망 / 컨트롤러 확인 요망",2017/12,ok,
2026-10-01T01:29:14+00:00,103186610,삼성전자 PM981 M.2 NVMe 중고 (1TB),https://prod.danawa.com/info/?pcode=103186610&cate=11229608,M.2 (2280),PCIe3.0x4 (32GT/s),1TB,TLC,DRAM 탑재,삼성 Phoenix,"3,200MB/s","2,400MB/s",380K,440K,,,,방열판 미포함,"M.2 (2280) / PCIe3.0x4 (32GT/s) / TLC / DRAM 탑재 / 컨트롤러: 삼성 Phoenix / [성능] 순차읽기: 3,200MB/s / 순차쓰기: 2,400MB/s / 읽기IOPS: 380K / 쓰기IOPS: 440K / [지원기능] SLC캐싱 / [환경특성] 방열판 미포함 / 두께: 2.38mm / [기타] 컨트롤러 확인 요망",2017/12,ok,
2026-10-01T01:29:14+00:00,122691410,삼성전자 PM981 M.2 NVMe 중고 (256GB),https://prod.danawa.com/info/?pcode=122691410&cate=11229608,M.2 (2280),PCIe3.0x4 (32GT/s),256GB,TLC,DRAM 탑재,삼성 Phoenix,"3,000MB/s","1,800MB/s",최대 270K,최대 420K,,,,방열판 미포함,"M.2 (2280) / PCIe3.0x4 (32GT/s) / TLC / DRAM 탑재 / 컨트롤러: 삼성 Phoenix / [성능] 순차읽기: 3,000MB/s / 순차쓰기: 1,800MB/s / 읽기IOPS: 최대 270K / 쓰기IOPS: 최대 420K / [지원기능] SLC캐싱 / [환경특성] 방열판 미포함 / 두께: 2.38mm",2018/03,ok,
2026-10-01T01:29:14+00:00,122690628,삼성전자 PM981 M.2 NVMe 중고 (512GB),https://prod.danawa.com/info/?pcode=122690628&cate=11229608,M.2 (2280),PCIe3.0x4 (32GT/s),512GB,TLC,DRAM 탑재,삼성 Phoenix,"3,000MB/s","1,800MB/s",최대 270K,최대 420K,,,,방열판 미포함,"M.2 (2280) / PCIe3.0x4 (32GT/s) / TLC / DRAM 탑재 / 컨트롤러: 삼성 Phoenix / [성능] 순차읽기: 3,000MB/s / 순차쓰기: 1,800MB/s / 읽기IOPS: 최대 270K / 쓰기IOPS: 최대 420K / [지원기능] SLC캐싱 / [환경특성] 방열판 미포함 / 두께: 2.38mm / [기타] 병행, 중고 여부 확인요망 / 컨트롤러 확인 요망",2017/12,ok,
2026-10-01T01:29:14+00:00,10528728,삼성전자 PM981a M.2 NVMe 벌크 (256GB),https://prod.danawa.com/info/?pcode=10528728&cate=11229608,M.2 (2280),PCIe3.0x4 (32GT/s),256GB,,DRAM 탑재,삼성 Phoenix,"3,500MB/s","2,400MB/s",,,,,,방열판 미포함,"M.2 (2280) / PCIe3.0x4 (32GT/s) / TLC(토글) / DRAM 탑재 / 컨트롤러: 삼성 Phoenix / [성능] 순차읽기: 3,500MB/s / 순차쓰기: 2,400MB/s / [지원기능] S.M.A.R.T / SLC캐싱 / TRIM / ECC / [환경특성] 방열판 미포함 / 두께: 2.38mm / 8.5g / [기타] 노트북 적출상품",2019/11,ok,
2026-10-01T01:29:14+00:00,10528734,삼성전자 PM981a M.2 NVMe 벌크 (512GB),https://prod.danawa.com/info/?pcode=10528734&cate=11229608,M.2 (2280),PCIe3.0x4 (32GT/s),512GB,,DRAM 탑재,삼성 Phoenix,"3,500MB/s","2,900MB/s",,,,,,방열판 미포함,"M.2 (2280) / PCIe3.0x4 (32GT/s) / TLC(토글) / DRAM 탑재 / 컨트롤러: 삼성 Phoenix / [성능] 순차읽기: 3,500MB/s / 순차쓰기: 2,900MB/s / [지원기능] TRIM / ECC / SLC캐싱 / S.M.A.R.T / [환경특성] 방열판 미포함 / 두께: 2.38mm / 8.5g / [기타] 노트북 적출상품",2019/11,ok,
2026-10-01T01:29:14+00:00,9966492,삼성전자 PM981a M.2 NVMe 병행수입 (1TB),https://prod.danawa.com/info/?pcode=9966492&cate=11229608,M.2 (2280),PCIe3.0x4 (32GT/s),1TB,,DRAM 탑재,삼성 Phoenix,"3,500MB/s","3,000MB/s",580K,500K,,,,방열판 미포함,"M.2 (2280) / PCIe3.0x4 (32GT/s) / TLC(토글) / DRAM 탑재 / 컨트롤러: 삼성 Phoenix / [성능] 순차읽기: 3,500MB/s / 순차쓰기: 3,000MB/s / 읽기IOPS: 580K / 쓰기IOPS: 500K / [지원기능] TRIM / ECC / SLC캐싱 / S.M.A.R.T / [환경특성] 방열판 미포함 / 두께: 2.4mm / 8.5g / [기타] 중고, 벌크 여부 확인요망",2019/11,ok,
2026-10-01T01:29:14+00:00,9966378,삼성전자 PM981a M.2 NVMe 병행수입 (512GB),https://prod.danawa.com/info/?pcode=9966378&cate=11229608,M.2 (2280),PCIe3.0x4 (32GT/s),512GB,,DRAM 탑재,삼성 Phoenix,"3,500MB/s","2,900MB/s",460K,500K,,,,방열판 미포함,"M.2 (2280) / PCIe3.0x4 (32GT/s) / TLC(토글) / DRAM 탑재 / 컨트롤러: 삼성 Phoenix / [성능] 순차읽기: 3,500MB/s / 순차쓰기: 2,900MB/s / 읽기IOPS: 460K / 쓰기IOPS: 500K / [지원기능] TRIM / ECC / SLC캐싱 / S.M.A.R.T / [환경특성] 방열판 미포함 / 두께: 2.38mm / 8.5g / [기타] 중고, 벌크 여부 확인요망",2019/11,ok,
2026-10-01T01:29:14+00:00,122691411,삼성전자 PM981a M.2 NVMe 중고 (256GB),https://prod.danawa.com/info/?pcode=122691411&cate=11229608,M.2 (2280),PCIe3.0x4 (32GT/s),256GB,,DRAM 탑재,삼성 Phoenix,"3,500MB/s","2,400MB/s",240K,480K,,,,방열판 미포함,"M.2 (2280) / PCIe3.0x4 (32GT/s) / TLC(토글) / DRAM 탑재 / 컨트롤러: 삼성 Phoenix / [성능] 순차읽기: 3,500MB/s / 순차쓰기: 2,400MB/s / 읽기IOPS: 240K / 쓰기IOPS: 480K / [지원기능] TRIM / ECC / SLC캐싱 / S.M.A.R.T / [환경특성] 방열판 미포함 / 두께: 2.38mm / 8.5g",2019/11,ok,
2026-10-01T01:29:14+00:00,102620828,삼성전자 PM981a M.2 NVMe 중고 (512GB),https://prod.danawa.com/info/?pcode=102620828&cate=11229608,M.2 (2280),PCIe3.0x4 (32GT/s),512GB,,DRAM 탑재,삼성 Phoenix,"3,500MB/s","2,900MB/s",,,,,,방열판 미포함,"M.2 (2280) / PCIe3.0x4 (32GT/s) / TLC(토글) / DRAM 탑재 / 컨트롤러: 삼성 Phoenix / [성능] 순차읽기: 3,500MB/s / 순차쓰기: 2,900MB/s / [지원기능] TRIM / ECC / SLC캐싱 / S.M.A.R.T / [환경특성] 방열판 미포함 / 두께: 2.38mm / 8.5g",2019/11,ok,
2026-10-01T01:29:14+00:00,13804004,삼성전자 PM981a M.2 NVMe 해외구매 (2TB),https://prod.danawa.com/info/?pcode=13804004&cate=11229608,M.2 (2280),PCIe3.0x4 (32GT/s),2TB,,DRAM 탑재,삼성 Phoenix,"3,500MB/s","3,000MB/s",580K,500K,,,,방열판 미포함,"M.2 (2280) / PCIe3.0x4 (32GT/s) / TLC(토글) / DRAM 탑재 / 컨트롤러: 삼성 Phoenix / [성능] 순차읽기: 3,500MB/s / 순차쓰기: 3,000MB/s / 읽기IOPS: 580K / 쓰기IOPS: 500K / [지원기능] TRIM / ECC / SLC캐싱 / S.M.A.R.T / [환경특성] 방열판 미포함 / 두께: 2.38mm / 8.5g",2019/11,ok,
2026-10-01T01:29:14+00:00,14074970,삼성전자 PM991 M.2 2242 NVMe 벌크 (256GB),https://prod.danawa.com/info/?pcode=14074970&cate=11229608,M.2 (2242),PCIe3.0x4 (32GT/s),256GB,,,기타,,,,,,,,방열판 미포함,M.2 (2242) / PCIe3.0x4 (32GT/s) / 컨트롤러: 기타 / [환경특성] 방열판 미포함 / [기타] 노트북 적출상품,2021/05,ok,
2026-10-01T01:29:14+00:00,118692657,삼성전자 PM991 M.2 2280 벌크 (128GB),https://prod.danawa.com/info/?pcode=118692657&cate=11229608,M.2 (2280),PCIe3.0x4 (32GT/s),128GB,TLC,,,2300MB/sMB/s,1350MB/sMB/s,최대 64K,최대 220K,,,1년,,M.2 (2280) / PCIe3.0x4 (32GT/s) / TLC / [성능] 순차읽기: 2300MB/sMB/s / 순차쓰기: 1350MB/sMB/s / 읽기IOPS: 최대 64K / 쓰기IOPS: 최대 220K / [환경사양] A/S기간: 1년 / 두께: 2.38mm / 최대 8.5g,2020/07,ok,
2026-10-01T01:29:14+00:00,13761623,삼성전자 PM991 M.2 NVMe 벌크 (128GB),https://prod.danawa.com/info/?pcode=13761623&cate=11229608,M.2 (2280),PCIe3.0x4 (32GT/s),128GB,TLC,,기타,"2,050MB/s","1,000MB/s",최대 64K,최대 220K,,,,방열판 미포함,"M.2 (2280) / PCIe3.0x4 (32GT/s) / TLC / 컨트롤러: 기타 / [성능] 순차읽기: 2,050MB/s / 순차쓰기: 1,000MB/s / 읽기IOPS: 최대 64K / 쓰기IOPS: 최대 220K / [환경특성] 방열판 미포함 / 두께: 2.38mm / 최대 8.5g / [기타] 노트북 적출상품",2020/03,ok,
2026-10-01T01:29:14+00:00,11165553,삼성전자 PM991 M.2 NVMe 벌크 (1TB),https://prod.danawa.com/info/?pcode=11165553&cate=11229608,M.2 (2280),PCIe3.0x4 (32GT/s),1TB,TLC,,,"2,300MB/s","1,350MB/s",180K,260K,,,,방열판 미포함,"M.2 (2280) / PCIe3.0x4 (32GT/s) / TLC / [성능] 순차읽기: 2,300MB/s / 순차쓰기: 1,350MB/s / 읽기IOPS: 180K / 쓰기IOPS: 260K / [환경특성] 방열판 미포함 / 두께: 2.38mm / 최대 8.5g / [기타] 노트북 적출상품",2020/02,ok,
2026-10-01T01:29:14+00:00,11165538,삼성전자 PM991 M.2 NVMe 벌크 (256GB),https://prod.danawa.com/info/?pcode=11165538&cate=11229608,M.2 (2280),PCIe3.0x4 (32GT/s),256GB,TLC,,기타,"2,050MB/s","1,000MB/s",최대 64K,최대 220K,,,,방열판 미포함,"M.2 (2280) / PCIe3.0x4 (32GT/s) / TLC / 컨트롤러: 기타 / [성능] 순차읽기: 2,050MB/s / 순차쓰기: 1,000MB/s / 읽기IOPS: 최대 64K / 쓰기IOPS: 최대 220K / [환경특성] 방열판 미포함 / 두께: 2.38mm / 최대 8.5g / [기타] 노트북 적출상품",2020/03,ok,
2026-10-01T01:29:14+00:00,11165550,삼성전자 PM991 M.2 NVMe 벌크 (512GB),https://prod.danawa.com/info/?pcode=11165550&cate=11229608,M.2 (2280),PCIe3.0x4 (32GT/s),512GB,TLC,,,"2,200MB/s","1,200MB/s",최대 120K,최대 240K,,,,방열판 미포함,"M.2 (2280) / PCIe3.0x4 (32GT/s) / TLC / [성능] 순차읽기: 2,200MB/s / 순차쓰기: 1,200MB/s / 읽기IOPS: 최대 120K / 쓰기IOPS: 최대 240K / [환경특성] 방열판 미포함 / 두께: 2.38mm / 최대 8.5g / [기타] 노트북 적출상품",2020/02,ok,
2026-10-01T01:29:14+00:00,21456149,삼성전자 PM991 M.2 NVMe 병행수입 (128GB),https://prod.danawa.com/info/?pcode=21456149&cate=11229608,M.2 (2280),PCIe3.0x4 (32GT/s),128GB,TLC,,기타,"2,000MB/s","1,000MB/s",최대 64K,최대 220K,,,,방열판 미포함,"M.2 (2280) / PCIe3.0x4 (32GT/s) / TLC / 컨트롤러: 기타 / [성능] 순차읽기: 2,000MB/s / 순차쓰기: 1,000MB/s / 읽기IOPS: 최대 64K / 쓰기IOPS: 최대 220K / [환경특성] 방열판 미포함 / 두께: 2.38mm / 최대 8.5g",2020/03,ok,
2026-10-01T01:29:14+00:00,10865928,삼성전자 PM991 M.2 NVMe 병행수입 (256GB),https://prod.danawa.com/info/?pcode=10865928&cate=11229608,M.2 (2280),PCIe3.0x4 (32GT/s),256GB,TLC,,기타,"2,050MB/s","1,000MB/s",최대 64K,최대 220K,,,,방열판 미포함,"M.2 (2280) / PCIe3.0x4 (32GT/s) / TLC / 컨트롤러: 기타 / [성능] 순차읽기: 2,050MB/s / 순차쓰기: 1,000MB/s / 읽기IOPS: 최대 64K / 쓰기IOPS: 최대 220K / [환경특성] 방열판 미포함 / 두께: 2.38mm / 최대 8.5g",2020/03,ok,
2026-10-01T01:29:14+00:00,104225036,삼성전자 PM991 M.2 NVMe 중고 (128GB),https://prod.danawa.com/info/?pcode=104225036&cate=11229608,M.2 (2280),PCIe3.0x4 (32GT/s),128GB,TLC,,기타,"2,050MB/s","1,000MB/s",64K,220K,,,,방열판 미포함,"M.2 (2280) / PCIe3.0x4 (32GT/s) / TLC / 컨트롤러: 기타 / [성능] 순차읽기: 2,050MB/s / 순차쓰기: 1,000MB/s / 읽기IOPS: 64K / 쓰기IOPS: 220K / [환경특성] 방열판 미포함 / 두께: 2.38mm / 최대 8.5g",2020/03,ok,
2026-10-01T01:29:14+00:00,15600020,삼성전자 PM991a M.2 2242 NVMe 벌크 (256GB),https://prod.danawa.com/info/?pcode=15600020&cate=11229608,M.2 (2242),PCIe3.0x4 (32GT/s),256GB,,,기타,,,,,,,,방열판 미포함,M.2 (2242) / PCIe3.0x4 (32GT/s) / 컨트롤러: 기타 / [환경특성] 방열판 미포함 / 두께: 2.38mm / [기타] 노트북 적출상품,2021/11,ok,
2026-10-01T01:29:14+00:00,18748385,삼성전자 PM991a M.2 NVMe 벌크 (128GB),https://prod.danawa.com/info/?pcode=18748385&cate=11229608,M.2 (2280),PCIe3.0x4 (32GT/s),128GB,TLC,,삼성,"3,100MB/s","1,200MB/s",,,,150만시간,,방열판 미포함,"M.2 (2280) / PCIe3.0x4 (32GT/s) / TLC / 컨트롤러: 삼성 / [성능] 순차읽기: 3,100MB/s / 순차쓰기: 1,200MB/s / [환경특성] MTBF: 150만시간 / 방열판 미포함 / 두께: 2.38mm / 8.5g / [기타] 노트북 적출상품",2023/01,ok,
2026-10-01T01:29:14+00:00,15103874,삼성전자 PM991a M.2 NVMe 벌크 (1TB),https://prod.danawa.com/info/?pcode=15103874&cate=11229608,M.2 (2280),PCIe3.0x4 (32GT/s),1TB,TLC,,삼성,"3,100MB/s","2,000MB/s",,,,150만시간,,방열판 미포함,"M.2 (2280) / PCIe3.0x4 (32GT/s) / TLC / 컨트롤러: 삼성 / [성능] 순차읽기: 3,100MB/s / 순차쓰기: 2,000MB/s / [환경특성] MTBF: 150만시간 / 방열판 미포함 / 두께: 2.38mm / 8.5g / [기타] 노트북 적출상품 / 중고, 벌크 여부 확인요망",2021/06,ok,
2026-10-01T01:29:14+00:00,14949881,삼성전자 PM991a M.2 NVMe 벌크 (256GB),https://prod.danawa.com/info/?pcode=14949881&cate=11229608,M.2 (2280),PCIe3.0x4 (32GT/s),256GB,TLC,,삼성,"3,100MB/s","1,300MB/s",,,,150만시간,,방열판 미포함,"M.2 (2280) / PCIe3.0x4 (32GT/s) / TLC / 컨트롤러: 삼성 / [성능] 순차읽기: 3,100MB/s / 순차쓰기: 1,300MB/s / [환경특성] MTBF: 150만시간 / 방열판 미포함 / 두께: 2.38mm / 8.5g / [기타] 노트북 적출상품",2021/06,ok,
2026-10-01T01:29:14+00:00,14949896,삼성전자 PM991a M.2 NVMe 벌크 (512GB),https://prod.danawa.com/info/?pcode=14949896&cate=11229608,M.2 (2280),PCIe3.0x4 (32GT/s),512GB,TLC,,삼성,"3,100MB/s","1,800MB/s",,,,150만시간,,방열판 미포함,"M.2 (2280) / PCIe3.0x4 (32GT/s) / TLC / 컨트롤러: 삼성 / [성능] 순차읽기: 3,100MB/s / 순차쓰기: 1,800MB/s / [환경특성] MTBF: 150만시간 / 방열판 미포함 / 두께: 2.38mm / 8.5g / [기타] 노트북 적출상품",2021/06,ok,
2026-10-01T01:29:14+00:00,14602595,삼성전자 PM991a M.2 NVMe 병행수입 (128GB),https://prod.danawa.com/info/?pcode=14602595&cate=11229608,M.2 (2280),PCIe3.0x4 (32GT/s),128GB,TLC,,삼성,"3,100MB/s","1,200MB/s",,,,150만시간,,방열판 미포함,"M.2 (2280) / PCIe3.0x4 (32GT/s) / TLC / 컨트롤러: 삼성 / [성능] 순차읽기: 3,100MB/s / 순차쓰기: 1,200MB/s / [환경특성] MTBF: 150만시간 / 방열판 미포함 / 두께: 2.38mm / 8.5g / [기타] 중고, 벌크 여부 확인요망",2021/06,ok,
2026-10-01T01:29:14+00:00,14602436,삼성전자 PM991a M.2 NVMe 병행수입 (1TB),https://prod.danawa.com/info/?pcode=14602436&cate=11229608,M.2 (2280),PCIe3.0x4 (32GT/s),1TB,TLC,,삼성,"3,100MB/s","2,000MB/s",,,,150만시간,,방열판 미포함,"M.2 (2280) / PCIe3.0x4 (32GT/s) / TLC / 컨트롤러: 삼성 / [성능] 순차읽기: 3,100MB/s / 순차쓰기: 2,000MB/s / [환경특성] MTBF: 150만시간 / 방열판 미포함 / 두께: 2.38mm / 8.5g / [기타] 중고, 벌크 여부 확인요망",2021/06,ok,
2026-10-01T01:29:14+00:00,14602550,삼성전자 PM991a M.2 NVMe 병행수입 (256GB),https://prod.danawa.com/info/?pcode=14602550&cate=11229608,M.2 (2280),PCIe3.0x4 (32GT/s),256GB,TLC,,삼성,"3,100MB/s","1,300MB/s",,,,150만시간,,방열판 미포함,"M.2 (2280) / PCIe3.0x4 (32GT/s) / TLC / 컨트롤러: 삼성 / [성능] 순차읽기: 3,100MB/s / 순차쓰기: 1,300MB/s / [환경특성] MTBF: 150만시간 / 방열판 미포함 / 두께: 2.38mm / 8.5g / [기타] 중고, 벌크 여부 확인요망",2021/06,ok,
2026-10-01T01:29:14+00:00,122708744,삼성전자 PM991a M.2 NVMe 중고 (128GB),https://prod.danawa.com/info/?pcode=122708744&cate=11229608,M.2 (2280),PCIe3.0x4 (32GT/s),128GB,TLC,,삼성,"3,100MB/s","1,200MB/s",,,,150만,,방열판 미포함,"M.2 (2280) / PCIe3.0x4 (32GT/s) / TLC / 컨트롤러: 삼성 / [성능] 순차읽기: 3,100MB/s / 순차쓰기: 1,200MB/s / [환경특성] MTBF: 150만 / 방열판 미포함 / 두께: 2.38mm / 8.5g",2021/06,ok,
2026-10-01T01:29:14+00:00,122708746,삼성전자 PM991a M.2 NVMe 중고 (1TB),https://prod.danawa.com/info/?pcode=122708746&cate=11229608,M.2 (2280),PCIe3.0x4 (32GT/s),1TB,TLC,,삼성,"3,100MB/s","2,000MB/s",,,,150만,,방열판 미포함,"M.2 (2280) / PCIe3.0x4 (32GT/s) / TLC / 컨트롤러: 삼성 / [성능] 순차읽기: 3,100MB/s / 순차쓰기: 2,000MB/s / [환경특성] MTBF: 150만 / 방열판 미포함 / 두께: 2.38mm / 8.5g",2021/06,ok,
2026-10-01T01:29:14+00:00,109681733,삼성전자 PM991a M.2 NVMe 중고 (256GB),https://prod.danawa.com/info/?pcode=109681733&cate=11229608,M.2 (2280),PCIe3.0x4 (32GT/s),256GB,TLC,,삼성,"3,100MB/s","1,300MB/s",,,,150만시간,,방열판 미포함,"M.2 (2280) / PCIe3.0x4 (32GT/s) / TLC / 컨트롤러: 삼성 / [성능] 순차읽기: 3,100MB/s / 순차쓰기: 1,300MB/s / [환경특성] MTBF: 150만시간 / 방열판 미포함 / 두께: 2.38mm / 8.5g",2021/06,ok,
2026-10-01T01:29:14+00:00,122708745,삼성전자 PM991a M.2 NVMe 중고 (512GB),https://prod.danawa.com/info/?pcode=122708745&cate=11229608,M.2 (2280),PCIe3.0x4 (32GT/s),512GB,TLC,,삼성,"3,100MB/s","1,800MB/s",,,,150만,,방열판 미포함,"M.2 (2280) / PCIe3.0x4 (32GT/s) / TLC / 컨트롤러: 삼성 / [성능] 순차읽기: 3,100MB/s / 순차쓰기: 1,800MB/s / [환경특성] MTBF: 150만 / 방열판 미포함 / 두께: 2.38mm / 8.5g",2021/06,ok,
2026-10-01T01:29:14+00:00,13486118,삼성전자 PM9A1 M.2 NVMe 벌크 (1TB),https://prod.danawa.com/info/?pcode=13486118&cate=11229608,M.2 (2280),PCIe4.0x4 (64GT/s),1TB,,DRAM 탑재,삼성 Elpis,"7,000MB/s","5,100MB/s","1,000K",850K,600TB,150만,,방열판 미포함,"M.2 (2280) / PCIe4.0x4 (64GT/s) / TLC(토글) / DRAM 탑재 / DDR4 1GB / 컨트롤러: 삼성 Elpis / [성능] 순차읽기: 7,000MB/s / 순차쓰기: 5,100MB/s / 읽기IOPS: 1,000K / 쓰기IOPS: 850K / [지원기능] TRIM / S.M.A.R.T / SLC캐싱 / AES 암호화 / [환경특성] MTBF: 150만 / TBW: 600TB / SLC: 114GB / PS5 호환 / 방열판 미포함 / 두께: 2.38mm / 9g / [기타] 노트북 적출상품 / ＊병행, 중고 판매처 확인요망",2021/03,ok,
2026-10-01T01:29:14+00:00,13550969,삼성전자 PM9A1 M.2 NVMe 벌크 (256GB),https://prod.danawa.com/info/?pcode=13550969&cate=11229608,M.2 (2280),PCIe4.0x4 (64GT/s),256GB,,DRAM 탑재,삼성 Elpis,"6,400MB/s","2,700MB/s",500K,600K,150TB,150만,,방열판 미포함,"M.2 (2280) / PCIe4.0x4 (64GT/s) / TLC(토글) / DRAM 탑재 / DDR4 512MB / 컨트롤러: 삼성 Elpis / [성능] 순차읽기: 6,400MB/s / 순차쓰기: 2,700MB/s / 읽기IOPS: 500K / 쓰기IOPS: 600K / [지원기능] TRIM / SLC캐싱 / S.M.A.R.T / AES 암호화 / [환경특성] MTBF: 150만 / TBW: 150TB / SLC: 49GB / PS5 호환 / 방열판 미포함 / 두께: 2.38mm / 9g / [기타] 노트북 적출상품 / ＊병행, 중고 판매처 확인요망",2021/02,ok,
2026-10-01T01:29:14+00:00,14653847,삼성전자 PM9A1 M.2 NVMe 벌크 (2TB),https://prod.danawa.com/info/?pcode=14653847&cate=11229608,M.2 (2280),PCIe4.0x4 (64GT/s),2TB,,DRAM 탑재,삼성 Elpis,"7,000MB/s","5,200MB/s","1,000K",850K,"1,200TB",150만,,방열판 미포함,"M.2 (2280) / PCIe4.0x4 (64GT/s) / TLC(토글) / DRAM 탑재 / DDR4 2GB / 컨트롤러: 삼성 Elpis / [성능] 순차읽기: 7,000MB/s / 순차쓰기: 5,200MB/s / 읽기IOPS: 1,000K / 쓰기IOPS: 850K / [지원기능] TRIM / SLC캐싱 / S.M.A.R.T / AES 암호화 / [환경특성] MTBF: 150만 / TBW: 1,200TB / SLC: 236GB / PS5 호환 / 방열판 미포함 / 두께: 2.38mm / 9g / [기타] 노트북 적출상품 / ＊병행, 중고 판매처 확인요망",2021/02,ok,
2026-10-01T01:29:14+00:00,13649699,삼성전자 PM9A1 M.2 NVMe 벌크 (512GB),https://prod.danawa.com/info/?pcode=13649699&cate=11229608,M.2 (2280),PCIe4.0x4 (64GT/s),512GB,,DRAM 탑재,삼성 Elpis,"6,900MB/s","5,000MB/s",800K,800K,300TB,150만,,방열판 미포함,"M.2 (2280) / PCIe4.0x4 (64GT/s) / TLC(토글) / DRAM 탑재 / DDR4 512MB / 컨트롤러: 삼성 Elpis / [성능] 순차읽기: 6,900MB/s / 순차쓰기: 5,000MB/s / 읽기IOPS: 800K / 쓰기IOPS: 800K / [지원기능] TRIM / S.M.A.R.T / SLC캐싱 / AES 암호화 / [환경특성] MTBF: 150만 / TBW: 300TB / SLC: 94GB / PS5 호환 / 방열판 미포함 / 두께: 2.38mm / 9g / [기타] 노트북 적출상품 / ＊병행, 중고 판매처 확인요망",2021/02,ok,
2026-10-01T01:29:14+00:00,13276568,삼성전자 PM9A1 M.2 NVMe 병행수입 (1TB),https://prod.danawa.com/info/?pcode=13276568&cate=11229608,M.2 (2280),PCIe4.0x4 (64GT/s),1TB,,DRAM 탑재,삼성 Elpis,"7,000MB/s","5,100MB/s","1,000K",850K,600TB,150만,,방열판 미포함,"M.2 (2280) / PCIe4.0x4 (64GT/s) / TLC(토글) / DRAM 탑재 / DDR4 1GB / 컨트롤러: 삼성 Elpis / [성능] 순차읽기: 7,000MB/s / 순차쓰기: 5,100MB/s / 읽기IOPS: 1,000K / 쓰기IOPS: 850K / [지원기능] TRIM / SLC캐싱 / S.M.A.R.T / AES 암호화 / [환경특성] MTBF: 150만 / TBW: 600TB / SLC: 114GB / PS5 호환 / 방열판 미포함 / 두께: 2.38mm / 9g / [기타] 중고 확인 요망",2021/02,ok,
2026-10-01T01:29:14+00:00,13293902,삼성전자 PM9A1 M.2 NVMe 병행수입 (256GB),https://prod.danawa.com/info/?pcode=13293902&cate=11229608,M.2 (2280),PCIe4.0x4 (64GT/s),256GB,,DRAM 탑재,삼성 Elpis,"6,400MB/s","2,700MB/s",500K,600K,150TB,150만,,방열판 미포함,"M.2 (2280) / PCIe4.0x4 (64GT/s) / TLC(토글) / DRAM 탑재 / DDR4 512MB / 컨트롤러: 삼성 Elpis / [성능] 순차읽기: 6,400MB/s / 순차쓰기: 2,700MB/s / 읽기IOPS: 500K / 쓰기IOPS: 600K / [지원기능] TRIM / SLC캐싱 / S.M.A.R.T / AES 암호화 / [환경특성] MTBF: 150만 / TBW: 150TB / SLC: 49GB / PS5 호환 / 방열판 미포함 / 두께: 2.38mm / 9g / [기타] 중고 확인 요망",2021/02,ok,
2026-10-01T01:29:14+00:00,13276304,삼성전자 PM9A1 M.2 NVMe 병행수입 (2TB),https://prod.danawa.com/info/?pcode=13276304&cate=11229608,M.2 (2280),PCIe4.0x4 (64GT/s),2TB,,DRAM 탑재,삼성 Elpis,"7,000MB/s","5,200MB/s","1,000K",850K,"1,200TB",150만,,방열판 미포함,"M.2 (2280) / PCIe4.0x4 (64GT/s) / TLC(토글) / DRAM 탑재 / DDR4 2GB / 컨트롤러: 삼성 Elpis / [성능] 순차읽기: 7,000MB/s / 순차쓰기: 5,200MB/s / 읽기IOPS: 1,000K / 쓰기IOPS: 850K / [지원기능] TRIM / SLC캐싱 / S.M.A.R.T / AES 암호화 / [환경특성] MTBF: 150만 / TBW: 1,200TB / SLC: 236GB / PS5 호환 / 방열판 미포함 / 두께: 2.38mm / 9g / [기타] 중고 확인 요망",2021/02,ok,
2026-10-01T01:29:14+00:00,13344977,삼성전자 PM9A1 M.2 NVMe 병행수입 (512GB),https://prod.danawa.com/info/?pcode=13344977&cate=11229608,M.2 (2280),PCIe4.0x4 (64GT/s),512GB,,DRAM 탑재,삼성 Elpis,"6,900MB/s","5,000MB/s",800K,800K,300TB,150만,,방열판 미포함,"M.2 (2280) / PCIe4.0x4 (64GT/s) / TLC(토글) / DRAM 탑재 / DDR4 512MB / 컨트롤러: 삼성 Elpis / [성능] 순차읽기: 6,900MB/s / 순차쓰기: 5,000MB/s / 읽기IOPS: 800K / 쓰기IOPS: 800K / [지원기능] TRIM / S.M.A.R.T / SLC캐싱 / AES 암호화 / [환경특성] MTBF: 150만 / TBW: 300TB / SLC: 94GB / PS5 호환 / 방열판 미포함 / 두께: 2.38mm / 9g / [기타] 중고 확인 요망",2021/02,ok,
2026-10-01T01:29:14+00:00,98782121,삼성전자 PM9A1 M.2 NVMe 중고 (1TB),https://prod.danawa.com/info/?pcode=98782121&cate=11229608,M.2 (2280),PCIe4.0x4 (64GT/s),1TB,,DRAM 탑재,삼성 Elpis,"7,000MB/s","5,100MB/s","1,000K",850K,600TB,150만,,방열판 미포함,"M.2 (2280) / PCIe4.0x4 (64GT/s) / TLC(토글) / DRAM 탑재 / DDR4 1GB / 컨트롤러: 삼성 Elpis / [성능] 순차읽기: 7,000MB/s / 순차쓰기: 5,100MB/s / 읽기IOPS: 1,000K / 쓰기IOPS: 850K / [지원기능] TRIM / S.M.A.R.T / SLC캐싱 / AES 암호화 / [환경특성] MTBF: 150만 / TBW: 600TB / SLC: 114GB / PS5 호환 / 방열판 미포함 / 두께: 2.38mm / 9g",2021/02,ok,
2026-10-01T01:29:14+00:00,102760391,삼성전자 PM9A1 M.2 NVMe 중고 (256GB),https://prod.danawa.com/info/?pcode=102760391&cate=11229608,M.2 (2280),PCIe4.0x4 (64GT/s),256GB,,DRAM 탑재,삼성 Elpis,"6,400MB/s","2,700MB/s",500K,600K,150TB,150만,,방열판 미포함,"M.2 (2280) / PCIe4.0x4 (64GT/s) / TLC(토글) / DRAM 탑재 / DDR4 512MB / 컨트롤러: 삼성 Elpis / [성능] 순차읽기: 6,400MB/s / 순차쓰기: 2,700MB/s / 읽기IOPS: 500K / 쓰기IOPS: 600K / [지원기능] TRIM / SLC캐싱 / S.M.A.R.T / AES 암호화 / [환경특성] MTBF: 150만 / TBW: 150TB / SLC: 49GB / PS5 호환 / 방열판 미포함 / 두께: 2.38mm / 9g",2021/02,ok,
2026-10-01T01:29:14+00:00,122699039,삼성전자 PM9A1 M.2 NVMe 중고 (2TB),https://prod.danawa.com/info/?pcode=122699039&cate=11229608,M.2 (2280),PCIe4.0x4 (64GT/s),2TB,,DRAM 탑재,삼성 Elpis,"7,000MB/s","5,200MB/s","1,000K",850K,"1,200TB",150만,,방열판 미포함,"M.2 (2280) / PCIe4.0x4 (64GT/s) / TLC(토글) / DRAM 탑재 / DDR4 2GB / 컨트롤러: 삼성 Elpis / [성능] 순차읽기: 7,000MB/s / 순차쓰기: 5,200MB/s / 읽기IOPS: 1,000K / 쓰기IOPS: 850K / [지원기능] TRIM / SLC캐싱 / S.M.A.R.T / AES 암호화 / [환경특성] MTBF: 150만 / TBW: 1,200TB / SLC: 236GB / PS5 호환 / 방열판 미포함 / 두께: 2.38mm / 9g",2021/02,ok,
2026-10-01T01:29:14+00:00,100691306,삼성전자 PM9A1 M.2 NVMe 중고 (512GB),https://prod.danawa.com/info/?pcode=100691306&cate=11229608,M.2 (2280),PCIe4.0x4 (64GT/s),512GB,,DRAM 탑재,삼성 Elpis,"6,900MB/s","5,000MB/s",800K,800K,300TB,150만,,방열판 미포함,"M.2 (2280) / PCIe4.0x4 (64GT/s) / TLC(토글) / DRAM 탑재 / DDR4 512MB / 컨트롤러: 삼성 Elpis / [성능] 순차읽기: 6,900MB/s / 순차쓰기: 5,000MB/s / 읽기IOPS: 800K / 쓰기IOPS: 800K / [지원기능] TRIM / S.M.A.R.T / SLC캐싱 / AES 암호화 / [환경특성] MTBF: 150만 / TBW: 300TB / SLC: 94GB / PS5 호환 / 방열판 미포함 / 두께: 2.38mm / 9g",2021/02,ok,
2026-10-01T01:29:14+00:00,96363566,삼성전자 PM9A1 M.2 NVMe 해외구매 (1TB),https://prod.danawa.com/info/?pcode=96363566&cate=11229608,M.2 (2280),PCIe4.0x4 (64GT/s),1TB,,DRAM 탑재,삼성 Elpis,"7,000MB/s","5,100MB/s","1,000K",850K,600TB,150만,,방열판 미포함,"M.2 (2280) / PCIe4.0x4 (64GT/s) / TLC(토글) / DRAM 탑재 / DDR4 1GB / 컨트롤러: 삼성 Elpis / [성능] 순차읽기: 7,000MB/s / 순차쓰기: 5,100MB/s / 읽기IOPS: 1,000K / 쓰기IOPS: 850K / [지원기능] TRIM / S.M.A.R.T / SLC캐싱 / AES 암호화 / [환경특성] MTBF: 150만 / TBW: 600TB / SLC: 114GB / PS5 호환 / 방열판 미포함 / 두께: 2.38mm / 9g / ＊중고 판매처 확인요망",2025/08,ok,
2026-10-01T01:29:14+00:00,67627088,삼성전자 PM9A1a M.2 NVMe 벌크 (1TB),https://prod.danawa.com/info/?pcode=67627088&cate=11229608,M.2 (2280),PCIe4.0x4 (64GT/s),1TB,,DRAM 탑재,삼성,"7,000MB/s","5,100MB/s","1,000K",900K,,,,방열판 미포함,"M.2 (2280) / PCIe4.0x4 (64GT/s) / TLC(토글) / DRAM 탑재 / 컨트롤러: 삼성 / [성능] 순차읽기: 7,000MB/s / 순차쓰기: 5,100MB/s / 읽기IOPS: 1,000K / 쓰기IOPS: 900K / PS5 호환 / 방열판 미포함 / 두께: 2.38mm / [기타] 노트북 적출상품 / ＊병행, 중고 판매처 확인요망",2024/09,ok,
2026-10-01T01:29:14+00:00,93859979,삼성전자 PM9A1a M.2 NVMe 벌크 (512GB),https://prod.danawa.com/info/?pcode=93859979&cate=11229608,M.2 (2280),PCIe4.0x4 (64GT/s),512GB,,DRAM 탑재,삼성,"6,900MB/s","4,900MB/s",800K,900K,,,,방열판 미포함,"M.2 (2280) / PCIe4.0x4 (64GT/s) / TLC(토글) / DRAM 탑재 / 컨트롤러: 삼성 / [성능] 순차읽기: 6,900MB/s / 순차쓰기: 4,900MB/s / 읽기IOPS: 800K / 쓰기IOPS: 900K / PS5 호환 / 방열판 미포함 / 두께: 2.38mm / [기타] 노트북 적출상품",2024/09,ok,
2026-10-01T01:29:14+00:00,76871684,삼성전자 PM9A1a M.2 NVMe 병행수입 (1TB),https://prod.danawa.com/info/?pcode=76871684&cate=11229608,M.2 (2280),PCIe4.0x4 (64GT/s),1TB,,DRAM 탑재,삼성,"7,000MB/s","5,100MB/s","1,000K",900K,,,,방열판 미포함,"M.2 (2280) / PCIe4.0x4 (64GT/s) / TLC(토글) / DRAM 탑재 / 컨트롤러: 삼성 / [성능] 순차읽기: 7,000MB/s / 순차쓰기: 5,100MB/s / 읽기IOPS: 1,000K / 쓰기IOPS: 900K / PS5 호환 / 방열판 미포함 / 두께: 2.38mm",2025/02,ok,
2026-10-01T01:29:14+00:00,76871675,삼성전자 PM9A1a M.2 NVMe 병행수입 (2TB),https://prod.danawa.com/info/?pcode=76871675&cate=11229608,M.2 (2280),PCIe4.0x4 (64GT/s),2TB,,DRAM 탑재,삼성,"7,000MB/s","5,100MB/s","1,000K","1,000K",,,,방열판 미포함,"M.2 (2280) / PCIe4.0x4 (64GT/s) / TLC(토글) / DRAM 탑재 / 컨트롤러: 삼성 / [성능] 순차읽기: 7,000MB/s / 순차쓰기: 5,100MB/s / 읽기IOPS: 1,000K / 쓰기IOPS: 1,000K / PS5 호환 / 방열판 미포함 / 두께: 2.38mm",2025/02,ok,
2026-10-01T01:29:14+00:00,97473902,삼성전자 PM9A1a M.2 NVMe 병행수입 (512GB),https://prod.danawa.com/info/?pcode=97473902&cate=11229608,M.2 (2280),PCIe4.0x4 (64GT/s),512GB,,DRAM 탑재,삼성,"6,900MB/s","4,900MB/s",800K,900K,,,,방열판 미포함,"M.2 (2280) / PCIe4.0x4 (64GT/s) / TLC(토글) / DRAM 탑재 / 컨트롤러: 삼성 / [성능] 순차읽기: 6,900MB/s / 순차쓰기: 4,900MB/s / 읽기IOPS: 800K / 쓰기IOPS: 900K / PS5 호환 / 방열판 미포함 / 두께: 2.38mm",2025/02,ok,
2026-10-01T01:29:14+00:00,123762829,삼성전자 PM9A1a M.2 NVMe 중고 (512GB),https://prod.danawa.com/info/?pcode=123762829&cate=11229608,M.2 (2280),PCIe4.0x4 (64GT/s),512GB,,DRAM 탑재,삼성,"6,900MB/s","4,900MB/s",800K,900K,,,,방열판 미포함,"M.2 (2280) / PCIe4.0x4 (64GT/s) / TLC(토글) / DRAM 탑재 / 컨트롤러: 삼성 / [성능] 순차읽기: 6,900MB/s / 순차쓰기: 4,900MB/s / 읽기IOPS: 800K / 쓰기IOPS: 900K / PS5 호환 / 방열판 미포함 / 두께: 2.38mm",2024/09,ok,
2026-10-01T01:29:14+00:00,79253243,삼성전자 PM9A1a M.2 NVMe 해외구매 (512GB),https://prod.danawa.com/info/?pcode=79253243&cate=11229608,M.2 (2280),PCIe4.0x4 (64GT/s),512GB,,DRAM 탑재,삼성,"6,900MB/s","4,900MB/s",800K,900K,,,,방열판 미포함,"M.2 (2280) / PCIe4.0x4 (64GT/s) / TLC(토글) / DRAM 탑재 / 컨트롤러: 삼성 / [성능] 순차읽기: 6,900MB/s / 순차쓰기: 4,900MB/s / 읽기IOPS: 800K / 쓰기IOPS: 900K / PS5 호환 / 방열판 미포함 / 두께: 2.38mm",2025/04,ok,
2026-10-01T01:29:14+00:00,77463476,삼성전자 PM9A3 U.2 NVMe 병행수입 (1.92TB),https://prod.danawa.com/info/?pcode=77463476&cate=11229608,6.4cm(2.5형),,1.92TB,TLC,DRAM 탑재,삼성 Elpis,"6,800MB/s","2,700MB/s",850K,130K,"3,504TB",200만,,방열판 미포함,"6.4cm(2.5형) / U.2 (PCIe4.0x4) / TLC / DRAM 탑재 / 컨트롤러: 삼성 Elpis / [성능] 순차읽기: 6,800MB/s / 순차쓰기: 2,700MB/s / 읽기IOPS: 850K / 쓰기IOPS: 130K / [지원기능] TRIM / S.M.A.R.T / [환경특성] MTBF: 200만 / TBW: 3,504TB / 방열판 미포함 / 두께: 15mm",2025/03,ok,
2026-10-01T01:29:14+00:00,77463503,삼성전자 PM9A3 U.2 NVMe 병행수입 (3.84TB),https://prod.danawa.com/info/?pcode=77463503&cate=11229608,6.4cm(2.5형),,3.84TB,TLC,DRAM 탑재,삼성 Elpis,"6,900MB/s","4,100MB/s","1,000K",180K,7008TB,200만,,방열판 미포함,"6.4cm(2.5형) / U.2 (PCIe4.0x4) / TLC / DRAM 탑재 / 컨트롤러: 삼성 Elpis / [성능] 순차읽기: 6,900MB/s / 순차쓰기: 4,100MB/s / 읽기IOPS: 1,000K / 쓰기IOPS: 180K / [지원기능] TRIM / S.M.A.R.T / [환경특성] MTBF: 200만 / TBW: 7008TB / 방열판 미포함 / 두께: 15mm",2025/03,ok,
2026-10-01T01:29:14+00:00,77463542,삼성전자 PM9A3 U.2 NVMe 병행수입 (7.68TB),https://prod.danawa.com/info/?pcode=77463542&cate=11229608,6.4cm(2.5형),,7.68TB,TLC,DRAM 탑재,삼성 Elpis,"6,500MB/s","3,500MB/s",900K,200K,,200만,,방열판 미포함,"6.4cm(2.5형) / U.2 (PCIe4.0x4) / TLC / DRAM 탑재 / 컨트롤러: 삼성 Elpis / [성능] 순차읽기: 6,500MB/s / 순차쓰기: 3,500MB/s / 읽기IOPS: 900K / 쓰기IOPS: 200K / [지원기능] S.M.A.R.T / TRIM / [환경특성] MTBF: 200만 / 방열판 미포함 / 두께: 15mm",2025/03,ok,
2026-10-01T01:29:14+00:00,19159703,삼성전자 PM9B1 M.2 2242 NVMe 벌크 (256GB),https://prod.danawa.com/info/?pcode=19159703&cate=11229608,M.2 (2242),PCIe4.0x4 (64GT/s),256GB,,,마벨,"3,300MB/s","1,250MB/s",240K,400K,,,,방열판 미포함,"M.2 (2242) / PCIe4.0x4 (64GT/s) / TLC(토글) / 컨트롤러: 마벨 / [성능] 순차읽기: 3,300MB/s / 순차쓰기: 1,250MB/s / 읽기IOPS: 240K / 쓰기IOPS: 400K / [지원기능] TRIM / HMB / SLC캐싱 / S.M.A.R.T / [환경특성] 방열판 미포함 / 두께: 2.38mm / [기타] 노트북 적출상품 / ＊병행, 중고 판매처 확인요망",2023/02,ok,
2026-10-01T01:29:14+00:00,58029764,삼성전자 PM9B1 M.2 2242 NVMe 벌크 (512GB),https://prod.danawa.com/info/?pcode=58029764&cate=11229608,M.2 (2242),PCIe4.0x4 (64GT/s),512GB,,,마벨,"3,500MB/s","2,500MB/s",430K,400K,,,,방열판 미포함,"M.2 (2242) / PCIe4.0x4 (64GT/s) / TLC(토글) / 컨트롤러: 마벨 / [성능] 순차읽기: 3,500MB/s / 순차쓰기: 2,500MB/s / 읽기IOPS: 430K / 쓰기IOPS: 400K / [지원기능] HMB / TRIM / SLC캐싱 / S.M.A.R.T / [환경특성] 방열판 미포함 / 두께: 2.38mm / [기타] 노트북 적출상품 / ＊병행, 중고 판매처 확인요망",2024/06,ok,
2026-10-01T01:29:14+00:00,78785120,삼성전자 PM9B1 M.2 2242 NVMe 병행수입 (512GB),https://prod.danawa.com/info/?pcode=78785120&cate=11229608,M.2 (2242),PCIe4.0x4 (64GT/s),512GB,,,마벨,"3,500MB/s","2,500MB/s",430K,400K,,,,방열판 미포함,"M.2 (2242) / PCIe4.0x4 (64GT/s) / TLC(토글) / 컨트롤러: 마벨 / [성능] 순차읽기: 3,500MB/s / 순차쓰기: 2,500MB/s / 읽기IOPS: 430K / 쓰기IOPS: 400K / [지원기능] TRIM / HMB / SLC캐싱 / S.M.A.R.T / [환경특성] 방열판 미포함 / 두께: 2.38mm / ＊중고 판매처 확인요망",2025/03,ok,
2026-10-01T01:29:14+00:00,20308046,삼성전자 PM9B1 M.2 NVMe 벌크 (1TB),https://prod.danawa.com/info/?pcode=20308046&cate=11229608,M.2 (2280),PCIe4.0x4 (64GT/s),1TB,,,마벨,"3,600MB/s","3,000MB/s",500K,420K,,,,방열판 미포함,"M.2 (2280) / PCIe4.0x4 (64GT/s) / TLC(토글) / 컨트롤러: 마벨 / [성능] 순차읽기: 3,600MB/s / 순차쓰기: 3,000MB/s / 읽기IOPS: 500K / 쓰기IOPS: 420K / [지원기능] HMB / TRIM / SLC캐싱 / S.M.A.R.T / [환경특성] 방열판 미포함 / 두께: 2.38mm / [기타] 노트북 적출상품 / ＊병행, 중고 판매처 확인요망",2023/02,ok,
2026-10-01T01:29:14+00:00,20308067,삼성전자 PM9B1 M.2 NVMe 벌크 (256GB),https://prod.danawa.com/info/?pcode=20308067&cate=11229608,M.2 (2280),PCIe4.0x4 (64GT/s),256GB,,,마벨,,,,,,,,방열판 미포함,"M.2 (2280) / PCIe4.0x4 (64GT/s) / TLC(토글) / 컨트롤러: 마벨 / HMB / [환경특성] 방열판 미포함 / 두께: 2.38mm / [기타] 노트북 적출상품 / ＊병행, 중고 판매처 확인요망",2023/02,ok,
2026-10-01T01:29:14+00:00,18952679,삼성전자 PM9B1 M.2 NVMe 벌크 (512GB),https://prod.danawa.com/info/?pcode=18952679&cate=11229608,M.2 (2280),PCIe4.0x4 (64GT/s),512GB,,,마벨,"3,500MB/s","2,500MB/s",430K,400K,,,,방열판 미포함,"M.2 (2280) / PCIe4.0x4 (64GT/s) / TLC(토글) / 컨트롤러: 마벨 / [성능] 순차읽기: 3,500MB/s / 순차쓰기: 2,500MB/s / 읽기IOPS: 430K / 쓰기IOPS: 400K / [지원기능] HMB / TRIM / SLC캐싱 / S.M.A.R.T / [환경특성] 방열판 미포함 / 두께: 2.38mm / [기타] 노트북 적출상품 / ＊병행, 중고 판매처 확인요망",2023/02,ok,
2026-10-01T01:29:14+00:00,42945764,삼성전자 PM9B1 M.2 NVMe 병행수입 (1TB),https://prod.danawa.com/info/?pcode=42945764&cate=11229608,M.2 (2280),PCIe4.0x4 (64GT/s),1TB,,,마벨,"3,600MB/s","3,000MB/s",500K,420K,,,,방열판 미포함,"M.2 (2280) / PCIe4.0x4 (64GT/s) / TLC(토글) / 컨트롤러: 마벨 / [성능] 순차읽기: 3,600MB/s / 순차쓰기: 3,000MB/s / 읽기IOPS: 500K / 쓰기IOPS: 420K / [지원기능] S.M.A.R.T / SLC캐싱 / TRIM / HMB / [환경특성] 방열판 미포함 / 두께: 2.38mm",2024/03,ok,
2026-10-01T01:29:14+00:00,42945617,삼성전자 PM9B1 M.2 NVMe 병행수입 (512GB),https://prod.danawa.com/info/?pcode=42945617&cate=11229608,M.2 (2280),PCIe4.0x4 (64GT/s),512GB,,,마벨,"3,500MB/s","2,500MB/s",430K,400K,,,,방열판 미포함,"M.2 (2280) / PCIe4.0x4 (64GT/s) / TLC(토글) / 컨트롤러: 마벨 / [성능] 순차읽기: 3,500MB/s / 순차쓰기: 2,500MB/s / 읽기IOPS: 430K / 쓰기IOPS: 400K / [지원기능] S.M.A.R.T / SLC캐싱 / TRIM / HMB / [환경특성] 방열판 미포함 / 두께: 2.38mm",2024/03,ok,
2026-10-01T01:29:14+00:00,106727057,삼성전자 PM9B1 M.2 NVMe 중고 (256GB),https://prod.danawa.com/info/?pcode=106727057&cate=11229608,M.2 (2280),PCIe4.0x4 (64GT/s),256GB,,,마벨,,,,,,,,방열판 미포함,M.2 (2280) / PCIe4.0x4 (64GT/s) / TLC(토글) / 컨트롤러: 마벨 / HMB / [환경특성] 방열판 미포함 / 두께: 2.38mm,2023/02,ok,
2026-10-01T01:29:14+00:00,124336173,삼성전자 PM9B1 M.2 NVMe 중고 (512GB),https://prod.danawa.com/info/?pcode=124336173&cate=11229608,M.2 (2280),PCIe4.0x4 (64GT/s),512GB,,,마벨,"3,500MB/s","2,500MB/s",430K,400K,,,,방열판 미포함,"M.2 (2280) / PCIe4.0x4 (64GT/s) / TLC(토글) / 컨트롤러: 마벨 / [성능] 순차읽기: 3,500MB/s / 순차쓰기: 2,500MB/s / 읽기IOPS: 430K / 쓰기IOPS: 400K / [지원기능] TRIM / S.M.A.R.T / SLC캐싱 / HMB / [환경특성] 방열판 미포함 / 두께: 2.38mm",2023/02,ok,
2026-10-01T01:29:14+00:00,94888187,삼성전자 PM9C1 M.2 NVMe 벌크 (1TB),https://prod.danawa.com/info/?pcode=94888187&cate=11229608,M.2 (2280),PCIe4.0x4 (64GT/s),1TB,TLC,,삼성 Piccolo,"6,000MB/s","5,600MB/s",900K,"1,000K",600TB,,,방열판 미포함,"M.2 (2280) / PCIe4.0x4 (64GT/s) / TLC / 컨트롤러: 삼성 Piccolo / [성능] 순차읽기: 6,000MB/s / 순차쓰기: 5,600MB/s / 읽기IOPS: 900K / 쓰기IOPS: 1,000K / [지원기능] HMB / [환경특성] TBW: 600TB / 방열판 미포함 / 두께: 2.38mm / [기타] 노트북 적출상품",2024/11,ok,
2026-10-01T01:29:14+00:00,97112444,삼성전자 PM9C1 M.2 NVMe 벌크 (256GB),https://prod.danawa.com/info/?pcode=97112444&cate=11229608,M.2 (2280),PCIe4.0x4 (64GT/s),256GB,TLC,,삼성 Piccolo,"4,000MB/s","1,300MB/s",230K,300K,,,,방열판 미포함,"M.2 (2280) / PCIe4.0x4 (64GT/s) / TLC / 컨트롤러: 삼성 Piccolo / [성능] 순차읽기: 4,000MB/s / 순차쓰기: 1,300MB/s / 읽기IOPS: 230K / 쓰기IOPS: 300K / [지원기능] HMB / [환경특성] 방열판 미포함 / 두께: 2.38mm / [기타] 노트북 적출상품",2024/11,ok,
2026-10-01T01:29:14+00:00,71012951,삼성전자 PM9C1 M.2 NVMe 벌크 (512GB),https://prod.danawa.com/info/?pcode=71012951&cate=11229608,M.2 (2280),PCIe4.0x4 (64GT/s),512GB,TLC,,삼성 Piccolo,"4,950MB/s","2,500MB/s",400K,550K,,,,방열판 미포함,"M.2 (2280) / PCIe4.0x4 (64GT/s) / TLC / 컨트롤러: 삼성 Piccolo / [성능] 순차읽기: 4,950MB/s / 순차쓰기: 2,500MB/s / 읽기IOPS: 400K / 쓰기IOPS: 550K / [지원기능] HMB / [환경특성] 방열판 미포함 / 두께: 2.38mm / [기타] 노트북 적출상품",2024/11,ok,
2026-10-01T01:29:14+00:00,99320441,삼성전자 PM9C1 M.2 NVMe 중고 (512GB),https://prod.danawa.com/info/?pcode=99320441&cate=11229608,M.2 (2280),PCIe4.0x4 (64GT/s),512GB,TLC,,삼성 Piccolo,"4,950MB/s","2,500MB/s",400K,550K,,,,방열판 미포함,"M.2 (2280) / PCIe4.0x4 (64GT/s) / TLC / 컨트롤러: 삼성 Piccolo / [성능] 순차읽기: 4,950MB/s / 순차쓰기: 2,500MB/s / 읽기IOPS: 400K / 쓰기IOPS: 550K / [지원기능] HMB / [환경특성] 방열판 미포함 / 두께: 2.38mm",2024/11,ok,
2026-10-01T01:29:14+00:00,74249636,삼성전자 PM9C1a M.2 2242 NVMe 벌크 (1TB),https://prod.danawa.com/info/?pcode=74249636&cate=11229608,M.2 (2242),PCIe4.0x4 (64GT/s),1TB,,,삼성,,,,,,,,방열판 미포함,"M.2 (2242) / PCIe4.0x4 (64GT/s) / 컨트롤러: 삼성 / [지원기능] HMB / TRIM / SLC캐싱 / S.M.A.R.T / [환경특성] 방열판 미포함 / 두께: 2.38mm / ＊병행, 중고 판매처 확인요망",2025/01,ok,
2026-10-01T01:29:14+00:00,75938888,삼성전자 PM9C1a M.2 2242 NVMe 벌크 (512GB),https://prod.danawa.com/info/?pcode=75938888&cate=11229608,M.2 (2242),PCIe4.0x4 (64GT/s),512GB,,,삼성,,,,,,,,방열판 미포함,"M.2 (2242) / PCIe4.0x4 (64GT/s) / 컨트롤러: 삼성 / [지원기능] TRIM / S.M.A.R.T / SLC캐싱 / HMB / [환경특성] 방열판 미포함 / 두께: 2.38mm / ＊병행, 중고 판매처 확인요망",2025/02,ok,
2026-10-01T01:29:14+00:00,86437109,삼성전자 PM9C1a M.2 NVMe 벌크 (256GB),https://prod.danawa.com/info/?pcode=86437109&cate=11229608,M.2 (2280),PCIe4.0x4 (64GT/s),256GB,,,삼성,"6,000MB/s","5,600MB/s",,,,,,방열판 미포함,"M.2 (2280) / PCIe4.0x4 (64GT/s) / 컨트롤러: 삼성 / [성능] 순차읽기: 6,000MB/s / 순차쓰기: 5,600MB/s / [지원기능] S.M.A.R.T / SLC캐싱 / TRIM / HMB / [환경특성] PS5 호환 / 방열판 미포함 / 두께: 2.38mm / ＊병행, 중고 판매처 확인요망",2025/04,ok,
2026-10-01T01:29:14+00:00,107770565,삼성전자 PM9C1b M.2 NVMe 벌크 (1TB),https://prod.danawa.com/info/?pcode=107770565&cate=11229608,M.2 (2280),PCIe4.0x4 (64GT/s),1TB,TLC,,기타,"7,100MB/s","6,700MB/s","1,000K","1,300K",600TB,150만시간,,방열판 미포함,"M.2 (2280) / PCIe4.0x4 (64GT/s) / TLC / 컨트롤러: 기타 / [성능] 순차읽기: 7,100MB/s / 순차쓰기: 6,700MB/s / 읽기IOPS: 1,000K / 쓰기IOPS: 1,300K / [환경특성] MTBF: 150만시간 / TBW: 600TB / PS5 호환 / 방열판 미포함 / 두께: 2.38mm / 9g / [기타] 노트북 적출상품",2025/08,ok,
2026-10-01T01:29:14+00:00,96583769,삼성전자 PM9C1b M.2 NVMe 벌크 (512GB),https://prod.danawa.com/info/?pcode=96583769&cate=11229608,M.2 (2280),PCIe4.0x4 (64GT/s),512GB,TLC,,기타,"7,000MB/s","6,600MB/s",800K,"1,300K",,,,방열판 미포함,"M.2 (2280) / PCIe4.0x4 (64GT/s) / TLC / 컨트롤러: 기타 / [성능] 순차읽기: 7,000MB/s / 순차쓰기: 6,600MB/s / 읽기IOPS: 800K / 쓰기IOPS: 1,300K / [환경특성] PS5 호환 / 방열판 미포함 / 두께: 2.38mm / [기타] 노트북 적출상품",2025/08,ok,
2026-10-01T01:29:14+00:00,96979484,삼성전자 PM9C1b M.2 NVMe 병행수입 (1TB),https://prod.danawa.com/info/?pcode=96979484&cate=11229608,M.2 (2280),PCIe4.0x4 (64GT/s),1TB,TLC,,기타,"7,100MB/s","6,700MB/s","1,000K","1,300K",600TB,150만시간,,방열판 미포함,"M.2 (2280) / PCIe4.0x4 (64GT/s) / TLC / 컨트롤러: 기타 / [성능] 순차읽기: 7,100MB/s / 순차쓰기: 6,700MB/s / 읽기IOPS: 1,000K / 쓰기IOPS: 1,300K / [환경특성] MTBF: 150만시간 / TBW: 600TB / PS5 호환 / 방열판 미포함 / 두께: 2.38mm / 9g",2025/09,ok,
2026-10-01T01:29:14+00:00,96979466,삼성전자 PM9C1b M.2 NVMe 병행수입 (512GB),https://prod.danawa.com/info/?pcode=96979466&cate=11229608,M.2 (2280),PCIe4.0x4 (64GT/s),512GB,TLC,,기타,"7,000MB/s","6,600MB/s",800K,"1,300K",300TB,150만시간,,방열판 미포함,"M.2 (2280) / PCIe4.0x4 (64GT/s) / TLC / 컨트롤러: 기타 / [성능] 순차읽기: 7,000MB/s / 순차쓰기: 6,600MB/s / 읽기IOPS: 800K / 쓰기IOPS: 1,300K / [환경특성] MTBF: 150만시간 / TBW: 300TB / PS5 호환 / 방열판 미포함 / 두께: 2.38mm / 9g",2025/09,ok,
2026-10-01T01:29:14+00:00,103450037,삼성전자 PM9E1 M.2 NVMe 벌크 (1TB),https://prod.danawa.com/info/?pcode=103450037&cate=11229608,M.2 (2280),PCIe5.0x4 (128GT/s),1TB,,DRAM 탑재,삼성 Presto,"14,000MB/s","12,500MB/s","1,600K","2,600K",600TB,150만,,방열판 미포함,"M.2 (2280) / PCIe5.0x4 (128GT/s) / TLC(토글) / DRAM 탑재 / 컨트롤러: 삼성 Presto / [성능] 순차읽기: 14,000MB/s / 순차쓰기: 12,500MB/s / 읽기IOPS: 1,600K / 쓰기IOPS: 2,600K / [지원기능] TRIM / SLC캐싱 / S.M.A.R.T / AES 암호화 / [환경특성] MTBF: 150만 / TBW: 600TB / 방열판 미포함 / 두께: 2.38mm / 9g / [기타] 노트북 적출상품",2026/01,ok,
2026-10-01T01:29:14+00:00,103449614,삼성전자 PM9E1 M.2 NVMe 벌크 (512GB),https://prod.danawa.com/info/?pcode=103449614&cate=11229608,M.2 (2280),PCIe5.0x4 (128GT/s),512GB,,DRAM 탑재,삼성 Presto,"12,200MB/s","6,300MB/s",800K,"1,360K",300TB,150만,,방열판 미포함,"M.2 (2280) / PCIe5.0x4 (128GT/s) / TLC(토글) / DRAM 탑재 / 컨트롤러: 삼성 Presto / [성능] 순차읽기: 12,200MB/s / 순차쓰기: 6,300MB/s / 읽기IOPS: 800K / 쓰기IOPS: 1,360K / [지원기능] S.M.A.R.T / SLC캐싱 / TRIM / AES 암호화 / [환경특성] MTBF: 150만 / TBW: 300TB / 방열판 미포함 / 두께: 2.38mm / 9g / [기타] 노트북 적출상품",2026/01,ok,
2026-10-01T01:29:14+00:00,95848700,삼성전자 PM9E1 M.2 NVMe 병행수입 (1TB),https://prod.danawa.com/info/?pcode=95848700&cate=11229608,M.2 (2280),PCIe5.0x4 (128GT/s),1TB,,DRAM 탑재,삼성 Presto,"14,000MB/s","12,500MB/s","1,600K","2,600K",600TB,150만,,방열판 미포함,"M.2 (2280) / PCIe5.0x4 (128GT/s) / TLC(토글) / DRAM 탑재 / 컨트롤러: 삼성 Presto / [성능] 순차읽기: 14,000MB/s / 순차쓰기: 12,500MB/s / 읽기IOPS: 1,600K / 쓰기IOPS: 2,600K / [지원기능] TRIM / SLC캐싱 / S.M.A.R.T / AES 암호화 / [환경특성] MTBF: 150만 / TBW: 600TB / 방열판 미포함 / 두께: 2.38mm / 9g",2025/06,ok,
2026-10-01T01:29:14+00:00,92187485,삼성전자 PM9E1 M.2 NVMe 병행수입 (2TB),https://prod.danawa.com/info/?pcode=92187485&cate=11229608,M.2 (2280),PCIe5.0x4 (128GT/s),2TB,,DRAM 탑재,삼성 Presto,"14,000MB/s","12,500MB/s","1,600K","2,600K","1,200TB",150만,,방열판 미포함,"M.2 (2280) / PCIe5.0x4 (128GT/s) / TLC(토글) / DRAM 탑재 / 컨트롤러: 삼성 Presto / [성능] 순차읽기: 14,000MB/s / 순차쓰기: 12,500MB/s / 읽기IOPS: 1,600K / 쓰기IOPS: 2,600K / [지원기능] TRIM / SLC캐싱 / S.M.A.R.T / AES 암호화 / [환경특성] MTBF: 150만 / TBW: 1,200TB / 방열판 미포함 / 두께: 2.38mm / 9g",2025/06,ok,
2026-10-01T01:29:14+00:00,92187206,삼성전자 PM9E1 M.2 NVMe 병행수입 (4TB),https://prod.danawa.com/info/?pcode=92187206&cate=11229608,M.2 (2280),PCIe5.0x4 (128GT/s),4TB,,DRAM 탑재,삼성 Presto,"14,500MB/s","12,600MB/s","2,000K","2,640K","2,400TB",150만,,방열판 미포함,"M.2 (2280) / PCIe5.0x4 (128GT/s) / TLC(토글) / DRAM 탑재 / 컨트롤러: 삼성 Presto / [성능] 순차읽기: 14,500MB/s / 순차쓰기: 12,600MB/s / 읽기IOPS: 2,000K / 쓰기IOPS: 2,640K / [지원기능] TRIM / SLC캐싱 / S.M.A.R.T / AES 암호화 / [환경특성] MTBF: 150만 / TBW: 2,400TB / 방열판 미포함 / 두께: 2.38mm / 9g",2025/06,ok,
2026-10-01T01:29:14+00:00,95848934,삼성전자 PM9E1 M.2 NVMe 병행수입 (512GB),https://prod.danawa.com/info/?pcode=95848934&cate=11229608,M.2 (2280),PCIe5.0x4 (128GT/s),512GB,,DRAM 탑재,삼성 Presto,"12,200MB/s","6,300MB/s",800K,"1,360K",300TB,150만,,방열판 미포함,"M.2 (2280) / PCIe5.0x4 (128GT/s) / TLC(토글) / DRAM 탑재 / 컨트롤러: 삼성 Presto / [성능] 순차읽기: 12,200MB/s / 순차쓰기: 6,300MB/s / 읽기IOPS: 800K / 쓰기IOPS: 1,360K / [지원기능] TRIM / SLC캐싱 / S.M.A.R.T / AES 암호화 / [환경특성] MTBF: 150만 / TBW: 300TB / 방열판 미포함 / 두께: 2.38mm / 9g",2025/06,ok,
2026-10-01T01:29:14+00:00,76789799,삼성전자 PM9F1 M.2 NVMe 벌크 (512GB),https://prod.danawa.com/info/?pcode=76789799&cate=11229608,M.2 (2280),PCIe4.0x4 (64GT/s),512GB,,,삼성,,,,,,,,방열판 미포함,"M.2 (2280) / PCIe4.0x4 (64GT/s) / 컨트롤러: 삼성 / 방열판 미포함 / 두께: 2.38mm / [기타] 노트북 적출상품 / ＊병행, 중고 판매처 확인요망",2025/02,ok,
2026-10-01T01:29:14+00:00,104950076,삼성전자 SM863a 중고 (1.92TB),https://prod.danawa.com/info/?pcode=104950076&cate=11229608,6.4cm(2.5형),SATA3 (6Gb/s),1.92TB,,DRAM 탑재,삼성 Mercury,510MB/s,485MB/sMB/s,95K,28K,"12,320TB",200만,,,"6.4cm(2.5형) / SATA3 (6Gb/s) / DRAM 탑재 / DDR3 2GB / 컨트롤러: 삼성 Mercury / [성능] 순차읽기: 510MB/s / 순차쓰기: 485MB/sMB/s / 읽기IOPS: 95K / 쓰기IOPS: 28K / [지원기능] TRIM / GC / S.M.A.R.T / AES 암호화 / [환경특성] MTBF: 200만 / TBW: 12,320TB / 두께: 6.8mm / 60g",2017/03,ok,
2026-10-01T01:29:14+00:00,4664976,삼성전자 SM961 M.2 NVMe 병행수입 (256GB),https://prod.danawa.com/info/?pcode=4664976&cate=11229608,M.2 (2280),PCIe3.0x4 (32GT/s),256GB,,,삼성 Polaris (AMD),"3,200MB/s","1,800MB/s",450K,400K,,,,방열판 미포함,"M.2 (2280) / PCIe3.0x4 (32GT/s) / MLC(토글) / 컨트롤러: 삼성 Polaris (AMD) / [성능] 순차읽기: 3,200MB/s / 순차쓰기: 1,800MB/s / 읽기IOPS: 450K / 쓰기IOPS: 400K / [지원기능] GC / [환경특성] 방열판 미포함 / 두께: 2.38mm / [기타] 중고, 벌크 여부 확인요망",2016/11,ok,
2026-10-01T01:29:14+00:00,63036680,서진네트웍스 UNICORN 2.5인치 HDD 듀얼 컨버터 케이블 (FD-900D),https://prod.danawa.com/info/?pcode=63036680&cate=11229608,변환 컨버터,,,,,,,,,,,,1년,,"변환 컨버터 / 크기 변환: 2.5형→USB C타입+A타입 / 인터페이스 변환: SATA3→USB3.x 5Gbps / SSD, HDD겸용 / 보관(장착) 개수: 최대 1개 / UASP 지원 / 두께: 13mm / 25g / 블랙 / A/S기간: 1년 / 최대 4TB 지원 / 케이블 길이: 17cm",2024/08,ok,
2026-10-01T01:29:14+00:00,3669333,서진네트웍스 UNICORN 2.5형 하드보관 케이스,https://prod.danawa.com/info/?pcode=3669333&cate=11229608,보관케이스,,,,,,,,,,,,,,"보관케이스 / SSD, HDD겸용 / 보관(장착) 개수: 최대 2개 / 충격보호 / 잠금장치 / 두께: 33mm / 60.6g / 그린 / 오렌지 / 블루 / 플라스틱",2016/01,ok,
2026-10-01T01:29:14+00:00,3669316,서진네트웍스 UNICORN 3.5형 하드보관 케이스,https://prod.danawa.com/info/?pcode=3669316&cate=11229608,보관케이스,,,,,,,,,,,,,,보관케이스 / HDD전용 / 보관(장착) 개수: 최대 1개 / 잠금장치 / 충격보호 / 두께: 35.5mm / 94.6g / 그린 / 오렌지 / 블루 / 플라스틱,2016/01,ok,
2026-10-01T01:29:14+00:00,93704684,서진네트웍스 UNICORN JM-200 M.2 SSD 보관케이스,https://prod.danawa.com/info/?pcode=93704684&cate=11229608,보관케이스,,,,,,,,,,,,,,보관케이스 / 보관(장착) 개수: 최대 4개 / 충격보호 / 두께: 16mm / 43g / 블루 / 그레이 / 블랙 / 핑크,2025/07,ok,
2026-10-01T01:29:14+00:00,89612558,서진네트웍스 UNICORN M.2 SSD 보관케이스,https://prod.danawa.com/info/?pcode=89612558&cate=11229608,보관케이스,,,,,,,,,,,,,,보관케이스 / SSD전용 / 보관(장착) 개수: 최대 4개 / 충격보호 / 두께: 16mm / 43g / 블루 / 그레이 / 블랙 / 핑크,2025/04,ok,
2026-10-01T01:29:14+00:00,8467275,서진네트웍스 UNICORN USB 3.0 Type C to SATA 케이블 (FD-800SATAC),https://prod.danawa.com/info/?pcode=8467275&cate=11229608,변환 컨버터,,,,,,,,,,,,1년,,"변환 컨버터 / 크기 변환: 2.5형→USB C타입 / 인터페이스 변환: SATA3→USB3.x 5Gbps / SSD, HDD겸용 / 보관(장착) 개수: 최대 1개 / UASP 지원 / 두께: 13mm / 블랙 / A/S기간: 1년 / 최대 2TB 지원 / 케이블 길이: 17cm",2019/07,ok,
2026-10-01T01:29:14+00:00,8467623,서진네트웍스 UNICORN USB 3.0 to SATA 케이블 (FD-700SATAA),https://prod.danawa.com/info/?pcode=8467623&cate=11229608,변환 컨버터,,,,,,,,,,,,1년,,"변환 컨버터 / 크기 변환: 2.5형→USB A타입 / 인터페이스 변환: SATA3→USB3.x 5Gbps / SSD, HDD겸용 / 보관(장착) 개수: 최대 1개 / UASP 지원 / 두께: 13mm / 블랙 / A/S기간: 1년 / 최대 2TB 지원 / 케이블 길이: 17cm",2019/07,ok,
2026-10-01T01:29:14+00:00,5020544,서진네트웍스 UNICORN USB 3.0 to SATA 케이블 (HD-300SATA),https://prod.danawa.com/info/?pcode=5020544&cate=11229608,변환 컨버터,,,,,,,,,,,,,,"변환 컨버터 / 크기 변환: 2.5형→USB A타입 / 인터페이스 변환: SATA3→USB3.x 5Gbps / SSD, HDD겸용 / 보관(장착) 개수: 최대 1개 / UASP 지원 / 두께: 10mm / 27g / 블랙 / 최대 3TB 지원 / 케이블 길이: 20cm",2017/03,ok,
2026-10-01T01:29:14+00:00,5548440,서진네트웍스 UNICORN USB 3.0 to SATA 케이블 (HD-500SATAA),https://prod.danawa.com/info/?pcode=5548440&cate=11229608,변환 컨버터,,,,,,,,,,,,1년,,"변환 컨버터 / 크기 변환: 3.5/2.5형→USB A타입 / 인터페이스 변환: SATA3→USB3.x 5Gbps / SSD, HDD겸용 / 보관(장착) 개수: 최대 1개 / UASP 지원 / 두께: 16mm / 42g / 블랙 / A/S기간: 1년 / 보조전원 지원 / 최대 6TB 지원 / 케이블 길이: 27cm",2017/10,ok,
2026-10-01T01:29:14+00:00,5548362,서진네트웍스 UNICORN USB Type C to SATA 케이블 (HD-500SATAC),https://prod.danawa.com/info/?pcode=5548362&cate=11229608,변환 컨버터,,,,,,,,,,,,1년,,"변환 컨버터 / 크기 변환: 3.5/2.5형→USB C타입 / 인터페이스 변환: SATA3→USB3.x 5Gbps / SSD, HDD겸용 / 보관(장착) 개수: 최대 1개 / UASP 지원 / A/S기간: 1년 / 두께: 16mm / 42g / 블랙 / 외부전원 / 어댑터 포함 / 최대 6TB 지원 / 케이블 길이: 27cm",2017/10,ok,
2026-10-01T01:29:14+00:00,18917405,솔리다임 D3-S4520 (1.92TB),https://prod.danawa.com/info/?pcode=18917405&cate=11229608,6.4cm(2.5형),SATA3 (6Gb/s),1.92TB,TLC,,기타,550MB/s,510MB/s,,,,200만시간,,,6.4cm(2.5형) / SATA3 (6Gb/s) / TLC / 컨트롤러: 기타 / [성능] 순차읽기: 550MB/s / 순차쓰기: 510MB/s / [지원기능] AES 암호화 / [환경특성] MTBF: 200만시간,2023/02,ok,
2026-10-01T01:29:14+00:00,18917474,솔리다임 D3-S4520 (3.84TB),https://prod.danawa.com/info/?pcode=18917474&cate=11229608,6.4cm(2.5형),SATA3 (6Gb/s),3.84TB,TLC,,기타,550MB/s,510MB/s,92K,31K,,200만시간,,,6.4cm(2.5형) / SATA3 (6Gb/s) / TLC / 컨트롤러: 기타 / [성능] 순차읽기: 550MB/s / 순차쓰기: 510MB/s / 읽기IOPS: 92K / 쓰기IOPS: 31K / [지원기능] AES 암호화 / [환경특성] MTBF: 200만시간,2023/02,ok,
2026-10-01T01:29:14+00:00,18917360,솔리다임 D3-S4520 (480GB),https://prod.danawa.com/info/?pcode=18917360&cate=11229608,6.4cm(2.5형),SATA3 (6Gb/s),480GB,TLC,,기타,550MB/s,460MB/s,79K,30K,,200만시간,,,6.4cm(2.5형) / SATA3 (6Gb/s) / TLC / 컨트롤러: 기타 / [성능] 순차읽기: 550MB/s / 순차쓰기: 460MB/s / 읽기IOPS: 79K / 쓰기IOPS: 30K / [지원기능] AES 암호화 / [환경특성] MTBF: 200만시간,2023/02,ok,
2026-10-01T01:29:14+00:00,18917492,솔리다임 D3-S4520 (7.68TB),https://prod.danawa.com/info/?pcode=18917492&cate=11229608,6.4cm(2.5형),SATA3 (6Gb/s),7.68TB,TLC,,기타,550MB/s,510MB/s,86K,30K,,200만시간,,,6.4cm(2.5형) / SATA3 (6Gb/s) / TLC / 컨트롤러: 기타 / [성능] 순차읽기: 550MB/s / 순차쓰기: 510MB/s / 읽기IOPS: 86K / 쓰기IOPS: 30K / [지원기능] AES 암호화 / [환경특성] MTBF: 200만시간,2023/02,ok,
2026-10-01T01:29:14+00:00,18917384,솔리다임 D3-S4520 (960GB),https://prod.danawa.com/info/?pcode=18917384&cate=11229608,6.4cm(2.5형),SATA3 (6Gb/s),960GB,TLC,,기타,550MB/s,510MB/s,90K,43K,,200만시간,,,6.4cm(2.5형) / SATA3 (6Gb/s) / TLC / 컨트롤러: 기타 / [성능] 순차읽기: 550MB/s / 순차쓰기: 510MB/s / 읽기IOPS: 90K / 쓰기IOPS: 43K / [지원기능] AES 암호화 / [환경특성] MTBF: 200만시간,2023/02,ok,
2026-10-01T01:29:14+00:00,52154993,솔리다임 D3-S4620 해외구매 (3.84TB),https://prod.danawa.com/info/?pcode=52154993&cate=11229608,6.4cm(2.5형),SATA3 (6Gb/s),3.84TB,TLC,,기타,550MB/s,510MB/s,91K,60K,,200만시간,,,6.4cm(2.5형) / SATA3 (6Gb/s) / TLC / 컨트롤러: 기타 / [성능] 순차읽기: 550MB/s / 순차쓰기: 510MB/s / 읽기IOPS: 91K / 쓰기IOPS: 60K / [환경특성] MTBF: 200만시간 / 두께: 7mm,2024/05,ok,
2026-10-01T01:29:14+00:00,52155221,솔리다임 D3-S4620 해외구매 (480GB),https://prod.danawa.com/info/?pcode=52155221&cate=11229608,6.4cm(2.5형),SATA3 (6Gb/s),480GB,TLC,,기타,550MB/s,500MB/s,85K,48K,,200만시간,,,6.4cm(2.5형) / SATA3 (6Gb/s) / TLC / 컨트롤러: 기타 / [성능] 순차읽기: 550MB/s / 순차쓰기: 500MB/s / 읽기IOPS: 85K / 쓰기IOPS: 48K / [환경특성] MTBF: 200만시간 / 두께: 7mm,2024/05,ok,
2026-10-01T01:29:14+00:00,52155143,솔리다임 D3-S4620 해외구매 (960GB),https://prod.danawa.com/info/?pcode=52155143&cate=11229608,6.4cm(2.5형),SATA3 (6Gb/s),960GB,TLC,,기타,550MB/s,510MB/s,90K,54K,,200만시간,,,6.4cm(2.5형) / SATA3 (6Gb/s) / TLC / 컨트롤러: 기타 / [성능] 순차읽기: 550MB/s / 순차쓰기: 510MB/s / 읽기IOPS: 90K / 쓰기IOPS: 54K / [환경특성] MTBF: 200만시간 / 두께: 7mm,2024/05,ok,
2026-10-01T01:29:14+00:00,74005400,솔리다임 D5-P5336 U.2 NVMe 해외구매 (15.36TB),https://prod.danawa.com/info/?pcode=74005400&cate=11229608,6.4cm(2.5형),,15.36TB,QLC,,인텔,"7,000MB/s","3,000MB/s",,,,200만,,방열판 미포함,"6.4cm(2.5형) / U.2 (PCIe4.0x4) / QLC / 컨트롤러: 인텔 / [성능] 순차읽기: 7,000MB/s / 순차쓰기: 3,000MB/s / [지원기능] S.M.A.R.T / TRIM / [환경특성] MTBF: 200만 / 방열판 미포함",2025/01,ok,
2026-10-01T01:29:14+00:00,74005415,솔리다임 D5-P5336 U.2 NVMe 해외구매 (30.72TB),https://prod.danawa.com/info/?pcode=74005415&cate=11229608,6.4cm(2.5형),,30.72TB,QLC,,인텔,"7,000MB/s","3,000MB/s",,,,200만,,방열판 미포함,"6.4cm(2.5형) / U.2 (PCIe4.0x4) / QLC / 컨트롤러: 인텔 / [성능] 순차읽기: 7,000MB/s / 순차쓰기: 3,000MB/s / [지원기능] S.M.A.R.T / TRIM / [환경특성] MTBF: 200만 / 방열판 미포함",2025/01,ok,
2026-10-01T01:29:14+00:00,74005430,솔리다임 D5-P5336 U.2 NVMe 해외구매 (61.44TB),https://prod.danawa.com/info/?pcode=74005430&cate=11229608,6.4cm(2.5형),,61.44TB,QLC,,인텔,"7,000MB/s","3,000MB/s",,,,200만,,방열판 미포함,"6.4cm(2.5형) / U.2 (PCIe4.0x4) / QLC / 컨트롤러: 인텔 / [성능] 순차읽기: 7,000MB/s / 순차쓰기: 3,000MB/s / [지원기능] TRIM / S.M.A.R.T / [환경특성] MTBF: 200만 / 방열판 미포함",2025/01,ok,
2026-10-01T01:29:14+00:00,74005376,솔리다임 D5-P5336 U.2 NVMe 해외구매 (7.68TB),https://prod.danawa.com/info/?pcode=74005376&cate=11229608,6.4cm(2.5형),,7.68TB,QLC,,인텔,"6,800MB/s","1,800MB/s",,,,200만,,방열판 미포함,"6.4cm(2.5형) / U.2 (PCIe4.0x4) / QLC / 컨트롤러: 인텔 / [성능] 순차읽기: 6,800MB/s / 순차쓰기: 1,800MB/s / [지원기능] TRIM / S.M.A.R.T / [환경특성] MTBF: 200만 / 방열판 미포함",2025/01,ok,
2026-10-01T01:29:14+00:00,81061529,솔리다임 D7-P5520 U.2 NVMe 해외구매 (1.92TB),https://prod.danawa.com/info/?pcode=81061529&cate=11229608,6.4cm(2.5형),,1.92TB,TLC,,기타,"5,300MB/s","1,900MB/s",700K,114K,,200만시간,,방열판 미포함,"6.4cm(2.5형) / U.2 (PCIe4.0x4) / TLC / 컨트롤러: 기타 / [성능] 순차읽기: 5,300MB/s / 순차쓰기: 1,900MB/s / 읽기IOPS: 700K / 쓰기IOPS: 114K / [지원기능] [환경특성] MTBF: 200만시간 / 방열판 미포함 / 165g",2025/04,ok,
2026-10-01T01:29:14+00:00,81061658,솔리다임 D7-P5520 U.2 NVMe 해외구매 (15.36TB),https://prod.danawa.com/info/?pcode=81061658&cate=11229608,6.4cm(2.5형),,15.36TB,TLC,,기타,"7,100MB/s","3,700MB/s","1,000K",200K,,200만시간,,방열판 미포함,"6.4cm(2.5형) / U.2 (PCIe4.0x4) / TLC / 컨트롤러: 기타 / [성능] 순차읽기: 7,100MB/s / 순차쓰기: 3,700MB/s / 읽기IOPS: 1,000K / 쓰기IOPS: 200K / [지원기능] [환경특성] MTBF: 200만시간 / 방열판 미포함 / 165g",2025/04,ok,
2026-10-01T01:29:14+00:00,81061601,솔리다임 D7-P5520 U.2 NVMe 해외구매 (3.84TB),https://prod.danawa.com/info/?pcode=81061601&cate=11229608,6.4cm(2.5형),,3.84TB,TLC,,기타,"6,700MB/s","3,600MB/s","1,000K",200K,,200만시간,,방열판 미포함,"6.4cm(2.5형) / U.2 (PCIe4.0x4) / TLC / 컨트롤러: 기타 / [성능] 순차읽기: 6,700MB/s / 순차쓰기: 3,600MB/s / 읽기IOPS: 1,000K / 쓰기IOPS: 200K / [지원기능] [환경특성] MTBF: 200만시간 / 방열판 미포함 / 165g",2025/04,ok,
2026-10-01T01:29:14+00:00,81061631,솔리다임 D7-P5520 U.2 NVMe 해외구매 (7.68TB),https://prod.danawa.com/info/?pcode=81061631&cate=11229608,6.4cm(2.5형),,7.68TB,TLC,,기타,"7,100MB/s","4,200MB/s","1,100K",220K,,200만시간,,방열판 미포함,"6.4cm(2.5형) / U.2 (PCIe4.0x4) / TLC / 컨트롤러: 기타 / [성능] 순차읽기: 7,100MB/s / 순차쓰기: 4,200MB/s / 읽기IOPS: 1,100K / 쓰기IOPS: 220K / [지원기능] [환경특성] MTBF: 200만시간 / 방열판 미포함 / 165g",2025/04,ok,
2026-10-01T01:29:14+00:00,74122028,솔리다임 D7-PS1010 U.2 NVMe 해외구매 (1.92TB),https://prod.danawa.com/info/?pcode=74122028&cate=11229608,6.4cm(2.5형),PCIe5.0x4 (128GT/s),1.92TB,TLC,,기타,"14,500MB/s","4,100MB/s","2,350K",150K,,250만시간,,방열판 미포함,"6.4cm(2.5형) / PCIe5.0x4 (128GT/s) / TLC / 컨트롤러: 기타 / [성능] 순차읽기: 14,500MB/s / 순차쓰기: 4,100MB/s / 읽기IOPS: 2,350K / 쓰기IOPS: 150K / [환경특성] MTBF: 250만시간 / 방열판 미포함 / 두께: 15mm / 140g",2025/01,ok,
2026-10-01T01:29:14+00:00,74121944,솔리다임 D7-PS1010 U.2 NVMe 해외구매 (3.84TB),https://prod.danawa.com/info/?pcode=74121944&cate=11229608,6.4cm(2.5형),PCIe5.0x4 (128GT/s),3.84TB,TLC,,기타,"14,500MB/s","8,200MB/s","3,100K",315K,,250만시간,,방열판 미포함,"6.4cm(2.5형) / PCIe5.0x4 (128GT/s) / TLC / 컨트롤러: 기타 / [성능] 순차읽기: 14,500MB/s / 순차쓰기: 8,200MB/s / 읽기IOPS: 3,100K / 쓰기IOPS: 315K / [환경특성] MTBF: 250만시간 / 방열판 미포함 / 두께: 15mm / 140g",2025/01,ok,
2026-10-01T01:29:14+00:00,74122079,솔리다임 D7-PS1010 U.2 NVMe 해외구매 (7.68TB),https://prod.danawa.com/info/?pcode=74122079&cate=11229608,6.4cm(2.5형),PCIe5.0x4 (128GT/s),7.68TB,TLC,,기타,"14,500MB/s","10,000MB/s","3,000K",400K,,250만시간,,방열판 미포함,"6.4cm(2.5형) / PCIe5.0x4 (128GT/s) / TLC / 컨트롤러: 기타 / [성능] 순차읽기: 14,500MB/s / 순차쓰기: 10,000MB/s / 읽기IOPS: 3,000K / 쓰기IOPS: 400K / [환경특성] MTBF: 250만시간 / 방열판 미포함 / 두께: 15mm / 140g",2025/01,ok,
2026-10-01T01:29:14+00:00,17706074,솔리다임 P41 PLUS M.2 NVMe (2TB),https://prod.danawa.com/info/?pcode=17706074&cate=11229608,M.2 (2280),PCIe4.0x4 (64GT/s),2TB,QLC,,실리콘모션,"4,125MB/s","3,325MB/s",390K,540K,800TB,160만,"5년 , 제한보증",방열판 미포함,"M.2 (2280) / PCIe4.0x4 (64GT/s) / QLC / 컨트롤러: 실리콘모션 / [성능] 순차읽기: 4,125MB/s / 순차쓰기: 3,325MB/s / 읽기IOPS: 390K / 쓰기IOPS: 540K / [지원기능] HMB / SLC캐싱 / S.M.A.R.T / TRIM / AES 암호화 / 전용 S/W / [환경특성] MTBF: 160만 / TBW: 800TB / A/S기간: 5년 , 제한보증 / 방열판 미포함 / 두께: 2.38mm",2022/08,ok,
2026-10-01T01:29:14+00:00,69656300,솔리다임 P44 Pro M.2 NVMe 벌크 (2TB),https://prod.danawa.com/info/?pcode=69656300&cate=11229608,M.2 (2280),PCIe4.0x4 (64GT/s),2TB,,DRAM 탑재,SK하이닉스 Aries,"7,000MB/s","6,500MB/s","1,400K","1,300K","1,200TB",160만,"제한보증 , 3년",방열판 미포함,"M.2 (2280) / PCIe4.0x4 (64GT/s) / TLC(토글) / DRAM 탑재 / DDR4 2GB / 컨트롤러: SK하이닉스 Aries / [성능] 순차읽기: 7,000MB/s / 순차쓰기: 6,500MB/s / 읽기IOPS: 1,400K / 쓰기IOPS: 1,300K / [지원기능] TRIM / SLC캐싱 / S.M.A.R.T / AES 암호화 / [환경특성] MTBF: 160만 / TBW: 1,200TB / PS5 호환 / A/S기간: 제한보증 , 3년 / 방열판 미포함 / 두께: 2.38mm / 7g",2024/10,ok,
2026-10-01T01:29:14+00:00,11834728,쏘 Drive M.2 NVMe (512GB),https://prod.danawa.com/info/?pcode=11834728&cate=11229608,M.2 (2280),PCIe3.0x4 (32GT/s),512GB,,,기타,"2,000MB/s","1,600MB/s",,,,,1년,방열판 미포함,"M.2 (2280) / PCIe3.0x4 (32GT/s) / 컨트롤러: 기타 / [성능] 순차읽기: 2,000MB/s / 순차쓰기: 1,600MB/s / [지원기능] S.M.A.R.T / TRIM / [환경특성] A/S기간: 1년 / 방열판 미포함 / 두께: 2mm / [기타] 애플전용 SSD",2020/07,ok,
2026-10-01T01:29:14+00:00,102128060,아이티젠 M.2 NVMe PCI-E 1x 변환 컨버터,https://prod.danawa.com/info/?pcode=102128060&cate=11229608,변환 컨버터,,,,,,,,,,,,,,변환 컨버터 / 크기 변환: M.2→PCIe 카드 / 인터페이스 변환: PCIe→PCIe(NVMe) / SSD전용 / 보관(장착) 개수: 최대 1개,2025/12,ok,
2026-10-01T01:29:14+00:00,102355247,아이티젠 M.2 NVMe PCI-E 4x 듀얼 변환 컨버터,https://prod.danawa.com/info/?pcode=102355247&cate=11229608,변환 컨버터,"NVMe, SATA(NGFF) 지원",,,,,,,,,,,,,"변환 컨버터 / 크기 변환: M.2→PCIe 카드 / 인터페이스 변환: PCIe→PCIe(NVMe) / SSD전용 / 보관(장착) 개수: 최대 2개 / NVMe, SATA(NGFF) 지원",2025/12,ok,
2026-10-01T01:29:14+00:00,102128081,아이티젠 M.2 NVMe PCI-E 4x 변환 컨버터,https://prod.danawa.com/info/?pcode=102128081&cate=11229608,변환 컨버터,,,,,,,,,,,,,,변환 컨버터 / 크기 변환: M.2→PCIe 카드 / 인터페이스 변환: PCIe→PCIe(NVMe) / SSD전용 / 보관(장착) 개수: 최대 1개,2025/12,ok,
2026-10-01T01:29:14+00:00,13355141,에이서 FA100 M.2 NVMe (512GB),https://prod.danawa.com/info/?pcode=13355141&cate=11229608,M.2 (2280),PCIe3.0x4 (32GT/s),512GB,,,InnoGrit,"3,200MB/s","2,200MB/s",190K,296K,300TB,,"5년 , 제한보증",방열판 미포함,"M.2 (2280) / PCIe3.0x4 (32GT/s) / 컨트롤러: InnoGrit / [성능] 순차읽기: 3,200MB/s / 순차쓰기: 2,200MB/s / 읽기IOPS: 190K / 쓰기IOPS: 296K / [지원기능] ECC / DEVSLP / HMB / [환경특성] TBW: 300TB / A/S기간: 5년 , 제한보증 / 방열판 미포함 / 두께: 3.5mm",2021/02,ok,
2026-10-01T01:29:14+00:00,14833019,에이서 FA100 M.2 NVMe 해외구매 (256GB),https://prod.danawa.com/info/?pcode=14833019&cate=11229608,M.2 (2280),PCIe3.0x4 (32GT/s),256GB,,,InnoGrit,"1,950MB/s","1,300MB/s",100K,273K,150TB,,,방열판 미포함,"M.2 (2280) / PCIe3.0x4 (32GT/s) / 컨트롤러: InnoGrit / [성능] 순차읽기: 1,950MB/s / 순차쓰기: 1,300MB/s / 읽기IOPS: 100K / 쓰기IOPS: 273K / [지원기능] ECC / DEVSLP / HMB / [환경특성] TBW: 150TB / 방열판 미포함 / 두께: 3.5mm",2021/02,ok,
2026-10-01T01:29:14+00:00,94634642,에이서 MA200 M.2 2230 NVMe 해외구매 (512GB),https://prod.danawa.com/info/?pcode=94634642&cate=11229608,M.2 (2230),PCIe4.0x4 (64GT/s),512GB,TLC,,실리콘모션 SM2269XT,"5,000MB/s","4,000MB/s",500K,800K,300TB,150만,,방열판 미포함,"M.2 (2230) / PCIe4.0x4 (64GT/s) / TLC / 컨트롤러: 실리콘모션 SM2269XT / [성능] 순차읽기: 5,000MB/s / 순차쓰기: 4,000MB/s / 읽기IOPS: 500K / 쓰기IOPS: 800K / [지원기능] TRIM / HMB / SLC캐싱 / S.M.A.R.T / [환경특성] MTBF: 150만 / TBW: 300TB / 스팀덱, Ally 호환 / 방열판 미포함 / 두께: 2.6mm / 5g",2025/07,ok,
2026-10-01T01:29:14+00:00,107989691,에이서 프레데터 GM6 M.2 NVMe 해외구매 (2TB),https://prod.danawa.com/info/?pcode=107989691&cate=11229608,M.2 (2280),PCIe4.0x4 (64GT/s),2TB,,,기타,"7,200MB/s","6,200MB/s","1,000K",800K,"1,000TB",150만,,방열판 미포함,"M.2 (2280) / PCIe4.0x4 (64GT/s) / 컨트롤러: 기타 / [성능] 순차읽기: 7,200MB/s / 순차쓰기: 6,200MB/s / 읽기IOPS: 1,000K / 쓰기IOPS: 800K / [지원기능] HMB / TRIM / SLC캐싱 / [환경특성] MTBF: 150만 / TBW: 1,000TB / PS5 호환 / 방열판 미포함 / 두께: 2.45mm / 10g",2026/03,ok,
2026-10-01T01:29:14+00:00,49829687,에이서 프레데터 GM7 M.2 NVMe 해외구매 (1TB),https://prod.danawa.com/info/?pcode=49829687&cate=11229608,M.2 (2280),PCIe4.0x4 (64GT/s),1TB,TLC,,Maxio,"7,200MB/s","6,300MB/s",990K,997K,600TB,150만,,방열판 미포함,"M.2 (2280) / PCIe4.0x4 (64GT/s) / TLC / 컨트롤러: Maxio / [성능] 순차읽기: 7,200MB/s / 순차쓰기: 6,300MB/s / 읽기IOPS: 990K / 쓰기IOPS: 997K / [지원기능] TRIM / HMB / SLC캐싱 / S.M.A.R.T / [환경특성] MTBF: 150만 / TBW: 600TB / PS5 호환 / 방열판 미포함 / 두께: 2.2mm / 8g",2024/04,ok,
2026-10-01T01:29:14+00:00,49829600,에이서 프레데터 GM7 M.2 NVMe 해외구매 (2TB),https://prod.danawa.com/info/?pcode=49829600&cate=11229608,M.2 (2280),PCIe4.0x4 (64GT/s),2TB,TLC,,Maxio,"7,200MB/s","6,300MB/s",925K,974K,"1,200TB",150만,,방열판 미포함,"M.2 (2280) / PCIe4.0x4 (64GT/s) / TLC / 컨트롤러: Maxio / [성능] 순차읽기: 7,200MB/s / 순차쓰기: 6,300MB/s / 읽기IOPS: 925K / 쓰기IOPS: 974K / [지원기능] S.M.A.R.T / SLC캐싱 / TRIM / HMB / [환경특성] MTBF: 150만 / TBW: 1,200TB / PS5 호환 / 방열판 미포함 / 두께: 2.2mm / 8g",2024/04,ok,
2026-10-01T01:29:14+00:00,16039961,에이서 프레데터 GM7000 M.2 NVMe (1TB),https://prod.danawa.com/info/?pcode=16039961&cate=11229608,M.2 (2280),PCIe4.0x4 (64GT/s),1TB,TLC,DRAM 탑재,InnoGrit IG5236,"7,400MB/s","6,400MB/s","1,000K","1,000K",600TB,200만,"5년 , 제한보증",방열판 미포함,"M.2 (2280) / PCIe4.0x4 (64GT/s) / TLC / DRAM 탑재 / DDR4 1GB / 컨트롤러: InnoGrit IG5236 / [성능] 순차읽기: 7,400MB/s / 순차쓰기: 6,400MB/s / 읽기IOPS: 1,000K / 쓰기IOPS: 1,000K / [지원기능] DEVSLP / TRIM / ECC / SLC캐싱 / GC / S.M.A.R.T / AES 암호화 / [환경특성] MTBF: 200만 / TBW: 600TB / PS5 호환 / A/S기간: 5년 , 제한보증 / 방열판 미포함 / 두께: 5.9mm / [기타] 26년 2월부로 유통사 변경",2021/12,ok,
2026-10-01T01:29:14+00:00,106749752,에이서 프레데터 GM9000 M.2 NVMe (1TB),https://prod.danawa.com/info/?pcode=106749752&cate=11229608,M.2 (2280),PCIe5.0x4 (128GT/s),1TB,TLC,DRAM 탑재,실리콘모션 SM2508,"14,000MB/s","10,500MB/s","1,600K","1,600K",800TB,150만,"5년 , 제한보증",방열판 미포함,"M.2 (2280) / PCIe5.0x4 (128GT/s) / TLC / DRAM 탑재 / DDR4 1GB / 컨트롤러: 실리콘모션 SM2508 / [성능] 순차읽기: 14,000MB/s / 순차쓰기: 10,500MB/s / 읽기IOPS: 1,600K / 쓰기IOPS: 1,600K / [지원기능] TRIM / ECC / SLC캐싱 / GC / S.M.A.R.T / [환경특성] MTBF: 150만 / TBW: 800TB / PS5 호환 / A/S기간: 5년 , 제한보증 / 방열판 미포함 / 두께: 2.5mm / 10g",2026/03,ok,
2026-10-01T01:29:14+00:00,106749746,에이서 프레데터 GM9000 M.2 NVMe (2TB),https://prod.danawa.com/info/?pcode=106749746&cate=11229608,M.2 (2280),PCIe5.0x4 (128GT/s),2TB,TLC,DRAM 탑재,실리콘모션 SM2508,"14,000MB/s","13,000MB/s","2,000K","1,600K","1,600TB",150만,"5년 , 제한보증",방열판 미포함,"M.2 (2280) / PCIe5.0x4 (128GT/s) / TLC / DRAM 탑재 / DDR4 2GB / 컨트롤러: 실리콘모션 SM2508 / [성능] 순차읽기: 14,000MB/s / 순차쓰기: 13,000MB/s / 읽기IOPS: 2,000K / 쓰기IOPS: 1,600K / [지원기능] TRIM / ECC / GC / SLC캐싱 / S.M.A.R.T / [환경특성] MTBF: 150만 / TBW: 1,600TB / PS5 호환 / A/S기간: 5년 , 제한보증 / 방열판 미포함 / 두께: 2.5mm / 10g",2026/03,ok,
2026-10-01T01:29:14+00:00,96256778,에이서 프레데터 GM9000 M.2 NVMe 해외구매 (2TB),https://prod.danawa.com/info/?pcode=96256778&cate=11229608,M.2 (2280),PCIe5.0x4 (128GT/s),2TB,TLC,DRAM 탑재,실리콘모션 SM2508,"14,000MB/s","13,000MB/s","2,000K","1,600K","1,800TB",150만,,방열판 미포함,"M.2 (2280) / PCIe5.0x4 (128GT/s) / TLC / DRAM 탑재 / DDR4 2GB / 컨트롤러: 실리콘모션 SM2508 / [성능] 순차읽기: 14,000MB/s / 순차쓰기: 13,000MB/s / 읽기IOPS: 2,000K / 쓰기IOPS: 1,600K / [지원기능] TRIM / ECC / SLC캐싱 / S.M.A.R.T / [환경특성] MTBF: 150만 / TBW: 1,800TB / PS5 호환 / 방열판 미포함 / 두께: 2.5mm / 10g",2025/08,ok,
2026-10-01T01:29:14+00:00,107989541,에이서 프레데터 GM9000 히트싱크 M.2 NVMe 해외구매 (4TB),https://prod.danawa.com/info/?pcode=107989541&cate=11229608,M.2 (2280),PCIe5.0x4 (128GT/s),4TB,,DRAM 탑재,실리콘모션,"14,000MB/s","13,000MB/s","2,000K","1,600K","3,200TB",150만,,방열판 포함,"M.2 (2280) / PCIe5.0x4 (128GT/s) / DRAM 탑재 / DDR4 4GB / 컨트롤러: 실리콘모션 / [성능] 순차읽기: 14,000MB/s / 순차쓰기: 13,000MB/s / 읽기IOPS: 2,000K / 쓰기IOPS: 1,600K / [지원기능] TRIM / ECC / SLC캐싱 / S.M.A.R.T / [환경특성] MTBF: 150만 / TBW: 3,200TB / 방열판 포함 / 두께: 22.94mm / 65g",2026/03,ok,
2026-10-01T01:29:14+00:00,42205625,엔터컴 3.5형 HDD 케이스 고급형,https://prod.danawa.com/info/?pcode=42205625&cate=11229608,보관케이스,,,,,,,,,,,,,,보관케이스 / 블루 / 블랙,2024/03,ok,
2026-10-01T01:29:14+00:00,15115958,엠비에프 MBF-U3SATA-BK USB 3.0 to SATA3 컨버터,https://prod.danawa.com/info/?pcode=15115958&cate=11229608,변환 컨버터,,,,,,,,,,,,,,"변환 컨버터 / 크기 변환: 2.5형→USB A타입 / 인터페이스 변환: SATA3→USB3.x 5Gbps / SSD, HDD겸용 / 보관(장착) 개수: 최대 1개 / UASP 지원 / 22g / 블랙",2021/08,ok,
2026-10-01T01:29:14+00:00,16779401,엠비에프 MBF-UC3SATA-BK USB 3.0 Type C to SATA 어댑터,https://prod.danawa.com/info/?pcode=16779401&cate=11229608,변환 컨버터,,,,,,,,,,,,,,"변환 컨버터 / 크기 변환: 2.5형→USB C타입 / 인터페이스 변환: SATA3→USB3.x 5Gbps / SSD, HDD겸용 / 보관(장착) 개수: 최대 1개 / UASP 지원 / 22g / 블랙 / PC+ABS / 케이블길이: 25cm",2022/04,ok,
2026-10-01T01:29:14+00:00,76942457,엠씨케이글로벌 OUTTON MK-500 LITE M.2 2242 SATA 벌크 (256GB),https://prod.danawa.com/info/?pcode=76942457&cate=11229608,M.2 (2242),SATA3 (6Gb/s),256GB,TLC,,실리콘모션 2258XT,500MB/s,450MB/s,,,100TB,100만,3년,,M.2 (2242) / SATA3 (6Gb/s) / TLC / 컨트롤러: 실리콘모션 2258XT / [성능] 순차읽기: 500MB/s / 순차쓰기: 450MB/s / [지원기능] ECC / S.M.A.R.T / [환경특성] MTBF: 100만 / TBW: 100TB / A/S기간: 3년 / 두께: 3.1mm / 7g,2025/02,ok,
2026-10-01T01:29:14+00:00,12372326,엠씨케이글로벌 OUTTON MK-500 LITE M.2 NVMe (128GB),https://prod.danawa.com/info/?pcode=12372326&cate=11229608,M.2 (2280),PCIe3.0x4 (32GT/s),128GB,TLC,,Maxio,"1,800MB/s",600MB/s,200K,500K,,100만,3년,방열판 미포함,"M.2 (2280) / PCIe3.0x4 (32GT/s) / TLC / 컨트롤러: Maxio / [성능] 순차읽기: 1,800MB/s / 순차쓰기: 600MB/s / 읽기IOPS: 200K / 쓰기IOPS: 500K / [지원기능] TRIM / S.M.A.R.T / [환경특성] MTBF: 100만 / A/S기간: 3년 / 방열판 미포함 / 두께: 2.2mm / 7g / 2025년 5월부로 상품 정보 변경(컨트롤러, 랜덤읽기 / 쓰기)",2020/09,ok,
2026-10-01T01:29:14+00:00,12372446,엠씨케이글로벌 OUTTON MK-500 LITE M.2 NVMe (256GB),https://prod.danawa.com/info/?pcode=12372446&cate=11229608,M.2 (2280),PCIe3.0x4 (32GT/s),256GB,TLC,,Maxio,"3,000MB/s","1,000MB/s",400K,800K,,100만,3년,방열판 미포함,"M.2 (2280) / PCIe3.0x4 (32GT/s) / TLC / 컨트롤러: Maxio / [성능] 순차읽기: 3,000MB/s / 순차쓰기: 1,000MB/s / 읽기IOPS: 400K / 쓰기IOPS: 800K / [지원기능] TRIM / S.M.A.R.T / [환경특성] MTBF: 100만 / A/S기간: 3년 / 방열판 미포함 / 두께: 2.2mm / 7g / 2025년 5월부로 상품 정보 변경(컨트롤러, 순차읽기 / 쓰기, 랜덤읽기 / 쓰기)",2020/09,ok,
2026-10-01T01:29:14+00:00,12575978,엠씨케이글로벌 OUTTON MK-500 LITE M.2 SATA (128GB),https://prod.danawa.com/info/?pcode=12575978&cate=11229608,M.2 (2280),SATA3 (6Gb/s),128GB,TLC,,실리콘모션 2258XT,500MB/s,450MB/s,,,50TB,100만,"3년 , 제한보증",,"M.2 (2280) / SATA3 (6Gb/s) / TLC / 컨트롤러: 실리콘모션 2258XT / [성능] 순차읽기: 500MB/s / 순차쓰기: 450MB/s / [지원기능] S.M.A.R.T / ECC / [환경특성] MTBF: 100만 / TBW: 50TB / A/S기간: 3년 , 제한보증 / 두께: 2.2mm / 7g",2020/10,ok,
2026-10-01T01:29:14+00:00,12576071,엠씨케이글로벌 OUTTON MK-500 LITE M.2 SATA (512GB),https://prod.danawa.com/info/?pcode=12576071&cate=11229608,M.2 (2280),SATA3 (6Gb/s),512GB,TLC,,실리콘모션 2258XT,530MB/s,500MB/s,,,200TB,100만,"3년 , 제한보증",,"M.2 (2280) / SATA3 (6Gb/s) / TLC / 컨트롤러: 실리콘모션 2258XT / [성능] 순차읽기: 530MB/s / 순차쓰기: 500MB/s / [지원기능] S.M.A.R.T / ECC / [환경특성] MTBF: 100만 / TBW: 200TB / A/S기간: 3년 , 제한보증 / 두께: 2.2mm / 7g",2020/10,ok,
2026-10-01T01:29:14+00:00,73883468,엠씨케이글로벌 OUTTON MK-500 LITE QLC M.2 NVMe 벌크 (2TB),https://prod.danawa.com/info/?pcode=73883468&cate=11229608,M.2 (2280),PCIe3.0x4 (32GT/s),2TB,QLC,,기타,"3,400MB/s","2,600MB/s","1,800","1,200","1,000TB",100만,"3년 , 제한보증",방열판 미포함,"M.2 (2280) / PCIe3.0x4 (32GT/s) / QLC / 컨트롤러: 기타 / [성능] 순차읽기: 3,400MB/s / 순차쓰기: 2,600MB/s / 읽기IOPS: 1,800 / 쓰기IOPS: 1,200 / [지원기능] HMB / TRIM / S.M.A.R.T / [환경특성] MTBF: 100만 / TBW: 1,000TB / A/S기간: 3년 , 제한보증 / 방열판 미포함 / 두께: 2.2mm / 8g",2025/01,ok,
2026-10-01T01:29:14+00:00,12544625,엠씨케이글로벌 OUTTON MK-500 LITE SSD (128GB),https://prod.danawa.com/info/?pcode=12544625&cate=11229608,6.4cm(2.5형),SATA3 (6Gb/s),128GB,TLC,,기타,500MB/s,450MB/s,,,50TB,100만,"3년 , 제한보증",,"6.4cm(2.5형) / SATA3 (6Gb/s) / TLC / 컨트롤러: 기타 / [성능] 순차읽기: 500MB/s / 순차쓰기: 450MB/s / [지원기능] ECC / S.M.A.R.T / [환경특성] MTBF: 100만 / TBW: 50TB / A/S기간: 3년 , 제한보증 / 두께: 7mm / 45g",2020/10,ok,
2026-10-01T01:29:14+00:00,12545087,엠씨케이글로벌 OUTTON MK-500 LITE SSD (1TB),https://prod.danawa.com/info/?pcode=12545087&cate=11229608,6.4cm(2.5형),SATA3 (6Gb/s),1TB,TLC,,기타,550MB/s,500MB/s,,,400TB,100만,"3년 , 제한보증",,"6.4cm(2.5형) / SATA3 (6Gb/s) / TLC / 컨트롤러: 기타 / [성능] 순차읽기: 550MB/s / 순차쓰기: 500MB/s / [지원기능] S.M.A.R.T / ECC / [환경특성] MTBF: 100만 / TBW: 400TB / A/S기간: 3년 , 제한보증 / 두께: 7mm / 45g",2020/10,ok,
2026-10-01T01:29:14+00:00,12545057,엠씨케이글로벌 OUTTON MK-500 LITE SSD (256GB),https://prod.danawa.com/info/?pcode=12545057&cate=11229608,6.4cm(2.5형),SATA3 (6Gb/s),256GB,TLC,,기타,500MB/s,450MB/s,,,100TB,100만,"3년 , 제한보증",,"6.4cm(2.5형) / SATA3 (6Gb/s) / TLC / 컨트롤러: 기타 / [성능] 순차읽기: 500MB/s / 순차쓰기: 450MB/s / [지원기능] ECC / S.M.A.R.T / [환경특성] MTBF: 100만 / TBW: 100TB / A/S기간: 3년 , 제한보증 / 두께: 7mm / 45g",2020/10,ok,
2026-10-01T01:29:14+00:00,19193414,엠씨케이글로벌 OUTTON MK-500 LITE SSD (2TB),https://prod.danawa.com/info/?pcode=19193414&cate=11229608,6.4cm(2.5형),SATA3 (6Gb/s),2TB,TLC,,기타,550MB/s,500MB/s,,,870TB,100만,"3년 , 제한보증",,"6.4cm(2.5형) / SATA3 (6Gb/s) / TLC / 컨트롤러: 기타 / [성능] 순차읽기: 550MB/s / 순차쓰기: 500MB/s / [지원기능] ECC / S.M.A.R.T / [환경특성] MTBF: 100만 / TBW: 870TB / A/S기간: 3년 , 제한보증 / 두께: 7mm / 45g",2023/03,ok,
2026-10-01T01:29:14+00:00,12545069,엠씨케이글로벌 OUTTON MK-500 LITE SSD (512GB),https://prod.danawa.com/info/?pcode=12545069&cate=11229608,6.4cm(2.5형),SATA3 (6Gb/s),512GB,TLC,,기타,520MB/s,500MB/s,,,200TB,100만,"3년 , 제한보증",,"6.4cm(2.5형) / SATA3 (6Gb/s) / TLC / 컨트롤러: 기타 / [성능] 순차읽기: 520MB/s / 순차쓰기: 500MB/s / [지원기능] ECC / S.M.A.R.T / [환경특성] MTBF: 100만 / TBW: 200TB / A/S기간: 3년 , 제한보증 / 두께: 7mm / 45g",2020/10,ok,
2026-10-01T01:29:14+00:00,76942418,엠씨케이글로벌 OUTTON MK-500 LITE mSATA 벌크 (256GB),https://prod.danawa.com/info/?pcode=76942418&cate=11229608,Mini SATA(mSATA),SATA3 (6Gb/s),256GB,TLC,,실리콘모션 2258XT,550MB/s,500MB/s,,,100TB,100만,3년,,Mini SATA(mSATA) / SATA3 (6Gb/s) / TLC / 컨트롤러: 실리콘모션 2258XT / [성능] 순차읽기: 550MB/s / 순차쓰기: 500MB/s / [지원기능] S.M.A.R.T / ECC / [환경특성] MTBF: 100만 / TBW: 100TB / A/S기간: 3년 / 두께: 4.85mm / 7g,2025/02,ok,
2026-10-01T01:29:14+00:00,76942400,엠씨케이글로벌 OUTTON MK-500 LITE mSATA 벌크 (512GB),https://prod.danawa.com/info/?pcode=76942400&cate=11229608,Mini SATA(mSATA),SATA3 (6Gb/s),512GB,TLC,,실리콘모션 2258XT,550MB/s,500MB/s,,,200TB,100만,3년,,Mini SATA(mSATA) / SATA3 (6Gb/s) / TLC / 컨트롤러: 실리콘모션 2258XT / [성능] 순차읽기: 550MB/s / 순차쓰기: 500MB/s / [지원기능] ECC / S.M.A.R.T / [환경특성] MTBF: 100만 / TBW: 200TB / A/S기간: 3년 / 두께: 4.85mm / 7g,2025/02,ok,
2026-10-01T01:29:14+00:00,15400988,위젤 오랜웰 SG01 2.5 to 3.5 가이드,https://prod.danawa.com/info/?pcode=15400988&cate=11229608,변환 가이드,,,,,,,,,,,,,,"변환 가이드 / 크기 변환: 2.5형→3.5형 / SSD, HDD겸용 / 지원 두께: 7~9.5mm / 두께: 14mm / 레드",2021/10,ok,
2026-10-01T01:29:14+00:00,5889167,위즈플랫 2.5 SATA3 변환 마운트 (SRIN2535),https://prod.danawa.com/info/?pcode=5889167&cate=11229608,변환 가이드,,,,,,,,,,,,1년,,"변환 가이드 / 크기 변환: 2.5형→3.5형 / 인터페이스 변환: SATA3→SATA3 / SSD, HDD겸용 / 지원 두께: 최대 12.5mm / 보관(장착) 개수: 최대 1개 / A/S기간: 1년 / 두께: 25.4mm / 160g / 블랙 / CyberNetor 시리즈 3.5 전용 모델 호환 /",2018/02,ok,
2026-10-01T01:29:14+00:00,122642444,위즈플랫 SPX-3520N 하드보관함,https://prod.danawa.com/info/?pcode=122642444&cate=11229608,보관케이스,,,,,,,,,,,,,,보관케이스 / HDD전용 / 보관(장착) 개수: 최대 20개 / 충격보호 / 잠금장치 / 두께: 175mm / 1.57kg / 실버 / 알루미늄,2026/04,ok,
2026-10-01T01:29:14+00:00,92233751,위즈플랫 SPX-M215 M.2 SSD 보관함,https://prod.danawa.com/info/?pcode=92233751&cate=11229608,보관케이스,,,,,,,,,,,,,,보관케이스 / SSD전용 / 보관(장착) 개수: 최대 15개 / 블랙 / 플라스틱,2025/06,ok,
2026-10-01T01:29:14+00:00,3438986,위즈플랫 새로텍 HDD Protection Box SPX-3510N,https://prod.danawa.com/info/?pcode=3438986&cate=11229608,보관케이스,,,,,,,,,,,,,,"보관케이스 / HDD전용 / 보관(장착) 개수: 최대 10개 / 충격보호 / 방수 / 잠금장치 / 두께: 200mm / 1,575g / 실버",2015/09,ok,
2026-10-01T01:29:14+00:00,1447820,위즈플랫 새로텍 SPX-35 하드 보관함 케이스,https://prod.danawa.com/info/?pcode=1447820&cate=11229608,보관케이스,,,,,,,,,,,,,,보관케이스 / HDD전용 / 보관(장착) 개수: 최대 1개 / 충격보호 / 잠금장치 / 두께: 40mm / 147g / 옐로우 / 퍼플 / 그레이 / 정전기 방지 매트 부착 / 습기방지기능,2011/07,ok,
2026-10-01T01:29:14+00:00,121132571,유니온 메모리 AM620 NVME M.2 2242 벌크 (128GB),https://prod.danawa.com/info/?pcode=121132571&cate=11229608,M.2 (2242),PCIe3.0x4 (32GT/s),128GB,TLC,,,"1,900MB/sMB/s",620MB/sMB/s,105K,100K,,200만시간,,,"M.2 (2242) / M.2 (2280) / PCIe3.0x4 (32GT/s) / TLC / 순차읽기: 1,900MB/sMB/s / 순차쓰기: 620MB/sMB/s / 읽기IOPS: 105K / 쓰기IOPS: 100K / [환경사양] MTBF: 200만시간 / 두께: 2.38mm / 5g",2021/12,ok,
2026-10-01T01:29:14+00:00,120636312,유니온 메모리 AM620 NVME M.2 2242 벌크 (256GB),https://prod.danawa.com/info/?pcode=120636312&cate=11229608,M.2 (2242),,256GB,,,,,,,,,,,,M.2 (2242) / M.2 (2280),2021/12,ok,
2026-10-01T01:29:14+00:00,6249368,이메이션 A320 (240GB),https://prod.danawa.com/info/?pcode=6249368&cate=11229608,6.4cm(2.5형),SATA3 (6Gb/s),240GB,,,기타,520MB/s,450MB/s,,,,200만,3년,,6.4cm(2.5형) / SATA3 (6Gb/s) / 컨트롤러: 기타 / [성능] 순차읽기: 520MB/s / 순차쓰기: 450MB/s / [지원기능] TRIM / ECC / SLC캐싱 / GC / S.M.A.R.T / 전용 S/W / [환경특성] MTBF: 200만 / A/S기간: 3년 / 두께: 7mm,2018/06,ok,
2026-10-01T01:29:14+00:00,20313611,이메이션 Q971 M.2 NVMe (1TB),https://prod.danawa.com/info/?pcode=20313611&cate=11229608,M.2 (2280),PCIe4.0x4 (64GT/s),1TB,QLC,,기타,"5,000MB/s","3,400MB/s",,,,150만,5년,방열판 미포함,"M.2 (2280) / PCIe4.0x4 (64GT/s) / QLC / 컨트롤러: 기타 / [성능] 순차읽기: 5,000MB/s / 순차쓰기: 3,400MB/s / [지원기능] TRIM / ECC / S.M.A.R.T / [환경특성] MTBF: 150만 / A/S기간: 5년 / 방열판 미포함 / 두께: 2.15mm",2023/05,ok,
2026-10-01T01:29:14+00:00,20313632,이메이션 Q971 M.2 NVMe (2TB),https://prod.danawa.com/info/?pcode=20313632&cate=11229608,M.2 (2280),PCIe4.0x4 (64GT/s),2TB,QLC,,기타,"5,000MB/s","4,500MB/s",,,,150만,5년,방열판 미포함,"M.2 (2280) / PCIe4.0x4 (64GT/s) / QLC / 컨트롤러: 기타 / [성능] 순차읽기: 5,000MB/s / 순차쓰기: 4,500MB/s / [지원기능] TRIM / ECC / S.M.A.R.T / [환경특성] MTBF: 150만 / A/S기간: 5년 / 방열판 미포함 / 두께: 2.15mm",2023/05,ok,
2026-10-01T01:29:14+00:00,20313485,이메이션 Q971 M.2 NVMe (512GB),https://prod.danawa.com/info/?pcode=20313485&cate=11229608,M.2 (2280),PCIe4.0x4 (64GT/s),512GB,QLC,,기타,"4,800MB/s","1,900MB/s",,,,150만,5년,방열판 미포함,"M.2 (2280) / PCIe4.0x4 (64GT/s) / QLC / 컨트롤러: 기타 / [성능] 순차읽기: 4,800MB/s / 순차쓰기: 1,900MB/s / [지원기능] TRIM / ECC / S.M.A.R.T / [환경특성] MTBF: 150만 / A/S기간: 5년 / 방열판 미포함 / 두께: 2.15mm",2023/05,ok,
2026-10-01T01:29:14+00:00,75656285,이메이션 XPro (256GB),https://prod.danawa.com/info/?pcode=75656285&cate=11229608,6.4cm(2.5형),SATA3 (6Gb/s),256GB,TLC,,기타,520MB/s,450MB/s,,,,200만,3년,,6.4cm(2.5형) / SATA3 (6Gb/s) / TLC / 컨트롤러: 기타 / [성능] 순차읽기: 520MB/s / 순차쓰기: 450MB/s / [지원기능] TRIM / ECC / S.M.A.R.T / [환경특성] MTBF: 200만 / A/S기간: 3년 / 두께: 7mm,2025/02,ok,
2026-10-01T01:29:14+00:00,75656279,이메이션 XPro (512GB),https://prod.danawa.com/info/?pcode=75656279&cate=11229608,6.4cm(2.5형),SATA3 (6Gb/s),512GB,TLC,,기타,550MB/s,500MB/s,,,,200만,3년,,6.4cm(2.5형) / SATA3 (6Gb/s) / TLC / 컨트롤러: 기타 / [성능] 순차읽기: 550MB/s / 순차쓰기: 500MB/s / [지원기능] TRIM / ECC / S.M.A.R.T / [환경특성] MTBF: 200만 / A/S기간: 3년 / 두께: 7mm,2025/02,ok,
2026-10-01T01:29:14+00:00,9652941,이지넷유비쿼터스 M.2 to SATA 변환 어댑터 (1NGFF1S),https://prod.danawa.com/info/?pcode=9652941&cate=11229608,변환 컨버터,,,,,,,,,,,,1년,,"변환 컨버터 / SSD전용 / 보관(장착) 개수: 최대 1개 / A/S기간: 1년 / NEXT-DC101P, NEXT-DC102P, NEXT-DC103P와 호환",2019/10,ok,
2026-10-01T01:29:14+00:00,13228772,이지넷유비쿼터스 NEXT-338TC USB-C to SATA 컨버터,https://prod.danawa.com/info/?pcode=13228772&cate=11229608,변환 컨버터,,,,,,,,,,,,,,"변환 컨버터 / 크기 변환: 3.5/2.5형→USB C타입 / 인터페이스 변환: SATA3→USB3.x 5Gbps / SSD, HDD겸용 / 보관(장착) 개수: 최대 1개 / 두께: 20mm / 62g / 블랙 / ODD 지원 / 외부전원",2021/01,ok,
2026-10-01T01:29:14+00:00,3229500,이지넷유비쿼터스 NEXT-418U3 SATA,https://prod.danawa.com/info/?pcode=3229500&cate=11229608,변환 컨버터,,,,,,,,,,,,,,"변환 컨버터 / 크기 변환: 3.5/2.5형→USB A타입 / 인터페이스 변환: SATA3→USB3.x 5Gbps / SSD, HDD겸용 / 보관(장착) 개수: 최대 1개 / 보조전원 / 두께: 14mm / on / off 버튼 / 어댑터 포함 / 케이블 길이: 0.75m",2015/06,ok,
2026-10-01T01:29:14+00:00,13228940,이지넷유비쿼터스 NEXT-448TC USB-C to SATA 컨버터,https://prod.danawa.com/info/?pcode=13228940&cate=11229608,변환 컨버터,,,,,,,,,,,,,,"변환 컨버터 / 크기 변환: 3.5/2.5형→USB C타입 / 인터페이스 변환: SATA3→USB3.x 5Gbps / SSD, HDD겸용 / 보관(장착) 개수: 최대 1개 / 두께: 14mm / 41g / ODD 지원 / 외부전원",2021/01,ok,
2026-10-01T01:29:14+00:00,1297346,이지넷유비쿼터스 NEXT-HDD BOX 하드 보호케이스,https://prod.danawa.com/info/?pcode=1297346&cate=11229608,보관케이스,,,,,,,,,,,,,,보관케이스 / HDD전용 / 보관(장착) 개수: 최대 1개 / 충격보호 / 잠금장치 / 플라스틱,2011/01,ok,
2026-10-01T01:29:14+00:00,16860140,이지넷유비쿼터스 NEXTU NEXT-M2290G2DC M.2 & SATA 클론 어댑터,https://prod.danawa.com/info/?pcode=16860140&cate=11229608,변환 컨버터,,,,,,,,,,,,,,"변환 컨버터 / 크기 변환: M.2 NVMe & SATA→USB / 인터페이스 변환: PCIe(NVMe)&SATA3→USB3.1 / SSD, HDD겸용 / 외부전원필수 / 보관(장착) 개수: 최대 2개 / 블랙 / 원터치 클론",2022/04,ok,
2026-10-01T01:29:14+00:00,28247900,이지넷유비쿼터스 NEXTU 화이듀 M2296PCIe M.2 to PCIe 변환 어댑터,https://prod.danawa.com/info/?pcode=28247900&cate=11229608,변환 컨버터,,,,,,,,,,,,,,"변환 컨버터 / 크기 변환: M.2→PCIe 카드 / 인터페이스 변환: PCIe→PCIe(NVMe) / SSD, HDD겸용 / 보관(장착) 개수: 최대 2개 / 블랙 / M.2 NVMe & SATA Combo / 상단 M.2 B key SATA(NGFF) , 하단 M.2 M key PCIe(NVMe) 동시 지원",2023/09,ok,
2026-10-01T01:29:14+00:00,5115382,이지넷유비쿼터스 USB 2.0 to SATA/IDE 컨트롤러 (NEXT-218SATAIDE NEW),https://prod.danawa.com/info/?pcode=5115382&cate=11229608,변환 컨버터,"SATA3, IDE 지원",,,,,,,,,,,,,"변환 컨버터 / 크기 변환: 3.5/2.5형→USB A타입 / 인터페이스 변환: SATA/IDE→USB2.0 / SSD, HDD겸용 / 보관(장착) 개수: 최대 1개 / 보조전원 / 두께: 21.5mm / 52g / 블랙 / 최대 14TB 지원 / SATA3, IDE 지원 / CD, DVD-ROM / DVD-Multi 지원 / DC 12V 전원 어댑터 포함",2017/04,ok,
2026-10-01T01:29:14+00:00,3932027,이지넷유비쿼터스 USB 3.0 2.5형 SSD/HDD SATA3 컨트롤러 (NEXT-415MU3),https://prod.danawa.com/info/?pcode=3932027&cate=11229608,변환 컨버터,,,,,,,,,,,,,,"변환 컨버터 / 크기 변환: 2.5형→USB A타입 / 인터페이스 변환: SATA3→USB3.x 5Gbps / SSD, HDD겸용 / 보관(장착) 개수: 최대 1개 / 화이트",2016/03,ok,
2026-10-01T01:29:14+00:00,1510996,이지넷유비쿼터스 USB 3.0 to SATA 확장 어댑터 (NEXT-318U3),https://prod.danawa.com/info/?pcode=1510996&cate=11229608,변환 컨버터,,,,,,,,,,,,,,"변환 컨버터 / 크기 변환: 3.5/2.5형→USB A타입 / 인터페이스 변환: SATA3→USB3.x 5Gbps / SSD, HDD겸용 / 보관(장착) 개수: 최대 1개 / 보조전원 / 최대 14TB 지원 / ODD 지원 / CD-ROM 부팅기능 / 원터치 백업",2011/10,ok,
2026-10-01T01:29:14+00:00,9831483,이지넷유비쿼터스 USB 3.0 to SATA/IDE 컨트롤러 (NEXT-518U3 SATAIDE),https://prod.danawa.com/info/?pcode=9831483&cate=11229608,변환 컨버터,,,,,,,,,,,,,,"변환 컨버터 / 크기 변환: 3.5/2.5형→USB A타입 / 인터페이스 변환: SATA/IDE→USB3.x 5Gbps / SSD, HDD겸용 / 보관(장착) 개수: 최대 1개 / 보조전원 / 두께: 21.5mm / 52g / 블랙 / 최대 14TB 지원 / ODD 연결 지원 / DC 12V 전원 어댑터 포함",2019/11,ok,
2026-10-01T01:29:14+00:00,9651540,이지넷유비쿼터스 mSATA to SATA 변환 어댑터 (1MSATA1S),https://prod.danawa.com/info/?pcode=9651540&cate=11229608,변환 컨버터,,,,,,,,,,,,1년,,"변환 컨버터 / SSD전용 / 보관(장착) 개수: 최대 1개 / A/S기간: 1년 / NEXT-DC101P, NEXT-DC102P, NEXT-DC103P와 호환",2019/10,ok,
2026-10-01T01:29:14+00:00,75465446,인네트워크 IN-325ST USB to SATA 컨버터,https://prod.danawa.com/info/?pcode=75465446&cate=11229608,변환 컨버터,,,,,,,,,,,,,,"변환 컨버터 / 크기 변환: 2.5형→USB A타입 / 인터페이스 변환: SATA3→USB3.x 5Gbps / SSD, HDD겸용 / 보관(장착) 개수: 최대 1개",2025/02,ok,
2026-10-01T01:29:14+00:00,20753111,인네트워크 IN-PCIEX-M2NA M.2 NVMe to PCIe 확장 카드,https://prod.danawa.com/info/?pcode=20753111&cate=11229608,변환 컨버터,PCIe x4 인터페이스,,,,,,,,,,,,,"변환 컨버터 / 크기 변환: M.2→PCIe 카드 / 인터페이스 변환: PCIe→PCIe(NVMe) / SSD전용 / PCIe x4 인터페이스 / 구성품: 컨버터, 써멀패드, 나사 / 드라이버",2023/07,ok,
2026-10-01T01:29:14+00:00,20753024,인네트워크 IN-PCIEX-M2NB M.2 NVMe to PCIe 확장 카드,https://prod.danawa.com/info/?pcode=20753024&cate=11229608,변환 컨버터,PCIe x4 인터페이스,,,,,,,,,,,,,"변환 컨버터 / 크기 변환: M.2→PCIe 카드 / 인터페이스 변환: PCIe→PCIe(NVMe) / SSD전용 / PCIe x4 인터페이스 / 구성품: 컨버터, 써멀패드, 나사 / 드라이버",2023/07,ok,
2026-10-01T01:29:14+00:00,93700160,인네트워크 IN-ST3025 USB to SATA 컨버터,https://prod.danawa.com/info/?pcode=93700160&cate=11229608,변환 컨버터,,,,,,,,,,,,,,"변환 컨버터 / 크기 변환: 2.5형→USB A타입 / 인터페이스 변환: SATA3→USB3.x 5Gbps / SSD, HDD겸용 / 보관(장착) 개수: 최대 1개 / UASP 지원 / 블랙",2025/07,ok,
2026-10-01T01:29:14+00:00,6449256,인텔 660P M.2 NVMe (2TB),https://prod.danawa.com/info/?pcode=6449256&cate=11229608,M.2 (2280),PCIe3.0x4 (32GT/s),2TB,QLC,,,"1,800MB/s","1,800MB/s",최대 220K,최대 220K,200TB,160만,5년,방열판 미포함,"M.2 (2280) / PCIe3.0x4 (32GT/s) / QLC / [성능] 순차읽기: 1,800MB/s / 순차쓰기: 1,800MB/s / 읽기IOPS: 최대 220K / 쓰기IOPS: 최대 220K / [지원기능] SLC캐싱 / AES 암호화 / [환경특성] MTBF: 160만 / TBW: 200TB / A/S기간: 5년 / 방열판 미포함 / 10g",2018/09,ok,
2026-10-01T01:29:14+00:00,6460539,인텔 D3-S4510 (1.92TB),https://prod.danawa.com/info/?pcode=6460539&cate=11229608,6.4cm(2.5형),SATA3 (6Gb/s),1.92TB,TLC,,기타,560MB/s,510MB/s,최대 97K,최대 35K,,200만,5년,,6.4cm(2.5형) / SATA3 (6Gb/s) / TLC / 컨트롤러: 기타 / [성능] 순차읽기: 560MB/s / 순차쓰기: 510MB/s / 읽기IOPS: 최대 97K / 쓰기IOPS: 최대 35K / [지원기능] AES 암호화 / [환경특성] MTBF: 200만 / A/S기간: 5년 / 두께: 7mm,2018/09,ok,
2026-10-01T01:29:14+00:00,6460412,인텔 D3-S4510 (240GB),https://prod.danawa.com/info/?pcode=6460412&cate=11229608,6.4cm(2.5형),SATA3 (6Gb/s),240GB,TLC,,기타,560MB/s,280MB/s,최대 90K,최대 16K,,200만시간,5년,,6.4cm(2.5형) / SATA3 (6Gb/s) / TLC / 컨트롤러: 기타 / [성능] 순차읽기: 560MB/s / 순차쓰기: 280MB/s / 읽기IOPS: 최대 90K / 쓰기IOPS: 최대 16K / [지원기능] AES 암호화 / [환경특성] MTBF: 200만시간 / A/S기간: 5년 / 두께: 7mm,2018/09,ok,
2026-10-01T01:29:14+00:00,6460532,인텔 D3-S4510 (480GB),https://prod.danawa.com/info/?pcode=6460532&cate=11229608,6.4cm(2.5형),SATA3 (6Gb/s),480GB,TLC,,기타,560MB/s,490MB/s,최대 95K,최대 18K,,200만시간,5년,,6.4cm(2.5형) / SATA3 (6Gb/s) / TLC / 컨트롤러: 기타 / [성능] 순차읽기: 560MB/s / 순차쓰기: 490MB/s / 읽기IOPS: 최대 95K / 쓰기IOPS: 최대 18K / [지원기능] AES 암호화 / [환경특성] MTBF: 200만시간 / A/S기간: 5년 / 두께: 7mm,2018/09,ok,
2026-10-01T01:29:14+00:00,66139043,인텔 D3-S4510 (7.68TB),https://prod.danawa.com/info/?pcode=66139043&cate=11229608,6.4cm(2.5형),SATA3 (6Gb/s),7.68TB,TLC,,기타,560MB/s,510MB/s,89.5K,21K,,200만시간,5년,,6.4cm(2.5형) / SATA3 (6Gb/s) / TLC / 컨트롤러: 기타 / [성능] 순차읽기: 560MB/s / 순차쓰기: 510MB/s / 읽기IOPS: 89.5K / 쓰기IOPS: 21K / [지원기능] AES 암호화 / [환경특성] MTBF: 200만시간 / A/S기간: 5년 / 두께: 7mm,2024/09,ok,
2026-10-01T01:29:14+00:00,6460535,인텔 D3-S4510 (960GB),https://prod.danawa.com/info/?pcode=6460535&cate=11229608,6.4cm(2.5형),SATA3 (6Gb/s),960GB,TLC,,기타,560MB/s,510MB/s,최대 95K,최대 36K,,200만시간,5년,,6.4cm(2.5형) / SATA3 (6Gb/s) / TLC / 컨트롤러: 기타 / [성능] 순차읽기: 560MB/s / 순차쓰기: 510MB/s / 읽기IOPS: 최대 95K / 쓰기IOPS: 최대 36K / [지원기능] AES 암호화 / [환경특성] MTBF: 200만시간 / A/S기간: 5년 / 두께: 7mm,2018/09,ok,
2026-10-01T01:29:14+00:00,6525260,인텔 D3-S4510 해외구매 (1.92TB),https://prod.danawa.com/info/?pcode=6525260&cate=11229608,6.4cm(2.5형),SATA3 (6Gb/s),1.92TB,TLC,,기타,560MB/s,510MB/s,최대 97K,최대 35K,,200만,,,6.4cm(2.5형) / SATA3 (6Gb/s) / TLC / 컨트롤러: 기타 / [성능] 순차읽기: 560MB/s / 순차쓰기: 510MB/s / 읽기IOPS: 최대 97K / 쓰기IOPS: 최대 35K / [지원기능] AES 암호화 / [환경특성] MTBF: 200만 / 두께: 7mm,2018/09,ok,
2026-10-01T01:29:14+00:00,6525273,인텔 D3-S4510 해외구매 (480GB),https://prod.danawa.com/info/?pcode=6525273&cate=11229608,6.4cm(2.5형),SATA3 (6Gb/s),480GB,TLC,,,560MB/s,490MB/s,최대 95K,최대 18K,,200만시간,,,6.4cm(2.5형) / SATA3 (6Gb/s) / TLC / [성능] 순차읽기: 560MB/s / 순차쓰기: 490MB/s / 읽기IOPS: 최대 95K / 쓰기IOPS: 최대 18K / [지원기능] AES 암호화 / [환경특성] MTBF: 200만시간 / 두께: 7mm,2018/09,ok,
2026-10-01T01:29:14+00:00,75537176,인텔 D3-S4510 해외구매 (7.68TB),https://prod.danawa.com/info/?pcode=75537176&cate=11229608,6.4cm(2.5형),SATA3 (6Gb/s),7.68TB,TLC,,,560MB/s,510MB/s,89.5K,21K,,200만시간,,,6.4cm(2.5형) / SATA3 (6Gb/s) / TLC / [성능] 순차읽기: 560MB/s / 순차쓰기: 510MB/s / 읽기IOPS: 89.5K / 쓰기IOPS: 21K / [지원기능] AES 암호화 / [환경특성] MTBF: 200만시간 / 두께: 7mm,2025/02,ok,
2026-10-01T01:29:14+00:00,6525271,인텔 D3-S4510 해외구매 (960GB),https://prod.danawa.com/info/?pcode=6525271&cate=11229608,6.4cm(2.5형),SATA3 (6Gb/s),960GB,TLC,,,560MB/s,510MB/s,최대 95K,최대 36K,,200만시간,,,6.4cm(2.5형) / SATA3 (6Gb/s) / TLC / [성능] 순차읽기: 560MB/s / 순차쓰기: 510MB/s / 읽기IOPS: 최대 95K / 쓰기IOPS: 최대 36K / [지원기능] AES 암호화 / [환경특성] MTBF: 200만시간 / 두께: 7mm,2018/09,ok,
2026-10-01T01:29:14+00:00,104320652,인텔 DC P3600 PCIe 중고 (2TB),https://prod.danawa.com/info/?pcode=104320652&cate=11229608,PCIe 카드,PCIe 카드,2TB,MLC,,인텔,"2,600MB/s","1,700MB/s",최대 160K,최대 75K,,200만,,,"PCIe 카드 / PCIe3.0x4 (32GT/s) / MLC / 컨트롤러: 인텔 / [성능] 순차읽기: 2,600MB/s / 순차쓰기: 1,700MB/s / 읽기IOPS: 최대 160K / 쓰기IOPS: 최대 75K / [지원기능] GC / [환경특성] MTBF: 200만",2017/08,ok,
2026-10-01T01:29:14+00:00,13686647,인텔 DC P4610 (1.6TB),https://prod.danawa.com/info/?pcode=13686647&cate=11229608,6.4cm(2.5형),PCIe3.1x4 (32GT/s),1.6TB,TLC,,기타,"3,200MB/s","2,080MB/s",648K,199K,12.25TB,200만시간,"5년 , 제한보증",,"6.4cm(2.5형) / PCIe3.1x4 (32GT/s) / TLC / 컨트롤러: 기타 / [성능] 순차읽기: 3,200MB/s / 순차쓰기: 2,080MB/s / 읽기IOPS: 648K / 쓰기IOPS: 199K / [지원기능] AES 암호화 / [환경특성] MTBF: 200만시간 / TBW: 12.25TB / A/S기간: 5년 , 제한보증 / 두께: 15mm / 15g",2021/03,ok,
2026-10-01T01:29:14+00:00,5115555,인텔 Optane Memory M.2 NVMe (16GB),https://prod.danawa.com/info/?pcode=5115555&cate=11229608,M.2 (2280),PCIe3.0x2 (16GT/s),16GB,,,,"1,200MB/s",280MB/s,300K,70K,,120만시간,5년,방열판 미포함,"M.2 (2280) / PCIe3.0x2 (16GT/s) / [성능] 순차읽기: 1,200MB/s / 순차쓰기: 280MB/s / 읽기IOPS: 300K / 쓰기IOPS: 70K / [지원기능] 전용 S/W / [환경특성] MTBF: 120만시간 / A/S기간: 5년 / 방열판 미포함 / 두께: 1.5mm / 40g / [기타] 3D XPoint / 작동 지원시스템: 윈도우10 64bit / 지원 플랫폼: 7세대 인텔 코어 프로세서 / 벌크여부 확인요망",2017/04,ok,
2026-10-01T01:29:14+00:00,14019041,인텔 SOLIDIGM 670p M.2 NVMe (2TB),https://prod.danawa.com/info/?pcode=14019041&cate=11229608,M.2 (2280),PCIe3.0x4 (32GT/s),2TB,QLC,DRAM 탑재,기타,"3,500MB/s","2,700MB/s",310K,340K,740TB,160만,"5년 , 제한보증",방열판 미포함,"M.2 (2280) / PCIe3.0x4 (32GT/s) / QLC / DRAM 탑재 / DDR3 256MB / 컨트롤러: 기타 / [성능] 순차읽기: 3,500MB/s / 순차쓰기: 2,700MB/s / 읽기IOPS: 310K / 쓰기IOPS: 340K / [지원기능] TRIM / SLC캐싱 / S.M.A.R.T / AES 암호화 / [환경특성] MTBF: 160만 / TBW: 740TB / A/S기간: 5년 , 제한보증 / 방열판 미포함 / 두께: 2.38mm",2021/04,ok,
2026-10-01T01:29:14+00:00,90958346,장우컴퍼니 JW-M.2 SSD 연장 가이드,https://prod.danawa.com/info/?pcode=90958346&cate=11229608,변환 가이드,,,,,,,,,,,,,,변환 가이드 / 크기 변환: M.2→M.2 / M.2 2242~2280 브래킷 SSD,2025/05,ok,
2026-10-01T01:29:14+00:00,14261117,장우컴퍼니 M.2 SSD 연장 가이드,https://prod.danawa.com/info/?pcode=14261117&cate=11229608,변환 가이드,,,,,,,,,,,,,,변환 가이드 / 크기 변환: M.2→M.2 / 2230~2280 연장,2021/05,ok,
2026-10-01T01:29:14+00:00,124335098,제이지이노베이션 JG WK M.2 NVMe 벌크 (512GB),https://prod.danawa.com/info/?pcode=124335098&cate=11229608,M.2 (2280),PCIe3.0x4 (32GT/s),512GB,TLC,,Maxio 1202,"3,560MB/s","3,054MB/s",,,,,3년,방열판 미포함,"M.2 (2280) / PCIe3.0x4 (32GT/s) / TLC / 컨트롤러: Maxio 1202 / [성능] 순차읽기: 3,560MB/s / 순차쓰기: 3,054MB/s / [지원기능] TRIM / S.M.A.R.T / ECC / DEVSLP / [환경특성] A/S기간: 3년 / 방열판 미포함",2026/09,ok,
2026-10-01T01:29:14+00:00,18327131,젬스톤 GSTON GSM250S 벌크 (120GB),https://prod.danawa.com/info/?pcode=18327131&cate=11229608,6.4cm(2.5형),SATA3 (6Gb/s),120GB,TLC,,,540MB/s,450MB/s,,,,,3년,,6.4cm(2.5형) / SATA3 (6Gb/s) / TLC / [성능] 순차읽기: 540MB/s / 순차쓰기: 450MB/s / [지원기능] TRIM / ECC / DEVSLP / GC / S.M.A.R.T / [환경특성] A/S기간: 3년 / 두께: 7mm,2022/11,ok,
2026-10-01T01:29:14+00:00,14535104,조이쿨 2.5 to 3.5 듀얼 가이드,https://prod.danawa.com/info/?pcode=14535104&cate=11229608,변환 가이드,,,,,,,,,,,,,,"변환 가이드 / 크기 변환: 2.5형→3.5형 / SSD, HDD겸용 / 보관(장착) 개수: 최대 2개 / SSD나사 12개 포함",2021/06,ok,
2026-10-01T01:29:14+00:00,14535221,조이쿨 2.5 to 3.5 레드 가이드,https://prod.danawa.com/info/?pcode=14535221&cate=11229608,변환 가이드,,,,,,,,,,,,,,"변환 가이드 / 크기 변환: 2.5형→3.5형 / SSD, HDD겸용 / 보관(장착) 개수: 최대 1개 / 레드",2021/06,ok,
2026-10-01T01:29:14+00:00,14904665,조이쿨 2.5/3.5 to 5.25 가이드,https://prod.danawa.com/info/?pcode=14904665&cate=11229608,변환 가이드,,,,,,,,,,,,,,"변환 가이드 / 크기 변환: 2.5/3.5형→5.25형 / SSD, HDD겸용 / 보관(장착) 개수: 최대 2개 / 블랙 / 나사 포함",2021/08,ok,
2026-10-01T01:29:14+00:00,17564345,조이쿨 3.5 to 5.25 가이드,https://prod.danawa.com/info/?pcode=17564345&cate=11229608,변환 가이드,,,,,,,,,,,,,,"변환 가이드 / 크기 변환: 3.5형→5.25형 / SSD, HDD겸용 / 보관(장착) 개수: 최대 2개 / 나사 포함",2022/07,ok,
2026-10-01T01:29:14+00:00,13105946,조이쿨 3.5 변환 SSD 가이드,https://prod.danawa.com/info/?pcode=13105946&cate=11229608,변환 가이드,,,,,,,,,,,,,,"변환 가이드 / 크기 변환: 2.5형→3.5형 / SSD, HDD겸용 / 보관(장착) 개수: 최대 1개 / 블랙",2021/01,ok,
2026-10-01T01:29:14+00:00,14810525,조이쿨 M.2 SSD 조립용 나사 (10개),https://prod.danawa.com/info/?pcode=14810525&cate=11229608,설치 키트,,,,,,,,,,,,,,설치 키트 / SSD전용,2021/07,ok,
2026-10-01T01:29:14+00:00,14810528,조이쿨 M.2 SSD 조립용 나사 (50개),https://prod.danawa.com/info/?pcode=14810528&cate=11229608,설치 키트,,,,,,,,,,,,,,설치 키트 / SSD전용,2021/07,ok,
2026-10-01T01:29:14+00:00,21193868,조이쿨 M.2 육각나사 세트,https://prod.danawa.com/info/?pcode=21193868&cate=11229608,설치 키트,,,,,,,,,,,,,,설치 키트 / SSD전용,2023/07,ok,
2026-10-01T01:29:14+00:00,14070197,조이쿨 SSD 고정용 나사 (100개),https://prod.danawa.com/info/?pcode=14070197&cate=11229608,설치 키트,,,,,,,,,,,,,,설치 키트,2021/04,ok,
2026-10-01T01:29:14+00:00,14069789,조이쿨 SSD 고정용 나사 (20개),https://prod.danawa.com/info/?pcode=14069789&cate=11229608,설치 키트,,,,,,,,,,,,,,설치 키트,2021/04,ok,
2026-10-01T01:29:14+00:00,103810973,컴이지 KINGDOM New PM M.2 NVMe 벌크 (1TB),https://prod.danawa.com/info/?pcode=103810973&cate=11229608,M.2 (2280),PCIe3.0x4 (32GT/s),1TB,TLC,,Maxio 1202,"3,556MB/s","2,837MB/s",,,,,3년,방열판 미포함,"M.2 (2280) / PCIe3.0x4 (32GT/s) / TLC / 컨트롤러: Maxio 1202 / [성능] 순차읽기: 3,556MB/s / 순차쓰기: 2,837MB/s / [지원기능] DEVSLP / TRIM / ECC / GC / S.M.A.R.T / [환경특성] A/S기간: 3년 / 방열판 미포함",2026/01,ok,
2026-10-01T01:29:14+00:00,103810997,컴이지 KINGDOM New PM M.2 NVMe 벌크 (256GB),https://prod.danawa.com/info/?pcode=103810997&cate=11229608,M.2 (2280),PCIe3.0x4 (32GT/s),256GB,TLC,,Maxio 1202,"3,427MB/s","1,578MB/s",,,,,3년,방열판 미포함,"M.2 (2280) / PCIe3.0x4 (32GT/s) / TLC / 컨트롤러: Maxio 1202 / [성능] 순차읽기: 3,427MB/s / 순차쓰기: 1,578MB/s / [지원기능] DEVSLP / TRIM / ECC / GC / S.M.A.R.T / [환경특성] A/S기간: 3년 / 방열판 미포함",2026/01,ok,
2026-10-01T01:29:14+00:00,103810994,컴이지 KINGDOM New PM M.2 NVMe 벌크 (512GB),https://prod.danawa.com/info/?pcode=103810994&cate=11229608,M.2 (2280),PCIe3.0x4 (32GT/s),512GB,TLC,,Maxio 1202,"3,318MB/s","2,784MB/s",520K,190K,,,3년,방열판 미포함,"M.2 (2280) / PCIe3.0x4 (32GT/s) / TLC / 컨트롤러: Maxio 1202 / [성능] 순차읽기: 3,318MB/s / 순차쓰기: 2,784MB/s / 읽기IOPS: 520K / 쓰기IOPS: 190K / [지원기능] DEVSLP / TRIM / ECC / GC / S.M.A.R.T / [환경특성] A/S기간: 3년 / 방열판 미포함",2026/01,ok,
2026-10-01T01:29:14+00:00,28398008,컴이지 KINGDOM PM M.2 NVMe (1TB),https://prod.danawa.com/info/?pcode=28398008&cate=11229608,M.2 (2280),PCIe3.0x4 (32GT/s),1TB,TLC,,실리콘모션,936MB/s,781MB/s,,,,,3년,방열판 미포함,M.2 (2280) / PCIe3.0x4 (32GT/s) / TLC / 컨트롤러: 실리콘모션 / [성능] 순차읽기: 936MB/s / 순차쓰기: 781MB/s / [지원기능] TRIM / ECC / DEVSLP / GC / S.M.A.R.T / [환경특성] A/S기간: 3년 / 방열판 미포함 / 두께: 3mm / 6g,2023/09,ok,
2026-10-01T01:29:14+00:00,28399487,컴이지 KINGDOM PM M.2 NVMe (512GB),https://prod.danawa.com/info/?pcode=28399487&cate=11229608,M.2 (2280),PCIe3.0x4 (32GT/s),512GB,TLC,,실리콘모션,909MB/s,755MB/s,,,,,3년,방열판 미포함,M.2 (2280) / PCIe3.0x4 (32GT/s) / TLC / 컨트롤러: 실리콘모션 / [성능] 순차읽기: 909MB/s / 순차쓰기: 755MB/s / [지원기능] TRIM / ECC / DEVSLP / GC / S.M.A.R.T / [환경특성] A/S기간: 3년 / 방열판 미포함 / 두께: 3mm / 6g,2023/09,ok,
2026-10-01T01:29:14+00:00,105966746,컴이지 KINGDOM PM M40 M.2 NVMe 벌크 (512GB),https://prod.danawa.com/info/?pcode=105966746&cate=11229608,M.2 (2280),PCIe4.0x4 (64GT/s),512GB,TLC,,Maxio,"6,935MB/s","4,600MB/s",660K,711K,,,3년,방열판 미포함,"M.2 (2280) / PCIe4.0x4 (64GT/s) / TLC / 컨트롤러: Maxio / [성능] 순차읽기: 6,935MB/s / 순차쓰기: 4,600MB/s / 읽기IOPS: 660K / 쓰기IOPS: 711K / [지원기능] GC / S.M.A.R.T / TRIM / ECC / DEVSLP / [환경특성] A/S기간: 3년 / 방열판 미포함",2026/02,ok,
2026-10-01T01:29:14+00:00,104321216,컴이지 KINGDOM PM R40 M.2 NVMe 벌크 (500GB),https://prod.danawa.com/info/?pcode=104321216&cate=11229608,M.2 (2280),PCIe4.0x4 (64GT/s),500GB,TLC,,Realtek 5772,"5,160MB/s","4,770MB/s",,,,,3년,방열판 미포함,"M.2 (2280) / PCIe4.0x4 (64GT/s) / TLC / 컨트롤러: Realtek 5772 / [성능] 순차읽기: 5,160MB/s / 순차쓰기: 4,770MB/s / [지원기능] GC / S.M.A.R.T / TRIM / ECC / DEVSLP / [환경특성] A/S기간: 3년 / 방열판 미포함",2026/01,ok,
2026-10-01T01:29:14+00:00,4706729,컴포인트 M.2 to SATA 컨버터 (KS511),https://prod.danawa.com/info/?pcode=4706729&cate=11229608,변환 컨버터,,,,,,,,,,,,,,변환 컨버터 / 크기 변환: M.2→2.5형 / 인터페이스 변환: SATA→SATA / SSD전용 / 보관(장착) 개수: 최대 1개,2016/11,ok,
2026-10-01T01:29:14+00:00,15064685,케이엘시스템 2.5 SSD 조립용 나사 (20개),https://prod.danawa.com/info/?pcode=15064685&cate=11229608,설치 키트,,,,,,,,,,,,,,"설치 키트 / SSD, HDD겸용",2021/08,ok,
2026-10-01T01:29:14+00:00,13761134,케이엘시스템 KLcom 2.5 to 3.5 싱글 가이드,https://prod.danawa.com/info/?pcode=13761134&cate=11229608,변환 가이드,,,,,,,,,,,,,,"변환 가이드 / 크기 변환: 2.5형→3.5형 / SSD, HDD겸용 / 보관(장착) 개수: 최대 1개 / 두께: 11mm / 블랙 / 철재(SECC) / 조립용나사 8개 포함",2021/03,ok,
2026-10-01T01:29:14+00:00,3730877,케이엘시스템 KLcom SATA to USB 2.0 컨버터 (KL-STU20),https://prod.danawa.com/info/?pcode=3730877&cate=11229608,변환 컨버터,,,,,,,,,,,,,,"변환 컨버터 / 크기 변환: 2.5형→USB A타입 / 인터페이스 변환: SATA2→USB2.0 / SSD, HDD겸용 / 보관(장착) 개수: 최대 1개 / 두께: 1.2mm / 보조전원 지원 / 케이블 길이: 0.56m",2016/01,ok,
2026-10-01T01:29:14+00:00,6123717,케이엘시스템 KLcom SATA to USB 3.0 컨버터 (KL-STU30),https://prod.danawa.com/info/?pcode=6123717&cate=11229608,변환 컨버터,,,,,,,,,,,,,,"변환 컨버터 / 크기 변환: 2.5형→USB A타입 / 인터페이스 변환: SATA3→USB3.x 5Gbps / SSD, HDD겸용 / 보관(장착) 개수: 최대 1개 / 보조전원 / 케이블 길이: 0.23m",2018/05,ok,
2026-10-01T01:29:14+00:00,19764002,퀄리티어슈어런스코리아 2.5인치 HDD SSD 하드보관함,https://prod.danawa.com/info/?pcode=19764002&cate=11229608,보관케이스,,,,,,,,,,,,,,"보관케이스 / SSD, HDD겸용 / 보관(장착) 개수: 최대 1개 / 충격보호 / 두께: 17mm / 20g / 화이트 / 플라스틱",2023/04,ok,
2026-10-01T01:29:14+00:00,11384787,큐닉스그룹 큐닉스 PLASMA SERIES SSD 벌크 (120GB),https://prod.danawa.com/info/?pcode=11384787&cate=11229608,6.4cm(2.5형),SATA3 (6Gb/s),120GB,,,실리콘모션,550MB/s,480MB/s,,,,,,,6.4cm(2.5형) / SATA3 (6Gb/s) / 컨트롤러: 실리콘모션 / [성능] 순차읽기: 550MB/s / 순차쓰기: 480MB/s / [지원기능] DEVSLP / TRIM / ECC / SLC캐싱 / GC / [환경특성] 두께: 7mm / 최대 45g,2020/05,ok,
2026-10-01T01:29:14+00:00,12384710,크로셀 CORE (128GB),https://prod.danawa.com/info/?pcode=12384710&cate=11229608,6.4cm(2.5형),SATA3 (6Gb/s),128GB,,,ASolid AS2258,500MB/s,400MB/s,55K,79K,62.5TB,150만,"3년 , 제한보증",,"6.4cm(2.5형) / SATA3 (6Gb/s) / TLC(토글) / 컨트롤러: ASolid AS2258 / [성능] 순차읽기: 500MB/s / 순차쓰기: 400MB/s / 읽기IOPS: 55K / 쓰기IOPS: 79K / [지원기능] TRIM / ECC / GC / SLC캐싱 / S.M.A.R.T / [환경특성] MTBF: 150만 / TBW: 62.5TB / A/S기간: 3년 , 제한보증 / 두께: 7mm",2020/10,ok,
2026-10-01T01:29:14+00:00,109596251,키오시아 BG6 KBG60ZNV M.2 NVMe 벌크 (256GB),https://prod.danawa.com/info/?pcode=109596251&cate=11229608,M.2 (2280),PCIe4.0x4 (64GT/s),256GB,TLC,,기타,"4,400MB/s","3,000MB/s",350K,700K,150TB,150만,,방열판 미포함,"M.2 (2280) / PCIe4.0x4 (64GT/s) / TLC / 컨트롤러: 기타 / [성능] 순차읽기: 4,400MB/s / 순차쓰기: 3,000MB/s / 읽기IOPS: 350K / 쓰기IOPS: 700K / [지원기능] HMB / TRIM / SLC캐싱 / S.M.A.R.T / [환경특성] MTBF: 150만 / TBW: 150TB / 방열판 미포함 / 두께: 2.23mm / 5.7g / [기타] 노트북 적출상품",2026/03,ok,
2026-10-01T01:29:14+00:00,124259004,키오시아 BG6 KBG6AZNV M.2 NVMe 벌크 (512GB),https://prod.danawa.com/info/?pcode=124259004&cate=11229608,M.2 (2280),PCIe4.0x4 (64GT/s),512GB,TLC,,기타,"4,800MB/s","4,000MB/s",650K,850K,300TB,150만,,방열판 미포함,"M.2 (2280) / PCIe4.0x4 (64GT/s) / TLC / 컨트롤러: 기타 / [성능] 순차읽기: 4,800MB/s / 순차쓰기: 4,000MB/s / 읽기IOPS: 650K / 쓰기IOPS: 850K / [지원기능] HMB / [환경특성] MTBF: 150만 / TBW: 300TB / 방열판 미포함 / 두께: 2.23mm / 5.7g / [기타] 노트북 적출상품",2025/09,ok,
2026-10-01T01:29:14+00:00,29345393,키오시아 CL4-8D M.2 NVMe 벌크 (256GB),https://prod.danawa.com/info/?pcode=29345393&cate=11229608,M.2 (2280),PCIe4.0x4 (64GT/s),256GB,TLC,,기타,"3,200MB/s","2,100MB/s",400K,350K,340TB,,,방열판 미포함,"M.2 (2280) / PCIe4.0x4 (64GT/s) / TLC / 컨트롤러: 기타 / [성능] 순차읽기: 3,200MB/s / 순차쓰기: 2,100MB/s / 읽기IOPS: 400K / 쓰기IOPS: 350K / [지원기능] ECC / S.M.A.R.T / [환경특성] TBW: 340TB / 방열판 미포함 / 두께: 2.38mm / [기타] 노트북 적출상품",2023/10,ok,
2026-10-01T01:29:14+00:00,95282774,키오시아 CL4-8D M.2 NVMe 벌크 (512GB),https://prod.danawa.com/info/?pcode=95282774&cate=11229608,M.2 (2280),PCIe4.0x4 (64GT/s),512GB,TLC,,기타,"3,200MB/s","2,100MB/s",400K,350K,680TB,,,방열판 미포함,"M.2 (2280) / PCIe4.0x4 (64GT/s) / TLC / 컨트롤러: 기타 / [성능] 순차읽기: 3,200MB/s / 순차쓰기: 2,100MB/s / 읽기IOPS: 400K / 쓰기IOPS: 350K / [지원기능] S.M.A.R.T / ECC / [환경특성] TBW: 680TB / 방열판 미포함 / 두께: 2.38mm / [기타] 노트북 적출상품",2023/10,ok,
2026-10-01T01:29:14+00:00,11282967,키오시아 EXCERIA (480GB),https://prod.danawa.com/info/?pcode=11282967&cate=11229608,6.4cm(2.5형),SATA3 (6Gb/s),480GB,,,KIOXIA,555MB/s,530MB/s,82K,88K,120TB,150만,"3년 , 제한보증",,"6.4cm(2.5형) / SATA3 (6Gb/s) / TLC(토글) / 컨트롤러: KIOXIA / [성능] 순차읽기: 555MB/s / 순차쓰기: 530MB/s / 읽기IOPS: 82K / 쓰기IOPS: 88K / [지원기능] GC / S.M.A.R.T / SLC캐싱 / TRIM / ECC / DEVSLP / 전용 S/W / [환경특성] MTBF: 150만 / TBW: 120TB / A/S기간: 3년 , 제한보증 / 두께: 7mm / 46g",2020/05,ok,
2026-10-01T01:29:14+00:00,101545817,키오시아 EXCERIA BASIC M.2 NVMe (1TB),https://prod.danawa.com/info/?pcode=101545817&cate=11229608,M.2 (2280),PCIe4.0x4 (64GT/s),1TB,QLC,,기타,"7,200MB/s","6,600MB/s","1,000K","1,150K",300TB,150만,"5년 , 제한보증",방열판 미포함,"M.2 (2280) / PCIe4.0x4 (64GT/s) / QLC / 컨트롤러: 기타 / [성능] 순차읽기: 7,200MB/s / 순차쓰기: 6,600MB/s / 읽기IOPS: 1,000K / 쓰기IOPS: 1,150K / [지원기능] TRIM / S.M.A.R.T / SLC캐싱 / HMB / GC / 전용 S/W / [환경특성] MTBF: 150만 / TBW: 300TB / PS5 호환 / A/S기간: 5년 , 제한보증 / 방열판 미포함 / 두께: 2.38mm / 5.6g",2025/12,ok,
2026-10-01T01:29:14+00:00,101545757,키오시아 EXCERIA BASIC M.2 NVMe (2TB),https://prod.danawa.com/info/?pcode=101545757&cate=11229608,M.2 (2280),PCIe4.0x4 (64GT/s),2TB,QLC,,기타,"7,300MB/s","6,800MB/s","1,000K","1,250K",600TB,150만,"제한보증 , 5년",방열판 미포함,"M.2 (2280) / PCIe4.0x4 (64GT/s) / QLC / 컨트롤러: 기타 / [성능] 순차읽기: 7,300MB/s / 순차쓰기: 6,800MB/s / 읽기IOPS: 1,000K / 쓰기IOPS: 1,250K / [지원기능] TRIM / HMB / GC / SLC캐싱 / S.M.A.R.T / 전용 S/W / [환경특성] MTBF: 150만 / TBW: 600TB / PS5 호환 / A/S기간: 제한보증 , 5년 / 방열판 미포함 / 두께: 2.38mm / 5.6g",2025/12,ok,
2026-10-01T01:29:14+00:00,106764299,키오시아 EXCERIA BASIC M.2 NVMe 해외구매 (1TB),https://prod.danawa.com/info/?pcode=106764299&cate=11229608,M.2 (2280),PCIe4.0x4 (64GT/s),1TB,QLC,,기타,"7,200MB/s","6,600MB/s","1,000K","1,150K",300TB,150만,,방열판 미포함,"M.2 (2280) / PCIe4.0x4 (64GT/s) / QLC / 컨트롤러: 기타 / [성능] 순차읽기: 7,200MB/s / 순차쓰기: 6,600MB/s / 읽기IOPS: 1,000K / 쓰기IOPS: 1,150K / [지원기능] TRIM / S.M.A.R.T / SLC캐싱 / HMB / GC / 전용 S/W / [환경특성] MTBF: 150만 / TBW: 300TB / PS5 호환 / 방열판 미포함 / 두께: 2.38mm / 5.6g",2025/12,ok,
2026-10-01T01:29:14+00:00,106764323,키오시아 EXCERIA BASIC M.2 NVMe 해외구매 (2TB),https://prod.danawa.com/info/?pcode=106764323&cate=11229608,M.2 (2280),PCIe4.0x4 (64GT/s),2TB,QLC,,기타,"7,300MB/s","6,800MB/s","1,000K","1,250K",600TB,150만,,방열판 미포함,"M.2 (2280) / PCIe4.0x4 (64GT/s) / QLC / 컨트롤러: 기타 / [성능] 순차읽기: 7,300MB/s / 순차쓰기: 6,800MB/s / 읽기IOPS: 1,000K / 쓰기IOPS: 1,250K / [지원기능] GC / S.M.A.R.T / SLC캐싱 / TRIM / HMB / 전용 S/W / [환경특성] MTBF: 150만 / TBW: 600TB / PS5 호환 / 방열판 미포함 / 두께: 2.38mm / 5.6g",2025/12,ok,
2026-10-01T01:29:14+00:00,104228888,키오시아 EXCERIA G3 M.2 NVMe (1TB),https://prod.danawa.com/info/?pcode=104228888&cate=11229608,M.2 (2280),PCIe5.0x4 (128GT/s),1TB,QLC,,기타,"10,000MB/s","8,900MB/s","1,300K","1,450K",600TB,150만,"5년 , 제한보증",방열판 미포함,"M.2 (2280) / PCIe5.0x4 (128GT/s) / QLC / 컨트롤러: 기타 / [성능] 순차읽기: 10,000MB/s / 순차쓰기: 8,900MB/s / 읽기IOPS: 1,300K / 쓰기IOPS: 1,450K / [지원기능] TRIM / S.M.A.R.T / SLC캐싱 / HMB / GC / DEVSLP / 전용 S/W / [환경특성] MTBF: 150만 / TBW: 600TB / PS5 호환 / A/S기간: 5년 , 제한보증 / 방열판 미포함 / 두께: 2.38mm / 5.7g",2026/01,ok,
2026-10-01T01:29:14+00:00,104228885,키오시아 EXCERIA G3 M.2 NVMe (2TB),https://prod.danawa.com/info/?pcode=104228885&cate=11229608,M.2 (2280),PCIe5.0x4 (128GT/s),2TB,QLC,,기타,"10,000MB/s","9,600MB/s","1,600K","1,450K","1,200TB",150만,"5년 , 제한보증",방열판 미포함,"M.2 (2280) / PCIe5.0x4 (128GT/s) / QLC / 컨트롤러: 기타 / [성능] 순차읽기: 10,000MB/s / 순차쓰기: 9,600MB/s / 읽기IOPS: 1,600K / 쓰기IOPS: 1,450K / [지원기능] TRIM / S.M.A.R.T / SLC캐싱 / HMB / GC / DEVSLP / 전용 S/W / [환경특성] MTBF: 150만 / TBW: 1,200TB / PS5 호환 / A/S기간: 5년 , 제한보증 / 방열판 미포함 / 두께: 2.38mm / 5.8g",2026/01,ok,
2026-10-01T01:29:14+00:00,122719763,키오시아 EXCERIA G3 M.2 NVMe (4TB),https://prod.danawa.com/info/?pcode=122719763&cate=11229608,M.2 (2280),PCIe5.0x4 (128GT/s),4TB,QLC,,기타,"10,000MB/s","9,600MB/s","1,450K","1,450K","2,400TB",150만,"5년 , 제한보증",방열판 미포함,"M.2 (2280) / PCIe5.0x4 (128GT/s) / QLC / 컨트롤러: 기타 / [성능] 순차읽기: 10,000MB/s / 순차쓰기: 9,600MB/s / 읽기IOPS: 1,450K / 쓰기IOPS: 1,450K / [지원기능] TRIM / S.M.A.R.T / SLC캐싱 / HMB / GC / DEVSLP / 전용 S/W / [환경특성] MTBF: 150만 / TBW: 2,400TB / PS5 호환 / A/S기간: 5년 , 제한보증 / 방열판 미포함 / 두께: 2.38mm / 5.8g",2026/01,ok,
2026-10-01T01:29:14+00:00,123763132,키오시아 EXCERIA G3 M.2 NVMe 해외구매 (1TB),https://prod.danawa.com/info/?pcode=123763132&cate=11229608,M.2 (2280),PCIe5.0x4 (128GT/s),1TB,QLC,,기타,"10,000MB/s","8,900MB/s","1,300K","1,450K",600TB,150만,,방열판 미포함,"M.2 (2280) / PCIe5.0x4 (128GT/s) / QLC / 컨트롤러: 기타 / [성능] 순차읽기: 10,000MB/s / 순차쓰기: 8,900MB/s / 읽기IOPS: 1,300K / 쓰기IOPS: 1,450K / [지원기능] TRIM / S.M.A.R.T / SLC캐싱 / HMB / GC / DEVSLP / 전용 S/W / [환경특성] MTBF: 150만 / TBW: 600TB / PS5 호환 / 방열판 미포함 / 두께: 2.38mm / 5.7g",2026/08,ok,
2026-10-01T01:29:14+00:00,123763135,키오시아 EXCERIA G3 M.2 NVMe 해외구매 (2TB),https://prod.danawa.com/info/?pcode=123763135&cate=11229608,M.2 (2280),PCIe5.0x4 (128GT/s),2TB,QLC,,기타,"10,000MB/s","9,600MB/s","1,600K","1,450K","1,200TB",150만,,방열판 미포함,"M.2 (2280) / PCIe5.0x4 (128GT/s) / QLC / 컨트롤러: 기타 / [성능] 순차읽기: 10,000MB/s / 순차쓰기: 9,600MB/s / 읽기IOPS: 1,600K / 쓰기IOPS: 1,450K / [지원기능] TRIM / S.M.A.R.T / SLC캐싱 / HMB / GC / DEVSLP / 전용 S/W / [환경특성] MTBF: 150만 / TBW: 1,200TB / PS5 호환 / 방열판 미포함 / 두께: 2.38mm / 5.8g",2026/08,ok,
2026-10-01T01:29:14+00:00,30271115,키오시아 EXCERIA PLUS G3 M.2 NVMe (1TB),https://prod.danawa.com/info/?pcode=30271115&cate=11229608,M.2 (2280),PCIe4.0x4 (64GT/s),1TB,TLC,,KIOXIA,"5,000MB/s","3,900MB/s",770K,950K,600TB,150만,"제한보증 , 5년",방열판 미포함,"M.2 (2280) / PCIe4.0x4 (64GT/s) / TLC / 컨트롤러: KIOXIA / [성능] 순차읽기: 5,000MB/s / 순차쓰기: 3,900MB/s / 읽기IOPS: 770K / 쓰기IOPS: 950K / [지원기능] HMB / TRIM / ECC / SLC캐싱 / GC / S.M.A.R.T / 전용 S/W / [환경특성] MTBF: 150만 / TBW: 600TB / A/S기간: 제한보증 , 5년 / 방열판 미포함 / 두께: 2.63mm / 7g",2023/12,ok,
2026-10-01T01:29:14+00:00,30271118,키오시아 EXCERIA PLUS G3 M.2 NVMe (2TB),https://prod.danawa.com/info/?pcode=30271118&cate=11229608,M.2 (2280),PCIe4.0x4 (64GT/s),2TB,TLC,,KIOXIA,"5,000MB/s","3,900MB/s",680K,950K,"1,200TB",150만,"5년 , 제한보증",방열판 미포함,"M.2 (2280) / PCIe4.0x4 (64GT/s) / TLC / 컨트롤러: KIOXIA / [성능] 순차읽기: 5,000MB/s / 순차쓰기: 3,900MB/s / 읽기IOPS: 680K / 쓰기IOPS: 950K / [지원기능] HMB / TRIM / ECC / SLC캐싱 / GC / S.M.A.R.T / 전용 S/W / [환경특성] MTBF: 150만 / TBW: 1,200TB / A/S기간: 5년 , 제한보증 / 방열판 미포함 / 두께: 2.63mm / 7g",2023/12,ok,
2026-10-01T01:29:14+00:00,74056493,키오시아 EXCERIA PLUS G4 M.2 NVMe (1TB),https://prod.danawa.com/info/?pcode=74056493&cate=11229608,M.2 (2280),PCIe5.0x4 (128GT/s),1TB,TLC,,파이슨 PS5031-E31T,"10,000MB/s","7,900MB/s","1,300K","1,400K",600TB,150만,"5년 , 제한보증",방열판 미포함,"M.2 (2280) / PCIe5.0x4 (128GT/s) / TLC / 컨트롤러: 파이슨 PS5031-E31T / [성능] 순차읽기: 10,000MB/s / 순차쓰기: 7,900MB/s / 읽기IOPS: 1,300K / 쓰기IOPS: 1,400K / [지원기능] GC / SLC캐싱 / TRIM / HMB / 전용 S/W / [환경특성] MTBF: 150만 / TBW: 600TB / A/S기간: 5년 , 제한보증 / 방열판 미포함 / 두께: 2.38mm / 5.6g",2025/01,ok,
2026-10-01T01:29:14+00:00,74056484,키오시아 EXCERIA PLUS G4 M.2 NVMe (2TB),https://prod.danawa.com/info/?pcode=74056484&cate=11229608,M.2 (2280),PCIe5.0x4 (128GT/s),2TB,TLC,,파이슨 PS5031-E31T,"10,000MB/s","8,200MB/s","1,300K","1,400K","1,200TB",150만,"5년 , 제한보증",방열판 미포함,"M.2 (2280) / PCIe5.0x4 (128GT/s) / TLC / 컨트롤러: 파이슨 PS5031-E31T / [성능] 순차읽기: 10,000MB/s / 순차쓰기: 8,200MB/s / 읽기IOPS: 1,300K / 쓰기IOPS: 1,400K / [지원기능] HMB / TRIM / SLC캐싱 / GC / 전용 S/W / [환경특성] MTBF: 150만 / TBW: 1,200TB / A/S기간: 5년 , 제한보증 / 방열판 미포함 / 두께: 2.38mm / 5.7g",2025/01,ok,
2026-10-01T01:29:14+00:00,79518806,키오시아 EXCERIA PLUS G4 M.2 NVMe 해외구매 (1TB),https://prod.danawa.com/info/?pcode=79518806&cate=11229608,M.2 (2280),PCIe5.0x4 (128GT/s),1TB,TLC,,파이슨 PS5031-E31T,"10,000MB/s","7,900MB/s","1,300K","1,400K",600TB,150만,,방열판 미포함,"M.2 (2280) / PCIe5.0x4 (128GT/s) / TLC / 컨트롤러: 파이슨 PS5031-E31T / [성능] 순차읽기: 10,000MB/s / 순차쓰기: 7,900MB/s / 읽기IOPS: 1,300K / 쓰기IOPS: 1,400K / [지원기능] HMB / TRIM / SLC캐싱 / GC / 전용 S/W / [환경특성] MTBF: 150만 / TBW: 600TB / 방열판 미포함 / 두께: 2.38mm / 5.6g",2025/01,ok,
2026-10-01T01:29:14+00:00,104228879,키오시아 EXCERIA PRO G2 M.2 NVMe (1TB),https://prod.danawa.com/info/?pcode=104228879&cate=11229608,M.2 (2280),PCIe5.0x4 (128GT/s),1TB,,DRAM 탑재,실리콘모션,"14,900MB/s","12,700MB/s","2,000K","1,900K",600TB,150만,"5년 , 제한보증",방열판 미포함,"M.2 (2280) / PCIe5.0x4 (128GT/s) / TLC(토글) / DRAM 탑재 / DDR4 1GB / 컨트롤러: 실리콘모션 / [성능] 순차읽기: 14,900MB/s / 순차쓰기: 12,700MB/s / 읽기IOPS: 2,000K / 쓰기IOPS: 1,900K / [지원기능] TRIM / S.M.A.R.T / SLC캐싱 / GC / DEVSLP / 전용 S/W / [환경특성] MTBF: 150만 / TBW: 600TB / PS5 호환 / A/S기간: 5년 , 제한보증 / 방열판 미포함 / 두께: 2.38mm / 7.3g",2026/01,ok,
2026-10-01T01:29:14+00:00,104228876,키오시아 EXCERIA PRO G2 M.2 NVMe (2TB),https://prod.danawa.com/info/?pcode=104228876&cate=11229608,M.2 (2280),PCIe5.0x4 (128GT/s),2TB,,DRAM 탑재,실리콘모션,"14,900MB/s","13,400MB/s","2,250K","1,950K","1,200TB",150만,"5년 , 제한보증",방열판 미포함,"M.2 (2280) / PCIe5.0x4 (128GT/s) / TLC(토글) / DRAM 탑재 / DDR4 2GB / 컨트롤러: 실리콘모션 / [성능] 순차읽기: 14,900MB/s / 순차쓰기: 13,400MB/s / 읽기IOPS: 2,250K / 쓰기IOPS: 1,950K / [지원기능] TRIM / DEVSLP / SLC캐싱 / GC / S.M.A.R.T / 전용 S/W / [환경특성] MTBF: 150만 / TBW: 1,200TB / PS5 호환 / A/S기간: 5년 , 제한보증 / 방열판 미포함 / 두께: 2.38mm / 7.3g",2026/01,ok,
2026-10-01T01:29:14+00:00,104228882,키오시아 EXCERIA PRO G2 M.2 NVMe (4TB),https://prod.danawa.com/info/?pcode=104228882&cate=11229608,M.2 (2280),PCIe5.0x4 (128GT/s),4TB,,DRAM 탑재,실리콘모션,"14,900MB/s","13,700MB/s","2,300K","1,950K","2,400TB",150만,"5년 , 제한보증",방열판 미포함,"M.2 (2280) / PCIe5.0x4 (128GT/s) / TLC(토글) / DRAM 탑재 / DDR4 4GB / 컨트롤러: 실리콘모션 / [성능] 순차읽기: 14,900MB/s / 순차쓰기: 13,700MB/s / 읽기IOPS: 2,300K / 쓰기IOPS: 1,950K / [지원기능] TRIM / DEVSLP / SLC캐싱 / GC / S.M.A.R.T / 전용 S/W / [환경특성] MTBF: 150만 / TBW: 2,400TB / PS5 호환 / A/S기간: 5년 , 제한보증 / 방열판 미포함 / 두께: 2.63mm / 7.3g",2026/01,ok,
2026-10-01T01:29:14+00:00,74971610,키오시아 EXCERIA 히트싱크 M.2 NVMe (1TB),https://prod.danawa.com/info/?pcode=74971610&cate=11229608,M.2 (2280),PCIe4.0x4 (64GT/s),1TB,,DRAM 탑재,KIOXIA,"6,200MB/s","4,900MB/s",850K,440K,600TB,150만,"5년 , 제한보증",방열판 포함,"M.2 (2280) / PCIe4.0x4 (64GT/s) / TLC(토글) / DRAM 탑재 / 컨트롤러: KIOXIA / [성능] 순차읽기: 6,200MB/s / 순차쓰기: 4,900MB/s / 읽기IOPS: 850K / 쓰기IOPS: 440K / [지원기능] TRIM / ECC / SLC캐싱 / S.M.A.R.T / MTBF: 150만 / TBW: 600TB / PS5 호환 / A/S기간: 5년 , 제한보증 / 방열판 포함 / 두께: 11.2mm / 45g",2025/01,ok,
2026-10-01T01:29:14+00:00,74971640,키오시아 EXCERIA 히트싱크 M.2 NVMe (2TB),https://prod.danawa.com/info/?pcode=74971640&cate=11229608,M.2 (2280),PCIe4.0x4 (64GT/s),2TB,,DRAM 탑재,KIOXIA,"6,200MB/s","4,900MB/s",830K,450K,"1,200TB",150만,"제한보증 , 5년",방열판 포함,"M.2 (2280) / PCIe4.0x4 (64GT/s) / TLC(토글) / DRAM 탑재 / 컨트롤러: KIOXIA / [성능] 순차읽기: 6,200MB/s / 순차쓰기: 4,900MB/s / 읽기IOPS: 830K / 쓰기IOPS: 450K / [지원기능] TRIM / ECC / SLC캐싱 / S.M.A.R.T / MTBF: 150만 / TBW: 1,200TB / PS5 호환 / A/S기간: 제한보증 , 5년 / 방열판 포함 / 두께: 11.2mm / 45g",2025/01,ok,
2026-10-01T01:29:14+00:00,99125576,키오시아 EXCERIA 히트싱크 M.2 NVMe (4TB),https://prod.danawa.com/info/?pcode=99125576&cate=11229608,M.2 (2280),PCIe4.0x4 (64GT/s),4TB,,DRAM 탑재,KIOXIA,"6,200MB/s","4,800MB/s",810K,450K,"2,400TB",150만,"제한보증 , 5년",방열판 포함,"M.2 (2280) / PCIe4.0x4 (64GT/s) / TLC(토글) / DRAM 탑재 / 컨트롤러: KIOXIA / [성능] 순차읽기: 6,200MB/s / 순차쓰기: 4,800MB/s / 읽기IOPS: 810K / 쓰기IOPS: 450K / [지원기능] S.M.A.R.T / SLC캐싱 / TRIM / ECC / MTBF: 150만 / TBW: 2,400TB / PS5 호환 / A/S기간: 제한보증 , 5년 / 방열판 포함 / 두께: 11.2mm / 46g",2025/01,ok,
2026-10-01T01:29:14+00:00,85799777,키오시아 EXCERIA 히트싱크 M.2 NVMe 해외구매 (1TB),https://prod.danawa.com/info/?pcode=85799777&cate=11229608,M.2 (2280),PCIe4.0x4 (64GT/s),1TB,,DRAM 탑재,KIOXIA,"6,200MB/s","4,900MB/s",850K,440K,600TB,150만,,방열판 포함,"M.2 (2280) / PCIe4.0x4 (64GT/s) / TLC(토글) / DRAM 탑재 / 컨트롤러: KIOXIA / [성능] 순차읽기: 6,200MB/s / 순차쓰기: 4,900MB/s / 읽기IOPS: 850K / 쓰기IOPS: 440K / [지원기능] TRIM / ECC / SLC캐싱 / S.M.A.R.T / MTBF: 150만 / TBW: 600TB / PS5 호환 / 방열판 포함 / 두께: 11.2mm / 45g",2025/04,ok,
2026-10-01T01:29:14+00:00,16463822,키오시아 KBG40ZNV M.2 NVMe 벌크 (256GB),https://prod.danawa.com/info/?pcode=16463822&cate=11229608,M.2 (2280),PCIe3.0x4 (32GT/s),256GB,TLC,,기타,"3,050MB/s","1,550MB/s",,,,,,방열판 미포함,"M.2 (2280) / PCIe3.0x4 (32GT/s) / TLC / 컨트롤러: 기타 / [성능] 순차읽기: 3,050MB/s / 순차쓰기: 1,550MB/s / [환경특성] 방열판 미포함 / 두께: 2.23mm / [기타] 노트북 적출상품",2022/02,ok,
2026-10-01T01:29:14+00:00,20502263,키오시아 KBG50ZNV M.2 NVMe 벌크 (256GB),https://prod.danawa.com/info/?pcode=20502263&cate=11229608,M.2 (2280),PCIe4.0x4 (64GT/s),256GB,TLC,,기타,"3,400MB/s","1,900MB/s",350K,360K,150TB,150만시간,,방열판 미포함,"M.2 (2280) / PCIe4.0x4 (64GT/s) / TLC / 컨트롤러: 기타 / [성능] 순차읽기: 3,400MB/s / 순차쓰기: 1,900MB/s / 읽기IOPS: 350K / 쓰기IOPS: 360K / [환경특성] MTBF: 150만시간 / TBW: 150TB / 방열판 미포함 / 두께: 2.23mm / 5.8g / [기타] 노트북 적출상품",2023/06,ok,
2026-10-01T01:29:14+00:00,15150230,키오시아 KXG60ZNV M.2 NVMe 벌크 (256GB),https://prod.danawa.com/info/?pcode=15150230&cate=11229608,M.2 (2280),PCIe3.0x4 (32GT/s),256GB,TLC,,,"3,050MB/s","1,550MB/s",,,,,,방열판 미포함,"M.2 (2280) / PCIe3.0x4 (32GT/s) / TLC / [성능] 순차읽기: 3,050MB/s / 순차쓰기: 1,550MB/s / [환경특성] 방열판 미포함 / 두께: 2.38mm / 7.3g / [기타] 노트북 적출상품",2021/09,ok,
2026-10-01T01:29:14+00:00,122719700,키오시아 XG6 M.2 NVMe 중고 (256GB),https://prod.danawa.com/info/?pcode=122719700&cate=11229608,M.2 (2280),PCIe3.1x4 (32GT/s),256GB,TLC,,,"3,050MB/s","1,550MB/s",270K,335K,150TB,150만,,방열판 미포함,"M.2 (2280) / PCIe3.1x4 (32GT/s) / TLC / [성능] 순차읽기: 3,050MB/s / 순차쓰기: 1,550MB/s / 읽기IOPS: 270K / 쓰기IOPS: 335K / [지원기능] SLC캐싱 / [환경특성] MTBF: 150만 / TBW: 150TB / 방열판 미포함 / 두께: 2.23mm / 7g",2021/04,ok,
2026-10-01T01:29:14+00:00,122692650,키오시아 XG7 KXG70ZNV M.2 NVMe 벌크 (1TB),https://prod.danawa.com/info/?pcode=122692650&cate=11229608,M.2 (2280),PCIe4.0x4 (64GT/s),1TB,TLC,DRAM 탑재,KIOXIA,"6,400MB/s","4,800MB/s",650K,430K,600TB,150만,,방열판 미포함,"M.2 (2280) / PCIe4.0x4 (64GT/s) / TLC / DRAM 탑재 / 컨트롤러: KIOXIA / [성능] 순차읽기: 6,400MB/s / 순차쓰기: 4,800MB/s / 읽기IOPS: 650K / 쓰기IOPS: 430K / [환경특성] MTBF: 150만 / TBW: 600TB / PS5 호환 / 방열판 미포함 / 두께: 2.23mm / 7g / [기타] 노트북 적출상품",2026/06,ok,
2026-10-01T01:29:14+00:00,92686784,키오시아 XG7 M.2 NVMe 벌크 (4TB),https://prod.danawa.com/info/?pcode=92686784&cate=11229608,M.2 (2280),PCIe4.0x4 (64GT/s),4TB,TLC,DRAM 탑재,KIOXIA,"6,400MB/s","5,000MB/s",650K,450K,"2,400TB",150만,"3년 , 제한보증",방열판 미포함,"M.2 (2280) / PCIe4.0x4 (64GT/s) / TLC / DRAM 탑재 / 컨트롤러: KIOXIA / [성능] 순차읽기: 6,400MB/s / 순차쓰기: 5,000MB/s / 읽기IOPS: 650K / 쓰기IOPS: 450K / [환경특성] MTBF: 150만 / TBW: 2,400TB / PS5 호환 / A/S기간: 3년 , 제한보증 / 방열판 미포함 / 두께: 2.23mm / 7.1g / [기타] 판매점별 완제품 적출 상품 여부 확인 필요",2025/03,ok,
2026-10-01T01:29:14+00:00,109596086,킹스톤 DC600M 해외구매 (480GB),https://prod.danawa.com/info/?pcode=109596086&cate=11229608,6.4cm(2.5형),SATA3 (6Gb/s),480GB,TLC,DRAM 탑재,파이슨,560MB/s,470MB/s,94K,41K,876TB,200만,,,6.4cm(2.5형) / SATA3 (6Gb/s) / TLC / DRAM 탑재 / 컨트롤러: 파이슨 / [성능] 순차읽기: 560MB/s / 순차쓰기: 470MB/s / 읽기IOPS: 94K / 쓰기IOPS: 41K / [지원기능] TRIM / S.M.A.R.T / AES 암호화 / [환경특성] MTBF: 200만 / TBW: 876TB / 두께: 7mm / 92.34g,2026/03,ok,
2026-10-01T01:29:14+00:00,109596095,킹스톤 DC600M 해외구매 (960GB),https://prod.danawa.com/info/?pcode=109596095&cate=11229608,6.4cm(2.5형),SATA3 (6Gb/s),960GB,TLC,DRAM 탑재,파이슨,560MB/s,530MB/s,94K,65K,"1,752TB",200만,,,"6.4cm(2.5형) / SATA3 (6Gb/s) / TLC / DRAM 탑재 / 컨트롤러: 파이슨 / [성능] 순차읽기: 560MB/s / 순차쓰기: 530MB/s / 읽기IOPS: 94K / 쓰기IOPS: 65K / [지원기능] TRIM / S.M.A.R.T / AES 암호화 / [환경특성] MTBF: 200만 / TBW: 1,752TB / 두께: 7mm / 92.34g",2026/03,ok,
2026-10-01T01:29:14+00:00,96773153,킹스톤 FURY Renegade G5 M.2 NVMe (1TB),https://prod.danawa.com/info/?pcode=96773153&cate=11229608,M.2 (2280),PCIe5.0x4 (128GT/s),1TB,TLC,DRAM 탑재,실리콘모션 SM2508,"14,200MB/s","11,000MB/s","2,200K","2,150K","1,000TB",200만,"5년 , 제한보증",방열판 미포함,"M.2 (2280) / PCIe5.0x4 (128GT/s) / TLC / DRAM 탑재 / DDR4 1GB / 컨트롤러: 실리콘모션 SM2508 / [성능] 순차읽기: 14,200MB/s / 순차쓰기: 11,000MB/s / 읽기IOPS: 2,200K / 쓰기IOPS: 2,150K / [지원기능] TRIM / S.M.A.R.T / SLC캐싱 / 전용 S/W / [환경특성] MTBF: 200만 / TBW: 1,000TB / PS5 호환 / A/S기간: 5년 , 제한보증 / 방열판 미포함 / 두께: 2.3mm / 7.3g",2025/08,ok,
2026-10-01T01:29:14+00:00,96773120,킹스톤 FURY Renegade G5 M.2 NVMe (2TB),https://prod.danawa.com/info/?pcode=96773120&cate=11229608,M.2 (2280),PCIe5.0x4 (128GT/s),2TB,TLC,DRAM 탑재,실리콘모션 SM2508,"14,700MB/s","14,000MB/s","2,200K","2,200K","2,000TB",200만,"5년 , 제한보증",방열판 미포함,"M.2 (2280) / PCIe5.0x4 (128GT/s) / TLC / DRAM 탑재 / DDR4 2GB / 컨트롤러: 실리콘모션 SM2508 / [성능] 순차읽기: 14,700MB/s / 순차쓰기: 14,000MB/s / 읽기IOPS: 2,200K / 쓰기IOPS: 2,200K / [지원기능] TRIM / SLC캐싱 / S.M.A.R.T / [환경특성] MTBF: 200만 / TBW: 2,000TB / PS5 호환 / A/S기간: 5년 , 제한보증 / 방열판 미포함 / 두께: 2.3mm / 7.7g",2025/08,ok,
2026-10-01T01:29:14+00:00,96772838,킹스톤 FURY Renegade G5 M.2 NVMe (4TB),https://prod.danawa.com/info/?pcode=96772838&cate=11229608,M.2 (2280),PCIe5.0x4 (128GT/s),4TB,TLC,DRAM 탑재,실리콘모션 SM2508,"14,800MB/s","14,000MB/s","2,200K","2,200K","4,000TB",200만,"5년 , 제한보증",방열판 미포함,"M.2 (2280) / PCIe5.0x4 (128GT/s) / TLC / DRAM 탑재 / DDR4 4GB / 컨트롤러: 실리콘모션 SM2508 / [성능] 순차읽기: 14,800MB/s / 순차쓰기: 14,000MB/s / 읽기IOPS: 2,200K / 쓰기IOPS: 2,200K / [지원기능] TRIM / SLC캐싱 / S.M.A.R.T / 전용 S/W / [환경특성] MTBF: 200만 / TBW: 4,000TB / PS5 호환 / A/S기간: 5년 , 제한보증 / 방열판 미포함 / 두께: 2.3mm / 7.7g",2025/08,ok,
2026-10-01T01:29:14+00:00,90156950,킹스톤 FURY Renegade G5 M.2 NVMe 해외구매 (1TB),https://prod.danawa.com/info/?pcode=90156950&cate=11229608,M.2 (2280),PCIe5.0x4 (128GT/s),1TB,TLC,DRAM 탑재,실리콘모션,"14,200MB/s","11,000MB/s","2,200K","2,150K","1,000TB",200만,,방열판 미포함,"M.2 (2280) / PCIe5.0x4 (128GT/s) / TLC / DRAM 탑재 / 컨트롤러: 실리콘모션 / [성능] 순차읽기: 14,200MB/s / 순차쓰기: 11,000MB/s / 읽기IOPS: 2,200K / 쓰기IOPS: 2,150K / [지원기능] S.M.A.R.T / SLC캐싱 / TRIM / [환경특성] MTBF: 200만 / TBW: 1,000TB / PS5 호환 / 방열판 미포함 / 두께: 2.3mm / 7.3g",2025/05,ok,
2026-10-01T01:29:14+00:00,43491269,킹스톤 FURY Renegade M.2 NVMe 해외구매 (500GB),https://prod.danawa.com/info/?pcode=43491269&cate=11229608,M.2 (2280),PCIe4.0x4 (64GT/s),500GB,TLC,DRAM 탑재,파이슨 PS5018-E18,"7,300MB/s","3,900MB/s",450K,900K,500TB,180만,,방열판 미포함,"M.2 (2280) / PCIe4.0x4 (64GT/s) / TLC / DRAM 탑재 / DDR4 512MB / 컨트롤러: 파이슨 PS5018-E18 / [성능] 순차읽기: 7,300MB/s / 순차쓰기: 3,900MB/s / 읽기IOPS: 450K / 쓰기IOPS: 900K / [지원기능] TRIM / SLC캐싱 / S.M.A.R.T / [환경특성] MTBF: 180만 / TBW: 500TB / PS5 호환 / 방열판 미포함 / 두께: 2.21mm / 7g",2024/03,ok,
2026-10-01T01:29:14+00:00,111279101,킹스톤 HyperX M.2 2280 S3 시리즈 벌크 (128GB),https://prod.danawa.com/info/?pcode=111279101&cate=11229608,M.2 (2280),,128GB,MLC,,,455~최대510MB/sMB/s,,70~79.3K,20.4~77.3K,,,3년,,M.2 (2280) / MLC / [성능] 순차읽기: 455~최대510MB/sMB/s / 읽기IOPS: 70~79.3K / 쓰기IOPS: 20.4~77.3K / A/S기간: 3년,2016/05,ok,
2026-10-01T01:29:14+00:00,119549186,킹스톤 HyperX M.2 2280 S3 시리즈 벌크 (256GB),https://prod.danawa.com/info/?pcode=119549186&cate=11229608,M.2 (2280),,256GB,MLC,,,455~최대510MB/sMB/s,,70~79.3K,20.4~77.3K,,,3년,,M.2 (2280) / MLC / [성능] 순차읽기: 455~최대510MB/sMB/s / 읽기IOPS: 70~79.3K / 쓰기IOPS: 20.4~77.3K / A/S기간: 3년,2016/05,ok,
2026-10-01T01:29:14+00:00,96773165,킹스톤 KC3000 M.2 NVMe (1TB),https://prod.danawa.com/info/?pcode=96773165&cate=11229608,M.2 (2280),PCIe4.0x4 (64GT/s),1TB,TLC,DRAM 탑재,파이슨 PS5018-E18,"7,000MB/s","6,000MB/s",900K,"1,000K",800TB,200만,"5년 , 제한보증",방열판 포함,"M.2 (2280) / PCIe4.0x4 (64GT/s) / TLC / DRAM 탑재 / DDR4 1GB / 컨트롤러: 파이슨 PS5018-E18 / [성능] 순차읽기: 7,000MB/s / 순차쓰기: 6,000MB/s / 읽기IOPS: 900K / 쓰기IOPS: 1,000K / [지원기능] TRIM / SLC캐싱 / S.M.A.R.T / 전용 S/W / [환경특성] MTBF: 200만 / TBW: 800TB / PS5 호환 / A/S기간: 5년 , 제한보증 / 방열판 포함 / 두께: 2.21mm / 7g",2025/08,ok,
2026-10-01T01:29:14+00:00,96773093,킹스톤 KC3000 M.2 NVMe (2TB),https://prod.danawa.com/info/?pcode=96773093&cate=11229608,M.2 (2280),PCIe4.0x4 (64GT/s),2TB,TLC,DRAM 탑재,파이슨 PS5018-E18,"7,000MB/s","7,000MB/s","1,000K","1,000K","1,600TB",200만,"5년 , 제한보증",방열판 포함,"M.2 (2280) / PCIe4.0x4 (64GT/s) / TLC / DRAM 탑재 / DDR4 2GB / 컨트롤러: 파이슨 PS5018-E18 / [성능] 순차읽기: 7,000MB/s / 순차쓰기: 7,000MB/s / 읽기IOPS: 1,000K / 쓰기IOPS: 1,000K / [지원기능] TRIM / S.M.A.R.T / SLC캐싱 / 전용 S/W / [환경특성] MTBF: 200만 / TBW: 1,600TB / PS5 호환 / A/S기간: 5년 , 제한보증 / 방열판 포함 / 두께: 3.5mm / 9.7g",2025/08,ok,
2026-10-01T01:29:14+00:00,96773027,킹스톤 KC3000 M.2 NVMe (4TB),https://prod.danawa.com/info/?pcode=96773027&cate=11229608,M.2 (2280),PCIe4.0x4 (64GT/s),4TB,TLC,DRAM 탑재,파이슨 PS5018-E18,"7,000MB/s","7,000MB/s","1,000K","1,000K","3,200TB",200만,"5년 , 제한보증",방열판 포함,"M.2 (2280) / PCIe4.0x4 (64GT/s) / TLC / DRAM 탑재 / DDR4 4GB / 컨트롤러: 파이슨 PS5018-E18 / [성능] 순차읽기: 7,000MB/s / 순차쓰기: 7,000MB/s / 읽기IOPS: 1,000K / 쓰기IOPS: 1,000K / [지원기능] TRIM / S.M.A.R.T / SLC캐싱 / 전용 S/W / [환경특성] MTBF: 200만 / TBW: 3,200TB / PS5 호환 / A/S기간: 5년 , 제한보증 / 방열판 포함 / 두께: 3.5mm / 9.7g",2025/08,ok,
2026-10-01T01:29:14+00:00,96773204,킹스톤 KC3000 M.2 NVMe (512GB),https://prod.danawa.com/info/?pcode=96773204&cate=11229608,M.2 (2280),PCIe4.0x4 (64GT/s),512GB,TLC,DRAM 탑재,파이슨 PS5018-E18,"7,000MB/s","3,900MB/s",450K,900K,400TB,200만,"5년 , 제한보증",방열판 포함,"M.2 (2280) / PCIe4.0x4 (64GT/s) / TLC / DRAM 탑재 / DDR4 512MB / 컨트롤러: 파이슨 PS5018-E18 / [성능] 순차읽기: 7,000MB/s / 순차쓰기: 3,900MB/s / 읽기IOPS: 450K / 쓰기IOPS: 900K / [지원기능] TRIM / SLC캐싱 / S.M.A.R.T / 전용 S/W / [환경특성] MTBF: 200만 / TBW: 400TB / PS5 호환 / A/S기간: 5년 , 제한보증 / 방열판 포함 / 두께: 2.21mm / 7g",2025/08,ok,
2026-10-01T01:29:14+00:00,122635825,킹스톤 KC3000 M.2 NVMe 병행수입 (1TB),https://prod.danawa.com/info/?pcode=122635825&cate=11229608,M.2 (2280),PCIe4.0x4 (64GT/s),1TB,TLC,DRAM 탑재,파이슨 PS5018-E18,"7,000MB/s","6,000MB/s",900K,"1,000K",800TB,200만,,방열판 포함,"M.2 (2280) / PCIe4.0x4 (64GT/s) / TLC / DRAM 탑재 / 컨트롤러: 파이슨 PS5018-E18 / [성능] 순차읽기: 7,000MB/s / 순차쓰기: 6,000MB/s / 읽기IOPS: 900K / 쓰기IOPS: 1,000K / [환경특성] MTBF: 200만 / TBW: 800TB / PS5 호환 / 방열판 포함 / 두께: 2.21mm",2026/04,ok,
2026-10-01T01:29:14+00:00,46675112,킹스톤 KC3000 M.2 NVMe 해외구매 (2TB),https://prod.danawa.com/info/?pcode=46675112&cate=11229608,M.2 (2280),PCIe4.0x4 (64GT/s),2TB,TLC,DRAM 탑재,파이슨 PS5018-E18,"7,000MB/s","7,000MB/s","1,000K","1,000K","1,600TB",200만,,방열판 포함,"M.2 (2280) / PCIe4.0x4 (64GT/s) / TLC / DRAM 탑재 / 컨트롤러: 파이슨 PS5018-E18 / [성능] 순차읽기: 7,000MB/s / 순차쓰기: 7,000MB/s / 읽기IOPS: 1,000K / 쓰기IOPS: 1,000K / [환경특성] MTBF: 200만 / TBW: 1,600TB / PS5 호환 / 방열판 포함 / 두께: 2.21mm",2024/04,ok,
2026-10-01T01:29:14+00:00,46675127,킹스톤 KC3000 M.2 NVMe 해외구매 (4TB),https://prod.danawa.com/info/?pcode=46675127&cate=11229608,M.2 (2280),PCIe4.0x4 (64GT/s),4TB,TLC,DRAM 탑재,파이슨 PS5018-E18,"7,000MB/s","7,000MB/s","1,000K","1,000K","3,200TB",200만,,방열판 포함,"M.2 (2280) / PCIe4.0x4 (64GT/s) / TLC / DRAM 탑재 / 컨트롤러: 파이슨 PS5018-E18 / [성능] 순차읽기: 7,000MB/s / 순차쓰기: 7,000MB/s / 읽기IOPS: 1,000K / 쓰기IOPS: 1,000K / [환경특성] MTBF: 200만 / TBW: 3,200TB / PS5 호환 / 방열판 포함 / 두께: 2.21mm",2024/04,ok,
2026-10-01T01:29:14+00:00,14275913,킹스톤 KC600 해외구매 (256GB),https://prod.danawa.com/info/?pcode=14275913&cate=11229608,6.4cm(2.5형),SATA3 (6Gb/s),256GB,TLC,DRAM 탑재,SM2259,550MB/s,500MB/s,90K,80K,150TB,100만,,,6.4cm(2.5형) / SATA3 (6Gb/s) / TLC / DRAM 탑재 / DDR3 256MB / 컨트롤러: SM2259 / [성능] 순차읽기: 550MB/s / 순차쓰기: 500MB/s / 읽기IOPS: 90K / 쓰기IOPS: 80K / [지원기능] TRIM / S.M.A.R.T / AES 암호화 / [환경특성] MTBF: 100만 / TBW: 150TB / 두께: 7mm / 40g,2021/05,ok,
2026-10-01T01:29:14+00:00,106686851,킹스톤 NV3 M.2 2230 NVMe 병행수입 (1TB),https://prod.danawa.com/info/?pcode=106686851&cate=11229608,M.2 (2230),PCIe4.0x4 (64GT/s),1TB,QLC,,실리콘모션,"6,000MB/s","4,000MB/s",,,320TB,200만,,방열판 미포함,"M.2 (2230) / PCIe4.0x4 (64GT/s) / QLC / 컨트롤러: 실리콘모션 / [성능] 순차읽기: 6,000MB/s / 순차쓰기: 4,000MB/s / [지원기능] TRIM / HMB / SLC캐싱 / S.M.A.R.T / [환경특성] MTBF: 200만 / TBW: 320TB / 스팀덱, Ally 호환 / 방열판 미포함 / 두께: 2.3mm / 2.8g",2026/02,ok,
2026-10-01T01:29:14+00:00,106686848,킹스톤 NV3 M.2 2230 NVMe 병행수입 (2TB),https://prod.danawa.com/info/?pcode=106686848&cate=11229608,M.2 (2230),PCIe4.0x4 (64GT/s),2TB,QLC,,실리콘모션,"6,000MB/s","5,000MB/s",,,640TB,200만,,방열판 미포함,"M.2 (2230) / PCIe4.0x4 (64GT/s) / QLC / 컨트롤러: 실리콘모션 / [성능] 순차읽기: 6,000MB/s / 순차쓰기: 5,000MB/s / [지원기능] TRIM / HMB / SLC캐싱 / S.M.A.R.T / [환경특성] MTBF: 200만 / TBW: 640TB / 스팀덱, Ally 호환 / 방열판 미포함 / 두께: 2.3mm / 2.8g",2026/02,ok,
2026-10-01T01:29:14+00:00,106686854,킹스톤 NV3 M.2 2230 NVMe 병행수입 (500GB),https://prod.danawa.com/info/?pcode=106686854&cate=11229608,M.2 (2230),PCIe4.0x4 (64GT/s),500GB,QLC,,실리콘모션,"5,000MB/s","3,000MB/s",,,160TB,200만,,방열판 미포함,"M.2 (2230) / PCIe4.0x4 (64GT/s) / QLC / 컨트롤러: 실리콘모션 / [성능] 순차읽기: 5,000MB/s / 순차쓰기: 3,000MB/s / [지원기능] HMB / TRIM / SLC캐싱 / S.M.A.R.T / [환경특성] MTBF: 200만 / TBW: 160TB / 스팀덱, Ally 호환 / 방열판 미포함 / 두께: 2.3mm / 2.6g",2026/02,ok,
2026-10-01T01:29:14+00:00,93628601,킹스톤 NV3 M.2 2230 NVMe 해외구매 (1TB),https://prod.danawa.com/info/?pcode=93628601&cate=11229608,M.2 (2230),PCIe4.0x4 (64GT/s),1TB,QLC,,실리콘모션,"6,000MB/s","4,000MB/s",,,320TB,200만,,방열판 미포함,"M.2 (2230) / PCIe4.0x4 (64GT/s) / QLC / 컨트롤러: 실리콘모션 / [성능] 순차읽기: 6,000MB/s / 순차쓰기: 4,000MB/s / [지원기능] HMB / TRIM / SLC캐싱 / S.M.A.R.T / [환경특성] MTBF: 200만 / TBW: 320TB / 스팀덱, Ally 호환 / 방열판 미포함 / 두께: 2.3mm / 2.8g",2025/07,ok,
2026-10-01T01:29:14+00:00,93628586,킹스톤 NV3 M.2 2230 NVMe 해외구매 (500GB),https://prod.danawa.com/info/?pcode=93628586&cate=11229608,M.2 (2230),PCIe4.0x4 (64GT/s),500GB,QLC,,실리콘모션,"5,000MB/s","3,000MB/s",,,160TB,200만,,방열판 미포함,"M.2 (2230) / PCIe4.0x4 (64GT/s) / QLC / 컨트롤러: 실리콘모션 / [성능] 순차읽기: 5,000MB/s / 순차쓰기: 3,000MB/s / [지원기능] TRIM / HMB / SLC캐싱 / S.M.A.R.T / [환경특성] MTBF: 200만 / TBW: 160TB / 스팀덱, Ally 호환 / 방열판 미포함 / 두께: 2.3mm / 2.6g",2025/07,ok,
2026-10-01T01:29:14+00:00,96772595,킹스톤 NV3 M.2 NVMe (1TB),https://prod.danawa.com/info/?pcode=96772595&cate=11229608,M.2 (2280),PCIe4.0x4 (64GT/s),1TB,QLC,,실리콘모션,"6,000MB/s","4,000MB/s",,,320TB,200만,"제한보증 , 5년",방열판 미포함,"M.2 (2280) / PCIe4.0x4 (64GT/s) / QLC / 컨트롤러: 실리콘모션 / [성능] 순차읽기: 6,000MB/s / 순차쓰기: 4,000MB/s / [지원기능] TRIM / HMB / SLC캐싱 / S.M.A.R.T / [환경특성] MTBF: 200만 / TBW: 320TB / PS5 호환 / A/S기간: 제한보증 , 5년 / 방열판 미포함 / 두께: 2.3mm / 7g",2025/08,ok,
2026-10-01T01:29:14+00:00,96772562,킹스톤 NV3 M.2 NVMe (2TB),https://prod.danawa.com/info/?pcode=96772562&cate=11229608,M.2 (2280),PCIe4.0x4 (64GT/s),2TB,QLC,,실리콘모션,"6,000MB/s","5,000MB/s",,,640TB,200만,"5년 , 제한보증",방열판 미포함,"M.2 (2280) / PCIe4.0x4 (64GT/s) / QLC / 컨트롤러: 실리콘모션 / [성능] 순차읽기: 6,000MB/s / 순차쓰기: 5,000MB/s / [지원기능] TRIM / HMB / SLC캐싱 / S.M.A.R.T / 전용 S/W / [환경특성] MTBF: 200만 / TBW: 640TB / PS5 호환 / A/S기간: 5년 , 제한보증 / 방열판 미포함 / 두께: 2.3mm / 7g",2025/08,ok,
2026-10-01T01:29:14+00:00,96772508,킹스톤 NV3 M.2 NVMe (4TB),https://prod.danawa.com/info/?pcode=96772508&cate=11229608,M.2 (2280),PCIe4.0x4 (64GT/s),4TB,QLC,,실리콘모션,"6,000MB/s","5,000MB/s",,,"1,280TB",200만,"제한보증 , 5년",방열판 미포함,"M.2 (2280) / PCIe4.0x4 (64GT/s) / QLC / 컨트롤러: 실리콘모션 / [성능] 순차읽기: 6,000MB/s / 순차쓰기: 5,000MB/s / [지원기능] HMB / TRIM / SLC캐싱 / S.M.A.R.T / 전용 S/W / [환경특성] MTBF: 200만 / TBW: 1,280TB / PS5 호환 / A/S기간: 제한보증 , 5년 / 방열판 미포함 / 두께: 2.3mm / 7g",2025/08,ok,
2026-10-01T01:29:14+00:00,96772631,킹스톤 NV3 M.2 NVMe (500GB),https://prod.danawa.com/info/?pcode=96772631&cate=11229608,M.2 (2280),PCIe4.0x4 (64GT/s),500GB,QLC,,실리콘모션,"5,000MB/s","3,000MB/s",,,160TB,200만,"5년 , 제한보증",방열판 미포함,"M.2 (2280) / PCIe4.0x4 (64GT/s) / QLC / 컨트롤러: 실리콘모션 / [성능] 순차읽기: 5,000MB/s / 순차쓰기: 3,000MB/s / [지원기능] HMB / TRIM / SLC캐싱 / S.M.A.R.T / [환경특성] MTBF: 200만 / TBW: 160TB / A/S기간: 5년 , 제한보증 / 방열판 미포함 / 두께: 2.3mm / 7g",2025/08,ok,
2026-10-01T01:29:14+00:00,103751138,킹스톤 NV3 M.2 NVMe 병행수입 (1TB),https://prod.danawa.com/info/?pcode=103751138&cate=11229608,M.2 (2280),PCIe4.0x4 (64GT/s),1TB,QLC,,실리콘모션,"6,000MB/s","4,000MB/s",,,320TB,200만,,방열판 미포함,"M.2 (2280) / PCIe4.0x4 (64GT/s) / QLC / 컨트롤러: 실리콘모션 / [성능] 순차읽기: 6,000MB/s / 순차쓰기: 4,000MB/s / [지원기능] TRIM / HMB / SLC캐싱 / S.M.A.R.T / [환경특성] MTBF: 200만 / TBW: 320TB / PS5 호환 / 방열판 미포함 / 두께: 2.3mm / 7g",2026/01,ok,
2026-10-01T01:29:14+00:00,103751144,킹스톤 NV3 M.2 NVMe 병행수입 (500GB),https://prod.danawa.com/info/?pcode=103751144&cate=11229608,M.2 (2280),PCIe4.0x4 (64GT/s),500GB,QLC,,실리콘모션,"5,000MB/s","3,000MB/s",,,160TB,200만,,방열판 미포함,"M.2 (2280) / PCIe4.0x4 (64GT/s) / QLC / 컨트롤러: 실리콘모션 / [성능] 순차읽기: 5,000MB/s / 순차쓰기: 3,000MB/s / [지원기능] HMB / TRIM / SLC캐싱 / S.M.A.R.T / [환경특성] MTBF: 200만 / TBW: 160TB / 방열판 미포함 / 두께: 2.3mm / 7g",2026/01,ok,
2026-10-01T01:29:14+00:00,97119866,킹스톤 OM3PGP4512Q-A0 M.2 2230 NVMe 해외구매 (512GB),https://prod.danawa.com/info/?pcode=97119866&cate=11229608,M.2 (2230),PCIe4.0x4 (64GT/s),512GB,TLC,,기타,"4,700MB/s","3,400MB/s",,,,,,방열판 미포함,"M.2 (2230) / PCIe4.0x4 (64GT/s) / TLC / 컨트롤러: 기타 / [성능] 순차읽기: 4,700MB/s / 순차쓰기: 3,400MB/s / [환경특성] 방열판 미포함",2025/09,ok,
2026-10-01T01:29:14+00:00,17621474,킹스톤 OM8PDP3256B-AB1 M.2 NVme 벌크 (256GB),https://prod.danawa.com/info/?pcode=17621474&cate=11229608,M.2 (2280),PCIe3.0x4 (32GT/s),256GB,,,기타,"2,400MB/s","1,100MB/s",,,,,,방열판 미포함,"M.2 (2280) / PCIe3.0x4 (32GT/s) / 컨트롤러: 기타 / [성능] 순차읽기: 2,400MB/s / 순차쓰기: 1,100MB/s / [환경특성] 방열판 미포함 / 두께: 2.23mm / [기타] 노트북 적출상품",2022/08,ok,
2026-10-01T01:29:14+00:00,27557195,킹스톤 OM8PDP3256B-AI1 M.2 NVMe 벌크 (256GB),https://prod.danawa.com/info/?pcode=27557195&cate=11229608,M.2 (2280),PCIe3.0x4 (32GT/s),256GB,,,기타,,,,,,,,방열판 미포함,M.2 (2280) / PCIe3.0x4 (32GT/s) / 컨트롤러: 기타 / [환경특성] 방열판 미포함 / 두께: 2.3mm / [기타] 노트북 적출상품,2023/08,ok,
2026-10-01T01:29:14+00:00,69470651,킹스톤 SSDNow A400 해외구매 (120GB),https://prod.danawa.com/info/?pcode=69470651&cate=11229608,6.4cm(2.5형),SATA3 (6Gb/s),120GB,,,파이슨,500MB/s,320MB/s,,,40TB,100만,,,6.4cm(2.5형) / SATA3 (6Gb/s) / 컨트롤러: 파이슨 / [성능] 순차읽기: 500MB/s / 순차쓰기: 320MB/s / [지원기능] SLC캐싱 / [환경특성] MTBF: 100만 / TBW: 40TB / 두께: 7mm / 41g,2024/10,ok,
2026-10-01T01:29:14+00:00,69470717,킹스톤 SSDNow A400 해외구매 (480GB),https://prod.danawa.com/info/?pcode=69470717&cate=11229608,6.4cm(2.5형),SATA3 (6Gb/s),480GB,,,킹스톤,500MB/s,450MB/s,,,160TB,100만,,,6.4cm(2.5형) / SATA3 (6Gb/s) / 컨트롤러: 킹스톤 / [성능] 순차읽기: 500MB/s / 순차쓰기: 450MB/s / [지원기능] SLC캐싱 / [환경특성] MTBF: 100만 / TBW: 160TB / 두께: 7mm / 41g,2024/10,ok,
2026-10-01T01:29:14+00:00,122617999,킹스톤 SSDNow RBU-SC180DS37 중고 (128GB),https://prod.danawa.com/info/?pcode=122617999&cate=11229608,6.4cm(2.5형),SATA3 (6Gb/s),128GB,,,기타,500MB/s,450MB/s,최대 76K,최대 74K,65TB,100만,,,6.4cm(2.5형) / SATA3 (6Gb/s) / TLC(토글) / 컨트롤러: 기타 / [성능] 순차읽기: 500MB/s / 순차쓰기: 450MB/s / 읽기IOPS: 최대 76K / 쓰기IOPS: 최대 74K / [지원기능] TRIM / S.M.A.R.T / [환경특성] MTBF: 100만 / TBW: 65TB / 두께: 7mm / 95g,2017/09,ok,
2026-10-01T01:29:14+00:00,9496839,타무즈 GK300 (256GB),https://prod.danawa.com/info/?pcode=9496839&cate=11229608,6.4cm(2.5형),SATA3 (6Gb/s),256GB,,,ASolid AS2258,550MB/s,500MB/s,최대 90K,최대 85K,125TB,150만,"3년 , 제한보증",,"6.4cm(2.5형) / SATA3 (6Gb/s) / TLC(토글) / 컨트롤러: ASolid AS2258 / [성능] 순차읽기: 550MB/s / 순차쓰기: 500MB/s / 읽기IOPS: 최대 90K / 쓰기IOPS: 최대 85K / [지원기능] TRIM / ECC / SLC캐싱 / GC / S.M.A.R.T / 전용 S/W / [환경특성] MTBF: 150만 / TBW: 125TB / A/S기간: 3년 , 제한보증 / 두께: 7mm",2019/09,ok,
2026-10-01T01:29:14+00:00,11708717,타무즈 GK300 (64GB),https://prod.danawa.com/info/?pcode=11708717&cate=11229608,6.4cm(2.5형),SATA3 (6Gb/s),64GB,,,ASolid AS2258,300MB/s,200MB/s,30K,40K,30TB,150만,"3년 , 제한보증",,"6.4cm(2.5형) / SATA3 (6Gb/s) / TLC(토글) / 컨트롤러: ASolid AS2258 / [성능] 순차읽기: 300MB/s / 순차쓰기: 200MB/s / 읽기IOPS: 30K / 쓰기IOPS: 40K / [지원기능] TRIM / ECC / SLC캐싱 / GC / S.M.A.R.T / 전용 S/W / [환경특성] MTBF: 150만 / TBW: 30TB / A/S기간: 3년 , 제한보증 / 두께: 7mm",2019/09,ok,
2026-10-01T01:29:14+00:00,11888062,타무즈 GKM330 M.2 2242 SATA (1TB),https://prod.danawa.com/info/?pcode=11888062&cate=11229608,M.2 (2242),SATA3 (6Gb/s),1TB,TLC,,ASolid AS2258,550MB/s,500MB/s,최대 90K,최대 85K,512TB,,3년,,M.2 (2242) / SATA3 (6Gb/s) / TLC / 컨트롤러: ASolid AS2258 / [성능] 순차읽기: 550MB/s / 순차쓰기: 500MB/s / 읽기IOPS: 최대 90K / 쓰기IOPS: 최대 85K / [지원기능] GC / S.M.A.R.T / SLC캐싱 / TRIM / ECC / 전용 S/W / [환경특성] TBW: 512TB / A/S기간: 3년 / 두께: 3.05mm / 3g,2020/07,ok,
2026-10-01T01:29:14+00:00,11887951,타무즈 GKM330 M.2 2242 SATA (256GB),https://prod.danawa.com/info/?pcode=11887951&cate=11229608,M.2 (2242),SATA3 (6Gb/s),256GB,TLC,,ASolid AS2258,550MB/s,500MB/s,90K,85K,125TB,,"3년 , 제한보증",,"M.2 (2242) / SATA3 (6Gb/s) / TLC / 컨트롤러: ASolid AS2258 / [성능] 순차읽기: 550MB/s / 순차쓰기: 500MB/s / 읽기IOPS: 90K / 쓰기IOPS: 85K / [지원기능] TRIM / ECC / SLC캐싱 / GC / S.M.A.R.T / 전용 S/W / [환경특성] TBW: 125TB / A/S기간: 3년 , 제한보증 / 두께: 3.05mm / 3g",2020/07,ok,
2026-10-01T01:29:14+00:00,11888050,타무즈 GKM330 M.2 2242 SATA (512GB),https://prod.danawa.com/info/?pcode=11888050&cate=11229608,M.2 (2242),SATA3 (6Gb/s),512GB,TLC,,ASolid AS2258,550MB/s,500MB/s,90K,85K,256TB,,"3년 , 제한보증",,"M.2 (2242) / SATA3 (6Gb/s) / TLC / 컨트롤러: ASolid AS2258 / [성능] 순차읽기: 550MB/s / 순차쓰기: 500MB/s / 읽기IOPS: 90K / 쓰기IOPS: 85K / [지원기능] TRIM / ECC / SLC캐싱 / GC / S.M.A.R.T / 전용 S/W / [환경특성] TBW: 256TB / A/S기간: 3년 , 제한보증 / 두께: 3.05mm / 3g",2020/07,ok,
2026-10-01T01:29:14+00:00,11887891,타무즈 GKM330 M.2 2242 SATA (64GB),https://prod.danawa.com/info/?pcode=11887891&cate=11229608,M.2 (2242),SATA3 (6Gb/s),64GB,TLC,,ASolid AS2258,300MB/s,200MB/s,30K,40K,30TB,,"3년 , 제한보증",,"M.2 (2242) / SATA3 (6Gb/s) / TLC / 컨트롤러: ASolid AS2258 / [성능] 순차읽기: 300MB/s / 순차쓰기: 200MB/s / 읽기IOPS: 30K / 쓰기IOPS: 40K / [지원기능] TRIM / ECC / SLC캐싱 / GC / S.M.A.R.T / 전용 S/W / [환경특성] TBW: 30TB / A/S기간: 3년 , 제한보증 / 두께: 3.05mm / 3g",2020/07,ok,
2026-10-01T01:29:14+00:00,9701229,타무즈 GKM330 M.2 SATA (128GB),https://prod.danawa.com/info/?pcode=9701229&cate=11229608,M.2 (2280),SATA3 (6Gb/s),128GB,TLC,,ASolid AS2258,500MB/s,400MB/s,55K,79K,62.5TB,150만,"3년 , 제한보증",,"M.2 (2280) / SATA3 (6Gb/s) / TLC / 컨트롤러: ASolid AS2258 / [성능] 순차읽기: 500MB/s / 순차쓰기: 400MB/s / 읽기IOPS: 55K / 쓰기IOPS: 79K / [지원기능] TRIM / ECC / SLC캐싱 / GC / S.M.A.R.T / 전용 S/W / [환경특성] MTBF: 150만 / TBW: 62.5TB / A/S기간: 3년 , 제한보증 / 두께: 2.25mm / 최대 11g",2019/10,ok,
2026-10-01T01:29:14+00:00,9701295,타무즈 GKM330 M.2 SATA (256GB),https://prod.danawa.com/info/?pcode=9701295&cate=11229608,M.2 (2280),SATA3 (6Gb/s),256GB,TLC,,ASolid AS2258,550MB/s,500MB/s,90K,85K,125TB,150만,"제한보증 , 3년",,"M.2 (2280) / SATA3 (6Gb/s) / TLC / 컨트롤러: ASolid AS2258 / [성능] 순차읽기: 550MB/s / 순차쓰기: 500MB/s / 읽기IOPS: 90K / 쓰기IOPS: 85K / [지원기능] TRIM / ECC / GC / SLC캐싱 / S.M.A.R.T / 전용 S/W / [환경특성] MTBF: 150만 / TBW: 125TB / A/S기간: 제한보증 , 3년 / 두께: 2.25mm / 최대 11g",2019/10,ok,
2026-10-01T01:29:14+00:00,9701343,타무즈 GKM330 M.2 SATA (512GB),https://prod.danawa.com/info/?pcode=9701343&cate=11229608,M.2 (2280),SATA3 (6Gb/s),512GB,TLC,,ASolid AS2258,550MB/s,500MB/s,90K,85K,256TB,150만,"3년 , 제한보증",,"M.2 (2280) / SATA3 (6Gb/s) / TLC / 컨트롤러: ASolid AS2258 / [성능] 순차읽기: 550MB/s / 순차쓰기: 500MB/s / 읽기IOPS: 90K / 쓰기IOPS: 85K / [지원기능] TRIM / ECC / GC / SLC캐싱 / S.M.A.R.T / 전용 S/W / [환경특성] MTBF: 150만 / TBW: 256TB / A/S기간: 3년 , 제한보증 / 두께: 2.25mm / 최대 11g",2019/10,ok,
2026-10-01T01:29:14+00:00,10034022,타무즈 GKX370 mSATA (128GB),https://prod.danawa.com/info/?pcode=10034022&cate=11229608,Mini SATA(mSATA),SATA3 (6Gb/s),128GB,TLC,,ASolid AS2258,550MB/s,400MB/s,,,62.5TB,150만,"3년 , 제한보증",,"Mini SATA(mSATA) / SATA3 (6Gb/s) / TLC / 컨트롤러: ASolid AS2258 / [성능] 순차읽기: 550MB/s / 순차쓰기: 400MB/s / [지원기능] GC / S.M.A.R.T / SLC캐싱 / TRIM / ECC / 전용 S/W / [환경특성] MTBF: 150만 / TBW: 62.5TB / A/S기간: 3년 , 제한보증 / 두께: 2mm / 8.5g / [기타] 두께 3.5mm에서 2mm로 수정되었습니다(20.01.18)",2019/11,ok,
2026-10-01T01:29:14+00:00,10034037,타무즈 GKX370 mSATA (256GB),https://prod.danawa.com/info/?pcode=10034037&cate=11229608,Mini SATA(mSATA),SATA3 (6Gb/s),256GB,TLC,,ASolid AS2258,550MB/s,500MB/s,,,125TB,150만,"3년 , 제한보증",,"Mini SATA(mSATA) / SATA3 (6Gb/s) / TLC / 컨트롤러: ASolid AS2258 / [성능] 순차읽기: 550MB/s / 순차쓰기: 500MB/s / [지원기능] TRIM / ECC / SLC캐싱 / GC / S.M.A.R.T / 전용 S/W / [환경특성] MTBF: 150만 / TBW: 125TB / A/S기간: 3년 , 제한보증 / 두께: 2mm / 8.5g / [기타] 두께 3.5mm에서 2mm로 수정되었습니다(20.01.18)",2019/12,ok,
2026-10-01T01:29:14+00:00,10034049,타무즈 GKX370 mSATA (512GB),https://prod.danawa.com/info/?pcode=10034049&cate=11229608,Mini SATA(mSATA),SATA3 (6Gb/s),512GB,TLC,,ASolid AS2258,550MB/s,500MB/s,,,256TB,150만,"제한보증 , 3년",,"Mini SATA(mSATA) / SATA3 (6Gb/s) / TLC / 컨트롤러: ASolid AS2258 / [성능] 순차읽기: 550MB/s / 순차쓰기: 500MB/s / [지원기능] TRIM / ECC / SLC캐싱 / GC / S.M.A.R.T / 전용 S/W / [환경특성] MTBF: 150만 / TBW: 256TB / A/S기간: 제한보증 , 3년 / 두께: 2mm / 8.5g / [기타] 두께 3.5mm에서 2mm로 수정되었습니다(20.01.18)",2019/11,ok,
2026-10-01T01:29:14+00:00,10033965,타무즈 GKX370 mSATA (64GB),https://prod.danawa.com/info/?pcode=10033965&cate=11229608,Mini SATA(mSATA),SATA3 (6Gb/s),64GB,TLC,,ASolid AS2258,350MB/s,200MB/s,,,60TB,150만,"제한보증 , 3년",,"Mini SATA(mSATA) / SATA3 (6Gb/s) / TLC / 컨트롤러: ASolid AS2258 / [성능] 순차읽기: 350MB/s / 순차쓰기: 200MB/s / [지원기능] GC / S.M.A.R.T / SLC캐싱 / TRIM / ECC / 전용 S/W / [환경특성] MTBF: 150만 / TBW: 60TB / A/S기간: 제한보증 , 3년 / 두께: 2mm / 8.5g / [기타] 두께 3.5mm에서 2mm로 수정되었습니다(20.01.18)",2019/11,ok,
2026-10-01T01:29:14+00:00,10033824,타무즈 GKX570 mSATA 벌크 (16GB),https://prod.danawa.com/info/?pcode=10033824&cate=11229608,Mini SATA(mSATA),SATA3 (6Gb/s),16GB,MLC,,ASolid AS2258,200MB/s,190MB/s,,,60TB,150만,3년,,Mini SATA(mSATA) / SATA3 (6Gb/s) / MLC / 컨트롤러: ASolid AS2258 / [성능] 순차읽기: 200MB/s / 순차쓰기: 190MB/s / [지원기능] TRIM / ECC / SLC캐싱 / GC / S.M.A.R.T / 전용 S/W / [환경특성] MTBF: 150만 / TBW: 60TB / A/S기간: 3년 / 두께: 3.5mm / 8.5g,2019/11,ok,
2026-10-01T01:29:14+00:00,10033884,타무즈 GKX570 mSATA 벌크 (256GB),https://prod.danawa.com/info/?pcode=10033884&cate=11229608,Mini SATA(mSATA),SATA3 (6Gb/s),256GB,MLC,,ASolid AS2258,550MB/s,500MB/s,,,125TB,150만,3년,,Mini SATA(mSATA) / SATA3 (6Gb/s) / MLC / 컨트롤러: ASolid AS2258 / [성능] 순차읽기: 550MB/s / 순차쓰기: 500MB/s / [지원기능] TRIM / ECC / GC / SLC캐싱 / S.M.A.R.T / 전용 S/W / [환경특성] MTBF: 150만 / TBW: 125TB / A/S기간: 3년 / 두께: 3.5mm / 8.5g,2019/11,ok,
2026-10-01T01:29:14+00:00,10033857,타무즈 GKX570 mSATA 벌크 (32GB),https://prod.danawa.com/info/?pcode=10033857&cate=11229608,Mini SATA(mSATA),SATA3 (6Gb/s),32GB,MLC,,ASolid AS2258,350MB/s,200MB/s,,,60TB,150만,3년,,Mini SATA(mSATA) / SATA3 (6Gb/s) / MLC / 컨트롤러: ASolid AS2258 / [성능] 순차읽기: 350MB/s / 순차쓰기: 200MB/s / [지원기능] GC / S.M.A.R.T / SLC캐싱 / TRIM / ECC / 전용 S/W / [환경특성] MTBF: 150만 / TBW: 60TB / A/S기간: 3년 / 두께: 3.5mm / 8.5g,2019/11,ok,
2026-10-01T01:29:14+00:00,10033869,타무즈 GKX570 mSATA 벌크 (64GB),https://prod.danawa.com/info/?pcode=10033869&cate=11229608,Mini SATA(mSATA),SATA3 (6Gb/s),64GB,MLC,,ASolid AS2258,350MB/s,200MB/s,,,60TB,150만,3년,,Mini SATA(mSATA) / SATA3 (6Gb/s) / MLC / 컨트롤러: ASolid AS2258 / [성능] 순차읽기: 350MB/s / 순차쓰기: 200MB/s / [지원기능] TRIM / ECC / SLC캐싱 / GC / S.M.A.R.T / 전용 S/W / [환경특성] MTBF: 150만 / TBW: 60TB / A/S기간: 3년 / 두께: 3.5mm / 8.5g,2019/11,ok,
2026-10-01T01:29:14+00:00,33364364,타무즈 M740 M.2 NVMe 벌크 (1TB),https://prod.danawa.com/info/?pcode=33364364&cate=11229608,M.2 (2280),PCIe3.0x4 (32GT/s),1TB,TLC,,실리콘모션 SM2263XT,"2,111MB/s","1,757MB/s",144K,233K,,100만,3년,방열판 미포함,"M.2 (2280) / PCIe3.0x4 (32GT/s) / TLC / 컨트롤러: 실리콘모션 SM2263XT / [성능] 순차읽기: 2,111MB/s / 순차쓰기: 1,757MB/s / 읽기IOPS: 144K / 쓰기IOPS: 233K / [지원기능] DEVSLP / TRIM / ECC / SLC캐싱 / GC / S.M.A.R.T / [환경특성] MTBF: 100만 / A/S기간: 3년 / 방열판 미포함 / 두께: 3.2mm / 5g",2024/01,ok,
2026-10-01T01:29:14+00:00,33364415,타무즈 M740 M.2 NVMe 벌크 (256GB),https://prod.danawa.com/info/?pcode=33364415&cate=11229608,M.2 (2280),PCIe3.0x4 (32GT/s),256GB,TLC,,실리콘모션 SM2263XT,"2,041MB/s","1,217MB/s",107K,220K,,100만,3년,방열판 미포함,"M.2 (2280) / PCIe3.0x4 (32GT/s) / TLC / 컨트롤러: 실리콘모션 SM2263XT / [성능] 순차읽기: 2,041MB/s / 순차쓰기: 1,217MB/s / 읽기IOPS: 107K / 쓰기IOPS: 220K / [지원기능] TRIM / ECC / DEVSLP / GC / SLC캐싱 / S.M.A.R.T / [환경특성] MTBF: 100만 / A/S기간: 3년 / 방열판 미포함 / 두께: 3.2mm / 5g",2024/01,ok,
2026-10-01T01:29:14+00:00,33364421,타무즈 M740 M.2 NVMe 벌크 (512GB),https://prod.danawa.com/info/?pcode=33364421&cate=11229608,M.2 (2280),PCIe3.0x4 (32GT/s),512GB,TLC,,실리콘모션 SM2263XT,"2,150MB/s","1,738MB/s",182K,251K,,100만,3년,방열판 미포함,"M.2 (2280) / PCIe3.0x4 (32GT/s) / TLC / 컨트롤러: 실리콘모션 SM2263XT / [성능] 순차읽기: 2,150MB/s / 순차쓰기: 1,738MB/s / 읽기IOPS: 182K / 쓰기IOPS: 251K / [지원기능] DEVSLP / TRIM / ECC / SLC캐싱 / GC / S.M.A.R.T / [환경특성] MTBF: 100만 / A/S기간: 3년 / 방열판 미포함 / 두께: 3.2mm / 5g",2024/01,ok,
2026-10-01T01:29:14+00:00,124076572,타무즈 M740Q M.2 NVMe 벌크 (128GB),https://prod.danawa.com/info/?pcode=124076572&cate=11229608,M.2 (2280),PCIe3.0x4 (32GT/s),128GB,QLC,,기타,"1,800MB/s",600MB/s,103K,134K,90TB,100만,"3년 , 제한보증",방열판 미포함,"M.2 (2280) / PCIe3.0x4 (32GT/s) / QLC / 컨트롤러: 기타 / [성능] 순차읽기: 1,800MB/s / 순차쓰기: 600MB/s / 읽기IOPS: 103K / 쓰기IOPS: 134K / [지원기능] TRIM / S.M.A.R.T / SLC캐싱 / GC / ECC / DEVSLP / [환경특성] MTBF: 100만 / TBW: 90TB / A/S기간: 3년 , 제한보증 / 방열판 미포함 / 두께: 2.15mm / 5g",2026/01,ok,
2026-10-01T01:29:14+00:00,103692554,타무즈 M740Q M.2 NVMe 벌크 (1TB),https://prod.danawa.com/info/?pcode=103692554&cate=11229608,M.2 (2280),PCIe3.0x4 (32GT/s),1TB,QLC,,기타,"3,500MB/s","2,500MB/s",174K,560K,300TB,100만,"3년 , 제한보증",방열판 미포함,"M.2 (2280) / PCIe3.0x4 (32GT/s) / QLC / 컨트롤러: 기타 / [성능] 순차읽기: 3,500MB/s / 순차쓰기: 2,500MB/s / 읽기IOPS: 174K / 쓰기IOPS: 560K / [지원기능] GC / S.M.A.R.T / SLC캐싱 / TRIM / ECC / DEVSLP / [환경특성] MTBF: 100만 / TBW: 300TB / A/S기간: 3년 , 제한보증 / 방열판 미포함 / 두께: 2.15mm / 5g",2026/01,ok,
2026-10-01T01:29:14+00:00,103692578,타무즈 M740Q M.2 NVMe 벌크 (256GB),https://prod.danawa.com/info/?pcode=103692578&cate=11229608,M.2 (2280),PCIe3.0x4 (32GT/s),256GB,QLC,,기타,"2,700MB/s","1,500MB/s",340K,360K,150TB,100만,"3년 , 제한보증",방열판 미포함,"M.2 (2280) / PCIe3.0x4 (32GT/s) / QLC / 컨트롤러: 기타 / [성능] 순차읽기: 2,700MB/s / 순차쓰기: 1,500MB/s / 읽기IOPS: 340K / 쓰기IOPS: 360K / [지원기능] TRIM / S.M.A.R.T / SLC캐싱 / GC / ECC / DEVSLP / [환경특성] MTBF: 100만 / TBW: 150TB / A/S기간: 3년 , 제한보증 / 방열판 미포함 / 두께: 2.15mm / 5g",2026/01,ok,
2026-10-01T01:29:14+00:00,103692572,타무즈 M740Q M.2 NVMe 벌크 (512GB),https://prod.danawa.com/info/?pcode=103692572&cate=11229608,M.2 (2280),PCIe3.0x4 (32GT/s),512GB,QLC,,기타,"3,000MB/s","1,800MB/s",314K,286K,300TB,100만,"3년 , 제한보증",방열판 미포함,"M.2 (2280) / PCIe3.0x4 (32GT/s) / QLC / 컨트롤러: 기타 / [성능] 순차읽기: 3,000MB/s / 순차쓰기: 1,800MB/s / 읽기IOPS: 314K / 쓰기IOPS: 286K / [지원기능] TRIM / S.M.A.R.T / SLC캐싱 / GC / ECC / DEVSLP / [환경특성] MTBF: 100만 / TBW: 300TB / A/S기간: 3년 , 제한보증 / 방열판 미포함 / 두께: 2.15mm / 5g",2026/01,ok,
2026-10-01T01:29:14+00:00,91765991,타무즈 M820 M.2 NVMe (1TB),https://prod.danawa.com/info/?pcode=91765991&cate=11229608,M.2 (2280),PCIe4.0x4 (64GT/s),1TB,TLC,,기타,"5,200MB/s","4,800MB/s",450K,470K,700TB,100만,"3년 , 제한보증",방열판 미포함,"M.2 (2280) / PCIe4.0x4 (64GT/s) / TLC / 컨트롤러: 기타 / [성능] 순차읽기: 5,200MB/s / 순차쓰기: 4,800MB/s / 읽기IOPS: 450K / 쓰기IOPS: 470K / [지원기능] DEVSLP / TRIM / ECC / SLC캐싱 / GC / S.M.A.R.T / 전용 S/W / [환경특성] MTBF: 100만 / TBW: 700TB / A/S기간: 3년 , 제한보증 / 방열판 미포함 / 두께: 2.3mm / 5g",2025/06,ok,
2026-10-01T01:29:14+00:00,91765979,타무즈 M820 M.2 NVMe (512GB),https://prod.danawa.com/info/?pcode=91765979&cate=11229608,M.2 (2280),PCIe4.0x4 (64GT/s),512GB,TLC,,기타,"5,000MB/s","4,800MB/s",440K,460K,350TB,100만,"3년 , 제한보증",방열판 미포함,"M.2 (2280) / PCIe4.0x4 (64GT/s) / TLC / 컨트롤러: 기타 / [성능] 순차읽기: 5,000MB/s / 순차쓰기: 4,800MB/s / 읽기IOPS: 440K / 쓰기IOPS: 460K / [지원기능] DEVSLP / TRIM / ECC / SLC캐싱 / GC / S.M.A.R.T / 전용 S/W / [환경특성] MTBF: 100만 / TBW: 350TB / A/S기간: 3년 , 제한보증 / 방열판 미포함 / 두께: 2.3mm / 5g",2025/06,ok,
2026-10-01T01:29:14+00:00,92970176,타무즈 MX400 mSATA 벌크 (1TB),https://prod.danawa.com/info/?pcode=92970176&cate=11229608,Mini SATA(mSATA),SATA3 (6Gb/s),1TB,TLC,,기타,550MB/s,500MB/s,,,480TB,100만,"3년 , 제한보증",,"Mini SATA(mSATA) / SATA3 (6Gb/s) / TLC / 컨트롤러: 기타 / [성능] 순차읽기: 550MB/s / 순차쓰기: 500MB/s / [지원기능] TRIM / ECC / SLC캐싱 / GC / S.M.A.R.T / [환경특성] MTBF: 100만 / TBW: 480TB / A/S기간: 3년 , 제한보증 / 두께: 3.5mm / 8.5g",2025/06,ok,
2026-10-01T01:29:14+00:00,33369680,타무즈 RXK550 벌크 (128GB),https://prod.danawa.com/info/?pcode=33369680&cate=11229608,6.4cm(2.5형),SATA3 (6Gb/s),128GB,TLC,,실리콘모션,500MB/s,400MB/s,30K,70K,62.5TB,150만,"3년 , 제한보증",,"6.4cm(2.5형) / SATA3 (6Gb/s) / TLC / 컨트롤러: 실리콘모션 / [성능] 순차읽기: 500MB/s / 순차쓰기: 400MB/s / 읽기IOPS: 30K / 쓰기IOPS: 70K / [지원기능] TRIM / ECC / DEVSLP / SLC캐싱 / GC / S.M.A.R.T / [환경특성] MTBF: 150만 / TBW: 62.5TB / A/S기간: 3년 , 제한보증 / 두께: 7mm / 48g",2024/01,ok,
2026-10-01T01:29:14+00:00,33369665,타무즈 RXK550 벌크 (1TB),https://prod.danawa.com/info/?pcode=33369665&cate=11229608,6.4cm(2.5형),SATA3 (6Gb/s),1TB,TLC,,실리콘모션,550MB/s,500MB/s,40K,70K,512TB,150만,"3년 , 제한보증",,"6.4cm(2.5형) / SATA3 (6Gb/s) / TLC / 컨트롤러: 실리콘모션 / [성능] 순차읽기: 550MB/s / 순차쓰기: 500MB/s / 읽기IOPS: 40K / 쓰기IOPS: 70K / [지원기능] DEVSLP / TRIM / ECC / SLC캐싱 / GC / S.M.A.R.T / [환경특성] MTBF: 150만 / TBW: 512TB / A/S기간: 3년 , 제한보증 / 두께: 7mm / 48g",2024/01,ok,
2026-10-01T01:29:14+00:00,33369677,타무즈 RXK550 벌크 (256GB),https://prod.danawa.com/info/?pcode=33369677&cate=11229608,6.4cm(2.5형),SATA3 (6Gb/s),256GB,TLC,,실리콘모션,550MB/s,500MB/s,40K,70K,125TB,150만,"제한보증 , 3년",,"6.4cm(2.5형) / SATA3 (6Gb/s) / TLC / 컨트롤러: 실리콘모션 / [성능] 순차읽기: 550MB/s / 순차쓰기: 500MB/s / 읽기IOPS: 40K / 쓰기IOPS: 70K / [지원기능] TRIM / ECC / DEVSLP / GC / SLC캐싱 / S.M.A.R.T / [환경특성] MTBF: 150만 / TBW: 125TB / A/S기간: 제한보증 , 3년 / 두께: 7mm / 48g",2024/01,ok,
2026-10-01T01:29:14+00:00,33369674,타무즈 RXK550 벌크 (512GB),https://prod.danawa.com/info/?pcode=33369674&cate=11229608,6.4cm(2.5형),SATA3 (6Gb/s),512GB,TLC,,실리콘모션,550MB/s,500MB/s,40K,70K,256TB,150만,"3년 , 제한보증",,"6.4cm(2.5형) / SATA3 (6Gb/s) / TLC / 컨트롤러: 실리콘모션 / [성능] 순차읽기: 550MB/s / 순차쓰기: 500MB/s / 읽기IOPS: 40K / 쓰기IOPS: 70K / [지원기능] TRIM / ECC / DEVSLP / GC / SLC캐싱 / S.M.A.R.T / [환경특성] MTBF: 150만 / TBW: 256TB / A/S기간: 3년 , 제한보증 / 두께: 7mm / 48g",2024/01,ok,
2026-10-01T01:29:14+00:00,123437642,타무즈 RXK550 벌크 (64GB),https://prod.danawa.com/info/?pcode=123437642&cate=11229608,6.4cm(2.5형),SATA3 (6Gb/s),64GB,TLC,,실리콘모션,300MB/s,300MB/s,30K,70K,30TB,150만,"3년 , 제한보증",,"6.4cm(2.5형) / SATA3 (6Gb/s) / TLC / 컨트롤러: 실리콘모션 / [성능] 순차읽기: 300MB/s / 순차쓰기: 300MB/s / 읽기IOPS: 30K / 쓰기IOPS: 70K / [지원기능] TRIM / S.M.A.R.T / SLC캐싱 / GC / ECC / DEVSLP / [환경특성] MTBF: 150만 / TBW: 30TB / A/S기간: 3년 , 제한보증 / 두께: 7mm / 48g",2024/01,ok,
2026-10-01T01:29:14+00:00,5086842,탑라인에이치디 HDTOP 3.5형 하드보관함,https://prod.danawa.com/info/?pcode=5086842&cate=11229608,보관케이스,,,,,,,,,,,,,,보관케이스 / HDD전용 / 보관(장착) 개수: 최대 1개 / 잠금장치 / 충격보호 / 플라스틱,2017/04,ok,
2026-10-01T01:29:14+00:00,6998212,탑라인에이치디 HDTOP USB 3.0 to SATA 2.5형 컨버터 (HT-A100),https://prod.danawa.com/info/?pcode=6998212&cate=11229608,변환 컨버터,,,,,,,,,,,,,,"변환 컨버터 / 크기 변환: 2.5형→USB A타입 / 인터페이스 변환: SATA3→USB3.x 5Gbps / SSD, HDD겸용 / 보관(장착) 개수: 최대 1개 / 화이트 / UASP, 핫스왑 지원 / 무전원",2019/01,ok,
2026-10-01T01:29:14+00:00,49252109,탑라인에이치디 솔탑 HT-A200 컨버터,https://prod.danawa.com/info/?pcode=49252109&cate=11229608,변환 컨버터,,,,,,,,,,,,,,"변환 컨버터 / 크기 변환: 3.5/2.5형→USB A타입 / 인터페이스 변환: SATA3→USB3.x 5Gbps / SSD, HDD겸용 / 보관(장착) 개수: 최대 1개 / UASP 지원 / 두께: 12.5mm / 화이트",2024/04,ok,
2026-10-01T01:29:14+00:00,7430038,트랜센드 MSA230S mSATA (128GB),https://prod.danawa.com/info/?pcode=7430038&cate=11229608,Mini SATA(mSATA),SATA3 (6Gb/s),128GB,TLC,DRAM 탑재,기타,550MB/s,400MB/s,55K,70K,70TB,200만,"3년 , 제한보증",,"Mini SATA(mSATA) / SATA3 (6Gb/s) / TLC / DRAM 탑재 / 컨트롤러: 기타 / [성능] 순차읽기: 550MB/s / 순차쓰기: 400MB/s / 읽기IOPS: 55K / 쓰기IOPS: 70K / [지원기능] GC / S.M.A.R.T / TRIM / ECC / [환경특성] MTBF: 200만 / TBW: 70TB / A/S기간: 3년 , 제한보증 / 두께: 4.85mm / 9g",2019/03,ok,
2026-10-01T01:29:14+00:00,8842694,트랜센드 MSA230S mSATA (256GB),https://prod.danawa.com/info/?pcode=8842694&cate=11229608,Mini SATA(mSATA),SATA3 (6Gb/s),256GB,TLC,DRAM 탑재,기타,530MB/s,400MB/s,45K,70K,140TB,200만,"3년 , 제한보증",,"Mini SATA(mSATA) / SATA3 (6Gb/s) / TLC / DRAM 탑재 / 컨트롤러: 기타 / [성능] 순차읽기: 530MB/s / 순차쓰기: 400MB/s / 읽기IOPS: 45K / 쓰기IOPS: 70K / [지원기능] TRIM / ECC / GC / S.M.A.R.T / [환경특성] MTBF: 200만 / TBW: 140TB / A/S기간: 3년 , 제한보증 / 두께: 4.85mm / 9g",2019/07,ok,
2026-10-01T01:29:14+00:00,17550233,트랜센드 MSA230S mSATA (512GB),https://prod.danawa.com/info/?pcode=17550233&cate=11229608,Mini SATA(mSATA),SATA3 (6Gb/s),512GB,TLC,DRAM 탑재,기타,560MB/s,500MB/s,65K,85K,280TB,200만,"3년 , 제한보증",,"Mini SATA(mSATA) / SATA3 (6Gb/s) / TLC / DRAM 탑재 / 컨트롤러: 기타 / [성능] 순차읽기: 560MB/s / 순차쓰기: 500MB/s / 읽기IOPS: 65K / 쓰기IOPS: 85K / [지원기능] TRIM / ECC / GC / S.M.A.R.T / [환경특성] MTBF: 200만 / TBW: 280TB / A/S기간: 3년 , 제한보증 / 두께: 4.85mm / 9g",2022/07,ok,
2026-10-01T01:29:14+00:00,7430029,트랜센드 MSA230S mSATA (64GB),https://prod.danawa.com/info/?pcode=7430029&cate=11229608,Mini SATA(mSATA),SATA3 (6Gb/s),64GB,TLC,DRAM 탑재,기타,350MB/s,200MB/s,35K,50K,40TB,200만,"3년 , 제한보증",,"Mini SATA(mSATA) / SATA3 (6Gb/s) / TLC / DRAM 탑재 / 컨트롤러: 기타 / [성능] 순차읽기: 350MB/s / 순차쓰기: 200MB/s / 읽기IOPS: 35K / 쓰기IOPS: 50K / [지원기능] TRIM / ECC / GC / S.M.A.R.T / [환경특성] MTBF: 200만 / TBW: 40TB / A/S기간: 3년 , 제한보증 / 두께: 4.85mm / 9g",2019/03,ok,
2026-10-01T01:29:14+00:00,2813737,트랜센드 MSA370 mSATA (128GB),https://prod.danawa.com/info/?pcode=2813737&cate=11229608,Mini SATA(mSATA),SATA3 (6Gb/s),128GB,,,Transcend TS6500,530MB/s,160MB/s,,70K,150TB,150만,"제한보증 , 3년",,"Mini SATA(mSATA) / SATA3 (6Gb/s) / MLC(동기식) / 컨트롤러: Transcend TS6500 / [성능] 순차읽기: 530MB/s / 순차쓰기: 160MB/s / 쓰기IOPS: 70K / [지원기능] GC / TRIM / [환경특성] MTBF: 150만 / TBW: 150TB / A/S기간: 제한보증 , 3년 / 두께: 3.5mm / 8g",2014/09,ok,
2026-10-01T01:29:14+00:00,2813743,트랜센드 MSA370 mSATA (256GB),https://prod.danawa.com/info/?pcode=2813743&cate=11229608,Mini SATA(mSATA),SATA3 (6Gb/s),256GB,,,Transcend TS6500,530MB/s,400MB/s,,70K,,150만,3년,,Mini SATA(mSATA) / SATA3 (6Gb/s) / MLC(동기식) / 컨트롤러: Transcend TS6500 / [성능] 순차읽기: 530MB/s / 순차쓰기: 400MB/s / 쓰기IOPS: 70K / [지원기능] TRIM / GC / [환경특성] MTBF: 150만 / A/S기간: 3년 / 두께: 3.5mm / 8g,2014/09,ok,
2026-10-01T01:29:14+00:00,3568758,트랜센드 MSA370 mSATA (32GB),https://prod.danawa.com/info/?pcode=3568758&cate=11229608,Mini SATA(mSATA),SATA3 (6Gb/s),32GB,,,Transcend TS6500,230MB/s,40MB/s,,,80TB,150만,"3년 , 제한보증",,"Mini SATA(mSATA) / SATA3 (6Gb/s) / MLC(동기식) / 컨트롤러: Transcend TS6500 / [성능] 순차읽기: 230MB/s / 순차쓰기: 40MB/s / [지원기능] GC / S.M.A.R.T / TRIM / ECC / DEVSLP / [환경특성] MTBF: 150만 / TBW: 80TB / A/S기간: 3년 , 제한보증 / 두께: 3.5mm / 8g / [기타] 용량별 스펙이 다르므로 확인 요망",2015/11,ok,
2026-10-01T01:29:14+00:00,2837539,트랜센드 MSA370 mSATA (512GB),https://prod.danawa.com/info/?pcode=2837539&cate=11229608,Mini SATA(mSATA),SATA3 (6Gb/s),512GB,,,Transcend TS6500,560MB/s,310MB/s,,75K,550TB,150만,"3년 , 제한보증",,"Mini SATA(mSATA) / SATA3 (6Gb/s) / MLC(동기식) / 컨트롤러: Transcend TS6500 / [성능] 순차읽기: 560MB/s / 순차쓰기: 310MB/s / 쓰기IOPS: 75K / [지원기능] TRIM / GC / [환경특성] MTBF: 150만 / TBW: 550TB / A/S기간: 3년 , 제한보증 / 두께: 3.5mm / 8g",2014/09,ok,
2026-10-01T01:29:14+00:00,2813718,트랜센드 MSA370 mSATA (64GB),https://prod.danawa.com/info/?pcode=2813718&cate=11229608,Mini SATA(mSATA),SATA3 (6Gb/s),64GB,,,Transcend TS6500,520MB/s,80MB/s,,40K,80TB,150만,"3년 , 제한보증",,"Mini SATA(mSATA) / SATA3 (6Gb/s) / MLC(동기식) / 컨트롤러: Transcend TS6500 / [성능] 순차읽기: 520MB/s / 순차쓰기: 80MB/s / 쓰기IOPS: 40K / [지원기능] TRIM / GC / [환경특성] MTBF: 150만 / TBW: 80TB / A/S기간: 3년 , 제한보증 / 두께: 3.5mm / 8g",2014/09,ok,
2026-10-01T01:29:14+00:00,16245542,트랜센드 MTE110Q M.2 NVMe (1TB),https://prod.danawa.com/info/?pcode=16245542&cate=11229608,M.2 (2280),PCIe3.0x4 (32GT/s),1TB,QLC,,기타,"2,000MB/s","1,500MB/s",170K,250K,300TB,200만,"제한보증 , 3년",방열판 미포함,"M.2 (2280) / PCIe3.0x4 (32GT/s) / QLC / 컨트롤러: 기타 / [성능] 순차읽기: 2,000MB/s / 순차쓰기: 1,500MB/s / 읽기IOPS: 170K / 쓰기IOPS: 250K / [지원기능] TRIM / S.M.A.R.T / 전용 S/W / [환경특성] MTBF: 200만 / TBW: 300TB / A/S기간: 제한보증 , 3년 / 방열판 미포함 / 두께: 3.58mm / 8g",2022/01,ok,
2026-10-01T01:29:14+00:00,16245587,트랜센드 MTE110Q M.2 NVMe (500GB),https://prod.danawa.com/info/?pcode=16245587&cate=11229608,M.2 (2280),PCIe3.0x4 (32GT/s),500GB,QLC,,기타,"1,900MB/s",900MB/s,90K,200K,150TB,200만,"3년 , 제한보증",방열판 미포함,"M.2 (2280) / PCIe3.0x4 (32GT/s) / QLC / 컨트롤러: 기타 / [성능] 순차읽기: 1,900MB/s / 순차쓰기: 900MB/s / 읽기IOPS: 90K / 쓰기IOPS: 200K / [지원기능] TRIM / S.M.A.R.T / 전용 S/W / [환경특성] MTBF: 200만 / TBW: 150TB / A/S기간: 3년 , 제한보증 / 방열판 미포함 / 두께: 3.58mm / 8g",2022/01,ok,
2026-10-01T01:29:14+00:00,6242066,트랜센드 MTE110S M.2 NVMe (128GB),https://prod.danawa.com/info/?pcode=6242066&cate=11229608,M.2 (2280),PCIe3.0x4 (32GT/s),128GB,TLC,,기타,"1,500MB/s",400MB/s,90K,90K,50TB,360만,"5년 , 제한보증",방열판 미포함,"M.2 (2280) / PCIe3.0x4 (32GT/s) / TLC / 컨트롤러: 기타 / [성능] 순차읽기: 1,500MB/s / 순차쓰기: 400MB/s / 읽기IOPS: 90K / 쓰기IOPS: 90K / [지원기능] TRIM / HMB / GC / S.M.A.R.T / 전용 S/W / [환경특성] MTBF: 360만 / TBW: 50TB / A/S기간: 5년 , 제한보증 / 방열판 미포함 / 두께: 3.58mm / 8g",2018/06,ok,
2026-10-01T01:29:14+00:00,6938251,트랜센드 MTE110S M.2 NVMe (1TB),https://prod.danawa.com/info/?pcode=6938251&cate=11229608,M.2 (2280),PCIe3.0x4 (32GT/s),1TB,QLC,,기타,"1,700MB/s","1,400MB/s",160K,140K,400TB,360만,"5년 , 제한보증",방열판 미포함,"M.2 (2280) / PCIe3.0x4 (32GT/s) / QLC / 컨트롤러: 기타 / [성능] 순차읽기: 1,700MB/s / 순차쓰기: 1,400MB/s / 읽기IOPS: 160K / 쓰기IOPS: 140K / [지원기능] TRIM / HMB / GC / S.M.A.R.T / 전용 S/W / [환경특성] MTBF: 360만 / TBW: 400TB / A/S기간: 5년 , 제한보증 / 방열판 미포함 / 두께: 3.58mm / 8g / [기타] 25년 8월부로 메모리타입 변경 (TLC→QLC)",2018/12,ok,
2026-10-01T01:29:14+00:00,6242075,트랜센드 MTE110S M.2 NVMe (256GB),https://prod.danawa.com/info/?pcode=6242075&cate=11229608,M.2 (2280),PCIe3.0x4 (32GT/s),256GB,TLC,,기타,"1,600MB/s",800MB/s,110K,95K,100TB,360만,"제한보증 , 5년",방열판 미포함,"M.2 (2280) / PCIe3.0x4 (32GT/s) / TLC / 컨트롤러: 기타 / [성능] 순차읽기: 1,600MB/s / 순차쓰기: 800MB/s / 읽기IOPS: 110K / 쓰기IOPS: 95K / [지원기능] HMB / TRIM / GC / S.M.A.R.T / 전용 S/W / [환경특성] MTBF: 360만 / TBW: 100TB / A/S기간: 제한보증 , 5년 / 방열판 미포함 / 두께: 3.58mm / 8g",2018/06,ok,
2026-10-01T01:29:14+00:00,17549690,트랜센드 MTE110S M.2 NVMe (2TB),https://prod.danawa.com/info/?pcode=17549690&cate=11229608,M.2 (2280),PCIe3.0x4 (32GT/s),2TB,TLC,,기타,"2,400MB/s","1,700MB/s",,,400TB,360만,"5년 , 제한보증",방열판 미포함,"M.2 (2280) / PCIe3.0x4 (32GT/s) / TLC / 컨트롤러: 기타 / [성능] 순차읽기: 2,400MB/s / 순차쓰기: 1,700MB/s / [지원기능] HMB / TRIM / GC / S.M.A.R.T / 전용 S/W / [환경특성] MTBF: 360만 / TBW: 400TB / A/S기간: 5년 , 제한보증 / 방열판 미포함 / 두께: 3.58mm / 8g",2022/07,ok,
2026-10-01T01:29:14+00:00,6242079,트랜센드 MTE110S M.2 NVMe (512GB),https://prod.danawa.com/info/?pcode=6242079&cate=11229608,M.2 (2280),PCIe3.0x4 (32GT/s),512GB,QLC,,기타,"1,700MB/s",900MB/s,160K,140K,200TB,360만,"5년 , 제한보증",방열판 미포함,"M.2 (2280) / PCIe3.0x4 (32GT/s) / QLC / 컨트롤러: 기타 / [성능] 순차읽기: 1,700MB/s / 순차쓰기: 900MB/s / 읽기IOPS: 160K / 쓰기IOPS: 140K / [지원기능] HMB / TRIM / GC / S.M.A.R.T / 전용 S/W / [환경특성] MTBF: 360만 / TBW: 200TB / A/S기간: 5년 , 제한보증 / 방열판 미포함 / 두께: 3.58mm / 8g / [기타] 25년 8월부로 메모리타입 변경 (TLC→QLC)",2018/06,ok,
2026-10-01T01:29:14+00:00,8907404,트랜센드 MTE110S M.2 NVMe 해외구매 (128GB),https://prod.danawa.com/info/?pcode=8907404&cate=11229608,M.2 (2280),PCIe3.0x4 (32GT/s),128GB,TLC,,기타,"1,800MB/s","1,500MB/s",,,270TB,,,방열판 미포함,"M.2 (2280) / PCIe3.0x4 (32GT/s) / TLC / 컨트롤러: 기타 / [성능] 순차읽기: 1,800MB/s / 순차쓰기: 1,500MB/s / [지원기능] TRIM / HMB / S.M.A.R.T / [환경특성] TBW: 270TB / 방열판 미포함 / 두께: 3.58mm / 8g",2019/07,ok,
2026-10-01T01:29:14+00:00,8049886,트랜센드 MTE220S M.2 NVMe (1TB),https://prod.danawa.com/info/?pcode=8049886&cate=11229608,M.2 (2280),PCIe3.0x4 (32GT/s),1TB,,DRAM 탑재,기타,"3,500MB/s","3,200MB/s",330K,370K,"2,200TB",200만,제한보증,방열판 미포함,"M.2 (2280) / PCIe3.0x4 (32GT/s) / DRAM 탑재 / 컨트롤러: 기타 / [성능] 순차읽기: 3,500MB/s / 순차쓰기: 3,200MB/s / 읽기IOPS: 330K / 쓰기IOPS: 370K / [지원기능] TRIM / ECC / SLC캐싱 / GC / S.M.A.R.T / 전용 S/W / [환경특성] MTBF: 200만 / TBW: 2,200TB / A/S기간: 제한보증 / 방열판 미포함 / 두께: 3.58mm / 8g / [기타] 2023년 4월부로 업데이트로 인한 일부 스펙 변경 적용",2019/05,ok,
2026-10-01T01:29:14+00:00,8049865,트랜센드 MTE220S M.2 NVMe (256GB),https://prod.danawa.com/info/?pcode=8049865&cate=11229608,M.2 (2280),PCIe3.0x4 (32GT/s),256GB,,DRAM 탑재,기타,"3,300MB/s","1,250MB/s",190K,300K,550TB,200만,"제한보증 , 5년",방열판 미포함,"M.2 (2280) / PCIe3.0x4 (32GT/s) / DRAM 탑재 / 컨트롤러: 기타 / [성능] 순차읽기: 3,300MB/s / 순차쓰기: 1,250MB/s / 읽기IOPS: 190K / 쓰기IOPS: 300K / [지원기능] GC / S.M.A.R.T / SLC캐싱 / TRIM / ECC / 전용 S/W / [환경특성] MTBF: 200만 / TBW: 550TB / A/S기간: 제한보증 , 5년 / 방열판 미포함 / 두께: 3.58mm / 8g / [기타] 2023년 4월부로 업데이트로 인한 일부 스펙 변경 적용",2019/05,ok,
2026-10-01T01:29:14+00:00,11093694,트랜센드 MTE220S M.2 NVMe (2TB),https://prod.danawa.com/info/?pcode=11093694&cate=11229608,M.2 (2280),PCIe3.0x4 (32GT/s),2TB,,DRAM 탑재,기타,"3,500MB/s","2,900MB/s",340K,360K,"4,400TB",200만,제한보증,방열판 미포함,"M.2 (2280) / PCIe3.0x4 (32GT/s) / DRAM 탑재 / DDR3 / 컨트롤러: 기타 / [성능] 순차읽기: 3,500MB/s / 순차쓰기: 2,900MB/s / 읽기IOPS: 340K / 쓰기IOPS: 360K / [지원기능] GC / S.M.A.R.T / SLC캐싱 / TRIM / ECC / 전용 S/W / [환경특성] MTBF: 200만 / TBW: 4,400TB / A/S기간: 제한보증 / 방열판 미포함 / 두께: 3.58mm / 8g / [기타] 2023년 4월부로 업데이트로 인한 일부 스펙 변경 적용",2020/04,ok,
2026-10-01T01:29:14+00:00,8049874,트랜센드 MTE220S M.2 NVMe (512GB),https://prod.danawa.com/info/?pcode=8049874&cate=11229608,M.2 (2280),PCIe3.0x4 (32GT/s),512GB,,DRAM 탑재,기타,"3,500MB/s","2,500MB/s",190K,360K,"1,100TB",200만,"제한보증 , 5년",방열판 미포함,"M.2 (2280) / PCIe3.0x4 (32GT/s) / DRAM 탑재 / 컨트롤러: 기타 / [성능] 순차읽기: 3,500MB/s / 순차쓰기: 2,500MB/s / 읽기IOPS: 190K / 쓰기IOPS: 360K / [지원기능] S.M.A.R.T / SLC캐싱 / TRIM / ECC / GC / 전용 S/W / [환경특성] MTBF: 200만 / TBW: 1,100TB / A/S기간: 제한보증 , 5년 / 방열판 미포함 / 두께: 3.58mm / 8g / [기타] 2023년 4월부로 업데이트로 인한 일부 스펙 변경 적용",2019/05,ok,
2026-10-01T01:29:14+00:00,14081222,트랜센드 MTE240S M.2 NVMe (1TB),https://prod.danawa.com/info/?pcode=14081222&cate=11229608,M.2 (2280),PCIe4.0x4 (64GT/s),1TB,,DRAM 탑재,기타,"3,800MB/s","3,200MB/s",370K,560K,"1,700TB",200만,"5년 , 제한보증",방열판 포함,"M.2 (2280) / PCIe4.0x4 (64GT/s) / DRAM 탑재 / 컨트롤러: 기타 / [성능] 순차읽기: 3,800MB/s / 순차쓰기: 3,200MB/s / 읽기IOPS: 370K / 쓰기IOPS: 560K / [지원기능] TRIM / ECC / SLC캐싱 / S.M.A.R.T / 전용 S/W / [환경특성] MTBF: 200만 / TBW: 1,700TB / A/S기간: 5년 , 제한보증 / 방열판 포함 / 두께: 3.58mm / 10g / [기타] 25년 10월부로 상품 정보 변경 (순차읽기 / 쓰기)",2021/05,ok,
2026-10-01T01:29:14+00:00,99476564,트랜센드 MTE240S M.2 NVMe (2TB),https://prod.danawa.com/info/?pcode=99476564&cate=11229608,M.2 (2280),PCIe4.0x4 (64GT/s),2TB,,DRAM 탑재,기타,"3,800MB/s","3,200MB/s",340K,460K,"3,400TB",200만,"5년 , 제한보증",방열판 포함,"M.2 (2280) / PCIe4.0x4 (64GT/s) / DRAM 탑재 / 컨트롤러: 기타 / [성능] 순차읽기: 3,800MB/s / 순차쓰기: 3,200MB/s / 읽기IOPS: 340K / 쓰기IOPS: 460K / [지원기능] TRIM / ECC / SLC캐싱 / S.M.A.R.T / 전용 S/W / [환경특성] MTBF: 200만 / TBW: 3,400TB / A/S기간: 5년 , 제한보증 / 방열판 포함 / 두께: 3.58mm / 10g",2021/05,ok,
2026-10-01T01:29:14+00:00,14081342,트랜센드 MTE240S M.2 NVMe (500GB),https://prod.danawa.com/info/?pcode=14081342&cate=11229608,M.2 (2280),PCIe4.0x4 (64GT/s),500GB,,DRAM 탑재,기타,"3,800MB/s","3,200MB/s",190K,540K,850TB,200만,"5년 , 제한보증",방열판 포함,"M.2 (2280) / PCIe4.0x4 (64GT/s) / DRAM 탑재 / 컨트롤러: 기타 / [성능] 순차읽기: 3,800MB/s / 순차쓰기: 3,200MB/s / 읽기IOPS: 190K / 쓰기IOPS: 540K / [지원기능] TRIM / ECC / SLC캐싱 / S.M.A.R.T / 전용 S/W / [환경특성] MTBF: 200만 / TBW: 850TB / A/S기간: 5년 , 제한보증 / 방열판 포함 / 두께: 3.58mm / 10g / [기타] 25년 10월부로 상품 정보 변경 (순차읽기 / 쓰기)",2021/05,ok,
2026-10-01T01:29:14+00:00,94088774,트랜센드 MTE240S M.2 NVMe 벌크 (1TB),https://prod.danawa.com/info/?pcode=94088774&cate=11229608,M.2 (2280),PCIe4.0x4 (64GT/s),1TB,,DRAM 탑재,기타,"3,800MB/s","3,200MB/s",370K,560K,"1,700TB",200만,"5년 , 제한보증",방열판 포함,"M.2 (2280) / PCIe4.0x4 (64GT/s) / DRAM 탑재 / 컨트롤러: 기타 / [성능] 순차읽기: 3,800MB/s / 순차쓰기: 3,200MB/s / 읽기IOPS: 370K / 쓰기IOPS: 560K / [지원기능] TRIM / ECC / SLC캐싱 / S.M.A.R.T / 전용 S/W / [환경특성] MTBF: 200만 / TBW: 1,700TB / A/S기간: 5년 , 제한보증 / 방열판 포함 / 두께: 3.58mm / 10g / [기타] 25년 10월부로 상품 정보 변경 (순차읽기 / 쓰기)",2025/07,ok,
2026-10-01T01:29:14+00:00,99476642,트랜센드 MTE240S M.2 NVMe 벌크 (2TB),https://prod.danawa.com/info/?pcode=99476642&cate=11229608,M.2 (2280),PCIe4.0x4 (64GT/s),2TB,,DRAM 탑재,기타,"3,800MB/s","3,200MB/s",340K,460K,"3,400TB",200만,"5년 , 제한보증",방열판 포함,"M.2 (2280) / PCIe4.0x4 (64GT/s) / DRAM 탑재 / 컨트롤러: 기타 / [성능] 순차읽기: 3,800MB/s / 순차쓰기: 3,200MB/s / 읽기IOPS: 340K / 쓰기IOPS: 460K / [지원기능] S.M.A.R.T / SLC캐싱 / TRIM / ECC / 전용 S/W / [환경특성] MTBF: 200만 / TBW: 3,400TB / A/S기간: 5년 , 제한보증 / 방열판 포함 / 두께: 3.58mm / 10g",2025/07,ok,
2026-10-01T01:29:14+00:00,94088762,트랜센드 MTE240S M.2 NVMe 벌크 (500GB),https://prod.danawa.com/info/?pcode=94088762&cate=11229608,M.2 (2280),PCIe4.0x4 (64GT/s),500GB,,DRAM 탑재,기타,"3,800MB/s","3,200MB/s",190K,540K,850TB,200만,"5년 , 제한보증",방열판 포함,"M.2 (2280) / PCIe4.0x4 (64GT/s) / DRAM 탑재 / 컨트롤러: 기타 / [성능] 순차읽기: 3,800MB/s / 순차쓰기: 3,200MB/s / 읽기IOPS: 190K / 쓰기IOPS: 540K / [지원기능] TRIM / ECC / SLC캐싱 / S.M.A.R.T / 전용 S/W / [환경특성] MTBF: 200만 / TBW: 850TB / A/S기간: 5년 , 제한보증 / 방열판 포함 / 두께: 3.58mm / 10g / [기타] 25년 10월부로 상품 정보 변경 (순차읽기 / 쓰기)",2025/07,ok,
2026-10-01T01:29:14+00:00,29307890,트랜센드 MTE245S M.2 NVMe (1TB),https://prod.danawa.com/info/?pcode=29307890&cate=11229608,M.2 (2280),PCIe4.0x4 (64GT/s),1TB,TLC,,실리콘모션,"5,300MB/s","4,600MB/s",500K,630K,600TB,200만,"제한보증 , 5년",방열판 미포함,"M.2 (2280) / PCIe4.0x4 (64GT/s) / TLC / 컨트롤러: 실리콘모션 / [성능] 순차읽기: 5,300MB/s / 순차쓰기: 4,600MB/s / 읽기IOPS: 500K / 쓰기IOPS: 630K / [지원기능] HMB / TRIM / SLC캐싱 / GC / S.M.A.R.T / AES 암호화 / [환경특성] MTBF: 200만 / TBW: 600TB / A/S기간: 제한보증 , 5년 / 방열판 미포함 / 두께: 2.42mm / 9g",2023/10,ok,
2026-10-01T01:29:14+00:00,68915633,트랜센드 MTE245S M.2 NVMe (250GB),https://prod.danawa.com/info/?pcode=68915633&cate=11229608,M.2 (2280),PCIe4.0x4 (64GT/s),250GB,TLC,,실리콘모션,"3,200MB/s","1,800MB/s",100K,390K,150TB,200만,"5년 , 제한보증",방열판 미포함,"M.2 (2280) / PCIe4.0x4 (64GT/s) / TLC / 컨트롤러: 실리콘모션 / [성능] 순차읽기: 3,200MB/s / 순차쓰기: 1,800MB/s / 읽기IOPS: 100K / 쓰기IOPS: 390K / [지원기능] HMB / TRIM / SLC캐싱 / GC / S.M.A.R.T / AES 암호화 / [환경특성] MTBF: 200만 / TBW: 150TB / A/S기간: 5년 , 제한보증 / 방열판 미포함 / 두께: 2.42mm / 9g",2024/10,ok,
2026-10-01T01:29:14+00:00,29307863,트랜센드 MTE245S M.2 NVMe (2TB),https://prod.danawa.com/info/?pcode=29307863&cate=11229608,M.2 (2280),PCIe4.0x4 (64GT/s),2TB,TLC,,실리콘모션,"5,300MB/s","4,600MB/s",480K,620K,"1,200TB",200만,"제한보증 , 5년",방열판 미포함,"M.2 (2280) / PCIe4.0x4 (64GT/s) / TLC / 컨트롤러: 실리콘모션 / [성능] 순차읽기: 5,300MB/s / 순차쓰기: 4,600MB/s / 읽기IOPS: 480K / 쓰기IOPS: 620K / [지원기능] HMB / TRIM / SLC캐싱 / GC / S.M.A.R.T / AES 암호화 / [환경특성] MTBF: 200만 / TBW: 1,200TB / A/S기간: 제한보증 , 5년 / 방열판 미포함 / 두께: 2.42mm / 9g",2023/10,ok,
2026-10-01T01:29:14+00:00,29307746,트랜센드 MTE245S M.2 NVMe (4TB),https://prod.danawa.com/info/?pcode=29307746&cate=11229608,M.2 (2280),PCIe4.0x4 (64GT/s),4TB,TLC,,실리콘모션,"5,300MB/s","4,000MB/s",390K,630K,"2,400TB",200만,"5년 , 제한보증",방열판 미포함,"M.2 (2280) / PCIe4.0x4 (64GT/s) / TLC / 컨트롤러: 실리콘모션 / [성능] 순차읽기: 5,300MB/s / 순차쓰기: 4,000MB/s / 읽기IOPS: 390K / 쓰기IOPS: 630K / [지원기능] HMB / TRIM / SLC캐싱 / GC / S.M.A.R.T / AES 암호화 / [환경특성] MTBF: 200만 / TBW: 2,400TB / A/S기간: 5년 , 제한보증 / 방열판 미포함 / 두께: 2.42mm / 9g",2023/10,ok,
2026-10-01T01:29:14+00:00,29340407,트랜센드 MTE245S M.2 NVMe (500GB),https://prod.danawa.com/info/?pcode=29340407&cate=11229608,M.2 (2280),PCIe4.0x4 (64GT/s),500GB,TLC,,실리콘모션,"4,800MB/s","4,000MB/s",300K,600K,300TB,200만,"5년 , 제한보증",방열판 미포함,"M.2 (2280) / PCIe4.0x4 (64GT/s) / TLC / 컨트롤러: 실리콘모션 / [성능] 순차읽기: 4,800MB/s / 순차쓰기: 4,000MB/s / 읽기IOPS: 300K / 쓰기IOPS: 600K / [지원기능] TRIM / HMB / GC / SLC캐싱 / S.M.A.R.T / AES 암호화 / [환경특성] MTBF: 200만 / TBW: 300TB / A/S기간: 5년 , 제한보증 / 방열판 미포함 / 두께: 2.42mm / 9g",2023/10,ok,
2026-10-01T01:29:14+00:00,18581684,트랜센드 MTE250H M.2 NVMe (1TB),https://prod.danawa.com/info/?pcode=18581684&cate=11229608,M.2 (2280),PCIe4.0x4 (64GT/s),1TB,,DRAM 탑재,기타,"7,200MB/s","6,200MB/s",530K,420K,780TB,300만,"5년 , 제한보증",방열판 포함,"M.2 (2280) / PCIe4.0x4 (64GT/s) / DRAM 탑재 / 컨트롤러: 기타 / [성능] 순차읽기: 7,200MB/s / 순차쓰기: 6,200MB/s / 읽기IOPS: 530K / 쓰기IOPS: 420K / [지원기능] TRIM / ECC / SLC캐싱 / GC / S.M.A.R.T / 전용 S/W / [환경특성] MTBF: 300만 / TBW: 780TB / PS5 호환 / A/S기간: 5년 , 제한보증 / 방열판 포함 / 두께: 9.2mm / 34g",2022/12,ok,
2026-10-01T01:29:14+00:00,18581717,트랜센드 MTE250H M.2 NVMe (2TB),https://prod.danawa.com/info/?pcode=18581717&cate=11229608,M.2 (2280),PCIe4.0x4 (64GT/s),2TB,,DRAM 탑재,기타,"7,100MB/s","6,500MB/s",530K,420K,"1,560TB",300만,"5년 , 제한보증",방열판 포함,"M.2 (2280) / PCIe4.0x4 (64GT/s) / DRAM 탑재 / 컨트롤러: 기타 / [성능] 순차읽기: 7,100MB/s / 순차쓰기: 6,500MB/s / 읽기IOPS: 530K / 쓰기IOPS: 420K / [지원기능] TRIM / ECC / SLC캐싱 / GC / S.M.A.R.T / 전용 S/W / [환경특성] MTBF: 300만 / TBW: 1,560TB / PS5 호환 / A/S기간: 5년 , 제한보증 / 방열판 포함 / 두께: 9.2mm / 34g",2022/12,ok,
2026-10-01T01:29:14+00:00,18479411,트랜센드 MTE250S M.2 NVMe (1TB),https://prod.danawa.com/info/?pcode=18479411&cate=11229608,M.2 (2280),PCIe4.0x4 (64GT/s),1TB,TLC,DRAM 탑재,실리콘모션,"7,200MB/s","6,200MB/s",530K,420K,780TB,300만,"5년 , 제한보증",방열판 미포함,"M.2 (2280) / PCIe4.0x4 (64GT/s) / TLC / DRAM 탑재 / DDR4 1GB / 컨트롤러: 실리콘모션 / [성능] 순차읽기: 7,200MB/s / 순차쓰기: 6,200MB/s / 읽기IOPS: 530K / 쓰기IOPS: 420K / [지원기능] GC / S.M.A.R.T / SLC캐싱 / TRIM / [환경특성] MTBF: 300만 / TBW: 780TB / PS5 호환 / A/S기간: 5년 , 제한보증 / 방열판 미포함 / 두께: 3.77mm / 10g",2022/12,ok,
2026-10-01T01:29:14+00:00,18479384,트랜센드 MTE250S M.2 NVMe (2TB),https://prod.danawa.com/info/?pcode=18479384&cate=11229608,M.2 (2280),PCIe4.0x4 (64GT/s),2TB,TLC,DRAM 탑재,실리콘모션,"7,100MB/s","6,500MB/s",530K,420K,"1,560TB",300만,"제한보증 , 5년",방열판 미포함,"M.2 (2280) / PCIe4.0x4 (64GT/s) / TLC / DRAM 탑재 / DDR4 2GB / 컨트롤러: 실리콘모션 / [성능] 순차읽기: 7,100MB/s / 순차쓰기: 6,500MB/s / 읽기IOPS: 530K / 쓰기IOPS: 420K / [지원기능] GC / S.M.A.R.T / SLC캐싱 / TRIM / [환경특성] MTBF: 300만 / TBW: 1,560TB / PS5 호환 / A/S기간: 제한보증 , 5년 / 방열판 미포함 / 두께: 3.77mm / 10g",2022/12,ok,
2026-10-01T01:29:14+00:00,19094288,트랜센드 MTE250S M.2 NVMe (4TB),https://prod.danawa.com/info/?pcode=19094288&cate=11229608,M.2 (2280),PCIe4.0x4 (64GT/s),4TB,TLC,DRAM 탑재,실리콘모션,"7,500MB/s","6,700MB/s",540K,440K,"3,120TB",300만,"5년 , 제한보증",방열판 미포함,"M.2 (2280) / PCIe4.0x4 (64GT/s) / TLC / DRAM 탑재 / DDR4 2GB / 컨트롤러: 실리콘모션 / [성능] 순차읽기: 7,500MB/s / 순차쓰기: 6,700MB/s / 읽기IOPS: 540K / 쓰기IOPS: 440K / [지원기능] TRIM / GC / SLC캐싱 / S.M.A.R.T / [환경특성] MTBF: 300만 / TBW: 3,120TB / PS5 호환 / A/S기간: 5년 , 제한보증 / 방열판 미포함 / 두께: 3.77mm / 10g",2022/12,ok,
2026-10-01T01:29:14+00:00,77965361,트랜센드 MTE255S M.2 NVMe (1TB),https://prod.danawa.com/info/?pcode=77965361&cate=11229608,M.2 (2280),PCIe4.0x4 (64GT/s),1TB,TLC,,실리콘모션,"7,400MB/s","5,200MB/s",660K,500K,600TB,200만,"5년 , 제한보증",방열판 미포함,"M.2 (2280) / PCIe4.0x4 (64GT/s) / TLC / 컨트롤러: 실리콘모션 / [성능] 순차읽기: 7,400MB/s / 순차쓰기: 5,200MB/s / 읽기IOPS: 660K / 쓰기IOPS: 500K / [지원기능] GC / S.M.A.R.T / SLC캐싱 / TRIM / ECC / HMB / [환경특성] MTBF: 200만 / TBW: 600TB / PS5 호환 / A/S기간: 5년 , 제한보증 / 방열판 미포함 / 두께: 2.42mm / 9g",2025/03,ok,
2026-10-01T01:29:14+00:00,77965343,트랜센드 MTE255S M.2 NVMe (2TB),https://prod.danawa.com/info/?pcode=77965343&cate=11229608,M.2 (2280),PCIe4.0x4 (64GT/s),2TB,TLC,,실리콘모션,"7,400MB/s","6,500MB/s",700K,500K,"1,200TB",200만,"5년 , 제한보증",방열판 미포함,"M.2 (2280) / PCIe4.0x4 (64GT/s) / TLC / 컨트롤러: 실리콘모션 / [성능] 순차읽기: 7,400MB/s / 순차쓰기: 6,500MB/s / 읽기IOPS: 700K / 쓰기IOPS: 500K / [지원기능] HMB / TRIM / ECC / SLC캐싱 / GC / S.M.A.R.T / [환경특성] MTBF: 200만 / TBW: 1,200TB / PS5 호환 / A/S기간: 5년 , 제한보증 / 방열판 미포함 / 두께: 2.42mm / 9g",2025/03,ok,
2026-10-01T01:29:14+00:00,96649172,트랜센드 MTE260S M.2 NVMe (1TB),https://prod.danawa.com/info/?pcode=96649172&cate=11229608,M.2 (2280),PCIe5.0x4 (128GT/s),1TB,,DRAM 탑재,기타,"14,000MB/s","9,800MB/s","1,600K","1,400K",750TB,200만,"제한보증 , 5년",방열판 미포함,"M.2 (2280) / PCIe5.0x4 (128GT/s) / DRAM 탑재 / 컨트롤러: 기타 / [성능] 순차읽기: 14,000MB/s / 순차쓰기: 9,800MB/s / 읽기IOPS: 1,600K / 쓰기IOPS: 1,400K / [지원기능] TRIM / ECC / SLC캐싱 / GC / S.M.A.R.T / 전용 S/W / [환경특성] MTBF: 200만 / TBW: 750TB / PS5 호환 / A/S기간: 제한보증 , 5년 / 방열판 미포함 / 두께: 3.77mm / 10g",2025/07,ok,
2026-10-01T01:29:14+00:00,94811477,트랜센드 MTE260S M.2 NVMe (2TB),https://prod.danawa.com/info/?pcode=94811477&cate=11229608,M.2 (2280),PCIe5.0x4 (128GT/s),2TB,,DRAM 탑재,기타,"14,000MB/s","11,000MB/s","1,900K","1,400K","1,500TB",200만,"5년 , 제한보증",방열판 미포함,"M.2 (2280) / PCIe5.0x4 (128GT/s) / DRAM 탑재 / 컨트롤러: 기타 / [성능] 순차읽기: 14,000MB/s / 순차쓰기: 11,000MB/s / 읽기IOPS: 1,900K / 쓰기IOPS: 1,400K / [지원기능] ECC / GC / SLC캐싱 / S.M.A.R.T / TRIM / 전용 S/W / [환경특성] MTBF: 200만 / TBW: 1,500TB / PS5 호환 / A/S기간: 5년 , 제한보증 / 방열판 미포함 / 두께: 3.77mm / 10g",2025/07,ok,
2026-10-01T01:29:14+00:00,99637886,트랜센드 MTE260S M.2 NVMe (4TB),https://prod.danawa.com/info/?pcode=99637886&cate=11229608,M.2 (2280),PCIe5.0x4 (128GT/s),4TB,,DRAM 탑재,기타,"14,500MB/s","13,500MB/s","2,000K","1,400K","3,000TB",200만,"5년 , 제한보증",방열판 미포함,"M.2 (2280) / PCIe5.0x4 (128GT/s) / DRAM 탑재 / 컨트롤러: 기타 / [성능] 순차읽기: 14,500MB/s / 순차쓰기: 13,500MB/s / 읽기IOPS: 2,000K / 쓰기IOPS: 1,400K / [지원기능] TRIM / ECC / SLC캐싱 / GC / S.M.A.R.T / 전용 S/W / [환경특성] MTBF: 200만 / TBW: 3,000TB / PS5 호환 / A/S기간: 5년 , 제한보증 / 방열판 미포함 / 두께: 3.77mm / 10g",2025/07,ok,
2026-10-01T01:29:14+00:00,24708467,트랜센드 MTE300S M.2 2230 NVMe (1TB),https://prod.danawa.com/info/?pcode=24708467&cate=11229608,M.2 (2230),PCIe3.0x4 (32GT/s),1TB,,,기타,"2,000MB/s",1.650MB/s,120K,280K,400TB,200만,"5년 , 제한보증",방열판 미포함,"M.2 (2230) / PCIe3.0x4 (32GT/s) / 컨트롤러: 기타 / [성능] 순차읽기: 2,000MB/s / 순차쓰기: 1.650MB/s / 읽기IOPS: 120K / 쓰기IOPS: 280K / [지원기능] TRIM / SLC캐싱 / S.M.A.R.T / [환경특성] MTBF: 200만 / TBW: 400TB / 스팀덱, Ally 호환 / A/S기간: 5년 , 제한보증 / 방열판 미포함 / 두께: 2.23mm / 4g",2023/07,ok,
2026-10-01T01:29:14+00:00,19175660,트랜센드 MTE300S M.2 2230 NVMe (256GB),https://prod.danawa.com/info/?pcode=19175660&cate=11229608,M.2 (2230),PCIe3.0x4 (32GT/s),256GB,,,기타,"2,000MB/s",950MB/s,90K,220K,200TB,200만,"5년 , 제한보증",방열판 미포함,"M.2 (2230) / PCIe3.0x4 (32GT/s) / 컨트롤러: 기타 / [성능] 순차읽기: 2,000MB/s / 순차쓰기: 950MB/s / 읽기IOPS: 90K / 쓰기IOPS: 220K / [지원기능] TRIM / SLC캐싱 / S.M.A.R.T / [환경특성] MTBF: 200만 / TBW: 200TB / 스팀덱, Ally 호환 / A/S기간: 5년 , 제한보증 / 방열판 미포함 / 두께: 2.23mm / 4g",2023/02,ok,
2026-10-01T01:29:14+00:00,19175726,트랜센드 MTE300S M.2 2230 NVMe (512GB),https://prod.danawa.com/info/?pcode=19175726&cate=11229608,M.2 (2230),PCIe3.0x4 (32GT/s),512GB,,,기타,"2,000MB/s","1,100MB/s",90K,190K,200TB,200만,"제한보증 , 5년",방열판 미포함,"M.2 (2230) / PCIe3.0x4 (32GT/s) / 컨트롤러: 기타 / [성능] 순차읽기: 2,000MB/s / 순차쓰기: 1,100MB/s / 읽기IOPS: 90K / 쓰기IOPS: 190K / [지원기능] S.M.A.R.T / SLC캐싱 / TRIM / [환경특성] MTBF: 200만 / TBW: 200TB / 스팀덱, Ally 호환 / A/S기간: 제한보증 , 5년 / 방열판 미포함 / 두께: 2.23mm / 4g",2023/02,ok,
2026-10-01T01:29:14+00:00,68789954,트랜센드 MTE310S M.2 2230 NVMe (1TB),https://prod.danawa.com/info/?pcode=68789954&cate=11229608,M.2 (2230),PCIe4.0x4 (64GT/s),1TB,,,기타,"5,000MB/s","3,500MB/s",330K,690K,600TB,200만,"제한보증 , 5년",방열판 미포함,"M.2 (2230) / PCIe4.0x4 (64GT/s) / 컨트롤러: 기타 / [성능] 순차읽기: 5,000MB/s / 순차쓰기: 3,500MB/s / 읽기IOPS: 330K / 쓰기IOPS: 690K / [지원기능] ECC / SLC캐싱 / GC / S.M.A.R.T / 전용 S/W / [환경특성] MTBF: 200만 / TBW: 600TB / 스팀덱, Ally 호환 / A/S기간: 제한보증 , 5년 / 방열판 미포함 / 두께: 2.23mm / 4g",2024/10,ok,
2026-10-01T01:29:14+00:00,74056328,트랜센드 MTE310S M.2 2230 NVMe (2TB),https://prod.danawa.com/info/?pcode=74056328&cate=11229608,M.2 (2230),PCIe4.0x4 (64GT/s),2TB,,,기타,"5,000MB/s","4,000MB/s",600K,500K,"1,200TB",200만,"5년 , 제한보증",방열판 미포함,"M.2 (2230) / PCIe4.0x4 (64GT/s) / 컨트롤러: 기타 / [성능] 순차읽기: 5,000MB/s / 순차쓰기: 4,000MB/s / 읽기IOPS: 600K / 쓰기IOPS: 500K / [지원기능] ECC / SLC캐싱 / GC / S.M.A.R.T / 전용 S/W / [환경특성] MTBF: 200만 / TBW: 1,200TB / 스팀덱, Ally 호환 / A/S기간: 5년 , 제한보증 / 방열판 미포함 / 두께: 2.23mm / 4g",2025/01,ok,
2026-10-01T01:29:14+00:00,68790020,트랜센드 MTE310S M.2 2230 NVMe (512GB),https://prod.danawa.com/info/?pcode=68790020&cate=11229608,M.2 (2230),PCIe4.0x4 (64GT/s),512GB,,,기타,"3,300MB/s","1,700MB/s",119K,395K,300TB,200만,"5년 , 제한보증",방열판 미포함,"M.2 (2230) / PCIe4.0x4 (64GT/s) / 컨트롤러: 기타 / [성능] 순차읽기: 3,300MB/s / 순차쓰기: 1,700MB/s / 읽기IOPS: 119K / 쓰기IOPS: 395K / [지원기능] GC / S.M.A.R.T / SLC캐싱 / ECC / 전용 S/W / [환경특성] MTBF: 200만 / TBW: 300TB / 스팀덱, Ally 호환 / A/S기간: 5년 , 제한보증 / 방열판 미포함 / 두께: 2.23mm / 4g",2024/10,ok,
2026-10-01T01:29:14+00:00,19176074,트랜센드 MTE400S M.2 2242 NVMe (1TB),https://prod.danawa.com/info/?pcode=19176074&cate=11229608,M.2 (2242),PCIe3.0x4 (32GT/s),1TB,,,기타,"2,000MB/s","1,700MB/s",102K,275K,400TB,200만,"5년 , 제한보증",방열판 미포함,"M.2 (2242) / PCIe3.0x4 (32GT/s) / 컨트롤러: 기타 / [성능] 순차읽기: 2,000MB/s / 순차쓰기: 1,700MB/s / 읽기IOPS: 102K / 쓰기IOPS: 275K / [지원기능] GC / S.M.A.R.T / SLC캐싱 / TRIM / HMB / 전용 S/W / [환경특성] MTBF: 200만 / TBW: 400TB / A/S기간: 5년 , 제한보증 / 방열판 미포함 / 두께: 2.23mm / 5g",2023/02,ok,
2026-10-01T01:29:14+00:00,19175996,트랜센드 MTE400S M.2 2242 NVMe (256GB),https://prod.danawa.com/info/?pcode=19175996&cate=11229608,M.2 (2242),PCIe3.0x4 (32GT/s),256GB,,,기타,"2,000MB/s","1,000MB/s",60K,240K,100TB,200만,"제한보증 , 5년",방열판 미포함,"M.2 (2242) / PCIe3.0x4 (32GT/s) / 컨트롤러: 기타 / [성능] 순차읽기: 2,000MB/s / 순차쓰기: 1,000MB/s / 읽기IOPS: 60K / 쓰기IOPS: 240K / [지원기능] GC / S.M.A.R.T / SLC캐싱 / TRIM / HMB / 전용 S/W / [환경특성] MTBF: 200만 / TBW: 100TB / A/S기간: 제한보증 , 5년 / 방열판 미포함 / 두께: 2.23mm / 5g",2023/02,ok,
2026-10-01T01:29:14+00:00,30217520,트랜센드 MTE400S M.2 2242 NVMe (2TB),https://prod.danawa.com/info/?pcode=30217520&cate=11229608,M.2 (2242),PCIe3.0x4 (32GT/s),2TB,,,기타,"2,000MB/s","1,700MB/s",140K,250K,800TB,200만,"5년 , 제한보증",방열판 미포함,"M.2 (2242) / PCIe3.0x4 (32GT/s) / 컨트롤러: 기타 / [성능] 순차읽기: 2,000MB/s / 순차쓰기: 1,700MB/s / 읽기IOPS: 140K / 쓰기IOPS: 250K / [지원기능] HMB / TRIM / SLC캐싱 / GC / S.M.A.R.T / 전용 S/W / [환경특성] MTBF: 200만 / TBW: 800TB / A/S기간: 5년 , 제한보증 / 방열판 미포함 / 두께: 2.23mm / 5g",2023/11,ok,
2026-10-01T01:29:14+00:00,19176044,트랜센드 MTE400S M.2 2242 NVMe (512GB),https://prod.danawa.com/info/?pcode=19176044&cate=11229608,M.2 (2242),PCIe3.0x4 (32GT/s),512GB,,,기타,"2,000MB/s",900MB/s,53K,235K,200TB,200만,"5년 , 제한보증",방열판 미포함,"M.2 (2242) / PCIe3.0x4 (32GT/s) / 컨트롤러: 기타 / [성능] 순차읽기: 2,000MB/s / 순차쓰기: 900MB/s / 읽기IOPS: 53K / 쓰기IOPS: 235K / [지원기능] HMB / TRIM / SLC캐싱 / GC / S.M.A.R.T / 전용 S/W / [환경특성] MTBF: 200만 / TBW: 200TB / A/S기간: 5년 , 제한보증 / 방열판 미포함 / 두께: 2.23mm / 5g",2023/02,ok,
2026-10-01T01:29:14+00:00,32682920,트랜센드 MTE410S M.2 2242 NVMe (1TB),https://prod.danawa.com/info/?pcode=32682920&cate=11229608,M.2 (2242),PCIe4.0x4 (64GT/s),1TB,,,기타,"5,000MB/s","3,500MB/s",330K,690K,600TB,200만,"5년 , 제한보증",방열판 미포함,"M.2 (2242) / PCIe4.0x4 (64GT/s) / 컨트롤러: 기타 / [성능] 순차읽기: 5,000MB/s / 순차쓰기: 3,500MB/s / 읽기IOPS: 330K / 쓰기IOPS: 690K / [지원기능] TRIM / SLC캐싱 / GC / S.M.A.R.T / 전용 S/W / [환경특성] MTBF: 200만 / TBW: 600TB / A/S기간: 5년 , 제한보증 / 방열판 미포함 / 두께: 2.23mm / 5g",2024/01,ok,
2026-10-01T01:29:14+00:00,32673455,트랜센드 MTE410S M.2 2242 NVMe (2TB),https://prod.danawa.com/info/?pcode=32673455&cate=11229608,M.2 (2242),PCIe4.0x4 (64GT/s),2TB,,,기타,"5,000MB/s","4,300MB/s",570K,700K,"1,200TB",200만,"제한보증 , 5년",방열판 미포함,"M.2 (2242) / PCIe4.0x4 (64GT/s) / 컨트롤러: 기타 / [성능] 순차읽기: 5,000MB/s / 순차쓰기: 4,300MB/s / 읽기IOPS: 570K / 쓰기IOPS: 700K / [지원기능] TRIM / SLC캐싱 / GC / S.M.A.R.T / 전용 S/W / [환경특성] MTBF: 200만 / TBW: 1,200TB / A/S기간: 제한보증 , 5년 / 방열판 미포함 / 두께: 2.23mm / 5g",2024/01,ok,
2026-10-01T01:29:14+00:00,32690744,트랜센드 MTE410S M.2 2242 NVMe (512GB),https://prod.danawa.com/info/?pcode=32690744&cate=11229608,M.2 (2242),PCIe4.0x4 (64GT/s),512GB,,,기타,"5,000MB/s","3,500MB/s",330K,590K,300TB,200만,"제한보증 , 5년",방열판 미포함,"M.2 (2242) / PCIe4.0x4 (64GT/s) / 컨트롤러: 기타 / [성능] 순차읽기: 5,000MB/s / 순차쓰기: 3,500MB/s / 읽기IOPS: 330K / 쓰기IOPS: 590K / [지원기능] TRIM / SLC캐싱 / GC / S.M.A.R.T / 전용 S/W / [환경특성] MTBF: 200만 / TBW: 300TB / A/S기간: 제한보증 , 5년 / 방열판 미포함 / 두께: 2.23mm / 5g",2024/01,ok,
2026-10-01T01:29:14+00:00,106703540,트랜센드 MTE410S M.2 2242 NVMe 해외구매 (512GB),https://prod.danawa.com/info/?pcode=106703540&cate=11229608,M.2 (2242),PCIe4.0x4 (64GT/s),512GB,,,기타,"5,000MB/s","3,500MB/s",330K,590K,300TB,200만,,방열판 미포함,"M.2 (2242) / PCIe4.0x4 (64GT/s) / 컨트롤러: 기타 / [성능] 순차읽기: 5,000MB/s / 순차쓰기: 3,500MB/s / 읽기IOPS: 330K / 쓰기IOPS: 590K / [지원기능] TRIM / SLC캐싱 / GC / S.M.A.R.T / 전용 S/W / [환경특성] MTBF: 200만 / TBW: 300TB / 방열판 미포함 / 두께: 2.23mm / 5g",2025/07,ok,
2026-10-01T01:29:14+00:00,110821325,트랜센드 MTS420S M.2 2242 (120GB),https://prod.danawa.com/info/?pcode=110821325&cate=11229608,M.2 (2280),,120GB,,,,500MB/sMB/s,350MB/sMB/s,28K,75K,160TBTB,200만시간,3년,,M.2 (2280) / [성능] 순차읽기: 500MB/sMB/s / 순차쓰기: 350MB/sMB/s / 읽기IOPS: 28K / 쓰기IOPS: 75K / [환경사양] MTBF: 200만시간 / TBW: 160TBTB / A/S기간: 3년 / 두께: 3.58mm,2021/12,ok,
2026-10-01T01:29:14+00:00,121327172,트랜센드 MTS420S M.2 2242 (240GB),https://prod.danawa.com/info/?pcode=121327172&cate=11229608,M.2 (2280),,240GB,,,,500MB/sMB/s,430MB/sMB/s,40K,75K,80TBTB,200만시간,3년,,M.2 (2280) / [성능] 순차읽기: 500MB/sMB/s / 순차쓰기: 430MB/sMB/s / 읽기IOPS: 40K / 쓰기IOPS: 75K / [환경사양] MTBF: 200만시간 / TBW: 80TBTB / A/S기간: 3년 / 두께: 3.58mm,2021/12,ok,
2026-10-01T01:29:14+00:00,112350194,트랜센드 MTS420S M.2 2242 (480GB),https://prod.danawa.com/info/?pcode=112350194&cate=11229608,M.2 (2280),,480GB,,,,530MB/sMB/s,480MB/sMB/s,50K,75K,160TBTB,200만시간,3년,,M.2 (2280) / [성능] 순차읽기: 530MB/sMB/s / 순차쓰기: 480MB/sMB/s / 읽기IOPS: 50K / 쓰기IOPS: 75K / [환경사양] MTBF: 200만시간 / TBW: 160TBTB / A/S기간: 3년 / 두께: 3.58mm,2021/12,ok,
2026-10-01T01:29:14+00:00,15847229,트랜센드 MTS420S M.2 2242 SATA (120GB),https://prod.danawa.com/info/?pcode=15847229&cate=11229608,M.2 (2242),SATA3 (6Gb/s),120GB,,,기타,500MB/s,350MB/s,28K,75K,160TB,200만,"3년 , 제한보증",,"M.2 (2242) / SATA3 (6Gb/s) / 컨트롤러: 기타 / [성능] 순차읽기: 500MB/s / 순차쓰기: 350MB/s / 읽기IOPS: 28K / 쓰기IOPS: 75K / [지원기능] TRIM / SLC캐싱 / GC / S.M.A.R.T / 전용 S/W / [환경특성] MTBF: 200만 / TBW: 160TB / A/S기간: 3년 , 제한보증 / 두께: 3.58mm",2021/12,ok,
2026-10-01T01:29:14+00:00,15847280,트랜센드 MTS420S M.2 2242 SATA (240GB),https://prod.danawa.com/info/?pcode=15847280&cate=11229608,M.2 (2242),SATA3 (6Gb/s),240GB,,,기타,500MB/s,430MB/s,40K,75K,80TB,200만,"제한보증 , 3년",,"M.2 (2242) / SATA3 (6Gb/s) / 컨트롤러: 기타 / [성능] 순차읽기: 500MB/s / 순차쓰기: 430MB/s / 읽기IOPS: 40K / 쓰기IOPS: 75K / [지원기능] TRIM / SLC캐싱 / GC / S.M.A.R.T / 전용 S/W / [환경특성] MTBF: 200만 / TBW: 80TB / A/S기간: 제한보증 , 3년 / 두께: 3.58mm",2021/12,ok,
2026-10-01T01:29:14+00:00,15847289,트랜센드 MTS420S M.2 2242 SATA (480GB),https://prod.danawa.com/info/?pcode=15847289&cate=11229608,M.2 (2242),SATA3 (6Gb/s),480GB,,,기타,530MB/s,480MB/s,50K,75K,160TB,200만,"3년 , 제한보증",,"M.2 (2242) / SATA3 (6Gb/s) / 컨트롤러: 기타 / [성능] 순차읽기: 530MB/s / 순차쓰기: 480MB/s / 읽기IOPS: 50K / 쓰기IOPS: 75K / [지원기능] TRIM / GC / SLC캐싱 / S.M.A.R.T / 전용 S/W / [환경특성] MTBF: 200만 / TBW: 160TB / A/S기간: 3년 , 제한보증 / 두께: 3.58mm",2021/12,ok,
2026-10-01T01:29:14+00:00,90269273,트랜센드 MTS430S M.2 2242 SATA 해외구매 (128GB),https://prod.danawa.com/info/?pcode=90269273&cate=11229608,M.2 (2242),SATA3 (6Gb/s),128GB,,DRAM 탑재,기타,560MB/s,350MB/s,25K,80K,70TB,200만,,,M.2 (2242) / SATA3 (6Gb/s) / DRAM 탑재 / 컨트롤러: 기타 / [성능] 순차읽기: 560MB/s / 순차쓰기: 350MB/s / 읽기IOPS: 25K / 쓰기IOPS: 80K / [지원기능] TRIM / ECC / DEVSLP / GC / S.M.A.R.T / [환경특성] MTBF: 200만 / TBW: 70TB / 두께: 3.58mm,2025/05,ok,
2026-10-01T01:29:14+00:00,4413015,트랜센드 MTS820 M.2 SATA (120GB),https://prod.danawa.com/info/?pcode=4413015&cate=11229608,M.2 (2280),SATA3 (6Gb/s),120GB,,,실리콘모션 SM2256KAB,550MB/s,450MB/s,최대 78K,최대 78K,54TB,,"3년 , 제한보증",,"M.2 (2280) / SATA3 (6Gb/s) / TLC(토글) / 컨트롤러: 실리콘모션 SM2256KAB / [성능] 순차읽기: 550MB/s / 순차쓰기: 450MB/s / 읽기IOPS: 최대 78K / 쓰기IOPS: 최대 78K / [지원기능] TRIM / SLC캐싱 / S.M.A.R.T / [환경특성] TBW: 54TB / A/S기간: 3년 , 제한보증 / 두께: 3.58mm",2016/09,ok,
2026-10-01T01:29:14+00:00,4413004,트랜센드 MTS820 M.2 SATA (240GB),https://prod.danawa.com/info/?pcode=4413004&cate=11229608,M.2 (2280),SATA3 (6Gb/s),240GB,,,실리콘모션 SM2256KAB,550MB/s,450MB/s,최대 78K,최대 78K,107TB,,"3년 , 제한보증",,"M.2 (2280) / SATA3 (6Gb/s) / TLC(토글) / 컨트롤러: 실리콘모션 SM2256KAB / [성능] 순차읽기: 550MB/s / 순차쓰기: 450MB/s / 읽기IOPS: 최대 78K / 쓰기IOPS: 최대 78K / [지원기능] TRIM / SLC캐싱 / S.M.A.R.T / [환경특성] TBW: 107TB / A/S기간: 3년 , 제한보증 / 두께: 3.58mm",2016/09,ok,
2026-10-01T01:29:14+00:00,5986682,트랜센드 MTS820S M.2 SATA (120GB),https://prod.danawa.com/info/?pcode=5986682&cate=11229608,M.2 (2280),SATA3 (6Gb/s),120GB,,,기타,500MB/s,350MB/s,28K,75K,40TB,100만,"3년 , 제한보증",,"M.2 (2280) / SATA3 (6Gb/s) / 컨트롤러: 기타 / [성능] 순차읽기: 500MB/s / 순차쓰기: 350MB/s / 읽기IOPS: 28K / 쓰기IOPS: 75K / [지원기능] GC / S.M.A.R.T / SLC캐싱 / TRIM / DEVSLP / 전용 S/W / [환경특성] MTBF: 100만 / TBW: 40TB / A/S기간: 3년 , 제한보증 / 두께: 3.58mm / 9g",2018/03,ok,
2026-10-01T01:29:14+00:00,5986687,트랜센드 MTS820S M.2 SATA (240GB),https://prod.danawa.com/info/?pcode=5986687&cate=11229608,M.2 (2280),SATA3 (6Gb/s),240GB,,,기타,500MB/s,430MB/s,40K,75K,80TB,100만,"3년 , 제한보증",,"M.2 (2280) / SATA3 (6Gb/s) / 컨트롤러: 기타 / [성능] 순차읽기: 500MB/s / 순차쓰기: 430MB/s / 읽기IOPS: 40K / 쓰기IOPS: 75K / [지원기능] GC / S.M.A.R.T / SLC캐싱 / TRIM / DEVSLP / 전용 S/W / [환경특성] MTBF: 100만 / TBW: 80TB / A/S기간: 3년 , 제한보증 / 두께: 3.58mm / 9g",2018/03,ok,
2026-10-01T01:29:14+00:00,5986690,트랜센드 MTS820S M.2 SATA (480GB),https://prod.danawa.com/info/?pcode=5986690&cate=11229608,M.2 (2280),SATA3 (6Gb/s),480GB,,,기타,530MB/s,480MB/s,50K,75K,160TB,100만,"3년 , 제한보증",,"M.2 (2280) / SATA3 (6Gb/s) / 컨트롤러: 기타 / [성능] 순차읽기: 530MB/s / 순차쓰기: 480MB/s / 읽기IOPS: 50K / 쓰기IOPS: 75K / [지원기능] TRIM / DEVSLP / GC / SLC캐싱 / S.M.A.R.T / 전용 S/W / [환경특성] MTBF: 100만 / TBW: 160TB / A/S기간: 3년 , 제한보증 / 두께: 3.58mm / 9g",2018/03,ok,
2026-10-01T01:29:14+00:00,6798478,트랜센드 MTS830S M.2 SATA (128GB),https://prod.danawa.com/info/?pcode=6798478&cate=11229608,M.2 (2280),SATA3 (6Gb/s),128GB,,DRAM 탑재,기타,560MB/s,380MB/s,55K,65K,70TB,200만,"제한보증 , 5년",,"M.2 (2280) / SATA3 (6Gb/s) / DRAM 탑재 / 컨트롤러: 기타 / [성능] 순차읽기: 560MB/s / 순차쓰기: 380MB/s / 읽기IOPS: 55K / 쓰기IOPS: 65K / [지원기능] TRIM / ECC / DEVSLP / SLC캐싱 / GC / S.M.A.R.T / 전용 S/W / [환경특성] MTBF: 200만 / TBW: 70TB / A/S기간: 제한보증 , 5년 / 두께: 3.58mm / 9g",2018/12,ok,
2026-10-01T01:29:14+00:00,6938563,트랜센드 MTS830S M.2 SATA (1TB),https://prod.danawa.com/info/?pcode=6938563&cate=11229608,M.2 (2280),SATA3 (6Gb/s),1TB,,DRAM 탑재,기타,560MB/s,500MB/s,85K,85K,560TB,200만,"5년 , 제한보증",,"M.2 (2280) / SATA3 (6Gb/s) / DRAM 탑재 / 컨트롤러: 기타 / [성능] 순차읽기: 560MB/s / 순차쓰기: 500MB/s / 읽기IOPS: 85K / 쓰기IOPS: 85K / [지원기능] TRIM / ECC / DEVSLP / SLC캐싱 / GC / S.M.A.R.T / 전용 S/W / [환경특성] MTBF: 200만 / TBW: 560TB / A/S기간: 5년 , 제한보증 / 두께: 3.58mm / 9g",2018/12,ok,
2026-10-01T01:29:14+00:00,6798490,트랜센드 MTS830S M.2 SATA (256GB),https://prod.danawa.com/info/?pcode=6798490&cate=11229608,M.2 (2280),SATA3 (6Gb/s),256GB,,DRAM 탑재,기타,530MB/s,400MB/s,45K,70K,140TB,200만,"제한보증 , 5년",,"M.2 (2280) / SATA3 (6Gb/s) / DRAM 탑재 / 컨트롤러: 기타 / [성능] 순차읽기: 530MB/s / 순차쓰기: 400MB/s / 읽기IOPS: 45K / 쓰기IOPS: 70K / [지원기능] DEVSLP / TRIM / ECC / SLC캐싱 / GC / S.M.A.R.T / 전용 S/W / [환경특성] MTBF: 200만 / TBW: 140TB / A/S기간: 제한보증 , 5년 / 두께: 3.58mm / 9g",2018/12,ok,
2026-10-01T01:29:14+00:00,6798502,트랜센드 MTS830S M.2 SATA (512GB),https://prod.danawa.com/info/?pcode=6798502&cate=11229608,M.2 (2280),SATA3 (6Gb/s),512GB,,DRAM 탑재,기타,560MB/s,500MB/s,80K,85K,280TB,200만,"5년 , 제한보증",,"M.2 (2280) / SATA3 (6Gb/s) / DRAM 탑재 / 컨트롤러: 기타 / [성능] 순차읽기: 560MB/s / 순차쓰기: 500MB/s / 읽기IOPS: 80K / 쓰기IOPS: 85K / [지원기능] TRIM / ECC / DEVSLP / GC / SLC캐싱 / S.M.A.R.T / 전용 S/W / [환경특성] MTBF: 200만 / TBW: 280TB / A/S기간: 5년 , 제한보증 / 두께: 3.58mm / 9g",2018/12,ok,
2026-10-01T01:29:14+00:00,12213089,트랜센드 SSD220Q (1TB),https://prod.danawa.com/info/?pcode=12213089&cate=11229608,6.4cm(2.5형),SATA3 (6Gb/s),1TB,QLC,,기타,550MB/s,500MB/s,57K,59K,200TB,200만,"제한보증 , 3년",,"6.4cm(2.5형) / SATA3 (6Gb/s) / QLC / 컨트롤러: 기타 / [성능] 순차읽기: 550MB/s / 순차쓰기: 500MB/s / 읽기IOPS: 57K / 쓰기IOPS: 59K / [지원기능] TRIM / ECC / DEVSLP / SLC캐싱 / GC / S.M.A.R.T / 전용 S/W / [환경특성] MTBF: 200만 / TBW: 200TB / A/S기간: 제한보증 , 3년 / 두께: 6.8mm / 45g",2020/09,ok,
2026-10-01T01:29:14+00:00,12284690,트랜센드 SSD220Q (2TB),https://prod.danawa.com/info/?pcode=12284690&cate=11229608,6.4cm(2.5형),SATA3 (6Gb/s),2TB,QLC,,기타,550MB/s,500MB/s,81K,80K,400TB,200만,"제한보증 , 3년",,"6.4cm(2.5형) / SATA3 (6Gb/s) / QLC / 컨트롤러: 기타 / [성능] 순차읽기: 550MB/s / 순차쓰기: 500MB/s / 읽기IOPS: 81K / 쓰기IOPS: 80K / [지원기능] TRIM / ECC / DEVSLP / GC / SLC캐싱 / S.M.A.R.T / 전용 S/W / [환경특성] MTBF: 200만 / TBW: 400TB / A/S기간: 제한보증 , 3년 / 두께: 6.8mm / 45g",2020/09,ok,
2026-10-01T01:29:14+00:00,12213065,트랜센드 SSD220Q (500GB),https://prod.danawa.com/info/?pcode=12213065&cate=11229608,6.4cm(2.5형),SATA3 (6Gb/s),500GB,QLC,,기타,550MB/s,500MB/s,55K,57K,100TB,200만,"3년 , 제한보증",,"6.4cm(2.5형) / SATA3 (6Gb/s) / QLC / 컨트롤러: 기타 / [성능] 순차읽기: 550MB/s / 순차쓰기: 500MB/s / 읽기IOPS: 55K / 쓰기IOPS: 57K / [지원기능] DEVSLP / TRIM / ECC / SLC캐싱 / GC / S.M.A.R.T / 전용 S/W / [환경특성] MTBF: 200만 / TBW: 100TB / A/S기간: 3년 , 제한보증 / 두께: 6.8mm / 45g",2020/09,ok,
2026-10-01T01:29:14+00:00,4091615,트랜센드 SSD220S (120GB),https://prod.danawa.com/info/?pcode=4091615&cate=11229608,6.4cm(2.5형),SATA3 (6Gb/s),120GB,TLC,,기타,500MB/s,350MB/s,최대 28K,최대 75K,40TB,100만,"제한보증 , 3년",,"6.4cm(2.5형) / SATA3 (6Gb/s) / TLC / 컨트롤러: 기타 / [성능] 순차읽기: 500MB/s / 순차쓰기: 350MB/s / 읽기IOPS: 최대 28K / 쓰기IOPS: 최대 75K / [지원기능] GC / S.M.A.R.T / SLC캐싱 / TRIM / DEVSLP / 전용 S/W / [환경특성] MTBF: 100만 / TBW: 40TB / A/S기간: 제한보증 , 3년 / 두께: 6.8mm / 45g",2016/04,ok,
2026-10-01T01:29:14+00:00,3975348,트랜센드 SSD220S (240GB),https://prod.danawa.com/info/?pcode=3975348&cate=11229608,6.4cm(2.5형),SATA3 (6Gb/s),240GB,TLC,,기타,500MB/s,330MB/s,40K,75K,80TB,100만,"3년 , 제한보증",,"6.4cm(2.5형) / SATA3 (6Gb/s) / TLC / 컨트롤러: 기타 / [성능] 순차읽기: 500MB/s / 순차쓰기: 330MB/s / 읽기IOPS: 40K / 쓰기IOPS: 75K / [지원기능] DEVSLP / TRIM / SLC캐싱 / GC / S.M.A.R.T / 전용 S/W / [환경특성] MTBF: 100만 / TBW: 80TB / A/S기간: 3년 , 제한보증 / 두께: 6.8mm / 45g",2016/04,ok,
2026-10-01T01:29:14+00:00,3975334,트랜센드 SSD220S (480GB),https://prod.danawa.com/info/?pcode=3975334&cate=11229608,6.4cm(2.5형),SATA3 (6Gb/s),480GB,TLC,,기타,530MB/s,480MB/s,50K,75K,160TB,100만,"3년 , 제한보증",,"6.4cm(2.5형) / SATA3 (6Gb/s) / TLC / 컨트롤러: 기타 / [성능] 순차읽기: 530MB/s / 순차쓰기: 480MB/s / 읽기IOPS: 50K / 쓰기IOPS: 75K / [지원기능] TRIM / DEVSLP / GC / SLC캐싱 / S.M.A.R.T / 전용 S/W / [환경특성] MTBF: 100만 / TBW: 160TB / A/S기간: 3년 , 제한보증 / 두께: 6.8mm / 45g",2016/04,ok,
2026-10-01T01:29:14+00:00,4674170,트랜센드 SSD220S 해외구매 (120GB),https://prod.danawa.com/info/?pcode=4674170&cate=11229608,6.4cm(2.5형),SATA3 (6Gb/s),120GB,,,기타,,,,,,,,,6.4cm(2.5형) / SATA3 (6Gb/s) / 컨트롤러: 기타 / [지원기능] GC / 두께: 6.8mm,2016/11,ok,
2026-10-01T01:29:14+00:00,17719241,트랜센드 SSD225S (1TB),https://prod.danawa.com/info/?pcode=17719241&cate=11229608,6.4cm(2.5형),SATA3 (6Gb/s),1TB,TLC,,기타,550MB/s,500MB/s,65K,75K,360TB,200만,"5년 , 제한보증",,"6.4cm(2.5형) / SATA3 (6Gb/s) / TLC / 컨트롤러: 기타 / [성능] 순차읽기: 550MB/s / 순차쓰기: 500MB/s / 읽기IOPS: 65K / 쓰기IOPS: 75K / [지원기능] GC / S.M.A.R.T / SLC캐싱 / TRIM / ECC / DEVSLP / 전용 S/W / [환경특성] MTBF: 200만 / TBW: 360TB / A/S기간: 5년 , 제한보증 / 두께: 6.8mm / 45g",2022/08,ok,
2026-10-01T01:29:14+00:00,17719367,트랜센드 SSD225S (250GB),https://prod.danawa.com/info/?pcode=17719367&cate=11229608,6.4cm(2.5형),SATA3 (6Gb/s),250GB,TLC,,기타,500MB/s,330MB/s,40K,75K,90TB,200만,"5년 , 제한보증",,"6.4cm(2.5형) / SATA3 (6Gb/s) / TLC / 컨트롤러: 기타 / [성능] 순차읽기: 500MB/s / 순차쓰기: 330MB/s / 읽기IOPS: 40K / 쓰기IOPS: 75K / [지원기능] TRIM / ECC / DEVSLP / GC / SLC캐싱 / S.M.A.R.T / 전용 S/W / [환경특성] MTBF: 200만 / TBW: 90TB / A/S기간: 5년 , 제한보증 / 두께: 6.8mm / 45g",2022/08,ok,
2026-10-01T01:29:14+00:00,17719115,트랜센드 SSD225S (2TB),https://prod.danawa.com/info/?pcode=17719115&cate=11229608,6.4cm(2.5형),SATA3 (6Gb/s),2TB,TLC,,기타,560MB/s,500MB/s,55K,80K,720TB,200만,"5년 , 제한보증",,"6.4cm(2.5형) / SATA3 (6Gb/s) / TLC / 컨트롤러: 기타 / [성능] 순차읽기: 560MB/s / 순차쓰기: 500MB/s / 읽기IOPS: 55K / 쓰기IOPS: 80K / [지원기능] DEVSLP / TRIM / ECC / SLC캐싱 / GC / S.M.A.R.T / 전용 S/W / [환경특성] MTBF: 200만 / TBW: 720TB / A/S기간: 5년 , 제한보증 / 두께: 6.8mm / 45g",2022/08,ok,
2026-10-01T01:29:14+00:00,17719292,트랜센드 SSD225S (500GB),https://prod.danawa.com/info/?pcode=17719292&cate=11229608,6.4cm(2.5형),SATA3 (6Gb/s),500GB,TLC,,기타,530MB/s,480MB/s,50K,75K,180TB,200만,"5년 , 제한보증",,"6.4cm(2.5형) / SATA3 (6Gb/s) / TLC / 컨트롤러: 기타 / [성능] 순차읽기: 530MB/s / 순차쓰기: 480MB/s / 읽기IOPS: 50K / 쓰기IOPS: 75K / [지원기능] GC / S.M.A.R.T / SLC캐싱 / TRIM / ECC / DEVSLP / 전용 S/W / [환경특성] MTBF: 200만 / TBW: 180TB / A/S기간: 5년 , 제한보증 / 두께: 6.8mm / 45g",2022/08,ok,
2026-10-01T01:29:14+00:00,4825624,트랜센드 SSD230S (128GB),https://prod.danawa.com/info/?pcode=4825624&cate=11229608,6.4cm(2.5형),SATA3 (6Gb/s),128GB,TLC,DRAM 탑재,기타,560MB/s,380MB/s,35K,70K,70TB,200만,"5년 , 제한보증",,"6.4cm(2.5형) / SATA3 (6Gb/s) / TLC / DRAM 탑재 / 컨트롤러: 기타 / [성능] 순차읽기: 560MB/s / 순차쓰기: 380MB/s / 읽기IOPS: 35K / 쓰기IOPS: 70K / [지원기능] TRIM / S.M.A.R.T / SLC캐싱 / GC / DEVSLP / 전용 S/W / [환경특성] MTBF: 200만 / TBW: 70TB / A/S기간: 5년 , 제한보증 / 두께: 6.8mm / 53g",2017/01,ok,
2026-10-01T01:29:14+00:00,5901598,트랜센드 SSD230S (1TB),https://prod.danawa.com/info/?pcode=5901598&cate=11229608,6.4cm(2.5형),SATA3 (6Gb/s),1TB,TLC,DRAM 탑재,기타,560MB/s,500MB/s,75K,77K,560TB,200만,"5년 , 제한보증",,"6.4cm(2.5형) / SATA3 (6Gb/s) / TLC / DRAM 탑재 / 컨트롤러: 기타 / [성능] 순차읽기: 560MB/s / 순차쓰기: 500MB/s / 읽기IOPS: 75K / 쓰기IOPS: 77K / [지원기능] TRIM / S.M.A.R.T / SLC캐싱 / GC / DEVSLP / 전용 S/W / [환경특성] MTBF: 200만 / TBW: 560TB / A/S기간: 5년 , 제한보증 / 두께: 6.8mm / 53g / [기타] 26년 7월부로 읽기 / 쓰기 IOPS 정보 변경",2018/02,ok,
2026-10-01T01:29:14+00:00,4825610,트랜센드 SSD230S (256GB),https://prod.danawa.com/info/?pcode=4825610&cate=11229608,6.4cm(2.5형),SATA3 (6Gb/s),256GB,TLC,DRAM 탑재,기타,560MB/s,500MB/s,65K,85K,140TB,200만,"5년 , 제한보증",,"6.4cm(2.5형) / SATA3 (6Gb/s) / TLC / DRAM 탑재 / 컨트롤러: 기타 / [성능] 순차읽기: 560MB/s / 순차쓰기: 500MB/s / 읽기IOPS: 65K / 쓰기IOPS: 85K / [지원기능] TRIM / S.M.A.R.T / SLC캐싱 / GC / DEVSLP / 전용 S/W / [환경특성] MTBF: 200만 / TBW: 140TB / A/S기간: 5년 , 제한보증 / 두께: 6.8mm / 53g",2017/01,ok,
2026-10-01T01:29:14+00:00,7631194,트랜센드 SSD230S (2TB),https://prod.danawa.com/info/?pcode=7631194&cate=11229608,6.4cm(2.5형),SATA3 (6Gb/s),2TB,TLC,DRAM 탑재,기타,560MB/s,520MB/s,75K,77K,"1,120TB",200만,"5년 , 제한보증",,"6.4cm(2.5형) / SATA3 (6Gb/s) / TLC / DRAM 탑재 / 컨트롤러: 기타 / [성능] 순차읽기: 560MB/s / 순차쓰기: 520MB/s / 읽기IOPS: 75K / 쓰기IOPS: 77K / [지원기능] TRIM / S.M.A.R.T / SLC캐싱 / GC / DEVSLP / 전용 S/W / [환경특성] MTBF: 200만 / TBW: 1,120TB / A/S기간: 5년 , 제한보증 / 두께: 6.8mm / 53g / [기타] 26년 7월부로 읽기 / 쓰기 IOPS 정보 변경",2019/04,ok,
2026-10-01T01:29:14+00:00,17594117,트랜센드 SSD230S (4TB),https://prod.danawa.com/info/?pcode=17594117&cate=11229608,6.4cm(2.5형),SATA3 (6Gb/s),4TB,TLC,DRAM 탑재,기타,560MB/s,520MB/s,77K,77K,"2,240TB",200만,"5년 , 제한보증",,"6.4cm(2.5형) / SATA3 (6Gb/s) / TLC / DRAM 탑재 / 컨트롤러: 기타 / [성능] 순차읽기: 560MB/s / 순차쓰기: 520MB/s / 읽기IOPS: 77K / 쓰기IOPS: 77K / [지원기능] TRIM / S.M.A.R.T / SLC캐싱 / GC / DEVSLP / 전용 S/W / [환경특성] MTBF: 200만 / TBW: 2,240TB / A/S기간: 5년 , 제한보증 / 두께: 6.8mm / 53g / [기타] 26년 7월부로 읽기 / 쓰기 IOPS 정보 변경",2022/08,ok,
2026-10-01T01:29:14+00:00,4825561,트랜센드 SSD230S (512GB),https://prod.danawa.com/info/?pcode=4825561&cate=11229608,6.4cm(2.5형),SATA3 (6Gb/s),512GB,TLC,DRAM 탑재,기타,560MB/s,500MB/s,65K,85K,280TB,200만,"5년 , 제한보증",,"6.4cm(2.5형) / SATA3 (6Gb/s) / TLC / DRAM 탑재 / 컨트롤러: 기타 / [성능] 순차읽기: 560MB/s / 순차쓰기: 500MB/s / 읽기IOPS: 65K / 쓰기IOPS: 85K / [지원기능] TRIM / S.M.A.R.T / SLC캐싱 / GC / DEVSLP / 전용 S/W / [환경특성] MTBF: 200만 / TBW: 280TB / A/S기간: 5년 , 제한보증 / 두께: 6.8mm / 53g / [기타] 26년 7월부로 읽기IOPS 정보 변경",2017/01,ok,
2026-10-01T01:29:14+00:00,119032061,트랜센드 SSD230S mSATA (64GB),https://prod.danawa.com/info/?pcode=119032061&cate=11229608,DDR3,,64GB,,,,550MB/sMB/s,400MB/sMB/s,,,,,,,DDR3 / [성능] 순차읽기: 550MB/sMB/s / 순차쓰기: 400MB/sMB/s,2019/03,ok,
2026-10-01T01:29:14+00:00,8906570,트랜센드 SSD230S 해외구매 (128GB),https://prod.danawa.com/info/?pcode=8906570&cate=11229608,6.4cm(2.5형),SATA3 (6Gb/s),128GB,TLC,DRAM 탑재,,560MB/s,520MB/s,최대 85K,최대 85K,70TB,,,,6.4cm(2.5형) / SATA3 (6Gb/s) / TLC / DRAM 탑재 / [성능] 순차읽기: 560MB/s / 순차쓰기: 520MB/s / 읽기IOPS: 최대 85K / 쓰기IOPS: 최대 85K / [지원기능] TRIM / DEVSLP / SLC캐싱 / GC / S.M.A.R.T / [환경특성] TBW: 70TB / 두께: 6.8mm / 53g,2019/07,ok,
2026-10-01T01:29:14+00:00,3190082,트랜센드 SSD370S (128GB),https://prod.danawa.com/info/?pcode=3190082&cate=11229608,6.4cm(2.5형),SATA3(6Gb/s),128GB,,DRAM 탑재,Transcend TS6500,530MB/s,200MB/s,70K,50K,360TB,200만,"3년 , 제한보증",,"6.4cm(2.5형) / SATA3(6Gb/s) / MLC(동기식) / DRAM 탑재 / 컨트롤러: Transcend TS6500 / [성능] 순차읽기: 530MB/s / 순차쓰기: 200MB/s / 읽기IOPS: 70K / 쓰기IOPS: 50K / [지원기능] TRIM / DEVSLP / GC / SLC캐싱 / S.M.A.R.T / [환경특성] MTBF: 200만 / TBW: 360TB / A/S기간: 3년 , 제한보증 / 두께: 6.8mm / 58g",2015/05,ok,
2026-10-01T01:29:14+00:00,3244009,트랜센드 SSD370S (1TB),https://prod.danawa.com/info/?pcode=3244009&cate=11229608,6.4cm(2.5형),SATA3(6Gb/s),1TB,,DRAM 탑재,Transcend TS6500,530MB/s,460MB/s,75K,75K,"2,940TB",200만,"3년 , 제한보증",,"6.4cm(2.5형) / SATA3(6Gb/s) / MLC(동기식) / DRAM 탑재 / 컨트롤러: Transcend TS6500 / [성능] 순차읽기: 530MB/s / 순차쓰기: 460MB/s / 읽기IOPS: 75K / 쓰기IOPS: 75K / [지원기능] TRIM / DEVSLP / SLC캐싱 / GC / S.M.A.R.T / [환경특성] MTBF: 200만 / TBW: 2,940TB / A/S기간: 3년 , 제한보증 / 두께: 6.8mm / 58g",2015/06,ok,
2026-10-01T01:29:14+00:00,3190087,트랜센드 SSD370S (256GB),https://prod.danawa.com/info/?pcode=3190087&cate=11229608,6.4cm(2.5형),SATA3(6Gb/s),256GB,,DRAM 탑재,Transcend TS6500,530MB/s,400MB/s,70K,70K,740TB,200만,"제한보증 , 3년",,"6.4cm(2.5형) / SATA3(6Gb/s) / MLC(동기식) / DRAM 탑재 / DDR3 256MB / 컨트롤러: Transcend TS6500 / [성능] 순차읽기: 530MB/s / 순차쓰기: 400MB/s / 읽기IOPS: 70K / 쓰기IOPS: 70K / [지원기능] DEVSLP / TRIM / SLC캐싱 / GC / S.M.A.R.T / [환경특성] MTBF: 200만 / TBW: 740TB / A/S기간: 제한보증 , 3년 / 두께: 6.8mm / 58g",2015/05,ok,
2026-10-01T01:29:14+00:00,5901547,트랜센드 SSD370S (32GB),https://prod.danawa.com/info/?pcode=5901547&cate=11229608,6.4cm(2.5형),SATA3(6Gb/s),32GB,,DRAM 탑재,Transcend TS6500,280MB/s,50MB/s,25K,10K,90TB,200만,"3년 , 제한보증",,"6.4cm(2.5형) / SATA3(6Gb/s) / MLC(동기식) / DRAM 탑재 / 컨트롤러: Transcend TS6500 / [성능] 순차읽기: 280MB/s / 순차쓰기: 50MB/s / 읽기IOPS: 25K / 쓰기IOPS: 10K / [지원기능] DEVSLP / TRIM / SLC캐싱 / GC / S.M.A.R.T / [환경특성] MTBF: 200만 / TBW: 90TB / A/S기간: 3년 , 제한보증 / 두께: 6.8mm / 58g",2018/02,ok,
2026-10-01T01:29:14+00:00,3208163,트랜센드 SSD370S (512GB),https://prod.danawa.com/info/?pcode=3208163&cate=11229608,6.4cm(2.5형),SATA3(6Gb/s),512GB,,DRAM 탑재,Transcend TS6500,530MB/s,430MB/s,70K,70K,"1,480TB",200만,"3년 , 제한보증",,"6.4cm(2.5형) / SATA3(6Gb/s) / MLC(동기식) / DRAM 탑재 / DDR3 512MB / 컨트롤러: Transcend TS6500 / [성능] 순차읽기: 530MB/s / 순차쓰기: 430MB/s / 읽기IOPS: 70K / 쓰기IOPS: 70K / [지원기능] TRIM / DEVSLP / SLC캐싱 / GC / S.M.A.R.T / [환경특성] MTBF: 200만 / TBW: 1,480TB / A/S기간: 3년 , 제한보증 / 두께: 6.8mm / 58g",2015/06,ok,
2026-10-01T01:29:14+00:00,3190080,트랜센드 SSD370S (64GB),https://prod.danawa.com/info/?pcode=3190080&cate=11229608,6.4cm(2.5형),SATA3(6Gb/s),64GB,,DRAM 탑재,Transcend TS6500,520MB/s,100MB/s,50K,25K,180TB,200만,"3년 , 제한보증",,"6.4cm(2.5형) / SATA3(6Gb/s) / MLC(동기식) / DRAM 탑재 / 컨트롤러: Transcend TS6500 / [성능] 순차읽기: 520MB/s / 순차쓰기: 100MB/s / 읽기IOPS: 50K / 쓰기IOPS: 25K / [지원기능] TRIM / DEVSLP / SLC캐싱 / GC / S.M.A.R.T / [환경특성] MTBF: 200만 / TBW: 180TB / A/S기간: 3년 , 제한보증 / 두께: 6.8mm / 58g",2015/05,ok,
2026-10-01T01:29:14+00:00,9469365,트로이씨앤씨 MTros MS820 SSD (256GB),https://prod.danawa.com/info/?pcode=9469365&cate=11229608,6.4cm(2.5형),SATA3 (6Gb/s),256GB,TLC,,실리콘모션 SM2258XT,560MB/s,510MB/s,,,,,3년,,6.4cm(2.5형) / SATA3 (6Gb/s) / TLC / 컨트롤러: 실리콘모션 SM2258XT / [성능] 순차읽기: 560MB/s / 순차쓰기: 510MB/s / [지원기능] TRIM / ECC / DEVSLP / GC / S.M.A.R.T / [환경특성] A/S기간: 3년 / 두께: 6.9mm / 80g,2019/09,ok,
2026-10-01T01:29:14+00:00,96653579,티테크놀로지 T-2230-2242 M.2 SSD 연장 가이드,https://prod.danawa.com/info/?pcode=96653579&cate=11229608,변환 가이드,,,,,,,,,,,,,,변환 가이드 / 크기 변환: M.2→M.2 / 2230 to 2242,2025/08,ok,
2026-10-01T01:29:14+00:00,96653594,티테크놀로지 T-2230-2280 M.2 SSD 연장 가이드,https://prod.danawa.com/info/?pcode=96653594&cate=11229608,변환 가이드,,,,,,,,,,,,,,변환 가이드 / 크기 변환: M.2→M.2 / 2230 to 2280,2025/08,ok,
2026-10-01T01:29:14+00:00,96583484,티테크놀로지 T-2242-2280 M.2 SSD 연장 가이드,https://prod.danawa.com/info/?pcode=96583484&cate=11229608,변환 가이드,,,,,,,,,,,,,,변환 가이드 / 크기 변환: M.2→M.2 / 2242 to 2280,2025/08,ok,
2026-10-01T01:29:14+00:00,96583529,티테크놀로지 T-M2-3080 M.2 SSD 연장 가이드,https://prod.danawa.com/info/?pcode=96583529&cate=11229608,변환 가이드,,,,,,,,,,,,,,변환 가이드 / 크기 변환: M.2→M.2 / 2230~2280 연장,2025/08,ok,
2026-10-01T01:29:14+00:00,95205635,티테크놀로지 T-MS2S-PCB mSATA to SATA 컨버터,https://prod.danawa.com/info/?pcode=95205635&cate=11229608,변환 컨버터,,,,,,,,,,,,,,변환 컨버터 / 크기 변환: mSATA→2.5형 / SSD전용 / 보관(장착) 개수: 최대 1개,2025/08,ok,
2026-10-01T01:29:14+00:00,98077121,티테크놀로지 T-NGFF-CASE M.2 to SATA 컨버터,https://prod.danawa.com/info/?pcode=98077121&cate=11229608,변환 컨버터,,,,,,,,,,,,,,변환 컨버터 / 크기 변환: M.2→2.5형 / SSD전용 / 보관(장착) 개수: 최대 1개 / 블랙,2025/09,ok,
2026-10-01T01:29:14+00:00,99556811,티테크놀로지 TG-2535 2.5 to 3.5 HDD 장착 가이드,https://prod.danawa.com/info/?pcode=99556811&cate=11229608,변환 가이드,,,,,,,,,,,,,,"변환 가이드 / 크기 변환: 2.5형→3.5형 / SSD, HDD겸용 / 보관(장착) 개수: 최대 1개 / 두께: 15mm / 블랙",2025/10,ok,
2026-10-01T01:29:14+00:00,18652859,티테크놀로지 TG-D2535 듀얼 가이드,https://prod.danawa.com/info/?pcode=18652859&cate=11229608,변환 가이드,,,,,,,,,,,,,,"변환 가이드 / 크기 변환: 2.5형→3.5형 / SSD, HDD겸용 / 보관(장착) 개수: 최대 2개",2023/01,ok,
2026-10-01T01:29:14+00:00,2482945,티피원 storyG 3.5형 하드 케이스,https://prod.danawa.com/info/?pcode=2482945&cate=11229608,보관케이스,,,,,,,,,,,,1년,,보관케이스 / HDD전용 / 잠금장치 / 충격보호 / A/S기간: 1년 / 두께: 35mm / 블루 / 플라스틱,2013/09,ok,
2026-10-01T01:29:14+00:00,122930212,파이슨 ESO01TBHLCJ-EL1 M.2 NVMe 벌크 (1TB),https://prod.danawa.com/info/?pcode=122930212&cate=11229608,M.2 (2280),PCIe4.0x4 (64GT/s),1TB,,,파이슨,,,,,,,,방열판 미포함,M.2 (2280) / PCIe4.0x4 (64GT/s) / 컨트롤러: 파이슨 / [지원기능] TRIM / HMB / [환경특성] 방열판 미포함 / [기타] 노트북 적출상품,2026/07,ok,
2026-10-01T01:29:14+00:00,77624759,파이슨 ESO256GHLCJ-EL1 M.2 NVMe 벌크 (256GB),https://prod.danawa.com/info/?pcode=77624759&cate=11229608,M.2 (2280),PCIe4.0x4 (64GT/s),256GB,TLC,,파이슨,"4,900MB/s","2,750MB/s",500K,680K,,,,방열판 미포함,"M.2 (2280) / PCIe4.0x4 (64GT/s) / TLC / 컨트롤러: 파이슨 / [성능] 순차읽기: 4,900MB/s / 순차쓰기: 2,750MB/s / 읽기IOPS: 500K / 쓰기IOPS: 680K / [지원기능] HMB / SLC캐싱 / [환경특성] 방열판 미포함 / 두께: 7mm / [기타] 노트북 적출상품",2025/03,ok,
2026-10-01T01:29:14+00:00,46309919,파이슨 ESO512GHLCA1-21C M.2 NVMe 벌크 (512GB),https://prod.danawa.com/info/?pcode=46309919&cate=11229608,M.2 (2280),PCIe4.0x4 (64GT/s),512GB,QLC,,파이슨,"4,500MB/s","1,650MB/s",250K,350K,,,,방열판 미포함,"M.2 (2280) / PCIe4.0x4 (64GT/s) / QLC / 컨트롤러: 파이슨 / [성능] 순차읽기: 4,500MB/s / 순차쓰기: 1,650MB/s / 읽기IOPS: 250K / 쓰기IOPS: 350K / [지원기능] ECC / HMB / AES 암호화 / [환경특성] 방열판 미포함 / [기타] 노트북 적출상품",2024/04,ok,
2026-10-01T01:29:14+00:00,123804111,파이슨 ESO512GHLCA1-21C M.2 NVMe 중고 (512GB),https://prod.danawa.com/info/?pcode=123804111&cate=11229608,M.2 (2280),PCIe4.0x4 (64GT/s),512GB,QLC,,파이슨,"4,500MB/s","1,650MB/s",250K,350K,,,,방열판 미포함,"M.2 (2280) / PCIe4.0x4 (64GT/s) / QLC / 컨트롤러: 파이슨 / [성능] 순차읽기: 4,500MB/s / 순차쓰기: 1,650MB/s / 읽기IOPS: 250K / 쓰기IOPS: 350K / [지원기능] HMB / ECC / AES 암호화 / [환경특성] 방열판 미포함",2024/04,ok,
2026-10-01T01:29:14+00:00,103130108,파이슨 ESO512GHLCJ-EL1 M.2 NVMe 벌크 (512GB),https://prod.danawa.com/info/?pcode=103130108&cate=11229608,M.2 (2280),PCIe4.0x4 (64GT/s),512GB,QLC,,파이슨,"4,500MB/s","1,650MB/s",,,,,,방열판 미포함,"M.2 (2280) / PCIe4.0x4 (64GT/s) / QLC / 컨트롤러: 파이슨 / [성능] 순차읽기: 4,500MB/s / 순차쓰기: 1,650MB/s / [지원기능] ECC / HMB / AES 암호화 / [환경특성] 방열판 미포함 / [기타] 노트북 적출상품",2025/12,ok,
2026-10-01T01:29:14+00:00,123804112,파이슨 ESO512GHLCJ-EL1 M.2 NVMe 중고 (512GB),https://prod.danawa.com/info/?pcode=123804112&cate=11229608,M.2 (2280),PCIe4.0x4 (64GT/s),512GB,QLC,,파이슨,"4,500MB/s","1,650MB/s",,,,,,방열판 미포함,"M.2 (2280) / PCIe4.0x4 (64GT/s) / QLC / 컨트롤러: 파이슨 / [성능] 순차읽기: 4,500MB/s / 순차쓰기: 1,650MB/s / [지원기능] HMB / ECC / AES 암호화 / [환경특성] 방열판 미포함",2025/12,ok,
2026-10-01T01:29:14+00:00,3446224,파이슨 Half Slim SSD S9HS 벌크 (32GB),https://prod.danawa.com/info/?pcode=3446224&cate=11229608,6.4cm(2.5형),SATA3(6Gb/s),32GB,,,파이슨 PS3109-S9,500MB/s,150MB/s,48K,15K,,100만,3년,,6.4cm(2.5형) / SATA3(6Gb/s) / MLC(동기식) / 컨트롤러: 파이슨 PS3109-S9 / [성능] 순차읽기: 500MB/s / 순차쓰기: 150MB/s / 읽기IOPS: 48K / 쓰기IOPS: 15K / [지원기능] TRIM / GC / S.M.A.R.T / [환경특성] MTBF: 100만 / A/S기간: 3년 / 두께: 4.45mm,2015/09,ok,
2026-10-01T01:29:14+00:00,3446229,파이슨 Half Slim SSD S9HS 벌크 (64GB),https://prod.danawa.com/info/?pcode=3446229&cate=11229608,6.4cm(2.5형),SATA3(6Gb/s),64GB,,,파이슨 PS3109-S9,520MB/s,180MB/s,최대 50K,최대 20K,,100만,3년,,6.4cm(2.5형) / SATA3(6Gb/s) / MLC(동기식) / 컨트롤러: 파이슨 PS3109-S9 / [성능] 순차읽기: 520MB/s / 순차쓰기: 180MB/s / 읽기IOPS: 최대 50K / 쓰기IOPS: 최대 20K / [지원기능] TRIM / GC / S.M.A.R.T / [환경특성] MTBF: 100만 / A/S기간: 3년 / 두께: 4.45mm,2015/09,ok,
2026-10-01T01:29:14+00:00,8733068,프레젠샵 2.5 to 3.5 1단 변환 가이드 (PS-G002),https://prod.danawa.com/info/?pcode=8733068&cate=11229608,변환 가이드,,,,,,,,,,,,,,"변환 가이드 / 크기 변환: 2.5형→3.5형 / SSD, HDD겸용 / 보관(장착) 개수: 최대 1개 / 두께: 13mm / 블랙 / 철재(SECC)",2019/07,ok,
2026-10-01T01:29:14+00:00,8733152,프레젠샵 2.5 to 3.5 2단 변환 가이드 (PS-G003),https://prod.danawa.com/info/?pcode=8733152&cate=11229608,변환 가이드,,,,,,,,,,,,,,"변환 가이드 / 크기 변환: 2.5형→3.5형 / SSD, HDD겸용 / 보관(장착) 개수: 최대 2개 / 두께: 13mm / 블랙 / 철재(SECC)",2019/07,ok,
2026-10-01T01:29:14+00:00,11012049,한창코퍼레이션 Cloud M.2 NVMe (128GB),https://prod.danawa.com/info/?pcode=11012049&cate=11229608,M.2 (2280),PCIe3.0x4 (32GT/s),128GB,TLC,,실리콘모션 SM2263XT,"1,800MB/s",570MB/sMB/s,,,,100만,3년,방열판 미포함,"M.2 (2280) / PCIe3.0x4 (32GT/s) / TLC / 컨트롤러: 실리콘모션 SM2263XT / [성능] 순차읽기: 1,800MB/s / 순차쓰기: 570MB/sMB/s / [지원기능] TRIM / SLC캐싱 / S.M.A.R.T / [환경특성] MTBF: 100만 / A/S기간: 3년 / 방열판 미포함 / 두께: 2.2mm / 7g",2020/04,ok,
2026-10-01T01:29:14+00:00,11012139,한창코퍼레이션 Cloud M.2 NVMe (1TB),https://prod.danawa.com/info/?pcode=11012139&cate=11229608,M.2 (2280),PCIe3.0x4 (32GT/s),1TB,TLC,,실리콘모션 SM2263XT,"2,100MB/s","1,700MB/s",,,,100만,3년,방열판 미포함,"M.2 (2280) / PCIe3.0x4 (32GT/s) / TLC / 컨트롤러: 실리콘모션 SM2263XT / [성능] 순차읽기: 2,100MB/s / 순차쓰기: 1,700MB/s / [지원기능] TRIM / SLC캐싱 / S.M.A.R.T / [환경특성] MTBF: 100만 / A/S기간: 3년 / 방열판 미포함 / 두께: 2.2mm / 7g",2020/04,ok,
2026-10-01T01:29:14+00:00,11012085,한창코퍼레이션 Cloud M.2 NVMe (256GB),https://prod.danawa.com/info/?pcode=11012085&cate=11229608,M.2 (2280),PCIe3.0x4 (32GT/s),256GB,TLC,,실리콘모션 SM2263XT,"1,900MB/s","1,000MB/s",,,,100만,3년,방열판 미포함,"M.2 (2280) / PCIe3.0x4 (32GT/s) / TLC / 컨트롤러: 실리콘모션 SM2263XT / [성능] 순차읽기: 1,900MB/s / 순차쓰기: 1,000MB/s / [지원기능] TRIM / SLC캐싱 / S.M.A.R.T / [환경특성] MTBF: 100만 / A/S기간: 3년 / 방열판 미포함 / 두께: 2.2mm / 7g",2020/04,ok,
2026-10-01T01:29:14+00:00,11012115,한창코퍼레이션 Cloud M.2 NVMe (512GB),https://prod.danawa.com/info/?pcode=11012115&cate=11229608,M.2 (2280),PCIe3.0x4 (32GT/s),512GB,TLC,,실리콘모션 SM2263XT,"2,000MB/s","1,600MB/s",,,,100만,3년,방열판 미포함,"M.2 (2280) / PCIe3.0x4 (32GT/s) / TLC / 컨트롤러: 실리콘모션 SM2263XT / [성능] 순차읽기: 2,000MB/s / 순차쓰기: 1,600MB/s / [지원기능] TRIM / SLC캐싱 / S.M.A.R.T / [환경특성] MTBF: 100만 / A/S기간: 3년 / 방열판 미포함 / 두께: 2.2mm / 7g",2020/04,ok,
2026-10-01T01:29:14+00:00,10839285,한창코퍼레이션 Cloud M.2 SATA (1TB),https://prod.danawa.com/info/?pcode=10839285&cate=11229608,M.2 (2280),SATA3 (6Gb/s),1TB,TLC,,기타,500MB/s,450MB/s,,,,200만,3년,,M.2 (2280) / SATA3 (6Gb/s) / TLC / 컨트롤러: 기타 / [성능] 순차읽기: 500MB/s / 순차쓰기: 450MB/s / [지원기능] TRIM / S.M.A.R.T / [환경특성] MTBF: 200만 / A/S기간: 3년 / 두께: 2.2mm / 6g,2020/03,ok,
2026-10-01T01:29:14+00:00,10839261,한창코퍼레이션 Cloud M.2 SATA (256GB),https://prod.danawa.com/info/?pcode=10839261&cate=11229608,M.2 (2280),SATA3 (6Gb/s),256GB,TLC,,기타,480MB/s,450MB/s,,,,200만,3년,,M.2 (2280) / SATA3 (6Gb/s) / TLC / 컨트롤러: 기타 / [성능] 순차읽기: 480MB/s / 순차쓰기: 450MB/s / [지원기능] TRIM / S.M.A.R.T / [환경특성] MTBF: 200만 / A/S기간: 3년 / 두께: 2.2mm / 6g,2020/03,ok,
2026-10-01T01:29:14+00:00,10839279,한창코퍼레이션 Cloud M.2 SATA (512GB),https://prod.danawa.com/info/?pcode=10839279&cate=11229608,M.2 (2280),SATA3 (6Gb/s),512GB,TLC,,기타,500MB/s,450MB/s,,,,200만,3년,,M.2 (2280) / SATA3 (6Gb/s) / TLC / 컨트롤러: 기타 / [성능] 순차읽기: 500MB/s / 순차쓰기: 450MB/s / [지원기능] TRIM / S.M.A.R.T / [환경특성] MTBF: 200만 / A/S기간: 3년 / 두께: 2.2mm / 6g,2020/03,ok,
2026-10-01T01:29:14+00:00,7981315,한창코퍼레이션 Cloud SSD (120GB),https://prod.danawa.com/info/?pcode=7981315&cate=11229608,6.4cm(2.5형),SATA3 (6Gb/s),120GB,TLC,,실리콘모션 SM2258XT,560MB/s,468MB/s,,,,,3년,,6.4cm(2.5형) / SATA3 (6Gb/s) / TLC / 컨트롤러: 실리콘모션 SM2258XT / [성능] 순차읽기: 560MB/s / 순차쓰기: 468MB/s / [지원기능] TRIM / ECC / SLC캐싱 / S.M.A.R.T / [환경특성] A/S기간: 3년 / 두께: 70mm / 45.5g / [기타] 2020년 3월부로 리뉴얼되었습니다.,2019/05,ok,
2026-10-01T01:29:14+00:00,7981351,한창코퍼레이션 Cloud SSD (128GB),https://prod.danawa.com/info/?pcode=7981351&cate=11229608,6.4cm(2.5형),SATA3 (6Gb/s),128GB,TLC,,실리콘모션 SM2258XT,560MB/s,477MB/s,,,,,3년,,6.4cm(2.5형) / SATA3 (6Gb/s) / TLC / 컨트롤러: 실리콘모션 SM2258XT / [성능] 순차읽기: 560MB/s / 순차쓰기: 477MB/s / [지원기능] S.M.A.R.T / SLC캐싱 / TRIM / ECC / [환경특성] A/S기간: 3년 / 두께: 70mm / 45.5g / [기타] 2020년 3월부로 리뉴얼되었습니다.,2019/05,ok,
2026-10-01T01:29:14+00:00,7981645,한창코퍼레이션 Cloud SSD (1TB),https://prod.danawa.com/info/?pcode=7981645&cate=11229608,6.4cm(2.5형),SATA3 (6Gb/s),1TB,TLC,,실리콘모션 SM2258XT,560MB/s,516MB/s,,,,,3년,,6.4cm(2.5형) / SATA3 (6Gb/s) / TLC / 컨트롤러: 실리콘모션 SM2258XT / [성능] 순차읽기: 560MB/s / 순차쓰기: 516MB/s / [지원기능] S.M.A.R.T / SLC캐싱 / TRIM / ECC / [환경특성] A/S기간: 3년 / 두께: 7mm / 45.5g / [기타] 2020년 3월부로 리뉴얼되었습니다.,2019/05,ok,
2026-10-01T01:29:14+00:00,7981372,한창코퍼레이션 Cloud SSD (240GB),https://prod.danawa.com/info/?pcode=7981372&cate=11229608,6.4cm(2.5형),SATA3 (6Gb/s),240GB,TLC,,실리콘모션 SM2258XT,552MB/s,502MB/s,,,,,3년,,6.4cm(2.5형) / SATA3 (6Gb/s) / TLC / 컨트롤러: 실리콘모션 SM2258XT / [성능] 순차읽기: 552MB/s / 순차쓰기: 502MB/s / [지원기능] TRIM / ECC / SLC캐싱 / S.M.A.R.T / [환경특성] A/S기간: 3년 / 두께: 70mm / 45.5g / [기타] 2020년 3월부로 리뉴얼되었습니다.,2019/05,ok,
2026-10-01T01:29:14+00:00,7981390,한창코퍼레이션 Cloud SSD (256GB),https://prod.danawa.com/info/?pcode=7981390&cate=11229608,6.4cm(2.5형),SATA3 (6Gb/s),256GB,TLC,,실리콘모션 SM2258XT,552MB/s,502MB/s,,,,,3년,,6.4cm(2.5형) / SATA3 (6Gb/s) / TLC / 컨트롤러: 실리콘모션 SM2258XT / [성능] 순차읽기: 552MB/s / 순차쓰기: 502MB/s / [지원기능] TRIM / ECC / SLC캐싱 / S.M.A.R.T / [환경특성] A/S기간: 3년 / 두께: 7mm / 45.5g / [기타] 2020년 3월부로 리뉴얼되었습니다.,2019/05,ok,
2026-10-01T01:29:14+00:00,122700957,한창코퍼레이션 Cloud SSD (2TB),https://prod.danawa.com/info/?pcode=122700957&cate=11229608,6.4cm(2.5형),SATA3 (6Gb/s),2TB,TLC,,실리콘모션,564.8MB/s,515.9MB/s,,,,,3년,,6.4cm(2.5형) / SATA3 (6Gb/s) / TLC / 컨트롤러: 실리콘모션 / [성능] 순차읽기: 564.8MB/s / 순차쓰기: 515.9MB/s / [지원기능] TRIM / S.M.A.R.T / SLC캐싱 / ECC / [환경특성] A/S기간: 3년 / 두께: 7mm / 45.5g,2019/05,ok,
2026-10-01T01:29:14+00:00,7981411,한창코퍼레이션 Cloud SSD (480GB),https://prod.danawa.com/info/?pcode=7981411&cate=11229608,6.4cm(2.5형),SATA3 (6Gb/s),480GB,TLC,,실리콘모션 SM2258XT,556MB/s,511MB/s,,,,,3년,,6.4cm(2.5형) / SATA3 (6Gb/s) / TLC / 컨트롤러: 실리콘모션 SM2258XT / [성능] 순차읽기: 556MB/s / 순차쓰기: 511MB/s / [지원기능] TRIM / ECC / SLC캐싱 / S.M.A.R.T / [환경특성] A/S기간: 3년 / 두께: 7mm / 45.5g / [기타] 2020년 3월부로 리뉴얼되었습니다.,2019/05,ok,
2026-10-01T01:29:14+00:00,7981429,한창코퍼레이션 Cloud SSD (512GB),https://prod.danawa.com/info/?pcode=7981429&cate=11229608,6.4cm(2.5형),SATA3 (6Gb/s),512GB,TLC,,실리콘모션 SM2258XT,557MB/s,510MB/s,,,,,3년,,6.4cm(2.5형) / SATA3 (6Gb/s) / TLC / 컨트롤러: 실리콘모션 SM2258XT / [성능] 순차읽기: 557MB/s / 순차쓰기: 510MB/s / [지원기능] TRIM / ECC / SLC캐싱 / S.M.A.R.T / [환경특성] A/S기간: 3년 / 두께: 7mm / 45.5g / [기타] 2020년 3월부로 리뉴얼되었습니다.,2019/05,ok,
2026-10-01T01:29:14+00:00,19508336,한창코퍼레이션 WIN M.2 NVMe (128GB),https://prod.danawa.com/info/?pcode=19508336&cate=11229608,M.2 (2280),PCIe3.0x4 (32GT/s),128GB,TLC,,실리콘모션,1.700MB/s,500MB/s,,,,200만,3년,방열판 미포함,M.2 (2280) / PCIe3.0x4 (32GT/s) / TLC / 컨트롤러: 실리콘모션 / [성능] 순차읽기: 1.700MB/s / 순차쓰기: 500MB/s / [지원기능] TRIM / ECC / SLC캐싱 / S.M.A.R.T / [환경특성] MTBF: 200만 / A/S기간: 3년 / 방열판 미포함 / 두께: 2.2mm / 7g,2023/03,ok,
2026-10-01T01:29:14+00:00,19508660,한창코퍼레이션 WIN M.2 NVMe (1TB),https://prod.danawa.com/info/?pcode=19508660&cate=11229608,M.2 (2280),PCIe3.0x4 (32GT/s),1TB,TLC,,실리콘모션,2.000MB/s,1.600MB/s,,,,200만,3년,방열판 미포함,M.2 (2280) / PCIe3.0x4 (32GT/s) / TLC / 컨트롤러: 실리콘모션 / [성능] 순차읽기: 2.000MB/s / 순차쓰기: 1.600MB/s / [지원기능] TRIM / ECC / SLC캐싱 / S.M.A.R.T / [환경특성] MTBF: 200만 / A/S기간: 3년 / 방열판 미포함 / 두께: 2.2mm / 7g,2023/03,ok,
2026-10-01T01:29:14+00:00,19508561,한창코퍼레이션 WIN M.2 NVMe (256GB),https://prod.danawa.com/info/?pcode=19508561&cate=11229608,M.2 (2280),PCIe3.0x4 (32GT/s),256GB,TLC,,실리콘모션,1.900MB/s,1.400MB/s,,,,200만,3년,방열판 미포함,M.2 (2280) / PCIe3.0x4 (32GT/s) / TLC / 컨트롤러: 실리콘모션 / [성능] 순차읽기: 1.900MB/s / 순차쓰기: 1.400MB/s / [지원기능] TRIM / ECC / SLC캐싱 / S.M.A.R.T / [환경특성] MTBF: 200만 / A/S기간: 3년 / 방열판 미포함 / 두께: 2.2mm / 7g,2023/03,ok,
2026-10-01T01:29:14+00:00,19508612,한창코퍼레이션 WIN M.2 NVMe (512GB),https://prod.danawa.com/info/?pcode=19508612&cate=11229608,M.2 (2280),PCIe3.0x4 (32GT/s),512GB,TLC,,실리콘모션,1.900MB/s,1.200MB/s,,,,200만,3년,방열판 미포함,M.2 (2280) / PCIe3.0x4 (32GT/s) / TLC / 컨트롤러: 실리콘모션 / [성능] 순차읽기: 1.900MB/s / 순차쓰기: 1.200MB/s / [지원기능] TRIM / ECC / SLC캐싱 / S.M.A.R.T / [환경특성] MTBF: 200만 / A/S기간: 3년 / 방열판 미포함 / 두께: 2.2mm / 7g,2023/03,ok,
2026-10-01T01:29:14+00:00,19508843,한창코퍼레이션 WIN SSD (120GB),https://prod.danawa.com/info/?pcode=19508843&cate=11229608,6.4cm(2.5형),SATA3 (6Gb/s),120GB,TLC,,실리콘모션 SM2258XT,500MB/s,450MB/s,,,,200만,3년,,6.4cm(2.5형) / SATA3 (6Gb/s) / TLC / 컨트롤러: 실리콘모션 SM2258XT / [성능] 순차읽기: 500MB/s / 순차쓰기: 450MB/s / [지원기능] TRIM / ECC / SLC캐싱 / S.M.A.R.T / [환경특성] MTBF: 200만 / A/S기간: 3년 / 두께: 7mm / 45.5g,2023/03,ok,
2026-10-01T01:29:14+00:00,19508897,한창코퍼레이션 WIN SSD (128GB),https://prod.danawa.com/info/?pcode=19508897&cate=11229608,6.4cm(2.5형),SATA3 (6Gb/s),128GB,TLC,,실리콘모션 SM2258XT,500MB/s,450MB/s,,,,200만,3년,,6.4cm(2.5형) / SATA3 (6Gb/s) / TLC / 컨트롤러: 실리콘모션 SM2258XT / [성능] 순차읽기: 500MB/s / 순차쓰기: 450MB/s / [지원기능] TRIM / ECC / SLC캐싱 / S.M.A.R.T / [환경특성] MTBF: 200만 / A/S기간: 3년 / 두께: 7mm / 45.5g,2023/03,ok,
2026-10-01T01:29:14+00:00,19509350,한창코퍼레이션 WIN SSD (1TB),https://prod.danawa.com/info/?pcode=19509350&cate=11229608,6.4cm(2.5형),SATA3 (6Gb/s),1TB,TLC,,실리콘모션 SM2258XT,520MB/s,460MB/s,,,,200만,3년,,6.4cm(2.5형) / SATA3 (6Gb/s) / TLC / 컨트롤러: 실리콘모션 SM2258XT / [성능] 순차읽기: 520MB/s / 순차쓰기: 460MB/s / [지원기능] TRIM / ECC / SLC캐싱 / S.M.A.R.T / [환경특성] MTBF: 200만 / A/S기간: 3년 / 두께: 7mm / 45.5g,2023/03,ok,
2026-10-01T01:29:14+00:00,19509188,한창코퍼레이션 WIN SSD (240GB),https://prod.danawa.com/info/?pcode=19509188&cate=11229608,6.4cm(2.5형),SATA3 (6Gb/s),240GB,TLC,,실리콘모션 SM2258XT,500MB/s,450MB/s,,,,200만,3년,,6.4cm(2.5형) / SATA3 (6Gb/s) / TLC / 컨트롤러: 실리콘모션 SM2258XT / [성능] 순차읽기: 500MB/s / 순차쓰기: 450MB/s / [지원기능] TRIM / ECC / SLC캐싱 / S.M.A.R.T / [환경특성] MTBF: 200만 / A/S기간: 3년 / 두께: 7mm / 45.5g,2023/03,ok,
2026-10-01T01:29:14+00:00,19509257,한창코퍼레이션 WIN SSD (256GB),https://prod.danawa.com/info/?pcode=19509257&cate=11229608,6.4cm(2.5형),SATA3 (6Gb/s),256GB,TLC,,실리콘모션 SM2258XT,520MB/s,450MB/s,,,,200만,3년,,6.4cm(2.5형) / SATA3 (6Gb/s) / TLC / 컨트롤러: 실리콘모션 SM2258XT / [성능] 순차읽기: 520MB/s / 순차쓰기: 450MB/s / [지원기능] S.M.A.R.T / SLC캐싱 / TRIM / ECC / [환경특성] MTBF: 200만 / A/S기간: 3년 / 두께: 7mm / 45.5g,2023/03,ok,
2026-10-01T01:29:14+00:00,19509311,한창코퍼레이션 WIN SSD (512GB),https://prod.danawa.com/info/?pcode=19509311&cate=11229608,6.4cm(2.5형),SATA3 (6Gb/s),512GB,TLC,,실리콘모션 SM2258XT,520MB/s,450MB/s,,,,200만,3년,,6.4cm(2.5형) / SATA3 (6Gb/s) / TLC / 컨트롤러: 실리콘모션 SM2258XT / [성능] 순차읽기: 520MB/s / 순차쓰기: 450MB/s / [지원기능] TRIM / ECC / SLC캐싱 / S.M.A.R.T / [환경특성] MTBF: 200만 / A/S기간: 3년 / 두께: 7mm / 45.5g,2023/03,ok,
2026-10-01T01:29:14+00:00,73121480,화웨이 eKitStor Xtreme 200E M.2 NVMe (1TB),https://prod.danawa.com/info/?pcode=73121480&cate=11229608,M.2 (2280),PCIe4.0x4 (64GT/s),1TB,QLC,,기타,"7,000MB/s","6,500MB/s",900K,"1,000K",400TB,150만,"5년 , 제한보증",방열판 미포함,"M.2 (2280) / PCIe4.0x4 (64GT/s) / QLC / 컨트롤러: 기타 / [성능] 순차읽기: 7,000MB/s / 순차쓰기: 6,500MB/s / 읽기IOPS: 900K / 쓰기IOPS: 1,000K / [지원기능] TRIM / HMB / SLC캐싱 / S.M.A.R.T / 전용 S/W / [환경특성] MTBF: 150만 / TBW: 400TB / PS5 호환 / A/S기간: 5년 , 제한보증 / 방열판 미포함 / 두께: 2.7mm",2024/12,ok,
2026-10-01T01:29:14+00:00,102411863,화웨이 eKitStor Xtreme 201 M.2 NVMe (1TB),https://prod.danawa.com/info/?pcode=102411863&cate=11229608,M.2 (2280),PCIe4.0x4 (64GT/s),1TB,TLC,,화웨이,"7,400MB/s","6,700MB/s","1,000K","1,300K","2,000TB",200만,"5년 , 제한보증",방열판 미포함,"M.2 (2280) / PCIe4.0x4 (64GT/s) / TLC / 컨트롤러: 화웨이 / [성능] 순차읽기: 7,400MB/s / 순차쓰기: 6,700MB/s / 읽기IOPS: 1,000K / 쓰기IOPS: 1,300K / [지원기능] HMB / TRIM / ECC / SLC캐싱 / S.M.A.R.T / 전용 S/W / [환경특성] MTBF: 200만 / TBW: 2,000TB / PS5 호환 / A/S기간: 5년 , 제한보증 / 방열판 미포함 / 두께: 2.7mm",2025/12,ok,
2026-10-01T01:29:14+00:00,102411866,화웨이 eKitStor Xtreme 201 M.2 NVMe (2TB),https://prod.danawa.com/info/?pcode=102411866&cate=11229608,M.2 (2280),PCIe4.0x4 (64GT/s),2TB,TLC,,화웨이,"7,400MB/s","6,700MB/s","1,000K","1,300K","4,000TB",200만,"제한보증 , 5년",방열판 미포함,"M.2 (2280) / PCIe4.0x4 (64GT/s) / TLC / 컨트롤러: 화웨이 / [성능] 순차읽기: 7,400MB/s / 순차쓰기: 6,700MB/s / 읽기IOPS: 1,000K / 쓰기IOPS: 1,300K / [지원기능] ECC / HMB / SLC캐싱 / S.M.A.R.T / TRIM / 전용 S/W / [환경특성] MTBF: 200만 / TBW: 4,000TB / PS5 호환 / A/S기간: 제한보증 , 5년 / 방열판 미포함 / 두께: 2.7mm",2025/12,ok,
