product_code,product_name,08:00,09:00,10:00,11:00,12:00,13:00,14:00,15:00,16:00
10363848,ACPI DDR3-1600 (8GB),21380,21380,21380,21380,21380,21380,21380,21380,21380
17020214,ADATA DDR4-3200 CL22 중고 (16GB),177000,177000,177000,177000,177000,177000,177000,177000,177000
94450319,ADATA DDR4-3200 CL22 파인인포 (16GB),175000,175000,175000,175000,175000,175000,175000,175000,175000
100387547,ADATA DDR4-3200 CL22 파인인포 (32GB),411470,411470,411470,411470,411470,411470,411470,411470,411470
94450340,ADATA DDR4-3200 CL22 파인인포 (8GB),88970,88970,88970,88970,88970,88970,88970,88970,88970
93804974,ADATA DDR5-4800 CL40 서린 (32GB),489500,489500,489500,489500,489500,489500,489500,489500,489500
15598841,ADATA DDR5-5200 CL38 LANCER 블랙 패키지 (32GB(16Gx2)),786100,786100,782259,782259,782259,782259,782259,782259,782259
104374652,ADATA DDR5-5600 CL46 ARMAX 서린 (16GB),342860,342860,342860,342860,329380,329380,330600,330600,330600
103415363,ADATA DDR5-5600 CL46 ARMAX 파인인포 (16GB),338340,338340,338340,338340,338340,338340,338340,338340,338340
76071389,ADATA DDR5-5600 CL46 ECC/REG (32GB),2100550,2100550,2100550,2100550,2100550,2100550,2100550,2100550,2100550
105818030,ADATA DDR5-5600 CL46 ECC/REG 파인인포 (16GB),994960,994960,994960,994960,994960,994960,994960,994960,994960
105818027,ADATA DDR5-5600 CL46 ECC/REG 파인인포 (32GB),2100550,2100550,2100550,2100550,2100550,2100550,2100550,2100550,2100550
105818036,ADATA DDR5-5600 CL46 ECC/REG 파인인포 (64GB),3989590,3989590,3989590,3989590,3989590,3989590,3989590,3989590,3989590
81036575,ADATA DDR5-5600 CL46 LANCER BLADE 블랙 서린 (16GB),349950,349950,349950,349950,349950,331270,332500,332500,332500
81036614,ADATA DDR5-5600 CL46 LANCER BLADE 블랙 서린 (32GB),723690,723690,723690,723690,723690,723690,723690,723690,723690
95202428,ADATA DDR5-5600 CL46 LANCER BLADE 블랙 파인인포 (16GB),338340,338340,338340,338340,338340,338340,338340,338340,338340
95205869,ADATA DDR5-5600 CL46 LANCER BLADE 블랙 파인인포 (32GB),695000,695000,695000,695000,695000,695000,695000,695000,695000
81036653,ADATA DDR5-5600 CL46 LANCER BLADE 화이트 서린 (16GB),349970,349970,349970,349970,331270,331270,332500,332500,332500
81036776,ADATA DDR5-5600 CL46 LANCER BLADE 화이트 서린 (32GB),675000,675000,675000,675000,675000,675000,675000,675000,675000
95202470,ADATA DDR5-5600 CL46 LANCER BLADE 화이트 파인인포 (16GB),338340,338340,338340,338340,338340,338340,338340,338340,338340
95205893,ADATA DDR5-5600 CL46 LANCER BLADE 화이트 파인인포 (32GB),668100,668100,668100,668100,668100,668100,668080,668080,668070
68918912,ADATA DDR5-5600 CL46-45-45 서린 (16GB),376930,376930,376930,376930,376930,376930,376930,376930,376930
29822102,ADATA DDR5-5600 CL46-45-45 코잇 (16GB),361290,361290,361290,361290,361290,361290,361290,361290,361290
79397219,ADATA DDR5-5600 CL46-45-45 파인인포 (16GB),333510,333510,333510,333510,333510,333510,331260,331260,331240
79397198,ADATA DDR5-5600 CL46-45-45 파인인포 (32GB),725440,725440,725440,725440,725440,725440,725440,725440,725440
103516745,ADATA DDR5-5600 CL46-45-45 파인인포 (8GB),218570,218570,218570,217800,217800,217800,217800,217800,217800
104374655,ADATA DDR5-6000 CL30 ARMAX RGB 패키지 서린 (32GB(16Gx2)),779980,779980,779980,779980,779980,750000,750000,750000,750000
103415291,ADATA DDR5-6000 CL30 ARMAX RGB 패키지 파인인포 (32GB(16Gx2)),759020,759020,759020,759020,759020,759020,759020,759020,759020
109483625,ADATA DDR5-6000 CL30 ARMAX 패키지 파인인포 (32GB(16Gx2)),754630,754630,754630,754630,754630,754630,754630,754630,754630
75938444,ADATA DDR5-6000 CL30 LANCER BLADE RGB 화이트 패키지 서린 (48GB(24Gx2)),1079980,1079980,1079980,1079980,1079980,1079980,1079980,1079980,1079980
93179012,ADATA DDR5-6000 CL30 LANCER BLADE RGB 화이트 패키지 파인인포 (32GB(16Gx2)),744460,744460,744460,741960,741960,739460,739460,736960,736960
93179039,ADATA DDR5-6000 CL30 LANCER BLADE RGB 화이트 패키지 파인인포 (48GB(24Gx2)),1026770,1026770,1026770,1026770,1026770,1026770,1026770,1026770,1026770
102621410,ADATA DDR5-6000 CL30 LANCER BLADE 블랙 파인인포 (32GB),784990,784990,784990,784990,784990,784990,784990,784990,784990
93178988,ADATA DDR5-6000 CL30 LANCER BLADE 블랙 패키지 파인인포 (32GB(16Gx2)),749480,749480,749480,749480,749480,749480,749480,749480,749480
68787977,ADATA DDR5-6000 CL30 LANCER BLADE 화이트 패키지 서린 (32GB(16Gx2)),764980,764980,764980,764980,764980,764980,764980,764980,764980
93178919,ADATA DDR5-6000 CL30 LANCER BLADE 화이트 패키지 파인인포 (32GB(16Gx2)),735000,735000,735000,735000,735000,735000,735000,735000,735000
68914628,ADATA DDR5-6000 CL30 LANCER RGB 블랙 패키지 서린 (32GB(16Gx2)),795000,795000,795000,795000,795000,795000,795000,795000,795000
93629063,ADATA DDR5-6000 CL30 LANCER RGB 블랙 패키지 파인인포 (32GB(16Gx2)),795000,795000,795000,795000,795000,795000,795000,795000,795000
68915270,ADATA DDR5-6000 CL30 LANCER RGB 화이트 패키지 서린 (32GB(16Gx2)),780000,780000,780000,780000,780000,780000,780000,780000,780000
93629033,ADATA DDR5-6000 CL30 LANCER RGB 화이트 패키지 파인인포 (32GB(16Gx2)),795000,795000,795000,795000,795000,795000,795000,795000,795000
95205638,ADATA DDR5-6000 CL34 LANCER BLADE 블랙 패키지 파인인포 (32GB(16Gx2)),728000,728000,728000,728000,728000,728000,728000,728000,728000
100695821,ADATA DDR5-6000 CL36 LANCER BLADE RGB 블랙 패키지 파인인포 (32GB(16Gx2)),720830,720830,720830,720830,720830,720830,720830,720830,720830
81037301,ADATA DDR5-6000 CL36 LANCER BLADE RGB 화이트 패키지 서린 (32GB(16Gx2)),730000,730000,730000,730000,730000,730000,730000,730000,730000
95205599,ADATA DDR5-6000 CL36 LANCER BLADE 블랙 패키지 파인인포 (32GB(16Gx2)),735580,735580,735580,735580,735580,735580,735580,735580,735580
95205719,ADATA DDR5-6000 CL36 LANCER BLADE 화이트 패키지 파인인포 (32GB(16Gx2)),720780,720780,720780,720780,720780,720780,720780,720780,720780
68788169,ADATA DDR5-6400 CL32 LANCER BLADE RGB 블랙 패키지 서린 (32GB(16Gx2)),859980,859980,859980,859980,859980,859980,859980,859980,859980
75938468,ADATA DDR5-6400 CL32 LANCER BLADE RGB 화이트 패키지 서린 (48GB(24Gx2)),1064490,1064490,1064490,1064490,1064490,1064490,1064490,1064490,1064490
68915306,ADATA DDR5-6400 CL32 LANCER RGB 화이트 패키지 서린 (64GB(32Gx2)),1692200,1692200,1692200,1692200,1692200,1692200,1692200,1692200,1692200
122709317,ADATA DDR5-6400 CL52 CUDIMM 파인인포 (16GB),386000,386000,386000,386000,386000,386000,386000,386000,386000
124237133,ADATA DDR5-6400 CL52 CUDIMM 파인인포 (32GB),813530,813530,813530,813530,813530,813530,813530,813530,813530
124237121,ADATA DDR5-6400 CL52 CUDIMM 파인인포 (64GB),1636800,1636800,1636800,1636800,1636800,1636800,1636800,1636800,1636800
124184376,ADATA TRUSTA DDR5-5600 CL46 ECC/REG (16GB),,,,,,,,,
124184373,ADATA TRUSTA DDR5-5600 CL46 ECC/REG (32GB),,,,,,,,,
124184364,ADATA TRUSTA DDR5-5600 CL46 ECC/REG (64GB),4238110,4238110,4238110,4238110,4238110,4238110,4238110,4238110,4238110
11196249,ADATA 노트북 DDR4-3200 CL22 (16GB),180550,180550,180550,180550,180550,180550,180550,180550,180550
11196246,ADATA 노트북 DDR4-3200 CL22 (8GB),92410,92410,92410,92410,92410,92410,92410,92410,92410
94450280,ADATA 노트북 DDR4-3200 CL22 파인인포 (16GB),204320,204320,204320,204320,204320,204320,204320,204320,204320
94450292,ADATA 노트북 DDR4-3200 CL22 파인인포 (8GB),90680,90680,90680,90680,90680,90680,90680,90680,90680
68918960,ADATA 노트북 DDR5-5600 CL46 서린 (16GB),391880,391880,391880,391880,391880,391880,391880,391880,391880
68918936,ADATA 노트북 DDR5-5600 CL46 서린 (32GB),827730,827730,827730,827730,827730,827730,827730,827730,827730
79397039,ADATA 노트북 DDR5-5600 CL46 파인인포 (16GB),360460,360460,360460,360460,360460,360460,360440,360440,360420
79397126,ADATA 노트북 DDR5-5600 CL46 파인인포 (32GB),641000,641000,641000,641000,641000,641000,641000,641000,641000
92046671,ADATA 노트북 DDR5-5600 CL46 파인인포 (8GB),190940,190940,190940,190940,190940,190940,190940,190940,190940
122830277,AFOX DDR4-2666 CL19 대원씨티에스 (16GB),141000,141000,141000,141000,141000,141000,141000,141000,141000
97124171,AFOX DDR4-3200 CL22 대원씨티에스 (16GB),166140,166140,166140,166140,166140,166140,166140,169200,169200
97124168,AFOX DDR4-3200 CL22 대원씨티에스 (8GB),83510,83510,83510,83510,83510,83510,83510,83510,83510
101628668,AGI DDR4-3200 CL22 UD138 서린 (16GB),193980,193980,193980,193980,193980,193980,193980,193980,193980
101628665,AGI DDR4-3200 CL22 UD138 서린 (8GB),94980,94980,94980,94980,94980,89910,90250,90250,90250
101628743,AGI DDR4-3600 CL18 TURBOJET UD848 RGB BLACK 서린 (32GB(16Gx2)),398980,398980,398980,398980,398980,398980,398980,398980,398980
124236524,AGI DDR5-5600 CL46 RD238 ECC/REG (32GB),1998900,1998900,1998900,1998900,1998900,1998900,1998900,1998900,1998900
124236516,AGI DDR5-5600 CL46 RD238 ECC/REG (64GB),3989980,3989980,3989980,3989980,3989980,3989980,3989980,3989980,3989980
99737048,AGI DDR5-5600 CL46 UD238 서린 (16GB),336980,336980,336980,336980,336980,318970,320150,320150,320150
99737063,AGI DDR5-5600 CL46 UD238 서린 (32GB),689980,689980,689980,689980,689980,689980,689980,689980,689980
124129601,AGI DDR5-5600 CL46 UD238 엠씨케이글로벌 (16GB),345000,345000,345000,345000,345000,345000,345000,345000,345000
101078582,AGI DDR5-6000 CL30 TURBOJET UD858 RGB 블랙 패키지 서린 (32GB(16Gx2)),799000,799000,799000,799000,799000,769000,769000,769000,769000
103752776,AGI DDR5-6000 CL30 TURBOJET UD858 RGB 블랙 패키지 서린 (48GB(24Gx2)),1029250,1029250,1029250,1029250,1029250,1029250,1029250,1029250,1029250
106694363,AGI DDR5-6000 CL30 TURBOJET UD858 RGB 블루그린 패키지 서린 (32GB(16Gx2)),778980,778980,778980,778980,778980,749000,749000,749000,749000
101078618,AGI DDR5-6000 CL30 TURBOJET UD858 RGB 화이트 패키지 서린 (32GB(16Gx2)),798980,798980,798980,798980,798980,769000,769000,769000,769000
101078510,AGI DDR5-6000 CL30 TURBOJET UD858 블랙 패키지 서린 (32GB(16Gx2)),789000,789000,789000,789000,789000,759000,759000,759000,759000
108418964,AGI DDR5-6000 CL36 TURBOJET UD858 RGB 블랙 패키지 서린 (32GB(16Gx2)),689660,689660,689660,689660,689660,689660,689660,689660,689660
108419015,AGI DDR5-6000 CL36 TURBOJET UD858 RGB 화이트 패키지 서린 (32GB(16Gx2)),689650,689650,689650,689650,689650,689650,689650,689650,689650
124236511,AGI DDR5-6400 CL52 RD238 ECC/REG (64GB),4289980,4289980,4289980,4289980,4289980,4289980,4289980,4289980,4289980
101725853,AGI 노트북 DDR4-3200 CL22 SD138 서린 (16GB),188980,188980,188980,188980,188980,178880,179550,179550,179550
101725856,AGI 노트북 DDR4-3200 CL22 SD138 서린 (8GB),96980,96980,96980,96980,91810,91810,92150,92150,92150
101721581,AGI 노트북 DDR5-5600 CL46 SD238 서린 (16GB),354980,354980,354980,354980,354980,336000,337250,337250,337250
101721578,AGI 노트북 DDR5-5600 CL46 SD238 서린 (32GB),714980,714980,714980,714980,714980,714980,714980,714980,714980
124129562,AGI 노트북 DDR5-5600 CL46 SD238 엠씨케이글로벌 (16GB),355000,355000,355000,355000,355000,355000,355000,355000,355000
15414239,ANACOMDA DDR4-3200 CL22 디앤디컴 (16GB),176530,176530,176530,176530,176530,176530,176530,176530,176530
124012173,ANACOMDA DDR4-3200 CL22 얼티메이크 (16GB),164560,164560,164560,164560,164560,164560,164560,164560,164560
91496405,ANACOMDA DDR5-5600 CL46 디앤디컴 (16GB),336670,336670,336670,336670,336670,336670,336650,336650,336640
105966707,ANACOMDA DDR5-6000 CL38 KING SNAKE 블랙 얼티메이크 (32GB(16Gx2)),667160,667160,667160,667160,667160,667160,667160,667160,667160
105966770,ANACOMDA DDR5-6000 CL38 KING SNAKE 화이트 얼티메이크 (32GB(16Gx2)),667160,667160,667160,667160,667160,667160,667160,667160,667160
2430601,AVEXIR DDR3-1600 CL10 Blitz 1.1 Original 패키지 대양케이스 (16GB(8Gx2)),150000,150000,150000,150000,150000,150000,150000,150000,150000
109483274,Apacer DDR4-3200 CL22 (16GB),206940,206940,206940,206940,198760,198760,199500,199500,199500
109483250,Apacer DDR4-3200 CL22 (8GB),104990,104990,104990,104990,104990,99380,99750,99750,99750
99886835,Apacer DDR5-5200 CL40 NOX BLACK 패키지 (32GB(16Gx2)),589000,589000,589000,589000,589000,589000,589000,589000,589000
99749048,Apacer DDR5-5200 CL40 NOX RGB BLACK 패키지 (32GB(16Gx2)),620000,620000,620000,617500,617500,615000,615000,635000,635000
99749258,Apacer DDR5-5200 CL40 NOX RGB SILVER 패키지 (32GB(16Gx2)),634980,634980,634980,634980,634980,605000,605000,605000,605000
99887309,Apacer DDR5-5200 CL40 NOX WHITE 패키지 (32GB(16Gx2)),620000,620000,620000,620000,620000,620000,620000,620000,620000
99893666,Apacer DDR5-5600 CL46 (16GB),336980,336980,336980,336980,336980,318970,320150,320150,320150
99893684,Apacer DDR5-5600 CL46 (32GB),714980,714980,714980,714980,714980,714980,714980,714980,714980
99887372,Apacer DDR5-6000 CL38 NOX BLACK 패키지 (32GB(16Gx2)),698980,698980,698980,698980,669000,669000,669000,669000,669000
99749339,Apacer DDR5-6000 CL38 NOX RGB BLACK 패키지 (32GB(16Gx2)),690490,690490,690490,690490,690490,690490,690490,690490,690490
99749558,Apacer DDR5-6000 CL38 NOX RGB SILVER 패키지 (32GB(16Gx2)),738980,738980,738980,738980,738980,709000,709000,709000,709000
99749564,Apacer DDR5-6000 CL38 NOX RGB SILVER 패키지 (64GB(32Gx2)),1550000,1550000,1550000,1550000,1550000,1550000,1550000,1550000,1550000
99887405,Apacer DDR5-6000 CL38 NOX WHITE 패키지 (32GB(16Gx2)),699000,699000,699000,699000,699000,669000,669000,669000,669000
101665346,Apacer 노트북 DDR5-5600 CL46 (16GB),406150,406150,406150,406150,406150,406150,406150,406150,406150
101667029,Apacer 노트북 DDR5-5600 CL46 (32GB),714980,714980,714980,714980,714980,714980,714980,714980,714980
14091533,ArchMemory DDR4-2666 ECC for Synology (16GB),580000,580000,580000,580000,580000,580000,580000,580000,580000
95423780,BIWIN DDR4-3200 CL22 (16GB),238440,238440,238440,238440,238440,238440,238440,238440,238440
101079248,BIWIN DDR5-4800 CL40 (16GB),320840,320840,320840,320840,320840,320840,320840,320840,320840
101079236,BIWIN DDR5-4800 CL40 (32GB),358110,358110,358110,358110,358110,358110,358110,358110,358110
95423924,BIWIN DDR5-5600 CL46 (16GB),465000,465000,465000,465000,465000,465000,465000,465000,465000
95423906,BIWIN DDR5-5600 CL46 (32GB),925200,925200,925200,925200,925200,925200,925200,925200,925200
124180487,BIWIN DDR5-6000 CL26 Origin Code VORTEX RGB 블랙 패키지 (96GB(48Gx2)),4450000,4450000,4450000,4450000,4450000,4450000,4450000,4450000,4450000
124180438,BIWIN DDR5-6000 CL26 Origin Code VORTEX RGB 패키지 (192GB(48Gx4)),8900000,8900000,8900000,8900000,8900000,8900000,8900000,8900000,8900000
95424089,BIWIN DDR5-6000 CL28 DW100 RGB 블랙 패키지 (48GB(24Gx2)),1160000,1160000,1160000,1160000,1160000,1160000,1160000,1160000,1160000
95424116,BIWIN DDR5-6000 CL28 DW100 RGB 화이트 패키지 (48GB(24Gx2)),1160000,1160000,1160000,1160000,1160000,1160000,1160000,1160000,1160000
123807465,BIWIN 노트북 DDR5-4800 CL40 (16GB),328280,328280,328280,328280,328280,328280,328280,328280,328280
13244855,CORSAIR DDR4-3200 CL16 VENGEANCE RGB PRO SL WHITE 패키지 (16GB(8Gx2)),215060,215060,215060,215060,215060,215060,215060,215060,215060
16239491,CORSAIR DDR5-5200 CL40 Dominator Platinum RGB 패키지 (64GB(32Gx2)),1550000,1550000,1550000,1550000,1550000,1550000,1550000,1550000,1550000
27788273,CORSAIR DDR5-5600 CL40 VENGEANCE RGB BLACK 패키지 (128GB(32Gx4)),3009900,3009900,3009900,3009900,3009900,3009900,3009900,3009900,3009900
105969257,CORSAIR DDR5-5600 CL48 VENGEANCE SODIMM (16GB),357480,357480,357480,357480,357480,357480,357480,357480,357480
124377551,CORSAIR DDR5-6000 CL28 SHUGO 패키지 (32GB(16Gx2)),,,,,,,,,
72471092,CORSAIR DDR5-6000 CL30 VENGEANCE RGB DP WHITE 패키지 (32GB(16Gx2)),892490,892490,892490,892490,892490,892490,892490,892490,892490
27666047,CORSAIR DDR5-6000 CL30 VENGEANCE RGB WHITE 패키지 (32GB(16Gx2)),895780,895780,895780,895780,895780,895780,895780,895780,895780
59829371,CORSAIR DDR5-6000 CL30 VENGEANCE RGB 패키지 (32GB(16Gx2)),798590,798590,798590,798590,798590,798590,798590,798590,798590
59829239,CORSAIR DDR5-6000 CL30 VENGEANCE RGB 패키지 (64GB(32Gx2)),1944600,1944600,1944600,1944600,1944600,1944600,1944600,1944600,1944600
59829503,CORSAIR DDR5-6000 CL30 VENGEANCE 패키지 (32GB(16Gx2)),930990,930990,930990,930990,930990,930990,930990,930990,930990
59829446,CORSAIR DDR5-6000 CL30 VENGEANCE 패키지 (64GB(32Gx2)),1914110,1914110,1914110,1914110,1914110,1914110,1914110,1914110,1914110
106045133,CORSAIR DDR5-6000 CL36 VENGEANCE (16GB),348000,348000,348000,348000,348000,348000,348000,348000,348000
106046342,CORSAIR DDR5-6000 CL36 VENGEANCE RGB (16GB),435740,435740,435740,435740,435740,435740,435740,435740,435740
17544278,CORSAIR DDR5-6000 CL36 VENGEANCE RGB BLACK 패키지 (32GB(16Gx2)),750000,750000,750000,750000,750000,750000,750000,750000,750000
105969236,CORSAIR DDR5-6000 CL36 VENGEANCE RGB RS 패키지 (32GB(16Gx2)),734990,734990,734990,734990,734990,734990,734990,734990,734990
105969242,CORSAIR DDR5-6000 CL36 VENGEANCE WHITE 패키지 (32GB(16Gx2)),727300,727300,727300,727300,727300,727300,727300,727300,727300
105969251,CORSAIR DDR5-6000 CL36 VENGEANCE 패키지 (32GB(16Gx2)),742680,742680,742680,742680,742680,742680,742680,742680,742680
124377550,CORSAIR DDR5-6000 CL40 VENGEANCE 패키지 (64GB(32Gx2)),,,,,,,,,
100692866,CORSAIR DDR5-6400 CL32 VENGEANCE BLACK 패키지 (64GB(32Gx2)),1288000,1288000,1288000,1288000,1288000,1288000,1288000,1288000,1288000
27779540,CORSAIR DDR5-6400 CL32 VENGEANCE RGB BLACK 패키지 (64GB(32Gx2)),1770000,1770000,1770000,1770000,1770000,1770000,1770000,1770000,1770000
103482146,CORSAIR DDR5-8400 CL40 VENGEANCE RGB BLACK 패키지 (48GB(24Gx2)),1337300,1337300,1337300,1337300,1337300,1337300,1337300,1337300,1337300
44178593,CORSAIR 노트북 DDR5-5600 CL48 VENGEANCE (16GB),355260,355260,355260,355260,355260,355260,355260,355260,355260
1676907,CYNEX DDR3-1600 엠트란 매직 (4GB),11000,11000,11000,11000,11000,11000,11000,11000,11000
2030384,CYNEX DDR3-1600 엠트란 매직 (8GB),36000,36000,36000,36000,36000,36000,36000,36000,36000
99746915,DLI MEMORY DDR4-3200 CL22 (16GB),158830,158830,158830,158830,158830,158830,158830,158830,158830
636450,Dreamware DDR2-800 FB For APPLE (1GB),90000,90000,90000,90000,90000,90000,90000,90000,90000
857349,Dreamware DDR3-1066 ECC Mac Pro (2GB),100000,100000,100000,100000,100000,100000,100000,100000,100000
876470,Dreamware DDR3-1066 ECC Mac Pro (4GB),220000,220000,220000,220000,220000,220000,220000,220000,220000
1177353,Dreamware DDR3-1333 ECC Mac Pro (2GB),100000,100000,100000,100000,100000,100000,100000,100000,100000
1177359,Dreamware DDR3-1333 ECC Mac Pro (4GB),200000,200000,200000,200000,200000,200000,200000,200000,200000
2672598,Dreamware DDR3-1866 ECC Mac Pro (16GB),438581,438581,438581,438581,438581,438581,438581,438581,438581
2671270,Dreamware DDR3-1866 ECC Mac Pro (4GB),116955,116955,116955,116955,116955,116955,116955,116955,116955
2672596,Dreamware DDR3-1866 ECC Mac Pro (8GB),232581,232581,232581,232581,232581,232581,232581,232581,232581
1183663,EKMEMORY DDR3-1333 인디핑크 (4GB),39300,39300,39300,39300,39300,39300,39300,39300,39300
1741833,EKMEMORY DDR3-1600 (4GB),15000,15000,15000,15000,15000,15000,15000,15000,15000
1885748,EKMEMORY DDR3-1600 (8GB),38000,38000,38000,38000,38000,38000,38000,38000,38000
4152022,ESSENCORE KLEVV DDR3-1600 CL9 URBANE 패키지 (16GB(8Gx2)),210000,210000,210000,210000,210000,210000,210000,210000,210000
4152056,ESSENCORE KLEVV DDR3-1866 CL9 URBANE 패키지 (16GB(8Gx2)),220000,220000,220000,220000,220000,220000,220000,220000,220000
3409631,ESSENCORE KLEVV DDR3-2666 CL12 URBANE 패키지 (8GB(4Gx2)),68540,68540,68540,68540,68540,68540,68540,68540,68540
9390978,ESSENCORE KLEVV DDR4-2666 CL19 파인인포 (16GB),181000,181000,181000,181000,181000,181000,181000,181000,181000
9390900,ESSENCORE KLEVV DDR4-2666 CL19 파인인포 (4GB),46000,46000,46000,46000,46000,46000,46000,46000,46000
27867110,ESSENCORE KLEVV DDR4-3200 CL16 BOLT X 서린 (8GB),119000,119000,119000,119000,119000,119000,119000,119000,119000
123133867,ESSENCORE KLEVV DDR4-3200 CL22 중고 (32GB),363840,363840,363840,363840,363840,363840,363840,363840,363840
123133874,ESSENCORE KLEVV DDR4-3200 CL22 중고 (8GB),85000,85000,85000,85000,85000,85000,85000,85000,85000
11787091,ESSENCORE KLEVV DDR4-3200 CL22 파인인포 (16GB),179350,179350,179350,179350,179350,179350,179350,179350,179350
14858474,ESSENCORE KLEVV DDR4-3200 CL22 파인인포 (32GB),412660,412660,412660,412660,412660,412660,412660,412660,412660
11787049,ESSENCORE KLEVV DDR4-3200 CL22 파인인포 (8GB),87490,87490,87490,87490,87490,87490,87490,87490,87490
58107197,ESSENCORE KLEVV DDR5-5600 CL30 FIT V WHITE 서린 (16GB),360000,360000,360000,360000,360000,360000,360000,360000,360000
92152220,ESSENCORE KLEVV DDR5-5600 CL30 FIT V 서린 (16GB),358980,358980,358980,358980,340740,340740,342000,342000,342000
94638185,ESSENCORE KLEVV DDR5-5600 CL46 AMD 파인인포 (16GB),325640,325640,325640,325640,325640,325640,325620,325620,325600
94638203,ESSENCORE KLEVV DDR5-5600 CL46 AMD 파인인포 (8GB),181500,181500,181500,181500,181500,181500,181500,181500,181500
124167264,ESSENCORE KLEVV DDR5-5600 CL46 NEO 중고 (16GB),333000,333000,333000,333000,333000,333000,333000,333000,333000
71216363,ESSENCORE KLEVV DDR5-5600 CL46 NEO 파인인포 (16GB),345700,345700,345700,345700,345700,345700,345700,345700,345700
18965774,ESSENCORE KLEVV DDR5-5600 CL46 파인인포 (16GB),334350,334350,334350,334350,334350,334350,334350,334350,334350
27913391,ESSENCORE KLEVV DDR5-5600 CL46 파인인포 (32GB),736650,736650,736640,736630,736630,736620,736610,736610,736600
91188350,ESSENCORE KLEVV DDR5-6000 CL28 BOLT V WHITE 패키지 서린 (32GB(16Gx2)),801490,801490,801490,801490,801490,801490,801490,801490,801490
91188470,ESSENCORE KLEVV DDR5-6000 CL28 CRAS V RGB WHITE 패키지 서린 (32GB(16Gx2)),917900,917900,917900,917900,917900,917900,917900,917900,917900
91188443,ESSENCORE KLEVV DDR5-6000 CL28 CRAS V RGB 패키지 서린 (32GB(16Gx2)),903510,903510,903510,903510,903510,903510,903510,903510,903510
123437610,ESSENCORE KLEVV DDR5-6000 CL28 FIT V BLACK AMD 패키지 서린 (32GB(16Gx2)),739000,739000,739000,739000,739000,739000,739000,739000,739000
123437617,ESSENCORE KLEVV DDR5-6000 CL28 FIT V WHITE AMD 패키지 서린 (32GB(16Gx2)),759000,759000,759000,759000,759000,759000,759000,759000,759000
100692755,ESSENCORE KLEVV DDR5-6000 CL28 URBANE V RGB 블랙 패키지 서린 (32GB(16Gx2)),887900,887900,887900,887900,887900,887900,887900,887900,887900
100692737,ESSENCORE KLEVV DDR5-6000 CL28 URBANE V RGB 화이트 패키지 서린 (32GB(16Gx2)),888980,888980,888980,888980,888980,888980,888980,888980,888980
123538748,ESSENCORE KLEVV DDR5-6000 CL30 BOLT V WHITE AMD 패키지 서린 (32GB(16Gx2)),797420,797420,797420,797420,797420,797420,797420,797420,797420
92152256,ESSENCORE KLEVV DDR5-6000 CL30 BOLT V WHITE 패키지 서린 (32GB(16Gx2)),818980,818980,818980,818980,818980,789000,789000,789000,789000
94568981,ESSENCORE KLEVV DDR5-6000 CL30 BOLT V WHITE 패키지 서린 (64GB(32Gx2)),1500000,1500000,1500000,1500000,1619900,1619900,1619900,1619900,1619900
27894470,ESSENCORE KLEVV DDR5-6000 CL30 BOLT V 패키지 서린 (32GB(16Gx2)),817900,817900,817900,817900,817900,789000,789000,789000,789000
94568963,ESSENCORE KLEVV DDR5-6000 CL30 BOLT V 패키지 서린 (64GB(32Gx2)),1811300,1811300,1811300,1811300,1811300,1811300,1811300,1811300,1811300
79010636,ESSENCORE KLEVV DDR5-6000 CL30 CRAS V RGB WHITE AMD 패키지 서린 (32GB(16Gx2)),889000,889000,889000,889000,889000,889000,889000,889000,889000
32076077,ESSENCORE KLEVV DDR5-6000 CL30 CRAS V RGB WHITE 패키지 서린 (32GB(16Gx2)),917900,917900,917900,917900,917900,889000,889000,889000,889000
37988975,ESSENCORE KLEVV DDR5-6000 CL30 CRAS V RGB WHITE 패키지 서린 (48GB(24Gx2)),1249980,1249980,1249980,1249980,1249980,1249980,1249980,1249980,1249980
37989017,ESSENCORE KLEVV DDR5-6000 CL30 CRAS V RGB WHITE 패키지 서린 (64GB(32Gx2)),1848100,1848100,1848100,1848100,1848100,1820000,1820000,1820000,1820000
27886268,ESSENCORE KLEVV DDR5-6000 CL30 CRAS V RGB 패키지 서린 (32GB(16Gx2)),815330,815330,815330,815330,815330,815330,815330,815330,815330
30002609,ESSENCORE KLEVV DDR5-6000 CL30 CRAS V RGB 패키지 서린 (48GB(24Gx2)),1248980,1248980,1248980,1248980,1248980,1248980,1248980,1248980,1248980
30002663,ESSENCORE KLEVV DDR5-6000 CL30 CRAS V RGB 패키지 서린 (64GB(32Gx2)),1849980,1849980,1849980,1849980,1849980,1820000,1820000,1820000,1820000
122663226,ESSENCORE KLEVV DDR5-6000 CL30 FIT V AMD 패키지 서린 (16GB(8Gx2)),374000,374000,374000,374000,354930,354930,356250,356250,356250
122663232,ESSENCORE KLEVV DDR5-6000 CL30 FIT V WHITE AMD 패키지 서린 (16GB(8Gx2)),374000,374000,374000,374000,374000,354930,356250,356250,356250
91188716,ESSENCORE KLEVV DDR5-6000 CL30 FIT V WHITE 패키지 서린 (32GB(16Gx2)),797900,797900,797900,797900,797900,797900,797900,797900,797900
91188656,ESSENCORE KLEVV DDR5-6000 CL30 FIT V 패키지 서린 (32GB(16Gx2)),798980,798980,798980,798980,798980,798980,798980,798980,798980
100692833,ESSENCORE KLEVV DDR5-6000 CL30 URBANE V RGB 블랙 패키지 서린 (32GB(16Gx2)),887900,887900,887900,887900,887900,859000,859000,859000,859000
72587681,ESSENCORE KLEVV DDR5-6000 CL30 URBANE V RGB 패키지 서린 (32GB(16Gx2)),887900,887900,887900,887900,887900,859000,859000,859000,859000
78849281,ESSENCORE KLEVV DDR5-6000 CL30 URBANE V RGB 패키지 서린 (48GB(24Gx2)),1187980,1187980,1187980,1187980,1187980,1187980,1187980,1187980,1187980
93805103,ESSENCORE KLEVV DDR5-6400 CL30 BOLT V WHITE 패키지 서린 (32GB(16Gx2)),875490,875490,875490,875490,875490,875490,875490,875490,875490
93805016,ESSENCORE KLEVV DDR5-6400 CL30 BOLT V 패키지 서린 (32GB(16Gx2)),867900,867900,867900,867900,867900,867900,867900,867900,867900
123538770,ESSENCORE KLEVV DDR5-6400 CL32 BOLT V WHITE AMD 패키지 서린 (32GB(16Gx2)),797420,797420,797420,797420,797420,797420,797420,797420,797420
79017092,ESSENCORE KLEVV DDR5-6400 CL32 CRAS V RGB WHITE AMD 패키지 서린 (32GB(16Gx2)),919000,919000,919000,919000,919000,919000,919000,919000,919000
32075993,ESSENCORE KLEVV DDR5-6400 CL32 CRAS V RGB WHITE 패키지 서린 (32GB(16Gx2)),918980,918980,918980,918980,918980,918980,918980,918980,918980
37989107,ESSENCORE KLEVV DDR5-6400 CL32 CRAS V RGB WHITE 패키지 서린 (48GB(24Gx2)),1249980,1249980,1249980,1249980,1249980,1249980,1249980,1249980,1249980
37989125,ESSENCORE KLEVV DDR5-6400 CL32 CRAS V RGB WHITE 패키지 서린 (64GB(32Gx2)),1849800,1849800,1849800,1849800,1849800,1849800,1849800,1849800,1849800
27886454,ESSENCORE KLEVV DDR5-6400 CL32 CRAS V RGB 패키지 서린 (32GB(16Gx2)),869000,869000,869000,866500,866500,864000,864000,861500,861500
30002834,ESSENCORE KLEVV DDR5-6400 CL32 CRAS V RGB 패키지 서린 (48GB(24Gx2)),1250000,1250000,1250000,1250000,1250000,1250000,1250000,1250000,1250000
72587687,ESSENCORE KLEVV DDR5-6400 CL32 URBANE V RGB 패키지 서린 (32GB(16Gx2)),886000,886000,886000,886000,886000,886000,886000,886000,886000
78849305,ESSENCORE KLEVV DDR5-6400 CL32 URBANE V RGB 패키지 서린 (48GB(24Gx2)),1171030,1171030,1171030,1171030,1171030,1171030,1171030,1171030,1171030
74340050,ESSENCORE KLEVV DDR5-6400 CL52 CUDIMM 파인인포 (16GB),359620,359620,359560,359560,359540,359540,359520,359520,359500
64376690,ESSENCORE KLEVV DDR5-7200 CL34 CRAS V RGB ROG 패키지 서린 (32GB(16Gx2)),789000,789000,789000,789000,789000,789000,789000,789000,789000
37989197,ESSENCORE KLEVV DDR5-7200 CL34 CRAS V RGB White 패키지 서린 (32GB(16Gx2)),935480,935480,935480,935480,935480,935480,935480,935480,935480
37989224,ESSENCORE KLEVV DDR5-7200 CL34 CRAS V RGB White 패키지 서린 (48GB(24Gx2)),990000,990000,990000,990000,990000,990000,990000,990000,990000
27886676,ESSENCORE KLEVV DDR5-7200 CL34 CRAS V RGB 패키지 서린 (32GB(16Gx2)),922730,922730,922730,922730,922730,922730,922730,922730,922730
19240181,ESSENCORE KLEVV 노트북 DDR4-2666 CL19 중고 (4GB),46000,46000,46000,46000,46000,46000,46000,46000,46000
11787178,ESSENCORE KLEVV 노트북 DDR4-3200 CL22 파인인포 (16GB),180160,180160,180160,180160,180160,180160,180160,180160,180160
14205968,ESSENCORE KLEVV 노트북 DDR4-3200 CL22 파인인포 (32GB),412550,412550,412550,412550,412550,412550,412550,412550,412550
11787154,ESSENCORE KLEVV 노트북 DDR4-3200 CL22 파인인포 (8GB),90070,90070,90070,90070,90070,90070,90070,90070,90070
28208825,ESSENCORE KLEVV 노트북 DDR5-5600 CL46 파인인포 (16GB),334360,334360,334360,334360,334360,334360,334360,334360,334340
70003763,ESSENCORE KLEVV 노트북 DDR5-5600 CL46 파인인포 (32GB),659190,659190,659190,659190,659190,659190,659190,659190,659190
124129284,FASTRO DDR4-3200 (16GB),158980,158980,158980,158980,158980,158980,158980,158980,158980
124129316,FASTRO DDR5-5600 (16GB),332990,332990,332990,332990,332990,332990,332990,332990,332990
6540147,G.SKILL DDR4-2666 CL19 AEGIS (16GB),188980,188980,188980,188980,178880,178880,179550,179550,179550
6002268,G.SKILL DDR4-2666 CL19 AEGIS (8GB),96950,96950,96950,96950,91810,91810,92150,92150,92150
4905041,G.SKILL DDR4-3200 CL14 TRIDENT Z RGB 패키지 (16GB(8Gx2)),220000,220000,220000,220000,220000,220000,220000,220000,220000
9593742,G.SKILL DDR4-3200 CL16 AEGIS (16GB),195980,195980,195980,195980,195980,185510,186200,186200,186200
9593730,G.SKILL DDR4-3200 CL16 AEGIS (8GB),98980,98980,98980,98980,98980,93700,94050,94050,94050
10019382,G.SKILL DDR4-3200 CL16 RIPJAWS V VK 패키지 (64GB(32Gx2)),627010,627010,627010,627010,627010,627010,627010,627010,627010
4905070,G.SKILL DDR4-3200 CL16 TRIDENT Z RGB 패키지 (16GB(8Gx2)),224080,224080,224080,224080,224080,224080,224080,224080,224080
3439724,G.SKILL DDR4-3200 CL16 TRIDENT Z 패키지 (16GB(8Gx2)),214970,214970,214970,214970,214970,214970,214970,214970,214970
3717286,G.SKILL DDR4-3200 CL16 TRIDENT Z 패키지 (32GB(16Gx2)),359700,359700,359700,359700,359700,359700,359700,359700,359700
4589107,G.SKILL DDR4-3200 CL16 TRIDENT ZKW 패키지 (16GB(8Gx2)),214990,214990,214990,214990,214990,214990,214990,214990,214990
9470838,G.SKILL DDR4-3600 CL16 TRIDENT Z NEO C 패키지 (16GB(8Gx2)),210900,210900,210900,210900,210900,210900,210900,210900,210900
9480405,G.SKILL DDR4-3600 CL16 TRIDENT Z NEO C 패키지 (32GB(16Gx2)),467590,467590,467590,467590,467590,467590,467590,467590,467590
11431059,G.SKILL DDR4-3600 CL18 TRIDENT Z RGB 패키지 (16GB(8Gx2)),223000,223000,223000,223000,223000,223000,223000,220500,220500
11431083,G.SKILL DDR4-3600 CL18 TRIDENT Z RGB 패키지 (32GB(16Gx2)),411000,411000,411000,408500,408500,406000,406000,403500,403500
18643175,G.SKILL DDR4-3600 CL18 TRIDENT Z RGB 패키지 (해외구매) (16GB(8Gx2)),251040,251040,251040,251040,251040,251040,251040,251040,251040
54102935,G.SKILL DDR5-5200 CL40 FLARE X5 J 패키지 (48GB(24Gx2)),963000,963000,963000,963000,963000,963000,963000,963000,963000
54102995,G.SKILL DDR5-5200 CL40 FLARE X5 J 패키지 (96GB(48Gx2)),2718420,2718420,2718420,2718420,2718420,2718420,2718420,2715420,2715420
56151461,G.SKILL DDR5-5200 CL40 RIPJAWS M5 RGB 블랙 패키지 (32GB(16Gx2)),744000,744000,744000,744000,744000,744000,744000,744000,744000
56151416,G.SKILL DDR5-5200 CL40 RIPJAWS M5 RGB 블랙 패키지 (64GB(32Gx2)),1589980,1589980,1589980,1589980,1589980,1589980,1589980,1589980,1589980
56151521,G.SKILL DDR5-5200 CL40 RIPJAWS M5 RGB 화이트 패키지 (32GB(16Gx2)),796500,796500,796500,796500,796500,796500,796500,796500,796500
56151509,G.SKILL DDR5-5200 CL40 RIPJAWS M5 RGB 화이트 패키지 (64GB(32Gx2)),1579980,1579980,1579980,1579980,1579980,1579980,1579980,1579980,1579980
54103109,G.SKILL DDR5-5200 CL40 RIPJAWS S5 J 블랙 패키지 (32GB(16Gx2)),739000,739000,739000,739000,739000,739000,739000,739000,739000
54103163,G.SKILL DDR5-5200 CL40 RIPJAWS S5 J 블랙 패키지 (64GB(32Gx2)),1539980,1539980,1539980,1539980,1510000,1510000,1510000,1510000,1510000
54103169,G.SKILL DDR5-5200 CL40 RIPJAWS S5 J 블랙 패키지 (96GB(48Gx2)),2269300,2269300,2269300,2269300,2269300,2269300,2269300,2269300,2269300
54103232,G.SKILL DDR5-5200 CL40 RIPJAWS S5 J 화이트 패키지 (32GB(16Gx2)),799000,799000,799000,799000,799000,769000,769000,766500,766500
54103175,G.SKILL DDR5-5200 CL40 RIPJAWS S5 J 화이트 패키지 (96GB(48Gx2)),2389980,2389980,2389980,2389980,2389980,2360000,2360000,2360000,2360000
109682708,G.SKILL DDR5-5600 CL28 G5 ECC/REG 패키지 (128GB(32Gx4)),7699980,7699980,7699980,7699980,7699980,7699980,7699980,7699980,7699980
109682669,G.SKILL DDR5-5600 CL28 G5 NEO ECC/REG 패키지 (128GB(32Gx4)),7699800,7699800,7699800,7699800,7699800,7699800,7699800,7699800,7699800
28241219,G.SKILL DDR5-5600 CL36 AEGIS 5 (16GB),393980,393980,393980,393980,393980,372920,374300,374300,374300
75656471,G.SKILL DDR5-5600 CL36 AEGIS 5 (32GB),818980,818980,818980,818980,818980,789000,789000,789000,789000
102553307,G.SKILL DDR5-5600 CL36 FLARE X5 AMD 블랙 (8GB),224980,224980,224980,224980,224980,212960,213750,213750,213750
56151770,G.SKILL DDR5-5600 CL40 RIPJAWS M5 RGB 화이트 패키지 (96GB(48Gx2)),2589800,2589800,2589800,2589800,2589800,2589800,2589800,2589800,2589800
40551086,G.SKILL DDR5-5600 CL40 RIPJAWS S5 J 블랙 패키지 (96GB(48Gx2)),2611750,2611750,2611750,2611750,2611750,2611750,2611750,2611750,2611750
122720444,G.SKILL DDR5-5600 CL46 G5 ECC/REG (32GB),2290000,2290000,2290000,2290000,2290000,2290000,2290000,2290000,2290000
122720466,G.SKILL DDR5-5600 CL46 G5 ECC/REG (48GB),2329980,2329980,2329980,2329980,2329980,2329980,2329980,2329980,2329980
122720491,G.SKILL DDR5-5600 CL46 G5 ECC/REG (64GB),4330000,4330000,4330000,4330000,4330000,4330000,4330000,4330000,4330000
80151371,G.SKILL DDR5-6000 CL26 TRIDENT Z5 NEO RGB H 화이트 패키지 (32GB(16Gx2)),1058990,1058990,1058990,1058990,1058990,1058990,1058990,1058990,1058990
122727537,G.SKILL DDR5-6000 CL26 TRIDENT Z5 NeoX RGB for AMD ULL 글로시블랙 패키지 (32GB(16Gx2)),2136700,2136700,2136700,2136700,2136700,2136700,2136700,2136700,2136700
122727539,G.SKILL DDR5-6000 CL26 TRIDENT Z5 NeoX RGB for AMD ULL 매트블랙 패키지 (32GB(16Gx2)),2189980,2189980,2189980,2189980,2189980,2189980,2189980,2189980,2189980
122727540,G.SKILL DDR5-6000 CL26 TRIDENT Z5 NeoX RGB for AMD ULL 매트화이트 패키지 (32GB(16Gx2)),2189980,2189980,2189980,2189980,2189980,2189980,2189980,2189980,2189980
72913436,G.SKILL DDR5-6000 CL28 FLARE X5 J 패키지 (32GB(16Gx2)),856790,856790,856790,856790,856790,856790,856790,856790,856790
75656702,G.SKILL DDR5-6000 CL28 FLARE X5 J 패키지 (64GB(32Gx2)),1906190,1906190,1906190,1906190,1906190,1906190,1906190,1906190,1906190
72913478,G.SKILL DDR5-6000 CL28 FLARE X5 J 화이트 패키지 (32GB(16Gx2)),856790,856790,856790,856790,856790,856790,856790,856790,856790
75656726,G.SKILL DDR5-6000 CL28 FLARE X5 J 화이트 패키지 (64GB(32Gx2)),2052000,2052000,2052000,2052000,2052000,2052000,2052000,2052000,2052000
72913520,G.SKILL DDR5-6000 CL28 RIPJAWS M5 NEO RGB 블랙 패키지 (32GB(16Gx2)),1026010,1026010,1026010,1026010,1026010,1026010,1026010,1026010,1026010
75724346,G.SKILL DDR5-6000 CL28 RIPJAWS M5 NEO RGB 블랙 패키지 (64GB(32Gx2)),1680000,1680000,1680000,1680000,1680000,1680000,1680000,1680000,1680000
72913541,G.SKILL DDR5-6000 CL28 RIPJAWS M5 NEO RGB 화이트 패키지 (32GB(16Gx2)),788980,788980,788980,788980,788980,788980,788980,788980,788980
93385487,G.SKILL DDR5-6000 CL28 TRIDENT Z5 NEO RGB J 패키지 (32GB(16Gx2)),979910,979910,979910,979910,979910,979910,979910,979910,979910
67980524,G.SKILL DDR5-6000 CL28 TRIDENT Z5 NEO RGB J 화이트 패키지 (32GB(16Gx2)),859000,859000,859000,859000,859000,859000,859000,859000,859000
122727531,G.SKILL DDR5-6000 CL28 TRIDENT Z5 NeoX RGB for AMD ULL 글로시블랙 패키지 (32GB(16Gx2)),1988000,1988000,1988000,1988000,1988000,1988000,1988000,1988000,1988000
122727533,G.SKILL DDR5-6000 CL28 TRIDENT Z5 NeoX RGB for AMD ULL 매트블랙 패키지 (32GB(16Gx2)),1989800,1989800,1989800,1989800,1989800,1989800,1989800,1989800,1989800
122727534,G.SKILL DDR5-6000 CL28 TRIDENT Z5 NeoX RGB for AMD ULL 매트화이트 패키지 (32GB(16Gx2)),1989000,1989000,1989000,1989000,1989000,1989000,1989000,1989000,1989000
67847312,G.SKILL DDR5-6000 CL28 TRIDENT Z5 ROYAL NEO 골드 패키지 (32GB(16Gx2)),1058990,1058990,1058990,1058990,1058990,1058990,1058990,1058990,1058990
102553352,G.SKILL DDR5-6000 CL30 FLARE X5 AMD 블랙 (8GB),234980,234980,234980,234980,234980,222420,223250,223250,223250
40022765,G.SKILL DDR5-6000 CL30 FLARE X5 J 패키지 (32GB(16Gx2)),1049980,1049980,1049980,1049980,1049980,1049980,1049980,1049980,1049980
40022774,G.SKILL DDR5-6000 CL30 FLARE X5 J 패키지 (64GB(32Gx2)),2089980,2089980,2089980,2089980,2089980,2089980,2089980,2089980,2089980
75656753,G.SKILL DDR5-6000 CL30 FLARE X5 J 패키지 (96GB(48Gx2)),3111090,3111090,3111090,3111090,3111090,3111090,3111090,3111090,3111090
75656765,G.SKILL DDR5-6000 CL30 FLARE X5 J 화이트 패키지 (96GB(48Gx2)),3189980,3189980,3189980,3189980,3189980,3189980,3189980,3189980,3189980
75724463,G.SKILL DDR5-6000 CL30 RIPJAWS M5 NEO RGB 블랙 패키지 (32GB(16Gx2)),1049990,1049990,1049990,1049990,1049990,1049990,1049990,1049990,1049990
75724439,G.SKILL DDR5-6000 CL30 RIPJAWS M5 NEO RGB 블랙 패키지 (64GB(32Gx2)),2189980,2189980,2189980,2189980,2189980,2189980,2189980,2189980,2189980
75724418,G.SKILL DDR5-6000 CL30 RIPJAWS M5 NEO RGB 블랙 패키지 (96GB(48Gx2)),3279980,3279980,3279980,3279980,3279980,3279980,3279980,3279980,3279980
75724553,G.SKILL DDR5-6000 CL30 RIPJAWS M5 NEO RGB 화이트 패키지 (32GB(16Gx2)),1069980,1069980,1069980,1069980,1069980,1069980,1069980,1069980,1069980
75724526,G.SKILL DDR5-6000 CL30 RIPJAWS M5 NEO RGB 화이트 패키지 (64GB(32Gx2)),2189980,2189980,2189980,2189980,2189980,2189980,2189980,2189980,2189980
75724505,G.SKILL DDR5-6000 CL30 RIPJAWS M5 NEO RGB 화이트 패키지 (96GB(48Gx2)),3279980,3279980,3279980,3279980,3279980,3279980,3279980,3279980,3279980
56151878,G.SKILL DDR5-6000 CL30 RIPJAWS M5 RGB 블랙 패키지 (32GB(16Gx2)),1069990,1069990,1069990,1069990,1069990,1069990,1069990,1069990,1069990
56151800,G.SKILL DDR5-6000 CL30 RIPJAWS M5 RGB 블랙 패키지 (64GB(32Gx2)),2179980,2179980,2179980,2179980,2179980,2179980,2179980,2179980,2179980
56151998,G.SKILL DDR5-6000 CL30 RIPJAWS M5 RGB 화이트 패키지 (32GB(16Gx2)),1069990,1069990,1069990,1069990,1069990,1069990,1069990,1069990,1069990
56151980,G.SKILL DDR5-6000 CL30 RIPJAWS M5 RGB 화이트 패키지 (64GB(32Gx2)),2126350,2126350,2126350,2126350,2126350,2126350,2126350,2126350,2126350
16875872,G.SKILL DDR5-6000 CL30 RIPJAWS S5 J 블랙 패키지 (32GB(16Gx2)),989990,989990,989990,989990,989990,969000,969000,969000,969000
17000666,G.SKILL DDR5-6000 CL30 RIPJAWS S5 J 블랙 패키지 (64GB(32Gx2)),2036450,2036450,2036450,2036450,2036450,2036450,2036450,2036450,2036450
16875908,G.SKILL DDR5-6000 CL30 RIPJAWS S5 J 화이트 패키지 (32GB(16Gx2)),999000,999000,999000,999000,999000,969000,969000,969000,969000
17000741,G.SKILL DDR5-6000 CL30 RIPJAWS S5 J 화이트 패키지 (64GB(32Gx2)),2089990,2089990,2089990,2089990,2089990,2089990,2089990,2089990,2089990
17139398,G.SKILL DDR5-6000 CL30 TRIDENT Z5 J 실버 패키지 (32GB(16Gx2)),962980,962980,962980,962980,962980,962980,962980,962980,962980
17139356,G.SKILL DDR5-6000 CL30 TRIDENT Z5 J 패키지 (32GB(16Gx2)),969000,969000,969000,969000,969000,969000,969000,969000,969000
17139326,G.SKILL DDR5-6000 CL30 TRIDENT Z5 J 패키지 (64GB(32Gx2)),2099980,2099980,2099980,2099980,2099980,2099980,2099980,2099980,2099980
17932031,G.SKILL DDR5-6000 CL30 TRIDENT Z5 NEO J 패키지 (32GB(16Gx2)),963110,963110,963110,963110,963110,939000,939000,939000,939000
40559801,G.SKILL DDR5-6000 CL30 TRIDENT Z5 NEO J 패키지 (64GB(32Gx2)),2099980,2099980,2099980,2099980,2099980,2099980,2099980,2099980,2099980
17931836,G.SKILL DDR5-6000 CL30 TRIDENT Z5 NEO RGB J 패키지 (32GB(16Gx2)),1077000,1077000,1077000,1077000,1077000,1050000,1050000,1050000,1050000
40572260,G.SKILL DDR5-6000 CL30 TRIDENT Z5 NEO RGB J 패키지 (64GB(32Gx2)),2185000,2185000,2185000,2182500,2182500,2180000,2180000,2177500,2177500
90114077,G.SKILL DDR5-6000 CL30 TRIDENT Z5 NEO RGB J 패키지 (96GB(48Gx2)),3450560,3450560,3450560,3450560,3450560,3450560,3450560,3450560,3450560
40579721,G.SKILL DDR5-6000 CL30 TRIDENT Z5 NEO RGB J 화이트 패키지 (32GB(16Gx2)),1089980,1089980,1089980,1089980,1089980,1060000,1060000,1060000,1060000
40578827,G.SKILL DDR5-6000 CL30 TRIDENT Z5 NEO RGB J 화이트 패키지 (64GB(32Gx2)),2133880,2133880,2133880,2133880,2133880,2133880,2133880,2133880,2133880
90114119,G.SKILL DDR5-6000 CL30 TRIDENT Z5 NEO RGB J 화이트 패키지 (96GB(48Gx2)),3289800,3289800,3289800,3289800,3289800,3289800,3289800,3289800,3289800
122727495,G.SKILL DDR5-6000 CL30 TRIDENT Z5 NeoX RGB for AMD ULL 글로시블랙 패키지 (32GB(16Gx2)),1174980,1174980,1174980,1174980,1174980,1174980,1174980,1174980,1174980
122727504,G.SKILL DDR5-6000 CL30 TRIDENT Z5 NeoX RGB for AMD ULL 매트블랙 패키지 (32GB(16Gx2)),1181000,1181000,1181000,1181000,1181000,1181000,1181000,1181000,1181000
122727512,G.SKILL DDR5-6000 CL30 TRIDENT Z5 NeoX RGB for AMD ULL 매트화이트 패키지 (32GB(16Gx2)),1130000,1130000,1130000,1130000,1130000,1130000,1130000,1130000,1130000
17001281,G.SKILL DDR5-6000 CL30 TRIDENT Z5 RGB J 실버 패키지 (64GB(32Gx2)),2109000,2109000,2109000,2109000,2109000,2109000,2109000,2109000,2109000
16873946,G.SKILL DDR5-6000 CL30 TRIDENT Z5 RGB J 패키지 (32GB(16Gx2)),849000,849000,849000,849000,849000,849000,849000,849000,849000
17001209,G.SKILL DDR5-6000 CL30 TRIDENT Z5 RGB J 패키지 (64GB(32Gx2)),2189980,2189980,2189980,2189980,2189980,2189980,2189980,2189980,2189980
21639437,G.SKILL DDR5-6000 CL30 TRIDENT Z5 RGB 화이트 패키지 (64GB(32Gx2)),2189980,2189980,2189980,2189980,2189980,2189980,2189980,2189980,2189980
17931401,G.SKILL DDR5-6000 CL32 FLARE X5 J 패키지 (32GB(16Gx2)),1233180,1233180,1233180,1233180,1233180,1233180,1233180,1233180,1233180
18610958,G.SKILL DDR5-6000 CL32 TRIDENT Z5 NEO RGB J 패키지 (64GB(32Gx2)),1990000,1990000,1990000,1990000,1990000,1990000,1990000,1990000,1990000
93385544,G.SKILL DDR5-6000 CL32 TRIDENT Z5 NEO RGB J 화이트 패키지 (64GB(32Gx2)),1927000,1927000,1927000,1924000,1924000,1921000,1921000,1918000,1918000
51541061,G.SKILL DDR5-6000 CL32 TRIDENT Z5 RGB J 화이트 패키지 (32GB(16Gx2)),974980,974980,974980,974980,974980,974980,974980,974980,974980
93803003,G.SKILL DDR5-6000 CL34 FLARE X5 J 패키지 (128GB(64Gx2)),5601500,5601500,5601500,5601500,5601500,5601500,5601500,5601500,5601500
93803096,G.SKILL DDR5-6000 CL34 RIPJAWS S5 J 블랙 패키지 (128GB(64Gx2)),5799980,5799980,5799980,5799980,5799980,5799980,5799980,5799980,5799980
93803243,G.SKILL DDR5-6000 CL34 TRIDENT Z5 NEO RGB J 패키지 (128GB(64Gx2)),5940000,5940000,5940000,5940000,5940000,5940000,5940000,5940000,5940000
93803210,G.SKILL DDR5-6000 CL34 TRIDENT Z5 RGB J 패키지 (128GB(64Gx2)),5940000,5940000,5940000,5940000,5940000,5940000,5940000,5940000,5940000
72913406,G.SKILL DDR5-6000 CL36 AEGIS 5 (16GB),398980,398980,398980,398980,398980,377650,379050,379050,379050
75656486,G.SKILL DDR5-6000 CL36 AEGIS 5 (32GB),864950,864950,864950,864950,864950,864950,864950,864950,864950
93803030,G.SKILL DDR5-6000 CL36 FLARE X5 J 패키지 (256GB(64Gx4)),11000000,11000000,11000000,11000000,11000000,11000000,11000000,11000000,11000000
17931533,G.SKILL DDR5-6000 CL36 FLARE X5 J 패키지 (32GB(16Gx2)),829990,829990,829990,829990,829990,809000,809000,809000,809000
72913559,G.SKILL DDR5-6000 CL36 FLARE X5 J 패키지 (64GB(32Gx2)),1595000,1595000,1595000,1595000,1595000,1595000,1595000,1595000,1595000
72913568,G.SKILL DDR5-6000 CL36 FLARE X5 J 화이트 패키지 (64GB(32Gx2)),1667990,1667990,1667990,1667990,1667990,1667990,1667990,1667990,1667990
78983834,G.SKILL DDR5-6000 CL36 RIPJAWS M5 NEO RGB 블랙 패키지 (32GB(16Gx2)),888980,888980,888980,888980,859000,859000,859000,859000,859000
72913592,G.SKILL DDR5-6000 CL36 RIPJAWS M5 NEO RGB 블랙 패키지 (64GB(32Gx2)),1604000,1604000,1604000,1604000,1604000,1604000,1604000,1604000,1604000
78983882,G.SKILL DDR5-6000 CL36 RIPJAWS M5 NEO RGB 화이트 패키지 (32GB(16Gx2)),886990,886990,886990,886990,859000,859000,859000,859000,859000
72913613,G.SKILL DDR5-6000 CL36 RIPJAWS M5 NEO RGB 화이트 패키지 (64GB(32Gx2)),1689980,1689980,1689980,1689980,1689980,1689980,1689980,1689980,1689980
71218634,G.SKILL DDR5-6000 CL36 RIPJAWS M5 RGB 블랙 패키지 (32GB(16Gx2)),847980,847980,847980,847980,847980,819000,819000,819000,819000
71218667,G.SKILL DDR5-6000 CL36 RIPJAWS M5 RGB 화이트 패키지 (32GB(16Gx2)),846990,846990,846990,846990,846990,819000,819000,819000,819000
102553379,G.SKILL DDR5-6000 CL36 RIPJAWS S5 블랙 (16GB),407490,407490,407490,407490,387110,387110,388550,388550,388550
16192574,G.SKILL DDR5-6000 CL36 TRIDENT Z5 J 실버 패키지 (32GB(16Gx2)),845720,845720,845720,845720,845720,845720,845720,845720,845720
16192424,G.SKILL DDR5-6000 CL36 TRIDENT Z5 J 패키지 (32GB(16Gx2)),845720,845720,845720,845720,845720,845720,845720,845720,845720
17932061,G.SKILL DDR5-6000 CL36 TRIDENT Z5 NEO J 패키지 (32GB(16Gx2)),833990,833990,833990,833990,833990,819000,819000,816500,816500
93803294,G.SKILL DDR5-6000 CL36 TRIDENT Z5 NEO RGB J 패키지 (256GB(64Gx4)),10538500,10538500,10538500,10538500,10538500,10538500,10538500,10538500,10538500
17931893,G.SKILL DDR5-6000 CL36 TRIDENT Z5 NEO RGB J 패키지 (32GB(16Gx2)),897900,897900,897900,897900,897900,869000,869000,869000,869000
72913664,G.SKILL DDR5-6000 CL36 TRIDENT Z5 NEO RGB J 패키지 (64GB(32Gx2)),1774900,1774900,1774900,1774900,1760000,1760000,1760000,1760000,1760000
93385616,G.SKILL DDR5-6000 CL36 TRIDENT Z5 NEO RGB J 화이트 패키지 (32GB(16Gx2)),898980,898980,898980,898980,869000,869000,869000,869000,869000
72913682,G.SKILL DDR5-6000 CL36 TRIDENT Z5 NEO RGB J 화이트 패키지 (64GB(32Gx2)),1789980,1789980,1789980,1789980,1789980,1760000,1760000,1760000,1760000
122727449,G.SKILL DDR5-6000 CL36 TRIDENT Z5 NeoX RGB for AMD ULL 글로시블랙 패키지 (32GB(16Gx2)),985980,985980,985980,985980,985980,985980,985980,985980,985980
122727471,G.SKILL DDR5-6000 CL36 TRIDENT Z5 NeoX RGB for AMD ULL 매트블랙 패키지 (32GB(16Gx2)),985000,985000,985000,985000,985000,985000,985000,985000,985000
122727477,G.SKILL DDR5-6000 CL36 TRIDENT Z5 NeoX RGB for AMD ULL 매트화이트 패키지 (32GB(16Gx2)),985980,985980,985980,985980,985980,985980,985980,985980,985980
16193702,G.SKILL DDR5-6000 CL36 TRIDENT Z5 RGB J 실버 패키지 (32GB(16Gx2)),741010,741010,741010,741010,741010,741010,741010,741010,741010
16193474,G.SKILL DDR5-6000 CL36 TRIDENT Z5 RGB J 패키지 (32GB(16Gx2)),829000,829000,829000,829000,829000,829000,829000,829000,829000
15980393,G.SKILL DDR5-6000 CL36 TRIDENT Z5 RGB 패키지 (32GB(16Gx2)),859000,859000,859000,859000,859000,859000,859000,859000,859000
21639443,G.SKILL DDR5-6000 CL36 TRIDENT Z5 RGB 화이트 패키지 (32GB(16Gx2)),853890,853890,853890,853890,853890,853890,853890,853890,853890
67847150,G.SKILL DDR5-6400 CL30 TRIDENT Z5 NEO RGB J 화이트 패키지 (32GB(16Gx2)),749290,749290,749290,749290,749290,749290,749290,749290,749290
67847408,G.SKILL DDR5-6400 CL30 TRIDENT Z5 ROYAL NEO 실버 패키지 (32GB(16Gx2)),999000,999000,999000,999000,999000,999000,999000,999000,999000
98576942,G.SKILL DDR5-6400 CL32 G5 ECC/REG 패키지 (128GB(32Gx4)),8799980,8799980,8799980,8799980,8799980,8799980,8799980,8799980,8799980
98572421,G.SKILL DDR5-6400 CL32 G5 ECC/REG 패키지 (192GB(48Gx4)),10399980,10399980,10399980,10399980,10399980,10399980,10399980,10399980,10399980
56152076,G.SKILL DDR5-6400 CL32 RIPJAWS M5 RGB 블랙 패키지 (32GB(16Gx2)),989990,989990,989990,989990,989990,989990,989990,989990,989990
56152055,G.SKILL DDR5-6400 CL32 RIPJAWS M5 RGB 블랙 패키지 (64GB(32Gx2)),2037190,2037190,2037190,2037190,2037190,2037190,2037190,2037190,2037190
56152154,G.SKILL DDR5-6400 CL32 RIPJAWS M5 RGB 화이트 패키지 (32GB(16Gx2)),990000,990000,990000,990000,990000,990000,990000,990000,990000
56152124,G.SKILL DDR5-6400 CL32 RIPJAWS M5 RGB 화이트 패키지 (64GB(32Gx2)),2042690,2042690,2042690,2042690,2042690,2042690,2042690,2042690,2042690
98613503,G.SKILL DDR5-6400 CL32 T5 NEO ECC/REG 패키지 (128GB(32Gx4)),9899980,9899980,9899980,9899980,9899980,9899980,9899980,9899980,9899980
98613491,G.SKILL DDR5-6400 CL32 T5 NEO ECC/REG 패키지 (192GB(48Gx4)),10399800,10399800,10399800,10399800,10399800,10399800,10399800,10399800,10399800
16272947,G.SKILL DDR5-6400 CL32 TRIDENT Z5 J 실버 패키지 (32GB(16Gx2)),763810,763810,763810,763810,763810,763810,763810,763810,763810
18036599,G.SKILL DDR5-6400 CL32 TRIDENT Z5 RGB J 실버 패키지 (64GB(32Gx2)),2165990,2165990,2165990,2165990,2165990,2165990,2165990,2165990,2165990
16272698,G.SKILL DDR5-6400 CL32 TRIDENT Z5 RGB J 패키지 (32GB(16Gx2)),989990,989990,989990,989990,989990,989990,989990,989990,989990
18036602,G.SKILL DDR5-6400 CL32 TRIDENT Z5 RGB J 패키지 (64GB(32Gx2)),2189990,2189990,2189990,2189990,2189990,2189990,2189990,2189990,2189990
21639452,G.SKILL DDR5-6400 CL32 TRIDENT Z5 RGB 화이트 패키지 (32GB(16Gx2)),899000,899000,899000,899000,899000,899000,899000,899000,899000
21639455,G.SKILL DDR5-6400 CL32 TRIDENT Z5 RGB 화이트 패키지 (64GB(32Gx2)),1790000,1790000,1790000,1790000,1790000,1790000,1790000,1790000,1790000
98613434,G.SKILL DDR5-6400 CL36 T5 NEO ECC/REG 패키지 (256GB(64Gx4)),15899980,15899980,15899980,15899980,15899980,15899980,15899980,15899980,15899980
122720502,G.SKILL DDR5-6400 CL52 G5 ECC/REG (32GB),2489980,2489980,2489980,2489980,2489980,2489980,2489980,2489980,2489980
122720514,G.SKILL DDR5-6400 CL52 G5 ECC/REG (48GB),2539980,2539980,2539980,2539980,2539980,2539980,2539980,2539980,2539980
122720520,G.SKILL DDR5-6400 CL52 G5 ECC/REG (64GB),4186600,4186600,4186600,4186600,4186600,4186600,4186600,4186600,4186600
18036605,G.SKILL DDR5-6800 CL34 TRIDENT Z5 RGB J 실버 패키지 (32GB(16Gx2)),894990,894990,894990,894990,894990,894990,894990,894990,894990
18036644,G.SKILL DDR5-7200 CL34 TRIDENT Z5 RGB J 실버 패키지 (32GB(16Gx2)),918980,918980,918980,918980,918980,918980,918980,918980,918980
20019989,G.SKILL DDR5-7200 CL36 TRIDENT Z5 RGB J 실버 패키지 (48GB(24Gx2)),1150000,1150000,1150000,1150000,1150000,1150000,1150000,1150000,1150000
18036659,G.SKILL DDR5-7600 CL36 TRIDENT Z5 RGB J 실버 패키지 (32GB(16Gx2)),932480,932480,932480,932480,932480,932480,932480,932480,932480
18036662,G.SKILL DDR5-7600 CL36 TRIDENT Z5 RGB J 패키지 (32GB(16Gx2)),932480,932480,932480,932480,932480,932480,932480,932480,932480
7954927,G.SKILL 노트북 DDR4-2666 CL19 RIPJAWS (16GB),184980,184980,184980,184980,184980,175100,175750,175750,175750
7954897,G.SKILL 노트북 DDR4-2666 CL19 RIPJAWS (8GB),93000,93000,93000,93000,93000,88020,88350,88350,88350
12247292,G.SKILL 노트북 DDR4-3200 CL22 RIPJAWS (32GB),399000,399000,399000,399000,399000,399000,399000,399000,399000
12247244,G.SKILL 노트북 DDR4-3200 CL22 RIPJAWS (8GB),94980,94980,94980,94980,94980,94980,94980,94980,94980
31050617,G.SKILL 노트북 DDR5-4800 CL40 RIPJAWS (16GB),388980,388980,388980,388980,388980,388980,388980,388980,388980
7076107,GLOWAY DDR4-3000 TYPE-B 패키지 (16GB(8Gx2)),151970,151970,151970,151970,151970,151970,151970,151970,151970
105182120,GUDGA DDR4-3200 CL22 (16GB),157840,157840,157840,157840,157840,157840,157840,157840,157840
106746152,GUDGA DDR4-3200 CL22 (32GB),445000,445000,445000,445000,445000,445000,445000,445000,445000
5528834,GeIL DDR4-2400 CL17 PRISTINE (8GB),94980,94980,94980,94980,94980,89910,90250,90250,90250
6168351,GeIL DDR4-2666 CL19 PRISTINE (16GB),163720,163720,163720,163720,159010,159010,159600,159600,159600
6168338,GeIL DDR4-2666 CL19 PRISTINE (8GB),84000,84000,84000,84000,84000,84000,84000,84000,84000
6171958,GeIL DDR4-2666 CL19 SUPER LUCE RGB Sync 블랙 (8GB),84000,84000,84000,84000,84000,84000,84000,84000,84000
10859097,GeIL DDR4-3200 CL22 PRISTINE (16GB),197490,197490,197490,197490,197490,189300,189300,189300,189300
10859073,GeIL DDR4-3200 CL22 PRISTINE (8GB),111980,111980,111980,111980,111980,106000,106400,106400,106400
14613242,GeIL DDR4-3600 CL18-22-22 SUPER LUCE RGB Sync 블랙 패키지 (16GB(8Gx2)),247880,247880,247880,247880,247880,247880,247880,247880,247880
21695018,GeIL DDR5-4800 CL40 PRISTINE V (16GB),324880,324880,324880,324880,315180,315180,316350,316350,316350
21695117,GeIL DDR5-5200 CL42 PRISTINE V (16GB),333980,333980,333980,333980,333980,333980,333980,333980,333980
22169387,GeIL DDR5-5600 CL38 ORION V RGB 패키지 (32GB(16Gx2)),640000,640000,640000,640000,640000,640000,640000,640000,640000
21695174,GeIL DDR5-5600 CL46 PRISTINE V (16GB),336980,336980,336980,336980,336980,318970,320150,320150,320150
122725556,GeIL DDR5-6000 CL36 GEMINI RGB Gray 패키지 (32GB(16Gx2)),744980,744980,744980,744980,744980,715000,715000,715000,715000
122725544,GeIL DDR5-6000 CL36 GEMINI RGB White 패키지 (32GB(16Gx2)),744980,744980,744980,744980,715000,715000,715000,715000,715000
103599704,GeIL DDR5-6000 CL36 ORION V RGB WHITE 패키지 (32GB(16Gx2)),744980,744980,744980,744980,715000,715000,715000,715000,715000
103416014,GeIL DDR5-6000 CL36 ORION V RGB 패키지 (32GB(16Gx2)),682500,682500,682500,682500,682500,682500,682500,682500,682500
11682767,GeIL 노트북 DDR4-3200 CL22 (16GB),158000,158000,158000,158000,158000,158000,158000,158000,158000
11682743,GeIL 노트북 DDR4-3200 CL22 (8GB),89980,89980,89980,89980,85180,85180,85500,85500,85500
97365275,GeIL 노트북 DDR5-5600 CL46 (16GB),358980,358980,358980,358980,358980,358980,358980,358980,358980
28775711,HIKSEMI DDR4-3200 CL18 HIKER (16GB),143900,143900,143900,143900,143900,143900,143900,143900,143900
28775612,HIKSEMI DDR4-3200 CL18 HIKER (8GB),83860,83860,83860,83860,83860,83860,83860,83860,83860
97841867,HIKSEMI DDR4-3200 CL18 HIKER 중고 (16GB),130000,130000,130000,130000,130000,130000,130000,130000,130000
96426677,HIKSEMI DDR5-5600 CL46 HIKER (16GB),314560,314560,314560,314560,314560,314560,314560,314560,314560
100691795,HIKSEMI DDR5-6000 CL38 FUTURE RGB BLACK 패키지 (32GB(16Gx2)),759800,759800,759800,759800,759800,759800,759800,759800,759800
100691819,HIKSEMI DDR5-6000 CL38 FUTURE RGB WHITE 패키지 (32GB(16Gx2)),800000,800000,800000,800000,800000,800000,800000,800000,800000
13254080,HP DDR3-1333 중고 (4GB),13800,13800,13800,13800,13800,13800,13800,13800,13800
122616837,Lexar DDR5-5600 아인스시스템 (16GB),353000,353000,353000,353000,353000,353000,353000,353000,353000
123993288,Lexar 노트북 DDR5-5600 (16GB),330140,330140,330140,330140,330140,330140,330140,330140,330140
123993321,Lexar 노트북 DDR5-5600 (32GB),629610,629610,629610,629610,629610,629610,629610,629610,629610
13723196,OLOy DDR4-3600 CL18 BLADE RGB Black 패키지 (32GB(16Gx2)),404000,404000,404000,404000,404000,404000,404000,404000,404000
122637031,OLOy DDR5-5600 CL36 BLADE RGB MIRROR 패키지 올로코리아 (32GB(16Gx2)),679980,679980,679980,679980,679980,679980,679980,679980,679980
100700621,OLOy DDR5-5600 CL40 BLADE RGB BLACK 패키지 올로코리아 (32GB(16Gx2)),680500,680500,680500,680500,680500,680500,680500,680500,680500
17770829,OLOy DDR5-6000 CL32 BLADE RGB MIRROR 패키지 올로코리아 (32GB(16Gx2)),707160,707160,707160,707160,707160,707160,707160,707160,707160
104938637,OLOy DDR5-6000 CL36 BLADE BLACK 패키지 올로코리아 (32GB(16Gx2)),710300,710300,710300,710300,710300,710300,710300,710300,710300
104938703,OLOy DDR5-6800 CL32 BLADE BLACK 패키지 올로코리아 (32GB(16Gx2)),674970,674970,674970,674970,674970,674970,674970,674970,674970
18920459,OLOy DDR5-7600 CL36 BLADE RGB MIRROR 패키지 올로코리아 (32GB(16Gx2)),858610,858610,858610,858610,858610,858610,858610,858610,858590
107983655,OSCOO DDR5-5600 CL46 아스크텍 (16GB),383040,383040,383040,383040,383040,383040,383040,383040,383040
107983472,OSCOO DDR5-5600 CL46 아스크텍 (8GB),158850,158850,158850,158850,158850,158850,158850,158850,158850
11445216,PATRIOT DDR4-3200 CL22 SIGNATURE (16GB),167130,167130,167130,167130,167130,167130,167130,167130,167240
11445219,PATRIOT DDR4-3200 CL22 SIGNATURE (32GB),391980,391980,391980,391980,391980,391980,391980,391980,391980
11445204,PATRIOT DDR4-3200 CL22 SIGNATURE (8GB),90990,90990,90990,90990,90990,90990,90990,90990,90990
71501129,PATRIOT DDR5-5600 CL36 VIPER Elite 5 RGB (32GB),680620,680620,680620,680620,680620,680620,680620,680620,680620
57709760,PATRIOT DDR5-5600 CL46 EVO (8GB),185320,185320,185320,185320,185320,185320,185320,185320,185320
19390859,PATRIOT DDR5-5600 CL46 SIGNATURE (16GB),333900,333900,333900,333900,333900,333900,333900,333900,333900
99946529,PATRIOT DDR5-5600 CL46 SIGNATURE PREMIUM 블랙 (8GB),192480,192480,192480,192480,192480,192480,192480,192480,192480
124167297,PATRIOT DDR5-5600 CL46 SIGNATURE PREMIUM 화이트 (8GB),189980,189980,189980,189980,189980,189980,189980,189980,189980
95056655,PATRIOT DDR5-6000 CL28 VIPER Elite 5 ULTRA RGB 패키지 (32GB(16Gx2)),812810,812810,812810,812810,812810,812810,812810,812810,812810
95057237,PATRIOT DDR5-6000 CL28 VIPER Elite 5 ULTRA 패키지 (32GB(16Gx2)),791420,791420,791420,791420,791420,791420,791420,791420,791420
99946718,PATRIOT DDR5-6000 CL30 SIGNATURE PREMIUM EVO 블랙 (16GB),349000,349000,350000,350000,349000,349000,349000,349000,349000
99946733,PATRIOT DDR5-6000 CL30 SIGNATURE PREMIUM EVO 화이트 (16GB),345010,345010,345010,345010,345010,345010,344920,345010,345010
75465935,PATRIOT DDR5-6000 CL30 VIPER Elite 5 (16GB),337500,337500,337500,335000,335000,332500,332500,330000,330000
75466037,PATRIOT DDR5-6000 CL30 VIPER Elite 5 패키지 (32GB(16Gx2)),650000,650000,650000,650000,650000,650000,650000,650000,650000
56144432,PATRIOT DDR5-6000 CL30 VIPER VENOM RGB 패키지 (32GB(16Gx2)),703170,703170,703170,703170,703170,703170,703170,703170,703170
56144513,PATRIOT DDR5-6000 CL30 VIPER VENOM 패키지 (32GB(16Gx2)),660000,660000,660000,660000,660000,660000,660000,660000,660000
123721481,PATRIOT DDR5-6000 CL36 SIGNATURE PREMIUM EVO 블랙 (16GB),319770,319770,319770,319770,319770,319770,319770,319770,319770
123721482,PATRIOT DDR5-6000 CL36 SIGNATURE PREMIUM EVO 화이트 (16GB),319770,319770,319770,319770,319770,319770,319770,319770,319770
30350996,PATRIOT DDR5-6000 CL36 VIPER VENOM RGB 패키지 (32GB(16Gx2)),709990,709990,709990,709990,709990,709990,709990,709990,709990
30351029,PATRIOT DDR5-6200 CL40 VIPER VENOM RGB 패키지 (32GB(16Gx2)),714270,714270,714270,714270,714270,714270,714270,714270,714270
30341402,PATRIOT DDR5-6200 CL40 VIPER VENOM 패키지 (32GB(16Gx2)),694430,694430,694430,694430,694430,694430,694430,694430,694430
30500108,PATRIOT DDR5-6200 CL42 VIPER Elite 5 RGB 패키지 (32GB(16Gx2)),706150,706150,706150,706150,706150,706150,706150,706150,706150
75466202,PATRIOT DDR5-6400 CL32 VIPER Elite 5 패키지 (32GB(16Gx2)),704350,704350,704350,704350,704350,704350,704350,704350,704350
30351056,PATRIOT DDR5-6400 CL32 VIPER VENOM RGB 패키지 (32GB(16Gx2)),719200,719200,719200,719200,719200,719200,719200,719200,719200
30341426,PATRIOT DDR5-6400 CL32 VIPER VENOM 패키지 (32GB(16Gx2)),703150,703150,703150,703150,703150,703150,703150,703150,703150
30341450,PATRIOT DDR5-6400 CL32 VIPER VENOM 패키지 (64GB(32Gx2)),1300000,1300000,1300000,1300000,1300000,1300000,1300000,1300000,1300000
30351077,PATRIOT DDR5-6600 CL34 VIPER VENOM RGB 패키지 (32GB(16Gx2)),862370,862370,862370,862370,862370,862370,862370,862370,862370
30341480,PATRIOT DDR5-6600 CL34 VIPER VENOM 패키지 (32GB(16Gx2)),841800,841800,841800,841800,841800,841800,841800,841800,841800
30612317,PATRIOT DDR5-6600 CL36 VIPER Elite 5 RGB 패키지 (32GB(16Gx2)),861510,861510,861510,861510,861510,861510,861510,861510,861510
30351110,PATRIOT DDR5-6800 CL34 VIPER VENOM RGB 패키지 (32GB(16Gx2)),882200,882200,882200,882200,882200,882200,882200,882200,882200
30341495,PATRIOT DDR5-6800 CL34 VIPER VENOM 패키지 (32GB(16Gx2)),852460,852460,852460,852460,852460,852460,852460,852460,852460
71501885,PATRIOT DDR5-7000 CL32 VIPER Elite 5 RGB 패키지 (32GB(16Gx2)),998980,998980,998980,998980,998980,998980,998980,998980,998980
30351131,PATRIOT DDR5-7000 CL32 VIPER VENOM RGB 패키지 (32GB(16Gx2)),998980,998980,998980,998980,998980,998980,998980,998980,998980
30341504,PATRIOT DDR5-7000 CL32 VIPER VENOM 패키지 (32GB(16Gx2)),979980,979980,979980,979980,979980,979980,979980,979980,979980
30500216,PATRIOT DDR5-7000 CL38 VIPER Elite 5 RGB 패키지 (32GB(16Gx2)),1000000,1000000,1000000,1000000,1000000,1000000,1000000,1000000,1000000
30351218,PATRIOT DDR5-7200 CL34 VIPER VENOM RGB 패키지 (32GB(16Gx2)),1000330,1000330,1000330,1000330,1000330,1000330,1000330,1000330,1000330
30341510,PATRIOT DDR5-7200 CL34 VIPER VENOM 패키지 (32GB(16Gx2)),979420,979420,979420,979420,979420,979420,979420,979420,979420
30351236,PATRIOT DDR5-7400 CL36 VIPER VENOM RGB 패키지 (32GB(16Gx2)),1020000,1020000,1020000,1020000,1020000,1020000,1019990,1019990,1019980
30341525,PATRIOT DDR5-7400 CL36 VIPER VENOM 패키지 (32GB(16Gx2)),998980,998980,998980,998980,998980,998980,998980,998980,998980
95057837,PATRIOT DDR5-8000 CL38 VIPER Xtreme5 RGB 패키지 (32GB(16Gx2)),849980,849980,849980,849980,849980,849980,849980,849980,849980
11445393,PATRIOT 노트북 DDR4-3200 CL22 SIGNATURE (16GB),151490,151490,151490,151490,151490,151490,151490,151490,151490
72228770,PATRIOT 노트북 DDR4-3200 CL22 SIGNATURE (4GB),59290,59290,59290,59290,59290,59290,59290,59290,59290
11445372,PATRIOT 노트북 DDR4-3200 CL22 SIGNATURE (8GB),91900,91900,91900,91900,91900,91900,91900,91900,91900
11627192,PNY DDR4-2666 Performance (16GB),156000,156000,156000,156000,156000,156000,156000,156000,156000
105817916,PNY DDR4-3200 CL16 Performance (8GB),95000,95000,95000,95000,95000,95000,95000,95000,95000
105817907,PNY DDR5-5600 CL40 Performance (16GB),349000,349000,349000,349000,349000,349000,349000,349000,349000
124181262,PNY DDR5-5600 CL46 (16GB),,,,,,,,,
124289814,PNY XLR8 DDR5-5600 CL46 (16GB),,,,,,,,,
16839320,PNY XLR8 DDR5-6000 CL38 MAKO RGB 패키지 제이씨현 (32GB(16Gx2)),649000,649000,649000,649000,649000,649000,649000,649000,649000
100447838,Ramaxel 노트북 DDR5-4800 중고 (12GB),317700,317700,317700,317700,317700,317700,317700,317700,317700
123982940,SIX DDR5-4800 (16GB),288990,288990,288990,288990,288990,288990,288990,288990,288990
17241983,SK하이닉스 DDR2-800 중고 (4GB),101000,101000,101000,101000,101000,101000,101000,101000,101000
5547675,SK하이닉스 DDR3-1600 중고 (4GB),9980,9980,9980,9980,9980,9980,9980,9980,9980
5547988,SK하이닉스 DDR3-1600 중고 (8GB),26000,26000,26000,26000,26000,26000,26000,26000,26000
4340385,SK하이닉스 DDR4-2133 (4GB),36000,36000,36000,36000,36000,36000,36000,36000,36000
5718625,SK하이닉스 DDR4-2400 (4GB),36000,36000,36000,36000,36000,36000,36000,36000,36000
19266986,SK하이닉스 DDR4-2400 중고 (4GB),33000,33000,33000,33000,33000,33000,33000,33000,33000
10376604,SK하이닉스 DDR4-2666 중고 (16GB),149890,149890,149890,146890,146890,158890,158890,155890,155890
10376565,SK하이닉스 DDR4-2666 중고 (8GB),80000,80000,80000,80000,80000,80000,80000,80000,80000
99639581,SK하이닉스 DDR4-3200 (16GB),228450,228450,228450,228450,228450,228450,228450,228450,228450
112969488,SK하이닉스 DDR4-3200 (8GB),431200,431200,431200,431200,431200,431200,431200,431200,431200
104989391,SK하이닉스 DDR4-3200 병행수입 (16GB),214780,214780,214780,214780,214780,214780,214780,214780,214780
17030762,SK하이닉스 DDR4-3200 중고 (16GB),197900,197900,197900,197900,197900,197900,197900,197900,197900
17761472,SK하이닉스 DDR4-3200 중고 (4GB),35000,35000,35000,35000,35000,35000,35000,35000,35000
15577976,SK하이닉스 DDR4-3200 중고 (8GB),68790,68790,68790,68790,68790,68790,68790,68790,68790
16507634,SK하이닉스 DDR5-4800 (16GB),375000,375000,375000,375000,375000,375000,375000,375000,375000
16867427,SK하이닉스 DDR5-4800 (32GB),748000,748000,748000,748000,748000,748000,748000,748000,748000
16507664,SK하이닉스 DDR5-4800 (8GB),224000,224000,224000,224000,224000,224000,224000,224000,224000
18883523,SK하이닉스 DDR5-5600 (16GB),366990,366990,366990,366990,366990,366990,366990,366990,366990
18700841,SK하이닉스 DDR5-5600 (32GB),806340,806340,806340,806340,806340,806340,806340,806340,806340
18512915,SK하이닉스 DDR5-5600 (8GB),255000,255000,255000,255000,255000,255000,255000,255000,255000
124248865,SK하이닉스 DDR5-5600 ECC/REG (16GB),1045000,1045000,1045000,1045000,1045000,1045000,1045000,1045000,1045000
124248831,SK하이닉스 DDR5-5600 ECC/REG (32GB),2210000,2210000,2210000,2210000,2210000,2210000,2210000,2210000,2210000
18698351,SK하이닉스 DDR5-5600 병행수입 (16GB),384980,384980,387160,387160,387160,387160,387160,387160,387160
68686664,SK하이닉스 DDR5-5600 중고 (8GB),225000,225000,225000,225000,225000,225000,225000,225000,225000
5800721,SK하이닉스 노트북 DDR2-533 중고 (512MB),21000,21000,21000,21000,21000,21000,21000,21000,21000
5800144,SK하이닉스 노트북 DDR2-667 중고 (1GB),26000,26000,26000,26000,26000,26000,26000,26000,26000
5800734,SK하이닉스 노트북 DDR2-667 중고 (512MB),21000,21000,21000,21000,21000,21000,21000,21000,21000
5800093,SK하이닉스 노트북 DDR2-800 중고 (1GB),21000,21000,21000,21000,21000,21000,21000,21000,21000
929569,SK하이닉스 노트북 DDR2-800 중고 (2GB),31000,31000,31000,31000,31000,31000,31000,31000,31000
695062,SK하이닉스 노트북 DDR3-1066 (2GB),16900,16900,16900,16900,16900,16900,16900,16900,16900
1678154,SK하이닉스 노트북 DDR3-1066 (4GB),50000,50000,50000,50000,50000,50000,50000,50000,50000
5728635,SK하이닉스 노트북 DDR3-1066 중고 (2GB),7450,7450,7450,7450,7450,7450,7450,7450,7450
5728672,SK하이닉스 노트북 DDR3-1066 중고 (4GB),59500,59500,59500,59500,59500,59500,59500,59500,59500
1331603,SK하이닉스 노트북 DDR3-1333 (4GB),25000,25000,25000,25000,25000,25000,25000,25000,25000
1745206,SK하이닉스 노트북 DDR3-1333 병행수입 (4GB),29500,29500,29500,29500,29500,29500,29500,29500,29500
5728302,SK하이닉스 노트북 DDR3-1333 중고 (2GB),7290,7290,7290,7290,7290,7290,7290,7290,7290
5728592,SK하이닉스 노트북 DDR3-1333 중고 (4GB),8800,8800,8800,8800,8800,8800,8800,8800,8800
5729092,SK하이닉스 노트북 DDR3-1333 중고 (8GB),77000,77000,77000,77000,77000,77000,77000,77000,77000
3380679,SK하이닉스 노트북 DDR3-1600 1.35V 병행수입 (4GB),27900,27900,27900,27900,27900,27900,27900,27900,27900
17811926,SK하이닉스 노트북 DDR3-1600 1.35V 중고 (4GB),41000,41000,41000,41000,41000,41000,41000,41000,41000
1883084,SK하이닉스 노트북 DDR3-1600 병행수입 (8GB),58000,58000,58000,58000,58000,58000,58000,58000,58000
5547604,SK하이닉스 노트북 DDR3-1600 중고 (2GB),3800,3800,3800,3800,3800,3800,3800,3800,3800
5547576,SK하이닉스 노트북 DDR3-1600 중고 (4GB),8790,8790,8790,8790,8790,8790,8790,8790,8790
5547968,SK하이닉스 노트북 DDR3-1600 중고 (8GB),27250,27250,27250,27250,27250,27250,27250,27250,27250
5706778,SK하이닉스 노트북 DDR4-2133 (8GB),97000,97000,97000,97000,97000,97000,97000,97000,97000
5706426,SK하이닉스 노트북 DDR4-2133 중고 (4GB),52000,52000,52000,52000,52000,52000,52000,52000,52000
15778361,SK하이닉스 노트북 DDR4-2133 중고 (8GB),68810,68810,68810,68810,68810,68810,68810,68810,68810
16946348,SK하이닉스 노트북 DDR4-2400 중고 (2GB),16000,16000,16000,16000,16000,16000,16000,16000,16000
16946420,SK하이닉스 노트북 DDR4-2400 중고 (4GB),31060,31060,31060,31060,31060,31060,31060,31060,31060
16946459,SK하이닉스 노트북 DDR4-2400 중고 (8GB),59960,59960,59960,59960,59960,59960,59960,59960,59960
17242046,SK하이닉스 노트북 DDR4-2666 중고 (16GB),137610,137610,137610,137610,137610,137610,137610,137610,137610
13057079,SK하이닉스 노트북 DDR4-2666 중고 (4GB),25990,25990,25990,25990,25990,25990,25990,25990,25990
17341415,SK하이닉스 노트북 DDR4-2666 중고 (8GB),67900,67900,67900,67900,67900,67900,67900,67900,67900
13568960,SK하이닉스 노트북 DDR4-3200 중고 (4GB),31000,31000,31000,31000,31000,31000,31000,31000,31000
16121639,SK하이닉스 노트북 DDR4-3200 중고 (8GB),67610,67610,67610,67610,67610,67610,67610,67610,67610
17390087,SK하이닉스 노트북 DDR5-4800 중고 (8GB),169440,169440,169440,169440,169440,169440,169440,169440,169440
53780300,SK하이닉스 노트북 DDR5-5600 중고 (16GB),328290,328290,328290,328290,328290,328290,328290,328290,328290
53780366,SK하이닉스 노트북 DDR5-5600 중고 (32GB),800000,800000,800000,800000,800000,800000,800000,800000,800000
20199452,SK하이닉스 노트북 DDR5-5600 중고 (8GB),169440,169440,169440,169440,169440,169440,169440,169440,169440
13603805,SOUTH BRIDGE DDR3-1600 (8GB),21490,21490,21490,21490,21490,21490,21490,21490,21490
5680228,TeamGroup DDR4-2666 Elite (8GB),86000,86000,86000,86000,86000,86000,86000,86000,86000
10188159,TeamGroup DDR4-3200 Elite (16GB),199000,199000,199000,199000,199000,199000,199000,199000,199000
10188141,TeamGroup DDR4-3200 Elite (8GB),86830,86830,86830,86830,86830,86830,86830,86830,86830
14907467,TeamGroup DDR4-3200 Elite 서린 (16GB),198980,198980,198980,198980,198980,189300,190000,190000,190000
14907485,TeamGroup DDR4-3200 Elite 서린 (32GB),399000,399000,399000,399000,399000,399000,399000,399000,399000
14907443,TeamGroup DDR4-3200 Elite 서린 (8GB),106880,106880,106880,106880,101270,101270,101650,101650,101650
123133860,TeamGroup DDR4-3200 Elite 중고 (32GB),290000,290000,290000,290000,290000,290000,290000,290000,290000
18767579,TeamGroup DDR5-4800 CL40 Elite Plus 실버 서린 (32GB),649800,649800,649800,649800,649800,649800,649800,649800,649800
17535233,TeamGroup DDR5-4800 CL40 Elite 서린 (16GB),318880,318880,318880,318880,318880,318880,318880,318880,318880
18767360,TeamGroup DDR5-5200 CL42 Elite 서린 (16GB),337500,337500,337500,337500,337500,337500,337500,337500,337500
23563973,TeamGroup DDR5-5600 CL46 Elite (16GB),344090,344090,344090,344090,344090,344090,344090,344090,344090
37345886,TeamGroup DDR5-5600 CL46 Elite (8GB),182500,182500,182500,182500,182500,182500,182500,182500,182500
27545675,TeamGroup DDR5-5600 CL46 Elite Plus 블랙 서린 (32GB),693000,693000,693000,693000,693000,693000,693000,693000,693000
17535839,TeamGroup DDR5-5600 CL46 Elite 서린 (16GB),339460,339460,339460,339460,339460,339460,339460,339460,339460
27545627,TeamGroup DDR5-5600 CL46 Elite 서린 (32GB),720000,720000,720000,720000,720000,720000,720000,720000,720000
33369683,TeamGroup DDR5-5600 CL46 Elite 서린 (8GB),182490,182490,182490,182490,175100,175100,175750,175750,175750
13981076,TeamGroup T-CREATE DDR4-3600 CL18 EXPERT OC10L 패키지 서린 (16GB(8Gx2)),221990,221990,221990,221990,221990,221990,221990,221990,221990
13981106,TeamGroup T-CREATE DDR4-3600 CL18 EXPERT OC10L 패키지 서린 (32GB(16Gx2)),428990,428990,428990,428990,416460,416460,418000,418000,418000
19566122,TeamGroup T-CREATE DDR5-5600 CL46 CLASSIC 패키지 서린 (32GB(16Gx2)),743780,743780,743780,743780,743780,736000,736000,736000,736000
19566335,TeamGroup T-CREATE DDR5-5600 CL46 CLASSIC 패키지 서린 (64GB(32Gx2)),1500000,1500000,1500000,1500000,1500000,1500000,1500000,1500000,1500000
20546438,TeamGroup T-CREATE DDR5-6000 CL30 EXPERT 패키지 서린 (32GB(16Gx2)),799000,799000,799000,799000,799000,799000,799000,799000,799000
20546684,TeamGroup T-CREATE DDR5-6000 CL30 EXPERT 화이트 패키지 서린 (32GB(16Gx2)),798000,798000,798000,798000,798000,769000,769000,769000,769000
19566788,TeamGroup T-CREATE DDR5-6000 CL34 EXPERT 패키지 서린 (64GB(32Gx2)),1569600,1569600,1569600,1569600,1569600,1569600,1569600,1569600,1569600
105969299,TeamGroup T-CREATE DDR5-6000 CL40 EXPERT 패키지 서린 (128GB(64Gx2)),3418000,3418000,3418000,3418000,3418000,3418000,3418000,3418000,3418000
105969302,TeamGroup T-CREATE DDR5-6000 CL40 EXPERT 화이트 패키지 서린 (128GB(64Gx2)),3599800,3599800,3599800,3599800,3599800,3599800,3599800,3599800,3599800
19567433,TeamGroup T-CREATE DDR5-6000 CL48 CLASSIC 패키지 서린 (32GB(16Gx2)),752980,752980,752980,752980,752980,725000,725000,725000,725000
19567628,TeamGroup T-CREATE DDR5-6000 CL48 CLASSIC 패키지 서린 (64GB(32Gx2)),1310000,1310000,1310000,1310000,1405000,1405000,1405000,1405000,1405000
19567934,TeamGroup T-CREATE DDR5-6400 CL34 EXPERT 패키지 서린 (64GB(32Gx2)),1669800,1669800,1669800,1669800,1669800,1669800,1669800,1669800,1669800
20547080,TeamGroup T-CREATE DDR5-6400 CL34 EXPERT 화이트 패키지 서린 (64GB(32Gx2)),1670000,1670000,1670000,1670000,1670000,1670000,1670000,1670000,1670000
96773624,TeamGroup T-CREATE DDR5-6400 CL42 EXPERT 패키지 서린 (128GB(64Gx2)),3700000,3700000,3700000,3700000,3700000,3700000,3700000,3700000,3700000
96773702,TeamGroup T-CREATE DDR5-6400 CL42 EXPERT 화이트 패키지 서린 (128GB(64Gx2)),3699800,3699800,3699800,3699800,3699800,3670000,3670000,3670000,3670000
28806803,TeamGroup T-CREATE 노트북 DDR5-5600 CL46-45-45 CLASSIC 서린 (16GB),374040,374040,374040,374040,374040,359670,361000,361000,361000
28806848,TeamGroup T-CREATE 노트북 DDR5-5600 CL46-45-45 CLASSIC 서린 (32GB),690000,690000,690000,690000,690000,690000,690000,690000,690000
8714552,TeamGroup T-Force DDR4-2666 CL18 T1 GAMING (4GB),36000,36000,36000,36000,36000,36000,36000,36000,36000
9268803,TeamGroup T-Force DDR4-3000 CL16 Vulcan Z Gray (4GB),36000,36000,36000,36000,36000,36000,36000,36000,36000
10389006,TeamGroup T-Force DDR4-3200 CL16 DARK Z RED 패키지 (16GB(8Gx2)),215060,215060,215060,215060,215060,215060,215060,215060,215060
6935872,TeamGroup T-Force DDR4-3200 CL16 Delta RGB 패키지 (32GB(16Gx2)),425760,425760,425760,425760,425760,416460,416450,413960,415500
7320400,TeamGroup T-Force DDR4-3200 CL16 Delta RGB 패키지 서린 (16GB(8Gx2)),220000,220000,220000,220000,217690,217690,218500,218500,218500
7320805,TeamGroup T-Force DDR4-3200 CL16 Delta RGB 패키지 서린 (32GB(16Gx2)),433200,433200,433200,433200,433200,433200,433200,433200,433200
7320475,TeamGroup T-Force DDR4-3200 CL16 Delta RGB 화이트 패키지 서린 (16GB(8Gx2)),230000,230000,230000,230000,230000,230000,230000,230000,230000
7320865,TeamGroup T-Force DDR4-3200 CL16 Delta RGB 화이트 패키지 서린 (32GB(16Gx2)),440000,440000,440000,440000,416460,416460,418000,418000,418000
13658393,TeamGroup T-Force DDR4-3200 CL16 Vulcan Z Gray 패키지 (16GB(8Gx2)),195000,195000,195000,195000,195000,195000,195000,195000,195000
11462262,TeamGroup T-Force DDR4-3200 CL16 XTREEM ARGB 패키지 (16GB(8Gx2)),226860,226860,226860,226860,226860,226860,226860,226860,226860
12958028,TeamGroup T-Force DDR4-3200 CL16-20-20 Delta RGB 패키지 (32GB(16Gx2)),428240,428240,428240,428240,428240,428240,428240,428240,428240
12876455,TeamGroup T-Force DDR4-3200 CL16-20-20 Delta RGB 패키지 서린 (32GB(16Gx2)),430880,430880,430880,430880,430880,430880,430880,430880,430880
12876503,TeamGroup T-Force DDR4-3200 CL16-20-20 Delta RGB 화이트 패키지 서린 (32GB(16Gx2)),433560,433560,433560,433560,433560,433560,433560,433560,433560
11858860,TeamGroup T-Force DDR4-3600 CL18 Delta RGB 패키지 (32GB(16Gx2)),425890,425890,425890,425890,425890,425890,425890,425890,425890
11380119,TeamGroup T-Force DDR4-3600 CL18 Delta RGB 패키지 서린 (16GB(8Gx2)),227040,227040,227040,227040,220530,220530,221350,221350,221350
11380332,TeamGroup T-Force DDR4-3600 CL18 Delta RGB 패키지 서린 (32GB(16Gx2)),444990,444990,444990,444990,421190,421190,422750,422750,422750
11858869,TeamGroup T-Force DDR4-3600 CL18 Delta RGB 화이트 패키지 (16GB(8Gx2)),233000,233000,233000,233000,233000,233000,233000,233000,233000
11858875,TeamGroup T-Force DDR4-3600 CL18 Delta RGB 화이트 패키지 (32GB(16Gx2)),445000,445000,445000,445000,445000,445000,445000,445000,445000
11380437,TeamGroup T-Force DDR4-3600 CL18 Delta RGB 화이트 패키지 서린 (16GB(8Gx2)),232990,232990,232990,232990,232990,220530,221350,221350,221350
11380467,TeamGroup T-Force DDR4-3600 CL18 Delta RGB 화이트 패키지 서린 (32GB(16Gx2)),445000,445000,445000,445000,445000,421190,422750,422750,422750
106747745,TeamGroup T-Force DDR4-3600 CL18 Vulcan Z Gray 패키지 서린 (16GB(8Gx2)),223130,223130,223130,223130,223130,216740,217550,217550,217550
19552202,TeamGroup T-Force DDR5-5600 CL36 Delta RGB 패키지 서린 (64GB(32Gx2)),1519900,1519900,1519900,1519900,1490000,1490000,1490000,1490000,1490000
19552541,TeamGroup T-Force DDR5-5600 CL36 Delta RGB 화이트 패키지 서린 (64GB(32Gx2)),1519980,1519980,1519980,1519980,1490000,1490000,1490000,1490000,1490000
124199101,TeamGroup T-Force DDR5-5600 CL40 Delta RGB 블랙 패키지 (32GB(16Gx2)),749000,749000,749000,749000,749000,720000,720000,720000,720000
124199132,TeamGroup T-Force DDR5-5600 CL40 Delta RGB 화이트 패키지 (32GB(16Gx2)),720000,720000,720000,720000,720000,720000,720000,720000,720000
74341889,TeamGroup T-Force DDR5-6000 CL28 Delta RGB 블랙 패키지 서린 (32GB(16Gx2)),917980,917980,917980,917980,917980,917980,917980,917980,917980
74341892,TeamGroup T-Force DDR5-6000 CL28 Delta RGB 화이트 패키지 서린 (32GB(16Gx2)),917980,917980,917980,917980,917980,917980,917980,917980,917980
18134999,TeamGroup T-Force DDR5-6000 CL30 Delta RGB 패키지 (32GB(16Gx2)),809900,809900,809900,809900,809900,780000,780000,780000,780000
18135029,TeamGroup T-Force DDR5-6000 CL30 Delta RGB 화이트 패키지 (32GB(16Gx2)),809000,809000,809000,809000,809000,780000,780000,780000,780000
16034945,TeamGroup T-Force DDR5-6000 CL38 Delta RGB 패키지 서린 (32GB(16Gx2)),783980,783980,783980,783980,754000,754000,754000,754000,754000
19552994,TeamGroup T-Force DDR5-6000 CL38 Delta RGB 패키지 서린 (64GB(32Gx2)),1559980,1559980,1559980,1559980,1530000,1530000,1530000,1530000,1530000
29483009,TeamGroup T-Force DDR5-6000 CL38 Delta RGB 화이트 패키지 (32GB(16Gx2)),784000,784000,784000,784000,784000,784000,784000,784000,784000
16443341,TeamGroup T-Force DDR5-6000 CL38 Delta RGB 화이트 패키지 서린 (32GB(16Gx2)),783980,783980,783980,783980,783980,754000,754000,754000,754000
19553282,TeamGroup T-Force DDR5-6000 CL38 Delta RGB 화이트 패키지 서린 (64GB(32Gx2)),1559980,1559980,1559980,1559980,1559980,1559980,1559980,1559980,1559980
18613178,TeamGroup T-Force DDR5-6000 CL38 Vulcan Black 패키지 서린 (32GB(16Gx2)),739890,739890,739890,739890,739890,739890,739890,739890,739890
16035029,TeamGroup T-Force DDR5-6400 CL40 Delta RGB 패키지 서린 (32GB(16Gx2)),761300,761300,761300,761300,761300,761300,761300,761300,761300
18135167,TeamGroup T-Force DDR5-7200 CL34 Delta RGB 패키지 (32GB(16Gx2)),769980,769980,769980,769980,769980,769980,769980,769980,769980
18135173,TeamGroup T-Force DDR5-7200 CL34 Delta RGB 화이트 패키지 (32GB(16Gx2)),769980,769980,769980,769980,769980,769980,769980,769980,769980
74052965,TeamGroup T-Force DDR5-8400 CL42 XTREEM CKD 패키지 서린 (48GB(24Gx2)),874180,874180,874180,874180,874180,874180,874180,874180,874180
118838632,TeamGroup T-Force T-Force DDR4-3600 CL18 Delta RGB 화이트 패키지 (16GB(8Gx2)),279650,279650,279650,279650,279650,279650,270150,270150,279650
106695755,TeamGroup 노트북 DDR4-3200 CL22 Elite (16GB),173040,173040,173040,173040,173040,170370,171000,171000,171000
106695761,TeamGroup 노트북 DDR4-3200 CL22 Elite (32GB),382650,382650,382650,382650,376700,376700,378100,378100,378100
106695737,TeamGroup 노트북 DDR4-3200 CL22 Elite (8GB),86520,86520,86520,86520,86520,85180,85500,85500,85500
123721493,TeamGroup 노트북 DDR5-5600 CL46 Elite 서린 (16GB),359980,359980,359980,359980,359980,340740,342000,342000,342000
18274718,Terabyte Ramonster DDR4-3200 CL22 (16GB),184020,184020,184020,184020,184020,184020,184020,184020,184020
18274754,Terabyte Ramonster DDR4-3200 CL22 (8GB),89500,89500,89500,89500,89500,89500,89500,89500,89500
108390497,Terabyte Ramonster DDR5-4800 (16GB),359000,359000,359000,359000,359000,359000,359000,359000,359000
18273281,Terabyte Ramonster 노트북 DDR4-3200 CL22 (16GB),147570,147570,147570,147570,147570,147570,147570,147570,147570
18325712,Terabyte Ramonster 노트북 DDR4-3200 CL22 (4GB),34000,34000,34000,34000,34000,34000,34000,34000,34000
15072377,V-Color BLACK DDR4-3200 (16GB),198000,198000,198000,198000,198000,198000,198000,198000,198000
16664129,V-Color BLACK DDR4-3200 벌크 (8GB),109000,109000,109000,109000,109000,109000,109000,109000,109000
27953468,V-Color BLACK DDR5-5600 CL46 STANDARD 벌크 (16GB),371550,371550,371550,371550,371550,371550,371550,371550,371550
11587076,V-Color DDR4-4000 CL19 PRISM PRO RGB SILVER 패키지 (16GB(8Gx2)),280000,280000,280000,280000,280000,280000,280000,280000,280000
123723079,V-Color DDR5-5600 CL46 STANDARD ECC/REG 패키지 (128GB(32Gx4)),7285910,7285910,7285910,7285910,7285910,7285910,7285910,7285910,7285910
123723097,V-Color DDR5-5600 CL46 STANDARD ECC/REG 패키지 (256GB(64Gx4)),15037790,15037790,15037790,15037790,15037790,15037790,15037790,15037790,15037790
123723120,V-Color DDR5-5600 CL46 STANDARD ECC/REG 패키지 (512GB(128Gx4)),36429590,36429590,36429590,36429590,36429590,36429590,36429590,36429590,36429590
93862913,V-Color DDR5-6400 CL32 ECC/REG 패키지 (128GB(32Gx4)),8048390,8048390,8048390,8048390,8048390,8048390,8048390,8048390,8048390
16025600,V-Color Manta DDR5-6200 CL40 RGB 골든아미스 패키지 (32GB(16Gx2)),688000,688000,688000,688000,688000,688000,688000,688000,688000
104751800,V-Color Manta XSKY DDR5-6000 CL30 RGB EXPO 패키지 (32GB(16Gx2)),702980,702980,702980,702980,702980,702980,702980,702980,702980
15176300,골든메모리 DDR3-1600 (8GB),24900,24900,24900,24900,24900,24900,24900,24900,24900
108445556,디오테라 ROIPLE DDR5-5600 (8GB),249000,249000,249000,249000,249000,249000,249000,249000,249000
5850743,마이크론 Crucial DDR3-1600 중고 (4GB),11000,11000,11000,11000,11000,11000,11000,11000,11000
5850669,마이크론 Crucial DDR3-1600 중고 (8GB),26000,26000,26000,26000,26000,26000,26000,26000,26000
10294092,마이크론 Crucial DDR4-3200 CL22 (16GB),179990,179990,179990,179990,179990,179990,179990,179990,179990
18038618,마이크론 Crucial DDR4-3200 CL22 (32GB),434190,434190,434190,434190,434190,434190,434190,434190,434190
10294017,마이크론 Crucial DDR4-3200 CL22 (8GB),108890,108890,108890,108890,108890,108890,108890,108890,108890
100273145,마이크론 Crucial DDR4-3200 CL22 PRO 패키지 대원씨티에스 (32GB(16Gx2)),377970,377970,377970,377970,377970,377970,377970,377970,377970
35805935,마이크론 Crucial DDR4-3200 CL22 대원씨티에스 (16GB),192990,192990,192990,192990,192990,192990,192990,192990,192990
20369102,마이크론 Crucial DDR4-3200 CL22 대원씨티에스 (8GB),117810,117810,117800,117800,117790,117780,117780,117770,117760
105679847,마이크론 Crucial DDR4-3200 CL22 패키지 (16GB(8Gx2)),212660,212660,212660,212660,212660,212660,212660,212660,212660
101628713,마이크론 Crucial DDR4-3200 중고 (8GB),73370,73370,73370,73370,73370,73370,73370,73370,73370
15988694,마이크론 Crucial DDR5-4800 CL40 (8GB),188000,188000,188000,188000,188000,188000,188000,188000,188000
18486497,마이크론 Crucial DDR5-5600 CL46 (16GB),349000,349000,349000,349000,349000,349000,349000,349000,349000
18486506,마이크론 Crucial DDR5-5600 CL46 (32GB),755990,755990,755990,755990,755990,755990,755990,755990,755990
76946597,마이크론 Crucial DDR5-5600 CL46 (64GB),2150000,2150000,2150000,2150000,2150000,2150000,2150000,2150000,2150000
20609090,마이크론 Crucial DDR5-5600 CL46 (8GB),174830,174830,174830,174830,174830,174830,174830,174830,174830
28640519,마이크론 Crucial DDR5-5600 CL46 PRO 대원씨티에스 (16GB),362190,362190,362180,362180,361660,361660,361660,361660,361140
99750215,마이크론 Crucial DDR5-5600 CL46 PRO 대원씨티에스 (32GB),794250,794250,794250,794250,794250,794250,794250,794250,794250
100273337,마이크론 Crucial DDR5-5600 CL46 PRO 대원씨티에스 (64GB),1760000,1760000,1760000,1760000,1760000,1760000,1760000,1760000,1760000
33386738,마이크론 Crucial DDR5-5600 CL46 PRO 아스크텍 (16GB),391820,391820,391820,391820,391820,391820,391820,391820,391820
74549789,마이크론 Crucial DDR5-5600 CL46 PRO 아스크텍 (32GB),794250,794250,794250,794250,794250,794250,794250,794250,794250
100619435,마이크론 Crucial DDR5-5600 CL46 PRO 패키지 대원씨티에스 (128GB(64Gx2)),4329600,4329600,4329600,4329600,4329600,4329600,4329600,4329600,4329600
20369066,마이크론 Crucial DDR5-5600 CL46 PRO 패키지 대원씨티에스 (32GB(16Gx2)),720070,720070,720070,720070,720070,720070,720070,720070,720070
28640537,마이크론 Crucial DDR5-5600 CL46 PRO 패키지 대원씨티에스 (48GB(24Gx2)),989280,989280,989280,989280,989280,989280,989280,989280,989280
28640552,마이크론 Crucial DDR5-5600 CL46 PRO 패키지 대원씨티에스 (64GB(32Gx2)),1799000,1799000,1799000,1799000,1799000,1799000,1799000,1799000,1799000
20356421,마이크론 Crucial DDR5-5600 CL46 PRO 패키지 아스크텍 (32GB(16Gx2)),769000,769000,769000,769000,769000,769000,769000,769000,769000
28553522,마이크론 Crucial DDR5-5600 CL46 PRO 패키지 아스크텍 (64GB(32Gx2)),1588500,1588500,1588500,1588500,1588500,1588500,1588500,1588500,1588500
20369126,마이크론 Crucial DDR5-5600 CL46 대원씨티에스 (16GB),349000,349000,349000,349000,349000,349000,349000,349000,349000
61544123,마이크론 Crucial DDR5-5600 CL46 대원씨티에스 (32GB),790490,790490,790490,790490,790490,790490,790490,790490,790490
75991769,마이크론 Crucial DDR5-5600 CL46 대원씨티에스 (64GB),2150000,2150000,2150000,2150000,2150000,2150000,2150000,2150000,2150000
53782775,마이크론 Crucial DDR5-5600 CL46 대원씨티에스 (8GB),165000,165000,165000,165000,165000,165000,165000,165000,165000
123436018,마이크론 Crucial DDR5-5600 CL46 중고 (16GB),338840,338840,338840,338840,338840,338840,338840,338840,338840
123133849,마이크론 Crucial DDR5-5600 CL46 중고 (32GB),758000,758000,758000,758000,758000,758000,758000,758000,758000
93806003,마이크론 Crucial DDR5-5600 CL46 패키지 대원씨티에스 (128GB(64Gx2)),4370000,4370000,4370000,4370000,4370000,4370000,4370000,4370000,4370000
91040711,마이크론 Crucial DDR5-5600 CL46 패키지 아스크텍 (64GB(32Gx2)),1514360,1514360,1514360,1514360,1514360,1514360,1514360,1514360,1514360
54100055,마이크론 Crucial DDR5-6000 CL36 PRO Overclocking White 패키지 대원씨티에스 (32GB(16Gx2)),725980,725980,725980,725980,725980,725980,725980,725980,725980
39102770,마이크론 Crucial DDR5-6000 CL36 PRO Overclocking 패키지 대원씨티에스 (32GB(16Gx2)),736670,736670,736670,736670,736670,736670,736670,736670,736670
56156210,마이크론 Crucial DDR5-6000 CL48 PRO 패키지 대원씨티에스 (32GB(16Gx2)),1000000,1000000,1000000,1000000,1000000,1000000,1000000,1000000,1000000
100273628,마이크론 Crucial DDR5-6400 CL32 PRO Overclocking White 패키지 대원씨티에스 (32GB(16Gx2)),747140,747140,747140,747140,747140,747140,747140,747140,747140
99553838,마이크론 Crucial DDR5-6400 CL32 PRO Overclocking White 패키지 아스크텍 (32GB(16Gx2)),751890,751890,751890,751890,751890,751890,751890,751890,751890
100273607,마이크론 Crucial DDR5-6400 CL32 PRO Overclocking 패키지 대원씨티에스 (32GB(16Gx2)),713640,713640,713640,713640,713640,713640,713640,713640,713640
99553832,마이크론 Crucial DDR5-6400 CL32 PRO Overclocking 패키지 아스크텍 (32GB(16Gx2)),751890,751890,751890,751890,751890,751890,751890,751890,751890
71158334,마이크론 Crucial DDR5-6400 CL38 PRO Overclocking White 패키지 대원씨티에스 (32GB(16Gx2)),730000,730000,730000,730000,730000,730000,730000,730000,730000
99749609,마이크론 Crucial DDR5-6400 CL38 PRO Overclocking 대원씨티에스 (16GB),366840,366840,366830,366830,366820,366810,366810,366800,366790
71061959,마이크론 Crucial DDR5-6400 CL38 PRO Overclocking 패키지 대원씨티에스 (32GB(16Gx2)),729990,729990,729990,729990,729990,729990,729990,729990,729990
69566999,마이크론 Crucial DDR5-6400 CL38 PRO Overclocking 패키지 아스크텍 (32GB(16Gx2)),827150,827150,827150,827150,827150,827150,827150,827150,827150
76331027,마이크론 Crucial DDR5-6400 CL40 PRO OC Gaming Edition White 대원씨티에스 (32GB),760410,760410,760410,760410,760410,760410,760410,760410,760410
77791223,마이크론 Crucial DDR5-6400 CL52 CUDIMM 대원씨티에스 (16GB),354250,354250,354250,354250,354250,354250,354250,354250,354250
77791217,마이크론 Crucial DDR5-6400 CL52 CUDIMM 대원씨티에스 (32GB),754810,754810,754810,754810,754810,754810,754810,754810,754810
77791211,마이크론 Crucial DDR5-6400 CL52 CUDIMM 대원씨티에스 (64GB),1933170,1933170,1933170,1933170,1933170,1933170,1933170,1933170,1933170
76946693,마이크론 Crucial DDR5-6400 CL52 CUDIMM 아스크텍 (32GB),640880,640880,640880,640880,640880,640880,640880,640880,640880
105818018,마이크론 Crucial DDR5-6400 CL52 CUDIMM 패키지 대원씨티에스 (128GB(64Gx2)),3737000,3737000,3737000,3737000,3737000,3737000,3737000,3737000,3737000
99749612,마이크론 Crucial DDR5-6400 CL52 CUDIMM 패키지 대원씨티에스 (32GB(16Gx2)),787000,787000,787000,787000,787000,787000,787000,787000,787000
122930960,마이크론 Crucial 노트북 DDR4-2666 중고 (4GB),35900,35900,35900,35900,35900,35900,35900,35900,35900
16343636,마이크론 Crucial 노트북 DDR4-3200 CL22 (16GB),149570,149570,149570,149570,149570,149570,149570,149570,149570
67850504,마이크론 Crucial 노트북 DDR4-3200 CL22 (32GB),351400,351400,351400,351400,351400,351400,351400,351400,351400
124012668,마이크론 Crucial 노트북 DDR4-3200 CL22 중고 (16GB),158690,158690,158690,158690,158690,158690,158690,158690,158690
124012671,마이크론 Crucial 노트북 DDR4-3200 CL22 중고 (32GB),353000,353000,353000,353000,353000,353000,353000,353000,353000
16524281,마이크론 Crucial 노트북 DDR4-3200 CL22 중고 (4GB),29500,29500,29500,29500,29500,29500,29500,29500,29500
106748657,마이크론 Crucial 노트북 DDR4-3200 CL22 해외구매 (16GB(8Gx2)),153860,153860,153860,153860,153860,153860,153860,153860,153860
17292047,마이크론 Crucial 노트북 DDR4-3200 CL22 해외구매 (8GB),247840,247840,247840,247840,247840,247840,247840,247840,247840
30268256,마이크론 Crucial 노트북 DDR5-5600 CL46 (16GB),353990,353990,353990,353990,353990,353990,353990,353990,353990
30268274,마이크론 Crucial 노트북 DDR5-5600 CL46 (32GB),693000,693000,693000,693000,693000,693000,693000,693000,693000
54966680,마이크론 Crucial 노트북 DDR5-5600 CL46 대원씨티에스 (16GB),384990,384990,384990,384990,384990,384990,384990,384990,384990
54966677,마이크론 Crucial 노트북 DDR5-5600 CL46 대원씨티에스 (32GB),882530,882530,882530,882530,882530,882530,882530,882530,882530
124237649,마이크론 Crucial 노트북 DDR5-5600 CL46 중고 (8GB),179890,179890,179890,179890,179890,179890,179890,179890,179890
18782588,마이크론 DDR4-2133 ECC/REG 중고 (16GB),258800,258800,258800,258800,258800,258800,258800,258800,258800
17443334,마이크론 DDR4-2400 중고 (8GB),76000,76000,76000,76000,76000,76000,76000,76000,76000
97122059,마이크론 DDR5-5600 CL46 ECC/REG 아스크텍 (64GB),3448270,3448270,3448270,3448270,3448270,3448270,3448270,3448270,3448270
71502218,마이크론 노트북 DDR5-5600 중고 (8GB),172990,172990,172990,172990,172990,172990,172990,172990,172990
65303801,비즈텍 TREAVE DDR4-2666 CL19 (16GB),136870,136870,136870,136870,136870,136870,136870,136870,136870
65303783,비즈텍 TREAVE DDR4-2666 CL19 (8GB),83070,83070,83070,83070,83070,83070,83070,83070,83070
65303720,비즈텍 TREAVE DDR4-3200 CL22 (16GB),147450,147450,147450,147450,147450,147450,147450,147450,147450
65303726,비즈텍 TREAVE DDR4-3200 CL22 (32GB),372610,372610,372610,370120,370120,372610,372610,372610,372610
64379600,비즈텍 TREAVE DDR4-3200 CL22 (8GB),88190,88190,88190,88190,88190,88190,88190,88190,88190
64379654,비즈텍 TREAVE DDR5-5600 CL46 (16GB),328140,328140,328140,328140,328140,328140,328140,328140,328140
65303648,비즈텍 TREAVE DDR5-5600 CL46 (32GB),659990,659990,659990,659990,659990,659990,659990,659990,659990
65303753,비즈텍 TREAVE 노트북 DDR4-2666 CL19 (16GB),139930,139930,139930,139930,139930,139930,139930,139930,139930
65303750,비즈텍 TREAVE 노트북 DDR4-2666 CL19 (8GB),73720,73720,73720,73720,73720,73720,73720,73720,73720
65303678,비즈텍 TREAVE 노트북 DDR4-3200 CL22 (16GB),145300,145300,145300,145300,145300,145300,145300,145300,145300
65303675,비즈텍 TREAVE 노트북 DDR4-3200 CL22 (32GB),390310,390310,390310,390310,390310,390310,390310,390310,390310
64379612,비즈텍 TREAVE 노트북 DDR4-3200 CL22 (8GB),76300,76300,76300,76300,76300,76300,76300,76300,76300
64379729,비즈텍 TREAVE 노트북 DDR5-5600 CL46 (16GB),338870,338870,338870,338870,338870,338870,338870,338870,338870
65303624,비즈텍 TREAVE 노트북 DDR5-5600 CL46 (32GB),669060,669060,669060,669060,669060,669060,669040,669040,669020
5580669,삼성전자 DDR2-667 중고 (1GB),4910,4910,4910,4910,4910,4910,4910,4910,4910
5580667,삼성전자 DDR2-667 중고 (2GB),27000,27000,27000,27000,27000,27000,27000,27000,27000
863373,삼성전자 DDR2-800 중고 (1GB),2970,2970,2970,2970,2970,2970,2970,2970,2970
744616,삼성전자 DDR2-800 중고 (2GB),15800,15800,15800,15800,15800,15800,15800,15800,15800
5579844,삼성전자 DDR3-1066 중고 (2GB),4510,4510,4510,4510,4510,4510,4510,4510,4510
5580431,삼성전자 DDR3-1066 중고 (4GB),19110,19110,19110,19110,19110,19110,19110,19110,19110
112110949,삼성전자 DDR3-1333 (중고) (4GB),35000,35000,35000,35000,35000,35000,35000,35000,35000
5655412,삼성전자 DDR3-1333 ECC 중고 (8GB),90000,90000,90000,90000,90000,90000,90000,90000,90000
17528609,삼성전자 DDR3-1333 ECC/REG 중고 (4GB),12480,12480,12480,12480,12480,12480,12480,12480,12480
12823511,삼성전자 DDR3-1333 ECC/REG 중고 (8GB),58800,58800,58800,58800,58800,58800,58800,58800,58800
1228209,삼성전자 DDR3-1333 방열판 (4GB),35000,35000,35000,35000,35000,35000,35000,35000,35000
843710,삼성전자 DDR3-1333 병행수입 (2GB),11800,11800,11800,11800,11800,11800,11800,11800,11800
5579506,삼성전자 DDR3-1333 중고 (1GB),3920,3920,3920,3920,3920,3920,3920,3920,3920
5546083,삼성전자 DDR3-1333 중고 (2GB),3000,3000,3000,3000,3000,3000,3000,3000,3000
5441273,삼성전자 DDR3-1333 중고 (4GB),7500,7500,7500,7500,7500,7500,7500,7500,7500
5655416,삼성전자 DDR3-1333 중고 (8GB),25990,25990,25990,25990,25990,25990,25990,25990,25990
1144692,삼성전자 DDR3-1333U 중고 (4GB),7490,7490,7490,7490,7490,7490,7490,7490,7490
12823175,삼성전자 DDR3-1600 ECC 중고 (8GB),90000,90000,90000,90000,90000,90000,90000,90000,90000
15253352,삼성전자 DDR3-1600 ECC/REG 중고 (16GB),63800,63800,63800,63800,63800,63800,63800,63800,63800
13169489,삼성전자 DDR3-1600 ECC/REG 중고 (8GB),68800,68800,68800,68800,68800,68800,68800,68800,68800
12823616,삼성전자 DDR3-1600 ECC/Unbuffered 중고 (4GB),29800,29800,29800,29800,29800,29800,29800,29800,29800
12823325,삼성전자 DDR3-1600 ECC/Unbuffered 중고 (8GB),90000,90000,90000,90000,90000,90000,90000,90000,90000
1577930,삼성전자 DDR3-1600 방열판 (2GB),24000,24000,24000,24000,24000,24000,24000,24000,24000
1530917,삼성전자 DDR3-1600 방열판 (4GB),26000,26000,26000,26000,26000,26000,26000,26000,26000
1772613,삼성전자 DDR3-1600 방열판 (8GB),80000,80000,80000,80000,80000,80000,80000,80000,80000
5550381,삼성전자 DDR3-1600 중고 (2GB),3990,3990,3990,3990,3990,3990,3990,3990,3990
5545241,삼성전자 DDR3-1600 중고 (4GB),7860,7860,7860,7860,7860,7860,7860,7860,7860
5549101,삼성전자 DDR3-1600 중고 (8GB),21650,21650,21650,21650,21650,21650,21650,21650,21650
115474903,삼성전자 DDR3L 1600 저전력 (중고) (8GB),28420,28420,28420,28420,28420,28420,28420,28420,28420
116898273,삼성전자 DDR4-2133 (16GB),129900,129900,129900,129900,129900,129900,129900,129900,129900
3201268,삼성전자 DDR4-2133 ECC/REG (16GB),315000,315000,315000,315000,315000,315000,315000,315000,315000
5383117,삼성전자 DDR4-2133 ECC/REG (32GB),495000,495000,495000,495000,495000,495000,495000,495000,495000
3201319,삼성전자 DDR4-2133 ECC/REG (8GB),126800,126800,126800,126800,126800,126800,126800,126800,126800
17190479,삼성전자 DDR4-2133 ECC/REG 중고 (16GB),188800,188800,188800,188800,188800,188800,188800,188800,188800
17288240,삼성전자 DDR4-2133 ECC/Unbuffered 중고 (16GB),291400,291400,291400,291400,291400,291400,291400,291400,291400
12823709,삼성전자 DDR4-2133 중고 (16GB),124100,124110,124110,124100,125450,124110,124100,125450,124110
8165383,삼성전자 DDR4-2133 중고 (4GB),25990,25990,25990,25990,25990,25990,25990,25990,25990
5676841,삼성전자 DDR4-2133 중고 (8GB),54980,54980,54980,54980,54980,54980,54980,55390,55390
4519874,삼성전자 DDR4-2400 (16GB),129010,129010,129010,129010,129010,129010,129010,129010,129010
5040061,삼성전자 DDR4-2400 (4GB),28670,28670,28670,28670,28670,28670,28670,28670,28670
4343051,삼성전자 DDR4-2400 (8GB),56050,56050,56050,56050,56050,56050,56050,56050,56050
5448638,삼성전자 DDR4-2400 ECC/REG (16GB),329990,329990,329990,329990,329990,329990,329990,329990,329990
5721713,삼성전자 DDR4-2400 ECC/REG (32GB),544990,544990,544990,544990,544990,544990,544990,544990,544990
5721454,삼성전자 DDR4-2400 ECC/REG (8GB),175000,175000,175000,175000,175000,175000,175000,175000,175000
17899715,삼성전자 DDR4-2400 ECC/REG 중고 (32GB),398800,398800,398800,398800,398800,398800,398800,398800,398800
11298180,삼성전자 DDR4-2400 중고 (16GB),129000,129000,129000,129000,129000,129000,129000,129000,129000
11644949,삼성전자 DDR4-2400 중고 (4GB),27090,27090,27080,27080,27070,27060,27060,27050,27050
11236449,삼성전자 DDR4-2400 중고 (8GB),54980,54980,54980,54980,54980,54980,54980,55780,55780
5941995,삼성전자 DDR4-2666 (16GB),147560,147560,147560,147560,147560,147560,147560,147560,147560
9239391,삼성전자 DDR4-2666 (32GB),329990,329990,329990,329990,329990,329990,329990,329990,329990
5937666,삼성전자 DDR4-2666 (8GB),72790,72790,72790,72790,72790,72790,72790,72990,72990
6393108,삼성전자 DDR4-2666 ECC/REG (16GB),270000,270000,270000,270000,270000,270000,270000,270000,270000
10824564,삼성전자 DDR4-2666 ECC/REG (32GB),595000,595000,595000,595000,595000,595000,595000,595000,595000
11631620,삼성전자 DDR4-2666 ECC/REG (8GB),195000,195000,195000,195000,195000,195000,195000,195000,195000
11633126,삼성전자 DDR4-2666 ECC/Unbuffered (16GB),600000,600000,600000,600000,600000,600000,600000,600000,600000
17814587,삼성전자 DDR4-2666 ECC/Unbuffered (32GB),960000,960000,960000,960000,960000,960000,960000,960000,960000
11631995,삼성전자 DDR4-2666 ECC/Unbuffered (8GB),290000,290000,290000,290000,290000,290000,290000,290000,290000
8165329,삼성전자 DDR4-2666 중고 (16GB),139490,139490,139490,139490,139490,139490,139490,139490,139490
16493414,삼성전자 DDR4-2666 중고 (32GB),304230,304230,304230,304230,304230,304230,304230,304230,304230
12744536,삼성전자 DDR4-2666 중고 (4GB),26830,26830,26830,26830,26830,26830,26830,26830,26830
8158972,삼성전자 DDR4-2666 중고 (8GB),59980,59980,59980,59980,59980,59980,59980,59980,59980
12513242,삼성전자 DDR4-2933 (16GB),199990,199990,199990,199990,199990,199990,199990,199990,199990
11541992,삼성전자 DDR4-2933 (32GB),299000,299000,299000,299000,299000,299000,299000,299000,299000
10376427,삼성전자 DDR4-2933 (8GB),95000,95000,95000,95000,95000,95000,95000,95000,95000
15125060,삼성전자 DDR4-2933 ECC/REG (128GB),3250000,3250000,3250000,3250000,3250000,3250000,3250000,3250000,3250000
11541968,삼성전자 DDR4-2933 ECC/REG (16GB),399990,399990,399990,399990,399990,399990,399990,399990,399990
11541977,삼성전자 DDR4-2933 ECC/REG (32GB),807990,807990,807990,807990,807990,807990,807990,807990,807990
12509051,삼성전자 DDR4-2933 ECC/REG (64GB),1654980,1654980,1654980,1654980,1654980,1654980,1654980,1654980,1654980
15798569,삼성전자 DDR4-2933 ECC/Unbuffered (16GB),600000,600000,600000,600000,600000,600000,600000,600000,600000
15798590,삼성전자 DDR4-2933 ECC/Unbuffered (32GB),1056000,1056000,1056000,1056000,1056000,1056000,1056000,1056000,1056000
13826867,삼성전자 DDR4-2933 ECC/Unbuffered (8GB),242620,242620,242620,242620,242620,242620,242620,242620,242620
17844794,삼성전자 DDR4-2933 중고 (8GB),92890,92890,92890,98890,98890,95890,95890,92890,92890
11790199,삼성전자 DDR4-3200 (16GB),193980,193980,193980,193980,193980,193980,193980,193980,193980
11028636,삼성전자 DDR4-3200 (32GB),487990,487990,487990,487990,487990,487990,487990,487990,487990
13122602,삼성전자 DDR4-3200 (4GB),44330,44330,44330,44330,44330,44330,44330,44330,44330
11541857,삼성전자 DDR4-3200 (8GB),80280,80280,80280,80280,80280,80280,80280,80280,80280
15753674,삼성전자 DDR4-3200 ECC/REG (128GB),2699990,2699990,2699990,2699990,2699990,2699990,2699990,2699990,2699990
13432766,삼성전자 DDR4-3200 ECC/REG (16GB),300000,300000,300000,300000,300000,300000,300000,300000,300000
13432970,삼성전자 DDR4-3200 ECC/REG (32GB),637000,637000,637000,637000,637000,637000,637000,637000,637000
13433147,삼성전자 DDR4-3200 ECC/REG (64GB),1571000,1571000,1571000,1571000,1571000,1571000,1571000,1571000,1571000
15753614,삼성전자 DDR4-3200 ECC/REG (8GB),230000,230000,230000,230000,230000,230000,230000,230000,230000
37693463,삼성전자 DDR4-3200 ECC/Unbuffered (32GB),970000,970000,970000,970000,970000,970000,970000,970000,970000
16126766,삼성전자 DDR4-3200 중고 (16GB),173890,173890,173890,173890,173890,173890,173890,173890,173890
16379045,삼성전자 DDR4-3200 중고 (32GB),358990,358990,358990,358990,358990,358990,358990,358990,358990
17009852,삼성전자 DDR4-3200 중고 (4GB),43180,43180,43180,43180,43180,43180,43180,43180,43180
15578048,삼성전자 DDR4-3200 중고 (8GB),73490,73490,73490,73490,73490,73490,73490,73490,73490
15759071,삼성전자 DDR5-4800 (16GB),363950,363950,363950,363950,363950,363950,363950,363950,363950
15764342,삼성전자 DDR5-4800 (32GB),737850,737850,737850,737850,737850,737850,737850,737850,737850
16388927,삼성전자 DDR5-4800 (8GB),184900,184900,184900,182400,182400,184900,184900,182400,182400
21678695,삼성전자 DDR5-4800 ECC/REG (16GB),985890,985890,985890,985890,985890,985890,985890,985890,985890
21678638,삼성전자 DDR5-4800 ECC/REG (32GB),2045000,2045000,2045000,2045000,2045000,2045000,2045000,2045000,2045000
21678716,삼성전자 DDR5-4800 ECC/REG (64GB),3844000,3844000,3844000,3844000,3844000,3844000,3844000,3844000,3844000
16390262,삼성전자 DDR5-4800 병행수입 (16GB),320860,320860,320860,320860,320860,320860,320860,320860,320860
16390268,삼성전자 DDR5-4800 병행수입 (32GB),621240,621240,621240,621240,621240,621240,621240,621240,621240
16390247,삼성전자 DDR5-4800 병행수입 (8GB),173620,173620,173620,173620,173620,173620,173620,173620,173620
123799325,삼성전자 DDR5-4800 중고 (16GB),350000,350000,350000,350000,350000,350000,350000,350000,350000
123799326,삼성전자 DDR5-4800 중고 (32GB),693270,693270,693270,693270,693270,693270,693270,693270,693270
18911780,삼성전자 DDR5-5600 (16GB),349890,349890,349890,349890,349890,349890,349890,349890,349890
109680518,삼성전자 DDR5-5600 (24GB),414000,414000,414000,414000,414000,414000,414000,414000,414000
20644043,삼성전자 DDR5-5600 (32GB),790960,790960,790960,790960,790960,790960,790960,790960,790960
18911771,삼성전자 DDR5-5600 (8GB),182580,182580,182580,182580,182580,182580,182580,182580,182580
77791265,삼성전자 DDR5-5600 (수량별배송비 16GB),374990,374990,374990,374990,374990,374990,374990,374990,374990
77791268,삼성전자 DDR5-5600 (수량별배송비 32GB),856330,856330,856330,856330,856330,856330,856330,856330,856330
76509239,삼성전자 DDR5-5600 ECC/REG (128GB),9794990,9794990,9794990,9794990,9794990,9794990,9794990,9794990,9794990
81716342,삼성전자 DDR5-5600 ECC/REG (16GB),1045000,1045000,1045000,1045000,1045000,1045000,1045000,1045000,1045000
79408826,삼성전자 DDR5-5600 ECC/REG (32GB),2345000,2345000,2345000,2345000,2345000,2345000,2345000,2345000,2345000
79408823,삼성전자 DDR5-5600 ECC/REG (64GB),4395000,4395000,4395000,4395000,4395000,4395000,4395000,4395000,4395000
123801216,삼성전자 DDR5-5600 ECC/REG 중고 (64GB),4494990,4494990,4494990,4494990,4494990,4494990,4494990,4494990,4494990
122621367,삼성전자 DDR5-5600 중고 (16GB),345020,345020,345020,345020,345020,345020,345020,345020,345020
123799337,삼성전자 DDR5-5600 중고 (32GB),749900,749900,749900,749900,749900,749900,749900,749900,749900
122623097,삼성전자 DDR5-5600 중고 (8GB),189900,189900,189900,189900,189900,189900,189900,189900,189900
108391655,삼성전자 DDR5-6400 CL52 CUDIMM (16GB),353920,353920,353920,353920,353920,353920,353920,353920,353920
108391649,삼성전자 DDR5-6400 CL52 CUDIMM (8GB),181600,181600,181600,181600,181600,181600,181600,181600,181600
124012589,삼성전자 DDR5-6400 ECC/REG (128GB),9900000,9900000,9900000,9900000,9900000,9900000,9900000,9900000,9900000
103130627,삼성전자 DDR5-6400 ECC/REG (64GB),4791580,4791580,4791570,4791570,4791560,4791550,4791550,4791540,4791530
122658611,삼성전자 DDR5-7200 CL58 CUDIMM (16GB),417910,417910,417910,417910,417910,417910,417910,417910,417910
124237277,삼성전자 DDR5-7200 CL58 CUDIMM (8GB),177620,177620,177620,177620,177620,177620,177620,177620,177620
118832316,삼성전자 노트북 DDR2 PC2-5300 CL4.5 (중고) (2GB),7000,7000,7000,7000,7000,7000,7000,7000,7000
5580681,삼성전자 노트북 DDR2-533 중고 (1GB),6440,6440,6440,6440,6440,6440,6440,6440,6440
5580847,삼성전자 노트북 DDR2-667 병행수입 (2GB),18000,18000,18000,18000,18000,18000,18000,18000,18000
5580673,삼성전자 노트북 DDR2-667 중고 (1GB),4560,4560,4560,4560,4560,4560,4560,4560,4560
863361,삼성전자 노트북 DDR2-667 중고 (2GB),8000,8000,8000,8000,8000,8000,8000,8000,8000
863346,삼성전자 노트북 DDR2-800 중고 (2GB),6500,6500,6500,6500,6500,6500,6500,6500,6500
116414127,삼성전자 노트북 DDR3-1066 (중고) (4GB),60000,60000,60000,60000,60000,60000,60000,60000,60000
5579615,삼성전자 노트북 DDR3-1066 중고 (1GB),1490,1490,1490,1490,1490,1490,1490,1490,1490
5579854,삼성전자 노트북 DDR3-1066 중고 (2GB),3750,3750,3750,3750,3750,3750,3750,3750,3750
5580447,삼성전자 노트북 DDR3-1066 중고 (4GB),22680,22680,22680,22680,22680,22680,22680,22680,22680
925624,삼성전자 노트북 DDR3-1333 (2GB),4500,4500,4500,4500,4500,4500,4500,4500,4500
1628188,삼성전자 노트북 DDR3-1333 병행수입 (1GB),26000,26000,26000,26000,26000,26000,26000,26000,26000
982482,삼성전자 노트북 DDR3-1333 병행수입 (2GB),13400,13400,13400,13400,13400,13400,13400,13400,13400
949437,삼성전자 노트북 DDR3-1333 병행수입 (4GB),25000,25000,25000,25000,25000,25000,25000,25000,25000
1719949,삼성전자 노트북 DDR3-1333 병행수입 (8GB),99000,99000,99000,99000,99000,99000,99000,99000,99000
5579526,삼성전자 노트북 DDR3-1333 중고 (1GB),1490,1490,1490,1490,1490,1490,1490,1490,1490
5579705,삼성전자 노트북 DDR3-1333 중고 (2GB),3910,3910,3910,3910,3910,3910,3910,3910,3910
5546469,삼성전자 노트북 DDR3-1333 중고 (4GB),8830,8830,8830,8830,8830,8830,8830,8830,8830
5580555,삼성전자 노트북 DDR3-1333 중고 (8GB),42900,42900,42900,42900,42900,42900,42900,42900,42900
1962927,삼성전자 노트북 DDR3-1600 (2GB),4500,4500,4500,4500,4500,4500,4500,4500,4500
2747282,삼성전자 노트북 DDR3-1600 1.35V 병행수입 (8GB),57000,57000,57000,57000,57000,57000,57000,57000,57000
123605036,삼성전자 노트북 DDR3-1600 1.35V 중고 (2GB),8590,8590,8590,8590,8590,8590,8590,8590,8590
14267015,삼성전자 노트북 DDR3-1600 1.35V 중고 (4GB),9700,9700,9700,9700,9700,9700,9700,9700,9700
14183372,삼성전자 노트북 DDR3-1600 1.35V 중고 (8GB),25900,25900,25900,25900,25900,25900,25900,25900,25900
1962928,삼성전자 노트북 DDR3-1600 병행수입 (2GB),19700,19700,19700,19700,19700,19700,19700,19700,19700
5580475,삼성전자 노트북 DDR3-1600 중고 (2GB),2690,2690,2690,2690,2690,2690,2690,2690,2690
5548947,삼성전자 노트북 DDR3-1600 중고 (4GB),8660,8660,8830,8650,8650,8650,8650,8650,8650
5549011,삼성전자 노트북 DDR3-1600 중고 (8GB),24790,24790,24790,24790,24790,24790,24790,24790,24790
4001196,삼성전자 노트북 DDR4-2133 (16GB),128880,128880,128880,128880,128880,128880,128880,128880,128880
3493083,삼성전자 노트북 DDR4-2133 (8GB),62980,62980,62980,62980,62980,62980,62980,62980,62980
16972373,삼성전자 노트북 DDR4-2133 중고 (16GB),126240,126240,126240,126240,126240,126240,126240,126240,126240
14130377,삼성전자 노트북 DDR4-2133 중고 (4GB),29990,29990,29990,29990,29990,29990,29990,29990,29990
12970748,삼성전자 노트북 DDR4-2133 중고 (8GB),61240,61240,61240,61240,61240,61240,61240,61240,61240
5202063,삼성전자 노트북 DDR4-2400 (16GB),133980,133980,133980,133980,133980,133980,133980,133980,133980
5040079,삼성전자 노트북 DDR4-2400 (4GB),30410,30410,30400,30390,30390,30380,30380,30370,30360
5202059,삼성전자 노트북 DDR4-2400 (8GB),63630,63630,63630,63630,63630,63630,63630,63630,63630
16844816,삼성전자 노트북 DDR4-2400 중고 (16GB),107900,107900,107900,107900,107900,107900,107900,107900,107900
14960162,삼성전자 노트북 DDR4-2400 중고 (4GB),28800,28800,28800,28800,28800,28800,28800,28800,28800
15481538,삼성전자 노트북 DDR4-2400 중고 (8GB),62000,62000,62000,62000,62000,62000,62000,62000,62000
6393068,삼성전자 노트북 DDR4-2666 (16GB),126630,126630,126630,126630,126630,126630,126630,126630,126630
10742970,삼성전자 노트북 DDR4-2666 (32GB),327000,327000,327000,327000,327000,327000,327000,327000,327000
6488716,삼성전자 노트북 DDR4-2666 (4GB),36350,36350,36350,36350,36350,36350,36350,36350,36350
6274195,삼성전자 노트북 DDR4-2666 (8GB),68500,68500,68500,68500,68500,68500,68500,68500,68500
16834745,삼성전자 노트북 DDR4-2666 중고 (16GB),119800,119800,119800,119800,119800,119800,119800,119800,119800
16910030,삼성전자 노트북 DDR4-2666 중고 (32GB),335620,335620,335620,335620,335620,335620,335620,335620,335620
12920054,삼성전자 노트북 DDR4-2666 중고 (4GB),32190,32190,32190,32190,32190,32190,32190,32190,32190
16316135,삼성전자 노트북 DDR4-2666 중고 (8GB),55530,55530,55530,55530,55530,55530,55530,55530,55530
11397141,삼성전자 노트북 DDR4-3200 (16GB),157880,157880,157880,157880,157880,157880,157880,157880,157880
10881360,삼성전자 노트북 DDR4-3200 (32GB),319980,319980,319980,319980,319980,319980,319980,319980,319980
14910056,삼성전자 노트북 DDR4-3200 (4GB),37990,37990,37990,37990,37990,37990,37990,37990,37990
10853625,삼성전자 노트북 DDR4-3200 (8GB),73630,73630,73630,73630,73630,73630,73630,73630,73630
17009480,삼성전자 노트북 DDR4-3200 중고 (16GB),129100,129100,129100,129100,129100,129100,129100,129100,129100
94129193,삼성전자 노트북 DDR4-3200 중고 (32GB),275000,275000,275000,275000,275000,275000,275000,275000,275000
14679644,삼성전자 노트북 DDR4-3200 중고 (4GB),29900,29900,29900,29900,29900,29900,29900,29900,29900
16524044,삼성전자 노트북 DDR4-3200 중고 (8GB),66500,66500,66500,66500,66500,66500,66500,66500,66500
17666249,삼성전자 노트북 DDR5-4800 (16GB),360000,360000,360000,360000,360000,360000,360000,360000,360000
17666252,삼성전자 노트북 DDR5-4800 (32GB),647240,647240,647240,647240,647240,647240,647240,647240,647240
17666243,삼성전자 노트북 DDR5-4800 (8GB),169990,169990,169990,169990,169990,169990,169990,169990,169990
16891118,삼성전자 노트북 DDR5-4800 병행수입 (16GB),316090,316090,316090,316220,316220,316090,316090,316090,316090
17197934,삼성전자 노트북 DDR5-4800 병행수입 (32GB),635390,635390,635390,635390,635390,635390,635390,635390,635390
16686116,삼성전자 노트북 DDR5-4800 병행수입 (8GB),168310,168310,168310,168310,168310,168310,168310,168310,168310
27918203,삼성전자 노트북 DDR5-4800 중고 (16GB),317690,317690,317690,317690,317690,317690,317690,317690,317690
16633067,삼성전자 노트북 DDR5-4800 중고 (8GB),169430,169430,169430,169430,169430,169430,169430,169430,169430
19952972,삼성전자 노트북 DDR5-5600 (16GB),349970,349970,349970,349970,349970,349970,349970,349970,349970
20629313,삼성전자 노트북 DDR5-5600 (32GB),695210,706440,706440,706440,706440,706440,706440,706440,706440
19953029,삼성전자 노트북 DDR5-5600 (8GB),170000,170000,170000,170000,170000,170000,170000,170000,170000
76331690,삼성전자 노트북 DDR5-5600 중고 (16GB),343150,343150,343150,343150,343150,343150,343150,343150,343150
123799310,삼성전자 노트북 DDR5-5600 중고 (32GB),678000,678000,678000,678000,678000,678000,678000,678000,678000
28609379,삼성전자 노트북 DDR5-5600 중고 (8GB),163580,163580,163580,163580,163580,163580,163580,163580,163580
10639095,써멀테이크 DDR4-3600 CL18 TOUGHRAM RGB 화이트 패키지 (16GB(8Gx2)),228000,228000,228000,228000,228000,228000,228000,228000,228000
108411704,써멀테이크 DDR4-3600 CL18 TOUGHRAM XG RGB 화이트 패키지 (16GB(8Gx2)),232420,232420,232420,232420,232420,232420,232420,232420,232420
104616377,써멀테이크 DDR5-5600 CL36 TOUGHRAM RC 패키지 (32GB(16Gx2)),730710,730710,730710,730710,730710,730710,730710,730710,730710
58939463,써멀테이크 DDR5-6400 CL32 TOUGHRAM RGB 블랙 패키지 (32GB(16Gx2)),815430,815430,815430,815430,815430,815430,815430,815430,815430
48480317,아이티젠 DDR3-1333 (8GB),21380,21380,21380,21380,21380,21380,21380,21380,21380
47840942,아이티젠 DDR3-1600 (8GB),21380,21380,21380,21380,21380,21380,21380,21380,21380
54481355,아이티젠 DDR3-1600 1.35V (8GB),21380,21380,21380,21380,21380,21380,21380,21380,21380
68537399,아이티젠 DDR4-2133 (16GB),131120,131120,131120,131120,131120,131120,131120,131120,131120
68537456,아이티젠 DDR4-2400 (16GB),134840,134840,134840,134840,134840,134840,134840,134840,134840
54481856,아이티젠 DDR4-2666 (16GB),139380,138560,138570,138570,138560,138570,138570,138560,138570
54482183,아이티젠 DDR4-3200 (16GB),146720,146720,146720,149720,149720,146720,146720,149720,149720
92679131,아이티젠 DDR4-3200 (32GB),300380,300380,300380,300380,300380,300380,300380,300380,300380
54482201,아이티젠 DDR4-3200 (8GB),75320,75320,75320,75320,75320,75320,75320,75320,75320
54481535,아이티젠 노트북 DDR3-1333 1.5V (8GB),21990,21990,21990,21990,21990,21990,21990,21990,21990
54481385,아이티젠 노트북 DDR3-1600 1.35V (8GB),21890,21890,21890,21890,21890,21890,21890,21890,21890
54481580,아이티젠 노트북 DDR3-1600 1.5V (8GB),21990,21990,21990,21990,21990,21990,21990,21990,21990
68538869,아이티젠 노트북 DDR4-2400 (16GB),132050,132050,132050,132050,132050,132050,132050,132050,132050
54481916,아이티젠 노트북 DDR4-2666 (16GB),133910,133910,133910,133910,133910,133910,133910,133910,133910
54481937,아이티젠 노트북 DDR4-2666 (8GB),68810,68810,68810,68810,68810,68810,68810,68810,68810
54482174,아이티젠 노트북 DDR4-3200 (16GB),139490,139490,139490,139490,139490,139490,139490,139490,139490
54482195,아이티젠 노트북 DDR4-3200 (8GB),70670,70670,70670,70670,70670,70670,70670,70670,70670
101186585,에이서 DDR5-4800 CL40 UD200 (16GB),273670,273670,273670,273670,273670,273670,273670,273670,273670
101186612,에이서 DDR5-5600 CL46 UD200 (16GB),294300,294300,294300,294300,294300,294300,294300,294300,294300
104615258,옵티머스 DDR4-3200 아인스시스템 (16GB),175000,175000,175000,175000,175000,175000,175000,175000,175000
104615234,옵티머스 DDR4-3200 아인스시스템 (8GB),83800,83800,83800,83800,83800,83800,83800,83800,83800
107770946,옵티머스 DDR5-5600 아인스시스템 (16GB),304000,304000,304000,304000,304000,304000,304000,304000,304000
8540462,이메이션 DDR3-1600 CL11 (4GB),11000,11000,11000,11000,11000,11000,11000,11000,11000
8540480,이메이션 DDR3-1600 CL11 (8GB),26000,26000,26000,26000,26000,26000,26000,26000,26000
8072551,이메이션 DDR4-2666 Black Edition (16GB),146000,146000,146000,146000,146000,146000,146000,146000,146000
15860627,이메이션 DDR4-3200 CL22 (32GB),356950,356950,356950,356950,356950,356950,356950,356950,356950
10495692,이메이션 DDR4-3200 CL22 (8GB),104470,104470,104470,104470,104470,104470,104470,104470,104470
94450646,이메이션 DDR4-3200 CL22-22-22-52 (16GB),164000,164000,164000,164000,164000,164000,164000,164000,164000
94450610,이메이션 DDR4-3200 CL22-22-22-52 (32GB),620000,620000,620000,620000,620000,620000,620000,620000,620000
94450658,이메이션 DDR4-3200 CL22-22-22-52 (8GB),99000,99000,99000,99000,99000,99000,99000,99000,99000
94450400,이메이션 DDR5-5600 CL46-46-46 (16GB),329000,329000,329000,329000,329000,329000,329000,329000,329000
94450724,이메이션 노트북 DDR4-3200 CL22-22-22-52 (16GB),159000,159000,159000,159000,159000,159000,159000,159000,159000
61442444,이메이션 노트북 DDR5-5600 CL46 (16GB),322250,322250,322250,322250,322250,322250,322250,322250,322250
94450436,이메이션 노트북 DDR5-5600 CL46-46-46 (16GB),359000,359000,359000,359000,359000,359000,359000,359000,359000
123971709,지티엠코리아 DDR5-4800 (16GB),305970,305970,305970,305970,305970,305970,305970,305970,305970
79408817,커널앤코어 DDR5-5600 CL46 (16GB),320000,320000,320000,320000,320000,320000,320000,320000,320000
88136900,커널앤코어 노트북용 DDR4-3200 CL22 (4GB),58500,58500,58500,58500,58500,58500,58500,58500,58500
88136876,커널앤코어 노트북용 DDR4-3200 CL22 (8GB),99500,99500,99500,99500,99500,99500,99500,99500,99500
123743017,컴이지 킹덤 DDR4-2666 CL19 (16GB),131670,131670,131670,131670,131670,131670,131670,131670,131670
104045429,컴이지 킹덤 DDR4-3200 CL22 (16GB),143860,143860,143860,143860,143860,143860,143860,143860,143860
122629732,컴이지 킹덤 DDR4-3200 CL22 (8GB),82560,82560,82560,82560,82560,82560,82560,82560,82560
104571350,컴이지 킹덤 DDR5-5600 CL46 (16GB),325190,325190,325190,325190,325190,325190,325190,325190,325190
122689882,컴이지 킹덤 노트북 DDR4-3200 CL22 (16GB),142080,142080,142080,142080,142080,142080,142080,142080,142080
122705973,컴이지 킹덤 노트북 DDR4-3200 CL22 (8GB),72950,72950,72950,72950,72950,72950,72950,72950,72950
99543740,코오롱 시리즈 G.SKILL Ripjaws DDR3 SO DIMM DDR3L RAM 16GB 2x8GB 1600MT s CL9 9 28 ..,189530,189530,189530,189530,189530,189530,189530,189530,189530
2375179,킹스톤 DDR3-1600 (8GB),31000,31000,31000,31000,31000,31000,31000,31000,31000
7013617,킹스톤 DDR4-2666 (4GB),36000,36000,36000,36000,36000,36000,36000,36000,36000
7013641,킹스톤 DDR4-2666 (8GB),85900,85900,85900,85900,85900,85900,85900,85900,85900
101628701,킹스톤 DDR5-5600 CL46 중고 (8GB),201600,201600,201590,204590,204590,201590,201590,201590,201590
96773492,킹스톤 DDR5-5600 CL46 코잇 (16GB),444770,444770,444770,444770,444770,444770,444770,444770,444770
96773477,킹스톤 DDR5-5600 CL46 코잇 (32GB),938720,938720,938720,938720,938720,938720,938720,938720,938720
16761047,킹스톤 FURY DDR5-5200 CL40 Beast (16GB),426000,426000,426000,426000,426000,426000,426000,426000,426000
104751425,킹스톤 FURY DDR5-5600 CL36 Beast 블랙 병행수입 (32GB),836190,836190,836190,836190,836190,836190,836190,836190,836190
96773372,킹스톤 FURY DDR5-5600 CL36 Beast 블랙 코잇 (16GB),443940,443940,443940,443940,443940,443940,443940,443940,443940
100192370,킹스톤 FURY DDR5-5600 CL36 Beast 블랙 코잇 (32GB),1112640,1112640,1112640,1112640,1112640,1112640,1112640,1112640,1112640
96773399,킹스톤 FURY DDR5-5600 CL36 Beast 화이트 코잇 (16GB),443690,443690,443690,443690,443690,443690,443690,443690,443690
100192376,킹스톤 FURY DDR5-5600 CL36 Beast 화이트 코잇 (32GB),932390,932390,932390,932390,932390,932390,932390,932390,932390
106223162,킹스톤 FURY DDR5-5600 CL40 Beast 블랙 병행수입 (16GB),349460,349460,349460,349460,349460,349460,349460,349460,349460
106223180,킹스톤 FURY DDR5-5600 CL46 Beast 블랙 병행수입 (16GB),358170,358170,358170,358170,358170,358170,358170,358170,358170
104595902,킹스톤 FURY DDR5-5600 CL46 병행수입 (32GB),693540,693540,693540,693540,693540,693540,693540,693540,693540
96773279,킹스톤 FURY DDR5-6000 CL30 Beast RGB 블랙 패키지 코잇 (32GB(16Gx2)),999990,999990,999990,999990,999990,999990,999990,999990,999990
96773297,킹스톤 FURY DDR5-6000 CL30 Beast RGB 블랙 패키지 코잇 (64GB(32Gx2)),2010450,2010450,2010450,2010450,2010450,2010450,2010430,2010430,2010420
96773315,킹스톤 FURY DDR5-6000 CL30 Beast RGB 화이트 패키지 코잇 (32GB(16Gx2)),999900,999900,999900,999900,999900,999900,999900,999900,999880
96773312,킹스톤 FURY DDR5-6000 CL30 Beast RGB 화이트 패키지 코잇 (64GB(32Gx2)),1999990,1999990,1999990,1999990,1999990,1999990,1999990,1999990,1999970
103753163,킹스톤 FURY DDR5-6000 CL30 Beast 블랙 코잇 (16GB),492230,492230,492230,492230,492230,492230,492230,492230,492230
103753172,킹스톤 FURY DDR5-6000 CL30 Beast 화이트 코잇 (16GB),494000,494000,494000,494000,494000,494000,494000,494000,494000
3233702,킹스톤 노트북 DDR3-1600 (8GB),50000,50000,50000,50000,50000,50000,50000,50000,50000
123981514,킹패스트 DDR4-3200 (16GB),178190,178190,178190,178190,178190,178190,178190,178190,178190
4546000,타무즈 DDR3-1600 CL11 (4GB),23860,23860,23860,23860,23860,23860,23860,23860,23860
4838666,타무즈 DDR3-1600 CL11 (8GB),38380,38380,38380,38380,38380,38380,38380,38380,38380
4525099,타무즈 DDR4-2133 CL15 (8GB),85550,85550,85550,85550,85550,85550,85550,85550,85550
5093440,타무즈 DDR4-2400 CL17 (8GB),84980,84980,84980,84980,84980,84980,84980,84980,84980
6018770,타무즈 DDR4-2666 CL19 (16GB),157980,157980,157980,157980,157980,157980,157980,157980,157980
6925651,타무즈 DDR4-2666 CL19 (4GB),49570,49570,49570,49570,49570,49570,49570,49570,49570
6018766,타무즈 DDR4-2666 CL19 (8GB),85290,85290,85290,85290,85290,85290,85290,85290,85290
10450266,타무즈 DDR4-3200 CL16 (8GB),88980,88980,88980,88980,88980,88980,88980,88980,88980
13137290,타무즈 DDR4-3200 CL22 (16GB),159290,159290,159290,159290,159290,159290,159290,159290,159290
13137302,타무즈 DDR4-3200 CL22 (32GB),380060,380060,380060,380060,380060,380060,380060,380060,380060
15545345,타무즈 DDR4-3200 CL22 (4GB),50860,50860,50860,50860,50860,50860,50860,50860,50860
13137278,타무즈 DDR4-3200 CL22 (8GB),87740,87740,87740,87740,87740,87740,87740,87740,87740
99128864,타무즈 DDR5-5600 CL40 XMP (16GB),345000,345000,345000,345000,345000,345000,345000,345000,345000
31998278,타무즈 DDR5-5600 CL46 (16GB),329210,329210,329210,329210,329210,329210,329210,329210,329210
31998326,타무즈 DDR5-5600 CL46 (32GB),608210,608210,608210,608210,608210,608210,608210,608210,608210
103415249,타무즈 DDR5-5600 CL46 (8GB),230800,230800,230800,230800,230800,230800,230800,230800,230800
96368429,타무즈 DDR5-5600 CL46 S5 (16GB),329000,329000,329000,329000,329000,329000,329000,329000,329000
4545912,타무즈 노트북 DDR3-1333 CL9 (4GB),10520,10520,10520,10520,10520,10520,10520,10520,10520
4545965,타무즈 노트북 DDR3L-1600 CL11 1.35V (4GB),25930,25930,25930,25930,25930,25930,25930,25930,25930
5215088,타무즈 노트북 DDR3L-1600 CL11 1.35V (8GB),40980,40980,40980,40980,40980,40980,40980,40980,40980
4546081,타무즈 노트북 DDR4-2133 CL15 (8GB),84980,84980,84980,84980,84980,84980,84980,84980,84980
5971453,타무즈 노트북 DDR4-2400 CL17 (8GB),84620,84620,84620,84620,84620,84620,84620,84620,84620
7004512,타무즈 노트북 DDR4-2666 CL19 (16GB),154940,154940,154940,154940,154940,154940,154940,154940,154940
11655968,타무즈 노트북 DDR4-2666 CL19 (4GB),49570,49570,49570,49570,49570,49570,49570,49570,49570
7151392,타무즈 노트북 DDR4-2666 CL19 (8GB),78380,78380,78380,78380,78380,78380,78380,78380,78380
10450275,타무즈 노트북 DDR4-3200 CL16 (8GB),81550,81550,81550,81550,81550,81550,81550,81550,81550
13137365,타무즈 노트북 DDR4-3200 CL22 (16GB),156790,156790,156790,156790,156790,156790,156790,156790,156790
13137374,타무즈 노트북 DDR4-3200 CL22 (32GB),391830,391830,391830,391830,391830,391830,391830,391830,391830
17699207,타무즈 노트북 DDR4-3200 CL22 (4GB),50640,50640,50640,50640,50640,50640,50640,50640,50640
13137344,타무즈 노트북 DDR4-3200 CL22 (8GB),80420,80420,80420,80420,80420,80420,80420,80420,80420
43488509,타무즈 노트북 DDR5-5600 CL46 (16GB),358260,358260,358260,358260,358260,358260,358260,358260,358260
43488485,타무즈 노트북 DDR5-5600 CL46 (32GB),689650,689650,689650,689650,689650,689650,689650,689650,689650
12076652,트랜센드 DDR4-3200 CL22 (16GB),189340,189340,189340,189340,189340,189340,189340,189340,189340
12504902,트랜센드 DDR4-3200 CL22 (32GB),420000,420000,420000,420000,420000,420000,420000,420000,420000
12076634,트랜센드 DDR4-3200 CL22 (8GB),91320,91320,91320,91320,91320,91320,91320,91320,91320
122627688,트랜센드 DDR5-5600 CL46 ECC/REG (16GB),1025110,1025110,1025110,1025110,1025110,1025110,1025110,1025110,1025110
28469759,트랜센드 DDR5-5600 CL46 Jetram (16GB),331610,331610,331610,331610,331610,331610,331610,331610,331610
104374586,트랜센드 DDR5-5600 CL46 Jetram (8GB),191040,191040,191040,191040,191040,191040,191030,191030,191020
74421911,트랜센드 DDR5-6400 CL52 CUDIMM (16GB),384540,384540,384540,384540,384540,384540,384540,384540,384540
93564836,트랜센드 DDR5-6400 CL52 CUDIMM (32GB),852090,852090,852090,852090,852090,852090,852090,852090,852090
124238355,트랜센드 DDR5-6400 CL52 CUDIMM (64GB),,,,,,,,,
2264343,트랜센드 노트북 DDR3-1600 (2GB),53550,53550,53550,53550,53550,53550,53550,53550,53550
12076664,트랜센드 노트북 DDR4-3200 CL22 (16GB),151500,151500,151500,151500,151500,151500,151500,151500,151500
74056385,트랜센드 노트북 DDR5-5600 CL46 (16GB),400000,400000,400000,400000,400000,400000,400000,400000,400000
74056361,트랜센드 노트북 DDR5-5600 CL46 (32GB),690000,690000,690000,690000,690000,690000,690000,690000,690000
95523926,트랜센드 노트북 DDR5-6400 CL52 CSODIMM (16GB),400000,400000,400000,400000,400000,400000,400000,400000,400000
124238400,트랜센드 노트북 DDR5-6400 CL52 CSODIMM (64GB),,,,,,,,,
